ISO-10303-21;
HEADER;
FILE_DESCRIPTION(('Open CASCADE Model'),'2;1');
FILE_NAME('Open CASCADE Shape Model','2026-09-15T11:19:40',('Author'),(
    'Open CASCADE'),'Open CASCADE STEP processor 7.9','Open CASCADE 7.9'
  ,'Unknown');
FILE_SCHEMA(('AUTOMOTIVE_DESIGN { 1 0 10303 214 1 1 1 1 }'));
ENDSEC;
DATA;
#1 = APPLICATION_PROTOCOL_DEFINITION('international standard',
  'automotive_design',2000,#2);
#2 = APPLICATION_CONTEXT(
  'core data for automotive mechanical design processes');
#3 = SHAPE_DEFINITION_REPRESENTATION(#4,#10);
#4 = PRODUCT_DEFINITION_SHAPE('','',#5);
#5 = PRODUCT_DEFINITION('design','',#6,#9);
#6 = PRODUCT_DEFINITION_FORMATION('','',#7);
#7 = PRODUCT('Open CASCADE STEP translator 7.9 6',
  'Open CASCADE STEP translator 7.9 6','',(#8));
#8 = PRODUCT_CONTEXT('',#2,'mechanical');
#9 = PRODUCT_DEFINITION_CONTEXT('part definition',#2,'design');
#10 = ADVANCED_BREP_SHAPE_REPRESENTATION('',(#11,#15),#13141);
#11 = AXIS2_PLACEMENT_3D('',#12,#13,#14);
#12 = CARTESIAN_POINT('',(0.,0.,0.));
#13 = DIRECTION('',(0.,0.,1.));
#14 = DIRECTION('',(1.,0.,-0.));
#15 = MANIFOLD_SOLID_BREP('',#16);
#16 = CLOSED_SHELL('',(#17,#78,#133,#188,#243,#298,#353,#408,#463,#518,
    #573,#628,#683,#738,#793,#848,#903,#958,#1013,#1068,#1123,#1178,
    #1233,#1288,#1343,#1398,#1453,#1508,#1563,#1618,#1673,#1728,#1783,
    #1838,#1893,#1948,#2003,#2058,#2113,#2168,#2223,#2278,#2333,#2388,
    #2443,#2498,#2553,#2608,#2663,#2718,#2773,#2828,#2883,#2938,#2993,
    #3048,#3103,#3158,#3213,#3268,#3323,#3378,#3433,#3488,#3543,#3598,
    #3653,#3708,#3763,#3818,#3873,#3928,#3983,#4038,#4093,#4148,#4203,
    #4258,#4313,#4368,#4423,#4478,#4533,#4588,#4643,#4698,#4753,#4808,
    #4863,#4918,#4973,#5028,#5083,#5138,#5193,#5248,#5303,#5358,#5413,
    #5468,#5523,#5578,#5633,#5688,#5743,#5798,#5853,#5908,#5963,#6018,
    #6073,#6128,#6183,#6238,#6293,#6348,#6403,#6458,#6513,#6568,#6623,
    #6678,#6733,#6788,#6843,#6898,#6953,#7008,#7063,#7118,#7173,#7228,
    #7283,#7338,#7393,#7448,#7503,#7558,#7613,#7668,#7723,#7778,#7833,
    #7888,#7943,#7998,#8053,#8108,#8163,#8218,#8273,#8328,#8383,#8438,
    #8493,#8548,#8603,#8658,#8713,#8768,#8823,#8878,#8933,#8988,#9043,
    #9098,#9153,#9208,#9263,#9318,#9373,#9428,#9483,#9538,#9593,#9648,
    #9703,#9758,#9813,#9868,#9923,#9978,#10033,#10088,#10143,#10198,
    #10253,#10308,#10363,#10418,#10473,#10528,#10583,#10638,#10693,
    #10748,#10803,#10858,#10913,#10968,#11023,#11078,#11133,#11188,
    #11243,#11298,#11353,#11408,#11463,#11518,#11573,#11628,#11683,
    #11738,#11793,#11848,#11903,#11958,#12013,#12068,#12123,#12178,
    #12233,#12288,#12343,#12398,#12453,#12508,#12563,#12618,#12673,
    #12728,#12783,#12838,#12893,#12948,#13003,#13058,#13113));
#17 = ADVANCED_FACE('',(#18),#32,.T.);
#18 = FACE_BOUND('',#19,.F.);
#19 = EDGE_LOOP('',(#20,#50,#77));
#20 = ORIENTED_EDGE('',*,*,#21,.T.);
#21 = EDGE_CURVE('',#22,#24,#26,.T.);
#22 = VERTEX_POINT('',#23);
#23 = CARTESIAN_POINT('',(79.504237535181,0.,0.));
#24 = VERTEX_POINT('',#25);
#25 = CARTESIAN_POINT('',(79.504204161609,0.199410029583,0.));
#26 = SEAM_CURVE('',#27,(#31,#43),.PCURVE_S1.);
#27 = LINE('',#28,#29);
#28 = CARTESIAN_POINT('',(79.504237535181,0.,0.));
#29 = VECTOR('',#30,1.);
#30 = DIRECTION('',(-1.67361550237E-04,0.999999985995,0.));
#31 = PCURVE('',#32,#37);
#32 = CONICAL_SURFACE('',#33,0.,1.570628965244);
#33 = AXIS2_PLACEMENT_3D('',#34,#35,#36);
#34 = CARTESIAN_POINT('',(79.504237535181,0.,0.));
#35 = DIRECTION('',(-1.,-0.,-0.));
#36 = DIRECTION('',(-0.,1.,0.));
#37 = DEFINITIONAL_REPRESENTATION('',(#38),#42);
#38 = LINE('',#39,#40);
#39 = CARTESIAN_POINT('',(-0.,0.));
#40 = VECTOR('',#41,1.);
#41 = DIRECTION('',(-0.,1.));
#42 = ( GEOMETRIC_REPRESENTATION_CONTEXT(2) 
PARAMETRIC_REPRESENTATION_CONTEXT() REPRESENTATION_CONTEXT('2D SPACE',''
  ) );
#43 = PCURVE('',#32,#44);
#44 = DEFINITIONAL_REPRESENTATION('',(#45),#49);
#45 = LINE('',#46,#47);
#46 = CARTESIAN_POINT('',(-6.28318530718,0.));
#47 = VECTOR('',#48,1.);
#48 = DIRECTION('',(-0.,1.));
#49 = ( GEOMETRIC_REPRESENTATION_CONTEXT(2) 
PARAMETRIC_REPRESENTATION_CONTEXT() REPRESENTATION_CONTEXT('2D SPACE',''
  ) );
#50 = ORIENTED_EDGE('',*,*,#51,.F.);
#51 = EDGE_CURVE('',#24,#24,#52,.T.);
#52 = SURFACE_CURVE('',#53,(#58,#65),.PCURVE_S1.);
#53 = CIRCLE('',#54,0.199410029583);
#54 = AXIS2_PLACEMENT_3D('',#55,#56,#57);
#55 = CARTESIAN_POINT('',(79.504204161609,0.,0.));
#56 = DIRECTION('',(1.,0.,0.));
#57 = DIRECTION('',(-0.,1.,0.));
#58 = PCURVE('',#32,#59);
#59 = DEFINITIONAL_REPRESENTATION('',(#60),#64);
#60 = LINE('',#61,#62);
#61 = CARTESIAN_POINT('',(-0.,3.337357215117E-05));
#62 = VECTOR('',#63,1.);
#63 = DIRECTION('',(-1.,0.));
#64 = ( GEOMETRIC_REPRESENTATION_CONTEXT(2) 
PARAMETRIC_REPRESENTATION_CONTEXT() REPRESENTATION_CONTEXT('2D SPACE',''
  ) );
#65 = PCURVE('',#66,#71);
#66 = CONICAL_SURFACE('',#67,0.199410029583,1.570294255974);
#67 = AXIS2_PLACEMENT_3D('',#68,#69,#70);
#68 = CARTESIAN_POINT('',(79.504204161609,0.,0.));
#69 = DIRECTION('',(-1.,-0.,-0.));
#70 = DIRECTION('',(0.,1.,0.));
#71 = DEFINITIONAL_REPRESENTATION('',(#72),#76);
#72 = LINE('',#73,#74);
#73 = CARTESIAN_POINT('',(-0.,0.));
#74 = VECTOR('',#75,1.);
#75 = DIRECTION('',(-1.,0.));
#76 = ( GEOMETRIC_REPRESENTATION_CONTEXT(2) 
PARAMETRIC_REPRESENTATION_CONTEXT() REPRESENTATION_CONTEXT('2D SPACE',''
  ) );
#77 = ORIENTED_EDGE('',*,*,#21,.F.);
#78 = ADVANCED_FACE('',(#79),#66,.T.);
#79 = FACE_BOUND('',#80,.F.);
#80 = EDGE_LOOP('',(#81,#82,#105,#132));
#81 = ORIENTED_EDGE('',*,*,#51,.T.);
#82 = ORIENTED_EDGE('',*,*,#83,.T.);
#83 = EDGE_CURVE('',#24,#84,#86,.T.);
#84 = VERTEX_POINT('',#85);
#85 = CARTESIAN_POINT('',(79.504104043643,0.398820059165,0.));
#86 = SEAM_CURVE('',#87,(#91,#98),.PCURVE_S1.);
#87 = LINE('',#88,#89);
#88 = CARTESIAN_POINT('',(79.504204161609,0.199410029583,0.));
#89 = VECTOR('',#90,1.);
#90 = DIRECTION('',(-5.020708002226E-04,0.999999873962,0.));
#91 = PCURVE('',#66,#92);
#92 = DEFINITIONAL_REPRESENTATION('',(#93),#97);
#93 = LINE('',#94,#95);
#94 = CARTESIAN_POINT('',(-0.,0.));
#95 = VECTOR('',#96,1.);
#96 = DIRECTION('',(-0.,1.));
#97 = ( GEOMETRIC_REPRESENTATION_CONTEXT(2) 
PARAMETRIC_REPRESENTATION_CONTEXT() REPRESENTATION_CONTEXT('2D SPACE',''
  ) );
#98 = PCURVE('',#66,#99);
#99 = DEFINITIONAL_REPRESENTATION('',(#100),#104);
#100 = LINE('',#101,#102);
#101 = CARTESIAN_POINT('',(-6.28318530718,0.));
#102 = VECTOR('',#103,1.);
#103 = DIRECTION('',(-0.,1.));
#104 = ( GEOMETRIC_REPRESENTATION_CONTEXT(2) 
PARAMETRIC_REPRESENTATION_CONTEXT() REPRESENTATION_CONTEXT('2D SPACE',''
  ) );
#105 = ORIENTED_EDGE('',*,*,#106,.F.);
#106 = EDGE_CURVE('',#84,#84,#107,.T.);
#107 = SURFACE_CURVE('',#108,(#113,#120),.PCURVE_S1.);
#108 = CIRCLE('',#109,0.398820059165);
#109 = AXIS2_PLACEMENT_3D('',#110,#111,#112);
#110 = CARTESIAN_POINT('',(79.504104043643,0.,0.));
#111 = DIRECTION('',(1.,0.,0.));
#112 = DIRECTION('',(-0.,1.,0.));
#113 = PCURVE('',#66,#114);
#114 = DEFINITIONAL_REPRESENTATION('',(#115),#119);
#115 = LINE('',#116,#117);
#116 = CARTESIAN_POINT('',(-0.,1.001179657436E-04));
#117 = VECTOR('',#118,1.);
#118 = DIRECTION('',(-1.,0.));
#119 = ( GEOMETRIC_REPRESENTATION_CONTEXT(2) 
PARAMETRIC_REPRESENTATION_CONTEXT() REPRESENTATION_CONTEXT('2D SPACE',''
  ) );
#120 = PCURVE('',#121,#126);
#121 = CONICAL_SURFACE('',#122,0.398820059165,1.569959588196);
#122 = AXIS2_PLACEMENT_3D('',#123,#124,#125);
#123 = CARTESIAN_POINT('',(79.504104043643,0.,0.));
#124 = DIRECTION('',(-1.,-0.,-0.));
#125 = DIRECTION('',(0.,1.,0.));
#126 = DEFINITIONAL_REPRESENTATION('',(#127),#131);
#127 = LINE('',#128,#129);
#128 = CARTESIAN_POINT('',(-0.,0.));
#129 = VECTOR('',#130,1.);
#130 = DIRECTION('',(-1.,0.));
#131 = ( GEOMETRIC_REPRESENTATION_CONTEXT(2) 
PARAMETRIC_REPRESENTATION_CONTEXT() REPRESENTATION_CONTEXT('2D SPACE',''
  ) );
#132 = ORIENTED_EDGE('',*,*,#83,.F.);
#133 = ADVANCED_FACE('',(#134),#121,.T.);
#134 = FACE_BOUND('',#135,.F.);
#135 = EDGE_LOOP('',(#136,#137,#160,#187));
#136 = ORIENTED_EDGE('',*,*,#106,.T.);
#137 = ORIENTED_EDGE('',*,*,#138,.T.);
#138 = EDGE_CURVE('',#84,#139,#141,.T.);
#139 = VERTEX_POINT('',#140);
#140 = CARTESIAN_POINT('',(79.503937189535,0.598230088748,0.));
#141 = SEAM_CURVE('',#142,(#146,#153),.PCURVE_S1.);
#142 = LINE('',#143,#144);
#143 = CARTESIAN_POINT('',(79.504104043643,0.398820059165,0.));
#144 = VECTOR('',#145,1.);
#145 = DIRECTION('',(-8.367385012833E-04,0.999999649934,0.));
#146 = PCURVE('',#121,#147);
#147 = DEFINITIONAL_REPRESENTATION('',(#148),#152);
#148 = LINE('',#149,#150);
#149 = CARTESIAN_POINT('',(-0.,0.));
#150 = VECTOR('',#151,1.);
#151 = DIRECTION('',(-0.,1.));
#152 = ( GEOMETRIC_REPRESENTATION_CONTEXT(2) 
PARAMETRIC_REPRESENTATION_CONTEXT() REPRESENTATION_CONTEXT('2D SPACE',''
  ) );
#153 = PCURVE('',#121,#154);
#154 = DEFINITIONAL_REPRESENTATION('',(#155),#159);
#155 = LINE('',#156,#157);
#156 = CARTESIAN_POINT('',(-6.28318530718,0.));
#157 = VECTOR('',#158,1.);
#158 = DIRECTION('',(-0.,1.));
#159 = ( GEOMETRIC_REPRESENTATION_CONTEXT(2) 
PARAMETRIC_REPRESENTATION_CONTEXT() REPRESENTATION_CONTEXT('2D SPACE',''
  ) );
#160 = ORIENTED_EDGE('',*,*,#161,.F.);
#161 = EDGE_CURVE('',#139,#139,#162,.T.);
#162 = SURFACE_CURVE('',#163,(#168,#175),.PCURVE_S1.);
#163 = CIRCLE('',#164,0.598230088748);
#164 = AXIS2_PLACEMENT_3D('',#165,#166,#167);
#165 = CARTESIAN_POINT('',(79.503937189535,0.,0.));
#166 = DIRECTION('',(1.,0.,0.));
#167 = DIRECTION('',(-0.,1.,0.));
#168 = PCURVE('',#121,#169);
#169 = DEFINITIONAL_REPRESENTATION('',(#170),#174);
#170 = LINE('',#171,#172);
#171 = CARTESIAN_POINT('',(-0.,1.668541077038E-04));
#172 = VECTOR('',#173,1.);
#173 = DIRECTION('',(-1.,0.));
#174 = ( GEOMETRIC_REPRESENTATION_CONTEXT(2) 
PARAMETRIC_REPRESENTATION_CONTEXT() REPRESENTATION_CONTEXT('2D SPACE',''
  ) );
#175 = PCURVE('',#176,#181);
#176 = CONICAL_SURFACE('',#177,0.598230088748,1.569624989567);
#177 = AXIS2_PLACEMENT_3D('',#178,#179,#180);
#178 = CARTESIAN_POINT('',(79.503937189535,0.,0.));
#179 = DIRECTION('',(-1.,-0.,-0.));
#180 = DIRECTION('',(0.,1.,0.));
#181 = DEFINITIONAL_REPRESENTATION('',(#182),#186);
#182 = LINE('',#183,#184);
#183 = CARTESIAN_POINT('',(-0.,0.));
#184 = VECTOR('',#185,1.);
#185 = DIRECTION('',(-1.,0.));
#186 = ( GEOMETRIC_REPRESENTATION_CONTEXT(2) 
PARAMETRIC_REPRESENTATION_CONTEXT() REPRESENTATION_CONTEXT('2D SPACE',''
  ) );
#187 = ORIENTED_EDGE('',*,*,#138,.F.);
#188 = ADVANCED_FACE('',(#189),#176,.T.);
#189 = FACE_BOUND('',#190,.F.);
#190 = EDGE_LOOP('',(#191,#192,#215,#242));
#191 = ORIENTED_EDGE('',*,*,#161,.T.);
#192 = ORIENTED_EDGE('',*,*,#193,.T.);
#193 = EDGE_CURVE('',#139,#194,#196,.T.);
#194 = VERTEX_POINT('',#195);
#195 = CARTESIAN_POINT('',(79.503703613037,0.797640118331,0.));
#196 = SEAM_CURVE('',#197,(#201,#208),.PCURVE_S1.);
#197 = LINE('',#198,#199);
#198 = CARTESIAN_POINT('',(79.503937189535,0.598230088748,0.));
#199 = VECTOR('',#200,1.);
#200 = DIRECTION('',(-1.171336960396E-03,0.999999313985,0.));
#201 = PCURVE('',#176,#202);
#202 = DEFINITIONAL_REPRESENTATION('',(#203),#207);
#203 = LINE('',#204,#205);
#204 = CARTESIAN_POINT('',(-0.,0.));
#205 = VECTOR('',#206,1.);
#206 = DIRECTION('',(-0.,1.));
#207 = ( GEOMETRIC_REPRESENTATION_CONTEXT(2) 
PARAMETRIC_REPRESENTATION_CONTEXT() REPRESENTATION_CONTEXT('2D SPACE',''
  ) );
#208 = PCURVE('',#176,#209);
#209 = DEFINITIONAL_REPRESENTATION('',(#210),#214);
#210 = LINE('',#211,#212);
#211 = CARTESIAN_POINT('',(-6.28318530718,0.));
#212 = VECTOR('',#213,1.);
#213 = DIRECTION('',(-0.,1.));
#214 = ( GEOMETRIC_REPRESENTATION_CONTEXT(2) 
PARAMETRIC_REPRESENTATION_CONTEXT() REPRESENTATION_CONTEXT('2D SPACE',''
  ) );
#215 = ORIENTED_EDGE('',*,*,#216,.F.);
#216 = EDGE_CURVE('',#194,#194,#217,.T.);
#217 = SURFACE_CURVE('',#218,(#223,#230),.PCURVE_S1.);
#218 = CIRCLE('',#219,0.797640118331);
#219 = AXIS2_PLACEMENT_3D('',#220,#221,#222);
#220 = CARTESIAN_POINT('',(79.503703613037,0.,0.));
#221 = DIRECTION('',(1.,0.,0.));
#222 = DIRECTION('',(-0.,1.,0.));
#223 = PCURVE('',#176,#224);
#224 = DEFINITIONAL_REPRESENTATION('',(#225),#229);
#225 = LINE('',#226,#227);
#226 = CARTESIAN_POINT('',(-0.,2.335764981609E-04));
#227 = VECTOR('',#228,1.);
#228 = DIRECTION('',(-1.,0.));
#229 = ( GEOMETRIC_REPRESENTATION_CONTEXT(2) 
PARAMETRIC_REPRESENTATION_CONTEXT() REPRESENTATION_CONTEXT('2D SPACE',''
  ) );
#230 = PCURVE('',#231,#236);
#231 = CONICAL_SURFACE('',#232,0.797640118331,1.569290487731);
#232 = AXIS2_PLACEMENT_3D('',#233,#234,#235);
#233 = CARTESIAN_POINT('',(79.503703613037,0.,0.));
#234 = DIRECTION('',(-1.,-0.,-0.));
#235 = DIRECTION('',(0.,1.,0.));
#236 = DEFINITIONAL_REPRESENTATION('',(#237),#241);
#237 = LINE('',#238,#239);
#238 = CARTESIAN_POINT('',(-0.,0.));
#239 = VECTOR('',#240,1.);
#240 = DIRECTION('',(-1.,0.));
#241 = ( GEOMETRIC_REPRESENTATION_CONTEXT(2) 
PARAMETRIC_REPRESENTATION_CONTEXT() REPRESENTATION_CONTEXT('2D SPACE',''
  ) );
#242 = ORIENTED_EDGE('',*,*,#193,.F.);
#243 = ADVANCED_FACE('',(#244),#231,.T.);
#244 = FACE_BOUND('',#245,.F.);
#245 = EDGE_LOOP('',(#246,#247,#270,#297));
#246 = ORIENTED_EDGE('',*,*,#216,.T.);
#247 = ORIENTED_EDGE('',*,*,#248,.T.);
#248 = EDGE_CURVE('',#194,#249,#251,.T.);
#249 = VERTEX_POINT('',#250);
#250 = CARTESIAN_POINT('',(79.503403333398,0.997050147913,0.));
#251 = SEAM_CURVE('',#252,(#256,#263),.PCURVE_S1.);
#252 = LINE('',#253,#254);
#253 = CARTESIAN_POINT('',(79.503703613037,0.797640118331,0.));
#254 = VECTOR('',#255,1.);
#255 = DIRECTION('',(-1.505838494675E-03,0.999998866225,0.));
#256 = PCURVE('',#231,#257);
#257 = DEFINITIONAL_REPRESENTATION('',(#258),#262);
#258 = LINE('',#259,#260);
#259 = CARTESIAN_POINT('',(-0.,0.));
#260 = VECTOR('',#261,1.);
#261 = DIRECTION('',(-0.,1.));
#262 = ( GEOMETRIC_REPRESENTATION_CONTEXT(2) 
PARAMETRIC_REPRESENTATION_CONTEXT() REPRESENTATION_CONTEXT('2D SPACE',''
  ) );
#263 = PCURVE('',#231,#264);
#264 = DEFINITIONAL_REPRESENTATION('',(#265),#269);
#265 = LINE('',#266,#267);
#266 = CARTESIAN_POINT('',(-6.28318530718,0.));
#267 = VECTOR('',#268,1.);
#268 = DIRECTION('',(-0.,1.));
#269 = ( GEOMETRIC_REPRESENTATION_CONTEXT(2) 
PARAMETRIC_REPRESENTATION_CONTEXT() REPRESENTATION_CONTEXT('2D SPACE',''
  ) );
#270 = ORIENTED_EDGE('',*,*,#271,.F.);
#271 = EDGE_CURVE('',#249,#249,#272,.T.);
#272 = SURFACE_CURVE('',#273,(#278,#285),.PCURVE_S1.);
#273 = CIRCLE('',#274,0.997050147913);
#274 = AXIS2_PLACEMENT_3D('',#275,#276,#277);
#275 = CARTESIAN_POINT('',(79.503403333398,0.,0.));
#276 = DIRECTION('',(1.,0.,0.));
#277 = DIRECTION('',(-0.,1.,0.));
#278 = PCURVE('',#231,#279);
#279 = DEFINITIONAL_REPRESENTATION('',(#280),#284);
#280 = LINE('',#281,#282);
#281 = CARTESIAN_POINT('',(-0.,3.002796392195E-04));
#282 = VECTOR('',#283,1.);
#283 = DIRECTION('',(-1.,0.));
#284 = ( GEOMETRIC_REPRESENTATION_CONTEXT(2) 
PARAMETRIC_REPRESENTATION_CONTEXT() REPRESENTATION_CONTEXT('2D SPACE',''
  ) );
#285 = PCURVE('',#286,#291);
#286 = CONICAL_SURFACE('',#287,0.997050147913,1.568956110322);
#287 = AXIS2_PLACEMENT_3D('',#288,#289,#290);
#288 = CARTESIAN_POINT('',(79.503403333398,0.,0.));
#289 = DIRECTION('',(-1.,-0.,-0.));
#290 = DIRECTION('',(0.,1.,0.));
#291 = DEFINITIONAL_REPRESENTATION('',(#292),#296);
#292 = LINE('',#293,#294);
#293 = CARTESIAN_POINT('',(-0.,0.));
#294 = VECTOR('',#295,1.);
#295 = DIRECTION('',(-1.,0.));
#296 = ( GEOMETRIC_REPRESENTATION_CONTEXT(2) 
PARAMETRIC_REPRESENTATION_CONTEXT() REPRESENTATION_CONTEXT('2D SPACE',''
  ) );
#297 = ORIENTED_EDGE('',*,*,#248,.F.);
#298 = ADVANCED_FACE('',(#299),#286,.T.);
#299 = FACE_BOUND('',#300,.F.);
#300 = EDGE_LOOP('',(#301,#302,#325,#352));
#301 = ORIENTED_EDGE('',*,*,#271,.T.);
#302 = ORIENTED_EDGE('',*,*,#303,.T.);
#303 = EDGE_CURVE('',#249,#304,#306,.T.);
#304 = VERTEX_POINT('',#305);
#305 = CARTESIAN_POINT('',(79.503036375363,1.196460177496,0.));
#306 = SEAM_CURVE('',#307,(#311,#318),.PCURVE_S1.);
#307 = LINE('',#308,#309);
#308 = CARTESIAN_POINT('',(79.503403333398,0.997050147913,0.));
#309 = VECTOR('',#310,1.);
#310 = DIRECTION('',(-1.84021543403E-03,0.999998306802,0.));
#311 = PCURVE('',#286,#312);
#312 = DEFINITIONAL_REPRESENTATION('',(#313),#317);
#313 = LINE('',#314,#315);
#314 = CARTESIAN_POINT('',(-0.,0.));
#315 = VECTOR('',#316,1.);
#316 = DIRECTION('',(-0.,1.));
#317 = ( GEOMETRIC_REPRESENTATION_CONTEXT(2) 
PARAMETRIC_REPRESENTATION_CONTEXT() REPRESENTATION_CONTEXT('2D SPACE',''
  ) );
#318 = PCURVE('',#286,#319);
#319 = DEFINITIONAL_REPRESENTATION('',(#320),#324);
#320 = LINE('',#321,#322);
#321 = CARTESIAN_POINT('',(-6.28318530718,0.));
#322 = VECTOR('',#323,1.);
#323 = DIRECTION('',(-0.,1.));
#324 = ( GEOMETRIC_REPRESENTATION_CONTEXT(2) 
PARAMETRIC_REPRESENTATION_CONTEXT() REPRESENTATION_CONTEXT('2D SPACE',''
  ) );
#325 = ORIENTED_EDGE('',*,*,#326,.F.);
#326 = EDGE_CURVE('',#304,#304,#327,.T.);
#327 = SURFACE_CURVE('',#328,(#333,#340),.PCURVE_S1.);
#328 = CIRCLE('',#329,1.196460177496);
#329 = AXIS2_PLACEMENT_3D('',#330,#331,#332);
#330 = CARTESIAN_POINT('',(79.503036375363,0.,0.));
#331 = DIRECTION('',(1.,0.,0.));
#332 = DIRECTION('',(-0.,1.,0.));
#333 = PCURVE('',#286,#334);
#334 = DEFINITIONAL_REPRESENTATION('',(#335),#339);
#335 = LINE('',#336,#337);
#336 = CARTESIAN_POINT('',(-0.,3.669580354711E-04));
#337 = VECTOR('',#338,1.);
#338 = DIRECTION('',(-1.,0.));
#339 = ( GEOMETRIC_REPRESENTATION_CONTEXT(2) 
PARAMETRIC_REPRESENTATION_CONTEXT() REPRESENTATION_CONTEXT('2D SPACE',''
  ) );
#340 = PCURVE('',#341,#346);
#341 = CONICAL_SURFACE('',#342,1.196460177496,1.568621884955);
#342 = AXIS2_PLACEMENT_3D('',#343,#344,#345);
#343 = CARTESIAN_POINT('',(79.503036375363,0.,0.));
#344 = DIRECTION('',(-1.,-0.,-0.));
#345 = DIRECTION('',(0.,1.,0.));
#346 = DEFINITIONAL_REPRESENTATION('',(#347),#351);
#347 = LINE('',#348,#349);
#348 = CARTESIAN_POINT('',(-0.,0.));
#349 = VECTOR('',#350,1.);
#350 = DIRECTION('',(-1.,0.));
#351 = ( GEOMETRIC_REPRESENTATION_CONTEXT(2) 
PARAMETRIC_REPRESENTATION_CONTEXT() REPRESENTATION_CONTEXT('2D SPACE',''
  ) );
#352 = ORIENTED_EDGE('',*,*,#303,.F.);
#353 = ADVANCED_FACE('',(#354),#341,.T.);
#354 = FACE_BOUND('',#355,.F.);
#355 = EDGE_LOOP('',(#356,#357,#380,#407));
#356 = ORIENTED_EDGE('',*,*,#326,.T.);
#357 = ORIENTED_EDGE('',*,*,#358,.T.);
#358 = EDGE_CURVE('',#304,#359,#361,.T.);
#359 = VERTEX_POINT('',#360);
#360 = CARTESIAN_POINT('',(79.502602769168,1.395870207079,0.));
#361 = SEAM_CURVE('',#362,(#366,#373),.PCURVE_S1.);
#362 = LINE('',#363,#364);
#363 = CARTESIAN_POINT('',(79.503036375363,1.196460177496,0.));
#364 = VECTOR('',#365,1.);
#365 = DIRECTION('',(-2.174440126819E-03,0.999997635902,0.));
#366 = PCURVE('',#341,#367);
#367 = DEFINITIONAL_REPRESENTATION('',(#368),#372);
#368 = LINE('',#369,#370);
#369 = CARTESIAN_POINT('',(-0.,0.));
#370 = VECTOR('',#371,1.);
#371 = DIRECTION('',(-0.,1.));
#372 = ( GEOMETRIC_REPRESENTATION_CONTEXT(2) 
PARAMETRIC_REPRESENTATION_CONTEXT() REPRESENTATION_CONTEXT('2D SPACE',''
  ) );
#373 = PCURVE('',#341,#374);
#374 = DEFINITIONAL_REPRESENTATION('',(#375),#379);
#375 = LINE('',#376,#377);
#376 = CARTESIAN_POINT('',(-6.28318530718,0.));
#377 = VECTOR('',#378,1.);
#378 = DIRECTION('',(-0.,1.));
#379 = ( GEOMETRIC_REPRESENTATION_CONTEXT(2) 
PARAMETRIC_REPRESENTATION_CONTEXT() REPRESENTATION_CONTEXT('2D SPACE',''
  ) );
#380 = ORIENTED_EDGE('',*,*,#381,.F.);
#381 = EDGE_CURVE('',#359,#359,#382,.T.);
#382 = SURFACE_CURVE('',#383,(#388,#395),.PCURVE_S1.);
#383 = CIRCLE('',#384,1.395870207079);
#384 = AXIS2_PLACEMENT_3D('',#385,#386,#387);
#385 = CARTESIAN_POINT('',(79.502602769168,0.,0.));
#386 = DIRECTION('',(1.,0.,0.));
#387 = DIRECTION('',(-0.,1.,0.));
#388 = PCURVE('',#341,#389);
#389 = DEFINITIONAL_REPRESENTATION('',(#390),#394);
#390 = LINE('',#391,#392);
#391 = CARTESIAN_POINT('',(-0.,4.336061951022E-04));
#392 = VECTOR('',#393,1.);
#393 = DIRECTION('',(-1.,0.));
#394 = ( GEOMETRIC_REPRESENTATION_CONTEXT(2) 
PARAMETRIC_REPRESENTATION_CONTEXT() REPRESENTATION_CONTEXT('2D SPACE',''
  ) );
#395 = PCURVE('',#396,#401);
#396 = CONICAL_SURFACE('',#397,1.395870207079,1.568287839222);
#397 = AXIS2_PLACEMENT_3D('',#398,#399,#400);
#398 = CARTESIAN_POINT('',(79.502602769168,0.,0.));
#399 = DIRECTION('',(-1.,-0.,-0.));
#400 = DIRECTION('',(0.,1.,0.));
#401 = DEFINITIONAL_REPRESENTATION('',(#402),#406);
#402 = LINE('',#403,#404);
#403 = CARTESIAN_POINT('',(-0.,0.));
#404 = VECTOR('',#405,1.);
#405 = DIRECTION('',(-1.,0.));
#406 = ( GEOMETRIC_REPRESENTATION_CONTEXT(2) 
PARAMETRIC_REPRESENTATION_CONTEXT() REPRESENTATION_CONTEXT('2D SPACE',''
  ) );
#407 = ORIENTED_EDGE('',*,*,#358,.F.);
#408 = ADVANCED_FACE('',(#409),#396,.T.);
#409 = FACE_BOUND('',#410,.F.);
#410 = EDGE_LOOP('',(#411,#412,#435,#462));
#411 = ORIENTED_EDGE('',*,*,#381,.T.);
#412 = ORIENTED_EDGE('',*,*,#413,.T.);
#413 = EDGE_CURVE('',#359,#414,#416,.T.);
#414 = VERTEX_POINT('',#415);
#415 = CARTESIAN_POINT('',(79.502102550537,1.595280236662,0.));
#416 = SEAM_CURVE('',#417,(#421,#428),.PCURVE_S1.);
#417 = LINE('',#418,#419);
#418 = CARTESIAN_POINT('',(79.502602769168,1.395870207079,0.));
#419 = VECTOR('',#420,1.);
#420 = DIRECTION('',(-2.508484942004E-03,0.999996853747,0.));
#421 = PCURVE('',#396,#422);
#422 = DEFINITIONAL_REPRESENTATION('',(#423),#427);
#423 = LINE('',#424,#425);
#424 = CARTESIAN_POINT('',(-0.,0.));
#425 = VECTOR('',#426,1.);
#426 = DIRECTION('',(-0.,1.));
#427 = ( GEOMETRIC_REPRESENTATION_CONTEXT(2) 
PARAMETRIC_REPRESENTATION_CONTEXT() REPRESENTATION_CONTEXT('2D SPACE',''
  ) );
#428 = PCURVE('',#396,#429);
#429 = DEFINITIONAL_REPRESENTATION('',(#430),#434);
#430 = LINE('',#431,#432);
#431 = CARTESIAN_POINT('',(-6.28318530718,0.));
#432 = VECTOR('',#433,1.);
#433 = DIRECTION('',(-0.,1.));
#434 = ( GEOMETRIC_REPRESENTATION_CONTEXT(2) 
PARAMETRIC_REPRESENTATION_CONTEXT() REPRESENTATION_CONTEXT('2D SPACE',''
  ) );
#435 = ORIENTED_EDGE('',*,*,#436,.F.);
#436 = EDGE_CURVE('',#414,#414,#437,.T.);
#437 = SURFACE_CURVE('',#438,(#443,#450),.PCURVE_S1.);
#438 = CIRCLE('',#439,1.595280236662);
#439 = AXIS2_PLACEMENT_3D('',#440,#441,#442);
#440 = CARTESIAN_POINT('',(79.502102550537,0.,0.));
#441 = DIRECTION('',(1.,0.,0.));
#442 = DIRECTION('',(-0.,1.,0.));
#443 = PCURVE('',#396,#444);
#444 = DEFINITIONAL_REPRESENTATION('',(#445),#449);
#445 = LINE('',#446,#447);
#446 = CARTESIAN_POINT('',(-0.,5.002186303074E-04));
#447 = VECTOR('',#448,1.);
#448 = DIRECTION('',(-1.,0.));
#449 = ( GEOMETRIC_REPRESENTATION_CONTEXT(2) 
PARAMETRIC_REPRESENTATION_CONTEXT() REPRESENTATION_CONTEXT('2D SPACE',''
  ) );
#450 = PCURVE('',#451,#456);
#451 = CONICAL_SURFACE('',#452,1.595280236662,1.567954000694);
#452 = AXIS2_PLACEMENT_3D('',#453,#454,#455);
#453 = CARTESIAN_POINT('',(79.502102550537,0.,0.));
#454 = DIRECTION('',(-1.,-0.,-0.));
#455 = DIRECTION('',(0.,1.,0.));
#456 = DEFINITIONAL_REPRESENTATION('',(#457),#461);
#457 = LINE('',#458,#459);
#458 = CARTESIAN_POINT('',(-0.,0.));
#459 = VECTOR('',#460,1.);
#460 = DIRECTION('',(-1.,0.));
#461 = ( GEOMETRIC_REPRESENTATION_CONTEXT(2) 
PARAMETRIC_REPRESENTATION_CONTEXT() REPRESENTATION_CONTEXT('2D SPACE',''
  ) );
#462 = ORIENTED_EDGE('',*,*,#413,.F.);
#463 = ADVANCED_FACE('',(#464),#451,.T.);
#464 = FACE_BOUND('',#465,.F.);
#465 = EDGE_LOOP('',(#466,#467,#490,#517));
#466 = ORIENTED_EDGE('',*,*,#436,.T.);
#467 = ORIENTED_EDGE('',*,*,#468,.T.);
#468 = EDGE_CURVE('',#414,#469,#471,.T.);
#469 = VERTEX_POINT('',#470);
#470 = CARTESIAN_POINT('',(79.501535760679,1.794690266244,0.));
#471 = SEAM_CURVE('',#472,(#476,#483),.PCURVE_S1.);
#472 = LINE('',#473,#474);
#473 = CARTESIAN_POINT('',(79.502102550537,1.595280236662,0.));
#474 = VECTOR('',#475,1.);
#475 = DIRECTION('',(-2.84232227402E-03,0.999995960594,0.));
#476 = PCURVE('',#451,#477);
#477 = DEFINITIONAL_REPRESENTATION('',(#478),#482);
#478 = LINE('',#479,#480);
#479 = CARTESIAN_POINT('',(-0.,0.));
#480 = VECTOR('',#481,1.);
#481 = DIRECTION('',(-0.,1.));
#482 = ( GEOMETRIC_REPRESENTATION_CONTEXT(2) 
PARAMETRIC_REPRESENTATION_CONTEXT() REPRESENTATION_CONTEXT('2D SPACE',''
  ) );
#483 = PCURVE('',#451,#484);
#484 = DEFINITIONAL_REPRESENTATION('',(#485),#489);
#485 = LINE('',#486,#487);
#486 = CARTESIAN_POINT('',(-6.28318530718,0.));
#487 = VECTOR('',#488,1.);
#488 = DIRECTION('',(-0.,1.));
#489 = ( GEOMETRIC_REPRESENTATION_CONTEXT(2) 
PARAMETRIC_REPRESENTATION_CONTEXT() REPRESENTATION_CONTEXT('2D SPACE',''
  ) );
#490 = ORIENTED_EDGE('',*,*,#491,.F.);
#491 = EDGE_CURVE('',#469,#469,#492,.T.);
#492 = SURFACE_CURVE('',#493,(#498,#505),.PCURVE_S1.);
#493 = CIRCLE('',#494,1.794690266244);
#494 = AXIS2_PLACEMENT_3D('',#495,#496,#497);
#495 = CARTESIAN_POINT('',(79.501535760679,0.,0.));
#496 = DIRECTION('',(1.,0.,0.));
#497 = DIRECTION('',(-0.,1.,0.));
#498 = PCURVE('',#451,#499);
#499 = DEFINITIONAL_REPRESENTATION('',(#500),#504);
#500 = LINE('',#501,#502);
#501 = CARTESIAN_POINT('',(-0.,5.667898582402E-04));
#502 = VECTOR('',#503,1.);
#503 = DIRECTION('',(-1.,0.));
#504 = ( GEOMETRIC_REPRESENTATION_CONTEXT(2) 
PARAMETRIC_REPRESENTATION_CONTEXT() REPRESENTATION_CONTEXT('2D SPACE',''
  ) );
#505 = PCURVE('',#506,#511);
#506 = CONICAL_SURFACE('',#507,1.794690266244,1.567620396909);
#507 = AXIS2_PLACEMENT_3D('',#508,#509,#510);
#508 = CARTESIAN_POINT('',(79.501535760679,0.,0.));
#509 = DIRECTION('',(-1.,-0.,-0.));
#510 = DIRECTION('',(0.,1.,0.));
#511 = DEFINITIONAL_REPRESENTATION('',(#512),#516);
#512 = LINE('',#513,#514);
#513 = CARTESIAN_POINT('',(-0.,0.));
#514 = VECTOR('',#515,1.);
#515 = DIRECTION('',(-1.,0.));
#516 = ( GEOMETRIC_REPRESENTATION_CONTEXT(2) 
PARAMETRIC_REPRESENTATION_CONTEXT() REPRESENTATION_CONTEXT('2D SPACE',''
  ) );
#517 = ORIENTED_EDGE('',*,*,#468,.F.);
#518 = ADVANCED_FACE('',(#519),#506,.T.);
#519 = FACE_BOUND('',#520,.F.);
#520 = EDGE_LOOP('',(#521,#522,#545,#572));
#521 = ORIENTED_EDGE('',*,*,#491,.T.);
#522 = ORIENTED_EDGE('',*,*,#523,.T.);
#523 = EDGE_CURVE('',#469,#524,#526,.T.);
#524 = VERTEX_POINT('',#525);
#525 = CARTESIAN_POINT('',(79.500902446277,1.994100295827,0.));
#526 = SEAM_CURVE('',#527,(#531,#538),.PCURVE_S1.);
#527 = LINE('',#528,#529);
#528 = CARTESIAN_POINT('',(79.501535760679,1.794690266244,0.));
#529 = VECTOR('',#530,1.);
#530 = DIRECTION('',(-3.175924546496E-03,0.999994956739,0.));
#531 = PCURVE('',#506,#532);
#532 = DEFINITIONAL_REPRESENTATION('',(#533),#537);
#533 = LINE('',#534,#535);
#534 = CARTESIAN_POINT('',(-0.,0.));
#535 = VECTOR('',#536,1.);
#536 = DIRECTION('',(-0.,1.));
#537 = ( GEOMETRIC_REPRESENTATION_CONTEXT(2) 
PARAMETRIC_REPRESENTATION_CONTEXT() REPRESENTATION_CONTEXT('2D SPACE',''
  ) );
#538 = PCURVE('',#506,#539);
#539 = DEFINITIONAL_REPRESENTATION('',(#540),#544);
#540 = LINE('',#541,#542);
#541 = CARTESIAN_POINT('',(-6.28318530718,0.));
#542 = VECTOR('',#543,1.);
#543 = DIRECTION('',(-0.,1.));
#544 = ( GEOMETRIC_REPRESENTATION_CONTEXT(2) 
PARAMETRIC_REPRESENTATION_CONTEXT() REPRESENTATION_CONTEXT('2D SPACE',''
  ) );
#545 = ORIENTED_EDGE('',*,*,#546,.F.);
#546 = EDGE_CURVE('',#524,#524,#547,.T.);
#547 = SURFACE_CURVE('',#548,(#553,#560),.PCURVE_S1.);
#548 = CIRCLE('',#549,1.994100295827);
#549 = AXIS2_PLACEMENT_3D('',#550,#551,#552);
#550 = CARTESIAN_POINT('',(79.500902446277,0.,0.));
#551 = DIRECTION('',(1.,0.,0.));
#552 = DIRECTION('',(-0.,1.,0.));
#553 = PCURVE('',#506,#554);
#554 = DEFINITIONAL_REPRESENTATION('',(#555),#559);
#555 = LINE('',#556,#557);
#556 = CARTESIAN_POINT('',(-0.,6.33314401739E-04));
#557 = VECTOR('',#558,1.);
#558 = DIRECTION('',(-1.,0.));
#559 = ( GEOMETRIC_REPRESENTATION_CONTEXT(2) 
PARAMETRIC_REPRESENTATION_CONTEXT() REPRESENTATION_CONTEXT('2D SPACE',''
  ) );
#560 = PCURVE('',#561,#566);
#561 = CONICAL_SURFACE('',#562,1.994100295827,1.567287055377);
#562 = AXIS2_PLACEMENT_3D('',#563,#564,#565);
#563 = CARTESIAN_POINT('',(79.500902446277,0.,0.));
#564 = DIRECTION('',(-1.,-0.,-0.));
#565 = DIRECTION('',(0.,1.,0.));
#566 = DEFINITIONAL_REPRESENTATION('',(#567),#571);
#567 = LINE('',#568,#569);
#568 = CARTESIAN_POINT('',(-0.,0.));
#569 = VECTOR('',#570,1.);
#570 = DIRECTION('',(-1.,0.));
#571 = ( GEOMETRIC_REPRESENTATION_CONTEXT(2) 
PARAMETRIC_REPRESENTATION_CONTEXT() REPRESENTATION_CONTEXT('2D SPACE',''
  ) );
#572 = ORIENTED_EDGE('',*,*,#523,.F.);
#573 = ADVANCED_FACE('',(#574),#561,.T.);
#574 = FACE_BOUND('',#575,.F.);
#575 = EDGE_LOOP('',(#576,#577,#600,#627));
#576 = ORIENTED_EDGE('',*,*,#546,.T.);
#577 = ORIENTED_EDGE('',*,*,#578,.T.);
#578 = EDGE_CURVE('',#524,#579,#581,.T.);
#579 = VERTEX_POINT('',#580);
#580 = CARTESIAN_POINT('',(79.500202659487,2.19351032541,0.));
#581 = SEAM_CURVE('',#582,(#586,#593),.PCURVE_S1.);
#582 = LINE('',#583,#584);
#583 = CARTESIAN_POINT('',(79.500902446277,1.994100295827,0.));
#584 = VECTOR('',#585,1.);
#585 = DIRECTION('',(-3.509264215558E-03,0.999993842513,0.));
#586 = PCURVE('',#561,#587);
#587 = DEFINITIONAL_REPRESENTATION('',(#588),#592);
#588 = LINE('',#589,#590);
#589 = CARTESIAN_POINT('',(-0.,0.));
#590 = VECTOR('',#591,1.);
#591 = DIRECTION('',(-0.,1.));
#592 = ( GEOMETRIC_REPRESENTATION_CONTEXT(2) 
PARAMETRIC_REPRESENTATION_CONTEXT() REPRESENTATION_CONTEXT('2D SPACE',''
  ) );
#593 = PCURVE('',#561,#594);
#594 = DEFINITIONAL_REPRESENTATION('',(#595),#599);
#595 = LINE('',#596,#597);
#596 = CARTESIAN_POINT('',(-6.28318530718,0.));
#597 = VECTOR('',#598,1.);
#598 = DIRECTION('',(-0.,1.));
#599 = ( GEOMETRIC_REPRESENTATION_CONTEXT(2) 
PARAMETRIC_REPRESENTATION_CONTEXT() REPRESENTATION_CONTEXT('2D SPACE',''
  ) );
#600 = ORIENTED_EDGE('',*,*,#601,.F.);
#601 = EDGE_CURVE('',#579,#579,#602,.T.);
#602 = SURFACE_CURVE('',#603,(#608,#615),.PCURVE_S1.);
#603 = CIRCLE('',#604,2.19351032541);
#604 = AXIS2_PLACEMENT_3D('',#605,#606,#607);
#605 = CARTESIAN_POINT('',(79.500202659487,0.,0.));
#606 = DIRECTION('',(1.,0.,0.));
#607 = DIRECTION('',(-0.,1.,0.));
#608 = PCURVE('',#561,#609);
#609 = DEFINITIONAL_REPRESENTATION('',(#610),#614);
#610 = LINE('',#611,#612);
#611 = CARTESIAN_POINT('',(-0.,6.997867899656E-04));
#612 = VECTOR('',#613,1.);
#613 = DIRECTION('',(-1.,0.));
#614 = ( GEOMETRIC_REPRESENTATION_CONTEXT(2) 
PARAMETRIC_REPRESENTATION_CONTEXT() REPRESENTATION_CONTEXT('2D SPACE',''
  ) );
#615 = PCURVE('',#616,#621);
#616 = CONICAL_SURFACE('',#617,2.19351032541,1.566954003566);
#617 = AXIS2_PLACEMENT_3D('',#618,#619,#620);
#618 = CARTESIAN_POINT('',(79.500202659487,0.,0.));
#619 = DIRECTION('',(-1.,-0.,-0.));
#620 = DIRECTION('',(0.,1.,0.));
#621 = DEFINITIONAL_REPRESENTATION('',(#622),#626);
#622 = LINE('',#623,#624);
#623 = CARTESIAN_POINT('',(-0.,0.));
#624 = VECTOR('',#625,1.);
#625 = DIRECTION('',(-1.,0.));
#626 = ( GEOMETRIC_REPRESENTATION_CONTEXT(2) 
PARAMETRIC_REPRESENTATION_CONTEXT() REPRESENTATION_CONTEXT('2D SPACE',''
  ) );
#627 = ORIENTED_EDGE('',*,*,#578,.F.);
#628 = ADVANCED_FACE('',(#629),#616,.T.);
#629 = FACE_BOUND('',#630,.F.);
#630 = EDGE_LOOP('',(#631,#632,#655,#682));
#631 = ORIENTED_EDGE('',*,*,#601,.T.);
#632 = ORIENTED_EDGE('',*,*,#633,.T.);
#633 = EDGE_CURVE('',#579,#634,#636,.T.);
#634 = VERTEX_POINT('',#635);
#635 = CARTESIAN_POINT('',(79.499436457928,2.392920354992,0.));
#636 = SEAM_CURVE('',#637,(#641,#648),.PCURVE_S1.);
#637 = LINE('',#638,#639);
#638 = CARTESIAN_POINT('',(79.500202659487,2.19351032541,0.));
#639 = VECTOR('',#640,1.);
#640 = DIRECTION('',(-3.842313774547E-03,0.999992618285,0.));
#641 = PCURVE('',#616,#642);
#642 = DEFINITIONAL_REPRESENTATION('',(#643),#647);
#643 = LINE('',#644,#645);
#644 = CARTESIAN_POINT('',(-0.,0.));
#645 = VECTOR('',#646,1.);
#646 = DIRECTION('',(-0.,1.));
#647 = ( GEOMETRIC_REPRESENTATION_CONTEXT(2) 
PARAMETRIC_REPRESENTATION_CONTEXT() REPRESENTATION_CONTEXT('2D SPACE',''
  ) );
#648 = PCURVE('',#616,#649);
#649 = DEFINITIONAL_REPRESENTATION('',(#650),#654);
#650 = LINE('',#651,#652);
#651 = CARTESIAN_POINT('',(-6.28318530718,0.));
#652 = VECTOR('',#653,1.);
#653 = DIRECTION('',(-0.,1.));
#654 = ( GEOMETRIC_REPRESENTATION_CONTEXT(2) 
PARAMETRIC_REPRESENTATION_CONTEXT() REPRESENTATION_CONTEXT('2D SPACE',''
  ) );
#655 = ORIENTED_EDGE('',*,*,#656,.F.);
#656 = EDGE_CURVE('',#634,#634,#657,.T.);
#657 = SURFACE_CURVE('',#658,(#663,#670),.PCURVE_S1.);
#658 = CIRCLE('',#659,2.392920354992);
#659 = AXIS2_PLACEMENT_3D('',#660,#661,#662);
#660 = CARTESIAN_POINT('',(79.499436457928,0.,0.));
#661 = DIRECTION('',(1.,0.,0.));
#662 = DIRECTION('',(-0.,1.,0.));
#663 = PCURVE('',#616,#664);
#664 = DEFINITIONAL_REPRESENTATION('',(#665),#669);
#665 = LINE('',#666,#667);
#666 = CARTESIAN_POINT('',(-0.,7.662015593297E-04));
#667 = VECTOR('',#668,1.);
#668 = DIRECTION('',(-1.,0.));
#669 = ( GEOMETRIC_REPRESENTATION_CONTEXT(2) 
PARAMETRIC_REPRESENTATION_CONTEXT() REPRESENTATION_CONTEXT('2D SPACE',''
  ) );
#670 = PCURVE('',#671,#676);
#671 = CONICAL_SURFACE('',#672,2.392920354992,1.566621268908);
#672 = AXIS2_PLACEMENT_3D('',#673,#674,#675);
#673 = CARTESIAN_POINT('',(79.499436457928,0.,0.));
#674 = DIRECTION('',(-1.,-0.,-0.));
#675 = DIRECTION('',(0.,1.,0.));
#676 = DEFINITIONAL_REPRESENTATION('',(#677),#681);
#677 = LINE('',#678,#679);
#678 = CARTESIAN_POINT('',(-0.,0.));
#679 = VECTOR('',#680,1.);
#680 = DIRECTION('',(-1.,0.));
#681 = ( GEOMETRIC_REPRESENTATION_CONTEXT(2) 
PARAMETRIC_REPRESENTATION_CONTEXT() REPRESENTATION_CONTEXT('2D SPACE',''
  ) );
#682 = ORIENTED_EDGE('',*,*,#633,.F.);
#683 = ADVANCED_FACE('',(#684),#671,.T.);
#684 = FACE_BOUND('',#685,.F.);
#685 = EDGE_LOOP('',(#686,#687,#710,#737));
#686 = ORIENTED_EDGE('',*,*,#656,.T.);
#687 = ORIENTED_EDGE('',*,*,#688,.T.);
#688 = EDGE_CURVE('',#634,#689,#691,.T.);
#689 = VERTEX_POINT('',#690);
#690 = CARTESIAN_POINT('',(79.498603904674,2.592330384575,0.));
#691 = SEAM_CURVE('',#692,(#696,#703),.PCURVE_S1.);
#692 = LINE('',#693,#694);
#693 = CARTESIAN_POINT('',(79.499436457928,2.392920354992,0.));
#694 = VECTOR('',#695,1.);
#695 = DIRECTION('',(-4.175045757244E-03,0.999991284458,0.));
#696 = PCURVE('',#671,#697);
#697 = DEFINITIONAL_REPRESENTATION('',(#698),#702);
#698 = LINE('',#699,#700);
#699 = CARTESIAN_POINT('',(-0.,0.));
#700 = VECTOR('',#701,1.);
#701 = DIRECTION('',(-0.,1.));
#702 = ( GEOMETRIC_REPRESENTATION_CONTEXT(2) 
PARAMETRIC_REPRESENTATION_CONTEXT() REPRESENTATION_CONTEXT('2D SPACE',''
  ) );
#703 = PCURVE('',#671,#704);
#704 = DEFINITIONAL_REPRESENTATION('',(#705),#709);
#705 = LINE('',#706,#707);
#706 = CARTESIAN_POINT('',(-6.28318530718,0.));
#707 = VECTOR('',#708,1.);
#708 = DIRECTION('',(-0.,1.));
#709 = ( GEOMETRIC_REPRESENTATION_CONTEXT(2) 
PARAMETRIC_REPRESENTATION_CONTEXT() REPRESENTATION_CONTEXT('2D SPACE',''
  ) );
#710 = ORIENTED_EDGE('',*,*,#711,.F.);
#711 = EDGE_CURVE('',#689,#689,#712,.T.);
#712 = SURFACE_CURVE('',#713,(#718,#725),.PCURVE_S1.);
#713 = CIRCLE('',#714,2.592330384575);
#714 = AXIS2_PLACEMENT_3D('',#715,#716,#717);
#715 = CARTESIAN_POINT('',(79.498603904674,0.,0.));
#716 = DIRECTION('',(1.,0.,0.));
#717 = DIRECTION('',(-0.,1.,0.));
#718 = PCURVE('',#671,#719);
#719 = DEFINITIONAL_REPRESENTATION('',(#720),#724);
#720 = LINE('',#721,#722);
#721 = CARTESIAN_POINT('',(-0.,8.325532541136E-04));
#722 = VECTOR('',#723,1.);
#723 = DIRECTION('',(-1.,0.));
#724 = ( GEOMETRIC_REPRESENTATION_CONTEXT(2) 
PARAMETRIC_REPRESENTATION_CONTEXT() REPRESENTATION_CONTEXT('2D SPACE',''
  ) );
#725 = PCURVE('',#726,#731);
#726 = CONICAL_SURFACE('',#727,2.592330384575,1.56628887879);
#727 = AXIS2_PLACEMENT_3D('',#728,#729,#730);
#728 = CARTESIAN_POINT('',(79.498603904674,0.,0.));
#729 = DIRECTION('',(-1.,-0.,-0.));
#730 = DIRECTION('',(0.,1.,0.));
#731 = DEFINITIONAL_REPRESENTATION('',(#732),#736);
#732 = LINE('',#733,#734);
#733 = CARTESIAN_POINT('',(-0.,0.));
#734 = VECTOR('',#735,1.);
#735 = DIRECTION('',(-1.,0.));
#736 = ( GEOMETRIC_REPRESENTATION_CONTEXT(2) 
PARAMETRIC_REPRESENTATION_CONTEXT() REPRESENTATION_CONTEXT('2D SPACE',''
  ) );
#737 = ORIENTED_EDGE('',*,*,#688,.F.);
#738 = ADVANCED_FACE('',(#739),#726,.T.);
#739 = FACE_BOUND('',#740,.F.);
#740 = EDGE_LOOP('',(#741,#742,#765,#792));
#741 = ORIENTED_EDGE('',*,*,#711,.T.);
#742 = ORIENTED_EDGE('',*,*,#743,.T.);
#743 = EDGE_CURVE('',#689,#744,#746,.T.);
#744 = VERTEX_POINT('',#745);
#745 = CARTESIAN_POINT('',(79.497705068247,2.791740414158,0.));
#746 = SEAM_CURVE('',#747,(#751,#758),.PCURVE_S1.);
#747 = LINE('',#748,#749);
#748 = CARTESIAN_POINT('',(79.498603904674,2.592330384575,0.));
#749 = VECTOR('',#750,1.);
#750 = DIRECTION('',(-4.50743274188E-03,0.999989841473,0.));
#751 = PCURVE('',#726,#752);
#752 = DEFINITIONAL_REPRESENTATION('',(#753),#757);
#753 = LINE('',#754,#755);
#754 = CARTESIAN_POINT('',(-0.,0.));
#755 = VECTOR('',#756,1.);
#756 = DIRECTION('',(-0.,1.));
#757 = ( GEOMETRIC_REPRESENTATION_CONTEXT(2) 
PARAMETRIC_REPRESENTATION_CONTEXT() REPRESENTATION_CONTEXT('2D SPACE',''
  ) );
#758 = PCURVE('',#726,#759);
#759 = DEFINITIONAL_REPRESENTATION('',(#760),#764);
#760 = LINE('',#761,#762);
#761 = CARTESIAN_POINT('',(-6.28318530718,0.));
#762 = VECTOR('',#763,1.);
#763 = DIRECTION('',(-0.,1.));
#764 = ( GEOMETRIC_REPRESENTATION_CONTEXT(2) 
PARAMETRIC_REPRESENTATION_CONTEXT() REPRESENTATION_CONTEXT('2D SPACE',''
  ) );
#765 = ORIENTED_EDGE('',*,*,#766,.F.);
#766 = EDGE_CURVE('',#744,#744,#767,.T.);
#767 = SURFACE_CURVE('',#768,(#773,#780),.PCURVE_S1.);
#768 = CIRCLE('',#769,2.791740414158);
#769 = AXIS2_PLACEMENT_3D('',#770,#771,#772);
#770 = CARTESIAN_POINT('',(79.497705068247,0.,0.));
#771 = DIRECTION('',(1.,0.,0.));
#772 = DIRECTION('',(-0.,1.,0.));
#773 = PCURVE('',#726,#774);
#774 = DEFINITIONAL_REPRESENTATION('',(#775),#779);
#775 = LINE('',#776,#777);
#776 = CARTESIAN_POINT('',(-0.,8.98836427254E-04));
#777 = VECTOR('',#778,1.);
#778 = DIRECTION('',(-1.,0.));
#779 = ( GEOMETRIC_REPRESENTATION_CONTEXT(2) 
PARAMETRIC_REPRESENTATION_CONTEXT() REPRESENTATION_CONTEXT('2D SPACE',''
  ) );
#780 = PCURVE('',#781,#786);
#781 = CONICAL_SURFACE('',#782,2.791740414158,1.56595686055);
#782 = AXIS2_PLACEMENT_3D('',#783,#784,#785);
#783 = CARTESIAN_POINT('',(79.497705068247,0.,0.));
#784 = DIRECTION('',(-1.,-0.,-0.));
#785 = DIRECTION('',(0.,1.,0.));
#786 = DEFINITIONAL_REPRESENTATION('',(#787),#791);
#787 = LINE('',#788,#789);
#788 = CARTESIAN_POINT('',(-0.,0.));
#789 = VECTOR('',#790,1.);
#790 = DIRECTION('',(-1.,0.));
#791 = ( GEOMETRIC_REPRESENTATION_CONTEXT(2) 
PARAMETRIC_REPRESENTATION_CONTEXT() REPRESENTATION_CONTEXT('2D SPACE',''
  ) );
#792 = ORIENTED_EDGE('',*,*,#743,.F.);
#793 = ADVANCED_FACE('',(#794),#781,.T.);
#794 = FACE_BOUND('',#795,.F.);
#795 = EDGE_LOOP('',(#796,#797,#820,#847));
#796 = ORIENTED_EDGE('',*,*,#766,.T.);
#797 = ORIENTED_EDGE('',*,*,#798,.T.);
#798 = EDGE_CURVE('',#744,#799,#801,.T.);
#799 = VERTEX_POINT('',#800);
#800 = CARTESIAN_POINT('',(79.496740022606,2.99115044374,0.));
#801 = SEAM_CURVE('',#802,(#806,#813),.PCURVE_S1.);
#802 = LINE('',#803,#804);
#803 = CARTESIAN_POINT('',(79.497705068247,2.791740414158,0.));
#804 = VECTOR('',#805,1.);
#805 = DIRECTION('',(-4.839447354711E-03,0.999988289806,0.));
#806 = PCURVE('',#781,#807);
#807 = DEFINITIONAL_REPRESENTATION('',(#808),#812);
#808 = LINE('',#809,#810);
#809 = CARTESIAN_POINT('',(-0.,0.));
#810 = VECTOR('',#811,1.);
#811 = DIRECTION('',(-0.,1.));
#812 = ( GEOMETRIC_REPRESENTATION_CONTEXT(2) 
PARAMETRIC_REPRESENTATION_CONTEXT() REPRESENTATION_CONTEXT('2D SPACE',''
  ) );
#813 = PCURVE('',#781,#814);
#814 = DEFINITIONAL_REPRESENTATION('',(#815),#819);
#815 = LINE('',#816,#817);
#816 = CARTESIAN_POINT('',(-6.28318530718,0.));
#817 = VECTOR('',#818,1.);
#818 = DIRECTION('',(-0.,1.));
#819 = ( GEOMETRIC_REPRESENTATION_CONTEXT(2) 
PARAMETRIC_REPRESENTATION_CONTEXT() REPRESENTATION_CONTEXT('2D SPACE',''
  ) );
#820 = ORIENTED_EDGE('',*,*,#821,.F.);
#821 = EDGE_CURVE('',#799,#799,#822,.T.);
#822 = SURFACE_CURVE('',#823,(#828,#835),.PCURVE_S1.);
#823 = CIRCLE('',#824,2.99115044374);
#824 = AXIS2_PLACEMENT_3D('',#825,#826,#827);
#825 = CARTESIAN_POINT('',(79.496740022606,0.,0.));
#826 = DIRECTION('',(1.,0.,0.));
#827 = DIRECTION('',(-0.,1.,0.));
#828 = PCURVE('',#781,#829);
#829 = DEFINITIONAL_REPRESENTATION('',(#830),#834);
#830 = LINE('',#831,#832);
#831 = CARTESIAN_POINT('',(-0.,9.650456410384E-04));
#832 = VECTOR('',#833,1.);
#833 = DIRECTION('',(-1.,0.));
#834 = ( GEOMETRIC_REPRESENTATION_CONTEXT(2) 
PARAMETRIC_REPRESENTATION_CONTEXT() REPRESENTATION_CONTEXT('2D SPACE',''
  ) );
#835 = PCURVE('',#836,#841);
#836 = CONICAL_SURFACE('',#837,2.99115044374,1.565625241474);
#837 = AXIS2_PLACEMENT_3D('',#838,#839,#840);
#838 = CARTESIAN_POINT('',(79.496740022606,0.,0.));
#839 = DIRECTION('',(-1.,-0.,-0.));
#840 = DIRECTION('',(0.,1.,0.));
#841 = DEFINITIONAL_REPRESENTATION('',(#842),#846);
#842 = LINE('',#843,#844);
#843 = CARTESIAN_POINT('',(-0.,0.));
#844 = VECTOR('',#845,1.);
#845 = DIRECTION('',(-1.,0.));
#846 = ( GEOMETRIC_REPRESENTATION_CONTEXT(2) 
PARAMETRIC_REPRESENTATION_CONTEXT() REPRESENTATION_CONTEXT('2D SPACE',''
  ) );
#847 = ORIENTED_EDGE('',*,*,#798,.F.);
#848 = ADVANCED_FACE('',(#849),#836,.T.);
#849 = FACE_BOUND('',#850,.F.);
#850 = EDGE_LOOP('',(#851,#852,#875,#902));
#851 = ORIENTED_EDGE('',*,*,#821,.T.);
#852 = ORIENTED_EDGE('',*,*,#853,.T.);
#853 = EDGE_CURVE('',#799,#854,#856,.T.);
#854 = VERTEX_POINT('',#855);
#855 = CARTESIAN_POINT('',(79.495708847138,3.190560473323,0.));
#856 = SEAM_CURVE('',#857,(#861,#868),.PCURVE_S1.);
#857 = LINE('',#858,#859);
#858 = CARTESIAN_POINT('',(79.496740022606,2.99115044374,0.));
#859 = VECTOR('',#860,1.);
#860 = DIRECTION('',(-5.171062274598E-03,0.999986629968,0.));
#861 = PCURVE('',#836,#862);
#862 = DEFINITIONAL_REPRESENTATION('',(#863),#867);
#863 = LINE('',#864,#865);
#864 = CARTESIAN_POINT('',(-0.,0.));
#865 = VECTOR('',#866,1.);
#866 = DIRECTION('',(-0.,1.));
#867 = ( GEOMETRIC_REPRESENTATION_CONTEXT(2) 
PARAMETRIC_REPRESENTATION_CONTEXT() REPRESENTATION_CONTEXT('2D SPACE',''
  ) );
#868 = PCURVE('',#836,#869);
#869 = DEFINITIONAL_REPRESENTATION('',(#870),#874);
#870 = LINE('',#871,#872);
#871 = CARTESIAN_POINT('',(-6.28318530718,0.));
#872 = VECTOR('',#873,1.);
#873 = DIRECTION('',(-0.,1.));
#874 = ( GEOMETRIC_REPRESENTATION_CONTEXT(2) 
PARAMETRIC_REPRESENTATION_CONTEXT() REPRESENTATION_CONTEXT('2D SPACE',''
  ) );
#875 = ORIENTED_EDGE('',*,*,#876,.F.);
#876 = EDGE_CURVE('',#854,#854,#877,.T.);
#877 = SURFACE_CURVE('',#878,(#883,#890),.PCURVE_S1.);
#878 = CIRCLE('',#879,3.190560473323);
#879 = AXIS2_PLACEMENT_3D('',#880,#881,#882);
#880 = CARTESIAN_POINT('',(79.495708847138,0.,0.));
#881 = DIRECTION('',(1.,0.,0.));
#882 = DIRECTION('',(-0.,1.,0.));
#883 = PCURVE('',#836,#884);
#884 = DEFINITIONAL_REPRESENTATION('',(#885),#889);
#885 = LINE('',#886,#887);
#886 = CARTESIAN_POINT('',(-0.,1.031175468E-03));
#887 = VECTOR('',#888,1.);
#888 = DIRECTION('',(-1.,0.));
#889 = ( GEOMETRIC_REPRESENTATION_CONTEXT(2) 
PARAMETRIC_REPRESENTATION_CONTEXT() REPRESENTATION_CONTEXT('2D SPACE',''
  ) );
#890 = PCURVE('',#891,#896);
#891 = CONICAL_SURFACE('',#892,3.190560473323,1.565294048796);
#892 = AXIS2_PLACEMENT_3D('',#893,#894,#895);
#893 = CARTESIAN_POINT('',(79.495708847138,0.,0.));
#894 = DIRECTION('',(-1.,-0.,-0.));
#895 = DIRECTION('',(0.,1.,0.));
#896 = DEFINITIONAL_REPRESENTATION('',(#897),#901);
#897 = LINE('',#898,#899);
#898 = CARTESIAN_POINT('',(-0.,0.));
#899 = VECTOR('',#900,1.);
#900 = DIRECTION('',(-1.,0.));
#901 = ( GEOMETRIC_REPRESENTATION_CONTEXT(2) 
PARAMETRIC_REPRESENTATION_CONTEXT() REPRESENTATION_CONTEXT('2D SPACE',''
  ) );
#902 = ORIENTED_EDGE('',*,*,#853,.F.);
#903 = ADVANCED_FACE('',(#904),#891,.T.);
#904 = FACE_BOUND('',#905,.F.);
#905 = EDGE_LOOP('',(#906,#907,#930,#957));
#906 = ORIENTED_EDGE('',*,*,#876,.T.);
#907 = ORIENTED_EDGE('',*,*,#908,.T.);
#908 = EDGE_CURVE('',#854,#909,#911,.T.);
#909 = VERTEX_POINT('',#910);
#910 = CARTESIAN_POINT('',(79.494611626646,3.389970502906,0.));
#911 = SEAM_CURVE('',#912,(#916,#923),.PCURVE_S1.);
#912 = LINE('',#913,#914);
#913 = CARTESIAN_POINT('',(79.495708847138,3.190560473323,0.));
#914 = VECTOR('',#915,1.);
#915 = DIRECTION('',(-5.502250235796E-03,0.999984862507,0.));
#916 = PCURVE('',#891,#917);
#917 = DEFINITIONAL_REPRESENTATION('',(#918),#922);
#918 = LINE('',#919,#920);
#919 = CARTESIAN_POINT('',(-0.,0.));
#920 = VECTOR('',#921,1.);
#921 = DIRECTION('',(-0.,1.));
#922 = ( GEOMETRIC_REPRESENTATION_CONTEXT(2) 
PARAMETRIC_REPRESENTATION_CONTEXT() REPRESENTATION_CONTEXT('2D SPACE',''
  ) );
#923 = PCURVE('',#891,#924);
#924 = DEFINITIONAL_REPRESENTATION('',(#925),#929);
#925 = LINE('',#926,#927);
#926 = CARTESIAN_POINT('',(-6.28318530718,0.));
#927 = VECTOR('',#928,1.);
#928 = DIRECTION('',(-0.,1.));
#929 = ( GEOMETRIC_REPRESENTATION_CONTEXT(2) 
PARAMETRIC_REPRESENTATION_CONTEXT() REPRESENTATION_CONTEXT('2D SPACE',''
  ) );
#930 = ORIENTED_EDGE('',*,*,#931,.F.);
#931 = EDGE_CURVE('',#909,#909,#932,.T.);
#932 = SURFACE_CURVE('',#933,(#938,#945),.PCURVE_S1.);
#933 = CIRCLE('',#934,3.389970502906);
#934 = AXIS2_PLACEMENT_3D('',#935,#936,#937);
#935 = CARTESIAN_POINT('',(79.494611626646,0.,0.));
#936 = DIRECTION('',(1.,0.,0.));
#937 = DIRECTION('',(-0.,1.,0.));
#938 = PCURVE('',#891,#939);
#939 = DEFINITIONAL_REPRESENTATION('',(#940),#944);
#940 = LINE('',#941,#942);
#941 = CARTESIAN_POINT('',(-0.,1.097220491459E-03));
#942 = VECTOR('',#943,1.);
#943 = DIRECTION('',(-1.,0.));
#944 = ( GEOMETRIC_REPRESENTATION_CONTEXT(2) 
PARAMETRIC_REPRESENTATION_CONTEXT() REPRESENTATION_CONTEXT('2D SPACE',''
  ) );
#945 = PCURVE('',#946,#951);
#946 = CONICAL_SURFACE('',#947,3.389970502906,1.564963309685);
#947 = AXIS2_PLACEMENT_3D('',#948,#949,#950);
#948 = CARTESIAN_POINT('',(79.494611626646,0.,0.));
#949 = DIRECTION('',(-1.,-0.,-0.));
#950 = DIRECTION('',(0.,1.,0.));
#951 = DEFINITIONAL_REPRESENTATION('',(#952),#956);
#952 = LINE('',#953,#954);
#953 = CARTESIAN_POINT('',(-0.,0.));
#954 = VECTOR('',#955,1.);
#955 = DIRECTION('',(-1.,0.));
#956 = ( GEOMETRIC_REPRESENTATION_CONTEXT(2) 
PARAMETRIC_REPRESENTATION_CONTEXT() REPRESENTATION_CONTEXT('2D SPACE',''
  ) );
#957 = ORIENTED_EDGE('',*,*,#908,.F.);
#958 = ADVANCED_FACE('',(#959),#946,.T.);
#959 = FACE_BOUND('',#960,.F.);
#960 = EDGE_LOOP('',(#961,#962,#985,#1012));
#961 = ORIENTED_EDGE('',*,*,#931,.T.);
#962 = ORIENTED_EDGE('',*,*,#963,.T.);
#963 = EDGE_CURVE('',#909,#964,#966,.T.);
#964 = VERTEX_POINT('',#965);
#965 = CARTESIAN_POINT('',(79.49344845134,3.589380532488,0.));
#966 = SEAM_CURVE('',#967,(#971,#978),.PCURVE_S1.);
#967 = LINE('',#968,#969);
#968 = CARTESIAN_POINT('',(79.494611626646,3.389970502906,0.));
#969 = VECTOR('',#970,1.);
#970 = DIRECTION('',(-5.832984032676E-03,0.999982988004,0.));
#971 = PCURVE('',#946,#972);
#972 = DEFINITIONAL_REPRESENTATION('',(#973),#977);
#973 = LINE('',#974,#975);
#974 = CARTESIAN_POINT('',(-0.,0.));
#975 = VECTOR('',#976,1.);
#976 = DIRECTION('',(-0.,1.));
#977 = ( GEOMETRIC_REPRESENTATION_CONTEXT(2) 
PARAMETRIC_REPRESENTATION_CONTEXT() REPRESENTATION_CONTEXT('2D SPACE',''
  ) );
#978 = PCURVE('',#946,#979);
#979 = DEFINITIONAL_REPRESENTATION('',(#980),#984);
#980 = LINE('',#981,#982);
#981 = CARTESIAN_POINT('',(-6.28318530718,0.));
#982 = VECTOR('',#983,1.);
#983 = DIRECTION('',(-0.,1.));
#984 = ( GEOMETRIC_REPRESENTATION_CONTEXT(2) 
PARAMETRIC_REPRESENTATION_CONTEXT() REPRESENTATION_CONTEXT('2D SPACE',''
  ) );
#985 = ORIENTED_EDGE('',*,*,#986,.F.);
#986 = EDGE_CURVE('',#964,#964,#987,.T.);
#987 = SURFACE_CURVE('',#988,(#993,#1000),.PCURVE_S1.);
#988 = CIRCLE('',#989,3.589380532488);
#989 = AXIS2_PLACEMENT_3D('',#990,#991,#992);
#990 = CARTESIAN_POINT('',(79.49344845134,0.,0.));
#991 = DIRECTION('',(1.,0.,0.));
#992 = DIRECTION('',(-0.,1.,0.));
#993 = PCURVE('',#946,#994);
#994 = DEFINITIONAL_REPRESENTATION('',(#995),#999);
#995 = LINE('',#996,#997);
#996 = CARTESIAN_POINT('',(-0.,1.163175306445E-03));
#997 = VECTOR('',#998,1.);
#998 = DIRECTION('',(-1.,0.));
#999 = ( GEOMETRIC_REPRESENTATION_CONTEXT(2) 
PARAMETRIC_REPRESENTATION_CONTEXT() REPRESENTATION_CONTEXT('2D SPACE',''
  ) );
#1000 = PCURVE('',#1001,#1006);
#1001 = CONICAL_SURFACE('',#1002,3.589380532488,1.564633051253);
#1002 = AXIS2_PLACEMENT_3D('',#1003,#1004,#1005);
#1003 = CARTESIAN_POINT('',(79.49344845134,0.,0.));
#1004 = DIRECTION('',(-1.,-0.,-0.));
#1005 = DIRECTION('',(0.,1.,0.));
#1006 = DEFINITIONAL_REPRESENTATION('',(#1007),#1011);
#1007 = LINE('',#1008,#1009);
#1008 = CARTESIAN_POINT('',(-0.,0.));
#1009 = VECTOR('',#1010,1.);
#1010 = DIRECTION('',(-1.,0.));
#1011 = ( GEOMETRIC_REPRESENTATION_CONTEXT(2) 
PARAMETRIC_REPRESENTATION_CONTEXT() REPRESENTATION_CONTEXT('2D SPACE',''
  ) );
#1012 = ORIENTED_EDGE('',*,*,#963,.F.);
#1013 = ADVANCED_FACE('',(#1014),#1001,.T.);
#1014 = FACE_BOUND('',#1015,.F.);
#1015 = EDGE_LOOP('',(#1016,#1017,#1040,#1067));
#1016 = ORIENTED_EDGE('',*,*,#986,.T.);
#1017 = ORIENTED_EDGE('',*,*,#1018,.T.);
#1018 = EDGE_CURVE('',#964,#1019,#1021,.T.);
#1019 = VERTEX_POINT('',#1020);
#1020 = CARTESIAN_POINT('',(79.492219416819,3.788790562071,0.));
#1021 = SEAM_CURVE('',#1022,(#1026,#1033),.PCURVE_S1.);
#1022 = LINE('',#1023,#1024);
#1023 = CARTESIAN_POINT('',(79.49344845134,3.589380532488,0.));
#1024 = VECTOR('',#1025,1.);
#1025 = DIRECTION('',(-6.163236522651E-03,0.999981007077,0.));
#1026 = PCURVE('',#1001,#1027);
#1027 = DEFINITIONAL_REPRESENTATION('',(#1028),#1032);
#1028 = LINE('',#1029,#1030);
#1029 = CARTESIAN_POINT('',(-0.,0.));
#1030 = VECTOR('',#1031,1.);
#1031 = DIRECTION('',(-0.,1.));
#1032 = ( GEOMETRIC_REPRESENTATION_CONTEXT(2) 
PARAMETRIC_REPRESENTATION_CONTEXT() REPRESENTATION_CONTEXT('2D SPACE',''
  ) );
#1033 = PCURVE('',#1001,#1034);
#1034 = DEFINITIONAL_REPRESENTATION('',(#1035),#1039);
#1035 = LINE('',#1036,#1037);
#1036 = CARTESIAN_POINT('',(-6.28318530718,0.));
#1037 = VECTOR('',#1038,1.);
#1038 = DIRECTION('',(-0.,1.));
#1039 = ( GEOMETRIC_REPRESENTATION_CONTEXT(2) 
PARAMETRIC_REPRESENTATION_CONTEXT() REPRESENTATION_CONTEXT('2D SPACE',''
  ) );
#1040 = ORIENTED_EDGE('',*,*,#1041,.F.);
#1041 = EDGE_CURVE('',#1019,#1019,#1042,.T.);
#1042 = SURFACE_CURVE('',#1043,(#1048,#1055),.PCURVE_S1.);
#1043 = CIRCLE('',#1044,3.788790562071);
#1044 = AXIS2_PLACEMENT_3D('',#1045,#1046,#1047);
#1045 = CARTESIAN_POINT('',(79.492219416819,0.,0.));
#1046 = DIRECTION('',(1.,0.,0.));
#1047 = DIRECTION('',(-0.,1.,0.));
#1048 = PCURVE('',#1001,#1049);
#1049 = DEFINITIONAL_REPRESENTATION('',(#1050),#1054);
#1050 = LINE('',#1051,#1052);
#1051 = CARTESIAN_POINT('',(-0.,1.229034520264E-03));
#1052 = VECTOR('',#1053,1.);
#1053 = DIRECTION('',(-1.,0.));
#1054 = ( GEOMETRIC_REPRESENTATION_CONTEXT(2) 
PARAMETRIC_REPRESENTATION_CONTEXT() REPRESENTATION_CONTEXT('2D SPACE',''
  ) );
#1055 = PCURVE('',#1056,#1061);
#1056 = CONICAL_SURFACE('',#1057,3.788790562071,1.564303300541);
#1057 = AXIS2_PLACEMENT_3D('',#1058,#1059,#1060);
#1058 = CARTESIAN_POINT('',(79.492219416819,0.,0.));
#1059 = DIRECTION('',(-1.,-0.,-0.));
#1060 = DIRECTION('',(0.,1.,0.));
#1061 = DEFINITIONAL_REPRESENTATION('',(#1062),#1066);
#1062 = LINE('',#1063,#1064);
#1063 = CARTESIAN_POINT('',(-0.,0.));
#1064 = VECTOR('',#1065,1.);
#1065 = DIRECTION('',(-1.,0.));
#1066 = ( GEOMETRIC_REPRESENTATION_CONTEXT(2) 
PARAMETRIC_REPRESENTATION_CONTEXT() REPRESENTATION_CONTEXT('2D SPACE',''
  ) );
#1067 = ORIENTED_EDGE('',*,*,#1018,.F.);
#1068 = ADVANCED_FACE('',(#1069),#1056,.T.);
#1069 = FACE_BOUND('',#1070,.F.);
#1070 = EDGE_LOOP('',(#1071,#1072,#1095,#1122));
#1071 = ORIENTED_EDGE('',*,*,#1041,.T.);
#1072 = ORIENTED_EDGE('',*,*,#1073,.T.);
#1073 = EDGE_CURVE('',#1019,#1074,#1076,.T.);
#1074 = VERTEX_POINT('',#1075);
#1075 = CARTESIAN_POINT('',(79.490924624066,3.988200591654,0.));
#1076 = SEAM_CURVE('',#1077,(#1081,#1088),.PCURVE_S1.);
#1077 = LINE('',#1078,#1079);
#1078 = CARTESIAN_POINT('',(79.492219416819,3.788790562071,0.));
#1079 = VECTOR('',#1080,1.);
#1080 = DIRECTION('',(-6.492980630539E-03,0.999978920379,0.));
#1081 = PCURVE('',#1056,#1082);
#1082 = DEFINITIONAL_REPRESENTATION('',(#1083),#1087);
#1083 = LINE('',#1084,#1085);
#1084 = CARTESIAN_POINT('',(-0.,0.));
#1085 = VECTOR('',#1086,1.);
#1086 = DIRECTION('',(-0.,1.));
#1087 = ( GEOMETRIC_REPRESENTATION_CONTEXT(2) 
PARAMETRIC_REPRESENTATION_CONTEXT() REPRESENTATION_CONTEXT('2D SPACE',''
  ) );
#1088 = PCURVE('',#1056,#1089);
#1089 = DEFINITIONAL_REPRESENTATION('',(#1090),#1094);
#1090 = LINE('',#1091,#1092);
#1091 = CARTESIAN_POINT('',(-6.28318530718,0.));
#1092 = VECTOR('',#1093,1.);
#1093 = DIRECTION('',(-0.,1.));
#1094 = ( GEOMETRIC_REPRESENTATION_CONTEXT(2) 
PARAMETRIC_REPRESENTATION_CONTEXT() REPRESENTATION_CONTEXT('2D SPACE',''
  ) );
#1095 = ORIENTED_EDGE('',*,*,#1096,.F.);
#1096 = EDGE_CURVE('',#1074,#1074,#1097,.T.);
#1097 = SURFACE_CURVE('',#1098,(#1103,#1110),.PCURVE_S1.);
#1098 = CIRCLE('',#1099,3.988200591654);
#1099 = AXIS2_PLACEMENT_3D('',#1100,#1101,#1102);
#1100 = CARTESIAN_POINT('',(79.490924624066,0.,0.));
#1101 = DIRECTION('',(1.,0.,0.));
#1102 = DIRECTION('',(-0.,1.,0.));
#1103 = PCURVE('',#1056,#1104);
#1104 = DEFINITIONAL_REPRESENTATION('',(#1105),#1109);
#1105 = LINE('',#1106,#1107);
#1106 = CARTESIAN_POINT('',(-0.,1.294792753356E-03));
#1107 = VECTOR('',#1108,1.);
#1108 = DIRECTION('',(-1.,0.));
#1109 = ( GEOMETRIC_REPRESENTATION_CONTEXT(2) 
PARAMETRIC_REPRESENTATION_CONTEXT() REPRESENTATION_CONTEXT('2D SPACE',''
  ) );
#1110 = PCURVE('',#1111,#1116);
#1111 = CONICAL_SURFACE('',#1112,3.988200591654,1.563974084522);
#1112 = AXIS2_PLACEMENT_3D('',#1113,#1114,#1115);
#1113 = CARTESIAN_POINT('',(79.490924624066,0.,0.));
#1114 = DIRECTION('',(-1.,-0.,-0.));
#1115 = DIRECTION('',(0.,1.,0.));
#1116 = DEFINITIONAL_REPRESENTATION('',(#1117),#1121);
#1117 = LINE('',#1118,#1119);
#1118 = CARTESIAN_POINT('',(-0.,0.));
#1119 = VECTOR('',#1120,1.);
#1120 = DIRECTION('',(-1.,0.));
#1121 = ( GEOMETRIC_REPRESENTATION_CONTEXT(2) 
PARAMETRIC_REPRESENTATION_CONTEXT() REPRESENTATION_CONTEXT('2D SPACE',''
  ) );
#1122 = ORIENTED_EDGE('',*,*,#1073,.F.);
#1123 = ADVANCED_FACE('',(#1124),#1111,.T.);
#1124 = FACE_BOUND('',#1125,.F.);
#1125 = EDGE_LOOP('',(#1126,#1127,#1150,#1177));
#1126 = ORIENTED_EDGE('',*,*,#1096,.T.);
#1127 = ORIENTED_EDGE('',*,*,#1128,.T.);
#1128 = EDGE_CURVE('',#1074,#1129,#1131,.T.);
#1129 = VERTEX_POINT('',#1130);
#1130 = CARTESIAN_POINT('',(79.489564179426,4.187610621236,0.));
#1131 = SEAM_CURVE('',#1132,(#1136,#1143),.PCURVE_S1.);
#1132 = LINE('',#1133,#1134);
#1133 = CARTESIAN_POINT('',(79.490924624066,3.988200591654,0.));
#1134 = VECTOR('',#1135,1.);
#1135 = DIRECTION('',(-6.822189352205E-03,0.999976728595,0.));
#1136 = PCURVE('',#1111,#1137);
#1137 = DEFINITIONAL_REPRESENTATION('',(#1138),#1142);
#1138 = LINE('',#1139,#1140);
#1139 = CARTESIAN_POINT('',(-0.,0.));
#1140 = VECTOR('',#1141,1.);
#1141 = DIRECTION('',(-0.,1.));
#1142 = ( GEOMETRIC_REPRESENTATION_CONTEXT(2) 
PARAMETRIC_REPRESENTATION_CONTEXT() REPRESENTATION_CONTEXT('2D SPACE',''
  ) );
#1143 = PCURVE('',#1111,#1144);
#1144 = DEFINITIONAL_REPRESENTATION('',(#1145),#1149);
#1145 = LINE('',#1146,#1147);
#1146 = CARTESIAN_POINT('',(-6.28318530718,0.));
#1147 = VECTOR('',#1148,1.);
#1148 = DIRECTION('',(-0.,1.));
#1149 = ( GEOMETRIC_REPRESENTATION_CONTEXT(2) 
PARAMETRIC_REPRESENTATION_CONTEXT() REPRESENTATION_CONTEXT('2D SPACE',''
  ) );
#1150 = ORIENTED_EDGE('',*,*,#1151,.F.);
#1151 = EDGE_CURVE('',#1129,#1129,#1152,.T.);
#1152 = SURFACE_CURVE('',#1153,(#1158,#1165),.PCURVE_S1.);
#1153 = CIRCLE('',#1154,4.187610621236);
#1154 = AXIS2_PLACEMENT_3D('',#1155,#1156,#1157);
#1155 = CARTESIAN_POINT('',(79.489564179426,0.,0.));
#1156 = DIRECTION('',(1.,0.,0.));
#1157 = DIRECTION('',(-0.,1.,0.));
#1158 = PCURVE('',#1111,#1159);
#1159 = DEFINITIONAL_REPRESENTATION('',(#1160),#1164);
#1160 = LINE('',#1161,#1162);
#1161 = CARTESIAN_POINT('',(-0.,1.360444639999E-03));
#1162 = VECTOR('',#1163,1.);
#1163 = DIRECTION('',(-1.,0.));
#1164 = ( GEOMETRIC_REPRESENTATION_CONTEXT(2) 
PARAMETRIC_REPRESENTATION_CONTEXT() REPRESENTATION_CONTEXT('2D SPACE',''
  ) );
#1165 = PCURVE('',#1166,#1171);
#1166 = CONICAL_SURFACE('',#1167,4.187610621236,1.563645430093);
#1167 = AXIS2_PLACEMENT_3D('',#1168,#1169,#1170);
#1168 = CARTESIAN_POINT('',(79.489564179426,0.,0.));
#1169 = DIRECTION('',(-1.,-0.,-0.));
#1170 = DIRECTION('',(0.,1.,0.));
#1171 = DEFINITIONAL_REPRESENTATION('',(#1172),#1176);
#1172 = LINE('',#1173,#1174);
#1173 = CARTESIAN_POINT('',(-0.,0.));
#1174 = VECTOR('',#1175,1.);
#1175 = DIRECTION('',(-1.,0.));
#1176 = ( GEOMETRIC_REPRESENTATION_CONTEXT(2) 
PARAMETRIC_REPRESENTATION_CONTEXT() REPRESENTATION_CONTEXT('2D SPACE',''
  ) );
#1177 = ORIENTED_EDGE('',*,*,#1128,.F.);
#1178 = ADVANCED_FACE('',(#1179),#1166,.T.);
#1179 = FACE_BOUND('',#1180,.F.);
#1180 = EDGE_LOOP('',(#1181,#1182,#1205,#1232));
#1181 = ORIENTED_EDGE('',*,*,#1151,.T.);
#1182 = ORIENTED_EDGE('',*,*,#1183,.T.);
#1183 = EDGE_CURVE('',#1129,#1184,#1186,.T.);
#1184 = VERTEX_POINT('',#1185);
#1185 = CARTESIAN_POINT('',(79.488138194597,4.387020650819,0.));
#1186 = SEAM_CURVE('',#1187,(#1191,#1198),.PCURVE_S1.);
#1187 = LINE('',#1188,#1189);
#1188 = CARTESIAN_POINT('',(79.489564179426,4.187610621236,0.));
#1189 = VECTOR('',#1190,1.);
#1190 = DIRECTION('',(-7.150835758274E-03,0.999974432447,0.));
#1191 = PCURVE('',#1166,#1192);
#1192 = DEFINITIONAL_REPRESENTATION('',(#1193),#1197);
#1193 = LINE('',#1194,#1195);
#1194 = CARTESIAN_POINT('',(-0.,0.));
#1195 = VECTOR('',#1196,1.);
#1196 = DIRECTION('',(-0.,1.));
#1197 = ( GEOMETRIC_REPRESENTATION_CONTEXT(2) 
PARAMETRIC_REPRESENTATION_CONTEXT() REPRESENTATION_CONTEXT('2D SPACE',''
  ) );
#1198 = PCURVE('',#1166,#1199);
#1199 = DEFINITIONAL_REPRESENTATION('',(#1200),#1204);
#1200 = LINE('',#1201,#1202);
#1201 = CARTESIAN_POINT('',(-6.28318530718,0.));
#1202 = VECTOR('',#1203,1.);
#1203 = DIRECTION('',(-0.,1.));
#1204 = ( GEOMETRIC_REPRESENTATION_CONTEXT(2) 
PARAMETRIC_REPRESENTATION_CONTEXT() REPRESENTATION_CONTEXT('2D SPACE',''
  ) );
#1205 = ORIENTED_EDGE('',*,*,#1206,.F.);
#1206 = EDGE_CURVE('',#1184,#1184,#1207,.T.);
#1207 = SURFACE_CURVE('',#1208,(#1213,#1220),.PCURVE_S1.);
#1208 = CIRCLE('',#1209,4.387020650819);
#1209 = AXIS2_PLACEMENT_3D('',#1210,#1211,#1212);
#1210 = CARTESIAN_POINT('',(79.488138194597,0.,0.));
#1211 = DIRECTION('',(1.,0.,0.));
#1212 = DIRECTION('',(-0.,1.,0.));
#1213 = PCURVE('',#1166,#1214);
#1214 = DEFINITIONAL_REPRESENTATION('',(#1215),#1219);
#1215 = LINE('',#1216,#1217);
#1216 = CARTESIAN_POINT('',(-0.,1.425984829041E-03));
#1217 = VECTOR('',#1218,1.);
#1218 = DIRECTION('',(-1.,0.));
#1219 = ( GEOMETRIC_REPRESENTATION_CONTEXT(2) 
PARAMETRIC_REPRESENTATION_CONTEXT() REPRESENTATION_CONTEXT('2D SPACE',''
  ) );
#1220 = PCURVE('',#1221,#1226);
#1221 = CONICAL_SURFACE('',#1222,4.387020650819,1.563317364075);
#1222 = AXIS2_PLACEMENT_3D('',#1223,#1224,#1225);
#1223 = CARTESIAN_POINT('',(79.488138194597,0.,0.));
#1224 = DIRECTION('',(-1.,-0.,-0.));
#1225 = DIRECTION('',(0.,1.,0.));
#1226 = DEFINITIONAL_REPRESENTATION('',(#1227),#1231);
#1227 = LINE('',#1228,#1229);
#1228 = CARTESIAN_POINT('',(-0.,0.));
#1229 = VECTOR('',#1230,1.);
#1230 = DIRECTION('',(-1.,0.));
#1231 = ( GEOMETRIC_REPRESENTATION_CONTEXT(2) 
PARAMETRIC_REPRESENTATION_CONTEXT() REPRESENTATION_CONTEXT('2D SPACE',''
  ) );
#1232 = ORIENTED_EDGE('',*,*,#1183,.F.);
#1233 = ADVANCED_FACE('',(#1234),#1221,.T.);
#1234 = FACE_BOUND('',#1235,.F.);
#1235 = EDGE_LOOP('',(#1236,#1237,#1260,#1287));
#1236 = ORIENTED_EDGE('',*,*,#1206,.T.);
#1237 = ORIENTED_EDGE('',*,*,#1238,.T.);
#1238 = EDGE_CURVE('',#1184,#1239,#1241,.T.);
#1239 = VERTEX_POINT('',#1240);
#1240 = CARTESIAN_POINT('',(79.486646786612,4.586430680402,0.));
#1241 = SEAM_CURVE('',#1242,(#1246,#1253),.PCURVE_S1.);
#1242 = LINE('',#1243,#1244);
#1243 = CARTESIAN_POINT('',(79.488138194597,4.387020650819,0.));
#1244 = VECTOR('',#1245,1.);
#1245 = DIRECTION('',(-7.478892997412E-03,0.999972032689,0.));
#1246 = PCURVE('',#1221,#1247);
#1247 = DEFINITIONAL_REPRESENTATION('',(#1248),#1252);
#1248 = LINE('',#1249,#1250);
#1249 = CARTESIAN_POINT('',(-0.,0.));
#1250 = VECTOR('',#1251,1.);
#1251 = DIRECTION('',(-0.,1.));
#1252 = ( GEOMETRIC_REPRESENTATION_CONTEXT(2) 
PARAMETRIC_REPRESENTATION_CONTEXT() REPRESENTATION_CONTEXT('2D SPACE',''
  ) );
#1253 = PCURVE('',#1221,#1254);
#1254 = DEFINITIONAL_REPRESENTATION('',(#1255),#1259);
#1255 = LINE('',#1256,#1257);
#1256 = CARTESIAN_POINT('',(-6.28318530718,0.));
#1257 = VECTOR('',#1258,1.);
#1258 = DIRECTION('',(-0.,1.));
#1259 = ( GEOMETRIC_REPRESENTATION_CONTEXT(2) 
PARAMETRIC_REPRESENTATION_CONTEXT() REPRESENTATION_CONTEXT('2D SPACE',''
  ) );
#1260 = ORIENTED_EDGE('',*,*,#1261,.F.);
#1261 = EDGE_CURVE('',#1239,#1239,#1262,.T.);
#1262 = SURFACE_CURVE('',#1263,(#1268,#1275),.PCURVE_S1.);
#1263 = CIRCLE('',#1264,4.586430680402);
#1264 = AXIS2_PLACEMENT_3D('',#1265,#1266,#1267);
#1265 = CARTESIAN_POINT('',(79.486646786612,0.,0.));
#1266 = DIRECTION('',(1.,0.,0.));
#1267 = DIRECTION('',(-0.,1.,0.));
#1268 = PCURVE('',#1221,#1269);
#1269 = DEFINITIONAL_REPRESENTATION('',(#1270),#1274);
#1270 = LINE('',#1271,#1272);
#1271 = CARTESIAN_POINT('',(-0.,1.491407984531E-03));
#1272 = VECTOR('',#1273,1.);
#1273 = DIRECTION('',(-1.,0.));
#1274 = ( GEOMETRIC_REPRESENTATION_CONTEXT(2) 
PARAMETRIC_REPRESENTATION_CONTEXT() REPRESENTATION_CONTEXT('2D SPACE',''
  ) );
#1275 = PCURVE('',#1276,#1281);
#1276 = CONICAL_SURFACE('',#1277,4.586430680402,1.562989913207);
#1277 = AXIS2_PLACEMENT_3D('',#1278,#1279,#1280);
#1278 = CARTESIAN_POINT('',(79.486646786612,0.,0.));
#1279 = DIRECTION('',(-1.,-0.,-0.));
#1280 = DIRECTION('',(0.,1.,0.));
#1281 = DEFINITIONAL_REPRESENTATION('',(#1282),#1286);
#1282 = LINE('',#1283,#1284);
#1283 = CARTESIAN_POINT('',(-0.,0.));
#1284 = VECTOR('',#1285,1.);
#1285 = DIRECTION('',(-1.,0.));
#1286 = ( GEOMETRIC_REPRESENTATION_CONTEXT(2) 
PARAMETRIC_REPRESENTATION_CONTEXT() REPRESENTATION_CONTEXT('2D SPACE',''
  ) );
#1287 = ORIENTED_EDGE('',*,*,#1238,.F.);
#1288 = ADVANCED_FACE('',(#1289),#1276,.T.);
#1289 = FACE_BOUND('',#1290,.F.);
#1290 = EDGE_LOOP('',(#1291,#1292,#1315,#1342));
#1291 = ORIENTED_EDGE('',*,*,#1261,.T.);
#1292 = ORIENTED_EDGE('',*,*,#1293,.T.);
#1293 = EDGE_CURVE('',#1239,#1294,#1296,.T.);
#1294 = VERTEX_POINT('',#1295);
#1295 = CARTESIAN_POINT('',(79.485090077826,4.785840709985,0.));
#1296 = SEAM_CURVE('',#1297,(#1301,#1308),.PCURVE_S1.);
#1297 = LINE('',#1298,#1299);
#1298 = CARTESIAN_POINT('',(79.486646786612,4.586430680402,0.));
#1299 = VECTOR('',#1300,1.);
#1300 = DIRECTION('',(-7.806334301113E-03,0.999969530108,0.));
#1301 = PCURVE('',#1276,#1302);
#1302 = DEFINITIONAL_REPRESENTATION('',(#1303),#1307);
#1303 = LINE('',#1304,#1305);
#1304 = CARTESIAN_POINT('',(-0.,0.));
#1305 = VECTOR('',#1306,1.);
#1306 = DIRECTION('',(-0.,1.));
#1307 = ( GEOMETRIC_REPRESENTATION_CONTEXT(2) 
PARAMETRIC_REPRESENTATION_CONTEXT() REPRESENTATION_CONTEXT('2D SPACE',''
  ) );
#1308 = PCURVE('',#1276,#1309);
#1309 = DEFINITIONAL_REPRESENTATION('',(#1310),#1314);
#1310 = LINE('',#1311,#1312);
#1311 = CARTESIAN_POINT('',(-6.28318530718,0.));
#1312 = VECTOR('',#1313,1.);
#1313 = DIRECTION('',(-0.,1.));
#1314 = ( GEOMETRIC_REPRESENTATION_CONTEXT(2) 
PARAMETRIC_REPRESENTATION_CONTEXT() REPRESENTATION_CONTEXT('2D SPACE',''
  ) );
#1315 = ORIENTED_EDGE('',*,*,#1316,.F.);
#1316 = EDGE_CURVE('',#1294,#1294,#1317,.T.);
#1317 = SURFACE_CURVE('',#1318,(#1323,#1330),.PCURVE_S1.);
#1318 = CIRCLE('',#1319,4.785840709985);
#1319 = AXIS2_PLACEMENT_3D('',#1320,#1321,#1322);
#1320 = CARTESIAN_POINT('',(79.485090077826,0.,0.));
#1321 = DIRECTION('',(1.,0.,0.));
#1322 = DIRECTION('',(-0.,1.,0.));
#1323 = PCURVE('',#1276,#1324);
#1324 = DEFINITIONAL_REPRESENTATION('',(#1325),#1329);
#1325 = LINE('',#1326,#1327);
#1326 = CARTESIAN_POINT('',(-0.,1.556708786666E-03));
#1327 = VECTOR('',#1328,1.);
#1328 = DIRECTION('',(-1.,0.));
#1329 = ( GEOMETRIC_REPRESENTATION_CONTEXT(2) 
PARAMETRIC_REPRESENTATION_CONTEXT() REPRESENTATION_CONTEXT('2D SPACE',''
  ) );
#1330 = PCURVE('',#1331,#1336);
#1331 = CONICAL_SURFACE('',#1332,4.785840709985,1.562663104141);
#1332 = AXIS2_PLACEMENT_3D('',#1333,#1334,#1335);
#1333 = CARTESIAN_POINT('',(79.485090077826,0.,0.));
#1334 = DIRECTION('',(-1.,-0.,-0.));
#1335 = DIRECTION('',(0.,1.,0.));
#1336 = DEFINITIONAL_REPRESENTATION('',(#1337),#1341);
#1337 = LINE('',#1338,#1339);
#1338 = CARTESIAN_POINT('',(-0.,0.));
#1339 = VECTOR('',#1340,1.);
#1340 = DIRECTION('',(-1.,0.));
#1341 = ( GEOMETRIC_REPRESENTATION_CONTEXT(2) 
PARAMETRIC_REPRESENTATION_CONTEXT() REPRESENTATION_CONTEXT('2D SPACE',''
  ) );
#1342 = ORIENTED_EDGE('',*,*,#1293,.F.);
#1343 = ADVANCED_FACE('',(#1344),#1331,.T.);
#1344 = FACE_BOUND('',#1345,.F.);
#1345 = EDGE_LOOP('',(#1346,#1347,#1370,#1397));
#1346 = ORIENTED_EDGE('',*,*,#1316,.T.);
#1347 = ORIENTED_EDGE('',*,*,#1348,.T.);
#1348 = EDGE_CURVE('',#1294,#1349,#1351,.T.);
#1349 = VERTEX_POINT('',#1350);
#1350 = CARTESIAN_POINT('',(79.483468195894,4.985250739567,0.));
#1351 = SEAM_CURVE('',#1352,(#1356,#1363),.PCURVE_S1.);
#1352 = LINE('',#1353,#1354);
#1353 = CARTESIAN_POINT('',(79.485090077826,4.785840709985,0.));
#1354 = VECTOR('',#1355,1.);
#1355 = DIRECTION('',(-8.133132986117E-03,0.999966925527,0.));
#1356 = PCURVE('',#1331,#1357);
#1357 = DEFINITIONAL_REPRESENTATION('',(#1358),#1362);
#1358 = LINE('',#1359,#1360);
#1359 = CARTESIAN_POINT('',(-0.,0.));
#1360 = VECTOR('',#1361,1.);
#1361 = DIRECTION('',(-0.,1.));
#1362 = ( GEOMETRIC_REPRESENTATION_CONTEXT(2) 
PARAMETRIC_REPRESENTATION_CONTEXT() REPRESENTATION_CONTEXT('2D SPACE',''
  ) );
#1363 = PCURVE('',#1331,#1364);
#1364 = DEFINITIONAL_REPRESENTATION('',(#1365),#1369);
#1365 = LINE('',#1366,#1367);
#1366 = CARTESIAN_POINT('',(-6.28318530718,0.));
#1367 = VECTOR('',#1368,1.);
#1368 = DIRECTION('',(-0.,1.));
#1369 = ( GEOMETRIC_REPRESENTATION_CONTEXT(2) 
PARAMETRIC_REPRESENTATION_CONTEXT() REPRESENTATION_CONTEXT('2D SPACE',''
  ) );
#1370 = ORIENTED_EDGE('',*,*,#1371,.F.);
#1371 = EDGE_CURVE('',#1349,#1349,#1372,.T.);
#1372 = SURFACE_CURVE('',#1373,(#1378,#1385),.PCURVE_S1.);
#1373 = CIRCLE('',#1374,4.985250739567);
#1374 = AXIS2_PLACEMENT_3D('',#1375,#1376,#1377);
#1375 = CARTESIAN_POINT('',(79.483468195894,0.,0.));
#1376 = DIRECTION('',(1.,0.,0.));
#1377 = DIRECTION('',(-0.,1.,0.));
#1378 = PCURVE('',#1331,#1379);
#1379 = DEFINITIONAL_REPRESENTATION('',(#1380),#1384);
#1380 = LINE('',#1381,#1382);
#1381 = CARTESIAN_POINT('',(-0.,1.621881932252E-03));
#1382 = VECTOR('',#1383,1.);
#1383 = DIRECTION('',(-1.,0.));
#1384 = ( GEOMETRIC_REPRESENTATION_CONTEXT(2) 
PARAMETRIC_REPRESENTATION_CONTEXT() REPRESENTATION_CONTEXT('2D SPACE',''
  ) );
#1385 = PCURVE('',#1386,#1391);
#1386 = CONICAL_SURFACE('',#1387,4.985250739567,1.562336963443);
#1387 = AXIS2_PLACEMENT_3D('',#1388,#1389,#1390);
#1388 = CARTESIAN_POINT('',(79.483468195894,0.,0.));
#1389 = DIRECTION('',(-1.,-0.,-0.));
#1390 = DIRECTION('',(0.,1.,0.));
#1391 = DEFINITIONAL_REPRESENTATION('',(#1392),#1396);
#1392 = LINE('',#1393,#1394);
#1393 = CARTESIAN_POINT('',(-0.,0.));
#1394 = VECTOR('',#1395,1.);
#1395 = DIRECTION('',(-1.,0.));
#1396 = ( GEOMETRIC_REPRESENTATION_CONTEXT(2) 
PARAMETRIC_REPRESENTATION_CONTEXT() REPRESENTATION_CONTEXT('2D SPACE',''
  ) );
#1397 = ORIENTED_EDGE('',*,*,#1348,.F.);
#1398 = ADVANCED_FACE('',(#1399),#1386,.T.);
#1399 = FACE_BOUND('',#1400,.F.);
#1400 = EDGE_LOOP('',(#1401,#1402,#1425,#1452));
#1401 = ORIENTED_EDGE('',*,*,#1371,.T.);
#1402 = ORIENTED_EDGE('',*,*,#1403,.T.);
#1403 = EDGE_CURVE('',#1349,#1404,#1406,.T.);
#1404 = VERTEX_POINT('',#1405);
#1405 = CARTESIAN_POINT('',(79.481781273758,5.18466076915,0.));
#1406 = SEAM_CURVE('',#1407,(#1411,#1418),.PCURVE_S1.);
#1407 = LINE('',#1408,#1409);
#1408 = CARTESIAN_POINT('',(79.483468195894,4.985250739567,0.));
#1409 = VECTOR('',#1410,1.);
#1410 = DIRECTION('',(-8.459262458761E-03,0.999964219799,0.));
#1411 = PCURVE('',#1386,#1412);
#1412 = DEFINITIONAL_REPRESENTATION('',(#1413),#1417);
#1413 = LINE('',#1414,#1415);
#1414 = CARTESIAN_POINT('',(-0.,0.));
#1415 = VECTOR('',#1416,1.);
#1416 = DIRECTION('',(-0.,1.));
#1417 = ( GEOMETRIC_REPRESENTATION_CONTEXT(2) 
PARAMETRIC_REPRESENTATION_CONTEXT() REPRESENTATION_CONTEXT('2D SPACE',''
  ) );
#1418 = PCURVE('',#1386,#1419);
#1419 = DEFINITIONAL_REPRESENTATION('',(#1420),#1424);
#1420 = LINE('',#1421,#1422);
#1421 = CARTESIAN_POINT('',(-6.28318530718,0.));
#1422 = VECTOR('',#1423,1.);
#1423 = DIRECTION('',(-0.,1.));
#1424 = ( GEOMETRIC_REPRESENTATION_CONTEXT(2) 
PARAMETRIC_REPRESENTATION_CONTEXT() REPRESENTATION_CONTEXT('2D SPACE',''
  ) );
#1425 = ORIENTED_EDGE('',*,*,#1426,.F.);
#1426 = EDGE_CURVE('',#1404,#1404,#1427,.T.);
#1427 = SURFACE_CURVE('',#1428,(#1433,#1440),.PCURVE_S1.);
#1428 = CIRCLE('',#1429,5.18466076915);
#1429 = AXIS2_PLACEMENT_3D('',#1430,#1431,#1432);
#1430 = CARTESIAN_POINT('',(79.481781273758,0.,0.));
#1431 = DIRECTION('',(1.,0.,0.));
#1432 = DIRECTION('',(-0.,1.,0.));
#1433 = PCURVE('',#1386,#1434);
#1434 = DEFINITIONAL_REPRESENTATION('',(#1435),#1439);
#1435 = LINE('',#1436,#1437);
#1436 = CARTESIAN_POINT('',(-0.,1.686922135562E-03));
#1437 = VECTOR('',#1438,1.);
#1438 = DIRECTION('',(-1.,0.));
#1439 = ( GEOMETRIC_REPRESENTATION_CONTEXT(2) 
PARAMETRIC_REPRESENTATION_CONTEXT() REPRESENTATION_CONTEXT('2D SPACE',''
  ) );
#1440 = PCURVE('',#1441,#1446);
#1441 = CONICAL_SURFACE('',#1442,5.18466076915,1.562011517585);
#1442 = AXIS2_PLACEMENT_3D('',#1443,#1444,#1445);
#1443 = CARTESIAN_POINT('',(79.481781273758,0.,0.));
#1444 = DIRECTION('',(-1.,-0.,-0.));
#1445 = DIRECTION('',(0.,1.,0.));
#1446 = DEFINITIONAL_REPRESENTATION('',(#1447),#1451);
#1447 = LINE('',#1448,#1449);
#1448 = CARTESIAN_POINT('',(-0.,0.));
#1449 = VECTOR('',#1450,1.);
#1450 = DIRECTION('',(-1.,0.));
#1451 = ( GEOMETRIC_REPRESENTATION_CONTEXT(2) 
PARAMETRIC_REPRESENTATION_CONTEXT() REPRESENTATION_CONTEXT('2D SPACE',''
  ) );
#1452 = ORIENTED_EDGE('',*,*,#1403,.F.);
#1453 = ADVANCED_FACE('',(#1454),#1441,.T.);
#1454 = FACE_BOUND('',#1455,.F.);
#1455 = EDGE_LOOP('',(#1456,#1457,#1480,#1507));
#1456 = ORIENTED_EDGE('',*,*,#1426,.T.);
#1457 = ORIENTED_EDGE('',*,*,#1458,.T.);
#1458 = EDGE_CURVE('',#1404,#1459,#1461,.T.);
#1459 = VERTEX_POINT('',#1460);
#1460 = CARTESIAN_POINT('',(79.480029449629,5.384070798733,0.));
#1461 = SEAM_CURVE('',#1462,(#1466,#1473),.PCURVE_S1.);
#1462 = LINE('',#1463,#1464);
#1463 = CARTESIAN_POINT('',(79.481781273758,5.18466076915,0.));
#1464 = VECTOR('',#1465,1.);
#1465 = DIRECTION('',(-8.784696218829E-03,0.999961413812,0.));
#1466 = PCURVE('',#1441,#1467);
#1467 = DEFINITIONAL_REPRESENTATION('',(#1468),#1472);
#1468 = LINE('',#1469,#1470);
#1469 = CARTESIAN_POINT('',(-0.,0.));
#1470 = VECTOR('',#1471,1.);
#1471 = DIRECTION('',(-0.,1.));
#1472 = ( GEOMETRIC_REPRESENTATION_CONTEXT(2) 
PARAMETRIC_REPRESENTATION_CONTEXT() REPRESENTATION_CONTEXT('2D SPACE',''
  ) );
#1473 = PCURVE('',#1441,#1474);
#1474 = DEFINITIONAL_REPRESENTATION('',(#1475),#1479);
#1475 = LINE('',#1476,#1477);
#1476 = CARTESIAN_POINT('',(-6.28318530718,0.));
#1477 = VECTOR('',#1478,1.);
#1478 = DIRECTION('',(-0.,1.));
#1479 = ( GEOMETRIC_REPRESENTATION_CONTEXT(2) 
PARAMETRIC_REPRESENTATION_CONTEXT() REPRESENTATION_CONTEXT('2D SPACE',''
  ) );
#1480 = ORIENTED_EDGE('',*,*,#1481,.F.);
#1481 = EDGE_CURVE('',#1459,#1459,#1482,.T.);
#1482 = SURFACE_CURVE('',#1483,(#1488,#1495),.PCURVE_S1.);
#1483 = CIRCLE('',#1484,5.384070798733);
#1484 = AXIS2_PLACEMENT_3D('',#1485,#1486,#1487);
#1485 = CARTESIAN_POINT('',(79.480029449629,0.,0.));
#1486 = DIRECTION('',(1.,0.,0.));
#1487 = DIRECTION('',(-0.,1.,0.));
#1488 = PCURVE('',#1441,#1489);
#1489 = DEFINITIONAL_REPRESENTATION('',(#1490),#1494);
#1490 = LINE('',#1491,#1492);
#1491 = CARTESIAN_POINT('',(-0.,1.751824129087E-03));
#1492 = VECTOR('',#1493,1.);
#1493 = DIRECTION('',(-1.,0.));
#1494 = ( GEOMETRIC_REPRESENTATION_CONTEXT(2) 
PARAMETRIC_REPRESENTATION_CONTEXT() REPRESENTATION_CONTEXT('2D SPACE',''
  ) );
#1495 = PCURVE('',#1496,#1501);
#1496 = CONICAL_SURFACE('',#1497,5.384070798733,1.561686792942);
#1497 = AXIS2_PLACEMENT_3D('',#1498,#1499,#1500);
#1498 = CARTESIAN_POINT('',(79.480029449629,0.,0.));
#1499 = DIRECTION('',(-1.,-0.,-0.));
#1500 = DIRECTION('',(0.,1.,0.));
#1501 = DEFINITIONAL_REPRESENTATION('',(#1502),#1506);
#1502 = LINE('',#1503,#1504);
#1503 = CARTESIAN_POINT('',(-0.,0.));
#1504 = VECTOR('',#1505,1.);
#1505 = DIRECTION('',(-1.,0.));
#1506 = ( GEOMETRIC_REPRESENTATION_CONTEXT(2) 
PARAMETRIC_REPRESENTATION_CONTEXT() REPRESENTATION_CONTEXT('2D SPACE',''
  ) );
#1507 = ORIENTED_EDGE('',*,*,#1458,.F.);
#1508 = ADVANCED_FACE('',(#1509),#1496,.T.);
#1509 = FACE_BOUND('',#1510,.F.);
#1510 = EDGE_LOOP('',(#1511,#1512,#1535,#1562));
#1511 = ORIENTED_EDGE('',*,*,#1481,.T.);
#1512 = ORIENTED_EDGE('',*,*,#1513,.T.);
#1513 = EDGE_CURVE('',#1459,#1514,#1516,.T.);
#1514 = VERTEX_POINT('',#1515);
#1515 = CARTESIAN_POINT('',(79.478212866965,5.583480828315,0.));
#1516 = SEAM_CURVE('',#1517,(#1521,#1528),.PCURVE_S1.);
#1517 = LINE('',#1518,#1519);
#1518 = CARTESIAN_POINT('',(79.480029449629,5.384070798733,0.));
#1519 = VECTOR('',#1520,1.);
#1520 = DIRECTION('',(-9.109407862682E-03,0.999958508483,0.));
#1521 = PCURVE('',#1496,#1522);
#1522 = DEFINITIONAL_REPRESENTATION('',(#1523),#1527);
#1523 = LINE('',#1524,#1525);
#1524 = CARTESIAN_POINT('',(-0.,0.));
#1525 = VECTOR('',#1526,1.);
#1526 = DIRECTION('',(-0.,1.));
#1527 = ( GEOMETRIC_REPRESENTATION_CONTEXT(2) 
PARAMETRIC_REPRESENTATION_CONTEXT() REPRESENTATION_CONTEXT('2D SPACE',''
  ) );
#1528 = PCURVE('',#1496,#1529);
#1529 = DEFINITIONAL_REPRESENTATION('',(#1530),#1534);
#1530 = LINE('',#1531,#1532);
#1531 = CARTESIAN_POINT('',(-6.28318530718,0.));
#1532 = VECTOR('',#1533,1.);
#1533 = DIRECTION('',(-0.,1.));
#1534 = ( GEOMETRIC_REPRESENTATION_CONTEXT(2) 
PARAMETRIC_REPRESENTATION_CONTEXT() REPRESENTATION_CONTEXT('2D SPACE',''
  ) );
#1535 = ORIENTED_EDGE('',*,*,#1536,.F.);
#1536 = EDGE_CURVE('',#1514,#1514,#1537,.T.);
#1537 = SURFACE_CURVE('',#1538,(#1543,#1550),.PCURVE_S1.);
#1538 = CIRCLE('',#1539,5.583480828315);
#1539 = AXIS2_PLACEMENT_3D('',#1540,#1541,#1542);
#1540 = CARTESIAN_POINT('',(79.478212866965,0.,0.));
#1541 = DIRECTION('',(1.,0.,0.));
#1542 = DIRECTION('',(-0.,1.,0.));
#1543 = PCURVE('',#1496,#1544);
#1544 = DEFINITIONAL_REPRESENTATION('',(#1545),#1549);
#1545 = LINE('',#1546,#1547);
#1546 = CARTESIAN_POINT('',(-0.,1.816582664148E-03));
#1547 = VECTOR('',#1548,1.);
#1548 = DIRECTION('',(-1.,0.));
#1549 = ( GEOMETRIC_REPRESENTATION_CONTEXT(2) 
PARAMETRIC_REPRESENTATION_CONTEXT() REPRESENTATION_CONTEXT('2D SPACE',''
  ) );
#1550 = PCURVE('',#1551,#1556);
#1551 = CONICAL_SURFACE('',#1552,5.583480828315,1.561362815792);
#1552 = AXIS2_PLACEMENT_3D('',#1553,#1554,#1555);
#1553 = CARTESIAN_POINT('',(79.478212866965,0.,0.));
#1554 = DIRECTION('',(-1.,-0.,-0.));
#1555 = DIRECTION('',(0.,1.,0.));
#1556 = DEFINITIONAL_REPRESENTATION('',(#1557),#1561);
#1557 = LINE('',#1558,#1559);
#1558 = CARTESIAN_POINT('',(-0.,0.));
#1559 = VECTOR('',#1560,1.);
#1560 = DIRECTION('',(-1.,0.));
#1561 = ( GEOMETRIC_REPRESENTATION_CONTEXT(2) 
PARAMETRIC_REPRESENTATION_CONTEXT() REPRESENTATION_CONTEXT('2D SPACE',''
  ) );
#1562 = ORIENTED_EDGE('',*,*,#1513,.F.);
#1563 = ADVANCED_FACE('',(#1564),#1551,.T.);
#1564 = FACE_BOUND('',#1565,.F.);
#1565 = EDGE_LOOP('',(#1566,#1567,#1590,#1617));
#1566 = ORIENTED_EDGE('',*,*,#1536,.T.);
#1567 = ORIENTED_EDGE('',*,*,#1568,.T.);
#1568 = EDGE_CURVE('',#1514,#1569,#1571,.T.);
#1569 = VERTEX_POINT('',#1570);
#1570 = CARTESIAN_POINT('',(79.476331674453,5.782890857898,0.));
#1571 = SEAM_CURVE('',#1572,(#1576,#1583),.PCURVE_S1.);
#1572 = LINE('',#1573,#1574);
#1573 = CARTESIAN_POINT('',(79.478212866965,5.583480828315,0.));
#1574 = VECTOR('',#1575,1.);
#1575 = DIRECTION('',(-9.433371087033E-03,0.999955504765,0.));
#1576 = PCURVE('',#1551,#1577);
#1577 = DEFINITIONAL_REPRESENTATION('',(#1578),#1582);
#1578 = LINE('',#1579,#1580);
#1579 = CARTESIAN_POINT('',(-0.,0.));
#1580 = VECTOR('',#1581,1.);
#1581 = DIRECTION('',(-0.,1.));
#1582 = ( GEOMETRIC_REPRESENTATION_CONTEXT(2) 
PARAMETRIC_REPRESENTATION_CONTEXT() REPRESENTATION_CONTEXT('2D SPACE',''
  ) );
#1583 = PCURVE('',#1551,#1584);
#1584 = DEFINITIONAL_REPRESENTATION('',(#1585),#1589);
#1585 = LINE('',#1586,#1587);
#1586 = CARTESIAN_POINT('',(-6.28318530718,0.));
#1587 = VECTOR('',#1588,1.);
#1588 = DIRECTION('',(-0.,1.));
#1589 = ( GEOMETRIC_REPRESENTATION_CONTEXT(2) 
PARAMETRIC_REPRESENTATION_CONTEXT() REPRESENTATION_CONTEXT('2D SPACE',''
  ) );
#1590 = ORIENTED_EDGE('',*,*,#1591,.F.);
#1591 = EDGE_CURVE('',#1569,#1569,#1592,.T.);
#1592 = SURFACE_CURVE('',#1593,(#1598,#1605),.PCURVE_S1.);
#1593 = CIRCLE('',#1594,5.782890857898);
#1594 = AXIS2_PLACEMENT_3D('',#1595,#1596,#1597);
#1595 = CARTESIAN_POINT('',(79.476331674453,0.,0.));
#1596 = DIRECTION('',(1.,0.,0.));
#1597 = DIRECTION('',(-0.,1.,0.));
#1598 = PCURVE('',#1551,#1599);
#1599 = DEFINITIONAL_REPRESENTATION('',(#1600),#1604);
#1600 = LINE('',#1601,#1602);
#1601 = CARTESIAN_POINT('',(-0.,1.881192511632E-03));
#1602 = VECTOR('',#1603,1.);
#1603 = DIRECTION('',(-1.,0.));
#1604 = ( GEOMETRIC_REPRESENTATION_CONTEXT(2) 
PARAMETRIC_REPRESENTATION_CONTEXT() REPRESENTATION_CONTEXT('2D SPACE',''
  ) );
#1605 = PCURVE('',#1606,#1611);
#1606 = CONICAL_SURFACE('',#1607,5.782890857898,1.561039612307);
#1607 = AXIS2_PLACEMENT_3D('',#1608,#1609,#1610);
#1608 = CARTESIAN_POINT('',(79.476331674453,0.,0.));
#1609 = DIRECTION('',(-1.,-0.,-0.));
#1610 = DIRECTION('',(0.,1.,0.));
#1611 = DEFINITIONAL_REPRESENTATION('',(#1612),#1616);
#1612 = LINE('',#1613,#1614);
#1613 = CARTESIAN_POINT('',(-0.,0.));
#1614 = VECTOR('',#1615,1.);
#1615 = DIRECTION('',(-1.,0.));
#1616 = ( GEOMETRIC_REPRESENTATION_CONTEXT(2) 
PARAMETRIC_REPRESENTATION_CONTEXT() REPRESENTATION_CONTEXT('2D SPACE',''
  ) );
#1617 = ORIENTED_EDGE('',*,*,#1568,.F.);
#1618 = ADVANCED_FACE('',(#1619),#1606,.T.);
#1619 = FACE_BOUND('',#1620,.F.);
#1620 = EDGE_LOOP('',(#1621,#1622,#1645,#1672));
#1621 = ORIENTED_EDGE('',*,*,#1591,.T.);
#1622 = ORIENTED_EDGE('',*,*,#1623,.T.);
#1623 = EDGE_CURVE('',#1569,#1624,#1626,.T.);
#1624 = VERTEX_POINT('',#1625);
#1625 = CARTESIAN_POINT('',(79.47438602599,5.982300887481,0.));
#1626 = SEAM_CURVE('',#1627,(#1631,#1638),.PCURVE_S1.);
#1627 = LINE('',#1628,#1629);
#1628 = CARTESIAN_POINT('',(79.476331674453,5.782890857898,0.));
#1629 = VECTOR('',#1630,1.);
#1630 = DIRECTION('',(-9.75655969293E-03,0.999952403639,0.));
#1631 = PCURVE('',#1606,#1632);
#1632 = DEFINITIONAL_REPRESENTATION('',(#1633),#1637);
#1633 = LINE('',#1634,#1635);
#1634 = CARTESIAN_POINT('',(-0.,0.));
#1635 = VECTOR('',#1636,1.);
#1636 = DIRECTION('',(-0.,1.));
#1637 = ( GEOMETRIC_REPRESENTATION_CONTEXT(2) 
PARAMETRIC_REPRESENTATION_CONTEXT() REPRESENTATION_CONTEXT('2D SPACE',''
  ) );
#1638 = PCURVE('',#1606,#1639);
#1639 = DEFINITIONAL_REPRESENTATION('',(#1640),#1644);
#1640 = LINE('',#1641,#1642);
#1641 = CARTESIAN_POINT('',(-6.28318530718,0.));
#1642 = VECTOR('',#1643,1.);
#1643 = DIRECTION('',(-0.,1.));
#1644 = ( GEOMETRIC_REPRESENTATION_CONTEXT(2) 
PARAMETRIC_REPRESENTATION_CONTEXT() REPRESENTATION_CONTEXT('2D SPACE',''
  ) );
#1645 = ORIENTED_EDGE('',*,*,#1646,.F.);
#1646 = EDGE_CURVE('',#1624,#1624,#1647,.T.);
#1647 = SURFACE_CURVE('',#1648,(#1653,#1660),.PCURVE_S1.);
#1648 = CIRCLE('',#1649,5.982300887481);
#1649 = AXIS2_PLACEMENT_3D('',#1650,#1651,#1652);
#1650 = CARTESIAN_POINT('',(79.47438602599,0.,0.));
#1651 = DIRECTION('',(1.,0.,0.));
#1652 = DIRECTION('',(-0.,1.,0.));
#1653 = PCURVE('',#1606,#1654);
#1654 = DEFINITIONAL_REPRESENTATION('',(#1655),#1659);
#1655 = LINE('',#1656,#1657);
#1656 = CARTESIAN_POINT('',(-0.,1.94564846278E-03));
#1657 = VECTOR('',#1658,1.);
#1658 = DIRECTION('',(-1.,0.));
#1659 = ( GEOMETRIC_REPRESENTATION_CONTEXT(2) 
PARAMETRIC_REPRESENTATION_CONTEXT() REPRESENTATION_CONTEXT('2D SPACE',''
  ) );
#1660 = PCURVE('',#1661,#1666);
#1661 = CONICAL_SURFACE('',#1662,5.982300887481,1.560717208553);
#1662 = AXIS2_PLACEMENT_3D('',#1663,#1664,#1665);
#1663 = CARTESIAN_POINT('',(79.47438602599,0.,0.));
#1664 = DIRECTION('',(-1.,-0.,-0.));
#1665 = DIRECTION('',(0.,1.,0.));
#1666 = DEFINITIONAL_REPRESENTATION('',(#1667),#1671);
#1667 = LINE('',#1668,#1669);
#1668 = CARTESIAN_POINT('',(-0.,0.));
#1669 = VECTOR('',#1670,1.);
#1670 = DIRECTION('',(-1.,0.));
#1671 = ( GEOMETRIC_REPRESENTATION_CONTEXT(2) 
PARAMETRIC_REPRESENTATION_CONTEXT() REPRESENTATION_CONTEXT('2D SPACE',''
  ) );
#1672 = ORIENTED_EDGE('',*,*,#1623,.F.);
#1673 = ADVANCED_FACE('',(#1674),#1661,.T.);
#1674 = FACE_BOUND('',#1675,.F.);
#1675 = EDGE_LOOP('',(#1676,#1677,#1700,#1727));
#1676 = ORIENTED_EDGE('',*,*,#1646,.T.);
#1677 = ORIENTED_EDGE('',*,*,#1678,.T.);
#1678 = EDGE_CURVE('',#1624,#1679,#1681,.T.);
#1679 = VERTEX_POINT('',#1680);
#1680 = CARTESIAN_POINT('',(79.472376080661,6.181710917063,0.));
#1681 = SEAM_CURVE('',#1682,(#1686,#1693),.PCURVE_S1.);
#1682 = LINE('',#1683,#1684);
#1683 = CARTESIAN_POINT('',(79.47438602599,5.982300887481,0.));
#1684 = VECTOR('',#1685,1.);
#1685 = DIRECTION('',(-1.007894758846E-02,0.999949206118,0.));
#1686 = PCURVE('',#1661,#1687);
#1687 = DEFINITIONAL_REPRESENTATION('',(#1688),#1692);
#1688 = LINE('',#1689,#1690);
#1689 = CARTESIAN_POINT('',(-0.,0.));
#1690 = VECTOR('',#1691,1.);
#1691 = DIRECTION('',(-0.,1.));
#1692 = ( GEOMETRIC_REPRESENTATION_CONTEXT(2) 
PARAMETRIC_REPRESENTATION_CONTEXT() REPRESENTATION_CONTEXT('2D SPACE',''
  ) );
#1693 = PCURVE('',#1661,#1694);
#1694 = DEFINITIONAL_REPRESENTATION('',(#1695),#1699);
#1695 = LINE('',#1696,#1697);
#1696 = CARTESIAN_POINT('',(-6.28318530718,0.));
#1697 = VECTOR('',#1698,1.);
#1698 = DIRECTION('',(-0.,1.));
#1699 = ( GEOMETRIC_REPRESENTATION_CONTEXT(2) 
PARAMETRIC_REPRESENTATION_CONTEXT() REPRESENTATION_CONTEXT('2D SPACE',''
  ) );
#1700 = ORIENTED_EDGE('',*,*,#1701,.F.);
#1701 = EDGE_CURVE('',#1679,#1679,#1702,.T.);
#1702 = SURFACE_CURVE('',#1703,(#1708,#1715),.PCURVE_S1.);
#1703 = CIRCLE('',#1704,6.181710917063);
#1704 = AXIS2_PLACEMENT_3D('',#1705,#1706,#1707);
#1705 = CARTESIAN_POINT('',(79.472376080661,0.,0.));
#1706 = DIRECTION('',(1.,0.,0.));
#1707 = DIRECTION('',(-0.,1.,0.));
#1708 = PCURVE('',#1661,#1709);
#1709 = DEFINITIONAL_REPRESENTATION('',(#1710),#1714);
#1710 = LINE('',#1711,#1712);
#1711 = CARTESIAN_POINT('',(-0.,2.009945329704E-03));
#1712 = VECTOR('',#1713,1.);
#1713 = DIRECTION('',(-1.,0.));
#1714 = ( GEOMETRIC_REPRESENTATION_CONTEXT(2) 
PARAMETRIC_REPRESENTATION_CONTEXT() REPRESENTATION_CONTEXT('2D SPACE',''
  ) );
#1715 = PCURVE('',#1716,#1721);
#1716 = CONICAL_SURFACE('',#1717,6.181710917063,1.560395630488);
#1717 = AXIS2_PLACEMENT_3D('',#1718,#1719,#1720);
#1718 = CARTESIAN_POINT('',(79.472376080661,0.,0.));
#1719 = DIRECTION('',(-1.,-0.,-0.));
#1720 = DIRECTION('',(0.,1.,0.));
#1721 = DEFINITIONAL_REPRESENTATION('',(#1722),#1726);
#1722 = LINE('',#1723,#1724);
#1723 = CARTESIAN_POINT('',(-0.,0.));
#1724 = VECTOR('',#1725,1.);
#1725 = DIRECTION('',(-1.,0.));
#1726 = ( GEOMETRIC_REPRESENTATION_CONTEXT(2) 
PARAMETRIC_REPRESENTATION_CONTEXT() REPRESENTATION_CONTEXT('2D SPACE',''
  ) );
#1727 = ORIENTED_EDGE('',*,*,#1678,.F.);
#1728 = ADVANCED_FACE('',(#1729),#1716,.T.);
#1729 = FACE_BOUND('',#1730,.F.);
#1730 = EDGE_LOOP('',(#1731,#1732,#1755,#1782));
#1731 = ORIENTED_EDGE('',*,*,#1701,.T.);
#1732 = ORIENTED_EDGE('',*,*,#1733,.T.);
#1733 = EDGE_CURVE('',#1679,#1734,#1736,.T.);
#1734 = VERTEX_POINT('',#1735);
#1735 = CARTESIAN_POINT('',(79.470302002714,6.381120946646,0.));
#1736 = SEAM_CURVE('',#1737,(#1741,#1748),.PCURVE_S1.);
#1737 = LINE('',#1738,#1739);
#1738 = CARTESIAN_POINT('',(79.472376080661,6.181710917063,0.));
#1739 = VECTOR('',#1740,1.);
#1740 = DIRECTION('',(-1.040050879322E-02,0.999945913246,0.));
#1741 = PCURVE('',#1716,#1742);
#1742 = DEFINITIONAL_REPRESENTATION('',(#1743),#1747);
#1743 = LINE('',#1744,#1745);
#1744 = CARTESIAN_POINT('',(-0.,0.));
#1745 = VECTOR('',#1746,1.);
#1746 = DIRECTION('',(-0.,1.));
#1747 = ( GEOMETRIC_REPRESENTATION_CONTEXT(2) 
PARAMETRIC_REPRESENTATION_CONTEXT() REPRESENTATION_CONTEXT('2D SPACE',''
  ) );
#1748 = PCURVE('',#1716,#1749);
#1749 = DEFINITIONAL_REPRESENTATION('',(#1750),#1754);
#1750 = LINE('',#1751,#1752);
#1751 = CARTESIAN_POINT('',(-6.28318530718,0.));
#1752 = VECTOR('',#1753,1.);
#1753 = DIRECTION('',(-0.,1.));
#1754 = ( GEOMETRIC_REPRESENTATION_CONTEXT(2) 
PARAMETRIC_REPRESENTATION_CONTEXT() REPRESENTATION_CONTEXT('2D SPACE',''
  ) );
#1755 = ORIENTED_EDGE('',*,*,#1756,.F.);
#1756 = EDGE_CURVE('',#1734,#1734,#1757,.T.);
#1757 = SURFACE_CURVE('',#1758,(#1763,#1770),.PCURVE_S1.);
#1758 = CIRCLE('',#1759,6.381120946646);
#1759 = AXIS2_PLACEMENT_3D('',#1760,#1761,#1762);
#1760 = CARTESIAN_POINT('',(79.470302002714,0.,0.));
#1761 = DIRECTION('',(1.,0.,0.));
#1762 = DIRECTION('',(-0.,1.,0.));
#1763 = PCURVE('',#1716,#1764);
#1764 = DEFINITIONAL_REPRESENTATION('',(#1765),#1769);
#1765 = LINE('',#1766,#1767);
#1766 = CARTESIAN_POINT('',(-0.,2.074077946276E-03));
#1767 = VECTOR('',#1768,1.);
#1768 = DIRECTION('',(-1.,0.));
#1769 = ( GEOMETRIC_REPRESENTATION_CONTEXT(2) 
PARAMETRIC_REPRESENTATION_CONTEXT() REPRESENTATION_CONTEXT('2D SPACE',''
  ) );
#1770 = PCURVE('',#1771,#1776);
#1771 = CONICAL_SURFACE('',#1772,6.381120946646,1.560074903952);
#1772 = AXIS2_PLACEMENT_3D('',#1773,#1774,#1775);
#1773 = CARTESIAN_POINT('',(79.470302002714,0.,0.));
#1774 = DIRECTION('',(-1.,-0.,-0.));
#1775 = DIRECTION('',(0.,1.,0.));
#1776 = DEFINITIONAL_REPRESENTATION('',(#1777),#1781);
#1777 = LINE('',#1778,#1779);
#1778 = CARTESIAN_POINT('',(-0.,0.));
#1779 = VECTOR('',#1780,1.);
#1780 = DIRECTION('',(-1.,0.));
#1781 = ( GEOMETRIC_REPRESENTATION_CONTEXT(2) 
PARAMETRIC_REPRESENTATION_CONTEXT() REPRESENTATION_CONTEXT('2D SPACE',''
  ) );
#1782 = ORIENTED_EDGE('',*,*,#1733,.F.);
#1783 = ADVANCED_FACE('',(#1784),#1771,.T.);
#1784 = FACE_BOUND('',#1785,.F.);
#1785 = EDGE_LOOP('',(#1786,#1787,#1810,#1837));
#1786 = ORIENTED_EDGE('',*,*,#1756,.T.);
#1787 = ORIENTED_EDGE('',*,*,#1788,.T.);
#1788 = EDGE_CURVE('',#1734,#1789,#1791,.T.);
#1789 = VERTEX_POINT('',#1790);
#1790 = CARTESIAN_POINT('',(79.468163961546,6.580530976229,0.));
#1791 = SEAM_CURVE('',#1792,(#1796,#1803),.PCURVE_S1.);
#1792 = LINE('',#1793,#1794);
#1793 = CARTESIAN_POINT('',(79.470302002714,6.381120946646,0.));
#1794 = VECTOR('',#1795,1.);
#1795 = DIRECTION('',(-1.072121744146E-02,0.999942526097,0.));
#1796 = PCURVE('',#1771,#1797);
#1797 = DEFINITIONAL_REPRESENTATION('',(#1798),#1802);
#1798 = LINE('',#1799,#1800);
#1799 = CARTESIAN_POINT('',(-0.,0.));
#1800 = VECTOR('',#1801,1.);
#1801 = DIRECTION('',(-0.,1.));
#1802 = ( GEOMETRIC_REPRESENTATION_CONTEXT(2) 
PARAMETRIC_REPRESENTATION_CONTEXT() REPRESENTATION_CONTEXT('2D SPACE',''
  ) );
#1803 = PCURVE('',#1771,#1804);
#1804 = DEFINITIONAL_REPRESENTATION('',(#1805),#1809);
#1805 = LINE('',#1806,#1807);
#1806 = CARTESIAN_POINT('',(-6.28318530718,0.));
#1807 = VECTOR('',#1808,1.);
#1808 = DIRECTION('',(-0.,1.));
#1809 = ( GEOMETRIC_REPRESENTATION_CONTEXT(2) 
PARAMETRIC_REPRESENTATION_CONTEXT() REPRESENTATION_CONTEXT('2D SPACE',''
  ) );
#1810 = ORIENTED_EDGE('',*,*,#1811,.F.);
#1811 = EDGE_CURVE('',#1789,#1789,#1812,.T.);
#1812 = SURFACE_CURVE('',#1813,(#1818,#1825),.PCURVE_S1.);
#1813 = CIRCLE('',#1814,6.580530976229);
#1814 = AXIS2_PLACEMENT_3D('',#1815,#1816,#1817);
#1815 = CARTESIAN_POINT('',(79.468163961546,0.,0.));
#1816 = DIRECTION('',(1.,0.,0.));
#1817 = DIRECTION('',(-0.,1.,0.));
#1818 = PCURVE('',#1771,#1819);
#1819 = DEFINITIONAL_REPRESENTATION('',(#1820),#1824);
#1820 = LINE('',#1821,#1822);
#1821 = CARTESIAN_POINT('',(-0.,2.138041168735E-03));
#1822 = VECTOR('',#1823,1.);
#1823 = DIRECTION('',(-1.,0.));
#1824 = ( GEOMETRIC_REPRESENTATION_CONTEXT(2) 
PARAMETRIC_REPRESENTATION_CONTEXT() REPRESENTATION_CONTEXT('2D SPACE',''
  ) );
#1825 = PCURVE('',#1826,#1831);
#1826 = CONICAL_SURFACE('',#1827,6.580530976229,1.559755054671);
#1827 = AXIS2_PLACEMENT_3D('',#1828,#1829,#1830);
#1828 = CARTESIAN_POINT('',(79.468163961546,0.,0.));
#1829 = DIRECTION('',(-1.,-0.,-0.));
#1830 = DIRECTION('',(0.,1.,0.));
#1831 = DEFINITIONAL_REPRESENTATION('',(#1832),#1836);
#1832 = LINE('',#1833,#1834);
#1833 = CARTESIAN_POINT('',(-0.,0.));
#1834 = VECTOR('',#1835,1.);
#1835 = DIRECTION('',(-1.,0.));
#1836 = ( GEOMETRIC_REPRESENTATION_CONTEXT(2) 
PARAMETRIC_REPRESENTATION_CONTEXT() REPRESENTATION_CONTEXT('2D SPACE',''
  ) );
#1837 = ORIENTED_EDGE('',*,*,#1788,.F.);
#1838 = ADVANCED_FACE('',(#1839),#1826,.T.);
#1839 = FACE_BOUND('',#1840,.F.);
#1840 = EDGE_LOOP('',(#1841,#1842,#1865,#1892));
#1841 = ORIENTED_EDGE('',*,*,#1811,.T.);
#1842 = ORIENTED_EDGE('',*,*,#1843,.T.);
#1843 = EDGE_CURVE('',#1789,#1844,#1846,.T.);
#1844 = VERTEX_POINT('',#1845);
#1845 = CARTESIAN_POINT('',(79.465962131669,6.779941005811,0.));
#1846 = SEAM_CURVE('',#1847,(#1851,#1858),.PCURVE_S1.);
#1847 = LINE('',#1848,#1849);
#1848 = CARTESIAN_POINT('',(79.468163961546,6.580530976229,0.));
#1849 = VECTOR('',#1850,1.);
#1850 = DIRECTION('',(-1.104104778545E-02,0.999939045774,0.));
#1851 = PCURVE('',#1826,#1852);
#1852 = DEFINITIONAL_REPRESENTATION('',(#1853),#1857);
#1853 = LINE('',#1854,#1855);
#1854 = CARTESIAN_POINT('',(-0.,0.));
#1855 = VECTOR('',#1856,1.);
#1856 = DIRECTION('',(-0.,1.));
#1857 = ( GEOMETRIC_REPRESENTATION_CONTEXT(2) 
PARAMETRIC_REPRESENTATION_CONTEXT() REPRESENTATION_CONTEXT('2D SPACE',''
  ) );
#1858 = PCURVE('',#1826,#1859);
#1859 = DEFINITIONAL_REPRESENTATION('',(#1860),#1864);
#1860 = LINE('',#1861,#1862);
#1861 = CARTESIAN_POINT('',(-6.28318530718,0.));
#1862 = VECTOR('',#1863,1.);
#1863 = DIRECTION('',(-0.,1.));
#1864 = ( GEOMETRIC_REPRESENTATION_CONTEXT(2) 
PARAMETRIC_REPRESENTATION_CONTEXT() REPRESENTATION_CONTEXT('2D SPACE',''
  ) );
#1865 = ORIENTED_EDGE('',*,*,#1866,.F.);
#1866 = EDGE_CURVE('',#1844,#1844,#1867,.T.);
#1867 = SURFACE_CURVE('',#1868,(#1873,#1880),.PCURVE_S1.);
#1868 = CIRCLE('',#1869,6.779941005811);
#1869 = AXIS2_PLACEMENT_3D('',#1870,#1871,#1872);
#1870 = CARTESIAN_POINT('',(79.465962131669,0.,0.));
#1871 = DIRECTION('',(1.,0.,0.));
#1872 = DIRECTION('',(-0.,1.,0.));
#1873 = PCURVE('',#1826,#1874);
#1874 = DEFINITIONAL_REPRESENTATION('',(#1875),#1879);
#1875 = LINE('',#1876,#1877);
#1876 = CARTESIAN_POINT('',(-0.,2.201829876356E-03));
#1877 = VECTOR('',#1878,1.);
#1878 = DIRECTION('',(-1.,0.));
#1879 = ( GEOMETRIC_REPRESENTATION_CONTEXT(2) 
PARAMETRIC_REPRESENTATION_CONTEXT() REPRESENTATION_CONTEXT('2D SPACE',''
  ) );
#1880 = PCURVE('',#1881,#1886);
#1881 = CONICAL_SURFACE('',#1882,6.779941005811,1.55943610825);
#1882 = AXIS2_PLACEMENT_3D('',#1883,#1884,#1885);
#1883 = CARTESIAN_POINT('',(79.465962131669,0.,0.));
#1884 = DIRECTION('',(-1.,-0.,-0.));
#1885 = DIRECTION('',(0.,1.,0.));
#1886 = DEFINITIONAL_REPRESENTATION('',(#1887),#1891);
#1887 = LINE('',#1888,#1889);
#1888 = CARTESIAN_POINT('',(-0.,0.));
#1889 = VECTOR('',#1890,1.);
#1890 = DIRECTION('',(-1.,0.));
#1891 = ( GEOMETRIC_REPRESENTATION_CONTEXT(2) 
PARAMETRIC_REPRESENTATION_CONTEXT() REPRESENTATION_CONTEXT('2D SPACE',''
  ) );
#1892 = ORIENTED_EDGE('',*,*,#1843,.F.);
#1893 = ADVANCED_FACE('',(#1894),#1881,.T.);
#1894 = FACE_BOUND('',#1895,.F.);
#1895 = EDGE_LOOP('',(#1896,#1897,#1920,#1947));
#1896 = ORIENTED_EDGE('',*,*,#1866,.T.);
#1897 = ORIENTED_EDGE('',*,*,#1898,.T.);
#1898 = EDGE_CURVE('',#1844,#1899,#1901,.T.);
#1899 = VERTEX_POINT('',#1900);
#1900 = CARTESIAN_POINT('',(79.463696692697,6.979351035394,0.));
#1901 = SEAM_CURVE('',#1902,(#1906,#1913),.PCURVE_S1.);
#1902 = LINE('',#1903,#1904);
#1903 = CARTESIAN_POINT('',(79.465962131669,6.779941005811,0.));
#1904 = VECTOR('',#1905,1.);
#1905 = DIRECTION('',(-1.135997419893E-02,0.999935473411,0.));
#1906 = PCURVE('',#1881,#1907);
#1907 = DEFINITIONAL_REPRESENTATION('',(#1908),#1912);
#1908 = LINE('',#1909,#1910);
#1909 = CARTESIAN_POINT('',(-0.,0.));
#1910 = VECTOR('',#1911,1.);
#1911 = DIRECTION('',(-0.,1.));
#1912 = ( GEOMETRIC_REPRESENTATION_CONTEXT(2) 
PARAMETRIC_REPRESENTATION_CONTEXT() REPRESENTATION_CONTEXT('2D SPACE',''
  ) );
#1913 = PCURVE('',#1881,#1914);
#1914 = DEFINITIONAL_REPRESENTATION('',(#1915),#1919);
#1915 = LINE('',#1916,#1917);
#1916 = CARTESIAN_POINT('',(-6.28318530718,0.));
#1917 = VECTOR('',#1918,1.);
#1918 = DIRECTION('',(-0.,1.));
#1919 = ( GEOMETRIC_REPRESENTATION_CONTEXT(2) 
PARAMETRIC_REPRESENTATION_CONTEXT() REPRESENTATION_CONTEXT('2D SPACE',''
  ) );
#1920 = ORIENTED_EDGE('',*,*,#1921,.F.);
#1921 = EDGE_CURVE('',#1899,#1899,#1922,.T.);
#1922 = SURFACE_CURVE('',#1923,(#1928,#1935),.PCURVE_S1.);
#1923 = CIRCLE('',#1924,6.979351035394);
#1924 = AXIS2_PLACEMENT_3D('',#1925,#1926,#1927);
#1925 = CARTESIAN_POINT('',(79.463696692697,0.,0.));
#1926 = DIRECTION('',(1.,0.,0.));
#1927 = DIRECTION('',(-0.,1.,0.));
#1928 = PCURVE('',#1881,#1929);
#1929 = DEFINITIONAL_REPRESENTATION('',(#1930),#1934);
#1930 = LINE('',#1931,#1932);
#1931 = CARTESIAN_POINT('',(-0.,2.265438972117E-03));
#1932 = VECTOR('',#1933,1.);
#1933 = DIRECTION('',(-1.,0.));
#1934 = ( GEOMETRIC_REPRESENTATION_CONTEXT(2) 
PARAMETRIC_REPRESENTATION_CONTEXT() REPRESENTATION_CONTEXT('2D SPACE',''
  ) );
#1935 = PCURVE('',#1936,#1941);
#1936 = CONICAL_SURFACE('',#1937,6.979351035394,1.559118090167);
#1937 = AXIS2_PLACEMENT_3D('',#1938,#1939,#1940);
#1938 = CARTESIAN_POINT('',(79.463696692697,0.,0.));
#1939 = DIRECTION('',(-1.,-0.,-0.));
#1940 = DIRECTION('',(0.,1.,0.));
#1941 = DEFINITIONAL_REPRESENTATION('',(#1942),#1946);
#1942 = LINE('',#1943,#1944);
#1943 = CARTESIAN_POINT('',(-0.,0.));
#1944 = VECTOR('',#1945,1.);
#1945 = DIRECTION('',(-1.,0.));
#1946 = ( GEOMETRIC_REPRESENTATION_CONTEXT(2) 
PARAMETRIC_REPRESENTATION_CONTEXT() REPRESENTATION_CONTEXT('2D SPACE',''
  ) );
#1947 = ORIENTED_EDGE('',*,*,#1898,.F.);
#1948 = ADVANCED_FACE('',(#1949),#1936,.T.);
#1949 = FACE_BOUND('',#1950,.F.);
#1950 = EDGE_LOOP('',(#1951,#1952,#1975,#2002));
#1951 = ORIENTED_EDGE('',*,*,#1921,.T.);
#1952 = ORIENTED_EDGE('',*,*,#1953,.T.);
#1953 = EDGE_CURVE('',#1899,#1954,#1956,.T.);
#1954 = VERTEX_POINT('',#1955);
#1955 = CARTESIAN_POINT('',(79.461367829314,7.178761064977,0.));
#1956 = SEAM_CURVE('',#1957,(#1961,#1968),.PCURVE_S1.);
#1957 = LINE('',#1958,#1959);
#1958 = CARTESIAN_POINT('',(79.463696692697,6.979351035394,0.));
#1959 = VECTOR('',#1960,1.);
#1960 = DIRECTION('',(-1.167797118121E-02,0.99993181017,0.));
#1961 = PCURVE('',#1936,#1962);
#1962 = DEFINITIONAL_REPRESENTATION('',(#1963),#1967);
#1963 = LINE('',#1964,#1965);
#1964 = CARTESIAN_POINT('',(-0.,0.));
#1965 = VECTOR('',#1966,1.);
#1966 = DIRECTION('',(-0.,1.));
#1967 = ( GEOMETRIC_REPRESENTATION_CONTEXT(2) 
PARAMETRIC_REPRESENTATION_CONTEXT() REPRESENTATION_CONTEXT('2D SPACE',''
  ) );
#1968 = PCURVE('',#1936,#1969);
#1969 = DEFINITIONAL_REPRESENTATION('',(#1970),#1974);
#1970 = LINE('',#1971,#1972);
#1971 = CARTESIAN_POINT('',(-6.28318530718,0.));
#1972 = VECTOR('',#1973,1.);
#1973 = DIRECTION('',(-0.,1.));
#1974 = ( GEOMETRIC_REPRESENTATION_CONTEXT(2) 
PARAMETRIC_REPRESENTATION_CONTEXT() REPRESENTATION_CONTEXT('2D SPACE',''
  ) );
#1975 = ORIENTED_EDGE('',*,*,#1976,.F.);
#1976 = EDGE_CURVE('',#1954,#1954,#1977,.T.);
#1977 = SURFACE_CURVE('',#1978,(#1983,#1990),.PCURVE_S1.);
#1978 = CIRCLE('',#1979,7.178761064977);
#1979 = AXIS2_PLACEMENT_3D('',#1980,#1981,#1982);
#1980 = CARTESIAN_POINT('',(79.461367829314,0.,0.));
#1981 = DIRECTION('',(1.,0.,0.));
#1982 = DIRECTION('',(-0.,1.,0.));
#1983 = PCURVE('',#1936,#1984);
#1984 = DEFINITIONAL_REPRESENTATION('',(#1985),#1989);
#1985 = LINE('',#1986,#1987);
#1986 = CARTESIAN_POINT('',(-0.,2.328863383511E-03));
#1987 = VECTOR('',#1988,1.);
#1988 = DIRECTION('',(-1.,0.));
#1989 = ( GEOMETRIC_REPRESENTATION_CONTEXT(2) 
PARAMETRIC_REPRESENTATION_CONTEXT() REPRESENTATION_CONTEXT('2D SPACE',''
  ) );
#1990 = PCURVE('',#1991,#1996);
#1991 = CONICAL_SURFACE('',#1992,7.178761064977,1.558801025776);
#1992 = AXIS2_PLACEMENT_3D('',#1993,#1994,#1995);
#1993 = CARTESIAN_POINT('',(79.461367829314,0.,0.));
#1994 = DIRECTION('',(-1.,-0.,-0.));
#1995 = DIRECTION('',(0.,1.,0.));
#1996 = DEFINITIONAL_REPRESENTATION('',(#1997),#2001);
#1997 = LINE('',#1998,#1999);
#1998 = CARTESIAN_POINT('',(-0.,0.));
#1999 = VECTOR('',#2000,1.);
#2000 = DIRECTION('',(-1.,0.));
#2001 = ( GEOMETRIC_REPRESENTATION_CONTEXT(2) 
PARAMETRIC_REPRESENTATION_CONTEXT() REPRESENTATION_CONTEXT('2D SPACE',''
  ) );
#2002 = ORIENTED_EDGE('',*,*,#1953,.F.);
#2003 = ADVANCED_FACE('',(#2004),#1991,.T.);
#2004 = FACE_BOUND('',#2005,.F.);
#2005 = EDGE_LOOP('',(#2006,#2007,#2030,#2057));
#2006 = ORIENTED_EDGE('',*,*,#1976,.T.);
#2007 = ORIENTED_EDGE('',*,*,#2008,.T.);
#2008 = EDGE_CURVE('',#1954,#2009,#2011,.T.);
#2009 = VERTEX_POINT('',#2010);
#2010 = CARTESIAN_POINT('',(79.458975731251,7.378171094559,0.));
#2011 = SEAM_CURVE('',#2012,(#2016,#2023),.PCURVE_S1.);
#2012 = LINE('',#2013,#2014);
#2013 = CARTESIAN_POINT('',(79.461367829314,7.178761064977,0.));
#2014 = VECTOR('',#2015,1.);
#2015 = DIRECTION('',(-1.199501335963E-02,0.999928057239,0.));
#2016 = PCURVE('',#1991,#2017);
#2017 = DEFINITIONAL_REPRESENTATION('',(#2018),#2022);
#2018 = LINE('',#2019,#2020);
#2019 = CARTESIAN_POINT('',(-0.,0.));
#2020 = VECTOR('',#2021,1.);
#2021 = DIRECTION('',(-0.,1.));
#2022 = ( GEOMETRIC_REPRESENTATION_CONTEXT(2) 
PARAMETRIC_REPRESENTATION_CONTEXT() REPRESENTATION_CONTEXT('2D SPACE',''
  ) );
#2023 = PCURVE('',#1991,#2024);
#2024 = DEFINITIONAL_REPRESENTATION('',(#2025),#2029);
#2025 = LINE('',#2026,#2027);
#2026 = CARTESIAN_POINT('',(-6.28318530718,0.));
#2027 = VECTOR('',#2028,1.);
#2028 = DIRECTION('',(-0.,1.));
#2029 = ( GEOMETRIC_REPRESENTATION_CONTEXT(2) 
PARAMETRIC_REPRESENTATION_CONTEXT() REPRESENTATION_CONTEXT('2D SPACE',''
  ) );
#2030 = ORIENTED_EDGE('',*,*,#2031,.F.);
#2031 = EDGE_CURVE('',#2009,#2009,#2032,.T.);
#2032 = SURFACE_CURVE('',#2033,(#2038,#2045),.PCURVE_S1.);
#2033 = CIRCLE('',#2034,7.378171094559);
#2034 = AXIS2_PLACEMENT_3D('',#2035,#2036,#2037);
#2035 = CARTESIAN_POINT('',(79.458975731251,0.,0.));
#2036 = DIRECTION('',(1.,0.,0.));
#2037 = DIRECTION('',(-0.,1.,0.));
#2038 = PCURVE('',#1991,#2039);
#2039 = DEFINITIONAL_REPRESENTATION('',(#2040),#2044);
#2040 = LINE('',#2041,#2042);
#2041 = CARTESIAN_POINT('',(-0.,2.392098063027E-03));
#2042 = VECTOR('',#2043,1.);
#2043 = DIRECTION('',(-1.,0.));
#2044 = ( GEOMETRIC_REPRESENTATION_CONTEXT(2) 
PARAMETRIC_REPRESENTATION_CONTEXT() REPRESENTATION_CONTEXT('2D SPACE',''
  ) );
#2045 = PCURVE('',#2046,#2051);
#2046 = CONICAL_SURFACE('',#2047,7.378171094559,1.558484940297);
#2047 = AXIS2_PLACEMENT_3D('',#2048,#2049,#2050);
#2048 = CARTESIAN_POINT('',(79.458975731251,0.,0.));
#2049 = DIRECTION('',(-1.,-0.,-0.));
#2050 = DIRECTION('',(0.,1.,0.));
#2051 = DEFINITIONAL_REPRESENTATION('',(#2052),#2056);
#2052 = LINE('',#2053,#2054);
#2053 = CARTESIAN_POINT('',(-0.,0.));
#2054 = VECTOR('',#2055,1.);
#2055 = DIRECTION('',(-1.,0.));
#2056 = ( GEOMETRIC_REPRESENTATION_CONTEXT(2) 
PARAMETRIC_REPRESENTATION_CONTEXT() REPRESENTATION_CONTEXT('2D SPACE',''
  ) );
#2057 = ORIENTED_EDGE('',*,*,#2008,.F.);
#2058 = ADVANCED_FACE('',(#2059),#2046,.T.);
#2059 = FACE_BOUND('',#2060,.F.);
#2060 = EDGE_LOOP('',(#2061,#2062,#2085,#2112));
#2061 = ORIENTED_EDGE('',*,*,#2031,.T.);
#2062 = ORIENTED_EDGE('',*,*,#2063,.T.);
#2063 = EDGE_CURVE('',#2009,#2064,#2066,.T.);
#2064 = VERTEX_POINT('',#2065);
#2065 = CARTESIAN_POINT('',(79.456520593262,7.577581124142,0.));
#2066 = SEAM_CURVE('',#2067,(#2071,#2078),.PCURVE_S1.);
#2067 = LINE('',#2068,#2069);
#2068 = CARTESIAN_POINT('',(79.458975731251,7.378171094559,0.));
#2069 = VECTOR('',#2070,1.);
#2070 = DIRECTION('',(-1.231107549366E-02,0.999924215838,0.));
#2071 = PCURVE('',#2046,#2072);
#2072 = DEFINITIONAL_REPRESENTATION('',(#2073),#2077);
#2073 = LINE('',#2074,#2075);
#2074 = CARTESIAN_POINT('',(-0.,0.));
#2075 = VECTOR('',#2076,1.);
#2076 = DIRECTION('',(-0.,1.));
#2077 = ( GEOMETRIC_REPRESENTATION_CONTEXT(2) 
PARAMETRIC_REPRESENTATION_CONTEXT() REPRESENTATION_CONTEXT('2D SPACE',''
  ) );
#2078 = PCURVE('',#2046,#2079);
#2079 = DEFINITIONAL_REPRESENTATION('',(#2080),#2084);
#2080 = LINE('',#2081,#2082);
#2081 = CARTESIAN_POINT('',(-6.28318530718,0.));
#2082 = VECTOR('',#2083,1.);
#2083 = DIRECTION('',(-0.,1.));
#2084 = ( GEOMETRIC_REPRESENTATION_CONTEXT(2) 
PARAMETRIC_REPRESENTATION_CONTEXT() REPRESENTATION_CONTEXT('2D SPACE',''
  ) );
#2085 = ORIENTED_EDGE('',*,*,#2086,.F.);
#2086 = EDGE_CURVE('',#2064,#2064,#2087,.T.);
#2087 = SURFACE_CURVE('',#2088,(#2093,#2100),.PCURVE_S1.);
#2088 = CIRCLE('',#2089,7.577581124142);
#2089 = AXIS2_PLACEMENT_3D('',#2090,#2091,#2092);
#2090 = CARTESIAN_POINT('',(79.456520593262,0.,0.));
#2091 = DIRECTION('',(1.,0.,0.));
#2092 = DIRECTION('',(-0.,1.,0.));
#2093 = PCURVE('',#2046,#2094);
#2094 = DEFINITIONAL_REPRESENTATION('',(#2095),#2099);
#2095 = LINE('',#2096,#2097);
#2096 = CARTESIAN_POINT('',(-0.,2.45513798896E-03));
#2097 = VECTOR('',#2098,1.);
#2098 = DIRECTION('',(-1.,0.));
#2099 = ( GEOMETRIC_REPRESENTATION_CONTEXT(2) 
PARAMETRIC_REPRESENTATION_CONTEXT() REPRESENTATION_CONTEXT('2D SPACE',''
  ) );
#2100 = PCURVE('',#2101,#2106);
#2101 = CONICAL_SURFACE('',#2102,7.577581124142,1.558169858818);
#2102 = AXIS2_PLACEMENT_3D('',#2103,#2104,#2105);
#2103 = CARTESIAN_POINT('',(79.456520593262,0.,0.));
#2104 = DIRECTION('',(-1.,-0.,-0.));
#2105 = DIRECTION('',(0.,1.,0.));
#2106 = DEFINITIONAL_REPRESENTATION('',(#2107),#2111);
#2107 = LINE('',#2108,#2109);
#2108 = CARTESIAN_POINT('',(-0.,0.));
#2109 = VECTOR('',#2110,1.);
#2110 = DIRECTION('',(-1.,0.));
#2111 = ( GEOMETRIC_REPRESENTATION_CONTEXT(2) 
PARAMETRIC_REPRESENTATION_CONTEXT() REPRESENTATION_CONTEXT('2D SPACE',''
  ) );
#2112 = ORIENTED_EDGE('',*,*,#2063,.F.);
#2113 = ADVANCED_FACE('',(#2114),#2101,.T.);
#2114 = FACE_BOUND('',#2115,.F.);
#2115 = EDGE_LOOP('',(#2116,#2117,#2140,#2167));
#2116 = ORIENTED_EDGE('',*,*,#2086,.T.);
#2117 = ORIENTED_EDGE('',*,*,#2118,.T.);
#2118 = EDGE_CURVE('',#2064,#2119,#2121,.T.);
#2119 = VERTEX_POINT('',#2120);
#2120 = CARTESIAN_POINT('',(79.454002615096,7.776991153725,0.));
#2121 = SEAM_CURVE('',#2122,(#2126,#2133),.PCURVE_S1.);
#2122 = LINE('',#2123,#2124);
#2123 = CARTESIAN_POINT('',(79.456520593262,7.577581124142,0.));
#2124 = VECTOR('',#2125,1.);
#2125 = DIRECTION('',(-1.262613247821E-02,0.999920287212,0.));
#2126 = PCURVE('',#2101,#2127);
#2127 = DEFINITIONAL_REPRESENTATION('',(#2128),#2132);
#2128 = LINE('',#2129,#2130);
#2129 = CARTESIAN_POINT('',(-0.,0.));
#2130 = VECTOR('',#2131,1.);
#2131 = DIRECTION('',(-0.,1.));
#2132 = ( GEOMETRIC_REPRESENTATION_CONTEXT(2) 
PARAMETRIC_REPRESENTATION_CONTEXT() REPRESENTATION_CONTEXT('2D SPACE',''
  ) );
#2133 = PCURVE('',#2101,#2134);
#2134 = DEFINITIONAL_REPRESENTATION('',(#2135),#2139);
#2135 = LINE('',#2136,#2137);
#2136 = CARTESIAN_POINT('',(-6.28318530718,0.));
#2137 = VECTOR('',#2138,1.);
#2138 = DIRECTION('',(-0.,1.));
#2139 = ( GEOMETRIC_REPRESENTATION_CONTEXT(2) 
PARAMETRIC_REPRESENTATION_CONTEXT() REPRESENTATION_CONTEXT('2D SPACE',''
  ) );
#2140 = ORIENTED_EDGE('',*,*,#2141,.F.);
#2141 = EDGE_CURVE('',#2119,#2119,#2142,.T.);
#2142 = SURFACE_CURVE('',#2143,(#2148,#2155),.PCURVE_S1.);
#2143 = CIRCLE('',#2144,7.776991153725);
#2144 = AXIS2_PLACEMENT_3D('',#2145,#2146,#2147);
#2145 = CARTESIAN_POINT('',(79.454002615096,0.,0.));
#2146 = DIRECTION('',(1.,0.,0.));
#2147 = DIRECTION('',(-0.,1.,0.));
#2148 = PCURVE('',#2101,#2149);
#2149 = DEFINITIONAL_REPRESENTATION('',(#2150),#2154);
#2150 = LINE('',#2151,#2152);
#2151 = CARTESIAN_POINT('',(-0.,2.517978166054E-03));
#2152 = VECTOR('',#2153,1.);
#2153 = DIRECTION('',(-1.,0.));
#2154 = ( GEOMETRIC_REPRESENTATION_CONTEXT(2) 
PARAMETRIC_REPRESENTATION_CONTEXT() REPRESENTATION_CONTEXT('2D SPACE',''
  ) );
#2155 = PCURVE('',#2156,#2161);
#2156 = CONICAL_SURFACE('',#2157,7.776991153725,1.557855806288);
#2157 = AXIS2_PLACEMENT_3D('',#2158,#2159,#2160);
#2158 = CARTESIAN_POINT('',(79.454002615096,0.,0.));
#2159 = DIRECTION('',(-1.,-0.,-0.));
#2160 = DIRECTION('',(0.,1.,0.));
#2161 = DEFINITIONAL_REPRESENTATION('',(#2162),#2166);
#2162 = LINE('',#2163,#2164);
#2163 = CARTESIAN_POINT('',(-0.,0.));
#2164 = VECTOR('',#2165,1.);
#2165 = DIRECTION('',(-1.,0.));
#2166 = ( GEOMETRIC_REPRESENTATION_CONTEXT(2) 
PARAMETRIC_REPRESENTATION_CONTEXT() REPRESENTATION_CONTEXT('2D SPACE',''
  ) );
#2167 = ORIENTED_EDGE('',*,*,#2118,.F.);
#2168 = ADVANCED_FACE('',(#2169),#2156,.T.);
#2169 = FACE_BOUND('',#2170,.F.);
#2170 = EDGE_LOOP('',(#2171,#2172,#2195,#2222));
#2171 = ORIENTED_EDGE('',*,*,#2141,.T.);
#2172 = ORIENTED_EDGE('',*,*,#2173,.T.);
#2173 = EDGE_CURVE('',#2119,#2174,#2176,.T.);
#2174 = VERTEX_POINT('',#2175);
#2175 = CARTESIAN_POINT('',(79.45142200147,7.976401183308,0.));
#2176 = SEAM_CURVE('',#2177,(#2181,#2188),.PCURVE_S1.);
#2177 = LINE('',#2178,#2179);
#2178 = CARTESIAN_POINT('',(79.454002615096,7.776991153725,0.));
#2179 = VECTOR('',#2180,1.);
#2180 = DIRECTION('',(-1.294015934631E-02,0.999916272633,0.));
#2181 = PCURVE('',#2156,#2182);
#2182 = DEFINITIONAL_REPRESENTATION('',(#2183),#2187);
#2183 = LINE('',#2184,#2185);
#2184 = CARTESIAN_POINT('',(-0.,0.));
#2185 = VECTOR('',#2186,1.);
#2186 = DIRECTION('',(-0.,1.));
#2187 = ( GEOMETRIC_REPRESENTATION_CONTEXT(2) 
PARAMETRIC_REPRESENTATION_CONTEXT() REPRESENTATION_CONTEXT('2D SPACE',''
  ) );
#2188 = PCURVE('',#2156,#2189);
#2189 = DEFINITIONAL_REPRESENTATION('',(#2190),#2194);
#2190 = LINE('',#2191,#2192);
#2191 = CARTESIAN_POINT('',(-6.28318530718,0.));
#2192 = VECTOR('',#2193,1.);
#2193 = DIRECTION('',(-0.,1.));
#2194 = ( GEOMETRIC_REPRESENTATION_CONTEXT(2) 
PARAMETRIC_REPRESENTATION_CONTEXT() REPRESENTATION_CONTEXT('2D SPACE',''
  ) );
#2195 = ORIENTED_EDGE('',*,*,#2196,.F.);
#2196 = EDGE_CURVE('',#2174,#2174,#2197,.T.);
#2197 = SURFACE_CURVE('',#2198,(#2203,#2210),.PCURVE_S1.);
#2198 = CIRCLE('',#2199,7.976401183308);
#2199 = AXIS2_PLACEMENT_3D('',#2200,#2201,#2202);
#2200 = CARTESIAN_POINT('',(79.45142200147,0.,0.));
#2201 = DIRECTION('',(1.,0.,0.));
#2202 = DIRECTION('',(-0.,1.,0.));
#2203 = PCURVE('',#2156,#2204);
#2204 = DEFINITIONAL_REPRESENTATION('',(#2205),#2209);
#2205 = LINE('',#2206,#2207);
#2206 = CARTESIAN_POINT('',(-0.,2.580613626037E-03));
#2207 = VECTOR('',#2208,1.);
#2208 = DIRECTION('',(-1.,0.));
#2209 = ( GEOMETRIC_REPRESENTATION_CONTEXT(2) 
PARAMETRIC_REPRESENTATION_CONTEXT() REPRESENTATION_CONTEXT('2D SPACE',''
  ) );
#2210 = PCURVE('',#2211,#2216);
#2211 = CONICAL_SURFACE('',#2212,7.976401183308,1.557542807515);
#2212 = AXIS2_PLACEMENT_3D('',#2213,#2214,#2215);
#2213 = CARTESIAN_POINT('',(79.45142200147,0.,0.));
#2214 = DIRECTION('',(-1.,-0.,-0.));
#2215 = DIRECTION('',(0.,1.,0.));
#2216 = DEFINITIONAL_REPRESENTATION('',(#2217),#2221);
#2217 = LINE('',#2218,#2219);
#2218 = CARTESIAN_POINT('',(-0.,0.));
#2219 = VECTOR('',#2220,1.);
#2220 = DIRECTION('',(-1.,0.));
#2221 = ( GEOMETRIC_REPRESENTATION_CONTEXT(2) 
PARAMETRIC_REPRESENTATION_CONTEXT() REPRESENTATION_CONTEXT('2D SPACE',''
  ) );
#2222 = ORIENTED_EDGE('',*,*,#2173,.F.);
#2223 = ADVANCED_FACE('',(#2224),#2211,.T.);
#2224 = FACE_BOUND('',#2225,.F.);
#2225 = EDGE_LOOP('',(#2226,#2227,#2250,#2277));
#2226 = ORIENTED_EDGE('',*,*,#2196,.T.);
#2227 = ORIENTED_EDGE('',*,*,#2228,.T.);
#2228 = EDGE_CURVE('',#2174,#2229,#2231,.T.);
#2229 = VERTEX_POINT('',#2230);
#2230 = CARTESIAN_POINT('',(79.448778962041,8.17581121289,0.));
#2231 = SEAM_CURVE('',#2232,(#2236,#2243),.PCURVE_S1.);
#2232 = LINE('',#2233,#2234);
#2233 = CARTESIAN_POINT('',(79.45142200147,7.976401183308,0.));
#2234 = VECTOR('',#2235,1.);
#2235 = DIRECTION('',(-1.325313127362E-02,0.999912173399,0.));
#2236 = PCURVE('',#2211,#2237);
#2237 = DEFINITIONAL_REPRESENTATION('',(#2238),#2242);
#2238 = LINE('',#2239,#2240);
#2239 = CARTESIAN_POINT('',(-0.,0.));
#2240 = VECTOR('',#2241,1.);
#2241 = DIRECTION('',(-0.,1.));
#2242 = ( GEOMETRIC_REPRESENTATION_CONTEXT(2) 
PARAMETRIC_REPRESENTATION_CONTEXT() REPRESENTATION_CONTEXT('2D SPACE',''
  ) );
#2243 = PCURVE('',#2211,#2244);
#2244 = DEFINITIONAL_REPRESENTATION('',(#2245),#2249);
#2245 = LINE('',#2246,#2247);
#2246 = CARTESIAN_POINT('',(-6.28318530718,0.));
#2247 = VECTOR('',#2248,1.);
#2248 = DIRECTION('',(-0.,1.));
#2249 = ( GEOMETRIC_REPRESENTATION_CONTEXT(2) 
PARAMETRIC_REPRESENTATION_CONTEXT() REPRESENTATION_CONTEXT('2D SPACE',''
  ) );
#2250 = ORIENTED_EDGE('',*,*,#2251,.F.);
#2251 = EDGE_CURVE('',#2229,#2229,#2252,.T.);
#2252 = SURFACE_CURVE('',#2253,(#2258,#2265),.PCURVE_S1.);
#2253 = CIRCLE('',#2254,8.17581121289);
#2254 = AXIS2_PLACEMENT_3D('',#2255,#2256,#2257);
#2255 = CARTESIAN_POINT('',(79.448778962041,0.,0.));
#2256 = DIRECTION('',(1.,0.,0.));
#2257 = DIRECTION('',(-0.,1.,0.));
#2258 = PCURVE('',#2211,#2259);
#2259 = DEFINITIONAL_REPRESENTATION('',(#2260),#2264);
#2260 = LINE('',#2261,#2262);
#2261 = CARTESIAN_POINT('',(-0.,2.643039428506E-03));
#2262 = VECTOR('',#2263,1.);
#2263 = DIRECTION('',(-1.,0.));
#2264 = ( GEOMETRIC_REPRESENTATION_CONTEXT(2) 
PARAMETRIC_REPRESENTATION_CONTEXT() REPRESENTATION_CONTEXT('2D SPACE',''
  ) );
#2265 = PCURVE('',#2266,#2271);
#2266 = CONICAL_SURFACE('',#2267,8.17581121289,1.557230887163);
#2267 = AXIS2_PLACEMENT_3D('',#2268,#2269,#2270);
#2268 = CARTESIAN_POINT('',(79.448778962041,0.,0.));
#2269 = DIRECTION('',(-1.,-0.,-0.));
#2270 = DIRECTION('',(0.,1.,0.));
#2271 = DEFINITIONAL_REPRESENTATION('',(#2272),#2276);
#2272 = LINE('',#2273,#2274);
#2273 = CARTESIAN_POINT('',(-0.,0.));
#2274 = VECTOR('',#2275,1.);
#2275 = DIRECTION('',(-1.,0.));
#2276 = ( GEOMETRIC_REPRESENTATION_CONTEXT(2) 
PARAMETRIC_REPRESENTATION_CONTEXT() REPRESENTATION_CONTEXT('2D SPACE',''
  ) );
#2277 = ORIENTED_EDGE('',*,*,#2228,.F.);
#2278 = ADVANCED_FACE('',(#2279),#2266,.T.);
#2279 = FACE_BOUND('',#2280,.F.);
#2280 = EDGE_LOOP('',(#2281,#2282,#2305,#2332));
#2281 = ORIENTED_EDGE('',*,*,#2251,.T.);
#2282 = ORIENTED_EDGE('',*,*,#2283,.T.);
#2283 = EDGE_CURVE('',#2229,#2284,#2286,.T.);
#2284 = VERTEX_POINT('',#2285);
#2285 = CARTESIAN_POINT('',(79.44607371138,8.375221242473,0.));
#2286 = SEAM_CURVE('',#2287,(#2291,#2298),.PCURVE_S1.);
#2287 = LINE('',#2288,#2289);
#2288 = CARTESIAN_POINT('',(79.448778962041,8.17581121289,0.));
#2289 = VECTOR('',#2290,1.);
#2290 = DIRECTION('',(-1.356502358066E-02,0.999907990835,0.));
#2291 = PCURVE('',#2266,#2292);
#2292 = DEFINITIONAL_REPRESENTATION('',(#2293),#2297);
#2293 = LINE('',#2294,#2295);
#2294 = CARTESIAN_POINT('',(-0.,0.));
#2295 = VECTOR('',#2296,1.);
#2296 = DIRECTION('',(-0.,1.));
#2297 = ( GEOMETRIC_REPRESENTATION_CONTEXT(2) 
PARAMETRIC_REPRESENTATION_CONTEXT() REPRESENTATION_CONTEXT('2D SPACE',''
  ) );
#2298 = PCURVE('',#2266,#2299);
#2299 = DEFINITIONAL_REPRESENTATION('',(#2300),#2304);
#2300 = LINE('',#2301,#2302);
#2301 = CARTESIAN_POINT('',(-6.28318530718,0.));
#2302 = VECTOR('',#2303,1.);
#2303 = DIRECTION('',(-0.,1.));
#2304 = ( GEOMETRIC_REPRESENTATION_CONTEXT(2) 
PARAMETRIC_REPRESENTATION_CONTEXT() REPRESENTATION_CONTEXT('2D SPACE',''
  ) );
#2305 = ORIENTED_EDGE('',*,*,#2306,.F.);
#2306 = EDGE_CURVE('',#2284,#2284,#2307,.T.);
#2307 = SURFACE_CURVE('',#2308,(#2313,#2320),.PCURVE_S1.);
#2308 = CIRCLE('',#2309,8.375221242473);
#2309 = AXIS2_PLACEMENT_3D('',#2310,#2311,#2312);
#2310 = CARTESIAN_POINT('',(79.44607371138,0.,0.));
#2311 = DIRECTION('',(1.,0.,0.));
#2312 = DIRECTION('',(-0.,1.,0.));
#2313 = PCURVE('',#2266,#2314);
#2314 = DEFINITIONAL_REPRESENTATION('',(#2315),#2319);
#2315 = LINE('',#2316,#2317);
#2316 = CARTESIAN_POINT('',(-0.,2.705250661364E-03));
#2317 = VECTOR('',#2318,1.);
#2318 = DIRECTION('',(-1.,0.));
#2319 = ( GEOMETRIC_REPRESENTATION_CONTEXT(2) 
PARAMETRIC_REPRESENTATION_CONTEXT() REPRESENTATION_CONTEXT('2D SPACE',''
  ) );
#2320 = PCURVE('',#2321,#2326);
#2321 = CONICAL_SURFACE('',#2322,8.375221242473,1.556920069749);
#2322 = AXIS2_PLACEMENT_3D('',#2323,#2324,#2325);
#2323 = CARTESIAN_POINT('',(79.44607371138,0.,0.));
#2324 = DIRECTION('',(-1.,-0.,-0.));
#2325 = DIRECTION('',(0.,1.,0.));
#2326 = DEFINITIONAL_REPRESENTATION('',(#2327),#2331);
#2327 = LINE('',#2328,#2329);
#2328 = CARTESIAN_POINT('',(-0.,0.));
#2329 = VECTOR('',#2330,1.);
#2330 = DIRECTION('',(-1.,0.));
#2331 = ( GEOMETRIC_REPRESENTATION_CONTEXT(2) 
PARAMETRIC_REPRESENTATION_CONTEXT() REPRESENTATION_CONTEXT('2D SPACE',''
  ) );
#2332 = ORIENTED_EDGE('',*,*,#2283,.F.);
#2333 = ADVANCED_FACE('',(#2334),#2321,.T.);
#2334 = FACE_BOUND('',#2335,.F.);
#2335 = EDGE_LOOP('',(#2336,#2337,#2360,#2387));
#2336 = ORIENTED_EDGE('',*,*,#2306,.T.);
#2337 = ORIENTED_EDGE('',*,*,#2338,.T.);
#2338 = EDGE_CURVE('',#2284,#2339,#2341,.T.);
#2339 = VERTEX_POINT('',#2340);
#2340 = CARTESIAN_POINT('',(79.443306468938,8.574631272056,0.));
#2341 = SEAM_CURVE('',#2342,(#2346,#2353),.PCURVE_S1.);
#2342 = LINE('',#2343,#2344);
#2343 = CARTESIAN_POINT('',(79.44607371138,8.375221242473,0.));
#2344 = VECTOR('',#2345,1.);
#2345 = DIRECTION('',(-1.387581173647E-02,0.99990372629,0.));
#2346 = PCURVE('',#2321,#2347);
#2347 = DEFINITIONAL_REPRESENTATION('',(#2348),#2352);
#2348 = LINE('',#2349,#2350);
#2349 = CARTESIAN_POINT('',(-0.,0.));
#2350 = VECTOR('',#2351,1.);
#2351 = DIRECTION('',(-0.,1.));
#2352 = ( GEOMETRIC_REPRESENTATION_CONTEXT(2) 
PARAMETRIC_REPRESENTATION_CONTEXT() REPRESENTATION_CONTEXT('2D SPACE',''
  ) );
#2353 = PCURVE('',#2321,#2354);
#2354 = DEFINITIONAL_REPRESENTATION('',(#2355),#2359);
#2355 = LINE('',#2356,#2357);
#2356 = CARTESIAN_POINT('',(-6.28318530718,0.));
#2357 = VECTOR('',#2358,1.);
#2358 = DIRECTION('',(-0.,1.));
#2359 = ( GEOMETRIC_REPRESENTATION_CONTEXT(2) 
PARAMETRIC_REPRESENTATION_CONTEXT() REPRESENTATION_CONTEXT('2D SPACE',''
  ) );
#2360 = ORIENTED_EDGE('',*,*,#2361,.F.);
#2361 = EDGE_CURVE('',#2339,#2339,#2362,.T.);
#2362 = SURFACE_CURVE('',#2363,(#2368,#2375),.PCURVE_S1.);
#2363 = CIRCLE('',#2364,8.574631272056);
#2364 = AXIS2_PLACEMENT_3D('',#2365,#2366,#2367);
#2365 = CARTESIAN_POINT('',(79.443306468938,0.,0.));
#2366 = DIRECTION('',(1.,0.,0.));
#2367 = DIRECTION('',(-0.,1.,0.));
#2368 = PCURVE('',#2321,#2369);
#2369 = DEFINITIONAL_REPRESENTATION('',(#2370),#2374);
#2370 = LINE('',#2371,#2372);
#2371 = CARTESIAN_POINT('',(-0.,2.76724244155E-03));
#2372 = VECTOR('',#2373,1.);
#2373 = DIRECTION('',(-1.,0.));
#2374 = ( GEOMETRIC_REPRESENTATION_CONTEXT(2) 
PARAMETRIC_REPRESENTATION_CONTEXT() REPRESENTATION_CONTEXT('2D SPACE',''
  ) );
#2375 = PCURVE('',#2376,#2381);
#2376 = CONICAL_SURFACE('',#2377,8.574631272056,1.556610379638);
#2377 = AXIS2_PLACEMENT_3D('',#2378,#2379,#2380);
#2378 = CARTESIAN_POINT('',(79.443306468938,0.,0.));
#2379 = DIRECTION('',(-1.,-0.,-0.));
#2380 = DIRECTION('',(0.,1.,0.));
#2381 = DEFINITIONAL_REPRESENTATION('',(#2382),#2386);
#2382 = LINE('',#2383,#2384);
#2383 = CARTESIAN_POINT('',(-0.,0.));
#2384 = VECTOR('',#2385,1.);
#2385 = DIRECTION('',(-1.,0.));
#2386 = ( GEOMETRIC_REPRESENTATION_CONTEXT(2) 
PARAMETRIC_REPRESENTATION_CONTEXT() REPRESENTATION_CONTEXT('2D SPACE',''
  ) );
#2387 = ORIENTED_EDGE('',*,*,#2338,.F.);
#2388 = ADVANCED_FACE('',(#2389),#2376,.T.);
#2389 = FACE_BOUND('',#2390,.F.);
#2390 = EDGE_LOOP('',(#2391,#2392,#2415,#2442));
#2391 = ORIENTED_EDGE('',*,*,#2361,.T.);
#2392 = ORIENTED_EDGE('',*,*,#2393,.T.);
#2393 = EDGE_CURVE('',#2339,#2394,#2396,.T.);
#2394 = VERTEX_POINT('',#2395);
#2395 = CARTESIAN_POINT('',(79.440477459022,8.774041301638,0.));
#2396 = SEAM_CURVE('',#2397,(#2401,#2408),.PCURVE_S1.);
#2397 = LINE('',#2398,#2399);
#2398 = CARTESIAN_POINT('',(79.443306468938,8.574631272056,0.));
#2399 = VECTOR('',#2400,1.);
#2400 = DIRECTION('',(-1.418547136195E-02,0.999899381139,0.));
#2401 = PCURVE('',#2376,#2402);
#2402 = DEFINITIONAL_REPRESENTATION('',(#2403),#2407);
#2403 = LINE('',#2404,#2405);
#2404 = CARTESIAN_POINT('',(-0.,0.));
#2405 = VECTOR('',#2406,1.);
#2406 = DIRECTION('',(-0.,1.));
#2407 = ( GEOMETRIC_REPRESENTATION_CONTEXT(2) 
PARAMETRIC_REPRESENTATION_CONTEXT() REPRESENTATION_CONTEXT('2D SPACE',''
  ) );
#2408 = PCURVE('',#2376,#2409);
#2409 = DEFINITIONAL_REPRESENTATION('',(#2410),#2414);
#2410 = LINE('',#2411,#2412);
#2411 = CARTESIAN_POINT('',(-6.28318530718,0.));
#2412 = VECTOR('',#2413,1.);
#2413 = DIRECTION('',(-0.,1.));
#2414 = ( GEOMETRIC_REPRESENTATION_CONTEXT(2) 
PARAMETRIC_REPRESENTATION_CONTEXT() REPRESENTATION_CONTEXT('2D SPACE',''
  ) );
#2415 = ORIENTED_EDGE('',*,*,#2416,.F.);
#2416 = EDGE_CURVE('',#2394,#2394,#2417,.T.);
#2417 = SURFACE_CURVE('',#2418,(#2423,#2430),.PCURVE_S1.);
#2418 = CIRCLE('',#2419,8.774041301638);
#2419 = AXIS2_PLACEMENT_3D('',#2420,#2421,#2422);
#2420 = CARTESIAN_POINT('',(79.440477459022,0.,0.));
#2421 = DIRECTION('',(1.,0.,0.));
#2422 = DIRECTION('',(-0.,1.,0.));
#2423 = PCURVE('',#2376,#2424);
#2424 = DEFINITIONAL_REPRESENTATION('',(#2425),#2429);
#2425 = LINE('',#2426,#2427);
#2426 = CARTESIAN_POINT('',(-0.,2.829009915686E-03));
#2427 = VECTOR('',#2428,1.);
#2428 = DIRECTION('',(-1.,0.));
#2429 = ( GEOMETRIC_REPRESENTATION_CONTEXT(2) 
PARAMETRIC_REPRESENTATION_CONTEXT() REPRESENTATION_CONTEXT('2D SPACE',''
  ) );
#2430 = PCURVE('',#2431,#2436);
#2431 = CONICAL_SURFACE('',#2432,8.774041301638,1.556301841043);
#2432 = AXIS2_PLACEMENT_3D('',#2433,#2434,#2435);
#2433 = CARTESIAN_POINT('',(79.440477459022,0.,0.));
#2434 = DIRECTION('',(-1.,-0.,-0.));
#2435 = DIRECTION('',(0.,1.,0.));
#2436 = DEFINITIONAL_REPRESENTATION('',(#2437),#2441);
#2437 = LINE('',#2438,#2439);
#2438 = CARTESIAN_POINT('',(-0.,0.));
#2439 = VECTOR('',#2440,1.);
#2440 = DIRECTION('',(-1.,0.));
#2441 = ( GEOMETRIC_REPRESENTATION_CONTEXT(2) 
PARAMETRIC_REPRESENTATION_CONTEXT() REPRESENTATION_CONTEXT('2D SPACE',''
  ) );
#2442 = ORIENTED_EDGE('',*,*,#2393,.F.);
#2443 = ADVANCED_FACE('',(#2444),#2431,.T.);
#2444 = FACE_BOUND('',#2445,.F.);
#2445 = EDGE_LOOP('',(#2446,#2447,#2470,#2497));
#2446 = ORIENTED_EDGE('',*,*,#2416,.T.);
#2447 = ORIENTED_EDGE('',*,*,#2448,.T.);
#2448 = EDGE_CURVE('',#2394,#2449,#2451,.T.);
#2449 = VERTEX_POINT('',#2450);
#2450 = CARTESIAN_POINT('',(79.437586910762,8.973451331221,0.));
#2451 = SEAM_CURVE('',#2452,(#2456,#2463),.PCURVE_S1.);
#2452 = LINE('',#2453,#2454);
#2453 = CARTESIAN_POINT('',(79.440477459022,8.774041301638,0.));
#2454 = VECTOR('',#2455,1.);
#2455 = DIRECTION('',(-1.449397823293E-02,0.99989495678,0.));
#2456 = PCURVE('',#2431,#2457);
#2457 = DEFINITIONAL_REPRESENTATION('',(#2458),#2462);
#2458 = LINE('',#2459,#2460);
#2459 = CARTESIAN_POINT('',(-0.,0.));
#2460 = VECTOR('',#2461,1.);
#2461 = DIRECTION('',(-0.,1.));
#2462 = ( GEOMETRIC_REPRESENTATION_CONTEXT(2) 
PARAMETRIC_REPRESENTATION_CONTEXT() REPRESENTATION_CONTEXT('2D SPACE',''
  ) );
#2463 = PCURVE('',#2431,#2464);
#2464 = DEFINITIONAL_REPRESENTATION('',(#2465),#2469);
#2465 = LINE('',#2466,#2467);
#2466 = CARTESIAN_POINT('',(-6.28318530718,0.));
#2467 = VECTOR('',#2468,1.);
#2468 = DIRECTION('',(-0.,1.));
#2469 = ( GEOMETRIC_REPRESENTATION_CONTEXT(2) 
PARAMETRIC_REPRESENTATION_CONTEXT() REPRESENTATION_CONTEXT('2D SPACE',''
  ) );
#2470 = ORIENTED_EDGE('',*,*,#2471,.F.);
#2471 = EDGE_CURVE('',#2449,#2449,#2472,.T.);
#2472 = SURFACE_CURVE('',#2473,(#2478,#2485),.PCURVE_S1.);
#2473 = CIRCLE('',#2474,8.973451331221);
#2474 = AXIS2_PLACEMENT_3D('',#2475,#2476,#2477);
#2475 = CARTESIAN_POINT('',(79.437586910762,0.,0.));
#2476 = DIRECTION('',(1.,0.,0.));
#2477 = DIRECTION('',(-0.,1.,0.));
#2478 = PCURVE('',#2431,#2479);
#2479 = DEFINITIONAL_REPRESENTATION('',(#2480),#2484);
#2480 = LINE('',#2481,#2482);
#2481 = CARTESIAN_POINT('',(-0.,2.890548260694E-03));
#2482 = VECTOR('',#2483,1.);
#2483 = DIRECTION('',(-1.,0.));
#2484 = ( GEOMETRIC_REPRESENTATION_CONTEXT(2) 
PARAMETRIC_REPRESENTATION_CONTEXT() REPRESENTATION_CONTEXT('2D SPACE',''
  ) );
#2485 = PCURVE('',#2486,#2491);
#2486 = CONICAL_SURFACE('',#2487,8.973451331221,1.555994478016);
#2487 = AXIS2_PLACEMENT_3D('',#2488,#2489,#2490);
#2488 = CARTESIAN_POINT('',(79.437586910762,0.,0.));
#2489 = DIRECTION('',(-1.,-0.,-0.));
#2490 = DIRECTION('',(0.,1.,0.));
#2491 = DEFINITIONAL_REPRESENTATION('',(#2492),#2496);
#2492 = LINE('',#2493,#2494);
#2493 = CARTESIAN_POINT('',(-0.,0.));
#2494 = VECTOR('',#2495,1.);
#2495 = DIRECTION('',(-1.,0.));
#2496 = ( GEOMETRIC_REPRESENTATION_CONTEXT(2) 
PARAMETRIC_REPRESENTATION_CONTEXT() REPRESENTATION_CONTEXT('2D SPACE',''
  ) );
#2497 = ORIENTED_EDGE('',*,*,#2448,.F.);
#2498 = ADVANCED_FACE('',(#2499),#2486,.T.);
#2499 = FACE_BOUND('',#2500,.F.);
#2500 = EDGE_LOOP('',(#2501,#2502,#2525,#2552));
#2501 = ORIENTED_EDGE('',*,*,#2471,.T.);
#2502 = ORIENTED_EDGE('',*,*,#2503,.T.);
#2503 = EDGE_CURVE('',#2449,#2504,#2506,.T.);
#2504 = VERTEX_POINT('',#2505);
#2505 = CARTESIAN_POINT('',(79.434635058077,9.172861360804,0.));
#2506 = SEAM_CURVE('',#2507,(#2511,#2518),.PCURVE_S1.);
#2507 = LINE('',#2508,#2509);
#2508 = CARTESIAN_POINT('',(79.437586910762,8.973451331221,0.));
#2509 = VECTOR('',#2510,1.);
#2510 = DIRECTION('',(-1.480130828334E-02,0.999890454636,0.));
#2511 = PCURVE('',#2486,#2512);
#2512 = DEFINITIONAL_REPRESENTATION('',(#2513),#2517);
#2513 = LINE('',#2514,#2515);
#2514 = CARTESIAN_POINT('',(-0.,0.));
#2515 = VECTOR('',#2516,1.);
#2516 = DIRECTION('',(-0.,1.));
#2517 = ( GEOMETRIC_REPRESENTATION_CONTEXT(2) 
PARAMETRIC_REPRESENTATION_CONTEXT() REPRESENTATION_CONTEXT('2D SPACE',''
  ) );
#2518 = PCURVE('',#2486,#2519);
#2519 = DEFINITIONAL_REPRESENTATION('',(#2520),#2524);
#2520 = LINE('',#2521,#2522);
#2521 = CARTESIAN_POINT('',(-6.28318530718,0.));
#2522 = VECTOR('',#2523,1.);
#2523 = DIRECTION('',(-0.,1.));
#2524 = ( GEOMETRIC_REPRESENTATION_CONTEXT(2) 
PARAMETRIC_REPRESENTATION_CONTEXT() REPRESENTATION_CONTEXT('2D SPACE',''
  ) );
#2525 = ORIENTED_EDGE('',*,*,#2526,.F.);
#2526 = EDGE_CURVE('',#2504,#2504,#2527,.T.);
#2527 = SURFACE_CURVE('',#2528,(#2533,#2540),.PCURVE_S1.);
#2528 = CIRCLE('',#2529,9.172861360804);
#2529 = AXIS2_PLACEMENT_3D('',#2530,#2531,#2532);
#2530 = CARTESIAN_POINT('',(79.434635058077,0.,0.));
#2531 = DIRECTION('',(1.,0.,0.));
#2532 = DIRECTION('',(-0.,1.,0.));
#2533 = PCURVE('',#2486,#2534);
#2534 = DEFINITIONAL_REPRESENTATION('',(#2535),#2539);
#2535 = LINE('',#2536,#2537);
#2536 = CARTESIAN_POINT('',(-0.,2.951852684419E-03));
#2537 = VECTOR('',#2538,1.);
#2538 = DIRECTION('',(-1.,0.));
#2539 = ( GEOMETRIC_REPRESENTATION_CONTEXT(2) 
PARAMETRIC_REPRESENTATION_CONTEXT() REPRESENTATION_CONTEXT('2D SPACE',''
  ) );
#2540 = PCURVE('',#2541,#2546);
#2541 = CONICAL_SURFACE('',#2542,9.172861360804,1.555688314454);
#2542 = AXIS2_PLACEMENT_3D('',#2543,#2544,#2545);
#2543 = CARTESIAN_POINT('',(79.434635058077,0.,0.));
#2544 = DIRECTION('',(-1.,-0.,-0.));
#2545 = DIRECTION('',(0.,1.,0.));
#2546 = DEFINITIONAL_REPRESENTATION('',(#2547),#2551);
#2547 = LINE('',#2548,#2549);
#2548 = CARTESIAN_POINT('',(-0.,0.));
#2549 = VECTOR('',#2550,1.);
#2550 = DIRECTION('',(-1.,0.));
#2551 = ( GEOMETRIC_REPRESENTATION_CONTEXT(2) 
PARAMETRIC_REPRESENTATION_CONTEXT() REPRESENTATION_CONTEXT('2D SPACE',''
  ) );
#2552 = ORIENTED_EDGE('',*,*,#2503,.F.);
#2553 = ADVANCED_FACE('',(#2554),#2541,.T.);
#2554 = FACE_BOUND('',#2555,.F.);
#2555 = EDGE_LOOP('',(#2556,#2557,#2580,#2607));
#2556 = ORIENTED_EDGE('',*,*,#2526,.T.);
#2557 = ORIENTED_EDGE('',*,*,#2558,.T.);
#2558 = EDGE_CURVE('',#2504,#2559,#2561,.T.);
#2559 = VERTEX_POINT('',#2560);
#2560 = CARTESIAN_POINT('',(79.431622139651,9.372271390386,0.));
#2561 = SEAM_CURVE('',#2562,(#2566,#2573),.PCURVE_S1.);
#2562 = LINE('',#2563,#2564);
#2563 = CARTESIAN_POINT('',(79.434635058077,9.172861360804,0.));
#2564 = VECTOR('',#2565,1.);
#2565 = DIRECTION('',(-1.510743760824E-02,0.999885876152,0.));
#2566 = PCURVE('',#2541,#2567);
#2567 = DEFINITIONAL_REPRESENTATION('',(#2568),#2572);
#2568 = LINE('',#2569,#2570);
#2569 = CARTESIAN_POINT('',(-0.,0.));
#2570 = VECTOR('',#2571,1.);
#2571 = DIRECTION('',(-0.,1.));
#2572 = ( GEOMETRIC_REPRESENTATION_CONTEXT(2) 
PARAMETRIC_REPRESENTATION_CONTEXT() REPRESENTATION_CONTEXT('2D SPACE',''
  ) );
#2573 = PCURVE('',#2541,#2574);
#2574 = DEFINITIONAL_REPRESENTATION('',(#2575),#2579);
#2575 = LINE('',#2576,#2577);
#2576 = CARTESIAN_POINT('',(-6.28318530718,0.));
#2577 = VECTOR('',#2578,1.);
#2578 = DIRECTION('',(-0.,1.));
#2579 = ( GEOMETRIC_REPRESENTATION_CONTEXT(2) 
PARAMETRIC_REPRESENTATION_CONTEXT() REPRESENTATION_CONTEXT('2D SPACE',''
  ) );
#2580 = ORIENTED_EDGE('',*,*,#2581,.F.);
#2581 = EDGE_CURVE('',#2559,#2559,#2582,.T.);
#2582 = SURFACE_CURVE('',#2583,(#2588,#2595),.PCURVE_S1.);
#2583 = CIRCLE('',#2584,9.372271390386);
#2584 = AXIS2_PLACEMENT_3D('',#2585,#2586,#2587);
#2585 = CARTESIAN_POINT('',(79.431622139651,0.,0.));
#2586 = DIRECTION('',(1.,0.,0.));
#2587 = DIRECTION('',(-0.,1.,0.));
#2588 = PCURVE('',#2541,#2589);
#2589 = DEFINITIONAL_REPRESENTATION('',(#2590),#2594);
#2590 = LINE('',#2591,#2592);
#2591 = CARTESIAN_POINT('',(-0.,3.012918426222E-03));
#2592 = VECTOR('',#2593,1.);
#2593 = DIRECTION('',(-1.,0.));
#2594 = ( GEOMETRIC_REPRESENTATION_CONTEXT(2) 
PARAMETRIC_REPRESENTATION_CONTEXT() REPRESENTATION_CONTEXT('2D SPACE',''
  ) );
#2595 = PCURVE('',#2596,#2601);
#2596 = CONICAL_SURFACE('',#2597,9.372271390386,1.555383374087);
#2597 = AXIS2_PLACEMENT_3D('',#2598,#2599,#2600);
#2598 = CARTESIAN_POINT('',(79.431622139651,0.,0.));
#2599 = DIRECTION('',(-1.,-0.,-0.));
#2600 = DIRECTION('',(0.,1.,0.));
#2601 = DEFINITIONAL_REPRESENTATION('',(#2602),#2606);
#2602 = LINE('',#2603,#2604);
#2603 = CARTESIAN_POINT('',(-0.,0.));
#2604 = VECTOR('',#2605,1.);
#2605 = DIRECTION('',(-1.,0.));
#2606 = ( GEOMETRIC_REPRESENTATION_CONTEXT(2) 
PARAMETRIC_REPRESENTATION_CONTEXT() REPRESENTATION_CONTEXT('2D SPACE',''
  ) );
#2607 = ORIENTED_EDGE('',*,*,#2558,.F.);
#2608 = ADVANCED_FACE('',(#2609),#2596,.T.);
#2609 = FACE_BOUND('',#2610,.F.);
#2610 = EDGE_LOOP('',(#2611,#2612,#2635,#2662));
#2611 = ORIENTED_EDGE('',*,*,#2581,.T.);
#2612 = ORIENTED_EDGE('',*,*,#2613,.T.);
#2613 = EDGE_CURVE('',#2559,#2614,#2616,.T.);
#2614 = VERTEX_POINT('',#2615);
#2615 = CARTESIAN_POINT('',(79.428548398893,9.571681419969,0.));
#2616 = SEAM_CURVE('',#2617,(#2621,#2628),.PCURVE_S1.);
#2617 = LINE('',#2618,#2619);
#2618 = CARTESIAN_POINT('',(79.431622139651,9.372271390386,0.));
#2619 = VECTOR('',#2620,1.);
#2620 = DIRECTION('',(-1.54123424672E-02,0.999881222796,0.));
#2621 = PCURVE('',#2596,#2622);
#2622 = DEFINITIONAL_REPRESENTATION('',(#2623),#2627);
#2623 = LINE('',#2624,#2625);
#2624 = CARTESIAN_POINT('',(-0.,0.));
#2625 = VECTOR('',#2626,1.);
#2626 = DIRECTION('',(-0.,1.));
#2627 = ( GEOMETRIC_REPRESENTATION_CONTEXT(2) 
PARAMETRIC_REPRESENTATION_CONTEXT() REPRESENTATION_CONTEXT('2D SPACE',''
  ) );
#2628 = PCURVE('',#2596,#2629);
#2629 = DEFINITIONAL_REPRESENTATION('',(#2630),#2634);
#2630 = LINE('',#2631,#2632);
#2631 = CARTESIAN_POINT('',(-6.28318530718,0.));
#2632 = VECTOR('',#2633,1.);
#2633 = DIRECTION('',(-0.,1.));
#2634 = ( GEOMETRIC_REPRESENTATION_CONTEXT(2) 
PARAMETRIC_REPRESENTATION_CONTEXT() REPRESENTATION_CONTEXT('2D SPACE',''
  ) );
#2635 = ORIENTED_EDGE('',*,*,#2636,.F.);
#2636 = EDGE_CURVE('',#2614,#2614,#2637,.T.);
#2637 = SURFACE_CURVE('',#2638,(#2643,#2650),.PCURVE_S1.);
#2638 = CIRCLE('',#2639,9.571681419969);
#2639 = AXIS2_PLACEMENT_3D('',#2640,#2641,#2642);
#2640 = CARTESIAN_POINT('',(79.428548398893,0.,0.));
#2641 = DIRECTION('',(1.,0.,0.));
#2642 = DIRECTION('',(-0.,1.,0.));
#2643 = PCURVE('',#2596,#2644);
#2644 = DEFINITIONAL_REPRESENTATION('',(#2645),#2649);
#2645 = LINE('',#2646,#2647);
#2646 = CARTESIAN_POINT('',(-0.,3.073740757657E-03));
#2647 = VECTOR('',#2648,1.);
#2648 = DIRECTION('',(-1.,0.));
#2649 = ( GEOMETRIC_REPRESENTATION_CONTEXT(2) 
PARAMETRIC_REPRESENTATION_CONTEXT() REPRESENTATION_CONTEXT('2D SPACE',''
  ) );
#2650 = PCURVE('',#2651,#2656);
#2651 = CONICAL_SURFACE('',#2652,9.571681419969,1.55507968048);
#2652 = AXIS2_PLACEMENT_3D('',#2653,#2654,#2655);
#2653 = CARTESIAN_POINT('',(79.428548398893,0.,0.));
#2654 = DIRECTION('',(-1.,-0.,-0.));
#2655 = DIRECTION('',(0.,1.,0.));
#2656 = DEFINITIONAL_REPRESENTATION('',(#2657),#2661);
#2657 = LINE('',#2658,#2659);
#2658 = CARTESIAN_POINT('',(-0.,0.));
#2659 = VECTOR('',#2660,1.);
#2660 = DIRECTION('',(-1.,0.));
#2661 = ( GEOMETRIC_REPRESENTATION_CONTEXT(2) 
PARAMETRIC_REPRESENTATION_CONTEXT() REPRESENTATION_CONTEXT('2D SPACE',''
  ) );
#2662 = ORIENTED_EDGE('',*,*,#2613,.F.);
#2663 = ADVANCED_FACE('',(#2664),#2651,.T.);
#2664 = FACE_BOUND('',#2665,.F.);
#2665 = EDGE_LOOP('',(#2666,#2667,#2690,#2717));
#2666 = ORIENTED_EDGE('',*,*,#2636,.T.);
#2667 = ORIENTED_EDGE('',*,*,#2668,.T.);
#2668 = EDGE_CURVE('',#2614,#2669,#2671,.T.);
#2669 = VERTEX_POINT('',#2670);
#2670 = CARTESIAN_POINT('',(79.42541408391,9.771091449552,0.));
#2671 = SEAM_CURVE('',#2672,(#2676,#2683),.PCURVE_S1.);
#2672 = LINE('',#2673,#2674);
#2673 = CARTESIAN_POINT('',(79.428548398893,9.571681419969,0.));
#2674 = VECTOR('',#2675,1.);
#2675 = DIRECTION('',(-1.571599928742E-02,0.999876496057,0.));
#2676 = PCURVE('',#2651,#2677);
#2677 = DEFINITIONAL_REPRESENTATION('',(#2678),#2682);
#2678 = LINE('',#2679,#2680);
#2679 = CARTESIAN_POINT('',(-0.,0.));
#2680 = VECTOR('',#2681,1.);
#2681 = DIRECTION('',(-0.,1.));
#2682 = ( GEOMETRIC_REPRESENTATION_CONTEXT(2) 
PARAMETRIC_REPRESENTATION_CONTEXT() REPRESENTATION_CONTEXT('2D SPACE',''
  ) );
#2683 = PCURVE('',#2651,#2684);
#2684 = DEFINITIONAL_REPRESENTATION('',(#2685),#2689);
#2685 = LINE('',#2686,#2687);
#2686 = CARTESIAN_POINT('',(-6.28318530718,0.));
#2687 = VECTOR('',#2688,1.);
#2688 = DIRECTION('',(-0.,1.));
#2689 = ( GEOMETRIC_REPRESENTATION_CONTEXT(2) 
PARAMETRIC_REPRESENTATION_CONTEXT() REPRESENTATION_CONTEXT('2D SPACE',''
  ) );
#2690 = ORIENTED_EDGE('',*,*,#2691,.F.);
#2691 = EDGE_CURVE('',#2669,#2669,#2692,.T.);
#2692 = SURFACE_CURVE('',#2693,(#2698,#2705),.PCURVE_S1.);
#2693 = CIRCLE('',#2694,9.771091449552);
#2694 = AXIS2_PLACEMENT_3D('',#2695,#2696,#2697);
#2695 = CARTESIAN_POINT('',(79.42541408391,0.,0.));
#2696 = DIRECTION('',(1.,0.,0.));
#2697 = DIRECTION('',(-0.,1.,0.));
#2698 = PCURVE('',#2651,#2699);
#2699 = DEFINITIONAL_REPRESENTATION('',(#2700),#2704);
#2700 = LINE('',#2701,#2702);
#2701 = CARTESIAN_POINT('',(-0.,3.134314983086E-03));
#2702 = VECTOR('',#2703,1.);
#2703 = DIRECTION('',(-1.,0.));
#2704 = ( GEOMETRIC_REPRESENTATION_CONTEXT(2) 
PARAMETRIC_REPRESENTATION_CONTEXT() REPRESENTATION_CONTEXT('2D SPACE',''
  ) );
#2705 = PCURVE('',#2706,#2711);
#2706 = CONICAL_SURFACE('',#2707,9.771091449552,1.554777257027);
#2707 = AXIS2_PLACEMENT_3D('',#2708,#2709,#2710);
#2708 = CARTESIAN_POINT('',(79.42541408391,0.,0.));
#2709 = DIRECTION('',(-1.,-0.,-0.));
#2710 = DIRECTION('',(0.,1.,0.));
#2711 = DEFINITIONAL_REPRESENTATION('',(#2712),#2716);
#2712 = LINE('',#2713,#2714);
#2713 = CARTESIAN_POINT('',(-0.,0.));
#2714 = VECTOR('',#2715,1.);
#2715 = DIRECTION('',(-1.,0.));
#2716 = ( GEOMETRIC_REPRESENTATION_CONTEXT(2) 
PARAMETRIC_REPRESENTATION_CONTEXT() REPRESENTATION_CONTEXT('2D SPACE',''
  ) );
#2717 = ORIENTED_EDGE('',*,*,#2668,.F.);
#2718 = ADVANCED_FACE('',(#2719),#2706,.T.);
#2719 = FACE_BOUND('',#2720,.F.);
#2720 = EDGE_LOOP('',(#2721,#2722,#2745,#2772));
#2721 = ORIENTED_EDGE('',*,*,#2691,.T.);
#2722 = ORIENTED_EDGE('',*,*,#2723,.T.);
#2723 = EDGE_CURVE('',#2669,#2724,#2726,.T.);
#2724 = VERTEX_POINT('',#2725);
#2725 = CARTESIAN_POINT('',(79.42221944747,9.970501479134,0.));
#2726 = SEAM_CURVE('',#2727,(#2731,#2738),.PCURVE_S1.);
#2727 = LINE('',#2728,#2729);
#2728 = CARTESIAN_POINT('',(79.42541408391,9.771091449552,0.));
#2729 = VECTOR('',#2730,1.);
#2730 = DIRECTION('',(-1.601838466613E-02,0.999871697446,0.));
#2731 = PCURVE('',#2706,#2732);
#2732 = DEFINITIONAL_REPRESENTATION('',(#2733),#2737);
#2733 = LINE('',#2734,#2735);
#2734 = CARTESIAN_POINT('',(-0.,0.));
#2735 = VECTOR('',#2736,1.);
#2736 = DIRECTION('',(-0.,1.));
#2737 = ( GEOMETRIC_REPRESENTATION_CONTEXT(2) 
PARAMETRIC_REPRESENTATION_CONTEXT() REPRESENTATION_CONTEXT('2D SPACE',''
  ) );
#2738 = PCURVE('',#2706,#2739);
#2739 = DEFINITIONAL_REPRESENTATION('',(#2740),#2744);
#2740 = LINE('',#2741,#2742);
#2741 = CARTESIAN_POINT('',(-6.28318530718,0.));
#2742 = VECTOR('',#2743,1.);
#2743 = DIRECTION('',(-0.,1.));
#2744 = ( GEOMETRIC_REPRESENTATION_CONTEXT(2) 
PARAMETRIC_REPRESENTATION_CONTEXT() REPRESENTATION_CONTEXT('2D SPACE',''
  ) );
#2745 = ORIENTED_EDGE('',*,*,#2746,.F.);
#2746 = EDGE_CURVE('',#2724,#2724,#2747,.T.);
#2747 = SURFACE_CURVE('',#2748,(#2753,#2760),.PCURVE_S1.);
#2748 = CIRCLE('',#2749,9.970501479134);
#2749 = AXIS2_PLACEMENT_3D('',#2750,#2751,#2752);
#2750 = CARTESIAN_POINT('',(79.42221944747,0.,0.));
#2751 = DIRECTION('',(1.,0.,0.));
#2752 = DIRECTION('',(-0.,1.,0.));
#2753 = PCURVE('',#2706,#2754);
#2754 = DEFINITIONAL_REPRESENTATION('',(#2755),#2759);
#2755 = LINE('',#2756,#2757);
#2756 = CARTESIAN_POINT('',(-0.,3.194636440156E-03));
#2757 = VECTOR('',#2758,1.);
#2758 = DIRECTION('',(-1.,0.));
#2759 = ( GEOMETRIC_REPRESENTATION_CONTEXT(2) 
PARAMETRIC_REPRESENTATION_CONTEXT() REPRESENTATION_CONTEXT('2D SPACE',''
  ) );
#2760 = PCURVE('',#2761,#2766);
#2761 = CONICAL_SURFACE('',#2762,9.970501479134,1.554476126952);
#2762 = AXIS2_PLACEMENT_3D('',#2763,#2764,#2765);
#2763 = CARTESIAN_POINT('',(79.42221944747,0.,0.));
#2764 = DIRECTION('',(-1.,-0.,-0.));
#2765 = DIRECTION('',(0.,1.,0.));
#2766 = DEFINITIONAL_REPRESENTATION('',(#2767),#2771);
#2767 = LINE('',#2768,#2769);
#2768 = CARTESIAN_POINT('',(-0.,0.));
#2769 = VECTOR('',#2770,1.);
#2770 = DIRECTION('',(-1.,0.));
#2771 = ( GEOMETRIC_REPRESENTATION_CONTEXT(2) 
PARAMETRIC_REPRESENTATION_CONTEXT() REPRESENTATION_CONTEXT('2D SPACE',''
  ) );
#2772 = ORIENTED_EDGE('',*,*,#2723,.F.);
#2773 = ADVANCED_FACE('',(#2774),#2761,.T.);
#2774 = FACE_BOUND('',#2775,.F.);
#2775 = EDGE_LOOP('',(#2776,#2777,#2800,#2827));
#2776 = ORIENTED_EDGE('',*,*,#2746,.T.);
#2777 = ORIENTED_EDGE('',*,*,#2778,.T.);
#2778 = EDGE_CURVE('',#2724,#2779,#2781,.T.);
#2779 = VERTEX_POINT('',#2780);
#2780 = CARTESIAN_POINT('',(79.41896474697,10.169911508717,0.));
#2781 = SEAM_CURVE('',#2782,(#2786,#2793),.PCURVE_S1.);
#2782 = LINE('',#2783,#2784);
#2783 = CARTESIAN_POINT('',(79.42221944747,9.970501479134,0.));
#2784 = VECTOR('',#2785,1.);
#2785 = DIRECTION('',(-1.631947537418E-02,0.999866828494,0.));
#2786 = PCURVE('',#2761,#2787);
#2787 = DEFINITIONAL_REPRESENTATION('',(#2788),#2792);
#2788 = LINE('',#2789,#2790);
#2789 = CARTESIAN_POINT('',(-0.,0.));
#2790 = VECTOR('',#2791,1.);
#2791 = DIRECTION('',(-0.,1.));
#2792 = ( GEOMETRIC_REPRESENTATION_CONTEXT(2) 
PARAMETRIC_REPRESENTATION_CONTEXT() REPRESENTATION_CONTEXT('2D SPACE',''
  ) );
#2793 = PCURVE('',#2761,#2794);
#2794 = DEFINITIONAL_REPRESENTATION('',(#2795),#2799);
#2795 = LINE('',#2796,#2797);
#2796 = CARTESIAN_POINT('',(-6.28318530718,0.));
#2797 = VECTOR('',#2798,1.);
#2798 = DIRECTION('',(-0.,1.));
#2799 = ( GEOMETRIC_REPRESENTATION_CONTEXT(2) 
PARAMETRIC_REPRESENTATION_CONTEXT() REPRESENTATION_CONTEXT('2D SPACE',''
  ) );
#2800 = ORIENTED_EDGE('',*,*,#2801,.F.);
#2801 = EDGE_CURVE('',#2779,#2779,#2802,.T.);
#2802 = SURFACE_CURVE('',#2803,(#2808,#2815),.PCURVE_S1.);
#2803 = CIRCLE('',#2804,10.169911508717);
#2804 = AXIS2_PLACEMENT_3D('',#2805,#2806,#2807);
#2805 = CARTESIAN_POINT('',(79.41896474697,0.,0.));
#2806 = DIRECTION('',(1.,0.,0.));
#2807 = DIRECTION('',(-0.,1.,0.));
#2808 = PCURVE('',#2761,#2809);
#2809 = DEFINITIONAL_REPRESENTATION('',(#2810),#2814);
#2810 = LINE('',#2811,#2812);
#2811 = CARTESIAN_POINT('',(-0.,3.254700500506E-03));
#2812 = VECTOR('',#2813,1.);
#2813 = DIRECTION('',(-1.,0.));
#2814 = ( GEOMETRIC_REPRESENTATION_CONTEXT(2) 
PARAMETRIC_REPRESENTATION_CONTEXT() REPRESENTATION_CONTEXT('2D SPACE',''
  ) );
#2815 = PCURVE('',#2816,#2821);
#2816 = CONICAL_SURFACE('',#2817,10.169911508717,1.554176313303);
#2817 = AXIS2_PLACEMENT_3D('',#2818,#2819,#2820);
#2818 = CARTESIAN_POINT('',(79.41896474697,0.,0.));
#2819 = DIRECTION('',(-1.,-0.,-0.));
#2820 = DIRECTION('',(0.,1.,0.));
#2821 = DEFINITIONAL_REPRESENTATION('',(#2822),#2826);
#2822 = LINE('',#2823,#2824);
#2823 = CARTESIAN_POINT('',(-0.,0.));
#2824 = VECTOR('',#2825,1.);
#2825 = DIRECTION('',(-1.,0.));
#2826 = ( GEOMETRIC_REPRESENTATION_CONTEXT(2) 
PARAMETRIC_REPRESENTATION_CONTEXT() REPRESENTATION_CONTEXT('2D SPACE',''
  ) );
#2827 = ORIENTED_EDGE('',*,*,#2778,.F.);
#2828 = ADVANCED_FACE('',(#2829),#2816,.T.);
#2829 = FACE_BOUND('',#2830,.F.);
#2830 = EDGE_LOOP('',(#2831,#2832,#2855,#2882));
#2831 = ORIENTED_EDGE('',*,*,#2801,.T.);
#2832 = ORIENTED_EDGE('',*,*,#2833,.T.);
#2833 = EDGE_CURVE('',#2779,#2834,#2836,.T.);
#2834 = VERTEX_POINT('',#2835);
#2835 = CARTESIAN_POINT('',(79.415650244399,10.3693215383,0.));
#2836 = SEAM_CURVE('',#2837,(#2841,#2848),.PCURVE_S1.);
#2837 = LINE('',#2838,#2839);
#2838 = CARTESIAN_POINT('',(79.41896474697,10.169911508717,0.));
#2839 = VECTOR('',#2840,1.);
#2840 = DIRECTION('',(-1.661924835923E-02,0.999861890755,0.));
#2841 = PCURVE('',#2816,#2842);
#2842 = DEFINITIONAL_REPRESENTATION('',(#2843),#2847);
#2843 = LINE('',#2844,#2845);
#2844 = CARTESIAN_POINT('',(-0.,0.));
#2845 = VECTOR('',#2846,1.);
#2846 = DIRECTION('',(-0.,1.));
#2847 = ( GEOMETRIC_REPRESENTATION_CONTEXT(2) 
PARAMETRIC_REPRESENTATION_CONTEXT() REPRESENTATION_CONTEXT('2D SPACE',''
  ) );
#2848 = PCURVE('',#2816,#2849);
#2849 = DEFINITIONAL_REPRESENTATION('',(#2850),#2854);
#2850 = LINE('',#2851,#2852);
#2851 = CARTESIAN_POINT('',(-6.28318530718,0.));
#2852 = VECTOR('',#2853,1.);
#2853 = DIRECTION('',(-0.,1.));
#2854 = ( GEOMETRIC_REPRESENTATION_CONTEXT(2) 
PARAMETRIC_REPRESENTATION_CONTEXT() REPRESENTATION_CONTEXT('2D SPACE',''
  ) );
#2855 = ORIENTED_EDGE('',*,*,#2856,.F.);
#2856 = EDGE_CURVE('',#2834,#2834,#2857,.T.);
#2857 = SURFACE_CURVE('',#2858,(#2863,#2870),.PCURVE_S1.);
#2858 = CIRCLE('',#2859,10.3693215383);
#2859 = AXIS2_PLACEMENT_3D('',#2860,#2861,#2862);
#2860 = CARTESIAN_POINT('',(79.415650244399,0.,0.));
#2861 = DIRECTION('',(1.,0.,0.));
#2862 = DIRECTION('',(-0.,1.,0.));
#2863 = PCURVE('',#2816,#2864);
#2864 = DEFINITIONAL_REPRESENTATION('',(#2865),#2869);
#2865 = LINE('',#2866,#2867);
#2866 = CARTESIAN_POINT('',(-0.,3.314502570404E-03));
#2867 = VECTOR('',#2868,1.);
#2868 = DIRECTION('',(-1.,0.));
#2869 = ( GEOMETRIC_REPRESENTATION_CONTEXT(2) 
PARAMETRIC_REPRESENTATION_CONTEXT() REPRESENTATION_CONTEXT('2D SPACE',''
  ) );
#2870 = PCURVE('',#2871,#2876);
#2871 = CONICAL_SURFACE('',#2872,10.3693215383,1.553877838947);
#2872 = AXIS2_PLACEMENT_3D('',#2873,#2874,#2875);
#2873 = CARTESIAN_POINT('',(79.415650244399,0.,0.));
#2874 = DIRECTION('',(-1.,-0.,-0.));
#2875 = DIRECTION('',(0.,1.,0.));
#2876 = DEFINITIONAL_REPRESENTATION('',(#2877),#2881);
#2877 = LINE('',#2878,#2879);
#2878 = CARTESIAN_POINT('',(-0.,0.));
#2879 = VECTOR('',#2880,1.);
#2880 = DIRECTION('',(-1.,0.));
#2881 = ( GEOMETRIC_REPRESENTATION_CONTEXT(2) 
PARAMETRIC_REPRESENTATION_CONTEXT() REPRESENTATION_CONTEXT('2D SPACE',''
  ) );
#2882 = ORIENTED_EDGE('',*,*,#2833,.F.);
#2883 = ADVANCED_FACE('',(#2884),#2871,.T.);
#2884 = FACE_BOUND('',#2885,.F.);
#2885 = EDGE_LOOP('',(#2886,#2887,#2910,#2937));
#2886 = ORIENTED_EDGE('',*,*,#2856,.T.);
#2887 = ORIENTED_EDGE('',*,*,#2888,.T.);
#2888 = EDGE_CURVE('',#2834,#2889,#2891,.T.);
#2889 = VERTEX_POINT('',#2890);
#2890 = CARTESIAN_POINT('',(79.412276206308,10.568731567882,0.));
#2891 = SEAM_CURVE('',#2892,(#2896,#2903),.PCURVE_S1.);
#2892 = LINE('',#2893,#2894);
#2893 = CARTESIAN_POINT('',(79.415650244399,10.3693215383,0.));
#2894 = VECTOR('',#2895,1.);
#2895 = DIRECTION('',(-1.691768074792E-02,0.999856885798,0.));
#2896 = PCURVE('',#2871,#2897);
#2897 = DEFINITIONAL_REPRESENTATION('',(#2898),#2902);
#2898 = LINE('',#2899,#2900);
#2899 = CARTESIAN_POINT('',(-0.,0.));
#2900 = VECTOR('',#2901,1.);
#2901 = DIRECTION('',(-0.,1.));
#2902 = ( GEOMETRIC_REPRESENTATION_CONTEXT(2) 
PARAMETRIC_REPRESENTATION_CONTEXT() REPRESENTATION_CONTEXT('2D SPACE',''
  ) );
#2903 = PCURVE('',#2871,#2904);
#2904 = DEFINITIONAL_REPRESENTATION('',(#2905),#2909);
#2905 = LINE('',#2906,#2907);
#2906 = CARTESIAN_POINT('',(-6.28318530718,0.));
#2907 = VECTOR('',#2908,1.);
#2908 = DIRECTION('',(-0.,1.));
#2909 = ( GEOMETRIC_REPRESENTATION_CONTEXT(2) 
PARAMETRIC_REPRESENTATION_CONTEXT() REPRESENTATION_CONTEXT('2D SPACE',''
  ) );
#2910 = ORIENTED_EDGE('',*,*,#2911,.F.);
#2911 = EDGE_CURVE('',#2889,#2889,#2912,.T.);
#2912 = SURFACE_CURVE('',#2913,(#2918,#2925),.PCURVE_S1.);
#2913 = CIRCLE('',#2914,10.568731567882);
#2914 = AXIS2_PLACEMENT_3D('',#2915,#2916,#2917);
#2915 = CARTESIAN_POINT('',(79.412276206308,0.,0.));
#2916 = DIRECTION('',(1.,0.,0.));
#2917 = DIRECTION('',(-0.,1.,0.));
#2918 = PCURVE('',#2871,#2919);
#2919 = DEFINITIONAL_REPRESENTATION('',(#2920),#2924);
#2920 = LINE('',#2921,#2922);
#2921 = CARTESIAN_POINT('',(-0.,3.374038091181E-03));
#2922 = VECTOR('',#2923,1.);
#2923 = DIRECTION('',(-1.,0.));
#2924 = ( GEOMETRIC_REPRESENTATION_CONTEXT(2) 
PARAMETRIC_REPRESENTATION_CONTEXT() REPRESENTATION_CONTEXT('2D SPACE',''
  ) );
#2925 = PCURVE('',#2926,#2931);
#2926 = CONICAL_SURFACE('',#2927,10.568731567882,1.553580726574);
#2927 = AXIS2_PLACEMENT_3D('',#2928,#2929,#2930);
#2928 = CARTESIAN_POINT('',(79.412276206308,0.,0.));
#2929 = DIRECTION('',(-1.,-0.,-0.));
#2930 = DIRECTION('',(0.,1.,0.));
#2931 = DEFINITIONAL_REPRESENTATION('',(#2932),#2936);
#2932 = LINE('',#2933,#2934);
#2933 = CARTESIAN_POINT('',(-0.,0.));
#2934 = VECTOR('',#2935,1.);
#2935 = DIRECTION('',(-1.,0.));
#2936 = ( GEOMETRIC_REPRESENTATION_CONTEXT(2) 
PARAMETRIC_REPRESENTATION_CONTEXT() REPRESENTATION_CONTEXT('2D SPACE',''
  ) );
#2937 = ORIENTED_EDGE('',*,*,#2888,.F.);
#2938 = ADVANCED_FACE('',(#2939),#2926,.T.);
#2939 = FACE_BOUND('',#2940,.F.);
#2940 = EDGE_LOOP('',(#2941,#2942,#2965,#2992));
#2941 = ORIENTED_EDGE('',*,*,#2911,.T.);
#2942 = ORIENTED_EDGE('',*,*,#2943,.T.);
#2943 = EDGE_CURVE('',#2889,#2944,#2946,.T.);
#2944 = VERTEX_POINT('',#2945);
#2945 = CARTESIAN_POINT('',(79.408842903768,10.768141597465,0.));
#2946 = SEAM_CURVE('',#2947,(#2951,#2958),.PCURVE_S1.);
#2947 = LINE('',#2948,#2949);
#2948 = CARTESIAN_POINT('',(79.412276206308,10.568731567882,0.));
#2949 = VECTOR('',#2950,1.);
#2950 = DIRECTION('',(-1.721474984906E-02,0.999851815214,0.));
#2951 = PCURVE('',#2926,#2952);
#2952 = DEFINITIONAL_REPRESENTATION('',(#2953),#2957);
#2953 = LINE('',#2954,#2955);
#2954 = CARTESIAN_POINT('',(-0.,0.));
#2955 = VECTOR('',#2956,1.);
#2956 = DIRECTION('',(-0.,1.));
#2957 = ( GEOMETRIC_REPRESENTATION_CONTEXT(2) 
PARAMETRIC_REPRESENTATION_CONTEXT() REPRESENTATION_CONTEXT('2D SPACE',''
  ) );
#2958 = PCURVE('',#2926,#2959);
#2959 = DEFINITIONAL_REPRESENTATION('',(#2960),#2964);
#2960 = LINE('',#2961,#2962);
#2961 = CARTESIAN_POINT('',(-6.28318530718,0.));
#2962 = VECTOR('',#2963,1.);
#2963 = DIRECTION('',(-0.,1.));
#2964 = ( GEOMETRIC_REPRESENTATION_CONTEXT(2) 
PARAMETRIC_REPRESENTATION_CONTEXT() REPRESENTATION_CONTEXT('2D SPACE',''
  ) );
#2965 = ORIENTED_EDGE('',*,*,#2966,.F.);
#2966 = EDGE_CURVE('',#2944,#2944,#2967,.T.);
#2967 = SURFACE_CURVE('',#2968,(#2973,#2980),.PCURVE_S1.);
#2968 = CIRCLE('',#2969,10.768141597465);
#2969 = AXIS2_PLACEMENT_3D('',#2970,#2971,#2972);
#2970 = CARTESIAN_POINT('',(79.408842903768,0.,0.));
#2971 = DIRECTION('',(1.,0.,0.));
#2972 = DIRECTION('',(-0.,1.,0.));
#2973 = PCURVE('',#2926,#2974);
#2974 = DEFINITIONAL_REPRESENTATION('',(#2975),#2979);
#2975 = LINE('',#2976,#2977);
#2976 = CARTESIAN_POINT('',(-0.,3.433302539861E-03));
#2977 = VECTOR('',#2978,1.);
#2978 = DIRECTION('',(-1.,0.));
#2979 = ( GEOMETRIC_REPRESENTATION_CONTEXT(2) 
PARAMETRIC_REPRESENTATION_CONTEXT() REPRESENTATION_CONTEXT('2D SPACE',''
  ) );
#2980 = PCURVE('',#2981,#2986);
#2981 = CONICAL_SURFACE('',#2982,10.768141597465,1.553284998687);
#2982 = AXIS2_PLACEMENT_3D('',#2983,#2984,#2985);
#2983 = CARTESIAN_POINT('',(79.408842903768,0.,0.));
#2984 = DIRECTION('',(-1.,-0.,-0.));
#2985 = DIRECTION('',(0.,1.,0.));
#2986 = DEFINITIONAL_REPRESENTATION('',(#2987),#2991);
#2987 = LINE('',#2988,#2989);
#2988 = CARTESIAN_POINT('',(-0.,0.));
#2989 = VECTOR('',#2990,1.);
#2990 = DIRECTION('',(-1.,0.));
#2991 = ( GEOMETRIC_REPRESENTATION_CONTEXT(2) 
PARAMETRIC_REPRESENTATION_CONTEXT() REPRESENTATION_CONTEXT('2D SPACE',''
  ) );
#2992 = ORIENTED_EDGE('',*,*,#2943,.F.);
#2993 = ADVANCED_FACE('',(#2994),#2981,.T.);
#2994 = FACE_BOUND('',#2995,.F.);
#2995 = EDGE_LOOP('',(#2996,#2997,#3020,#3047));
#2996 = ORIENTED_EDGE('',*,*,#2966,.T.);
#2997 = ORIENTED_EDGE('',*,*,#2998,.T.);
#2998 = EDGE_CURVE('',#2944,#2999,#3001,.T.);
#2999 = VERTEX_POINT('',#3000);
#3000 = CARTESIAN_POINT('',(79.405350612338,10.967551627048,0.));
#3001 = SEAM_CURVE('',#3002,(#3006,#3013),.PCURVE_S1.);
#3002 = LINE('',#3003,#3004);
#3003 = CARTESIAN_POINT('',(79.408842903768,10.768141597465,0.));
#3004 = VECTOR('',#3005,1.);
#3005 = DIRECTION('',(-1.751043315718E-02,0.999846680612,0.));
#3006 = PCURVE('',#2981,#3007);
#3007 = DEFINITIONAL_REPRESENTATION('',(#3008),#3012);
#3008 = LINE('',#3009,#3010);
#3009 = CARTESIAN_POINT('',(-0.,0.));
#3010 = VECTOR('',#3011,1.);
#3011 = DIRECTION('',(-0.,1.));
#3012 = ( GEOMETRIC_REPRESENTATION_CONTEXT(2) 
PARAMETRIC_REPRESENTATION_CONTEXT() REPRESENTATION_CONTEXT('2D SPACE',''
  ) );
#3013 = PCURVE('',#2981,#3014);
#3014 = DEFINITIONAL_REPRESENTATION('',(#3015),#3019);
#3015 = LINE('',#3016,#3017);
#3016 = CARTESIAN_POINT('',(-6.28318530718,0.));
#3017 = VECTOR('',#3018,1.);
#3018 = DIRECTION('',(-0.,1.));
#3019 = ( GEOMETRIC_REPRESENTATION_CONTEXT(2) 
PARAMETRIC_REPRESENTATION_CONTEXT() REPRESENTATION_CONTEXT('2D SPACE',''
  ) );
#3020 = ORIENTED_EDGE('',*,*,#3021,.F.);
#3021 = EDGE_CURVE('',#2999,#2999,#3022,.T.);
#3022 = SURFACE_CURVE('',#3023,(#3028,#3035),.PCURVE_S1.);
#3023 = CIRCLE('',#3024,10.967551627048);
#3024 = AXIS2_PLACEMENT_3D('',#3025,#3026,#3027);
#3025 = CARTESIAN_POINT('',(79.405350612338,0.,0.));
#3026 = DIRECTION('',(1.,0.,0.));
#3027 = DIRECTION('',(-0.,1.,0.));
#3028 = PCURVE('',#2981,#3029);
#3029 = DEFINITIONAL_REPRESENTATION('',(#3030),#3034);
#3030 = LINE('',#3031,#3032);
#3031 = CARTESIAN_POINT('',(-0.,3.492291429865E-03));
#3032 = VECTOR('',#3033,1.);
#3033 = DIRECTION('',(-1.,0.));
#3034 = ( GEOMETRIC_REPRESENTATION_CONTEXT(2) 
PARAMETRIC_REPRESENTATION_CONTEXT() REPRESENTATION_CONTEXT('2D SPACE',''
  ) );
#3035 = PCURVE('',#3036,#3041);
#3036 = CONICAL_SURFACE('',#3037,10.967551627048,1.552990677602);
#3037 = AXIS2_PLACEMENT_3D('',#3038,#3039,#3040);
#3038 = CARTESIAN_POINT('',(79.405350612338,0.,0.));
#3039 = DIRECTION('',(-1.,-0.,-0.));
#3040 = DIRECTION('',(0.,1.,0.));
#3041 = DEFINITIONAL_REPRESENTATION('',(#3042),#3046);
#3042 = LINE('',#3043,#3044);
#3043 = CARTESIAN_POINT('',(-0.,0.));
#3044 = VECTOR('',#3045,1.);
#3045 = DIRECTION('',(-1.,0.));
#3046 = ( GEOMETRIC_REPRESENTATION_CONTEXT(2) 
PARAMETRIC_REPRESENTATION_CONTEXT() REPRESENTATION_CONTEXT('2D SPACE',''
  ) );
#3047 = ORIENTED_EDGE('',*,*,#2998,.F.);
#3048 = ADVANCED_FACE('',(#3049),#3036,.T.);
#3049 = FACE_BOUND('',#3050,.F.);
#3050 = EDGE_LOOP('',(#3051,#3052,#3075,#3102));
#3051 = ORIENTED_EDGE('',*,*,#3021,.T.);
#3052 = ORIENTED_EDGE('',*,*,#3053,.T.);
#3053 = EDGE_CURVE('',#2999,#3054,#3056,.T.);
#3054 = VERTEX_POINT('',#3055);
#3055 = CARTESIAN_POINT('',(79.401799612027,11.166961656631,0.));
#3056 = SEAM_CURVE('',#3057,(#3061,#3068),.PCURVE_S1.);
#3057 = LINE('',#3058,#3059);
#3058 = CARTESIAN_POINT('',(79.405350612338,10.967551627048,0.));
#3059 = VECTOR('',#3060,1.);
#3060 = DIRECTION('',(-1.78047083544E-02,0.999841483616,0.));
#3061 = PCURVE('',#3036,#3062);
#3062 = DEFINITIONAL_REPRESENTATION('',(#3063),#3067);
#3063 = LINE('',#3064,#3065);
#3064 = CARTESIAN_POINT('',(-0.,0.));
#3065 = VECTOR('',#3066,1.);
#3066 = DIRECTION('',(-0.,1.));
#3067 = ( GEOMETRIC_REPRESENTATION_CONTEXT(2) 
PARAMETRIC_REPRESENTATION_CONTEXT() REPRESENTATION_CONTEXT('2D SPACE',''
  ) );
#3068 = PCURVE('',#3036,#3069);
#3069 = DEFINITIONAL_REPRESENTATION('',(#3070),#3074);
#3070 = LINE('',#3071,#3072);
#3071 = CARTESIAN_POINT('',(-6.28318530718,0.));
#3072 = VECTOR('',#3073,1.);
#3073 = DIRECTION('',(-0.,1.));
#3074 = ( GEOMETRIC_REPRESENTATION_CONTEXT(2) 
PARAMETRIC_REPRESENTATION_CONTEXT() REPRESENTATION_CONTEXT('2D SPACE',''
  ) );
#3075 = ORIENTED_EDGE('',*,*,#3076,.F.);
#3076 = EDGE_CURVE('',#3054,#3054,#3077,.T.);
#3077 = SURFACE_CURVE('',#3078,(#3083,#3090),.PCURVE_S1.);
#3078 = CIRCLE('',#3079,11.166961656631);
#3079 = AXIS2_PLACEMENT_3D('',#3080,#3081,#3082);
#3080 = CARTESIAN_POINT('',(79.401799612027,0.,0.));
#3081 = DIRECTION('',(1.,0.,0.));
#3082 = DIRECTION('',(-0.,1.,0.));
#3083 = PCURVE('',#3036,#3084);
#3084 = DEFINITIONAL_REPRESENTATION('',(#3085),#3089);
#3085 = LINE('',#3086,#3087);
#3086 = CARTESIAN_POINT('',(-0.,3.55100031139E-03));
#3087 = VECTOR('',#3088,1.);
#3088 = DIRECTION('',(-1.,0.));
#3089 = ( GEOMETRIC_REPRESENTATION_CONTEXT(2) 
PARAMETRIC_REPRESENTATION_CONTEXT() REPRESENTATION_CONTEXT('2D SPACE',''
  ) );
#3090 = PCURVE('',#3091,#3096);
#3091 = CONICAL_SURFACE('',#3092,11.166961656631,1.552697785446);
#3092 = AXIS2_PLACEMENT_3D('',#3093,#3094,#3095);
#3093 = CARTESIAN_POINT('',(79.401799612027,0.,0.));
#3094 = DIRECTION('',(-1.,-0.,-0.));
#3095 = DIRECTION('',(0.,1.,0.));
#3096 = DEFINITIONAL_REPRESENTATION('',(#3097),#3101);
#3097 = LINE('',#3098,#3099);
#3098 = CARTESIAN_POINT('',(-0.,0.));
#3099 = VECTOR('',#3100,1.);
#3100 = DIRECTION('',(-1.,0.));
#3101 = ( GEOMETRIC_REPRESENTATION_CONTEXT(2) 
PARAMETRIC_REPRESENTATION_CONTEXT() REPRESENTATION_CONTEXT('2D SPACE',''
  ) );
#3102 = ORIENTED_EDGE('',*,*,#3053,.F.);
#3103 = ADVANCED_FACE('',(#3104),#3091,.T.);
#3104 = FACE_BOUND('',#3105,.F.);
#3105 = EDGE_LOOP('',(#3106,#3107,#3130,#3157));
#3106 = ORIENTED_EDGE('',*,*,#3076,.T.);
#3107 = ORIENTED_EDGE('',*,*,#3108,.T.);
#3108 = EDGE_CURVE('',#3054,#3109,#3111,.T.);
#3109 = VERTEX_POINT('',#3110);
#3110 = CARTESIAN_POINT('',(79.398190187255,11.366371686213,0.));
#3111 = SEAM_CURVE('',#3112,(#3116,#3123),.PCURVE_S1.);
#3112 = LINE('',#3113,#3114);
#3113 = CARTESIAN_POINT('',(79.401799612027,11.166961656631,0.));
#3114 = VECTOR('',#3115,1.);
#3115 = DIRECTION('',(-1.809755331339E-02,0.999836225871,0.));
#3116 = PCURVE('',#3091,#3117);
#3117 = DEFINITIONAL_REPRESENTATION('',(#3118),#3122);
#3118 = LINE('',#3119,#3120);
#3119 = CARTESIAN_POINT('',(-0.,0.));
#3120 = VECTOR('',#3121,1.);
#3121 = DIRECTION('',(-0.,1.));
#3122 = ( GEOMETRIC_REPRESENTATION_CONTEXT(2) 
PARAMETRIC_REPRESENTATION_CONTEXT() REPRESENTATION_CONTEXT('2D SPACE',''
  ) );
#3123 = PCURVE('',#3091,#3124);
#3124 = DEFINITIONAL_REPRESENTATION('',(#3125),#3129);
#3125 = LINE('',#3126,#3127);
#3126 = CARTESIAN_POINT('',(-6.28318530718,0.));
#3127 = VECTOR('',#3128,1.);
#3128 = DIRECTION('',(-0.,1.));
#3129 = ( GEOMETRIC_REPRESENTATION_CONTEXT(2) 
PARAMETRIC_REPRESENTATION_CONTEXT() REPRESENTATION_CONTEXT('2D SPACE',''
  ) );
#3130 = ORIENTED_EDGE('',*,*,#3131,.F.);
#3131 = EDGE_CURVE('',#3109,#3109,#3132,.T.);
#3132 = SURFACE_CURVE('',#3133,(#3138,#3145),.PCURVE_S1.);
#3133 = CIRCLE('',#3134,11.366371686213);
#3134 = AXIS2_PLACEMENT_3D('',#3135,#3136,#3137);
#3135 = CARTESIAN_POINT('',(79.398190187255,0.,0.));
#3136 = DIRECTION('',(1.,0.,0.));
#3137 = DIRECTION('',(-0.,1.,0.));
#3138 = PCURVE('',#3091,#3139);
#3139 = DEFINITIONAL_REPRESENTATION('',(#3140),#3144);
#3140 = LINE('',#3141,#3142);
#3141 = CARTESIAN_POINT('',(-0.,3.609424771994E-03));
#3142 = VECTOR('',#3143,1.);
#3143 = DIRECTION('',(-1.,0.));
#3144 = ( GEOMETRIC_REPRESENTATION_CONTEXT(2) 
PARAMETRIC_REPRESENTATION_CONTEXT() REPRESENTATION_CONTEXT('2D SPACE',''
  ) );
#3145 = PCURVE('',#3146,#3151);
#3146 = CONICAL_SURFACE('',#3147,11.366371686213,1.552406344156);
#3147 = AXIS2_PLACEMENT_3D('',#3148,#3149,#3150);
#3148 = CARTESIAN_POINT('',(79.398190187255,0.,0.));
#3149 = DIRECTION('',(-1.,-0.,-0.));
#3150 = DIRECTION('',(0.,1.,0.));
#3151 = DEFINITIONAL_REPRESENTATION('',(#3152),#3156);
#3152 = LINE('',#3153,#3154);
#3153 = CARTESIAN_POINT('',(-0.,0.));
#3154 = VECTOR('',#3155,1.);
#3155 = DIRECTION('',(-1.,0.));
#3156 = ( GEOMETRIC_REPRESENTATION_CONTEXT(2) 
PARAMETRIC_REPRESENTATION_CONTEXT() REPRESENTATION_CONTEXT('2D SPACE',''
  ) );
#3157 = ORIENTED_EDGE('',*,*,#3108,.F.);
#3158 = ADVANCED_FACE('',(#3159),#3146,.T.);
#3159 = FACE_BOUND('',#3160,.F.);
#3160 = EDGE_LOOP('',(#3161,#3162,#3185,#3212));
#3161 = ORIENTED_EDGE('',*,*,#3131,.T.);
#3162 = ORIENTED_EDGE('',*,*,#3163,.T.);
#3163 = EDGE_CURVE('',#3109,#3164,#3166,.T.);
#3164 = VERTEX_POINT('',#3165);
#3165 = CARTESIAN_POINT('',(79.394522626818,11.565781715796,0.));
#3166 = SEAM_CURVE('',#3167,(#3171,#3178),.PCURVE_S1.);
#3167 = LINE('',#3168,#3169);
#3168 = CARTESIAN_POINT('',(79.398190187255,11.366371686213,0.));
#3169 = VECTOR('',#3170,1.);
#3170 = DIRECTION('',(-1.838894610096E-02,0.999830909035,0.));
#3171 = PCURVE('',#3146,#3172);
#3172 = DEFINITIONAL_REPRESENTATION('',(#3173),#3177);
#3173 = LINE('',#3174,#3175);
#3174 = CARTESIAN_POINT('',(-0.,0.));
#3175 = VECTOR('',#3176,1.);
#3176 = DIRECTION('',(-0.,1.));
#3177 = ( GEOMETRIC_REPRESENTATION_CONTEXT(2) 
PARAMETRIC_REPRESENTATION_CONTEXT() REPRESENTATION_CONTEXT('2D SPACE',''
  ) );
#3178 = PCURVE('',#3146,#3179);
#3179 = DEFINITIONAL_REPRESENTATION('',(#3180),#3184);
#3180 = LINE('',#3181,#3182);
#3181 = CARTESIAN_POINT('',(-6.28318530718,0.));
#3182 = VECTOR('',#3183,1.);
#3183 = DIRECTION('',(-0.,1.));
#3184 = ( GEOMETRIC_REPRESENTATION_CONTEXT(2) 
PARAMETRIC_REPRESENTATION_CONTEXT() REPRESENTATION_CONTEXT('2D SPACE',''
  ) );
#3185 = ORIENTED_EDGE('',*,*,#3186,.F.);
#3186 = EDGE_CURVE('',#3164,#3164,#3187,.T.);
#3187 = SURFACE_CURVE('',#3188,(#3193,#3200),.PCURVE_S1.);
#3188 = CIRCLE('',#3189,11.565781715796);
#3189 = AXIS2_PLACEMENT_3D('',#3190,#3191,#3192);
#3190 = CARTESIAN_POINT('',(79.394522626818,0.,0.));
#3191 = DIRECTION('',(1.,0.,0.));
#3192 = DIRECTION('',(-0.,1.,0.));
#3193 = PCURVE('',#3146,#3194);
#3194 = DEFINITIONAL_REPRESENTATION('',(#3195),#3199);
#3195 = LINE('',#3196,#3197);
#3196 = CARTESIAN_POINT('',(-0.,3.667560437322E-03));
#3197 = VECTOR('',#3198,1.);
#3198 = DIRECTION('',(-1.,0.));
#3199 = ( GEOMETRIC_REPRESENTATION_CONTEXT(2) 
PARAMETRIC_REPRESENTATION_CONTEXT() REPRESENTATION_CONTEXT('2D SPACE',''
  ) );
#3200 = PCURVE('',#3201,#3206);
#3201 = CONICAL_SURFACE('',#3202,11.565781715796,1.552116375469);
#3202 = AXIS2_PLACEMENT_3D('',#3203,#3204,#3205);
#3203 = CARTESIAN_POINT('',(79.394522626818,0.,0.));
#3204 = DIRECTION('',(-1.,-0.,-0.));
#3205 = DIRECTION('',(0.,1.,0.));
#3206 = DEFINITIONAL_REPRESENTATION('',(#3207),#3211);
#3207 = LINE('',#3208,#3209);
#3208 = CARTESIAN_POINT('',(-0.,0.));
#3209 = VECTOR('',#3210,1.);
#3210 = DIRECTION('',(-1.,0.));
#3211 = ( GEOMETRIC_REPRESENTATION_CONTEXT(2) 
PARAMETRIC_REPRESENTATION_CONTEXT() REPRESENTATION_CONTEXT('2D SPACE',''
  ) );
#3212 = ORIENTED_EDGE('',*,*,#3163,.F.);
#3213 = ADVANCED_FACE('',(#3214),#3201,.T.);
#3214 = FACE_BOUND('',#3215,.F.);
#3215 = EDGE_LOOP('',(#3216,#3217,#3240,#3267));
#3216 = ORIENTED_EDGE('',*,*,#3186,.T.);
#3217 = ORIENTED_EDGE('',*,*,#3218,.T.);
#3218 = EDGE_CURVE('',#3164,#3219,#3221,.T.);
#3219 = VERTEX_POINT('',#3220);
#3220 = CARTESIAN_POINT('',(79.390797223846,11.765191745379,0.));
#3221 = SEAM_CURVE('',#3222,(#3226,#3233),.PCURVE_S1.);
#3222 = LINE('',#3223,#3224);
#3223 = CARTESIAN_POINT('',(79.394522626818,11.565781715796,0.));
#3224 = VECTOR('',#3225,1.);
#3225 = DIRECTION('',(-1.867886497948E-02,0.999825534782,0.));
#3226 = PCURVE('',#3201,#3227);
#3227 = DEFINITIONAL_REPRESENTATION('',(#3228),#3232);
#3228 = LINE('',#3229,#3230);
#3229 = CARTESIAN_POINT('',(-0.,0.));
#3230 = VECTOR('',#3231,1.);
#3231 = DIRECTION('',(-0.,1.));
#3232 = ( GEOMETRIC_REPRESENTATION_CONTEXT(2) 
PARAMETRIC_REPRESENTATION_CONTEXT() REPRESENTATION_CONTEXT('2D SPACE',''
  ) );
#3233 = PCURVE('',#3201,#3234);
#3234 = DEFINITIONAL_REPRESENTATION('',(#3235),#3239);
#3235 = LINE('',#3236,#3237);
#3236 = CARTESIAN_POINT('',(-6.28318530718,0.));
#3237 = VECTOR('',#3238,1.);
#3238 = DIRECTION('',(-0.,1.));
#3239 = ( GEOMETRIC_REPRESENTATION_CONTEXT(2) 
PARAMETRIC_REPRESENTATION_CONTEXT() REPRESENTATION_CONTEXT('2D SPACE',''
  ) );
#3240 = ORIENTED_EDGE('',*,*,#3241,.F.);
#3241 = EDGE_CURVE('',#3219,#3219,#3242,.T.);
#3242 = SURFACE_CURVE('',#3243,(#3248,#3255),.PCURVE_S1.);
#3243 = CIRCLE('',#3244,11.765191745379);
#3244 = AXIS2_PLACEMENT_3D('',#3245,#3246,#3247);
#3245 = CARTESIAN_POINT('',(79.390797223846,0.,0.));
#3246 = DIRECTION('',(1.,0.,0.));
#3247 = DIRECTION('',(-0.,1.,0.));
#3248 = PCURVE('',#3201,#3249);
#3249 = DEFINITIONAL_REPRESENTATION('',(#3250),#3254);
#3250 = LINE('',#3251,#3252);
#3251 = CARTESIAN_POINT('',(-0.,3.725402971369E-03));
#3252 = VECTOR('',#3253,1.);
#3253 = DIRECTION('',(-1.,0.));
#3254 = ( GEOMETRIC_REPRESENTATION_CONTEXT(2) 
PARAMETRIC_REPRESENTATION_CONTEXT() REPRESENTATION_CONTEXT('2D SPACE',''
  ) );
#3255 = PCURVE('',#3256,#3261);
#3256 = CONICAL_SURFACE('',#3257,11.765191745379,1.551827900927);
#3257 = AXIS2_PLACEMENT_3D('',#3258,#3259,#3260);
#3258 = CARTESIAN_POINT('',(79.390797223846,0.,0.));
#3259 = DIRECTION('',(-1.,-0.,-0.));
#3260 = DIRECTION('',(0.,1.,0.));
#3261 = DEFINITIONAL_REPRESENTATION('',(#3262),#3266);
#3262 = LINE('',#3263,#3264);
#3263 = CARTESIAN_POINT('',(-0.,0.));
#3264 = VECTOR('',#3265,1.);
#3265 = DIRECTION('',(-1.,0.));
#3266 = ( GEOMETRIC_REPRESENTATION_CONTEXT(2) 
PARAMETRIC_REPRESENTATION_CONTEXT() REPRESENTATION_CONTEXT('2D SPACE',''
  ) );
#3267 = ORIENTED_EDGE('',*,*,#3218,.F.);
#3268 = ADVANCED_FACE('',(#3269),#3256,.T.);
#3269 = FACE_BOUND('',#3270,.F.);
#3270 = EDGE_LOOP('',(#3271,#3272,#3295,#3322));
#3271 = ORIENTED_EDGE('',*,*,#3241,.T.);
#3272 = ORIENTED_EDGE('',*,*,#3273,.T.);
#3273 = EDGE_CURVE('',#3219,#3274,#3276,.T.);
#3274 = VERTEX_POINT('',#3275);
#3275 = CARTESIAN_POINT('',(79.387014275769,11.964601774961,0.));
#3276 = SEAM_CURVE('',#3277,(#3281,#3288),.PCURVE_S1.);
#3277 = LINE('',#3278,#3279);
#3278 = CARTESIAN_POINT('',(79.390797223846,11.765191745379,0.));
#3279 = VECTOR('',#3280,1.);
#3280 = DIRECTION('',(-1.896728841094E-02,0.999820104804,0.));
#3281 = PCURVE('',#3256,#3282);
#3282 = DEFINITIONAL_REPRESENTATION('',(#3283),#3287);
#3283 = LINE('',#3284,#3285);
#3284 = CARTESIAN_POINT('',(-0.,0.));
#3285 = VECTOR('',#3286,1.);
#3286 = DIRECTION('',(-0.,1.));
#3287 = ( GEOMETRIC_REPRESENTATION_CONTEXT(2) 
PARAMETRIC_REPRESENTATION_CONTEXT() REPRESENTATION_CONTEXT('2D SPACE',''
  ) );
#3288 = PCURVE('',#3256,#3289);
#3289 = DEFINITIONAL_REPRESENTATION('',(#3290),#3294);
#3290 = LINE('',#3291,#3292);
#3291 = CARTESIAN_POINT('',(-6.28318530718,0.));
#3292 = VECTOR('',#3293,1.);
#3293 = DIRECTION('',(-0.,1.));
#3294 = ( GEOMETRIC_REPRESENTATION_CONTEXT(2) 
PARAMETRIC_REPRESENTATION_CONTEXT() REPRESENTATION_CONTEXT('2D SPACE',''
  ) );
#3295 = ORIENTED_EDGE('',*,*,#3296,.F.);
#3296 = EDGE_CURVE('',#3274,#3274,#3297,.T.);
#3297 = SURFACE_CURVE('',#3298,(#3303,#3310),.PCURVE_S1.);
#3298 = CIRCLE('',#3299,11.964601774961);
#3299 = AXIS2_PLACEMENT_3D('',#3300,#3301,#3302);
#3300 = CARTESIAN_POINT('',(79.387014275769,0.,0.));
#3301 = DIRECTION('',(1.,0.,0.));
#3302 = DIRECTION('',(-0.,1.,0.));
#3303 = PCURVE('',#3256,#3304);
#3304 = DEFINITIONAL_REPRESENTATION('',(#3305),#3309);
#3305 = LINE('',#3306,#3307);
#3306 = CARTESIAN_POINT('',(-0.,3.782948077315E-03));
#3307 = VECTOR('',#3308,1.);
#3308 = DIRECTION('',(-1.,0.));
#3309 = ( GEOMETRIC_REPRESENTATION_CONTEXT(2) 
PARAMETRIC_REPRESENTATION_CONTEXT() REPRESENTATION_CONTEXT('2D SPACE',''
  ) );
#3310 = PCURVE('',#3311,#3316);
#3311 = CONICAL_SURFACE('',#3312,11.964601774961,1.551540941873);
#3312 = AXIS2_PLACEMENT_3D('',#3313,#3314,#3315);
#3313 = CARTESIAN_POINT('',(79.387014275769,0.,0.));
#3314 = DIRECTION('',(-1.,-0.,-0.));
#3315 = DIRECTION('',(0.,1.,0.));
#3316 = DEFINITIONAL_REPRESENTATION('',(#3317),#3321);
#3317 = LINE('',#3318,#3319);
#3318 = CARTESIAN_POINT('',(-0.,0.));
#3319 = VECTOR('',#3320,1.);
#3320 = DIRECTION('',(-1.,0.));
#3321 = ( GEOMETRIC_REPRESENTATION_CONTEXT(2) 
PARAMETRIC_REPRESENTATION_CONTEXT() REPRESENTATION_CONTEXT('2D SPACE',''
  ) );
#3322 = ORIENTED_EDGE('',*,*,#3273,.F.);
#3323 = ADVANCED_FACE('',(#3324),#3311,.T.);
#3324 = FACE_BOUND('',#3325,.F.);
#3325 = EDGE_LOOP('',(#3326,#3327,#3350,#3377));
#3326 = ORIENTED_EDGE('',*,*,#3296,.T.);
#3327 = ORIENTED_EDGE('',*,*,#3328,.T.);
#3328 = EDGE_CURVE('',#3274,#3329,#3331,.T.);
#3329 = VERTEX_POINT('',#3330);
#3330 = CARTESIAN_POINT('',(79.383174084271,12.164011804544,0.));
#3331 = SEAM_CURVE('',#3332,(#3336,#3343),.PCURVE_S1.);
#3332 = LINE('',#3333,#3334);
#3333 = CARTESIAN_POINT('',(79.387014275769,11.964601774961,0.));
#3334 = VECTOR('',#3335,1.);
#3335 = DIRECTION('',(-1.925419505798E-02,0.999814620804,0.));
#3336 = PCURVE('',#3311,#3337);
#3337 = DEFINITIONAL_REPRESENTATION('',(#3338),#3342);
#3338 = LINE('',#3339,#3340);
#3339 = CARTESIAN_POINT('',(-0.,0.));
#3340 = VECTOR('',#3341,1.);
#3341 = DIRECTION('',(-0.,1.));
#3342 = ( GEOMETRIC_REPRESENTATION_CONTEXT(2) 
PARAMETRIC_REPRESENTATION_CONTEXT() REPRESENTATION_CONTEXT('2D SPACE',''
  ) );
#3343 = PCURVE('',#3311,#3344);
#3344 = DEFINITIONAL_REPRESENTATION('',(#3345),#3349);
#3345 = LINE('',#3346,#3347);
#3346 = CARTESIAN_POINT('',(-6.28318530718,0.));
#3347 = VECTOR('',#3348,1.);
#3348 = DIRECTION('',(-0.,1.));
#3349 = ( GEOMETRIC_REPRESENTATION_CONTEXT(2) 
PARAMETRIC_REPRESENTATION_CONTEXT() REPRESENTATION_CONTEXT('2D SPACE',''
  ) );
#3350 = ORIENTED_EDGE('',*,*,#3351,.F.);
#3351 = EDGE_CURVE('',#3329,#3329,#3352,.T.);
#3352 = SURFACE_CURVE('',#3353,(#3358,#3365),.PCURVE_S1.);
#3353 = CIRCLE('',#3354,12.164011804544);
#3354 = AXIS2_PLACEMENT_3D('',#3355,#3356,#3357);
#3355 = CARTESIAN_POINT('',(79.383174084271,0.,0.));
#3356 = DIRECTION('',(1.,0.,0.));
#3357 = DIRECTION('',(-0.,1.,0.));
#3358 = PCURVE('',#3311,#3359);
#3359 = DEFINITIONAL_REPRESENTATION('',(#3360),#3364);
#3360 = LINE('',#3361,#3362);
#3361 = CARTESIAN_POINT('',(-0.,3.840191497716E-03));
#3362 = VECTOR('',#3363,1.);
#3363 = DIRECTION('',(-1.,0.));
#3364 = ( GEOMETRIC_REPRESENTATION_CONTEXT(2) 
PARAMETRIC_REPRESENTATION_CONTEXT() REPRESENTATION_CONTEXT('2D SPACE',''
  ) );
#3365 = PCURVE('',#3366,#3371);
#3366 = CONICAL_SURFACE('',#3367,12.164011804544,1.551255519443);
#3367 = AXIS2_PLACEMENT_3D('',#3368,#3369,#3370);
#3368 = CARTESIAN_POINT('',(79.383174084271,0.,0.));
#3369 = DIRECTION('',(-1.,-0.,-0.));
#3370 = DIRECTION('',(0.,1.,0.));
#3371 = DEFINITIONAL_REPRESENTATION('',(#3372),#3376);
#3372 = LINE('',#3373,#3374);
#3373 = CARTESIAN_POINT('',(-0.,0.));
#3374 = VECTOR('',#3375,1.);
#3375 = DIRECTION('',(-1.,0.));
#3376 = ( GEOMETRIC_REPRESENTATION_CONTEXT(2) 
PARAMETRIC_REPRESENTATION_CONTEXT() REPRESENTATION_CONTEXT('2D SPACE',''
  ) );
#3377 = ORIENTED_EDGE('',*,*,#3328,.F.);
#3378 = ADVANCED_FACE('',(#3379),#3366,.T.);
#3379 = FACE_BOUND('',#3380,.F.);
#3380 = EDGE_LOOP('',(#3381,#3382,#3405,#3432));
#3381 = ORIENTED_EDGE('',*,*,#3351,.T.);
#3382 = ORIENTED_EDGE('',*,*,#3383,.T.);
#3383 = EDGE_CURVE('',#3329,#3384,#3386,.T.);
#3384 = VERTEX_POINT('',#3385);
#3385 = CARTESIAN_POINT('',(79.379276955256,12.363421834127,0.));
#3386 = SEAM_CURVE('',#3387,(#3391,#3398),.PCURVE_S1.);
#3387 = LINE('',#3388,#3389);
#3388 = CARTESIAN_POINT('',(79.383174084271,12.164011804544,0.));
#3389 = VECTOR('',#3390,1.);
#3390 = DIRECTION('',(-1.953956378825E-02,0.999809084499,0.));
#3391 = PCURVE('',#3366,#3392);
#3392 = DEFINITIONAL_REPRESENTATION('',(#3393),#3397);
#3393 = LINE('',#3394,#3395);
#3394 = CARTESIAN_POINT('',(-0.,0.));
#3395 = VECTOR('',#3396,1.);
#3396 = DIRECTION('',(-0.,1.));
#3397 = ( GEOMETRIC_REPRESENTATION_CONTEXT(2) 
PARAMETRIC_REPRESENTATION_CONTEXT() REPRESENTATION_CONTEXT('2D SPACE',''
  ) );
#3398 = PCURVE('',#3366,#3399);
#3399 = DEFINITIONAL_REPRESENTATION('',(#3400),#3404);
#3400 = LINE('',#3401,#3402);
#3401 = CARTESIAN_POINT('',(-6.28318530718,0.));
#3402 = VECTOR('',#3403,1.);
#3403 = DIRECTION('',(-0.,1.));
#3404 = ( GEOMETRIC_REPRESENTATION_CONTEXT(2) 
PARAMETRIC_REPRESENTATION_CONTEXT() REPRESENTATION_CONTEXT('2D SPACE',''
  ) );
#3405 = ORIENTED_EDGE('',*,*,#3406,.F.);
#3406 = EDGE_CURVE('',#3384,#3384,#3407,.T.);
#3407 = SURFACE_CURVE('',#3408,(#3413,#3420),.PCURVE_S1.);
#3408 = CIRCLE('',#3409,12.363421834127);
#3409 = AXIS2_PLACEMENT_3D('',#3410,#3411,#3412);
#3410 = CARTESIAN_POINT('',(79.379276955256,0.,0.));
#3411 = DIRECTION('',(1.,0.,0.));
#3412 = DIRECTION('',(-0.,1.,0.));
#3413 = PCURVE('',#3366,#3414);
#3414 = DEFINITIONAL_REPRESENTATION('',(#3415),#3419);
#3415 = LINE('',#3416,#3417);
#3416 = CARTESIAN_POINT('',(-0.,3.897129015385E-03));
#3417 = VECTOR('',#3418,1.);
#3418 = DIRECTION('',(-1.,0.));
#3419 = ( GEOMETRIC_REPRESENTATION_CONTEXT(2) 
PARAMETRIC_REPRESENTATION_CONTEXT() REPRESENTATION_CONTEXT('2D SPACE',''
  ) );
#3420 = PCURVE('',#3421,#3426);
#3421 = CONICAL_SURFACE('',#3422,12.363421834127,1.55097165457);
#3422 = AXIS2_PLACEMENT_3D('',#3423,#3424,#3425);
#3423 = CARTESIAN_POINT('',(79.379276955256,0.,0.));
#3424 = DIRECTION('',(-1.,-0.,-0.));
#3425 = DIRECTION('',(0.,1.,0.));
#3426 = DEFINITIONAL_REPRESENTATION('',(#3427),#3431);
#3427 = LINE('',#3428,#3429);
#3428 = CARTESIAN_POINT('',(-0.,0.));
#3429 = VECTOR('',#3430,1.);
#3430 = DIRECTION('',(-1.,0.));
#3431 = ( GEOMETRIC_REPRESENTATION_CONTEXT(2) 
PARAMETRIC_REPRESENTATION_CONTEXT() REPRESENTATION_CONTEXT('2D SPACE',''
  ) );
#3432 = ORIENTED_EDGE('',*,*,#3383,.F.);
#3433 = ADVANCED_FACE('',(#3434),#3421,.T.);
#3434 = FACE_BOUND('',#3435,.F.);
#3435 = EDGE_LOOP('',(#3436,#3437,#3460,#3487));
#3436 = ORIENTED_EDGE('',*,*,#3406,.T.);
#3437 = ORIENTED_EDGE('',*,*,#3438,.T.);
#3438 = EDGE_CURVE('',#3384,#3439,#3441,.T.);
#3439 = VERTEX_POINT('',#3440);
#3440 = CARTESIAN_POINT('',(79.375323198802,12.562831863709,0.));
#3441 = SEAM_CURVE('',#3442,(#3446,#3453),.PCURVE_S1.);
#3442 = LINE('',#3443,#3444);
#3443 = CARTESIAN_POINT('',(79.379276955256,12.363421834127,0.));
#3444 = VECTOR('',#3445,1.);
#3445 = DIRECTION('',(-1.982337367566E-02,0.999803497621,0.));
#3446 = PCURVE('',#3421,#3447);
#3447 = DEFINITIONAL_REPRESENTATION('',(#3448),#3452);
#3448 = LINE('',#3449,#3450);
#3449 = CARTESIAN_POINT('',(-0.,0.));
#3450 = VECTOR('',#3451,1.);
#3451 = DIRECTION('',(-0.,1.));
#3452 = ( GEOMETRIC_REPRESENTATION_CONTEXT(2) 
PARAMETRIC_REPRESENTATION_CONTEXT() REPRESENTATION_CONTEXT('2D SPACE',''
  ) );
#3453 = PCURVE('',#3421,#3454);
#3454 = DEFINITIONAL_REPRESENTATION('',(#3455),#3459);
#3455 = LINE('',#3456,#3457);
#3456 = CARTESIAN_POINT('',(-6.28318530718,0.));
#3457 = VECTOR('',#3458,1.);
#3458 = DIRECTION('',(-0.,1.));
#3459 = ( GEOMETRIC_REPRESENTATION_CONTEXT(2) 
PARAMETRIC_REPRESENTATION_CONTEXT() REPRESENTATION_CONTEXT('2D SPACE',''
  ) );
#3460 = ORIENTED_EDGE('',*,*,#3461,.F.);
#3461 = EDGE_CURVE('',#3439,#3439,#3462,.T.);
#3462 = SURFACE_CURVE('',#3463,(#3468,#3475),.PCURVE_S1.);
#3463 = CIRCLE('',#3464,12.562831863709);
#3464 = AXIS2_PLACEMENT_3D('',#3465,#3466,#3467);
#3465 = CARTESIAN_POINT('',(79.375323198802,0.,0.));
#3466 = DIRECTION('',(1.,0.,0.));
#3467 = DIRECTION('',(-0.,1.,0.));
#3468 = PCURVE('',#3421,#3469);
#3469 = DEFINITIONAL_REPRESENTATION('',(#3470),#3474);
#3470 = LINE('',#3471,#3472);
#3471 = CARTESIAN_POINT('',(-0.,3.95375645364E-03));
#3472 = VECTOR('',#3473,1.);
#3473 = DIRECTION('',(-1.,0.));
#3474 = ( GEOMETRIC_REPRESENTATION_CONTEXT(2) 
PARAMETRIC_REPRESENTATION_CONTEXT() REPRESENTATION_CONTEXT('2D SPACE',''
  ) );
#3475 = PCURVE('',#3476,#3481);
#3476 = CONICAL_SURFACE('',#3477,12.562831863709,1.550689367979);
#3477 = AXIS2_PLACEMENT_3D('',#3478,#3479,#3480);
#3478 = CARTESIAN_POINT('',(79.375323198802,0.,0.));
#3479 = DIRECTION('',(-1.,-0.,-0.));
#3480 = DIRECTION('',(0.,1.,0.));
#3481 = DEFINITIONAL_REPRESENTATION('',(#3482),#3486);
#3482 = LINE('',#3483,#3484);
#3483 = CARTESIAN_POINT('',(-0.,0.));
#3484 = VECTOR('',#3485,1.);
#3485 = DIRECTION('',(-1.,0.));
#3486 = ( GEOMETRIC_REPRESENTATION_CONTEXT(2) 
PARAMETRIC_REPRESENTATION_CONTEXT() REPRESENTATION_CONTEXT('2D SPACE',''
  ) );
#3487 = ORIENTED_EDGE('',*,*,#3438,.F.);
#3488 = ADVANCED_FACE('',(#3489),#3476,.T.);
#3489 = FACE_BOUND('',#3490,.F.);
#3490 = EDGE_LOOP('',(#3491,#3492,#3515,#3542));
#3491 = ORIENTED_EDGE('',*,*,#3461,.T.);
#3492 = ORIENTED_EDGE('',*,*,#3493,.T.);
#3493 = EDGE_CURVE('',#3439,#3494,#3496,.T.);
#3494 = VERTEX_POINT('',#3495);
#3495 = CARTESIAN_POINT('',(79.371313129125,12.762241893292,0.));
#3496 = SEAM_CURVE('',#3497,(#3501,#3508),.PCURVE_S1.);
#3497 = LINE('',#3498,#3499);
#3498 = CARTESIAN_POINT('',(79.375323198802,12.562831863709,0.));
#3499 = VECTOR('',#3500,1.);
#3500 = DIRECTION('',(-2.01056040032E-02,0.999797861914,0.));
#3501 = PCURVE('',#3476,#3502);
#3502 = DEFINITIONAL_REPRESENTATION('',(#3503),#3507);
#3503 = LINE('',#3504,#3505);
#3504 = CARTESIAN_POINT('',(-0.,0.));
#3505 = VECTOR('',#3506,1.);
#3506 = DIRECTION('',(-0.,1.));
#3507 = ( GEOMETRIC_REPRESENTATION_CONTEXT(2) 
PARAMETRIC_REPRESENTATION_CONTEXT() REPRESENTATION_CONTEXT('2D SPACE',''
  ) );
#3508 = PCURVE('',#3476,#3509);
#3509 = DEFINITIONAL_REPRESENTATION('',(#3510),#3514);
#3510 = LINE('',#3511,#3512);
#3511 = CARTESIAN_POINT('',(-6.28318530718,0.));
#3512 = VECTOR('',#3513,1.);
#3513 = DIRECTION('',(-0.,1.));
#3514 = ( GEOMETRIC_REPRESENTATION_CONTEXT(2) 
PARAMETRIC_REPRESENTATION_CONTEXT() REPRESENTATION_CONTEXT('2D SPACE',''
  ) );
#3515 = ORIENTED_EDGE('',*,*,#3516,.F.);
#3516 = EDGE_CURVE('',#3494,#3494,#3517,.T.);
#3517 = SURFACE_CURVE('',#3518,(#3523,#3530),.PCURVE_S1.);
#3518 = CIRCLE('',#3519,12.762241893292);
#3519 = AXIS2_PLACEMENT_3D('',#3520,#3521,#3522);
#3520 = CARTESIAN_POINT('',(79.371313129125,0.,0.));
#3521 = DIRECTION('',(1.,0.,0.));
#3522 = DIRECTION('',(-0.,1.,0.));
#3523 = PCURVE('',#3476,#3524);
#3524 = DEFINITIONAL_REPRESENTATION('',(#3525),#3529);
#3525 = LINE('',#3526,#3527);
#3526 = CARTESIAN_POINT('',(-0.,4.010069676866E-03));
#3527 = VECTOR('',#3528,1.);
#3528 = DIRECTION('',(-1.,0.));
#3529 = ( GEOMETRIC_REPRESENTATION_CONTEXT(2) 
PARAMETRIC_REPRESENTATION_CONTEXT() REPRESENTATION_CONTEXT('2D SPACE',''
  ) );
#3530 = PCURVE('',#3531,#3536);
#3531 = CONICAL_SURFACE('',#3532,12.762241893292,1.550408680183);
#3532 = AXIS2_PLACEMENT_3D('',#3533,#3534,#3535);
#3533 = CARTESIAN_POINT('',(79.371313129125,0.,0.));
#3534 = DIRECTION('',(-1.,-0.,-0.));
#3535 = DIRECTION('',(0.,1.,0.));
#3536 = DEFINITIONAL_REPRESENTATION('',(#3537),#3541);
#3537 = LINE('',#3538,#3539);
#3538 = CARTESIAN_POINT('',(-0.,0.));
#3539 = VECTOR('',#3540,1.);
#3540 = DIRECTION('',(-1.,0.));
#3541 = ( GEOMETRIC_REPRESENTATION_CONTEXT(2) 
PARAMETRIC_REPRESENTATION_CONTEXT() REPRESENTATION_CONTEXT('2D SPACE',''
  ) );
#3542 = ORIENTED_EDGE('',*,*,#3493,.F.);
#3543 = ADVANCED_FACE('',(#3544),#3531,.T.);
#3544 = FACE_BOUND('',#3545,.F.);
#3545 = EDGE_LOOP('',(#3546,#3547,#3570,#3597));
#3546 = ORIENTED_EDGE('',*,*,#3516,.T.);
#3547 = ORIENTED_EDGE('',*,*,#3548,.T.);
#3548 = EDGE_CURVE('',#3494,#3549,#3551,.T.);
#3549 = VERTEX_POINT('',#3550);
#3550 = CARTESIAN_POINT('',(79.367247064534,12.961651922875,0.));
#3551 = SEAM_CURVE('',#3552,(#3556,#3563),.PCURVE_S1.);
#3552 = LINE('',#3553,#3554);
#3553 = CARTESIAN_POINT('',(79.371313129125,12.762241893292,0.));
#3554 = VECTOR('',#3555,1.);
#3555 = DIRECTION('',(-2.03862342661E-02,0.999792179131,0.));
#3556 = PCURVE('',#3531,#3557);
#3557 = DEFINITIONAL_REPRESENTATION('',(#3558),#3562);
#3558 = LINE('',#3559,#3560);
#3559 = CARTESIAN_POINT('',(-0.,0.));
#3560 = VECTOR('',#3561,1.);
#3561 = DIRECTION('',(-0.,1.));
#3562 = ( GEOMETRIC_REPRESENTATION_CONTEXT(2) 
PARAMETRIC_REPRESENTATION_CONTEXT() REPRESENTATION_CONTEXT('2D SPACE',''
  ) );
#3563 = PCURVE('',#3531,#3564);
#3564 = DEFINITIONAL_REPRESENTATION('',(#3565),#3569);
#3565 = LINE('',#3566,#3567);
#3566 = CARTESIAN_POINT('',(-6.28318530718,0.));
#3567 = VECTOR('',#3568,1.);
#3568 = DIRECTION('',(-0.,1.));
#3569 = ( GEOMETRIC_REPRESENTATION_CONTEXT(2) 
PARAMETRIC_REPRESENTATION_CONTEXT() REPRESENTATION_CONTEXT('2D SPACE',''
  ) );
#3570 = ORIENTED_EDGE('',*,*,#3571,.F.);
#3571 = EDGE_CURVE('',#3549,#3549,#3572,.T.);
#3572 = SURFACE_CURVE('',#3573,(#3578,#3585),.PCURVE_S1.);
#3573 = CIRCLE('',#3574,12.961651922875);
#3574 = AXIS2_PLACEMENT_3D('',#3575,#3576,#3577);
#3575 = CARTESIAN_POINT('',(79.367247064534,0.,0.));
#3576 = DIRECTION('',(1.,0.,0.));
#3577 = DIRECTION('',(-0.,1.,0.));
#3578 = PCURVE('',#3531,#3579);
#3579 = DEFINITIONAL_REPRESENTATION('',(#3580),#3584);
#3580 = LINE('',#3581,#3582);
#3581 = CARTESIAN_POINT('',(-0.,4.066064591157E-03));
#3582 = VECTOR('',#3583,1.);
#3583 = DIRECTION('',(-1.,0.));
#3584 = ( GEOMETRIC_REPRESENTATION_CONTEXT(2) 
PARAMETRIC_REPRESENTATION_CONTEXT() REPRESENTATION_CONTEXT('2D SPACE',''
  ) );
#3585 = PCURVE('',#3586,#3591);
#3586 = CONICAL_SURFACE('',#3587,12.961651922875,1.550129611482);
#3587 = AXIS2_PLACEMENT_3D('',#3588,#3589,#3590);
#3588 = CARTESIAN_POINT('',(79.367247064534,0.,0.));
#3589 = DIRECTION('',(-1.,-0.,-0.));
#3590 = DIRECTION('',(0.,1.,0.));
#3591 = DEFINITIONAL_REPRESENTATION('',(#3592),#3596);
#3592 = LINE('',#3593,#3594);
#3593 = CARTESIAN_POINT('',(-0.,0.));
#3594 = VECTOR('',#3595,1.);
#3595 = DIRECTION('',(-1.,0.));
#3596 = ( GEOMETRIC_REPRESENTATION_CONTEXT(2) 
PARAMETRIC_REPRESENTATION_CONTEXT() REPRESENTATION_CONTEXT('2D SPACE',''
  ) );
#3597 = ORIENTED_EDGE('',*,*,#3548,.F.);
#3598 = ADVANCED_FACE('',(#3599),#3586,.T.);
#3599 = FACE_BOUND('',#3600,.F.);
#3600 = EDGE_LOOP('',(#3601,#3602,#3625,#3652));
#3601 = ORIENTED_EDGE('',*,*,#3571,.T.);
#3602 = ORIENTED_EDGE('',*,*,#3603,.T.);
#3603 = EDGE_CURVE('',#3549,#3604,#3606,.T.);
#3604 = VERTEX_POINT('',#3605);
#3605 = CARTESIAN_POINT('',(79.36312532739,13.161061952457,0.));
#3606 = SEAM_CURVE('',#3607,(#3611,#3618),.PCURVE_S1.);
#3607 = LINE('',#3608,#3609);
#3608 = CARTESIAN_POINT('',(79.367247064534,12.961651922875,0.));
#3609 = VECTOR('',#3610,1.);
#3610 = DIRECTION('',(-2.066524417296E-02,0.99978645104,0.));
#3611 = PCURVE('',#3586,#3612);
#3612 = DEFINITIONAL_REPRESENTATION('',(#3613),#3617);
#3613 = LINE('',#3614,#3615);
#3614 = CARTESIAN_POINT('',(-0.,0.));
#3615 = VECTOR('',#3616,1.);
#3616 = DIRECTION('',(-0.,1.));
#3617 = ( GEOMETRIC_REPRESENTATION_CONTEXT(2) 
PARAMETRIC_REPRESENTATION_CONTEXT() REPRESENTATION_CONTEXT('2D SPACE',''
  ) );
#3618 = PCURVE('',#3586,#3619);
#3619 = DEFINITIONAL_REPRESENTATION('',(#3620),#3624);
#3620 = LINE('',#3621,#3622);
#3621 = CARTESIAN_POINT('',(-6.28318530718,0.));
#3622 = VECTOR('',#3623,1.);
#3623 = DIRECTION('',(-0.,1.));
#3624 = ( GEOMETRIC_REPRESENTATION_CONTEXT(2) 
PARAMETRIC_REPRESENTATION_CONTEXT() REPRESENTATION_CONTEXT('2D SPACE',''
  ) );
#3625 = ORIENTED_EDGE('',*,*,#3626,.F.);
#3626 = EDGE_CURVE('',#3604,#3604,#3627,.T.);
#3627 = SURFACE_CURVE('',#3628,(#3633,#3640),.PCURVE_S1.);
#3628 = CIRCLE('',#3629,13.161061952457);
#3629 = AXIS2_PLACEMENT_3D('',#3630,#3631,#3632);
#3630 = CARTESIAN_POINT('',(79.36312532739,0.,0.));
#3631 = DIRECTION('',(1.,0.,0.));
#3632 = DIRECTION('',(-0.,1.,0.));
#3633 = PCURVE('',#3586,#3634);
#3634 = DEFINITIONAL_REPRESENTATION('',(#3635),#3639);
#3635 = LINE('',#3636,#3637);
#3636 = CARTESIAN_POINT('',(-0.,4.121737144544E-03));
#3637 = VECTOR('',#3638,1.);
#3638 = DIRECTION('',(-1.,0.));
#3639 = ( GEOMETRIC_REPRESENTATION_CONTEXT(2) 
PARAMETRIC_REPRESENTATION_CONTEXT() REPRESENTATION_CONTEXT('2D SPACE',''
  ) );
#3640 = PCURVE('',#3641,#3646);
#3641 = CONICAL_SURFACE('',#3642,13.161061952457,1.549852181962);
#3642 = AXIS2_PLACEMENT_3D('',#3643,#3644,#3645);
#3643 = CARTESIAN_POINT('',(79.36312532739,0.,0.));
#3644 = DIRECTION('',(-1.,-0.,-0.));
#3645 = DIRECTION('',(0.,1.,0.));
#3646 = DEFINITIONAL_REPRESENTATION('',(#3647),#3651);
#3647 = LINE('',#3648,#3649);
#3648 = CARTESIAN_POINT('',(-0.,0.));
#3649 = VECTOR('',#3650,1.);
#3650 = DIRECTION('',(-1.,0.));
#3651 = ( GEOMETRIC_REPRESENTATION_CONTEXT(2) 
PARAMETRIC_REPRESENTATION_CONTEXT() REPRESENTATION_CONTEXT('2D SPACE',''
  ) );
#3652 = ORIENTED_EDGE('',*,*,#3603,.F.);
#3653 = ADVANCED_FACE('',(#3654),#3641,.T.);
#3654 = FACE_BOUND('',#3655,.F.);
#3655 = EDGE_LOOP('',(#3656,#3657,#3680,#3707));
#3656 = ORIENTED_EDGE('',*,*,#3626,.T.);
#3657 = ORIENTED_EDGE('',*,*,#3658,.T.);
#3658 = EDGE_CURVE('',#3604,#3659,#3661,.T.);
#3659 = VERTEX_POINT('',#3660);
#3660 = CARTESIAN_POINT('',(79.358948244062,13.36047198204,0.));
#3661 = SEAM_CURVE('',#3662,(#3666,#3673),.PCURVE_S1.);
#3662 = LINE('',#3663,#3664);
#3663 = CARTESIAN_POINT('',(79.36312532739,13.161061952457,0.));
#3664 = VECTOR('',#3665,1.);
#3665 = DIRECTION('',(-2.094261364975E-02,0.999780679416,0.));
#3666 = PCURVE('',#3641,#3667);
#3667 = DEFINITIONAL_REPRESENTATION('',(#3668),#3672);
#3668 = LINE('',#3669,#3670);
#3669 = CARTESIAN_POINT('',(-0.,0.));
#3670 = VECTOR('',#3671,1.);
#3671 = DIRECTION('',(-0.,1.));
#3672 = ( GEOMETRIC_REPRESENTATION_CONTEXT(2) 
PARAMETRIC_REPRESENTATION_CONTEXT() REPRESENTATION_CONTEXT('2D SPACE',''
  ) );
#3673 = PCURVE('',#3641,#3674);
#3674 = DEFINITIONAL_REPRESENTATION('',(#3675),#3679);
#3675 = LINE('',#3676,#3677);
#3676 = CARTESIAN_POINT('',(-6.28318530718,0.));
#3677 = VECTOR('',#3678,1.);
#3678 = DIRECTION('',(-0.,1.));
#3679 = ( GEOMETRIC_REPRESENTATION_CONTEXT(2) 
PARAMETRIC_REPRESENTATION_CONTEXT() REPRESENTATION_CONTEXT('2D SPACE',''
  ) );
#3680 = ORIENTED_EDGE('',*,*,#3681,.F.);
#3681 = EDGE_CURVE('',#3659,#3659,#3682,.T.);
#3682 = SURFACE_CURVE('',#3683,(#3688,#3695),.PCURVE_S1.);
#3683 = CIRCLE('',#3684,13.36047198204);
#3684 = AXIS2_PLACEMENT_3D('',#3685,#3686,#3687);
#3685 = CARTESIAN_POINT('',(79.358948244062,0.,0.));
#3686 = DIRECTION('',(1.,0.,0.));
#3687 = DIRECTION('',(-0.,1.,0.));
#3688 = PCURVE('',#3641,#3689);
#3689 = DEFINITIONAL_REPRESENTATION('',(#3690),#3694);
#3690 = LINE('',#3691,#3692);
#3691 = CARTESIAN_POINT('',(-0.,4.177083327789E-03));
#3692 = VECTOR('',#3693,1.);
#3693 = DIRECTION('',(-1.,0.));
#3694 = ( GEOMETRIC_REPRESENTATION_CONTEXT(2) 
PARAMETRIC_REPRESENTATION_CONTEXT() REPRESENTATION_CONTEXT('2D SPACE',''
  ) );
#3695 = PCURVE('',#3696,#3701);
#3696 = CONICAL_SURFACE('',#3697,13.36047198204,1.549576411489);
#3697 = AXIS2_PLACEMENT_3D('',#3698,#3699,#3700);
#3698 = CARTESIAN_POINT('',(79.358948244062,0.,0.));
#3699 = DIRECTION('',(-1.,-0.,-0.));
#3700 = DIRECTION('',(0.,1.,0.));
#3701 = DEFINITIONAL_REPRESENTATION('',(#3702),#3706);
#3702 = LINE('',#3703,#3704);
#3703 = CARTESIAN_POINT('',(-0.,0.));
#3704 = VECTOR('',#3705,1.);
#3705 = DIRECTION('',(-1.,0.));
#3706 = ( GEOMETRIC_REPRESENTATION_CONTEXT(2) 
PARAMETRIC_REPRESENTATION_CONTEXT() REPRESENTATION_CONTEXT('2D SPACE',''
  ) );
#3707 = ORIENTED_EDGE('',*,*,#3658,.F.);
#3708 = ADVANCED_FACE('',(#3709),#3696,.T.);
#3709 = FACE_BOUND('',#3710,.F.);
#3710 = EDGE_LOOP('',(#3711,#3712,#3735,#3762));
#3711 = ORIENTED_EDGE('',*,*,#3681,.T.);
#3712 = ORIENTED_EDGE('',*,*,#3713,.T.);
#3713 = EDGE_CURVE('',#3659,#3714,#3716,.T.);
#3714 = VERTEX_POINT('',#3715);
#3715 = CARTESIAN_POINT('',(79.354716144887,13.559882011623,0.));
#3716 = SEAM_CURVE('',#3717,(#3721,#3728),.PCURVE_S1.);
#3717 = LINE('',#3718,#3719);
#3718 = CARTESIAN_POINT('',(79.358948244062,13.36047198204,0.));
#3719 = VECTOR('',#3720,1.);
#3720 = DIRECTION('',(-2.121832284043E-02,0.999774866045,0.));
#3721 = PCURVE('',#3696,#3722);
#3722 = DEFINITIONAL_REPRESENTATION('',(#3723),#3727);
#3723 = LINE('',#3724,#3725);
#3724 = CARTESIAN_POINT('',(-0.,0.));
#3725 = VECTOR('',#3726,1.);
#3726 = DIRECTION('',(-0.,1.));
#3727 = ( GEOMETRIC_REPRESENTATION_CONTEXT(2) 
PARAMETRIC_REPRESENTATION_CONTEXT() REPRESENTATION_CONTEXT('2D SPACE',''
  ) );
#3728 = PCURVE('',#3696,#3729);
#3729 = DEFINITIONAL_REPRESENTATION('',(#3730),#3734);
#3730 = LINE('',#3731,#3732);
#3731 = CARTESIAN_POINT('',(-6.28318530718,0.));
#3732 = VECTOR('',#3733,1.);
#3733 = DIRECTION('',(-0.,1.));
#3734 = ( GEOMETRIC_REPRESENTATION_CONTEXT(2) 
PARAMETRIC_REPRESENTATION_CONTEXT() REPRESENTATION_CONTEXT('2D SPACE',''
  ) );
#3735 = ORIENTED_EDGE('',*,*,#3736,.F.);
#3736 = EDGE_CURVE('',#3714,#3714,#3737,.T.);
#3737 = SURFACE_CURVE('',#3738,(#3743,#3750),.PCURVE_S1.);
#3738 = CIRCLE('',#3739,13.559882011623);
#3739 = AXIS2_PLACEMENT_3D('',#3740,#3741,#3742);
#3740 = CARTESIAN_POINT('',(79.354716144887,0.,0.));
#3741 = DIRECTION('',(1.,0.,0.));
#3742 = DIRECTION('',(-0.,1.,0.));
#3743 = PCURVE('',#3696,#3744);
#3744 = DEFINITIONAL_REPRESENTATION('',(#3745),#3749);
#3745 = LINE('',#3746,#3747);
#3746 = CARTESIAN_POINT('',(-0.,4.23209917453E-03));
#3747 = VECTOR('',#3748,1.);
#3748 = DIRECTION('',(-1.,0.));
#3749 = ( GEOMETRIC_REPRESENTATION_CONTEXT(2) 
PARAMETRIC_REPRESENTATION_CONTEXT() REPRESENTATION_CONTEXT('2D SPACE',''
  ) );
#3750 = PCURVE('',#3751,#3756);
#3751 = CONICAL_SURFACE('',#3752,13.559882011623,1.549302319711);
#3752 = AXIS2_PLACEMENT_3D('',#3753,#3754,#3755);
#3753 = CARTESIAN_POINT('',(79.354716144887,0.,0.));
#3754 = DIRECTION('',(-1.,-0.,-0.));
#3755 = DIRECTION('',(0.,1.,0.));
#3756 = DEFINITIONAL_REPRESENTATION('',(#3757),#3761);
#3757 = LINE('',#3758,#3759);
#3758 = CARTESIAN_POINT('',(-0.,0.));
#3759 = VECTOR('',#3760,1.);
#3760 = DIRECTION('',(-1.,0.));
#3761 = ( GEOMETRIC_REPRESENTATION_CONTEXT(2) 
PARAMETRIC_REPRESENTATION_CONTEXT() REPRESENTATION_CONTEXT('2D SPACE',''
  ) );
#3762 = ORIENTED_EDGE('',*,*,#3713,.F.);
#3763 = ADVANCED_FACE('',(#3764),#3751,.T.);
#3764 = FACE_BOUND('',#3765,.F.);
#3765 = EDGE_LOOP('',(#3766,#3767,#3790,#3817));
#3766 = ORIENTED_EDGE('',*,*,#3736,.T.);
#3767 = ORIENTED_EDGE('',*,*,#3768,.T.);
#3768 = EDGE_CURVE('',#3714,#3769,#3771,.T.);
#3769 = VERTEX_POINT('',#3770);
#3770 = CARTESIAN_POINT('',(79.350429364125,13.759292041205,0.));
#3771 = SEAM_CURVE('',#3772,(#3776,#3783),.PCURVE_S1.);
#3772 = LINE('',#3773,#3774);
#3773 = CARTESIAN_POINT('',(79.354716144887,13.559882011623,0.));
#3774 = VECTOR('',#3775,1.);
#3775 = DIRECTION('',(-2.149235211086E-02,0.999769012723,0.));
#3776 = PCURVE('',#3751,#3777);
#3777 = DEFINITIONAL_REPRESENTATION('',(#3778),#3782);
#3778 = LINE('',#3779,#3780);
#3779 = CARTESIAN_POINT('',(-0.,0.));
#3780 = VECTOR('',#3781,1.);
#3781 = DIRECTION('',(-0.,1.));
#3782 = ( GEOMETRIC_REPRESENTATION_CONTEXT(2) 
PARAMETRIC_REPRESENTATION_CONTEXT() REPRESENTATION_CONTEXT('2D SPACE',''
  ) );
#3783 = PCURVE('',#3751,#3784);
#3784 = DEFINITIONAL_REPRESENTATION('',(#3785),#3789);
#3785 = LINE('',#3786,#3787);
#3786 = CARTESIAN_POINT('',(-6.28318530718,0.));
#3787 = VECTOR('',#3788,1.);
#3788 = DIRECTION('',(-0.,1.));
#3789 = ( GEOMETRIC_REPRESENTATION_CONTEXT(2) 
PARAMETRIC_REPRESENTATION_CONTEXT() REPRESENTATION_CONTEXT('2D SPACE',''
  ) );
#3790 = ORIENTED_EDGE('',*,*,#3791,.F.);
#3791 = EDGE_CURVE('',#3769,#3769,#3792,.T.);
#3792 = SURFACE_CURVE('',#3793,(#3798,#3805),.PCURVE_S1.);
#3793 = CIRCLE('',#3794,13.759292041205);
#3794 = AXIS2_PLACEMENT_3D('',#3795,#3796,#3797);
#3795 = CARTESIAN_POINT('',(79.350429364125,0.,0.));
#3796 = DIRECTION('',(1.,0.,0.));
#3797 = DIRECTION('',(-0.,1.,0.));
#3798 = PCURVE('',#3751,#3799);
#3799 = DEFINITIONAL_REPRESENTATION('',(#3800),#3804);
#3800 = LINE('',#3801,#3802);
#3801 = CARTESIAN_POINT('',(-0.,4.286780762044E-03));
#3802 = VECTOR('',#3803,1.);
#3803 = DIRECTION('',(-1.,0.));
#3804 = ( GEOMETRIC_REPRESENTATION_CONTEXT(2) 
PARAMETRIC_REPRESENTATION_CONTEXT() REPRESENTATION_CONTEXT('2D SPACE',''
  ) );
#3805 = PCURVE('',#3806,#3811);
#3806 = CONICAL_SURFACE('',#3807,13.759292041205,1.549029926052);
#3807 = AXIS2_PLACEMENT_3D('',#3808,#3809,#3810);
#3808 = CARTESIAN_POINT('',(79.350429364125,0.,0.));
#3809 = DIRECTION('',(-1.,-0.,-0.));
#3810 = DIRECTION('',(0.,1.,0.));
#3811 = DEFINITIONAL_REPRESENTATION('',(#3812),#3816);
#3812 = LINE('',#3813,#3814);
#3813 = CARTESIAN_POINT('',(-0.,0.));
#3814 = VECTOR('',#3815,1.);
#3815 = DIRECTION('',(-1.,0.));
#3816 = ( GEOMETRIC_REPRESENTATION_CONTEXT(2) 
PARAMETRIC_REPRESENTATION_CONTEXT() REPRESENTATION_CONTEXT('2D SPACE',''
  ) );
#3817 = ORIENTED_EDGE('',*,*,#3768,.F.);
#3818 = ADVANCED_FACE('',(#3819),#3806,.T.);
#3819 = FACE_BOUND('',#3820,.F.);
#3820 = EDGE_LOOP('',(#3821,#3822,#3845,#3872));
#3821 = ORIENTED_EDGE('',*,*,#3791,.T.);
#3822 = ORIENTED_EDGE('',*,*,#3823,.T.);
#3823 = EDGE_CURVE('',#3769,#3824,#3826,.T.);
#3824 = VERTEX_POINT('',#3825);
#3825 = CARTESIAN_POINT('',(79.346088239914,13.958702070788,0.));
#3826 = SEAM_CURVE('',#3827,(#3831,#3838),.PCURVE_S1.);
#3827 = LINE('',#3828,#3829);
#3828 = CARTESIAN_POINT('',(79.350429364125,13.759292041205,0.));
#3829 = VECTOR('',#3830,1.);
#3830 = DIRECTION('',(-2.176468205009E-02,0.999763121252,0.));
#3831 = PCURVE('',#3806,#3832);
#3832 = DEFINITIONAL_REPRESENTATION('',(#3833),#3837);
#3833 = LINE('',#3834,#3835);
#3834 = CARTESIAN_POINT('',(-0.,0.));
#3835 = VECTOR('',#3836,1.);
#3836 = DIRECTION('',(-0.,1.));
#3837 = ( GEOMETRIC_REPRESENTATION_CONTEXT(2) 
PARAMETRIC_REPRESENTATION_CONTEXT() REPRESENTATION_CONTEXT('2D SPACE',''
  ) );
#3838 = PCURVE('',#3806,#3839);
#3839 = DEFINITIONAL_REPRESENTATION('',(#3840),#3844);
#3840 = LINE('',#3841,#3842);
#3841 = CARTESIAN_POINT('',(-6.28318530718,0.));
#3842 = VECTOR('',#3843,1.);
#3843 = DIRECTION('',(-0.,1.));
#3844 = ( GEOMETRIC_REPRESENTATION_CONTEXT(2) 
PARAMETRIC_REPRESENTATION_CONTEXT() REPRESENTATION_CONTEXT('2D SPACE',''
  ) );
#3845 = ORIENTED_EDGE('',*,*,#3846,.F.);
#3846 = EDGE_CURVE('',#3824,#3824,#3847,.T.);
#3847 = SURFACE_CURVE('',#3848,(#3853,#3860),.PCURVE_S1.);
#3848 = CIRCLE('',#3849,13.958702070788);
#3849 = AXIS2_PLACEMENT_3D('',#3850,#3851,#3852);
#3850 = CARTESIAN_POINT('',(79.346088239914,0.,0.));
#3851 = DIRECTION('',(1.,0.,0.));
#3852 = DIRECTION('',(-0.,1.,0.));
#3853 = PCURVE('',#3806,#3854);
#3854 = DEFINITIONAL_REPRESENTATION('',(#3855),#3859);
#3855 = LINE('',#3856,#3857);
#3856 = CARTESIAN_POINT('',(-0.,4.341124211535E-03));
#3857 = VECTOR('',#3858,1.);
#3858 = DIRECTION('',(-1.,0.));
#3859 = ( GEOMETRIC_REPRESENTATION_CONTEXT(2) 
PARAMETRIC_REPRESENTATION_CONTEXT() REPRESENTATION_CONTEXT('2D SPACE',''
  ) );
#3860 = PCURVE('',#3861,#3866);
#3861 = CONICAL_SURFACE('',#3862,13.958702070788,1.548759249711);
#3862 = AXIS2_PLACEMENT_3D('',#3863,#3864,#3865);
#3863 = CARTESIAN_POINT('',(79.346088239914,0.,0.));
#3864 = DIRECTION('',(-1.,-0.,-0.));
#3865 = DIRECTION('',(0.,1.,0.));
#3866 = DEFINITIONAL_REPRESENTATION('',(#3867),#3871);
#3867 = LINE('',#3868,#3869);
#3868 = CARTESIAN_POINT('',(-0.,0.));
#3869 = VECTOR('',#3870,1.);
#3870 = DIRECTION('',(-1.,0.));
#3871 = ( GEOMETRIC_REPRESENTATION_CONTEXT(2) 
PARAMETRIC_REPRESENTATION_CONTEXT() REPRESENTATION_CONTEXT('2D SPACE',''
  ) );
#3872 = ORIENTED_EDGE('',*,*,#3823,.F.);
#3873 = ADVANCED_FACE('',(#3874),#3861,.T.);
#3874 = FACE_BOUND('',#3875,.F.);
#3875 = EDGE_LOOP('',(#3876,#3877,#3900,#3927));
#3876 = ORIENTED_EDGE('',*,*,#3846,.T.);
#3877 = ORIENTED_EDGE('',*,*,#3878,.T.);
#3878 = EDGE_CURVE('',#3824,#3879,#3881,.T.);
#3879 = VERTEX_POINT('',#3880);
#3880 = CARTESIAN_POINT('',(79.341693114225,14.158112100371,0.));
#3881 = SEAM_CURVE('',#3882,(#3886,#3893),.PCURVE_S1.);
#3882 = LINE('',#3883,#3884);
#3883 = CARTESIAN_POINT('',(79.346088239914,13.958702070788,0.));
#3884 = VECTOR('',#3885,1.);
#3885 = DIRECTION('',(-2.203529347263E-02,0.999757193443,0.));
#3886 = PCURVE('',#3861,#3887);
#3887 = DEFINITIONAL_REPRESENTATION('',(#3888),#3892);
#3888 = LINE('',#3889,#3890);
#3889 = CARTESIAN_POINT('',(-0.,0.));
#3890 = VECTOR('',#3891,1.);
#3891 = DIRECTION('',(-0.,1.));
#3892 = ( GEOMETRIC_REPRESENTATION_CONTEXT(2) 
PARAMETRIC_REPRESENTATION_CONTEXT() REPRESENTATION_CONTEXT('2D SPACE',''
  ) );
#3893 = PCURVE('',#3861,#3894);
#3894 = DEFINITIONAL_REPRESENTATION('',(#3895),#3899);
#3895 = LINE('',#3896,#3897);
#3896 = CARTESIAN_POINT('',(-6.28318530718,0.));
#3897 = VECTOR('',#3898,1.);
#3898 = DIRECTION('',(-0.,1.));
#3899 = ( GEOMETRIC_REPRESENTATION_CONTEXT(2) 
PARAMETRIC_REPRESENTATION_CONTEXT() REPRESENTATION_CONTEXT('2D SPACE',''
  ) );
#3900 = ORIENTED_EDGE('',*,*,#3901,.F.);
#3901 = EDGE_CURVE('',#3879,#3879,#3902,.T.);
#3902 = SURFACE_CURVE('',#3903,(#3908,#3915),.PCURVE_S1.);
#3903 = CIRCLE('',#3904,14.158112100371);
#3904 = AXIS2_PLACEMENT_3D('',#3905,#3906,#3907);
#3905 = CARTESIAN_POINT('',(79.341693114225,0.,0.));
#3906 = DIRECTION('',(1.,0.,0.));
#3907 = DIRECTION('',(-0.,1.,0.));
#3908 = PCURVE('',#3861,#3909);
#3909 = DEFINITIONAL_REPRESENTATION('',(#3910),#3914);
#3910 = LINE('',#3911,#3912);
#3911 = CARTESIAN_POINT('',(-0.,4.395125688575E-03));
#3912 = VECTOR('',#3913,1.);
#3913 = DIRECTION('',(-1.,0.));
#3914 = ( GEOMETRIC_REPRESENTATION_CONTEXT(2) 
PARAMETRIC_REPRESENTATION_CONTEXT() REPRESENTATION_CONTEXT('2D SPACE',''
  ) );
#3915 = PCURVE('',#3916,#3921);
#3916 = CONICAL_SURFACE('',#3917,14.158112100371,1.548490309662);
#3917 = AXIS2_PLACEMENT_3D('',#3918,#3919,#3920);
#3918 = CARTESIAN_POINT('',(79.341693114225,0.,0.));
#3919 = DIRECTION('',(-1.,-0.,-0.));
#3920 = DIRECTION('',(0.,1.,0.));
#3921 = DEFINITIONAL_REPRESENTATION('',(#3922),#3926);
#3922 = LINE('',#3923,#3924);
#3923 = CARTESIAN_POINT('',(-0.,0.));
#3924 = VECTOR('',#3925,1.);
#3925 = DIRECTION('',(-1.,0.));
#3926 = ( GEOMETRIC_REPRESENTATION_CONTEXT(2) 
PARAMETRIC_REPRESENTATION_CONTEXT() REPRESENTATION_CONTEXT('2D SPACE',''
  ) );
#3927 = ORIENTED_EDGE('',*,*,#3878,.F.);
#3928 = ADVANCED_FACE('',(#3929),#3916,.T.);
#3929 = FACE_BOUND('',#3930,.F.);
#3930 = EDGE_LOOP('',(#3931,#3932,#3955,#3982));
#3931 = ORIENTED_EDGE('',*,*,#3901,.T.);
#3932 = ORIENTED_EDGE('',*,*,#3933,.T.);
#3933 = EDGE_CURVE('',#3879,#3934,#3936,.T.);
#3934 = VERTEX_POINT('',#3935);
#3935 = CARTESIAN_POINT('',(79.337244332822,14.357522129954,0.));
#3936 = SEAM_CURVE('',#3937,(#3941,#3948),.PCURVE_S1.);
#3937 = LINE('',#3938,#3939);
#3938 = CARTESIAN_POINT('',(79.341693114225,14.158112100371,0.));
#3939 = VECTOR('',#3940,1.);
#3940 = DIRECTION('',(-2.230416742119E-02,0.999751231115,0.));
#3941 = PCURVE('',#3916,#3942);
#3942 = DEFINITIONAL_REPRESENTATION('',(#3943),#3947);
#3943 = LINE('',#3944,#3945);
#3944 = CARTESIAN_POINT('',(-0.,0.));
#3945 = VECTOR('',#3946,1.);
#3946 = DIRECTION('',(-0.,1.));
#3947 = ( GEOMETRIC_REPRESENTATION_CONTEXT(2) 
PARAMETRIC_REPRESENTATION_CONTEXT() REPRESENTATION_CONTEXT('2D SPACE',''
  ) );
#3948 = PCURVE('',#3916,#3949);
#3949 = DEFINITIONAL_REPRESENTATION('',(#3950),#3954);
#3950 = LINE('',#3951,#3952);
#3951 = CARTESIAN_POINT('',(-6.28318530718,0.));
#3952 = VECTOR('',#3953,1.);
#3953 = DIRECTION('',(-0.,1.));
#3954 = ( GEOMETRIC_REPRESENTATION_CONTEXT(2) 
PARAMETRIC_REPRESENTATION_CONTEXT() REPRESENTATION_CONTEXT('2D SPACE',''
  ) );
#3955 = ORIENTED_EDGE('',*,*,#3956,.F.);
#3956 = EDGE_CURVE('',#3934,#3934,#3957,.T.);
#3957 = SURFACE_CURVE('',#3958,(#3963,#3970),.PCURVE_S1.);
#3958 = CIRCLE('',#3959,14.357522129954);
#3959 = AXIS2_PLACEMENT_3D('',#3960,#3961,#3962);
#3960 = CARTESIAN_POINT('',(79.337244332822,0.,0.));
#3961 = DIRECTION('',(1.,0.,0.));
#3962 = DIRECTION('',(-0.,1.,0.));
#3963 = PCURVE('',#3916,#3964);
#3964 = DEFINITIONAL_REPRESENTATION('',(#3965),#3969);
#3965 = LINE('',#3966,#3967);
#3966 = CARTESIAN_POINT('',(-0.,4.448781403667E-03));
#3967 = VECTOR('',#3968,1.);
#3968 = DIRECTION('',(-1.,0.));
#3969 = ( GEOMETRIC_REPRESENTATION_CONTEXT(2) 
PARAMETRIC_REPRESENTATION_CONTEXT() REPRESENTATION_CONTEXT('2D SPACE',''
  ) );
#3970 = PCURVE('',#3971,#3976);
#3971 = CONICAL_SURFACE('',#3972,14.357522129954,1.548223124648);
#3972 = AXIS2_PLACEMENT_3D('',#3973,#3974,#3975);
#3973 = CARTESIAN_POINT('',(79.337244332822,0.,0.));
#3974 = DIRECTION('',(-1.,-0.,-0.));
#3975 = DIRECTION('',(0.,1.,0.));
#3976 = DEFINITIONAL_REPRESENTATION('',(#3977),#3981);
#3977 = LINE('',#3978,#3979);
#3978 = CARTESIAN_POINT('',(-0.,0.));
#3979 = VECTOR('',#3980,1.);
#3980 = DIRECTION('',(-1.,0.));
#3981 = ( GEOMETRIC_REPRESENTATION_CONTEXT(2) 
PARAMETRIC_REPRESENTATION_CONTEXT() REPRESENTATION_CONTEXT('2D SPACE',''
  ) );
#3982 = ORIENTED_EDGE('',*,*,#3933,.F.);
#3983 = ADVANCED_FACE('',(#3984),#3971,.T.);
#3984 = FACE_BOUND('',#3985,.F.);
#3985 = EDGE_LOOP('',(#3986,#3987,#4010,#4037));
#3986 = ORIENTED_EDGE('',*,*,#3956,.T.);
#3987 = ORIENTED_EDGE('',*,*,#3988,.T.);
#3988 = EDGE_CURVE('',#3934,#3989,#3991,.T.);
#3989 = VERTEX_POINT('',#3990);
#3990 = CARTESIAN_POINT('',(79.332742245209,14.556932159536,0.));
#3991 = SEAM_CURVE('',#3992,(#3996,#4003),.PCURVE_S1.);
#3992 = LINE('',#3993,#3994);
#3993 = CARTESIAN_POINT('',(79.337244332822,14.357522129954,0.));
#3994 = VECTOR('',#3995,1.);
#3995 = DIRECTION('',(-2.257128516827E-02,0.999745236091,0.));
#3996 = PCURVE('',#3971,#3997);
#3997 = DEFINITIONAL_REPRESENTATION('',(#3998),#4002);
#3998 = LINE('',#3999,#4000);
#3999 = CARTESIAN_POINT('',(-0.,0.));
#4000 = VECTOR('',#4001,1.);
#4001 = DIRECTION('',(-0.,1.));
#4002 = ( GEOMETRIC_REPRESENTATION_CONTEXT(2) 
PARAMETRIC_REPRESENTATION_CONTEXT() REPRESENTATION_CONTEXT('2D SPACE',''
  ) );
#4003 = PCURVE('',#3971,#4004);
#4004 = DEFINITIONAL_REPRESENTATION('',(#4005),#4009);
#4005 = LINE('',#4006,#4007);
#4006 = CARTESIAN_POINT('',(-6.28318530718,0.));
#4007 = VECTOR('',#4008,1.);
#4008 = DIRECTION('',(-0.,1.));
#4009 = ( GEOMETRIC_REPRESENTATION_CONTEXT(2) 
PARAMETRIC_REPRESENTATION_CONTEXT() REPRESENTATION_CONTEXT('2D SPACE',''
  ) );
#4010 = ORIENTED_EDGE('',*,*,#4011,.F.);
#4011 = EDGE_CURVE('',#3989,#3989,#4012,.T.);
#4012 = SURFACE_CURVE('',#4013,(#4018,#4025),.PCURVE_S1.);
#4013 = CIRCLE('',#4014,14.556932159536);
#4014 = AXIS2_PLACEMENT_3D('',#4015,#4016,#4017);
#4015 = CARTESIAN_POINT('',(79.332742245209,0.,0.));
#4016 = DIRECTION('',(1.,0.,0.));
#4017 = DIRECTION('',(-0.,1.,0.));
#4018 = PCURVE('',#3971,#4019);
#4019 = DEFINITIONAL_REPRESENTATION('',(#4020),#4024);
#4020 = LINE('',#4021,#4022);
#4021 = CARTESIAN_POINT('',(-0.,4.502087612565E-03));
#4022 = VECTOR('',#4023,1.);
#4023 = DIRECTION('',(-1.,0.));
#4024 = ( GEOMETRIC_REPRESENTATION_CONTEXT(2) 
PARAMETRIC_REPRESENTATION_CONTEXT() REPRESENTATION_CONTEXT('2D SPACE',''
  ) );
#4025 = PCURVE('',#4026,#4031);
#4026 = CONICAL_SURFACE('',#4027,14.556932159536,1.547957713183);
#4027 = AXIS2_PLACEMENT_3D('',#4028,#4029,#4030);
#4028 = CARTESIAN_POINT('',(79.332742245209,0.,0.));
#4029 = DIRECTION('',(-1.,-0.,-0.));
#4030 = DIRECTION('',(0.,1.,0.));
#4031 = DEFINITIONAL_REPRESENTATION('',(#4032),#4036);
#4032 = LINE('',#4033,#4034);
#4033 = CARTESIAN_POINT('',(-0.,0.));
#4034 = VECTOR('',#4035,1.);
#4035 = DIRECTION('',(-1.,0.));
#4036 = ( GEOMETRIC_REPRESENTATION_CONTEXT(2) 
PARAMETRIC_REPRESENTATION_CONTEXT() REPRESENTATION_CONTEXT('2D SPACE',''
  ) );
#4037 = ORIENTED_EDGE('',*,*,#3988,.F.);
#4038 = ADVANCED_FACE('',(#4039),#4026,.T.);
#4039 = FACE_BOUND('',#4040,.F.);
#4040 = EDGE_LOOP('',(#4041,#4042,#4065,#4092));
#4041 = ORIENTED_EDGE('',*,*,#4011,.T.);
#4042 = ORIENTED_EDGE('',*,*,#4043,.T.);
#4043 = EDGE_CURVE('',#3989,#4044,#4046,.T.);
#4044 = VERTEX_POINT('',#4045);
#4045 = CARTESIAN_POINT('',(79.328187204592,14.756342189119,0.));
#4046 = SEAM_CURVE('',#4047,(#4051,#4058),.PCURVE_S1.);
#4047 = LINE('',#4048,#4049);
#4048 = CARTESIAN_POINT('',(79.332742245209,14.556932159536,0.));
#4049 = VECTOR('',#4050,1.);
#4050 = DIRECTION('',(-2.283662821857E-02,0.9997392102,0.));
#4051 = PCURVE('',#4026,#4052);
#4052 = DEFINITIONAL_REPRESENTATION('',(#4053),#4057);
#4053 = LINE('',#4054,#4055);
#4054 = CARTESIAN_POINT('',(-0.,0.));
#4055 = VECTOR('',#4056,1.);
#4056 = DIRECTION('',(-0.,1.));
#4057 = ( GEOMETRIC_REPRESENTATION_CONTEXT(2) 
PARAMETRIC_REPRESENTATION_CONTEXT() REPRESENTATION_CONTEXT('2D SPACE',''
  ) );
#4058 = PCURVE('',#4026,#4059);
#4059 = DEFINITIONAL_REPRESENTATION('',(#4060),#4064);
#4060 = LINE('',#4061,#4062);
#4061 = CARTESIAN_POINT('',(-6.28318530718,0.));
#4062 = VECTOR('',#4063,1.);
#4063 = DIRECTION('',(-0.,1.));
#4064 = ( GEOMETRIC_REPRESENTATION_CONTEXT(2) 
PARAMETRIC_REPRESENTATION_CONTEXT() REPRESENTATION_CONTEXT('2D SPACE',''
  ) );
#4065 = ORIENTED_EDGE('',*,*,#4066,.F.);
#4066 = EDGE_CURVE('',#4044,#4044,#4067,.T.);
#4067 = SURFACE_CURVE('',#4068,(#4073,#4080),.PCURVE_S1.);
#4068 = CIRCLE('',#4069,14.756342189119);
#4069 = AXIS2_PLACEMENT_3D('',#4070,#4071,#4072);
#4070 = CARTESIAN_POINT('',(79.328187204592,0.,0.));
#4071 = DIRECTION('',(1.,0.,0.));
#4072 = DIRECTION('',(-0.,1.,0.));
#4073 = PCURVE('',#4026,#4074);
#4074 = DEFINITIONAL_REPRESENTATION('',(#4075),#4079);
#4075 = LINE('',#4076,#4077);
#4076 = CARTESIAN_POINT('',(-0.,4.555040616765E-03));
#4077 = VECTOR('',#4078,1.);
#4078 = DIRECTION('',(-1.,0.));
#4079 = ( GEOMETRIC_REPRESENTATION_CONTEXT(2) 
PARAMETRIC_REPRESENTATION_CONTEXT() REPRESENTATION_CONTEXT('2D SPACE',''
  ) );
#4080 = PCURVE('',#4081,#4086);
#4081 = CONICAL_SURFACE('',#4082,14.756342189119,1.547694093545);
#4082 = AXIS2_PLACEMENT_3D('',#4083,#4084,#4085);
#4083 = CARTESIAN_POINT('',(79.328187204592,0.,0.));
#4084 = DIRECTION('',(-1.,-0.,-0.));
#4085 = DIRECTION('',(0.,1.,0.));
#4086 = DEFINITIONAL_REPRESENTATION('',(#4087),#4091);
#4087 = LINE('',#4088,#4089);
#4088 = CARTESIAN_POINT('',(-0.,0.));
#4089 = VECTOR('',#4090,1.);
#4090 = DIRECTION('',(-1.,0.));
#4091 = ( GEOMETRIC_REPRESENTATION_CONTEXT(2) 
PARAMETRIC_REPRESENTATION_CONTEXT() REPRESENTATION_CONTEXT('2D SPACE',''
  ) );
#4092 = ORIENTED_EDGE('',*,*,#4043,.F.);
#4093 = ADVANCED_FACE('',(#4094),#4081,.T.);
#4094 = FACE_BOUND('',#4095,.F.);
#4095 = EDGE_LOOP('',(#4096,#4097,#4120,#4147));
#4096 = ORIENTED_EDGE('',*,*,#4066,.T.);
#4097 = ORIENTED_EDGE('',*,*,#4098,.T.);
#4098 = EDGE_CURVE('',#4044,#4099,#4101,.T.);
#4099 = VERTEX_POINT('',#4100);
#4100 = CARTESIAN_POINT('',(79.323579567828,14.955752218702,0.));
#4101 = SEAM_CURVE('',#4102,(#4106,#4113),.PCURVE_S1.);
#4102 = LINE('',#4103,#4104);
#4103 = CARTESIAN_POINT('',(79.328187204592,14.756342189119,0.));
#4104 = VECTOR('',#4105,1.);
#4105 = DIRECTION('',(-2.310017831083E-02,0.999733155278,0.));
#4106 = PCURVE('',#4081,#4107);
#4107 = DEFINITIONAL_REPRESENTATION('',(#4108),#4112);
#4108 = LINE('',#4109,#4110);
#4109 = CARTESIAN_POINT('',(-0.,0.));
#4110 = VECTOR('',#4111,1.);
#4111 = DIRECTION('',(-0.,1.));
#4112 = ( GEOMETRIC_REPRESENTATION_CONTEXT(2) 
PARAMETRIC_REPRESENTATION_CONTEXT() REPRESENTATION_CONTEXT('2D SPACE',''
  ) );
#4113 = PCURVE('',#4081,#4114);
#4114 = DEFINITIONAL_REPRESENTATION('',(#4115),#4119);
#4115 = LINE('',#4116,#4117);
#4116 = CARTESIAN_POINT('',(-6.28318530718,0.));
#4117 = VECTOR('',#4118,1.);
#4118 = DIRECTION('',(-0.,1.));
#4119 = ( GEOMETRIC_REPRESENTATION_CONTEXT(2) 
PARAMETRIC_REPRESENTATION_CONTEXT() REPRESENTATION_CONTEXT('2D SPACE',''
  ) );
#4120 = ORIENTED_EDGE('',*,*,#4121,.F.);
#4121 = EDGE_CURVE('',#4099,#4099,#4122,.T.);
#4122 = SURFACE_CURVE('',#4123,(#4128,#4135),.PCURVE_S1.);
#4123 = CIRCLE('',#4124,14.955752218702);
#4124 = AXIS2_PLACEMENT_3D('',#4125,#4126,#4127);
#4125 = CARTESIAN_POINT('',(79.323579567828,0.,0.));
#4126 = DIRECTION('',(1.,0.,0.));
#4127 = DIRECTION('',(-0.,1.,0.));
#4128 = PCURVE('',#4081,#4129);
#4129 = DEFINITIONAL_REPRESENTATION('',(#4130),#4134);
#4130 = LINE('',#4131,#4132);
#4131 = CARTESIAN_POINT('',(-0.,4.607636763879E-03));
#4132 = VECTOR('',#4133,1.);
#4133 = DIRECTION('',(-1.,0.));
#4134 = ( GEOMETRIC_REPRESENTATION_CONTEXT(2) 
PARAMETRIC_REPRESENTATION_CONTEXT() REPRESENTATION_CONTEXT('2D SPACE',''
  ) );
#4135 = PCURVE('',#4136,#4141);
#4136 = CONICAL_SURFACE('',#4137,14.955752218702,1.547432283778);
#4137 = AXIS2_PLACEMENT_3D('',#4138,#4139,#4140);
#4138 = CARTESIAN_POINT('',(79.323579567828,0.,0.));
#4139 = DIRECTION('',(-1.,-0.,-0.));
#4140 = DIRECTION('',(0.,1.,0.));
#4141 = DEFINITIONAL_REPRESENTATION('',(#4142),#4146);
#4142 = LINE('',#4143,#4144);
#4143 = CARTESIAN_POINT('',(-0.,0.));
#4144 = VECTOR('',#4145,1.);
#4145 = DIRECTION('',(-1.,0.));
#4146 = ( GEOMETRIC_REPRESENTATION_CONTEXT(2) 
PARAMETRIC_REPRESENTATION_CONTEXT() REPRESENTATION_CONTEXT('2D SPACE',''
  ) );
#4147 = ORIENTED_EDGE('',*,*,#4098,.F.);
#4148 = ADVANCED_FACE('',(#4149),#4136,.T.);
#4149 = FACE_BOUND('',#4150,.F.);
#4150 = EDGE_LOOP('',(#4151,#4152,#4175,#4202));
#4151 = ORIENTED_EDGE('',*,*,#4121,.T.);
#4152 = ORIENTED_EDGE('',*,*,#4153,.T.);
#4153 = EDGE_CURVE('',#4099,#4154,#4156,.T.);
#4154 = VERTEX_POINT('',#4155);
#4155 = CARTESIAN_POINT('',(79.31891969538,15.155162248284,0.));
#4156 = SEAM_CURVE('',#4157,(#4161,#4168),.PCURVE_S1.);
#4157 = LINE('',#4158,#4159);
#4158 = CARTESIAN_POINT('',(79.323579567828,14.955752218702,0.));
#4159 = VECTOR('',#4160,1.);
#4160 = DIRECTION('',(-2.336191741982E-02,0.999727073163,0.));
#4161 = PCURVE('',#4136,#4162);
#4162 = DEFINITIONAL_REPRESENTATION('',(#4163),#4167);
#4163 = LINE('',#4164,#4165);
#4164 = CARTESIAN_POINT('',(-0.,0.));
#4165 = VECTOR('',#4166,1.);
#4166 = DIRECTION('',(-0.,1.));
#4167 = ( GEOMETRIC_REPRESENTATION_CONTEXT(2) 
PARAMETRIC_REPRESENTATION_CONTEXT() REPRESENTATION_CONTEXT('2D SPACE',''
  ) );
#4168 = PCURVE('',#4136,#4169);
#4169 = DEFINITIONAL_REPRESENTATION('',(#4170),#4174);
#4170 = LINE('',#4171,#4172);
#4171 = CARTESIAN_POINT('',(-6.28318530718,0.));
#4172 = VECTOR('',#4173,1.);
#4173 = DIRECTION('',(-0.,1.));
#4174 = ( GEOMETRIC_REPRESENTATION_CONTEXT(2) 
PARAMETRIC_REPRESENTATION_CONTEXT() REPRESENTATION_CONTEXT('2D SPACE',''
  ) );
#4175 = ORIENTED_EDGE('',*,*,#4176,.F.);
#4176 = EDGE_CURVE('',#4154,#4154,#4177,.T.);
#4177 = SURFACE_CURVE('',#4178,(#4183,#4190),.PCURVE_S1.);
#4178 = CIRCLE('',#4179,15.155162248284);
#4179 = AXIS2_PLACEMENT_3D('',#4180,#4181,#4182);
#4180 = CARTESIAN_POINT('',(79.31891969538,0.,0.));
#4181 = DIRECTION('',(1.,0.,0.));
#4182 = DIRECTION('',(-0.,1.,0.));
#4183 = PCURVE('',#4136,#4184);
#4184 = DEFINITIONAL_REPRESENTATION('',(#4185),#4189);
#4185 = LINE('',#4186,#4187);
#4186 = CARTESIAN_POINT('',(-0.,4.659872448045E-03));
#4187 = VECTOR('',#4188,1.);
#4188 = DIRECTION('',(-1.,0.));
#4189 = ( GEOMETRIC_REPRESENTATION_CONTEXT(2) 
PARAMETRIC_REPRESENTATION_CONTEXT() REPRESENTATION_CONTEXT('2D SPACE',''
  ) );
#4190 = PCURVE('',#4191,#4196);
#4191 = CONICAL_SURFACE('',#4192,15.155162248284,1.547172301691);
#4192 = AXIS2_PLACEMENT_3D('',#4193,#4194,#4195);
#4193 = CARTESIAN_POINT('',(79.31891969538,0.,0.));
#4194 = DIRECTION('',(-1.,-0.,-0.));
#4195 = DIRECTION('',(0.,1.,0.));
#4196 = DEFINITIONAL_REPRESENTATION('',(#4197),#4201);
#4197 = LINE('',#4198,#4199);
#4198 = CARTESIAN_POINT('',(-0.,0.));
#4199 = VECTOR('',#4200,1.);
#4200 = DIRECTION('',(-1.,0.));
#4201 = ( GEOMETRIC_REPRESENTATION_CONTEXT(2) 
PARAMETRIC_REPRESENTATION_CONTEXT() REPRESENTATION_CONTEXT('2D SPACE',''
  ) );
#4202 = ORIENTED_EDGE('',*,*,#4153,.F.);
#4203 = ADVANCED_FACE('',(#4204),#4191,.T.);
#4204 = FACE_BOUND('',#4205,.F.);
#4205 = EDGE_LOOP('',(#4206,#4207,#4230,#4257));
#4206 = ORIENTED_EDGE('',*,*,#4176,.T.);
#4207 = ORIENTED_EDGE('',*,*,#4208,.T.);
#4208 = EDGE_CURVE('',#4154,#4209,#4211,.T.);
#4209 = VERTEX_POINT('',#4210);
#4210 = CARTESIAN_POINT('',(79.31420795127,15.354572277867,0.));
#4211 = SEAM_CURVE('',#4212,(#4216,#4223),.PCURVE_S1.);
#4212 = LINE('',#4213,#4214);
#4213 = CARTESIAN_POINT('',(79.31891969538,15.155162248284,0.));
#4214 = VECTOR('',#4215,1.);
#4215 = DIRECTION('',(-2.362182775891E-02,0.999720965697,0.));
#4216 = PCURVE('',#4191,#4217);
#4217 = DEFINITIONAL_REPRESENTATION('',(#4218),#4222);
#4218 = LINE('',#4219,#4220);
#4219 = CARTESIAN_POINT('',(-0.,0.));
#4220 = VECTOR('',#4221,1.);
#4221 = DIRECTION('',(-0.,1.));
#4222 = ( GEOMETRIC_REPRESENTATION_CONTEXT(2) 
PARAMETRIC_REPRESENTATION_CONTEXT() REPRESENTATION_CONTEXT('2D SPACE',''
  ) );
#4223 = PCURVE('',#4191,#4224);
#4224 = DEFINITIONAL_REPRESENTATION('',(#4225),#4229);
#4225 = LINE('',#4226,#4227);
#4226 = CARTESIAN_POINT('',(-6.28318530718,0.));
#4227 = VECTOR('',#4228,1.);
#4228 = DIRECTION('',(-0.,1.));
#4229 = ( GEOMETRIC_REPRESENTATION_CONTEXT(2) 
PARAMETRIC_REPRESENTATION_CONTEXT() REPRESENTATION_CONTEXT('2D SPACE',''
  ) );
#4230 = ORIENTED_EDGE('',*,*,#4231,.F.);
#4231 = EDGE_CURVE('',#4209,#4209,#4232,.T.);
#4232 = SURFACE_CURVE('',#4233,(#4238,#4245),.PCURVE_S1.);
#4233 = CIRCLE('',#4234,15.354572277867);
#4234 = AXIS2_PLACEMENT_3D('',#4235,#4236,#4237);
#4235 = CARTESIAN_POINT('',(79.31420795127,0.,0.));
#4236 = DIRECTION('',(1.,0.,0.));
#4237 = DIRECTION('',(-0.,1.,0.));
#4238 = PCURVE('',#4191,#4239);
#4239 = DEFINITIONAL_REPRESENTATION('',(#4240),#4244);
#4240 = LINE('',#4241,#4242);
#4241 = CARTESIAN_POINT('',(-0.,4.711744110438E-03));
#4242 = VECTOR('',#4243,1.);
#4243 = DIRECTION('',(-1.,0.));
#4244 = ( GEOMETRIC_REPRESENTATION_CONTEXT(2) 
PARAMETRIC_REPRESENTATION_CONTEXT() REPRESENTATION_CONTEXT('2D SPACE',''
  ) );
#4245 = PCURVE('',#4246,#4251);
#4246 = CONICAL_SURFACE('',#4247,15.354572277867,1.54691416485);
#4247 = AXIS2_PLACEMENT_3D('',#4248,#4249,#4250);
#4248 = CARTESIAN_POINT('',(79.31420795127,0.,0.));
#4249 = DIRECTION('',(-1.,-0.,-0.));
#4250 = DIRECTION('',(0.,1.,0.));
#4251 = DEFINITIONAL_REPRESENTATION('',(#4252),#4256);
#4252 = LINE('',#4253,#4254);
#4253 = CARTESIAN_POINT('',(-0.,0.));
#4254 = VECTOR('',#4255,1.);
#4255 = DIRECTION('',(-1.,0.));
#4256 = ( GEOMETRIC_REPRESENTATION_CONTEXT(2) 
PARAMETRIC_REPRESENTATION_CONTEXT() REPRESENTATION_CONTEXT('2D SPACE',''
  ) );
#4257 = ORIENTED_EDGE('',*,*,#4208,.F.);
#4258 = ADVANCED_FACE('',(#4259),#4246,.T.);
#4259 = FACE_BOUND('',#4260,.F.);
#4260 = EDGE_LOOP('',(#4261,#4262,#4285,#4312));
#4261 = ORIENTED_EDGE('',*,*,#4231,.T.);
#4262 = ORIENTED_EDGE('',*,*,#4263,.T.);
#4263 = EDGE_CURVE('',#4209,#4264,#4266,.T.);
#4264 = VERTEX_POINT('',#4265);
#4265 = CARTESIAN_POINT('',(79.30944470303,15.55398230745,0.));
#4266 = SEAM_CURVE('',#4267,(#4271,#4278),.PCURVE_S1.);
#4267 = LINE('',#4268,#4269);
#4268 = CARTESIAN_POINT('',(79.31420795127,15.354572277867,0.));
#4269 = VECTOR('',#4270,1.);
#4270 = DIRECTION('',(-2.387989178076E-02,0.999714834725,0.));
#4271 = PCURVE('',#4246,#4272);
#4272 = DEFINITIONAL_REPRESENTATION('',(#4273),#4277);
#4273 = LINE('',#4274,#4275);
#4274 = CARTESIAN_POINT('',(-0.,0.));
#4275 = VECTOR('',#4276,1.);
#4276 = DIRECTION('',(-0.,1.));
#4277 = ( GEOMETRIC_REPRESENTATION_CONTEXT(2) 
PARAMETRIC_REPRESENTATION_CONTEXT() REPRESENTATION_CONTEXT('2D SPACE',''
  ) );
#4278 = PCURVE('',#4246,#4279);
#4279 = DEFINITIONAL_REPRESENTATION('',(#4280),#4284);
#4280 = LINE('',#4281,#4282);
#4281 = CARTESIAN_POINT('',(-6.28318530718,0.));
#4282 = VECTOR('',#4283,1.);
#4283 = DIRECTION('',(-0.,1.));
#4284 = ( GEOMETRIC_REPRESENTATION_CONTEXT(2) 
PARAMETRIC_REPRESENTATION_CONTEXT() REPRESENTATION_CONTEXT('2D SPACE',''
  ) );
#4285 = ORIENTED_EDGE('',*,*,#4286,.F.);
#4286 = EDGE_CURVE('',#4264,#4264,#4287,.T.);
#4287 = SURFACE_CURVE('',#4288,(#4293,#4300),.PCURVE_S1.);
#4288 = CIRCLE('',#4289,15.55398230745);
#4289 = AXIS2_PLACEMENT_3D('',#4290,#4291,#4292);
#4290 = CARTESIAN_POINT('',(79.30944470303,0.,0.));
#4291 = DIRECTION('',(1.,0.,0.));
#4292 = DIRECTION('',(-0.,1.,0.));
#4293 = PCURVE('',#4246,#4294);
#4294 = DEFINITIONAL_REPRESENTATION('',(#4295),#4299);
#4295 = LINE('',#4296,#4297);
#4296 = CARTESIAN_POINT('',(-0.,4.763248239428E-03));
#4297 = VECTOR('',#4298,1.);
#4298 = DIRECTION('',(-1.,0.));
#4299 = ( GEOMETRIC_REPRESENTATION_CONTEXT(2) 
PARAMETRIC_REPRESENTATION_CONTEXT() REPRESENTATION_CONTEXT('2D SPACE',''
  ) );
#4300 = PCURVE('',#4301,#4306);
#4301 = CONICAL_SURFACE('',#4302,15.55398230745,1.546657890583);
#4302 = AXIS2_PLACEMENT_3D('',#4303,#4304,#4305);
#4303 = CARTESIAN_POINT('',(79.30944470303,0.,0.));
#4304 = DIRECTION('',(-1.,-0.,-0.));
#4305 = DIRECTION('',(0.,1.,0.));
#4306 = DEFINITIONAL_REPRESENTATION('',(#4307),#4311);
#4307 = LINE('',#4308,#4309);
#4308 = CARTESIAN_POINT('',(-0.,0.));
#4309 = VECTOR('',#4310,1.);
#4310 = DIRECTION('',(-1.,0.));
#4311 = ( GEOMETRIC_REPRESENTATION_CONTEXT(2) 
PARAMETRIC_REPRESENTATION_CONTEXT() REPRESENTATION_CONTEXT('2D SPACE',''
  ) );
#4312 = ORIENTED_EDGE('',*,*,#4263,.F.);
#4313 = ADVANCED_FACE('',(#4314),#4301,.T.);
#4314 = FACE_BOUND('',#4315,.F.);
#4315 = EDGE_LOOP('',(#4316,#4317,#4340,#4367));
#4316 = ORIENTED_EDGE('',*,*,#4286,.T.);
#4317 = ORIENTED_EDGE('',*,*,#4318,.T.);
#4318 = EDGE_CURVE('',#4264,#4319,#4321,.T.);
#4319 = VERTEX_POINT('',#4320);
#4320 = CARTESIAN_POINT('',(79.304630321659,15.753392337032,0.));
#4321 = SEAM_CURVE('',#4322,(#4326,#4333),.PCURVE_S1.);
#4322 = LINE('',#4323,#4324);
#4323 = CARTESIAN_POINT('',(79.30944470303,15.55398230745,0.));
#4324 = VECTOR('',#4325,1.);
#4325 = DIRECTION('',(-2.413609218062E-02,0.999708682094,0.));
#4326 = PCURVE('',#4301,#4327);
#4327 = DEFINITIONAL_REPRESENTATION('',(#4328),#4332);
#4328 = LINE('',#4329,#4330);
#4329 = CARTESIAN_POINT('',(-0.,0.));
#4330 = VECTOR('',#4331,1.);
#4331 = DIRECTION('',(-0.,1.));
#4332 = ( GEOMETRIC_REPRESENTATION_CONTEXT(2) 
PARAMETRIC_REPRESENTATION_CONTEXT() REPRESENTATION_CONTEXT('2D SPACE',''
  ) );
#4333 = PCURVE('',#4301,#4334);
#4334 = DEFINITIONAL_REPRESENTATION('',(#4335),#4339);
#4335 = LINE('',#4336,#4337);
#4336 = CARTESIAN_POINT('',(-6.28318530718,0.));
#4337 = VECTOR('',#4338,1.);
#4338 = DIRECTION('',(-0.,1.));
#4339 = ( GEOMETRIC_REPRESENTATION_CONTEXT(2) 
PARAMETRIC_REPRESENTATION_CONTEXT() REPRESENTATION_CONTEXT('2D SPACE',''
  ) );
#4340 = ORIENTED_EDGE('',*,*,#4341,.F.);
#4341 = EDGE_CURVE('',#4319,#4319,#4342,.T.);
#4342 = SURFACE_CURVE('',#4343,(#4348,#4355),.PCURVE_S1.);
#4343 = CIRCLE('',#4344,15.753392337032);
#4344 = AXIS2_PLACEMENT_3D('',#4345,#4346,#4347);
#4345 = CARTESIAN_POINT('',(79.304630321659,0.,0.));
#4346 = DIRECTION('',(1.,0.,0.));
#4347 = DIRECTION('',(-0.,1.,0.));
#4348 = PCURVE('',#4301,#4349);
#4349 = DEFINITIONAL_REPRESENTATION('',(#4350),#4354);
#4350 = LINE('',#4351,#4352);
#4351 = CARTESIAN_POINT('',(-0.,4.814381371247E-03));
#4352 = VECTOR('',#4353,1.);
#4353 = DIRECTION('',(-1.,0.));
#4354 = ( GEOMETRIC_REPRESENTATION_CONTEXT(2) 
PARAMETRIC_REPRESENTATION_CONTEXT() REPRESENTATION_CONTEXT('2D SPACE',''
  ) );
#4355 = PCURVE('',#4356,#4361);
#4356 = CONICAL_SURFACE('',#4357,15.753392337032,1.546403495973);
#4357 = AXIS2_PLACEMENT_3D('',#4358,#4359,#4360);
#4358 = CARTESIAN_POINT('',(79.304630321659,0.,0.));
#4359 = DIRECTION('',(-1.,-0.,-0.));
#4360 = DIRECTION('',(0.,1.,0.));
#4361 = DEFINITIONAL_REPRESENTATION('',(#4362),#4366);
#4362 = LINE('',#4363,#4364);
#4363 = CARTESIAN_POINT('',(-0.,0.));
#4364 = VECTOR('',#4365,1.);
#4365 = DIRECTION('',(-1.,0.));
#4366 = ( GEOMETRIC_REPRESENTATION_CONTEXT(2) 
PARAMETRIC_REPRESENTATION_CONTEXT() REPRESENTATION_CONTEXT('2D SPACE',''
  ) );
#4367 = ORIENTED_EDGE('',*,*,#4318,.F.);
#4368 = ADVANCED_FACE('',(#4369),#4356,.T.);
#4369 = FACE_BOUND('',#4370,.F.);
#4370 = EDGE_LOOP('',(#4371,#4372,#4395,#4422));
#4371 = ORIENTED_EDGE('',*,*,#4341,.T.);
#4372 = ORIENTED_EDGE('',*,*,#4373,.T.);
#4373 = EDGE_CURVE('',#4319,#4374,#4376,.T.);
#4374 = VERTEX_POINT('',#4375);
#4375 = CARTESIAN_POINT('',(79.299765181569,15.952802366615,0.));
#4376 = SEAM_CURVE('',#4377,(#4381,#4388),.PCURVE_S1.);
#4377 = LINE('',#4378,#4379);
#4378 = CARTESIAN_POINT('',(79.304630321659,15.753392337032,0.));
#4379 = VECTOR('',#4380,1.);
#4380 = DIRECTION('',(-2.439041189689E-02,0.999702509653,0.));
#4381 = PCURVE('',#4356,#4382);
#4382 = DEFINITIONAL_REPRESENTATION('',(#4383),#4387);
#4383 = LINE('',#4384,#4385);
#4384 = CARTESIAN_POINT('',(-0.,0.));
#4385 = VECTOR('',#4386,1.);
#4386 = DIRECTION('',(-0.,1.));
#4387 = ( GEOMETRIC_REPRESENTATION_CONTEXT(2) 
PARAMETRIC_REPRESENTATION_CONTEXT() REPRESENTATION_CONTEXT('2D SPACE',''
  ) );
#4388 = PCURVE('',#4356,#4389);
#4389 = DEFINITIONAL_REPRESENTATION('',(#4390),#4394);
#4390 = LINE('',#4391,#4392);
#4391 = CARTESIAN_POINT('',(-6.28318530718,0.));
#4392 = VECTOR('',#4393,1.);
#4393 = DIRECTION('',(-0.,1.));
#4394 = ( GEOMETRIC_REPRESENTATION_CONTEXT(2) 
PARAMETRIC_REPRESENTATION_CONTEXT() REPRESENTATION_CONTEXT('2D SPACE',''
  ) );
#4395 = ORIENTED_EDGE('',*,*,#4396,.F.);
#4396 = EDGE_CURVE('',#4374,#4374,#4397,.T.);
#4397 = SURFACE_CURVE('',#4398,(#4403,#4410),.PCURVE_S1.);
#4398 = CIRCLE('',#4399,15.952802366615);
#4399 = AXIS2_PLACEMENT_3D('',#4400,#4401,#4402);
#4400 = CARTESIAN_POINT('',(79.299765181569,0.,0.));
#4401 = DIRECTION('',(1.,0.,0.));
#4402 = DIRECTION('',(-0.,1.,0.));
#4403 = PCURVE('',#4356,#4404);
#4404 = DEFINITIONAL_REPRESENTATION('',(#4405),#4409);
#4405 = LINE('',#4406,#4407);
#4406 = CARTESIAN_POINT('',(-0.,4.865140090104E-03));
#4407 = VECTOR('',#4408,1.);
#4408 = DIRECTION('',(-1.,0.));
#4409 = ( GEOMETRIC_REPRESENTATION_CONTEXT(2) 
PARAMETRIC_REPRESENTATION_CONTEXT() REPRESENTATION_CONTEXT('2D SPACE',''
  ) );
#4410 = PCURVE('',#4411,#4416);
#4411 = CONICAL_SURFACE('',#4412,15.952802366615,1.54615099786);
#4412 = AXIS2_PLACEMENT_3D('',#4413,#4414,#4415);
#4413 = CARTESIAN_POINT('',(79.299765181569,0.,0.));
#4414 = DIRECTION('',(-1.,-0.,-0.));
#4415 = DIRECTION('',(0.,1.,0.));
#4416 = DEFINITIONAL_REPRESENTATION('',(#4417),#4421);
#4417 = LINE('',#4418,#4419);
#4418 = CARTESIAN_POINT('',(-0.,0.));
#4419 = VECTOR('',#4420,1.);
#4420 = DIRECTION('',(-1.,0.));
#4421 = ( GEOMETRIC_REPRESENTATION_CONTEXT(2) 
PARAMETRIC_REPRESENTATION_CONTEXT() REPRESENTATION_CONTEXT('2D SPACE',''
  ) );
#4422 = ORIENTED_EDGE('',*,*,#4373,.F.);
#4423 = ADVANCED_FACE('',(#4424),#4411,.T.);
#4424 = FACE_BOUND('',#4425,.F.);
#4425 = EDGE_LOOP('',(#4426,#4427,#4450,#4477));
#4426 = ORIENTED_EDGE('',*,*,#4396,.T.);
#4427 = ORIENTED_EDGE('',*,*,#4428,.T.);
#4428 = EDGE_CURVE('',#4374,#4429,#4431,.T.);
#4429 = VERTEX_POINT('',#4430);
#4430 = CARTESIAN_POINT('',(79.29484966054,16.152212396198,0.));
#4431 = SEAM_CURVE('',#4432,(#4436,#4443),.PCURVE_S1.);
#4432 = LINE('',#4433,#4434);
#4433 = CARTESIAN_POINT('',(79.299765181569,15.952802366615,0.));
#4434 = VECTOR('',#4435,1.);
#4435 = DIRECTION('',(-2.464283411387E-02,0.999696319252,0.));
#4436 = PCURVE('',#4411,#4437);
#4437 = DEFINITIONAL_REPRESENTATION('',(#4438),#4442);
#4438 = LINE('',#4439,#4440);
#4439 = CARTESIAN_POINT('',(-0.,0.));
#4440 = VECTOR('',#4441,1.);
#4441 = DIRECTION('',(-0.,1.));
#4442 = ( GEOMETRIC_REPRESENTATION_CONTEXT(2) 
PARAMETRIC_REPRESENTATION_CONTEXT() REPRESENTATION_CONTEXT('2D SPACE',''
  ) );
#4443 = PCURVE('',#4411,#4444);
#4444 = DEFINITIONAL_REPRESENTATION('',(#4445),#4449);
#4445 = LINE('',#4446,#4447);
#4446 = CARTESIAN_POINT('',(-6.28318530718,0.));
#4447 = VECTOR('',#4448,1.);
#4448 = DIRECTION('',(-0.,1.));
#4449 = ( GEOMETRIC_REPRESENTATION_CONTEXT(2) 
PARAMETRIC_REPRESENTATION_CONTEXT() REPRESENTATION_CONTEXT('2D SPACE',''
  ) );
#4450 = ORIENTED_EDGE('',*,*,#4451,.F.);
#4451 = EDGE_CURVE('',#4429,#4429,#4452,.T.);
#4452 = SURFACE_CURVE('',#4453,(#4458,#4465),.PCURVE_S1.);
#4453 = CIRCLE('',#4454,16.152212396198);
#4454 = AXIS2_PLACEMENT_3D('',#4455,#4456,#4457);
#4455 = CARTESIAN_POINT('',(79.29484966054,0.,0.));
#4456 = DIRECTION('',(1.,0.,0.));
#4457 = DIRECTION('',(-0.,1.,0.));
#4458 = PCURVE('',#4411,#4459);
#4459 = DEFINITIONAL_REPRESENTATION('',(#4460),#4464);
#4460 = LINE('',#4461,#4462);
#4461 = CARTESIAN_POINT('',(-0.,4.915521028749E-03));
#4462 = VECTOR('',#4463,1.);
#4463 = DIRECTION('',(-1.,0.));
#4464 = ( GEOMETRIC_REPRESENTATION_CONTEXT(2) 
PARAMETRIC_REPRESENTATION_CONTEXT() REPRESENTATION_CONTEXT('2D SPACE',''
  ) );
#4465 = PCURVE('',#4466,#4471);
#4466 = CONICAL_SURFACE('',#4467,16.152212396198,1.545900412837);
#4467 = AXIS2_PLACEMENT_3D('',#4468,#4469,#4470);
#4468 = CARTESIAN_POINT('',(79.29484966054,0.,0.));
#4469 = DIRECTION('',(-1.,-0.,-0.));
#4470 = DIRECTION('',(0.,1.,0.));
#4471 = DEFINITIONAL_REPRESENTATION('',(#4472),#4476);
#4472 = LINE('',#4473,#4474);
#4473 = CARTESIAN_POINT('',(-0.,0.));
#4474 = VECTOR('',#4475,1.);
#4475 = DIRECTION('',(-1.,0.));
#4476 = ( GEOMETRIC_REPRESENTATION_CONTEXT(2) 
PARAMETRIC_REPRESENTATION_CONTEXT() REPRESENTATION_CONTEXT('2D SPACE',''
  ) );
#4477 = ORIENTED_EDGE('',*,*,#4428,.F.);
#4478 = ADVANCED_FACE('',(#4479),#4466,.T.);
#4479 = FACE_BOUND('',#4480,.F.);
#4480 = EDGE_LOOP('',(#4481,#4482,#4505,#4532));
#4481 = ORIENTED_EDGE('',*,*,#4451,.T.);
#4482 = ORIENTED_EDGE('',*,*,#4483,.T.);
#4483 = EDGE_CURVE('',#4429,#4484,#4486,.T.);
#4484 = VERTEX_POINT('',#4485);
#4485 = CARTESIAN_POINT('',(79.289884139672,16.35162242578,0.));
#4486 = SEAM_CURVE('',#4487,(#4491,#4498),.PCURVE_S1.);
#4487 = LINE('',#4488,#4489);
#4488 = CARTESIAN_POINT('',(79.29484966054,16.152212396198,0.));
#4489 = VECTOR('',#4490,1.);
#4490 = DIRECTION('',(-2.489334226303E-02,0.99969011274,0.));
#4491 = PCURVE('',#4466,#4492);
#4492 = DEFINITIONAL_REPRESENTATION('',(#4493),#4497);
#4493 = LINE('',#4494,#4495);
#4494 = CARTESIAN_POINT('',(-0.,0.));
#4495 = VECTOR('',#4496,1.);
#4496 = DIRECTION('',(-0.,1.));
#4497 = ( GEOMETRIC_REPRESENTATION_CONTEXT(2) 
PARAMETRIC_REPRESENTATION_CONTEXT() REPRESENTATION_CONTEXT('2D SPACE',''
  ) );
#4498 = PCURVE('',#4466,#4499);
#4499 = DEFINITIONAL_REPRESENTATION('',(#4500),#4504);
#4500 = LINE('',#4501,#4502);
#4501 = CARTESIAN_POINT('',(-6.28318530718,0.));
#4502 = VECTOR('',#4503,1.);
#4503 = DIRECTION('',(-0.,1.));
#4504 = ( GEOMETRIC_REPRESENTATION_CONTEXT(2) 
PARAMETRIC_REPRESENTATION_CONTEXT() REPRESENTATION_CONTEXT('2D SPACE',''
  ) );
#4505 = ORIENTED_EDGE('',*,*,#4506,.F.);
#4506 = EDGE_CURVE('',#4484,#4484,#4507,.T.);
#4507 = SURFACE_CURVE('',#4508,(#4513,#4520),.PCURVE_S1.);
#4508 = CIRCLE('',#4509,16.35162242578);
#4509 = AXIS2_PLACEMENT_3D('',#4510,#4511,#4512);
#4510 = CARTESIAN_POINT('',(79.289884139672,0.,0.));
#4511 = DIRECTION('',(1.,0.,0.));
#4512 = DIRECTION('',(-0.,1.,0.));
#4513 = PCURVE('',#4466,#4514);
#4514 = DEFINITIONAL_REPRESENTATION('',(#4515),#4519);
#4515 = LINE('',#4516,#4517);
#4516 = CARTESIAN_POINT('',(-0.,4.965520868737E-03));
#4517 = VECTOR('',#4518,1.);
#4518 = DIRECTION('',(-1.,0.));
#4519 = ( GEOMETRIC_REPRESENTATION_CONTEXT(2) 
PARAMETRIC_REPRESENTATION_CONTEXT() REPRESENTATION_CONTEXT('2D SPACE',''
  ) );
#4520 = PCURVE('',#4521,#4526);
#4521 = CONICAL_SURFACE('',#4522,16.35162242578,1.545651757248);
#4522 = AXIS2_PLACEMENT_3D('',#4523,#4524,#4525);
#4523 = CARTESIAN_POINT('',(79.289884139672,0.,0.));
#4524 = DIRECTION('',(-1.,-0.,-0.));
#4525 = DIRECTION('',(0.,1.,0.));
#4526 = DEFINITIONAL_REPRESENTATION('',(#4527),#4531);
#4527 = LINE('',#4528,#4529);
#4528 = CARTESIAN_POINT('',(-0.,0.));
#4529 = VECTOR('',#4530,1.);
#4530 = DIRECTION('',(-1.,0.));
#4531 = ( GEOMETRIC_REPRESENTATION_CONTEXT(2) 
PARAMETRIC_REPRESENTATION_CONTEXT() REPRESENTATION_CONTEXT('2D SPACE',''
  ) );
#4532 = ORIENTED_EDGE('',*,*,#4483,.F.);
#4533 = ADVANCED_FACE('',(#4534),#4521,.T.);
#4534 = FACE_BOUND('',#4535,.F.);
#4535 = EDGE_LOOP('',(#4536,#4537,#4560,#4587));
#4536 = ORIENTED_EDGE('',*,*,#4506,.T.);
#4537 = ORIENTED_EDGE('',*,*,#4538,.T.);
#4538 = EDGE_CURVE('',#4484,#4539,#4541,.T.);
#4539 = VERTEX_POINT('',#4540);
#4540 = CARTESIAN_POINT('',(79.284869003331,16.551032455363,0.));
#4541 = SEAM_CURVE('',#4542,(#4546,#4553),.PCURVE_S1.);
#4542 = LINE('',#4543,#4544);
#4543 = CARTESIAN_POINT('',(79.289884139672,16.35162242578,0.));
#4544 = VECTOR('',#4545,1.);
#4545 = DIRECTION('',(-2.514192002447E-02,0.999683891967,0.));
#4546 = PCURVE('',#4521,#4547);
#4547 = DEFINITIONAL_REPRESENTATION('',(#4548),#4552);
#4548 = LINE('',#4549,#4550);
#4549 = CARTESIAN_POINT('',(-0.,0.));
#4550 = VECTOR('',#4551,1.);
#4551 = DIRECTION('',(-0.,1.));
#4552 = ( GEOMETRIC_REPRESENTATION_CONTEXT(2) 
PARAMETRIC_REPRESENTATION_CONTEXT() REPRESENTATION_CONTEXT('2D SPACE',''
  ) );
#4553 = PCURVE('',#4521,#4554);
#4554 = DEFINITIONAL_REPRESENTATION('',(#4555),#4559);
#4555 = LINE('',#4556,#4557);
#4556 = CARTESIAN_POINT('',(-6.28318530718,0.));
#4557 = VECTOR('',#4558,1.);
#4558 = DIRECTION('',(-0.,1.));
#4559 = ( GEOMETRIC_REPRESENTATION_CONTEXT(2) 
PARAMETRIC_REPRESENTATION_CONTEXT() REPRESENTATION_CONTEXT('2D SPACE',''
  ) );
#4560 = ORIENTED_EDGE('',*,*,#4561,.F.);
#4561 = EDGE_CURVE('',#4539,#4539,#4562,.T.);
#4562 = SURFACE_CURVE('',#4563,(#4568,#4575),.PCURVE_S1.);
#4563 = CIRCLE('',#4564,16.551032455363);
#4564 = AXIS2_PLACEMENT_3D('',#4565,#4566,#4567);
#4565 = CARTESIAN_POINT('',(79.284869003331,0.,0.));
#4566 = DIRECTION('',(1.,0.,0.));
#4567 = DIRECTION('',(-0.,1.,0.));
#4568 = PCURVE('',#4521,#4569);
#4569 = DEFINITIONAL_REPRESENTATION('',(#4570),#4574);
#4570 = LINE('',#4571,#4572);
#4571 = CARTESIAN_POINT('',(-0.,5.015136340731E-03));
#4572 = VECTOR('',#4573,1.);
#4573 = DIRECTION('',(-1.,0.));
#4574 = ( GEOMETRIC_REPRESENTATION_CONTEXT(2) 
PARAMETRIC_REPRESENTATION_CONTEXT() REPRESENTATION_CONTEXT('2D SPACE',''
  ) );
#4575 = PCURVE('',#4576,#4581);
#4576 = CONICAL_SURFACE('',#4577,16.551032455363,1.545405047189);
#4577 = AXIS2_PLACEMENT_3D('',#4578,#4579,#4580);
#4578 = CARTESIAN_POINT('',(79.284869003331,0.,0.));
#4579 = DIRECTION('',(-1.,-0.,-0.));
#4580 = DIRECTION('',(0.,1.,0.));
#4581 = DEFINITIONAL_REPRESENTATION('',(#4582),#4586);
#4582 = LINE('',#4583,#4584);
#4583 = CARTESIAN_POINT('',(-0.,0.));
#4584 = VECTOR('',#4585,1.);
#4585 = DIRECTION('',(-1.,0.));
#4586 = ( GEOMETRIC_REPRESENTATION_CONTEXT(2) 
PARAMETRIC_REPRESENTATION_CONTEXT() REPRESENTATION_CONTEXT('2D SPACE',''
  ) );
#4587 = ORIENTED_EDGE('',*,*,#4538,.F.);
#4588 = ADVANCED_FACE('',(#4589),#4576,.T.);
#4589 = FACE_BOUND('',#4590,.F.);
#4590 = EDGE_LOOP('',(#4591,#4592,#4615,#4642));
#4591 = ORIENTED_EDGE('',*,*,#4561,.T.);
#4592 = ORIENTED_EDGE('',*,*,#4593,.T.);
#4593 = EDGE_CURVE('',#4539,#4594,#4596,.T.);
#4594 = VERTEX_POINT('',#4595);
#4595 = CARTESIAN_POINT('',(79.279804639106,16.750442484946,0.));
#4596 = SEAM_CURVE('',#4597,(#4601,#4608),.PCURVE_S1.);
#4597 = LINE('',#4598,#4599);
#4598 = CARTESIAN_POINT('',(79.284869003331,16.551032455363,0.));
#4599 = VECTOR('',#4600,1.);
#4600 = DIRECTION('',(-2.538855132905E-02,0.999677658779,0.));
#4601 = PCURVE('',#4576,#4602);
#4602 = DEFINITIONAL_REPRESENTATION('',(#4603),#4607);
#4603 = LINE('',#4604,#4605);
#4604 = CARTESIAN_POINT('',(-0.,0.));
#4605 = VECTOR('',#4606,1.);
#4606 = DIRECTION('',(-0.,1.));
#4607 = ( GEOMETRIC_REPRESENTATION_CONTEXT(2) 
PARAMETRIC_REPRESENTATION_CONTEXT() REPRESENTATION_CONTEXT('2D SPACE',''
  ) );
#4608 = PCURVE('',#4576,#4609);
#4609 = DEFINITIONAL_REPRESENTATION('',(#4610),#4614);
#4610 = LINE('',#4611,#4612);
#4611 = CARTESIAN_POINT('',(-6.28318530718,0.));
#4612 = VECTOR('',#4613,1.);
#4613 = DIRECTION('',(-0.,1.));
#4614 = ( GEOMETRIC_REPRESENTATION_CONTEXT(2) 
PARAMETRIC_REPRESENTATION_CONTEXT() REPRESENTATION_CONTEXT('2D SPACE',''
  ) );
#4615 = ORIENTED_EDGE('',*,*,#4616,.F.);
#4616 = EDGE_CURVE('',#4594,#4594,#4617,.T.);
#4617 = SURFACE_CURVE('',#4618,(#4623,#4630),.PCURVE_S1.);
#4618 = CIRCLE('',#4619,16.750442484946);
#4619 = AXIS2_PLACEMENT_3D('',#4620,#4621,#4622);
#4620 = CARTESIAN_POINT('',(79.279804639106,0.,0.));
#4621 = DIRECTION('',(1.,0.,0.));
#4622 = DIRECTION('',(-0.,1.,0.));
#4623 = PCURVE('',#4576,#4624);
#4624 = DEFINITIONAL_REPRESENTATION('',(#4625),#4629);
#4625 = LINE('',#4626,#4627);
#4626 = CARTESIAN_POINT('',(-0.,5.064364224936E-03));
#4627 = VECTOR('',#4628,1.);
#4628 = DIRECTION('',(-1.,0.));
#4629 = ( GEOMETRIC_REPRESENTATION_CONTEXT(2) 
PARAMETRIC_REPRESENTATION_CONTEXT() REPRESENTATION_CONTEXT('2D SPACE',''
  ) );
#4630 = PCURVE('',#4631,#4636);
#4631 = CONICAL_SURFACE('',#4632,16.750442484946,1.545160298502);
#4632 = AXIS2_PLACEMENT_3D('',#4633,#4634,#4635);
#4633 = CARTESIAN_POINT('',(79.279804639106,0.,0.));
#4634 = DIRECTION('',(-1.,-0.,-0.));
#4635 = DIRECTION('',(0.,1.,0.));
#4636 = DEFINITIONAL_REPRESENTATION('',(#4637),#4641);
#4637 = LINE('',#4638,#4639);
#4638 = CARTESIAN_POINT('',(-0.,0.));
#4639 = VECTOR('',#4640,1.);
#4640 = DIRECTION('',(-1.,0.));
#4641 = ( GEOMETRIC_REPRESENTATION_CONTEXT(2) 
PARAMETRIC_REPRESENTATION_CONTEXT() REPRESENTATION_CONTEXT('2D SPACE',''
  ) );
#4642 = ORIENTED_EDGE('',*,*,#4593,.F.);
#4643 = ADVANCED_FACE('',(#4644),#4631,.T.);
#4644 = FACE_BOUND('',#4645,.F.);
#4645 = EDGE_LOOP('',(#4646,#4647,#4670,#4697));
#4646 = ORIENTED_EDGE('',*,*,#4616,.T.);
#4647 = ORIENTED_EDGE('',*,*,#4648,.T.);
#4648 = EDGE_CURVE('',#4594,#4649,#4651,.T.);
#4649 = VERTEX_POINT('',#4650);
#4650 = CARTESIAN_POINT('',(79.274691437754,16.949852514528,0.));
#4651 = SEAM_CURVE('',#4652,(#4656,#4663),.PCURVE_S1.);
#4652 = LINE('',#4653,#4654);
#4653 = CARTESIAN_POINT('',(79.279804639106,16.750442484946,0.));
#4654 = VECTOR('',#4655,1.);
#4655 = DIRECTION('',(-2.563322036007E-02,0.999671415023,0.));
#4656 = PCURVE('',#4631,#4657);
#4657 = DEFINITIONAL_REPRESENTATION('',(#4658),#4662);
#4658 = LINE('',#4659,#4660);
#4659 = CARTESIAN_POINT('',(-0.,0.));
#4660 = VECTOR('',#4661,1.);
#4661 = DIRECTION('',(-0.,1.));
#4662 = ( GEOMETRIC_REPRESENTATION_CONTEXT(2) 
PARAMETRIC_REPRESENTATION_CONTEXT() REPRESENTATION_CONTEXT('2D SPACE',''
  ) );
#4663 = PCURVE('',#4631,#4664);
#4664 = DEFINITIONAL_REPRESENTATION('',(#4665),#4669);
#4665 = LINE('',#4666,#4667);
#4666 = CARTESIAN_POINT('',(-6.28318530718,0.));
#4667 = VECTOR('',#4668,1.);
#4668 = DIRECTION('',(-0.,1.));
#4669 = ( GEOMETRIC_REPRESENTATION_CONTEXT(2) 
PARAMETRIC_REPRESENTATION_CONTEXT() REPRESENTATION_CONTEXT('2D SPACE',''
  ) );
#4670 = ORIENTED_EDGE('',*,*,#4671,.F.);
#4671 = EDGE_CURVE('',#4649,#4649,#4672,.T.);
#4672 = SURFACE_CURVE('',#4673,(#4678,#4685),.PCURVE_S1.);
#4673 = CIRCLE('',#4674,16.949852514528);
#4674 = AXIS2_PLACEMENT_3D('',#4675,#4676,#4677);
#4675 = CARTESIAN_POINT('',(79.274691437754,0.,0.));
#4676 = DIRECTION('',(1.,0.,0.));
#4677 = DIRECTION('',(-0.,1.,0.));
#4678 = PCURVE('',#4631,#4679);
#4679 = DEFINITIONAL_REPRESENTATION('',(#4680),#4684);
#4680 = LINE('',#4681,#4682);
#4681 = CARTESIAN_POINT('',(-0.,5.113201351449E-03));
#4682 = VECTOR('',#4683,1.);
#4683 = DIRECTION('',(-1.,0.));
#4684 = ( GEOMETRIC_REPRESENTATION_CONTEXT(2) 
PARAMETRIC_REPRESENTATION_CONTEXT() REPRESENTATION_CONTEXT('2D SPACE',''
  ) );
#4685 = PCURVE('',#4686,#4691);
#4686 = CONICAL_SURFACE('',#4687,16.949852514528,1.544917526779);
#4687 = AXIS2_PLACEMENT_3D('',#4688,#4689,#4690);
#4688 = CARTESIAN_POINT('',(79.274691437754,0.,0.));
#4689 = DIRECTION('',(-1.,-0.,-0.));
#4690 = DIRECTION('',(0.,1.,0.));
#4691 = DEFINITIONAL_REPRESENTATION('',(#4692),#4696);
#4692 = LINE('',#4693,#4694);
#4693 = CARTESIAN_POINT('',(-0.,0.));
#4694 = VECTOR('',#4695,1.);
#4695 = DIRECTION('',(-1.,0.));
#4696 = ( GEOMETRIC_REPRESENTATION_CONTEXT(2) 
PARAMETRIC_REPRESENTATION_CONTEXT() REPRESENTATION_CONTEXT('2D SPACE',''
  ) );
#4697 = ORIENTED_EDGE('',*,*,#4648,.F.);
#4698 = ADVANCED_FACE('',(#4699),#4686,.T.);
#4699 = FACE_BOUND('',#4700,.F.);
#4700 = EDGE_LOOP('',(#4701,#4702,#4725,#4752));
#4701 = ORIENTED_EDGE('',*,*,#4671,.T.);
#4702 = ORIENTED_EDGE('',*,*,#4703,.T.);
#4703 = EDGE_CURVE('',#4649,#4704,#4706,.T.);
#4704 = VERTEX_POINT('',#4705);
#4705 = CARTESIAN_POINT('',(79.269529793154,17.149262544111,0.));
#4706 = SEAM_CURVE('',#4707,(#4711,#4718),.PCURVE_S1.);
#4707 = LINE('',#4708,#4709);
#4708 = CARTESIAN_POINT('',(79.274691437754,16.949852514528,0.));
#4709 = VECTOR('',#4710,1.);
#4710 = DIRECTION('',(-2.587591155402E-02,0.999665162543,0.));
#4711 = PCURVE('',#4686,#4712);
#4712 = DEFINITIONAL_REPRESENTATION('',(#4713),#4717);
#4713 = LINE('',#4714,#4715);
#4714 = CARTESIAN_POINT('',(-0.,0.));
#4715 = VECTOR('',#4716,1.);
#4716 = DIRECTION('',(-0.,1.));
#4717 = ( GEOMETRIC_REPRESENTATION_CONTEXT(2) 
PARAMETRIC_REPRESENTATION_CONTEXT() REPRESENTATION_CONTEXT('2D SPACE',''
  ) );
#4718 = PCURVE('',#4686,#4719);
#4719 = DEFINITIONAL_REPRESENTATION('',(#4720),#4724);
#4720 = LINE('',#4721,#4722);
#4721 = CARTESIAN_POINT('',(-6.28318530718,0.));
#4722 = VECTOR('',#4723,1.);
#4723 = DIRECTION('',(-0.,1.));
#4724 = ( GEOMETRIC_REPRESENTATION_CONTEXT(2) 
PARAMETRIC_REPRESENTATION_CONTEXT() REPRESENTATION_CONTEXT('2D SPACE',''
  ) );
#4725 = ORIENTED_EDGE('',*,*,#4726,.F.);
#4726 = EDGE_CURVE('',#4704,#4704,#4727,.T.);
#4727 = SURFACE_CURVE('',#4728,(#4733,#4740),.PCURVE_S1.);
#4728 = CIRCLE('',#4729,17.149262544111);
#4729 = AXIS2_PLACEMENT_3D('',#4730,#4731,#4732);
#4730 = CARTESIAN_POINT('',(79.269529793154,0.,0.));
#4731 = DIRECTION('',(1.,0.,0.));
#4732 = DIRECTION('',(-0.,1.,0.));
#4733 = PCURVE('',#4686,#4734);
#4734 = DEFINITIONAL_REPRESENTATION('',(#4735),#4739);
#4735 = LINE('',#4736,#4737);
#4736 = CARTESIAN_POINT('',(-0.,5.16164460042E-03));
#4737 = VECTOR('',#4738,1.);
#4738 = DIRECTION('',(-1.,0.));
#4739 = ( GEOMETRIC_REPRESENTATION_CONTEXT(2) 
PARAMETRIC_REPRESENTATION_CONTEXT() REPRESENTATION_CONTEXT('2D SPACE',''
  ) );
#4740 = PCURVE('',#4741,#4746);
#4741 = CONICAL_SURFACE('',#4742,17.149262544111,1.544676747356);
#4742 = AXIS2_PLACEMENT_3D('',#4743,#4744,#4745);
#4743 = CARTESIAN_POINT('',(79.269529793154,0.,0.));
#4744 = DIRECTION('',(-1.,-0.,-0.));
#4745 = DIRECTION('',(0.,1.,0.));
#4746 = DEFINITIONAL_REPRESENTATION('',(#4747),#4751);
#4747 = LINE('',#4748,#4749);
#4748 = CARTESIAN_POINT('',(-0.,0.));
#4749 = VECTOR('',#4750,1.);
#4750 = DIRECTION('',(-1.,0.));
#4751 = ( GEOMETRIC_REPRESENTATION_CONTEXT(2) 
PARAMETRIC_REPRESENTATION_CONTEXT() REPRESENTATION_CONTEXT('2D SPACE',''
  ) );
#4752 = ORIENTED_EDGE('',*,*,#4703,.F.);
#4753 = ADVANCED_FACE('',(#4754),#4741,.T.);
#4754 = FACE_BOUND('',#4755,.F.);
#4755 = EDGE_LOOP('',(#4756,#4757,#4780,#4807));
#4756 = ORIENTED_EDGE('',*,*,#4726,.T.);
#4757 = ORIENTED_EDGE('',*,*,#4758,.T.);
#4758 = EDGE_CURVE('',#4704,#4759,#4761,.T.);
#4759 = VERTEX_POINT('',#4760);
#4760 = CARTESIAN_POINT('',(79.264320102252,17.348672573694,0.));
#4761 = SEAM_CURVE('',#4762,(#4766,#4773),.PCURVE_S1.);
#4762 = LINE('',#4763,#4764);
#4763 = CARTESIAN_POINT('',(79.269529793154,17.149262544111,0.));
#4764 = VECTOR('',#4765,1.);
#4765 = DIRECTION('',(-2.611660960294E-02,0.999658903178,0.));
#4766 = PCURVE('',#4741,#4767);
#4767 = DEFINITIONAL_REPRESENTATION('',(#4768),#4772);
#4768 = LINE('',#4769,#4770);
#4769 = CARTESIAN_POINT('',(-0.,0.));
#4770 = VECTOR('',#4771,1.);
#4771 = DIRECTION('',(-0.,1.));
#4772 = ( GEOMETRIC_REPRESENTATION_CONTEXT(2) 
PARAMETRIC_REPRESENTATION_CONTEXT() REPRESENTATION_CONTEXT('2D SPACE',''
  ) );
#4773 = PCURVE('',#4741,#4774);
#4774 = DEFINITIONAL_REPRESENTATION('',(#4775),#4779);
#4775 = LINE('',#4776,#4777);
#4776 = CARTESIAN_POINT('',(-6.28318530718,0.));
#4777 = VECTOR('',#4778,1.);
#4778 = DIRECTION('',(-0.,1.));
#4779 = ( GEOMETRIC_REPRESENTATION_CONTEXT(2) 
PARAMETRIC_REPRESENTATION_CONTEXT() REPRESENTATION_CONTEXT('2D SPACE',''
  ) );
#4780 = ORIENTED_EDGE('',*,*,#4781,.F.);
#4781 = EDGE_CURVE('',#4759,#4759,#4782,.T.);
#4782 = SURFACE_CURVE('',#4783,(#4788,#4795),.PCURVE_S1.);
#4783 = CIRCLE('',#4784,17.348672573694);
#4784 = AXIS2_PLACEMENT_3D('',#4785,#4786,#4787);
#4785 = CARTESIAN_POINT('',(79.264320102252,0.,0.));
#4786 = DIRECTION('',(1.,0.,0.));
#4787 = DIRECTION('',(-0.,1.,0.));
#4788 = PCURVE('',#4741,#4789);
#4789 = DEFINITIONAL_REPRESENTATION('',(#4790),#4794);
#4790 = LINE('',#4791,#4792);
#4791 = CARTESIAN_POINT('',(-0.,5.209690902532E-03));
#4792 = VECTOR('',#4793,1.);
#4793 = DIRECTION('',(-1.,0.));
#4794 = ( GEOMETRIC_REPRESENTATION_CONTEXT(2) 
PARAMETRIC_REPRESENTATION_CONTEXT() REPRESENTATION_CONTEXT('2D SPACE',''
  ) );
#4795 = PCURVE('',#4796,#4801);
#4796 = CONICAL_SURFACE('',#4797,17.348672573694,1.544437975312);
#4797 = AXIS2_PLACEMENT_3D('',#4798,#4799,#4800);
#4798 = CARTESIAN_POINT('',(79.264320102252,0.,0.));
#4799 = DIRECTION('',(-1.,-0.,-0.));
#4800 = DIRECTION('',(0.,1.,0.));
#4801 = DEFINITIONAL_REPRESENTATION('',(#4802),#4806);
#4802 = LINE('',#4803,#4804);
#4803 = CARTESIAN_POINT('',(-0.,0.));
#4804 = VECTOR('',#4805,1.);
#4805 = DIRECTION('',(-1.,0.));
#4806 = ( GEOMETRIC_REPRESENTATION_CONTEXT(2) 
PARAMETRIC_REPRESENTATION_CONTEXT() REPRESENTATION_CONTEXT('2D SPACE',''
  ) );
#4807 = ORIENTED_EDGE('',*,*,#4758,.F.);
#4808 = ADVANCED_FACE('',(#4809),#4796,.T.);
#4809 = FACE_BOUND('',#4810,.F.);
#4810 = EDGE_LOOP('',(#4811,#4812,#4835,#4862));
#4811 = ORIENTED_EDGE('',*,*,#4781,.T.);
#4812 = ORIENTED_EDGE('',*,*,#4813,.T.);
#4813 = EDGE_CURVE('',#4759,#4814,#4816,.T.);
#4814 = VERTEX_POINT('',#4815);
#4815 = CARTESIAN_POINT('',(79.259062765012,17.548082603277,0.));
#4816 = SEAM_CURVE('',#4817,(#4821,#4828),.PCURVE_S1.);
#4817 = LINE('',#4818,#4819);
#4818 = CARTESIAN_POINT('',(79.264320102252,17.348672573694,0.));
#4819 = VECTOR('',#4820,1.);
#4820 = DIRECTION('',(-2.635529945546E-02,0.999652638765,0.));
#4821 = PCURVE('',#4796,#4822);
#4822 = DEFINITIONAL_REPRESENTATION('',(#4823),#4827);
#4823 = LINE('',#4824,#4825);
#4824 = CARTESIAN_POINT('',(-0.,0.));
#4825 = VECTOR('',#4826,1.);
#4826 = DIRECTION('',(-0.,1.));
#4827 = ( GEOMETRIC_REPRESENTATION_CONTEXT(2) 
PARAMETRIC_REPRESENTATION_CONTEXT() REPRESENTATION_CONTEXT('2D SPACE',''
  ) );
#4828 = PCURVE('',#4796,#4829);
#4829 = DEFINITIONAL_REPRESENTATION('',(#4830),#4834);
#4830 = LINE('',#4831,#4832);
#4831 = CARTESIAN_POINT('',(-6.28318530718,0.));
#4832 = VECTOR('',#4833,1.);
#4833 = DIRECTION('',(-0.,1.));
#4834 = ( GEOMETRIC_REPRESENTATION_CONTEXT(2) 
PARAMETRIC_REPRESENTATION_CONTEXT() REPRESENTATION_CONTEXT('2D SPACE',''
  ) );
#4835 = ORIENTED_EDGE('',*,*,#4836,.F.);
#4836 = EDGE_CURVE('',#4814,#4814,#4837,.T.);
#4837 = SURFACE_CURVE('',#4838,(#4843,#4850),.PCURVE_S1.);
#4838 = CIRCLE('',#4839,17.548082603277);
#4839 = AXIS2_PLACEMENT_3D('',#4840,#4841,#4842);
#4840 = CARTESIAN_POINT('',(79.259062765012,0.,0.));
#4841 = DIRECTION('',(1.,0.,0.));
#4842 = DIRECTION('',(-0.,1.,0.));
#4843 = PCURVE('',#4796,#4844);
#4844 = DEFINITIONAL_REPRESENTATION('',(#4845),#4849);
#4845 = LINE('',#4846,#4847);
#4846 = CARTESIAN_POINT('',(-0.,5.257337239229E-03));
#4847 = VECTOR('',#4848,1.);
#4848 = DIRECTION('',(-1.,0.));
#4849 = ( GEOMETRIC_REPRESENTATION_CONTEXT(2) 
PARAMETRIC_REPRESENTATION_CONTEXT() REPRESENTATION_CONTEXT('2D SPACE',''
  ) );
#4850 = PCURVE('',#4851,#4856);
#4851 = CONICAL_SURFACE('',#4852,17.548082603277,1.544201225471);
#4852 = AXIS2_PLACEMENT_3D('',#4853,#4854,#4855);
#4853 = CARTESIAN_POINT('',(79.259062765012,0.,0.));
#4854 = DIRECTION('',(-1.,-0.,-0.));
#4855 = DIRECTION('',(0.,1.,0.));
#4856 = DEFINITIONAL_REPRESENTATION('',(#4857),#4861);
#4857 = LINE('',#4858,#4859);
#4858 = CARTESIAN_POINT('',(-0.,0.));
#4859 = VECTOR('',#4860,1.);
#4860 = DIRECTION('',(-1.,0.));
#4861 = ( GEOMETRIC_REPRESENTATION_CONTEXT(2) 
PARAMETRIC_REPRESENTATION_CONTEXT() REPRESENTATION_CONTEXT('2D SPACE',''
  ) );
#4862 = ORIENTED_EDGE('',*,*,#4813,.F.);
#4863 = ADVANCED_FACE('',(#4864),#4851,.T.);
#4864 = FACE_BOUND('',#4865,.F.);
#4865 = EDGE_LOOP('',(#4866,#4867,#4890,#4917));
#4866 = ORIENTED_EDGE('',*,*,#4836,.T.);
#4867 = ORIENTED_EDGE('',*,*,#4868,.T.);
#4868 = EDGE_CURVE('',#4814,#4869,#4871,.T.);
#4869 = VERTEX_POINT('',#4870);
#4870 = CARTESIAN_POINT('',(79.253758184369,17.747492632859,0.));
#4871 = SEAM_CURVE('',#4872,(#4876,#4883),.PCURVE_S1.);
#4872 = LINE('',#4873,#4874);
#4873 = CARTESIAN_POINT('',(79.259062765012,17.548082603277,0.));
#4874 = VECTOR('',#4875,1.);
#4875 = DIRECTION('',(-2.659196631822E-02,0.999646371137,0.));
#4876 = PCURVE('',#4851,#4877);
#4877 = DEFINITIONAL_REPRESENTATION('',(#4878),#4882);
#4878 = LINE('',#4879,#4880);
#4879 = CARTESIAN_POINT('',(-0.,0.));
#4880 = VECTOR('',#4881,1.);
#4881 = DIRECTION('',(-0.,1.));
#4882 = ( GEOMETRIC_REPRESENTATION_CONTEXT(2) 
PARAMETRIC_REPRESENTATION_CONTEXT() REPRESENTATION_CONTEXT('2D SPACE',''
  ) );
#4883 = PCURVE('',#4851,#4884);
#4884 = DEFINITIONAL_REPRESENTATION('',(#4885),#4889);
#4885 = LINE('',#4886,#4887);
#4886 = CARTESIAN_POINT('',(-6.28318530718,0.));
#4887 = VECTOR('',#4888,1.);
#4888 = DIRECTION('',(-0.,1.));
#4889 = ( GEOMETRIC_REPRESENTATION_CONTEXT(2) 
PARAMETRIC_REPRESENTATION_CONTEXT() REPRESENTATION_CONTEXT('2D SPACE',''
  ) );
#4890 = ORIENTED_EDGE('',*,*,#4891,.F.);
#4891 = EDGE_CURVE('',#4869,#4869,#4892,.T.);
#4892 = SURFACE_CURVE('',#4893,(#4898,#4905),.PCURVE_S1.);
#4893 = CIRCLE('',#4894,17.747492632859);
#4894 = AXIS2_PLACEMENT_3D('',#4895,#4896,#4897);
#4895 = CARTESIAN_POINT('',(79.253758184369,0.,0.));
#4896 = DIRECTION('',(1.,0.,0.));
#4897 = DIRECTION('',(-0.,1.,0.));
#4898 = PCURVE('',#4851,#4899);
#4899 = DEFINITIONAL_REPRESENTATION('',(#4900),#4904);
#4900 = LINE('',#4901,#4902);
#4901 = CARTESIAN_POINT('',(-0.,5.304580642999E-03));
#4902 = VECTOR('',#4903,1.);
#4903 = DIRECTION('',(-1.,0.));
#4904 = ( GEOMETRIC_REPRESENTATION_CONTEXT(2) 
PARAMETRIC_REPRESENTATION_CONTEXT() REPRESENTATION_CONTEXT('2D SPACE',''
  ) );
#4905 = PCURVE('',#4906,#4911);
#4906 = CONICAL_SURFACE('',#4907,17.747492632859,1.543966512396);
#4907 = AXIS2_PLACEMENT_3D('',#4908,#4909,#4910);
#4908 = CARTESIAN_POINT('',(79.253758184369,0.,0.));
#4909 = DIRECTION('',(-1.,-0.,-0.));
#4910 = DIRECTION('',(0.,1.,0.));
#4911 = DEFINITIONAL_REPRESENTATION('',(#4912),#4916);
#4912 = LINE('',#4913,#4914);
#4913 = CARTESIAN_POINT('',(-0.,0.));
#4914 = VECTOR('',#4915,1.);
#4915 = DIRECTION('',(-1.,0.));
#4916 = ( GEOMETRIC_REPRESENTATION_CONTEXT(2) 
PARAMETRIC_REPRESENTATION_CONTEXT() REPRESENTATION_CONTEXT('2D SPACE',''
  ) );
#4917 = ORIENTED_EDGE('',*,*,#4868,.F.);
#4918 = ADVANCED_FACE('',(#4919),#4906,.T.);
#4919 = FACE_BOUND('',#4920,.F.);
#4920 = EDGE_LOOP('',(#4921,#4922,#4945,#4972));
#4921 = ORIENTED_EDGE('',*,*,#4891,.T.);
#4922 = ORIENTED_EDGE('',*,*,#4923,.T.);
#4923 = EDGE_CURVE('',#4869,#4924,#4926,.T.);
#4924 = VERTEX_POINT('',#4925);
#4925 = CARTESIAN_POINT('',(79.248406766172,17.946902662442,0.));
#4926 = SEAM_CURVE('',#4927,(#4931,#4938),.PCURVE_S1.);
#4927 = LINE('',#4928,#4929);
#4928 = CARTESIAN_POINT('',(79.253758184369,17.747492632859,0.));
#4929 = VECTOR('',#4930,1.);
#4930 = DIRECTION('',(-2.682659565751E-02,0.999640102119,0.));
#4931 = PCURVE('',#4906,#4932);
#4932 = DEFINITIONAL_REPRESENTATION('',(#4933),#4937);
#4933 = LINE('',#4934,#4935);
#4934 = CARTESIAN_POINT('',(-0.,0.));
#4935 = VECTOR('',#4936,1.);
#4936 = DIRECTION('',(-0.,1.));
#4937 = ( GEOMETRIC_REPRESENTATION_CONTEXT(2) 
PARAMETRIC_REPRESENTATION_CONTEXT() REPRESENTATION_CONTEXT('2D SPACE',''
  ) );
#4938 = PCURVE('',#4906,#4939);
#4939 = DEFINITIONAL_REPRESENTATION('',(#4940),#4944);
#4940 = LINE('',#4941,#4942);
#4941 = CARTESIAN_POINT('',(-6.28318530718,0.));
#4942 = VECTOR('',#4943,1.);
#4943 = DIRECTION('',(-0.,1.));
#4944 = ( GEOMETRIC_REPRESENTATION_CONTEXT(2) 
PARAMETRIC_REPRESENTATION_CONTEXT() REPRESENTATION_CONTEXT('2D SPACE',''
  ) );
#4945 = ORIENTED_EDGE('',*,*,#4946,.F.);
#4946 = EDGE_CURVE('',#4924,#4924,#4947,.T.);
#4947 = SURFACE_CURVE('',#4948,(#4953,#4960),.PCURVE_S1.);
#4948 = CIRCLE('',#4949,17.946902662442);
#4949 = AXIS2_PLACEMENT_3D('',#4950,#4951,#4952);
#4950 = CARTESIAN_POINT('',(79.248406766172,0.,0.));
#4951 = DIRECTION('',(1.,0.,0.));
#4952 = DIRECTION('',(-0.,1.,0.));
#4953 = PCURVE('',#4906,#4954);
#4954 = DEFINITIONAL_REPRESENTATION('',(#4955),#4959);
#4955 = LINE('',#4956,#4957);
#4956 = CARTESIAN_POINT('',(-0.,5.351418197733E-03));
#4957 = VECTOR('',#4958,1.);
#4958 = DIRECTION('',(-1.,0.));
#4959 = ( GEOMETRIC_REPRESENTATION_CONTEXT(2) 
PARAMETRIC_REPRESENTATION_CONTEXT() REPRESENTATION_CONTEXT('2D SPACE',''
  ) );
#4960 = PCURVE('',#4961,#4966);
#4961 = CONICAL_SURFACE('',#4962,17.946902662442,1.54373385039);
#4962 = AXIS2_PLACEMENT_3D('',#4963,#4964,#4965);
#4963 = CARTESIAN_POINT('',(79.248406766172,0.,0.));
#4964 = DIRECTION('',(-1.,-0.,-0.));
#4965 = DIRECTION('',(0.,1.,0.));
#4966 = DEFINITIONAL_REPRESENTATION('',(#4967),#4971);
#4967 = LINE('',#4968,#4969);
#4968 = CARTESIAN_POINT('',(-0.,0.));
#4969 = VECTOR('',#4970,1.);
#4970 = DIRECTION('',(-1.,0.));
#4971 = ( GEOMETRIC_REPRESENTATION_CONTEXT(2) 
PARAMETRIC_REPRESENTATION_CONTEXT() REPRESENTATION_CONTEXT('2D SPACE',''
  ) );
#4972 = ORIENTED_EDGE('',*,*,#4923,.F.);
#4973 = ADVANCED_FACE('',(#4974),#4961,.T.);
#4974 = FACE_BOUND('',#4975,.F.);
#4975 = EDGE_LOOP('',(#4976,#4977,#5000,#5027));
#4976 = ORIENTED_EDGE('',*,*,#4946,.T.);
#4977 = ORIENTED_EDGE('',*,*,#4978,.T.);
#4978 = EDGE_CURVE('',#4924,#4979,#4981,.T.);
#4979 = VERTEX_POINT('',#4980);
#4980 = CARTESIAN_POINT('',(79.243008919133,18.146312692025,0.));
#4981 = SEAM_CURVE('',#4982,(#4986,#4993),.PCURVE_S1.);
#4982 = LINE('',#4983,#4984);
#4983 = CARTESIAN_POINT('',(79.248406766172,17.946902662442,0.));
#4984 = VECTOR('',#4985,1.);
#4985 = DIRECTION('',(-2.705917320019E-02,0.999633833534,0.));
#4986 = PCURVE('',#4961,#4987);
#4987 = DEFINITIONAL_REPRESENTATION('',(#4988),#4992);
#4988 = LINE('',#4989,#4990);
#4989 = CARTESIAN_POINT('',(-0.,0.));
#4990 = VECTOR('',#4991,1.);
#4991 = DIRECTION('',(-0.,1.));
#4992 = ( GEOMETRIC_REPRESENTATION_CONTEXT(2) 
PARAMETRIC_REPRESENTATION_CONTEXT() REPRESENTATION_CONTEXT('2D SPACE',''
  ) );
#4993 = PCURVE('',#4961,#4994);
#4994 = DEFINITIONAL_REPRESENTATION('',(#4995),#4999);
#4995 = LINE('',#4996,#4997);
#4996 = CARTESIAN_POINT('',(-6.28318530718,0.));
#4997 = VECTOR('',#4998,1.);
#4998 = DIRECTION('',(-0.,1.));
#4999 = ( GEOMETRIC_REPRESENTATION_CONTEXT(2) 
PARAMETRIC_REPRESENTATION_CONTEXT() REPRESENTATION_CONTEXT('2D SPACE',''
  ) );
#5000 = ORIENTED_EDGE('',*,*,#5001,.F.);
#5001 = EDGE_CURVE('',#4979,#4979,#5002,.T.);
#5002 = SURFACE_CURVE('',#5003,(#5008,#5015),.PCURVE_S1.);
#5003 = CIRCLE('',#5004,18.146312692025);
#5004 = AXIS2_PLACEMENT_3D('',#5005,#5006,#5007);
#5005 = CARTESIAN_POINT('',(79.243008919133,0.,0.));
#5006 = DIRECTION('',(1.,0.,0.));
#5007 = DIRECTION('',(-0.,1.,0.));
#5008 = PCURVE('',#4961,#5009);
#5009 = DEFINITIONAL_REPRESENTATION('',(#5010),#5014);
#5010 = LINE('',#5011,#5012);
#5011 = CARTESIAN_POINT('',(-0.,5.397847038907E-03));
#5012 = VECTOR('',#5013,1.);
#5013 = DIRECTION('',(-1.,0.));
#5014 = ( GEOMETRIC_REPRESENTATION_CONTEXT(2) 
PARAMETRIC_REPRESENTATION_CONTEXT() REPRESENTATION_CONTEXT('2D SPACE',''
  ) );
#5015 = PCURVE('',#5016,#5021);
#5016 = CONICAL_SURFACE('',#5017,18.146312692025,1.543503253497);
#5017 = AXIS2_PLACEMENT_3D('',#5018,#5019,#5020);
#5018 = CARTESIAN_POINT('',(79.243008919133,0.,0.));
#5019 = DIRECTION('',(-1.,-0.,-0.));
#5020 = DIRECTION('',(0.,1.,0.));
#5021 = DEFINITIONAL_REPRESENTATION('',(#5022),#5026);
#5022 = LINE('',#5023,#5024);
#5023 = CARTESIAN_POINT('',(-0.,0.));
#5024 = VECTOR('',#5025,1.);
#5025 = DIRECTION('',(-1.,0.));
#5026 = ( GEOMETRIC_REPRESENTATION_CONTEXT(2) 
PARAMETRIC_REPRESENTATION_CONTEXT() REPRESENTATION_CONTEXT('2D SPACE',''
  ) );
#5027 = ORIENTED_EDGE('',*,*,#4978,.F.);
#5028 = ADVANCED_FACE('',(#5029),#5016,.T.);
#5029 = FACE_BOUND('',#5030,.F.);
#5030 = EDGE_LOOP('',(#5031,#5032,#5055,#5082));
#5031 = ORIENTED_EDGE('',*,*,#5001,.T.);
#5032 = ORIENTED_EDGE('',*,*,#5033,.T.);
#5033 = EDGE_CURVE('',#4979,#5034,#5036,.T.);
#5034 = VERTEX_POINT('',#5035);
#5035 = CARTESIAN_POINT('',(79.237565054779,18.345722721607,0.));
#5036 = SEAM_CURVE('',#5037,(#5041,#5048),.PCURVE_S1.);
#5037 = LINE('',#5038,#5039);
#5038 = CARTESIAN_POINT('',(79.243008919133,18.146312692025,0.));
#5039 = VECTOR('',#5040,1.);
#5040 = DIRECTION('',(-2.728968493508E-02,0.999627567195,0.));
#5041 = PCURVE('',#5016,#5042);
#5042 = DEFINITIONAL_REPRESENTATION('',(#5043),#5047);
#5043 = LINE('',#5044,#5045);
#5044 = CARTESIAN_POINT('',(-0.,0.));
#5045 = VECTOR('',#5046,1.);
#5046 = DIRECTION('',(-0.,1.));
#5047 = ( GEOMETRIC_REPRESENTATION_CONTEXT(2) 
PARAMETRIC_REPRESENTATION_CONTEXT() REPRESENTATION_CONTEXT('2D SPACE',''
  ) );
#5048 = PCURVE('',#5016,#5049);
#5049 = DEFINITIONAL_REPRESENTATION('',(#5050),#5054);
#5050 = LINE('',#5051,#5052);
#5051 = CARTESIAN_POINT('',(-6.28318530718,0.));
#5052 = VECTOR('',#5053,1.);
#5053 = DIRECTION('',(-0.,1.));
#5054 = ( GEOMETRIC_REPRESENTATION_CONTEXT(2) 
PARAMETRIC_REPRESENTATION_CONTEXT() REPRESENTATION_CONTEXT('2D SPACE',''
  ) );
#5055 = ORIENTED_EDGE('',*,*,#5056,.F.);
#5056 = EDGE_CURVE('',#5034,#5034,#5057,.T.);
#5057 = SURFACE_CURVE('',#5058,(#5063,#5070),.PCURVE_S1.);
#5058 = CIRCLE('',#5059,18.345722721607);
#5059 = AXIS2_PLACEMENT_3D('',#5060,#5061,#5062);
#5060 = CARTESIAN_POINT('',(79.237565054779,0.,0.));
#5061 = DIRECTION('',(1.,0.,0.));
#5062 = DIRECTION('',(-0.,1.,0.));
#5063 = PCURVE('',#5016,#5064);
#5064 = DEFINITIONAL_REPRESENTATION('',(#5065),#5069);
#5065 = LINE('',#5066,#5067);
#5066 = CARTESIAN_POINT('',(-0.,5.443864353879E-03));
#5067 = VECTOR('',#5068,1.);
#5068 = DIRECTION('',(-1.,0.));
#5069 = ( GEOMETRIC_REPRESENTATION_CONTEXT(2) 
PARAMETRIC_REPRESENTATION_CONTEXT() REPRESENTATION_CONTEXT('2D SPACE',''
  ) );
#5070 = PCURVE('',#5071,#5076);
#5071 = CONICAL_SURFACE('',#5072,18.345722721607,1.543274735496);
#5072 = AXIS2_PLACEMENT_3D('',#5073,#5074,#5075);
#5073 = CARTESIAN_POINT('',(79.237565054779,0.,0.));
#5074 = DIRECTION('',(-1.,-0.,-0.));
#5075 = DIRECTION('',(0.,1.,0.));
#5076 = DEFINITIONAL_REPRESENTATION('',(#5077),#5081);
#5077 = LINE('',#5078,#5079);
#5078 = CARTESIAN_POINT('',(-0.,0.));
#5079 = VECTOR('',#5080,1.);
#5080 = DIRECTION('',(-1.,0.));
#5081 = ( GEOMETRIC_REPRESENTATION_CONTEXT(2) 
PARAMETRIC_REPRESENTATION_CONTEXT() REPRESENTATION_CONTEXT('2D SPACE',''
  ) );
#5082 = ORIENTED_EDGE('',*,*,#5033,.F.);
#5083 = ADVANCED_FACE('',(#5084),#5071,.T.);
#5084 = FACE_BOUND('',#5085,.F.);
#5085 = EDGE_LOOP('',(#5086,#5087,#5110,#5137));
#5086 = ORIENTED_EDGE('',*,*,#5056,.T.);
#5087 = ORIENTED_EDGE('',*,*,#5088,.T.);
#5088 = EDGE_CURVE('',#5034,#5089,#5091,.T.);
#5089 = VERTEX_POINT('',#5090);
#5090 = CARTESIAN_POINT('',(79.232075587397,18.54513275119,0.));
#5091 = SEAM_CURVE('',#5092,(#5096,#5103),.PCURVE_S1.);
#5092 = LINE('',#5093,#5094);
#5093 = CARTESIAN_POINT('',(79.237565054779,18.345722721607,0.));
#5094 = VECTOR('',#5095,1.);
#5095 = DIRECTION('',(-2.75181171145E-02,0.99962130491,0.));
#5096 = PCURVE('',#5071,#5097);
#5097 = DEFINITIONAL_REPRESENTATION('',(#5098),#5102);
#5098 = LINE('',#5099,#5100);
#5099 = CARTESIAN_POINT('',(-0.,0.));
#5100 = VECTOR('',#5101,1.);
#5101 = DIRECTION('',(-0.,1.));
#5102 = ( GEOMETRIC_REPRESENTATION_CONTEXT(2) 
PARAMETRIC_REPRESENTATION_CONTEXT() REPRESENTATION_CONTEXT('2D SPACE',''
  ) );
#5103 = PCURVE('',#5071,#5104);
#5104 = DEFINITIONAL_REPRESENTATION('',(#5105),#5109);
#5105 = LINE('',#5106,#5107);
#5106 = CARTESIAN_POINT('',(-6.28318530718,0.));
#5107 = VECTOR('',#5108,1.);
#5108 = DIRECTION('',(-0.,1.));
#5109 = ( GEOMETRIC_REPRESENTATION_CONTEXT(2) 
PARAMETRIC_REPRESENTATION_CONTEXT() REPRESENTATION_CONTEXT('2D SPACE',''
  ) );
#5110 = ORIENTED_EDGE('',*,*,#5111,.F.);
#5111 = EDGE_CURVE('',#5089,#5089,#5112,.T.);
#5112 = SURFACE_CURVE('',#5113,(#5118,#5125),.PCURVE_S1.);
#5113 = CIRCLE('',#5114,18.54513275119);
#5114 = AXIS2_PLACEMENT_3D('',#5115,#5116,#5117);
#5115 = CARTESIAN_POINT('',(79.232075587397,0.,0.));
#5116 = DIRECTION('',(1.,0.,0.));
#5117 = DIRECTION('',(-0.,1.,0.));
#5118 = PCURVE('',#5071,#5119);
#5119 = DEFINITIONAL_REPRESENTATION('',(#5120),#5124);
#5120 = LINE('',#5121,#5122);
#5121 = CARTESIAN_POINT('',(-0.,5.489467382205E-03));
#5122 = VECTOR('',#5123,1.);
#5123 = DIRECTION('',(-1.,0.));
#5124 = ( GEOMETRIC_REPRESENTATION_CONTEXT(2) 
PARAMETRIC_REPRESENTATION_CONTEXT() REPRESENTATION_CONTEXT('2D SPACE',''
  ) );
#5125 = PCURVE('',#5126,#5131);
#5126 = CONICAL_SURFACE('',#5127,18.54513275119,1.543048309901);
#5127 = AXIS2_PLACEMENT_3D('',#5128,#5129,#5130);
#5128 = CARTESIAN_POINT('',(79.232075587397,0.,0.));
#5129 = DIRECTION('',(-1.,-0.,-0.));
#5130 = DIRECTION('',(0.,1.,0.));
#5131 = DEFINITIONAL_REPRESENTATION('',(#5132),#5136);
#5132 = LINE('',#5133,#5134);
#5133 = CARTESIAN_POINT('',(-0.,0.));
#5134 = VECTOR('',#5135,1.);
#5135 = DIRECTION('',(-1.,0.));
#5136 = ( GEOMETRIC_REPRESENTATION_CONTEXT(2) 
PARAMETRIC_REPRESENTATION_CONTEXT() REPRESENTATION_CONTEXT('2D SPACE',''
  ) );
#5137 = ORIENTED_EDGE('',*,*,#5088,.F.);
#5138 = ADVANCED_FACE('',(#5139),#5126,.T.);
#5139 = FACE_BOUND('',#5140,.F.);
#5140 = EDGE_LOOP('',(#5141,#5142,#5165,#5192));
#5141 = ORIENTED_EDGE('',*,*,#5111,.T.);
#5142 = ORIENTED_EDGE('',*,*,#5143,.T.);
#5143 = EDGE_CURVE('',#5089,#5144,#5146,.T.);
#5144 = VERTEX_POINT('',#5145);
#5145 = CARTESIAN_POINT('',(79.226540933981,18.744542780773,0.));
#5146 = SEAM_CURVE('',#5147,(#5151,#5158),.PCURVE_S1.);
#5147 = LINE('',#5148,#5149);
#5148 = CARTESIAN_POINT('',(79.232075587397,18.54513275119,0.));
#5149 = VECTOR('',#5150,1.);
#5150 = DIRECTION('',(-2.774445625498E-02,0.99961504848,0.));
#5151 = PCURVE('',#5126,#5152);
#5152 = DEFINITIONAL_REPRESENTATION('',(#5153),#5157);
#5153 = LINE('',#5154,#5155);
#5154 = CARTESIAN_POINT('',(-0.,0.));
#5155 = VECTOR('',#5156,1.);
#5156 = DIRECTION('',(-0.,1.));
#5157 = ( GEOMETRIC_REPRESENTATION_CONTEXT(2) 
PARAMETRIC_REPRESENTATION_CONTEXT() REPRESENTATION_CONTEXT('2D SPACE',''
  ) );
#5158 = PCURVE('',#5126,#5159);
#5159 = DEFINITIONAL_REPRESENTATION('',(#5160),#5164);
#5160 = LINE('',#5161,#5162);
#5161 = CARTESIAN_POINT('',(-6.28318530718,0.));
#5162 = VECTOR('',#5163,1.);
#5163 = DIRECTION('',(-0.,1.));
#5164 = ( GEOMETRIC_REPRESENTATION_CONTEXT(2) 
PARAMETRIC_REPRESENTATION_CONTEXT() REPRESENTATION_CONTEXT('2D SPACE',''
  ) );
#5165 = ORIENTED_EDGE('',*,*,#5166,.F.);
#5166 = EDGE_CURVE('',#5144,#5144,#5167,.T.);
#5167 = SURFACE_CURVE('',#5168,(#5173,#5180),.PCURVE_S1.);
#5168 = CIRCLE('',#5169,18.744542780773);
#5169 = AXIS2_PLACEMENT_3D('',#5170,#5171,#5172);
#5170 = CARTESIAN_POINT('',(79.226540933981,0.,0.));
#5171 = DIRECTION('',(1.,0.,0.));
#5172 = DIRECTION('',(-0.,1.,0.));
#5173 = PCURVE('',#5126,#5174);
#5174 = DEFINITIONAL_REPRESENTATION('',(#5175),#5179);
#5175 = LINE('',#5176,#5177);
#5176 = CARTESIAN_POINT('',(-0.,5.534653415808E-03));
#5177 = VECTOR('',#5178,1.);
#5178 = DIRECTION('',(-1.,0.));
#5179 = ( GEOMETRIC_REPRESENTATION_CONTEXT(2) 
PARAMETRIC_REPRESENTATION_CONTEXT() REPRESENTATION_CONTEXT('2D SPACE',''
  ) );
#5180 = PCURVE('',#5181,#5186);
#5181 = CONICAL_SURFACE('',#5182,18.744542780773,1.542823989965);
#5182 = AXIS2_PLACEMENT_3D('',#5183,#5184,#5185);
#5183 = CARTESIAN_POINT('',(79.226540933981,0.,0.));
#5184 = DIRECTION('',(-1.,-0.,-0.));
#5185 = DIRECTION('',(0.,1.,0.));
#5186 = DEFINITIONAL_REPRESENTATION('',(#5187),#5191);
#5187 = LINE('',#5188,#5189);
#5188 = CARTESIAN_POINT('',(-0.,0.));
#5189 = VECTOR('',#5190,1.);
#5190 = DIRECTION('',(-1.,0.));
#5191 = ( GEOMETRIC_REPRESENTATION_CONTEXT(2) 
PARAMETRIC_REPRESENTATION_CONTEXT() REPRESENTATION_CONTEXT('2D SPACE',''
  ) );
#5192 = ORIENTED_EDGE('',*,*,#5143,.F.);
#5193 = ADVANCED_FACE('',(#5194),#5181,.T.);
#5194 = FACE_BOUND('',#5195,.F.);
#5195 = EDGE_LOOP('',(#5196,#5197,#5220,#5247));
#5196 = ORIENTED_EDGE('',*,*,#5166,.T.);
#5197 = ORIENTED_EDGE('',*,*,#5198,.T.);
#5198 = EDGE_CURVE('',#5144,#5199,#5201,.T.);
#5199 = VERTEX_POINT('',#5200);
#5200 = CARTESIAN_POINT('',(79.220961514181,18.943952810355,0.));
#5201 = SEAM_CURVE('',#5202,(#5206,#5213),.PCURVE_S1.);
#5202 = LINE('',#5203,#5204);
#5203 = CARTESIAN_POINT('',(79.226540933981,18.744542780773,0.));
#5204 = VECTOR('',#5205,1.);
#5205 = DIRECTION('',(-2.79686891389E-02,0.999608799695,0.));
#5206 = PCURVE('',#5181,#5207);
#5207 = DEFINITIONAL_REPRESENTATION('',(#5208),#5212);
#5208 = LINE('',#5209,#5210);
#5209 = CARTESIAN_POINT('',(-0.,0.));
#5210 = VECTOR('',#5211,1.);
#5211 = DIRECTION('',(-0.,1.));
#5212 = ( GEOMETRIC_REPRESENTATION_CONTEXT(2) 
PARAMETRIC_REPRESENTATION_CONTEXT() REPRESENTATION_CONTEXT('2D SPACE',''
  ) );
#5213 = PCURVE('',#5181,#5214);
#5214 = DEFINITIONAL_REPRESENTATION('',(#5215),#5219);
#5215 = LINE('',#5216,#5217);
#5216 = CARTESIAN_POINT('',(-6.28318530718,0.));
#5217 = VECTOR('',#5218,1.);
#5218 = DIRECTION('',(-0.,1.));
#5219 = ( GEOMETRIC_REPRESENTATION_CONTEXT(2) 
PARAMETRIC_REPRESENTATION_CONTEXT() REPRESENTATION_CONTEXT('2D SPACE',''
  ) );
#5220 = ORIENTED_EDGE('',*,*,#5221,.F.);
#5221 = EDGE_CURVE('',#5199,#5199,#5222,.T.);
#5222 = SURFACE_CURVE('',#5223,(#5228,#5235),.PCURVE_S1.);
#5223 = CIRCLE('',#5224,18.943952810355);
#5224 = AXIS2_PLACEMENT_3D('',#5225,#5226,#5227);
#5225 = CARTESIAN_POINT('',(79.220961514181,0.,0.));
#5226 = DIRECTION('',(1.,0.,0.));
#5227 = DIRECTION('',(-0.,1.,0.));
#5228 = PCURVE('',#5181,#5229);
#5229 = DEFINITIONAL_REPRESENTATION('',(#5230),#5234);
#5230 = LINE('',#5231,#5232);
#5231 = CARTESIAN_POINT('',(-0.,5.579419799304E-03));
#5232 = VECTOR('',#5233,1.);
#5233 = DIRECTION('',(-1.,0.));
#5234 = ( GEOMETRIC_REPRESENTATION_CONTEXT(2) 
PARAMETRIC_REPRESENTATION_CONTEXT() REPRESENTATION_CONTEXT('2D SPACE',''
  ) );
#5235 = PCURVE('',#5236,#5241);
#5236 = CONICAL_SURFACE('',#5237,18.943952810355,1.542601788672);
#5237 = AXIS2_PLACEMENT_3D('',#5238,#5239,#5240);
#5238 = CARTESIAN_POINT('',(79.220961514181,0.,0.));
#5239 = DIRECTION('',(-1.,-0.,-0.));
#5240 = DIRECTION('',(0.,1.,0.));
#5241 = DEFINITIONAL_REPRESENTATION('',(#5242),#5246);
#5242 = LINE('',#5243,#5244);
#5243 = CARTESIAN_POINT('',(-0.,0.));
#5244 = VECTOR('',#5245,1.);
#5245 = DIRECTION('',(-1.,0.));
#5246 = ( GEOMETRIC_REPRESENTATION_CONTEXT(2) 
PARAMETRIC_REPRESENTATION_CONTEXT() REPRESENTATION_CONTEXT('2D SPACE',''
  ) );
#5247 = ORIENTED_EDGE('',*,*,#5198,.F.);
#5248 = ADVANCED_FACE('',(#5249),#5236,.T.);
#5249 = FACE_BOUND('',#5250,.F.);
#5250 = EDGE_LOOP('',(#5251,#5252,#5275,#5302));
#5251 = ORIENTED_EDGE('',*,*,#5221,.T.);
#5252 = ORIENTED_EDGE('',*,*,#5253,.T.);
#5253 = EDGE_CURVE('',#5199,#5254,#5256,.T.);
#5254 = VERTEX_POINT('',#5255);
#5255 = CARTESIAN_POINT('',(79.215337750251,19.143362839938,0.));
#5256 = SEAM_CURVE('',#5257,(#5261,#5268),.PCURVE_S1.);
#5257 = LINE('',#5258,#5259);
#5258 = CARTESIAN_POINT('',(79.220961514181,18.943952810355,0.));
#5259 = VECTOR('',#5260,1.);
#5260 = DIRECTION('',(-2.819080281466E-02,0.999602560339,0.));
#5261 = PCURVE('',#5236,#5262);
#5262 = DEFINITIONAL_REPRESENTATION('',(#5263),#5267);
#5263 = LINE('',#5264,#5265);
#5264 = CARTESIAN_POINT('',(-0.,0.));
#5265 = VECTOR('',#5266,1.);
#5266 = DIRECTION('',(-0.,1.));
#5267 = ( GEOMETRIC_REPRESENTATION_CONTEXT(2) 
PARAMETRIC_REPRESENTATION_CONTEXT() REPRESENTATION_CONTEXT('2D SPACE',''
  ) );
#5268 = PCURVE('',#5236,#5269);
#5269 = DEFINITIONAL_REPRESENTATION('',(#5270),#5274);
#5270 = LINE('',#5271,#5272);
#5271 = CARTESIAN_POINT('',(-6.28318530718,0.));
#5272 = VECTOR('',#5273,1.);
#5273 = DIRECTION('',(-0.,1.));
#5274 = ( GEOMETRIC_REPRESENTATION_CONTEXT(2) 
PARAMETRIC_REPRESENTATION_CONTEXT() REPRESENTATION_CONTEXT('2D SPACE',''
  ) );
#5275 = ORIENTED_EDGE('',*,*,#5276,.F.);
#5276 = EDGE_CURVE('',#5254,#5254,#5277,.T.);
#5277 = SURFACE_CURVE('',#5278,(#5283,#5290),.PCURVE_S1.);
#5278 = CIRCLE('',#5279,19.143362839938);
#5279 = AXIS2_PLACEMENT_3D('',#5280,#5281,#5282);
#5280 = CARTESIAN_POINT('',(79.215337750251,0.,0.));
#5281 = DIRECTION('',(1.,0.,0.));
#5282 = DIRECTION('',(-0.,1.,0.));
#5283 = PCURVE('',#5236,#5284);
#5284 = DEFINITIONAL_REPRESENTATION('',(#5285),#5289);
#5285 = LINE('',#5286,#5287);
#5286 = CARTESIAN_POINT('',(-0.,5.62376393006E-03));
#5287 = VECTOR('',#5288,1.);
#5288 = DIRECTION('',(-1.,0.));
#5289 = ( GEOMETRIC_REPRESENTATION_CONTEXT(2) 
PARAMETRIC_REPRESENTATION_CONTEXT() REPRESENTATION_CONTEXT('2D SPACE',''
  ) );
#5290 = PCURVE('',#5291,#5296);
#5291 = CONICAL_SURFACE('',#5292,19.143362839938,1.542381718739);
#5292 = AXIS2_PLACEMENT_3D('',#5293,#5294,#5295);
#5293 = CARTESIAN_POINT('',(79.215337750251,0.,0.));
#5294 = DIRECTION('',(-1.,-0.,-0.));
#5295 = DIRECTION('',(0.,1.,0.));
#5296 = DEFINITIONAL_REPRESENTATION('',(#5297),#5301);
#5297 = LINE('',#5298,#5299);
#5298 = CARTESIAN_POINT('',(-0.,0.));
#5299 = VECTOR('',#5300,1.);
#5300 = DIRECTION('',(-1.,0.));
#5301 = ( GEOMETRIC_REPRESENTATION_CONTEXT(2) 
PARAMETRIC_REPRESENTATION_CONTEXT() REPRESENTATION_CONTEXT('2D SPACE',''
  ) );
#5302 = ORIENTED_EDGE('',*,*,#5253,.F.);
#5303 = ADVANCED_FACE('',(#5304),#5291,.T.);
#5304 = FACE_BOUND('',#5305,.F.);
#5305 = EDGE_LOOP('',(#5306,#5307,#5330,#5357));
#5306 = ORIENTED_EDGE('',*,*,#5276,.T.);
#5307 = ORIENTED_EDGE('',*,*,#5308,.T.);
#5308 = EDGE_CURVE('',#5254,#5309,#5311,.T.);
#5309 = VERTEX_POINT('',#5310);
#5310 = CARTESIAN_POINT('',(79.209670066993,19.342772869521,0.));
#5311 = SEAM_CURVE('',#5312,(#5316,#5323),.PCURVE_S1.);
#5312 = LINE('',#5313,#5314);
#5313 = CARTESIAN_POINT('',(79.215337750251,19.143362839938,0.));
#5314 = VECTOR('',#5315,1.);
#5315 = DIRECTION('',(-2.841078459905E-02,0.999596332185,0.));
#5316 = PCURVE('',#5291,#5317);
#5317 = DEFINITIONAL_REPRESENTATION('',(#5318),#5322);
#5318 = LINE('',#5319,#5320);
#5319 = CARTESIAN_POINT('',(-0.,0.));
#5320 = VECTOR('',#5321,1.);
#5321 = DIRECTION('',(-0.,1.));
#5322 = ( GEOMETRIC_REPRESENTATION_CONTEXT(2) 
PARAMETRIC_REPRESENTATION_CONTEXT() REPRESENTATION_CONTEXT('2D SPACE',''
  ) );
#5323 = PCURVE('',#5291,#5324);
#5324 = DEFINITIONAL_REPRESENTATION('',(#5325),#5329);
#5325 = LINE('',#5326,#5327);
#5326 = CARTESIAN_POINT('',(-6.28318530718,0.));
#5327 = VECTOR('',#5328,1.);
#5328 = DIRECTION('',(-0.,1.));
#5329 = ( GEOMETRIC_REPRESENTATION_CONTEXT(2) 
PARAMETRIC_REPRESENTATION_CONTEXT() REPRESENTATION_CONTEXT('2D SPACE',''
  ) );
#5330 = ORIENTED_EDGE('',*,*,#5331,.F.);
#5331 = EDGE_CURVE('',#5309,#5309,#5332,.T.);
#5332 = SURFACE_CURVE('',#5333,(#5338,#5345),.PCURVE_S1.);
#5333 = CIRCLE('',#5334,19.342772869521);
#5334 = AXIS2_PLACEMENT_3D('',#5335,#5336,#5337);
#5335 = CARTESIAN_POINT('',(79.209670066993,0.,0.));
#5336 = DIRECTION('',(1.,0.,0.));
#5337 = DIRECTION('',(-0.,1.,0.));
#5338 = PCURVE('',#5291,#5339);
#5339 = DEFINITIONAL_REPRESENTATION('',(#5340),#5344);
#5340 = LINE('',#5341,#5342);
#5341 = CARTESIAN_POINT('',(-0.,5.667683258679E-03));
#5342 = VECTOR('',#5343,1.);
#5343 = DIRECTION('',(-1.,0.));
#5344 = ( GEOMETRIC_REPRESENTATION_CONTEXT(2) 
PARAMETRIC_REPRESENTATION_CONTEXT() REPRESENTATION_CONTEXT('2D SPACE',''
  ) );
#5345 = PCURVE('',#5346,#5351);
#5346 = CONICAL_SURFACE('',#5347,19.342772869521,1.542163792615);
#5347 = AXIS2_PLACEMENT_3D('',#5348,#5349,#5350);
#5348 = CARTESIAN_POINT('',(79.209670066993,0.,0.));
#5349 = DIRECTION('',(-1.,-0.,-0.));
#5350 = DIRECTION('',(0.,1.,0.));
#5351 = DEFINITIONAL_REPRESENTATION('',(#5352),#5356);
#5352 = LINE('',#5353,#5354);
#5353 = CARTESIAN_POINT('',(-0.,0.));
#5354 = VECTOR('',#5355,1.);
#5355 = DIRECTION('',(-1.,0.));
#5356 = ( GEOMETRIC_REPRESENTATION_CONTEXT(2) 
PARAMETRIC_REPRESENTATION_CONTEXT() REPRESENTATION_CONTEXT('2D SPACE',''
  ) );
#5357 = ORIENTED_EDGE('',*,*,#5308,.F.);
#5358 = ADVANCED_FACE('',(#5359),#5346,.T.);
#5359 = FACE_BOUND('',#5360,.F.);
#5360 = EDGE_LOOP('',(#5361,#5362,#5385,#5412));
#5361 = ORIENTED_EDGE('',*,*,#5331,.T.);
#5362 = ORIENTED_EDGE('',*,*,#5363,.T.);
#5363 = EDGE_CURVE('',#5309,#5364,#5366,.T.);
#5364 = VERTEX_POINT('',#5365);
#5365 = CARTESIAN_POINT('',(79.203958891704,19.542182899103,0.));
#5366 = SEAM_CURVE('',#5367,(#5371,#5378),.PCURVE_S1.);
#5367 = LINE('',#5368,#5369);
#5368 = CARTESIAN_POINT('',(79.209670066993,19.342772869521,0.));
#5369 = VECTOR('',#5370,1.);
#5370 = DIRECTION('',(-2.862862207708E-02,0.999590116997,0.));
#5371 = PCURVE('',#5346,#5372);
#5372 = DEFINITIONAL_REPRESENTATION('',(#5373),#5377);
#5373 = LINE('',#5374,#5375);
#5374 = CARTESIAN_POINT('',(-0.,0.));
#5375 = VECTOR('',#5376,1.);
#5376 = DIRECTION('',(-0.,1.));
#5377 = ( GEOMETRIC_REPRESENTATION_CONTEXT(2) 
PARAMETRIC_REPRESENTATION_CONTEXT() REPRESENTATION_CONTEXT('2D SPACE',''
  ) );
#5378 = PCURVE('',#5346,#5379);
#5379 = DEFINITIONAL_REPRESENTATION('',(#5380),#5384);
#5380 = LINE('',#5381,#5382);
#5381 = CARTESIAN_POINT('',(-6.28318530718,0.));
#5382 = VECTOR('',#5383,1.);
#5383 = DIRECTION('',(-0.,1.));
#5384 = ( GEOMETRIC_REPRESENTATION_CONTEXT(2) 
PARAMETRIC_REPRESENTATION_CONTEXT() REPRESENTATION_CONTEXT('2D SPACE',''
  ) );
#5385 = ORIENTED_EDGE('',*,*,#5386,.F.);
#5386 = EDGE_CURVE('',#5364,#5364,#5387,.T.);
#5387 = SURFACE_CURVE('',#5388,(#5393,#5400),.PCURVE_S1.);
#5388 = CIRCLE('',#5389,19.542182899103);
#5389 = AXIS2_PLACEMENT_3D('',#5390,#5391,#5392);
#5390 = CARTESIAN_POINT('',(79.203958891704,0.,0.));
#5391 = DIRECTION('',(1.,0.,0.));
#5392 = DIRECTION('',(-0.,1.,0.));
#5393 = PCURVE('',#5346,#5394);
#5394 = DEFINITIONAL_REPRESENTATION('',(#5395),#5399);
#5395 = LINE('',#5396,#5397);
#5396 = CARTESIAN_POINT('',(-0.,5.71117528898E-03));
#5397 = VECTOR('',#5398,1.);
#5398 = DIRECTION('',(-1.,0.));
#5399 = ( GEOMETRIC_REPRESENTATION_CONTEXT(2) 
PARAMETRIC_REPRESENTATION_CONTEXT() REPRESENTATION_CONTEXT('2D SPACE',''
  ) );
#5400 = PCURVE('',#5401,#5406);
#5401 = CONICAL_SURFACE('',#5402,19.542182899103,1.54194802248);
#5402 = AXIS2_PLACEMENT_3D('',#5403,#5404,#5405);
#5403 = CARTESIAN_POINT('',(79.203958891704,0.,0.));
#5404 = DIRECTION('',(-1.,-0.,-0.));
#5405 = DIRECTION('',(0.,1.,0.));
#5406 = DEFINITIONAL_REPRESENTATION('',(#5407),#5411);
#5407 = LINE('',#5408,#5409);
#5408 = CARTESIAN_POINT('',(-0.,0.));
#5409 = VECTOR('',#5410,1.);
#5410 = DIRECTION('',(-1.,0.));
#5411 = ( GEOMETRIC_REPRESENTATION_CONTEXT(2) 
PARAMETRIC_REPRESENTATION_CONTEXT() REPRESENTATION_CONTEXT('2D SPACE',''
  ) );
#5412 = ORIENTED_EDGE('',*,*,#5363,.F.);
#5413 = ADVANCED_FACE('',(#5414),#5401,.T.);
#5414 = FACE_BOUND('',#5415,.F.);
#5415 = EDGE_LOOP('',(#5416,#5417,#5440,#5467));
#5416 = ORIENTED_EDGE('',*,*,#5386,.T.);
#5417 = ORIENTED_EDGE('',*,*,#5418,.T.);
#5418 = EDGE_CURVE('',#5364,#5419,#5421,.T.);
#5419 = VERTEX_POINT('',#5420);
#5420 = CARTESIAN_POINT('',(79.198204654125,19.741592928686,0.));
#5421 = SEAM_CURVE('',#5422,(#5426,#5433),.PCURVE_S1.);
#5422 = LINE('',#5423,#5424);
#5423 = CARTESIAN_POINT('',(79.203958891704,19.542182899103,0.));
#5424 = VECTOR('',#5425,1.);
#5425 = DIRECTION('',(-2.884430310341E-02,0.999583916527,0.));
#5426 = PCURVE('',#5401,#5427);
#5427 = DEFINITIONAL_REPRESENTATION('',(#5428),#5432);
#5428 = LINE('',#5429,#5430);
#5429 = CARTESIAN_POINT('',(-0.,0.));
#5430 = VECTOR('',#5431,1.);
#5431 = DIRECTION('',(-0.,1.));
#5432 = ( GEOMETRIC_REPRESENTATION_CONTEXT(2) 
PARAMETRIC_REPRESENTATION_CONTEXT() REPRESENTATION_CONTEXT('2D SPACE',''
  ) );
#5433 = PCURVE('',#5401,#5434);
#5434 = DEFINITIONAL_REPRESENTATION('',(#5435),#5439);
#5435 = LINE('',#5436,#5437);
#5436 = CARTESIAN_POINT('',(-6.28318530718,0.));
#5437 = VECTOR('',#5438,1.);
#5438 = DIRECTION('',(-0.,1.));
#5439 = ( GEOMETRIC_REPRESENTATION_CONTEXT(2) 
PARAMETRIC_REPRESENTATION_CONTEXT() REPRESENTATION_CONTEXT('2D SPACE',''
  ) );
#5440 = ORIENTED_EDGE('',*,*,#5441,.F.);
#5441 = EDGE_CURVE('',#5419,#5419,#5442,.T.);
#5442 = SURFACE_CURVE('',#5443,(#5448,#5455),.PCURVE_S1.);
#5443 = CIRCLE('',#5444,19.741592928686);
#5444 = AXIS2_PLACEMENT_3D('',#5445,#5446,#5447);
#5445 = CARTESIAN_POINT('',(79.198204654125,0.,0.));
#5446 = DIRECTION('',(1.,0.,0.));
#5447 = DIRECTION('',(-0.,1.,0.));
#5448 = PCURVE('',#5401,#5449);
#5449 = DEFINITIONAL_REPRESENTATION('',(#5450),#5454);
#5450 = LINE('',#5451,#5452);
#5451 = CARTESIAN_POINT('',(-0.,5.754237578302E-03));
#5452 = VECTOR('',#5453,1.);
#5453 = DIRECTION('',(-1.,0.));
#5454 = ( GEOMETRIC_REPRESENTATION_CONTEXT(2) 
PARAMETRIC_REPRESENTATION_CONTEXT() REPRESENTATION_CONTEXT('2D SPACE',''
  ) );
#5455 = PCURVE('',#5456,#5461);
#5456 = CONICAL_SURFACE('',#5457,19.741592928686,1.541734420244);
#5457 = AXIS2_PLACEMENT_3D('',#5458,#5459,#5460);
#5458 = CARTESIAN_POINT('',(79.198204654125,0.,0.));
#5459 = DIRECTION('',(-1.,-0.,-0.));
#5460 = DIRECTION('',(0.,1.,0.));
#5461 = DEFINITIONAL_REPRESENTATION('',(#5462),#5466);
#5462 = LINE('',#5463,#5464);
#5463 = CARTESIAN_POINT('',(-0.,0.));
#5464 = VECTOR('',#5465,1.);
#5465 = DIRECTION('',(-1.,0.));
#5466 = ( GEOMETRIC_REPRESENTATION_CONTEXT(2) 
PARAMETRIC_REPRESENTATION_CONTEXT() REPRESENTATION_CONTEXT('2D SPACE',''
  ) );
#5467 = ORIENTED_EDGE('',*,*,#5418,.F.);
#5468 = ADVANCED_FACE('',(#5469),#5456,.T.);
#5469 = FACE_BOUND('',#5470,.F.);
#5470 = EDGE_LOOP('',(#5471,#5472,#5495,#5522));
#5471 = ORIENTED_EDGE('',*,*,#5441,.T.);
#5472 = ORIENTED_EDGE('',*,*,#5473,.T.);
#5473 = EDGE_CURVE('',#5419,#5474,#5476,.T.);
#5474 = VERTEX_POINT('',#5475);
#5475 = CARTESIAN_POINT('',(79.192407786388,19.941002958269,0.));
#5476 = SEAM_CURVE('',#5477,(#5481,#5488),.PCURVE_S1.);
#5477 = LINE('',#5478,#5479);
#5478 = CARTESIAN_POINT('',(79.198204654125,19.741592928686,0.));
#5479 = VECTOR('',#5480,1.);
#5480 = DIRECTION('',(-2.905781580329E-02,0.999577732515,0.));
#5481 = PCURVE('',#5456,#5482);
#5482 = DEFINITIONAL_REPRESENTATION('',(#5483),#5487);
#5483 = LINE('',#5484,#5485);
#5484 = CARTESIAN_POINT('',(-0.,0.));
#5485 = VECTOR('',#5486,1.);
#5486 = DIRECTION('',(-0.,1.));
#5487 = ( GEOMETRIC_REPRESENTATION_CONTEXT(2) 
PARAMETRIC_REPRESENTATION_CONTEXT() REPRESENTATION_CONTEXT('2D SPACE',''
  ) );
#5488 = PCURVE('',#5456,#5489);
#5489 = DEFINITIONAL_REPRESENTATION('',(#5490),#5494);
#5490 = LINE('',#5491,#5492);
#5491 = CARTESIAN_POINT('',(-6.28318530718,0.));
#5492 = VECTOR('',#5493,1.);
#5493 = DIRECTION('',(-0.,1.));
#5494 = ( GEOMETRIC_REPRESENTATION_CONTEXT(2) 
PARAMETRIC_REPRESENTATION_CONTEXT() REPRESENTATION_CONTEXT('2D SPACE',''
  ) );
#5495 = ORIENTED_EDGE('',*,*,#5496,.F.);
#5496 = EDGE_CURVE('',#5474,#5474,#5497,.T.);
#5497 = SURFACE_CURVE('',#5498,(#5503,#5510),.PCURVE_S1.);
#5498 = CIRCLE('',#5499,19.941002958269);
#5499 = AXIS2_PLACEMENT_3D('',#5500,#5501,#5502);
#5500 = CARTESIAN_POINT('',(79.192407786388,0.,0.));
#5501 = DIRECTION('',(1.,0.,0.));
#5502 = DIRECTION('',(-0.,1.,0.));
#5503 = PCURVE('',#5456,#5504);
#5504 = DEFINITIONAL_REPRESENTATION('',(#5505),#5509);
#5505 = LINE('',#5506,#5507);
#5506 = CARTESIAN_POINT('',(-0.,5.7968677377E-03));
#5507 = VECTOR('',#5508,1.);
#5508 = DIRECTION('',(-1.,0.));
#5509 = ( GEOMETRIC_REPRESENTATION_CONTEXT(2) 
PARAMETRIC_REPRESENTATION_CONTEXT() REPRESENTATION_CONTEXT('2D SPACE',''
  ) );
#5510 = PCURVE('',#5511,#5516);
#5511 = CONICAL_SURFACE('',#5512,19.941002958269,1.541522997546);
#5512 = AXIS2_PLACEMENT_3D('',#5513,#5514,#5515);
#5513 = CARTESIAN_POINT('',(79.192407786388,0.,0.));
#5514 = DIRECTION('',(-1.,-0.,-0.));
#5515 = DIRECTION('',(0.,1.,0.));
#5516 = DEFINITIONAL_REPRESENTATION('',(#5517),#5521);
#5517 = LINE('',#5518,#5519);
#5518 = CARTESIAN_POINT('',(-0.,0.));
#5519 = VECTOR('',#5520,1.);
#5520 = DIRECTION('',(-1.,0.));
#5521 = ( GEOMETRIC_REPRESENTATION_CONTEXT(2) 
PARAMETRIC_REPRESENTATION_CONTEXT() REPRESENTATION_CONTEXT('2D SPACE',''
  ) );
#5522 = ORIENTED_EDGE('',*,*,#5473,.F.);
#5523 = ADVANCED_FACE('',(#5524),#5511,.T.);
#5524 = FACE_BOUND('',#5525,.F.);
#5525 = EDGE_LOOP('',(#5526,#5527,#5550,#5577));
#5526 = ORIENTED_EDGE('',*,*,#5496,.T.);
#5527 = ORIENTED_EDGE('',*,*,#5528,.T.);
#5528 = EDGE_CURVE('',#5474,#5529,#5531,.T.);
#5529 = VERTEX_POINT('',#5530);
#5530 = CARTESIAN_POINT('',(79.186568722956,20.140412987851,0.));
#5531 = SEAM_CURVE('',#5532,(#5536,#5543),.PCURVE_S1.);
#5532 = LINE('',#5533,#5534);
#5533 = CARTESIAN_POINT('',(79.192407786388,19.941002958269,0.));
#5534 = VECTOR('',#5535,1.);
#5535 = DIRECTION('',(-2.926914857304E-02,0.999571566693,0.));
#5536 = PCURVE('',#5511,#5537);
#5537 = DEFINITIONAL_REPRESENTATION('',(#5538),#5542);
#5538 = LINE('',#5539,#5540);
#5539 = CARTESIAN_POINT('',(-0.,0.));
#5540 = VECTOR('',#5541,1.);
#5541 = DIRECTION('',(-0.,1.));
#5542 = ( GEOMETRIC_REPRESENTATION_CONTEXT(2) 
PARAMETRIC_REPRESENTATION_CONTEXT() REPRESENTATION_CONTEXT('2D SPACE',''
  ) );
#5543 = PCURVE('',#5511,#5544);
#5544 = DEFINITIONAL_REPRESENTATION('',(#5545),#5549);
#5545 = LINE('',#5546,#5547);
#5546 = CARTESIAN_POINT('',(-6.28318530718,0.));
#5547 = VECTOR('',#5548,1.);
#5548 = DIRECTION('',(-0.,1.));
#5549 = ( GEOMETRIC_REPRESENTATION_CONTEXT(2) 
PARAMETRIC_REPRESENTATION_CONTEXT() REPRESENTATION_CONTEXT('2D SPACE',''
  ) );
#5550 = ORIENTED_EDGE('',*,*,#5551,.F.);
#5551 = EDGE_CURVE('',#5529,#5529,#5552,.T.);
#5552 = SURFACE_CURVE('',#5553,(#5558,#5565),.PCURVE_S1.);
#5553 = CIRCLE('',#5554,20.140412987851);
#5554 = AXIS2_PLACEMENT_3D('',#5555,#5556,#5557);
#5555 = CARTESIAN_POINT('',(79.186568722956,0.,0.));
#5556 = DIRECTION('',(1.,0.,0.));
#5557 = DIRECTION('',(-0.,1.,0.));
#5558 = PCURVE('',#5511,#5559);
#5559 = DEFINITIONAL_REPRESENTATION('',(#5560),#5564);
#5560 = LINE('',#5561,#5562);
#5561 = CARTESIAN_POINT('',(-0.,5.839063432063E-03));
#5562 = VECTOR('',#5563,1.);
#5563 = DIRECTION('',(-1.,0.));
#5564 = ( GEOMETRIC_REPRESENTATION_CONTEXT(2) 
PARAMETRIC_REPRESENTATION_CONTEXT() REPRESENTATION_CONTEXT('2D SPACE',''
  ) );
#5565 = PCURVE('',#5566,#5571);
#5566 = CONICAL_SURFACE('',#5567,20.140412987851,1.541313765754);
#5567 = AXIS2_PLACEMENT_3D('',#5568,#5569,#5570);
#5568 = CARTESIAN_POINT('',(79.186568722956,0.,0.));
#5569 = DIRECTION('',(-1.,-0.,-0.));
#5570 = DIRECTION('',(0.,1.,0.));
#5571 = DEFINITIONAL_REPRESENTATION('',(#5572),#5576);
#5572 = LINE('',#5573,#5574);
#5573 = CARTESIAN_POINT('',(-0.,0.));
#5574 = VECTOR('',#5575,1.);
#5575 = DIRECTION('',(-1.,0.));
#5576 = ( GEOMETRIC_REPRESENTATION_CONTEXT(2) 
PARAMETRIC_REPRESENTATION_CONTEXT() REPRESENTATION_CONTEXT('2D SPACE',''
  ) );
#5577 = ORIENTED_EDGE('',*,*,#5528,.F.);
#5578 = ADVANCED_FACE('',(#5579),#5566,.T.);
#5579 = FACE_BOUND('',#5580,.F.);
#5580 = EDGE_LOOP('',(#5581,#5582,#5605,#5632));
#5581 = ORIENTED_EDGE('',*,*,#5551,.T.);
#5582 = ORIENTED_EDGE('',*,*,#5583,.T.);
#5583 = EDGE_CURVE('',#5529,#5584,#5586,.T.);
#5584 = VERTEX_POINT('',#5585);
#5585 = CARTESIAN_POINT('',(79.180687900575,20.339823017434,0.));
#5586 = SEAM_CURVE('',#5587,(#5591,#5598),.PCURVE_S1.);
#5587 = LINE('',#5588,#5589);
#5588 = CARTESIAN_POINT('',(79.186568722956,20.140412987851,0.));
#5589 = VECTOR('',#5590,1.);
#5590 = DIRECTION('',(-2.947829008144E-02,0.999565420777,0.));
#5591 = PCURVE('',#5566,#5592);
#5592 = DEFINITIONAL_REPRESENTATION('',(#5593),#5597);
#5593 = LINE('',#5594,#5595);
#5594 = CARTESIAN_POINT('',(-0.,0.));
#5595 = VECTOR('',#5596,1.);
#5596 = DIRECTION('',(-0.,1.));
#5597 = ( GEOMETRIC_REPRESENTATION_CONTEXT(2) 
PARAMETRIC_REPRESENTATION_CONTEXT() REPRESENTATION_CONTEXT('2D SPACE',''
  ) );
#5598 = PCURVE('',#5566,#5599);
#5599 = DEFINITIONAL_REPRESENTATION('',(#5600),#5604);
#5600 = LINE('',#5601,#5602);
#5601 = CARTESIAN_POINT('',(-6.28318530718,0.));
#5602 = VECTOR('',#5603,1.);
#5603 = DIRECTION('',(-0.,1.));
#5604 = ( GEOMETRIC_REPRESENTATION_CONTEXT(2) 
PARAMETRIC_REPRESENTATION_CONTEXT() REPRESENTATION_CONTEXT('2D SPACE',''
  ) );
#5605 = ORIENTED_EDGE('',*,*,#5606,.F.);
#5606 = EDGE_CURVE('',#5584,#5584,#5607,.T.);
#5607 = SURFACE_CURVE('',#5608,(#5613,#5620),.PCURVE_S1.);
#5608 = CIRCLE('',#5609,20.339823017434);
#5609 = AXIS2_PLACEMENT_3D('',#5610,#5611,#5612);
#5610 = CARTESIAN_POINT('',(79.180687900575,0.,0.));
#5611 = DIRECTION('',(1.,0.,0.));
#5612 = DIRECTION('',(-0.,1.,0.));
#5613 = PCURVE('',#5566,#5614);
#5614 = DEFINITIONAL_REPRESENTATION('',(#5615),#5619);
#5615 = LINE('',#5616,#5617);
#5616 = CARTESIAN_POINT('',(-0.,5.880822380405E-03));
#5617 = VECTOR('',#5618,1.);
#5618 = DIRECTION('',(-1.,0.));
#5619 = ( GEOMETRIC_REPRESENTATION_CONTEXT(2) 
PARAMETRIC_REPRESENTATION_CONTEXT() REPRESENTATION_CONTEXT('2D SPACE',''
  ) );
#5620 = PCURVE('',#5621,#5626);
#5621 = CONICAL_SURFACE('',#5622,20.339823017434,1.541106735961);
#5622 = AXIS2_PLACEMENT_3D('',#5623,#5624,#5625);
#5623 = CARTESIAN_POINT('',(79.180687900575,0.,0.));
#5624 = DIRECTION('',(-1.,-0.,-0.));
#5625 = DIRECTION('',(0.,1.,0.));
#5626 = DEFINITIONAL_REPRESENTATION('',(#5627),#5631);
#5627 = LINE('',#5628,#5629);
#5628 = CARTESIAN_POINT('',(-0.,0.));
#5629 = VECTOR('',#5630,1.);
#5630 = DIRECTION('',(-1.,0.));
#5631 = ( GEOMETRIC_REPRESENTATION_CONTEXT(2) 
PARAMETRIC_REPRESENTATION_CONTEXT() REPRESENTATION_CONTEXT('2D SPACE',''
  ) );
#5632 = ORIENTED_EDGE('',*,*,#5583,.F.);
#5633 = ADVANCED_FACE('',(#5634),#5621,.T.);
#5634 = FACE_BOUND('',#5635,.F.);
#5635 = EDGE_LOOP('',(#5636,#5637,#5660,#5687));
#5636 = ORIENTED_EDGE('',*,*,#5606,.T.);
#5637 = ORIENTED_EDGE('',*,*,#5638,.T.);
#5638 = EDGE_CURVE('',#5584,#5639,#5641,.T.);
#5639 = VERTEX_POINT('',#5640);
#5640 = CARTESIAN_POINT('',(79.174765758219,20.539233047017,0.));
#5641 = SEAM_CURVE('',#5642,(#5646,#5653),.PCURVE_S1.);
#5642 = LINE('',#5643,#5644);
#5643 = CARTESIAN_POINT('',(79.180687900575,20.339823017434,0.));
#5644 = VECTOR('',#5645,1.);
#5645 = DIRECTION('',(-2.968522926985E-02,0.999559296472,0.));
#5646 = PCURVE('',#5621,#5647);
#5647 = DEFINITIONAL_REPRESENTATION('',(#5648),#5652);
#5648 = LINE('',#5649,#5650);
#5649 = CARTESIAN_POINT('',(-0.,0.));
#5650 = VECTOR('',#5651,1.);
#5651 = DIRECTION('',(-0.,1.));
#5652 = ( GEOMETRIC_REPRESENTATION_CONTEXT(2) 
PARAMETRIC_REPRESENTATION_CONTEXT() REPRESENTATION_CONTEXT('2D SPACE',''
  ) );
#5653 = PCURVE('',#5621,#5654);
#5654 = DEFINITIONAL_REPRESENTATION('',(#5655),#5659);
#5655 = LINE('',#5656,#5657);
#5656 = CARTESIAN_POINT('',(-6.28318530718,0.));
#5657 = VECTOR('',#5658,1.);
#5658 = DIRECTION('',(-0.,1.));
#5659 = ( GEOMETRIC_REPRESENTATION_CONTEXT(2) 
PARAMETRIC_REPRESENTATION_CONTEXT() REPRESENTATION_CONTEXT('2D SPACE',''
  ) );
#5660 = ORIENTED_EDGE('',*,*,#5661,.F.);
#5661 = EDGE_CURVE('',#5639,#5639,#5662,.T.);
#5662 = SURFACE_CURVE('',#5663,(#5668,#5675),.PCURVE_S1.);
#5663 = CIRCLE('',#5664,20.539233047017);
#5664 = AXIS2_PLACEMENT_3D('',#5665,#5666,#5667);
#5665 = CARTESIAN_POINT('',(79.174765758219,0.,0.));
#5666 = DIRECTION('',(1.,0.,0.));
#5667 = DIRECTION('',(-0.,1.,0.));
#5668 = PCURVE('',#5621,#5669);
#5669 = DEFINITIONAL_REPRESENTATION('',(#5670),#5674);
#5670 = LINE('',#5671,#5672);
#5671 = CARTESIAN_POINT('',(-0.,5.922142355899E-03));
#5672 = VECTOR('',#5673,1.);
#5673 = DIRECTION('',(-1.,0.));
#5674 = ( GEOMETRIC_REPRESENTATION_CONTEXT(2) 
PARAMETRIC_REPRESENTATION_CONTEXT() REPRESENTATION_CONTEXT('2D SPACE',''
  ) );
#5675 = PCURVE('',#5676,#5681);
#5676 = CONICAL_SURFACE('',#5677,20.539233047017,1.54090191899);
#5677 = AXIS2_PLACEMENT_3D('',#5678,#5679,#5680);
#5678 = CARTESIAN_POINT('',(79.174765758219,0.,0.));
#5679 = DIRECTION('',(-1.,-0.,-0.));
#5680 = DIRECTION('',(0.,1.,0.));
#5681 = DEFINITIONAL_REPRESENTATION('',(#5682),#5686);
#5682 = LINE('',#5683,#5684);
#5683 = CARTESIAN_POINT('',(-0.,0.));
#5684 = VECTOR('',#5685,1.);
#5685 = DIRECTION('',(-1.,0.));
#5686 = ( GEOMETRIC_REPRESENTATION_CONTEXT(2) 
PARAMETRIC_REPRESENTATION_CONTEXT() REPRESENTATION_CONTEXT('2D SPACE',''
  ) );
#5687 = ORIENTED_EDGE('',*,*,#5638,.F.);
#5688 = ADVANCED_FACE('',(#5689),#5676,.T.);
#5689 = FACE_BOUND('',#5690,.F.);
#5690 = EDGE_LOOP('',(#5691,#5692,#5715,#5742));
#5691 = ORIENTED_EDGE('',*,*,#5661,.T.);
#5692 = ORIENTED_EDGE('',*,*,#5693,.T.);
#5693 = EDGE_CURVE('',#5639,#5694,#5696,.T.);
#5694 = VERTEX_POINT('',#5695);
#5695 = CARTESIAN_POINT('',(79.168802737033,20.7386430766,0.));
#5696 = SEAM_CURVE('',#5697,(#5701,#5708),.PCURVE_S1.);
#5697 = LINE('',#5698,#5699);
#5698 = CARTESIAN_POINT('',(79.174765758219,20.539233047017,0.));
#5699 = VECTOR('',#5700,1.);
#5700 = DIRECTION('',(-2.988995535329E-02,0.999553195467,0.));
#5701 = PCURVE('',#5676,#5702);
#5702 = DEFINITIONAL_REPRESENTATION('',(#5703),#5707);
#5703 = LINE('',#5704,#5705);
#5704 = CARTESIAN_POINT('',(-0.,0.));
#5705 = VECTOR('',#5706,1.);
#5706 = DIRECTION('',(-0.,1.));
#5707 = ( GEOMETRIC_REPRESENTATION_CONTEXT(2) 
PARAMETRIC_REPRESENTATION_CONTEXT() REPRESENTATION_CONTEXT('2D SPACE',''
  ) );
#5708 = PCURVE('',#5676,#5709);
#5709 = DEFINITIONAL_REPRESENTATION('',(#5710),#5714);
#5710 = LINE('',#5711,#5712);
#5711 = CARTESIAN_POINT('',(-6.28318530718,0.));
#5712 = VECTOR('',#5713,1.);
#5713 = DIRECTION('',(-0.,1.));
#5714 = ( GEOMETRIC_REPRESENTATION_CONTEXT(2) 
PARAMETRIC_REPRESENTATION_CONTEXT() REPRESENTATION_CONTEXT('2D SPACE',''
  ) );
#5715 = ORIENTED_EDGE('',*,*,#5716,.F.);
#5716 = EDGE_CURVE('',#5694,#5694,#5717,.T.);
#5717 = SURFACE_CURVE('',#5718,(#5723,#5730),.PCURVE_S1.);
#5718 = CIRCLE('',#5719,20.7386430766);
#5719 = AXIS2_PLACEMENT_3D('',#5720,#5721,#5722);
#5720 = CARTESIAN_POINT('',(79.168802737033,0.,0.));
#5721 = DIRECTION('',(1.,0.,0.));
#5722 = DIRECTION('',(-0.,1.,0.));
#5723 = PCURVE('',#5676,#5724);
#5724 = DEFINITIONAL_REPRESENTATION('',(#5725),#5729);
#5725 = LINE('',#5726,#5727);
#5726 = CARTESIAN_POINT('',(-0.,5.963021186119E-03));
#5727 = VECTOR('',#5728,1.);
#5728 = DIRECTION('',(-1.,0.));
#5729 = ( GEOMETRIC_REPRESENTATION_CONTEXT(2) 
PARAMETRIC_REPRESENTATION_CONTEXT() REPRESENTATION_CONTEXT('2D SPACE',''
  ) );
#5730 = PCURVE('',#5731,#5736);
#5731 = CONICAL_SURFACE('',#5732,20.7386430766,1.540699325388);
#5732 = AXIS2_PLACEMENT_3D('',#5733,#5734,#5735);
#5733 = CARTESIAN_POINT('',(79.168802737033,0.,0.));
#5734 = DIRECTION('',(-1.,-0.,-0.));
#5735 = DIRECTION('',(0.,1.,0.));
#5736 = DEFINITIONAL_REPRESENTATION('',(#5737),#5741);
#5737 = LINE('',#5738,#5739);
#5738 = CARTESIAN_POINT('',(-0.,0.));
#5739 = VECTOR('',#5740,1.);
#5740 = DIRECTION('',(-1.,0.));
#5741 = ( GEOMETRIC_REPRESENTATION_CONTEXT(2) 
PARAMETRIC_REPRESENTATION_CONTEXT() REPRESENTATION_CONTEXT('2D SPACE',''
  ) );
#5742 = ORIENTED_EDGE('',*,*,#5693,.F.);
#5743 = ADVANCED_FACE('',(#5744),#5731,.T.);
#5744 = FACE_BOUND('',#5745,.F.);
#5745 = EDGE_LOOP('',(#5746,#5747,#5770,#5797));
#5746 = ORIENTED_EDGE('',*,*,#5716,.T.);
#5747 = ORIENTED_EDGE('',*,*,#5748,.T.);
#5748 = EDGE_CURVE('',#5694,#5749,#5751,.T.);
#5749 = VERTEX_POINT('',#5750);
#5750 = CARTESIAN_POINT('',(79.16279928028,20.938053106182,0.));
#5751 = SEAM_CURVE('',#5752,(#5756,#5763),.PCURVE_S1.);
#5752 = LINE('',#5753,#5754);
#5753 = CARTESIAN_POINT('',(79.168802737033,20.7386430766,0.));
#5754 = VECTOR('',#5755,1.);
#5755 = DIRECTION('',(-3.009245782084E-02,0.999547119441,0.));
#5756 = PCURVE('',#5731,#5757);
#5757 = DEFINITIONAL_REPRESENTATION('',(#5758),#5762);
#5758 = LINE('',#5759,#5760);
#5759 = CARTESIAN_POINT('',(-0.,0.));
#5760 = VECTOR('',#5761,1.);
#5761 = DIRECTION('',(-0.,1.));
#5762 = ( GEOMETRIC_REPRESENTATION_CONTEXT(2) 
PARAMETRIC_REPRESENTATION_CONTEXT() REPRESENTATION_CONTEXT('2D SPACE',''
  ) );
#5763 = PCURVE('',#5731,#5764);
#5764 = DEFINITIONAL_REPRESENTATION('',(#5765),#5769);
#5765 = LINE('',#5766,#5767);
#5766 = CARTESIAN_POINT('',(-6.28318530718,0.));
#5767 = VECTOR('',#5768,1.);
#5768 = DIRECTION('',(-0.,1.));
#5769 = ( GEOMETRIC_REPRESENTATION_CONTEXT(2) 
PARAMETRIC_REPRESENTATION_CONTEXT() REPRESENTATION_CONTEXT('2D SPACE',''
  ) );
#5770 = ORIENTED_EDGE('',*,*,#5771,.F.);
#5771 = EDGE_CURVE('',#5749,#5749,#5772,.T.);
#5772 = SURFACE_CURVE('',#5773,(#5778,#5785),.PCURVE_S1.);
#5773 = CIRCLE('',#5774,20.938053106182);
#5774 = AXIS2_PLACEMENT_3D('',#5775,#5776,#5777);
#5775 = CARTESIAN_POINT('',(79.16279928028,0.,0.));
#5776 = DIRECTION('',(1.,0.,0.));
#5777 = DIRECTION('',(-0.,1.,0.));
#5778 = PCURVE('',#5731,#5779);
#5779 = DEFINITIONAL_REPRESENTATION('',(#5780),#5784);
#5780 = LINE('',#5781,#5782);
#5781 = CARTESIAN_POINT('',(-0.,6.00345675312E-03));
#5782 = VECTOR('',#5783,1.);
#5783 = DIRECTION('',(-1.,0.));
#5784 = ( GEOMETRIC_REPRESENTATION_CONTEXT(2) 
PARAMETRIC_REPRESENTATION_CONTEXT() REPRESENTATION_CONTEXT('2D SPACE',''
  ) );
#5785 = PCURVE('',#5786,#5791);
#5786 = CONICAL_SURFACE('',#5787,20.938053106182,1.540498965427);
#5787 = AXIS2_PLACEMENT_3D('',#5788,#5789,#5790);
#5788 = CARTESIAN_POINT('',(79.16279928028,0.,0.));
#5789 = DIRECTION('',(-1.,-0.,-0.));
#5790 = DIRECTION('',(0.,1.,0.));
#5791 = DEFINITIONAL_REPRESENTATION('',(#5792),#5796);
#5792 = LINE('',#5793,#5794);
#5793 = CARTESIAN_POINT('',(-0.,0.));
#5794 = VECTOR('',#5795,1.);
#5795 = DIRECTION('',(-1.,0.));
#5796 = ( GEOMETRIC_REPRESENTATION_CONTEXT(2) 
PARAMETRIC_REPRESENTATION_CONTEXT() REPRESENTATION_CONTEXT('2D SPACE',''
  ) );
#5797 = ORIENTED_EDGE('',*,*,#5748,.F.);
#5798 = ADVANCED_FACE('',(#5799),#5786,.T.);
#5799 = FACE_BOUND('',#5800,.F.);
#5800 = EDGE_LOOP('',(#5801,#5802,#5825,#5852));
#5801 = ORIENTED_EDGE('',*,*,#5771,.T.);
#5802 = ORIENTED_EDGE('',*,*,#5803,.T.);
#5803 = EDGE_CURVE('',#5749,#5804,#5806,.T.);
#5804 = VERTEX_POINT('',#5805);
#5805 = CARTESIAN_POINT('',(79.156755833286,21.137463135765,0.));
#5806 = SEAM_CURVE('',#5807,(#5811,#5818),.PCURVE_S1.);
#5807 = LINE('',#5808,#5809);
#5808 = CARTESIAN_POINT('',(79.16279928028,20.938053106182,0.));
#5809 = VECTOR('',#5810,1.);
#5810 = DIRECTION('',(-3.029272643693E-02,0.999541070054,0.));
#5811 = PCURVE('',#5786,#5812);
#5812 = DEFINITIONAL_REPRESENTATION('',(#5813),#5817);
#5813 = LINE('',#5814,#5815);
#5814 = CARTESIAN_POINT('',(-0.,0.));
#5815 = VECTOR('',#5816,1.);
#5816 = DIRECTION('',(-0.,1.));
#5817 = ( GEOMETRIC_REPRESENTATION_CONTEXT(2) 
PARAMETRIC_REPRESENTATION_CONTEXT() REPRESENTATION_CONTEXT('2D SPACE',''
  ) );
#5818 = PCURVE('',#5786,#5819);
#5819 = DEFINITIONAL_REPRESENTATION('',(#5820),#5824);
#5820 = LINE('',#5821,#5822);
#5821 = CARTESIAN_POINT('',(-6.28318530718,0.));
#5822 = VECTOR('',#5823,1.);
#5823 = DIRECTION('',(-0.,1.));
#5824 = ( GEOMETRIC_REPRESENTATION_CONTEXT(2) 
PARAMETRIC_REPRESENTATION_CONTEXT() REPRESENTATION_CONTEXT('2D SPACE',''
  ) );
#5825 = ORIENTED_EDGE('',*,*,#5826,.F.);
#5826 = EDGE_CURVE('',#5804,#5804,#5827,.T.);
#5827 = SURFACE_CURVE('',#5828,(#5833,#5840),.PCURVE_S1.);
#5828 = CIRCLE('',#5829,21.137463135765);
#5829 = AXIS2_PLACEMENT_3D('',#5830,#5831,#5832);
#5830 = CARTESIAN_POINT('',(79.156755833286,0.,0.));
#5831 = DIRECTION('',(1.,0.,0.));
#5832 = DIRECTION('',(-0.,1.,0.));
#5833 = PCURVE('',#5786,#5834);
#5834 = DEFINITIONAL_REPRESENTATION('',(#5835),#5839);
#5835 = LINE('',#5836,#5837);
#5836 = CARTESIAN_POINT('',(-0.,6.043446993729E-03));
#5837 = VECTOR('',#5838,1.);
#5838 = DIRECTION('',(-1.,0.));
#5839 = ( GEOMETRIC_REPRESENTATION_CONTEXT(2) 
PARAMETRIC_REPRESENTATION_CONTEXT() REPRESENTATION_CONTEXT('2D SPACE',''
  ) );
#5840 = PCURVE('',#5841,#5846);
#5841 = CONICAL_SURFACE('',#5842,21.137463135765,1.540300849106);
#5842 = AXIS2_PLACEMENT_3D('',#5843,#5844,#5845);
#5843 = CARTESIAN_POINT('',(79.156755833286,0.,0.));
#5844 = DIRECTION('',(-1.,-0.,-0.));
#5845 = DIRECTION('',(0.,1.,0.));
#5846 = DEFINITIONAL_REPRESENTATION('',(#5847),#5851);
#5847 = LINE('',#5848,#5849);
#5848 = CARTESIAN_POINT('',(-0.,0.));
#5849 = VECTOR('',#5850,1.);
#5850 = DIRECTION('',(-1.,0.));
#5851 = ( GEOMETRIC_REPRESENTATION_CONTEXT(2) 
PARAMETRIC_REPRESENTATION_CONTEXT() REPRESENTATION_CONTEXT('2D SPACE',''
  ) );
#5852 = ORIENTED_EDGE('',*,*,#5803,.F.);
#5853 = ADVANCED_FACE('',(#5854),#5841,.T.);
#5854 = FACE_BOUND('',#5855,.F.);
#5855 = EDGE_LOOP('',(#5856,#5857,#5880,#5907));
#5856 = ORIENTED_EDGE('',*,*,#5826,.T.);
#5857 = ORIENTED_EDGE('',*,*,#5858,.T.);
#5858 = EDGE_CURVE('',#5804,#5859,#5861,.T.);
#5859 = VERTEX_POINT('',#5860);
#5860 = CARTESIAN_POINT('',(79.150672843387,21.336873165348,0.));
#5861 = SEAM_CURVE('',#5862,(#5866,#5873),.PCURVE_S1.);
#5862 = LINE('',#5863,#5864);
#5863 = CARTESIAN_POINT('',(79.156755833286,21.137463135765,0.));
#5864 = VECTOR('',#5865,1.);
#5865 = DIRECTION('',(-3.049075124059E-02,0.999535048955,0.));
#5866 = PCURVE('',#5841,#5867);
#5867 = DEFINITIONAL_REPRESENTATION('',(#5868),#5872);
#5868 = LINE('',#5869,#5870);
#5869 = CARTESIAN_POINT('',(-0.,0.));
#5870 = VECTOR('',#5871,1.);
#5871 = DIRECTION('',(-0.,1.));
#5872 = ( GEOMETRIC_REPRESENTATION_CONTEXT(2) 
PARAMETRIC_REPRESENTATION_CONTEXT() REPRESENTATION_CONTEXT('2D SPACE',''
  ) );
#5873 = PCURVE('',#5841,#5874);
#5874 = DEFINITIONAL_REPRESENTATION('',(#5875),#5879);
#5875 = LINE('',#5876,#5877);
#5876 = CARTESIAN_POINT('',(-6.28318530718,0.));
#5877 = VECTOR('',#5878,1.);
#5878 = DIRECTION('',(-0.,1.));
#5879 = ( GEOMETRIC_REPRESENTATION_CONTEXT(2) 
PARAMETRIC_REPRESENTATION_CONTEXT() REPRESENTATION_CONTEXT('2D SPACE',''
  ) );
#5880 = ORIENTED_EDGE('',*,*,#5881,.F.);
#5881 = EDGE_CURVE('',#5859,#5859,#5882,.T.);
#5882 = SURFACE_CURVE('',#5883,(#5888,#5895),.PCURVE_S1.);
#5883 = CIRCLE('',#5884,21.336873165348);
#5884 = AXIS2_PLACEMENT_3D('',#5885,#5886,#5887);
#5885 = CARTESIAN_POINT('',(79.150672843387,0.,0.));
#5886 = DIRECTION('',(1.,0.,0.));
#5887 = DIRECTION('',(-0.,1.,0.));
#5888 = PCURVE('',#5841,#5889);
#5889 = DEFINITIONAL_REPRESENTATION('',(#5890),#5894);
#5890 = LINE('',#5891,#5892);
#5891 = CARTESIAN_POINT('',(-0.,6.082989899397E-03));
#5892 = VECTOR('',#5893,1.);
#5893 = DIRECTION('',(-1.,0.));
#5894 = ( GEOMETRIC_REPRESENTATION_CONTEXT(2) 
PARAMETRIC_REPRESENTATION_CONTEXT() REPRESENTATION_CONTEXT('2D SPACE',''
  ) );
#5895 = PCURVE('',#5896,#5901);
#5896 = CONICAL_SURFACE('',#5897,21.336873165348,1.540104986147);
#5897 = AXIS2_PLACEMENT_3D('',#5898,#5899,#5900);
#5898 = CARTESIAN_POINT('',(79.150672843387,0.,0.));
#5899 = DIRECTION('',(-1.,-0.,-0.));
#5900 = DIRECTION('',(0.,1.,0.));
#5901 = DEFINITIONAL_REPRESENTATION('',(#5902),#5906);
#5902 = LINE('',#5903,#5904);
#5903 = CARTESIAN_POINT('',(-0.,0.));
#5904 = VECTOR('',#5905,1.);
#5905 = DIRECTION('',(-1.,0.));
#5906 = ( GEOMETRIC_REPRESENTATION_CONTEXT(2) 
PARAMETRIC_REPRESENTATION_CONTEXT() REPRESENTATION_CONTEXT('2D SPACE',''
  ) );
#5907 = ORIENTED_EDGE('',*,*,#5858,.F.);
#5908 = ADVANCED_FACE('',(#5909),#5896,.T.);
#5909 = FACE_BOUND('',#5910,.F.);
#5910 = EDGE_LOOP('',(#5911,#5912,#5935,#5962));
#5911 = ORIENTED_EDGE('',*,*,#5881,.T.);
#5912 = ORIENTED_EDGE('',*,*,#5913,.T.);
#5913 = EDGE_CURVE('',#5859,#5914,#5916,.T.);
#5914 = VERTEX_POINT('',#5915);
#5915 = CARTESIAN_POINT('',(79.14455075987,21.53628319493,0.));
#5916 = SEAM_CURVE('',#5917,(#5921,#5928),.PCURVE_S1.);
#5917 = LINE('',#5918,#5919);
#5918 = CARTESIAN_POINT('',(79.150672843387,21.336873165348,0.));
#5919 = VECTOR('',#5920,1.);
#5920 = DIRECTION('',(-3.06865225473E-02,0.999529057774,0.));
#5921 = PCURVE('',#5896,#5922);
#5922 = DEFINITIONAL_REPRESENTATION('',(#5923),#5927);
#5923 = LINE('',#5924,#5925);
#5924 = CARTESIAN_POINT('',(-0.,0.));
#5925 = VECTOR('',#5926,1.);
#5926 = DIRECTION('',(-0.,1.));
#5927 = ( GEOMETRIC_REPRESENTATION_CONTEXT(2) 
PARAMETRIC_REPRESENTATION_CONTEXT() REPRESENTATION_CONTEXT('2D SPACE',''
  ) );
#5928 = PCURVE('',#5896,#5929);
#5929 = DEFINITIONAL_REPRESENTATION('',(#5930),#5934);
#5930 = LINE('',#5931,#5932);
#5931 = CARTESIAN_POINT('',(-6.28318530718,0.));
#5932 = VECTOR('',#5933,1.);
#5933 = DIRECTION('',(-0.,1.));
#5934 = ( GEOMETRIC_REPRESENTATION_CONTEXT(2) 
PARAMETRIC_REPRESENTATION_CONTEXT() REPRESENTATION_CONTEXT('2D SPACE',''
  ) );
#5935 = ORIENTED_EDGE('',*,*,#5936,.F.);
#5936 = EDGE_CURVE('',#5914,#5914,#5937,.T.);
#5937 = SURFACE_CURVE('',#5938,(#5943,#5950),.PCURVE_S1.);
#5938 = CIRCLE('',#5939,21.53628319493);
#5939 = AXIS2_PLACEMENT_3D('',#5940,#5941,#5942);
#5940 = CARTESIAN_POINT('',(79.14455075987,0.,0.));
#5941 = DIRECTION('',(1.,0.,0.));
#5942 = DIRECTION('',(-0.,1.,0.));
#5943 = PCURVE('',#5896,#5944);
#5944 = DEFINITIONAL_REPRESENTATION('',(#5945),#5949);
#5945 = LINE('',#5946,#5947);
#5946 = CARTESIAN_POINT('',(-0.,6.122083516587E-03));
#5947 = VECTOR('',#5948,1.);
#5948 = DIRECTION('',(-1.,0.));
#5949 = ( GEOMETRIC_REPRESENTATION_CONTEXT(2) 
PARAMETRIC_REPRESENTATION_CONTEXT() REPRESENTATION_CONTEXT('2D SPACE',''
  ) );
#5950 = PCURVE('',#5951,#5956);
#5951 = CONICAL_SURFACE('',#5952,21.53628319493,1.539911385995);
#5952 = AXIS2_PLACEMENT_3D('',#5953,#5954,#5955);
#5953 = CARTESIAN_POINT('',(79.14455075987,0.,0.));
#5954 = DIRECTION('',(-1.,-0.,-0.));
#5955 = DIRECTION('',(0.,1.,0.));
#5956 = DEFINITIONAL_REPRESENTATION('',(#5957),#5961);
#5957 = LINE('',#5958,#5959);
#5958 = CARTESIAN_POINT('',(-0.,0.));
#5959 = VECTOR('',#5960,1.);
#5960 = DIRECTION('',(-1.,0.));
#5961 = ( GEOMETRIC_REPRESENTATION_CONTEXT(2) 
PARAMETRIC_REPRESENTATION_CONTEXT() REPRESENTATION_CONTEXT('2D SPACE',''
  ) );
#5962 = ORIENTED_EDGE('',*,*,#5913,.F.);
#5963 = ADVANCED_FACE('',(#5964),#5951,.T.);
#5964 = FACE_BOUND('',#5965,.F.);
#5965 = EDGE_LOOP('',(#5966,#5967,#5990,#6017));
#5966 = ORIENTED_EDGE('',*,*,#5936,.T.);
#5967 = ORIENTED_EDGE('',*,*,#5968,.T.);
#5968 = EDGE_CURVE('',#5914,#5969,#5971,.T.);
#5969 = VERTEX_POINT('',#5970);
#5970 = CARTESIAN_POINT('',(79.138390033924,21.735693224513,0.));
#5971 = SEAM_CURVE('',#5972,(#5976,#5983),.PCURVE_S1.);
#5972 = LINE('',#5973,#5974);
#5973 = CARTESIAN_POINT('',(79.14455075987,21.53628319493,0.));
#5974 = VECTOR('',#5975,1.);
#5975 = DIRECTION('',(-3.088003094864E-02,0.999523098127,0.));
#5976 = PCURVE('',#5951,#5977);
#5977 = DEFINITIONAL_REPRESENTATION('',(#5978),#5982);
#5978 = LINE('',#5979,#5980);
#5979 = CARTESIAN_POINT('',(-0.,0.));
#5980 = VECTOR('',#5981,1.);
#5981 = DIRECTION('',(-0.,1.));
#5982 = ( GEOMETRIC_REPRESENTATION_CONTEXT(2) 
PARAMETRIC_REPRESENTATION_CONTEXT() REPRESENTATION_CONTEXT('2D SPACE',''
  ) );
#5983 = PCURVE('',#5951,#5984);
#5984 = DEFINITIONAL_REPRESENTATION('',(#5985),#5989);
#5985 = LINE('',#5986,#5987);
#5986 = CARTESIAN_POINT('',(-6.28318530718,0.));
#5987 = VECTOR('',#5988,1.);
#5988 = DIRECTION('',(-0.,1.));
#5989 = ( GEOMETRIC_REPRESENTATION_CONTEXT(2) 
PARAMETRIC_REPRESENTATION_CONTEXT() REPRESENTATION_CONTEXT('2D SPACE',''
  ) );
#5990 = ORIENTED_EDGE('',*,*,#5991,.F.);
#5991 = EDGE_CURVE('',#5969,#5969,#5992,.T.);
#5992 = SURFACE_CURVE('',#5993,(#5998,#6005),.PCURVE_S1.);
#5993 = CIRCLE('',#5994,21.735693224513);
#5994 = AXIS2_PLACEMENT_3D('',#5995,#5996,#5997);
#5995 = CARTESIAN_POINT('',(79.138390033924,0.,0.));
#5996 = DIRECTION('',(1.,0.,0.));
#5997 = DIRECTION('',(-0.,1.,0.));
#5998 = PCURVE('',#5951,#5999);
#5999 = DEFINITIONAL_REPRESENTATION('',(#6000),#6004);
#6000 = LINE('',#6001,#6002);
#6001 = CARTESIAN_POINT('',(-0.,6.160725946728E-03));
#6002 = VECTOR('',#6003,1.);
#6003 = DIRECTION('',(-1.,0.));
#6004 = ( GEOMETRIC_REPRESENTATION_CONTEXT(2) 
PARAMETRIC_REPRESENTATION_CONTEXT() REPRESENTATION_CONTEXT('2D SPACE',''
  ) );
#6005 = PCURVE('',#6006,#6011);
#6006 = CONICAL_SURFACE('',#6007,21.735693224513,1.539720057819);
#6007 = AXIS2_PLACEMENT_3D('',#6008,#6009,#6010);
#6008 = CARTESIAN_POINT('',(79.138390033924,0.,0.));
#6009 = DIRECTION('',(-1.,-0.,-0.));
#6010 = DIRECTION('',(0.,1.,0.));
#6011 = DEFINITIONAL_REPRESENTATION('',(#6012),#6016);
#6012 = LINE('',#6013,#6014);
#6013 = CARTESIAN_POINT('',(-0.,0.));
#6014 = VECTOR('',#6015,1.);
#6015 = DIRECTION('',(-1.,0.));
#6016 = ( GEOMETRIC_REPRESENTATION_CONTEXT(2) 
PARAMETRIC_REPRESENTATION_CONTEXT() REPRESENTATION_CONTEXT('2D SPACE',''
  ) );
#6017 = ORIENTED_EDGE('',*,*,#5968,.F.);
#6018 = ADVANCED_FACE('',(#6019),#6006,.T.);
#6019 = FACE_BOUND('',#6020,.F.);
#6020 = EDGE_LOOP('',(#6021,#6022,#6045,#6072));
#6021 = ORIENTED_EDGE('',*,*,#5991,.T.);
#6022 = ORIENTED_EDGE('',*,*,#6023,.T.);
#6023 = EDGE_CURVE('',#5969,#6024,#6026,.T.);
#6024 = VERTEX_POINT('',#6025);
#6025 = CARTESIAN_POINT('',(79.132191118577,21.935103254096,0.));
#6026 = SEAM_CURVE('',#6027,(#6031,#6038),.PCURVE_S1.);
#6027 = LINE('',#6028,#6029);
#6028 = CARTESIAN_POINT('',(79.138390033924,21.735693224513,0.));
#6029 = VECTOR('',#6030,1.);
#6030 = DIRECTION('',(-3.1071267313E-02,0.999517171612,0.));
#6031 = PCURVE('',#6006,#6032);
#6032 = DEFINITIONAL_REPRESENTATION('',(#6033),#6037);
#6033 = LINE('',#6034,#6035);
#6034 = CARTESIAN_POINT('',(-0.,0.));
#6035 = VECTOR('',#6036,1.);
#6036 = DIRECTION('',(-0.,1.));
#6037 = ( GEOMETRIC_REPRESENTATION_CONTEXT(2) 
PARAMETRIC_REPRESENTATION_CONTEXT() REPRESENTATION_CONTEXT('2D SPACE',''
  ) );
#6038 = PCURVE('',#6006,#6039);
#6039 = DEFINITIONAL_REPRESENTATION('',(#6040),#6044);
#6040 = LINE('',#6041,#6042);
#6041 = CARTESIAN_POINT('',(-6.28318530718,0.));
#6042 = VECTOR('',#6043,1.);
#6043 = DIRECTION('',(-0.,1.));
#6044 = ( GEOMETRIC_REPRESENTATION_CONTEXT(2) 
PARAMETRIC_REPRESENTATION_CONTEXT() REPRESENTATION_CONTEXT('2D SPACE',''
  ) );
#6045 = ORIENTED_EDGE('',*,*,#6046,.F.);
#6046 = EDGE_CURVE('',#6024,#6024,#6047,.T.);
#6047 = SURFACE_CURVE('',#6048,(#6053,#6060),.PCURVE_S1.);
#6048 = CIRCLE('',#6049,21.935103254096);
#6049 = AXIS2_PLACEMENT_3D('',#6050,#6051,#6052);
#6050 = CARTESIAN_POINT('',(79.132191118577,0.,0.));
#6051 = DIRECTION('',(1.,0.,0.));
#6052 = DIRECTION('',(-0.,1.,0.));
#6053 = PCURVE('',#6006,#6054);
#6054 = DEFINITIONAL_REPRESENTATION('',(#6055),#6059);
#6055 = LINE('',#6056,#6057);
#6056 = CARTESIAN_POINT('',(-0.,6.19891534636E-03));
#6057 = VECTOR('',#6058,1.);
#6058 = DIRECTION('',(-1.,0.));
#6059 = ( GEOMETRIC_REPRESENTATION_CONTEXT(2) 
PARAMETRIC_REPRESENTATION_CONTEXT() REPRESENTATION_CONTEXT('2D SPACE',''
  ) );
#6060 = PCURVE('',#6061,#6066);
#6061 = CONICAL_SURFACE('',#6062,21.935103254096,1.539531010512);
#6062 = AXIS2_PLACEMENT_3D('',#6063,#6064,#6065);
#6063 = CARTESIAN_POINT('',(79.132191118577,0.,0.));
#6064 = DIRECTION('',(-1.,-0.,-0.));
#6065 = DIRECTION('',(0.,1.,0.));
#6066 = DEFINITIONAL_REPRESENTATION('',(#6067),#6071);
#6067 = LINE('',#6068,#6069);
#6068 = CARTESIAN_POINT('',(-0.,0.));
#6069 = VECTOR('',#6070,1.);
#6070 = DIRECTION('',(-1.,0.));
#6071 = ( GEOMETRIC_REPRESENTATION_CONTEXT(2) 
PARAMETRIC_REPRESENTATION_CONTEXT() REPRESENTATION_CONTEXT('2D SPACE',''
  ) );
#6072 = ORIENTED_EDGE('',*,*,#6023,.F.);
#6073 = ADVANCED_FACE('',(#6074),#6061,.T.);
#6074 = FACE_BOUND('',#6075,.F.);
#6075 = EDGE_LOOP('',(#6076,#6077,#6100,#6127));
#6076 = ORIENTED_EDGE('',*,*,#6046,.T.);
#6077 = ORIENTED_EDGE('',*,*,#6078,.T.);
#6078 = EDGE_CURVE('',#6024,#6079,#6081,.T.);
#6079 = VERTEX_POINT('',#6080);
#6080 = CARTESIAN_POINT('',(79.12595446865,22.134513283678,0.));
#6081 = SEAM_CURVE('',#6082,(#6086,#6093),.PCURVE_S1.);
#6082 = LINE('',#6083,#6084);
#6083 = CARTESIAN_POINT('',(79.132191118577,21.935103254096,0.));
#6084 = VECTOR('',#6085,1.);
#6085 = DIRECTION('',(-3.126022278616E-02,0.999511279812,0.));
#6086 = PCURVE('',#6061,#6087);
#6087 = DEFINITIONAL_REPRESENTATION('',(#6088),#6092);
#6088 = LINE('',#6089,#6090);
#6089 = CARTESIAN_POINT('',(-0.,0.));
#6090 = VECTOR('',#6091,1.);
#6091 = DIRECTION('',(-0.,1.));
#6092 = ( GEOMETRIC_REPRESENTATION_CONTEXT(2) 
PARAMETRIC_REPRESENTATION_CONTEXT() REPRESENTATION_CONTEXT('2D SPACE',''
  ) );
#6093 = PCURVE('',#6061,#6094);
#6094 = DEFINITIONAL_REPRESENTATION('',(#6095),#6099);
#6095 = LINE('',#6096,#6097);
#6096 = CARTESIAN_POINT('',(-6.28318530718,0.));
#6097 = VECTOR('',#6098,1.);
#6098 = DIRECTION('',(-0.,1.));
#6099 = ( GEOMETRIC_REPRESENTATION_CONTEXT(2) 
PARAMETRIC_REPRESENTATION_CONTEXT() REPRESENTATION_CONTEXT('2D SPACE',''
  ) );
#6100 = ORIENTED_EDGE('',*,*,#6101,.F.);
#6101 = EDGE_CURVE('',#6079,#6079,#6102,.T.);
#6102 = SURFACE_CURVE('',#6103,(#6108,#6115),.PCURVE_S1.);
#6103 = CIRCLE('',#6104,22.134513283678);
#6104 = AXIS2_PLACEMENT_3D('',#6105,#6106,#6107);
#6105 = CARTESIAN_POINT('',(79.12595446865,0.,0.));
#6106 = DIRECTION('',(1.,0.,0.));
#6107 = DIRECTION('',(-0.,1.,0.));
#6108 = PCURVE('',#6061,#6109);
#6109 = DEFINITIONAL_REPRESENTATION('',(#6110),#6114);
#6110 = LINE('',#6111,#6112);
#6111 = CARTESIAN_POINT('',(-0.,6.236649927274E-03));
#6112 = VECTOR('',#6113,1.);
#6113 = DIRECTION('',(-1.,0.));
#6114 = ( GEOMETRIC_REPRESENTATION_CONTEXT(2) 
PARAMETRIC_REPRESENTATION_CONTEXT() REPRESENTATION_CONTEXT('2D SPACE',''
  ) );
#6115 = PCURVE('',#6116,#6121);
#6116 = CONICAL_SURFACE('',#6117,22.134513283678,1.539344252689);
#6117 = AXIS2_PLACEMENT_3D('',#6118,#6119,#6120);
#6118 = CARTESIAN_POINT('',(79.12595446865,0.,0.));
#6119 = DIRECTION('',(-1.,-0.,-0.));
#6120 = DIRECTION('',(0.,1.,0.));
#6121 = DEFINITIONAL_REPRESENTATION('',(#6122),#6126);
#6122 = LINE('',#6123,#6124);
#6123 = CARTESIAN_POINT('',(-0.,0.));
#6124 = VECTOR('',#6125,1.);
#6125 = DIRECTION('',(-1.,0.));
#6126 = ( GEOMETRIC_REPRESENTATION_CONTEXT(2) 
PARAMETRIC_REPRESENTATION_CONTEXT() REPRESENTATION_CONTEXT('2D SPACE',''
  ) );
#6127 = ORIENTED_EDGE('',*,*,#6078,.F.);
#6128 = ADVANCED_FACE('',(#6129),#6116,.T.);
#6129 = FACE_BOUND('',#6130,.F.);
#6130 = EDGE_LOOP('',(#6131,#6132,#6155,#6182));
#6131 = ORIENTED_EDGE('',*,*,#6101,.T.);
#6132 = ORIENTED_EDGE('',*,*,#6133,.T.);
#6133 = EDGE_CURVE('',#6079,#6134,#6136,.T.);
#6134 = VERTEX_POINT('',#6135);
#6135 = CARTESIAN_POINT('',(79.119680540694,22.333923313261,0.));
#6136 = SEAM_CURVE('',#6137,(#6141,#6148),.PCURVE_S1.);
#6137 = LINE('',#6138,#6139);
#6138 = CARTESIAN_POINT('',(79.12595446865,22.134513283678,0.));
#6139 = VECTOR('',#6140,1.);
#6140 = DIRECTION('',(-3.144688879094E-02,0.99950542429,0.));
#6141 = PCURVE('',#6116,#6142);
#6142 = DEFINITIONAL_REPRESENTATION('',(#6143),#6147);
#6143 = LINE('',#6144,#6145);
#6144 = CARTESIAN_POINT('',(-0.,0.));
#6145 = VECTOR('',#6146,1.);
#6146 = DIRECTION('',(-0.,1.));
#6147 = ( GEOMETRIC_REPRESENTATION_CONTEXT(2) 
PARAMETRIC_REPRESENTATION_CONTEXT() REPRESENTATION_CONTEXT('2D SPACE',''
  ) );
#6148 = PCURVE('',#6116,#6149);
#6149 = DEFINITIONAL_REPRESENTATION('',(#6150),#6154);
#6150 = LINE('',#6151,#6152);
#6151 = CARTESIAN_POINT('',(-6.28318530718,0.));
#6152 = VECTOR('',#6153,1.);
#6153 = DIRECTION('',(-0.,1.));
#6154 = ( GEOMETRIC_REPRESENTATION_CONTEXT(2) 
PARAMETRIC_REPRESENTATION_CONTEXT() REPRESENTATION_CONTEXT('2D SPACE',''
  ) );
#6155 = ORIENTED_EDGE('',*,*,#6156,.F.);
#6156 = EDGE_CURVE('',#6134,#6134,#6157,.T.);
#6157 = SURFACE_CURVE('',#6158,(#6163,#6170),.PCURVE_S1.);
#6158 = CIRCLE('',#6159,22.333923313261);
#6159 = AXIS2_PLACEMENT_3D('',#6160,#6161,#6162);
#6160 = CARTESIAN_POINT('',(79.119680540694,0.,0.));
#6161 = DIRECTION('',(1.,0.,0.));
#6162 = DIRECTION('',(-0.,1.,0.));
#6163 = PCURVE('',#6116,#6164);
#6164 = DEFINITIONAL_REPRESENTATION('',(#6165),#6169);
#6165 = LINE('',#6166,#6167);
#6166 = CARTESIAN_POINT('',(-0.,6.273927956457E-03));
#6167 = VECTOR('',#6168,1.);
#6168 = DIRECTION('',(-1.,0.));
#6169 = ( GEOMETRIC_REPRESENTATION_CONTEXT(2) 
PARAMETRIC_REPRESENTATION_CONTEXT() REPRESENTATION_CONTEXT('2D SPACE',''
  ) );
#6170 = PCURVE('',#6171,#6176);
#6171 = CONICAL_SURFACE('',#6172,22.333923313261,1.539159792686);
#6172 = AXIS2_PLACEMENT_3D('',#6173,#6174,#6175);
#6173 = CARTESIAN_POINT('',(79.119680540694,0.,0.));
#6174 = DIRECTION('',(-1.,-0.,-0.));
#6175 = DIRECTION('',(0.,1.,0.));
#6176 = DEFINITIONAL_REPRESENTATION('',(#6177),#6181);
#6177 = LINE('',#6178,#6179);
#6178 = CARTESIAN_POINT('',(-0.,0.));
#6179 = VECTOR('',#6180,1.);
#6180 = DIRECTION('',(-1.,0.));
#6181 = ( GEOMETRIC_REPRESENTATION_CONTEXT(2) 
PARAMETRIC_REPRESENTATION_CONTEXT() REPRESENTATION_CONTEXT('2D SPACE',''
  ) );
#6182 = ORIENTED_EDGE('',*,*,#6133,.F.);
#6183 = ADVANCED_FACE('',(#6184),#6171,.T.);
#6184 = FACE_BOUND('',#6185,.F.);
#6185 = EDGE_LOOP('',(#6186,#6187,#6210,#6237));
#6186 = ORIENTED_EDGE('',*,*,#6156,.T.);
#6187 = ORIENTED_EDGE('',*,*,#6188,.T.);
#6188 = EDGE_CURVE('',#6134,#6189,#6191,.T.);
#6189 = VERTEX_POINT('',#6190);
#6190 = CARTESIAN_POINT('',(79.113369792937,22.533333342844,0.));
#6191 = SEAM_CURVE('',#6192,(#6196,#6203),.PCURVE_S1.);
#6192 = LINE('',#6193,#6194);
#6193 = CARTESIAN_POINT('',(79.119680540694,22.333923313261,0.));
#6194 = VECTOR('',#6195,1.);
#6195 = DIRECTION('',(-3.163125702798E-02,0.999499606593,0.));
#6196 = PCURVE('',#6171,#6197);
#6197 = DEFINITIONAL_REPRESENTATION('',(#6198),#6202);
#6198 = LINE('',#6199,#6200);
#6199 = CARTESIAN_POINT('',(-0.,0.));
#6200 = VECTOR('',#6201,1.);
#6201 = DIRECTION('',(-0.,1.));
#6202 = ( GEOMETRIC_REPRESENTATION_CONTEXT(2) 
PARAMETRIC_REPRESENTATION_CONTEXT() REPRESENTATION_CONTEXT('2D SPACE',''
  ) );
#6203 = PCURVE('',#6171,#6204);
#6204 = DEFINITIONAL_REPRESENTATION('',(#6205),#6209);
#6205 = LINE('',#6206,#6207);
#6206 = CARTESIAN_POINT('',(-6.28318530718,0.));
#6207 = VECTOR('',#6208,1.);
#6208 = DIRECTION('',(-0.,1.));
#6209 = ( GEOMETRIC_REPRESENTATION_CONTEXT(2) 
PARAMETRIC_REPRESENTATION_CONTEXT() REPRESENTATION_CONTEXT('2D SPACE',''
  ) );
#6210 = ORIENTED_EDGE('',*,*,#6211,.F.);
#6211 = EDGE_CURVE('',#6189,#6189,#6212,.T.);
#6212 = SURFACE_CURVE('',#6213,(#6218,#6225),.PCURVE_S1.);
#6213 = CIRCLE('',#6214,22.533333342844);
#6214 = AXIS2_PLACEMENT_3D('',#6215,#6216,#6217);
#6215 = CARTESIAN_POINT('',(79.113369792937,0.,0.));
#6216 = DIRECTION('',(1.,0.,0.));
#6217 = DIRECTION('',(-0.,1.,0.));
#6218 = PCURVE('',#6171,#6219);
#6219 = DEFINITIONAL_REPRESENTATION('',(#6220),#6224);
#6220 = LINE('',#6221,#6222);
#6221 = CARTESIAN_POINT('',(-0.,6.31074775626E-03));
#6222 = VECTOR('',#6223,1.);
#6223 = DIRECTION('',(-1.,0.));
#6224 = ( GEOMETRIC_REPRESENTATION_CONTEXT(2) 
PARAMETRIC_REPRESENTATION_CONTEXT() REPRESENTATION_CONTEXT('2D SPACE',''
  ) );
#6225 = PCURVE('',#6226,#6231);
#6226 = CONICAL_SURFACE('',#6227,22.533333342844,1.538977638564);
#6227 = AXIS2_PLACEMENT_3D('',#6228,#6229,#6230);
#6228 = CARTESIAN_POINT('',(79.113369792937,0.,0.));
#6229 = DIRECTION('',(-1.,-0.,-0.));
#6230 = DIRECTION('',(0.,1.,0.));
#6231 = DEFINITIONAL_REPRESENTATION('',(#6232),#6236);
#6232 = LINE('',#6233,#6234);
#6233 = CARTESIAN_POINT('',(-0.,0.));
#6234 = VECTOR('',#6235,1.);
#6235 = DIRECTION('',(-1.,0.));
#6236 = ( GEOMETRIC_REPRESENTATION_CONTEXT(2) 
PARAMETRIC_REPRESENTATION_CONTEXT() REPRESENTATION_CONTEXT('2D SPACE',''
  ) );
#6237 = ORIENTED_EDGE('',*,*,#6188,.F.);
#6238 = ADVANCED_FACE('',(#6239),#6226,.T.);
#6239 = FACE_BOUND('',#6240,.F.);
#6240 = EDGE_LOOP('',(#6241,#6242,#6265,#6292));
#6241 = ORIENTED_EDGE('',*,*,#6211,.T.);
#6242 = ORIENTED_EDGE('',*,*,#6243,.T.);
#6243 = EDGE_CURVE('',#6189,#6244,#6246,.T.);
#6244 = VERTEX_POINT('',#6245);
#6245 = CARTESIAN_POINT('',(79.107022685233,22.732743372426,0.));
#6246 = SEAM_CURVE('',#6247,(#6251,#6258),.PCURVE_S1.);
#6247 = LINE('',#6248,#6249);
#6248 = CARTESIAN_POINT('',(79.113369792937,22.533333342844,0.));
#6249 = VECTOR('',#6250,1.);
#6250 = DIRECTION('',(-3.181331947624E-02,0.999493828247,0.));
#6251 = PCURVE('',#6226,#6252);
#6252 = DEFINITIONAL_REPRESENTATION('',(#6253),#6257);
#6253 = LINE('',#6254,#6255);
#6254 = CARTESIAN_POINT('',(-0.,0.));
#6255 = VECTOR('',#6256,1.);
#6256 = DIRECTION('',(-0.,1.));
#6257 = ( GEOMETRIC_REPRESENTATION_CONTEXT(2) 
PARAMETRIC_REPRESENTATION_CONTEXT() REPRESENTATION_CONTEXT('2D SPACE',''
  ) );
#6258 = PCURVE('',#6226,#6259);
#6259 = DEFINITIONAL_REPRESENTATION('',(#6260),#6264);
#6260 = LINE('',#6261,#6262);
#6261 = CARTESIAN_POINT('',(-6.28318530718,0.));
#6262 = VECTOR('',#6263,1.);
#6263 = DIRECTION('',(-0.,1.));
#6264 = ( GEOMETRIC_REPRESENTATION_CONTEXT(2) 
PARAMETRIC_REPRESENTATION_CONTEXT() REPRESENTATION_CONTEXT('2D SPACE',''
  ) );
#6265 = ORIENTED_EDGE('',*,*,#6266,.F.);
#6266 = EDGE_CURVE('',#6244,#6244,#6267,.T.);
#6267 = SURFACE_CURVE('',#6268,(#6273,#6280),.PCURVE_S1.);
#6268 = CIRCLE('',#6269,22.732743372426);
#6269 = AXIS2_PLACEMENT_3D('',#6270,#6271,#6272);
#6270 = CARTESIAN_POINT('',(79.107022685233,0.,0.));
#6271 = DIRECTION('',(1.,0.,0.));
#6272 = DIRECTION('',(-0.,1.,0.));
#6273 = PCURVE('',#6226,#6274);
#6274 = DEFINITIONAL_REPRESENTATION('',(#6275),#6279);
#6275 = LINE('',#6276,#6277);
#6276 = CARTESIAN_POINT('',(-0.,6.347107704514E-03));
#6277 = VECTOR('',#6278,1.);
#6278 = DIRECTION('',(-1.,0.));
#6279 = ( GEOMETRIC_REPRESENTATION_CONTEXT(2) 
PARAMETRIC_REPRESENTATION_CONTEXT() REPRESENTATION_CONTEXT('2D SPACE',''
  ) );
#6280 = PCURVE('',#6281,#6286);
#6281 = CONICAL_SURFACE('',#6282,22.732743372426,1.538797798102);
#6282 = AXIS2_PLACEMENT_3D('',#6283,#6284,#6285);
#6283 = CARTESIAN_POINT('',(79.107022685233,0.,0.));
#6284 = DIRECTION('',(-1.,-0.,-0.));
#6285 = DIRECTION('',(0.,1.,0.));
#6286 = DEFINITIONAL_REPRESENTATION('',(#6287),#6291);
#6287 = LINE('',#6288,#6289);
#6288 = CARTESIAN_POINT('',(-0.,0.));
#6289 = VECTOR('',#6290,1.);
#6290 = DIRECTION('',(-1.,0.));
#6291 = ( GEOMETRIC_REPRESENTATION_CONTEXT(2) 
PARAMETRIC_REPRESENTATION_CONTEXT() REPRESENTATION_CONTEXT('2D SPACE',''
  ) );
#6292 = ORIENTED_EDGE('',*,*,#6243,.F.);
#6293 = ADVANCED_FACE('',(#6294),#6281,.T.);
#6294 = FACE_BOUND('',#6295,.F.);
#6295 = EDGE_LOOP('',(#6296,#6297,#6320,#6347));
#6296 = ORIENTED_EDGE('',*,*,#6266,.T.);
#6297 = ORIENTED_EDGE('',*,*,#6298,.T.);
#6298 = EDGE_CURVE('',#6244,#6299,#6301,.T.);
#6299 = VERTEX_POINT('',#6300);
#6300 = CARTESIAN_POINT('',(79.100639678998,22.932153402009,0.));
#6301 = SEAM_CURVE('',#6302,(#6306,#6313),.PCURVE_S1.);
#6302 = LINE('',#6303,#6304);
#6303 = CARTESIAN_POINT('',(79.107022685233,22.732743372426,0.));
#6304 = VECTOR('',#6305,1.);
#6305 = DIRECTION('',(-3.199306839255E-02,0.999488090762,0.));
#6306 = PCURVE('',#6281,#6307);
#6307 = DEFINITIONAL_REPRESENTATION('',(#6308),#6312);
#6308 = LINE('',#6309,#6310);
#6309 = CARTESIAN_POINT('',(-0.,0.));
#6310 = VECTOR('',#6311,1.);
#6311 = DIRECTION('',(-0.,1.));
#6312 = ( GEOMETRIC_REPRESENTATION_CONTEXT(2) 
PARAMETRIC_REPRESENTATION_CONTEXT() REPRESENTATION_CONTEXT('2D SPACE',''
  ) );
#6313 = PCURVE('',#6281,#6314);
#6314 = DEFINITIONAL_REPRESENTATION('',(#6315),#6319);
#6315 = LINE('',#6316,#6317);
#6316 = CARTESIAN_POINT('',(-6.28318530718,0.));
#6317 = VECTOR('',#6318,1.);
#6318 = DIRECTION('',(-0.,1.));
#6319 = ( GEOMETRIC_REPRESENTATION_CONTEXT(2) 
PARAMETRIC_REPRESENTATION_CONTEXT() REPRESENTATION_CONTEXT('2D SPACE',''
  ) );
#6320 = ORIENTED_EDGE('',*,*,#6321,.F.);
#6321 = EDGE_CURVE('',#6299,#6299,#6322,.T.);
#6322 = SURFACE_CURVE('',#6323,(#6328,#6335),.PCURVE_S1.);
#6323 = CIRCLE('',#6324,22.932153402009);
#6324 = AXIS2_PLACEMENT_3D('',#6325,#6326,#6327);
#6325 = CARTESIAN_POINT('',(79.100639678998,0.,0.));
#6326 = DIRECTION('',(1.,0.,0.));
#6327 = DIRECTION('',(-0.,1.,0.));
#6328 = PCURVE('',#6281,#6329);
#6329 = DEFINITIONAL_REPRESENTATION('',(#6330),#6334);
#6330 = LINE('',#6331,#6332);
#6331 = CARTESIAN_POINT('',(-0.,6.383006234458E-03));
#6332 = VECTOR('',#6333,1.);
#6333 = DIRECTION('',(-1.,0.));
#6334 = ( GEOMETRIC_REPRESENTATION_CONTEXT(2) 
PARAMETRIC_REPRESENTATION_CONTEXT() REPRESENTATION_CONTEXT('2D SPACE',''
  ) );
#6335 = PCURVE('',#6336,#6341);
#6336 = CONICAL_SURFACE('',#6337,22.932153402009,1.538620278804);
#6337 = AXIS2_PLACEMENT_3D('',#6338,#6339,#6340);
#6338 = CARTESIAN_POINT('',(79.100639678998,0.,0.));
#6339 = DIRECTION('',(-1.,-0.,-0.));
#6340 = DIRECTION('',(0.,1.,0.));
#6341 = DEFINITIONAL_REPRESENTATION('',(#6342),#6346);
#6342 = LINE('',#6343,#6344);
#6343 = CARTESIAN_POINT('',(-0.,0.));
#6344 = VECTOR('',#6345,1.);
#6345 = DIRECTION('',(-1.,0.));
#6346 = ( GEOMETRIC_REPRESENTATION_CONTEXT(2) 
PARAMETRIC_REPRESENTATION_CONTEXT() REPRESENTATION_CONTEXT('2D SPACE',''
  ) );
#6347 = ORIENTED_EDGE('',*,*,#6298,.F.);
#6348 = ADVANCED_FACE('',(#6349),#6336,.T.);
#6349 = FACE_BOUND('',#6350,.F.);
#6350 = EDGE_LOOP('',(#6351,#6352,#6375,#6402));
#6351 = ORIENTED_EDGE('',*,*,#6321,.T.);
#6352 = ORIENTED_EDGE('',*,*,#6353,.T.);
#6353 = EDGE_CURVE('',#6299,#6354,#6356,.T.);
#6354 = VERTEX_POINT('',#6355);
#6355 = CARTESIAN_POINT('',(79.094221237164,23.131563431592,0.));
#6356 = SEAM_CURVE('',#6357,(#6361,#6368),.PCURVE_S1.);
#6357 = LINE('',#6358,#6359);
#6358 = CARTESIAN_POINT('',(79.100639678998,22.932153402009,0.));
#6359 = VECTOR('',#6360,1.);
#6360 = DIRECTION('',(-3.217049631197E-02,0.999482395626,0.));
#6361 = PCURVE('',#6336,#6362);
#6362 = DEFINITIONAL_REPRESENTATION('',(#6363),#6367);
#6363 = LINE('',#6364,#6365);
#6364 = CARTESIAN_POINT('',(-0.,0.));
#6365 = VECTOR('',#6366,1.);
#6366 = DIRECTION('',(-0.,1.));
#6367 = ( GEOMETRIC_REPRESENTATION_CONTEXT(2) 
PARAMETRIC_REPRESENTATION_CONTEXT() REPRESENTATION_CONTEXT('2D SPACE',''
  ) );
#6368 = PCURVE('',#6336,#6369);
#6369 = DEFINITIONAL_REPRESENTATION('',(#6370),#6374);
#6370 = LINE('',#6371,#6372);
#6371 = CARTESIAN_POINT('',(-6.28318530718,0.));
#6372 = VECTOR('',#6373,1.);
#6373 = DIRECTION('',(-0.,1.));
#6374 = ( GEOMETRIC_REPRESENTATION_CONTEXT(2) 
PARAMETRIC_REPRESENTATION_CONTEXT() REPRESENTATION_CONTEXT('2D SPACE',''
  ) );
#6375 = ORIENTED_EDGE('',*,*,#6376,.F.);
#6376 = EDGE_CURVE('',#6354,#6354,#6377,.T.);
#6377 = SURFACE_CURVE('',#6378,(#6383,#6390),.PCURVE_S1.);
#6378 = CIRCLE('',#6379,23.131563431592);
#6379 = AXIS2_PLACEMENT_3D('',#6380,#6381,#6382);
#6380 = CARTESIAN_POINT('',(79.094221237164,0.,0.));
#6381 = DIRECTION('',(1.,0.,0.));
#6382 = DIRECTION('',(-0.,1.,0.));
#6383 = PCURVE('',#6336,#6384);
#6384 = DEFINITIONAL_REPRESENTATION('',(#6385),#6389);
#6385 = LINE('',#6386,#6387);
#6386 = CARTESIAN_POINT('',(-0.,6.418441834825E-03));
#6387 = VECTOR('',#6388,1.);
#6388 = DIRECTION('',(-1.,0.));
#6389 = ( GEOMETRIC_REPRESENTATION_CONTEXT(2) 
PARAMETRIC_REPRESENTATION_CONTEXT() REPRESENTATION_CONTEXT('2D SPACE',''
  ) );
#6390 = PCURVE('',#6391,#6396);
#6391 = CONICAL_SURFACE('',#6392,23.131563431592,1.538445087893);
#6392 = AXIS2_PLACEMENT_3D('',#6393,#6394,#6395);
#6393 = CARTESIAN_POINT('',(79.094221237164,0.,0.));
#6394 = DIRECTION('',(-1.,-0.,-0.));
#6395 = DIRECTION('',(0.,1.,0.));
#6396 = DEFINITIONAL_REPRESENTATION('',(#6397),#6401);
#6397 = LINE('',#6398,#6399);
#6398 = CARTESIAN_POINT('',(-0.,0.));
#6399 = VECTOR('',#6400,1.);
#6400 = DIRECTION('',(-1.,0.));
#6401 = ( GEOMETRIC_REPRESENTATION_CONTEXT(2) 
PARAMETRIC_REPRESENTATION_CONTEXT() REPRESENTATION_CONTEXT('2D SPACE',''
  ) );
#6402 = ORIENTED_EDGE('',*,*,#6353,.F.);
#6403 = ADVANCED_FACE('',(#6404),#6391,.T.);
#6404 = FACE_BOUND('',#6405,.F.);
#6405 = EDGE_LOOP('',(#6406,#6407,#6430,#6457));
#6406 = ORIENTED_EDGE('',*,*,#6376,.T.);
#6407 = ORIENTED_EDGE('',*,*,#6408,.T.);
#6408 = EDGE_CURVE('',#6354,#6409,#6411,.T.);
#6409 = VERTEX_POINT('',#6410);
#6410 = CARTESIAN_POINT('',(79.087767824114,23.330973461174,0.));
#6411 = SEAM_CURVE('',#6412,(#6416,#6423),.PCURVE_S1.);
#6412 = LINE('',#6413,#6414);
#6413 = CARTESIAN_POINT('',(79.094221237164,23.131563431592,0.));
#6414 = VECTOR('',#6415,1.);
#6415 = DIRECTION('',(-3.23455960482E-02,0.99947674431,0.));
#6416 = PCURVE('',#6391,#6417);
#6417 = DEFINITIONAL_REPRESENTATION('',(#6418),#6422);
#6418 = LINE('',#6419,#6420);
#6419 = CARTESIAN_POINT('',(-0.,0.));
#6420 = VECTOR('',#6421,1.);
#6421 = DIRECTION('',(-0.,1.));
#6422 = ( GEOMETRIC_REPRESENTATION_CONTEXT(2) 
PARAMETRIC_REPRESENTATION_CONTEXT() REPRESENTATION_CONTEXT('2D SPACE',''
  ) );
#6423 = PCURVE('',#6391,#6424);
#6424 = DEFINITIONAL_REPRESENTATION('',(#6425),#6429);
#6425 = LINE('',#6426,#6427);
#6426 = CARTESIAN_POINT('',(-6.28318530718,0.));
#6427 = VECTOR('',#6428,1.);
#6428 = DIRECTION('',(-0.,1.));
#6429 = ( GEOMETRIC_REPRESENTATION_CONTEXT(2) 
PARAMETRIC_REPRESENTATION_CONTEXT() REPRESENTATION_CONTEXT('2D SPACE',''
  ) );
#6430 = ORIENTED_EDGE('',*,*,#6431,.F.);
#6431 = EDGE_CURVE('',#6409,#6409,#6432,.T.);
#6432 = SURFACE_CURVE('',#6433,(#6438,#6445),.PCURVE_S1.);
#6433 = CIRCLE('',#6434,23.330973461174);
#6434 = AXIS2_PLACEMENT_3D('',#6435,#6436,#6437);
#6435 = CARTESIAN_POINT('',(79.087767824114,0.,0.));
#6436 = DIRECTION('',(1.,0.,0.));
#6437 = DIRECTION('',(-0.,1.,0.));
#6438 = PCURVE('',#6391,#6439);
#6439 = DEFINITIONAL_REPRESENTATION('',(#6440),#6444);
#6440 = LINE('',#6441,#6442);
#6441 = CARTESIAN_POINT('',(-0.,6.45341304994E-03));
#6442 = VECTOR('',#6443,1.);
#6443 = DIRECTION('',(-1.,0.));
#6444 = ( GEOMETRIC_REPRESENTATION_CONTEXT(2) 
PARAMETRIC_REPRESENTATION_CONTEXT() REPRESENTATION_CONTEXT('2D SPACE',''
  ) );
#6445 = PCURVE('',#6446,#6451);
#6446 = CONICAL_SURFACE('',#6447,23.330973461174,1.538272232317);
#6447 = AXIS2_PLACEMENT_3D('',#6448,#6449,#6450);
#6448 = CARTESIAN_POINT('',(79.087767824114,0.,0.));
#6449 = DIRECTION('',(-1.,-0.,-0.));
#6450 = DIRECTION('',(0.,1.,0.));
#6451 = DEFINITIONAL_REPRESENTATION('',(#6452),#6456);
#6452 = LINE('',#6453,#6454);
#6453 = CARTESIAN_POINT('',(-0.,0.));
#6454 = VECTOR('',#6455,1.);
#6455 = DIRECTION('',(-1.,0.));
#6456 = ( GEOMETRIC_REPRESENTATION_CONTEXT(2) 
PARAMETRIC_REPRESENTATION_CONTEXT() REPRESENTATION_CONTEXT('2D SPACE',''
  ) );
#6457 = ORIENTED_EDGE('',*,*,#6408,.F.);
#6458 = ADVANCED_FACE('',(#6459),#6446,.T.);
#6459 = FACE_BOUND('',#6460,.F.);
#6460 = EDGE_LOOP('',(#6461,#6462,#6485,#6512));
#6461 = ORIENTED_EDGE('',*,*,#6431,.T.);
#6462 = ORIENTED_EDGE('',*,*,#6463,.T.);
#6463 = EDGE_CURVE('',#6409,#6464,#6466,.T.);
#6464 = VERTEX_POINT('',#6465);
#6465 = CARTESIAN_POINT('',(79.081279905634,23.530383490757,0.));
#6466 = SEAM_CURVE('',#6467,(#6471,#6478),.PCURVE_S1.);
#6467 = LINE('',#6468,#6469);
#6468 = CARTESIAN_POINT('',(79.087767824114,23.330973461174,0.));
#6469 = VECTOR('',#6470,1.);
#6470 = DIRECTION('',(-3.251836069288E-02,0.999471138262,0.));
#6471 = PCURVE('',#6446,#6472);
#6472 = DEFINITIONAL_REPRESENTATION('',(#6473),#6477);
#6473 = LINE('',#6474,#6475);
#6474 = CARTESIAN_POINT('',(-0.,0.));
#6475 = VECTOR('',#6476,1.);
#6476 = DIRECTION('',(-0.,1.));
#6477 = ( GEOMETRIC_REPRESENTATION_CONTEXT(2) 
PARAMETRIC_REPRESENTATION_CONTEXT() REPRESENTATION_CONTEXT('2D SPACE',''
  ) );
#6478 = PCURVE('',#6446,#6479);
#6479 = DEFINITIONAL_REPRESENTATION('',(#6480),#6484);
#6480 = LINE('',#6481,#6482);
#6481 = CARTESIAN_POINT('',(-6.28318530718,0.));
#6482 = VECTOR('',#6483,1.);
#6483 = DIRECTION('',(-0.,1.));
#6484 = ( GEOMETRIC_REPRESENTATION_CONTEXT(2) 
PARAMETRIC_REPRESENTATION_CONTEXT() REPRESENTATION_CONTEXT('2D SPACE',''
  ) );
#6485 = ORIENTED_EDGE('',*,*,#6486,.F.);
#6486 = EDGE_CURVE('',#6464,#6464,#6487,.T.);
#6487 = SURFACE_CURVE('',#6488,(#6493,#6500),.PCURVE_S1.);
#6488 = CIRCLE('',#6489,23.530383490757);
#6489 = AXIS2_PLACEMENT_3D('',#6490,#6491,#6492);
#6490 = CARTESIAN_POINT('',(79.081279905634,0.,0.));
#6491 = DIRECTION('',(1.,0.,0.));
#6492 = DIRECTION('',(-0.,1.,0.));
#6493 = PCURVE('',#6446,#6494);
#6494 = DEFINITIONAL_REPRESENTATION('',(#6495),#6499);
#6495 = LINE('',#6496,#6497);
#6496 = CARTESIAN_POINT('',(-0.,6.487918479593E-03));
#6497 = VECTOR('',#6498,1.);
#6498 = DIRECTION('',(-1.,0.));
#6499 = ( GEOMETRIC_REPRESENTATION_CONTEXT(2) 
PARAMETRIC_REPRESENTATION_CONTEXT() REPRESENTATION_CONTEXT('2D SPACE',''
  ) );
#6500 = PCURVE('',#6501,#6506);
#6501 = CONICAL_SURFACE('',#6502,23.530383490757,1.538101718741);
#6502 = AXIS2_PLACEMENT_3D('',#6503,#6504,#6505);
#6503 = CARTESIAN_POINT('',(79.081279905634,0.,0.));
#6504 = DIRECTION('',(-1.,-0.,-0.));
#6505 = DIRECTION('',(0.,1.,0.));
#6506 = DEFINITIONAL_REPRESENTATION('',(#6507),#6511);
#6507 = LINE('',#6508,#6509);
#6508 = CARTESIAN_POINT('',(-0.,0.));
#6509 = VECTOR('',#6510,1.);
#6510 = DIRECTION('',(-1.,0.));
#6511 = ( GEOMETRIC_REPRESENTATION_CONTEXT(2) 
PARAMETRIC_REPRESENTATION_CONTEXT() REPRESENTATION_CONTEXT('2D SPACE',''
  ) );
#6512 = ORIENTED_EDGE('',*,*,#6463,.F.);
#6513 = ADVANCED_FACE('',(#6514),#6501,.T.);
#6514 = FACE_BOUND('',#6515,.F.);
#6515 = EDGE_LOOP('',(#6516,#6517,#6540,#6567));
#6516 = ORIENTED_EDGE('',*,*,#6486,.T.);
#6517 = ORIENTED_EDGE('',*,*,#6518,.T.);
#6518 = EDGE_CURVE('',#6464,#6519,#6521,.T.);
#6519 = VERTEX_POINT('',#6520);
#6520 = CARTESIAN_POINT('',(79.074757948855,23.72979352034,0.));
#6521 = SEAM_CURVE('',#6522,(#6526,#6533),.PCURVE_S1.);
#6522 = LINE('',#6523,#6524);
#6523 = CARTESIAN_POINT('',(79.081279905634,23.530383490757,0.));
#6524 = VECTOR('',#6525,1.);
#6525 = DIRECTION('',(-3.268878361692E-02,0.99946557891,0.));
#6526 = PCURVE('',#6501,#6527);
#6527 = DEFINITIONAL_REPRESENTATION('',(#6528),#6532);
#6528 = LINE('',#6529,#6530);
#6529 = CARTESIAN_POINT('',(-0.,0.));
#6530 = VECTOR('',#6531,1.);
#6531 = DIRECTION('',(-0.,1.));
#6532 = ( GEOMETRIC_REPRESENTATION_CONTEXT(2) 
PARAMETRIC_REPRESENTATION_CONTEXT() REPRESENTATION_CONTEXT('2D SPACE',''
  ) );
#6533 = PCURVE('',#6501,#6534);
#6534 = DEFINITIONAL_REPRESENTATION('',(#6535),#6539);
#6535 = LINE('',#6536,#6537);
#6536 = CARTESIAN_POINT('',(-6.28318530718,0.));
#6537 = VECTOR('',#6538,1.);
#6538 = DIRECTION('',(-0.,1.));
#6539 = ( GEOMETRIC_REPRESENTATION_CONTEXT(2) 
PARAMETRIC_REPRESENTATION_CONTEXT() REPRESENTATION_CONTEXT('2D SPACE',''
  ) );
#6540 = ORIENTED_EDGE('',*,*,#6541,.F.);
#6541 = EDGE_CURVE('',#6519,#6519,#6542,.T.);
#6542 = SURFACE_CURVE('',#6543,(#6548,#6555),.PCURVE_S1.);
#6543 = CIRCLE('',#6544,23.72979352034);
#6544 = AXIS2_PLACEMENT_3D('',#6545,#6546,#6547);
#6545 = CARTESIAN_POINT('',(79.074757948855,0.,0.));
#6546 = DIRECTION('',(1.,0.,0.));
#6547 = DIRECTION('',(-0.,1.,0.));
#6548 = PCURVE('',#6501,#6549);
#6549 = DEFINITIONAL_REPRESENTATION('',(#6550),#6554);
#6550 = LINE('',#6551,#6552);
#6551 = CARTESIAN_POINT('',(-0.,6.521956779324E-03));
#6552 = VECTOR('',#6553,1.);
#6553 = DIRECTION('',(-1.,0.));
#6554 = ( GEOMETRIC_REPRESENTATION_CONTEXT(2) 
PARAMETRIC_REPRESENTATION_CONTEXT() REPRESENTATION_CONTEXT('2D SPACE',''
  ) );
#6555 = PCURVE('',#6556,#6561);
#6556 = CYLINDRICAL_SURFACE('',#6557,23.72979352034);
#6557 = AXIS2_PLACEMENT_3D('',#6558,#6559,#6560);
#6558 = CARTESIAN_POINT('',(79.074757948855,0.,0.));
#6559 = DIRECTION('',(-1.,-0.,-0.));
#6560 = DIRECTION('',(0.,1.,0.));
#6561 = DEFINITIONAL_REPRESENTATION('',(#6562),#6566);
#6562 = LINE('',#6563,#6564);
#6563 = CARTESIAN_POINT('',(-0.,0.));
#6564 = VECTOR('',#6565,1.);
#6565 = DIRECTION('',(-1.,0.));
#6566 = ( GEOMETRIC_REPRESENTATION_CONTEXT(2) 
PARAMETRIC_REPRESENTATION_CONTEXT() REPRESENTATION_CONTEXT('2D SPACE',''
  ) );
#6567 = ORIENTED_EDGE('',*,*,#6518,.F.);
#6568 = ADVANCED_FACE('',(#6569),#6556,.T.);
#6569 = FACE_BOUND('',#6570,.F.);
#6570 = EDGE_LOOP('',(#6571,#6572,#6595,#6622));
#6571 = ORIENTED_EDGE('',*,*,#6541,.T.);
#6572 = ORIENTED_EDGE('',*,*,#6573,.T.);
#6573 = EDGE_CURVE('',#6519,#6574,#6576,.T.);
#6574 = VERTEX_POINT('',#6575);
#6575 = CARTESIAN_POINT('',(75.074757948855,23.72979352034,0.));
#6576 = SEAM_CURVE('',#6577,(#6581,#6588),.PCURVE_S1.);
#6577 = LINE('',#6578,#6579);
#6578 = CARTESIAN_POINT('',(79.074757948855,23.72979352034,0.));
#6579 = VECTOR('',#6580,1.);
#6580 = DIRECTION('',(-1.,0.,0.));
#6581 = PCURVE('',#6556,#6582);
#6582 = DEFINITIONAL_REPRESENTATION('',(#6583),#6587);
#6583 = LINE('',#6584,#6585);
#6584 = CARTESIAN_POINT('',(-0.,0.));
#6585 = VECTOR('',#6586,1.);
#6586 = DIRECTION('',(-0.,1.));
#6587 = ( GEOMETRIC_REPRESENTATION_CONTEXT(2) 
PARAMETRIC_REPRESENTATION_CONTEXT() REPRESENTATION_CONTEXT('2D SPACE',''
  ) );
#6588 = PCURVE('',#6556,#6589);
#6589 = DEFINITIONAL_REPRESENTATION('',(#6590),#6594);
#6590 = LINE('',#6591,#6592);
#6591 = CARTESIAN_POINT('',(-6.28318530718,0.));
#6592 = VECTOR('',#6593,1.);
#6593 = DIRECTION('',(-0.,1.));
#6594 = ( GEOMETRIC_REPRESENTATION_CONTEXT(2) 
PARAMETRIC_REPRESENTATION_CONTEXT() REPRESENTATION_CONTEXT('2D SPACE',''
  ) );
#6595 = ORIENTED_EDGE('',*,*,#6596,.F.);
#6596 = EDGE_CURVE('',#6574,#6574,#6597,.T.);
#6597 = SURFACE_CURVE('',#6598,(#6603,#6610),.PCURVE_S1.);
#6598 = CIRCLE('',#6599,23.72979352034);
#6599 = AXIS2_PLACEMENT_3D('',#6600,#6601,#6602);
#6600 = CARTESIAN_POINT('',(75.074757948855,0.,0.));
#6601 = DIRECTION('',(1.,0.,0.));
#6602 = DIRECTION('',(-0.,1.,0.));
#6603 = PCURVE('',#6556,#6604);
#6604 = DEFINITIONAL_REPRESENTATION('',(#6605),#6609);
#6605 = LINE('',#6606,#6607);
#6606 = CARTESIAN_POINT('',(-0.,4.));
#6607 = VECTOR('',#6608,1.);
#6608 = DIRECTION('',(-1.,0.));
#6609 = ( GEOMETRIC_REPRESENTATION_CONTEXT(2) 
PARAMETRIC_REPRESENTATION_CONTEXT() REPRESENTATION_CONTEXT('2D SPACE',''
  ) );
#6610 = PCURVE('',#6611,#6616);
#6611 = CONICAL_SURFACE('',#6612,23.72979352034,1.538101718741);
#6612 = AXIS2_PLACEMENT_3D('',#6613,#6614,#6615);
#6613 = CARTESIAN_POINT('',(75.074757948855,0.,0.));
#6614 = DIRECTION('',(1.,0.,0.));
#6615 = DIRECTION('',(0.,1.,0.));
#6616 = DEFINITIONAL_REPRESENTATION('',(#6617),#6621);
#6617 = LINE('',#6618,#6619);
#6618 = CARTESIAN_POINT('',(0.,-0.));
#6619 = VECTOR('',#6620,1.);
#6620 = DIRECTION('',(1.,-0.));
#6621 = ( GEOMETRIC_REPRESENTATION_CONTEXT(2) 
PARAMETRIC_REPRESENTATION_CONTEXT() REPRESENTATION_CONTEXT('2D SPACE',''
  ) );
#6622 = ORIENTED_EDGE('',*,*,#6573,.F.);
#6623 = ADVANCED_FACE('',(#6624),#6611,.T.);
#6624 = FACE_BOUND('',#6625,.F.);
#6625 = EDGE_LOOP('',(#6626,#6627,#6650,#6677));
#6626 = ORIENTED_EDGE('',*,*,#6596,.T.);
#6627 = ORIENTED_EDGE('',*,*,#6628,.T.);
#6628 = EDGE_CURVE('',#6574,#6629,#6631,.T.);
#6629 = VERTEX_POINT('',#6630);
#6630 = CARTESIAN_POINT('',(75.068235992075,23.530383490757,0.));
#6631 = SEAM_CURVE('',#6632,(#6636,#6643),.PCURVE_S1.);
#6632 = LINE('',#6633,#6634);
#6633 = CARTESIAN_POINT('',(75.074757948855,23.72979352034,0.));
#6634 = VECTOR('',#6635,1.);
#6635 = DIRECTION('',(-3.268878361692E-02,-0.99946557891,0.));
#6636 = PCURVE('',#6611,#6637);
#6637 = DEFINITIONAL_REPRESENTATION('',(#6638),#6642);
#6638 = LINE('',#6639,#6640);
#6639 = CARTESIAN_POINT('',(0.,-0.));
#6640 = VECTOR('',#6641,1.);
#6641 = DIRECTION('',(0.,-1.));
#6642 = ( GEOMETRIC_REPRESENTATION_CONTEXT(2) 
PARAMETRIC_REPRESENTATION_CONTEXT() REPRESENTATION_CONTEXT('2D SPACE',''
  ) );
#6643 = PCURVE('',#6611,#6644);
#6644 = DEFINITIONAL_REPRESENTATION('',(#6645),#6649);
#6645 = LINE('',#6646,#6647);
#6646 = CARTESIAN_POINT('',(6.28318530718,-0.));
#6647 = VECTOR('',#6648,1.);
#6648 = DIRECTION('',(0.,-1.));
#6649 = ( GEOMETRIC_REPRESENTATION_CONTEXT(2) 
PARAMETRIC_REPRESENTATION_CONTEXT() REPRESENTATION_CONTEXT('2D SPACE',''
  ) );
#6650 = ORIENTED_EDGE('',*,*,#6651,.F.);
#6651 = EDGE_CURVE('',#6629,#6629,#6652,.T.);
#6652 = SURFACE_CURVE('',#6653,(#6658,#6665),.PCURVE_S1.);
#6653 = CIRCLE('',#6654,23.530383490757);
#6654 = AXIS2_PLACEMENT_3D('',#6655,#6656,#6657);
#6655 = CARTESIAN_POINT('',(75.068235992075,0.,0.));
#6656 = DIRECTION('',(1.,0.,0.));
#6657 = DIRECTION('',(-0.,1.,0.));
#6658 = PCURVE('',#6611,#6659);
#6659 = DEFINITIONAL_REPRESENTATION('',(#6660),#6664);
#6660 = LINE('',#6661,#6662);
#6661 = CARTESIAN_POINT('',(0.,-6.521956779324E-03));
#6662 = VECTOR('',#6663,1.);
#6663 = DIRECTION('',(1.,-0.));
#6664 = ( GEOMETRIC_REPRESENTATION_CONTEXT(2) 
PARAMETRIC_REPRESENTATION_CONTEXT() REPRESENTATION_CONTEXT('2D SPACE',''
  ) );
#6665 = PCURVE('',#6666,#6671);
#6666 = CONICAL_SURFACE('',#6667,23.530383490757,1.538272232317);
#6667 = AXIS2_PLACEMENT_3D('',#6668,#6669,#6670);
#6668 = CARTESIAN_POINT('',(75.068235992075,0.,0.));
#6669 = DIRECTION('',(1.,0.,0.));
#6670 = DIRECTION('',(0.,1.,0.));
#6671 = DEFINITIONAL_REPRESENTATION('',(#6672),#6676);
#6672 = LINE('',#6673,#6674);
#6673 = CARTESIAN_POINT('',(0.,-0.));
#6674 = VECTOR('',#6675,1.);
#6675 = DIRECTION('',(1.,-0.));
#6676 = ( GEOMETRIC_REPRESENTATION_CONTEXT(2) 
PARAMETRIC_REPRESENTATION_CONTEXT() REPRESENTATION_CONTEXT('2D SPACE',''
  ) );
#6677 = ORIENTED_EDGE('',*,*,#6628,.F.);
#6678 = ADVANCED_FACE('',(#6679),#6666,.T.);
#6679 = FACE_BOUND('',#6680,.F.);
#6680 = EDGE_LOOP('',(#6681,#6682,#6705,#6732));
#6681 = ORIENTED_EDGE('',*,*,#6651,.T.);
#6682 = ORIENTED_EDGE('',*,*,#6683,.T.);
#6683 = EDGE_CURVE('',#6629,#6684,#6686,.T.);
#6684 = VERTEX_POINT('',#6685);
#6685 = CARTESIAN_POINT('',(75.061748073596,23.330973461174,0.));
#6686 = SEAM_CURVE('',#6687,(#6691,#6698),.PCURVE_S1.);
#6687 = LINE('',#6688,#6689);
#6688 = CARTESIAN_POINT('',(75.068235992075,23.530383490757,0.));
#6689 = VECTOR('',#6690,1.);
#6690 = DIRECTION('',(-3.251836069288E-02,-0.999471138262,0.));
#6691 = PCURVE('',#6666,#6692);
#6692 = DEFINITIONAL_REPRESENTATION('',(#6693),#6697);
#6693 = LINE('',#6694,#6695);
#6694 = CARTESIAN_POINT('',(0.,-0.));
#6695 = VECTOR('',#6696,1.);
#6696 = DIRECTION('',(0.,-1.));
#6697 = ( GEOMETRIC_REPRESENTATION_CONTEXT(2) 
PARAMETRIC_REPRESENTATION_CONTEXT() REPRESENTATION_CONTEXT('2D SPACE',''
  ) );
#6698 = PCURVE('',#6666,#6699);
#6699 = DEFINITIONAL_REPRESENTATION('',(#6700),#6704);
#6700 = LINE('',#6701,#6702);
#6701 = CARTESIAN_POINT('',(6.28318530718,-0.));
#6702 = VECTOR('',#6703,1.);
#6703 = DIRECTION('',(0.,-1.));
#6704 = ( GEOMETRIC_REPRESENTATION_CONTEXT(2) 
PARAMETRIC_REPRESENTATION_CONTEXT() REPRESENTATION_CONTEXT('2D SPACE',''
  ) );
#6705 = ORIENTED_EDGE('',*,*,#6706,.F.);
#6706 = EDGE_CURVE('',#6684,#6684,#6707,.T.);
#6707 = SURFACE_CURVE('',#6708,(#6713,#6720),.PCURVE_S1.);
#6708 = CIRCLE('',#6709,23.330973461174);
#6709 = AXIS2_PLACEMENT_3D('',#6710,#6711,#6712);
#6710 = CARTESIAN_POINT('',(75.061748073596,0.,0.));
#6711 = DIRECTION('',(1.,0.,0.));
#6712 = DIRECTION('',(-0.,1.,0.));
#6713 = PCURVE('',#6666,#6714);
#6714 = DEFINITIONAL_REPRESENTATION('',(#6715),#6719);
#6715 = LINE('',#6716,#6717);
#6716 = CARTESIAN_POINT('',(0.,-6.487918479593E-03));
#6717 = VECTOR('',#6718,1.);
#6718 = DIRECTION('',(1.,-0.));
#6719 = ( GEOMETRIC_REPRESENTATION_CONTEXT(2) 
PARAMETRIC_REPRESENTATION_CONTEXT() REPRESENTATION_CONTEXT('2D SPACE',''
  ) );
#6720 = PCURVE('',#6721,#6726);
#6721 = CONICAL_SURFACE('',#6722,23.330973461174,1.538445087893);
#6722 = AXIS2_PLACEMENT_3D('',#6723,#6724,#6725);
#6723 = CARTESIAN_POINT('',(75.061748073596,0.,0.));
#6724 = DIRECTION('',(1.,0.,0.));
#6725 = DIRECTION('',(0.,1.,0.));
#6726 = DEFINITIONAL_REPRESENTATION('',(#6727),#6731);
#6727 = LINE('',#6728,#6729);
#6728 = CARTESIAN_POINT('',(0.,-0.));
#6729 = VECTOR('',#6730,1.);
#6730 = DIRECTION('',(1.,-0.));
#6731 = ( GEOMETRIC_REPRESENTATION_CONTEXT(2) 
PARAMETRIC_REPRESENTATION_CONTEXT() REPRESENTATION_CONTEXT('2D SPACE',''
  ) );
#6732 = ORIENTED_EDGE('',*,*,#6683,.F.);
#6733 = ADVANCED_FACE('',(#6734),#6721,.T.);
#6734 = FACE_BOUND('',#6735,.F.);
#6735 = EDGE_LOOP('',(#6736,#6737,#6760,#6787));
#6736 = ORIENTED_EDGE('',*,*,#6706,.T.);
#6737 = ORIENTED_EDGE('',*,*,#6738,.T.);
#6738 = EDGE_CURVE('',#6684,#6739,#6741,.T.);
#6739 = VERTEX_POINT('',#6740);
#6740 = CARTESIAN_POINT('',(75.055294660546,23.131563431592,0.));
#6741 = SEAM_CURVE('',#6742,(#6746,#6753),.PCURVE_S1.);
#6742 = LINE('',#6743,#6744);
#6743 = CARTESIAN_POINT('',(75.061748073596,23.330973461174,0.));
#6744 = VECTOR('',#6745,1.);
#6745 = DIRECTION('',(-3.234559604813E-02,-0.99947674431,0.));
#6746 = PCURVE('',#6721,#6747);
#6747 = DEFINITIONAL_REPRESENTATION('',(#6748),#6752);
#6748 = LINE('',#6749,#6750);
#6749 = CARTESIAN_POINT('',(0.,-0.));
#6750 = VECTOR('',#6751,1.);
#6751 = DIRECTION('',(0.,-1.));
#6752 = ( GEOMETRIC_REPRESENTATION_CONTEXT(2) 
PARAMETRIC_REPRESENTATION_CONTEXT() REPRESENTATION_CONTEXT('2D SPACE',''
  ) );
#6753 = PCURVE('',#6721,#6754);
#6754 = DEFINITIONAL_REPRESENTATION('',(#6755),#6759);
#6755 = LINE('',#6756,#6757);
#6756 = CARTESIAN_POINT('',(6.28318530718,-0.));
#6757 = VECTOR('',#6758,1.);
#6758 = DIRECTION('',(0.,-1.));
#6759 = ( GEOMETRIC_REPRESENTATION_CONTEXT(2) 
PARAMETRIC_REPRESENTATION_CONTEXT() REPRESENTATION_CONTEXT('2D SPACE',''
  ) );
#6760 = ORIENTED_EDGE('',*,*,#6761,.F.);
#6761 = EDGE_CURVE('',#6739,#6739,#6762,.T.);
#6762 = SURFACE_CURVE('',#6763,(#6768,#6775),.PCURVE_S1.);
#6763 = CIRCLE('',#6764,23.131563431592);
#6764 = AXIS2_PLACEMENT_3D('',#6765,#6766,#6767);
#6765 = CARTESIAN_POINT('',(75.055294660546,0.,0.));
#6766 = DIRECTION('',(1.,0.,0.));
#6767 = DIRECTION('',(-0.,1.,0.));
#6768 = PCURVE('',#6721,#6769);
#6769 = DEFINITIONAL_REPRESENTATION('',(#6770),#6774);
#6770 = LINE('',#6771,#6772);
#6771 = CARTESIAN_POINT('',(0.,-6.453413049925E-03));
#6772 = VECTOR('',#6773,1.);
#6773 = DIRECTION('',(1.,-0.));
#6774 = ( GEOMETRIC_REPRESENTATION_CONTEXT(2) 
PARAMETRIC_REPRESENTATION_CONTEXT() REPRESENTATION_CONTEXT('2D SPACE',''
  ) );
#6775 = PCURVE('',#6776,#6781);
#6776 = CONICAL_SURFACE('',#6777,23.131563431592,1.538620278804);
#6777 = AXIS2_PLACEMENT_3D('',#6778,#6779,#6780);
#6778 = CARTESIAN_POINT('',(75.055294660546,0.,0.));
#6779 = DIRECTION('',(1.,0.,0.));
#6780 = DIRECTION('',(0.,1.,0.));
#6781 = DEFINITIONAL_REPRESENTATION('',(#6782),#6786);
#6782 = LINE('',#6783,#6784);
#6783 = CARTESIAN_POINT('',(0.,-0.));
#6784 = VECTOR('',#6785,1.);
#6785 = DIRECTION('',(1.,-0.));
#6786 = ( GEOMETRIC_REPRESENTATION_CONTEXT(2) 
PARAMETRIC_REPRESENTATION_CONTEXT() REPRESENTATION_CONTEXT('2D SPACE',''
  ) );
#6787 = ORIENTED_EDGE('',*,*,#6738,.F.);
#6788 = ADVANCED_FACE('',(#6789),#6776,.T.);
#6789 = FACE_BOUND('',#6790,.F.);
#6790 = EDGE_LOOP('',(#6791,#6792,#6815,#6842));
#6791 = ORIENTED_EDGE('',*,*,#6761,.T.);
#6792 = ORIENTED_EDGE('',*,*,#6793,.T.);
#6793 = EDGE_CURVE('',#6739,#6794,#6796,.T.);
#6794 = VERTEX_POINT('',#6795);
#6795 = CARTESIAN_POINT('',(75.048876218711,22.932153402009,0.));
#6796 = SEAM_CURVE('',#6797,(#6801,#6808),.PCURVE_S1.);
#6797 = LINE('',#6798,#6799);
#6798 = CARTESIAN_POINT('',(75.055294660546,23.131563431592,0.));
#6799 = VECTOR('',#6800,1.);
#6800 = DIRECTION('',(-3.217049631197E-02,-0.999482395626,0.));
#6801 = PCURVE('',#6776,#6802);
#6802 = DEFINITIONAL_REPRESENTATION('',(#6803),#6807);
#6803 = LINE('',#6804,#6805);
#6804 = CARTESIAN_POINT('',(0.,-0.));
#6805 = VECTOR('',#6806,1.);
#6806 = DIRECTION('',(0.,-1.));
#6807 = ( GEOMETRIC_REPRESENTATION_CONTEXT(2) 
PARAMETRIC_REPRESENTATION_CONTEXT() REPRESENTATION_CONTEXT('2D SPACE',''
  ) );
#6808 = PCURVE('',#6776,#6809);
#6809 = DEFINITIONAL_REPRESENTATION('',(#6810),#6814);
#6810 = LINE('',#6811,#6812);
#6811 = CARTESIAN_POINT('',(6.28318530718,-0.));
#6812 = VECTOR('',#6813,1.);
#6813 = DIRECTION('',(0.,-1.));
#6814 = ( GEOMETRIC_REPRESENTATION_CONTEXT(2) 
PARAMETRIC_REPRESENTATION_CONTEXT() REPRESENTATION_CONTEXT('2D SPACE',''
  ) );
#6815 = ORIENTED_EDGE('',*,*,#6816,.F.);
#6816 = EDGE_CURVE('',#6794,#6794,#6817,.T.);
#6817 = SURFACE_CURVE('',#6818,(#6823,#6830),.PCURVE_S1.);
#6818 = CIRCLE('',#6819,22.932153402009);
#6819 = AXIS2_PLACEMENT_3D('',#6820,#6821,#6822);
#6820 = CARTESIAN_POINT('',(75.048876218711,0.,0.));
#6821 = DIRECTION('',(1.,0.,0.));
#6822 = DIRECTION('',(-0.,1.,0.));
#6823 = PCURVE('',#6776,#6824);
#6824 = DEFINITIONAL_REPRESENTATION('',(#6825),#6829);
#6825 = LINE('',#6826,#6827);
#6826 = CARTESIAN_POINT('',(0.,-6.418441834825E-03));
#6827 = VECTOR('',#6828,1.);
#6828 = DIRECTION('',(1.,-0.));
#6829 = ( GEOMETRIC_REPRESENTATION_CONTEXT(2) 
PARAMETRIC_REPRESENTATION_CONTEXT() REPRESENTATION_CONTEXT('2D SPACE',''
  ) );
#6830 = PCURVE('',#6831,#6836);
#6831 = CONICAL_SURFACE('',#6832,22.932153402009,1.538797798102);
#6832 = AXIS2_PLACEMENT_3D('',#6833,#6834,#6835);
#6833 = CARTESIAN_POINT('',(75.048876218711,0.,0.));
#6834 = DIRECTION('',(1.,0.,0.));
#6835 = DIRECTION('',(0.,1.,0.));
#6836 = DEFINITIONAL_REPRESENTATION('',(#6837),#6841);
#6837 = LINE('',#6838,#6839);
#6838 = CARTESIAN_POINT('',(0.,-0.));
#6839 = VECTOR('',#6840,1.);
#6840 = DIRECTION('',(1.,-0.));
#6841 = ( GEOMETRIC_REPRESENTATION_CONTEXT(2) 
PARAMETRIC_REPRESENTATION_CONTEXT() REPRESENTATION_CONTEXT('2D SPACE',''
  ) );
#6842 = ORIENTED_EDGE('',*,*,#6793,.F.);
#6843 = ADVANCED_FACE('',(#6844),#6831,.T.);
#6844 = FACE_BOUND('',#6845,.F.);
#6845 = EDGE_LOOP('',(#6846,#6847,#6870,#6897));
#6846 = ORIENTED_EDGE('',*,*,#6816,.T.);
#6847 = ORIENTED_EDGE('',*,*,#6848,.T.);
#6848 = EDGE_CURVE('',#6794,#6849,#6851,.T.);
#6849 = VERTEX_POINT('',#6850);
#6850 = CARTESIAN_POINT('',(75.042493212477,22.732743372426,0.));
#6851 = SEAM_CURVE('',#6852,(#6856,#6863),.PCURVE_S1.);
#6852 = LINE('',#6853,#6854);
#6853 = CARTESIAN_POINT('',(75.048876218711,22.932153402009,0.));
#6854 = VECTOR('',#6855,1.);
#6855 = DIRECTION('',(-3.199306839255E-02,-0.999488090762,0.));
#6856 = PCURVE('',#6831,#6857);
#6857 = DEFINITIONAL_REPRESENTATION('',(#6858),#6862);
#6858 = LINE('',#6859,#6860);
#6859 = CARTESIAN_POINT('',(0.,-0.));
#6860 = VECTOR('',#6861,1.);
#6861 = DIRECTION('',(0.,-1.));
#6862 = ( GEOMETRIC_REPRESENTATION_CONTEXT(2) 
PARAMETRIC_REPRESENTATION_CONTEXT() REPRESENTATION_CONTEXT('2D SPACE',''
  ) );
#6863 = PCURVE('',#6831,#6864);
#6864 = DEFINITIONAL_REPRESENTATION('',(#6865),#6869);
#6865 = LINE('',#6866,#6867);
#6866 = CARTESIAN_POINT('',(6.28318530718,-0.));
#6867 = VECTOR('',#6868,1.);
#6868 = DIRECTION('',(0.,-1.));
#6869 = ( GEOMETRIC_REPRESENTATION_CONTEXT(2) 
PARAMETRIC_REPRESENTATION_CONTEXT() REPRESENTATION_CONTEXT('2D SPACE',''
  ) );
#6870 = ORIENTED_EDGE('',*,*,#6871,.F.);
#6871 = EDGE_CURVE('',#6849,#6849,#6872,.T.);
#6872 = SURFACE_CURVE('',#6873,(#6878,#6885),.PCURVE_S1.);
#6873 = CIRCLE('',#6874,22.732743372426);
#6874 = AXIS2_PLACEMENT_3D('',#6875,#6876,#6877);
#6875 = CARTESIAN_POINT('',(75.042493212477,0.,0.));
#6876 = DIRECTION('',(1.,0.,0.));
#6877 = DIRECTION('',(-0.,1.,0.));
#6878 = PCURVE('',#6831,#6879);
#6879 = DEFINITIONAL_REPRESENTATION('',(#6880),#6884);
#6880 = LINE('',#6881,#6882);
#6881 = CARTESIAN_POINT('',(0.,-6.383006234458E-03));
#6882 = VECTOR('',#6883,1.);
#6883 = DIRECTION('',(1.,-0.));
#6884 = ( GEOMETRIC_REPRESENTATION_CONTEXT(2) 
PARAMETRIC_REPRESENTATION_CONTEXT() REPRESENTATION_CONTEXT('2D SPACE',''
  ) );
#6885 = PCURVE('',#6886,#6891);
#6886 = CONICAL_SURFACE('',#6887,22.732743372426,1.538977638564);
#6887 = AXIS2_PLACEMENT_3D('',#6888,#6889,#6890);
#6888 = CARTESIAN_POINT('',(75.042493212477,0.,0.));
#6889 = DIRECTION('',(1.,0.,0.));
#6890 = DIRECTION('',(0.,1.,0.));
#6891 = DEFINITIONAL_REPRESENTATION('',(#6892),#6896);
#6892 = LINE('',#6893,#6894);
#6893 = CARTESIAN_POINT('',(0.,-0.));
#6894 = VECTOR('',#6895,1.);
#6895 = DIRECTION('',(1.,-0.));
#6896 = ( GEOMETRIC_REPRESENTATION_CONTEXT(2) 
PARAMETRIC_REPRESENTATION_CONTEXT() REPRESENTATION_CONTEXT('2D SPACE',''
  ) );
#6897 = ORIENTED_EDGE('',*,*,#6848,.F.);
#6898 = ADVANCED_FACE('',(#6899),#6886,.T.);
#6899 = FACE_BOUND('',#6900,.F.);
#6900 = EDGE_LOOP('',(#6901,#6902,#6925,#6952));
#6901 = ORIENTED_EDGE('',*,*,#6871,.T.);
#6902 = ORIENTED_EDGE('',*,*,#6903,.T.);
#6903 = EDGE_CURVE('',#6849,#6904,#6906,.T.);
#6904 = VERTEX_POINT('',#6905);
#6905 = CARTESIAN_POINT('',(75.036146104772,22.533333342844,0.));
#6906 = SEAM_CURVE('',#6907,(#6911,#6918),.PCURVE_S1.);
#6907 = LINE('',#6908,#6909);
#6908 = CARTESIAN_POINT('',(75.042493212477,22.732743372426,0.));
#6909 = VECTOR('',#6910,1.);
#6910 = DIRECTION('',(-3.181331947631E-02,-0.999493828247,0.));
#6911 = PCURVE('',#6886,#6912);
#6912 = DEFINITIONAL_REPRESENTATION('',(#6913),#6917);
#6913 = LINE('',#6914,#6915);
#6914 = CARTESIAN_POINT('',(0.,-0.));
#6915 = VECTOR('',#6916,1.);
#6916 = DIRECTION('',(0.,-1.));
#6917 = ( GEOMETRIC_REPRESENTATION_CONTEXT(2) 
PARAMETRIC_REPRESENTATION_CONTEXT() REPRESENTATION_CONTEXT('2D SPACE',''
  ) );
#6918 = PCURVE('',#6886,#6919);
#6919 = DEFINITIONAL_REPRESENTATION('',(#6920),#6924);
#6920 = LINE('',#6921,#6922);
#6921 = CARTESIAN_POINT('',(6.28318530718,-0.));
#6922 = VECTOR('',#6923,1.);
#6923 = DIRECTION('',(0.,-1.));
#6924 = ( GEOMETRIC_REPRESENTATION_CONTEXT(2) 
PARAMETRIC_REPRESENTATION_CONTEXT() REPRESENTATION_CONTEXT('2D SPACE',''
  ) );
#6925 = ORIENTED_EDGE('',*,*,#6926,.F.);
#6926 = EDGE_CURVE('',#6904,#6904,#6927,.T.);
#6927 = SURFACE_CURVE('',#6928,(#6933,#6940),.PCURVE_S1.);
#6928 = CIRCLE('',#6929,22.533333342844);
#6929 = AXIS2_PLACEMENT_3D('',#6930,#6931,#6932);
#6930 = CARTESIAN_POINT('',(75.036146104772,0.,0.));
#6931 = DIRECTION('',(1.,0.,0.));
#6932 = DIRECTION('',(-0.,1.,0.));
#6933 = PCURVE('',#6886,#6934);
#6934 = DEFINITIONAL_REPRESENTATION('',(#6935),#6939);
#6935 = LINE('',#6936,#6937);
#6936 = CARTESIAN_POINT('',(0.,-6.347107704528E-03));
#6937 = VECTOR('',#6938,1.);
#6938 = DIRECTION('',(1.,-0.));
#6939 = ( GEOMETRIC_REPRESENTATION_CONTEXT(2) 
PARAMETRIC_REPRESENTATION_CONTEXT() REPRESENTATION_CONTEXT('2D SPACE',''
  ) );
#6940 = PCURVE('',#6941,#6946);
#6941 = CONICAL_SURFACE('',#6942,22.533333342844,1.539159792686);
#6942 = AXIS2_PLACEMENT_3D('',#6943,#6944,#6945);
#6943 = CARTESIAN_POINT('',(75.036146104772,0.,0.));
#6944 = DIRECTION('',(1.,0.,0.));
#6945 = DIRECTION('',(0.,1.,0.));
#6946 = DEFINITIONAL_REPRESENTATION('',(#6947),#6951);
#6947 = LINE('',#6948,#6949);
#6948 = CARTESIAN_POINT('',(0.,-0.));
#6949 = VECTOR('',#6950,1.);
#6950 = DIRECTION('',(1.,-0.));
#6951 = ( GEOMETRIC_REPRESENTATION_CONTEXT(2) 
PARAMETRIC_REPRESENTATION_CONTEXT() REPRESENTATION_CONTEXT('2D SPACE',''
  ) );
#6952 = ORIENTED_EDGE('',*,*,#6903,.F.);
#6953 = ADVANCED_FACE('',(#6954),#6941,.T.);
#6954 = FACE_BOUND('',#6955,.F.);
#6955 = EDGE_LOOP('',(#6956,#6957,#6980,#7007));
#6956 = ORIENTED_EDGE('',*,*,#6926,.T.);
#6957 = ORIENTED_EDGE('',*,*,#6958,.T.);
#6958 = EDGE_CURVE('',#6904,#6959,#6961,.T.);
#6959 = VERTEX_POINT('',#6960);
#6960 = CARTESIAN_POINT('',(75.029835357016,22.333923313261,0.));
#6961 = SEAM_CURVE('',#6962,(#6966,#6973),.PCURVE_S1.);
#6962 = LINE('',#6963,#6964);
#6963 = CARTESIAN_POINT('',(75.036146104772,22.533333342844,0.));
#6964 = VECTOR('',#6965,1.);
#6965 = DIRECTION('',(-3.163125702798E-02,-0.999499606593,0.));
#6966 = PCURVE('',#6941,#6967);
#6967 = DEFINITIONAL_REPRESENTATION('',(#6968),#6972);
#6968 = LINE('',#6969,#6970);
#6969 = CARTESIAN_POINT('',(0.,-0.));
#6970 = VECTOR('',#6971,1.);
#6971 = DIRECTION('',(0.,-1.));
#6972 = ( GEOMETRIC_REPRESENTATION_CONTEXT(2) 
PARAMETRIC_REPRESENTATION_CONTEXT() REPRESENTATION_CONTEXT('2D SPACE',''
  ) );
#6973 = PCURVE('',#6941,#6974);
#6974 = DEFINITIONAL_REPRESENTATION('',(#6975),#6979);
#6975 = LINE('',#6976,#6977);
#6976 = CARTESIAN_POINT('',(6.28318530718,-0.));
#6977 = VECTOR('',#6978,1.);
#6978 = DIRECTION('',(0.,-1.));
#6979 = ( GEOMETRIC_REPRESENTATION_CONTEXT(2) 
PARAMETRIC_REPRESENTATION_CONTEXT() REPRESENTATION_CONTEXT('2D SPACE',''
  ) );
#6980 = ORIENTED_EDGE('',*,*,#6981,.F.);
#6981 = EDGE_CURVE('',#6959,#6959,#6982,.T.);
#6982 = SURFACE_CURVE('',#6983,(#6988,#6995),.PCURVE_S1.);
#6983 = CIRCLE('',#6984,22.333923313261);
#6984 = AXIS2_PLACEMENT_3D('',#6985,#6986,#6987);
#6985 = CARTESIAN_POINT('',(75.029835357016,0.,0.));
#6986 = DIRECTION('',(1.,0.,0.));
#6987 = DIRECTION('',(-0.,1.,0.));
#6988 = PCURVE('',#6941,#6989);
#6989 = DEFINITIONAL_REPRESENTATION('',(#6990),#6994);
#6990 = LINE('',#6991,#6992);
#6991 = CARTESIAN_POINT('',(0.,-6.31074775626E-03));
#6992 = VECTOR('',#6993,1.);
#6993 = DIRECTION('',(1.,-0.));
#6994 = ( GEOMETRIC_REPRESENTATION_CONTEXT(2) 
PARAMETRIC_REPRESENTATION_CONTEXT() REPRESENTATION_CONTEXT('2D SPACE',''
  ) );
#6995 = PCURVE('',#6996,#7001);
#6996 = CONICAL_SURFACE('',#6997,22.333923313261,1.539344252689);
#6997 = AXIS2_PLACEMENT_3D('',#6998,#6999,#7000);
#6998 = CARTESIAN_POINT('',(75.029835357016,0.,0.));
#6999 = DIRECTION('',(1.,0.,0.));
#7000 = DIRECTION('',(0.,1.,0.));
#7001 = DEFINITIONAL_REPRESENTATION('',(#7002),#7006);
#7002 = LINE('',#7003,#7004);
#7003 = CARTESIAN_POINT('',(0.,-0.));
#7004 = VECTOR('',#7005,1.);
#7005 = DIRECTION('',(1.,-0.));
#7006 = ( GEOMETRIC_REPRESENTATION_CONTEXT(2) 
PARAMETRIC_REPRESENTATION_CONTEXT() REPRESENTATION_CONTEXT('2D SPACE',''
  ) );
#7007 = ORIENTED_EDGE('',*,*,#6958,.F.);
#7008 = ADVANCED_FACE('',(#7009),#6996,.T.);
#7009 = FACE_BOUND('',#7010,.F.);
#7010 = EDGE_LOOP('',(#7011,#7012,#7035,#7062));
#7011 = ORIENTED_EDGE('',*,*,#6981,.T.);
#7012 = ORIENTED_EDGE('',*,*,#7013,.T.);
#7013 = EDGE_CURVE('',#6959,#7014,#7016,.T.);
#7014 = VERTEX_POINT('',#7015);
#7015 = CARTESIAN_POINT('',(75.023561429059,22.134513283678,0.));
#7016 = SEAM_CURVE('',#7017,(#7021,#7028),.PCURVE_S1.);
#7017 = LINE('',#7018,#7019);
#7018 = CARTESIAN_POINT('',(75.029835357016,22.333923313261,0.));
#7019 = VECTOR('',#7020,1.);
#7020 = DIRECTION('',(-3.144688879094E-02,-0.99950542429,0.));
#7021 = PCURVE('',#6996,#7022);
#7022 = DEFINITIONAL_REPRESENTATION('',(#7023),#7027);
#7023 = LINE('',#7024,#7025);
#7024 = CARTESIAN_POINT('',(0.,-0.));
#7025 = VECTOR('',#7026,1.);
#7026 = DIRECTION('',(0.,-1.));
#7027 = ( GEOMETRIC_REPRESENTATION_CONTEXT(2) 
PARAMETRIC_REPRESENTATION_CONTEXT() REPRESENTATION_CONTEXT('2D SPACE',''
  ) );
#7028 = PCURVE('',#6996,#7029);
#7029 = DEFINITIONAL_REPRESENTATION('',(#7030),#7034);
#7030 = LINE('',#7031,#7032);
#7031 = CARTESIAN_POINT('',(6.28318530718,-0.));
#7032 = VECTOR('',#7033,1.);
#7033 = DIRECTION('',(0.,-1.));
#7034 = ( GEOMETRIC_REPRESENTATION_CONTEXT(2) 
PARAMETRIC_REPRESENTATION_CONTEXT() REPRESENTATION_CONTEXT('2D SPACE',''
  ) );
#7035 = ORIENTED_EDGE('',*,*,#7036,.F.);
#7036 = EDGE_CURVE('',#7014,#7014,#7037,.T.);
#7037 = SURFACE_CURVE('',#7038,(#7043,#7050),.PCURVE_S1.);
#7038 = CIRCLE('',#7039,22.134513283678);
#7039 = AXIS2_PLACEMENT_3D('',#7040,#7041,#7042);
#7040 = CARTESIAN_POINT('',(75.023561429059,0.,0.));
#7041 = DIRECTION('',(1.,0.,0.));
#7042 = DIRECTION('',(-0.,1.,0.));
#7043 = PCURVE('',#6996,#7044);
#7044 = DEFINITIONAL_REPRESENTATION('',(#7045),#7049);
#7045 = LINE('',#7046,#7047);
#7046 = CARTESIAN_POINT('',(0.,-6.273927956457E-03));
#7047 = VECTOR('',#7048,1.);
#7048 = DIRECTION('',(1.,-0.));
#7049 = ( GEOMETRIC_REPRESENTATION_CONTEXT(2) 
PARAMETRIC_REPRESENTATION_CONTEXT() REPRESENTATION_CONTEXT('2D SPACE',''
  ) );
#7050 = PCURVE('',#7051,#7056);
#7051 = CONICAL_SURFACE('',#7052,22.134513283678,1.539531010512);
#7052 = AXIS2_PLACEMENT_3D('',#7053,#7054,#7055);
#7053 = CARTESIAN_POINT('',(75.023561429059,0.,0.));
#7054 = DIRECTION('',(1.,0.,0.));
#7055 = DIRECTION('',(0.,1.,0.));
#7056 = DEFINITIONAL_REPRESENTATION('',(#7057),#7061);
#7057 = LINE('',#7058,#7059);
#7058 = CARTESIAN_POINT('',(0.,-0.));
#7059 = VECTOR('',#7060,1.);
#7060 = DIRECTION('',(1.,-0.));
#7061 = ( GEOMETRIC_REPRESENTATION_CONTEXT(2) 
PARAMETRIC_REPRESENTATION_CONTEXT() REPRESENTATION_CONTEXT('2D SPACE',''
  ) );
#7062 = ORIENTED_EDGE('',*,*,#7013,.F.);
#7063 = ADVANCED_FACE('',(#7064),#7051,.T.);
#7064 = FACE_BOUND('',#7065,.F.);
#7065 = EDGE_LOOP('',(#7066,#7067,#7090,#7117));
#7066 = ORIENTED_EDGE('',*,*,#7036,.T.);
#7067 = ORIENTED_EDGE('',*,*,#7068,.T.);
#7068 = EDGE_CURVE('',#7014,#7069,#7071,.T.);
#7069 = VERTEX_POINT('',#7070);
#7070 = CARTESIAN_POINT('',(75.017324779132,21.935103254096,0.));
#7071 = SEAM_CURVE('',#7072,(#7076,#7083),.PCURVE_S1.);
#7072 = LINE('',#7073,#7074);
#7073 = CARTESIAN_POINT('',(75.023561429059,22.134513283678,0.));
#7074 = VECTOR('',#7075,1.);
#7075 = DIRECTION('',(-3.126022278609E-02,-0.999511279812,0.));
#7076 = PCURVE('',#7051,#7077);
#7077 = DEFINITIONAL_REPRESENTATION('',(#7078),#7082);
#7078 = LINE('',#7079,#7080);
#7079 = CARTESIAN_POINT('',(0.,-0.));
#7080 = VECTOR('',#7081,1.);
#7081 = DIRECTION('',(0.,-1.));
#7082 = ( GEOMETRIC_REPRESENTATION_CONTEXT(2) 
PARAMETRIC_REPRESENTATION_CONTEXT() REPRESENTATION_CONTEXT('2D SPACE',''
  ) );
#7083 = PCURVE('',#7051,#7084);
#7084 = DEFINITIONAL_REPRESENTATION('',(#7085),#7089);
#7085 = LINE('',#7086,#7087);
#7086 = CARTESIAN_POINT('',(6.28318530718,-0.));
#7087 = VECTOR('',#7088,1.);
#7088 = DIRECTION('',(0.,-1.));
#7089 = ( GEOMETRIC_REPRESENTATION_CONTEXT(2) 
PARAMETRIC_REPRESENTATION_CONTEXT() REPRESENTATION_CONTEXT('2D SPACE',''
  ) );
#7090 = ORIENTED_EDGE('',*,*,#7091,.F.);
#7091 = EDGE_CURVE('',#7069,#7069,#7092,.T.);
#7092 = SURFACE_CURVE('',#7093,(#7098,#7105),.PCURVE_S1.);
#7093 = CIRCLE('',#7094,21.935103254096);
#7094 = AXIS2_PLACEMENT_3D('',#7095,#7096,#7097);
#7095 = CARTESIAN_POINT('',(75.017324779132,0.,0.));
#7096 = DIRECTION('',(1.,0.,0.));
#7097 = DIRECTION('',(-0.,1.,0.));
#7098 = PCURVE('',#7051,#7099);
#7099 = DEFINITIONAL_REPRESENTATION('',(#7100),#7104);
#7100 = LINE('',#7101,#7102);
#7101 = CARTESIAN_POINT('',(0.,-6.23664992726E-03));
#7102 = VECTOR('',#7103,1.);
#7103 = DIRECTION('',(1.,-0.));
#7104 = ( GEOMETRIC_REPRESENTATION_CONTEXT(2) 
PARAMETRIC_REPRESENTATION_CONTEXT() REPRESENTATION_CONTEXT('2D SPACE',''
  ) );
#7105 = PCURVE('',#7106,#7111);
#7106 = CONICAL_SURFACE('',#7107,21.935103254096,1.539720057819);
#7107 = AXIS2_PLACEMENT_3D('',#7108,#7109,#7110);
#7108 = CARTESIAN_POINT('',(75.017324779132,0.,0.));
#7109 = DIRECTION('',(1.,0.,0.));
#7110 = DIRECTION('',(0.,1.,0.));
#7111 = DEFINITIONAL_REPRESENTATION('',(#7112),#7116);
#7112 = LINE('',#7113,#7114);
#7113 = CARTESIAN_POINT('',(0.,-0.));
#7114 = VECTOR('',#7115,1.);
#7115 = DIRECTION('',(1.,-0.));
#7116 = ( GEOMETRIC_REPRESENTATION_CONTEXT(2) 
PARAMETRIC_REPRESENTATION_CONTEXT() REPRESENTATION_CONTEXT('2D SPACE',''
  ) );
#7117 = ORIENTED_EDGE('',*,*,#7068,.F.);
#7118 = ADVANCED_FACE('',(#7119),#7106,.T.);
#7119 = FACE_BOUND('',#7120,.F.);
#7120 = EDGE_LOOP('',(#7121,#7122,#7145,#7172));
#7121 = ORIENTED_EDGE('',*,*,#7091,.T.);
#7122 = ORIENTED_EDGE('',*,*,#7123,.T.);
#7123 = EDGE_CURVE('',#7069,#7124,#7126,.T.);
#7124 = VERTEX_POINT('',#7125);
#7125 = CARTESIAN_POINT('',(75.011125863786,21.735693224513,0.));
#7126 = SEAM_CURVE('',#7127,(#7131,#7138),.PCURVE_S1.);
#7127 = LINE('',#7128,#7129);
#7128 = CARTESIAN_POINT('',(75.017324779132,21.935103254096,0.));
#7129 = VECTOR('',#7130,1.);
#7130 = DIRECTION('',(-3.107126731307E-02,-0.999517171612,0.));
#7131 = PCURVE('',#7106,#7132);
#7132 = DEFINITIONAL_REPRESENTATION('',(#7133),#7137);
#7133 = LINE('',#7134,#7135);
#7134 = CARTESIAN_POINT('',(0.,-0.));
#7135 = VECTOR('',#7136,1.);
#7136 = DIRECTION('',(0.,-1.));
#7137 = ( GEOMETRIC_REPRESENTATION_CONTEXT(2) 
PARAMETRIC_REPRESENTATION_CONTEXT() REPRESENTATION_CONTEXT('2D SPACE',''
  ) );
#7138 = PCURVE('',#7106,#7139);
#7139 = DEFINITIONAL_REPRESENTATION('',(#7140),#7144);
#7140 = LINE('',#7141,#7142);
#7141 = CARTESIAN_POINT('',(6.28318530718,-0.));
#7142 = VECTOR('',#7143,1.);
#7143 = DIRECTION('',(0.,-1.));
#7144 = ( GEOMETRIC_REPRESENTATION_CONTEXT(2) 
PARAMETRIC_REPRESENTATION_CONTEXT() REPRESENTATION_CONTEXT('2D SPACE',''
  ) );
#7145 = ORIENTED_EDGE('',*,*,#7146,.F.);
#7146 = EDGE_CURVE('',#7124,#7124,#7147,.T.);
#7147 = SURFACE_CURVE('',#7148,(#7153,#7160),.PCURVE_S1.);
#7148 = CIRCLE('',#7149,21.735693224513);
#7149 = AXIS2_PLACEMENT_3D('',#7150,#7151,#7152);
#7150 = CARTESIAN_POINT('',(75.011125863786,0.,0.));
#7151 = DIRECTION('',(1.,0.,0.));
#7152 = DIRECTION('',(-0.,1.,0.));
#7153 = PCURVE('',#7106,#7154);
#7154 = DEFINITIONAL_REPRESENTATION('',(#7155),#7159);
#7155 = LINE('',#7156,#7157);
#7156 = CARTESIAN_POINT('',(0.,-6.198915346374E-03));
#7157 = VECTOR('',#7158,1.);
#7158 = DIRECTION('',(1.,-0.));
#7159 = ( GEOMETRIC_REPRESENTATION_CONTEXT(2) 
PARAMETRIC_REPRESENTATION_CONTEXT() REPRESENTATION_CONTEXT('2D SPACE',''
  ) );
#7160 = PCURVE('',#7161,#7166);
#7161 = CONICAL_SURFACE('',#7162,21.735693224513,1.539911385995);
#7162 = AXIS2_PLACEMENT_3D('',#7163,#7164,#7165);
#7163 = CARTESIAN_POINT('',(75.011125863786,0.,0.));
#7164 = DIRECTION('',(1.,0.,0.));
#7165 = DIRECTION('',(0.,1.,0.));
#7166 = DEFINITIONAL_REPRESENTATION('',(#7167),#7171);
#7167 = LINE('',#7168,#7169);
#7168 = CARTESIAN_POINT('',(0.,-0.));
#7169 = VECTOR('',#7170,1.);
#7170 = DIRECTION('',(1.,-0.));
#7171 = ( GEOMETRIC_REPRESENTATION_CONTEXT(2) 
PARAMETRIC_REPRESENTATION_CONTEXT() REPRESENTATION_CONTEXT('2D SPACE',''
  ) );
#7172 = ORIENTED_EDGE('',*,*,#7123,.F.);
#7173 = ADVANCED_FACE('',(#7174),#7161,.T.);
#7174 = FACE_BOUND('',#7175,.F.);
#7175 = EDGE_LOOP('',(#7176,#7177,#7200,#7227));
#7176 = ORIENTED_EDGE('',*,*,#7146,.T.);
#7177 = ORIENTED_EDGE('',*,*,#7178,.T.);
#7178 = EDGE_CURVE('',#7124,#7179,#7181,.T.);
#7179 = VERTEX_POINT('',#7180);
#7180 = CARTESIAN_POINT('',(75.004965137839,21.53628319493,0.));
#7181 = SEAM_CURVE('',#7182,(#7186,#7193),.PCURVE_S1.);
#7182 = LINE('',#7183,#7184);
#7183 = CARTESIAN_POINT('',(75.011125863786,21.735693224513,0.));
#7184 = VECTOR('',#7185,1.);
#7185 = DIRECTION('',(-3.088003094864E-02,-0.999523098127,0.));
#7186 = PCURVE('',#7161,#7187);
#7187 = DEFINITIONAL_REPRESENTATION('',(#7188),#7192);
#7188 = LINE('',#7189,#7190);
#7189 = CARTESIAN_POINT('',(0.,-0.));
#7190 = VECTOR('',#7191,1.);
#7191 = DIRECTION('',(0.,-1.));
#7192 = ( GEOMETRIC_REPRESENTATION_CONTEXT(2) 
PARAMETRIC_REPRESENTATION_CONTEXT() REPRESENTATION_CONTEXT('2D SPACE',''
  ) );
#7193 = PCURVE('',#7161,#7194);
#7194 = DEFINITIONAL_REPRESENTATION('',(#7195),#7199);
#7195 = LINE('',#7196,#7197);
#7196 = CARTESIAN_POINT('',(6.28318530718,-0.));
#7197 = VECTOR('',#7198,1.);
#7198 = DIRECTION('',(0.,-1.));
#7199 = ( GEOMETRIC_REPRESENTATION_CONTEXT(2) 
PARAMETRIC_REPRESENTATION_CONTEXT() REPRESENTATION_CONTEXT('2D SPACE',''
  ) );
#7200 = ORIENTED_EDGE('',*,*,#7201,.F.);
#7201 = EDGE_CURVE('',#7179,#7179,#7202,.T.);
#7202 = SURFACE_CURVE('',#7203,(#7208,#7215),.PCURVE_S1.);
#7203 = CIRCLE('',#7204,21.53628319493);
#7204 = AXIS2_PLACEMENT_3D('',#7205,#7206,#7207);
#7205 = CARTESIAN_POINT('',(75.004965137839,0.,0.));
#7206 = DIRECTION('',(1.,0.,0.));
#7207 = DIRECTION('',(-0.,1.,0.));
#7208 = PCURVE('',#7161,#7209);
#7209 = DEFINITIONAL_REPRESENTATION('',(#7210),#7214);
#7210 = LINE('',#7211,#7212);
#7211 = CARTESIAN_POINT('',(0.,-6.160725946728E-03));
#7212 = VECTOR('',#7213,1.);
#7213 = DIRECTION('',(1.,-0.));
#7214 = ( GEOMETRIC_REPRESENTATION_CONTEXT(2) 
PARAMETRIC_REPRESENTATION_CONTEXT() REPRESENTATION_CONTEXT('2D SPACE',''
  ) );
#7215 = PCURVE('',#7216,#7221);
#7216 = CONICAL_SURFACE('',#7217,21.53628319493,1.540104986147);
#7217 = AXIS2_PLACEMENT_3D('',#7218,#7219,#7220);
#7218 = CARTESIAN_POINT('',(75.004965137839,0.,0.));
#7219 = DIRECTION('',(1.,0.,0.));
#7220 = DIRECTION('',(0.,1.,0.));
#7221 = DEFINITIONAL_REPRESENTATION('',(#7222),#7226);
#7222 = LINE('',#7223,#7224);
#7223 = CARTESIAN_POINT('',(0.,-0.));
#7224 = VECTOR('',#7225,1.);
#7225 = DIRECTION('',(1.,-0.));
#7226 = ( GEOMETRIC_REPRESENTATION_CONTEXT(2) 
PARAMETRIC_REPRESENTATION_CONTEXT() REPRESENTATION_CONTEXT('2D SPACE',''
  ) );
#7227 = ORIENTED_EDGE('',*,*,#7178,.F.);
#7228 = ADVANCED_FACE('',(#7229),#7216,.T.);
#7229 = FACE_BOUND('',#7230,.F.);
#7230 = EDGE_LOOP('',(#7231,#7232,#7255,#7282));
#7231 = ORIENTED_EDGE('',*,*,#7201,.T.);
#7232 = ORIENTED_EDGE('',*,*,#7233,.T.);
#7233 = EDGE_CURVE('',#7179,#7234,#7236,.T.);
#7234 = VERTEX_POINT('',#7235);
#7235 = CARTESIAN_POINT('',(74.998843054322,21.336873165348,0.));
#7236 = SEAM_CURVE('',#7237,(#7241,#7248),.PCURVE_S1.);
#7237 = LINE('',#7238,#7239);
#7238 = CARTESIAN_POINT('',(75.004965137839,21.53628319493,0.));
#7239 = VECTOR('',#7240,1.);
#7240 = DIRECTION('',(-3.06865225473E-02,-0.999529057774,0.));
#7241 = PCURVE('',#7216,#7242);
#7242 = DEFINITIONAL_REPRESENTATION('',(#7243),#7247);
#7243 = LINE('',#7244,#7245);
#7244 = CARTESIAN_POINT('',(0.,-0.));
#7245 = VECTOR('',#7246,1.);
#7246 = DIRECTION('',(0.,-1.));
#7247 = ( GEOMETRIC_REPRESENTATION_CONTEXT(2) 
PARAMETRIC_REPRESENTATION_CONTEXT() REPRESENTATION_CONTEXT('2D SPACE',''
  ) );
#7248 = PCURVE('',#7216,#7249);
#7249 = DEFINITIONAL_REPRESENTATION('',(#7250),#7254);
#7250 = LINE('',#7251,#7252);
#7251 = CARTESIAN_POINT('',(6.28318530718,-0.));
#7252 = VECTOR('',#7253,1.);
#7253 = DIRECTION('',(0.,-1.));
#7254 = ( GEOMETRIC_REPRESENTATION_CONTEXT(2) 
PARAMETRIC_REPRESENTATION_CONTEXT() REPRESENTATION_CONTEXT('2D SPACE',''
  ) );
#7255 = ORIENTED_EDGE('',*,*,#7256,.F.);
#7256 = EDGE_CURVE('',#7234,#7234,#7257,.T.);
#7257 = SURFACE_CURVE('',#7258,(#7263,#7270),.PCURVE_S1.);
#7258 = CIRCLE('',#7259,21.336873165348);
#7259 = AXIS2_PLACEMENT_3D('',#7260,#7261,#7262);
#7260 = CARTESIAN_POINT('',(74.998843054322,0.,0.));
#7261 = DIRECTION('',(1.,0.,0.));
#7262 = DIRECTION('',(-0.,1.,0.));
#7263 = PCURVE('',#7216,#7264);
#7264 = DEFINITIONAL_REPRESENTATION('',(#7265),#7269);
#7265 = LINE('',#7266,#7267);
#7266 = CARTESIAN_POINT('',(0.,-6.122083516587E-03));
#7267 = VECTOR('',#7268,1.);
#7268 = DIRECTION('',(1.,-0.));
#7269 = ( GEOMETRIC_REPRESENTATION_CONTEXT(2) 
PARAMETRIC_REPRESENTATION_CONTEXT() REPRESENTATION_CONTEXT('2D SPACE',''
  ) );
#7270 = PCURVE('',#7271,#7276);
#7271 = CONICAL_SURFACE('',#7272,21.336873165348,1.540300849106);
#7272 = AXIS2_PLACEMENT_3D('',#7273,#7274,#7275);
#7273 = CARTESIAN_POINT('',(74.998843054322,0.,0.));
#7274 = DIRECTION('',(1.,0.,0.));
#7275 = DIRECTION('',(0.,1.,0.));
#7276 = DEFINITIONAL_REPRESENTATION('',(#7277),#7281);
#7277 = LINE('',#7278,#7279);
#7278 = CARTESIAN_POINT('',(0.,-0.));
#7279 = VECTOR('',#7280,1.);
#7280 = DIRECTION('',(1.,-0.));
#7281 = ( GEOMETRIC_REPRESENTATION_CONTEXT(2) 
PARAMETRIC_REPRESENTATION_CONTEXT() REPRESENTATION_CONTEXT('2D SPACE',''
  ) );
#7282 = ORIENTED_EDGE('',*,*,#7233,.F.);
#7283 = ADVANCED_FACE('',(#7284),#7271,.T.);
#7284 = FACE_BOUND('',#7285,.F.);
#7285 = EDGE_LOOP('',(#7286,#7287,#7310,#7337));
#7286 = ORIENTED_EDGE('',*,*,#7256,.T.);
#7287 = ORIENTED_EDGE('',*,*,#7288,.T.);
#7288 = EDGE_CURVE('',#7234,#7289,#7291,.T.);
#7289 = VERTEX_POINT('',#7290);
#7290 = CARTESIAN_POINT('',(74.992760064423,21.137463135765,0.));
#7291 = SEAM_CURVE('',#7292,(#7296,#7303),.PCURVE_S1.);
#7292 = LINE('',#7293,#7294);
#7293 = CARTESIAN_POINT('',(74.998843054322,21.336873165348,0.));
#7294 = VECTOR('',#7295,1.);
#7295 = DIRECTION('',(-3.049075124059E-02,-0.999535048955,0.));
#7296 = PCURVE('',#7271,#7297);
#7297 = DEFINITIONAL_REPRESENTATION('',(#7298),#7302);
#7298 = LINE('',#7299,#7300);
#7299 = CARTESIAN_POINT('',(0.,-0.));
#7300 = VECTOR('',#7301,1.);
#7301 = DIRECTION('',(0.,-1.));
#7302 = ( GEOMETRIC_REPRESENTATION_CONTEXT(2) 
PARAMETRIC_REPRESENTATION_CONTEXT() REPRESENTATION_CONTEXT('2D SPACE',''
  ) );
#7303 = PCURVE('',#7271,#7304);
#7304 = DEFINITIONAL_REPRESENTATION('',(#7305),#7309);
#7305 = LINE('',#7306,#7307);
#7306 = CARTESIAN_POINT('',(6.28318530718,-0.));
#7307 = VECTOR('',#7308,1.);
#7308 = DIRECTION('',(0.,-1.));
#7309 = ( GEOMETRIC_REPRESENTATION_CONTEXT(2) 
PARAMETRIC_REPRESENTATION_CONTEXT() REPRESENTATION_CONTEXT('2D SPACE',''
  ) );
#7310 = ORIENTED_EDGE('',*,*,#7311,.F.);
#7311 = EDGE_CURVE('',#7289,#7289,#7312,.T.);
#7312 = SURFACE_CURVE('',#7313,(#7318,#7325),.PCURVE_S1.);
#7313 = CIRCLE('',#7314,21.137463135765);
#7314 = AXIS2_PLACEMENT_3D('',#7315,#7316,#7317);
#7315 = CARTESIAN_POINT('',(74.992760064423,0.,0.));
#7316 = DIRECTION('',(1.,0.,0.));
#7317 = DIRECTION('',(-0.,1.,0.));
#7318 = PCURVE('',#7271,#7319);
#7319 = DEFINITIONAL_REPRESENTATION('',(#7320),#7324);
#7320 = LINE('',#7321,#7322);
#7321 = CARTESIAN_POINT('',(0.,-6.082989899397E-03));
#7322 = VECTOR('',#7323,1.);
#7323 = DIRECTION('',(1.,-0.));
#7324 = ( GEOMETRIC_REPRESENTATION_CONTEXT(2) 
PARAMETRIC_REPRESENTATION_CONTEXT() REPRESENTATION_CONTEXT('2D SPACE',''
  ) );
#7325 = PCURVE('',#7326,#7331);
#7326 = CONICAL_SURFACE('',#7327,21.137463135765,1.540498965427);
#7327 = AXIS2_PLACEMENT_3D('',#7328,#7329,#7330);
#7328 = CARTESIAN_POINT('',(74.992760064423,0.,0.));
#7329 = DIRECTION('',(1.,0.,0.));
#7330 = DIRECTION('',(0.,1.,0.));
#7331 = DEFINITIONAL_REPRESENTATION('',(#7332),#7336);
#7332 = LINE('',#7333,#7334);
#7333 = CARTESIAN_POINT('',(0.,-0.));
#7334 = VECTOR('',#7335,1.);
#7335 = DIRECTION('',(1.,-0.));
#7336 = ( GEOMETRIC_REPRESENTATION_CONTEXT(2) 
PARAMETRIC_REPRESENTATION_CONTEXT() REPRESENTATION_CONTEXT('2D SPACE',''
  ) );
#7337 = ORIENTED_EDGE('',*,*,#7288,.F.);
#7338 = ADVANCED_FACE('',(#7339),#7326,.T.);
#7339 = FACE_BOUND('',#7340,.F.);
#7340 = EDGE_LOOP('',(#7341,#7342,#7365,#7392));
#7341 = ORIENTED_EDGE('',*,*,#7311,.T.);
#7342 = ORIENTED_EDGE('',*,*,#7343,.T.);
#7343 = EDGE_CURVE('',#7289,#7344,#7346,.T.);
#7344 = VERTEX_POINT('',#7345);
#7345 = CARTESIAN_POINT('',(74.986716617429,20.938053106182,0.));
#7346 = SEAM_CURVE('',#7347,(#7351,#7358),.PCURVE_S1.);
#7347 = LINE('',#7348,#7349);
#7348 = CARTESIAN_POINT('',(74.992760064423,21.137463135765,0.));
#7349 = VECTOR('',#7350,1.);
#7350 = DIRECTION('',(-3.029272643693E-02,-0.999541070054,0.));
#7351 = PCURVE('',#7326,#7352);
#7352 = DEFINITIONAL_REPRESENTATION('',(#7353),#7357);
#7353 = LINE('',#7354,#7355);
#7354 = CARTESIAN_POINT('',(0.,-0.));
#7355 = VECTOR('',#7356,1.);
#7356 = DIRECTION('',(0.,-1.));
#7357 = ( GEOMETRIC_REPRESENTATION_CONTEXT(2) 
PARAMETRIC_REPRESENTATION_CONTEXT() REPRESENTATION_CONTEXT('2D SPACE',''
  ) );
#7358 = PCURVE('',#7326,#7359);
#7359 = DEFINITIONAL_REPRESENTATION('',(#7360),#7364);
#7360 = LINE('',#7361,#7362);
#7361 = CARTESIAN_POINT('',(6.28318530718,-0.));
#7362 = VECTOR('',#7363,1.);
#7363 = DIRECTION('',(0.,-1.));
#7364 = ( GEOMETRIC_REPRESENTATION_CONTEXT(2) 
PARAMETRIC_REPRESENTATION_CONTEXT() REPRESENTATION_CONTEXT('2D SPACE',''
  ) );
#7365 = ORIENTED_EDGE('',*,*,#7366,.F.);
#7366 = EDGE_CURVE('',#7344,#7344,#7367,.T.);
#7367 = SURFACE_CURVE('',#7368,(#7373,#7380),.PCURVE_S1.);
#7368 = CIRCLE('',#7369,20.938053106182);
#7369 = AXIS2_PLACEMENT_3D('',#7370,#7371,#7372);
#7370 = CARTESIAN_POINT('',(74.986716617429,0.,0.));
#7371 = DIRECTION('',(1.,0.,0.));
#7372 = DIRECTION('',(-0.,1.,0.));
#7373 = PCURVE('',#7326,#7374);
#7374 = DEFINITIONAL_REPRESENTATION('',(#7375),#7379);
#7375 = LINE('',#7376,#7377);
#7376 = CARTESIAN_POINT('',(0.,-6.043446993729E-03));
#7377 = VECTOR('',#7378,1.);
#7378 = DIRECTION('',(1.,-0.));
#7379 = ( GEOMETRIC_REPRESENTATION_CONTEXT(2) 
PARAMETRIC_REPRESENTATION_CONTEXT() REPRESENTATION_CONTEXT('2D SPACE',''
  ) );
#7380 = PCURVE('',#7381,#7386);
#7381 = CONICAL_SURFACE('',#7382,20.938053106182,1.540699325388);
#7382 = AXIS2_PLACEMENT_3D('',#7383,#7384,#7385);
#7383 = CARTESIAN_POINT('',(74.986716617429,0.,0.));
#7384 = DIRECTION('',(1.,0.,0.));
#7385 = DIRECTION('',(0.,1.,0.));
#7386 = DEFINITIONAL_REPRESENTATION('',(#7387),#7391);
#7387 = LINE('',#7388,#7389);
#7388 = CARTESIAN_POINT('',(0.,-0.));
#7389 = VECTOR('',#7390,1.);
#7390 = DIRECTION('',(1.,-0.));
#7391 = ( GEOMETRIC_REPRESENTATION_CONTEXT(2) 
PARAMETRIC_REPRESENTATION_CONTEXT() REPRESENTATION_CONTEXT('2D SPACE',''
  ) );
#7392 = ORIENTED_EDGE('',*,*,#7343,.F.);
#7393 = ADVANCED_FACE('',(#7394),#7381,.T.);
#7394 = FACE_BOUND('',#7395,.F.);
#7395 = EDGE_LOOP('',(#7396,#7397,#7420,#7447));
#7396 = ORIENTED_EDGE('',*,*,#7366,.T.);
#7397 = ORIENTED_EDGE('',*,*,#7398,.T.);
#7398 = EDGE_CURVE('',#7344,#7399,#7401,.T.);
#7399 = VERTEX_POINT('',#7400);
#7400 = CARTESIAN_POINT('',(74.980713160676,20.7386430766,0.));
#7401 = SEAM_CURVE('',#7402,(#7406,#7413),.PCURVE_S1.);
#7402 = LINE('',#7403,#7404);
#7403 = CARTESIAN_POINT('',(74.986716617429,20.938053106182,0.));
#7404 = VECTOR('',#7405,1.);
#7405 = DIRECTION('',(-3.009245782084E-02,-0.999547119441,0.));
#7406 = PCURVE('',#7381,#7407);
#7407 = DEFINITIONAL_REPRESENTATION('',(#7408),#7412);
#7408 = LINE('',#7409,#7410);
#7409 = CARTESIAN_POINT('',(0.,-0.));
#7410 = VECTOR('',#7411,1.);
#7411 = DIRECTION('',(0.,-1.));
#7412 = ( GEOMETRIC_REPRESENTATION_CONTEXT(2) 
PARAMETRIC_REPRESENTATION_CONTEXT() REPRESENTATION_CONTEXT('2D SPACE',''
  ) );
#7413 = PCURVE('',#7381,#7414);
#7414 = DEFINITIONAL_REPRESENTATION('',(#7415),#7419);
#7415 = LINE('',#7416,#7417);
#7416 = CARTESIAN_POINT('',(6.28318530718,-0.));
#7417 = VECTOR('',#7418,1.);
#7418 = DIRECTION('',(0.,-1.));
#7419 = ( GEOMETRIC_REPRESENTATION_CONTEXT(2) 
PARAMETRIC_REPRESENTATION_CONTEXT() REPRESENTATION_CONTEXT('2D SPACE',''
  ) );
#7420 = ORIENTED_EDGE('',*,*,#7421,.F.);
#7421 = EDGE_CURVE('',#7399,#7399,#7422,.T.);
#7422 = SURFACE_CURVE('',#7423,(#7428,#7435),.PCURVE_S1.);
#7423 = CIRCLE('',#7424,20.7386430766);
#7424 = AXIS2_PLACEMENT_3D('',#7425,#7426,#7427);
#7425 = CARTESIAN_POINT('',(74.980713160676,0.,0.));
#7426 = DIRECTION('',(1.,0.,0.));
#7427 = DIRECTION('',(-0.,1.,0.));
#7428 = PCURVE('',#7381,#7429);
#7429 = DEFINITIONAL_REPRESENTATION('',(#7430),#7434);
#7430 = LINE('',#7431,#7432);
#7431 = CARTESIAN_POINT('',(0.,-6.00345675312E-03));
#7432 = VECTOR('',#7433,1.);
#7433 = DIRECTION('',(1.,-0.));
#7434 = ( GEOMETRIC_REPRESENTATION_CONTEXT(2) 
PARAMETRIC_REPRESENTATION_CONTEXT() REPRESENTATION_CONTEXT('2D SPACE',''
  ) );
#7435 = PCURVE('',#7436,#7441);
#7436 = CONICAL_SURFACE('',#7437,20.7386430766,1.54090191899);
#7437 = AXIS2_PLACEMENT_3D('',#7438,#7439,#7440);
#7438 = CARTESIAN_POINT('',(74.980713160676,0.,0.));
#7439 = DIRECTION('',(1.,0.,0.));
#7440 = DIRECTION('',(0.,1.,0.));
#7441 = DEFINITIONAL_REPRESENTATION('',(#7442),#7446);
#7442 = LINE('',#7443,#7444);
#7443 = CARTESIAN_POINT('',(0.,-0.));
#7444 = VECTOR('',#7445,1.);
#7445 = DIRECTION('',(1.,-0.));
#7446 = ( GEOMETRIC_REPRESENTATION_CONTEXT(2) 
PARAMETRIC_REPRESENTATION_CONTEXT() REPRESENTATION_CONTEXT('2D SPACE',''
  ) );
#7447 = ORIENTED_EDGE('',*,*,#7398,.F.);
#7448 = ADVANCED_FACE('',(#7449),#7436,.T.);
#7449 = FACE_BOUND('',#7450,.F.);
#7450 = EDGE_LOOP('',(#7451,#7452,#7475,#7502));
#7451 = ORIENTED_EDGE('',*,*,#7421,.T.);
#7452 = ORIENTED_EDGE('',*,*,#7453,.T.);
#7453 = EDGE_CURVE('',#7399,#7454,#7456,.T.);
#7454 = VERTEX_POINT('',#7455);
#7455 = CARTESIAN_POINT('',(74.97475013949,20.539233047017,0.));
#7456 = SEAM_CURVE('',#7457,(#7461,#7468),.PCURVE_S1.);
#7457 = LINE('',#7458,#7459);
#7458 = CARTESIAN_POINT('',(74.980713160676,20.7386430766,0.));
#7459 = VECTOR('',#7460,1.);
#7460 = DIRECTION('',(-2.988995535329E-02,-0.999553195467,0.));
#7461 = PCURVE('',#7436,#7462);
#7462 = DEFINITIONAL_REPRESENTATION('',(#7463),#7467);
#7463 = LINE('',#7464,#7465);
#7464 = CARTESIAN_POINT('',(0.,-0.));
#7465 = VECTOR('',#7466,1.);
#7466 = DIRECTION('',(0.,-1.));
#7467 = ( GEOMETRIC_REPRESENTATION_CONTEXT(2) 
PARAMETRIC_REPRESENTATION_CONTEXT() REPRESENTATION_CONTEXT('2D SPACE',''
  ) );
#7468 = PCURVE('',#7436,#7469);
#7469 = DEFINITIONAL_REPRESENTATION('',(#7470),#7474);
#7470 = LINE('',#7471,#7472);
#7471 = CARTESIAN_POINT('',(6.28318530718,-0.));
#7472 = VECTOR('',#7473,1.);
#7473 = DIRECTION('',(0.,-1.));
#7474 = ( GEOMETRIC_REPRESENTATION_CONTEXT(2) 
PARAMETRIC_REPRESENTATION_CONTEXT() REPRESENTATION_CONTEXT('2D SPACE',''
  ) );
#7475 = ORIENTED_EDGE('',*,*,#7476,.F.);
#7476 = EDGE_CURVE('',#7454,#7454,#7477,.T.);
#7477 = SURFACE_CURVE('',#7478,(#7483,#7490),.PCURVE_S1.);
#7478 = CIRCLE('',#7479,20.539233047017);
#7479 = AXIS2_PLACEMENT_3D('',#7480,#7481,#7482);
#7480 = CARTESIAN_POINT('',(74.97475013949,0.,0.));
#7481 = DIRECTION('',(1.,0.,0.));
#7482 = DIRECTION('',(-0.,1.,0.));
#7483 = PCURVE('',#7436,#7484);
#7484 = DEFINITIONAL_REPRESENTATION('',(#7485),#7489);
#7485 = LINE('',#7486,#7487);
#7486 = CARTESIAN_POINT('',(0.,-5.963021186119E-03));
#7487 = VECTOR('',#7488,1.);
#7488 = DIRECTION('',(1.,-0.));
#7489 = ( GEOMETRIC_REPRESENTATION_CONTEXT(2) 
PARAMETRIC_REPRESENTATION_CONTEXT() REPRESENTATION_CONTEXT('2D SPACE',''
  ) );
#7490 = PCURVE('',#7491,#7496);
#7491 = CONICAL_SURFACE('',#7492,20.539233047017,1.541106735961);
#7492 = AXIS2_PLACEMENT_3D('',#7493,#7494,#7495);
#7493 = CARTESIAN_POINT('',(74.97475013949,0.,0.));
#7494 = DIRECTION('',(1.,0.,0.));
#7495 = DIRECTION('',(0.,1.,0.));
#7496 = DEFINITIONAL_REPRESENTATION('',(#7497),#7501);
#7497 = LINE('',#7498,#7499);
#7498 = CARTESIAN_POINT('',(0.,-0.));
#7499 = VECTOR('',#7500,1.);
#7500 = DIRECTION('',(1.,-0.));
#7501 = ( GEOMETRIC_REPRESENTATION_CONTEXT(2) 
PARAMETRIC_REPRESENTATION_CONTEXT() REPRESENTATION_CONTEXT('2D SPACE',''
  ) );
#7502 = ORIENTED_EDGE('',*,*,#7453,.F.);
#7503 = ADVANCED_FACE('',(#7504),#7491,.T.);
#7504 = FACE_BOUND('',#7505,.F.);
#7505 = EDGE_LOOP('',(#7506,#7507,#7530,#7557));
#7506 = ORIENTED_EDGE('',*,*,#7476,.T.);
#7507 = ORIENTED_EDGE('',*,*,#7508,.T.);
#7508 = EDGE_CURVE('',#7454,#7509,#7511,.T.);
#7509 = VERTEX_POINT('',#7510);
#7510 = CARTESIAN_POINT('',(74.968827997134,20.339823017434,0.));
#7511 = SEAM_CURVE('',#7512,(#7516,#7523),.PCURVE_S1.);
#7512 = LINE('',#7513,#7514);
#7513 = CARTESIAN_POINT('',(74.97475013949,20.539233047017,0.));
#7514 = VECTOR('',#7515,1.);
#7515 = DIRECTION('',(-2.968522926985E-02,-0.999559296472,0.));
#7516 = PCURVE('',#7491,#7517);
#7517 = DEFINITIONAL_REPRESENTATION('',(#7518),#7522);
#7518 = LINE('',#7519,#7520);
#7519 = CARTESIAN_POINT('',(0.,-0.));
#7520 = VECTOR('',#7521,1.);
#7521 = DIRECTION('',(0.,-1.));
#7522 = ( GEOMETRIC_REPRESENTATION_CONTEXT(2) 
PARAMETRIC_REPRESENTATION_CONTEXT() REPRESENTATION_CONTEXT('2D SPACE',''
  ) );
#7523 = PCURVE('',#7491,#7524);
#7524 = DEFINITIONAL_REPRESENTATION('',(#7525),#7529);
#7525 = LINE('',#7526,#7527);
#7526 = CARTESIAN_POINT('',(6.28318530718,-0.));
#7527 = VECTOR('',#7528,1.);
#7528 = DIRECTION('',(0.,-1.));
#7529 = ( GEOMETRIC_REPRESENTATION_CONTEXT(2) 
PARAMETRIC_REPRESENTATION_CONTEXT() REPRESENTATION_CONTEXT('2D SPACE',''
  ) );
#7530 = ORIENTED_EDGE('',*,*,#7531,.F.);
#7531 = EDGE_CURVE('',#7509,#7509,#7532,.T.);
#7532 = SURFACE_CURVE('',#7533,(#7538,#7545),.PCURVE_S1.);
#7533 = CIRCLE('',#7534,20.339823017434);
#7534 = AXIS2_PLACEMENT_3D('',#7535,#7536,#7537);
#7535 = CARTESIAN_POINT('',(74.968827997134,0.,0.));
#7536 = DIRECTION('',(1.,0.,0.));
#7537 = DIRECTION('',(-0.,1.,0.));
#7538 = PCURVE('',#7491,#7539);
#7539 = DEFINITIONAL_REPRESENTATION('',(#7540),#7544);
#7540 = LINE('',#7541,#7542);
#7541 = CARTESIAN_POINT('',(0.,-5.922142355899E-03));
#7542 = VECTOR('',#7543,1.);
#7543 = DIRECTION('',(1.,-0.));
#7544 = ( GEOMETRIC_REPRESENTATION_CONTEXT(2) 
PARAMETRIC_REPRESENTATION_CONTEXT() REPRESENTATION_CONTEXT('2D SPACE',''
  ) );
#7545 = PCURVE('',#7546,#7551);
#7546 = CONICAL_SURFACE('',#7547,20.339823017434,1.541313765754);
#7547 = AXIS2_PLACEMENT_3D('',#7548,#7549,#7550);
#7548 = CARTESIAN_POINT('',(74.968827997134,0.,0.));
#7549 = DIRECTION('',(1.,0.,0.));
#7550 = DIRECTION('',(0.,1.,0.));
#7551 = DEFINITIONAL_REPRESENTATION('',(#7552),#7556);
#7552 = LINE('',#7553,#7554);
#7553 = CARTESIAN_POINT('',(0.,-0.));
#7554 = VECTOR('',#7555,1.);
#7555 = DIRECTION('',(1.,-0.));
#7556 = ( GEOMETRIC_REPRESENTATION_CONTEXT(2) 
PARAMETRIC_REPRESENTATION_CONTEXT() REPRESENTATION_CONTEXT('2D SPACE',''
  ) );
#7557 = ORIENTED_EDGE('',*,*,#7508,.F.);
#7558 = ADVANCED_FACE('',(#7559),#7546,.T.);
#7559 = FACE_BOUND('',#7560,.F.);
#7560 = EDGE_LOOP('',(#7561,#7562,#7585,#7612));
#7561 = ORIENTED_EDGE('',*,*,#7531,.T.);
#7562 = ORIENTED_EDGE('',*,*,#7563,.T.);
#7563 = EDGE_CURVE('',#7509,#7564,#7566,.T.);
#7564 = VERTEX_POINT('',#7565);
#7565 = CARTESIAN_POINT('',(74.962947174754,20.140412987851,0.));
#7566 = SEAM_CURVE('',#7567,(#7571,#7578),.PCURVE_S1.);
#7567 = LINE('',#7568,#7569);
#7568 = CARTESIAN_POINT('',(74.968827997134,20.339823017434,0.));
#7569 = VECTOR('',#7570,1.);
#7570 = DIRECTION('',(-2.947829008144E-02,-0.999565420777,0.));
#7571 = PCURVE('',#7546,#7572);
#7572 = DEFINITIONAL_REPRESENTATION('',(#7573),#7577);
#7573 = LINE('',#7574,#7575);
#7574 = CARTESIAN_POINT('',(0.,-0.));
#7575 = VECTOR('',#7576,1.);
#7576 = DIRECTION('',(0.,-1.));
#7577 = ( GEOMETRIC_REPRESENTATION_CONTEXT(2) 
PARAMETRIC_REPRESENTATION_CONTEXT() REPRESENTATION_CONTEXT('2D SPACE',''
  ) );
#7578 = PCURVE('',#7546,#7579);
#7579 = DEFINITIONAL_REPRESENTATION('',(#7580),#7584);
#7580 = LINE('',#7581,#7582);
#7581 = CARTESIAN_POINT('',(6.28318530718,-0.));
#7582 = VECTOR('',#7583,1.);
#7583 = DIRECTION('',(0.,-1.));
#7584 = ( GEOMETRIC_REPRESENTATION_CONTEXT(2) 
PARAMETRIC_REPRESENTATION_CONTEXT() REPRESENTATION_CONTEXT('2D SPACE',''
  ) );
#7585 = ORIENTED_EDGE('',*,*,#7586,.F.);
#7586 = EDGE_CURVE('',#7564,#7564,#7587,.T.);
#7587 = SURFACE_CURVE('',#7588,(#7593,#7600),.PCURVE_S1.);
#7588 = CIRCLE('',#7589,20.140412987851);
#7589 = AXIS2_PLACEMENT_3D('',#7590,#7591,#7592);
#7590 = CARTESIAN_POINT('',(74.962947174754,0.,0.));
#7591 = DIRECTION('',(1.,0.,0.));
#7592 = DIRECTION('',(-0.,1.,0.));
#7593 = PCURVE('',#7546,#7594);
#7594 = DEFINITIONAL_REPRESENTATION('',(#7595),#7599);
#7595 = LINE('',#7596,#7597);
#7596 = CARTESIAN_POINT('',(0.,-5.880822380405E-03));
#7597 = VECTOR('',#7598,1.);
#7598 = DIRECTION('',(1.,-0.));
#7599 = ( GEOMETRIC_REPRESENTATION_CONTEXT(2) 
PARAMETRIC_REPRESENTATION_CONTEXT() REPRESENTATION_CONTEXT('2D SPACE',''
  ) );
#7600 = PCURVE('',#7601,#7606);
#7601 = CONICAL_SURFACE('',#7602,20.140412987851,1.541522997546);
#7602 = AXIS2_PLACEMENT_3D('',#7603,#7604,#7605);
#7603 = CARTESIAN_POINT('',(74.962947174754,0.,0.));
#7604 = DIRECTION('',(1.,0.,0.));
#7605 = DIRECTION('',(0.,1.,0.));
#7606 = DEFINITIONAL_REPRESENTATION('',(#7607),#7611);
#7607 = LINE('',#7608,#7609);
#7608 = CARTESIAN_POINT('',(0.,-0.));
#7609 = VECTOR('',#7610,1.);
#7610 = DIRECTION('',(1.,-0.));
#7611 = ( GEOMETRIC_REPRESENTATION_CONTEXT(2) 
PARAMETRIC_REPRESENTATION_CONTEXT() REPRESENTATION_CONTEXT('2D SPACE',''
  ) );
#7612 = ORIENTED_EDGE('',*,*,#7563,.F.);
#7613 = ADVANCED_FACE('',(#7614),#7601,.T.);
#7614 = FACE_BOUND('',#7615,.F.);
#7615 = EDGE_LOOP('',(#7616,#7617,#7640,#7667));
#7616 = ORIENTED_EDGE('',*,*,#7586,.T.);
#7617 = ORIENTED_EDGE('',*,*,#7618,.T.);
#7618 = EDGE_CURVE('',#7564,#7619,#7621,.T.);
#7619 = VERTEX_POINT('',#7620);
#7620 = CARTESIAN_POINT('',(74.957108111322,19.941002958269,0.));
#7621 = SEAM_CURVE('',#7622,(#7626,#7633),.PCURVE_S1.);
#7622 = LINE('',#7623,#7624);
#7623 = CARTESIAN_POINT('',(74.962947174754,20.140412987851,0.));
#7624 = VECTOR('',#7625,1.);
#7625 = DIRECTION('',(-2.926914857304E-02,-0.999571566693,0.));
#7626 = PCURVE('',#7601,#7627);
#7627 = DEFINITIONAL_REPRESENTATION('',(#7628),#7632);
#7628 = LINE('',#7629,#7630);
#7629 = CARTESIAN_POINT('',(0.,-0.));
#7630 = VECTOR('',#7631,1.);
#7631 = DIRECTION('',(0.,-1.));
#7632 = ( GEOMETRIC_REPRESENTATION_CONTEXT(2) 
PARAMETRIC_REPRESENTATION_CONTEXT() REPRESENTATION_CONTEXT('2D SPACE',''
  ) );
#7633 = PCURVE('',#7601,#7634);
#7634 = DEFINITIONAL_REPRESENTATION('',(#7635),#7639);
#7635 = LINE('',#7636,#7637);
#7636 = CARTESIAN_POINT('',(6.28318530718,-0.));
#7637 = VECTOR('',#7638,1.);
#7638 = DIRECTION('',(0.,-1.));
#7639 = ( GEOMETRIC_REPRESENTATION_CONTEXT(2) 
PARAMETRIC_REPRESENTATION_CONTEXT() REPRESENTATION_CONTEXT('2D SPACE',''
  ) );
#7640 = ORIENTED_EDGE('',*,*,#7641,.F.);
#7641 = EDGE_CURVE('',#7619,#7619,#7642,.T.);
#7642 = SURFACE_CURVE('',#7643,(#7648,#7655),.PCURVE_S1.);
#7643 = CIRCLE('',#7644,19.941002958269);
#7644 = AXIS2_PLACEMENT_3D('',#7645,#7646,#7647);
#7645 = CARTESIAN_POINT('',(74.957108111322,0.,0.));
#7646 = DIRECTION('',(1.,0.,0.));
#7647 = DIRECTION('',(-0.,1.,0.));
#7648 = PCURVE('',#7601,#7649);
#7649 = DEFINITIONAL_REPRESENTATION('',(#7650),#7654);
#7650 = LINE('',#7651,#7652);
#7651 = CARTESIAN_POINT('',(0.,-5.839063432063E-03));
#7652 = VECTOR('',#7653,1.);
#7653 = DIRECTION('',(1.,-0.));
#7654 = ( GEOMETRIC_REPRESENTATION_CONTEXT(2) 
PARAMETRIC_REPRESENTATION_CONTEXT() REPRESENTATION_CONTEXT('2D SPACE',''
  ) );
#7655 = PCURVE('',#7656,#7661);
#7656 = CONICAL_SURFACE('',#7657,19.941002958269,1.541734420244);
#7657 = AXIS2_PLACEMENT_3D('',#7658,#7659,#7660);
#7658 = CARTESIAN_POINT('',(74.957108111322,0.,0.));
#7659 = DIRECTION('',(1.,0.,0.));
#7660 = DIRECTION('',(0.,1.,0.));
#7661 = DEFINITIONAL_REPRESENTATION('',(#7662),#7666);
#7662 = LINE('',#7663,#7664);
#7663 = CARTESIAN_POINT('',(0.,-0.));
#7664 = VECTOR('',#7665,1.);
#7665 = DIRECTION('',(1.,-0.));
#7666 = ( GEOMETRIC_REPRESENTATION_CONTEXT(2) 
PARAMETRIC_REPRESENTATION_CONTEXT() REPRESENTATION_CONTEXT('2D SPACE',''
  ) );
#7667 = ORIENTED_EDGE('',*,*,#7618,.F.);
#7668 = ADVANCED_FACE('',(#7669),#7656,.T.);
#7669 = FACE_BOUND('',#7670,.F.);
#7670 = EDGE_LOOP('',(#7671,#7672,#7695,#7722));
#7671 = ORIENTED_EDGE('',*,*,#7641,.T.);
#7672 = ORIENTED_EDGE('',*,*,#7673,.T.);
#7673 = EDGE_CURVE('',#7619,#7674,#7676,.T.);
#7674 = VERTEX_POINT('',#7675);
#7675 = CARTESIAN_POINT('',(74.951311243584,19.741592928686,0.));
#7676 = SEAM_CURVE('',#7677,(#7681,#7688),.PCURVE_S1.);
#7677 = LINE('',#7678,#7679);
#7678 = CARTESIAN_POINT('',(74.957108111322,19.941002958269,0.));
#7679 = VECTOR('',#7680,1.);
#7680 = DIRECTION('',(-2.905781580322E-02,-0.999577732515,0.));
#7681 = PCURVE('',#7656,#7682);
#7682 = DEFINITIONAL_REPRESENTATION('',(#7683),#7687);
#7683 = LINE('',#7684,#7685);
#7684 = CARTESIAN_POINT('',(0.,-0.));
#7685 = VECTOR('',#7686,1.);
#7686 = DIRECTION('',(0.,-1.));
#7687 = ( GEOMETRIC_REPRESENTATION_CONTEXT(2) 
PARAMETRIC_REPRESENTATION_CONTEXT() REPRESENTATION_CONTEXT('2D SPACE',''
  ) );
#7688 = PCURVE('',#7656,#7689);
#7689 = DEFINITIONAL_REPRESENTATION('',(#7690),#7694);
#7690 = LINE('',#7691,#7692);
#7691 = CARTESIAN_POINT('',(6.28318530718,-0.));
#7692 = VECTOR('',#7693,1.);
#7693 = DIRECTION('',(0.,-1.));
#7694 = ( GEOMETRIC_REPRESENTATION_CONTEXT(2) 
PARAMETRIC_REPRESENTATION_CONTEXT() REPRESENTATION_CONTEXT('2D SPACE',''
  ) );
#7695 = ORIENTED_EDGE('',*,*,#7696,.F.);
#7696 = EDGE_CURVE('',#7674,#7674,#7697,.T.);
#7697 = SURFACE_CURVE('',#7698,(#7703,#7710),.PCURVE_S1.);
#7698 = CIRCLE('',#7699,19.741592928686);
#7699 = AXIS2_PLACEMENT_3D('',#7700,#7701,#7702);
#7700 = CARTESIAN_POINT('',(74.951311243584,0.,0.));
#7701 = DIRECTION('',(1.,0.,0.));
#7702 = DIRECTION('',(-0.,1.,0.));
#7703 = PCURVE('',#7656,#7704);
#7704 = DEFINITIONAL_REPRESENTATION('',(#7705),#7709);
#7705 = LINE('',#7706,#7707);
#7706 = CARTESIAN_POINT('',(0.,-5.796867737686E-03));
#7707 = VECTOR('',#7708,1.);
#7708 = DIRECTION('',(1.,-0.));
#7709 = ( GEOMETRIC_REPRESENTATION_CONTEXT(2) 
PARAMETRIC_REPRESENTATION_CONTEXT() REPRESENTATION_CONTEXT('2D SPACE',''
  ) );
#7710 = PCURVE('',#7711,#7716);
#7711 = CONICAL_SURFACE('',#7712,19.741592928686,1.54194802248);
#7712 = AXIS2_PLACEMENT_3D('',#7713,#7714,#7715);
#7713 = CARTESIAN_POINT('',(74.951311243584,0.,0.));
#7714 = DIRECTION('',(1.,0.,0.));
#7715 = DIRECTION('',(0.,1.,0.));
#7716 = DEFINITIONAL_REPRESENTATION('',(#7717),#7721);
#7717 = LINE('',#7718,#7719);
#7718 = CARTESIAN_POINT('',(0.,-0.));
#7719 = VECTOR('',#7720,1.);
#7720 = DIRECTION('',(1.,-0.));
#7721 = ( GEOMETRIC_REPRESENTATION_CONTEXT(2) 
PARAMETRIC_REPRESENTATION_CONTEXT() REPRESENTATION_CONTEXT('2D SPACE',''
  ) );
#7722 = ORIENTED_EDGE('',*,*,#7673,.F.);
#7723 = ADVANCED_FACE('',(#7724),#7711,.T.);
#7724 = FACE_BOUND('',#7725,.F.);
#7725 = EDGE_LOOP('',(#7726,#7727,#7750,#7777));
#7726 = ORIENTED_EDGE('',*,*,#7696,.T.);
#7727 = ORIENTED_EDGE('',*,*,#7728,.T.);
#7728 = EDGE_CURVE('',#7674,#7729,#7731,.T.);
#7729 = VERTEX_POINT('',#7730);
#7730 = CARTESIAN_POINT('',(74.945557006006,19.542182899103,0.));
#7731 = SEAM_CURVE('',#7732,(#7736,#7743),.PCURVE_S1.);
#7732 = LINE('',#7733,#7734);
#7733 = CARTESIAN_POINT('',(74.951311243584,19.741592928686,0.));
#7734 = VECTOR('',#7735,1.);
#7735 = DIRECTION('',(-2.884430310341E-02,-0.999583916527,0.));
#7736 = PCURVE('',#7711,#7737);
#7737 = DEFINITIONAL_REPRESENTATION('',(#7738),#7742);
#7738 = LINE('',#7739,#7740);
#7739 = CARTESIAN_POINT('',(0.,-0.));
#7740 = VECTOR('',#7741,1.);
#7741 = DIRECTION('',(0.,-1.));
#7742 = ( GEOMETRIC_REPRESENTATION_CONTEXT(2) 
PARAMETRIC_REPRESENTATION_CONTEXT() REPRESENTATION_CONTEXT('2D SPACE',''
  ) );
#7743 = PCURVE('',#7711,#7744);
#7744 = DEFINITIONAL_REPRESENTATION('',(#7745),#7749);
#7745 = LINE('',#7746,#7747);
#7746 = CARTESIAN_POINT('',(6.28318530718,-0.));
#7747 = VECTOR('',#7748,1.);
#7748 = DIRECTION('',(0.,-1.));
#7749 = ( GEOMETRIC_REPRESENTATION_CONTEXT(2) 
PARAMETRIC_REPRESENTATION_CONTEXT() REPRESENTATION_CONTEXT('2D SPACE',''
  ) );
#7750 = ORIENTED_EDGE('',*,*,#7751,.F.);
#7751 = EDGE_CURVE('',#7729,#7729,#7752,.T.);
#7752 = SURFACE_CURVE('',#7753,(#7758,#7765),.PCURVE_S1.);
#7753 = CIRCLE('',#7754,19.542182899103);
#7754 = AXIS2_PLACEMENT_3D('',#7755,#7756,#7757);
#7755 = CARTESIAN_POINT('',(74.945557006006,0.,0.));
#7756 = DIRECTION('',(1.,0.,0.));
#7757 = DIRECTION('',(-0.,1.,0.));
#7758 = PCURVE('',#7711,#7759);
#7759 = DEFINITIONAL_REPRESENTATION('',(#7760),#7764);
#7760 = LINE('',#7761,#7762);
#7761 = CARTESIAN_POINT('',(0.,-5.754237578302E-03));
#7762 = VECTOR('',#7763,1.);
#7763 = DIRECTION('',(1.,-0.));
#7764 = ( GEOMETRIC_REPRESENTATION_CONTEXT(2) 
PARAMETRIC_REPRESENTATION_CONTEXT() REPRESENTATION_CONTEXT('2D SPACE',''
  ) );
#7765 = PCURVE('',#7766,#7771);
#7766 = CONICAL_SURFACE('',#7767,19.542182899103,1.542163792614);
#7767 = AXIS2_PLACEMENT_3D('',#7768,#7769,#7770);
#7768 = CARTESIAN_POINT('',(74.945557006006,0.,0.));
#7769 = DIRECTION('',(1.,0.,0.));
#7770 = DIRECTION('',(0.,1.,0.));
#7771 = DEFINITIONAL_REPRESENTATION('',(#7772),#7776);
#7772 = LINE('',#7773,#7774);
#7773 = CARTESIAN_POINT('',(0.,-0.));
#7774 = VECTOR('',#7775,1.);
#7775 = DIRECTION('',(1.,-0.));
#7776 = ( GEOMETRIC_REPRESENTATION_CONTEXT(2) 
PARAMETRIC_REPRESENTATION_CONTEXT() REPRESENTATION_CONTEXT('2D SPACE',''
  ) );
#7777 = ORIENTED_EDGE('',*,*,#7728,.F.);
#7778 = ADVANCED_FACE('',(#7779),#7766,.T.);
#7779 = FACE_BOUND('',#7780,.F.);
#7780 = EDGE_LOOP('',(#7781,#7782,#7805,#7832));
#7781 = ORIENTED_EDGE('',*,*,#7751,.T.);
#7782 = ORIENTED_EDGE('',*,*,#7783,.T.);
#7783 = EDGE_CURVE('',#7729,#7784,#7786,.T.);
#7784 = VERTEX_POINT('',#7785);
#7785 = CARTESIAN_POINT('',(74.939845830717,19.342772869521,0.));
#7786 = SEAM_CURVE('',#7787,(#7791,#7798),.PCURVE_S1.);
#7787 = LINE('',#7788,#7789);
#7788 = CARTESIAN_POINT('',(74.945557006006,19.542182899103,0.));
#7789 = VECTOR('',#7790,1.);
#7790 = DIRECTION('',(-2.862862207715E-02,-0.999590116997,0.));
#7791 = PCURVE('',#7766,#7792);
#7792 = DEFINITIONAL_REPRESENTATION('',(#7793),#7797);
#7793 = LINE('',#7794,#7795);
#7794 = CARTESIAN_POINT('',(0.,-0.));
#7795 = VECTOR('',#7796,1.);
#7796 = DIRECTION('',(0.,-1.));
#7797 = ( GEOMETRIC_REPRESENTATION_CONTEXT(2) 
PARAMETRIC_REPRESENTATION_CONTEXT() REPRESENTATION_CONTEXT('2D SPACE',''
  ) );
#7798 = PCURVE('',#7766,#7799);
#7799 = DEFINITIONAL_REPRESENTATION('',(#7800),#7804);
#7800 = LINE('',#7801,#7802);
#7801 = CARTESIAN_POINT('',(6.28318530718,-0.));
#7802 = VECTOR('',#7803,1.);
#7803 = DIRECTION('',(0.,-1.));
#7804 = ( GEOMETRIC_REPRESENTATION_CONTEXT(2) 
PARAMETRIC_REPRESENTATION_CONTEXT() REPRESENTATION_CONTEXT('2D SPACE',''
  ) );
#7805 = ORIENTED_EDGE('',*,*,#7806,.F.);
#7806 = EDGE_CURVE('',#7784,#7784,#7807,.T.);
#7807 = SURFACE_CURVE('',#7808,(#7813,#7820),.PCURVE_S1.);
#7808 = CIRCLE('',#7809,19.342772869521);
#7809 = AXIS2_PLACEMENT_3D('',#7810,#7811,#7812);
#7810 = CARTESIAN_POINT('',(74.939845830717,0.,0.));
#7811 = DIRECTION('',(1.,0.,0.));
#7812 = DIRECTION('',(-0.,1.,0.));
#7813 = PCURVE('',#7766,#7814);
#7814 = DEFINITIONAL_REPRESENTATION('',(#7815),#7819);
#7815 = LINE('',#7816,#7817);
#7816 = CARTESIAN_POINT('',(0.,-5.711175288994E-03));
#7817 = VECTOR('',#7818,1.);
#7818 = DIRECTION('',(1.,-0.));
#7819 = ( GEOMETRIC_REPRESENTATION_CONTEXT(2) 
PARAMETRIC_REPRESENTATION_CONTEXT() REPRESENTATION_CONTEXT('2D SPACE',''
  ) );
#7820 = PCURVE('',#7821,#7826);
#7821 = CONICAL_SURFACE('',#7822,19.342772869521,1.542381718739);
#7822 = AXIS2_PLACEMENT_3D('',#7823,#7824,#7825);
#7823 = CARTESIAN_POINT('',(74.939845830717,0.,0.));
#7824 = DIRECTION('',(1.,0.,0.));
#7825 = DIRECTION('',(0.,1.,0.));
#7826 = DEFINITIONAL_REPRESENTATION('',(#7827),#7831);
#7827 = LINE('',#7828,#7829);
#7828 = CARTESIAN_POINT('',(0.,-0.));
#7829 = VECTOR('',#7830,1.);
#7830 = DIRECTION('',(1.,-0.));
#7831 = ( GEOMETRIC_REPRESENTATION_CONTEXT(2) 
PARAMETRIC_REPRESENTATION_CONTEXT() REPRESENTATION_CONTEXT('2D SPACE',''
  ) );
#7832 = ORIENTED_EDGE('',*,*,#7783,.F.);
#7833 = ADVANCED_FACE('',(#7834),#7821,.T.);
#7834 = FACE_BOUND('',#7835,.F.);
#7835 = EDGE_LOOP('',(#7836,#7837,#7860,#7887));
#7836 = ORIENTED_EDGE('',*,*,#7806,.T.);
#7837 = ORIENTED_EDGE('',*,*,#7838,.T.);
#7838 = EDGE_CURVE('',#7784,#7839,#7841,.T.);
#7839 = VERTEX_POINT('',#7840);
#7840 = CARTESIAN_POINT('',(74.934178147458,19.143362839938,0.));
#7841 = SEAM_CURVE('',#7842,(#7846,#7853),.PCURVE_S1.);
#7842 = LINE('',#7843,#7844);
#7843 = CARTESIAN_POINT('',(74.939845830717,19.342772869521,0.));
#7844 = VECTOR('',#7845,1.);
#7845 = DIRECTION('',(-2.841078459905E-02,-0.999596332185,0.));
#7846 = PCURVE('',#7821,#7847);
#7847 = DEFINITIONAL_REPRESENTATION('',(#7848),#7852);
#7848 = LINE('',#7849,#7850);
#7849 = CARTESIAN_POINT('',(0.,-0.));
#7850 = VECTOR('',#7851,1.);
#7851 = DIRECTION('',(0.,-1.));
#7852 = ( GEOMETRIC_REPRESENTATION_CONTEXT(2) 
PARAMETRIC_REPRESENTATION_CONTEXT() REPRESENTATION_CONTEXT('2D SPACE',''
  ) );
#7853 = PCURVE('',#7821,#7854);
#7854 = DEFINITIONAL_REPRESENTATION('',(#7855),#7859);
#7855 = LINE('',#7856,#7857);
#7856 = CARTESIAN_POINT('',(6.28318530718,-0.));
#7857 = VECTOR('',#7858,1.);
#7858 = DIRECTION('',(0.,-1.));
#7859 = ( GEOMETRIC_REPRESENTATION_CONTEXT(2) 
PARAMETRIC_REPRESENTATION_CONTEXT() REPRESENTATION_CONTEXT('2D SPACE',''
  ) );
#7860 = ORIENTED_EDGE('',*,*,#7861,.F.);
#7861 = EDGE_CURVE('',#7839,#7839,#7862,.T.);
#7862 = SURFACE_CURVE('',#7863,(#7868,#7875),.PCURVE_S1.);
#7863 = CIRCLE('',#7864,19.143362839938);
#7864 = AXIS2_PLACEMENT_3D('',#7865,#7866,#7867);
#7865 = CARTESIAN_POINT('',(74.934178147458,0.,0.));
#7866 = DIRECTION('',(1.,0.,0.));
#7867 = DIRECTION('',(-0.,1.,0.));
#7868 = PCURVE('',#7821,#7869);
#7869 = DEFINITIONAL_REPRESENTATION('',(#7870),#7874);
#7870 = LINE('',#7871,#7872);
#7871 = CARTESIAN_POINT('',(0.,-5.667683258679E-03));
#7872 = VECTOR('',#7873,1.);
#7873 = DIRECTION('',(1.,-0.));
#7874 = ( GEOMETRIC_REPRESENTATION_CONTEXT(2) 
PARAMETRIC_REPRESENTATION_CONTEXT() REPRESENTATION_CONTEXT('2D SPACE',''
  ) );
#7875 = PCURVE('',#7876,#7881);
#7876 = CONICAL_SURFACE('',#7877,19.143362839938,1.542601788672);
#7877 = AXIS2_PLACEMENT_3D('',#7878,#7879,#7880);
#7878 = CARTESIAN_POINT('',(74.934178147458,0.,0.));
#7879 = DIRECTION('',(1.,0.,0.));
#7880 = DIRECTION('',(0.,1.,0.));
#7881 = DEFINITIONAL_REPRESENTATION('',(#7882),#7886);
#7882 = LINE('',#7883,#7884);
#7883 = CARTESIAN_POINT('',(0.,-0.));
#7884 = VECTOR('',#7885,1.);
#7885 = DIRECTION('',(1.,-0.));
#7886 = ( GEOMETRIC_REPRESENTATION_CONTEXT(2) 
PARAMETRIC_REPRESENTATION_CONTEXT() REPRESENTATION_CONTEXT('2D SPACE',''
  ) );
#7887 = ORIENTED_EDGE('',*,*,#7838,.F.);
#7888 = ADVANCED_FACE('',(#7889),#7876,.T.);
#7889 = FACE_BOUND('',#7890,.F.);
#7890 = EDGE_LOOP('',(#7891,#7892,#7915,#7942));
#7891 = ORIENTED_EDGE('',*,*,#7861,.T.);
#7892 = ORIENTED_EDGE('',*,*,#7893,.T.);
#7893 = EDGE_CURVE('',#7839,#7894,#7896,.T.);
#7894 = VERTEX_POINT('',#7895);
#7895 = CARTESIAN_POINT('',(74.928554383528,18.943952810355,0.));
#7896 = SEAM_CURVE('',#7897,(#7901,#7908),.PCURVE_S1.);
#7897 = LINE('',#7898,#7899);
#7898 = CARTESIAN_POINT('',(74.934178147458,19.143362839938,0.));
#7899 = VECTOR('',#7900,1.);
#7900 = DIRECTION('',(-2.819080281466E-02,-0.999602560339,0.));
#7901 = PCURVE('',#7876,#7902);
#7902 = DEFINITIONAL_REPRESENTATION('',(#7903),#7907);
#7903 = LINE('',#7904,#7905);
#7904 = CARTESIAN_POINT('',(0.,-0.));
#7905 = VECTOR('',#7906,1.);
#7906 = DIRECTION('',(0.,-1.));
#7907 = ( GEOMETRIC_REPRESENTATION_CONTEXT(2) 
PARAMETRIC_REPRESENTATION_CONTEXT() REPRESENTATION_CONTEXT('2D SPACE',''
  ) );
#7908 = PCURVE('',#7876,#7909);
#7909 = DEFINITIONAL_REPRESENTATION('',(#7910),#7914);
#7910 = LINE('',#7911,#7912);
#7911 = CARTESIAN_POINT('',(6.28318530718,-0.));
#7912 = VECTOR('',#7913,1.);
#7913 = DIRECTION('',(0.,-1.));
#7914 = ( GEOMETRIC_REPRESENTATION_CONTEXT(2) 
PARAMETRIC_REPRESENTATION_CONTEXT() REPRESENTATION_CONTEXT('2D SPACE',''
  ) );
#7915 = ORIENTED_EDGE('',*,*,#7916,.F.);
#7916 = EDGE_CURVE('',#7894,#7894,#7917,.T.);
#7917 = SURFACE_CURVE('',#7918,(#7923,#7930),.PCURVE_S1.);
#7918 = CIRCLE('',#7919,18.943952810355);
#7919 = AXIS2_PLACEMENT_3D('',#7920,#7921,#7922);
#7920 = CARTESIAN_POINT('',(74.928554383528,0.,0.));
#7921 = DIRECTION('',(1.,0.,0.));
#7922 = DIRECTION('',(-0.,1.,0.));
#7923 = PCURVE('',#7876,#7924);
#7924 = DEFINITIONAL_REPRESENTATION('',(#7925),#7929);
#7925 = LINE('',#7926,#7927);
#7926 = CARTESIAN_POINT('',(0.,-5.62376393006E-03));
#7927 = VECTOR('',#7928,1.);
#7928 = DIRECTION('',(1.,-0.));
#7929 = ( GEOMETRIC_REPRESENTATION_CONTEXT(2) 
PARAMETRIC_REPRESENTATION_CONTEXT() REPRESENTATION_CONTEXT('2D SPACE',''
  ) );
#7930 = PCURVE('',#7931,#7936);
#7931 = CONICAL_SURFACE('',#7932,18.943952810355,1.542823989965);
#7932 = AXIS2_PLACEMENT_3D('',#7933,#7934,#7935);
#7933 = CARTESIAN_POINT('',(74.928554383528,0.,0.));
#7934 = DIRECTION('',(1.,0.,0.));
#7935 = DIRECTION('',(0.,1.,0.));
#7936 = DEFINITIONAL_REPRESENTATION('',(#7937),#7941);
#7937 = LINE('',#7938,#7939);
#7938 = CARTESIAN_POINT('',(0.,-0.));
#7939 = VECTOR('',#7940,1.);
#7940 = DIRECTION('',(1.,-0.));
#7941 = ( GEOMETRIC_REPRESENTATION_CONTEXT(2) 
PARAMETRIC_REPRESENTATION_CONTEXT() REPRESENTATION_CONTEXT('2D SPACE',''
  ) );
#7942 = ORIENTED_EDGE('',*,*,#7893,.F.);
#7943 = ADVANCED_FACE('',(#7944),#7931,.T.);
#7944 = FACE_BOUND('',#7945,.F.);
#7945 = EDGE_LOOP('',(#7946,#7947,#7970,#7997));
#7946 = ORIENTED_EDGE('',*,*,#7916,.T.);
#7947 = ORIENTED_EDGE('',*,*,#7948,.T.);
#7948 = EDGE_CURVE('',#7894,#7949,#7951,.T.);
#7949 = VERTEX_POINT('',#7950);
#7950 = CARTESIAN_POINT('',(74.922974963729,18.744542780773,0.));
#7951 = SEAM_CURVE('',#7952,(#7956,#7963),.PCURVE_S1.);
#7952 = LINE('',#7953,#7954);
#7953 = CARTESIAN_POINT('',(74.928554383528,18.943952810355,0.));
#7954 = VECTOR('',#7955,1.);
#7955 = DIRECTION('',(-2.796868913883E-02,-0.999608799695,0.));
#7956 = PCURVE('',#7931,#7957);
#7957 = DEFINITIONAL_REPRESENTATION('',(#7958),#7962);
#7958 = LINE('',#7959,#7960);
#7959 = CARTESIAN_POINT('',(0.,-0.));
#7960 = VECTOR('',#7961,1.);
#7961 = DIRECTION('',(0.,-1.));
#7962 = ( GEOMETRIC_REPRESENTATION_CONTEXT(2) 
PARAMETRIC_REPRESENTATION_CONTEXT() REPRESENTATION_CONTEXT('2D SPACE',''
  ) );
#7963 = PCURVE('',#7931,#7964);
#7964 = DEFINITIONAL_REPRESENTATION('',(#7965),#7969);
#7965 = LINE('',#7966,#7967);
#7966 = CARTESIAN_POINT('',(6.28318530718,-0.));
#7967 = VECTOR('',#7968,1.);
#7968 = DIRECTION('',(0.,-1.));
#7969 = ( GEOMETRIC_REPRESENTATION_CONTEXT(2) 
PARAMETRIC_REPRESENTATION_CONTEXT() REPRESENTATION_CONTEXT('2D SPACE',''
  ) );
#7970 = ORIENTED_EDGE('',*,*,#7971,.F.);
#7971 = EDGE_CURVE('',#7949,#7949,#7972,.T.);
#7972 = SURFACE_CURVE('',#7973,(#7978,#7985),.PCURVE_S1.);
#7973 = CIRCLE('',#7974,18.744542780773);
#7974 = AXIS2_PLACEMENT_3D('',#7975,#7976,#7977);
#7975 = CARTESIAN_POINT('',(74.922974963729,0.,0.));
#7976 = DIRECTION('',(1.,0.,0.));
#7977 = DIRECTION('',(-0.,1.,0.));
#7978 = PCURVE('',#7931,#7979);
#7979 = DEFINITIONAL_REPRESENTATION('',(#7980),#7984);
#7980 = LINE('',#7981,#7982);
#7981 = CARTESIAN_POINT('',(0.,-5.57941979929E-03));
#7982 = VECTOR('',#7983,1.);
#7983 = DIRECTION('',(1.,-0.));
#7984 = ( GEOMETRIC_REPRESENTATION_CONTEXT(2) 
PARAMETRIC_REPRESENTATION_CONTEXT() REPRESENTATION_CONTEXT('2D SPACE',''
  ) );
#7985 = PCURVE('',#7986,#7991);
#7986 = CONICAL_SURFACE('',#7987,18.744542780773,1.543048309901);
#7987 = AXIS2_PLACEMENT_3D('',#7988,#7989,#7990);
#7988 = CARTESIAN_POINT('',(74.922974963729,0.,0.));
#7989 = DIRECTION('',(1.,0.,0.));
#7990 = DIRECTION('',(0.,1.,0.));
#7991 = DEFINITIONAL_REPRESENTATION('',(#7992),#7996);
#7992 = LINE('',#7993,#7994);
#7993 = CARTESIAN_POINT('',(0.,-0.));
#7994 = VECTOR('',#7995,1.);
#7995 = DIRECTION('',(1.,-0.));
#7996 = ( GEOMETRIC_REPRESENTATION_CONTEXT(2) 
PARAMETRIC_REPRESENTATION_CONTEXT() REPRESENTATION_CONTEXT('2D SPACE',''
  ) );
#7997 = ORIENTED_EDGE('',*,*,#7948,.F.);
#7998 = ADVANCED_FACE('',(#7999),#7986,.T.);
#7999 = FACE_BOUND('',#8000,.F.);
#8000 = EDGE_LOOP('',(#8001,#8002,#8025,#8052));
#8001 = ORIENTED_EDGE('',*,*,#7971,.T.);
#8002 = ORIENTED_EDGE('',*,*,#8003,.T.);
#8003 = EDGE_CURVE('',#7949,#8004,#8006,.T.);
#8004 = VERTEX_POINT('',#8005);
#8005 = CARTESIAN_POINT('',(74.917440310313,18.54513275119,0.));
#8006 = SEAM_CURVE('',#8007,(#8011,#8018),.PCURVE_S1.);
#8007 = LINE('',#8008,#8009);
#8008 = CARTESIAN_POINT('',(74.922974963729,18.744542780773,0.));
#8009 = VECTOR('',#8010,1.);
#8010 = DIRECTION('',(-2.774445625505E-02,-0.99961504848,0.));
#8011 = PCURVE('',#7986,#8012);
#8012 = DEFINITIONAL_REPRESENTATION('',(#8013),#8017);
#8013 = LINE('',#8014,#8015);
#8014 = CARTESIAN_POINT('',(0.,-0.));
#8015 = VECTOR('',#8016,1.);
#8016 = DIRECTION('',(0.,-1.));
#8017 = ( GEOMETRIC_REPRESENTATION_CONTEXT(2) 
PARAMETRIC_REPRESENTATION_CONTEXT() REPRESENTATION_CONTEXT('2D SPACE',''
  ) );
#8018 = PCURVE('',#7986,#8019);
#8019 = DEFINITIONAL_REPRESENTATION('',(#8020),#8024);
#8020 = LINE('',#8021,#8022);
#8021 = CARTESIAN_POINT('',(6.28318530718,-0.));
#8022 = VECTOR('',#8023,1.);
#8023 = DIRECTION('',(0.,-1.));
#8024 = ( GEOMETRIC_REPRESENTATION_CONTEXT(2) 
PARAMETRIC_REPRESENTATION_CONTEXT() REPRESENTATION_CONTEXT('2D SPACE',''
  ) );
#8025 = ORIENTED_EDGE('',*,*,#8026,.F.);
#8026 = EDGE_CURVE('',#8004,#8004,#8027,.T.);
#8027 = SURFACE_CURVE('',#8028,(#8033,#8040),.PCURVE_S1.);
#8028 = CIRCLE('',#8029,18.54513275119);
#8029 = AXIS2_PLACEMENT_3D('',#8030,#8031,#8032);
#8030 = CARTESIAN_POINT('',(74.917440310313,0.,0.));
#8031 = DIRECTION('',(1.,0.,0.));
#8032 = DIRECTION('',(-0.,1.,0.));
#8033 = PCURVE('',#7986,#8034);
#8034 = DEFINITIONAL_REPRESENTATION('',(#8035),#8039);
#8035 = LINE('',#8036,#8037);
#8036 = CARTESIAN_POINT('',(0.,-5.534653415822E-03));
#8037 = VECTOR('',#8038,1.);
#8038 = DIRECTION('',(1.,-0.));
#8039 = ( GEOMETRIC_REPRESENTATION_CONTEXT(2) 
PARAMETRIC_REPRESENTATION_CONTEXT() REPRESENTATION_CONTEXT('2D SPACE',''
  ) );
#8040 = PCURVE('',#8041,#8046);
#8041 = CONICAL_SURFACE('',#8042,18.54513275119,1.543274735496);
#8042 = AXIS2_PLACEMENT_3D('',#8043,#8044,#8045);
#8043 = CARTESIAN_POINT('',(74.917440310313,0.,0.));
#8044 = DIRECTION('',(1.,0.,0.));
#8045 = DIRECTION('',(0.,1.,0.));
#8046 = DEFINITIONAL_REPRESENTATION('',(#8047),#8051);
#8047 = LINE('',#8048,#8049);
#8048 = CARTESIAN_POINT('',(0.,-0.));
#8049 = VECTOR('',#8050,1.);
#8050 = DIRECTION('',(1.,-0.));
#8051 = ( GEOMETRIC_REPRESENTATION_CONTEXT(2) 
PARAMETRIC_REPRESENTATION_CONTEXT() REPRESENTATION_CONTEXT('2D SPACE',''
  ) );
#8052 = ORIENTED_EDGE('',*,*,#8003,.F.);
#8053 = ADVANCED_FACE('',(#8054),#8041,.T.);
#8054 = FACE_BOUND('',#8055,.F.);
#8055 = EDGE_LOOP('',(#8056,#8057,#8080,#8107));
#8056 = ORIENTED_EDGE('',*,*,#8026,.T.);
#8057 = ORIENTED_EDGE('',*,*,#8058,.T.);
#8058 = EDGE_CURVE('',#8004,#8059,#8061,.T.);
#8059 = VERTEX_POINT('',#8060);
#8060 = CARTESIAN_POINT('',(74.911950842931,18.345722721607,0.));
#8061 = SEAM_CURVE('',#8062,(#8066,#8073),.PCURVE_S1.);
#8062 = LINE('',#8063,#8064);
#8063 = CARTESIAN_POINT('',(74.917440310313,18.54513275119,0.));
#8064 = VECTOR('',#8065,1.);
#8065 = DIRECTION('',(-2.75181171145E-02,-0.99962130491,0.));
#8066 = PCURVE('',#8041,#8067);
#8067 = DEFINITIONAL_REPRESENTATION('',(#8068),#8072);
#8068 = LINE('',#8069,#8070);
#8069 = CARTESIAN_POINT('',(0.,-0.));
#8070 = VECTOR('',#8071,1.);
#8071 = DIRECTION('',(0.,-1.));
#8072 = ( GEOMETRIC_REPRESENTATION_CONTEXT(2) 
PARAMETRIC_REPRESENTATION_CONTEXT() REPRESENTATION_CONTEXT('2D SPACE',''
  ) );
#8073 = PCURVE('',#8041,#8074);
#8074 = DEFINITIONAL_REPRESENTATION('',(#8075),#8079);
#8075 = LINE('',#8076,#8077);
#8076 = CARTESIAN_POINT('',(6.28318530718,-0.));
#8077 = VECTOR('',#8078,1.);
#8078 = DIRECTION('',(0.,-1.));
#8079 = ( GEOMETRIC_REPRESENTATION_CONTEXT(2) 
PARAMETRIC_REPRESENTATION_CONTEXT() REPRESENTATION_CONTEXT('2D SPACE',''
  ) );
#8080 = ORIENTED_EDGE('',*,*,#8081,.F.);
#8081 = EDGE_CURVE('',#8059,#8059,#8082,.T.);
#8082 = SURFACE_CURVE('',#8083,(#8088,#8095),.PCURVE_S1.);
#8083 = CIRCLE('',#8084,18.345722721607);
#8084 = AXIS2_PLACEMENT_3D('',#8085,#8086,#8087);
#8085 = CARTESIAN_POINT('',(74.911950842931,0.,0.));
#8086 = DIRECTION('',(1.,0.,0.));
#8087 = DIRECTION('',(-0.,1.,0.));
#8088 = PCURVE('',#8041,#8089);
#8089 = DEFINITIONAL_REPRESENTATION('',(#8090),#8094);
#8090 = LINE('',#8091,#8092);
#8091 = CARTESIAN_POINT('',(0.,-5.489467382205E-03));
#8092 = VECTOR('',#8093,1.);
#8093 = DIRECTION('',(1.,-0.));
#8094 = ( GEOMETRIC_REPRESENTATION_CONTEXT(2) 
PARAMETRIC_REPRESENTATION_CONTEXT() REPRESENTATION_CONTEXT('2D SPACE',''
  ) );
#8095 = PCURVE('',#8096,#8101);
#8096 = CONICAL_SURFACE('',#8097,18.345722721607,1.543503253497);
#8097 = AXIS2_PLACEMENT_3D('',#8098,#8099,#8100);
#8098 = CARTESIAN_POINT('',(74.911950842931,0.,0.));
#8099 = DIRECTION('',(1.,0.,0.));
#8100 = DIRECTION('',(0.,1.,0.));
#8101 = DEFINITIONAL_REPRESENTATION('',(#8102),#8106);
#8102 = LINE('',#8103,#8104);
#8103 = CARTESIAN_POINT('',(0.,-0.));
#8104 = VECTOR('',#8105,1.);
#8105 = DIRECTION('',(1.,-0.));
#8106 = ( GEOMETRIC_REPRESENTATION_CONTEXT(2) 
PARAMETRIC_REPRESENTATION_CONTEXT() REPRESENTATION_CONTEXT('2D SPACE',''
  ) );
#8107 = ORIENTED_EDGE('',*,*,#8058,.F.);
#8108 = ADVANCED_FACE('',(#8109),#8096,.T.);
#8109 = FACE_BOUND('',#8110,.F.);
#8110 = EDGE_LOOP('',(#8111,#8112,#8135,#8162));
#8111 = ORIENTED_EDGE('',*,*,#8081,.T.);
#8112 = ORIENTED_EDGE('',*,*,#8113,.T.);
#8113 = EDGE_CURVE('',#8059,#8114,#8116,.T.);
#8114 = VERTEX_POINT('',#8115);
#8115 = CARTESIAN_POINT('',(74.906506978577,18.146312692025,0.));
#8116 = SEAM_CURVE('',#8117,(#8121,#8128),.PCURVE_S1.);
#8117 = LINE('',#8118,#8119);
#8118 = CARTESIAN_POINT('',(74.911950842931,18.345722721607,0.));
#8119 = VECTOR('',#8120,1.);
#8120 = DIRECTION('',(-2.728968493508E-02,-0.999627567195,0.));
#8121 = PCURVE('',#8096,#8122);
#8122 = DEFINITIONAL_REPRESENTATION('',(#8123),#8127);
#8123 = LINE('',#8124,#8125);
#8124 = CARTESIAN_POINT('',(0.,-0.));
#8125 = VECTOR('',#8126,1.);
#8126 = DIRECTION('',(0.,-1.));
#8127 = ( GEOMETRIC_REPRESENTATION_CONTEXT(2) 
PARAMETRIC_REPRESENTATION_CONTEXT() REPRESENTATION_CONTEXT('2D SPACE',''
  ) );
#8128 = PCURVE('',#8096,#8129);
#8129 = DEFINITIONAL_REPRESENTATION('',(#8130),#8134);
#8130 = LINE('',#8131,#8132);
#8131 = CARTESIAN_POINT('',(6.28318530718,-0.));
#8132 = VECTOR('',#8133,1.);
#8133 = DIRECTION('',(0.,-1.));
#8134 = ( GEOMETRIC_REPRESENTATION_CONTEXT(2) 
PARAMETRIC_REPRESENTATION_CONTEXT() REPRESENTATION_CONTEXT('2D SPACE',''
  ) );
#8135 = ORIENTED_EDGE('',*,*,#8136,.F.);
#8136 = EDGE_CURVE('',#8114,#8114,#8137,.T.);
#8137 = SURFACE_CURVE('',#8138,(#8143,#8150),.PCURVE_S1.);
#8138 = CIRCLE('',#8139,18.146312692025);
#8139 = AXIS2_PLACEMENT_3D('',#8140,#8141,#8142);
#8140 = CARTESIAN_POINT('',(74.906506978577,0.,0.));
#8141 = DIRECTION('',(1.,0.,0.));
#8142 = DIRECTION('',(-0.,1.,0.));
#8143 = PCURVE('',#8096,#8144);
#8144 = DEFINITIONAL_REPRESENTATION('',(#8145),#8149);
#8145 = LINE('',#8146,#8147);
#8146 = CARTESIAN_POINT('',(0.,-5.443864353879E-03));
#8147 = VECTOR('',#8148,1.);
#8148 = DIRECTION('',(1.,-0.));
#8149 = ( GEOMETRIC_REPRESENTATION_CONTEXT(2) 
PARAMETRIC_REPRESENTATION_CONTEXT() REPRESENTATION_CONTEXT('2D SPACE',''
  ) );
#8150 = PCURVE('',#8151,#8156);
#8151 = CONICAL_SURFACE('',#8152,18.146312692025,1.54373385039);
#8152 = AXIS2_PLACEMENT_3D('',#8153,#8154,#8155);
#8153 = CARTESIAN_POINT('',(74.906506978577,0.,0.));
#8154 = DIRECTION('',(1.,0.,0.));
#8155 = DIRECTION('',(0.,1.,0.));
#8156 = DEFINITIONAL_REPRESENTATION('',(#8157),#8161);
#8157 = LINE('',#8158,#8159);
#8158 = CARTESIAN_POINT('',(0.,-0.));
#8159 = VECTOR('',#8160,1.);
#8160 = DIRECTION('',(1.,-0.));
#8161 = ( GEOMETRIC_REPRESENTATION_CONTEXT(2) 
PARAMETRIC_REPRESENTATION_CONTEXT() REPRESENTATION_CONTEXT('2D SPACE',''
  ) );
#8162 = ORIENTED_EDGE('',*,*,#8113,.F.);
#8163 = ADVANCED_FACE('',(#8164),#8151,.T.);
#8164 = FACE_BOUND('',#8165,.F.);
#8165 = EDGE_LOOP('',(#8166,#8167,#8190,#8217));
#8166 = ORIENTED_EDGE('',*,*,#8136,.T.);
#8167 = ORIENTED_EDGE('',*,*,#8168,.T.);
#8168 = EDGE_CURVE('',#8114,#8169,#8171,.T.);
#8169 = VERTEX_POINT('',#8170);
#8170 = CARTESIAN_POINT('',(74.901109131538,17.946902662442,0.));
#8171 = SEAM_CURVE('',#8172,(#8176,#8183),.PCURVE_S1.);
#8172 = LINE('',#8173,#8174);
#8173 = CARTESIAN_POINT('',(74.906506978577,18.146312692025,0.));
#8174 = VECTOR('',#8175,1.);
#8175 = DIRECTION('',(-2.705917320012E-02,-0.999633833534,0.));
#8176 = PCURVE('',#8151,#8177);
#8177 = DEFINITIONAL_REPRESENTATION('',(#8178),#8182);
#8178 = LINE('',#8179,#8180);
#8179 = CARTESIAN_POINT('',(0.,-0.));
#8180 = VECTOR('',#8181,1.);
#8181 = DIRECTION('',(0.,-1.));
#8182 = ( GEOMETRIC_REPRESENTATION_CONTEXT(2) 
PARAMETRIC_REPRESENTATION_CONTEXT() REPRESENTATION_CONTEXT('2D SPACE',''
  ) );
#8183 = PCURVE('',#8151,#8184);
#8184 = DEFINITIONAL_REPRESENTATION('',(#8185),#8189);
#8185 = LINE('',#8186,#8187);
#8186 = CARTESIAN_POINT('',(6.28318530718,-0.));
#8187 = VECTOR('',#8188,1.);
#8188 = DIRECTION('',(0.,-1.));
#8189 = ( GEOMETRIC_REPRESENTATION_CONTEXT(2) 
PARAMETRIC_REPRESENTATION_CONTEXT() REPRESENTATION_CONTEXT('2D SPACE',''
  ) );
#8190 = ORIENTED_EDGE('',*,*,#8191,.F.);
#8191 = EDGE_CURVE('',#8169,#8169,#8192,.T.);
#8192 = SURFACE_CURVE('',#8193,(#8198,#8205),.PCURVE_S1.);
#8193 = CIRCLE('',#8194,17.946902662442);
#8194 = AXIS2_PLACEMENT_3D('',#8195,#8196,#8197);
#8195 = CARTESIAN_POINT('',(74.901109131538,0.,0.));
#8196 = DIRECTION('',(1.,0.,0.));
#8197 = DIRECTION('',(-0.,1.,0.));
#8198 = PCURVE('',#8151,#8199);
#8199 = DEFINITIONAL_REPRESENTATION('',(#8200),#8204);
#8200 = LINE('',#8201,#8202);
#8201 = CARTESIAN_POINT('',(0.,-5.397847038893E-03));
#8202 = VECTOR('',#8203,1.);
#8203 = DIRECTION('',(1.,-0.));
#8204 = ( GEOMETRIC_REPRESENTATION_CONTEXT(2) 
PARAMETRIC_REPRESENTATION_CONTEXT() REPRESENTATION_CONTEXT('2D SPACE',''
  ) );
#8205 = PCURVE('',#8206,#8211);
#8206 = CONICAL_SURFACE('',#8207,17.946902662442,1.543966512396);
#8207 = AXIS2_PLACEMENT_3D('',#8208,#8209,#8210);
#8208 = CARTESIAN_POINT('',(74.901109131538,0.,0.));
#8209 = DIRECTION('',(1.,0.,0.));
#8210 = DIRECTION('',(0.,1.,0.));
#8211 = DEFINITIONAL_REPRESENTATION('',(#8212),#8216);
#8212 = LINE('',#8213,#8214);
#8213 = CARTESIAN_POINT('',(0.,-0.));
#8214 = VECTOR('',#8215,1.);
#8215 = DIRECTION('',(1.,-0.));
#8216 = ( GEOMETRIC_REPRESENTATION_CONTEXT(2) 
PARAMETRIC_REPRESENTATION_CONTEXT() REPRESENTATION_CONTEXT('2D SPACE',''
  ) );
#8217 = ORIENTED_EDGE('',*,*,#8168,.F.);
#8218 = ADVANCED_FACE('',(#8219),#8206,.T.);
#8219 = FACE_BOUND('',#8220,.F.);
#8220 = EDGE_LOOP('',(#8221,#8222,#8245,#8272));
#8221 = ORIENTED_EDGE('',*,*,#8191,.T.);
#8222 = ORIENTED_EDGE('',*,*,#8223,.T.);
#8223 = EDGE_CURVE('',#8169,#8224,#8226,.T.);
#8224 = VERTEX_POINT('',#8225);
#8225 = CARTESIAN_POINT('',(74.89575771334,17.747492632859,0.));
#8226 = SEAM_CURVE('',#8227,(#8231,#8238),.PCURVE_S1.);
#8227 = LINE('',#8228,#8229);
#8228 = CARTESIAN_POINT('',(74.901109131538,17.946902662442,0.));
#8229 = VECTOR('',#8230,1.);
#8230 = DIRECTION('',(-2.682659565758E-02,-0.999640102119,0.));
#8231 = PCURVE('',#8206,#8232);
#8232 = DEFINITIONAL_REPRESENTATION('',(#8233),#8237);
#8233 = LINE('',#8234,#8235);
#8234 = CARTESIAN_POINT('',(0.,-0.));
#8235 = VECTOR('',#8236,1.);
#8236 = DIRECTION('',(0.,-1.));
#8237 = ( GEOMETRIC_REPRESENTATION_CONTEXT(2) 
PARAMETRIC_REPRESENTATION_CONTEXT() REPRESENTATION_CONTEXT('2D SPACE',''
  ) );
#8238 = PCURVE('',#8206,#8239);
#8239 = DEFINITIONAL_REPRESENTATION('',(#8240),#8244);
#8240 = LINE('',#8241,#8242);
#8241 = CARTESIAN_POINT('',(6.28318530718,-0.));
#8242 = VECTOR('',#8243,1.);
#8243 = DIRECTION('',(0.,-1.));
#8244 = ( GEOMETRIC_REPRESENTATION_CONTEXT(2) 
PARAMETRIC_REPRESENTATION_CONTEXT() REPRESENTATION_CONTEXT('2D SPACE',''
  ) );
#8245 = ORIENTED_EDGE('',*,*,#8246,.F.);
#8246 = EDGE_CURVE('',#8224,#8224,#8247,.T.);
#8247 = SURFACE_CURVE('',#8248,(#8253,#8260),.PCURVE_S1.);
#8248 = CIRCLE('',#8249,17.747492632859);
#8249 = AXIS2_PLACEMENT_3D('',#8250,#8251,#8252);
#8250 = CARTESIAN_POINT('',(74.89575771334,0.,0.));
#8251 = DIRECTION('',(1.,0.,0.));
#8252 = DIRECTION('',(-0.,1.,0.));
#8253 = PCURVE('',#8206,#8254);
#8254 = DEFINITIONAL_REPRESENTATION('',(#8255),#8259);
#8255 = LINE('',#8256,#8257);
#8256 = CARTESIAN_POINT('',(0.,-5.351418197748E-03));
#8257 = VECTOR('',#8258,1.);
#8258 = DIRECTION('',(1.,-0.));
#8259 = ( GEOMETRIC_REPRESENTATION_CONTEXT(2) 
PARAMETRIC_REPRESENTATION_CONTEXT() REPRESENTATION_CONTEXT('2D SPACE',''
  ) );
#8260 = PCURVE('',#8261,#8266);
#8261 = CONICAL_SURFACE('',#8262,17.747492632859,1.544201225471);
#8262 = AXIS2_PLACEMENT_3D('',#8263,#8264,#8265);
#8263 = CARTESIAN_POINT('',(74.89575771334,0.,0.));
#8264 = DIRECTION('',(1.,0.,0.));
#8265 = DIRECTION('',(0.,1.,0.));
#8266 = DEFINITIONAL_REPRESENTATION('',(#8267),#8271);
#8267 = LINE('',#8268,#8269);
#8268 = CARTESIAN_POINT('',(0.,-0.));
#8269 = VECTOR('',#8270,1.);
#8270 = DIRECTION('',(1.,-0.));
#8271 = ( GEOMETRIC_REPRESENTATION_CONTEXT(2) 
PARAMETRIC_REPRESENTATION_CONTEXT() REPRESENTATION_CONTEXT('2D SPACE',''
  ) );
#8272 = ORIENTED_EDGE('',*,*,#8223,.F.);
#8273 = ADVANCED_FACE('',(#8274),#8261,.T.);
#8274 = FACE_BOUND('',#8275,.F.);
#8275 = EDGE_LOOP('',(#8276,#8277,#8300,#8327));
#8276 = ORIENTED_EDGE('',*,*,#8246,.T.);
#8277 = ORIENTED_EDGE('',*,*,#8278,.T.);
#8278 = EDGE_CURVE('',#8224,#8279,#8281,.T.);
#8279 = VERTEX_POINT('',#8280);
#8280 = CARTESIAN_POINT('',(74.890453132697,17.548082603277,0.));
#8281 = SEAM_CURVE('',#8282,(#8286,#8293),.PCURVE_S1.);
#8282 = LINE('',#8283,#8284);
#8283 = CARTESIAN_POINT('',(74.89575771334,17.747492632859,0.));
#8284 = VECTOR('',#8285,1.);
#8285 = DIRECTION('',(-2.659196631822E-02,-0.999646371137,0.));
#8286 = PCURVE('',#8261,#8287);
#8287 = DEFINITIONAL_REPRESENTATION('',(#8288),#8292);
#8288 = LINE('',#8289,#8290);
#8289 = CARTESIAN_POINT('',(0.,-0.));
#8290 = VECTOR('',#8291,1.);
#8291 = DIRECTION('',(0.,-1.));
#8292 = ( GEOMETRIC_REPRESENTATION_CONTEXT(2) 
PARAMETRIC_REPRESENTATION_CONTEXT() REPRESENTATION_CONTEXT('2D SPACE',''
  ) );
#8293 = PCURVE('',#8261,#8294);
#8294 = DEFINITIONAL_REPRESENTATION('',(#8295),#8299);
#8295 = LINE('',#8296,#8297);
#8296 = CARTESIAN_POINT('',(6.28318530718,-0.));
#8297 = VECTOR('',#8298,1.);
#8298 = DIRECTION('',(0.,-1.));
#8299 = ( GEOMETRIC_REPRESENTATION_CONTEXT(2) 
PARAMETRIC_REPRESENTATION_CONTEXT() REPRESENTATION_CONTEXT('2D SPACE',''
  ) );
#8300 = ORIENTED_EDGE('',*,*,#8301,.F.);
#8301 = EDGE_CURVE('',#8279,#8279,#8302,.T.);
#8302 = SURFACE_CURVE('',#8303,(#8308,#8315),.PCURVE_S1.);
#8303 = CIRCLE('',#8304,17.548082603277);
#8304 = AXIS2_PLACEMENT_3D('',#8305,#8306,#8307);
#8305 = CARTESIAN_POINT('',(74.890453132697,0.,0.));
#8306 = DIRECTION('',(1.,0.,0.));
#8307 = DIRECTION('',(-0.,1.,0.));
#8308 = PCURVE('',#8261,#8309);
#8309 = DEFINITIONAL_REPRESENTATION('',(#8310),#8314);
#8310 = LINE('',#8311,#8312);
#8311 = CARTESIAN_POINT('',(0.,-5.304580642999E-03));
#8312 = VECTOR('',#8313,1.);
#8313 = DIRECTION('',(1.,-0.));
#8314 = ( GEOMETRIC_REPRESENTATION_CONTEXT(2) 
PARAMETRIC_REPRESENTATION_CONTEXT() REPRESENTATION_CONTEXT('2D SPACE',''
  ) );
#8315 = PCURVE('',#8316,#8321);
#8316 = CONICAL_SURFACE('',#8317,17.548082603277,1.544437975312);
#8317 = AXIS2_PLACEMENT_3D('',#8318,#8319,#8320);
#8318 = CARTESIAN_POINT('',(74.890453132697,0.,0.));
#8319 = DIRECTION('',(1.,0.,0.));
#8320 = DIRECTION('',(0.,1.,0.));
#8321 = DEFINITIONAL_REPRESENTATION('',(#8322),#8326);
#8322 = LINE('',#8323,#8324);
#8323 = CARTESIAN_POINT('',(0.,-0.));
#8324 = VECTOR('',#8325,1.);
#8325 = DIRECTION('',(1.,-0.));
#8326 = ( GEOMETRIC_REPRESENTATION_CONTEXT(2) 
PARAMETRIC_REPRESENTATION_CONTEXT() REPRESENTATION_CONTEXT('2D SPACE',''
  ) );
#8327 = ORIENTED_EDGE('',*,*,#8278,.F.);
#8328 = ADVANCED_FACE('',(#8329),#8316,.T.);
#8329 = FACE_BOUND('',#8330,.F.);
#8330 = EDGE_LOOP('',(#8331,#8332,#8355,#8382));
#8331 = ORIENTED_EDGE('',*,*,#8301,.T.);
#8332 = ORIENTED_EDGE('',*,*,#8333,.T.);
#8333 = EDGE_CURVE('',#8279,#8334,#8336,.T.);
#8334 = VERTEX_POINT('',#8335);
#8335 = CARTESIAN_POINT('',(74.885195795458,17.348672573694,0.));
#8336 = SEAM_CURVE('',#8337,(#8341,#8348),.PCURVE_S1.);
#8337 = LINE('',#8338,#8339);
#8338 = CARTESIAN_POINT('',(74.890453132697,17.548082603277,0.));
#8339 = VECTOR('',#8340,1.);
#8340 = DIRECTION('',(-2.635529945539E-02,-0.999652638765,0.));
#8341 = PCURVE('',#8316,#8342);
#8342 = DEFINITIONAL_REPRESENTATION('',(#8343),#8347);
#8343 = LINE('',#8344,#8345);
#8344 = CARTESIAN_POINT('',(0.,-0.));
#8345 = VECTOR('',#8346,1.);
#8346 = DIRECTION('',(0.,-1.));
#8347 = ( GEOMETRIC_REPRESENTATION_CONTEXT(2) 
PARAMETRIC_REPRESENTATION_CONTEXT() REPRESENTATION_CONTEXT('2D SPACE',''
  ) );
#8348 = PCURVE('',#8316,#8349);
#8349 = DEFINITIONAL_REPRESENTATION('',(#8350),#8354);
#8350 = LINE('',#8351,#8352);
#8351 = CARTESIAN_POINT('',(6.28318530718,-0.));
#8352 = VECTOR('',#8353,1.);
#8353 = DIRECTION('',(0.,-1.));
#8354 = ( GEOMETRIC_REPRESENTATION_CONTEXT(2) 
PARAMETRIC_REPRESENTATION_CONTEXT() REPRESENTATION_CONTEXT('2D SPACE',''
  ) );
#8355 = ORIENTED_EDGE('',*,*,#8356,.F.);
#8356 = EDGE_CURVE('',#8334,#8334,#8357,.T.);
#8357 = SURFACE_CURVE('',#8358,(#8363,#8370),.PCURVE_S1.);
#8358 = CIRCLE('',#8359,17.348672573694);
#8359 = AXIS2_PLACEMENT_3D('',#8360,#8361,#8362);
#8360 = CARTESIAN_POINT('',(74.885195795458,0.,0.));
#8361 = DIRECTION('',(1.,0.,0.));
#8362 = DIRECTION('',(-0.,1.,0.));
#8363 = PCURVE('',#8316,#8364);
#8364 = DEFINITIONAL_REPRESENTATION('',(#8365),#8369);
#8365 = LINE('',#8366,#8367);
#8366 = CARTESIAN_POINT('',(0.,-5.257337239215E-03));
#8367 = VECTOR('',#8368,1.);
#8368 = DIRECTION('',(1.,-0.));
#8369 = ( GEOMETRIC_REPRESENTATION_CONTEXT(2) 
PARAMETRIC_REPRESENTATION_CONTEXT() REPRESENTATION_CONTEXT('2D SPACE',''
  ) );
#8370 = PCURVE('',#8371,#8376);
#8371 = CONICAL_SURFACE('',#8372,17.348672573694,1.544676747356);
#8372 = AXIS2_PLACEMENT_3D('',#8373,#8374,#8375);
#8373 = CARTESIAN_POINT('',(74.885195795458,0.,0.));
#8374 = DIRECTION('',(1.,0.,0.));
#8375 = DIRECTION('',(0.,1.,0.));
#8376 = DEFINITIONAL_REPRESENTATION('',(#8377),#8381);
#8377 = LINE('',#8378,#8379);
#8378 = CARTESIAN_POINT('',(0.,-0.));
#8379 = VECTOR('',#8380,1.);
#8380 = DIRECTION('',(1.,-0.));
#8381 = ( GEOMETRIC_REPRESENTATION_CONTEXT(2) 
PARAMETRIC_REPRESENTATION_CONTEXT() REPRESENTATION_CONTEXT('2D SPACE',''
  ) );
#8382 = ORIENTED_EDGE('',*,*,#8333,.F.);
#8383 = ADVANCED_FACE('',(#8384),#8371,.T.);
#8384 = FACE_BOUND('',#8385,.F.);
#8385 = EDGE_LOOP('',(#8386,#8387,#8410,#8437));
#8386 = ORIENTED_EDGE('',*,*,#8356,.T.);
#8387 = ORIENTED_EDGE('',*,*,#8388,.T.);
#8388 = EDGE_CURVE('',#8334,#8389,#8391,.T.);
#8389 = VERTEX_POINT('',#8390);
#8390 = CARTESIAN_POINT('',(74.879986104555,17.149262544111,0.));
#8391 = SEAM_CURVE('',#8392,(#8396,#8403),.PCURVE_S1.);
#8392 = LINE('',#8393,#8394);
#8393 = CARTESIAN_POINT('',(74.885195795458,17.348672573694,0.));
#8394 = VECTOR('',#8395,1.);
#8395 = DIRECTION('',(-2.611660960301E-02,-0.999658903178,0.));
#8396 = PCURVE('',#8371,#8397);
#8397 = DEFINITIONAL_REPRESENTATION('',(#8398),#8402);
#8398 = LINE('',#8399,#8400);
#8399 = CARTESIAN_POINT('',(0.,-0.));
#8400 = VECTOR('',#8401,1.);
#8401 = DIRECTION('',(0.,-1.));
#8402 = ( GEOMETRIC_REPRESENTATION_CONTEXT(2) 
PARAMETRIC_REPRESENTATION_CONTEXT() REPRESENTATION_CONTEXT('2D SPACE',''
  ) );
#8403 = PCURVE('',#8371,#8404);
#8404 = DEFINITIONAL_REPRESENTATION('',(#8405),#8409);
#8405 = LINE('',#8406,#8407);
#8406 = CARTESIAN_POINT('',(6.28318530718,-0.));
#8407 = VECTOR('',#8408,1.);
#8408 = DIRECTION('',(0.,-1.));
#8409 = ( GEOMETRIC_REPRESENTATION_CONTEXT(2) 
PARAMETRIC_REPRESENTATION_CONTEXT() REPRESENTATION_CONTEXT('2D SPACE',''
  ) );
#8410 = ORIENTED_EDGE('',*,*,#8411,.F.);
#8411 = EDGE_CURVE('',#8389,#8389,#8412,.T.);
#8412 = SURFACE_CURVE('',#8413,(#8418,#8425),.PCURVE_S1.);
#8413 = CIRCLE('',#8414,17.149262544111);
#8414 = AXIS2_PLACEMENT_3D('',#8415,#8416,#8417);
#8415 = CARTESIAN_POINT('',(74.879986104555,0.,0.));
#8416 = DIRECTION('',(1.,0.,0.));
#8417 = DIRECTION('',(-0.,1.,0.));
#8418 = PCURVE('',#8371,#8419);
#8419 = DEFINITIONAL_REPRESENTATION('',(#8420),#8424);
#8420 = LINE('',#8421,#8422);
#8421 = CARTESIAN_POINT('',(0.,-5.209690902547E-03));
#8422 = VECTOR('',#8423,1.);
#8423 = DIRECTION('',(1.,-0.));
#8424 = ( GEOMETRIC_REPRESENTATION_CONTEXT(2) 
PARAMETRIC_REPRESENTATION_CONTEXT() REPRESENTATION_CONTEXT('2D SPACE',''
  ) );
#8425 = PCURVE('',#8426,#8431);
#8426 = CONICAL_SURFACE('',#8427,17.149262544111,1.544917526779);
#8427 = AXIS2_PLACEMENT_3D('',#8428,#8429,#8430);
#8428 = CARTESIAN_POINT('',(74.879986104555,0.,0.));
#8429 = DIRECTION('',(1.,0.,0.));
#8430 = DIRECTION('',(0.,1.,0.));
#8431 = DEFINITIONAL_REPRESENTATION('',(#8432),#8436);
#8432 = LINE('',#8433,#8434);
#8433 = CARTESIAN_POINT('',(0.,-0.));
#8434 = VECTOR('',#8435,1.);
#8435 = DIRECTION('',(1.,-0.));
#8436 = ( GEOMETRIC_REPRESENTATION_CONTEXT(2) 
PARAMETRIC_REPRESENTATION_CONTEXT() REPRESENTATION_CONTEXT('2D SPACE',''
  ) );
#8437 = ORIENTED_EDGE('',*,*,#8388,.F.);
#8438 = ADVANCED_FACE('',(#8439),#8426,.T.);
#8439 = FACE_BOUND('',#8440,.F.);
#8440 = EDGE_LOOP('',(#8441,#8442,#8465,#8492));
#8441 = ORIENTED_EDGE('',*,*,#8411,.T.);
#8442 = ORIENTED_EDGE('',*,*,#8443,.T.);
#8443 = EDGE_CURVE('',#8389,#8444,#8446,.T.);
#8444 = VERTEX_POINT('',#8445);
#8445 = CARTESIAN_POINT('',(74.874824459955,16.949852514528,0.));
#8446 = SEAM_CURVE('',#8447,(#8451,#8458),.PCURVE_S1.);
#8447 = LINE('',#8448,#8449);
#8448 = CARTESIAN_POINT('',(74.879986104555,17.149262544111,0.));
#8449 = VECTOR('',#8450,1.);
#8450 = DIRECTION('',(-2.587591155402E-02,-0.999665162543,0.));
#8451 = PCURVE('',#8426,#8452);
#8452 = DEFINITIONAL_REPRESENTATION('',(#8453),#8457);
#8453 = LINE('',#8454,#8455);
#8454 = CARTESIAN_POINT('',(0.,-0.));
#8455 = VECTOR('',#8456,1.);
#8456 = DIRECTION('',(0.,-1.));
#8457 = ( GEOMETRIC_REPRESENTATION_CONTEXT(2) 
PARAMETRIC_REPRESENTATION_CONTEXT() REPRESENTATION_CONTEXT('2D SPACE',''
  ) );
#8458 = PCURVE('',#8426,#8459);
#8459 = DEFINITIONAL_REPRESENTATION('',(#8460),#8464);
#8460 = LINE('',#8461,#8462);
#8461 = CARTESIAN_POINT('',(6.28318530718,-0.));
#8462 = VECTOR('',#8463,1.);
#8463 = DIRECTION('',(0.,-1.));
#8464 = ( GEOMETRIC_REPRESENTATION_CONTEXT(2) 
PARAMETRIC_REPRESENTATION_CONTEXT() REPRESENTATION_CONTEXT('2D SPACE',''
  ) );
#8465 = ORIENTED_EDGE('',*,*,#8466,.F.);
#8466 = EDGE_CURVE('',#8444,#8444,#8467,.T.);
#8467 = SURFACE_CURVE('',#8468,(#8473,#8480),.PCURVE_S1.);
#8468 = CIRCLE('',#8469,16.949852514528);
#8469 = AXIS2_PLACEMENT_3D('',#8470,#8471,#8472);
#8470 = CARTESIAN_POINT('',(74.874824459955,0.,0.));
#8471 = DIRECTION('',(1.,0.,0.));
#8472 = DIRECTION('',(-0.,1.,0.));
#8473 = PCURVE('',#8426,#8474);
#8474 = DEFINITIONAL_REPRESENTATION('',(#8475),#8479);
#8475 = LINE('',#8476,#8477);
#8476 = CARTESIAN_POINT('',(0.,-5.16164460042E-03));
#8477 = VECTOR('',#8478,1.);
#8478 = DIRECTION('',(1.,-0.));
#8479 = ( GEOMETRIC_REPRESENTATION_CONTEXT(2) 
PARAMETRIC_REPRESENTATION_CONTEXT() REPRESENTATION_CONTEXT('2D SPACE',''
  ) );
#8480 = PCURVE('',#8481,#8486);
#8481 = CONICAL_SURFACE('',#8482,16.949852514528,1.545160298502);
#8482 = AXIS2_PLACEMENT_3D('',#8483,#8484,#8485);
#8483 = CARTESIAN_POINT('',(74.874824459955,0.,0.));
#8484 = DIRECTION('',(1.,0.,0.));
#8485 = DIRECTION('',(0.,1.,0.));
#8486 = DEFINITIONAL_REPRESENTATION('',(#8487),#8491);
#8487 = LINE('',#8488,#8489);
#8488 = CARTESIAN_POINT('',(0.,-0.));
#8489 = VECTOR('',#8490,1.);
#8490 = DIRECTION('',(1.,-0.));
#8491 = ( GEOMETRIC_REPRESENTATION_CONTEXT(2) 
PARAMETRIC_REPRESENTATION_CONTEXT() REPRESENTATION_CONTEXT('2D SPACE',''
  ) );
#8492 = ORIENTED_EDGE('',*,*,#8443,.F.);
#8493 = ADVANCED_FACE('',(#8494),#8481,.T.);
#8494 = FACE_BOUND('',#8495,.F.);
#8495 = EDGE_LOOP('',(#8496,#8497,#8520,#8547));
#8496 = ORIENTED_EDGE('',*,*,#8466,.T.);
#8497 = ORIENTED_EDGE('',*,*,#8498,.T.);
#8498 = EDGE_CURVE('',#8444,#8499,#8501,.T.);
#8499 = VERTEX_POINT('',#8500);
#8500 = CARTESIAN_POINT('',(74.869711258603,16.750442484946,0.));
#8501 = SEAM_CURVE('',#8502,(#8506,#8513),.PCURVE_S1.);
#8502 = LINE('',#8503,#8504);
#8503 = CARTESIAN_POINT('',(74.874824459955,16.949852514528,0.));
#8504 = VECTOR('',#8505,1.);
#8505 = DIRECTION('',(-2.563322036007E-02,-0.999671415023,0.));
#8506 = PCURVE('',#8481,#8507);
#8507 = DEFINITIONAL_REPRESENTATION('',(#8508),#8512);
#8508 = LINE('',#8509,#8510);
#8509 = CARTESIAN_POINT('',(0.,-0.));
#8510 = VECTOR('',#8511,1.);
#8511 = DIRECTION('',(0.,-1.));
#8512 = ( GEOMETRIC_REPRESENTATION_CONTEXT(2) 
PARAMETRIC_REPRESENTATION_CONTEXT() REPRESENTATION_CONTEXT('2D SPACE',''
  ) );
#8513 = PCURVE('',#8481,#8514);
#8514 = DEFINITIONAL_REPRESENTATION('',(#8515),#8519);
#8515 = LINE('',#8516,#8517);
#8516 = CARTESIAN_POINT('',(6.28318530718,-0.));
#8517 = VECTOR('',#8518,1.);
#8518 = DIRECTION('',(0.,-1.));
#8519 = ( GEOMETRIC_REPRESENTATION_CONTEXT(2) 
PARAMETRIC_REPRESENTATION_CONTEXT() REPRESENTATION_CONTEXT('2D SPACE',''
  ) );
#8520 = ORIENTED_EDGE('',*,*,#8521,.F.);
#8521 = EDGE_CURVE('',#8499,#8499,#8522,.T.);
#8522 = SURFACE_CURVE('',#8523,(#8528,#8535),.PCURVE_S1.);
#8523 = CIRCLE('',#8524,16.750442484946);
#8524 = AXIS2_PLACEMENT_3D('',#8525,#8526,#8527);
#8525 = CARTESIAN_POINT('',(74.869711258603,0.,0.));
#8526 = DIRECTION('',(1.,0.,0.));
#8527 = DIRECTION('',(-0.,1.,0.));
#8528 = PCURVE('',#8481,#8529);
#8529 = DEFINITIONAL_REPRESENTATION('',(#8530),#8534);
#8530 = LINE('',#8531,#8532);
#8531 = CARTESIAN_POINT('',(0.,-5.113201351449E-03));
#8532 = VECTOR('',#8533,1.);
#8533 = DIRECTION('',(1.,-0.));
#8534 = ( GEOMETRIC_REPRESENTATION_CONTEXT(2) 
PARAMETRIC_REPRESENTATION_CONTEXT() REPRESENTATION_CONTEXT('2D SPACE',''
  ) );
#8535 = PCURVE('',#8536,#8541);
#8536 = CONICAL_SURFACE('',#8537,16.750442484946,1.545405047189);
#8537 = AXIS2_PLACEMENT_3D('',#8538,#8539,#8540);
#8538 = CARTESIAN_POINT('',(74.869711258603,0.,0.));
#8539 = DIRECTION('',(1.,0.,0.));
#8540 = DIRECTION('',(0.,1.,0.));
#8541 = DEFINITIONAL_REPRESENTATION('',(#8542),#8546);
#8542 = LINE('',#8543,#8544);
#8543 = CARTESIAN_POINT('',(0.,-0.));
#8544 = VECTOR('',#8545,1.);
#8545 = DIRECTION('',(1.,-0.));
#8546 = ( GEOMETRIC_REPRESENTATION_CONTEXT(2) 
PARAMETRIC_REPRESENTATION_CONTEXT() REPRESENTATION_CONTEXT('2D SPACE',''
  ) );
#8547 = ORIENTED_EDGE('',*,*,#8498,.F.);
#8548 = ADVANCED_FACE('',(#8549),#8536,.T.);
#8549 = FACE_BOUND('',#8550,.F.);
#8550 = EDGE_LOOP('',(#8551,#8552,#8575,#8602));
#8551 = ORIENTED_EDGE('',*,*,#8521,.T.);
#8552 = ORIENTED_EDGE('',*,*,#8553,.T.);
#8553 = EDGE_CURVE('',#8499,#8554,#8556,.T.);
#8554 = VERTEX_POINT('',#8555);
#8555 = CARTESIAN_POINT('',(74.864646894378,16.551032455363,0.));
#8556 = SEAM_CURVE('',#8557,(#8561,#8568),.PCURVE_S1.);
#8557 = LINE('',#8558,#8559);
#8558 = CARTESIAN_POINT('',(74.869711258603,16.750442484946,0.));
#8559 = VECTOR('',#8560,1.);
#8560 = DIRECTION('',(-2.538855132905E-02,-0.999677658779,0.));
#8561 = PCURVE('',#8536,#8562);
#8562 = DEFINITIONAL_REPRESENTATION('',(#8563),#8567);
#8563 = LINE('',#8564,#8565);
#8564 = CARTESIAN_POINT('',(0.,-0.));
#8565 = VECTOR('',#8566,1.);
#8566 = DIRECTION('',(0.,-1.));
#8567 = ( GEOMETRIC_REPRESENTATION_CONTEXT(2) 
PARAMETRIC_REPRESENTATION_CONTEXT() REPRESENTATION_CONTEXT('2D SPACE',''
  ) );
#8568 = PCURVE('',#8536,#8569);
#8569 = DEFINITIONAL_REPRESENTATION('',(#8570),#8574);
#8570 = LINE('',#8571,#8572);
#8571 = CARTESIAN_POINT('',(6.28318530718,-0.));
#8572 = VECTOR('',#8573,1.);
#8573 = DIRECTION('',(0.,-1.));
#8574 = ( GEOMETRIC_REPRESENTATION_CONTEXT(2) 
PARAMETRIC_REPRESENTATION_CONTEXT() REPRESENTATION_CONTEXT('2D SPACE',''
  ) );
#8575 = ORIENTED_EDGE('',*,*,#8576,.F.);
#8576 = EDGE_CURVE('',#8554,#8554,#8577,.T.);
#8577 = SURFACE_CURVE('',#8578,(#8583,#8590),.PCURVE_S1.);
#8578 = CIRCLE('',#8579,16.551032455363);
#8579 = AXIS2_PLACEMENT_3D('',#8580,#8581,#8582);
#8580 = CARTESIAN_POINT('',(74.864646894378,0.,0.));
#8581 = DIRECTION('',(1.,0.,0.));
#8582 = DIRECTION('',(-0.,1.,0.));
#8583 = PCURVE('',#8536,#8584);
#8584 = DEFINITIONAL_REPRESENTATION('',(#8585),#8589);
#8585 = LINE('',#8586,#8587);
#8586 = CARTESIAN_POINT('',(0.,-5.064364224936E-03));
#8587 = VECTOR('',#8588,1.);
#8588 = DIRECTION('',(1.,-0.));
#8589 = ( GEOMETRIC_REPRESENTATION_CONTEXT(2) 
PARAMETRIC_REPRESENTATION_CONTEXT() REPRESENTATION_CONTEXT('2D SPACE',''
  ) );
#8590 = PCURVE('',#8591,#8596);
#8591 = CONICAL_SURFACE('',#8592,16.551032455363,1.545651757248);
#8592 = AXIS2_PLACEMENT_3D('',#8593,#8594,#8595);
#8593 = CARTESIAN_POINT('',(74.864646894378,0.,0.));
#8594 = DIRECTION('',(1.,0.,0.));
#8595 = DIRECTION('',(0.,1.,0.));
#8596 = DEFINITIONAL_REPRESENTATION('',(#8597),#8601);
#8597 = LINE('',#8598,#8599);
#8598 = CARTESIAN_POINT('',(0.,-0.));
#8599 = VECTOR('',#8600,1.);
#8600 = DIRECTION('',(1.,-0.));
#8601 = ( GEOMETRIC_REPRESENTATION_CONTEXT(2) 
PARAMETRIC_REPRESENTATION_CONTEXT() REPRESENTATION_CONTEXT('2D SPACE',''
  ) );
#8602 = ORIENTED_EDGE('',*,*,#8553,.F.);
#8603 = ADVANCED_FACE('',(#8604),#8591,.T.);
#8604 = FACE_BOUND('',#8605,.F.);
#8605 = EDGE_LOOP('',(#8606,#8607,#8630,#8657));
#8606 = ORIENTED_EDGE('',*,*,#8576,.T.);
#8607 = ORIENTED_EDGE('',*,*,#8608,.T.);
#8608 = EDGE_CURVE('',#8554,#8609,#8611,.T.);
#8609 = VERTEX_POINT('',#8610);
#8610 = CARTESIAN_POINT('',(74.859631758038,16.35162242578,0.));
#8611 = SEAM_CURVE('',#8612,(#8616,#8623),.PCURVE_S1.);
#8612 = LINE('',#8613,#8614);
#8613 = CARTESIAN_POINT('',(74.864646894378,16.551032455363,0.));
#8614 = VECTOR('',#8615,1.);
#8615 = DIRECTION('',(-2.514192002447E-02,-0.999683891967,0.));
#8616 = PCURVE('',#8591,#8617);
#8617 = DEFINITIONAL_REPRESENTATION('',(#8618),#8622);
#8618 = LINE('',#8619,#8620);
#8619 = CARTESIAN_POINT('',(0.,-0.));
#8620 = VECTOR('',#8621,1.);
#8621 = DIRECTION('',(0.,-1.));
#8622 = ( GEOMETRIC_REPRESENTATION_CONTEXT(2) 
PARAMETRIC_REPRESENTATION_CONTEXT() REPRESENTATION_CONTEXT('2D SPACE',''
  ) );
#8623 = PCURVE('',#8591,#8624);
#8624 = DEFINITIONAL_REPRESENTATION('',(#8625),#8629);
#8625 = LINE('',#8626,#8627);
#8626 = CARTESIAN_POINT('',(6.28318530718,-0.));
#8627 = VECTOR('',#8628,1.);
#8628 = DIRECTION('',(0.,-1.));
#8629 = ( GEOMETRIC_REPRESENTATION_CONTEXT(2) 
PARAMETRIC_REPRESENTATION_CONTEXT() REPRESENTATION_CONTEXT('2D SPACE',''
  ) );
#8630 = ORIENTED_EDGE('',*,*,#8631,.F.);
#8631 = EDGE_CURVE('',#8609,#8609,#8632,.T.);
#8632 = SURFACE_CURVE('',#8633,(#8638,#8645),.PCURVE_S1.);
#8633 = CIRCLE('',#8634,16.35162242578);
#8634 = AXIS2_PLACEMENT_3D('',#8635,#8636,#8637);
#8635 = CARTESIAN_POINT('',(74.859631758038,0.,0.));
#8636 = DIRECTION('',(1.,0.,0.));
#8637 = DIRECTION('',(-0.,1.,0.));
#8638 = PCURVE('',#8591,#8639);
#8639 = DEFINITIONAL_REPRESENTATION('',(#8640),#8644);
#8640 = LINE('',#8641,#8642);
#8641 = CARTESIAN_POINT('',(0.,-5.015136340731E-03));
#8642 = VECTOR('',#8643,1.);
#8643 = DIRECTION('',(1.,-0.));
#8644 = ( GEOMETRIC_REPRESENTATION_CONTEXT(2) 
PARAMETRIC_REPRESENTATION_CONTEXT() REPRESENTATION_CONTEXT('2D SPACE',''
  ) );
#8645 = PCURVE('',#8646,#8651);
#8646 = CONICAL_SURFACE('',#8647,16.35162242578,1.545900412837);
#8647 = AXIS2_PLACEMENT_3D('',#8648,#8649,#8650);
#8648 = CARTESIAN_POINT('',(74.859631758038,0.,0.));
#8649 = DIRECTION('',(1.,0.,0.));
#8650 = DIRECTION('',(0.,1.,0.));
#8651 = DEFINITIONAL_REPRESENTATION('',(#8652),#8656);
#8652 = LINE('',#8653,#8654);
#8653 = CARTESIAN_POINT('',(0.,-0.));
#8654 = VECTOR('',#8655,1.);
#8655 = DIRECTION('',(1.,-0.));
#8656 = ( GEOMETRIC_REPRESENTATION_CONTEXT(2) 
PARAMETRIC_REPRESENTATION_CONTEXT() REPRESENTATION_CONTEXT('2D SPACE',''
  ) );
#8657 = ORIENTED_EDGE('',*,*,#8608,.F.);
#8658 = ADVANCED_FACE('',(#8659),#8646,.T.);
#8659 = FACE_BOUND('',#8660,.F.);
#8660 = EDGE_LOOP('',(#8661,#8662,#8685,#8712));
#8661 = ORIENTED_EDGE('',*,*,#8631,.T.);
#8662 = ORIENTED_EDGE('',*,*,#8663,.T.);
#8663 = EDGE_CURVE('',#8609,#8664,#8666,.T.);
#8664 = VERTEX_POINT('',#8665);
#8665 = CARTESIAN_POINT('',(74.854666237169,16.152212396198,0.));
#8666 = SEAM_CURVE('',#8667,(#8671,#8678),.PCURVE_S1.);
#8667 = LINE('',#8668,#8669);
#8668 = CARTESIAN_POINT('',(74.859631758038,16.35162242578,0.));
#8669 = VECTOR('',#8670,1.);
#8670 = DIRECTION('',(-2.489334226296E-02,-0.99969011274,0.));
#8671 = PCURVE('',#8646,#8672);
#8672 = DEFINITIONAL_REPRESENTATION('',(#8673),#8677);
#8673 = LINE('',#8674,#8675);
#8674 = CARTESIAN_POINT('',(0.,-0.));
#8675 = VECTOR('',#8676,1.);
#8676 = DIRECTION('',(0.,-1.));
#8677 = ( GEOMETRIC_REPRESENTATION_CONTEXT(2) 
PARAMETRIC_REPRESENTATION_CONTEXT() REPRESENTATION_CONTEXT('2D SPACE',''
  ) );
#8678 = PCURVE('',#8646,#8679);
#8679 = DEFINITIONAL_REPRESENTATION('',(#8680),#8684);
#8680 = LINE('',#8681,#8682);
#8681 = CARTESIAN_POINT('',(6.28318530718,-0.));
#8682 = VECTOR('',#8683,1.);
#8683 = DIRECTION('',(0.,-1.));
#8684 = ( GEOMETRIC_REPRESENTATION_CONTEXT(2) 
PARAMETRIC_REPRESENTATION_CONTEXT() REPRESENTATION_CONTEXT('2D SPACE',''
  ) );
#8685 = ORIENTED_EDGE('',*,*,#8686,.F.);
#8686 = EDGE_CURVE('',#8664,#8664,#8687,.T.);
#8687 = SURFACE_CURVE('',#8688,(#8693,#8700),.PCURVE_S1.);
#8688 = CIRCLE('',#8689,16.152212396198);
#8689 = AXIS2_PLACEMENT_3D('',#8690,#8691,#8692);
#8690 = CARTESIAN_POINT('',(74.854666237169,0.,0.));
#8691 = DIRECTION('',(1.,0.,0.));
#8692 = DIRECTION('',(-0.,1.,0.));
#8693 = PCURVE('',#8646,#8694);
#8694 = DEFINITIONAL_REPRESENTATION('',(#8695),#8699);
#8695 = LINE('',#8696,#8697);
#8696 = CARTESIAN_POINT('',(0.,-4.965520868723E-03));
#8697 = VECTOR('',#8698,1.);
#8698 = DIRECTION('',(1.,-0.));
#8699 = ( GEOMETRIC_REPRESENTATION_CONTEXT(2) 
PARAMETRIC_REPRESENTATION_CONTEXT() REPRESENTATION_CONTEXT('2D SPACE',''
  ) );
#8700 = PCURVE('',#8701,#8706);
#8701 = CONICAL_SURFACE('',#8702,16.152212396198,1.54615099786);
#8702 = AXIS2_PLACEMENT_3D('',#8703,#8704,#8705);
#8703 = CARTESIAN_POINT('',(74.854666237169,0.,0.));
#8704 = DIRECTION('',(1.,0.,0.));
#8705 = DIRECTION('',(0.,1.,0.));
#8706 = DEFINITIONAL_REPRESENTATION('',(#8707),#8711);
#8707 = LINE('',#8708,#8709);
#8708 = CARTESIAN_POINT('',(0.,-0.));
#8709 = VECTOR('',#8710,1.);
#8710 = DIRECTION('',(1.,-0.));
#8711 = ( GEOMETRIC_REPRESENTATION_CONTEXT(2) 
PARAMETRIC_REPRESENTATION_CONTEXT() REPRESENTATION_CONTEXT('2D SPACE',''
  ) );
#8712 = ORIENTED_EDGE('',*,*,#8663,.F.);
#8713 = ADVANCED_FACE('',(#8714),#8701,.T.);
#8714 = FACE_BOUND('',#8715,.F.);
#8715 = EDGE_LOOP('',(#8716,#8717,#8740,#8767));
#8716 = ORIENTED_EDGE('',*,*,#8686,.T.);
#8717 = ORIENTED_EDGE('',*,*,#8718,.T.);
#8718 = EDGE_CURVE('',#8664,#8719,#8721,.T.);
#8719 = VERTEX_POINT('',#8720);
#8720 = CARTESIAN_POINT('',(74.84975071614,15.952802366615,0.));
#8721 = SEAM_CURVE('',#8722,(#8726,#8733),.PCURVE_S1.);
#8722 = LINE('',#8723,#8724);
#8723 = CARTESIAN_POINT('',(74.854666237169,16.152212396198,0.));
#8724 = VECTOR('',#8725,1.);
#8725 = DIRECTION('',(-2.464283411394E-02,-0.999696319252,0.));
#8726 = PCURVE('',#8701,#8727);
#8727 = DEFINITIONAL_REPRESENTATION('',(#8728),#8732);
#8728 = LINE('',#8729,#8730);
#8729 = CARTESIAN_POINT('',(0.,-0.));
#8730 = VECTOR('',#8731,1.);
#8731 = DIRECTION('',(0.,-1.));
#8732 = ( GEOMETRIC_REPRESENTATION_CONTEXT(2) 
PARAMETRIC_REPRESENTATION_CONTEXT() REPRESENTATION_CONTEXT('2D SPACE',''
  ) );
#8733 = PCURVE('',#8701,#8734);
#8734 = DEFINITIONAL_REPRESENTATION('',(#8735),#8739);
#8735 = LINE('',#8736,#8737);
#8736 = CARTESIAN_POINT('',(6.28318530718,-0.));
#8737 = VECTOR('',#8738,1.);
#8738 = DIRECTION('',(0.,-1.));
#8739 = ( GEOMETRIC_REPRESENTATION_CONTEXT(2) 
PARAMETRIC_REPRESENTATION_CONTEXT() REPRESENTATION_CONTEXT('2D SPACE',''
  ) );
#8740 = ORIENTED_EDGE('',*,*,#8741,.F.);
#8741 = EDGE_CURVE('',#8719,#8719,#8742,.T.);
#8742 = SURFACE_CURVE('',#8743,(#8748,#8755),.PCURVE_S1.);
#8743 = CIRCLE('',#8744,15.952802366615);
#8744 = AXIS2_PLACEMENT_3D('',#8745,#8746,#8747);
#8745 = CARTESIAN_POINT('',(74.84975071614,0.,0.));
#8746 = DIRECTION('',(1.,0.,0.));
#8747 = DIRECTION('',(-0.,1.,0.));
#8748 = PCURVE('',#8701,#8749);
#8749 = DEFINITIONAL_REPRESENTATION('',(#8750),#8754);
#8750 = LINE('',#8751,#8752);
#8751 = CARTESIAN_POINT('',(0.,-4.915521028764E-03));
#8752 = VECTOR('',#8753,1.);
#8753 = DIRECTION('',(1.,-0.));
#8754 = ( GEOMETRIC_REPRESENTATION_CONTEXT(2) 
PARAMETRIC_REPRESENTATION_CONTEXT() REPRESENTATION_CONTEXT('2D SPACE',''
  ) );
#8755 = PCURVE('',#8756,#8761);
#8756 = CONICAL_SURFACE('',#8757,15.952802366615,1.546403495973);
#8757 = AXIS2_PLACEMENT_3D('',#8758,#8759,#8760);
#8758 = CARTESIAN_POINT('',(74.84975071614,0.,0.));
#8759 = DIRECTION('',(1.,0.,0.));
#8760 = DIRECTION('',(0.,1.,0.));
#8761 = DEFINITIONAL_REPRESENTATION('',(#8762),#8766);
#8762 = LINE('',#8763,#8764);
#8763 = CARTESIAN_POINT('',(0.,-0.));
#8764 = VECTOR('',#8765,1.);
#8765 = DIRECTION('',(1.,-0.));
#8766 = ( GEOMETRIC_REPRESENTATION_CONTEXT(2) 
PARAMETRIC_REPRESENTATION_CONTEXT() REPRESENTATION_CONTEXT('2D SPACE',''
  ) );
#8767 = ORIENTED_EDGE('',*,*,#8718,.F.);
#8768 = ADVANCED_FACE('',(#8769),#8756,.T.);
#8769 = FACE_BOUND('',#8770,.F.);
#8770 = EDGE_LOOP('',(#8771,#8772,#8795,#8822));
#8771 = ORIENTED_EDGE('',*,*,#8741,.T.);
#8772 = ORIENTED_EDGE('',*,*,#8773,.T.);
#8773 = EDGE_CURVE('',#8719,#8774,#8776,.T.);
#8774 = VERTEX_POINT('',#8775);
#8775 = CARTESIAN_POINT('',(74.84488557605,15.753392337032,0.));
#8776 = SEAM_CURVE('',#8777,(#8781,#8788),.PCURVE_S1.);
#8777 = LINE('',#8778,#8779);
#8778 = CARTESIAN_POINT('',(74.84975071614,15.952802366615,0.));
#8779 = VECTOR('',#8780,1.);
#8780 = DIRECTION('',(-2.439041189689E-02,-0.999702509653,0.));
#8781 = PCURVE('',#8756,#8782);
#8782 = DEFINITIONAL_REPRESENTATION('',(#8783),#8787);
#8783 = LINE('',#8784,#8785);
#8784 = CARTESIAN_POINT('',(0.,-0.));
#8785 = VECTOR('',#8786,1.);
#8786 = DIRECTION('',(0.,-1.));
#8787 = ( GEOMETRIC_REPRESENTATION_CONTEXT(2) 
PARAMETRIC_REPRESENTATION_CONTEXT() REPRESENTATION_CONTEXT('2D SPACE',''
  ) );
#8788 = PCURVE('',#8756,#8789);
#8789 = DEFINITIONAL_REPRESENTATION('',(#8790),#8794);
#8790 = LINE('',#8791,#8792);
#8791 = CARTESIAN_POINT('',(6.28318530718,-0.));
#8792 = VECTOR('',#8793,1.);
#8793 = DIRECTION('',(0.,-1.));
#8794 = ( GEOMETRIC_REPRESENTATION_CONTEXT(2) 
PARAMETRIC_REPRESENTATION_CONTEXT() REPRESENTATION_CONTEXT('2D SPACE',''
  ) );
#8795 = ORIENTED_EDGE('',*,*,#8796,.F.);
#8796 = EDGE_CURVE('',#8774,#8774,#8797,.T.);
#8797 = SURFACE_CURVE('',#8798,(#8803,#8810),.PCURVE_S1.);
#8798 = CIRCLE('',#8799,15.753392337032);
#8799 = AXIS2_PLACEMENT_3D('',#8800,#8801,#8802);
#8800 = CARTESIAN_POINT('',(74.84488557605,0.,0.));
#8801 = DIRECTION('',(1.,0.,0.));
#8802 = DIRECTION('',(-0.,1.,0.));
#8803 = PCURVE('',#8756,#8804);
#8804 = DEFINITIONAL_REPRESENTATION('',(#8805),#8809);
#8805 = LINE('',#8806,#8807);
#8806 = CARTESIAN_POINT('',(0.,-4.865140090104E-03));
#8807 = VECTOR('',#8808,1.);
#8808 = DIRECTION('',(1.,-0.));
#8809 = ( GEOMETRIC_REPRESENTATION_CONTEXT(2) 
PARAMETRIC_REPRESENTATION_CONTEXT() REPRESENTATION_CONTEXT('2D SPACE',''
  ) );
#8810 = PCURVE('',#8811,#8816);
#8811 = CONICAL_SURFACE('',#8812,15.753392337032,1.546657890583);
#8812 = AXIS2_PLACEMENT_3D('',#8813,#8814,#8815);
#8813 = CARTESIAN_POINT('',(74.84488557605,0.,0.));
#8814 = DIRECTION('',(1.,0.,0.));
#8815 = DIRECTION('',(0.,1.,0.));
#8816 = DEFINITIONAL_REPRESENTATION('',(#8817),#8821);
#8817 = LINE('',#8818,#8819);
#8818 = CARTESIAN_POINT('',(0.,-0.));
#8819 = VECTOR('',#8820,1.);
#8820 = DIRECTION('',(1.,-0.));
#8821 = ( GEOMETRIC_REPRESENTATION_CONTEXT(2) 
PARAMETRIC_REPRESENTATION_CONTEXT() REPRESENTATION_CONTEXT('2D SPACE',''
  ) );
#8822 = ORIENTED_EDGE('',*,*,#8773,.F.);
#8823 = ADVANCED_FACE('',(#8824),#8811,.T.);
#8824 = FACE_BOUND('',#8825,.F.);
#8825 = EDGE_LOOP('',(#8826,#8827,#8850,#8877));
#8826 = ORIENTED_EDGE('',*,*,#8796,.T.);
#8827 = ORIENTED_EDGE('',*,*,#8828,.T.);
#8828 = EDGE_CURVE('',#8774,#8829,#8831,.T.);
#8829 = VERTEX_POINT('',#8830);
#8830 = CARTESIAN_POINT('',(74.840071194679,15.55398230745,0.));
#8831 = SEAM_CURVE('',#8832,(#8836,#8843),.PCURVE_S1.);
#8832 = LINE('',#8833,#8834);
#8833 = CARTESIAN_POINT('',(74.84488557605,15.753392337032,0.));
#8834 = VECTOR('',#8835,1.);
#8835 = DIRECTION('',(-2.413609218062E-02,-0.999708682094,0.));
#8836 = PCURVE('',#8811,#8837);
#8837 = DEFINITIONAL_REPRESENTATION('',(#8838),#8842);
#8838 = LINE('',#8839,#8840);
#8839 = CARTESIAN_POINT('',(0.,-0.));
#8840 = VECTOR('',#8841,1.);
#8841 = DIRECTION('',(0.,-1.));
#8842 = ( GEOMETRIC_REPRESENTATION_CONTEXT(2) 
PARAMETRIC_REPRESENTATION_CONTEXT() REPRESENTATION_CONTEXT('2D SPACE',''
  ) );
#8843 = PCURVE('',#8811,#8844);
#8844 = DEFINITIONAL_REPRESENTATION('',(#8845),#8849);
#8845 = LINE('',#8846,#8847);
#8846 = CARTESIAN_POINT('',(6.28318530718,-0.));
#8847 = VECTOR('',#8848,1.);
#8848 = DIRECTION('',(0.,-1.));
#8849 = ( GEOMETRIC_REPRESENTATION_CONTEXT(2) 
PARAMETRIC_REPRESENTATION_CONTEXT() REPRESENTATION_CONTEXT('2D SPACE',''
  ) );
#8850 = ORIENTED_EDGE('',*,*,#8851,.F.);
#8851 = EDGE_CURVE('',#8829,#8829,#8852,.T.);
#8852 = SURFACE_CURVE('',#8853,(#8858,#8865),.PCURVE_S1.);
#8853 = CIRCLE('',#8854,15.55398230745);
#8854 = AXIS2_PLACEMENT_3D('',#8855,#8856,#8857);
#8855 = CARTESIAN_POINT('',(74.840071194679,0.,0.));
#8856 = DIRECTION('',(1.,0.,0.));
#8857 = DIRECTION('',(-0.,1.,0.));
#8858 = PCURVE('',#8811,#8859);
#8859 = DEFINITIONAL_REPRESENTATION('',(#8860),#8864);
#8860 = LINE('',#8861,#8862);
#8861 = CARTESIAN_POINT('',(0.,-4.814381371247E-03));
#8862 = VECTOR('',#8863,1.);
#8863 = DIRECTION('',(1.,-0.));
#8864 = ( GEOMETRIC_REPRESENTATION_CONTEXT(2) 
PARAMETRIC_REPRESENTATION_CONTEXT() REPRESENTATION_CONTEXT('2D SPACE',''
  ) );
#8865 = PCURVE('',#8866,#8871);
#8866 = CONICAL_SURFACE('',#8867,15.55398230745,1.54691416485);
#8867 = AXIS2_PLACEMENT_3D('',#8868,#8869,#8870);
#8868 = CARTESIAN_POINT('',(74.840071194679,0.,0.));
#8869 = DIRECTION('',(1.,0.,0.));
#8870 = DIRECTION('',(0.,1.,0.));
#8871 = DEFINITIONAL_REPRESENTATION('',(#8872),#8876);
#8872 = LINE('',#8873,#8874);
#8873 = CARTESIAN_POINT('',(0.,-0.));
#8874 = VECTOR('',#8875,1.);
#8875 = DIRECTION('',(1.,-0.));
#8876 = ( GEOMETRIC_REPRESENTATION_CONTEXT(2) 
PARAMETRIC_REPRESENTATION_CONTEXT() REPRESENTATION_CONTEXT('2D SPACE',''
  ) );
#8877 = ORIENTED_EDGE('',*,*,#8828,.F.);
#8878 = ADVANCED_FACE('',(#8879),#8866,.T.);
#8879 = FACE_BOUND('',#8880,.F.);
#8880 = EDGE_LOOP('',(#8881,#8882,#8905,#8932));
#8881 = ORIENTED_EDGE('',*,*,#8851,.T.);
#8882 = ORIENTED_EDGE('',*,*,#8883,.T.);
#8883 = EDGE_CURVE('',#8829,#8884,#8886,.T.);
#8884 = VERTEX_POINT('',#8885);
#8885 = CARTESIAN_POINT('',(74.835307946439,15.354572277867,0.));
#8886 = SEAM_CURVE('',#8887,(#8891,#8898),.PCURVE_S1.);
#8887 = LINE('',#8888,#8889);
#8888 = CARTESIAN_POINT('',(74.840071194679,15.55398230745,0.));
#8889 = VECTOR('',#8890,1.);
#8890 = DIRECTION('',(-2.387989178076E-02,-0.999714834725,0.));
#8891 = PCURVE('',#8866,#8892);
#8892 = DEFINITIONAL_REPRESENTATION('',(#8893),#8897);
#8893 = LINE('',#8894,#8895);
#8894 = CARTESIAN_POINT('',(0.,-0.));
#8895 = VECTOR('',#8896,1.);
#8896 = DIRECTION('',(0.,-1.));
#8897 = ( GEOMETRIC_REPRESENTATION_CONTEXT(2) 
PARAMETRIC_REPRESENTATION_CONTEXT() REPRESENTATION_CONTEXT('2D SPACE',''
  ) );
#8898 = PCURVE('',#8866,#8899);
#8899 = DEFINITIONAL_REPRESENTATION('',(#8900),#8904);
#8900 = LINE('',#8901,#8902);
#8901 = CARTESIAN_POINT('',(6.28318530718,-0.));
#8902 = VECTOR('',#8903,1.);
#8903 = DIRECTION('',(0.,-1.));
#8904 = ( GEOMETRIC_REPRESENTATION_CONTEXT(2) 
PARAMETRIC_REPRESENTATION_CONTEXT() REPRESENTATION_CONTEXT('2D SPACE',''
  ) );
#8905 = ORIENTED_EDGE('',*,*,#8906,.F.);
#8906 = EDGE_CURVE('',#8884,#8884,#8907,.T.);
#8907 = SURFACE_CURVE('',#8908,(#8913,#8920),.PCURVE_S1.);
#8908 = CIRCLE('',#8909,15.354572277867);
#8909 = AXIS2_PLACEMENT_3D('',#8910,#8911,#8912);
#8910 = CARTESIAN_POINT('',(74.835307946439,0.,0.));
#8911 = DIRECTION('',(1.,0.,0.));
#8912 = DIRECTION('',(-0.,1.,0.));
#8913 = PCURVE('',#8866,#8914);
#8914 = DEFINITIONAL_REPRESENTATION('',(#8915),#8919);
#8915 = LINE('',#8916,#8917);
#8916 = CARTESIAN_POINT('',(0.,-4.763248239428E-03));
#8917 = VECTOR('',#8918,1.);
#8918 = DIRECTION('',(1.,-0.));
#8919 = ( GEOMETRIC_REPRESENTATION_CONTEXT(2) 
PARAMETRIC_REPRESENTATION_CONTEXT() REPRESENTATION_CONTEXT('2D SPACE',''
  ) );
#8920 = PCURVE('',#8921,#8926);
#8921 = CONICAL_SURFACE('',#8922,15.354572277867,1.547172301691);
#8922 = AXIS2_PLACEMENT_3D('',#8923,#8924,#8925);
#8923 = CARTESIAN_POINT('',(74.835307946439,0.,0.));
#8924 = DIRECTION('',(1.,0.,0.));
#8925 = DIRECTION('',(0.,1.,0.));
#8926 = DEFINITIONAL_REPRESENTATION('',(#8927),#8931);
#8927 = LINE('',#8928,#8929);
#8928 = CARTESIAN_POINT('',(0.,-0.));
#8929 = VECTOR('',#8930,1.);
#8930 = DIRECTION('',(1.,-0.));
#8931 = ( GEOMETRIC_REPRESENTATION_CONTEXT(2) 
PARAMETRIC_REPRESENTATION_CONTEXT() REPRESENTATION_CONTEXT('2D SPACE',''
  ) );
#8932 = ORIENTED_EDGE('',*,*,#8883,.F.);
#8933 = ADVANCED_FACE('',(#8934),#8921,.T.);
#8934 = FACE_BOUND('',#8935,.F.);
#8935 = EDGE_LOOP('',(#8936,#8937,#8960,#8987));
#8936 = ORIENTED_EDGE('',*,*,#8906,.T.);
#8937 = ORIENTED_EDGE('',*,*,#8938,.T.);
#8938 = EDGE_CURVE('',#8884,#8939,#8941,.T.);
#8939 = VERTEX_POINT('',#8940);
#8940 = CARTESIAN_POINT('',(74.830596202329,15.155162248284,0.));
#8941 = SEAM_CURVE('',#8942,(#8946,#8953),.PCURVE_S1.);
#8942 = LINE('',#8943,#8944);
#8943 = CARTESIAN_POINT('',(74.835307946439,15.354572277867,0.));
#8944 = VECTOR('',#8945,1.);
#8945 = DIRECTION('',(-2.362182775884E-02,-0.999720965697,0.));
#8946 = PCURVE('',#8921,#8947);
#8947 = DEFINITIONAL_REPRESENTATION('',(#8948),#8952);
#8948 = LINE('',#8949,#8950);
#8949 = CARTESIAN_POINT('',(0.,-0.));
#8950 = VECTOR('',#8951,1.);
#8951 = DIRECTION('',(0.,-1.));
#8952 = ( GEOMETRIC_REPRESENTATION_CONTEXT(2) 
PARAMETRIC_REPRESENTATION_CONTEXT() REPRESENTATION_CONTEXT('2D SPACE',''
  ) );
#8953 = PCURVE('',#8921,#8954);
#8954 = DEFINITIONAL_REPRESENTATION('',(#8955),#8959);
#8955 = LINE('',#8956,#8957);
#8956 = CARTESIAN_POINT('',(6.28318530718,-0.));
#8957 = VECTOR('',#8958,1.);
#8958 = DIRECTION('',(0.,-1.));
#8959 = ( GEOMETRIC_REPRESENTATION_CONTEXT(2) 
PARAMETRIC_REPRESENTATION_CONTEXT() REPRESENTATION_CONTEXT('2D SPACE',''
  ) );
#8960 = ORIENTED_EDGE('',*,*,#8961,.F.);
#8961 = EDGE_CURVE('',#8939,#8939,#8962,.T.);
#8962 = SURFACE_CURVE('',#8963,(#8968,#8975),.PCURVE_S1.);
#8963 = CIRCLE('',#8964,15.155162248284);
#8964 = AXIS2_PLACEMENT_3D('',#8965,#8966,#8967);
#8965 = CARTESIAN_POINT('',(74.830596202329,0.,0.));
#8966 = DIRECTION('',(1.,0.,0.));
#8967 = DIRECTION('',(-0.,1.,0.));
#8968 = PCURVE('',#8921,#8969);
#8969 = DEFINITIONAL_REPRESENTATION('',(#8970),#8974);
#8970 = LINE('',#8971,#8972);
#8971 = CARTESIAN_POINT('',(0.,-4.711744110423E-03));
#8972 = VECTOR('',#8973,1.);
#8973 = DIRECTION('',(1.,-0.));
#8974 = ( GEOMETRIC_REPRESENTATION_CONTEXT(2) 
PARAMETRIC_REPRESENTATION_CONTEXT() REPRESENTATION_CONTEXT('2D SPACE',''
  ) );
#8975 = PCURVE('',#8976,#8981);
#8976 = CONICAL_SURFACE('',#8977,15.155162248284,1.547432283778);
#8977 = AXIS2_PLACEMENT_3D('',#8978,#8979,#8980);
#8978 = CARTESIAN_POINT('',(74.830596202329,0.,0.));
#8979 = DIRECTION('',(1.,0.,0.));
#8980 = DIRECTION('',(0.,1.,0.));
#8981 = DEFINITIONAL_REPRESENTATION('',(#8982),#8986);
#8982 = LINE('',#8983,#8984);
#8983 = CARTESIAN_POINT('',(0.,-0.));
#8984 = VECTOR('',#8985,1.);
#8985 = DIRECTION('',(1.,-0.));
#8986 = ( GEOMETRIC_REPRESENTATION_CONTEXT(2) 
PARAMETRIC_REPRESENTATION_CONTEXT() REPRESENTATION_CONTEXT('2D SPACE',''
  ) );
#8987 = ORIENTED_EDGE('',*,*,#8938,.F.);
#8988 = ADVANCED_FACE('',(#8989),#8976,.T.);
#8989 = FACE_BOUND('',#8990,.F.);
#8990 = EDGE_LOOP('',(#8991,#8992,#9015,#9042));
#8991 = ORIENTED_EDGE('',*,*,#8961,.T.);
#8992 = ORIENTED_EDGE('',*,*,#8993,.T.);
#8993 = EDGE_CURVE('',#8939,#8994,#8996,.T.);
#8994 = VERTEX_POINT('',#8995);
#8995 = CARTESIAN_POINT('',(74.825936329881,14.955752218702,0.));
#8996 = SEAM_CURVE('',#8997,(#9001,#9008),.PCURVE_S1.);
#8997 = LINE('',#8998,#8999);
#8998 = CARTESIAN_POINT('',(74.830596202329,15.155162248284,0.));
#8999 = VECTOR('',#9000,1.);
#9000 = DIRECTION('',(-2.336191741989E-02,-0.999727073163,0.));
#9001 = PCURVE('',#8976,#9002);
#9002 = DEFINITIONAL_REPRESENTATION('',(#9003),#9007);
#9003 = LINE('',#9004,#9005);
#9004 = CARTESIAN_POINT('',(0.,-0.));
#9005 = VECTOR('',#9006,1.);
#9006 = DIRECTION('',(0.,-1.));
#9007 = ( GEOMETRIC_REPRESENTATION_CONTEXT(2) 
PARAMETRIC_REPRESENTATION_CONTEXT() REPRESENTATION_CONTEXT('2D SPACE',''
  ) );
#9008 = PCURVE('',#8976,#9009);
#9009 = DEFINITIONAL_REPRESENTATION('',(#9010),#9014);
#9010 = LINE('',#9011,#9012);
#9011 = CARTESIAN_POINT('',(6.28318530718,-0.));
#9012 = VECTOR('',#9013,1.);
#9013 = DIRECTION('',(0.,-1.));
#9014 = ( GEOMETRIC_REPRESENTATION_CONTEXT(2) 
PARAMETRIC_REPRESENTATION_CONTEXT() REPRESENTATION_CONTEXT('2D SPACE',''
  ) );
#9015 = ORIENTED_EDGE('',*,*,#9016,.F.);
#9016 = EDGE_CURVE('',#8994,#8994,#9017,.T.);
#9017 = SURFACE_CURVE('',#9018,(#9023,#9030),.PCURVE_S1.);
#9018 = CIRCLE('',#9019,14.955752218702);
#9019 = AXIS2_PLACEMENT_3D('',#9020,#9021,#9022);
#9020 = CARTESIAN_POINT('',(74.825936329881,0.,0.));
#9021 = DIRECTION('',(1.,0.,0.));
#9022 = DIRECTION('',(-0.,1.,0.));
#9023 = PCURVE('',#8976,#9024);
#9024 = DEFINITIONAL_REPRESENTATION('',(#9025),#9029);
#9025 = LINE('',#9026,#9027);
#9026 = CARTESIAN_POINT('',(0.,-4.659872448059E-03));
#9027 = VECTOR('',#9028,1.);
#9028 = DIRECTION('',(1.,-0.));
#9029 = ( GEOMETRIC_REPRESENTATION_CONTEXT(2) 
PARAMETRIC_REPRESENTATION_CONTEXT() REPRESENTATION_CONTEXT('2D SPACE',''
  ) );
#9030 = PCURVE('',#9031,#9036);
#9031 = CONICAL_SURFACE('',#9032,14.955752218702,1.547694093545);
#9032 = AXIS2_PLACEMENT_3D('',#9033,#9034,#9035);
#9033 = CARTESIAN_POINT('',(74.825936329881,0.,0.));
#9034 = DIRECTION('',(1.,0.,0.));
#9035 = DIRECTION('',(0.,1.,0.));
#9036 = DEFINITIONAL_REPRESENTATION('',(#9037),#9041);
#9037 = LINE('',#9038,#9039);
#9038 = CARTESIAN_POINT('',(0.,-0.));
#9039 = VECTOR('',#9040,1.);
#9040 = DIRECTION('',(1.,-0.));
#9041 = ( GEOMETRIC_REPRESENTATION_CONTEXT(2) 
PARAMETRIC_REPRESENTATION_CONTEXT() REPRESENTATION_CONTEXT('2D SPACE',''
  ) );
#9042 = ORIENTED_EDGE('',*,*,#8993,.F.);
#9043 = ADVANCED_FACE('',(#9044),#9031,.T.);
#9044 = FACE_BOUND('',#9045,.F.);
#9045 = EDGE_LOOP('',(#9046,#9047,#9070,#9097));
#9046 = ORIENTED_EDGE('',*,*,#9016,.T.);
#9047 = ORIENTED_EDGE('',*,*,#9048,.T.);
#9048 = EDGE_CURVE('',#8994,#9049,#9051,.T.);
#9049 = VERTEX_POINT('',#9050);
#9050 = CARTESIAN_POINT('',(74.821328693117,14.756342189119,0.));
#9051 = SEAM_CURVE('',#9052,(#9056,#9063),.PCURVE_S1.);
#9052 = LINE('',#9053,#9054);
#9053 = CARTESIAN_POINT('',(74.825936329881,14.955752218702,0.));
#9054 = VECTOR('',#9055,1.);
#9055 = DIRECTION('',(-2.310017831083E-02,-0.999733155278,0.));
#9056 = PCURVE('',#9031,#9057);
#9057 = DEFINITIONAL_REPRESENTATION('',(#9058),#9062);
#9058 = LINE('',#9059,#9060);
#9059 = CARTESIAN_POINT('',(0.,-0.));
#9060 = VECTOR('',#9061,1.);
#9061 = DIRECTION('',(0.,-1.));
#9062 = ( GEOMETRIC_REPRESENTATION_CONTEXT(2) 
PARAMETRIC_REPRESENTATION_CONTEXT() REPRESENTATION_CONTEXT('2D SPACE',''
  ) );
#9063 = PCURVE('',#9031,#9064);
#9064 = DEFINITIONAL_REPRESENTATION('',(#9065),#9069);
#9065 = LINE('',#9066,#9067);
#9066 = CARTESIAN_POINT('',(6.28318530718,-0.));
#9067 = VECTOR('',#9068,1.);
#9068 = DIRECTION('',(0.,-1.));
#9069 = ( GEOMETRIC_REPRESENTATION_CONTEXT(2) 
PARAMETRIC_REPRESENTATION_CONTEXT() REPRESENTATION_CONTEXT('2D SPACE',''
  ) );
#9070 = ORIENTED_EDGE('',*,*,#9071,.F.);
#9071 = EDGE_CURVE('',#9049,#9049,#9072,.T.);
#9072 = SURFACE_CURVE('',#9073,(#9078,#9085),.PCURVE_S1.);
#9073 = CIRCLE('',#9074,14.756342189119);
#9074 = AXIS2_PLACEMENT_3D('',#9075,#9076,#9077);
#9075 = CARTESIAN_POINT('',(74.821328693117,0.,0.));
#9076 = DIRECTION('',(1.,0.,0.));
#9077 = DIRECTION('',(-0.,1.,0.));
#9078 = PCURVE('',#9031,#9079);
#9079 = DEFINITIONAL_REPRESENTATION('',(#9080),#9084);
#9080 = LINE('',#9081,#9082);
#9081 = CARTESIAN_POINT('',(0.,-4.607636763879E-03));
#9082 = VECTOR('',#9083,1.);
#9083 = DIRECTION('',(1.,-0.));
#9084 = ( GEOMETRIC_REPRESENTATION_CONTEXT(2) 
PARAMETRIC_REPRESENTATION_CONTEXT() REPRESENTATION_CONTEXT('2D SPACE',''
  ) );
#9085 = PCURVE('',#9086,#9091);
#9086 = CONICAL_SURFACE('',#9087,14.756342189119,1.547957713183);
#9087 = AXIS2_PLACEMENT_3D('',#9088,#9089,#9090);
#9088 = CARTESIAN_POINT('',(74.821328693117,0.,0.));
#9089 = DIRECTION('',(1.,0.,0.));
#9090 = DIRECTION('',(0.,1.,0.));
#9091 = DEFINITIONAL_REPRESENTATION('',(#9092),#9096);
#9092 = LINE('',#9093,#9094);
#9093 = CARTESIAN_POINT('',(0.,-0.));
#9094 = VECTOR('',#9095,1.);
#9095 = DIRECTION('',(1.,-0.));
#9096 = ( GEOMETRIC_REPRESENTATION_CONTEXT(2) 
PARAMETRIC_REPRESENTATION_CONTEXT() REPRESENTATION_CONTEXT('2D SPACE',''
  ) );
#9097 = ORIENTED_EDGE('',*,*,#9048,.F.);
#9098 = ADVANCED_FACE('',(#9099),#9086,.T.);
#9099 = FACE_BOUND('',#9100,.F.);
#9100 = EDGE_LOOP('',(#9101,#9102,#9125,#9152));
#9101 = ORIENTED_EDGE('',*,*,#9071,.T.);
#9102 = ORIENTED_EDGE('',*,*,#9103,.T.);
#9103 = EDGE_CURVE('',#9049,#9104,#9106,.T.);
#9104 = VERTEX_POINT('',#9105);
#9105 = CARTESIAN_POINT('',(74.8167736525,14.556932159536,0.));
#9106 = SEAM_CURVE('',#9107,(#9111,#9118),.PCURVE_S1.);
#9107 = LINE('',#9108,#9109);
#9108 = CARTESIAN_POINT('',(74.821328693117,14.756342189119,0.));
#9109 = VECTOR('',#9110,1.);
#9110 = DIRECTION('',(-2.283662821857E-02,-0.9997392102,0.));
#9111 = PCURVE('',#9086,#9112);
#9112 = DEFINITIONAL_REPRESENTATION('',(#9113),#9117);
#9113 = LINE('',#9114,#9115);
#9114 = CARTESIAN_POINT('',(0.,-0.));
#9115 = VECTOR('',#9116,1.);
#9116 = DIRECTION('',(0.,-1.));
#9117 = ( GEOMETRIC_REPRESENTATION_CONTEXT(2) 
PARAMETRIC_REPRESENTATION_CONTEXT() REPRESENTATION_CONTEXT('2D SPACE',''
  ) );
#9118 = PCURVE('',#9086,#9119);
#9119 = DEFINITIONAL_REPRESENTATION('',(#9120),#9124);
#9120 = LINE('',#9121,#9122);
#9121 = CARTESIAN_POINT('',(6.28318530718,-0.));
#9122 = VECTOR('',#9123,1.);
#9123 = DIRECTION('',(0.,-1.));
#9124 = ( GEOMETRIC_REPRESENTATION_CONTEXT(2) 
PARAMETRIC_REPRESENTATION_CONTEXT() REPRESENTATION_CONTEXT('2D SPACE',''
  ) );
#9125 = ORIENTED_EDGE('',*,*,#9126,.F.);
#9126 = EDGE_CURVE('',#9104,#9104,#9127,.T.);
#9127 = SURFACE_CURVE('',#9128,(#9133,#9140),.PCURVE_S1.);
#9128 = CIRCLE('',#9129,14.556932159536);
#9129 = AXIS2_PLACEMENT_3D('',#9130,#9131,#9132);
#9130 = CARTESIAN_POINT('',(74.8167736525,0.,0.));
#9131 = DIRECTION('',(1.,0.,0.));
#9132 = DIRECTION('',(-0.,1.,0.));
#9133 = PCURVE('',#9086,#9134);
#9134 = DEFINITIONAL_REPRESENTATION('',(#9135),#9139);
#9135 = LINE('',#9136,#9137);
#9136 = CARTESIAN_POINT('',(0.,-4.555040616765E-03));
#9137 = VECTOR('',#9138,1.);
#9138 = DIRECTION('',(1.,-0.));
#9139 = ( GEOMETRIC_REPRESENTATION_CONTEXT(2) 
PARAMETRIC_REPRESENTATION_CONTEXT() REPRESENTATION_CONTEXT('2D SPACE',''
  ) );
#9140 = PCURVE('',#9141,#9146);
#9141 = CONICAL_SURFACE('',#9142,14.556932159536,1.548223124648);
#9142 = AXIS2_PLACEMENT_3D('',#9143,#9144,#9145);
#9143 = CARTESIAN_POINT('',(74.8167736525,0.,0.));
#9144 = DIRECTION('',(1.,0.,0.));
#9145 = DIRECTION('',(0.,1.,0.));
#9146 = DEFINITIONAL_REPRESENTATION('',(#9147),#9151);
#9147 = LINE('',#9148,#9149);
#9148 = CARTESIAN_POINT('',(0.,-0.));
#9149 = VECTOR('',#9150,1.);
#9150 = DIRECTION('',(1.,-0.));
#9151 = ( GEOMETRIC_REPRESENTATION_CONTEXT(2) 
PARAMETRIC_REPRESENTATION_CONTEXT() REPRESENTATION_CONTEXT('2D SPACE',''
  ) );
#9152 = ORIENTED_EDGE('',*,*,#9103,.F.);
#9153 = ADVANCED_FACE('',(#9154),#9141,.T.);
#9154 = FACE_BOUND('',#9155,.F.);
#9155 = EDGE_LOOP('',(#9156,#9157,#9180,#9207));
#9156 = ORIENTED_EDGE('',*,*,#9126,.T.);
#9157 = ORIENTED_EDGE('',*,*,#9158,.T.);
#9158 = EDGE_CURVE('',#9104,#9159,#9161,.T.);
#9159 = VERTEX_POINT('',#9160);
#9160 = CARTESIAN_POINT('',(74.812271564888,14.357522129954,0.));
#9161 = SEAM_CURVE('',#9162,(#9166,#9173),.PCURVE_S1.);
#9162 = LINE('',#9163,#9164);
#9163 = CARTESIAN_POINT('',(74.8167736525,14.556932159536,0.));
#9164 = VECTOR('',#9165,1.);
#9165 = DIRECTION('',(-2.25712851682E-02,-0.999745236091,0.));
#9166 = PCURVE('',#9141,#9167);
#9167 = DEFINITIONAL_REPRESENTATION('',(#9168),#9172);
#9168 = LINE('',#9169,#9170);
#9169 = CARTESIAN_POINT('',(0.,-0.));
#9170 = VECTOR('',#9171,1.);
#9171 = DIRECTION('',(0.,-1.));
#9172 = ( GEOMETRIC_REPRESENTATION_CONTEXT(2) 
PARAMETRIC_REPRESENTATION_CONTEXT() REPRESENTATION_CONTEXT('2D SPACE',''
  ) );
#9173 = PCURVE('',#9141,#9174);
#9174 = DEFINITIONAL_REPRESENTATION('',(#9175),#9179);
#9175 = LINE('',#9176,#9177);
#9176 = CARTESIAN_POINT('',(6.28318530718,-0.));
#9177 = VECTOR('',#9178,1.);
#9178 = DIRECTION('',(0.,-1.));
#9179 = ( GEOMETRIC_REPRESENTATION_CONTEXT(2) 
PARAMETRIC_REPRESENTATION_CONTEXT() REPRESENTATION_CONTEXT('2D SPACE',''
  ) );
#9180 = ORIENTED_EDGE('',*,*,#9181,.F.);
#9181 = EDGE_CURVE('',#9159,#9159,#9182,.T.);
#9182 = SURFACE_CURVE('',#9183,(#9188,#9195),.PCURVE_S1.);
#9183 = CIRCLE('',#9184,14.357522129954);
#9184 = AXIS2_PLACEMENT_3D('',#9185,#9186,#9187);
#9185 = CARTESIAN_POINT('',(74.812271564888,0.,0.));
#9186 = DIRECTION('',(1.,0.,0.));
#9187 = DIRECTION('',(-0.,1.,0.));
#9188 = PCURVE('',#9141,#9189);
#9189 = DEFINITIONAL_REPRESENTATION('',(#9190),#9194);
#9190 = LINE('',#9191,#9192);
#9191 = CARTESIAN_POINT('',(0.,-4.502087612551E-03));
#9192 = VECTOR('',#9193,1.);
#9193 = DIRECTION('',(1.,-0.));
#9194 = ( GEOMETRIC_REPRESENTATION_CONTEXT(2) 
PARAMETRIC_REPRESENTATION_CONTEXT() REPRESENTATION_CONTEXT('2D SPACE',''
  ) );
#9195 = PCURVE('',#9196,#9201);
#9196 = CONICAL_SURFACE('',#9197,14.357522129954,1.548490309662);
#9197 = AXIS2_PLACEMENT_3D('',#9198,#9199,#9200);
#9198 = CARTESIAN_POINT('',(74.812271564888,0.,0.));
#9199 = DIRECTION('',(1.,0.,0.));
#9200 = DIRECTION('',(0.,1.,0.));
#9201 = DEFINITIONAL_REPRESENTATION('',(#9202),#9206);
#9202 = LINE('',#9203,#9204);
#9203 = CARTESIAN_POINT('',(0.,-0.));
#9204 = VECTOR('',#9205,1.);
#9205 = DIRECTION('',(1.,-0.));
#9206 = ( GEOMETRIC_REPRESENTATION_CONTEXT(2) 
PARAMETRIC_REPRESENTATION_CONTEXT() REPRESENTATION_CONTEXT('2D SPACE',''
  ) );
#9207 = ORIENTED_EDGE('',*,*,#9158,.F.);
#9208 = ADVANCED_FACE('',(#9209),#9196,.T.);
#9209 = FACE_BOUND('',#9210,.F.);
#9210 = EDGE_LOOP('',(#9211,#9212,#9235,#9262));
#9211 = ORIENTED_EDGE('',*,*,#9181,.T.);
#9212 = ORIENTED_EDGE('',*,*,#9213,.T.);
#9213 = EDGE_CURVE('',#9159,#9214,#9216,.T.);
#9214 = VERTEX_POINT('',#9215);
#9215 = CARTESIAN_POINT('',(74.807822783484,14.158112100371,0.));
#9216 = SEAM_CURVE('',#9217,(#9221,#9228),.PCURVE_S1.);
#9217 = LINE('',#9218,#9219);
#9218 = CARTESIAN_POINT('',(74.812271564888,14.357522129954,0.));
#9219 = VECTOR('',#9220,1.);
#9220 = DIRECTION('',(-2.230416742119E-02,-0.999751231115,0.));
#9221 = PCURVE('',#9196,#9222);
#9222 = DEFINITIONAL_REPRESENTATION('',(#9223),#9227);
#9223 = LINE('',#9224,#9225);
#9224 = CARTESIAN_POINT('',(0.,-0.));
#9225 = VECTOR('',#9226,1.);
#9226 = DIRECTION('',(0.,-1.));
#9227 = ( GEOMETRIC_REPRESENTATION_CONTEXT(2) 
PARAMETRIC_REPRESENTATION_CONTEXT() REPRESENTATION_CONTEXT('2D SPACE',''
  ) );
#9228 = PCURVE('',#9196,#9229);
#9229 = DEFINITIONAL_REPRESENTATION('',(#9230),#9234);
#9230 = LINE('',#9231,#9232);
#9231 = CARTESIAN_POINT('',(6.28318530718,-0.));
#9232 = VECTOR('',#9233,1.);
#9233 = DIRECTION('',(0.,-1.));
#9234 = ( GEOMETRIC_REPRESENTATION_CONTEXT(2) 
PARAMETRIC_REPRESENTATION_CONTEXT() REPRESENTATION_CONTEXT('2D SPACE',''
  ) );
#9235 = ORIENTED_EDGE('',*,*,#9236,.F.);
#9236 = EDGE_CURVE('',#9214,#9214,#9237,.T.);
#9237 = SURFACE_CURVE('',#9238,(#9243,#9250),.PCURVE_S1.);
#9238 = CIRCLE('',#9239,14.158112100371);
#9239 = AXIS2_PLACEMENT_3D('',#9240,#9241,#9242);
#9240 = CARTESIAN_POINT('',(74.807822783484,0.,0.));
#9241 = DIRECTION('',(1.,0.,0.));
#9242 = DIRECTION('',(-0.,1.,0.));
#9243 = PCURVE('',#9196,#9244);
#9244 = DEFINITIONAL_REPRESENTATION('',(#9245),#9249);
#9245 = LINE('',#9246,#9247);
#9246 = CARTESIAN_POINT('',(0.,-4.448781403667E-03));
#9247 = VECTOR('',#9248,1.);
#9248 = DIRECTION('',(1.,-0.));
#9249 = ( GEOMETRIC_REPRESENTATION_CONTEXT(2) 
PARAMETRIC_REPRESENTATION_CONTEXT() REPRESENTATION_CONTEXT('2D SPACE',''
  ) );
#9250 = PCURVE('',#9251,#9256);
#9251 = CONICAL_SURFACE('',#9252,14.158112100371,1.548759249711);
#9252 = AXIS2_PLACEMENT_3D('',#9253,#9254,#9255);
#9253 = CARTESIAN_POINT('',(74.807822783484,0.,0.));
#9254 = DIRECTION('',(1.,0.,0.));
#9255 = DIRECTION('',(0.,1.,0.));
#9256 = DEFINITIONAL_REPRESENTATION('',(#9257),#9261);
#9257 = LINE('',#9258,#9259);
#9258 = CARTESIAN_POINT('',(0.,-0.));
#9259 = VECTOR('',#9260,1.);
#9260 = DIRECTION('',(1.,-0.));
#9261 = ( GEOMETRIC_REPRESENTATION_CONTEXT(2) 
PARAMETRIC_REPRESENTATION_CONTEXT() REPRESENTATION_CONTEXT('2D SPACE',''
  ) );
#9262 = ORIENTED_EDGE('',*,*,#9213,.F.);
#9263 = ADVANCED_FACE('',(#9264),#9251,.T.);
#9264 = FACE_BOUND('',#9265,.F.);
#9265 = EDGE_LOOP('',(#9266,#9267,#9290,#9317));
#9266 = ORIENTED_EDGE('',*,*,#9236,.T.);
#9267 = ORIENTED_EDGE('',*,*,#9268,.T.);
#9268 = EDGE_CURVE('',#9214,#9269,#9271,.T.);
#9269 = VERTEX_POINT('',#9270);
#9270 = CARTESIAN_POINT('',(74.803427657796,13.958702070788,0.));
#9271 = SEAM_CURVE('',#9272,(#9276,#9283),.PCURVE_S1.);
#9272 = LINE('',#9273,#9274);
#9273 = CARTESIAN_POINT('',(74.807822783484,14.158112100371,0.));
#9274 = VECTOR('',#9275,1.);
#9275 = DIRECTION('',(-2.20352934727E-02,-0.999757193443,0.));
#9276 = PCURVE('',#9251,#9277);
#9277 = DEFINITIONAL_REPRESENTATION('',(#9278),#9282);
#9278 = LINE('',#9279,#9280);
#9279 = CARTESIAN_POINT('',(0.,-0.));
#9280 = VECTOR('',#9281,1.);
#9281 = DIRECTION('',(0.,-1.));
#9282 = ( GEOMETRIC_REPRESENTATION_CONTEXT(2) 
PARAMETRIC_REPRESENTATION_CONTEXT() REPRESENTATION_CONTEXT('2D SPACE',''
  ) );
#9283 = PCURVE('',#9251,#9284);
#9284 = DEFINITIONAL_REPRESENTATION('',(#9285),#9289);
#9285 = LINE('',#9286,#9287);
#9286 = CARTESIAN_POINT('',(6.28318530718,-0.));
#9287 = VECTOR('',#9288,1.);
#9288 = DIRECTION('',(0.,-1.));
#9289 = ( GEOMETRIC_REPRESENTATION_CONTEXT(2) 
PARAMETRIC_REPRESENTATION_CONTEXT() REPRESENTATION_CONTEXT('2D SPACE',''
  ) );
#9290 = ORIENTED_EDGE('',*,*,#9291,.F.);
#9291 = EDGE_CURVE('',#9269,#9269,#9292,.T.);
#9292 = SURFACE_CURVE('',#9293,(#9298,#9305),.PCURVE_S1.);
#9293 = CIRCLE('',#9294,13.958702070788);
#9294 = AXIS2_PLACEMENT_3D('',#9295,#9296,#9297);
#9295 = CARTESIAN_POINT('',(74.803427657796,0.,0.));
#9296 = DIRECTION('',(1.,0.,0.));
#9297 = DIRECTION('',(-0.,1.,0.));
#9298 = PCURVE('',#9251,#9299);
#9299 = DEFINITIONAL_REPRESENTATION('',(#9300),#9304);
#9300 = LINE('',#9301,#9302);
#9301 = CARTESIAN_POINT('',(0.,-4.395125688589E-03));
#9302 = VECTOR('',#9303,1.);
#9303 = DIRECTION('',(1.,-0.));
#9304 = ( GEOMETRIC_REPRESENTATION_CONTEXT(2) 
PARAMETRIC_REPRESENTATION_CONTEXT() REPRESENTATION_CONTEXT('2D SPACE',''
  ) );
#9305 = PCURVE('',#9306,#9311);
#9306 = CONICAL_SURFACE('',#9307,13.958702070788,1.549029926052);
#9307 = AXIS2_PLACEMENT_3D('',#9308,#9309,#9310);
#9308 = CARTESIAN_POINT('',(74.803427657796,0.,0.));
#9309 = DIRECTION('',(1.,0.,0.));
#9310 = DIRECTION('',(0.,1.,0.));
#9311 = DEFINITIONAL_REPRESENTATION('',(#9312),#9316);
#9312 = LINE('',#9313,#9314);
#9313 = CARTESIAN_POINT('',(0.,-0.));
#9314 = VECTOR('',#9315,1.);
#9315 = DIRECTION('',(1.,-0.));
#9316 = ( GEOMETRIC_REPRESENTATION_CONTEXT(2) 
PARAMETRIC_REPRESENTATION_CONTEXT() REPRESENTATION_CONTEXT('2D SPACE',''
  ) );
#9317 = ORIENTED_EDGE('',*,*,#9268,.F.);
#9318 = ADVANCED_FACE('',(#9319),#9306,.T.);
#9319 = FACE_BOUND('',#9320,.F.);
#9320 = EDGE_LOOP('',(#9321,#9322,#9345,#9372));
#9321 = ORIENTED_EDGE('',*,*,#9291,.T.);
#9322 = ORIENTED_EDGE('',*,*,#9323,.T.);
#9323 = EDGE_CURVE('',#9269,#9324,#9326,.T.);
#9324 = VERTEX_POINT('',#9325);
#9325 = CARTESIAN_POINT('',(74.799086533584,13.759292041205,0.));
#9326 = SEAM_CURVE('',#9327,(#9331,#9338),.PCURVE_S1.);
#9327 = LINE('',#9328,#9329);
#9328 = CARTESIAN_POINT('',(74.803427657796,13.958702070788,0.));
#9329 = VECTOR('',#9330,1.);
#9330 = DIRECTION('',(-2.176468205002E-02,-0.999763121252,0.));
#9331 = PCURVE('',#9306,#9332);
#9332 = DEFINITIONAL_REPRESENTATION('',(#9333),#9337);
#9333 = LINE('',#9334,#9335);
#9334 = CARTESIAN_POINT('',(0.,-0.));
#9335 = VECTOR('',#9336,1.);
#9336 = DIRECTION('',(0.,-1.));
#9337 = ( GEOMETRIC_REPRESENTATION_CONTEXT(2) 
PARAMETRIC_REPRESENTATION_CONTEXT() REPRESENTATION_CONTEXT('2D SPACE',''
  ) );
#9338 = PCURVE('',#9306,#9339);
#9339 = DEFINITIONAL_REPRESENTATION('',(#9340),#9344);
#9340 = LINE('',#9341,#9342);
#9341 = CARTESIAN_POINT('',(6.28318530718,-0.));
#9342 = VECTOR('',#9343,1.);
#9343 = DIRECTION('',(0.,-1.));
#9344 = ( GEOMETRIC_REPRESENTATION_CONTEXT(2) 
PARAMETRIC_REPRESENTATION_CONTEXT() REPRESENTATION_CONTEXT('2D SPACE',''
  ) );
#9345 = ORIENTED_EDGE('',*,*,#9346,.F.);
#9346 = EDGE_CURVE('',#9324,#9324,#9347,.T.);
#9347 = SURFACE_CURVE('',#9348,(#9353,#9360),.PCURVE_S1.);
#9348 = CIRCLE('',#9349,13.759292041205);
#9349 = AXIS2_PLACEMENT_3D('',#9350,#9351,#9352);
#9350 = CARTESIAN_POINT('',(74.799086533584,0.,0.));
#9351 = DIRECTION('',(1.,0.,0.));
#9352 = DIRECTION('',(-0.,1.,0.));
#9353 = PCURVE('',#9306,#9354);
#9354 = DEFINITIONAL_REPRESENTATION('',(#9355),#9359);
#9355 = LINE('',#9356,#9357);
#9356 = CARTESIAN_POINT('',(0.,-4.341124211521E-03));
#9357 = VECTOR('',#9358,1.);
#9358 = DIRECTION('',(1.,-0.));
#9359 = ( GEOMETRIC_REPRESENTATION_CONTEXT(2) 
PARAMETRIC_REPRESENTATION_CONTEXT() REPRESENTATION_CONTEXT('2D SPACE',''
  ) );
#9360 = PCURVE('',#9361,#9366);
#9361 = CONICAL_SURFACE('',#9362,13.759292041205,1.549302319711);
#9362 = AXIS2_PLACEMENT_3D('',#9363,#9364,#9365);
#9363 = CARTESIAN_POINT('',(74.799086533584,0.,0.));
#9364 = DIRECTION('',(1.,0.,0.));
#9365 = DIRECTION('',(0.,1.,0.));
#9366 = DEFINITIONAL_REPRESENTATION('',(#9367),#9371);
#9367 = LINE('',#9368,#9369);
#9368 = CARTESIAN_POINT('',(0.,-0.));
#9369 = VECTOR('',#9370,1.);
#9370 = DIRECTION('',(1.,-0.));
#9371 = ( GEOMETRIC_REPRESENTATION_CONTEXT(2) 
PARAMETRIC_REPRESENTATION_CONTEXT() REPRESENTATION_CONTEXT('2D SPACE',''
  ) );
#9372 = ORIENTED_EDGE('',*,*,#9323,.F.);
#9373 = ADVANCED_FACE('',(#9374),#9361,.T.);
#9374 = FACE_BOUND('',#9375,.F.);
#9375 = EDGE_LOOP('',(#9376,#9377,#9400,#9427));
#9376 = ORIENTED_EDGE('',*,*,#9346,.T.);
#9377 = ORIENTED_EDGE('',*,*,#9378,.T.);
#9378 = EDGE_CURVE('',#9324,#9379,#9381,.T.);
#9379 = VERTEX_POINT('',#9380);
#9380 = CARTESIAN_POINT('',(74.794799752822,13.559882011623,0.));
#9381 = SEAM_CURVE('',#9382,(#9386,#9393),.PCURVE_S1.);
#9382 = LINE('',#9383,#9384);
#9383 = CARTESIAN_POINT('',(74.799086533584,13.759292041205,0.));
#9384 = VECTOR('',#9385,1.);
#9385 = DIRECTION('',(-2.149235211086E-02,-0.999769012723,0.));
#9386 = PCURVE('',#9361,#9387);
#9387 = DEFINITIONAL_REPRESENTATION('',(#9388),#9392);
#9388 = LINE('',#9389,#9390);
#9389 = CARTESIAN_POINT('',(0.,-0.));
#9390 = VECTOR('',#9391,1.);
#9391 = DIRECTION('',(0.,-1.));
#9392 = ( GEOMETRIC_REPRESENTATION_CONTEXT(2) 
PARAMETRIC_REPRESENTATION_CONTEXT() REPRESENTATION_CONTEXT('2D SPACE',''
  ) );
#9393 = PCURVE('',#9361,#9394);
#9394 = DEFINITIONAL_REPRESENTATION('',(#9395),#9399);
#9395 = LINE('',#9396,#9397);
#9396 = CARTESIAN_POINT('',(6.28318530718,-0.));
#9397 = VECTOR('',#9398,1.);
#9398 = DIRECTION('',(0.,-1.));
#9399 = ( GEOMETRIC_REPRESENTATION_CONTEXT(2) 
PARAMETRIC_REPRESENTATION_CONTEXT() REPRESENTATION_CONTEXT('2D SPACE',''
  ) );
#9400 = ORIENTED_EDGE('',*,*,#9401,.F.);
#9401 = EDGE_CURVE('',#9379,#9379,#9402,.T.);
#9402 = SURFACE_CURVE('',#9403,(#9408,#9415),.PCURVE_S1.);
#9403 = CIRCLE('',#9404,13.559882011623);
#9404 = AXIS2_PLACEMENT_3D('',#9405,#9406,#9407);
#9405 = CARTESIAN_POINT('',(74.794799752822,0.,0.));
#9406 = DIRECTION('',(1.,0.,0.));
#9407 = DIRECTION('',(-0.,1.,0.));
#9408 = PCURVE('',#9361,#9409);
#9409 = DEFINITIONAL_REPRESENTATION('',(#9410),#9414);
#9410 = LINE('',#9411,#9412);
#9411 = CARTESIAN_POINT('',(0.,-4.286780762044E-03));
#9412 = VECTOR('',#9413,1.);
#9413 = DIRECTION('',(1.,-0.));
#9414 = ( GEOMETRIC_REPRESENTATION_CONTEXT(2) 
PARAMETRIC_REPRESENTATION_CONTEXT() REPRESENTATION_CONTEXT('2D SPACE',''
  ) );
#9415 = PCURVE('',#9416,#9421);
#9416 = CONICAL_SURFACE('',#9417,13.559882011623,1.549576411489);
#9417 = AXIS2_PLACEMENT_3D('',#9418,#9419,#9420);
#9418 = CARTESIAN_POINT('',(74.794799752822,0.,0.));
#9419 = DIRECTION('',(1.,0.,0.));
#9420 = DIRECTION('',(0.,1.,0.));
#9421 = DEFINITIONAL_REPRESENTATION('',(#9422),#9426);
#9422 = LINE('',#9423,#9424);
#9423 = CARTESIAN_POINT('',(0.,-0.));
#9424 = VECTOR('',#9425,1.);
#9425 = DIRECTION('',(1.,-0.));
#9426 = ( GEOMETRIC_REPRESENTATION_CONTEXT(2) 
PARAMETRIC_REPRESENTATION_CONTEXT() REPRESENTATION_CONTEXT('2D SPACE',''
  ) );
#9427 = ORIENTED_EDGE('',*,*,#9378,.F.);
#9428 = ADVANCED_FACE('',(#9429),#9416,.T.);
#9429 = FACE_BOUND('',#9430,.F.);
#9430 = EDGE_LOOP('',(#9431,#9432,#9455,#9482));
#9431 = ORIENTED_EDGE('',*,*,#9401,.T.);
#9432 = ORIENTED_EDGE('',*,*,#9433,.T.);
#9433 = EDGE_CURVE('',#9379,#9434,#9436,.T.);
#9434 = VERTEX_POINT('',#9435);
#9435 = CARTESIAN_POINT('',(74.790567653647,13.36047198204,0.));
#9436 = SEAM_CURVE('',#9437,(#9441,#9448),.PCURVE_S1.);
#9437 = LINE('',#9438,#9439);
#9438 = CARTESIAN_POINT('',(74.794799752822,13.559882011623,0.));
#9439 = VECTOR('',#9440,1.);
#9440 = DIRECTION('',(-2.121832284051E-02,-0.999774866045,0.));
#9441 = PCURVE('',#9416,#9442);
#9442 = DEFINITIONAL_REPRESENTATION('',(#9443),#9447);
#9443 = LINE('',#9444,#9445);
#9444 = CARTESIAN_POINT('',(0.,-0.));
#9445 = VECTOR('',#9446,1.);
#9446 = DIRECTION('',(0.,-1.));
#9447 = ( GEOMETRIC_REPRESENTATION_CONTEXT(2) 
PARAMETRIC_REPRESENTATION_CONTEXT() REPRESENTATION_CONTEXT('2D SPACE',''
  ) );
#9448 = PCURVE('',#9416,#9449);
#9449 = DEFINITIONAL_REPRESENTATION('',(#9450),#9454);
#9450 = LINE('',#9451,#9452);
#9451 = CARTESIAN_POINT('',(6.28318530718,-0.));
#9452 = VECTOR('',#9453,1.);
#9453 = DIRECTION('',(0.,-1.));
#9454 = ( GEOMETRIC_REPRESENTATION_CONTEXT(2) 
PARAMETRIC_REPRESENTATION_CONTEXT() REPRESENTATION_CONTEXT('2D SPACE',''
  ) );
#9455 = ORIENTED_EDGE('',*,*,#9456,.F.);
#9456 = EDGE_CURVE('',#9434,#9434,#9457,.T.);
#9457 = SURFACE_CURVE('',#9458,(#9463,#9470),.PCURVE_S1.);
#9458 = CIRCLE('',#9459,13.36047198204);
#9459 = AXIS2_PLACEMENT_3D('',#9460,#9461,#9462);
#9460 = CARTESIAN_POINT('',(74.790567653647,0.,0.));
#9461 = DIRECTION('',(1.,0.,0.));
#9462 = DIRECTION('',(-0.,1.,0.));
#9463 = PCURVE('',#9416,#9464);
#9464 = DEFINITIONAL_REPRESENTATION('',(#9465),#9469);
#9465 = LINE('',#9466,#9467);
#9466 = CARTESIAN_POINT('',(0.,-4.232099174544E-03));
#9467 = VECTOR('',#9468,1.);
#9468 = DIRECTION('',(1.,-0.));
#9469 = ( GEOMETRIC_REPRESENTATION_CONTEXT(2) 
PARAMETRIC_REPRESENTATION_CONTEXT() REPRESENTATION_CONTEXT('2D SPACE',''
  ) );
#9470 = PCURVE('',#9471,#9476);
#9471 = CONICAL_SURFACE('',#9472,13.36047198204,1.549852181962);
#9472 = AXIS2_PLACEMENT_3D('',#9473,#9474,#9475);
#9473 = CARTESIAN_POINT('',(74.790567653647,0.,0.));
#9474 = DIRECTION('',(1.,0.,0.));
#9475 = DIRECTION('',(0.,1.,0.));
#9476 = DEFINITIONAL_REPRESENTATION('',(#9477),#9481);
#9477 = LINE('',#9478,#9479);
#9478 = CARTESIAN_POINT('',(0.,-0.));
#9479 = VECTOR('',#9480,1.);
#9480 = DIRECTION('',(1.,-0.));
#9481 = ( GEOMETRIC_REPRESENTATION_CONTEXT(2) 
PARAMETRIC_REPRESENTATION_CONTEXT() REPRESENTATION_CONTEXT('2D SPACE',''
  ) );
#9482 = ORIENTED_EDGE('',*,*,#9433,.F.);
#9483 = ADVANCED_FACE('',(#9484),#9471,.T.);
#9484 = FACE_BOUND('',#9485,.F.);
#9485 = EDGE_LOOP('',(#9486,#9487,#9510,#9537));
#9486 = ORIENTED_EDGE('',*,*,#9456,.T.);
#9487 = ORIENTED_EDGE('',*,*,#9488,.T.);
#9488 = EDGE_CURVE('',#9434,#9489,#9491,.T.);
#9489 = VERTEX_POINT('',#9490);
#9490 = CARTESIAN_POINT('',(74.78639057032,13.161061952457,0.));
#9491 = SEAM_CURVE('',#9492,(#9496,#9503),.PCURVE_S1.);
#9492 = LINE('',#9493,#9494);
#9493 = CARTESIAN_POINT('',(74.790567653647,13.36047198204,0.));
#9494 = VECTOR('',#9495,1.);
#9495 = DIRECTION('',(-2.094261364975E-02,-0.999780679416,0.));
#9496 = PCURVE('',#9471,#9497);
#9497 = DEFINITIONAL_REPRESENTATION('',(#9498),#9502);
#9498 = LINE('',#9499,#9500);
#9499 = CARTESIAN_POINT('',(0.,-0.));
#9500 = VECTOR('',#9501,1.);
#9501 = DIRECTION('',(0.,-1.));
#9502 = ( GEOMETRIC_REPRESENTATION_CONTEXT(2) 
PARAMETRIC_REPRESENTATION_CONTEXT() REPRESENTATION_CONTEXT('2D SPACE',''
  ) );
#9503 = PCURVE('',#9471,#9504);
#9504 = DEFINITIONAL_REPRESENTATION('',(#9505),#9509);
#9505 = LINE('',#9506,#9507);
#9506 = CARTESIAN_POINT('',(6.28318530718,-0.));
#9507 = VECTOR('',#9508,1.);
#9508 = DIRECTION('',(0.,-1.));
#9509 = ( GEOMETRIC_REPRESENTATION_CONTEXT(2) 
PARAMETRIC_REPRESENTATION_CONTEXT() REPRESENTATION_CONTEXT('2D SPACE',''
  ) );
#9510 = ORIENTED_EDGE('',*,*,#9511,.F.);
#9511 = EDGE_CURVE('',#9489,#9489,#9512,.T.);
#9512 = SURFACE_CURVE('',#9513,(#9518,#9525),.PCURVE_S1.);
#9513 = CIRCLE('',#9514,13.161061952457);
#9514 = AXIS2_PLACEMENT_3D('',#9515,#9516,#9517);
#9515 = CARTESIAN_POINT('',(74.78639057032,0.,0.));
#9516 = DIRECTION('',(1.,0.,0.));
#9517 = DIRECTION('',(-0.,1.,0.));
#9518 = PCURVE('',#9471,#9519);
#9519 = DEFINITIONAL_REPRESENTATION('',(#9520),#9524);
#9520 = LINE('',#9521,#9522);
#9521 = CARTESIAN_POINT('',(0.,-4.177083327789E-03));
#9522 = VECTOR('',#9523,1.);
#9523 = DIRECTION('',(1.,-0.));
#9524 = ( GEOMETRIC_REPRESENTATION_CONTEXT(2) 
PARAMETRIC_REPRESENTATION_CONTEXT() REPRESENTATION_CONTEXT('2D SPACE',''
  ) );
#9525 = PCURVE('',#9526,#9531);
#9526 = CONICAL_SURFACE('',#9527,13.161061952457,1.550129611482);
#9527 = AXIS2_PLACEMENT_3D('',#9528,#9529,#9530);
#9528 = CARTESIAN_POINT('',(74.78639057032,0.,0.));
#9529 = DIRECTION('',(1.,0.,0.));
#9530 = DIRECTION('',(0.,1.,0.));
#9531 = DEFINITIONAL_REPRESENTATION('',(#9532),#9536);
#9532 = LINE('',#9533,#9534);
#9533 = CARTESIAN_POINT('',(0.,-0.));
#9534 = VECTOR('',#9535,1.);
#9535 = DIRECTION('',(1.,-0.));
#9536 = ( GEOMETRIC_REPRESENTATION_CONTEXT(2) 
PARAMETRIC_REPRESENTATION_CONTEXT() REPRESENTATION_CONTEXT('2D SPACE',''
  ) );
#9537 = ORIENTED_EDGE('',*,*,#9488,.F.);
#9538 = ADVANCED_FACE('',(#9539),#9526,.T.);
#9539 = FACE_BOUND('',#9540,.F.);
#9540 = EDGE_LOOP('',(#9541,#9542,#9565,#9592));
#9541 = ORIENTED_EDGE('',*,*,#9511,.T.);
#9542 = ORIENTED_EDGE('',*,*,#9543,.T.);
#9543 = EDGE_CURVE('',#9489,#9544,#9546,.T.);
#9544 = VERTEX_POINT('',#9545);
#9545 = CARTESIAN_POINT('',(74.782268833175,12.961651922875,0.));
#9546 = SEAM_CURVE('',#9547,(#9551,#9558),.PCURVE_S1.);
#9547 = LINE('',#9548,#9549);
#9548 = CARTESIAN_POINT('',(74.78639057032,13.161061952457,0.));
#9549 = VECTOR('',#9550,1.);
#9550 = DIRECTION('',(-2.066524417296E-02,-0.99978645104,0.));
#9551 = PCURVE('',#9526,#9552);
#9552 = DEFINITIONAL_REPRESENTATION('',(#9553),#9557);
#9553 = LINE('',#9554,#9555);
#9554 = CARTESIAN_POINT('',(0.,-0.));
#9555 = VECTOR('',#9556,1.);
#9556 = DIRECTION('',(0.,-1.));
#9557 = ( GEOMETRIC_REPRESENTATION_CONTEXT(2) 
PARAMETRIC_REPRESENTATION_CONTEXT() REPRESENTATION_CONTEXT('2D SPACE',''
  ) );
#9558 = PCURVE('',#9526,#9559);
#9559 = DEFINITIONAL_REPRESENTATION('',(#9560),#9564);
#9560 = LINE('',#9561,#9562);
#9561 = CARTESIAN_POINT('',(6.28318530718,-0.));
#9562 = VECTOR('',#9563,1.);
#9563 = DIRECTION('',(0.,-1.));
#9564 = ( GEOMETRIC_REPRESENTATION_CONTEXT(2) 
PARAMETRIC_REPRESENTATION_CONTEXT() REPRESENTATION_CONTEXT('2D SPACE',''
  ) );
#9565 = ORIENTED_EDGE('',*,*,#9566,.F.);
#9566 = EDGE_CURVE('',#9544,#9544,#9567,.T.);
#9567 = SURFACE_CURVE('',#9568,(#9573,#9580),.PCURVE_S1.);
#9568 = CIRCLE('',#9569,12.961651922875);
#9569 = AXIS2_PLACEMENT_3D('',#9570,#9571,#9572);
#9570 = CARTESIAN_POINT('',(74.782268833175,0.,0.));
#9571 = DIRECTION('',(1.,0.,0.));
#9572 = DIRECTION('',(-0.,1.,0.));
#9573 = PCURVE('',#9526,#9574);
#9574 = DEFINITIONAL_REPRESENTATION('',(#9575),#9579);
#9575 = LINE('',#9576,#9577);
#9576 = CARTESIAN_POINT('',(0.,-4.121737144544E-03));
#9577 = VECTOR('',#9578,1.);
#9578 = DIRECTION('',(1.,-0.));
#9579 = ( GEOMETRIC_REPRESENTATION_CONTEXT(2) 
PARAMETRIC_REPRESENTATION_CONTEXT() REPRESENTATION_CONTEXT('2D SPACE',''
  ) );
#9580 = PCURVE('',#9581,#9586);
#9581 = CONICAL_SURFACE('',#9582,12.961651922875,1.550408680183);
#9582 = AXIS2_PLACEMENT_3D('',#9583,#9584,#9585);
#9583 = CARTESIAN_POINT('',(74.782268833175,0.,0.));
#9584 = DIRECTION('',(1.,0.,0.));
#9585 = DIRECTION('',(0.,1.,0.));
#9586 = DEFINITIONAL_REPRESENTATION('',(#9587),#9591);
#9587 = LINE('',#9588,#9589);
#9588 = CARTESIAN_POINT('',(0.,-0.));
#9589 = VECTOR('',#9590,1.);
#9590 = DIRECTION('',(1.,-0.));
#9591 = ( GEOMETRIC_REPRESENTATION_CONTEXT(2) 
PARAMETRIC_REPRESENTATION_CONTEXT() REPRESENTATION_CONTEXT('2D SPACE',''
  ) );
#9592 = ORIENTED_EDGE('',*,*,#9543,.F.);
#9593 = ADVANCED_FACE('',(#9594),#9581,.T.);
#9594 = FACE_BOUND('',#9595,.F.);
#9595 = EDGE_LOOP('',(#9596,#9597,#9620,#9647));
#9596 = ORIENTED_EDGE('',*,*,#9566,.T.);
#9597 = ORIENTED_EDGE('',*,*,#9598,.T.);
#9598 = EDGE_CURVE('',#9544,#9599,#9601,.T.);
#9599 = VERTEX_POINT('',#9600);
#9600 = CARTESIAN_POINT('',(74.778202768584,12.762241893292,0.));
#9601 = SEAM_CURVE('',#9602,(#9606,#9613),.PCURVE_S1.);
#9602 = LINE('',#9603,#9604);
#9603 = CARTESIAN_POINT('',(74.782268833175,12.961651922875,0.));
#9604 = VECTOR('',#9605,1.);
#9605 = DIRECTION('',(-2.038623426603E-02,-0.999792179131,0.));
#9606 = PCURVE('',#9581,#9607);
#9607 = DEFINITIONAL_REPRESENTATION('',(#9608),#9612);
#9608 = LINE('',#9609,#9610);
#9609 = CARTESIAN_POINT('',(0.,-0.));
#9610 = VECTOR('',#9611,1.);
#9611 = DIRECTION('',(0.,-1.));
#9612 = ( GEOMETRIC_REPRESENTATION_CONTEXT(2) 
PARAMETRIC_REPRESENTATION_CONTEXT() REPRESENTATION_CONTEXT('2D SPACE',''
  ) );
#9613 = PCURVE('',#9581,#9614);
#9614 = DEFINITIONAL_REPRESENTATION('',(#9615),#9619);
#9615 = LINE('',#9616,#9617);
#9616 = CARTESIAN_POINT('',(6.28318530718,-0.));
#9617 = VECTOR('',#9618,1.);
#9618 = DIRECTION('',(0.,-1.));
#9619 = ( GEOMETRIC_REPRESENTATION_CONTEXT(2) 
PARAMETRIC_REPRESENTATION_CONTEXT() REPRESENTATION_CONTEXT('2D SPACE',''
  ) );
#9620 = ORIENTED_EDGE('',*,*,#9621,.F.);
#9621 = EDGE_CURVE('',#9599,#9599,#9622,.T.);
#9622 = SURFACE_CURVE('',#9623,(#9628,#9635),.PCURVE_S1.);
#9623 = CIRCLE('',#9624,12.762241893292);
#9624 = AXIS2_PLACEMENT_3D('',#9625,#9626,#9627);
#9625 = CARTESIAN_POINT('',(74.778202768584,0.,0.));
#9626 = DIRECTION('',(1.,0.,0.));
#9627 = DIRECTION('',(-0.,1.,0.));
#9628 = PCURVE('',#9581,#9629);
#9629 = DEFINITIONAL_REPRESENTATION('',(#9630),#9634);
#9630 = LINE('',#9631,#9632);
#9631 = CARTESIAN_POINT('',(0.,-4.066064591143E-03));
#9632 = VECTOR('',#9633,1.);
#9633 = DIRECTION('',(1.,-0.));
#9634 = ( GEOMETRIC_REPRESENTATION_CONTEXT(2) 
PARAMETRIC_REPRESENTATION_CONTEXT() REPRESENTATION_CONTEXT('2D SPACE',''
  ) );
#9635 = PCURVE('',#9636,#9641);
#9636 = CONICAL_SURFACE('',#9637,12.762241893292,1.550689367979);
#9637 = AXIS2_PLACEMENT_3D('',#9638,#9639,#9640);
#9638 = CARTESIAN_POINT('',(74.778202768584,0.,0.));
#9639 = DIRECTION('',(1.,0.,0.));
#9640 = DIRECTION('',(0.,1.,0.));
#9641 = DEFINITIONAL_REPRESENTATION('',(#9642),#9646);
#9642 = LINE('',#9643,#9644);
#9643 = CARTESIAN_POINT('',(0.,-0.));
#9644 = VECTOR('',#9645,1.);
#9645 = DIRECTION('',(1.,-0.));
#9646 = ( GEOMETRIC_REPRESENTATION_CONTEXT(2) 
PARAMETRIC_REPRESENTATION_CONTEXT() REPRESENTATION_CONTEXT('2D SPACE',''
  ) );
#9647 = ORIENTED_EDGE('',*,*,#9598,.F.);
#9648 = ADVANCED_FACE('',(#9649),#9636,.T.);
#9649 = FACE_BOUND('',#9650,.F.);
#9650 = EDGE_LOOP('',(#9651,#9652,#9675,#9702));
#9651 = ORIENTED_EDGE('',*,*,#9621,.T.);
#9652 = ORIENTED_EDGE('',*,*,#9653,.T.);
#9653 = EDGE_CURVE('',#9599,#9654,#9656,.T.);
#9654 = VERTEX_POINT('',#9655);
#9655 = CARTESIAN_POINT('',(74.774192698907,12.562831863709,0.));
#9656 = SEAM_CURVE('',#9657,(#9661,#9668),.PCURVE_S1.);
#9657 = LINE('',#9658,#9659);
#9658 = CARTESIAN_POINT('',(74.778202768584,12.762241893292,0.));
#9659 = VECTOR('',#9660,1.);
#9660 = DIRECTION('',(-2.010560400327E-02,-0.999797861914,0.));
#9661 = PCURVE('',#9636,#9662);
#9662 = DEFINITIONAL_REPRESENTATION('',(#9663),#9667);
#9663 = LINE('',#9664,#9665);
#9664 = CARTESIAN_POINT('',(0.,-0.));
#9665 = VECTOR('',#9666,1.);
#9666 = DIRECTION('',(0.,-1.));
#9667 = ( GEOMETRIC_REPRESENTATION_CONTEXT(2) 
PARAMETRIC_REPRESENTATION_CONTEXT() REPRESENTATION_CONTEXT('2D SPACE',''
  ) );
#9668 = PCURVE('',#9636,#9669);
#9669 = DEFINITIONAL_REPRESENTATION('',(#9670),#9674);
#9670 = LINE('',#9671,#9672);
#9671 = CARTESIAN_POINT('',(6.28318530718,-0.));
#9672 = VECTOR('',#9673,1.);
#9673 = DIRECTION('',(0.,-1.));
#9674 = ( GEOMETRIC_REPRESENTATION_CONTEXT(2) 
PARAMETRIC_REPRESENTATION_CONTEXT() REPRESENTATION_CONTEXT('2D SPACE',''
  ) );
#9675 = ORIENTED_EDGE('',*,*,#9676,.F.);
#9676 = EDGE_CURVE('',#9654,#9654,#9677,.T.);
#9677 = SURFACE_CURVE('',#9678,(#9683,#9690),.PCURVE_S1.);
#9678 = CIRCLE('',#9679,12.562831863709);
#9679 = AXIS2_PLACEMENT_3D('',#9680,#9681,#9682);
#9680 = CARTESIAN_POINT('',(74.774192698907,0.,0.));
#9681 = DIRECTION('',(1.,0.,0.));
#9682 = DIRECTION('',(-0.,1.,0.));
#9683 = PCURVE('',#9636,#9684);
#9684 = DEFINITIONAL_REPRESENTATION('',(#9685),#9689);
#9685 = LINE('',#9686,#9687);
#9686 = CARTESIAN_POINT('',(0.,-4.01006967688E-03));
#9687 = VECTOR('',#9688,1.);
#9688 = DIRECTION('',(1.,-0.));
#9689 = ( GEOMETRIC_REPRESENTATION_CONTEXT(2) 
PARAMETRIC_REPRESENTATION_CONTEXT() REPRESENTATION_CONTEXT('2D SPACE',''
  ) );
#9690 = PCURVE('',#9691,#9696);
#9691 = CONICAL_SURFACE('',#9692,12.562831863709,1.55097165457);
#9692 = AXIS2_PLACEMENT_3D('',#9693,#9694,#9695);
#9693 = CARTESIAN_POINT('',(74.774192698907,0.,0.));
#9694 = DIRECTION('',(1.,0.,0.));
#9695 = DIRECTION('',(0.,1.,0.));
#9696 = DEFINITIONAL_REPRESENTATION('',(#9697),#9701);
#9697 = LINE('',#9698,#9699);
#9698 = CARTESIAN_POINT('',(0.,-0.));
#9699 = VECTOR('',#9700,1.);
#9700 = DIRECTION('',(1.,-0.));
#9701 = ( GEOMETRIC_REPRESENTATION_CONTEXT(2) 
PARAMETRIC_REPRESENTATION_CONTEXT() REPRESENTATION_CONTEXT('2D SPACE',''
  ) );
#9702 = ORIENTED_EDGE('',*,*,#9653,.F.);
#9703 = ADVANCED_FACE('',(#9704),#9691,.T.);
#9704 = FACE_BOUND('',#9705,.F.);
#9705 = EDGE_LOOP('',(#9706,#9707,#9730,#9757));
#9706 = ORIENTED_EDGE('',*,*,#9676,.T.);
#9707 = ORIENTED_EDGE('',*,*,#9708,.T.);
#9708 = EDGE_CURVE('',#9654,#9709,#9711,.T.);
#9709 = VERTEX_POINT('',#9710);
#9710 = CARTESIAN_POINT('',(74.770238942453,12.363421834127,0.));
#9711 = SEAM_CURVE('',#9712,(#9716,#9723),.PCURVE_S1.);
#9712 = LINE('',#9713,#9714);
#9713 = CARTESIAN_POINT('',(74.774192698907,12.562831863709,0.));
#9714 = VECTOR('',#9715,1.);
#9715 = DIRECTION('',(-1.982337367566E-02,-0.999803497621,0.));
#9716 = PCURVE('',#9691,#9717);
#9717 = DEFINITIONAL_REPRESENTATION('',(#9718),#9722);
#9718 = LINE('',#9719,#9720);
#9719 = CARTESIAN_POINT('',(0.,-0.));
#9720 = VECTOR('',#9721,1.);
#9721 = DIRECTION('',(0.,-1.));
#9722 = ( GEOMETRIC_REPRESENTATION_CONTEXT(2) 
PARAMETRIC_REPRESENTATION_CONTEXT() REPRESENTATION_CONTEXT('2D SPACE',''
  ) );
#9723 = PCURVE('',#9691,#9724);
#9724 = DEFINITIONAL_REPRESENTATION('',(#9725),#9729);
#9725 = LINE('',#9726,#9727);
#9726 = CARTESIAN_POINT('',(6.28318530718,-0.));
#9727 = VECTOR('',#9728,1.);
#9728 = DIRECTION('',(0.,-1.));
#9729 = ( GEOMETRIC_REPRESENTATION_CONTEXT(2) 
PARAMETRIC_REPRESENTATION_CONTEXT() REPRESENTATION_CONTEXT('2D SPACE',''
  ) );
#9730 = ORIENTED_EDGE('',*,*,#9731,.F.);
#9731 = EDGE_CURVE('',#9709,#9709,#9732,.T.);
#9732 = SURFACE_CURVE('',#9733,(#9738,#9745),.PCURVE_S1.);
#9733 = CIRCLE('',#9734,12.363421834127);
#9734 = AXIS2_PLACEMENT_3D('',#9735,#9736,#9737);
#9735 = CARTESIAN_POINT('',(74.770238942453,0.,0.));
#9736 = DIRECTION('',(1.,0.,0.));
#9737 = DIRECTION('',(-0.,1.,0.));
#9738 = PCURVE('',#9691,#9739);
#9739 = DEFINITIONAL_REPRESENTATION('',(#9740),#9744);
#9740 = LINE('',#9741,#9742);
#9741 = CARTESIAN_POINT('',(0.,-3.95375645364E-03));
#9742 = VECTOR('',#9743,1.);
#9743 = DIRECTION('',(1.,-0.));
#9744 = ( GEOMETRIC_REPRESENTATION_CONTEXT(2) 
PARAMETRIC_REPRESENTATION_CONTEXT() REPRESENTATION_CONTEXT('2D SPACE',''
  ) );
#9745 = PCURVE('',#9746,#9751);
#9746 = CONICAL_SURFACE('',#9747,12.363421834127,1.551255519443);
#9747 = AXIS2_PLACEMENT_3D('',#9748,#9749,#9750);
#9748 = CARTESIAN_POINT('',(74.770238942453,0.,0.));
#9749 = DIRECTION('',(1.,0.,0.));
#9750 = DIRECTION('',(0.,1.,0.));
#9751 = DEFINITIONAL_REPRESENTATION('',(#9752),#9756);
#9752 = LINE('',#9753,#9754);
#9753 = CARTESIAN_POINT('',(0.,-0.));
#9754 = VECTOR('',#9755,1.);
#9755 = DIRECTION('',(1.,-0.));
#9756 = ( GEOMETRIC_REPRESENTATION_CONTEXT(2) 
PARAMETRIC_REPRESENTATION_CONTEXT() REPRESENTATION_CONTEXT('2D SPACE',''
  ) );
#9757 = ORIENTED_EDGE('',*,*,#9708,.F.);
#9758 = ADVANCED_FACE('',(#9759),#9746,.T.);
#9759 = FACE_BOUND('',#9760,.F.);
#9760 = EDGE_LOOP('',(#9761,#9762,#9785,#9812));
#9761 = ORIENTED_EDGE('',*,*,#9731,.T.);
#9762 = ORIENTED_EDGE('',*,*,#9763,.T.);
#9763 = EDGE_CURVE('',#9709,#9764,#9766,.T.);
#9764 = VERTEX_POINT('',#9765);
#9765 = CARTESIAN_POINT('',(74.766341813438,12.164011804544,0.));
#9766 = SEAM_CURVE('',#9767,(#9771,#9778),.PCURVE_S1.);
#9767 = LINE('',#9768,#9769);
#9768 = CARTESIAN_POINT('',(74.770238942453,12.363421834127,0.));
#9769 = VECTOR('',#9770,1.);
#9770 = DIRECTION('',(-1.953956378825E-02,-0.999809084499,0.));
#9771 = PCURVE('',#9746,#9772);
#9772 = DEFINITIONAL_REPRESENTATION('',(#9773),#9777);
#9773 = LINE('',#9774,#9775);
#9774 = CARTESIAN_POINT('',(0.,-0.));
#9775 = VECTOR('',#9776,1.);
#9776 = DIRECTION('',(0.,-1.));
#9777 = ( GEOMETRIC_REPRESENTATION_CONTEXT(2) 
PARAMETRIC_REPRESENTATION_CONTEXT() REPRESENTATION_CONTEXT('2D SPACE',''
  ) );
#9778 = PCURVE('',#9746,#9779);
#9779 = DEFINITIONAL_REPRESENTATION('',(#9780),#9784);
#9780 = LINE('',#9781,#9782);
#9781 = CARTESIAN_POINT('',(6.28318530718,-0.));
#9782 = VECTOR('',#9783,1.);
#9783 = DIRECTION('',(0.,-1.));
#9784 = ( GEOMETRIC_REPRESENTATION_CONTEXT(2) 
PARAMETRIC_REPRESENTATION_CONTEXT() REPRESENTATION_CONTEXT('2D SPACE',''
  ) );
#9785 = ORIENTED_EDGE('',*,*,#9786,.F.);
#9786 = EDGE_CURVE('',#9764,#9764,#9787,.T.);
#9787 = SURFACE_CURVE('',#9788,(#9793,#9800),.PCURVE_S1.);
#9788 = CIRCLE('',#9789,12.164011804544);
#9789 = AXIS2_PLACEMENT_3D('',#9790,#9791,#9792);
#9790 = CARTESIAN_POINT('',(74.766341813438,0.,0.));
#9791 = DIRECTION('',(1.,0.,0.));
#9792 = DIRECTION('',(-0.,1.,0.));
#9793 = PCURVE('',#9746,#9794);
#9794 = DEFINITIONAL_REPRESENTATION('',(#9795),#9799);
#9795 = LINE('',#9796,#9797);
#9796 = CARTESIAN_POINT('',(0.,-3.897129015385E-03));
#9797 = VECTOR('',#9798,1.);
#9798 = DIRECTION('',(1.,-0.));
#9799 = ( GEOMETRIC_REPRESENTATION_CONTEXT(2) 
PARAMETRIC_REPRESENTATION_CONTEXT() REPRESENTATION_CONTEXT('2D SPACE',''
  ) );
#9800 = PCURVE('',#9801,#9806);
#9801 = CONICAL_SURFACE('',#9802,12.164011804544,1.551540941873);
#9802 = AXIS2_PLACEMENT_3D('',#9803,#9804,#9805);
#9803 = CARTESIAN_POINT('',(74.766341813438,0.,0.));
#9804 = DIRECTION('',(1.,0.,0.));
#9805 = DIRECTION('',(0.,1.,0.));
#9806 = DEFINITIONAL_REPRESENTATION('',(#9807),#9811);
#9807 = LINE('',#9808,#9809);
#9808 = CARTESIAN_POINT('',(0.,-0.));
#9809 = VECTOR('',#9810,1.);
#9810 = DIRECTION('',(1.,-0.));
#9811 = ( GEOMETRIC_REPRESENTATION_CONTEXT(2) 
PARAMETRIC_REPRESENTATION_CONTEXT() REPRESENTATION_CONTEXT('2D SPACE',''
  ) );
#9812 = ORIENTED_EDGE('',*,*,#9763,.F.);
#9813 = ADVANCED_FACE('',(#9814),#9801,.T.);
#9814 = FACE_BOUND('',#9815,.F.);
#9815 = EDGE_LOOP('',(#9816,#9817,#9840,#9867));
#9816 = ORIENTED_EDGE('',*,*,#9786,.T.);
#9817 = ORIENTED_EDGE('',*,*,#9818,.T.);
#9818 = EDGE_CURVE('',#9764,#9819,#9821,.T.);
#9819 = VERTEX_POINT('',#9820);
#9820 = CARTESIAN_POINT('',(74.76250162194,11.964601774961,0.));
#9821 = SEAM_CURVE('',#9822,(#9826,#9833),.PCURVE_S1.);
#9822 = LINE('',#9823,#9824);
#9823 = CARTESIAN_POINT('',(74.766341813438,12.164011804544,0.));
#9824 = VECTOR('',#9825,1.);
#9825 = DIRECTION('',(-1.925419505798E-02,-0.999814620804,0.));
#9826 = PCURVE('',#9801,#9827);
#9827 = DEFINITIONAL_REPRESENTATION('',(#9828),#9832);
#9828 = LINE('',#9829,#9830);
#9829 = CARTESIAN_POINT('',(0.,-0.));
#9830 = VECTOR('',#9831,1.);
#9831 = DIRECTION('',(0.,-1.));
#9832 = ( GEOMETRIC_REPRESENTATION_CONTEXT(2) 
PARAMETRIC_REPRESENTATION_CONTEXT() REPRESENTATION_CONTEXT('2D SPACE',''
  ) );
#9833 = PCURVE('',#9801,#9834);
#9834 = DEFINITIONAL_REPRESENTATION('',(#9835),#9839);
#9835 = LINE('',#9836,#9837);
#9836 = CARTESIAN_POINT('',(6.28318530718,-0.));
#9837 = VECTOR('',#9838,1.);
#9838 = DIRECTION('',(0.,-1.));
#9839 = ( GEOMETRIC_REPRESENTATION_CONTEXT(2) 
PARAMETRIC_REPRESENTATION_CONTEXT() REPRESENTATION_CONTEXT('2D SPACE',''
  ) );
#9840 = ORIENTED_EDGE('',*,*,#9841,.F.);
#9841 = EDGE_CURVE('',#9819,#9819,#9842,.T.);
#9842 = SURFACE_CURVE('',#9843,(#9848,#9855),.PCURVE_S1.);
#9843 = CIRCLE('',#9844,11.964601774961);
#9844 = AXIS2_PLACEMENT_3D('',#9845,#9846,#9847);
#9845 = CARTESIAN_POINT('',(74.76250162194,0.,0.));
#9846 = DIRECTION('',(1.,0.,0.));
#9847 = DIRECTION('',(-0.,1.,0.));
#9848 = PCURVE('',#9801,#9849);
#9849 = DEFINITIONAL_REPRESENTATION('',(#9850),#9854);
#9850 = LINE('',#9851,#9852);
#9851 = CARTESIAN_POINT('',(0.,-3.840191497716E-03));
#9852 = VECTOR('',#9853,1.);
#9853 = DIRECTION('',(1.,-0.));
#9854 = ( GEOMETRIC_REPRESENTATION_CONTEXT(2) 
PARAMETRIC_REPRESENTATION_CONTEXT() REPRESENTATION_CONTEXT('2D SPACE',''
  ) );
#9855 = PCURVE('',#9856,#9861);
#9856 = CONICAL_SURFACE('',#9857,11.964601774961,1.551827900927);
#9857 = AXIS2_PLACEMENT_3D('',#9858,#9859,#9860);
#9858 = CARTESIAN_POINT('',(74.76250162194,0.,0.));
#9859 = DIRECTION('',(1.,0.,0.));
#9860 = DIRECTION('',(0.,1.,0.));
#9861 = DEFINITIONAL_REPRESENTATION('',(#9862),#9866);
#9862 = LINE('',#9863,#9864);
#9863 = CARTESIAN_POINT('',(0.,-0.));
#9864 = VECTOR('',#9865,1.);
#9865 = DIRECTION('',(1.,-0.));
#9866 = ( GEOMETRIC_REPRESENTATION_CONTEXT(2) 
PARAMETRIC_REPRESENTATION_CONTEXT() REPRESENTATION_CONTEXT('2D SPACE',''
  ) );
#9867 = ORIENTED_EDGE('',*,*,#9818,.F.);
#9868 = ADVANCED_FACE('',(#9869),#9856,.T.);
#9869 = FACE_BOUND('',#9870,.F.);
#9870 = EDGE_LOOP('',(#9871,#9872,#9895,#9922));
#9871 = ORIENTED_EDGE('',*,*,#9841,.T.);
#9872 = ORIENTED_EDGE('',*,*,#9873,.T.);
#9873 = EDGE_CURVE('',#9819,#9874,#9876,.T.);
#9874 = VERTEX_POINT('',#9875);
#9875 = CARTESIAN_POINT('',(74.758718673863,11.765191745379,0.));
#9876 = SEAM_CURVE('',#9877,(#9881,#9888),.PCURVE_S1.);
#9877 = LINE('',#9878,#9879);
#9878 = CARTESIAN_POINT('',(74.76250162194,11.964601774961,0.));
#9879 = VECTOR('',#9880,1.);
#9880 = DIRECTION('',(-1.896728841094E-02,-0.999820104804,0.));
#9881 = PCURVE('',#9856,#9882);
#9882 = DEFINITIONAL_REPRESENTATION('',(#9883),#9887);
#9883 = LINE('',#9884,#9885);
#9884 = CARTESIAN_POINT('',(0.,-0.));
#9885 = VECTOR('',#9886,1.);
#9886 = DIRECTION('',(0.,-1.));
#9887 = ( GEOMETRIC_REPRESENTATION_CONTEXT(2) 
PARAMETRIC_REPRESENTATION_CONTEXT() REPRESENTATION_CONTEXT('2D SPACE',''
  ) );
#9888 = PCURVE('',#9856,#9889);
#9889 = DEFINITIONAL_REPRESENTATION('',(#9890),#9894);
#9890 = LINE('',#9891,#9892);
#9891 = CARTESIAN_POINT('',(6.28318530718,-0.));
#9892 = VECTOR('',#9893,1.);
#9893 = DIRECTION('',(0.,-1.));
#9894 = ( GEOMETRIC_REPRESENTATION_CONTEXT(2) 
PARAMETRIC_REPRESENTATION_CONTEXT() REPRESENTATION_CONTEXT('2D SPACE',''
  ) );
#9895 = ORIENTED_EDGE('',*,*,#9896,.F.);
#9896 = EDGE_CURVE('',#9874,#9874,#9897,.T.);
#9897 = SURFACE_CURVE('',#9898,(#9903,#9910),.PCURVE_S1.);
#9898 = CIRCLE('',#9899,11.765191745379);
#9899 = AXIS2_PLACEMENT_3D('',#9900,#9901,#9902);
#9900 = CARTESIAN_POINT('',(74.758718673863,0.,0.));
#9901 = DIRECTION('',(1.,0.,0.));
#9902 = DIRECTION('',(-0.,1.,0.));
#9903 = PCURVE('',#9856,#9904);
#9904 = DEFINITIONAL_REPRESENTATION('',(#9905),#9909);
#9905 = LINE('',#9906,#9907);
#9906 = CARTESIAN_POINT('',(0.,-3.782948077315E-03));
#9907 = VECTOR('',#9908,1.);
#9908 = DIRECTION('',(1.,-0.));
#9909 = ( GEOMETRIC_REPRESENTATION_CONTEXT(2) 
PARAMETRIC_REPRESENTATION_CONTEXT() REPRESENTATION_CONTEXT('2D SPACE',''
  ) );
#9910 = PCURVE('',#9911,#9916);
#9911 = CONICAL_SURFACE('',#9912,11.765191745379,1.552116375469);
#9912 = AXIS2_PLACEMENT_3D('',#9913,#9914,#9915);
#9913 = CARTESIAN_POINT('',(74.758718673863,0.,0.));
#9914 = DIRECTION('',(1.,0.,0.));
#9915 = DIRECTION('',(0.,1.,0.));
#9916 = DEFINITIONAL_REPRESENTATION('',(#9917),#9921);
#9917 = LINE('',#9918,#9919);
#9918 = CARTESIAN_POINT('',(0.,-0.));
#9919 = VECTOR('',#9920,1.);
#9920 = DIRECTION('',(1.,-0.));
#9921 = ( GEOMETRIC_REPRESENTATION_CONTEXT(2) 
PARAMETRIC_REPRESENTATION_CONTEXT() REPRESENTATION_CONTEXT('2D SPACE',''
  ) );
#9922 = ORIENTED_EDGE('',*,*,#9873,.F.);
#9923 = ADVANCED_FACE('',(#9924),#9911,.T.);
#9924 = FACE_BOUND('',#9925,.F.);
#9925 = EDGE_LOOP('',(#9926,#9927,#9950,#9977));
#9926 = ORIENTED_EDGE('',*,*,#9896,.T.);
#9927 = ORIENTED_EDGE('',*,*,#9928,.T.);
#9928 = EDGE_CURVE('',#9874,#9929,#9931,.T.);
#9929 = VERTEX_POINT('',#9930);
#9930 = CARTESIAN_POINT('',(74.754993270892,11.565781715796,0.));
#9931 = SEAM_CURVE('',#9932,(#9936,#9943),.PCURVE_S1.);
#9932 = LINE('',#9933,#9934);
#9933 = CARTESIAN_POINT('',(74.758718673863,11.765191745379,0.));
#9934 = VECTOR('',#9935,1.);
#9935 = DIRECTION('',(-1.867886497948E-02,-0.999825534782,0.));
#9936 = PCURVE('',#9911,#9937);
#9937 = DEFINITIONAL_REPRESENTATION('',(#9938),#9942);
#9938 = LINE('',#9939,#9940);
#9939 = CARTESIAN_POINT('',(0.,-0.));
#9940 = VECTOR('',#9941,1.);
#9941 = DIRECTION('',(0.,-1.));
#9942 = ( GEOMETRIC_REPRESENTATION_CONTEXT(2) 
PARAMETRIC_REPRESENTATION_CONTEXT() REPRESENTATION_CONTEXT('2D SPACE',''
  ) );
#9943 = PCURVE('',#9911,#9944);
#9944 = DEFINITIONAL_REPRESENTATION('',(#9945),#9949);
#9945 = LINE('',#9946,#9947);
#9946 = CARTESIAN_POINT('',(6.28318530718,-0.));
#9947 = VECTOR('',#9948,1.);
#9948 = DIRECTION('',(0.,-1.));
#9949 = ( GEOMETRIC_REPRESENTATION_CONTEXT(2) 
PARAMETRIC_REPRESENTATION_CONTEXT() REPRESENTATION_CONTEXT('2D SPACE',''
  ) );
#9950 = ORIENTED_EDGE('',*,*,#9951,.F.);
#9951 = EDGE_CURVE('',#9929,#9929,#9952,.T.);
#9952 = SURFACE_CURVE('',#9953,(#9958,#9965),.PCURVE_S1.);
#9953 = CIRCLE('',#9954,11.565781715796);
#9954 = AXIS2_PLACEMENT_3D('',#9955,#9956,#9957);
#9955 = CARTESIAN_POINT('',(74.754993270892,0.,0.));
#9956 = DIRECTION('',(1.,0.,0.));
#9957 = DIRECTION('',(-0.,1.,0.));
#9958 = PCURVE('',#9911,#9959);
#9959 = DEFINITIONAL_REPRESENTATION('',(#9960),#9964);
#9960 = LINE('',#9961,#9962);
#9961 = CARTESIAN_POINT('',(0.,-3.725402971369E-03));
#9962 = VECTOR('',#9963,1.);
#9963 = DIRECTION('',(1.,-0.));
#9964 = ( GEOMETRIC_REPRESENTATION_CONTEXT(2) 
PARAMETRIC_REPRESENTATION_CONTEXT() REPRESENTATION_CONTEXT('2D SPACE',''
  ) );
#9965 = PCURVE('',#9966,#9971);
#9966 = CONICAL_SURFACE('',#9967,11.565781715796,1.552406344156);
#9967 = AXIS2_PLACEMENT_3D('',#9968,#9969,#9970);
#9968 = CARTESIAN_POINT('',(74.754993270892,0.,0.));
#9969 = DIRECTION('',(1.,0.,0.));
#9970 = DIRECTION('',(0.,1.,0.));
#9971 = DEFINITIONAL_REPRESENTATION('',(#9972),#9976);
#9972 = LINE('',#9973,#9974);
#9973 = CARTESIAN_POINT('',(0.,-0.));
#9974 = VECTOR('',#9975,1.);
#9975 = DIRECTION('',(1.,-0.));
#9976 = ( GEOMETRIC_REPRESENTATION_CONTEXT(2) 
PARAMETRIC_REPRESENTATION_CONTEXT() REPRESENTATION_CONTEXT('2D SPACE',''
  ) );
#9977 = ORIENTED_EDGE('',*,*,#9928,.F.);
#9978 = ADVANCED_FACE('',(#9979),#9966,.T.);
#9979 = FACE_BOUND('',#9980,.F.);
#9980 = EDGE_LOOP('',(#9981,#9982,#10005,#10032));
#9981 = ORIENTED_EDGE('',*,*,#9951,.T.);
#9982 = ORIENTED_EDGE('',*,*,#9983,.T.);
#9983 = EDGE_CURVE('',#9929,#9984,#9986,.T.);
#9984 = VERTEX_POINT('',#9985);
#9985 = CARTESIAN_POINT('',(74.751325710454,11.366371686213,0.));
#9986 = SEAM_CURVE('',#9987,(#9991,#9998),.PCURVE_S1.);
#9987 = LINE('',#9988,#9989);
#9988 = CARTESIAN_POINT('',(74.754993270892,11.565781715796,0.));
#9989 = VECTOR('',#9990,1.);
#9990 = DIRECTION('',(-1.838894610096E-02,-0.999830909035,0.));
#9991 = PCURVE('',#9966,#9992);
#9992 = DEFINITIONAL_REPRESENTATION('',(#9993),#9997);
#9993 = LINE('',#9994,#9995);
#9994 = CARTESIAN_POINT('',(0.,-0.));
#9995 = VECTOR('',#9996,1.);
#9996 = DIRECTION('',(0.,-1.));
#9997 = ( GEOMETRIC_REPRESENTATION_CONTEXT(2) 
PARAMETRIC_REPRESENTATION_CONTEXT() REPRESENTATION_CONTEXT('2D SPACE',''
  ) );
#9998 = PCURVE('',#9966,#9999);
#9999 = DEFINITIONAL_REPRESENTATION('',(#10000),#10004);
#10000 = LINE('',#10001,#10002);
#10001 = CARTESIAN_POINT('',(6.28318530718,-0.));
#10002 = VECTOR('',#10003,1.);
#10003 = DIRECTION('',(0.,-1.));
#10004 = ( GEOMETRIC_REPRESENTATION_CONTEXT(2) 
PARAMETRIC_REPRESENTATION_CONTEXT() REPRESENTATION_CONTEXT('2D SPACE',''
  ) );
#10005 = ORIENTED_EDGE('',*,*,#10006,.F.);
#10006 = EDGE_CURVE('',#9984,#9984,#10007,.T.);
#10007 = SURFACE_CURVE('',#10008,(#10013,#10020),.PCURVE_S1.);
#10008 = CIRCLE('',#10009,11.366371686213);
#10009 = AXIS2_PLACEMENT_3D('',#10010,#10011,#10012);
#10010 = CARTESIAN_POINT('',(74.751325710454,0.,0.));
#10011 = DIRECTION('',(1.,0.,0.));
#10012 = DIRECTION('',(-0.,1.,0.));
#10013 = PCURVE('',#9966,#10014);
#10014 = DEFINITIONAL_REPRESENTATION('',(#10015),#10019);
#10015 = LINE('',#10016,#10017);
#10016 = CARTESIAN_POINT('',(0.,-3.667560437322E-03));
#10017 = VECTOR('',#10018,1.);
#10018 = DIRECTION('',(1.,-0.));
#10019 = ( GEOMETRIC_REPRESENTATION_CONTEXT(2) 
PARAMETRIC_REPRESENTATION_CONTEXT() REPRESENTATION_CONTEXT('2D SPACE',''
  ) );
#10020 = PCURVE('',#10021,#10026);
#10021 = CONICAL_SURFACE('',#10022,11.366371686213,1.552697785446);
#10022 = AXIS2_PLACEMENT_3D('',#10023,#10024,#10025);
#10023 = CARTESIAN_POINT('',(74.751325710454,0.,0.));
#10024 = DIRECTION('',(1.,0.,0.));
#10025 = DIRECTION('',(0.,1.,0.));
#10026 = DEFINITIONAL_REPRESENTATION('',(#10027),#10031);
#10027 = LINE('',#10028,#10029);
#10028 = CARTESIAN_POINT('',(0.,-0.));
#10029 = VECTOR('',#10030,1.);
#10030 = DIRECTION('',(1.,-0.));
#10031 = ( GEOMETRIC_REPRESENTATION_CONTEXT(2) 
PARAMETRIC_REPRESENTATION_CONTEXT() REPRESENTATION_CONTEXT('2D SPACE',''
  ) );
#10032 = ORIENTED_EDGE('',*,*,#9983,.F.);
#10033 = ADVANCED_FACE('',(#10034),#10021,.T.);
#10034 = FACE_BOUND('',#10035,.F.);
#10035 = EDGE_LOOP('',(#10036,#10037,#10060,#10087));
#10036 = ORIENTED_EDGE('',*,*,#10006,.T.);
#10037 = ORIENTED_EDGE('',*,*,#10038,.T.);
#10038 = EDGE_CURVE('',#9984,#10039,#10041,.T.);
#10039 = VERTEX_POINT('',#10040);
#10040 = CARTESIAN_POINT('',(74.747716285682,11.166961656631,0.));
#10041 = SEAM_CURVE('',#10042,(#10046,#10053),.PCURVE_S1.);
#10042 = LINE('',#10043,#10044);
#10043 = CARTESIAN_POINT('',(74.751325710454,11.366371686213,0.));
#10044 = VECTOR('',#10045,1.);
#10045 = DIRECTION('',(-1.809755331339E-02,-0.999836225871,0.));
#10046 = PCURVE('',#10021,#10047);
#10047 = DEFINITIONAL_REPRESENTATION('',(#10048),#10052);
#10048 = LINE('',#10049,#10050);
#10049 = CARTESIAN_POINT('',(0.,-0.));
#10050 = VECTOR('',#10051,1.);
#10051 = DIRECTION('',(0.,-1.));
#10052 = ( GEOMETRIC_REPRESENTATION_CONTEXT(2) 
PARAMETRIC_REPRESENTATION_CONTEXT() REPRESENTATION_CONTEXT('2D SPACE',''
  ) );
#10053 = PCURVE('',#10021,#10054);
#10054 = DEFINITIONAL_REPRESENTATION('',(#10055),#10059);
#10055 = LINE('',#10056,#10057);
#10056 = CARTESIAN_POINT('',(6.28318530718,-0.));
#10057 = VECTOR('',#10058,1.);
#10058 = DIRECTION('',(0.,-1.));
#10059 = ( GEOMETRIC_REPRESENTATION_CONTEXT(2) 
PARAMETRIC_REPRESENTATION_CONTEXT() REPRESENTATION_CONTEXT('2D SPACE',''
  ) );
#10060 = ORIENTED_EDGE('',*,*,#10061,.F.);
#10061 = EDGE_CURVE('',#10039,#10039,#10062,.T.);
#10062 = SURFACE_CURVE('',#10063,(#10068,#10075),.PCURVE_S1.);
#10063 = CIRCLE('',#10064,11.166961656631);
#10064 = AXIS2_PLACEMENT_3D('',#10065,#10066,#10067);
#10065 = CARTESIAN_POINT('',(74.747716285682,0.,0.));
#10066 = DIRECTION('',(1.,0.,0.));
#10067 = DIRECTION('',(-0.,1.,0.));
#10068 = PCURVE('',#10021,#10069);
#10069 = DEFINITIONAL_REPRESENTATION('',(#10070),#10074);
#10070 = LINE('',#10071,#10072);
#10071 = CARTESIAN_POINT('',(0.,-3.609424771994E-03));
#10072 = VECTOR('',#10073,1.);
#10073 = DIRECTION('',(1.,-0.));
#10074 = ( GEOMETRIC_REPRESENTATION_CONTEXT(2) 
PARAMETRIC_REPRESENTATION_CONTEXT() REPRESENTATION_CONTEXT('2D SPACE',''
  ) );
#10075 = PCURVE('',#10076,#10081);
#10076 = CONICAL_SURFACE('',#10077,11.166961656631,1.552990677602);
#10077 = AXIS2_PLACEMENT_3D('',#10078,#10079,#10080);
#10078 = CARTESIAN_POINT('',(74.747716285682,0.,0.));
#10079 = DIRECTION('',(1.,0.,0.));
#10080 = DIRECTION('',(0.,1.,0.));
#10081 = DEFINITIONAL_REPRESENTATION('',(#10082),#10086);
#10082 = LINE('',#10083,#10084);
#10083 = CARTESIAN_POINT('',(0.,-0.));
#10084 = VECTOR('',#10085,1.);
#10085 = DIRECTION('',(1.,-0.));
#10086 = ( GEOMETRIC_REPRESENTATION_CONTEXT(2) 
PARAMETRIC_REPRESENTATION_CONTEXT() REPRESENTATION_CONTEXT('2D SPACE',''
  ) );
#10087 = ORIENTED_EDGE('',*,*,#10038,.F.);
#10088 = ADVANCED_FACE('',(#10089),#10076,.T.);
#10089 = FACE_BOUND('',#10090,.F.);
#10090 = EDGE_LOOP('',(#10091,#10092,#10115,#10142));
#10091 = ORIENTED_EDGE('',*,*,#10061,.T.);
#10092 = ORIENTED_EDGE('',*,*,#10093,.T.);
#10093 = EDGE_CURVE('',#10039,#10094,#10096,.T.);
#10094 = VERTEX_POINT('',#10095);
#10095 = CARTESIAN_POINT('',(74.744165285371,10.967551627048,0.));
#10096 = SEAM_CURVE('',#10097,(#10101,#10108),.PCURVE_S1.);
#10097 = LINE('',#10098,#10099);
#10098 = CARTESIAN_POINT('',(74.747716285682,11.166961656631,0.));
#10099 = VECTOR('',#10100,1.);
#10100 = DIRECTION('',(-1.780470835433E-02,-0.999841483616,0.));
#10101 = PCURVE('',#10076,#10102);
#10102 = DEFINITIONAL_REPRESENTATION('',(#10103),#10107);
#10103 = LINE('',#10104,#10105);
#10104 = CARTESIAN_POINT('',(0.,-0.));
#10105 = VECTOR('',#10106,1.);
#10106 = DIRECTION('',(0.,-1.));
#10107 = ( GEOMETRIC_REPRESENTATION_CONTEXT(2) 
PARAMETRIC_REPRESENTATION_CONTEXT() REPRESENTATION_CONTEXT('2D SPACE',''
  ) );
#10108 = PCURVE('',#10076,#10109);
#10109 = DEFINITIONAL_REPRESENTATION('',(#10110),#10114);
#10110 = LINE('',#10111,#10112);
#10111 = CARTESIAN_POINT('',(6.28318530718,-0.));
#10112 = VECTOR('',#10113,1.);
#10113 = DIRECTION('',(0.,-1.));
#10114 = ( GEOMETRIC_REPRESENTATION_CONTEXT(2) 
PARAMETRIC_REPRESENTATION_CONTEXT() REPRESENTATION_CONTEXT('2D SPACE',''
  ) );
#10115 = ORIENTED_EDGE('',*,*,#10116,.F.);
#10116 = EDGE_CURVE('',#10094,#10094,#10117,.T.);
#10117 = SURFACE_CURVE('',#10118,(#10123,#10130),.PCURVE_S1.);
#10118 = CIRCLE('',#10119,10.967551627048);
#10119 = AXIS2_PLACEMENT_3D('',#10120,#10121,#10122);
#10120 = CARTESIAN_POINT('',(74.744165285371,0.,0.));
#10121 = DIRECTION('',(1.,0.,0.));
#10122 = DIRECTION('',(-0.,1.,0.));
#10123 = PCURVE('',#10076,#10124);
#10124 = DEFINITIONAL_REPRESENTATION('',(#10125),#10129);
#10125 = LINE('',#10126,#10127);
#10126 = CARTESIAN_POINT('',(0.,-3.551000311376E-03));
#10127 = VECTOR('',#10128,1.);
#10128 = DIRECTION('',(1.,-0.));
#10129 = ( GEOMETRIC_REPRESENTATION_CONTEXT(2) 
PARAMETRIC_REPRESENTATION_CONTEXT() REPRESENTATION_CONTEXT('2D SPACE',''
  ) );
#10130 = PCURVE('',#10131,#10136);
#10131 = CONICAL_SURFACE('',#10132,10.967551627048,1.553284998686);
#10132 = AXIS2_PLACEMENT_3D('',#10133,#10134,#10135);
#10133 = CARTESIAN_POINT('',(74.744165285371,0.,0.));
#10134 = DIRECTION('',(1.,0.,0.));
#10135 = DIRECTION('',(0.,1.,0.));
#10136 = DEFINITIONAL_REPRESENTATION('',(#10137),#10141);
#10137 = LINE('',#10138,#10139);
#10138 = CARTESIAN_POINT('',(0.,-0.));
#10139 = VECTOR('',#10140,1.);
#10140 = DIRECTION('',(1.,-0.));
#10141 = ( GEOMETRIC_REPRESENTATION_CONTEXT(2) 
PARAMETRIC_REPRESENTATION_CONTEXT() REPRESENTATION_CONTEXT('2D SPACE',''
  ) );
#10142 = ORIENTED_EDGE('',*,*,#10093,.F.);
#10143 = ADVANCED_FACE('',(#10144),#10131,.T.);
#10144 = FACE_BOUND('',#10145,.F.);
#10145 = EDGE_LOOP('',(#10146,#10147,#10170,#10197));
#10146 = ORIENTED_EDGE('',*,*,#10116,.T.);
#10147 = ORIENTED_EDGE('',*,*,#10148,.T.);
#10148 = EDGE_CURVE('',#10094,#10149,#10151,.T.);
#10149 = VERTEX_POINT('',#10150);
#10150 = CARTESIAN_POINT('',(74.740672993941,10.768141597465,0.));
#10151 = SEAM_CURVE('',#10152,(#10156,#10163),.PCURVE_S1.);
#10152 = LINE('',#10153,#10154);
#10153 = CARTESIAN_POINT('',(74.744165285371,10.967551627048,0.));
#10154 = VECTOR('',#10155,1.);
#10155 = DIRECTION('',(-1.751043315725E-02,-0.999846680612,0.));
#10156 = PCURVE('',#10131,#10157);
#10157 = DEFINITIONAL_REPRESENTATION('',(#10158),#10162);
#10158 = LINE('',#10159,#10160);
#10159 = CARTESIAN_POINT('',(0.,-0.));
#10160 = VECTOR('',#10161,1.);
#10161 = DIRECTION('',(0.,-1.));
#10162 = ( GEOMETRIC_REPRESENTATION_CONTEXT(2) 
PARAMETRIC_REPRESENTATION_CONTEXT() REPRESENTATION_CONTEXT('2D SPACE',''
  ) );
#10163 = PCURVE('',#10131,#10164);
#10164 = DEFINITIONAL_REPRESENTATION('',(#10165),#10169);
#10165 = LINE('',#10166,#10167);
#10166 = CARTESIAN_POINT('',(6.28318530718,-0.));
#10167 = VECTOR('',#10168,1.);
#10168 = DIRECTION('',(0.,-1.));
#10169 = ( GEOMETRIC_REPRESENTATION_CONTEXT(2) 
PARAMETRIC_REPRESENTATION_CONTEXT() REPRESENTATION_CONTEXT('2D SPACE',''
  ) );
#10170 = ORIENTED_EDGE('',*,*,#10171,.F.);
#10171 = EDGE_CURVE('',#10149,#10149,#10172,.T.);
#10172 = SURFACE_CURVE('',#10173,(#10178,#10185),.PCURVE_S1.);
#10173 = CIRCLE('',#10174,10.768141597465);
#10174 = AXIS2_PLACEMENT_3D('',#10175,#10176,#10177);
#10175 = CARTESIAN_POINT('',(74.740672993941,0.,0.));
#10176 = DIRECTION('',(1.,0.,0.));
#10177 = DIRECTION('',(-0.,1.,0.));
#10178 = PCURVE('',#10131,#10179);
#10179 = DEFINITIONAL_REPRESENTATION('',(#10180),#10184);
#10180 = LINE('',#10181,#10182);
#10181 = CARTESIAN_POINT('',(0.,-3.492291429879E-03));
#10182 = VECTOR('',#10183,1.);
#10183 = DIRECTION('',(1.,-0.));
#10184 = ( GEOMETRIC_REPRESENTATION_CONTEXT(2) 
PARAMETRIC_REPRESENTATION_CONTEXT() REPRESENTATION_CONTEXT('2D SPACE',''
  ) );
#10185 = PCURVE('',#10186,#10191);
#10186 = CONICAL_SURFACE('',#10187,10.768141597465,1.553580726574);
#10187 = AXIS2_PLACEMENT_3D('',#10188,#10189,#10190);
#10188 = CARTESIAN_POINT('',(74.740672993941,0.,0.));
#10189 = DIRECTION('',(1.,0.,0.));
#10190 = DIRECTION('',(0.,1.,0.));
#10191 = DEFINITIONAL_REPRESENTATION('',(#10192),#10196);
#10192 = LINE('',#10193,#10194);
#10193 = CARTESIAN_POINT('',(0.,-0.));
#10194 = VECTOR('',#10195,1.);
#10195 = DIRECTION('',(1.,-0.));
#10196 = ( GEOMETRIC_REPRESENTATION_CONTEXT(2) 
PARAMETRIC_REPRESENTATION_CONTEXT() REPRESENTATION_CONTEXT('2D SPACE',''
  ) );
#10197 = ORIENTED_EDGE('',*,*,#10148,.F.);
#10198 = ADVANCED_FACE('',(#10199),#10186,.T.);
#10199 = FACE_BOUND('',#10200,.F.);
#10200 = EDGE_LOOP('',(#10201,#10202,#10225,#10252));
#10201 = ORIENTED_EDGE('',*,*,#10171,.T.);
#10202 = ORIENTED_EDGE('',*,*,#10203,.T.);
#10203 = EDGE_CURVE('',#10149,#10204,#10206,.T.);
#10204 = VERTEX_POINT('',#10205);
#10205 = CARTESIAN_POINT('',(74.737239691401,10.568731567882,0.));
#10206 = SEAM_CURVE('',#10207,(#10211,#10218),.PCURVE_S1.);
#10207 = LINE('',#10208,#10209);
#10208 = CARTESIAN_POINT('',(74.740672993941,10.768141597465,0.));
#10209 = VECTOR('',#10210,1.);
#10210 = DIRECTION('',(-1.721474984906E-02,-0.999851815214,0.));
#10211 = PCURVE('',#10186,#10212);
#10212 = DEFINITIONAL_REPRESENTATION('',(#10213),#10217);
#10213 = LINE('',#10214,#10215);
#10214 = CARTESIAN_POINT('',(0.,-0.));
#10215 = VECTOR('',#10216,1.);
#10216 = DIRECTION('',(0.,-1.));
#10217 = ( GEOMETRIC_REPRESENTATION_CONTEXT(2) 
PARAMETRIC_REPRESENTATION_CONTEXT() REPRESENTATION_CONTEXT('2D SPACE',''
  ) );
#10218 = PCURVE('',#10186,#10219);
#10219 = DEFINITIONAL_REPRESENTATION('',(#10220),#10224);
#10220 = LINE('',#10221,#10222);
#10221 = CARTESIAN_POINT('',(6.28318530718,-0.));
#10222 = VECTOR('',#10223,1.);
#10223 = DIRECTION('',(0.,-1.));
#10224 = ( GEOMETRIC_REPRESENTATION_CONTEXT(2) 
PARAMETRIC_REPRESENTATION_CONTEXT() REPRESENTATION_CONTEXT('2D SPACE',''
  ) );
#10225 = ORIENTED_EDGE('',*,*,#10226,.F.);
#10226 = EDGE_CURVE('',#10204,#10204,#10227,.T.);
#10227 = SURFACE_CURVE('',#10228,(#10233,#10240),.PCURVE_S1.);
#10228 = CIRCLE('',#10229,10.568731567882);
#10229 = AXIS2_PLACEMENT_3D('',#10230,#10231,#10232);
#10230 = CARTESIAN_POINT('',(74.737239691401,0.,0.));
#10231 = DIRECTION('',(1.,0.,0.));
#10232 = DIRECTION('',(-0.,1.,0.));
#10233 = PCURVE('',#10186,#10234);
#10234 = DEFINITIONAL_REPRESENTATION('',(#10235),#10239);
#10235 = LINE('',#10236,#10237);
#10236 = CARTESIAN_POINT('',(0.,-3.433302539861E-03));
#10237 = VECTOR('',#10238,1.);
#10238 = DIRECTION('',(1.,-0.));
#10239 = ( GEOMETRIC_REPRESENTATION_CONTEXT(2) 
PARAMETRIC_REPRESENTATION_CONTEXT() REPRESENTATION_CONTEXT('2D SPACE',''
  ) );
#10240 = PCURVE('',#10241,#10246);
#10241 = CONICAL_SURFACE('',#10242,10.568731567882,1.553877838947);
#10242 = AXIS2_PLACEMENT_3D('',#10243,#10244,#10245);
#10243 = CARTESIAN_POINT('',(74.737239691401,0.,0.));
#10244 = DIRECTION('',(1.,0.,0.));
#10245 = DIRECTION('',(0.,1.,0.));
#10246 = DEFINITIONAL_REPRESENTATION('',(#10247),#10251);
#10247 = LINE('',#10248,#10249);
#10248 = CARTESIAN_POINT('',(0.,-0.));
#10249 = VECTOR('',#10250,1.);
#10250 = DIRECTION('',(1.,-0.));
#10251 = ( GEOMETRIC_REPRESENTATION_CONTEXT(2) 
PARAMETRIC_REPRESENTATION_CONTEXT() REPRESENTATION_CONTEXT('2D SPACE',''
  ) );
#10252 = ORIENTED_EDGE('',*,*,#10203,.F.);
#10253 = ADVANCED_FACE('',(#10254),#10241,.T.);
#10254 = FACE_BOUND('',#10255,.F.);
#10255 = EDGE_LOOP('',(#10256,#10257,#10280,#10307));
#10256 = ORIENTED_EDGE('',*,*,#10226,.T.);
#10257 = ORIENTED_EDGE('',*,*,#10258,.T.);
#10258 = EDGE_CURVE('',#10204,#10259,#10261,.T.);
#10259 = VERTEX_POINT('',#10260);
#10260 = CARTESIAN_POINT('',(74.73386565331,10.3693215383,0.));
#10261 = SEAM_CURVE('',#10262,(#10266,#10273),.PCURVE_S1.);
#10262 = LINE('',#10263,#10264);
#10263 = CARTESIAN_POINT('',(74.737239691401,10.568731567882,0.));
#10264 = VECTOR('',#10265,1.);
#10265 = DIRECTION('',(-1.691768074785E-02,-0.999856885798,0.));
#10266 = PCURVE('',#10241,#10267);
#10267 = DEFINITIONAL_REPRESENTATION('',(#10268),#10272);
#10268 = LINE('',#10269,#10270);
#10269 = CARTESIAN_POINT('',(0.,-0.));
#10270 = VECTOR('',#10271,1.);
#10271 = DIRECTION('',(0.,-1.));
#10272 = ( GEOMETRIC_REPRESENTATION_CONTEXT(2) 
PARAMETRIC_REPRESENTATION_CONTEXT() REPRESENTATION_CONTEXT('2D SPACE',''
  ) );
#10273 = PCURVE('',#10241,#10274);
#10274 = DEFINITIONAL_REPRESENTATION('',(#10275),#10279);
#10275 = LINE('',#10276,#10277);
#10276 = CARTESIAN_POINT('',(6.28318530718,-0.));
#10277 = VECTOR('',#10278,1.);
#10278 = DIRECTION('',(0.,-1.));
#10279 = ( GEOMETRIC_REPRESENTATION_CONTEXT(2) 
PARAMETRIC_REPRESENTATION_CONTEXT() REPRESENTATION_CONTEXT('2D SPACE',''
  ) );
#10280 = ORIENTED_EDGE('',*,*,#10281,.F.);
#10281 = EDGE_CURVE('',#10259,#10259,#10282,.T.);
#10282 = SURFACE_CURVE('',#10283,(#10288,#10295),.PCURVE_S1.);
#10283 = CIRCLE('',#10284,10.3693215383);
#10284 = AXIS2_PLACEMENT_3D('',#10285,#10286,#10287);
#10285 = CARTESIAN_POINT('',(74.73386565331,0.,0.));
#10286 = DIRECTION('',(1.,0.,0.));
#10287 = DIRECTION('',(-0.,1.,0.));
#10288 = PCURVE('',#10241,#10289);
#10289 = DEFINITIONAL_REPRESENTATION('',(#10290),#10294);
#10290 = LINE('',#10291,#10292);
#10291 = CARTESIAN_POINT('',(0.,-3.374038091167E-03));
#10292 = VECTOR('',#10293,1.);
#10293 = DIRECTION('',(1.,-0.));
#10294 = ( GEOMETRIC_REPRESENTATION_CONTEXT(2) 
PARAMETRIC_REPRESENTATION_CONTEXT() REPRESENTATION_CONTEXT('2D SPACE',''
  ) );
#10295 = PCURVE('',#10296,#10301);
#10296 = CONICAL_SURFACE('',#10297,10.3693215383,1.554176313303);
#10297 = AXIS2_PLACEMENT_3D('',#10298,#10299,#10300);
#10298 = CARTESIAN_POINT('',(74.73386565331,0.,0.));
#10299 = DIRECTION('',(1.,0.,0.));
#10300 = DIRECTION('',(0.,1.,0.));
#10301 = DEFINITIONAL_REPRESENTATION('',(#10302),#10306);
#10302 = LINE('',#10303,#10304);
#10303 = CARTESIAN_POINT('',(0.,-0.));
#10304 = VECTOR('',#10305,1.);
#10305 = DIRECTION('',(1.,-0.));
#10306 = ( GEOMETRIC_REPRESENTATION_CONTEXT(2) 
PARAMETRIC_REPRESENTATION_CONTEXT() REPRESENTATION_CONTEXT('2D SPACE',''
  ) );
#10307 = ORIENTED_EDGE('',*,*,#10258,.F.);
#10308 = ADVANCED_FACE('',(#10309),#10296,.T.);
#10309 = FACE_BOUND('',#10310,.F.);
#10310 = EDGE_LOOP('',(#10311,#10312,#10335,#10362));
#10311 = ORIENTED_EDGE('',*,*,#10281,.T.);
#10312 = ORIENTED_EDGE('',*,*,#10313,.T.);
#10313 = EDGE_CURVE('',#10259,#10314,#10316,.T.);
#10314 = VERTEX_POINT('',#10315);
#10315 = CARTESIAN_POINT('',(74.73055115074,10.169911508717,0.));
#10316 = SEAM_CURVE('',#10317,(#10321,#10328),.PCURVE_S1.);
#10317 = LINE('',#10318,#10319);
#10318 = CARTESIAN_POINT('',(74.73386565331,10.3693215383,0.));
#10319 = VECTOR('',#10320,1.);
#10320 = DIRECTION('',(-1.66192483593E-02,-0.999861890755,0.));
#10321 = PCURVE('',#10296,#10322);
#10322 = DEFINITIONAL_REPRESENTATION('',(#10323),#10327);
#10323 = LINE('',#10324,#10325);
#10324 = CARTESIAN_POINT('',(0.,-0.));
#10325 = VECTOR('',#10326,1.);
#10326 = DIRECTION('',(0.,-1.));
#10327 = ( GEOMETRIC_REPRESENTATION_CONTEXT(2) 
PARAMETRIC_REPRESENTATION_CONTEXT() REPRESENTATION_CONTEXT('2D SPACE',''
  ) );
#10328 = PCURVE('',#10296,#10329);
#10329 = DEFINITIONAL_REPRESENTATION('',(#10330),#10334);
#10330 = LINE('',#10331,#10332);
#10331 = CARTESIAN_POINT('',(6.28318530718,-0.));
#10332 = VECTOR('',#10333,1.);
#10333 = DIRECTION('',(0.,-1.));
#10334 = ( GEOMETRIC_REPRESENTATION_CONTEXT(2) 
PARAMETRIC_REPRESENTATION_CONTEXT() REPRESENTATION_CONTEXT('2D SPACE',''
  ) );
#10335 = ORIENTED_EDGE('',*,*,#10336,.F.);
#10336 = EDGE_CURVE('',#10314,#10314,#10337,.T.);
#10337 = SURFACE_CURVE('',#10338,(#10343,#10350),.PCURVE_S1.);
#10338 = CIRCLE('',#10339,10.169911508717);
#10339 = AXIS2_PLACEMENT_3D('',#10340,#10341,#10342);
#10340 = CARTESIAN_POINT('',(74.73055115074,0.,0.));
#10341 = DIRECTION('',(1.,0.,0.));
#10342 = DIRECTION('',(-0.,1.,0.));
#10343 = PCURVE('',#10296,#10344);
#10344 = DEFINITIONAL_REPRESENTATION('',(#10345),#10349);
#10345 = LINE('',#10346,#10347);
#10346 = CARTESIAN_POINT('',(0.,-3.314502570419E-03));
#10347 = VECTOR('',#10348,1.);
#10348 = DIRECTION('',(1.,-0.));
#10349 = ( GEOMETRIC_REPRESENTATION_CONTEXT(2) 
PARAMETRIC_REPRESENTATION_CONTEXT() REPRESENTATION_CONTEXT('2D SPACE',''
  ) );
#10350 = PCURVE('',#10351,#10356);
#10351 = CONICAL_SURFACE('',#10352,10.169911508717,1.554476126952);
#10352 = AXIS2_PLACEMENT_3D('',#10353,#10354,#10355);
#10353 = CARTESIAN_POINT('',(74.73055115074,0.,0.));
#10354 = DIRECTION('',(1.,0.,0.));
#10355 = DIRECTION('',(0.,1.,0.));
#10356 = DEFINITIONAL_REPRESENTATION('',(#10357),#10361);
#10357 = LINE('',#10358,#10359);
#10358 = CARTESIAN_POINT('',(0.,-0.));
#10359 = VECTOR('',#10360,1.);
#10360 = DIRECTION('',(1.,-0.));
#10361 = ( GEOMETRIC_REPRESENTATION_CONTEXT(2) 
PARAMETRIC_REPRESENTATION_CONTEXT() REPRESENTATION_CONTEXT('2D SPACE',''
  ) );
#10362 = ORIENTED_EDGE('',*,*,#10313,.F.);
#10363 = ADVANCED_FACE('',(#10364),#10351,.T.);
#10364 = FACE_BOUND('',#10365,.F.);
#10365 = EDGE_LOOP('',(#10366,#10367,#10390,#10417));
#10366 = ORIENTED_EDGE('',*,*,#10336,.T.);
#10367 = ORIENTED_EDGE('',*,*,#10368,.T.);
#10368 = EDGE_CURVE('',#10314,#10369,#10371,.T.);
#10369 = VERTEX_POINT('',#10370);
#10370 = CARTESIAN_POINT('',(74.727296450239,9.970501479134,0.));
#10371 = SEAM_CURVE('',#10372,(#10376,#10383),.PCURVE_S1.);
#10372 = LINE('',#10373,#10374);
#10373 = CARTESIAN_POINT('',(74.73055115074,10.169911508717,0.));
#10374 = VECTOR('',#10375,1.);
#10375 = DIRECTION('',(-1.631947537418E-02,-0.999866828494,0.));
#10376 = PCURVE('',#10351,#10377);
#10377 = DEFINITIONAL_REPRESENTATION('',(#10378),#10382);
#10378 = LINE('',#10379,#10380);
#10379 = CARTESIAN_POINT('',(0.,-0.));
#10380 = VECTOR('',#10381,1.);
#10381 = DIRECTION('',(0.,-1.));
#10382 = ( GEOMETRIC_REPRESENTATION_CONTEXT(2) 
PARAMETRIC_REPRESENTATION_CONTEXT() REPRESENTATION_CONTEXT('2D SPACE',''
  ) );
#10383 = PCURVE('',#10351,#10384);
#10384 = DEFINITIONAL_REPRESENTATION('',(#10385),#10389);
#10385 = LINE('',#10386,#10387);
#10386 = CARTESIAN_POINT('',(6.28318530718,-0.));
#10387 = VECTOR('',#10388,1.);
#10388 = DIRECTION('',(0.,-1.));
#10389 = ( GEOMETRIC_REPRESENTATION_CONTEXT(2) 
PARAMETRIC_REPRESENTATION_CONTEXT() REPRESENTATION_CONTEXT('2D SPACE',''
  ) );
#10390 = ORIENTED_EDGE('',*,*,#10391,.F.);
#10391 = EDGE_CURVE('',#10369,#10369,#10392,.T.);
#10392 = SURFACE_CURVE('',#10393,(#10398,#10405),.PCURVE_S1.);
#10393 = CIRCLE('',#10394,9.970501479134);
#10394 = AXIS2_PLACEMENT_3D('',#10395,#10396,#10397);
#10395 = CARTESIAN_POINT('',(74.727296450239,0.,0.));
#10396 = DIRECTION('',(1.,0.,0.));
#10397 = DIRECTION('',(-0.,1.,0.));
#10398 = PCURVE('',#10351,#10399);
#10399 = DEFINITIONAL_REPRESENTATION('',(#10400),#10404);
#10400 = LINE('',#10401,#10402);
#10401 = CARTESIAN_POINT('',(0.,-3.254700500506E-03));
#10402 = VECTOR('',#10403,1.);
#10403 = DIRECTION('',(1.,-0.));
#10404 = ( GEOMETRIC_REPRESENTATION_CONTEXT(2) 
PARAMETRIC_REPRESENTATION_CONTEXT() REPRESENTATION_CONTEXT('2D SPACE',''
  ) );
#10405 = PCURVE('',#10406,#10411);
#10406 = CONICAL_SURFACE('',#10407,9.970501479134,1.554777257027);
#10407 = AXIS2_PLACEMENT_3D('',#10408,#10409,#10410);
#10408 = CARTESIAN_POINT('',(74.727296450239,0.,0.));
#10409 = DIRECTION('',(1.,0.,0.));
#10410 = DIRECTION('',(0.,1.,0.));
#10411 = DEFINITIONAL_REPRESENTATION('',(#10412),#10416);
#10412 = LINE('',#10413,#10414);
#10413 = CARTESIAN_POINT('',(0.,-0.));
#10414 = VECTOR('',#10415,1.);
#10415 = DIRECTION('',(1.,-0.));
#10416 = ( GEOMETRIC_REPRESENTATION_CONTEXT(2) 
PARAMETRIC_REPRESENTATION_CONTEXT() REPRESENTATION_CONTEXT('2D SPACE',''
  ) );
#10417 = ORIENTED_EDGE('',*,*,#10368,.F.);
#10418 = ADVANCED_FACE('',(#10419),#10406,.T.);
#10419 = FACE_BOUND('',#10420,.F.);
#10420 = EDGE_LOOP('',(#10421,#10422,#10445,#10472));
#10421 = ORIENTED_EDGE('',*,*,#10391,.T.);
#10422 = ORIENTED_EDGE('',*,*,#10423,.T.);
#10423 = EDGE_CURVE('',#10369,#10424,#10426,.T.);
#10424 = VERTEX_POINT('',#10425);
#10425 = CARTESIAN_POINT('',(74.724101813799,9.771091449552,0.));
#10426 = SEAM_CURVE('',#10427,(#10431,#10438),.PCURVE_S1.);
#10427 = LINE('',#10428,#10429);
#10428 = CARTESIAN_POINT('',(74.727296450239,9.970501479134,0.));
#10429 = VECTOR('',#10430,1.);
#10430 = DIRECTION('',(-1.601838466613E-02,-0.999871697446,0.));
#10431 = PCURVE('',#10406,#10432);
#10432 = DEFINITIONAL_REPRESENTATION('',(#10433),#10437);
#10433 = LINE('',#10434,#10435);
#10434 = CARTESIAN_POINT('',(0.,-0.));
#10435 = VECTOR('',#10436,1.);
#10436 = DIRECTION('',(0.,-1.));
#10437 = ( GEOMETRIC_REPRESENTATION_CONTEXT(2) 
PARAMETRIC_REPRESENTATION_CONTEXT() REPRESENTATION_CONTEXT('2D SPACE',''
  ) );
#10438 = PCURVE('',#10406,#10439);
#10439 = DEFINITIONAL_REPRESENTATION('',(#10440),#10444);
#10440 = LINE('',#10441,#10442);
#10441 = CARTESIAN_POINT('',(6.28318530718,-0.));
#10442 = VECTOR('',#10443,1.);
#10443 = DIRECTION('',(0.,-1.));
#10444 = ( GEOMETRIC_REPRESENTATION_CONTEXT(2) 
PARAMETRIC_REPRESENTATION_CONTEXT() REPRESENTATION_CONTEXT('2D SPACE',''
  ) );
#10445 = ORIENTED_EDGE('',*,*,#10446,.F.);
#10446 = EDGE_CURVE('',#10424,#10424,#10447,.T.);
#10447 = SURFACE_CURVE('',#10448,(#10453,#10460),.PCURVE_S1.);
#10448 = CIRCLE('',#10449,9.771091449552);
#10449 = AXIS2_PLACEMENT_3D('',#10450,#10451,#10452);
#10450 = CARTESIAN_POINT('',(74.724101813799,0.,0.));
#10451 = DIRECTION('',(1.,0.,0.));
#10452 = DIRECTION('',(-0.,1.,0.));
#10453 = PCURVE('',#10406,#10454);
#10454 = DEFINITIONAL_REPRESENTATION('',(#10455),#10459);
#10455 = LINE('',#10456,#10457);
#10456 = CARTESIAN_POINT('',(0.,-3.194636440156E-03));
#10457 = VECTOR('',#10458,1.);
#10458 = DIRECTION('',(1.,-0.));
#10459 = ( GEOMETRIC_REPRESENTATION_CONTEXT(2) 
PARAMETRIC_REPRESENTATION_CONTEXT() REPRESENTATION_CONTEXT('2D SPACE',''
  ) );
#10460 = PCURVE('',#10461,#10466);
#10461 = CONICAL_SURFACE('',#10462,9.771091449552,1.55507968048);
#10462 = AXIS2_PLACEMENT_3D('',#10463,#10464,#10465);
#10463 = CARTESIAN_POINT('',(74.724101813799,0.,0.));
#10464 = DIRECTION('',(1.,0.,0.));
#10465 = DIRECTION('',(0.,1.,0.));
#10466 = DEFINITIONAL_REPRESENTATION('',(#10467),#10471);
#10467 = LINE('',#10468,#10469);
#10468 = CARTESIAN_POINT('',(0.,-0.));
#10469 = VECTOR('',#10470,1.);
#10470 = DIRECTION('',(1.,-0.));
#10471 = ( GEOMETRIC_REPRESENTATION_CONTEXT(2) 
PARAMETRIC_REPRESENTATION_CONTEXT() REPRESENTATION_CONTEXT('2D SPACE',''
  ) );
#10472 = ORIENTED_EDGE('',*,*,#10423,.F.);
#10473 = ADVANCED_FACE('',(#10474),#10461,.T.);
#10474 = FACE_BOUND('',#10475,.F.);
#10475 = EDGE_LOOP('',(#10476,#10477,#10500,#10527));
#10476 = ORIENTED_EDGE('',*,*,#10446,.T.);
#10477 = ORIENTED_EDGE('',*,*,#10478,.T.);
#10478 = EDGE_CURVE('',#10424,#10479,#10481,.T.);
#10479 = VERTEX_POINT('',#10480);
#10480 = CARTESIAN_POINT('',(74.720967498816,9.571681419969,0.));
#10481 = SEAM_CURVE('',#10482,(#10486,#10493),.PCURVE_S1.);
#10482 = LINE('',#10483,#10484);
#10483 = CARTESIAN_POINT('',(74.724101813799,9.771091449552,0.));
#10484 = VECTOR('',#10485,1.);
#10485 = DIRECTION('',(-1.571599928735E-02,-0.999876496057,0.));
#10486 = PCURVE('',#10461,#10487);
#10487 = DEFINITIONAL_REPRESENTATION('',(#10488),#10492);
#10488 = LINE('',#10489,#10490);
#10489 = CARTESIAN_POINT('',(0.,-0.));
#10490 = VECTOR('',#10491,1.);
#10491 = DIRECTION('',(0.,-1.));
#10492 = ( GEOMETRIC_REPRESENTATION_CONTEXT(2) 
PARAMETRIC_REPRESENTATION_CONTEXT() REPRESENTATION_CONTEXT('2D SPACE',''
  ) );
#10493 = PCURVE('',#10461,#10494);
#10494 = DEFINITIONAL_REPRESENTATION('',(#10495),#10499);
#10495 = LINE('',#10496,#10497);
#10496 = CARTESIAN_POINT('',(6.28318530718,-0.));
#10497 = VECTOR('',#10498,1.);
#10498 = DIRECTION('',(0.,-1.));
#10499 = ( GEOMETRIC_REPRESENTATION_CONTEXT(2) 
PARAMETRIC_REPRESENTATION_CONTEXT() REPRESENTATION_CONTEXT('2D SPACE',''
  ) );
#10500 = ORIENTED_EDGE('',*,*,#10501,.F.);
#10501 = EDGE_CURVE('',#10479,#10479,#10502,.T.);
#10502 = SURFACE_CURVE('',#10503,(#10508,#10515),.PCURVE_S1.);
#10503 = CIRCLE('',#10504,9.571681419969);
#10504 = AXIS2_PLACEMENT_3D('',#10505,#10506,#10507);
#10505 = CARTESIAN_POINT('',(74.720967498816,0.,0.));
#10506 = DIRECTION('',(1.,0.,0.));
#10507 = DIRECTION('',(-0.,1.,0.));
#10508 = PCURVE('',#10461,#10509);
#10509 = DEFINITIONAL_REPRESENTATION('',(#10510),#10514);
#10510 = LINE('',#10511,#10512);
#10511 = CARTESIAN_POINT('',(0.,-3.134314983072E-03));
#10512 = VECTOR('',#10513,1.);
#10513 = DIRECTION('',(1.,-0.));
#10514 = ( GEOMETRIC_REPRESENTATION_CONTEXT(2) 
PARAMETRIC_REPRESENTATION_CONTEXT() REPRESENTATION_CONTEXT('2D SPACE',''
  ) );
#10515 = PCURVE('',#10516,#10521);
#10516 = CONICAL_SURFACE('',#10517,9.571681419969,1.555383374087);
#10517 = AXIS2_PLACEMENT_3D('',#10518,#10519,#10520);
#10518 = CARTESIAN_POINT('',(74.720967498816,0.,0.));
#10519 = DIRECTION('',(1.,0.,0.));
#10520 = DIRECTION('',(0.,1.,0.));
#10521 = DEFINITIONAL_REPRESENTATION('',(#10522),#10526);
#10522 = LINE('',#10523,#10524);
#10523 = CARTESIAN_POINT('',(0.,-0.));
#10524 = VECTOR('',#10525,1.);
#10525 = DIRECTION('',(1.,-0.));
#10526 = ( GEOMETRIC_REPRESENTATION_CONTEXT(2) 
PARAMETRIC_REPRESENTATION_CONTEXT() REPRESENTATION_CONTEXT('2D SPACE',''
  ) );
#10527 = ORIENTED_EDGE('',*,*,#10478,.F.);
#10528 = ADVANCED_FACE('',(#10529),#10516,.T.);
#10529 = FACE_BOUND('',#10530,.F.);
#10530 = EDGE_LOOP('',(#10531,#10532,#10555,#10582));
#10531 = ORIENTED_EDGE('',*,*,#10501,.T.);
#10532 = ORIENTED_EDGE('',*,*,#10533,.T.);
#10533 = EDGE_CURVE('',#10479,#10534,#10536,.T.);
#10534 = VERTEX_POINT('',#10535);
#10535 = CARTESIAN_POINT('',(74.717893758058,9.372271390386,0.));
#10536 = SEAM_CURVE('',#10537,(#10541,#10548),.PCURVE_S1.);
#10537 = LINE('',#10538,#10539);
#10538 = CARTESIAN_POINT('',(74.720967498816,9.571681419969,0.));
#10539 = VECTOR('',#10540,1.);
#10540 = DIRECTION('',(-1.541234246727E-02,-0.999881222796,0.));
#10541 = PCURVE('',#10516,#10542);
#10542 = DEFINITIONAL_REPRESENTATION('',(#10543),#10547);
#10543 = LINE('',#10544,#10545);
#10544 = CARTESIAN_POINT('',(0.,-0.));
#10545 = VECTOR('',#10546,1.);
#10546 = DIRECTION('',(0.,-1.));
#10547 = ( GEOMETRIC_REPRESENTATION_CONTEXT(2) 
PARAMETRIC_REPRESENTATION_CONTEXT() REPRESENTATION_CONTEXT('2D SPACE',''
  ) );
#10548 = PCURVE('',#10516,#10549);
#10549 = DEFINITIONAL_REPRESENTATION('',(#10550),#10554);
#10550 = LINE('',#10551,#10552);
#10551 = CARTESIAN_POINT('',(6.28318530718,-0.));
#10552 = VECTOR('',#10553,1.);
#10553 = DIRECTION('',(0.,-1.));
#10554 = ( GEOMETRIC_REPRESENTATION_CONTEXT(2) 
PARAMETRIC_REPRESENTATION_CONTEXT() REPRESENTATION_CONTEXT('2D SPACE',''
  ) );
#10555 = ORIENTED_EDGE('',*,*,#10556,.F.);
#10556 = EDGE_CURVE('',#10534,#10534,#10557,.T.);
#10557 = SURFACE_CURVE('',#10558,(#10563,#10570),.PCURVE_S1.);
#10558 = CIRCLE('',#10559,9.372271390386);
#10559 = AXIS2_PLACEMENT_3D('',#10560,#10561,#10562);
#10560 = CARTESIAN_POINT('',(74.717893758058,0.,0.));
#10561 = DIRECTION('',(1.,0.,0.));
#10562 = DIRECTION('',(-0.,1.,0.));
#10563 = PCURVE('',#10516,#10564);
#10564 = DEFINITIONAL_REPRESENTATION('',(#10565),#10569);
#10565 = LINE('',#10566,#10567);
#10566 = CARTESIAN_POINT('',(0.,-3.073740757671E-03));
#10567 = VECTOR('',#10568,1.);
#10568 = DIRECTION('',(1.,-0.));
#10569 = ( GEOMETRIC_REPRESENTATION_CONTEXT(2) 
PARAMETRIC_REPRESENTATION_CONTEXT() REPRESENTATION_CONTEXT('2D SPACE',''
  ) );
#10570 = PCURVE('',#10571,#10576);
#10571 = CONICAL_SURFACE('',#10572,9.372271390386,1.555688314454);
#10572 = AXIS2_PLACEMENT_3D('',#10573,#10574,#10575);
#10573 = CARTESIAN_POINT('',(74.717893758058,0.,0.));
#10574 = DIRECTION('',(1.,0.,0.));
#10575 = DIRECTION('',(0.,1.,0.));
#10576 = DEFINITIONAL_REPRESENTATION('',(#10577),#10581);
#10577 = LINE('',#10578,#10579);
#10578 = CARTESIAN_POINT('',(0.,-0.));
#10579 = VECTOR('',#10580,1.);
#10580 = DIRECTION('',(1.,-0.));
#10581 = ( GEOMETRIC_REPRESENTATION_CONTEXT(2) 
PARAMETRIC_REPRESENTATION_CONTEXT() REPRESENTATION_CONTEXT('2D SPACE',''
  ) );
#10582 = ORIENTED_EDGE('',*,*,#10533,.F.);
#10583 = ADVANCED_FACE('',(#10584),#10571,.T.);
#10584 = FACE_BOUND('',#10585,.F.);
#10585 = EDGE_LOOP('',(#10586,#10587,#10610,#10637));
#10586 = ORIENTED_EDGE('',*,*,#10556,.T.);
#10587 = ORIENTED_EDGE('',*,*,#10588,.T.);
#10588 = EDGE_CURVE('',#10534,#10589,#10591,.T.);
#10589 = VERTEX_POINT('',#10590);
#10590 = CARTESIAN_POINT('',(74.714880839632,9.172861360804,0.));
#10591 = SEAM_CURVE('',#10592,(#10596,#10603),.PCURVE_S1.);
#10592 = LINE('',#10593,#10594);
#10593 = CARTESIAN_POINT('',(74.717893758058,9.372271390386,0.));
#10594 = VECTOR('',#10595,1.);
#10595 = DIRECTION('',(-1.510743760824E-02,-0.999885876152,0.));
#10596 = PCURVE('',#10571,#10597);
#10597 = DEFINITIONAL_REPRESENTATION('',(#10598),#10602);
#10598 = LINE('',#10599,#10600);
#10599 = CARTESIAN_POINT('',(0.,-0.));
#10600 = VECTOR('',#10601,1.);
#10601 = DIRECTION('',(0.,-1.));
#10602 = ( GEOMETRIC_REPRESENTATION_CONTEXT(2) 
PARAMETRIC_REPRESENTATION_CONTEXT() REPRESENTATION_CONTEXT('2D SPACE',''
  ) );
#10603 = PCURVE('',#10571,#10604);
#10604 = DEFINITIONAL_REPRESENTATION('',(#10605),#10609);
#10605 = LINE('',#10606,#10607);
#10606 = CARTESIAN_POINT('',(6.28318530718,-0.));
#10607 = VECTOR('',#10608,1.);
#10608 = DIRECTION('',(0.,-1.));
#10609 = ( GEOMETRIC_REPRESENTATION_CONTEXT(2) 
PARAMETRIC_REPRESENTATION_CONTEXT() REPRESENTATION_CONTEXT('2D SPACE',''
  ) );
#10610 = ORIENTED_EDGE('',*,*,#10611,.F.);
#10611 = EDGE_CURVE('',#10589,#10589,#10612,.T.);
#10612 = SURFACE_CURVE('',#10613,(#10618,#10625),.PCURVE_S1.);
#10613 = CIRCLE('',#10614,9.172861360804);
#10614 = AXIS2_PLACEMENT_3D('',#10615,#10616,#10617);
#10615 = CARTESIAN_POINT('',(74.714880839632,0.,0.));
#10616 = DIRECTION('',(1.,0.,0.));
#10617 = DIRECTION('',(-0.,1.,0.));
#10618 = PCURVE('',#10571,#10619);
#10619 = DEFINITIONAL_REPRESENTATION('',(#10620),#10624);
#10620 = LINE('',#10621,#10622);
#10621 = CARTESIAN_POINT('',(0.,-3.012918426222E-03));
#10622 = VECTOR('',#10623,1.);
#10623 = DIRECTION('',(1.,-0.));
#10624 = ( GEOMETRIC_REPRESENTATION_CONTEXT(2) 
PARAMETRIC_REPRESENTATION_CONTEXT() REPRESENTATION_CONTEXT('2D SPACE',''
  ) );
#10625 = PCURVE('',#10626,#10631);
#10626 = CONICAL_SURFACE('',#10627,9.172861360804,1.555994478016);
#10627 = AXIS2_PLACEMENT_3D('',#10628,#10629,#10630);
#10628 = CARTESIAN_POINT('',(74.714880839632,0.,0.));
#10629 = DIRECTION('',(1.,0.,0.));
#10630 = DIRECTION('',(0.,1.,0.));
#10631 = DEFINITIONAL_REPRESENTATION('',(#10632),#10636);
#10632 = LINE('',#10633,#10634);
#10633 = CARTESIAN_POINT('',(0.,-0.));
#10634 = VECTOR('',#10635,1.);
#10635 = DIRECTION('',(1.,-0.));
#10636 = ( GEOMETRIC_REPRESENTATION_CONTEXT(2) 
PARAMETRIC_REPRESENTATION_CONTEXT() REPRESENTATION_CONTEXT('2D SPACE',''
  ) );
#10637 = ORIENTED_EDGE('',*,*,#10588,.F.);
#10638 = ADVANCED_FACE('',(#10639),#10626,.T.);
#10639 = FACE_BOUND('',#10640,.F.);
#10640 = EDGE_LOOP('',(#10641,#10642,#10665,#10692));
#10641 = ORIENTED_EDGE('',*,*,#10611,.T.);
#10642 = ORIENTED_EDGE('',*,*,#10643,.T.);
#10643 = EDGE_CURVE('',#10589,#10644,#10646,.T.);
#10644 = VERTEX_POINT('',#10645);
#10645 = CARTESIAN_POINT('',(74.711928986948,8.973451331221,0.));
#10646 = SEAM_CURVE('',#10647,(#10651,#10658),.PCURVE_S1.);
#10647 = LINE('',#10648,#10649);
#10648 = CARTESIAN_POINT('',(74.714880839632,9.172861360804,0.));
#10649 = VECTOR('',#10650,1.);
#10650 = DIRECTION('',(-1.480130828334E-02,-0.999890454636,0.));
#10651 = PCURVE('',#10626,#10652);
#10652 = DEFINITIONAL_REPRESENTATION('',(#10653),#10657);
#10653 = LINE('',#10654,#10655);
#10654 = CARTESIAN_POINT('',(0.,-0.));
#10655 = VECTOR('',#10656,1.);
#10656 = DIRECTION('',(0.,-1.));
#10657 = ( GEOMETRIC_REPRESENTATION_CONTEXT(2) 
PARAMETRIC_REPRESENTATION_CONTEXT() REPRESENTATION_CONTEXT('2D SPACE',''
  ) );
#10658 = PCURVE('',#10626,#10659);
#10659 = DEFINITIONAL_REPRESENTATION('',(#10660),#10664);
#10660 = LINE('',#10661,#10662);
#10661 = CARTESIAN_POINT('',(6.28318530718,-0.));
#10662 = VECTOR('',#10663,1.);
#10663 = DIRECTION('',(0.,-1.));
#10664 = ( GEOMETRIC_REPRESENTATION_CONTEXT(2) 
PARAMETRIC_REPRESENTATION_CONTEXT() REPRESENTATION_CONTEXT('2D SPACE',''
  ) );
#10665 = ORIENTED_EDGE('',*,*,#10666,.F.);
#10666 = EDGE_CURVE('',#10644,#10644,#10667,.T.);
#10667 = SURFACE_CURVE('',#10668,(#10673,#10680),.PCURVE_S1.);
#10668 = CIRCLE('',#10669,8.973451331221);
#10669 = AXIS2_PLACEMENT_3D('',#10670,#10671,#10672);
#10670 = CARTESIAN_POINT('',(74.711928986948,0.,0.));
#10671 = DIRECTION('',(1.,0.,0.));
#10672 = DIRECTION('',(-0.,1.,0.));
#10673 = PCURVE('',#10626,#10674);
#10674 = DEFINITIONAL_REPRESENTATION('',(#10675),#10679);
#10675 = LINE('',#10676,#10677);
#10676 = CARTESIAN_POINT('',(0.,-2.951852684419E-03));
#10677 = VECTOR('',#10678,1.);
#10678 = DIRECTION('',(1.,-0.));
#10679 = ( GEOMETRIC_REPRESENTATION_CONTEXT(2) 
PARAMETRIC_REPRESENTATION_CONTEXT() REPRESENTATION_CONTEXT('2D SPACE',''
  ) );
#10680 = PCURVE('',#10681,#10686);
#10681 = CONICAL_SURFACE('',#10682,8.973451331221,1.556301841043);
#10682 = AXIS2_PLACEMENT_3D('',#10683,#10684,#10685);
#10683 = CARTESIAN_POINT('',(74.711928986948,0.,0.));
#10684 = DIRECTION('',(1.,0.,0.));
#10685 = DIRECTION('',(0.,1.,0.));
#10686 = DEFINITIONAL_REPRESENTATION('',(#10687),#10691);
#10687 = LINE('',#10688,#10689);
#10688 = CARTESIAN_POINT('',(0.,-0.));
#10689 = VECTOR('',#10690,1.);
#10690 = DIRECTION('',(1.,-0.));
#10691 = ( GEOMETRIC_REPRESENTATION_CONTEXT(2) 
PARAMETRIC_REPRESENTATION_CONTEXT() REPRESENTATION_CONTEXT('2D SPACE',''
  ) );
#10692 = ORIENTED_EDGE('',*,*,#10643,.F.);
#10693 = ADVANCED_FACE('',(#10694),#10681,.T.);
#10694 = FACE_BOUND('',#10695,.F.);
#10695 = EDGE_LOOP('',(#10696,#10697,#10720,#10747));
#10696 = ORIENTED_EDGE('',*,*,#10666,.T.);
#10697 = ORIENTED_EDGE('',*,*,#10698,.T.);
#10698 = EDGE_CURVE('',#10644,#10699,#10701,.T.);
#10699 = VERTEX_POINT('',#10700);
#10700 = CARTESIAN_POINT('',(74.709038438687,8.774041301638,0.));
#10701 = SEAM_CURVE('',#10702,(#10706,#10713),.PCURVE_S1.);
#10702 = LINE('',#10703,#10704);
#10703 = CARTESIAN_POINT('',(74.711928986948,8.973451331221,0.));
#10704 = VECTOR('',#10705,1.);
#10705 = DIRECTION('',(-1.449397823286E-02,-0.99989495678,0.));
#10706 = PCURVE('',#10681,#10707);
#10707 = DEFINITIONAL_REPRESENTATION('',(#10708),#10712);
#10708 = LINE('',#10709,#10710);
#10709 = CARTESIAN_POINT('',(0.,-0.));
#10710 = VECTOR('',#10711,1.);
#10711 = DIRECTION('',(0.,-1.));
#10712 = ( GEOMETRIC_REPRESENTATION_CONTEXT(2) 
PARAMETRIC_REPRESENTATION_CONTEXT() REPRESENTATION_CONTEXT('2D SPACE',''
  ) );
#10713 = PCURVE('',#10681,#10714);
#10714 = DEFINITIONAL_REPRESENTATION('',(#10715),#10719);
#10715 = LINE('',#10716,#10717);
#10716 = CARTESIAN_POINT('',(6.28318530718,-0.));
#10717 = VECTOR('',#10718,1.);
#10718 = DIRECTION('',(0.,-1.));
#10719 = ( GEOMETRIC_REPRESENTATION_CONTEXT(2) 
PARAMETRIC_REPRESENTATION_CONTEXT() REPRESENTATION_CONTEXT('2D SPACE',''
  ) );
#10720 = ORIENTED_EDGE('',*,*,#10721,.F.);
#10721 = EDGE_CURVE('',#10699,#10699,#10722,.T.);
#10722 = SURFACE_CURVE('',#10723,(#10728,#10735),.PCURVE_S1.);
#10723 = CIRCLE('',#10724,8.774041301638);
#10724 = AXIS2_PLACEMENT_3D('',#10725,#10726,#10727);
#10725 = CARTESIAN_POINT('',(74.709038438687,0.,0.));
#10726 = DIRECTION('',(1.,0.,0.));
#10727 = DIRECTION('',(-0.,1.,0.));
#10728 = PCURVE('',#10681,#10729);
#10729 = DEFINITIONAL_REPRESENTATION('',(#10730),#10734);
#10730 = LINE('',#10731,#10732);
#10731 = CARTESIAN_POINT('',(0.,-2.89054826068E-03));
#10732 = VECTOR('',#10733,1.);
#10733 = DIRECTION('',(1.,-0.));
#10734 = ( GEOMETRIC_REPRESENTATION_CONTEXT(2) 
PARAMETRIC_REPRESENTATION_CONTEXT() REPRESENTATION_CONTEXT('2D SPACE',''
  ) );
#10735 = PCURVE('',#10736,#10741);
#10736 = CONICAL_SURFACE('',#10737,8.774041301638,1.556610379638);
#10737 = AXIS2_PLACEMENT_3D('',#10738,#10739,#10740);
#10738 = CARTESIAN_POINT('',(74.709038438687,0.,0.));
#10739 = DIRECTION('',(1.,0.,0.));
#10740 = DIRECTION('',(0.,1.,0.));
#10741 = DEFINITIONAL_REPRESENTATION('',(#10742),#10746);
#10742 = LINE('',#10743,#10744);
#10743 = CARTESIAN_POINT('',(0.,-0.));
#10744 = VECTOR('',#10745,1.);
#10745 = DIRECTION('',(1.,-0.));
#10746 = ( GEOMETRIC_REPRESENTATION_CONTEXT(2) 
PARAMETRIC_REPRESENTATION_CONTEXT() REPRESENTATION_CONTEXT('2D SPACE',''
  ) );
#10747 = ORIENTED_EDGE('',*,*,#10698,.F.);
#10748 = ADVANCED_FACE('',(#10749),#10736,.T.);
#10749 = FACE_BOUND('',#10750,.F.);
#10750 = EDGE_LOOP('',(#10751,#10752,#10775,#10802));
#10751 = ORIENTED_EDGE('',*,*,#10721,.T.);
#10752 = ORIENTED_EDGE('',*,*,#10753,.T.);
#10753 = EDGE_CURVE('',#10699,#10754,#10756,.T.);
#10754 = VERTEX_POINT('',#10755);
#10755 = CARTESIAN_POINT('',(74.706209428771,8.574631272056,0.));
#10756 = SEAM_CURVE('',#10757,(#10761,#10768),.PCURVE_S1.);
#10757 = LINE('',#10758,#10759);
#10758 = CARTESIAN_POINT('',(74.709038438687,8.774041301638,0.));
#10759 = VECTOR('',#10760,1.);
#10760 = DIRECTION('',(-1.418547136202E-02,-0.999899381139,0.));
#10761 = PCURVE('',#10736,#10762);
#10762 = DEFINITIONAL_REPRESENTATION('',(#10763),#10767);
#10763 = LINE('',#10764,#10765);
#10764 = CARTESIAN_POINT('',(0.,-0.));
#10765 = VECTOR('',#10766,1.);
#10766 = DIRECTION('',(0.,-1.));
#10767 = ( GEOMETRIC_REPRESENTATION_CONTEXT(2) 
PARAMETRIC_REPRESENTATION_CONTEXT() REPRESENTATION_CONTEXT('2D SPACE',''
  ) );
#10768 = PCURVE('',#10736,#10769);
#10769 = DEFINITIONAL_REPRESENTATION('',(#10770),#10774);
#10770 = LINE('',#10771,#10772);
#10771 = CARTESIAN_POINT('',(6.28318530718,-0.));
#10772 = VECTOR('',#10773,1.);
#10773 = DIRECTION('',(0.,-1.));
#10774 = ( GEOMETRIC_REPRESENTATION_CONTEXT(2) 
PARAMETRIC_REPRESENTATION_CONTEXT() REPRESENTATION_CONTEXT('2D SPACE',''
  ) );
#10775 = ORIENTED_EDGE('',*,*,#10776,.F.);
#10776 = EDGE_CURVE('',#10754,#10754,#10777,.T.);
#10777 = SURFACE_CURVE('',#10778,(#10783,#10790),.PCURVE_S1.);
#10778 = CIRCLE('',#10779,8.574631272056);
#10779 = AXIS2_PLACEMENT_3D('',#10780,#10781,#10782);
#10780 = CARTESIAN_POINT('',(74.706209428771,0.,0.));
#10781 = DIRECTION('',(1.,0.,0.));
#10782 = DIRECTION('',(-0.,1.,0.));
#10783 = PCURVE('',#10736,#10784);
#10784 = DEFINITIONAL_REPRESENTATION('',(#10785),#10789);
#10785 = LINE('',#10786,#10787);
#10786 = CARTESIAN_POINT('',(0.,-2.8290099157E-03));
#10787 = VECTOR('',#10788,1.);
#10788 = DIRECTION('',(1.,-0.));
#10789 = ( GEOMETRIC_REPRESENTATION_CONTEXT(2) 
PARAMETRIC_REPRESENTATION_CONTEXT() REPRESENTATION_CONTEXT('2D SPACE',''
  ) );
#10790 = PCURVE('',#10791,#10796);
#10791 = CONICAL_SURFACE('',#10792,8.574631272056,1.556920069749);
#10792 = AXIS2_PLACEMENT_3D('',#10793,#10794,#10795);
#10793 = CARTESIAN_POINT('',(74.706209428771,0.,0.));
#10794 = DIRECTION('',(1.,0.,0.));
#10795 = DIRECTION('',(0.,1.,0.));
#10796 = DEFINITIONAL_REPRESENTATION('',(#10797),#10801);
#10797 = LINE('',#10798,#10799);
#10798 = CARTESIAN_POINT('',(0.,-0.));
#10799 = VECTOR('',#10800,1.);
#10800 = DIRECTION('',(1.,-0.));
#10801 = ( GEOMETRIC_REPRESENTATION_CONTEXT(2) 
PARAMETRIC_REPRESENTATION_CONTEXT() REPRESENTATION_CONTEXT('2D SPACE',''
  ) );
#10802 = ORIENTED_EDGE('',*,*,#10753,.F.);
#10803 = ADVANCED_FACE('',(#10804),#10791,.T.);
#10804 = FACE_BOUND('',#10805,.F.);
#10805 = EDGE_LOOP('',(#10806,#10807,#10830,#10857));
#10806 = ORIENTED_EDGE('',*,*,#10776,.T.);
#10807 = ORIENTED_EDGE('',*,*,#10808,.T.);
#10808 = EDGE_CURVE('',#10754,#10809,#10811,.T.);
#10809 = VERTEX_POINT('',#10810);
#10810 = CARTESIAN_POINT('',(74.70344218633,8.375221242473,0.));
#10811 = SEAM_CURVE('',#10812,(#10816,#10823),.PCURVE_S1.);
#10812 = LINE('',#10813,#10814);
#10813 = CARTESIAN_POINT('',(74.706209428771,8.574631272056,0.));
#10814 = VECTOR('',#10815,1.);
#10815 = DIRECTION('',(-1.387581173647E-02,-0.99990372629,0.));
#10816 = PCURVE('',#10791,#10817);
#10817 = DEFINITIONAL_REPRESENTATION('',(#10818),#10822);
#10818 = LINE('',#10819,#10820);
#10819 = CARTESIAN_POINT('',(0.,-0.));
#10820 = VECTOR('',#10821,1.);
#10821 = DIRECTION('',(0.,-1.));
#10822 = ( GEOMETRIC_REPRESENTATION_CONTEXT(2) 
PARAMETRIC_REPRESENTATION_CONTEXT() REPRESENTATION_CONTEXT('2D SPACE',''
  ) );
#10823 = PCURVE('',#10791,#10824);
#10824 = DEFINITIONAL_REPRESENTATION('',(#10825),#10829);
#10825 = LINE('',#10826,#10827);
#10826 = CARTESIAN_POINT('',(6.28318530718,-0.));
#10827 = VECTOR('',#10828,1.);
#10828 = DIRECTION('',(0.,-1.));
#10829 = ( GEOMETRIC_REPRESENTATION_CONTEXT(2) 
PARAMETRIC_REPRESENTATION_CONTEXT() REPRESENTATION_CONTEXT('2D SPACE',''
  ) );
#10830 = ORIENTED_EDGE('',*,*,#10831,.F.);
#10831 = EDGE_CURVE('',#10809,#10809,#10832,.T.);
#10832 = SURFACE_CURVE('',#10833,(#10838,#10845),.PCURVE_S1.);
#10833 = CIRCLE('',#10834,8.375221242473);
#10834 = AXIS2_PLACEMENT_3D('',#10835,#10836,#10837);
#10835 = CARTESIAN_POINT('',(74.70344218633,0.,0.));
#10836 = DIRECTION('',(1.,0.,0.));
#10837 = DIRECTION('',(-0.,1.,0.));
#10838 = PCURVE('',#10791,#10839);
#10839 = DEFINITIONAL_REPRESENTATION('',(#10840),#10844);
#10840 = LINE('',#10841,#10842);
#10841 = CARTESIAN_POINT('',(0.,-2.76724244155E-03));
#10842 = VECTOR('',#10843,1.);
#10843 = DIRECTION('',(1.,-0.));
#10844 = ( GEOMETRIC_REPRESENTATION_CONTEXT(2) 
PARAMETRIC_REPRESENTATION_CONTEXT() REPRESENTATION_CONTEXT('2D SPACE',''
  ) );
#10845 = PCURVE('',#10846,#10851);
#10846 = CONICAL_SURFACE('',#10847,8.375221242473,1.557230887163);
#10847 = AXIS2_PLACEMENT_3D('',#10848,#10849,#10850);
#10848 = CARTESIAN_POINT('',(74.70344218633,0.,0.));
#10849 = DIRECTION('',(1.,0.,0.));
#10850 = DIRECTION('',(0.,1.,0.));
#10851 = DEFINITIONAL_REPRESENTATION('',(#10852),#10856);
#10852 = LINE('',#10853,#10854);
#10853 = CARTESIAN_POINT('',(0.,-0.));
#10854 = VECTOR('',#10855,1.);
#10855 = DIRECTION('',(1.,-0.));
#10856 = ( GEOMETRIC_REPRESENTATION_CONTEXT(2) 
PARAMETRIC_REPRESENTATION_CONTEXT() REPRESENTATION_CONTEXT('2D SPACE',''
  ) );
#10857 = ORIENTED_EDGE('',*,*,#10808,.F.);
#10858 = ADVANCED_FACE('',(#10859),#10846,.T.);
#10859 = FACE_BOUND('',#10860,.F.);
#10860 = EDGE_LOOP('',(#10861,#10862,#10885,#10912));
#10861 = ORIENTED_EDGE('',*,*,#10831,.T.);
#10862 = ORIENTED_EDGE('',*,*,#10863,.T.);
#10863 = EDGE_CURVE('',#10809,#10864,#10866,.T.);
#10864 = VERTEX_POINT('',#10865);
#10865 = CARTESIAN_POINT('',(74.700736935668,8.17581121289,0.));
#10866 = SEAM_CURVE('',#10867,(#10871,#10878),.PCURVE_S1.);
#10867 = LINE('',#10868,#10869);
#10868 = CARTESIAN_POINT('',(74.70344218633,8.375221242473,0.));
#10869 = VECTOR('',#10870,1.);
#10870 = DIRECTION('',(-1.356502358059E-02,-0.999907990835,0.));
#10871 = PCURVE('',#10846,#10872);
#10872 = DEFINITIONAL_REPRESENTATION('',(#10873),#10877);
#10873 = LINE('',#10874,#10875);
#10874 = CARTESIAN_POINT('',(0.,-0.));
#10875 = VECTOR('',#10876,1.);
#10876 = DIRECTION('',(0.,-1.));
#10877 = ( GEOMETRIC_REPRESENTATION_CONTEXT(2) 
PARAMETRIC_REPRESENTATION_CONTEXT() REPRESENTATION_CONTEXT('2D SPACE',''
  ) );
#10878 = PCURVE('',#10846,#10879);
#10879 = DEFINITIONAL_REPRESENTATION('',(#10880),#10884);
#10880 = LINE('',#10881,#10882);
#10881 = CARTESIAN_POINT('',(6.28318530718,-0.));
#10882 = VECTOR('',#10883,1.);
#10883 = DIRECTION('',(0.,-1.));
#10884 = ( GEOMETRIC_REPRESENTATION_CONTEXT(2) 
PARAMETRIC_REPRESENTATION_CONTEXT() REPRESENTATION_CONTEXT('2D SPACE',''
  ) );
#10885 = ORIENTED_EDGE('',*,*,#10886,.F.);
#10886 = EDGE_CURVE('',#10864,#10864,#10887,.T.);
#10887 = SURFACE_CURVE('',#10888,(#10893,#10900),.PCURVE_S1.);
#10888 = CIRCLE('',#10889,8.17581121289);
#10889 = AXIS2_PLACEMENT_3D('',#10890,#10891,#10892);
#10890 = CARTESIAN_POINT('',(74.700736935668,0.,0.));
#10891 = DIRECTION('',(1.,0.,0.));
#10892 = DIRECTION('',(-0.,1.,0.));
#10893 = PCURVE('',#10846,#10894);
#10894 = DEFINITIONAL_REPRESENTATION('',(#10895),#10899);
#10895 = LINE('',#10896,#10897);
#10896 = CARTESIAN_POINT('',(0.,-2.70525066135E-03));
#10897 = VECTOR('',#10898,1.);
#10898 = DIRECTION('',(1.,-0.));
#10899 = ( GEOMETRIC_REPRESENTATION_CONTEXT(2) 
PARAMETRIC_REPRESENTATION_CONTEXT() REPRESENTATION_CONTEXT('2D SPACE',''
  ) );
#10900 = PCURVE('',#10901,#10906);
#10901 = CONICAL_SURFACE('',#10902,8.17581121289,1.557542807515);
#10902 = AXIS2_PLACEMENT_3D('',#10903,#10904,#10905);
#10903 = CARTESIAN_POINT('',(74.700736935668,0.,0.));
#10904 = DIRECTION('',(1.,0.,0.));
#10905 = DIRECTION('',(0.,1.,0.));
#10906 = DEFINITIONAL_REPRESENTATION('',(#10907),#10911);
#10907 = LINE('',#10908,#10909);
#10908 = CARTESIAN_POINT('',(0.,-0.));
#10909 = VECTOR('',#10910,1.);
#10910 = DIRECTION('',(1.,-0.));
#10911 = ( GEOMETRIC_REPRESENTATION_CONTEXT(2) 
PARAMETRIC_REPRESENTATION_CONTEXT() REPRESENTATION_CONTEXT('2D SPACE',''
  ) );
#10912 = ORIENTED_EDGE('',*,*,#10863,.F.);
#10913 = ADVANCED_FACE('',(#10914),#10901,.T.);
#10914 = FACE_BOUND('',#10915,.F.);
#10915 = EDGE_LOOP('',(#10916,#10917,#10940,#10967));
#10916 = ORIENTED_EDGE('',*,*,#10886,.T.);
#10917 = ORIENTED_EDGE('',*,*,#10918,.T.);
#10918 = EDGE_CURVE('',#10864,#10919,#10921,.T.);
#10919 = VERTEX_POINT('',#10920);
#10920 = CARTESIAN_POINT('',(74.69809389624,7.976401183308,0.));
#10921 = SEAM_CURVE('',#10922,(#10926,#10933),.PCURVE_S1.);
#10922 = LINE('',#10923,#10924);
#10923 = CARTESIAN_POINT('',(74.700736935668,8.17581121289,0.));
#10924 = VECTOR('',#10925,1.);
#10925 = DIRECTION('',(-1.325313127369E-02,-0.999912173399,0.));
#10926 = PCURVE('',#10901,#10927);
#10927 = DEFINITIONAL_REPRESENTATION('',(#10928),#10932);
#10928 = LINE('',#10929,#10930);
#10929 = CARTESIAN_POINT('',(0.,-0.));
#10930 = VECTOR('',#10931,1.);
#10931 = DIRECTION('',(0.,-1.));
#10932 = ( GEOMETRIC_REPRESENTATION_CONTEXT(2) 
PARAMETRIC_REPRESENTATION_CONTEXT() REPRESENTATION_CONTEXT('2D SPACE',''
  ) );
#10933 = PCURVE('',#10901,#10934);
#10934 = DEFINITIONAL_REPRESENTATION('',(#10935),#10939);
#10935 = LINE('',#10936,#10937);
#10936 = CARTESIAN_POINT('',(6.28318530718,-0.));
#10937 = VECTOR('',#10938,1.);
#10938 = DIRECTION('',(0.,-1.));
#10939 = ( GEOMETRIC_REPRESENTATION_CONTEXT(2) 
PARAMETRIC_REPRESENTATION_CONTEXT() REPRESENTATION_CONTEXT('2D SPACE',''
  ) );
#10940 = ORIENTED_EDGE('',*,*,#10941,.F.);
#10941 = EDGE_CURVE('',#10919,#10919,#10942,.T.);
#10942 = SURFACE_CURVE('',#10943,(#10948,#10955),.PCURVE_S1.);
#10943 = CIRCLE('',#10944,7.976401183308);
#10944 = AXIS2_PLACEMENT_3D('',#10945,#10946,#10947);
#10945 = CARTESIAN_POINT('',(74.69809389624,0.,0.));
#10946 = DIRECTION('',(1.,0.,0.));
#10947 = DIRECTION('',(-0.,1.,0.));
#10948 = PCURVE('',#10901,#10949);
#10949 = DEFINITIONAL_REPRESENTATION('',(#10950),#10954);
#10950 = LINE('',#10951,#10952);
#10951 = CARTESIAN_POINT('',(0.,-2.64303942852E-03));
#10952 = VECTOR('',#10953,1.);
#10953 = DIRECTION('',(1.,-0.));
#10954 = ( GEOMETRIC_REPRESENTATION_CONTEXT(2) 
PARAMETRIC_REPRESENTATION_CONTEXT() REPRESENTATION_CONTEXT('2D SPACE',''
  ) );
#10955 = PCURVE('',#10956,#10961);
#10956 = CONICAL_SURFACE('',#10957,7.976401183308,1.557855806288);
#10957 = AXIS2_PLACEMENT_3D('',#10958,#10959,#10960);
#10958 = CARTESIAN_POINT('',(74.69809389624,0.,0.));
#10959 = DIRECTION('',(1.,0.,0.));
#10960 = DIRECTION('',(0.,1.,0.));
#10961 = DEFINITIONAL_REPRESENTATION('',(#10962),#10966);
#10962 = LINE('',#10963,#10964);
#10963 = CARTESIAN_POINT('',(0.,-0.));
#10964 = VECTOR('',#10965,1.);
#10965 = DIRECTION('',(1.,-0.));
#10966 = ( GEOMETRIC_REPRESENTATION_CONTEXT(2) 
PARAMETRIC_REPRESENTATION_CONTEXT() REPRESENTATION_CONTEXT('2D SPACE',''
  ) );
#10967 = ORIENTED_EDGE('',*,*,#10918,.F.);
#10968 = ADVANCED_FACE('',(#10969),#10956,.T.);
#10969 = FACE_BOUND('',#10970,.F.);
#10970 = EDGE_LOOP('',(#10971,#10972,#10995,#11022));
#10971 = ORIENTED_EDGE('',*,*,#10941,.T.);
#10972 = ORIENTED_EDGE('',*,*,#10973,.T.);
#10973 = EDGE_CURVE('',#10919,#10974,#10976,.T.);
#10974 = VERTEX_POINT('',#10975);
#10975 = CARTESIAN_POINT('',(74.695513282614,7.776991153725,0.));
#10976 = SEAM_CURVE('',#10977,(#10981,#10988),.PCURVE_S1.);
#10977 = LINE('',#10978,#10979);
#10978 = CARTESIAN_POINT('',(74.69809389624,7.976401183308,0.));
#10979 = VECTOR('',#10980,1.);
#10980 = DIRECTION('',(-1.294015934631E-02,-0.999916272633,0.));
#10981 = PCURVE('',#10956,#10982);
#10982 = DEFINITIONAL_REPRESENTATION('',(#10983),#10987);
#10983 = LINE('',#10984,#10985);
#10984 = CARTESIAN_POINT('',(0.,-0.));
#10985 = VECTOR('',#10986,1.);
#10986 = DIRECTION('',(0.,-1.));
#10987 = ( GEOMETRIC_REPRESENTATION_CONTEXT(2) 
PARAMETRIC_REPRESENTATION_CONTEXT() REPRESENTATION_CONTEXT('2D SPACE',''
  ) );
#10988 = PCURVE('',#10956,#10989);
#10989 = DEFINITIONAL_REPRESENTATION('',(#10990),#10994);
#10990 = LINE('',#10991,#10992);
#10991 = CARTESIAN_POINT('',(6.28318530718,-0.));
#10992 = VECTOR('',#10993,1.);
#10993 = DIRECTION('',(0.,-1.));
#10994 = ( GEOMETRIC_REPRESENTATION_CONTEXT(2) 
PARAMETRIC_REPRESENTATION_CONTEXT() REPRESENTATION_CONTEXT('2D SPACE',''
  ) );
#10995 = ORIENTED_EDGE('',*,*,#10996,.F.);
#10996 = EDGE_CURVE('',#10974,#10974,#10997,.T.);
#10997 = SURFACE_CURVE('',#10998,(#11003,#11010),.PCURVE_S1.);
#10998 = CIRCLE('',#10999,7.776991153725);
#10999 = AXIS2_PLACEMENT_3D('',#11000,#11001,#11002);
#11000 = CARTESIAN_POINT('',(74.695513282614,0.,0.));
#11001 = DIRECTION('',(1.,0.,0.));
#11002 = DIRECTION('',(-0.,1.,0.));
#11003 = PCURVE('',#10956,#11004);
#11004 = DEFINITIONAL_REPRESENTATION('',(#11005),#11009);
#11005 = LINE('',#11006,#11007);
#11006 = CARTESIAN_POINT('',(0.,-2.580613626037E-03));
#11007 = VECTOR('',#11008,1.);
#11008 = DIRECTION('',(1.,-0.));
#11009 = ( GEOMETRIC_REPRESENTATION_CONTEXT(2) 
PARAMETRIC_REPRESENTATION_CONTEXT() REPRESENTATION_CONTEXT('2D SPACE',''
  ) );
#11010 = PCURVE('',#11011,#11016);
#11011 = CONICAL_SURFACE('',#11012,7.776991153725,1.558169858818);
#11012 = AXIS2_PLACEMENT_3D('',#11013,#11014,#11015);
#11013 = CARTESIAN_POINT('',(74.695513282614,0.,0.));
#11014 = DIRECTION('',(1.,0.,0.));
#11015 = DIRECTION('',(0.,1.,0.));
#11016 = DEFINITIONAL_REPRESENTATION('',(#11017),#11021);
#11017 = LINE('',#11018,#11019);
#11018 = CARTESIAN_POINT('',(0.,-0.));
#11019 = VECTOR('',#11020,1.);
#11020 = DIRECTION('',(1.,-0.));
#11021 = ( GEOMETRIC_REPRESENTATION_CONTEXT(2) 
PARAMETRIC_REPRESENTATION_CONTEXT() REPRESENTATION_CONTEXT('2D SPACE',''
  ) );
#11022 = ORIENTED_EDGE('',*,*,#10973,.F.);
#11023 = ADVANCED_FACE('',(#11024),#11011,.T.);
#11024 = FACE_BOUND('',#11025,.F.);
#11025 = EDGE_LOOP('',(#11026,#11027,#11050,#11077));
#11026 = ORIENTED_EDGE('',*,*,#10996,.T.);
#11027 = ORIENTED_EDGE('',*,*,#11028,.T.);
#11028 = EDGE_CURVE('',#10974,#11029,#11031,.T.);
#11029 = VERTEX_POINT('',#11030);
#11030 = CARTESIAN_POINT('',(74.692995304448,7.577581124142,0.));
#11031 = SEAM_CURVE('',#11032,(#11036,#11043),.PCURVE_S1.);
#11032 = LINE('',#11033,#11034);
#11033 = CARTESIAN_POINT('',(74.695513282614,7.776991153725,0.));
#11034 = VECTOR('',#11035,1.);
#11035 = DIRECTION('',(-1.262613247814E-02,-0.999920287212,0.));
#11036 = PCURVE('',#11011,#11037);
#11037 = DEFINITIONAL_REPRESENTATION('',(#11038),#11042);
#11038 = LINE('',#11039,#11040);
#11039 = CARTESIAN_POINT('',(0.,-0.));
#11040 = VECTOR('',#11041,1.);
#11041 = DIRECTION('',(0.,-1.));
#11042 = ( GEOMETRIC_REPRESENTATION_CONTEXT(2) 
PARAMETRIC_REPRESENTATION_CONTEXT() REPRESENTATION_CONTEXT('2D SPACE',''
  ) );
#11043 = PCURVE('',#11011,#11044);
#11044 = DEFINITIONAL_REPRESENTATION('',(#11045),#11049);
#11045 = LINE('',#11046,#11047);
#11046 = CARTESIAN_POINT('',(6.28318530718,-0.));
#11047 = VECTOR('',#11048,1.);
#11048 = DIRECTION('',(0.,-1.));
#11049 = ( GEOMETRIC_REPRESENTATION_CONTEXT(2) 
PARAMETRIC_REPRESENTATION_CONTEXT() REPRESENTATION_CONTEXT('2D SPACE',''
  ) );
#11050 = ORIENTED_EDGE('',*,*,#11051,.F.);
#11051 = EDGE_CURVE('',#11029,#11029,#11052,.T.);
#11052 = SURFACE_CURVE('',#11053,(#11058,#11065),.PCURVE_S1.);
#11053 = CIRCLE('',#11054,7.577581124142);
#11054 = AXIS2_PLACEMENT_3D('',#11055,#11056,#11057);
#11055 = CARTESIAN_POINT('',(74.692995304448,0.,0.));
#11056 = DIRECTION('',(1.,0.,0.));
#11057 = DIRECTION('',(-0.,1.,0.));
#11058 = PCURVE('',#11011,#11059);
#11059 = DEFINITIONAL_REPRESENTATION('',(#11060),#11064);
#11060 = LINE('',#11061,#11062);
#11061 = CARTESIAN_POINT('',(0.,-2.51797816604E-03));
#11062 = VECTOR('',#11063,1.);
#11063 = DIRECTION('',(1.,-0.));
#11064 = ( GEOMETRIC_REPRESENTATION_CONTEXT(2) 
PARAMETRIC_REPRESENTATION_CONTEXT() REPRESENTATION_CONTEXT('2D SPACE',''
  ) );
#11065 = PCURVE('',#11066,#11071);
#11066 = CONICAL_SURFACE('',#11067,7.577581124142,1.558484940297);
#11067 = AXIS2_PLACEMENT_3D('',#11068,#11069,#11070);
#11068 = CARTESIAN_POINT('',(74.692995304448,0.,0.));
#11069 = DIRECTION('',(1.,0.,0.));
#11070 = DIRECTION('',(0.,1.,0.));
#11071 = DEFINITIONAL_REPRESENTATION('',(#11072),#11076);
#11072 = LINE('',#11073,#11074);
#11073 = CARTESIAN_POINT('',(0.,-0.));
#11074 = VECTOR('',#11075,1.);
#11075 = DIRECTION('',(1.,-0.));
#11076 = ( GEOMETRIC_REPRESENTATION_CONTEXT(2) 
PARAMETRIC_REPRESENTATION_CONTEXT() REPRESENTATION_CONTEXT('2D SPACE',''
  ) );
#11077 = ORIENTED_EDGE('',*,*,#11028,.F.);
#11078 = ADVANCED_FACE('',(#11079),#11066,.T.);
#11079 = FACE_BOUND('',#11080,.F.);
#11080 = EDGE_LOOP('',(#11081,#11082,#11105,#11132));
#11081 = ORIENTED_EDGE('',*,*,#11051,.T.);
#11082 = ORIENTED_EDGE('',*,*,#11083,.T.);
#11083 = EDGE_CURVE('',#11029,#11084,#11086,.T.);
#11084 = VERTEX_POINT('',#11085);
#11085 = CARTESIAN_POINT('',(74.690540166459,7.378171094559,0.));
#11086 = SEAM_CURVE('',#11087,(#11091,#11098),.PCURVE_S1.);
#11087 = LINE('',#11088,#11089);
#11088 = CARTESIAN_POINT('',(74.692995304448,7.577581124142,0.));
#11089 = VECTOR('',#11090,1.);
#11090 = DIRECTION('',(-1.231107549374E-02,-0.999924215838,0.));
#11091 = PCURVE('',#11066,#11092);
#11092 = DEFINITIONAL_REPRESENTATION('',(#11093),#11097);
#11093 = LINE('',#11094,#11095);
#11094 = CARTESIAN_POINT('',(0.,-0.));
#11095 = VECTOR('',#11096,1.);
#11096 = DIRECTION('',(0.,-1.));
#11097 = ( GEOMETRIC_REPRESENTATION_CONTEXT(2) 
PARAMETRIC_REPRESENTATION_CONTEXT() REPRESENTATION_CONTEXT('2D SPACE',''
  ) );
#11098 = PCURVE('',#11066,#11099);
#11099 = DEFINITIONAL_REPRESENTATION('',(#11100),#11104);
#11100 = LINE('',#11101,#11102);
#11101 = CARTESIAN_POINT('',(6.28318530718,-0.));
#11102 = VECTOR('',#11103,1.);
#11103 = DIRECTION('',(0.,-1.));
#11104 = ( GEOMETRIC_REPRESENTATION_CONTEXT(2) 
PARAMETRIC_REPRESENTATION_CONTEXT() REPRESENTATION_CONTEXT('2D SPACE',''
  ) );
#11105 = ORIENTED_EDGE('',*,*,#11106,.F.);
#11106 = EDGE_CURVE('',#11084,#11084,#11107,.T.);
#11107 = SURFACE_CURVE('',#11108,(#11113,#11120),.PCURVE_S1.);
#11108 = CIRCLE('',#11109,7.378171094559);
#11109 = AXIS2_PLACEMENT_3D('',#11110,#11111,#11112);
#11110 = CARTESIAN_POINT('',(74.690540166459,0.,0.));
#11111 = DIRECTION('',(1.,0.,0.));
#11112 = DIRECTION('',(-0.,1.,0.));
#11113 = PCURVE('',#11066,#11114);
#11114 = DEFINITIONAL_REPRESENTATION('',(#11115),#11119);
#11115 = LINE('',#11116,#11117);
#11116 = CARTESIAN_POINT('',(0.,-2.455137988974E-03));
#11117 = VECTOR('',#11118,1.);
#11118 = DIRECTION('',(1.,-0.));
#11119 = ( GEOMETRIC_REPRESENTATION_CONTEXT(2) 
PARAMETRIC_REPRESENTATION_CONTEXT() REPRESENTATION_CONTEXT('2D SPACE',''
  ) );
#11120 = PCURVE('',#11121,#11126);
#11121 = CONICAL_SURFACE('',#11122,7.378171094559,1.558801025776);
#11122 = AXIS2_PLACEMENT_3D('',#11123,#11124,#11125);
#11123 = CARTESIAN_POINT('',(74.690540166459,0.,0.));
#11124 = DIRECTION('',(1.,0.,0.));
#11125 = DIRECTION('',(0.,1.,0.));
#11126 = DEFINITIONAL_REPRESENTATION('',(#11127),#11131);
#11127 = LINE('',#11128,#11129);
#11128 = CARTESIAN_POINT('',(0.,-0.));
#11129 = VECTOR('',#11130,1.);
#11130 = DIRECTION('',(1.,-0.));
#11131 = ( GEOMETRIC_REPRESENTATION_CONTEXT(2) 
PARAMETRIC_REPRESENTATION_CONTEXT() REPRESENTATION_CONTEXT('2D SPACE',''
  ) );
#11132 = ORIENTED_EDGE('',*,*,#11083,.F.);
#11133 = ADVANCED_FACE('',(#11134),#11121,.T.);
#11134 = FACE_BOUND('',#11135,.F.);
#11135 = EDGE_LOOP('',(#11136,#11137,#11160,#11187));
#11136 = ORIENTED_EDGE('',*,*,#11106,.T.);
#11137 = ORIENTED_EDGE('',*,*,#11138,.T.);
#11138 = EDGE_CURVE('',#11084,#11139,#11141,.T.);
#11139 = VERTEX_POINT('',#11140);
#11140 = CARTESIAN_POINT('',(74.688148068396,7.178761064977,0.));
#11141 = SEAM_CURVE('',#11142,(#11146,#11153),.PCURVE_S1.);
#11142 = LINE('',#11143,#11144);
#11143 = CARTESIAN_POINT('',(74.690540166459,7.378171094559,0.));
#11144 = VECTOR('',#11145,1.);
#11145 = DIRECTION('',(-1.199501335956E-02,-0.999928057239,0.));
#11146 = PCURVE('',#11121,#11147);
#11147 = DEFINITIONAL_REPRESENTATION('',(#11148),#11152);
#11148 = LINE('',#11149,#11150);
#11149 = CARTESIAN_POINT('',(0.,-0.));
#11150 = VECTOR('',#11151,1.);
#11151 = DIRECTION('',(0.,-1.));
#11152 = ( GEOMETRIC_REPRESENTATION_CONTEXT(2) 
PARAMETRIC_REPRESENTATION_CONTEXT() REPRESENTATION_CONTEXT('2D SPACE',''
  ) );
#11153 = PCURVE('',#11121,#11154);
#11154 = DEFINITIONAL_REPRESENTATION('',(#11155),#11159);
#11155 = LINE('',#11156,#11157);
#11156 = CARTESIAN_POINT('',(6.28318530718,-0.));
#11157 = VECTOR('',#11158,1.);
#11158 = DIRECTION('',(0.,-1.));
#11159 = ( GEOMETRIC_REPRESENTATION_CONTEXT(2) 
PARAMETRIC_REPRESENTATION_CONTEXT() REPRESENTATION_CONTEXT('2D SPACE',''
  ) );
#11160 = ORIENTED_EDGE('',*,*,#11161,.F.);
#11161 = EDGE_CURVE('',#11139,#11139,#11162,.T.);
#11162 = SURFACE_CURVE('',#11163,(#11168,#11175),.PCURVE_S1.);
#11163 = CIRCLE('',#11164,7.178761064977);
#11164 = AXIS2_PLACEMENT_3D('',#11165,#11166,#11167);
#11165 = CARTESIAN_POINT('',(74.688148068396,0.,0.));
#11166 = DIRECTION('',(1.,0.,0.));
#11167 = DIRECTION('',(-0.,1.,0.));
#11168 = PCURVE('',#11121,#11169);
#11169 = DEFINITIONAL_REPRESENTATION('',(#11170),#11174);
#11170 = LINE('',#11171,#11172);
#11171 = CARTESIAN_POINT('',(0.,-2.392098063012E-03));
#11172 = VECTOR('',#11173,1.);
#11173 = DIRECTION('',(1.,-0.));
#11174 = ( GEOMETRIC_REPRESENTATION_CONTEXT(2) 
PARAMETRIC_REPRESENTATION_CONTEXT() REPRESENTATION_CONTEXT('2D SPACE',''
  ) );
#11175 = PCURVE('',#11176,#11181);
#11176 = CONICAL_SURFACE('',#11177,7.178761064977,1.559118090167);
#11177 = AXIS2_PLACEMENT_3D('',#11178,#11179,#11180);
#11178 = CARTESIAN_POINT('',(74.688148068396,0.,0.));
#11179 = DIRECTION('',(1.,0.,0.));
#11180 = DIRECTION('',(0.,1.,0.));
#11181 = DEFINITIONAL_REPRESENTATION('',(#11182),#11186);
#11182 = LINE('',#11183,#11184);
#11183 = CARTESIAN_POINT('',(0.,-0.));
#11184 = VECTOR('',#11185,1.);
#11185 = DIRECTION('',(1.,-0.));
#11186 = ( GEOMETRIC_REPRESENTATION_CONTEXT(2) 
PARAMETRIC_REPRESENTATION_CONTEXT() REPRESENTATION_CONTEXT('2D SPACE',''
  ) );
#11187 = ORIENTED_EDGE('',*,*,#11138,.F.);
#11188 = ADVANCED_FACE('',(#11189),#11176,.T.);
#11189 = FACE_BOUND('',#11190,.F.);
#11190 = EDGE_LOOP('',(#11191,#11192,#11215,#11242));
#11191 = ORIENTED_EDGE('',*,*,#11161,.T.);
#11192 = ORIENTED_EDGE('',*,*,#11193,.T.);
#11193 = EDGE_CURVE('',#11139,#11194,#11196,.T.);
#11194 = VERTEX_POINT('',#11195);
#11195 = CARTESIAN_POINT('',(74.685819205012,6.979351035394,0.));
#11196 = SEAM_CURVE('',#11197,(#11201,#11208),.PCURVE_S1.);
#11197 = LINE('',#11198,#11199);
#11198 = CARTESIAN_POINT('',(74.688148068396,7.178761064977,0.));
#11199 = VECTOR('',#11200,1.);
#11200 = DIRECTION('',(-1.167797118121E-02,-0.99993181017,0.));
#11201 = PCURVE('',#11176,#11202);
#11202 = DEFINITIONAL_REPRESENTATION('',(#11203),#11207);
#11203 = LINE('',#11204,#11205);
#11204 = CARTESIAN_POINT('',(0.,-0.));
#11205 = VECTOR('',#11206,1.);
#11206 = DIRECTION('',(0.,-1.));
#11207 = ( GEOMETRIC_REPRESENTATION_CONTEXT(2) 
PARAMETRIC_REPRESENTATION_CONTEXT() REPRESENTATION_CONTEXT('2D SPACE',''
  ) );
#11208 = PCURVE('',#11176,#11209);
#11209 = DEFINITIONAL_REPRESENTATION('',(#11210),#11214);
#11210 = LINE('',#11211,#11212);
#11211 = CARTESIAN_POINT('',(6.28318530718,-0.));
#11212 = VECTOR('',#11213,1.);
#11213 = DIRECTION('',(0.,-1.));
#11214 = ( GEOMETRIC_REPRESENTATION_CONTEXT(2) 
PARAMETRIC_REPRESENTATION_CONTEXT() REPRESENTATION_CONTEXT('2D SPACE',''
  ) );
#11215 = ORIENTED_EDGE('',*,*,#11216,.F.);
#11216 = EDGE_CURVE('',#11194,#11194,#11217,.T.);
#11217 = SURFACE_CURVE('',#11218,(#11223,#11230),.PCURVE_S1.);
#11218 = CIRCLE('',#11219,6.979351035394);
#11219 = AXIS2_PLACEMENT_3D('',#11220,#11221,#11222);
#11220 = CARTESIAN_POINT('',(74.685819205012,0.,0.));
#11221 = DIRECTION('',(1.,0.,0.));
#11222 = DIRECTION('',(-0.,1.,0.));
#11223 = PCURVE('',#11176,#11224);
#11224 = DEFINITIONAL_REPRESENTATION('',(#11225),#11229);
#11225 = LINE('',#11226,#11227);
#11226 = CARTESIAN_POINT('',(0.,-2.328863383511E-03));
#11227 = VECTOR('',#11228,1.);
#11228 = DIRECTION('',(1.,-0.));
#11229 = ( GEOMETRIC_REPRESENTATION_CONTEXT(2) 
PARAMETRIC_REPRESENTATION_CONTEXT() REPRESENTATION_CONTEXT('2D SPACE',''
  ) );
#11230 = PCURVE('',#11231,#11236);
#11231 = CONICAL_SURFACE('',#11232,6.979351035394,1.559436108249);
#11232 = AXIS2_PLACEMENT_3D('',#11233,#11234,#11235);
#11233 = CARTESIAN_POINT('',(74.685819205012,0.,0.));
#11234 = DIRECTION('',(1.,0.,0.));
#11235 = DIRECTION('',(0.,1.,0.));
#11236 = DEFINITIONAL_REPRESENTATION('',(#11237),#11241);
#11237 = LINE('',#11238,#11239);
#11238 = CARTESIAN_POINT('',(0.,-0.));
#11239 = VECTOR('',#11240,1.);
#11240 = DIRECTION('',(1.,-0.));
#11241 = ( GEOMETRIC_REPRESENTATION_CONTEXT(2) 
PARAMETRIC_REPRESENTATION_CONTEXT() REPRESENTATION_CONTEXT('2D SPACE',''
  ) );
#11242 = ORIENTED_EDGE('',*,*,#11193,.F.);
#11243 = ADVANCED_FACE('',(#11244),#11231,.T.);
#11244 = FACE_BOUND('',#11245,.F.);
#11245 = EDGE_LOOP('',(#11246,#11247,#11270,#11297));
#11246 = ORIENTED_EDGE('',*,*,#11216,.T.);
#11247 = ORIENTED_EDGE('',*,*,#11248,.T.);
#11248 = EDGE_CURVE('',#11194,#11249,#11251,.T.);
#11249 = VERTEX_POINT('',#11250);
#11250 = CARTESIAN_POINT('',(74.68355376604,6.779941005811,0.));
#11251 = SEAM_CURVE('',#11252,(#11256,#11263),.PCURVE_S1.);
#11252 = LINE('',#11253,#11254);
#11253 = CARTESIAN_POINT('',(74.685819205012,6.979351035394,0.));
#11254 = VECTOR('',#11255,1.);
#11255 = DIRECTION('',(-1.135997419901E-02,-0.999935473411,0.));
#11256 = PCURVE('',#11231,#11257);
#11257 = DEFINITIONAL_REPRESENTATION('',(#11258),#11262);
#11258 = LINE('',#11259,#11260);
#11259 = CARTESIAN_POINT('',(0.,-0.));
#11260 = VECTOR('',#11261,1.);
#11261 = DIRECTION('',(0.,-1.));
#11262 = ( GEOMETRIC_REPRESENTATION_CONTEXT(2) 
PARAMETRIC_REPRESENTATION_CONTEXT() REPRESENTATION_CONTEXT('2D SPACE',''
  ) );
#11263 = PCURVE('',#11231,#11264);
#11264 = DEFINITIONAL_REPRESENTATION('',(#11265),#11269);
#11265 = LINE('',#11266,#11267);
#11266 = CARTESIAN_POINT('',(6.28318530718,-0.));
#11267 = VECTOR('',#11268,1.);
#11268 = DIRECTION('',(0.,-1.));
#11269 = ( GEOMETRIC_REPRESENTATION_CONTEXT(2) 
PARAMETRIC_REPRESENTATION_CONTEXT() REPRESENTATION_CONTEXT('2D SPACE',''
  ) );
#11270 = ORIENTED_EDGE('',*,*,#11271,.F.);
#11271 = EDGE_CURVE('',#11249,#11249,#11272,.T.);
#11272 = SURFACE_CURVE('',#11273,(#11278,#11285),.PCURVE_S1.);
#11273 = CIRCLE('',#11274,6.779941005811);
#11274 = AXIS2_PLACEMENT_3D('',#11275,#11276,#11277);
#11275 = CARTESIAN_POINT('',(74.68355376604,0.,0.));
#11276 = DIRECTION('',(1.,0.,0.));
#11277 = DIRECTION('',(-0.,1.,0.));
#11278 = PCURVE('',#11231,#11279);
#11279 = DEFINITIONAL_REPRESENTATION('',(#11280),#11284);
#11280 = LINE('',#11281,#11282);
#11281 = CARTESIAN_POINT('',(0.,-2.265438972131E-03));
#11282 = VECTOR('',#11283,1.);
#11283 = DIRECTION('',(1.,-0.));
#11284 = ( GEOMETRIC_REPRESENTATION_CONTEXT(2) 
PARAMETRIC_REPRESENTATION_CONTEXT() REPRESENTATION_CONTEXT('2D SPACE',''
  ) );
#11285 = PCURVE('',#11286,#11291);
#11286 = CONICAL_SURFACE('',#11287,6.779941005811,1.559755054671);
#11287 = AXIS2_PLACEMENT_3D('',#11288,#11289,#11290);
#11288 = CARTESIAN_POINT('',(74.68355376604,0.,0.));
#11289 = DIRECTION('',(1.,0.,0.));
#11290 = DIRECTION('',(0.,1.,0.));
#11291 = DEFINITIONAL_REPRESENTATION('',(#11292),#11296);
#11292 = LINE('',#11293,#11294);
#11293 = CARTESIAN_POINT('',(0.,-0.));
#11294 = VECTOR('',#11295,1.);
#11295 = DIRECTION('',(1.,-0.));
#11296 = ( GEOMETRIC_REPRESENTATION_CONTEXT(2) 
PARAMETRIC_REPRESENTATION_CONTEXT() REPRESENTATION_CONTEXT('2D SPACE',''
  ) );
#11297 = ORIENTED_EDGE('',*,*,#11248,.F.);
#11298 = ADVANCED_FACE('',(#11299),#11286,.T.);
#11299 = FACE_BOUND('',#11300,.F.);
#11300 = EDGE_LOOP('',(#11301,#11302,#11325,#11352));
#11301 = ORIENTED_EDGE('',*,*,#11271,.T.);
#11302 = ORIENTED_EDGE('',*,*,#11303,.T.);
#11303 = EDGE_CURVE('',#11249,#11304,#11306,.T.);
#11304 = VERTEX_POINT('',#11305);
#11305 = CARTESIAN_POINT('',(74.681351936164,6.580530976229,0.));
#11306 = SEAM_CURVE('',#11307,(#11311,#11318),.PCURVE_S1.);
#11307 = LINE('',#11308,#11309);
#11308 = CARTESIAN_POINT('',(74.68355376604,6.779941005811,0.));
#11309 = VECTOR('',#11310,1.);
#11310 = DIRECTION('',(-1.104104778545E-02,-0.999939045774,0.));
#11311 = PCURVE('',#11286,#11312);
#11312 = DEFINITIONAL_REPRESENTATION('',(#11313),#11317);
#11313 = LINE('',#11314,#11315);
#11314 = CARTESIAN_POINT('',(0.,-0.));
#11315 = VECTOR('',#11316,1.);
#11316 = DIRECTION('',(0.,-1.));
#11317 = ( GEOMETRIC_REPRESENTATION_CONTEXT(2) 
PARAMETRIC_REPRESENTATION_CONTEXT() REPRESENTATION_CONTEXT('2D SPACE',''
  ) );
#11318 = PCURVE('',#11286,#11319);
#11319 = DEFINITIONAL_REPRESENTATION('',(#11320),#11324);
#11320 = LINE('',#11321,#11322);
#11321 = CARTESIAN_POINT('',(6.28318530718,-0.));
#11322 = VECTOR('',#11323,1.);
#11323 = DIRECTION('',(0.,-1.));
#11324 = ( GEOMETRIC_REPRESENTATION_CONTEXT(2) 
PARAMETRIC_REPRESENTATION_CONTEXT() REPRESENTATION_CONTEXT('2D SPACE',''
  ) );
#11325 = ORIENTED_EDGE('',*,*,#11326,.F.);
#11326 = EDGE_CURVE('',#11304,#11304,#11327,.T.);
#11327 = SURFACE_CURVE('',#11328,(#11333,#11340),.PCURVE_S1.);
#11328 = CIRCLE('',#11329,6.580530976229);
#11329 = AXIS2_PLACEMENT_3D('',#11330,#11331,#11332);
#11330 = CARTESIAN_POINT('',(74.681351936164,0.,0.));
#11331 = DIRECTION('',(1.,0.,0.));
#11332 = DIRECTION('',(-0.,1.,0.));
#11333 = PCURVE('',#11286,#11334);
#11334 = DEFINITIONAL_REPRESENTATION('',(#11335),#11339);
#11335 = LINE('',#11336,#11337);
#11336 = CARTESIAN_POINT('',(0.,-2.201829876356E-03));
#11337 = VECTOR('',#11338,1.);
#11338 = DIRECTION('',(1.,-0.));
#11339 = ( GEOMETRIC_REPRESENTATION_CONTEXT(2) 
PARAMETRIC_REPRESENTATION_CONTEXT() REPRESENTATION_CONTEXT('2D SPACE',''
  ) );
#11340 = PCURVE('',#11341,#11346);
#11341 = CONICAL_SURFACE('',#11342,6.580530976229,1.560074903952);
#11342 = AXIS2_PLACEMENT_3D('',#11343,#11344,#11345);
#11343 = CARTESIAN_POINT('',(74.681351936164,0.,0.));
#11344 = DIRECTION('',(1.,0.,0.));
#11345 = DIRECTION('',(0.,1.,0.));
#11346 = DEFINITIONAL_REPRESENTATION('',(#11347),#11351);
#11347 = LINE('',#11348,#11349);
#11348 = CARTESIAN_POINT('',(0.,-0.));
#11349 = VECTOR('',#11350,1.);
#11350 = DIRECTION('',(1.,-0.));
#11351 = ( GEOMETRIC_REPRESENTATION_CONTEXT(2) 
PARAMETRIC_REPRESENTATION_CONTEXT() REPRESENTATION_CONTEXT('2D SPACE',''
  ) );
#11352 = ORIENTED_EDGE('',*,*,#11303,.F.);
#11353 = ADVANCED_FACE('',(#11354),#11341,.T.);
#11354 = FACE_BOUND('',#11355,.F.);
#11355 = EDGE_LOOP('',(#11356,#11357,#11380,#11407));
#11356 = ORIENTED_EDGE('',*,*,#11326,.T.);
#11357 = ORIENTED_EDGE('',*,*,#11358,.T.);
#11358 = EDGE_CURVE('',#11304,#11359,#11361,.T.);
#11359 = VERTEX_POINT('',#11360);
#11360 = CARTESIAN_POINT('',(74.679213894995,6.381120946646,0.));
#11361 = SEAM_CURVE('',#11362,(#11366,#11373),.PCURVE_S1.);
#11362 = LINE('',#11363,#11364);
#11363 = CARTESIAN_POINT('',(74.681351936164,6.580530976229,0.));
#11364 = VECTOR('',#11365,1.);
#11365 = DIRECTION('',(-1.072121744146E-02,-0.999942526097,0.));
#11366 = PCURVE('',#11341,#11367);
#11367 = DEFINITIONAL_REPRESENTATION('',(#11368),#11372);
#11368 = LINE('',#11369,#11370);
#11369 = CARTESIAN_POINT('',(0.,-0.));
#11370 = VECTOR('',#11371,1.);
#11371 = DIRECTION('',(0.,-1.));
#11372 = ( GEOMETRIC_REPRESENTATION_CONTEXT(2) 
PARAMETRIC_REPRESENTATION_CONTEXT() REPRESENTATION_CONTEXT('2D SPACE',''
  ) );
#11373 = PCURVE('',#11341,#11374);
#11374 = DEFINITIONAL_REPRESENTATION('',(#11375),#11379);
#11375 = LINE('',#11376,#11377);
#11376 = CARTESIAN_POINT('',(6.28318530718,-0.));
#11377 = VECTOR('',#11378,1.);
#11378 = DIRECTION('',(0.,-1.));
#11379 = ( GEOMETRIC_REPRESENTATION_CONTEXT(2) 
PARAMETRIC_REPRESENTATION_CONTEXT() REPRESENTATION_CONTEXT('2D SPACE',''
  ) );
#11380 = ORIENTED_EDGE('',*,*,#11381,.F.);
#11381 = EDGE_CURVE('',#11359,#11359,#11382,.T.);
#11382 = SURFACE_CURVE('',#11383,(#11388,#11395),.PCURVE_S1.);
#11383 = CIRCLE('',#11384,6.381120946646);
#11384 = AXIS2_PLACEMENT_3D('',#11385,#11386,#11387);
#11385 = CARTESIAN_POINT('',(74.679213894995,0.,0.));
#11386 = DIRECTION('',(1.,0.,0.));
#11387 = DIRECTION('',(-0.,1.,0.));
#11388 = PCURVE('',#11341,#11389);
#11389 = DEFINITIONAL_REPRESENTATION('',(#11390),#11394);
#11390 = LINE('',#11391,#11392);
#11391 = CARTESIAN_POINT('',(0.,-2.138041168735E-03));
#11392 = VECTOR('',#11393,1.);
#11393 = DIRECTION('',(1.,-0.));
#11394 = ( GEOMETRIC_REPRESENTATION_CONTEXT(2) 
PARAMETRIC_REPRESENTATION_CONTEXT() REPRESENTATION_CONTEXT('2D SPACE',''
  ) );
#11395 = PCURVE('',#11396,#11401);
#11396 = CONICAL_SURFACE('',#11397,6.381120946646,1.560395630488);
#11397 = AXIS2_PLACEMENT_3D('',#11398,#11399,#11400);
#11398 = CARTESIAN_POINT('',(74.679213894995,0.,0.));
#11399 = DIRECTION('',(1.,0.,0.));
#11400 = DIRECTION('',(0.,1.,0.));
#11401 = DEFINITIONAL_REPRESENTATION('',(#11402),#11406);
#11402 = LINE('',#11403,#11404);
#11403 = CARTESIAN_POINT('',(0.,-0.));
#11404 = VECTOR('',#11405,1.);
#11405 = DIRECTION('',(1.,-0.));
#11406 = ( GEOMETRIC_REPRESENTATION_CONTEXT(2) 
PARAMETRIC_REPRESENTATION_CONTEXT() REPRESENTATION_CONTEXT('2D SPACE',''
  ) );
#11407 = ORIENTED_EDGE('',*,*,#11358,.F.);
#11408 = ADVANCED_FACE('',(#11409),#11396,.T.);
#11409 = FACE_BOUND('',#11410,.F.);
#11410 = EDGE_LOOP('',(#11411,#11412,#11435,#11462));
#11411 = ORIENTED_EDGE('',*,*,#11381,.T.);
#11412 = ORIENTED_EDGE('',*,*,#11413,.T.);
#11413 = EDGE_CURVE('',#11359,#11414,#11416,.T.);
#11414 = VERTEX_POINT('',#11415);
#11415 = CARTESIAN_POINT('',(74.677139817049,6.181710917063,0.));
#11416 = SEAM_CURVE('',#11417,(#11421,#11428),.PCURVE_S1.);
#11417 = LINE('',#11418,#11419);
#11418 = CARTESIAN_POINT('',(74.679213894995,6.381120946646,0.));
#11419 = VECTOR('',#11420,1.);
#11420 = DIRECTION('',(-1.040050879322E-02,-0.999945913246,0.));
#11421 = PCURVE('',#11396,#11422);
#11422 = DEFINITIONAL_REPRESENTATION('',(#11423),#11427);
#11423 = LINE('',#11424,#11425);
#11424 = CARTESIAN_POINT('',(0.,-0.));
#11425 = VECTOR('',#11426,1.);
#11426 = DIRECTION('',(0.,-1.));
#11427 = ( GEOMETRIC_REPRESENTATION_CONTEXT(2) 
PARAMETRIC_REPRESENTATION_CONTEXT() REPRESENTATION_CONTEXT('2D SPACE',''
  ) );
#11428 = PCURVE('',#11396,#11429);
#11429 = DEFINITIONAL_REPRESENTATION('',(#11430),#11434);
#11430 = LINE('',#11431,#11432);
#11431 = CARTESIAN_POINT('',(6.28318530718,-0.));
#11432 = VECTOR('',#11433,1.);
#11433 = DIRECTION('',(0.,-1.));
#11434 = ( GEOMETRIC_REPRESENTATION_CONTEXT(2) 
PARAMETRIC_REPRESENTATION_CONTEXT() REPRESENTATION_CONTEXT('2D SPACE',''
  ) );
#11435 = ORIENTED_EDGE('',*,*,#11436,.F.);
#11436 = EDGE_CURVE('',#11414,#11414,#11437,.T.);
#11437 = SURFACE_CURVE('',#11438,(#11443,#11450),.PCURVE_S1.);
#11438 = CIRCLE('',#11439,6.181710917063);
#11439 = AXIS2_PLACEMENT_3D('',#11440,#11441,#11442);
#11440 = CARTESIAN_POINT('',(74.677139817049,0.,0.));
#11441 = DIRECTION('',(1.,0.,0.));
#11442 = DIRECTION('',(-0.,1.,0.));
#11443 = PCURVE('',#11396,#11444);
#11444 = DEFINITIONAL_REPRESENTATION('',(#11445),#11449);
#11445 = LINE('',#11446,#11447);
#11446 = CARTESIAN_POINT('',(0.,-2.074077946276E-03));
#11447 = VECTOR('',#11448,1.);
#11448 = DIRECTION('',(1.,-0.));
#11449 = ( GEOMETRIC_REPRESENTATION_CONTEXT(2) 
PARAMETRIC_REPRESENTATION_CONTEXT() REPRESENTATION_CONTEXT('2D SPACE',''
  ) );
#11450 = PCURVE('',#11451,#11456);
#11451 = CONICAL_SURFACE('',#11452,6.181710917063,1.560717208553);
#11452 = AXIS2_PLACEMENT_3D('',#11453,#11454,#11455);
#11453 = CARTESIAN_POINT('',(74.677139817049,0.,0.));
#11454 = DIRECTION('',(1.,0.,0.));
#11455 = DIRECTION('',(0.,1.,0.));
#11456 = DEFINITIONAL_REPRESENTATION('',(#11457),#11461);
#11457 = LINE('',#11458,#11459);
#11458 = CARTESIAN_POINT('',(0.,-0.));
#11459 = VECTOR('',#11460,1.);
#11460 = DIRECTION('',(1.,-0.));
#11461 = ( GEOMETRIC_REPRESENTATION_CONTEXT(2) 
PARAMETRIC_REPRESENTATION_CONTEXT() REPRESENTATION_CONTEXT('2D SPACE',''
  ) );
#11462 = ORIENTED_EDGE('',*,*,#11413,.F.);
#11463 = ADVANCED_FACE('',(#11464),#11451,.T.);
#11464 = FACE_BOUND('',#11465,.F.);
#11465 = EDGE_LOOP('',(#11466,#11467,#11490,#11517));
#11466 = ORIENTED_EDGE('',*,*,#11436,.T.);
#11467 = ORIENTED_EDGE('',*,*,#11468,.T.);
#11468 = EDGE_CURVE('',#11414,#11469,#11471,.T.);
#11469 = VERTEX_POINT('',#11470);
#11470 = CARTESIAN_POINT('',(74.675129871719,5.982300887481,0.));
#11471 = SEAM_CURVE('',#11472,(#11476,#11483),.PCURVE_S1.);
#11472 = LINE('',#11473,#11474);
#11473 = CARTESIAN_POINT('',(74.677139817049,6.181710917063,0.));
#11474 = VECTOR('',#11475,1.);
#11475 = DIRECTION('',(-1.007894758846E-02,-0.999949206118,0.));
#11476 = PCURVE('',#11451,#11477);
#11477 = DEFINITIONAL_REPRESENTATION('',(#11478),#11482);
#11478 = LINE('',#11479,#11480);
#11479 = CARTESIAN_POINT('',(0.,-0.));
#11480 = VECTOR('',#11481,1.);
#11481 = DIRECTION('',(0.,-1.));
#11482 = ( GEOMETRIC_REPRESENTATION_CONTEXT(2) 
PARAMETRIC_REPRESENTATION_CONTEXT() REPRESENTATION_CONTEXT('2D SPACE',''
  ) );
#11483 = PCURVE('',#11451,#11484);
#11484 = DEFINITIONAL_REPRESENTATION('',(#11485),#11489);
#11485 = LINE('',#11486,#11487);
#11486 = CARTESIAN_POINT('',(6.28318530718,-0.));
#11487 = VECTOR('',#11488,1.);
#11488 = DIRECTION('',(0.,-1.));
#11489 = ( GEOMETRIC_REPRESENTATION_CONTEXT(2) 
PARAMETRIC_REPRESENTATION_CONTEXT() REPRESENTATION_CONTEXT('2D SPACE',''
  ) );
#11490 = ORIENTED_EDGE('',*,*,#11491,.F.);
#11491 = EDGE_CURVE('',#11469,#11469,#11492,.T.);
#11492 = SURFACE_CURVE('',#11493,(#11498,#11505),.PCURVE_S1.);
#11493 = CIRCLE('',#11494,5.982300887481);
#11494 = AXIS2_PLACEMENT_3D('',#11495,#11496,#11497);
#11495 = CARTESIAN_POINT('',(74.675129871719,0.,0.));
#11496 = DIRECTION('',(1.,0.,0.));
#11497 = DIRECTION('',(-0.,1.,0.));
#11498 = PCURVE('',#11451,#11499);
#11499 = DEFINITIONAL_REPRESENTATION('',(#11500),#11504);
#11500 = LINE('',#11501,#11502);
#11501 = CARTESIAN_POINT('',(0.,-2.009945329704E-03));
#11502 = VECTOR('',#11503,1.);
#11503 = DIRECTION('',(1.,-0.));
#11504 = ( GEOMETRIC_REPRESENTATION_CONTEXT(2) 
PARAMETRIC_REPRESENTATION_CONTEXT() REPRESENTATION_CONTEXT('2D SPACE',''
  ) );
#11505 = PCURVE('',#11506,#11511);
#11506 = CONICAL_SURFACE('',#11507,5.982300887481,1.561039612307);
#11507 = AXIS2_PLACEMENT_3D('',#11508,#11509,#11510);
#11508 = CARTESIAN_POINT('',(74.675129871719,0.,0.));
#11509 = DIRECTION('',(1.,0.,0.));
#11510 = DIRECTION('',(0.,1.,0.));
#11511 = DEFINITIONAL_REPRESENTATION('',(#11512),#11516);
#11512 = LINE('',#11513,#11514);
#11513 = CARTESIAN_POINT('',(0.,-0.));
#11514 = VECTOR('',#11515,1.);
#11515 = DIRECTION('',(1.,-0.));
#11516 = ( GEOMETRIC_REPRESENTATION_CONTEXT(2) 
PARAMETRIC_REPRESENTATION_CONTEXT() REPRESENTATION_CONTEXT('2D SPACE',''
  ) );
#11517 = ORIENTED_EDGE('',*,*,#11468,.F.);
#11518 = ADVANCED_FACE('',(#11519),#11506,.T.);
#11519 = FACE_BOUND('',#11520,.F.);
#11520 = EDGE_LOOP('',(#11521,#11522,#11545,#11572));
#11521 = ORIENTED_EDGE('',*,*,#11491,.T.);
#11522 = ORIENTED_EDGE('',*,*,#11523,.T.);
#11523 = EDGE_CURVE('',#11469,#11524,#11526,.T.);
#11524 = VERTEX_POINT('',#11525);
#11525 = CARTESIAN_POINT('',(74.673184223256,5.782890857898,0.));
#11526 = SEAM_CURVE('',#11527,(#11531,#11538),.PCURVE_S1.);
#11527 = LINE('',#11528,#11529);
#11528 = CARTESIAN_POINT('',(74.675129871719,5.982300887481,0.));
#11529 = VECTOR('',#11530,1.);
#11530 = DIRECTION('',(-9.756559692859E-03,-0.999952403639,0.));
#11531 = PCURVE('',#11506,#11532);
#11532 = DEFINITIONAL_REPRESENTATION('',(#11533),#11537);
#11533 = LINE('',#11534,#11535);
#11534 = CARTESIAN_POINT('',(0.,-0.));
#11535 = VECTOR('',#11536,1.);
#11536 = DIRECTION('',(0.,-1.));
#11537 = ( GEOMETRIC_REPRESENTATION_CONTEXT(2) 
PARAMETRIC_REPRESENTATION_CONTEXT() REPRESENTATION_CONTEXT('2D SPACE',''
  ) );
#11538 = PCURVE('',#11506,#11539);
#11539 = DEFINITIONAL_REPRESENTATION('',(#11540),#11544);
#11540 = LINE('',#11541,#11542);
#11541 = CARTESIAN_POINT('',(6.28318530718,-0.));
#11542 = VECTOR('',#11543,1.);
#11543 = DIRECTION('',(0.,-1.));
#11544 = ( GEOMETRIC_REPRESENTATION_CONTEXT(2) 
PARAMETRIC_REPRESENTATION_CONTEXT() REPRESENTATION_CONTEXT('2D SPACE',''
  ) );
#11545 = ORIENTED_EDGE('',*,*,#11546,.F.);
#11546 = EDGE_CURVE('',#11524,#11524,#11547,.T.);
#11547 = SURFACE_CURVE('',#11548,(#11553,#11560),.PCURVE_S1.);
#11548 = CIRCLE('',#11549,5.782890857898);
#11549 = AXIS2_PLACEMENT_3D('',#11550,#11551,#11552);
#11550 = CARTESIAN_POINT('',(74.673184223256,0.,0.));
#11551 = DIRECTION('',(1.,0.,0.));
#11552 = DIRECTION('',(-0.,1.,0.));
#11553 = PCURVE('',#11506,#11554);
#11554 = DEFINITIONAL_REPRESENTATION('',(#11555),#11559);
#11555 = LINE('',#11556,#11557);
#11556 = CARTESIAN_POINT('',(0.,-1.945648462765E-03));
#11557 = VECTOR('',#11558,1.);
#11558 = DIRECTION('',(1.,-0.));
#11559 = ( GEOMETRIC_REPRESENTATION_CONTEXT(2) 
PARAMETRIC_REPRESENTATION_CONTEXT() REPRESENTATION_CONTEXT('2D SPACE',''
  ) );
#11560 = PCURVE('',#11561,#11566);
#11561 = CONICAL_SURFACE('',#11562,5.782890857898,1.561362815792);
#11562 = AXIS2_PLACEMENT_3D('',#11563,#11564,#11565);
#11563 = CARTESIAN_POINT('',(74.673184223256,0.,0.));
#11564 = DIRECTION('',(1.,0.,0.));
#11565 = DIRECTION('',(0.,1.,0.));
#11566 = DEFINITIONAL_REPRESENTATION('',(#11567),#11571);
#11567 = LINE('',#11568,#11569);
#11568 = CARTESIAN_POINT('',(0.,-0.));
#11569 = VECTOR('',#11570,1.);
#11570 = DIRECTION('',(1.,-0.));
#11571 = ( GEOMETRIC_REPRESENTATION_CONTEXT(2) 
PARAMETRIC_REPRESENTATION_CONTEXT() REPRESENTATION_CONTEXT('2D SPACE',''
  ) );
#11572 = ORIENTED_EDGE('',*,*,#11523,.F.);
#11573 = ADVANCED_FACE('',(#11574),#11561,.T.);
#11574 = FACE_BOUND('',#11575,.F.);
#11575 = EDGE_LOOP('',(#11576,#11577,#11600,#11627));
#11576 = ORIENTED_EDGE('',*,*,#11546,.T.);
#11577 = ORIENTED_EDGE('',*,*,#11578,.T.);
#11578 = EDGE_CURVE('',#11524,#11579,#11581,.T.);
#11579 = VERTEX_POINT('',#11580);
#11580 = CARTESIAN_POINT('',(74.671303030745,5.583480828315,0.));
#11581 = SEAM_CURVE('',#11582,(#11586,#11593),.PCURVE_S1.);
#11582 = LINE('',#11583,#11584);
#11583 = CARTESIAN_POINT('',(74.673184223256,5.782890857898,0.));
#11584 = VECTOR('',#11585,1.);
#11585 = DIRECTION('',(-9.433371087104E-03,-0.999955504765,0.));
#11586 = PCURVE('',#11561,#11587);
#11587 = DEFINITIONAL_REPRESENTATION('',(#11588),#11592);
#11588 = LINE('',#11589,#11590);
#11589 = CARTESIAN_POINT('',(0.,-0.));
#11590 = VECTOR('',#11591,1.);
#11591 = DIRECTION('',(0.,-1.));
#11592 = ( GEOMETRIC_REPRESENTATION_CONTEXT(2) 
PARAMETRIC_REPRESENTATION_CONTEXT() REPRESENTATION_CONTEXT('2D SPACE',''
  ) );
#11593 = PCURVE('',#11561,#11594);
#11594 = DEFINITIONAL_REPRESENTATION('',(#11595),#11599);
#11595 = LINE('',#11596,#11597);
#11596 = CARTESIAN_POINT('',(6.28318530718,-0.));
#11597 = VECTOR('',#11598,1.);
#11598 = DIRECTION('',(0.,-1.));
#11599 = ( GEOMETRIC_REPRESENTATION_CONTEXT(2) 
PARAMETRIC_REPRESENTATION_CONTEXT() REPRESENTATION_CONTEXT('2D SPACE',''
  ) );
#11600 = ORIENTED_EDGE('',*,*,#11601,.F.);
#11601 = EDGE_CURVE('',#11579,#11579,#11602,.T.);
#11602 = SURFACE_CURVE('',#11603,(#11608,#11615),.PCURVE_S1.);
#11603 = CIRCLE('',#11604,5.583480828315);
#11604 = AXIS2_PLACEMENT_3D('',#11605,#11606,#11607);
#11605 = CARTESIAN_POINT('',(74.671303030745,0.,0.));
#11606 = DIRECTION('',(1.,0.,0.));
#11607 = DIRECTION('',(-0.,1.,0.));
#11608 = PCURVE('',#11561,#11609);
#11609 = DEFINITIONAL_REPRESENTATION('',(#11610),#11614);
#11610 = LINE('',#11611,#11612);
#11611 = CARTESIAN_POINT('',(0.,-1.881192511647E-03));
#11612 = VECTOR('',#11613,1.);
#11613 = DIRECTION('',(1.,-0.));
#11614 = ( GEOMETRIC_REPRESENTATION_CONTEXT(2) 
PARAMETRIC_REPRESENTATION_CONTEXT() REPRESENTATION_CONTEXT('2D SPACE',''
  ) );
#11615 = PCURVE('',#11616,#11621);
#11616 = CONICAL_SURFACE('',#11617,5.583480828315,1.561686792942);
#11617 = AXIS2_PLACEMENT_3D('',#11618,#11619,#11620);
#11618 = CARTESIAN_POINT('',(74.671303030745,0.,0.));
#11619 = DIRECTION('',(1.,0.,0.));
#11620 = DIRECTION('',(0.,1.,0.));
#11621 = DEFINITIONAL_REPRESENTATION('',(#11622),#11626);
#11622 = LINE('',#11623,#11624);
#11623 = CARTESIAN_POINT('',(0.,-0.));
#11624 = VECTOR('',#11625,1.);
#11625 = DIRECTION('',(1.,-0.));
#11626 = ( GEOMETRIC_REPRESENTATION_CONTEXT(2) 
PARAMETRIC_REPRESENTATION_CONTEXT() REPRESENTATION_CONTEXT('2D SPACE',''
  ) );
#11627 = ORIENTED_EDGE('',*,*,#11578,.F.);
#11628 = ADVANCED_FACE('',(#11629),#11616,.T.);
#11629 = FACE_BOUND('',#11630,.F.);
#11630 = EDGE_LOOP('',(#11631,#11632,#11655,#11682));
#11631 = ORIENTED_EDGE('',*,*,#11601,.T.);
#11632 = ORIENTED_EDGE('',*,*,#11633,.T.);
#11633 = EDGE_CURVE('',#11579,#11634,#11636,.T.);
#11634 = VERTEX_POINT('',#11635);
#11635 = CARTESIAN_POINT('',(74.66948644808,5.384070798733,0.));
#11636 = SEAM_CURVE('',#11637,(#11641,#11648),.PCURVE_S1.);
#11637 = LINE('',#11638,#11639);
#11638 = CARTESIAN_POINT('',(74.671303030745,5.583480828315,0.));
#11639 = VECTOR('',#11640,1.);
#11640 = DIRECTION('',(-9.109407862682E-03,-0.999958508483,0.));
#11641 = PCURVE('',#11616,#11642);
#11642 = DEFINITIONAL_REPRESENTATION('',(#11643),#11647);
#11643 = LINE('',#11644,#11645);
#11644 = CARTESIAN_POINT('',(0.,-0.));
#11645 = VECTOR('',#11646,1.);
#11646 = DIRECTION('',(0.,-1.));
#11647 = ( GEOMETRIC_REPRESENTATION_CONTEXT(2) 
PARAMETRIC_REPRESENTATION_CONTEXT() REPRESENTATION_CONTEXT('2D SPACE',''
  ) );
#11648 = PCURVE('',#11616,#11649);
#11649 = DEFINITIONAL_REPRESENTATION('',(#11650),#11654);
#11650 = LINE('',#11651,#11652);
#11651 = CARTESIAN_POINT('',(6.28318530718,-0.));
#11652 = VECTOR('',#11653,1.);
#11653 = DIRECTION('',(0.,-1.));
#11654 = ( GEOMETRIC_REPRESENTATION_CONTEXT(2) 
PARAMETRIC_REPRESENTATION_CONTEXT() REPRESENTATION_CONTEXT('2D SPACE',''
  ) );
#11655 = ORIENTED_EDGE('',*,*,#11656,.F.);
#11656 = EDGE_CURVE('',#11634,#11634,#11657,.T.);
#11657 = SURFACE_CURVE('',#11658,(#11663,#11670),.PCURVE_S1.);
#11658 = CIRCLE('',#11659,5.384070798733);
#11659 = AXIS2_PLACEMENT_3D('',#11660,#11661,#11662);
#11660 = CARTESIAN_POINT('',(74.66948644808,0.,0.));
#11661 = DIRECTION('',(1.,0.,0.));
#11662 = DIRECTION('',(-0.,1.,0.));
#11663 = PCURVE('',#11616,#11664);
#11664 = DEFINITIONAL_REPRESENTATION('',(#11665),#11669);
#11665 = LINE('',#11666,#11667);
#11666 = CARTESIAN_POINT('',(0.,-1.816582664148E-03));
#11667 = VECTOR('',#11668,1.);
#11668 = DIRECTION('',(1.,-0.));
#11669 = ( GEOMETRIC_REPRESENTATION_CONTEXT(2) 
PARAMETRIC_REPRESENTATION_CONTEXT() REPRESENTATION_CONTEXT('2D SPACE',''
  ) );
#11670 = PCURVE('',#11671,#11676);
#11671 = CONICAL_SURFACE('',#11672,5.384070798733,1.562011517585);
#11672 = AXIS2_PLACEMENT_3D('',#11673,#11674,#11675);
#11673 = CARTESIAN_POINT('',(74.66948644808,0.,0.));
#11674 = DIRECTION('',(1.,0.,0.));
#11675 = DIRECTION('',(0.,1.,0.));
#11676 = DEFINITIONAL_REPRESENTATION('',(#11677),#11681);
#11677 = LINE('',#11678,#11679);
#11678 = CARTESIAN_POINT('',(0.,-0.));
#11679 = VECTOR('',#11680,1.);
#11680 = DIRECTION('',(1.,-0.));
#11681 = ( GEOMETRIC_REPRESENTATION_CONTEXT(2) 
PARAMETRIC_REPRESENTATION_CONTEXT() REPRESENTATION_CONTEXT('2D SPACE',''
  ) );
#11682 = ORIENTED_EDGE('',*,*,#11633,.F.);
#11683 = ADVANCED_FACE('',(#11684),#11671,.T.);
#11684 = FACE_BOUND('',#11685,.F.);
#11685 = EDGE_LOOP('',(#11686,#11687,#11710,#11737));
#11686 = ORIENTED_EDGE('',*,*,#11656,.T.);
#11687 = ORIENTED_EDGE('',*,*,#11688,.T.);
#11688 = EDGE_CURVE('',#11634,#11689,#11691,.T.);
#11689 = VERTEX_POINT('',#11690);
#11690 = CARTESIAN_POINT('',(74.667734623951,5.18466076915,0.));
#11691 = SEAM_CURVE('',#11692,(#11696,#11703),.PCURVE_S1.);
#11692 = LINE('',#11693,#11694);
#11693 = CARTESIAN_POINT('',(74.66948644808,5.384070798733,0.));
#11694 = VECTOR('',#11695,1.);
#11695 = DIRECTION('',(-8.784696218829E-03,-0.999961413812,0.));
#11696 = PCURVE('',#11671,#11697);
#11697 = DEFINITIONAL_REPRESENTATION('',(#11698),#11702);
#11698 = LINE('',#11699,#11700);
#11699 = CARTESIAN_POINT('',(0.,-0.));
#11700 = VECTOR('',#11701,1.);
#11701 = DIRECTION('',(0.,-1.));
#11702 = ( GEOMETRIC_REPRESENTATION_CONTEXT(2) 
PARAMETRIC_REPRESENTATION_CONTEXT() REPRESENTATION_CONTEXT('2D SPACE',''
  ) );
#11703 = PCURVE('',#11671,#11704);
#11704 = DEFINITIONAL_REPRESENTATION('',(#11705),#11709);
#11705 = LINE('',#11706,#11707);
#11706 = CARTESIAN_POINT('',(6.28318530718,-0.));
#11707 = VECTOR('',#11708,1.);
#11708 = DIRECTION('',(0.,-1.));
#11709 = ( GEOMETRIC_REPRESENTATION_CONTEXT(2) 
PARAMETRIC_REPRESENTATION_CONTEXT() REPRESENTATION_CONTEXT('2D SPACE',''
  ) );
#11710 = ORIENTED_EDGE('',*,*,#11711,.F.);
#11711 = EDGE_CURVE('',#11689,#11689,#11712,.T.);
#11712 = SURFACE_CURVE('',#11713,(#11718,#11725),.PCURVE_S1.);
#11713 = CIRCLE('',#11714,5.18466076915);
#11714 = AXIS2_PLACEMENT_3D('',#11715,#11716,#11717);
#11715 = CARTESIAN_POINT('',(74.667734623951,0.,0.));
#11716 = DIRECTION('',(1.,0.,0.));
#11717 = DIRECTION('',(-0.,1.,0.));
#11718 = PCURVE('',#11671,#11719);
#11719 = DEFINITIONAL_REPRESENTATION('',(#11720),#11724);
#11720 = LINE('',#11721,#11722);
#11721 = CARTESIAN_POINT('',(0.,-1.751824129087E-03));
#11722 = VECTOR('',#11723,1.);
#11723 = DIRECTION('',(1.,-0.));
#11724 = ( GEOMETRIC_REPRESENTATION_CONTEXT(2) 
PARAMETRIC_REPRESENTATION_CONTEXT() REPRESENTATION_CONTEXT('2D SPACE',''
  ) );
#11725 = PCURVE('',#11726,#11731);
#11726 = CONICAL_SURFACE('',#11727,5.18466076915,1.562336963443);
#11727 = AXIS2_PLACEMENT_3D('',#11728,#11729,#11730);
#11728 = CARTESIAN_POINT('',(74.667734623951,0.,0.));
#11729 = DIRECTION('',(1.,0.,0.));
#11730 = DIRECTION('',(0.,1.,0.));
#11731 = DEFINITIONAL_REPRESENTATION('',(#11732),#11736);
#11732 = LINE('',#11733,#11734);
#11733 = CARTESIAN_POINT('',(0.,-0.));
#11734 = VECTOR('',#11735,1.);
#11735 = DIRECTION('',(1.,-0.));
#11736 = ( GEOMETRIC_REPRESENTATION_CONTEXT(2) 
PARAMETRIC_REPRESENTATION_CONTEXT() REPRESENTATION_CONTEXT('2D SPACE',''
  ) );
#11737 = ORIENTED_EDGE('',*,*,#11688,.F.);
#11738 = ADVANCED_FACE('',(#11739),#11726,.T.);
#11739 = FACE_BOUND('',#11740,.F.);
#11740 = EDGE_LOOP('',(#11741,#11742,#11765,#11792));
#11741 = ORIENTED_EDGE('',*,*,#11711,.T.);
#11742 = ORIENTED_EDGE('',*,*,#11743,.T.);
#11743 = EDGE_CURVE('',#11689,#11744,#11746,.T.);
#11744 = VERTEX_POINT('',#11745);
#11745 = CARTESIAN_POINT('',(74.666047701816,4.985250739567,0.));
#11746 = SEAM_CURVE('',#11747,(#11751,#11758),.PCURVE_S1.);
#11747 = LINE('',#11748,#11749);
#11748 = CARTESIAN_POINT('',(74.667734623951,5.18466076915,0.));
#11749 = VECTOR('',#11750,1.);
#11750 = DIRECTION('',(-8.459262458761E-03,-0.999964219799,0.));
#11751 = PCURVE('',#11726,#11752);
#11752 = DEFINITIONAL_REPRESENTATION('',(#11753),#11757);
#11753 = LINE('',#11754,#11755);
#11754 = CARTESIAN_POINT('',(0.,-0.));
#11755 = VECTOR('',#11756,1.);
#11756 = DIRECTION('',(0.,-1.));
#11757 = ( GEOMETRIC_REPRESENTATION_CONTEXT(2) 
PARAMETRIC_REPRESENTATION_CONTEXT() REPRESENTATION_CONTEXT('2D SPACE',''
  ) );
#11758 = PCURVE('',#11726,#11759);
#11759 = DEFINITIONAL_REPRESENTATION('',(#11760),#11764);
#11760 = LINE('',#11761,#11762);
#11761 = CARTESIAN_POINT('',(6.28318530718,-0.));
#11762 = VECTOR('',#11763,1.);
#11763 = DIRECTION('',(0.,-1.));
#11764 = ( GEOMETRIC_REPRESENTATION_CONTEXT(2) 
PARAMETRIC_REPRESENTATION_CONTEXT() REPRESENTATION_CONTEXT('2D SPACE',''
  ) );
#11765 = ORIENTED_EDGE('',*,*,#11766,.F.);
#11766 = EDGE_CURVE('',#11744,#11744,#11767,.T.);
#11767 = SURFACE_CURVE('',#11768,(#11773,#11780),.PCURVE_S1.);
#11768 = CIRCLE('',#11769,4.985250739567);
#11769 = AXIS2_PLACEMENT_3D('',#11770,#11771,#11772);
#11770 = CARTESIAN_POINT('',(74.666047701816,0.,0.));
#11771 = DIRECTION('',(1.,0.,0.));
#11772 = DIRECTION('',(-0.,1.,0.));
#11773 = PCURVE('',#11726,#11774);
#11774 = DEFINITIONAL_REPRESENTATION('',(#11775),#11779);
#11775 = LINE('',#11776,#11777);
#11776 = CARTESIAN_POINT('',(0.,-1.686922135562E-03));
#11777 = VECTOR('',#11778,1.);
#11778 = DIRECTION('',(1.,-0.));
#11779 = ( GEOMETRIC_REPRESENTATION_CONTEXT(2) 
PARAMETRIC_REPRESENTATION_CONTEXT() REPRESENTATION_CONTEXT('2D SPACE',''
  ) );
#11780 = PCURVE('',#11781,#11786);
#11781 = CONICAL_SURFACE('',#11782,4.985250739567,1.562663104141);
#11782 = AXIS2_PLACEMENT_3D('',#11783,#11784,#11785);
#11783 = CARTESIAN_POINT('',(74.666047701816,0.,0.));
#11784 = DIRECTION('',(1.,0.,0.));
#11785 = DIRECTION('',(0.,1.,0.));
#11786 = DEFINITIONAL_REPRESENTATION('',(#11787),#11791);
#11787 = LINE('',#11788,#11789);
#11788 = CARTESIAN_POINT('',(0.,-0.));
#11789 = VECTOR('',#11790,1.);
#11790 = DIRECTION('',(1.,-0.));
#11791 = ( GEOMETRIC_REPRESENTATION_CONTEXT(2) 
PARAMETRIC_REPRESENTATION_CONTEXT() REPRESENTATION_CONTEXT('2D SPACE',''
  ) );
#11792 = ORIENTED_EDGE('',*,*,#11743,.F.);
#11793 = ADVANCED_FACE('',(#11794),#11781,.T.);
#11794 = FACE_BOUND('',#11795,.F.);
#11795 = EDGE_LOOP('',(#11796,#11797,#11820,#11847));
#11796 = ORIENTED_EDGE('',*,*,#11766,.T.);
#11797 = ORIENTED_EDGE('',*,*,#11798,.T.);
#11798 = EDGE_CURVE('',#11744,#11799,#11801,.T.);
#11799 = VERTEX_POINT('',#11800);
#11800 = CARTESIAN_POINT('',(74.664425819884,4.785840709985,0.));
#11801 = SEAM_CURVE('',#11802,(#11806,#11813),.PCURVE_S1.);
#11802 = LINE('',#11803,#11804);
#11803 = CARTESIAN_POINT('',(74.666047701816,4.985250739567,0.));
#11804 = VECTOR('',#11805,1.);
#11805 = DIRECTION('',(-8.133132986046E-03,-0.999966925527,0.));
#11806 = PCURVE('',#11781,#11807);
#11807 = DEFINITIONAL_REPRESENTATION('',(#11808),#11812);
#11808 = LINE('',#11809,#11810);
#11809 = CARTESIAN_POINT('',(0.,-0.));
#11810 = VECTOR('',#11811,1.);
#11811 = DIRECTION('',(0.,-1.));
#11812 = ( GEOMETRIC_REPRESENTATION_CONTEXT(2) 
PARAMETRIC_REPRESENTATION_CONTEXT() REPRESENTATION_CONTEXT('2D SPACE',''
  ) );
#11813 = PCURVE('',#11781,#11814);
#11814 = DEFINITIONAL_REPRESENTATION('',(#11815),#11819);
#11815 = LINE('',#11816,#11817);
#11816 = CARTESIAN_POINT('',(6.28318530718,-0.));
#11817 = VECTOR('',#11818,1.);
#11818 = DIRECTION('',(0.,-1.));
#11819 = ( GEOMETRIC_REPRESENTATION_CONTEXT(2) 
PARAMETRIC_REPRESENTATION_CONTEXT() REPRESENTATION_CONTEXT('2D SPACE',''
  ) );
#11820 = ORIENTED_EDGE('',*,*,#11821,.F.);
#11821 = EDGE_CURVE('',#11799,#11799,#11822,.T.);
#11822 = SURFACE_CURVE('',#11823,(#11828,#11835),.PCURVE_S1.);
#11823 = CIRCLE('',#11824,4.785840709985);
#11824 = AXIS2_PLACEMENT_3D('',#11825,#11826,#11827);
#11825 = CARTESIAN_POINT('',(74.664425819884,0.,0.));
#11826 = DIRECTION('',(1.,0.,0.));
#11827 = DIRECTION('',(-0.,1.,0.));
#11828 = PCURVE('',#11781,#11829);
#11829 = DEFINITIONAL_REPRESENTATION('',(#11830),#11834);
#11830 = LINE('',#11831,#11832);
#11831 = CARTESIAN_POINT('',(0.,-1.621881932238E-03));
#11832 = VECTOR('',#11833,1.);
#11833 = DIRECTION('',(1.,-0.));
#11834 = ( GEOMETRIC_REPRESENTATION_CONTEXT(2) 
PARAMETRIC_REPRESENTATION_CONTEXT() REPRESENTATION_CONTEXT('2D SPACE',''
  ) );
#11835 = PCURVE('',#11836,#11841);
#11836 = CONICAL_SURFACE('',#11837,4.785840709985,1.562989913207);
#11837 = AXIS2_PLACEMENT_3D('',#11838,#11839,#11840);
#11838 = CARTESIAN_POINT('',(74.664425819884,0.,0.));
#11839 = DIRECTION('',(1.,0.,0.));
#11840 = DIRECTION('',(0.,1.,0.));
#11841 = DEFINITIONAL_REPRESENTATION('',(#11842),#11846);
#11842 = LINE('',#11843,#11844);
#11843 = CARTESIAN_POINT('',(0.,-0.));
#11844 = VECTOR('',#11845,1.);
#11845 = DIRECTION('',(1.,-0.));
#11846 = ( GEOMETRIC_REPRESENTATION_CONTEXT(2) 
PARAMETRIC_REPRESENTATION_CONTEXT() REPRESENTATION_CONTEXT('2D SPACE',''
  ) );
#11847 = ORIENTED_EDGE('',*,*,#11798,.F.);
#11848 = ADVANCED_FACE('',(#11849),#11836,.T.);
#11849 = FACE_BOUND('',#11850,.F.);
#11850 = EDGE_LOOP('',(#11851,#11852,#11875,#11902));
#11851 = ORIENTED_EDGE('',*,*,#11821,.T.);
#11852 = ORIENTED_EDGE('',*,*,#11853,.T.);
#11853 = EDGE_CURVE('',#11799,#11854,#11856,.T.);
#11854 = VERTEX_POINT('',#11855);
#11855 = CARTESIAN_POINT('',(74.662869111097,4.586430680402,0.));
#11856 = SEAM_CURVE('',#11857,(#11861,#11868),.PCURVE_S1.);
#11857 = LINE('',#11858,#11859);
#11858 = CARTESIAN_POINT('',(74.664425819884,4.785840709985,0.));
#11859 = VECTOR('',#11860,1.);
#11860 = DIRECTION('',(-7.806334301185E-03,-0.999969530108,0.));
#11861 = PCURVE('',#11836,#11862);
#11862 = DEFINITIONAL_REPRESENTATION('',(#11863),#11867);
#11863 = LINE('',#11864,#11865);
#11864 = CARTESIAN_POINT('',(0.,-0.));
#11865 = VECTOR('',#11866,1.);
#11866 = DIRECTION('',(0.,-1.));
#11867 = ( GEOMETRIC_REPRESENTATION_CONTEXT(2) 
PARAMETRIC_REPRESENTATION_CONTEXT() REPRESENTATION_CONTEXT('2D SPACE',''
  ) );
#11868 = PCURVE('',#11836,#11869);
#11869 = DEFINITIONAL_REPRESENTATION('',(#11870),#11874);
#11870 = LINE('',#11871,#11872);
#11871 = CARTESIAN_POINT('',(6.28318530718,-0.));
#11872 = VECTOR('',#11873,1.);
#11873 = DIRECTION('',(0.,-1.));
#11874 = ( GEOMETRIC_REPRESENTATION_CONTEXT(2) 
PARAMETRIC_REPRESENTATION_CONTEXT() REPRESENTATION_CONTEXT('2D SPACE',''
  ) );
#11875 = ORIENTED_EDGE('',*,*,#11876,.F.);
#11876 = EDGE_CURVE('',#11854,#11854,#11877,.T.);
#11877 = SURFACE_CURVE('',#11878,(#11883,#11890),.PCURVE_S1.);
#11878 = CIRCLE('',#11879,4.586430680402);
#11879 = AXIS2_PLACEMENT_3D('',#11880,#11881,#11882);
#11880 = CARTESIAN_POINT('',(74.662869111097,0.,0.));
#11881 = DIRECTION('',(1.,0.,0.));
#11882 = DIRECTION('',(-0.,1.,0.));
#11883 = PCURVE('',#11836,#11884);
#11884 = DEFINITIONAL_REPRESENTATION('',(#11885),#11889);
#11885 = LINE('',#11886,#11887);
#11886 = CARTESIAN_POINT('',(0.,-1.55670878668E-03));
#11887 = VECTOR('',#11888,1.);
#11888 = DIRECTION('',(1.,-0.));
#11889 = ( GEOMETRIC_REPRESENTATION_CONTEXT(2) 
PARAMETRIC_REPRESENTATION_CONTEXT() REPRESENTATION_CONTEXT('2D SPACE',''
  ) );
#11890 = PCURVE('',#11891,#11896);
#11891 = CONICAL_SURFACE('',#11892,4.586430680402,1.563317364075);
#11892 = AXIS2_PLACEMENT_3D('',#11893,#11894,#11895);
#11893 = CARTESIAN_POINT('',(74.662869111097,0.,0.));
#11894 = DIRECTION('',(1.,0.,0.));
#11895 = DIRECTION('',(0.,1.,0.));
#11896 = DEFINITIONAL_REPRESENTATION('',(#11897),#11901);
#11897 = LINE('',#11898,#11899);
#11898 = CARTESIAN_POINT('',(0.,-0.));
#11899 = VECTOR('',#11900,1.);
#11900 = DIRECTION('',(1.,-0.));
#11901 = ( GEOMETRIC_REPRESENTATION_CONTEXT(2) 
PARAMETRIC_REPRESENTATION_CONTEXT() REPRESENTATION_CONTEXT('2D SPACE',''
  ) );
#11902 = ORIENTED_EDGE('',*,*,#11853,.F.);
#11903 = ADVANCED_FACE('',(#11904),#11891,.T.);
#11904 = FACE_BOUND('',#11905,.F.);
#11905 = EDGE_LOOP('',(#11906,#11907,#11930,#11957));
#11906 = ORIENTED_EDGE('',*,*,#11876,.T.);
#11907 = ORIENTED_EDGE('',*,*,#11908,.T.);
#11908 = EDGE_CURVE('',#11854,#11909,#11911,.T.);
#11909 = VERTEX_POINT('',#11910);
#11910 = CARTESIAN_POINT('',(74.661377703112,4.387020650819,0.));
#11911 = SEAM_CURVE('',#11912,(#11916,#11923),.PCURVE_S1.);
#11912 = LINE('',#11913,#11914);
#11913 = CARTESIAN_POINT('',(74.662869111097,4.586430680402,0.));
#11914 = VECTOR('',#11915,1.);
#11915 = DIRECTION('',(-7.478892997412E-03,-0.999972032689,0.));
#11916 = PCURVE('',#11891,#11917);
#11917 = DEFINITIONAL_REPRESENTATION('',(#11918),#11922);
#11918 = LINE('',#11919,#11920);
#11919 = CARTESIAN_POINT('',(0.,-0.));
#11920 = VECTOR('',#11921,1.);
#11921 = DIRECTION('',(0.,-1.));
#11922 = ( GEOMETRIC_REPRESENTATION_CONTEXT(2) 
PARAMETRIC_REPRESENTATION_CONTEXT() REPRESENTATION_CONTEXT('2D SPACE',''
  ) );
#11923 = PCURVE('',#11891,#11924);
#11924 = DEFINITIONAL_REPRESENTATION('',(#11925),#11929);
#11925 = LINE('',#11926,#11927);
#11926 = CARTESIAN_POINT('',(6.28318530718,-0.));
#11927 = VECTOR('',#11928,1.);
#11928 = DIRECTION('',(0.,-1.));
#11929 = ( GEOMETRIC_REPRESENTATION_CONTEXT(2) 
PARAMETRIC_REPRESENTATION_CONTEXT() REPRESENTATION_CONTEXT('2D SPACE',''
  ) );
#11930 = ORIENTED_EDGE('',*,*,#11931,.F.);
#11931 = EDGE_CURVE('',#11909,#11909,#11932,.T.);
#11932 = SURFACE_CURVE('',#11933,(#11938,#11945),.PCURVE_S1.);
#11933 = CIRCLE('',#11934,4.387020650819);
#11934 = AXIS2_PLACEMENT_3D('',#11935,#11936,#11937);
#11935 = CARTESIAN_POINT('',(74.661377703112,0.,0.));
#11936 = DIRECTION('',(1.,0.,0.));
#11937 = DIRECTION('',(-0.,1.,0.));
#11938 = PCURVE('',#11891,#11939);
#11939 = DEFINITIONAL_REPRESENTATION('',(#11940),#11944);
#11940 = LINE('',#11941,#11942);
#11941 = CARTESIAN_POINT('',(0.,-1.491407984531E-03));
#11942 = VECTOR('',#11943,1.);
#11943 = DIRECTION('',(1.,-0.));
#11944 = ( GEOMETRIC_REPRESENTATION_CONTEXT(2) 
PARAMETRIC_REPRESENTATION_CONTEXT() REPRESENTATION_CONTEXT('2D SPACE',''
  ) );
#11945 = PCURVE('',#11946,#11951);
#11946 = CONICAL_SURFACE('',#11947,4.387020650819,1.563645430093);
#11947 = AXIS2_PLACEMENT_3D('',#11948,#11949,#11950);
#11948 = CARTESIAN_POINT('',(74.661377703112,0.,0.));
#11949 = DIRECTION('',(1.,0.,0.));
#11950 = DIRECTION('',(0.,1.,0.));
#11951 = DEFINITIONAL_REPRESENTATION('',(#11952),#11956);
#11952 = LINE('',#11953,#11954);
#11953 = CARTESIAN_POINT('',(0.,-0.));
#11954 = VECTOR('',#11955,1.);
#11955 = DIRECTION('',(1.,-0.));
#11956 = ( GEOMETRIC_REPRESENTATION_CONTEXT(2) 
PARAMETRIC_REPRESENTATION_CONTEXT() REPRESENTATION_CONTEXT('2D SPACE',''
  ) );
#11957 = ORIENTED_EDGE('',*,*,#11908,.F.);
#11958 = ADVANCED_FACE('',(#11959),#11946,.T.);
#11959 = FACE_BOUND('',#11960,.F.);
#11960 = EDGE_LOOP('',(#11961,#11962,#11985,#12012));
#11961 = ORIENTED_EDGE('',*,*,#11931,.T.);
#11962 = ORIENTED_EDGE('',*,*,#11963,.T.);
#11963 = EDGE_CURVE('',#11909,#11964,#11966,.T.);
#11964 = VERTEX_POINT('',#11965);
#11965 = CARTESIAN_POINT('',(74.659951718283,4.187610621236,0.));
#11966 = SEAM_CURVE('',#11967,(#11971,#11978),.PCURVE_S1.);
#11967 = LINE('',#11968,#11969);
#11968 = CARTESIAN_POINT('',(74.661377703112,4.387020650819,0.));
#11969 = VECTOR('',#11970,1.);
#11970 = DIRECTION('',(-7.150835758274E-03,-0.999974432447,0.));
#11971 = PCURVE('',#11946,#11972);
#11972 = DEFINITIONAL_REPRESENTATION('',(#11973),#11977);
#11973 = LINE('',#11974,#11975);
#11974 = CARTESIAN_POINT('',(0.,-0.));
#11975 = VECTOR('',#11976,1.);
#11976 = DIRECTION('',(0.,-1.));
#11977 = ( GEOMETRIC_REPRESENTATION_CONTEXT(2) 
PARAMETRIC_REPRESENTATION_CONTEXT() REPRESENTATION_CONTEXT('2D SPACE',''
  ) );
#11978 = PCURVE('',#11946,#11979);
#11979 = DEFINITIONAL_REPRESENTATION('',(#11980),#11984);
#11980 = LINE('',#11981,#11982);
#11981 = CARTESIAN_POINT('',(6.28318530718,-0.));
#11982 = VECTOR('',#11983,1.);
#11983 = DIRECTION('',(0.,-1.));
#11984 = ( GEOMETRIC_REPRESENTATION_CONTEXT(2) 
PARAMETRIC_REPRESENTATION_CONTEXT() REPRESENTATION_CONTEXT('2D SPACE',''
  ) );
#11985 = ORIENTED_EDGE('',*,*,#11986,.F.);
#11986 = EDGE_CURVE('',#11964,#11964,#11987,.T.);
#11987 = SURFACE_CURVE('',#11988,(#11993,#12000),.PCURVE_S1.);
#11988 = CIRCLE('',#11989,4.187610621236);
#11989 = AXIS2_PLACEMENT_3D('',#11990,#11991,#11992);
#11990 = CARTESIAN_POINT('',(74.659951718283,0.,0.));
#11991 = DIRECTION('',(1.,0.,0.));
#11992 = DIRECTION('',(-0.,1.,0.));
#11993 = PCURVE('',#11946,#11994);
#11994 = DEFINITIONAL_REPRESENTATION('',(#11995),#11999);
#11995 = LINE('',#11996,#11997);
#11996 = CARTESIAN_POINT('',(0.,-1.425984829041E-03));
#11997 = VECTOR('',#11998,1.);
#11998 = DIRECTION('',(1.,-0.));
#11999 = ( GEOMETRIC_REPRESENTATION_CONTEXT(2) 
PARAMETRIC_REPRESENTATION_CONTEXT() REPRESENTATION_CONTEXT('2D SPACE',''
  ) );
#12000 = PCURVE('',#12001,#12006);
#12001 = CONICAL_SURFACE('',#12002,4.187610621236,1.563974084522);
#12002 = AXIS2_PLACEMENT_3D('',#12003,#12004,#12005);
#12003 = CARTESIAN_POINT('',(74.659951718283,0.,0.));
#12004 = DIRECTION('',(1.,0.,0.));
#12005 = DIRECTION('',(0.,1.,0.));
#12006 = DEFINITIONAL_REPRESENTATION('',(#12007),#12011);
#12007 = LINE('',#12008,#12009);
#12008 = CARTESIAN_POINT('',(0.,-0.));
#12009 = VECTOR('',#12010,1.);
#12010 = DIRECTION('',(1.,-0.));
#12011 = ( GEOMETRIC_REPRESENTATION_CONTEXT(2) 
PARAMETRIC_REPRESENTATION_CONTEXT() REPRESENTATION_CONTEXT('2D SPACE',''
  ) );
#12012 = ORIENTED_EDGE('',*,*,#11963,.F.);
#12013 = ADVANCED_FACE('',(#12014),#12001,.T.);
#12014 = FACE_BOUND('',#12015,.F.);
#12015 = EDGE_LOOP('',(#12016,#12017,#12040,#12067));
#12016 = ORIENTED_EDGE('',*,*,#11986,.T.);
#12017 = ORIENTED_EDGE('',*,*,#12018,.T.);
#12018 = EDGE_CURVE('',#11964,#12019,#12021,.T.);
#12019 = VERTEX_POINT('',#12020);
#12020 = CARTESIAN_POINT('',(74.658591273643,3.988200591654,0.));
#12021 = SEAM_CURVE('',#12022,(#12026,#12033),.PCURVE_S1.);
#12022 = LINE('',#12023,#12024);
#12023 = CARTESIAN_POINT('',(74.659951718283,4.187610621236,0.));
#12024 = VECTOR('',#12025,1.);
#12025 = DIRECTION('',(-6.822189352205E-03,-0.999976728595,0.));
#12026 = PCURVE('',#12001,#12027);
#12027 = DEFINITIONAL_REPRESENTATION('',(#12028),#12032);
#12028 = LINE('',#12029,#12030);
#12029 = CARTESIAN_POINT('',(0.,-0.));
#12030 = VECTOR('',#12031,1.);
#12031 = DIRECTION('',(0.,-1.));
#12032 = ( GEOMETRIC_REPRESENTATION_CONTEXT(2) 
PARAMETRIC_REPRESENTATION_CONTEXT() REPRESENTATION_CONTEXT('2D SPACE',''
  ) );
#12033 = PCURVE('',#12001,#12034);
#12034 = DEFINITIONAL_REPRESENTATION('',(#12035),#12039);
#12035 = LINE('',#12036,#12037);
#12036 = CARTESIAN_POINT('',(6.28318530718,-0.));
#12037 = VECTOR('',#12038,1.);
#12038 = DIRECTION('',(0.,-1.));
#12039 = ( GEOMETRIC_REPRESENTATION_CONTEXT(2) 
PARAMETRIC_REPRESENTATION_CONTEXT() REPRESENTATION_CONTEXT('2D SPACE',''
  ) );
#12040 = ORIENTED_EDGE('',*,*,#12041,.F.);
#12041 = EDGE_CURVE('',#12019,#12019,#12042,.T.);
#12042 = SURFACE_CURVE('',#12043,(#12048,#12055),.PCURVE_S1.);
#12043 = CIRCLE('',#12044,3.988200591654);
#12044 = AXIS2_PLACEMENT_3D('',#12045,#12046,#12047);
#12045 = CARTESIAN_POINT('',(74.658591273643,0.,0.));
#12046 = DIRECTION('',(1.,0.,0.));
#12047 = DIRECTION('',(-0.,1.,0.));
#12048 = PCURVE('',#12001,#12049);
#12049 = DEFINITIONAL_REPRESENTATION('',(#12050),#12054);
#12050 = LINE('',#12051,#12052);
#12051 = CARTESIAN_POINT('',(0.,-1.360444639999E-03));
#12052 = VECTOR('',#12053,1.);
#12053 = DIRECTION('',(1.,-0.));
#12054 = ( GEOMETRIC_REPRESENTATION_CONTEXT(2) 
PARAMETRIC_REPRESENTATION_CONTEXT() REPRESENTATION_CONTEXT('2D SPACE',''
  ) );
#12055 = PCURVE('',#12056,#12061);
#12056 = CONICAL_SURFACE('',#12057,3.988200591654,1.564303300541);
#12057 = AXIS2_PLACEMENT_3D('',#12058,#12059,#12060);
#12058 = CARTESIAN_POINT('',(74.658591273643,0.,0.));
#12059 = DIRECTION('',(1.,0.,0.));
#12060 = DIRECTION('',(0.,1.,0.));
#12061 = DEFINITIONAL_REPRESENTATION('',(#12062),#12066);
#12062 = LINE('',#12063,#12064);
#12063 = CARTESIAN_POINT('',(0.,-0.));
#12064 = VECTOR('',#12065,1.);
#12065 = DIRECTION('',(1.,-0.));
#12066 = ( GEOMETRIC_REPRESENTATION_CONTEXT(2) 
PARAMETRIC_REPRESENTATION_CONTEXT() REPRESENTATION_CONTEXT('2D SPACE',''
  ) );
#12067 = ORIENTED_EDGE('',*,*,#12018,.F.);
#12068 = ADVANCED_FACE('',(#12069),#12056,.T.);
#12069 = FACE_BOUND('',#12070,.F.);
#12070 = EDGE_LOOP('',(#12071,#12072,#12095,#12122));
#12071 = ORIENTED_EDGE('',*,*,#12041,.T.);
#12072 = ORIENTED_EDGE('',*,*,#12073,.T.);
#12073 = EDGE_CURVE('',#12019,#12074,#12076,.T.);
#12074 = VERTEX_POINT('',#12075);
#12075 = CARTESIAN_POINT('',(74.65729648089,3.788790562071,0.));
#12076 = SEAM_CURVE('',#12077,(#12081,#12088),.PCURVE_S1.);
#12077 = LINE('',#12078,#12079);
#12078 = CARTESIAN_POINT('',(74.658591273643,3.988200591654,0.));
#12079 = VECTOR('',#12080,1.);
#12080 = DIRECTION('',(-6.492980630539E-03,-0.999978920379,0.));
#12081 = PCURVE('',#12056,#12082);
#12082 = DEFINITIONAL_REPRESENTATION('',(#12083),#12087);
#12083 = LINE('',#12084,#12085);
#12084 = CARTESIAN_POINT('',(0.,-0.));
#12085 = VECTOR('',#12086,1.);
#12086 = DIRECTION('',(0.,-1.));
#12087 = ( GEOMETRIC_REPRESENTATION_CONTEXT(2) 
PARAMETRIC_REPRESENTATION_CONTEXT() REPRESENTATION_CONTEXT('2D SPACE',''
  ) );
#12088 = PCURVE('',#12056,#12089);
#12089 = DEFINITIONAL_REPRESENTATION('',(#12090),#12094);
#12090 = LINE('',#12091,#12092);
#12091 = CARTESIAN_POINT('',(6.28318530718,-0.));
#12092 = VECTOR('',#12093,1.);
#12093 = DIRECTION('',(0.,-1.));
#12094 = ( GEOMETRIC_REPRESENTATION_CONTEXT(2) 
PARAMETRIC_REPRESENTATION_CONTEXT() REPRESENTATION_CONTEXT('2D SPACE',''
  ) );
#12095 = ORIENTED_EDGE('',*,*,#12096,.F.);
#12096 = EDGE_CURVE('',#12074,#12074,#12097,.T.);
#12097 = SURFACE_CURVE('',#12098,(#12103,#12110),.PCURVE_S1.);
#12098 = CIRCLE('',#12099,3.788790562071);
#12099 = AXIS2_PLACEMENT_3D('',#12100,#12101,#12102);
#12100 = CARTESIAN_POINT('',(74.65729648089,0.,0.));
#12101 = DIRECTION('',(1.,0.,0.));
#12102 = DIRECTION('',(-0.,1.,0.));
#12103 = PCURVE('',#12056,#12104);
#12104 = DEFINITIONAL_REPRESENTATION('',(#12105),#12109);
#12105 = LINE('',#12106,#12107);
#12106 = CARTESIAN_POINT('',(0.,-1.294792753356E-03));
#12107 = VECTOR('',#12108,1.);
#12108 = DIRECTION('',(1.,-0.));
#12109 = ( GEOMETRIC_REPRESENTATION_CONTEXT(2) 
PARAMETRIC_REPRESENTATION_CONTEXT() REPRESENTATION_CONTEXT('2D SPACE',''
  ) );
#12110 = PCURVE('',#12111,#12116);
#12111 = CONICAL_SURFACE('',#12112,3.788790562071,1.564633051253);
#12112 = AXIS2_PLACEMENT_3D('',#12113,#12114,#12115);
#12113 = CARTESIAN_POINT('',(74.65729648089,0.,0.));
#12114 = DIRECTION('',(1.,0.,0.));
#12115 = DIRECTION('',(0.,1.,0.));
#12116 = DEFINITIONAL_REPRESENTATION('',(#12117),#12121);
#12117 = LINE('',#12118,#12119);
#12118 = CARTESIAN_POINT('',(0.,-0.));
#12119 = VECTOR('',#12120,1.);
#12120 = DIRECTION('',(1.,-0.));
#12121 = ( GEOMETRIC_REPRESENTATION_CONTEXT(2) 
PARAMETRIC_REPRESENTATION_CONTEXT() REPRESENTATION_CONTEXT('2D SPACE',''
  ) );
#12122 = ORIENTED_EDGE('',*,*,#12073,.F.);
#12123 = ADVANCED_FACE('',(#12124),#12111,.T.);
#12124 = FACE_BOUND('',#12125,.F.);
#12125 = EDGE_LOOP('',(#12126,#12127,#12150,#12177));
#12126 = ORIENTED_EDGE('',*,*,#12096,.T.);
#12127 = ORIENTED_EDGE('',*,*,#12128,.T.);
#12128 = EDGE_CURVE('',#12074,#12129,#12131,.T.);
#12129 = VERTEX_POINT('',#12130);
#12130 = CARTESIAN_POINT('',(74.65606744637,3.589380532488,0.));
#12131 = SEAM_CURVE('',#12132,(#12136,#12143),.PCURVE_S1.);
#12132 = LINE('',#12133,#12134);
#12133 = CARTESIAN_POINT('',(74.65729648089,3.788790562071,0.));
#12134 = VECTOR('',#12135,1.);
#12135 = DIRECTION('',(-6.163236522579E-03,-0.999981007077,0.));
#12136 = PCURVE('',#12111,#12137);
#12137 = DEFINITIONAL_REPRESENTATION('',(#12138),#12142);
#12138 = LINE('',#12139,#12140);
#12139 = CARTESIAN_POINT('',(0.,-0.));
#12140 = VECTOR('',#12141,1.);
#12141 = DIRECTION('',(0.,-1.));
#12142 = ( GEOMETRIC_REPRESENTATION_CONTEXT(2) 
PARAMETRIC_REPRESENTATION_CONTEXT() REPRESENTATION_CONTEXT('2D SPACE',''
  ) );
#12143 = PCURVE('',#12111,#12144);
#12144 = DEFINITIONAL_REPRESENTATION('',(#12145),#12149);
#12145 = LINE('',#12146,#12147);
#12146 = CARTESIAN_POINT('',(6.28318530718,-0.));
#12147 = VECTOR('',#12148,1.);
#12148 = DIRECTION('',(0.,-1.));
#12149 = ( GEOMETRIC_REPRESENTATION_CONTEXT(2) 
PARAMETRIC_REPRESENTATION_CONTEXT() REPRESENTATION_CONTEXT('2D SPACE',''
  ) );
#12150 = ORIENTED_EDGE('',*,*,#12151,.F.);
#12151 = EDGE_CURVE('',#12129,#12129,#12152,.T.);
#12152 = SURFACE_CURVE('',#12153,(#12158,#12165),.PCURVE_S1.);
#12153 = CIRCLE('',#12154,3.589380532488);
#12154 = AXIS2_PLACEMENT_3D('',#12155,#12156,#12157);
#12155 = CARTESIAN_POINT('',(74.65606744637,0.,0.));
#12156 = DIRECTION('',(1.,0.,0.));
#12157 = DIRECTION('',(-0.,1.,0.));
#12158 = PCURVE('',#12111,#12159);
#12159 = DEFINITIONAL_REPRESENTATION('',(#12160),#12164);
#12160 = LINE('',#12161,#12162);
#12161 = CARTESIAN_POINT('',(0.,-1.22903452025E-03));
#12162 = VECTOR('',#12163,1.);
#12163 = DIRECTION('',(1.,-0.));
#12164 = ( GEOMETRIC_REPRESENTATION_CONTEXT(2) 
PARAMETRIC_REPRESENTATION_CONTEXT() REPRESENTATION_CONTEXT('2D SPACE',''
  ) );
#12165 = PCURVE('',#12166,#12171);
#12166 = CONICAL_SURFACE('',#12167,3.589380532488,1.564963309685);
#12167 = AXIS2_PLACEMENT_3D('',#12168,#12169,#12170);
#12168 = CARTESIAN_POINT('',(74.65606744637,0.,0.));
#12169 = DIRECTION('',(1.,0.,0.));
#12170 = DIRECTION('',(0.,1.,0.));
#12171 = DEFINITIONAL_REPRESENTATION('',(#12172),#12176);
#12172 = LINE('',#12173,#12174);
#12173 = CARTESIAN_POINT('',(0.,-0.));
#12174 = VECTOR('',#12175,1.);
#12175 = DIRECTION('',(1.,-0.));
#12176 = ( GEOMETRIC_REPRESENTATION_CONTEXT(2) 
PARAMETRIC_REPRESENTATION_CONTEXT() REPRESENTATION_CONTEXT('2D SPACE',''
  ) );
#12177 = ORIENTED_EDGE('',*,*,#12128,.F.);
#12178 = ADVANCED_FACE('',(#12179),#12166,.T.);
#12179 = FACE_BOUND('',#12180,.F.);
#12180 = EDGE_LOOP('',(#12181,#12182,#12205,#12232));
#12181 = ORIENTED_EDGE('',*,*,#12151,.T.);
#12182 = ORIENTED_EDGE('',*,*,#12183,.T.);
#12183 = EDGE_CURVE('',#12129,#12184,#12186,.T.);
#12184 = VERTEX_POINT('',#12185);
#12185 = CARTESIAN_POINT('',(74.654904271063,3.389970502906,0.));
#12186 = SEAM_CURVE('',#12187,(#12191,#12198),.PCURVE_S1.);
#12187 = LINE('',#12188,#12189);
#12188 = CARTESIAN_POINT('',(74.65606744637,3.589380532488,0.));
#12189 = VECTOR('',#12190,1.);
#12190 = DIRECTION('',(-5.832984032747E-03,-0.999982988004,0.));
#12191 = PCURVE('',#12166,#12192);
#12192 = DEFINITIONAL_REPRESENTATION('',(#12193),#12197);
#12193 = LINE('',#12194,#12195);
#12194 = CARTESIAN_POINT('',(0.,-0.));
#12195 = VECTOR('',#12196,1.);
#12196 = DIRECTION('',(0.,-1.));
#12197 = ( GEOMETRIC_REPRESENTATION_CONTEXT(2) 
PARAMETRIC_REPRESENTATION_CONTEXT() REPRESENTATION_CONTEXT('2D SPACE',''
  ) );
#12198 = PCURVE('',#12166,#12199);
#12199 = DEFINITIONAL_REPRESENTATION('',(#12200),#12204);
#12200 = LINE('',#12201,#12202);
#12201 = CARTESIAN_POINT('',(6.28318530718,-0.));
#12202 = VECTOR('',#12203,1.);
#12203 = DIRECTION('',(0.,-1.));
#12204 = ( GEOMETRIC_REPRESENTATION_CONTEXT(2) 
PARAMETRIC_REPRESENTATION_CONTEXT() REPRESENTATION_CONTEXT('2D SPACE',''
  ) );
#12205 = ORIENTED_EDGE('',*,*,#12206,.F.);
#12206 = EDGE_CURVE('',#12184,#12184,#12207,.T.);
#12207 = SURFACE_CURVE('',#12208,(#12213,#12220),.PCURVE_S1.);
#12208 = CIRCLE('',#12209,3.389970502906);
#12209 = AXIS2_PLACEMENT_3D('',#12210,#12211,#12212);
#12210 = CARTESIAN_POINT('',(74.654904271063,0.,0.));
#12211 = DIRECTION('',(1.,0.,0.));
#12212 = DIRECTION('',(-0.,1.,0.));
#12213 = PCURVE('',#12166,#12214);
#12214 = DEFINITIONAL_REPRESENTATION('',(#12215),#12219);
#12215 = LINE('',#12216,#12217);
#12216 = CARTESIAN_POINT('',(0.,-1.163175306459E-03));
#12217 = VECTOR('',#12218,1.);
#12218 = DIRECTION('',(1.,-0.));
#12219 = ( GEOMETRIC_REPRESENTATION_CONTEXT(2) 
PARAMETRIC_REPRESENTATION_CONTEXT() REPRESENTATION_CONTEXT('2D SPACE',''
  ) );
#12220 = PCURVE('',#12221,#12226);
#12221 = CONICAL_SURFACE('',#12222,3.389970502906,1.565294048796);
#12222 = AXIS2_PLACEMENT_3D('',#12223,#12224,#12225);
#12223 = CARTESIAN_POINT('',(74.654904271063,0.,0.));
#12224 = DIRECTION('',(1.,0.,0.));
#12225 = DIRECTION('',(0.,1.,0.));
#12226 = DEFINITIONAL_REPRESENTATION('',(#12227),#12231);
#12227 = LINE('',#12228,#12229);
#12228 = CARTESIAN_POINT('',(0.,-0.));
#12229 = VECTOR('',#12230,1.);
#12230 = DIRECTION('',(1.,-0.));
#12231 = ( GEOMETRIC_REPRESENTATION_CONTEXT(2) 
PARAMETRIC_REPRESENTATION_CONTEXT() REPRESENTATION_CONTEXT('2D SPACE',''
  ) );
#12232 = ORIENTED_EDGE('',*,*,#12183,.F.);
#12233 = ADVANCED_FACE('',(#12234),#12221,.T.);
#12234 = FACE_BOUND('',#12235,.F.);
#12235 = EDGE_LOOP('',(#12236,#12237,#12260,#12287));
#12236 = ORIENTED_EDGE('',*,*,#12206,.T.);
#12237 = ORIENTED_EDGE('',*,*,#12238,.T.);
#12238 = EDGE_CURVE('',#12184,#12239,#12241,.T.);
#12239 = VERTEX_POINT('',#12240);
#12240 = CARTESIAN_POINT('',(74.653807050572,3.190560473323,0.));
#12241 = SEAM_CURVE('',#12242,(#12246,#12253),.PCURVE_S1.);
#12242 = LINE('',#12243,#12244);
#12243 = CARTESIAN_POINT('',(74.654904271063,3.389970502906,0.));
#12244 = VECTOR('',#12245,1.);
#12245 = DIRECTION('',(-5.502250235796E-03,-0.999984862507,0.));
#12246 = PCURVE('',#12221,#12247);
#12247 = DEFINITIONAL_REPRESENTATION('',(#12248),#12252);
#12248 = LINE('',#12249,#12250);
#12249 = CARTESIAN_POINT('',(0.,-0.));
#12250 = VECTOR('',#12251,1.);
#12251 = DIRECTION('',(0.,-1.));
#12252 = ( GEOMETRIC_REPRESENTATION_CONTEXT(2) 
PARAMETRIC_REPRESENTATION_CONTEXT() REPRESENTATION_CONTEXT('2D SPACE',''
  ) );
#12253 = PCURVE('',#12221,#12254);
#12254 = DEFINITIONAL_REPRESENTATION('',(#12255),#12259);
#12255 = LINE('',#12256,#12257);
#12256 = CARTESIAN_POINT('',(6.28318530718,-0.));
#12257 = VECTOR('',#12258,1.);
#12258 = DIRECTION('',(0.,-1.));
#12259 = ( GEOMETRIC_REPRESENTATION_CONTEXT(2) 
PARAMETRIC_REPRESENTATION_CONTEXT() REPRESENTATION_CONTEXT('2D SPACE',''
  ) );
#12260 = ORIENTED_EDGE('',*,*,#12261,.F.);
#12261 = EDGE_CURVE('',#12239,#12239,#12262,.T.);
#12262 = SURFACE_CURVE('',#12263,(#12268,#12275),.PCURVE_S1.);
#12263 = CIRCLE('',#12264,3.190560473323);
#12264 = AXIS2_PLACEMENT_3D('',#12265,#12266,#12267);
#12265 = CARTESIAN_POINT('',(74.653807050572,0.,0.));
#12266 = DIRECTION('',(1.,0.,0.));
#12267 = DIRECTION('',(-0.,1.,0.));
#12268 = PCURVE('',#12221,#12269);
#12269 = DEFINITIONAL_REPRESENTATION('',(#12270),#12274);
#12270 = LINE('',#12271,#12272);
#12271 = CARTESIAN_POINT('',(0.,-1.097220491459E-03));
#12272 = VECTOR('',#12273,1.);
#12273 = DIRECTION('',(1.,-0.));
#12274 = ( GEOMETRIC_REPRESENTATION_CONTEXT(2) 
PARAMETRIC_REPRESENTATION_CONTEXT() REPRESENTATION_CONTEXT('2D SPACE',''
  ) );
#12275 = PCURVE('',#12276,#12281);
#12276 = CONICAL_SURFACE('',#12277,3.190560473323,1.565625241474);
#12277 = AXIS2_PLACEMENT_3D('',#12278,#12279,#12280);
#12278 = CARTESIAN_POINT('',(74.653807050572,0.,0.));
#12279 = DIRECTION('',(1.,0.,0.));
#12280 = DIRECTION('',(0.,1.,0.));
#12281 = DEFINITIONAL_REPRESENTATION('',(#12282),#12286);
#12282 = LINE('',#12283,#12284);
#12283 = CARTESIAN_POINT('',(0.,-0.));
#12284 = VECTOR('',#12285,1.);
#12285 = DIRECTION('',(1.,-0.));
#12286 = ( GEOMETRIC_REPRESENTATION_CONTEXT(2) 
PARAMETRIC_REPRESENTATION_CONTEXT() REPRESENTATION_CONTEXT('2D SPACE',''
  ) );
#12287 = ORIENTED_EDGE('',*,*,#12238,.F.);
#12288 = ADVANCED_FACE('',(#12289),#12276,.T.);
#12289 = FACE_BOUND('',#12290,.F.);
#12290 = EDGE_LOOP('',(#12291,#12292,#12315,#12342));
#12291 = ORIENTED_EDGE('',*,*,#12261,.T.);
#12292 = ORIENTED_EDGE('',*,*,#12293,.T.);
#12293 = EDGE_CURVE('',#12239,#12294,#12296,.T.);
#12294 = VERTEX_POINT('',#12295);
#12295 = CARTESIAN_POINT('',(74.652775875104,2.99115044374,0.));
#12296 = SEAM_CURVE('',#12297,(#12301,#12308),.PCURVE_S1.);
#12297 = LINE('',#12298,#12299);
#12298 = CARTESIAN_POINT('',(74.653807050572,3.190560473323,0.));
#12299 = VECTOR('',#12300,1.);
#12300 = DIRECTION('',(-5.171062274598E-03,-0.999986629968,0.));
#12301 = PCURVE('',#12276,#12302);
#12302 = DEFINITIONAL_REPRESENTATION('',(#12303),#12307);
#12303 = LINE('',#12304,#12305);
#12304 = CARTESIAN_POINT('',(0.,-0.));
#12305 = VECTOR('',#12306,1.);
#12306 = DIRECTION('',(0.,-1.));
#12307 = ( GEOMETRIC_REPRESENTATION_CONTEXT(2) 
PARAMETRIC_REPRESENTATION_CONTEXT() REPRESENTATION_CONTEXT('2D SPACE',''
  ) );
#12308 = PCURVE('',#12276,#12309);
#12309 = DEFINITIONAL_REPRESENTATION('',(#12310),#12314);
#12310 = LINE('',#12311,#12312);
#12311 = CARTESIAN_POINT('',(6.28318530718,-0.));
#12312 = VECTOR('',#12313,1.);
#12313 = DIRECTION('',(0.,-1.));
#12314 = ( GEOMETRIC_REPRESENTATION_CONTEXT(2) 
PARAMETRIC_REPRESENTATION_CONTEXT() REPRESENTATION_CONTEXT('2D SPACE',''
  ) );
#12315 = ORIENTED_EDGE('',*,*,#12316,.F.);
#12316 = EDGE_CURVE('',#12294,#12294,#12317,.T.);
#12317 = SURFACE_CURVE('',#12318,(#12323,#12330),.PCURVE_S1.);
#12318 = CIRCLE('',#12319,2.99115044374);
#12319 = AXIS2_PLACEMENT_3D('',#12320,#12321,#12322);
#12320 = CARTESIAN_POINT('',(74.652775875104,0.,0.));
#12321 = DIRECTION('',(1.,0.,0.));
#12322 = DIRECTION('',(-0.,1.,0.));
#12323 = PCURVE('',#12276,#12324);
#12324 = DEFINITIONAL_REPRESENTATION('',(#12325),#12329);
#12325 = LINE('',#12326,#12327);
#12326 = CARTESIAN_POINT('',(0.,-1.031175468E-03));
#12327 = VECTOR('',#12328,1.);
#12328 = DIRECTION('',(1.,-0.));
#12329 = ( GEOMETRIC_REPRESENTATION_CONTEXT(2) 
PARAMETRIC_REPRESENTATION_CONTEXT() REPRESENTATION_CONTEXT('2D SPACE',''
  ) );
#12330 = PCURVE('',#12331,#12336);
#12331 = CONICAL_SURFACE('',#12332,2.99115044374,1.56595686055);
#12332 = AXIS2_PLACEMENT_3D('',#12333,#12334,#12335);
#12333 = CARTESIAN_POINT('',(74.652775875104,0.,0.));
#12334 = DIRECTION('',(1.,0.,0.));
#12335 = DIRECTION('',(0.,1.,0.));
#12336 = DEFINITIONAL_REPRESENTATION('',(#12337),#12341);
#12337 = LINE('',#12338,#12339);
#12338 = CARTESIAN_POINT('',(0.,-0.));
#12339 = VECTOR('',#12340,1.);
#12340 = DIRECTION('',(1.,-0.));
#12341 = ( GEOMETRIC_REPRESENTATION_CONTEXT(2) 
PARAMETRIC_REPRESENTATION_CONTEXT() REPRESENTATION_CONTEXT('2D SPACE',''
  ) );
#12342 = ORIENTED_EDGE('',*,*,#12293,.F.);
#12343 = ADVANCED_FACE('',(#12344),#12331,.T.);
#12344 = FACE_BOUND('',#12345,.F.);
#12345 = EDGE_LOOP('',(#12346,#12347,#12370,#12397));
#12346 = ORIENTED_EDGE('',*,*,#12316,.T.);
#12347 = ORIENTED_EDGE('',*,*,#12348,.T.);
#12348 = EDGE_CURVE('',#12294,#12349,#12351,.T.);
#12349 = VERTEX_POINT('',#12350);
#12350 = CARTESIAN_POINT('',(74.651810829463,2.791740414158,0.));
#12351 = SEAM_CURVE('',#12352,(#12356,#12363),.PCURVE_S1.);
#12352 = LINE('',#12353,#12354);
#12353 = CARTESIAN_POINT('',(74.652775875104,2.99115044374,0.));
#12354 = VECTOR('',#12355,1.);
#12355 = DIRECTION('',(-4.839447354711E-03,-0.999988289806,0.));
#12356 = PCURVE('',#12331,#12357);
#12357 = DEFINITIONAL_REPRESENTATION('',(#12358),#12362);
#12358 = LINE('',#12359,#12360);
#12359 = CARTESIAN_POINT('',(0.,-0.));
#12360 = VECTOR('',#12361,1.);
#12361 = DIRECTION('',(0.,-1.));
#12362 = ( GEOMETRIC_REPRESENTATION_CONTEXT(2) 
PARAMETRIC_REPRESENTATION_CONTEXT() REPRESENTATION_CONTEXT('2D SPACE',''
  ) );
#12363 = PCURVE('',#12331,#12364);
#12364 = DEFINITIONAL_REPRESENTATION('',(#12365),#12369);
#12365 = LINE('',#12366,#12367);
#12366 = CARTESIAN_POINT('',(6.28318530718,-0.));
#12367 = VECTOR('',#12368,1.);
#12368 = DIRECTION('',(0.,-1.));
#12369 = ( GEOMETRIC_REPRESENTATION_CONTEXT(2) 
PARAMETRIC_REPRESENTATION_CONTEXT() REPRESENTATION_CONTEXT('2D SPACE',''
  ) );
#12370 = ORIENTED_EDGE('',*,*,#12371,.F.);
#12371 = EDGE_CURVE('',#12349,#12349,#12372,.T.);
#12372 = SURFACE_CURVE('',#12373,(#12378,#12385),.PCURVE_S1.);
#12373 = CIRCLE('',#12374,2.791740414158);
#12374 = AXIS2_PLACEMENT_3D('',#12375,#12376,#12377);
#12375 = CARTESIAN_POINT('',(74.651810829463,0.,0.));
#12376 = DIRECTION('',(1.,0.,0.));
#12377 = DIRECTION('',(-0.,1.,0.));
#12378 = PCURVE('',#12331,#12379);
#12379 = DEFINITIONAL_REPRESENTATION('',(#12380),#12384);
#12380 = LINE('',#12381,#12382);
#12381 = CARTESIAN_POINT('',(0.,-9.650456410384E-04));
#12382 = VECTOR('',#12383,1.);
#12383 = DIRECTION('',(1.,-0.));
#12384 = ( GEOMETRIC_REPRESENTATION_CONTEXT(2) 
PARAMETRIC_REPRESENTATION_CONTEXT() REPRESENTATION_CONTEXT('2D SPACE',''
  ) );
#12385 = PCURVE('',#12386,#12391);
#12386 = CONICAL_SURFACE('',#12387,2.791740414158,1.56628887879);
#12387 = AXIS2_PLACEMENT_3D('',#12388,#12389,#12390);
#12388 = CARTESIAN_POINT('',(74.651810829463,0.,0.));
#12389 = DIRECTION('',(1.,0.,0.));
#12390 = DIRECTION('',(0.,1.,0.));
#12391 = DEFINITIONAL_REPRESENTATION('',(#12392),#12396);
#12392 = LINE('',#12393,#12394);
#12393 = CARTESIAN_POINT('',(0.,-0.));
#12394 = VECTOR('',#12395,1.);
#12395 = DIRECTION('',(1.,-0.));
#12396 = ( GEOMETRIC_REPRESENTATION_CONTEXT(2) 
PARAMETRIC_REPRESENTATION_CONTEXT() REPRESENTATION_CONTEXT('2D SPACE',''
  ) );
#12397 = ORIENTED_EDGE('',*,*,#12348,.F.);
#12398 = ADVANCED_FACE('',(#12399),#12386,.T.);
#12399 = FACE_BOUND('',#12400,.F.);
#12400 = EDGE_LOOP('',(#12401,#12402,#12425,#12452));
#12401 = ORIENTED_EDGE('',*,*,#12371,.T.);
#12402 = ORIENTED_EDGE('',*,*,#12403,.T.);
#12403 = EDGE_CURVE('',#12349,#12404,#12406,.T.);
#12404 = VERTEX_POINT('',#12405);
#12405 = CARTESIAN_POINT('',(74.650911993036,2.592330384575,0.));
#12406 = SEAM_CURVE('',#12407,(#12411,#12418),.PCURVE_S1.);
#12407 = LINE('',#12408,#12409);
#12408 = CARTESIAN_POINT('',(74.651810829463,2.791740414158,0.));
#12409 = VECTOR('',#12410,1.);
#12410 = DIRECTION('',(-4.507432741809E-03,-0.999989841473,0.));
#12411 = PCURVE('',#12386,#12412);
#12412 = DEFINITIONAL_REPRESENTATION('',(#12413),#12417);
#12413 = LINE('',#12414,#12415);
#12414 = CARTESIAN_POINT('',(0.,-0.));
#12415 = VECTOR('',#12416,1.);
#12416 = DIRECTION('',(0.,-1.));
#12417 = ( GEOMETRIC_REPRESENTATION_CONTEXT(2) 
PARAMETRIC_REPRESENTATION_CONTEXT() REPRESENTATION_CONTEXT('2D SPACE',''
  ) );
#12418 = PCURVE('',#12386,#12419);
#12419 = DEFINITIONAL_REPRESENTATION('',(#12420),#12424);
#12420 = LINE('',#12421,#12422);
#12421 = CARTESIAN_POINT('',(6.28318530718,-0.));
#12422 = VECTOR('',#12423,1.);
#12423 = DIRECTION('',(0.,-1.));
#12424 = ( GEOMETRIC_REPRESENTATION_CONTEXT(2) 
PARAMETRIC_REPRESENTATION_CONTEXT() REPRESENTATION_CONTEXT('2D SPACE',''
  ) );
#12425 = ORIENTED_EDGE('',*,*,#12426,.F.);
#12426 = EDGE_CURVE('',#12404,#12404,#12427,.T.);
#12427 = SURFACE_CURVE('',#12428,(#12433,#12440),.PCURVE_S1.);
#12428 = CIRCLE('',#12429,2.592330384575);
#12429 = AXIS2_PLACEMENT_3D('',#12430,#12431,#12432);
#12430 = CARTESIAN_POINT('',(74.650911993036,0.,0.));
#12431 = DIRECTION('',(1.,0.,0.));
#12432 = DIRECTION('',(-0.,1.,0.));
#12433 = PCURVE('',#12386,#12434);
#12434 = DEFINITIONAL_REPRESENTATION('',(#12435),#12439);
#12435 = LINE('',#12436,#12437);
#12436 = CARTESIAN_POINT('',(0.,-8.988364272398E-04));
#12437 = VECTOR('',#12438,1.);
#12438 = DIRECTION('',(1.,-0.));
#12439 = ( GEOMETRIC_REPRESENTATION_CONTEXT(2) 
PARAMETRIC_REPRESENTATION_CONTEXT() REPRESENTATION_CONTEXT('2D SPACE',''
  ) );
#12440 = PCURVE('',#12441,#12446);
#12441 = CONICAL_SURFACE('',#12442,2.592330384575,1.566621268908);
#12442 = AXIS2_PLACEMENT_3D('',#12443,#12444,#12445);
#12443 = CARTESIAN_POINT('',(74.650911993036,0.,0.));
#12444 = DIRECTION('',(1.,0.,0.));
#12445 = DIRECTION('',(0.,1.,0.));
#12446 = DEFINITIONAL_REPRESENTATION('',(#12447),#12451);
#12447 = LINE('',#12448,#12449);
#12448 = CARTESIAN_POINT('',(0.,-0.));
#12449 = VECTOR('',#12450,1.);
#12450 = DIRECTION('',(1.,-0.));
#12451 = ( GEOMETRIC_REPRESENTATION_CONTEXT(2) 
PARAMETRIC_REPRESENTATION_CONTEXT() REPRESENTATION_CONTEXT('2D SPACE',''
  ) );
#12452 = ORIENTED_EDGE('',*,*,#12403,.F.);
#12453 = ADVANCED_FACE('',(#12454),#12441,.T.);
#12454 = FACE_BOUND('',#12455,.F.);
#12455 = EDGE_LOOP('',(#12456,#12457,#12480,#12507));
#12456 = ORIENTED_EDGE('',*,*,#12426,.T.);
#12457 = ORIENTED_EDGE('',*,*,#12458,.T.);
#12458 = EDGE_CURVE('',#12404,#12459,#12461,.T.);
#12459 = VERTEX_POINT('',#12460);
#12460 = CARTESIAN_POINT('',(74.650079439781,2.392920354992,0.));
#12461 = SEAM_CURVE('',#12462,(#12466,#12473),.PCURVE_S1.);
#12462 = LINE('',#12463,#12464);
#12463 = CARTESIAN_POINT('',(74.650911993036,2.592330384575,0.));
#12464 = VECTOR('',#12465,1.);
#12465 = DIRECTION('',(-4.175045757315E-03,-0.999991284458,0.));
#12466 = PCURVE('',#12441,#12467);
#12467 = DEFINITIONAL_REPRESENTATION('',(#12468),#12472);
#12468 = LINE('',#12469,#12470);
#12469 = CARTESIAN_POINT('',(0.,-0.));
#12470 = VECTOR('',#12471,1.);
#12471 = DIRECTION('',(0.,-1.));
#12472 = ( GEOMETRIC_REPRESENTATION_CONTEXT(2) 
PARAMETRIC_REPRESENTATION_CONTEXT() REPRESENTATION_CONTEXT('2D SPACE',''
  ) );
#12473 = PCURVE('',#12441,#12474);
#12474 = DEFINITIONAL_REPRESENTATION('',(#12475),#12479);
#12475 = LINE('',#12476,#12477);
#12476 = CARTESIAN_POINT('',(6.28318530718,-0.));
#12477 = VECTOR('',#12478,1.);
#12478 = DIRECTION('',(0.,-1.));
#12479 = ( GEOMETRIC_REPRESENTATION_CONTEXT(2) 
PARAMETRIC_REPRESENTATION_CONTEXT() REPRESENTATION_CONTEXT('2D SPACE',''
  ) );
#12480 = ORIENTED_EDGE('',*,*,#12481,.F.);
#12481 = EDGE_CURVE('',#12459,#12459,#12482,.T.);
#12482 = SURFACE_CURVE('',#12483,(#12488,#12495),.PCURVE_S1.);
#12483 = CIRCLE('',#12484,2.392920354992);
#12484 = AXIS2_PLACEMENT_3D('',#12485,#12486,#12487);
#12485 = CARTESIAN_POINT('',(74.650079439781,0.,0.));
#12486 = DIRECTION('',(1.,0.,0.));
#12487 = DIRECTION('',(-0.,1.,0.));
#12488 = PCURVE('',#12441,#12489);
#12489 = DEFINITIONAL_REPRESENTATION('',(#12490),#12494);
#12490 = LINE('',#12491,#12492);
#12491 = CARTESIAN_POINT('',(0.,-8.325532541278E-04));
#12492 = VECTOR('',#12493,1.);
#12493 = DIRECTION('',(1.,-0.));
#12494 = ( GEOMETRIC_REPRESENTATION_CONTEXT(2) 
PARAMETRIC_REPRESENTATION_CONTEXT() REPRESENTATION_CONTEXT('2D SPACE',''
  ) );
#12495 = PCURVE('',#12496,#12501);
#12496 = CONICAL_SURFACE('',#12497,2.392920354992,1.566954003566);
#12497 = AXIS2_PLACEMENT_3D('',#12498,#12499,#12500);
#12498 = CARTESIAN_POINT('',(74.650079439781,0.,0.));
#12499 = DIRECTION('',(1.,0.,0.));
#12500 = DIRECTION('',(0.,1.,0.));
#12501 = DEFINITIONAL_REPRESENTATION('',(#12502),#12506);
#12502 = LINE('',#12503,#12504);
#12503 = CARTESIAN_POINT('',(0.,-0.));
#12504 = VECTOR('',#12505,1.);
#12505 = DIRECTION('',(1.,-0.));
#12506 = ( GEOMETRIC_REPRESENTATION_CONTEXT(2) 
PARAMETRIC_REPRESENTATION_CONTEXT() REPRESENTATION_CONTEXT('2D SPACE',''
  ) );
#12507 = ORIENTED_EDGE('',*,*,#12458,.F.);
#12508 = ADVANCED_FACE('',(#12509),#12496,.T.);
#12509 = FACE_BOUND('',#12510,.F.);
#12510 = EDGE_LOOP('',(#12511,#12512,#12535,#12562));
#12511 = ORIENTED_EDGE('',*,*,#12481,.T.);
#12512 = ORIENTED_EDGE('',*,*,#12513,.T.);
#12513 = EDGE_CURVE('',#12459,#12514,#12516,.T.);
#12514 = VERTEX_POINT('',#12515);
#12515 = CARTESIAN_POINT('',(74.649313238222,2.19351032541,0.));
#12516 = SEAM_CURVE('',#12517,(#12521,#12528),.PCURVE_S1.);
#12517 = LINE('',#12518,#12519);
#12518 = CARTESIAN_POINT('',(74.650079439781,2.392920354992,0.));
#12519 = VECTOR('',#12520,1.);
#12520 = DIRECTION('',(-3.842313774547E-03,-0.999992618285,0.));
#12521 = PCURVE('',#12496,#12522);
#12522 = DEFINITIONAL_REPRESENTATION('',(#12523),#12527);
#12523 = LINE('',#12524,#12525);
#12524 = CARTESIAN_POINT('',(0.,-0.));
#12525 = VECTOR('',#12526,1.);
#12526 = DIRECTION('',(0.,-1.));
#12527 = ( GEOMETRIC_REPRESENTATION_CONTEXT(2) 
PARAMETRIC_REPRESENTATION_CONTEXT() REPRESENTATION_CONTEXT('2D SPACE',''
  ) );
#12528 = PCURVE('',#12496,#12529);
#12529 = DEFINITIONAL_REPRESENTATION('',(#12530),#12534);
#12530 = LINE('',#12531,#12532);
#12531 = CARTESIAN_POINT('',(6.28318530718,-0.));
#12532 = VECTOR('',#12533,1.);
#12533 = DIRECTION('',(0.,-1.));
#12534 = ( GEOMETRIC_REPRESENTATION_CONTEXT(2) 
PARAMETRIC_REPRESENTATION_CONTEXT() REPRESENTATION_CONTEXT('2D SPACE',''
  ) );
#12535 = ORIENTED_EDGE('',*,*,#12536,.F.);
#12536 = EDGE_CURVE('',#12514,#12514,#12537,.T.);
#12537 = SURFACE_CURVE('',#12538,(#12543,#12550),.PCURVE_S1.);
#12538 = CIRCLE('',#12539,2.19351032541);
#12539 = AXIS2_PLACEMENT_3D('',#12540,#12541,#12542);
#12540 = CARTESIAN_POINT('',(74.649313238222,0.,0.));
#12541 = DIRECTION('',(1.,0.,0.));
#12542 = DIRECTION('',(-0.,1.,0.));
#12543 = PCURVE('',#12496,#12544);
#12544 = DEFINITIONAL_REPRESENTATION('',(#12545),#12549);
#12545 = LINE('',#12546,#12547);
#12546 = CARTESIAN_POINT('',(0.,-7.662015593297E-04));
#12547 = VECTOR('',#12548,1.);
#12548 = DIRECTION('',(1.,-0.));
#12549 = ( GEOMETRIC_REPRESENTATION_CONTEXT(2) 
PARAMETRIC_REPRESENTATION_CONTEXT() REPRESENTATION_CONTEXT('2D SPACE',''
  ) );
#12550 = PCURVE('',#12551,#12556);
#12551 = CONICAL_SURFACE('',#12552,2.19351032541,1.567287055377);
#12552 = AXIS2_PLACEMENT_3D('',#12553,#12554,#12555);
#12553 = CARTESIAN_POINT('',(74.649313238222,0.,0.));
#12554 = DIRECTION('',(1.,0.,0.));
#12555 = DIRECTION('',(0.,1.,0.));
#12556 = DEFINITIONAL_REPRESENTATION('',(#12557),#12561);
#12557 = LINE('',#12558,#12559);
#12558 = CARTESIAN_POINT('',(0.,-0.));
#12559 = VECTOR('',#12560,1.);
#12560 = DIRECTION('',(1.,-0.));
#12561 = ( GEOMETRIC_REPRESENTATION_CONTEXT(2) 
PARAMETRIC_REPRESENTATION_CONTEXT() REPRESENTATION_CONTEXT('2D SPACE',''
  ) );
#12562 = ORIENTED_EDGE('',*,*,#12513,.F.);
#12563 = ADVANCED_FACE('',(#12564),#12551,.T.);
#12564 = FACE_BOUND('',#12565,.F.);
#12565 = EDGE_LOOP('',(#12566,#12567,#12590,#12617));
#12566 = ORIENTED_EDGE('',*,*,#12536,.T.);
#12567 = ORIENTED_EDGE('',*,*,#12568,.T.);
#12568 = EDGE_CURVE('',#12514,#12569,#12571,.T.);
#12569 = VERTEX_POINT('',#12570);
#12570 = CARTESIAN_POINT('',(74.648613451432,1.994100295827,0.));
#12571 = SEAM_CURVE('',#12572,(#12576,#12583),.PCURVE_S1.);
#12572 = LINE('',#12573,#12574);
#12573 = CARTESIAN_POINT('',(74.649313238222,2.19351032541,0.));
#12574 = VECTOR('',#12575,1.);
#12575 = DIRECTION('',(-3.509264215558E-03,-0.999993842513,0.));
#12576 = PCURVE('',#12551,#12577);
#12577 = DEFINITIONAL_REPRESENTATION('',(#12578),#12582);
#12578 = LINE('',#12579,#12580);
#12579 = CARTESIAN_POINT('',(0.,-0.));
#12580 = VECTOR('',#12581,1.);
#12581 = DIRECTION('',(0.,-1.));
#12582 = ( GEOMETRIC_REPRESENTATION_CONTEXT(2) 
PARAMETRIC_REPRESENTATION_CONTEXT() REPRESENTATION_CONTEXT('2D SPACE',''
  ) );
#12583 = PCURVE('',#12551,#12584);
#12584 = DEFINITIONAL_REPRESENTATION('',(#12585),#12589);
#12585 = LINE('',#12586,#12587);
#12586 = CARTESIAN_POINT('',(6.28318530718,-0.));
#12587 = VECTOR('',#12588,1.);
#12588 = DIRECTION('',(0.,-1.));
#12589 = ( GEOMETRIC_REPRESENTATION_CONTEXT(2) 
PARAMETRIC_REPRESENTATION_CONTEXT() REPRESENTATION_CONTEXT('2D SPACE',''
  ) );
#12590 = ORIENTED_EDGE('',*,*,#12591,.F.);
#12591 = EDGE_CURVE('',#12569,#12569,#12592,.T.);
#12592 = SURFACE_CURVE('',#12593,(#12598,#12605),.PCURVE_S1.);
#12593 = CIRCLE('',#12594,1.994100295827);
#12594 = AXIS2_PLACEMENT_3D('',#12595,#12596,#12597);
#12595 = CARTESIAN_POINT('',(74.648613451432,0.,0.));
#12596 = DIRECTION('',(1.,0.,0.));
#12597 = DIRECTION('',(-0.,1.,0.));
#12598 = PCURVE('',#12551,#12599);
#12599 = DEFINITIONAL_REPRESENTATION('',(#12600),#12604);
#12600 = LINE('',#12601,#12602);
#12601 = CARTESIAN_POINT('',(0.,-6.997867899656E-04));
#12602 = VECTOR('',#12603,1.);
#12603 = DIRECTION('',(1.,-0.));
#12604 = ( GEOMETRIC_REPRESENTATION_CONTEXT(2) 
PARAMETRIC_REPRESENTATION_CONTEXT() REPRESENTATION_CONTEXT('2D SPACE',''
  ) );
#12605 = PCURVE('',#12606,#12611);
#12606 = CONICAL_SURFACE('',#12607,1.994100295827,1.567620396909);
#12607 = AXIS2_PLACEMENT_3D('',#12608,#12609,#12610);
#12608 = CARTESIAN_POINT('',(74.648613451432,0.,0.));
#12609 = DIRECTION('',(1.,0.,0.));
#12610 = DIRECTION('',(0.,1.,0.));
#12611 = DEFINITIONAL_REPRESENTATION('',(#12612),#12616);
#12612 = LINE('',#12613,#12614);
#12613 = CARTESIAN_POINT('',(0.,-0.));
#12614 = VECTOR('',#12615,1.);
#12615 = DIRECTION('',(1.,-0.));
#12616 = ( GEOMETRIC_REPRESENTATION_CONTEXT(2) 
PARAMETRIC_REPRESENTATION_CONTEXT() REPRESENTATION_CONTEXT('2D SPACE',''
  ) );
#12617 = ORIENTED_EDGE('',*,*,#12568,.F.);
#12618 = ADVANCED_FACE('',(#12619),#12606,.T.);
#12619 = FACE_BOUND('',#12620,.F.);
#12620 = EDGE_LOOP('',(#12621,#12622,#12645,#12672));
#12621 = ORIENTED_EDGE('',*,*,#12591,.T.);
#12622 = ORIENTED_EDGE('',*,*,#12623,.T.);
#12623 = EDGE_CURVE('',#12569,#12624,#12626,.T.);
#12624 = VERTEX_POINT('',#12625);
#12625 = CARTESIAN_POINT('',(74.64798013703,1.794690266244,0.));
#12626 = SEAM_CURVE('',#12627,(#12631,#12638),.PCURVE_S1.);
#12627 = LINE('',#12628,#12629);
#12628 = CARTESIAN_POINT('',(74.648613451432,1.994100295827,0.));
#12629 = VECTOR('',#12630,1.);
#12630 = DIRECTION('',(-3.175924546496E-03,-0.999994956739,0.));
#12631 = PCURVE('',#12606,#12632);
#12632 = DEFINITIONAL_REPRESENTATION('',(#12633),#12637);
#12633 = LINE('',#12634,#12635);
#12634 = CARTESIAN_POINT('',(0.,-0.));
#12635 = VECTOR('',#12636,1.);
#12636 = DIRECTION('',(0.,-1.));
#12637 = ( GEOMETRIC_REPRESENTATION_CONTEXT(2) 
PARAMETRIC_REPRESENTATION_CONTEXT() REPRESENTATION_CONTEXT('2D SPACE',''
  ) );
#12638 = PCURVE('',#12606,#12639);
#12639 = DEFINITIONAL_REPRESENTATION('',(#12640),#12644);
#12640 = LINE('',#12641,#12642);
#12641 = CARTESIAN_POINT('',(6.28318530718,-0.));
#12642 = VECTOR('',#12643,1.);
#12643 = DIRECTION('',(0.,-1.));
#12644 = ( GEOMETRIC_REPRESENTATION_CONTEXT(2) 
PARAMETRIC_REPRESENTATION_CONTEXT() REPRESENTATION_CONTEXT('2D SPACE',''
  ) );
#12645 = ORIENTED_EDGE('',*,*,#12646,.F.);
#12646 = EDGE_CURVE('',#12624,#12624,#12647,.T.);
#12647 = SURFACE_CURVE('',#12648,(#12653,#12660),.PCURVE_S1.);
#12648 = CIRCLE('',#12649,1.794690266244);
#12649 = AXIS2_PLACEMENT_3D('',#12650,#12651,#12652);
#12650 = CARTESIAN_POINT('',(74.64798013703,0.,0.));
#12651 = DIRECTION('',(1.,0.,0.));
#12652 = DIRECTION('',(-0.,1.,0.));
#12653 = PCURVE('',#12606,#12654);
#12654 = DEFINITIONAL_REPRESENTATION('',(#12655),#12659);
#12655 = LINE('',#12656,#12657);
#12656 = CARTESIAN_POINT('',(0.,-6.33314401739E-04));
#12657 = VECTOR('',#12658,1.);
#12658 = DIRECTION('',(1.,-0.));
#12659 = ( GEOMETRIC_REPRESENTATION_CONTEXT(2) 
PARAMETRIC_REPRESENTATION_CONTEXT() REPRESENTATION_CONTEXT('2D SPACE',''
  ) );
#12660 = PCURVE('',#12661,#12666);
#12661 = CONICAL_SURFACE('',#12662,1.794690266244,1.567954000694);
#12662 = AXIS2_PLACEMENT_3D('',#12663,#12664,#12665);
#12663 = CARTESIAN_POINT('',(74.64798013703,0.,0.));
#12664 = DIRECTION('',(1.,0.,0.));
#12665 = DIRECTION('',(0.,1.,0.));
#12666 = DEFINITIONAL_REPRESENTATION('',(#12667),#12671);
#12667 = LINE('',#12668,#12669);
#12668 = CARTESIAN_POINT('',(0.,-0.));
#12669 = VECTOR('',#12670,1.);
#12670 = DIRECTION('',(1.,-0.));
#12671 = ( GEOMETRIC_REPRESENTATION_CONTEXT(2) 
PARAMETRIC_REPRESENTATION_CONTEXT() REPRESENTATION_CONTEXT('2D SPACE',''
  ) );
#12672 = ORIENTED_EDGE('',*,*,#12623,.F.);
#12673 = ADVANCED_FACE('',(#12674),#12661,.T.);
#12674 = FACE_BOUND('',#12675,.F.);
#12675 = EDGE_LOOP('',(#12676,#12677,#12700,#12727));
#12676 = ORIENTED_EDGE('',*,*,#12646,.T.);
#12677 = ORIENTED_EDGE('',*,*,#12678,.T.);
#12678 = EDGE_CURVE('',#12624,#12679,#12681,.T.);
#12679 = VERTEX_POINT('',#12680);
#12680 = CARTESIAN_POINT('',(74.647413347172,1.595280236662,0.));
#12681 = SEAM_CURVE('',#12682,(#12686,#12693),.PCURVE_S1.);
#12682 = LINE('',#12683,#12684);
#12683 = CARTESIAN_POINT('',(74.64798013703,1.794690266244,0.));
#12684 = VECTOR('',#12685,1.);
#12685 = DIRECTION('',(-2.84232227402E-03,-0.999995960594,0.));
#12686 = PCURVE('',#12661,#12687);
#12687 = DEFINITIONAL_REPRESENTATION('',(#12688),#12692);
#12688 = LINE('',#12689,#12690);
#12689 = CARTESIAN_POINT('',(0.,-0.));
#12690 = VECTOR('',#12691,1.);
#12691 = DIRECTION('',(0.,-1.));
#12692 = ( GEOMETRIC_REPRESENTATION_CONTEXT(2) 
PARAMETRIC_REPRESENTATION_CONTEXT() REPRESENTATION_CONTEXT('2D SPACE',''
  ) );
#12693 = PCURVE('',#12661,#12694);
#12694 = DEFINITIONAL_REPRESENTATION('',(#12695),#12699);
#12695 = LINE('',#12696,#12697);
#12696 = CARTESIAN_POINT('',(6.28318530718,-0.));
#12697 = VECTOR('',#12698,1.);
#12698 = DIRECTION('',(0.,-1.));
#12699 = ( GEOMETRIC_REPRESENTATION_CONTEXT(2) 
PARAMETRIC_REPRESENTATION_CONTEXT() REPRESENTATION_CONTEXT('2D SPACE',''
  ) );
#12700 = ORIENTED_EDGE('',*,*,#12701,.F.);
#12701 = EDGE_CURVE('',#12679,#12679,#12702,.T.);
#12702 = SURFACE_CURVE('',#12703,(#12708,#12715),.PCURVE_S1.);
#12703 = CIRCLE('',#12704,1.595280236662);
#12704 = AXIS2_PLACEMENT_3D('',#12705,#12706,#12707);
#12705 = CARTESIAN_POINT('',(74.647413347172,0.,0.));
#12706 = DIRECTION('',(1.,0.,0.));
#12707 = DIRECTION('',(-0.,1.,0.));
#12708 = PCURVE('',#12661,#12709);
#12709 = DEFINITIONAL_REPRESENTATION('',(#12710),#12714);
#12710 = LINE('',#12711,#12712);
#12711 = CARTESIAN_POINT('',(0.,-5.667898582402E-04));
#12712 = VECTOR('',#12713,1.);
#12713 = DIRECTION('',(1.,-0.));
#12714 = ( GEOMETRIC_REPRESENTATION_CONTEXT(2) 
PARAMETRIC_REPRESENTATION_CONTEXT() REPRESENTATION_CONTEXT('2D SPACE',''
  ) );
#12715 = PCURVE('',#12716,#12721);
#12716 = CONICAL_SURFACE('',#12717,1.595280236662,1.568287839222);
#12717 = AXIS2_PLACEMENT_3D('',#12718,#12719,#12720);
#12718 = CARTESIAN_POINT('',(74.647413347172,0.,0.));
#12719 = DIRECTION('',(1.,0.,0.));
#12720 = DIRECTION('',(0.,1.,0.));
#12721 = DEFINITIONAL_REPRESENTATION('',(#12722),#12726);
#12722 = LINE('',#12723,#12724);
#12723 = CARTESIAN_POINT('',(0.,-0.));
#12724 = VECTOR('',#12725,1.);
#12725 = DIRECTION('',(1.,-0.));
#12726 = ( GEOMETRIC_REPRESENTATION_CONTEXT(2) 
PARAMETRIC_REPRESENTATION_CONTEXT() REPRESENTATION_CONTEXT('2D SPACE',''
  ) );
#12727 = ORIENTED_EDGE('',*,*,#12678,.F.);
#12728 = ADVANCED_FACE('',(#12729),#12716,.T.);
#12729 = FACE_BOUND('',#12730,.F.);
#12730 = EDGE_LOOP('',(#12731,#12732,#12755,#12782));
#12731 = ORIENTED_EDGE('',*,*,#12701,.T.);
#12732 = ORIENTED_EDGE('',*,*,#12733,.T.);
#12733 = EDGE_CURVE('',#12679,#12734,#12736,.T.);
#12734 = VERTEX_POINT('',#12735);
#12735 = CARTESIAN_POINT('',(74.646913128542,1.395870207079,0.));
#12736 = SEAM_CURVE('',#12737,(#12741,#12748),.PCURVE_S1.);
#12737 = LINE('',#12738,#12739);
#12738 = CARTESIAN_POINT('',(74.647413347172,1.595280236662,0.));
#12739 = VECTOR('',#12740,1.);
#12740 = DIRECTION('',(-2.508484942004E-03,-0.999996853747,0.));
#12741 = PCURVE('',#12716,#12742);
#12742 = DEFINITIONAL_REPRESENTATION('',(#12743),#12747);
#12743 = LINE('',#12744,#12745);
#12744 = CARTESIAN_POINT('',(0.,-0.));
#12745 = VECTOR('',#12746,1.);
#12746 = DIRECTION('',(0.,-1.));
#12747 = ( GEOMETRIC_REPRESENTATION_CONTEXT(2) 
PARAMETRIC_REPRESENTATION_CONTEXT() REPRESENTATION_CONTEXT('2D SPACE',''
  ) );
#12748 = PCURVE('',#12716,#12749);
#12749 = DEFINITIONAL_REPRESENTATION('',(#12750),#12754);
#12750 = LINE('',#12751,#12752);
#12751 = CARTESIAN_POINT('',(6.28318530718,-0.));
#12752 = VECTOR('',#12753,1.);
#12753 = DIRECTION('',(0.,-1.));
#12754 = ( GEOMETRIC_REPRESENTATION_CONTEXT(2) 
PARAMETRIC_REPRESENTATION_CONTEXT() REPRESENTATION_CONTEXT('2D SPACE',''
  ) );
#12755 = ORIENTED_EDGE('',*,*,#12756,.F.);
#12756 = EDGE_CURVE('',#12734,#12734,#12757,.T.);
#12757 = SURFACE_CURVE('',#12758,(#12763,#12770),.PCURVE_S1.);
#12758 = CIRCLE('',#12759,1.395870207079);
#12759 = AXIS2_PLACEMENT_3D('',#12760,#12761,#12762);
#12760 = CARTESIAN_POINT('',(74.646913128542,0.,0.));
#12761 = DIRECTION('',(1.,0.,0.));
#12762 = DIRECTION('',(-0.,1.,0.));
#12763 = PCURVE('',#12716,#12764);
#12764 = DEFINITIONAL_REPRESENTATION('',(#12765),#12769);
#12765 = LINE('',#12766,#12767);
#12766 = CARTESIAN_POINT('',(0.,-5.002186303074E-04));
#12767 = VECTOR('',#12768,1.);
#12768 = DIRECTION('',(1.,-0.));
#12769 = ( GEOMETRIC_REPRESENTATION_CONTEXT(2) 
PARAMETRIC_REPRESENTATION_CONTEXT() REPRESENTATION_CONTEXT('2D SPACE',''
  ) );
#12770 = PCURVE('',#12771,#12776);
#12771 = CONICAL_SURFACE('',#12772,1.395870207079,1.568621884955);
#12772 = AXIS2_PLACEMENT_3D('',#12773,#12774,#12775);
#12773 = CARTESIAN_POINT('',(74.646913128542,0.,0.));
#12774 = DIRECTION('',(1.,0.,0.));
#12775 = DIRECTION('',(0.,1.,0.));
#12776 = DEFINITIONAL_REPRESENTATION('',(#12777),#12781);
#12777 = LINE('',#12778,#12779);
#12778 = CARTESIAN_POINT('',(0.,-0.));
#12779 = VECTOR('',#12780,1.);
#12780 = DIRECTION('',(1.,-0.));
#12781 = ( GEOMETRIC_REPRESENTATION_CONTEXT(2) 
PARAMETRIC_REPRESENTATION_CONTEXT() REPRESENTATION_CONTEXT('2D SPACE',''
  ) );
#12782 = ORIENTED_EDGE('',*,*,#12733,.F.);
#12783 = ADVANCED_FACE('',(#12784),#12771,.T.);
#12784 = FACE_BOUND('',#12785,.F.);
#12785 = EDGE_LOOP('',(#12786,#12787,#12810,#12837));
#12786 = ORIENTED_EDGE('',*,*,#12756,.T.);
#12787 = ORIENTED_EDGE('',*,*,#12788,.T.);
#12788 = EDGE_CURVE('',#12734,#12789,#12791,.T.);
#12789 = VERTEX_POINT('',#12790);
#12790 = CARTESIAN_POINT('',(74.646479522347,1.196460177496,0.));
#12791 = SEAM_CURVE('',#12792,(#12796,#12803),.PCURVE_S1.);
#12792 = LINE('',#12793,#12794);
#12793 = CARTESIAN_POINT('',(74.646913128542,1.395870207079,0.));
#12794 = VECTOR('',#12795,1.);
#12795 = DIRECTION('',(-2.174440126819E-03,-0.999997635902,0.));
#12796 = PCURVE('',#12771,#12797);
#12797 = DEFINITIONAL_REPRESENTATION('',(#12798),#12802);
#12798 = LINE('',#12799,#12800);
#12799 = CARTESIAN_POINT('',(0.,-0.));
#12800 = VECTOR('',#12801,1.);
#12801 = DIRECTION('',(0.,-1.));
#12802 = ( GEOMETRIC_REPRESENTATION_CONTEXT(2) 
PARAMETRIC_REPRESENTATION_CONTEXT() REPRESENTATION_CONTEXT('2D SPACE',''
  ) );
#12803 = PCURVE('',#12771,#12804);
#12804 = DEFINITIONAL_REPRESENTATION('',(#12805),#12809);
#12805 = LINE('',#12806,#12807);
#12806 = CARTESIAN_POINT('',(6.28318530718,-0.));
#12807 = VECTOR('',#12808,1.);
#12808 = DIRECTION('',(0.,-1.));
#12809 = ( GEOMETRIC_REPRESENTATION_CONTEXT(2) 
PARAMETRIC_REPRESENTATION_CONTEXT() REPRESENTATION_CONTEXT('2D SPACE',''
  ) );
#12810 = ORIENTED_EDGE('',*,*,#12811,.F.);
#12811 = EDGE_CURVE('',#12789,#12789,#12812,.T.);
#12812 = SURFACE_CURVE('',#12813,(#12818,#12825),.PCURVE_S1.);
#12813 = CIRCLE('',#12814,1.196460177496);
#12814 = AXIS2_PLACEMENT_3D('',#12815,#12816,#12817);
#12815 = CARTESIAN_POINT('',(74.646479522347,0.,0.));
#12816 = DIRECTION('',(1.,0.,0.));
#12817 = DIRECTION('',(-0.,1.,0.));
#12818 = PCURVE('',#12771,#12819);
#12819 = DEFINITIONAL_REPRESENTATION('',(#12820),#12824);
#12820 = LINE('',#12821,#12822);
#12821 = CARTESIAN_POINT('',(0.,-4.336061951022E-04));
#12822 = VECTOR('',#12823,1.);
#12823 = DIRECTION('',(1.,-0.));
#12824 = ( GEOMETRIC_REPRESENTATION_CONTEXT(2) 
PARAMETRIC_REPRESENTATION_CONTEXT() REPRESENTATION_CONTEXT('2D SPACE',''
  ) );
#12825 = PCURVE('',#12826,#12831);
#12826 = CONICAL_SURFACE('',#12827,1.196460177496,1.568956110322);
#12827 = AXIS2_PLACEMENT_3D('',#12828,#12829,#12830);
#12828 = CARTESIAN_POINT('',(74.646479522347,0.,0.));
#12829 = DIRECTION('',(1.,0.,0.));
#12830 = DIRECTION('',(0.,1.,0.));
#12831 = DEFINITIONAL_REPRESENTATION('',(#12832),#12836);
#12832 = LINE('',#12833,#12834);
#12833 = CARTESIAN_POINT('',(0.,-0.));
#12834 = VECTOR('',#12835,1.);
#12835 = DIRECTION('',(1.,-0.));
#12836 = ( GEOMETRIC_REPRESENTATION_CONTEXT(2) 
PARAMETRIC_REPRESENTATION_CONTEXT() REPRESENTATION_CONTEXT('2D SPACE',''
  ) );
#12837 = ORIENTED_EDGE('',*,*,#12788,.F.);
#12838 = ADVANCED_FACE('',(#12839),#12826,.T.);
#12839 = FACE_BOUND('',#12840,.F.);
#12840 = EDGE_LOOP('',(#12841,#12842,#12865,#12892));
#12841 = ORIENTED_EDGE('',*,*,#12811,.T.);
#12842 = ORIENTED_EDGE('',*,*,#12843,.T.);
#12843 = EDGE_CURVE('',#12789,#12844,#12846,.T.);
#12844 = VERTEX_POINT('',#12845);
#12845 = CARTESIAN_POINT('',(74.646112564311,0.997050147913,0.));
#12846 = SEAM_CURVE('',#12847,(#12851,#12858),.PCURVE_S1.);
#12847 = LINE('',#12848,#12849);
#12848 = CARTESIAN_POINT('',(74.646479522347,1.196460177496,0.));
#12849 = VECTOR('',#12850,1.);
#12850 = DIRECTION('',(-1.84021543403E-03,-0.999998306802,0.));
#12851 = PCURVE('',#12826,#12852);
#12852 = DEFINITIONAL_REPRESENTATION('',(#12853),#12857);
#12853 = LINE('',#12854,#12855);
#12854 = CARTESIAN_POINT('',(0.,-0.));
#12855 = VECTOR('',#12856,1.);
#12856 = DIRECTION('',(0.,-1.));
#12857 = ( GEOMETRIC_REPRESENTATION_CONTEXT(2) 
PARAMETRIC_REPRESENTATION_CONTEXT() REPRESENTATION_CONTEXT('2D SPACE',''
  ) );
#12858 = PCURVE('',#12826,#12859);
#12859 = DEFINITIONAL_REPRESENTATION('',(#12860),#12864);
#12860 = LINE('',#12861,#12862);
#12861 = CARTESIAN_POINT('',(6.28318530718,-0.));
#12862 = VECTOR('',#12863,1.);
#12863 = DIRECTION('',(0.,-1.));
#12864 = ( GEOMETRIC_REPRESENTATION_CONTEXT(2) 
PARAMETRIC_REPRESENTATION_CONTEXT() REPRESENTATION_CONTEXT('2D SPACE',''
  ) );
#12865 = ORIENTED_EDGE('',*,*,#12866,.F.);
#12866 = EDGE_CURVE('',#12844,#12844,#12867,.T.);
#12867 = SURFACE_CURVE('',#12868,(#12873,#12880),.PCURVE_S1.);
#12868 = CIRCLE('',#12869,0.997050147913);
#12869 = AXIS2_PLACEMENT_3D('',#12870,#12871,#12872);
#12870 = CARTESIAN_POINT('',(74.646112564311,0.,0.));
#12871 = DIRECTION('',(1.,0.,0.));
#12872 = DIRECTION('',(-0.,1.,0.));
#12873 = PCURVE('',#12826,#12874);
#12874 = DEFINITIONAL_REPRESENTATION('',(#12875),#12879);
#12875 = LINE('',#12876,#12877);
#12876 = CARTESIAN_POINT('',(0.,-3.669580354711E-04));
#12877 = VECTOR('',#12878,1.);
#12878 = DIRECTION('',(1.,-0.));
#12879 = ( GEOMETRIC_REPRESENTATION_CONTEXT(2) 
PARAMETRIC_REPRESENTATION_CONTEXT() REPRESENTATION_CONTEXT('2D SPACE',''
  ) );
#12880 = PCURVE('',#12881,#12886);
#12881 = CONICAL_SURFACE('',#12882,0.997050147913,1.569290487731);
#12882 = AXIS2_PLACEMENT_3D('',#12883,#12884,#12885);
#12883 = CARTESIAN_POINT('',(74.646112564311,0.,0.));
#12884 = DIRECTION('',(1.,0.,0.));
#12885 = DIRECTION('',(0.,1.,0.));
#12886 = DEFINITIONAL_REPRESENTATION('',(#12887),#12891);
#12887 = LINE('',#12888,#12889);
#12888 = CARTESIAN_POINT('',(0.,-0.));
#12889 = VECTOR('',#12890,1.);
#12890 = DIRECTION('',(1.,-0.));
#12891 = ( GEOMETRIC_REPRESENTATION_CONTEXT(2) 
PARAMETRIC_REPRESENTATION_CONTEXT() REPRESENTATION_CONTEXT('2D SPACE',''
  ) );
#12892 = ORIENTED_EDGE('',*,*,#12843,.F.);
#12893 = ADVANCED_FACE('',(#12894),#12881,.T.);
#12894 = FACE_BOUND('',#12895,.F.);
#12895 = EDGE_LOOP('',(#12896,#12897,#12920,#12947));
#12896 = ORIENTED_EDGE('',*,*,#12866,.T.);
#12897 = ORIENTED_EDGE('',*,*,#12898,.T.);
#12898 = EDGE_CURVE('',#12844,#12899,#12901,.T.);
#12899 = VERTEX_POINT('',#12900);
#12900 = CARTESIAN_POINT('',(74.645812284672,0.797640118331,0.));
#12901 = SEAM_CURVE('',#12902,(#12906,#12913),.PCURVE_S1.);
#12902 = LINE('',#12903,#12904);
#12903 = CARTESIAN_POINT('',(74.646112564311,0.997050147913,0.));
#12904 = VECTOR('',#12905,1.);
#12905 = DIRECTION('',(-1.505838494604E-03,-0.999998866225,0.));
#12906 = PCURVE('',#12881,#12907);
#12907 = DEFINITIONAL_REPRESENTATION('',(#12908),#12912);
#12908 = LINE('',#12909,#12910);
#12909 = CARTESIAN_POINT('',(0.,-0.));
#12910 = VECTOR('',#12911,1.);
#12911 = DIRECTION('',(0.,-1.));
#12912 = ( GEOMETRIC_REPRESENTATION_CONTEXT(2) 
PARAMETRIC_REPRESENTATION_CONTEXT() REPRESENTATION_CONTEXT('2D SPACE',''
  ) );
#12913 = PCURVE('',#12881,#12914);
#12914 = DEFINITIONAL_REPRESENTATION('',(#12915),#12919);
#12915 = LINE('',#12916,#12917);
#12916 = CARTESIAN_POINT('',(6.28318530718,-0.));
#12917 = VECTOR('',#12918,1.);
#12918 = DIRECTION('',(0.,-1.));
#12919 = ( GEOMETRIC_REPRESENTATION_CONTEXT(2) 
PARAMETRIC_REPRESENTATION_CONTEXT() REPRESENTATION_CONTEXT('2D SPACE',''
  ) );
#12920 = ORIENTED_EDGE('',*,*,#12921,.F.);
#12921 = EDGE_CURVE('',#12899,#12899,#12922,.T.);
#12922 = SURFACE_CURVE('',#12923,(#12928,#12935),.PCURVE_S1.);
#12923 = CIRCLE('',#12924,0.797640118331);
#12924 = AXIS2_PLACEMENT_3D('',#12925,#12926,#12927);
#12925 = CARTESIAN_POINT('',(74.645812284672,0.,0.));
#12926 = DIRECTION('',(1.,0.,0.));
#12927 = DIRECTION('',(-0.,1.,0.));
#12928 = PCURVE('',#12881,#12929);
#12929 = DEFINITIONAL_REPRESENTATION('',(#12930),#12934);
#12930 = LINE('',#12931,#12932);
#12931 = CARTESIAN_POINT('',(0.,-3.002796392053E-04));
#12932 = VECTOR('',#12933,1.);
#12933 = DIRECTION('',(1.,-0.));
#12934 = ( GEOMETRIC_REPRESENTATION_CONTEXT(2) 
PARAMETRIC_REPRESENTATION_CONTEXT() REPRESENTATION_CONTEXT('2D SPACE',''
  ) );
#12935 = PCURVE('',#12936,#12941);
#12936 = CONICAL_SURFACE('',#12937,0.797640118331,1.569624989567);
#12937 = AXIS2_PLACEMENT_3D('',#12938,#12939,#12940);
#12938 = CARTESIAN_POINT('',(74.645812284672,0.,0.));
#12939 = DIRECTION('',(1.,0.,0.));
#12940 = DIRECTION('',(0.,1.,0.));
#12941 = DEFINITIONAL_REPRESENTATION('',(#12942),#12946);
#12942 = LINE('',#12943,#12944);
#12943 = CARTESIAN_POINT('',(0.,-0.));
#12944 = VECTOR('',#12945,1.);
#12945 = DIRECTION('',(1.,-0.));
#12946 = ( GEOMETRIC_REPRESENTATION_CONTEXT(2) 
PARAMETRIC_REPRESENTATION_CONTEXT() REPRESENTATION_CONTEXT('2D SPACE',''
  ) );
#12947 = ORIENTED_EDGE('',*,*,#12898,.F.);
#12948 = ADVANCED_FACE('',(#12949),#12936,.T.);
#12949 = FACE_BOUND('',#12950,.F.);
#12950 = EDGE_LOOP('',(#12951,#12952,#12975,#13002));
#12951 = ORIENTED_EDGE('',*,*,#12921,.T.);
#12952 = ORIENTED_EDGE('',*,*,#12953,.T.);
#12953 = EDGE_CURVE('',#12899,#12954,#12956,.T.);
#12954 = VERTEX_POINT('',#12955);
#12955 = CARTESIAN_POINT('',(74.645578708174,0.598230088748,0.));
#12956 = SEAM_CURVE('',#12957,(#12961,#12968),.PCURVE_S1.);
#12957 = LINE('',#12958,#12959);
#12958 = CARTESIAN_POINT('',(74.645812284672,0.797640118331,0.));
#12959 = VECTOR('',#12960,1.);
#12960 = DIRECTION('',(-1.171336960467E-03,-0.999999313985,0.));
#12961 = PCURVE('',#12936,#12962);
#12962 = DEFINITIONAL_REPRESENTATION('',(#12963),#12967);
#12963 = LINE('',#12964,#12965);
#12964 = CARTESIAN_POINT('',(0.,-0.));
#12965 = VECTOR('',#12966,1.);
#12966 = DIRECTION('',(0.,-1.));
#12967 = ( GEOMETRIC_REPRESENTATION_CONTEXT(2) 
PARAMETRIC_REPRESENTATION_CONTEXT() REPRESENTATION_CONTEXT('2D SPACE',''
  ) );
#12968 = PCURVE('',#12936,#12969);
#12969 = DEFINITIONAL_REPRESENTATION('',(#12970),#12974);
#12970 = LINE('',#12971,#12972);
#12971 = CARTESIAN_POINT('',(6.28318530718,-0.));
#12972 = VECTOR('',#12973,1.);
#12973 = DIRECTION('',(0.,-1.));
#12974 = ( GEOMETRIC_REPRESENTATION_CONTEXT(2) 
PARAMETRIC_REPRESENTATION_CONTEXT() REPRESENTATION_CONTEXT('2D SPACE',''
  ) );
#12975 = ORIENTED_EDGE('',*,*,#12976,.F.);
#12976 = EDGE_CURVE('',#12954,#12954,#12977,.T.);
#12977 = SURFACE_CURVE('',#12978,(#12983,#12990),.PCURVE_S1.);
#12978 = CIRCLE('',#12979,0.598230088748);
#12979 = AXIS2_PLACEMENT_3D('',#12980,#12981,#12982);
#12980 = CARTESIAN_POINT('',(74.645578708174,0.,0.));
#12981 = DIRECTION('',(1.,0.,0.));
#12982 = DIRECTION('',(-0.,1.,0.));
#12983 = PCURVE('',#12936,#12984);
#12984 = DEFINITIONAL_REPRESENTATION('',(#12985),#12989);
#12985 = LINE('',#12986,#12987);
#12986 = CARTESIAN_POINT('',(0.,-2.335764981751E-04));
#12987 = VECTOR('',#12988,1.);
#12988 = DIRECTION('',(1.,-0.));
#12989 = ( GEOMETRIC_REPRESENTATION_CONTEXT(2) 
PARAMETRIC_REPRESENTATION_CONTEXT() REPRESENTATION_CONTEXT('2D SPACE',''
  ) );
#12990 = PCURVE('',#12991,#12996);
#12991 = CONICAL_SURFACE('',#12992,0.598230088748,1.569959588196);
#12992 = AXIS2_PLACEMENT_3D('',#12993,#12994,#12995);
#12993 = CARTESIAN_POINT('',(74.645578708174,0.,0.));
#12994 = DIRECTION('',(1.,0.,0.));
#12995 = DIRECTION('',(0.,1.,0.));
#12996 = DEFINITIONAL_REPRESENTATION('',(#12997),#13001);
#12997 = LINE('',#12998,#12999);
#12998 = CARTESIAN_POINT('',(0.,-0.));
#12999 = VECTOR('',#13000,1.);
#13000 = DIRECTION('',(1.,-0.));
#13001 = ( GEOMETRIC_REPRESENTATION_CONTEXT(2) 
PARAMETRIC_REPRESENTATION_CONTEXT() REPRESENTATION_CONTEXT('2D SPACE',''
  ) );
#13002 = ORIENTED_EDGE('',*,*,#12953,.F.);
#13003 = ADVANCED_FACE('',(#13004),#12991,.T.);
#13004 = FACE_BOUND('',#13005,.F.);
#13005 = EDGE_LOOP('',(#13006,#13007,#13030,#13057));
#13006 = ORIENTED_EDGE('',*,*,#12976,.T.);
#13007 = ORIENTED_EDGE('',*,*,#13008,.T.);
#13008 = EDGE_CURVE('',#12954,#13009,#13011,.T.);
#13009 = VERTEX_POINT('',#13010);
#13010 = CARTESIAN_POINT('',(74.645411854066,0.398820059165,0.));
#13011 = SEAM_CURVE('',#13012,(#13016,#13023),.PCURVE_S1.);
#13012 = LINE('',#13013,#13014);
#13013 = CARTESIAN_POINT('',(74.645578708174,0.598230088748,0.));
#13014 = VECTOR('',#13015,1.);
#13015 = DIRECTION('',(-8.367385012833E-04,-0.999999649934,0.));
#13016 = PCURVE('',#12991,#13017);
#13017 = DEFINITIONAL_REPRESENTATION('',(#13018),#13022);
#13018 = LINE('',#13019,#13020);
#13019 = CARTESIAN_POINT('',(0.,-0.));
#13020 = VECTOR('',#13021,1.);
#13021 = DIRECTION('',(0.,-1.));
#13022 = ( GEOMETRIC_REPRESENTATION_CONTEXT(2) 
PARAMETRIC_REPRESENTATION_CONTEXT() REPRESENTATION_CONTEXT('2D SPACE',''
  ) );
#13023 = PCURVE('',#12991,#13024);
#13024 = DEFINITIONAL_REPRESENTATION('',(#13025),#13029);
#13025 = LINE('',#13026,#13027);
#13026 = CARTESIAN_POINT('',(6.28318530718,-0.));
#13027 = VECTOR('',#13028,1.);
#13028 = DIRECTION('',(0.,-1.));
#13029 = ( GEOMETRIC_REPRESENTATION_CONTEXT(2) 
PARAMETRIC_REPRESENTATION_CONTEXT() REPRESENTATION_CONTEXT('2D SPACE',''
  ) );
#13030 = ORIENTED_EDGE('',*,*,#13031,.F.);
#13031 = EDGE_CURVE('',#13009,#13009,#13032,.T.);
#13032 = SURFACE_CURVE('',#13033,(#13038,#13045),.PCURVE_S1.);
#13033 = CIRCLE('',#13034,0.398820059165);
#13034 = AXIS2_PLACEMENT_3D('',#13035,#13036,#13037);
#13035 = CARTESIAN_POINT('',(74.645411854066,0.,0.));
#13036 = DIRECTION('',(1.,0.,0.));
#13037 = DIRECTION('',(-0.,1.,0.));
#13038 = PCURVE('',#12991,#13039);
#13039 = DEFINITIONAL_REPRESENTATION('',(#13040),#13044);
#13040 = LINE('',#13041,#13042);
#13041 = CARTESIAN_POINT('',(0.,-1.668541077038E-04));
#13042 = VECTOR('',#13043,1.);
#13043 = DIRECTION('',(1.,-0.));
#13044 = ( GEOMETRIC_REPRESENTATION_CONTEXT(2) 
PARAMETRIC_REPRESENTATION_CONTEXT() REPRESENTATION_CONTEXT('2D SPACE',''
  ) );
#13045 = PCURVE('',#13046,#13051);
#13046 = CONICAL_SURFACE('',#13047,0.398820059165,1.570294255974);
#13047 = AXIS2_PLACEMENT_3D('',#13048,#13049,#13050);
#13048 = CARTESIAN_POINT('',(74.645411854066,0.,0.));
#13049 = DIRECTION('',(1.,0.,0.));
#13050 = DIRECTION('',(0.,1.,0.));
#13051 = DEFINITIONAL_REPRESENTATION('',(#13052),#13056);
#13052 = LINE('',#13053,#13054);
#13053 = CARTESIAN_POINT('',(0.,-0.));
#13054 = VECTOR('',#13055,1.);
#13055 = DIRECTION('',(1.,-0.));
#13056 = ( GEOMETRIC_REPRESENTATION_CONTEXT(2) 
PARAMETRIC_REPRESENTATION_CONTEXT() REPRESENTATION_CONTEXT('2D SPACE',''
  ) );
#13057 = ORIENTED_EDGE('',*,*,#13008,.F.);
#13058 = ADVANCED_FACE('',(#13059),#13046,.T.);
#13059 = FACE_BOUND('',#13060,.F.);
#13060 = EDGE_LOOP('',(#13061,#13062,#13085,#13112));
#13061 = ORIENTED_EDGE('',*,*,#13031,.T.);
#13062 = ORIENTED_EDGE('',*,*,#13063,.T.);
#13063 = EDGE_CURVE('',#13009,#13064,#13066,.T.);
#13064 = VERTEX_POINT('',#13065);
#13065 = CARTESIAN_POINT('',(74.6453117361,0.199410029583,0.));
#13066 = SEAM_CURVE('',#13067,(#13071,#13078),.PCURVE_S1.);
#13067 = LINE('',#13068,#13069);
#13068 = CARTESIAN_POINT('',(74.645411854066,0.398820059165,0.));
#13069 = VECTOR('',#13070,1.);
#13070 = DIRECTION('',(-5.020708002226E-04,-0.999999873962,0.));
#13071 = PCURVE('',#13046,#13072);
#13072 = DEFINITIONAL_REPRESENTATION('',(#13073),#13077);
#13073 = LINE('',#13074,#13075);
#13074 = CARTESIAN_POINT('',(0.,-0.));
#13075 = VECTOR('',#13076,1.);
#13076 = DIRECTION('',(0.,-1.));
#13077 = ( GEOMETRIC_REPRESENTATION_CONTEXT(2) 
PARAMETRIC_REPRESENTATION_CONTEXT() REPRESENTATION_CONTEXT('2D SPACE',''
  ) );
#13078 = PCURVE('',#13046,#13079);
#13079 = DEFINITIONAL_REPRESENTATION('',(#13080),#13084);
#13080 = LINE('',#13081,#13082);
#13081 = CARTESIAN_POINT('',(6.28318530718,-0.));
#13082 = VECTOR('',#13083,1.);
#13083 = DIRECTION('',(0.,-1.));
#13084 = ( GEOMETRIC_REPRESENTATION_CONTEXT(2) 
PARAMETRIC_REPRESENTATION_CONTEXT() REPRESENTATION_CONTEXT('2D SPACE',''
  ) );
#13085 = ORIENTED_EDGE('',*,*,#13086,.F.);
#13086 = EDGE_CURVE('',#13064,#13064,#13087,.T.);
#13087 = SURFACE_CURVE('',#13088,(#13093,#13100),.PCURVE_S1.);
#13088 = CIRCLE('',#13089,0.199410029583);
#13089 = AXIS2_PLACEMENT_3D('',#13090,#13091,#13092);
#13090 = CARTESIAN_POINT('',(74.6453117361,0.,0.));
#13091 = DIRECTION('',(1.,0.,0.));
#13092 = DIRECTION('',(-0.,1.,0.));
#13093 = PCURVE('',#13046,#13094);
#13094 = DEFINITIONAL_REPRESENTATION('',(#13095),#13099);
#13095 = LINE('',#13096,#13097);
#13096 = CARTESIAN_POINT('',(0.,-1.001179657436E-04));
#13097 = VECTOR('',#13098,1.);
#13098 = DIRECTION('',(1.,-0.));
#13099 = ( GEOMETRIC_REPRESENTATION_CONTEXT(2) 
PARAMETRIC_REPRESENTATION_CONTEXT() REPRESENTATION_CONTEXT('2D SPACE',''
  ) );
#13100 = PCURVE('',#13101,#13106);
#13101 = CONICAL_SURFACE('',#13102,0.199410029583,1.570628965244);
#13102 = AXIS2_PLACEMENT_3D('',#13103,#13104,#13105);
#13103 = CARTESIAN_POINT('',(74.6453117361,0.,0.));
#13104 = DIRECTION('',(1.,0.,0.));
#13105 = DIRECTION('',(0.,1.,0.));
#13106 = DEFINITIONAL_REPRESENTATION('',(#13107),#13111);
#13107 = LINE('',#13108,#13109);
#13108 = CARTESIAN_POINT('',(0.,-0.));
#13109 = VECTOR('',#13110,1.);
#13110 = DIRECTION('',(1.,-0.));
#13111 = ( GEOMETRIC_REPRESENTATION_CONTEXT(2) 
PARAMETRIC_REPRESENTATION_CONTEXT() REPRESENTATION_CONTEXT('2D SPACE',''
  ) );
#13112 = ORIENTED_EDGE('',*,*,#13063,.F.);
#13113 = ADVANCED_FACE('',(#13114),#13101,.T.);
#13114 = FACE_BOUND('',#13115,.F.);
#13115 = EDGE_LOOP('',(#13116,#13117,#13140));
#13116 = ORIENTED_EDGE('',*,*,#13086,.T.);
#13117 = ORIENTED_EDGE('',*,*,#13118,.T.);
#13118 = EDGE_CURVE('',#13064,#13119,#13121,.T.);
#13119 = VERTEX_POINT('',#13120);
#13120 = CARTESIAN_POINT('',(74.645278362528,0.,0.));
#13121 = SEAM_CURVE('',#13122,(#13126,#13133),.PCURVE_S1.);
#13122 = LINE('',#13123,#13124);
#13123 = CARTESIAN_POINT('',(74.6453117361,0.199410029583,0.));
#13124 = VECTOR('',#13125,1.);
#13125 = DIRECTION('',(-1.673615501658E-04,-0.999999985995,0.));
#13126 = PCURVE('',#13101,#13127);
#13127 = DEFINITIONAL_REPRESENTATION('',(#13128),#13132);
#13128 = LINE('',#13129,#13130);
#13129 = CARTESIAN_POINT('',(0.,-0.));
#13130 = VECTOR('',#13131,1.);
#13131 = DIRECTION('',(0.,-1.));
#13132 = ( GEOMETRIC_REPRESENTATION_CONTEXT(2) 
PARAMETRIC_REPRESENTATION_CONTEXT() REPRESENTATION_CONTEXT('2D SPACE',''
  ) );
#13133 = PCURVE('',#13101,#13134);
#13134 = DEFINITIONAL_REPRESENTATION('',(#13135),#13139);
#13135 = LINE('',#13136,#13137);
#13136 = CARTESIAN_POINT('',(6.28318530718,-0.));
#13137 = VECTOR('',#13138,1.);
#13138 = DIRECTION('',(0.,-1.));
#13139 = ( GEOMETRIC_REPRESENTATION_CONTEXT(2) 
PARAMETRIC_REPRESENTATION_CONTEXT() REPRESENTATION_CONTEXT('2D SPACE',''
  ) );
#13140 = ORIENTED_EDGE('',*,*,#13118,.F.);
#13141 = ( GEOMETRIC_REPRESENTATION_CONTEXT(3) 
GLOBAL_UNCERTAINTY_ASSIGNED_CONTEXT((#13145)) 
GLOBAL_UNIT_ASSIGNED_CONTEXT((#13142,#13143,#13144)) 
REPRESENTATION_CONTEXT('Context #1',
  '3D Context with UNIT and UNCERTAINTY') );
#13142 = ( LENGTH_UNIT() NAMED_UNIT(*) SI_UNIT(.MILLI.,.METRE.) );
#13143 = ( NAMED_UNIT(*) PLANE_ANGLE_UNIT() SI_UNIT($,.RADIAN.) );
#13144 = ( NAMED_UNIT(*) SI_UNIT($,.STERADIAN.) SOLID_ANGLE_UNIT() );
#13145 = UNCERTAINTY_MEASURE_WITH_UNIT(LENGTH_MEASURE(1.E-07),#13142,
  'distance_accuracy_value','confusion accuracy');
#13146 = PRODUCT_RELATED_PRODUCT_CATEGORY('part',$,(#7));
ENDSEC;
END-ISO-10303-21;
