C:\Users\MEO\Desktop\Projects\JetEngine\boomsonic_v0\.venv\Lib\site-packages\pycycle\elements\turbine.py:40: RuntimeWarning: invalid value encountered in sqrt
  outputs['Wp'] = inputs['W_in'] * inputs['Tt']**0.5 / inputs['Pt']
C:\Users\MEO\Desktop\Projects\JetEngine\boomsonic_v0\.venv\Lib\site-packages\pycycle\elements\turbine.py:41: RuntimeWarning: invalid value encountered in power
  outputs['Np'] = inputs['Nmech'] * inputs['Tt']**-0.5
C:\Users\MEO\Desktop\Projects\JetEngine\boomsonic_v0\.venv\Lib\site-packages\openmdao\solvers\solver.py:819: SolverWarning:Your model has stalled three times and may be violating the bounds. In the future, turn on print_bound_enforce in your solver options here: 
OD0.inlet.out_stat.nonlinear_solver.linesearch.options['print_bound_enforce']=True. 
The bound(s) being violated now are:

C:\Users\MEO\Desktop\Projects\JetEngine\boomsonic_v0\.venv\Lib\site-packages\openmdao\solvers\linesearch\backtracking.py:39: SolverWarning:'OD0.inlet.out_stat.balance.T' exceeds lower bounds
  Val: [-224.71974773]
  Lower: [150.]

C:\Users\MEO\Desktop\Projects\JetEngine\boomsonic_v0\.venv\Lib\site-packages\openmdao\solvers\linesearch\backtracking.py:39: SolverWarning:'OD0.inlet.out_stat.ps_resid.Ps' exceeds lower bounds
  Val: [-0.00109596]
  Lower: [-0.0009009]

C:\Users\MEO\Desktop\Projects\JetEngine\boomsonic_v0\.venv\Lib\site-packages\openmdao\solvers\solver.py:819: SolverWarning:Your model has stalled three times and may be violating the bounds. In the future, turn on print_bound_enforce in your solver options here: 
OD0.duct.out_stat.nonlinear_solver.linesearch.options['print_bound_enforce']=True. 
The bound(s) being violated now are:

C:\Users\MEO\Desktop\Projects\JetEngine\boomsonic_v0\.venv\Lib\site-packages\openmdao\solvers\linesearch\backtracking.py:39: SolverWarning:'OD0.duct.out_stat.balance.T' exceeds lower bounds
  Val: [-222.75125009]
  Lower: [150.]

C:\Users\MEO\Desktop\Projects\JetEngine\boomsonic_v0\.venv\Lib\site-packages\openmdao\solvers\linesearch\backtracking.py:39: SolverWarning:'OD0.duct.out_stat.ps_resid.Ps' exceeds lower bounds
  Val: [-0.00109467]
  Lower: [-0.0009009]

C:\Users\MEO\Desktop\Projects\JetEngine\boomsonic_v0\.venv\Lib\site-packages\openmdao\solvers\solver.py:819: SolverWarning:Your model has stalled three times and may be violating the bounds. In the future, turn on print_bound_enforce in your solver options here: 
OD0.comp.ideal_flow.nonlinear_solver.linesearch.options['print_bound_enforce']=True. 
The bound(s) being violated now are:

C:\Users\MEO\Desktop\Projects\JetEngine\boomsonic_v0\.venv\Lib\site-packages\openmdao\solvers\linesearch\backtracking.py:39: SolverWarning:'OD0.comp.ideal_flow.balance.T' exceeds lower bounds
  Val: [-3.03258294e+10]
  Lower: [150.]

C:\Users\MEO\Desktop\Projects\JetEngine\boomsonic_v0\.venv\Lib\site-packages\pycycle\elements\compressor.py:75: RuntimeWarning: invalid value encountered in log
  outputs['eff_poly'] = Rt * np.log(PR) / ( Rt*np.log(PR) + S_out - S_in )
C:\Users\MEO\Desktop\Projects\JetEngine\boomsonic_v0\.venv\Lib\site-packages\pycycle\thermo\static_ps_resid.py:128: RuntimeWarning: invalid value encountered in sqrt
  Vsonic = (i['gamma']*i['R']*i['Ts'])**0.5
C:\Users\MEO\Desktop\Projects\JetEngine\boomsonic_v0\.venv\Lib\site-packages\pycycle\thermo\static_ps_resid.py:128: RuntimeWarning: invalid value encountered in sqrt
  Vsonic = (i['gamma']*i['R']*i['Ts'])**0.5
C:\Users\MEO\Desktop\Projects\JetEngine\boomsonic_v0\.venv\Lib\site-packages\pycycle\thermo\static_ps_resid.py:98: RuntimeWarning: invalid value encountered in power
  ps_guess = inputs['guess:Pt'] * (1 + (gamt-1)/2 * M_guess**2)**(-gamt/(gamt-1))
C:\Users\MEO\Desktop\Projects\JetEngine\boomsonic_v0\.venv\Lib\site-packages\pycycle\thermo\static_ps_resid.py:93: RuntimeWarning: invalid value encountered in power
  f1 = ps - inputs['guess:Pt'] * (1 + (gamt-1)/2 * M_guess**2)**(-gamt/(gamt-1))
C:\Users\MEO\Desktop\Projects\JetEngine\boomsonic_v0\.venv\Lib\site-packages\pycycle\thermo\static_ps_resid.py:94: RuntimeWarning: invalid value encountered in sqrt
  f2 = MN - inputs['W']*(R_UNIVERSAL_SI*inputs['Ts'])**0.5/(ps_guess*1.0e6*inputs['area']*gamt**0.5)
C:\Users\MEO\Desktop\Projects\JetEngine\boomsonic_v0\.venv\Lib\site-packages\pycycle\thermo\static_ps_resid.py:99: RuntimeWarning: The iteration is not making good progress, as measured by the 
 improvement from the last ten iterations.
  ps_guess, M_guess = fsolve(equations, (ps_guess, M_guess))
C:\Users\MEO\Desktop\Projects\JetEngine\boomsonic_v0\.venv\Lib\site-packages\pycycle\thermo\static_ps_resid.py:128: RuntimeWarning: invalid value encountered in sqrt
  Vsonic = (i['gamma']*i['R']*i['Ts'])**0.5
C:\Users\MEO\Desktop\Projects\JetEngine\boomsonic_v0\.venv\Lib\site-packages\pycycle\thermo\static_ps_resid.py:128: RuntimeWarning: invalid value encountered in sqrt
  Vsonic = (i['gamma']*i['R']*i['Ts'])**0.5
C:\Users\MEO\Desktop\Projects\JetEngine\boomsonic_v0\.venv\Lib\site-packages\pycycle\thermo\static_ps_resid.py:128: RuntimeWarning: invalid value encountered in sqrt
  Vsonic = (i['gamma']*i['R']*i['Ts'])**0.5
C:\Users\MEO\Desktop\Projects\JetEngine\boomsonic_v0\.venv\Lib\site-packages\pycycle\thermo\static_ps_resid.py:128: RuntimeWarning: invalid value encountered in sqrt
  Vsonic = (i['gamma']*i['R']*i['Ts'])**0.5
C:\Users\MEO\Desktop\Projects\JetEngine\boomsonic_v0\.venv\Lib\site-packages\pycycle\thermo\static_ps_resid.py:128: RuntimeWarning: invalid value encountered in sqrt
  Vsonic = (i['gamma']*i['R']*i['Ts'])**0.5
C:\Users\MEO\Desktop\Projects\JetEngine\boomsonic_v0\.venv\Lib\site-packages\pycycle\thermo\static_ps_resid.py:128: RuntimeWarning: invalid value encountered in sqrt
  Vsonic = (i['gamma']*i['R']*i['Ts'])**0.5
C:\Users\MEO\Desktop\Projects\JetEngine\boomsonic_v0\.venv\Lib\site-packages\pycycle\thermo\static_ps_resid.py:128: RuntimeWarning: invalid value encountered in sqrt
  Vsonic = (i['gamma']*i['R']*i['Ts'])**0.5
C:\Users\MEO\Desktop\Projects\JetEngine\boomsonic_v0\.venv\Lib\site-packages\pycycle\thermo\static_ps_resid.py:83: RuntimeWarning: invalid value encountered in power
  ps_guess = inputs['guess:Pt'] * (1 + (gamt-1)/2 * inputs['MN']**2)**(-gamt/(gamt-1))
C:\Users\MEO\Desktop\Projects\JetEngine\boomsonic_v0\.venv\Lib\site-packages\pycycle\thermo\static_ps_resid.py:108: RuntimeWarning: invalid value encountered in sqrt
  Vsonic = (i['gamma']*i['R']*i['Ts'])**0.5
C:\Users\MEO\Desktop\Projects\JetEngine\boomsonic_v0\.venv\Lib\site-packages\pycycle\thermo\static_ps_resid.py:108: RuntimeWarning: invalid value encountered in sqrt
  Vsonic = (i['gamma']*i['R']*i['Ts'])**0.5
C:\Users\MEO\Desktop\Projects\JetEngine\boomsonic_v0\.venv\Lib\site-packages\pycycle\thermo\static_ps_resid.py:108: RuntimeWarning: invalid value encountered in sqrt
  Vsonic = (i['gamma']*i['R']*i['Ts'])**0.5
C:\Users\MEO\Desktop\Projects\JetEngine\boomsonic_v0\.venv\Lib\site-packages\pycycle\thermo\static_ps_resid.py:108: RuntimeWarning: invalid value encountered in sqrt
  Vsonic = (i['gamma']*i['R']*i['Ts'])**0.5
C:\Users\MEO\Desktop\Projects\JetEngine\boomsonic_v0\.venv\Lib\site-packages\pycycle\thermo\static_ps_resid.py:108: RuntimeWarning: invalid value encountered in sqrt
  Vsonic = (i['gamma']*i['R']*i['Ts'])**0.5
C:\Users\MEO\Desktop\Projects\JetEngine\boomsonic_v0\.venv\Lib\site-packages\pycycle\thermo\static_ps_resid.py:108: RuntimeWarning: invalid value encountered in sqrt
  Vsonic = (i['gamma']*i['R']*i['Ts'])**0.5
C:\Users\MEO\Desktop\Projects\JetEngine\boomsonic_v0\.venv\Lib\site-packages\pycycle\thermo\static_ps_resid.py:108: RuntimeWarning: invalid value encountered in sqrt
  Vsonic = (i['gamma']*i['R']*i['Ts'])**0.5
C:\Users\MEO\Desktop\Projects\JetEngine\boomsonic_v0\.venv\Lib\site-packages\pycycle\thermo\static_ps_calc.py:32: RuntimeWarning: invalid value encountered in sqrt
  outputs['Vsonic'] = Vsonic = np.sqrt(inputs['gamma'] * inputs['R'] * inputs['Ts'])
C:\Users\MEO\Desktop\Projects\JetEngine\boomsonic_v0\.venv\Lib\site-packages\pycycle\thermo\static_ps_calc.py:32: RuntimeWarning: invalid value encountered in sqrt
  outputs['Vsonic'] = Vsonic = np.sqrt(inputs['gamma'] * inputs['R'] * inputs['Ts'])
C:\Users\MEO\Desktop\Projects\JetEngine\boomsonic_v0\.venv\Lib\site-packages\pycycle\elements\compressor.py:75: RuntimeWarning: invalid value encountered in log
  outputs['eff_poly'] = Rt * np.log(PR) / ( Rt*np.log(PR) + S_out - S_in )
C:\Users\MEO\Desktop\Projects\JetEngine\boomsonic_v0\.venv\Lib\site-packages\pycycle\thermo\static_ps_resid.py:128: RuntimeWarning: invalid value encountered in sqrt
  Vsonic = (i['gamma']*i['R']*i['Ts'])**0.5
C:\Users\MEO\Desktop\Projects\JetEngine\boomsonic_v0\.venv\Lib\site-packages\pycycle\thermo\static_ps_resid.py:108: RuntimeWarning: invalid value encountered in sqrt
  Vsonic = (i['gamma']*i['R']*i['Ts'])**0.5
C:\Users\MEO\Desktop\Projects\JetEngine\boomsonic_v0\.venv\Lib\site-packages\pycycle\thermo\static_ps_resid.py:128: RuntimeWarning: invalid value encountered in sqrt
  Vsonic = (i['gamma']*i['R']*i['Ts'])**0.5
C:\Users\MEO\Desktop\Projects\JetEngine\boomsonic_v0\.venv\Lib\site-packages\pycycle\thermo\static_ps_resid.py:98: RuntimeWarning: invalid value encountered in power
  ps_guess = inputs['guess:Pt'] * (1 + (gamt-1)/2 * M_guess**2)**(-gamt/(gamt-1))
C:\Users\MEO\Desktop\Projects\JetEngine\boomsonic_v0\.venv\Lib\site-packages\pycycle\thermo\static_ps_resid.py:93: RuntimeWarning: invalid value encountered in power
  f1 = ps - inputs['guess:Pt'] * (1 + (gamt-1)/2 * M_guess**2)**(-gamt/(gamt-1))
C:\Users\MEO\Desktop\Projects\JetEngine\boomsonic_v0\.venv\Lib\site-packages\pycycle\thermo\static_ps_resid.py:94: RuntimeWarning: invalid value encountered in sqrt
  f2 = MN - inputs['W']*(R_UNIVERSAL_SI*inputs['Ts'])**0.5/(ps_guess*1.0e6*inputs['area']*gamt**0.5)
C:\Users\MEO\Desktop\Projects\JetEngine\boomsonic_v0\.venv\Lib\site-packages\pycycle\thermo\static_ps_resid.py:99: RuntimeWarning: The iteration is not making good progress, as measured by the 
 improvement from the last ten iterations.
  ps_guess, M_guess = fsolve(equations, (ps_guess, M_guess))
C:\Users\MEO\Desktop\Projects\JetEngine\boomsonic_v0\.venv\Lib\site-packages\pycycle\thermo\static_ps_resid.py:108: RuntimeWarning: invalid value encountered in sqrt
  Vsonic = (i['gamma']*i['R']*i['Ts'])**0.5
C:\Users\MEO\Desktop\Projects\JetEngine\boomsonic_v0\.venv\Lib\site-packages\pycycle\thermo\static_ps_resid.py:83: RuntimeWarning: invalid value encountered in power
  ps_guess = inputs['guess:Pt'] * (1 + (gamt-1)/2 * inputs['MN']**2)**(-gamt/(gamt-1))
C:\Users\MEO\Desktop\Projects\JetEngine\boomsonic_v0\.venv\Lib\site-packages\openmdao\solvers\solver.py:819: SolverWarning:Your model has stalled three times and may be violating the bounds. In the future, turn on print_bound_enforce in your solver options here: 
OD0.inlet.out_stat.nonlinear_solver.linesearch.options['print_bound_enforce']=True. 
The bound(s) being violated now are:

C:\Users\MEO\Desktop\Projects\JetEngine\boomsonic_v0\.venv\Lib\site-packages\openmdao\solvers\linesearch\backtracking.py:39: SolverWarning:'OD0.inlet.out_stat.balance.T' exceeds lower bounds
  Val: [-224.7197476]
  Lower: [150.]

C:\Users\MEO\Desktop\Projects\JetEngine\boomsonic_v0\.venv\Lib\site-packages\openmdao\solvers\linesearch\backtracking.py:39: SolverWarning:'OD0.inlet.out_stat.ps_resid.Ps' exceeds lower bounds
  Val: [-0.00109596]
  Lower: [-0.0009009]

C:\Users\MEO\Desktop\Projects\JetEngine\boomsonic_v0\.venv\Lib\site-packages\openmdao\solvers\solver.py:819: SolverWarning:Your model has stalled three times and may be violating the bounds. In the future, turn on print_bound_enforce in your solver options here: 
OD0.duct.out_stat.nonlinear_solver.linesearch.options['print_bound_enforce']=True. 
The bound(s) being violated now are:

C:\Users\MEO\Desktop\Projects\JetEngine\boomsonic_v0\.venv\Lib\site-packages\openmdao\solvers\linesearch\backtracking.py:39: SolverWarning:'OD0.duct.out_stat.balance.T' exceeds lower bounds
  Val: [-222.75124996]
  Lower: [150.]

C:\Users\MEO\Desktop\Projects\JetEngine\boomsonic_v0\.venv\Lib\site-packages\openmdao\solvers\linesearch\backtracking.py:39: SolverWarning:'OD0.duct.out_stat.ps_resid.Ps' exceeds lower bounds
  Val: [-0.00109467]
  Lower: [-0.0009009]

C:\Users\MEO\Desktop\Projects\JetEngine\boomsonic_v0\.venv\Lib\site-packages\openmdao\solvers\solver.py:819: SolverWarning:Your model has stalled three times and may be violating the bounds. In the future, turn on print_bound_enforce in your solver options here: 
OD0.comp.ideal_flow.nonlinear_solver.linesearch.options['print_bound_enforce']=True. 
The bound(s) being violated now are:

C:\Users\MEO\Desktop\Projects\JetEngine\boomsonic_v0\.venv\Lib\site-packages\openmdao\solvers\linesearch\backtracking.py:39: SolverWarning:'OD0.comp.ideal_flow.balance.T' exceeds lower bounds
  Val: [-3.03258294e+10]
  Lower: [150.]

C:\Users\MEO\Desktop\Projects\JetEngine\boomsonic_v0\.venv\Lib\site-packages\pycycle\elements\compressor.py:75: RuntimeWarning: invalid value encountered in log
  outputs['eff_poly'] = Rt * np.log(PR) / ( Rt*np.log(PR) + S_out - S_in )
C:\Users\MEO\Desktop\Projects\JetEngine\boomsonic_v0\.venv\Lib\site-packages\pycycle\thermo\static_ps_resid.py:128: RuntimeWarning: invalid value encountered in sqrt
  Vsonic = (i['gamma']*i['R']*i['Ts'])**0.5
C:\Users\MEO\Desktop\Projects\JetEngine\boomsonic_v0\.venv\Lib\site-packages\pycycle\thermo\static_ps_resid.py:128: RuntimeWarning: invalid value encountered in sqrt
  Vsonic = (i['gamma']*i['R']*i['Ts'])**0.5
C:\Users\MEO\Desktop\Projects\JetEngine\boomsonic_v0\.venv\Lib\site-packages\pycycle\thermo\static_ps_resid.py:98: RuntimeWarning: invalid value encountered in power
  ps_guess = inputs['guess:Pt'] * (1 + (gamt-1)/2 * M_guess**2)**(-gamt/(gamt-1))
C:\Users\MEO\Desktop\Projects\JetEngine\boomsonic_v0\.venv\Lib\site-packages\pycycle\thermo\static_ps_resid.py:93: RuntimeWarning: invalid value encountered in power
  f1 = ps - inputs['guess:Pt'] * (1 + (gamt-1)/2 * M_guess**2)**(-gamt/(gamt-1))
C:\Users\MEO\Desktop\Projects\JetEngine\boomsonic_v0\.venv\Lib\site-packages\pycycle\thermo\static_ps_resid.py:94: RuntimeWarning: invalid value encountered in sqrt
  f2 = MN - inputs['W']*(R_UNIVERSAL_SI*inputs['Ts'])**0.5/(ps_guess*1.0e6*inputs['area']*gamt**0.5)
C:\Users\MEO\Desktop\Projects\JetEngine\boomsonic_v0\.venv\Lib\site-packages\pycycle\thermo\static_ps_resid.py:99: RuntimeWarning: The iteration is not making good progress, as measured by the 
 improvement from the last ten iterations.
  ps_guess, M_guess = fsolve(equations, (ps_guess, M_guess))
C:\Users\MEO\Desktop\Projects\JetEngine\boomsonic_v0\.venv\Lib\site-packages\pycycle\thermo\static_ps_resid.py:128: RuntimeWarning: invalid value encountered in sqrt
  Vsonic = (i['gamma']*i['R']*i['Ts'])**0.5
C:\Users\MEO\Desktop\Projects\JetEngine\boomsonic_v0\.venv\Lib\site-packages\pycycle\thermo\static_ps_resid.py:128: RuntimeWarning: invalid value encountered in sqrt
  Vsonic = (i['gamma']*i['R']*i['Ts'])**0.5
C:\Users\MEO\Desktop\Projects\JetEngine\boomsonic_v0\.venv\Lib\site-packages\pycycle\thermo\static_ps_resid.py:128: RuntimeWarning: invalid value encountered in sqrt
  Vsonic = (i['gamma']*i['R']*i['Ts'])**0.5
C:\Users\MEO\Desktop\Projects\JetEngine\boomsonic_v0\.venv\Lib\site-packages\openmdao\solvers\solver.py:819: SolverWarning:Your model has stalled three times and may be violating the bounds. In the future, turn on print_bound_enforce in your solver options here: 
OD0.turb.out_stat.nonlinear_solver.linesearch.options['print_bound_enforce']=True. 
The bound(s) being violated now are:

C:\Users\MEO\Desktop\Projects\JetEngine\boomsonic_v0\.venv\Lib\site-packages\openmdao\solvers\linesearch\backtracking.py:35: SolverWarning:'OD0.turb.out_stat.balance.T' exceeds upper bounds
  Val: [7.22645492e+10]
  Upper: [2500.]

C:\Users\MEO\Desktop\Projects\JetEngine\boomsonic_v0\.venv\Lib\site-packages\openmdao\solvers\linesearch\backtracking.py:39: SolverWarning:'OD0.turb.out_stat.ps_resid.Ps' exceeds lower bounds
  Val: [-4.58837532e+10]
  Lower: [-0.0009009]

C:\Users\MEO\Desktop\Projects\JetEngine\boomsonic_v0\.venv\Lib\site-packages\pycycle\thermo\static_ps_resid.py:128: RuntimeWarning: invalid value encountered in sqrt
  Vsonic = (i['gamma']*i['R']*i['Ts'])**0.5
C:\Users\MEO\Desktop\Projects\JetEngine\boomsonic_v0\.venv\Lib\site-packages\pycycle\thermo\static_ps_resid.py:108: RuntimeWarning: invalid value encountered in sqrt
  Vsonic = (i['gamma']*i['R']*i['Ts'])**0.5
C:\Users\MEO\Desktop\Projects\JetEngine\boomsonic_v0\.venv\Lib\site-packages\pycycle\thermo\static_ps_resid.py:83: RuntimeWarning: invalid value encountered in power
  ps_guess = inputs['guess:Pt'] * (1 + (gamt-1)/2 * inputs['MN']**2)**(-gamt/(gamt-1))
C:\Users\MEO\Desktop\Projects\JetEngine\boomsonic_v0\.venv\Lib\site-packages\pycycle\thermo\static_ps_resid.py:108: RuntimeWarning: invalid value encountered in sqrt
  Vsonic = (i['gamma']*i['R']*i['Ts'])**0.5
C:\Users\MEO\Desktop\Projects\JetEngine\boomsonic_v0\.venv\Lib\site-packages\pycycle\thermo\static_ps_resid.py:108: RuntimeWarning: invalid value encountered in sqrt
  Vsonic = (i['gamma']*i['R']*i['Ts'])**0.5
C:\Users\MEO\Desktop\Projects\JetEngine\boomsonic_v0\.venv\Lib\site-packages\pycycle\thermo\static_ps_resid.py:108: RuntimeWarning: invalid value encountered in sqrt
  Vsonic = (i['gamma']*i['R']*i['Ts'])**0.5
C:\Users\MEO\Desktop\Projects\JetEngine\boomsonic_v0\.venv\Lib\site-packages\pycycle\thermo\static_ps_resid.py:108: RuntimeWarning: invalid value encountered in sqrt
  Vsonic = (i['gamma']*i['R']*i['Ts'])**0.5
C:\Users\MEO\Desktop\Projects\JetEngine\boomsonic_v0\.venv\Lib\site-packages\pycycle\thermo\static_ps_resid.py:108: RuntimeWarning: invalid value encountered in sqrt
  Vsonic = (i['gamma']*i['R']*i['Ts'])**0.5
C:\Users\MEO\Desktop\Projects\JetEngine\boomsonic_v0\.venv\Lib\site-packages\pycycle\thermo\static_ps_resid.py:108: RuntimeWarning: invalid value encountered in sqrt
  Vsonic = (i['gamma']*i['R']*i['Ts'])**0.5
C:\Users\MEO\Desktop\Projects\JetEngine\boomsonic_v0\.venv\Lib\site-packages\pycycle\thermo\static_ps_resid.py:108: RuntimeWarning: invalid value encountered in sqrt
  Vsonic = (i['gamma']*i['R']*i['Ts'])**0.5
C:\Users\MEO\Desktop\Projects\JetEngine\boomsonic_v0\.venv\Lib\site-packages\pycycle\thermo\static_ps_resid.py:108: RuntimeWarning: invalid value encountered in sqrt
  Vsonic = (i['gamma']*i['R']*i['Ts'])**0.5
C:\Users\MEO\Desktop\Projects\JetEngine\boomsonic_v0\.venv\Lib\site-packages\pycycle\thermo\static_ps_resid.py:108: RuntimeWarning: invalid value encountered in sqrt
  Vsonic = (i['gamma']*i['R']*i['Ts'])**0.5
C:\Users\MEO\Desktop\Projects\JetEngine\boomsonic_v0\.venv\Lib\site-packages\pycycle\thermo\static_ps_resid.py:108: RuntimeWarning: invalid value encountered in sqrt
  Vsonic = (i['gamma']*i['R']*i['Ts'])**0.5
C:\Users\MEO\Desktop\Projects\JetEngine\boomsonic_v0\.venv\Lib\site-packages\pycycle\thermo\static_ps_resid.py:108: RuntimeWarning: invalid value encountered in sqrt
  Vsonic = (i['gamma']*i['R']*i['Ts'])**0.5
C:\Users\MEO\Desktop\Projects\JetEngine\boomsonic_v0\.venv\Lib\site-packages\pycycle\thermo\static_ps_calc.py:32: RuntimeWarning: invalid value encountered in sqrt
  outputs['Vsonic'] = Vsonic = np.sqrt(inputs['gamma'] * inputs['R'] * inputs['Ts'])
C:\Users\MEO\Desktop\Projects\JetEngine\boomsonic_v0\.venv\Lib\site-packages\pycycle\elements\compressor.py:75: RuntimeWarning: invalid value encountered in log
  outputs['eff_poly'] = Rt * np.log(PR) / ( Rt*np.log(PR) + S_out - S_in )
C:\Users\MEO\Desktop\Projects\JetEngine\boomsonic_v0\.venv\Lib\site-packages\pycycle\thermo\static_ps_resid.py:128: RuntimeWarning: invalid value encountered in sqrt
  Vsonic = (i['gamma']*i['R']*i['Ts'])**0.5
C:\Users\MEO\Desktop\Projects\JetEngine\boomsonic_v0\.venv\Lib\site-packages\pycycle\thermo\static_ps_resid.py:128: RuntimeWarning: invalid value encountered in sqrt
  Vsonic = (i['gamma']*i['R']*i['Ts'])**0.5
C:\Users\MEO\Desktop\Projects\JetEngine\boomsonic_v0\.venv\Lib\site-packages\pycycle\thermo\static_ps_resid.py:98: RuntimeWarning: invalid value encountered in power
  ps_guess = inputs['guess:Pt'] * (1 + (gamt-1)/2 * M_guess**2)**(-gamt/(gamt-1))
C:\Users\MEO\Desktop\Projects\JetEngine\boomsonic_v0\.venv\Lib\site-packages\pycycle\thermo\static_ps_resid.py:93: RuntimeWarning: invalid value encountered in power
  f1 = ps - inputs['guess:Pt'] * (1 + (gamt-1)/2 * M_guess**2)**(-gamt/(gamt-1))
C:\Users\MEO\Desktop\Projects\JetEngine\boomsonic_v0\.venv\Lib\site-packages\pycycle\thermo\static_ps_resid.py:94: RuntimeWarning: invalid value encountered in sqrt
  f2 = MN - inputs['W']*(R_UNIVERSAL_SI*inputs['Ts'])**0.5/(ps_guess*1.0e6*inputs['area']*gamt**0.5)
C:\Users\MEO\Desktop\Projects\JetEngine\boomsonic_v0\.venv\Lib\site-packages\pycycle\thermo\static_ps_resid.py:99: RuntimeWarning: The iteration is not making good progress, as measured by the 
 improvement from the last ten iterations.
  ps_guess, M_guess = fsolve(equations, (ps_guess, M_guess))
C:\Users\MEO\Desktop\Projects\JetEngine\boomsonic_v0\.venv\Lib\site-packages\pycycle\thermo\static_ps_resid.py:108: RuntimeWarning: invalid value encountered in sqrt
  Vsonic = (i['gamma']*i['R']*i['Ts'])**0.5
C:\Users\MEO\Desktop\Projects\JetEngine\boomsonic_v0\.venv\Lib\site-packages\pycycle\thermo\static_ps_resid.py:83: RuntimeWarning: invalid value encountered in power
  ps_guess = inputs['guess:Pt'] * (1 + (gamt-1)/2 * inputs['MN']**2)**(-gamt/(gamt-1))
C:\Users\MEO\Desktop\Projects\JetEngine\boomsonic_v0\.venv\Lib\site-packages\openmdao\solvers\solver.py:819: SolverWarning:Your model has stalled three times and may be violating the bounds. In the future, turn on print_bound_enforce in your solver options here: 
OD0.inlet.out_stat.nonlinear_solver.linesearch.options['print_bound_enforce']=True. 
The bound(s) being violated now are:

C:\Users\MEO\Desktop\Projects\JetEngine\boomsonic_v0\.venv\Lib\site-packages\openmdao\solvers\linesearch\backtracking.py:39: SolverWarning:'OD0.inlet.out_stat.balance.T' exceeds lower bounds
  Val: [-224.71974758]
  Lower: [150.]

C:\Users\MEO\Desktop\Projects\JetEngine\boomsonic_v0\.venv\Lib\site-packages\openmdao\solvers\linesearch\backtracking.py:39: SolverWarning:'OD0.inlet.out_stat.ps_resid.Ps' exceeds lower bounds
  Val: [-0.00109596]
  Lower: [-0.0009009]

C:\Users\MEO\Desktop\Projects\JetEngine\boomsonic_v0\.venv\Lib\site-packages\openmdao\solvers\solver.py:819: SolverWarning:Your model has stalled three times and may be violating the bounds. In the future, turn on print_bound_enforce in your solver options here: 
OD0.duct.out_stat.nonlinear_solver.linesearch.options['print_bound_enforce']=True. 
The bound(s) being violated now are:

C:\Users\MEO\Desktop\Projects\JetEngine\boomsonic_v0\.venv\Lib\site-packages\openmdao\solvers\linesearch\backtracking.py:39: SolverWarning:'OD0.duct.out_stat.balance.T' exceeds lower bounds
  Val: [-222.75124993]
  Lower: [150.]

C:\Users\MEO\Desktop\Projects\JetEngine\boomsonic_v0\.venv\Lib\site-packages\openmdao\solvers\linesearch\backtracking.py:39: SolverWarning:'OD0.duct.out_stat.ps_resid.Ps' exceeds lower bounds
  Val: [-0.00109467]
  Lower: [-0.0009009]

C:\Users\MEO\Desktop\Projects\JetEngine\boomsonic_v0\.venv\Lib\site-packages\openmdao\solvers\solver.py:819: SolverWarning:Your model has stalled three times and may be violating the bounds. In the future, turn on print_bound_enforce in your solver options here: 
OD0.comp.ideal_flow.nonlinear_solver.linesearch.options['print_bound_enforce']=True. 
The bound(s) being violated now are:

C:\Users\MEO\Desktop\Projects\JetEngine\boomsonic_v0\.venv\Lib\site-packages\openmdao\solvers\linesearch\backtracking.py:39: SolverWarning:'OD0.comp.ideal_flow.balance.T' exceeds lower bounds
  Val: [-3.03258294e+10]
  Lower: [150.]

C:\Users\MEO\Desktop\Projects\JetEngine\boomsonic_v0\.venv\Lib\site-packages\pycycle\elements\compressor.py:75: RuntimeWarning: invalid value encountered in log
  outputs['eff_poly'] = Rt * np.log(PR) / ( Rt*np.log(PR) + S_out - S_in )
C:\Users\MEO\Desktop\Projects\JetEngine\boomsonic_v0\.venv\Lib\site-packages\pycycle\thermo\static_ps_resid.py:128: RuntimeWarning: invalid value encountered in sqrt
  Vsonic = (i['gamma']*i['R']*i['Ts'])**0.5
C:\Users\MEO\Desktop\Projects\JetEngine\boomsonic_v0\.venv\Lib\site-packages\pycycle\thermo\static_ps_resid.py:98: RuntimeWarning: invalid value encountered in power
  ps_guess = inputs['guess:Pt'] * (1 + (gamt-1)/2 * M_guess**2)**(-gamt/(gamt-1))
C:\Users\MEO\Desktop\Projects\JetEngine\boomsonic_v0\.venv\Lib\site-packages\pycycle\thermo\static_ps_resid.py:93: RuntimeWarning: invalid value encountered in power
  f1 = ps - inputs['guess:Pt'] * (1 + (gamt-1)/2 * M_guess**2)**(-gamt/(gamt-1))
C:\Users\MEO\Desktop\Projects\JetEngine\boomsonic_v0\.venv\Lib\site-packages\pycycle\thermo\static_ps_resid.py:94: RuntimeWarning: invalid value encountered in sqrt
  f2 = MN - inputs['W']*(R_UNIVERSAL_SI*inputs['Ts'])**0.5/(ps_guess*1.0e6*inputs['area']*gamt**0.5)
C:\Users\MEO\Desktop\Projects\JetEngine\boomsonic_v0\.venv\Lib\site-packages\pycycle\thermo\static_ps_resid.py:99: RuntimeWarning: The iteration is not making good progress, as measured by the 
 improvement from the last ten iterations.
  ps_guess, M_guess = fsolve(equations, (ps_guess, M_guess))
C:\Users\MEO\Desktop\Projects\JetEngine\boomsonic_v0\.venv\Lib\site-packages\pycycle\thermo\static_ps_resid.py:128: RuntimeWarning: invalid value encountered in sqrt
  Vsonic = (i['gamma']*i['R']*i['Ts'])**0.5
C:\Users\MEO\Desktop\Projects\JetEngine\boomsonic_v0\.venv\Lib\site-packages\pycycle\thermo\static_ps_resid.py:128: RuntimeWarning: invalid value encountered in sqrt
  Vsonic = (i['gamma']*i['R']*i['Ts'])**0.5
C:\Users\MEO\Desktop\Projects\JetEngine\boomsonic_v0\.venv\Lib\site-packages\pycycle\thermo\static_ps_resid.py:128: RuntimeWarning: invalid value encountered in sqrt
  Vsonic = (i['gamma']*i['R']*i['Ts'])**0.5
C:\Users\MEO\Desktop\Projects\JetEngine\boomsonic_v0\.venv\Lib\site-packages\pycycle\thermo\static_ps_resid.py:128: RuntimeWarning: invalid value encountered in sqrt
  Vsonic = (i['gamma']*i['R']*i['Ts'])**0.5
C:\Users\MEO\Desktop\Projects\JetEngine\boomsonic_v0\.venv\Lib\site-packages\pycycle\thermo\static_ps_resid.py:128: RuntimeWarning: invalid value encountered in sqrt
  Vsonic = (i['gamma']*i['R']*i['Ts'])**0.5
C:\Users\MEO\Desktop\Projects\JetEngine\boomsonic_v0\.venv\Lib\site-packages\pycycle\thermo\static_ps_resid.py:128: RuntimeWarning: invalid value encountered in sqrt
  Vsonic = (i['gamma']*i['R']*i['Ts'])**0.5
C:\Users\MEO\Desktop\Projects\JetEngine\boomsonic_v0\.venv\Lib\site-packages\pycycle\thermo\static_ps_resid.py:128: RuntimeWarning: invalid value encountered in sqrt
  Vsonic = (i['gamma']*i['R']*i['Ts'])**0.5
C:\Users\MEO\Desktop\Projects\JetEngine\boomsonic_v0\.venv\Lib\site-packages\pycycle\thermo\static_ps_resid.py:128: RuntimeWarning: invalid value encountered in sqrt
  Vsonic = (i['gamma']*i['R']*i['Ts'])**0.5
C:\Users\MEO\Desktop\Projects\JetEngine\boomsonic_v0\.venv\Lib\site-packages\pycycle\thermo\static_ps_resid.py:128: RuntimeWarning: invalid value encountered in sqrt
  Vsonic = (i['gamma']*i['R']*i['Ts'])**0.5
C:\Users\MEO\Desktop\Projects\JetEngine\boomsonic_v0\.venv\Lib\site-packages\pycycle\thermo\static_ps_resid.py:108: RuntimeWarning: invalid value encountered in sqrt
  Vsonic = (i['gamma']*i['R']*i['Ts'])**0.5
C:\Users\MEO\Desktop\Projects\JetEngine\boomsonic_v0\.venv\Lib\site-packages\pycycle\thermo\static_ps_resid.py:83: RuntimeWarning: invalid value encountered in power
  ps_guess = inputs['guess:Pt'] * (1 + (gamt-1)/2 * inputs['MN']**2)**(-gamt/(gamt-1))
C:\Users\MEO\Desktop\Projects\JetEngine\boomsonic_v0\.venv\Lib\site-packages\pycycle\thermo\static_ps_resid.py:108: RuntimeWarning: invalid value encountered in sqrt
  Vsonic = (i['gamma']*i['R']*i['Ts'])**0.5
C:\Users\MEO\Desktop\Projects\JetEngine\boomsonic_v0\.venv\Lib\site-packages\pycycle\thermo\static_ps_resid.py:108: RuntimeWarning: invalid value encountered in sqrt
  Vsonic = (i['gamma']*i['R']*i['Ts'])**0.5
C:\Users\MEO\Desktop\Projects\JetEngine\boomsonic_v0\.venv\Lib\site-packages\pycycle\thermo\static_ps_resid.py:108: RuntimeWarning: invalid value encountered in sqrt
  Vsonic = (i['gamma']*i['R']*i['Ts'])**0.5
C:\Users\MEO\Desktop\Projects\JetEngine\boomsonic_v0\.venv\Lib\site-packages\pycycle\thermo\static_ps_resid.py:108: RuntimeWarning: invalid value encountered in sqrt
  Vsonic = (i['gamma']*i['R']*i['Ts'])**0.5
C:\Users\MEO\Desktop\Projects\JetEngine\boomsonic_v0\.venv\Lib\site-packages\pycycle\thermo\static_ps_resid.py:108: RuntimeWarning: invalid value encountered in sqrt
  Vsonic = (i['gamma']*i['R']*i['Ts'])**0.5
C:\Users\MEO\Desktop\Projects\JetEngine\boomsonic_v0\.venv\Lib\site-packages\pycycle\thermo\static_ps_resid.py:108: RuntimeWarning: invalid value encountered in sqrt
  Vsonic = (i['gamma']*i['R']*i['Ts'])**0.5
C:\Users\MEO\Desktop\Projects\JetEngine\boomsonic_v0\.venv\Lib\site-packages\pycycle\thermo\static_ps_resid.py:108: RuntimeWarning: invalid value encountered in sqrt
  Vsonic = (i['gamma']*i['R']*i['Ts'])**0.5
C:\Users\MEO\Desktop\Projects\JetEngine\boomsonic_v0\.venv\Lib\site-packages\pycycle\thermo\static_ps_resid.py:108: RuntimeWarning: invalid value encountered in sqrt
  Vsonic = (i['gamma']*i['R']*i['Ts'])**0.5
C:\Users\MEO\Desktop\Projects\JetEngine\boomsonic_v0\.venv\Lib\site-packages\pycycle\thermo\static_ps_calc.py:32: RuntimeWarning: invalid value encountered in sqrt
  outputs['Vsonic'] = Vsonic = np.sqrt(inputs['gamma'] * inputs['R'] * inputs['Ts'])
C:\Users\MEO\Desktop\Projects\JetEngine\boomsonic_v0\.venv\Lib\site-packages\pycycle\elements\compressor.py:75: RuntimeWarning: invalid value encountered in log
  outputs['eff_poly'] = Rt * np.log(PR) / ( Rt*np.log(PR) + S_out - S_in )
C:\Users\MEO\Desktop\Projects\JetEngine\boomsonic_v0\.venv\Lib\site-packages\pycycle\thermo\static_ps_resid.py:128: RuntimeWarning: invalid value encountered in sqrt
  Vsonic = (i['gamma']*i['R']*i['Ts'])**0.5
C:\Users\MEO\Desktop\Projects\JetEngine\boomsonic_v0\.venv\Lib\site-packages\pycycle\thermo\static_ps_resid.py:128: RuntimeWarning: invalid value encountered in sqrt
  Vsonic = (i['gamma']*i['R']*i['Ts'])**0.5
C:\Users\MEO\Desktop\Projects\JetEngine\boomsonic_v0\.venv\Lib\site-packages\pycycle\thermo\static_ps_resid.py:98: RuntimeWarning: invalid value encountered in power
  ps_guess = inputs['guess:Pt'] * (1 + (gamt-1)/2 * M_guess**2)**(-gamt/(gamt-1))
C:\Users\MEO\Desktop\Projects\JetEngine\boomsonic_v0\.venv\Lib\site-packages\pycycle\thermo\static_ps_resid.py:93: RuntimeWarning: invalid value encountered in power
  f1 = ps - inputs['guess:Pt'] * (1 + (gamt-1)/2 * M_guess**2)**(-gamt/(gamt-1))
C:\Users\MEO\Desktop\Projects\JetEngine\boomsonic_v0\.venv\Lib\site-packages\pycycle\thermo\static_ps_resid.py:94: RuntimeWarning: invalid value encountered in sqrt
  f2 = MN - inputs['W']*(R_UNIVERSAL_SI*inputs['Ts'])**0.5/(ps_guess*1.0e6*inputs['area']*gamt**0.5)
C:\Users\MEO\Desktop\Projects\JetEngine\boomsonic_v0\.venv\Lib\site-packages\pycycle\thermo\static_ps_resid.py:99: RuntimeWarning: The iteration is not making good progress, as measured by the 
 improvement from the last ten iterations.
  ps_guess, M_guess = fsolve(equations, (ps_guess, M_guess))
C:\Users\MEO\Desktop\Projects\JetEngine\boomsonic_v0\.venv\Lib\site-packages\pycycle\thermo\static_ps_resid.py:108: RuntimeWarning: invalid value encountered in sqrt
  Vsonic = (i['gamma']*i['R']*i['Ts'])**0.5
C:\Users\MEO\Desktop\Projects\JetEngine\boomsonic_v0\.venv\Lib\site-packages\pycycle\thermo\static_ps_resid.py:83: RuntimeWarning: invalid value encountered in power
  ps_guess = inputs['guess:Pt'] * (1 + (gamt-1)/2 * inputs['MN']**2)**(-gamt/(gamt-1))
C:\Users\MEO\Desktop\Projects\JetEngine\boomsonic_v0\.venv\Lib\site-packages\openmdao\solvers\solver.py:819: SolverWarning:Your model has stalled three times and may be violating the bounds. In the future, turn on print_bound_enforce in your solver options here: 
OD0.inlet.out_stat.nonlinear_solver.linesearch.options['print_bound_enforce']=True. 
The bound(s) being violated now are:

C:\Users\MEO\Desktop\Projects\JetEngine\boomsonic_v0\.venv\Lib\site-packages\openmdao\solvers\linesearch\backtracking.py:39: SolverWarning:'OD0.inlet.out_stat.balance.T' exceeds lower bounds
  Val: [-224.71974758]
  Lower: [150.]

C:\Users\MEO\Desktop\Projects\JetEngine\boomsonic_v0\.venv\Lib\site-packages\openmdao\solvers\linesearch\backtracking.py:39: SolverWarning:'OD0.inlet.out_stat.ps_resid.Ps' exceeds lower bounds
  Val: [-0.00109596]
  Lower: [-0.0009009]

C:\Users\MEO\Desktop\Projects\JetEngine\boomsonic_v0\.venv\Lib\site-packages\openmdao\solvers\solver.py:819: SolverWarning:Your model has stalled three times and may be violating the bounds. In the future, turn on print_bound_enforce in your solver options here: 
OD0.duct.out_stat.nonlinear_solver.linesearch.options['print_bound_enforce']=True. 
The bound(s) being violated now are:

C:\Users\MEO\Desktop\Projects\JetEngine\boomsonic_v0\.venv\Lib\site-packages\openmdao\solvers\linesearch\backtracking.py:39: SolverWarning:'OD0.duct.out_stat.balance.T' exceeds lower bounds
  Val: [-222.75124993]
  Lower: [150.]

C:\Users\MEO\Desktop\Projects\JetEngine\boomsonic_v0\.venv\Lib\site-packages\openmdao\solvers\linesearch\backtracking.py:39: SolverWarning:'OD0.duct.out_stat.ps_resid.Ps' exceeds lower bounds
  Val: [-0.00109467]
  Lower: [-0.0009009]

C:\Users\MEO\Desktop\Projects\JetEngine\boomsonic_v0\.venv\Lib\site-packages\openmdao\solvers\solver.py:819: SolverWarning:Your model has stalled three times and may be violating the bounds. In the future, turn on print_bound_enforce in your solver options here: 
OD0.comp.ideal_flow.nonlinear_solver.linesearch.options['print_bound_enforce']=True. 
The bound(s) being violated now are:

C:\Users\MEO\Desktop\Projects\JetEngine\boomsonic_v0\.venv\Lib\site-packages\openmdao\solvers\linesearch\backtracking.py:39: SolverWarning:'OD0.comp.ideal_flow.balance.T' exceeds lower bounds
  Val: [-3.03258294e+10]
  Lower: [150.]

C:\Users\MEO\Desktop\Projects\JetEngine\boomsonic_v0\.venv\Lib\site-packages\pycycle\elements\compressor.py:75: RuntimeWarning: invalid value encountered in log
  outputs['eff_poly'] = Rt * np.log(PR) / ( Rt*np.log(PR) + S_out - S_in )
C:\Users\MEO\Desktop\Projects\JetEngine\boomsonic_v0\.venv\Lib\site-packages\pycycle\thermo\static_ps_resid.py:128: RuntimeWarning: invalid value encountered in sqrt
  Vsonic = (i['gamma']*i['R']*i['Ts'])**0.5
C:\Users\MEO\Desktop\Projects\JetEngine\boomsonic_v0\.venv\Lib\site-packages\pycycle\thermo\static_ps_resid.py:128: RuntimeWarning: invalid value encountered in sqrt
  Vsonic = (i['gamma']*i['R']*i['Ts'])**0.5
C:\Users\MEO\Desktop\Projects\JetEngine\boomsonic_v0\.venv\Lib\site-packages\pycycle\thermo\static_ps_resid.py:98: RuntimeWarning: invalid value encountered in power
  ps_guess = inputs['guess:Pt'] * (1 + (gamt-1)/2 * M_guess**2)**(-gamt/(gamt-1))
C:\Users\MEO\Desktop\Projects\JetEngine\boomsonic_v0\.venv\Lib\site-packages\pycycle\thermo\static_ps_resid.py:93: RuntimeWarning: invalid value encountered in power
  f1 = ps - inputs['guess:Pt'] * (1 + (gamt-1)/2 * M_guess**2)**(-gamt/(gamt-1))
C:\Users\MEO\Desktop\Projects\JetEngine\boomsonic_v0\.venv\Lib\site-packages\pycycle\thermo\static_ps_resid.py:94: RuntimeWarning: invalid value encountered in sqrt
  f2 = MN - inputs['W']*(R_UNIVERSAL_SI*inputs['Ts'])**0.5/(ps_guess*1.0e6*inputs['area']*gamt**0.5)
C:\Users\MEO\Desktop\Projects\JetEngine\boomsonic_v0\.venv\Lib\site-packages\pycycle\thermo\static_ps_resid.py:99: RuntimeWarning: The iteration is not making good progress, as measured by the 
 improvement from the last ten iterations.
  ps_guess, M_guess = fsolve(equations, (ps_guess, M_guess))
C:\Users\MEO\Desktop\Projects\JetEngine\boomsonic_v0\.venv\Lib\site-packages\pycycle\thermo\static_ps_resid.py:128: RuntimeWarning: invalid value encountered in sqrt
  Vsonic = (i['gamma']*i['R']*i['Ts'])**0.5
C:\Users\MEO\Desktop\Projects\JetEngine\boomsonic_v0\.venv\Lib\site-packages\pycycle\thermo\static_ps_resid.py:128: RuntimeWarning: invalid value encountered in sqrt
  Vsonic = (i['gamma']*i['R']*i['Ts'])**0.5
C:\Users\MEO\Desktop\Projects\JetEngine\boomsonic_v0\.venv\Lib\site-packages\pycycle\thermo\static_ps_resid.py:128: RuntimeWarning: invalid value encountered in sqrt
  Vsonic = (i['gamma']*i['R']*i['Ts'])**0.5
C:\Users\MEO\Desktop\Projects\JetEngine\boomsonic_v0\.venv\Lib\site-packages\openmdao\solvers\solver.py:819: SolverWarning:Your model has stalled three times and may be violating the bounds. In the future, turn on print_bound_enforce in your solver options here: 
OD0.turb.out_stat.nonlinear_solver.linesearch.options['print_bound_enforce']=True. 
The bound(s) being violated now are:

C:\Users\MEO\Desktop\Projects\JetEngine\boomsonic_v0\.venv\Lib\site-packages\openmdao\solvers\linesearch\backtracking.py:35: SolverWarning:'OD0.turb.out_stat.balance.T' exceeds upper bounds
  Val: [1.06772605e+11]
  Upper: [2500.]

C:\Users\MEO\Desktop\Projects\JetEngine\boomsonic_v0\.venv\Lib\site-packages\openmdao\solvers\linesearch\backtracking.py:39: SolverWarning:'OD0.turb.out_stat.ps_resid.Ps' exceeds lower bounds
  Val: [-2.23736864e+10]
  Lower: [-0.0009009]

C:\Users\MEO\Desktop\Projects\JetEngine\boomsonic_v0\.venv\Lib\site-packages\pycycle\thermo\static_ps_resid.py:108: RuntimeWarning: invalid value encountered in sqrt
  Vsonic = (i['gamma']*i['R']*i['Ts'])**0.5
C:\Users\MEO\Desktop\Projects\JetEngine\boomsonic_v0\.venv\Lib\site-packages\pycycle\thermo\static_ps_resid.py:83: RuntimeWarning: invalid value encountered in power
  ps_guess = inputs['guess:Pt'] * (1 + (gamt-1)/2 * inputs['MN']**2)**(-gamt/(gamt-1))
C:\Users\MEO\Desktop\Projects\JetEngine\boomsonic_v0\.venv\Lib\site-packages\pycycle\thermo\static_ps_resid.py:108: RuntimeWarning: invalid value encountered in sqrt
  Vsonic = (i['gamma']*i['R']*i['Ts'])**0.5
C:\Users\MEO\Desktop\Projects\JetEngine\boomsonic_v0\.venv\Lib\site-packages\pycycle\thermo\static_ps_resid.py:108: RuntimeWarning: invalid value encountered in sqrt
  Vsonic = (i['gamma']*i['R']*i['Ts'])**0.5
C:\Users\MEO\Desktop\Projects\JetEngine\boomsonic_v0\.venv\Lib\site-packages\pycycle\thermo\static_ps_resid.py:108: RuntimeWarning: invalid value encountered in sqrt
  Vsonic = (i['gamma']*i['R']*i['Ts'])**0.5
C:\Users\MEO\Desktop\Projects\JetEngine\boomsonic_v0\.venv\Lib\site-packages\pycycle\thermo\static_ps_calc.py:32: RuntimeWarning: invalid value encountered in sqrt
  outputs['Vsonic'] = Vsonic = np.sqrt(inputs['gamma'] * inputs['R'] * inputs['Ts'])
C:\Users\MEO\Desktop\Projects\JetEngine\boomsonic_v0\.venv\Lib\site-packages\pycycle\elements\compressor.py:75: RuntimeWarning: invalid value encountered in log
  outputs['eff_poly'] = Rt * np.log(PR) / ( Rt*np.log(PR) + S_out - S_in )
C:\Users\MEO\Desktop\Projects\JetEngine\boomsonic_v0\.venv\Lib\site-packages\pycycle\thermo\static_ps_resid.py:128: RuntimeWarning: invalid value encountered in sqrt
  Vsonic = (i['gamma']*i['R']*i['Ts'])**0.5
C:\Users\MEO\Desktop\Projects\JetEngine\boomsonic_v0\.venv\Lib\site-packages\openmdao\solvers\solver.py:819: SolverWarning:Your model has stalled three times and may be violating the bounds. In the future, turn on print_bound_enforce in your solver options here: 
DESIGN.turb.out_stat.nonlinear_solver.linesearch.options['print_bound_enforce']=True. 
The bound(s) being violated now are:

C:\Users\MEO\Desktop\Projects\JetEngine\boomsonic_v0\.venv\Lib\site-packages\pycycle\thermo\static_ps_resid.py:128: RuntimeWarning: invalid value encountered in sqrt
  Vsonic = (i['gamma']*i['R']*i['Ts'])**0.5
C:\Users\MEO\Desktop\Projects\JetEngine\boomsonic_v0\.venv\Lib\site-packages\pycycle\thermo\static_ps_resid.py:98: RuntimeWarning: invalid value encountered in power
  ps_guess = inputs['guess:Pt'] * (1 + (gamt-1)/2 * M_guess**2)**(-gamt/(gamt-1))
C:\Users\MEO\Desktop\Projects\JetEngine\boomsonic_v0\.venv\Lib\site-packages\pycycle\thermo\static_ps_resid.py:93: RuntimeWarning: invalid value encountered in power
  f1 = ps - inputs['guess:Pt'] * (1 + (gamt-1)/2 * M_guess**2)**(-gamt/(gamt-1))
C:\Users\MEO\Desktop\Projects\JetEngine\boomsonic_v0\.venv\Lib\site-packages\pycycle\thermo\static_ps_resid.py:94: RuntimeWarning: invalid value encountered in sqrt
  f2 = MN - inputs['W']*(R_UNIVERSAL_SI*inputs['Ts'])**0.5/(ps_guess*1.0e6*inputs['area']*gamt**0.5)
C:\Users\MEO\Desktop\Projects\JetEngine\boomsonic_v0\.venv\Lib\site-packages\pycycle\thermo\static_ps_resid.py:99: RuntimeWarning: The iteration is not making good progress, as measured by the 
 improvement from the last ten iterations.
  ps_guess, M_guess = fsolve(equations, (ps_guess, M_guess))
C:\Users\MEO\Desktop\Projects\JetEngine\boomsonic_v0\.venv\Lib\site-packages\pycycle\thermo\static_ps_resid.py:108: RuntimeWarning: invalid value encountered in sqrt
  Vsonic = (i['gamma']*i['R']*i['Ts'])**0.5
C:\Users\MEO\Desktop\Projects\JetEngine\boomsonic_v0\.venv\Lib\site-packages\pycycle\thermo\static_ps_resid.py:83: RuntimeWarning: invalid value encountered in power
  ps_guess = inputs['guess:Pt'] * (1 + (gamt-1)/2 * inputs['MN']**2)**(-gamt/(gamt-1))
C:\Users\MEO\Desktop\Projects\JetEngine\boomsonic_v0\.venv\Lib\site-packages\openmdao\solvers\solver.py:819: SolverWarning:Your model has stalled three times and may be violating the bounds. In the future, turn on print_bound_enforce in your solver options here: 
OD0.inlet.out_stat.nonlinear_solver.linesearch.options['print_bound_enforce']=True. 
The bound(s) being violated now are:

C:\Users\MEO\Desktop\Projects\JetEngine\boomsonic_v0\.venv\Lib\site-packages\openmdao\solvers\linesearch\backtracking.py:39: SolverWarning:'OD0.inlet.out_stat.balance.T' exceeds lower bounds
  Val: [-224.71977394]
  Lower: [150.]

C:\Users\MEO\Desktop\Projects\JetEngine\boomsonic_v0\.venv\Lib\site-packages\openmdao\solvers\linesearch\backtracking.py:39: SolverWarning:'OD0.inlet.out_stat.ps_resid.Ps' exceeds lower bounds
  Val: [-0.00109596]
  Lower: [-0.0009009]

C:\Users\MEO\Desktop\Projects\JetEngine\boomsonic_v0\.venv\Lib\site-packages\openmdao\solvers\solver.py:819: SolverWarning:Your model has stalled three times and may be violating the bounds. In the future, turn on print_bound_enforce in your solver options here: 
OD0.duct.out_stat.nonlinear_solver.linesearch.options['print_bound_enforce']=True. 
The bound(s) being violated now are:

C:\Users\MEO\Desktop\Projects\JetEngine\boomsonic_v0\.venv\Lib\site-packages\openmdao\solvers\linesearch\backtracking.py:39: SolverWarning:'OD0.duct.out_stat.balance.T' exceeds lower bounds
  Val: [-222.75127807]
  Lower: [150.]

C:\Users\MEO\Desktop\Projects\JetEngine\boomsonic_v0\.venv\Lib\site-packages\openmdao\solvers\linesearch\backtracking.py:39: SolverWarning:'OD0.duct.out_stat.ps_resid.Ps' exceeds lower bounds
  Val: [-0.00109467]
  Lower: [-0.0009009]

C:\Users\MEO\Desktop\Projects\JetEngine\boomsonic_v0\.venv\Lib\site-packages\openmdao\solvers\solver.py:819: SolverWarning:Your model has stalled three times and may be violating the bounds. In the future, turn on print_bound_enforce in your solver options here: 
OD0.comp.ideal_flow.nonlinear_solver.linesearch.options['print_bound_enforce']=True. 
The bound(s) being violated now are:

C:\Users\MEO\Desktop\Projects\JetEngine\boomsonic_v0\.venv\Lib\site-packages\openmdao\solvers\linesearch\backtracking.py:39: SolverWarning:'OD0.comp.ideal_flow.balance.T' exceeds lower bounds
  Val: [-3.03258294e+10]
  Lower: [150.]

C:\Users\MEO\Desktop\Projects\JetEngine\boomsonic_v0\.venv\Lib\site-packages\pycycle\elements\compressor.py:75: RuntimeWarning: invalid value encountered in log
  outputs['eff_poly'] = Rt * np.log(PR) / ( Rt*np.log(PR) + S_out - S_in )
C:\Users\MEO\Desktop\Projects\JetEngine\boomsonic_v0\.venv\Lib\site-packages\pycycle\thermo\static_ps_resid.py:128: RuntimeWarning: invalid value encountered in sqrt
  Vsonic = (i['gamma']*i['R']*i['Ts'])**0.5
C:\Users\MEO\Desktop\Projects\JetEngine\boomsonic_v0\.venv\Lib\site-packages\pycycle\thermo\static_ps_resid.py:98: RuntimeWarning: invalid value encountered in power
  ps_guess = inputs['guess:Pt'] * (1 + (gamt-1)/2 * M_guess**2)**(-gamt/(gamt-1))
C:\Users\MEO\Desktop\Projects\JetEngine\boomsonic_v0\.venv\Lib\site-packages\pycycle\thermo\static_ps_resid.py:93: RuntimeWarning: invalid value encountered in power
  f1 = ps - inputs['guess:Pt'] * (1 + (gamt-1)/2 * M_guess**2)**(-gamt/(gamt-1))
C:\Users\MEO\Desktop\Projects\JetEngine\boomsonic_v0\.venv\Lib\site-packages\pycycle\thermo\static_ps_resid.py:94: RuntimeWarning: invalid value encountered in sqrt
  f2 = MN - inputs['W']*(R_UNIVERSAL_SI*inputs['Ts'])**0.5/(ps_guess*1.0e6*inputs['area']*gamt**0.5)
C:\Users\MEO\Desktop\Projects\JetEngine\boomsonic_v0\.venv\Lib\site-packages\pycycle\thermo\static_ps_resid.py:99: RuntimeWarning: The iteration is not making good progress, as measured by the 
 improvement from the last ten iterations.
  ps_guess, M_guess = fsolve(equations, (ps_guess, M_guess))
C:\Users\MEO\Desktop\Projects\JetEngine\boomsonic_v0\.venv\Lib\site-packages\pycycle\thermo\static_ps_resid.py:128: RuntimeWarning: invalid value encountered in sqrt
  Vsonic = (i['gamma']*i['R']*i['Ts'])**0.5
C:\Users\MEO\Desktop\Projects\JetEngine\boomsonic_v0\.venv\Lib\site-packages\pycycle\thermo\static_ps_resid.py:128: RuntimeWarning: invalid value encountered in sqrt
  Vsonic = (i['gamma']*i['R']*i['Ts'])**0.5
C:\Users\MEO\Desktop\Projects\JetEngine\boomsonic_v0\.venv\Lib\site-packages\pycycle\thermo\static_ps_resid.py:128: RuntimeWarning: invalid value encountered in sqrt
  Vsonic = (i['gamma']*i['R']*i['Ts'])**0.5
C:\Users\MEO\Desktop\Projects\JetEngine\boomsonic_v0\.venv\Lib\site-packages\pycycle\thermo\static_ps_resid.py:128: RuntimeWarning: invalid value encountered in sqrt
  Vsonic = (i['gamma']*i['R']*i['Ts'])**0.5
C:\Users\MEO\Desktop\Projects\JetEngine\boomsonic_v0\.venv\Lib\site-packages\pycycle\thermo\static_ps_resid.py:128: RuntimeWarning: invalid value encountered in sqrt
  Vsonic = (i['gamma']*i['R']*i['Ts'])**0.5
C:\Users\MEO\Desktop\Projects\JetEngine\boomsonic_v0\.venv\Lib\site-packages\pycycle\thermo\static_ps_resid.py:128: RuntimeWarning: invalid value encountered in sqrt
  Vsonic = (i['gamma']*i['R']*i['Ts'])**0.5
C:\Users\MEO\Desktop\Projects\JetEngine\boomsonic_v0\.venv\Lib\site-packages\pycycle\thermo\static_ps_resid.py:128: RuntimeWarning: invalid value encountered in sqrt
  Vsonic = (i['gamma']*i['R']*i['Ts'])**0.5
C:\Users\MEO\Desktop\Projects\JetEngine\boomsonic_v0\.venv\Lib\site-packages\pycycle\thermo\static_ps_resid.py:128: RuntimeWarning: invalid value encountered in sqrt
  Vsonic = (i['gamma']*i['R']*i['Ts'])**0.5
C:\Users\MEO\Desktop\Projects\JetEngine\boomsonic_v0\.venv\Lib\site-packages\pycycle\thermo\static_ps_resid.py:128: RuntimeWarning: invalid value encountered in sqrt
  Vsonic = (i['gamma']*i['R']*i['Ts'])**0.5
C:\Users\MEO\Desktop\Projects\JetEngine\boomsonic_v0\.venv\Lib\site-packages\pycycle\thermo\static_ps_resid.py:128: RuntimeWarning: invalid value encountered in sqrt
  Vsonic = (i['gamma']*i['R']*i['Ts'])**0.5
C:\Users\MEO\Desktop\Projects\JetEngine\boomsonic_v0\.venv\Lib\site-packages\pycycle\thermo\static_ps_resid.py:128: RuntimeWarning: invalid value encountered in sqrt
  Vsonic = (i['gamma']*i['R']*i['Ts'])**0.5
C:\Users\MEO\Desktop\Projects\JetEngine\boomsonic_v0\.venv\Lib\site-packages\pycycle\thermo\static_ps_resid.py:128: RuntimeWarning: invalid value encountered in sqrt
  Vsonic = (i['gamma']*i['R']*i['Ts'])**0.5
C:\Users\MEO\Desktop\Projects\JetEngine\boomsonic_v0\.venv\Lib\site-packages\pycycle\thermo\static_ps_resid.py:108: RuntimeWarning: invalid value encountered in sqrt
  Vsonic = (i['gamma']*i['R']*i['Ts'])**0.5
C:\Users\MEO\Desktop\Projects\JetEngine\boomsonic_v0\.venv\Lib\site-packages\pycycle\thermo\static_ps_resid.py:83: RuntimeWarning: invalid value encountered in power
  ps_guess = inputs['guess:Pt'] * (1 + (gamt-1)/2 * inputs['MN']**2)**(-gamt/(gamt-1))
C:\Users\MEO\Desktop\Projects\JetEngine\boomsonic_v0\.venv\Lib\site-packages\pycycle\thermo\static_ps_resid.py:108: RuntimeWarning: invalid value encountered in sqrt
  Vsonic = (i['gamma']*i['R']*i['Ts'])**0.5
C:\Users\MEO\Desktop\Projects\JetEngine\boomsonic_v0\.venv\Lib\site-packages\openmdao\solvers\solver.py:819: SolverWarning:Your model has stalled three times and may be violating the bounds. In the future, turn on print_bound_enforce in your solver options here: 
OD0.nozz.staticMN.nonlinear_solver.linesearch.options['print_bound_enforce']=True. 
The bound(s) being violated now are:

C:\Users\MEO\Desktop\Projects\JetEngine\boomsonic_v0\.venv\Lib\site-packages\openmdao\solvers\linesearch\backtracking.py:35: SolverWarning:'OD0.nozz.staticMN.balance.T' exceeds upper bounds
  Val: [3.05890503e+10]
  Upper: [2500.]

C:\Users\MEO\Desktop\Projects\JetEngine\boomsonic_v0\.venv\Lib\site-packages\openmdao\solvers\linesearch\backtracking.py:39: SolverWarning:'OD0.nozz.staticMN.ps_resid.Ps' exceeds lower bounds
  Val: [-19243.73641999]
  Lower: [-0.0009009]

C:\Users\MEO\Desktop\Projects\JetEngine\boomsonic_v0\.venv\Lib\site-packages\pycycle\thermo\static_ps_resid.py:108: RuntimeWarning: invalid value encountered in sqrt
  Vsonic = (i['gamma']*i['R']*i['Ts'])**0.5
C:\Users\MEO\Desktop\Projects\JetEngine\boomsonic_v0\.venv\Lib\site-packages\pycycle\thermo\static_ps_resid.py:108: RuntimeWarning: invalid value encountered in sqrt
  Vsonic = (i['gamma']*i['R']*i['Ts'])**0.5
C:\Users\MEO\Desktop\Projects\JetEngine\boomsonic_v0\.venv\Lib\site-packages\pycycle\thermo\static_ps_calc.py:32: RuntimeWarning: invalid value encountered in sqrt
  outputs['Vsonic'] = Vsonic = np.sqrt(inputs['gamma'] * inputs['R'] * inputs['Ts'])
C:\Users\MEO\Desktop\Projects\JetEngine\boomsonic_v0\.venv\Lib\site-packages\pycycle\elements\compressor.py:75: RuntimeWarning: invalid value encountered in log
  outputs['eff_poly'] = Rt * np.log(PR) / ( Rt*np.log(PR) + S_out - S_in )
C:\Users\MEO\Desktop\Projects\JetEngine\boomsonic_v0\.venv\Lib\site-packages\pycycle\thermo\static_ps_resid.py:128: RuntimeWarning: invalid value encountered in sqrt
  Vsonic = (i['gamma']*i['R']*i['Ts'])**0.5
C:\Users\MEO\Desktop\Projects\JetEngine\boomsonic_v0\.venv\Lib\site-packages\pycycle\thermo\static_ps_calc.py:32: RuntimeWarning: invalid value encountered in sqrt
  outputs['Vsonic'] = Vsonic = np.sqrt(inputs['gamma'] * inputs['R'] * inputs['Ts'])
C:\Users\MEO\Desktop\Projects\JetEngine\boomsonic_v0\.venv\Lib\site-packages\pycycle\thermo\static_ps_resid.py:128: RuntimeWarning: invalid value encountered in sqrt
  Vsonic = (i['gamma']*i['R']*i['Ts'])**0.5
C:\Users\MEO\Desktop\Projects\JetEngine\boomsonic_v0\.venv\Lib\site-packages\pycycle\thermo\static_ps_resid.py:98: RuntimeWarning: invalid value encountered in power
  ps_guess = inputs['guess:Pt'] * (1 + (gamt-1)/2 * M_guess**2)**(-gamt/(gamt-1))
C:\Users\MEO\Desktop\Projects\JetEngine\boomsonic_v0\.venv\Lib\site-packages\pycycle\thermo\static_ps_resid.py:93: RuntimeWarning: invalid value encountered in power
  f1 = ps - inputs['guess:Pt'] * (1 + (gamt-1)/2 * M_guess**2)**(-gamt/(gamt-1))
C:\Users\MEO\Desktop\Projects\JetEngine\boomsonic_v0\.venv\Lib\site-packages\pycycle\thermo\static_ps_resid.py:94: RuntimeWarning: invalid value encountered in sqrt
  f2 = MN - inputs['W']*(R_UNIVERSAL_SI*inputs['Ts'])**0.5/(ps_guess*1.0e6*inputs['area']*gamt**0.5)
C:\Users\MEO\Desktop\Projects\JetEngine\boomsonic_v0\.venv\Lib\site-packages\pycycle\thermo\static_ps_resid.py:99: RuntimeWarning: The iteration is not making good progress, as measured by the 
 improvement from the last ten iterations.
  ps_guess, M_guess = fsolve(equations, (ps_guess, M_guess))
C:\Users\MEO\Desktop\Projects\JetEngine\boomsonic_v0\.venv\Lib\site-packages\pycycle\thermo\static_ps_resid.py:108: RuntimeWarning: invalid value encountered in sqrt
  Vsonic = (i['gamma']*i['R']*i['Ts'])**0.5
C:\Users\MEO\Desktop\Projects\JetEngine\boomsonic_v0\.venv\Lib\site-packages\pycycle\thermo\static_ps_resid.py:83: RuntimeWarning: invalid value encountered in power
  ps_guess = inputs['guess:Pt'] * (1 + (gamt-1)/2 * inputs['MN']**2)**(-gamt/(gamt-1))
C:\Users\MEO\Desktop\Projects\JetEngine\boomsonic_v0\.venv\Lib\site-packages\openmdao\solvers\solver.py:819: SolverWarning:Your model has stalled three times and may be violating the bounds. In the future, turn on print_bound_enforce in your solver options here: 
OD0.inlet.out_stat.nonlinear_solver.linesearch.options['print_bound_enforce']=True. 
The bound(s) being violated now are:

C:\Users\MEO\Desktop\Projects\JetEngine\boomsonic_v0\.venv\Lib\site-packages\openmdao\solvers\linesearch\backtracking.py:39: SolverWarning:'OD0.inlet.out_stat.balance.T' exceeds lower bounds
  Val: [-224.7197476]
  Lower: [150.]

C:\Users\MEO\Desktop\Projects\JetEngine\boomsonic_v0\.venv\Lib\site-packages\openmdao\solvers\linesearch\backtracking.py:39: SolverWarning:'OD0.inlet.out_stat.ps_resid.Ps' exceeds lower bounds
  Val: [-0.00109596]
  Lower: [-0.0009009]

C:\Users\MEO\Desktop\Projects\JetEngine\boomsonic_v0\.venv\Lib\site-packages\openmdao\solvers\solver.py:819: SolverWarning:Your model has stalled three times and may be violating the bounds. In the future, turn on print_bound_enforce in your solver options here: 
OD0.duct.out_stat.nonlinear_solver.linesearch.options['print_bound_enforce']=True. 
The bound(s) being violated now are:

C:\Users\MEO\Desktop\Projects\JetEngine\boomsonic_v0\.venv\Lib\site-packages\openmdao\solvers\linesearch\backtracking.py:39: SolverWarning:'OD0.duct.out_stat.balance.T' exceeds lower bounds
  Val: [-222.75124996]
  Lower: [150.]

C:\Users\MEO\Desktop\Projects\JetEngine\boomsonic_v0\.venv\Lib\site-packages\openmdao\solvers\linesearch\backtracking.py:39: SolverWarning:'OD0.duct.out_stat.ps_resid.Ps' exceeds lower bounds
  Val: [-0.00109467]
  Lower: [-0.0009009]

C:\Users\MEO\Desktop\Projects\JetEngine\boomsonic_v0\.venv\Lib\site-packages\openmdao\solvers\solver.py:819: SolverWarning:Your model has stalled three times and may be violating the bounds. In the future, turn on print_bound_enforce in your solver options here: 
OD0.comp.ideal_flow.nonlinear_solver.linesearch.options['print_bound_enforce']=True. 
The bound(s) being violated now are:

C:\Users\MEO\Desktop\Projects\JetEngine\boomsonic_v0\.venv\Lib\site-packages\openmdao\solvers\linesearch\backtracking.py:39: SolverWarning:'OD0.comp.ideal_flow.balance.T' exceeds lower bounds
  Val: [-3.03258294e+10]
  Lower: [150.]

C:\Users\MEO\Desktop\Projects\JetEngine\boomsonic_v0\.venv\Lib\site-packages\pycycle\elements\compressor.py:75: RuntimeWarning: invalid value encountered in log
  outputs['eff_poly'] = Rt * np.log(PR) / ( Rt*np.log(PR) + S_out - S_in )
C:\Users\MEO\Desktop\Projects\JetEngine\boomsonic_v0\.venv\Lib\site-packages\pycycle\thermo\static_ps_resid.py:128: RuntimeWarning: invalid value encountered in sqrt
  Vsonic = (i['gamma']*i['R']*i['Ts'])**0.5
C:\Users\MEO\Desktop\Projects\JetEngine\boomsonic_v0\.venv\Lib\site-packages\pycycle\thermo\static_ps_resid.py:128: RuntimeWarning: invalid value encountered in sqrt
  Vsonic = (i['gamma']*i['R']*i['Ts'])**0.5
C:\Users\MEO\Desktop\Projects\JetEngine\boomsonic_v0\.venv\Lib\site-packages\pycycle\thermo\static_ps_resid.py:98: RuntimeWarning: invalid value encountered in power
  ps_guess = inputs['guess:Pt'] * (1 + (gamt-1)/2 * M_guess**2)**(-gamt/(gamt-1))
C:\Users\MEO\Desktop\Projects\JetEngine\boomsonic_v0\.venv\Lib\site-packages\pycycle\thermo\static_ps_resid.py:93: RuntimeWarning: invalid value encountered in power
  f1 = ps - inputs['guess:Pt'] * (1 + (gamt-1)/2 * M_guess**2)**(-gamt/(gamt-1))
C:\Users\MEO\Desktop\Projects\JetEngine\boomsonic_v0\.venv\Lib\site-packages\pycycle\thermo\static_ps_resid.py:94: RuntimeWarning: invalid value encountered in sqrt
  f2 = MN - inputs['W']*(R_UNIVERSAL_SI*inputs['Ts'])**0.5/(ps_guess*1.0e6*inputs['area']*gamt**0.5)
C:\Users\MEO\Desktop\Projects\JetEngine\boomsonic_v0\.venv\Lib\site-packages\pycycle\thermo\static_ps_resid.py:99: RuntimeWarning: The iteration is not making good progress, as measured by the 
 improvement from the last ten iterations.
  ps_guess, M_guess = fsolve(equations, (ps_guess, M_guess))
C:\Users\MEO\Desktop\Projects\JetEngine\boomsonic_v0\.venv\Lib\site-packages\pycycle\thermo\static_ps_resid.py:128: RuntimeWarning: invalid value encountered in sqrt
  Vsonic = (i['gamma']*i['R']*i['Ts'])**0.5
C:\Users\MEO\Desktop\Projects\JetEngine\boomsonic_v0\.venv\Lib\site-packages\pycycle\thermo\static_ps_resid.py:128: RuntimeWarning: invalid value encountered in sqrt
  Vsonic = (i['gamma']*i['R']*i['Ts'])**0.5
C:\Users\MEO\Desktop\Projects\JetEngine\boomsonic_v0\.venv\Lib\site-packages\pycycle\thermo\static_ps_resid.py:128: RuntimeWarning: invalid value encountered in sqrt
  Vsonic = (i['gamma']*i['R']*i['Ts'])**0.5
C:\Users\MEO\Desktop\Projects\JetEngine\boomsonic_v0\.venv\Lib\site-packages\openmdao\solvers\solver.py:819: SolverWarning:Your model has stalled three times and may be violating the bounds. In the future, turn on print_bound_enforce in your solver options here: 
OD0.turb.out_stat.nonlinear_solver.linesearch.options['print_bound_enforce']=True. 
The bound(s) being violated now are:

C:\Users\MEO\Desktop\Projects\JetEngine\boomsonic_v0\.venv\Lib\site-packages\openmdao\solvers\linesearch\backtracking.py:35: SolverWarning:'OD0.turb.out_stat.balance.T' exceeds upper bounds
  Val: [7.53646509e+10]
  Upper: [2500.]

C:\Users\MEO\Desktop\Projects\JetEngine\boomsonic_v0\.venv\Lib\site-packages\openmdao\solvers\linesearch\backtracking.py:39: SolverWarning:'OD0.turb.out_stat.ps_resid.Ps' exceeds lower bounds
  Val: [-4.53615172e+10]
  Lower: [-0.0009009]

C:\Users\MEO\Desktop\Projects\JetEngine\boomsonic_v0\.venv\Lib\site-packages\pycycle\thermo\static_ps_resid.py:128: RuntimeWarning: invalid value encountered in sqrt
  Vsonic = (i['gamma']*i['R']*i['Ts'])**0.5
C:\Users\MEO\Desktop\Projects\JetEngine\boomsonic_v0\.venv\Lib\site-packages\pycycle\thermo\static_ps_resid.py:108: RuntimeWarning: invalid value encountered in sqrt
  Vsonic = (i['gamma']*i['R']*i['Ts'])**0.5
C:\Users\MEO\Desktop\Projects\JetEngine\boomsonic_v0\.venv\Lib\site-packages\pycycle\thermo\static_ps_resid.py:83: RuntimeWarning: invalid value encountered in power
  ps_guess = inputs['guess:Pt'] * (1 + (gamt-1)/2 * inputs['MN']**2)**(-gamt/(gamt-1))
C:\Users\MEO\Desktop\Projects\JetEngine\boomsonic_v0\.venv\Lib\site-packages\pycycle\thermo\static_ps_resid.py:108: RuntimeWarning: invalid value encountered in sqrt
  Vsonic = (i['gamma']*i['R']*i['Ts'])**0.5
C:\Users\MEO\Desktop\Projects\JetEngine\boomsonic_v0\.venv\Lib\site-packages\pycycle\thermo\static_ps_resid.py:108: RuntimeWarning: invalid value encountered in sqrt
  Vsonic = (i['gamma']*i['R']*i['Ts'])**0.5
C:\Users\MEO\Desktop\Projects\JetEngine\boomsonic_v0\.venv\Lib\site-packages\pycycle\thermo\static_ps_resid.py:108: RuntimeWarning: invalid value encountered in sqrt
  Vsonic = (i['gamma']*i['R']*i['Ts'])**0.5
C:\Users\MEO\Desktop\Projects\JetEngine\boomsonic_v0\.venv\Lib\site-packages\pycycle\thermo\static_ps_resid.py:108: RuntimeWarning: invalid value encountered in sqrt
  Vsonic = (i['gamma']*i['R']*i['Ts'])**0.5
C:\Users\MEO\Desktop\Projects\JetEngine\boomsonic_v0\.venv\Lib\site-packages\pycycle\thermo\static_ps_resid.py:108: RuntimeWarning: invalid value encountered in sqrt
  Vsonic = (i['gamma']*i['R']*i['Ts'])**0.5
C:\Users\MEO\Desktop\Projects\JetEngine\boomsonic_v0\.venv\Lib\site-packages\pycycle\thermo\static_ps_resid.py:108: RuntimeWarning: invalid value encountered in sqrt
  Vsonic = (i['gamma']*i['R']*i['Ts'])**0.5
C:\Users\MEO\Desktop\Projects\JetEngine\boomsonic_v0\.venv\Lib\site-packages\pycycle\thermo\static_ps_resid.py:108: RuntimeWarning: invalid value encountered in sqrt
  Vsonic = (i['gamma']*i['R']*i['Ts'])**0.5
C:\Users\MEO\Desktop\Projects\JetEngine\boomsonic_v0\.venv\Lib\site-packages\pycycle\thermo\static_ps_resid.py:108: RuntimeWarning: invalid value encountered in sqrt
  Vsonic = (i['gamma']*i['R']*i['Ts'])**0.5
C:\Users\MEO\Desktop\Projects\JetEngine\boomsonic_v0\.venv\Lib\site-packages\pycycle\thermo\static_ps_resid.py:108: RuntimeWarning: invalid value encountered in sqrt
  Vsonic = (i['gamma']*i['R']*i['Ts'])**0.5
C:\Users\MEO\Desktop\Projects\JetEngine\boomsonic_v0\.venv\Lib\site-packages\pycycle\thermo\static_ps_resid.py:108: RuntimeWarning: invalid value encountered in sqrt
  Vsonic = (i['gamma']*i['R']*i['Ts'])**0.5
C:\Users\MEO\Desktop\Projects\JetEngine\boomsonic_v0\.venv\Lib\site-packages\pycycle\thermo\static_ps_resid.py:108: RuntimeWarning: invalid value encountered in sqrt
  Vsonic = (i['gamma']*i['R']*i['Ts'])**0.5
C:\Users\MEO\Desktop\Projects\JetEngine\boomsonic_v0\.venv\Lib\site-packages\pycycle\thermo\static_ps_calc.py:32: RuntimeWarning: invalid value encountered in sqrt
  outputs['Vsonic'] = Vsonic = np.sqrt(inputs['gamma'] * inputs['R'] * inputs['Ts'])
C:\Users\MEO\Desktop\Projects\JetEngine\boomsonic_v0\.venv\Lib\site-packages\pycycle\elements\compressor.py:75: RuntimeWarning: invalid value encountered in log
  outputs['eff_poly'] = Rt * np.log(PR) / ( Rt*np.log(PR) + S_out - S_in )
C:\Users\MEO\Desktop\Projects\JetEngine\boomsonic_v0\.venv\Lib\site-packages\pycycle\thermo\static_ps_resid.py:128: RuntimeWarning: invalid value encountered in sqrt
  Vsonic = (i['gamma']*i['R']*i['Ts'])**0.5
C:\Users\MEO\Desktop\Projects\JetEngine\boomsonic_v0\.venv\Lib\site-packages\pycycle\thermo\static_ps_resid.py:128: RuntimeWarning: invalid value encountered in sqrt
  Vsonic = (i['gamma']*i['R']*i['Ts'])**0.5
C:\Users\MEO\Desktop\Projects\JetEngine\boomsonic_v0\.venv\Lib\site-packages\pycycle\thermo\static_ps_resid.py:98: RuntimeWarning: invalid value encountered in power
  ps_guess = inputs['guess:Pt'] * (1 + (gamt-1)/2 * M_guess**2)**(-gamt/(gamt-1))
C:\Users\MEO\Desktop\Projects\JetEngine\boomsonic_v0\.venv\Lib\site-packages\pycycle\thermo\static_ps_resid.py:93: RuntimeWarning: invalid value encountered in power
  f1 = ps - inputs['guess:Pt'] * (1 + (gamt-1)/2 * M_guess**2)**(-gamt/(gamt-1))
C:\Users\MEO\Desktop\Projects\JetEngine\boomsonic_v0\.venv\Lib\site-packages\pycycle\thermo\static_ps_resid.py:94: RuntimeWarning: invalid value encountered in sqrt
  f2 = MN - inputs['W']*(R_UNIVERSAL_SI*inputs['Ts'])**0.5/(ps_guess*1.0e6*inputs['area']*gamt**0.5)
C:\Users\MEO\Desktop\Projects\JetEngine\boomsonic_v0\.venv\Lib\site-packages\pycycle\thermo\static_ps_resid.py:99: RuntimeWarning: The iteration is not making good progress, as measured by the 
 improvement from the last ten iterations.
  ps_guess, M_guess = fsolve(equations, (ps_guess, M_guess))
C:\Users\MEO\Desktop\Projects\JetEngine\boomsonic_v0\.venv\Lib\site-packages\pycycle\thermo\static_ps_resid.py:108: RuntimeWarning: invalid value encountered in sqrt
  Vsonic = (i['gamma']*i['R']*i['Ts'])**0.5
C:\Users\MEO\Desktop\Projects\JetEngine\boomsonic_v0\.venv\Lib\site-packages\pycycle\thermo\static_ps_resid.py:83: RuntimeWarning: invalid value encountered in power
  ps_guess = inputs['guess:Pt'] * (1 + (gamt-1)/2 * inputs['MN']**2)**(-gamt/(gamt-1))
C:\Users\MEO\Desktop\Projects\JetEngine\boomsonic_v0\.venv\Lib\site-packages\openmdao\solvers\solver.py:819: SolverWarning:Your model has stalled three times and may be violating the bounds. In the future, turn on print_bound_enforce in your solver options here: 
OD0.inlet.out_stat.nonlinear_solver.linesearch.options['print_bound_enforce']=True. 
The bound(s) being violated now are:

C:\Users\MEO\Desktop\Projects\JetEngine\boomsonic_v0\.venv\Lib\site-packages\openmdao\solvers\linesearch\backtracking.py:39: SolverWarning:'OD0.inlet.out_stat.balance.T' exceeds lower bounds
  Val: [-224.71974758]
  Lower: [150.]

C:\Users\MEO\Desktop\Projects\JetEngine\boomsonic_v0\.venv\Lib\site-packages\openmdao\solvers\linesearch\backtracking.py:39: SolverWarning:'OD0.inlet.out_stat.ps_resid.Ps' exceeds lower bounds
  Val: [-0.00109596]
  Lower: [-0.0009009]

C:\Users\MEO\Desktop\Projects\JetEngine\boomsonic_v0\.venv\Lib\site-packages\pycycle\thermo\static_ps_resid.py:128: RuntimeWarning: invalid value encountered in sqrt
  Vsonic = (i['gamma']*i['R']*i['Ts'])**0.5
C:\Users\MEO\Desktop\Projects\JetEngine\boomsonic_v0\.venv\Lib\site-packages\openmdao\solvers\solver.py:819: SolverWarning:Your model has stalled three times and may be violating the bounds. In the future, turn on print_bound_enforce in your solver options here: 
OD0.comp.ideal_flow.nonlinear_solver.linesearch.options['print_bound_enforce']=True. 
The bound(s) being violated now are:

C:\Users\MEO\Desktop\Projects\JetEngine\boomsonic_v0\.venv\Lib\site-packages\openmdao\solvers\linesearch\backtracking.py:39: SolverWarning:'OD0.comp.ideal_flow.balance.T' exceeds lower bounds
  Val: [-2.95292247e+10]
  Lower: [150.]

C:\Users\MEO\Desktop\Projects\JetEngine\boomsonic_v0\.venv\Lib\site-packages\pycycle\elements\compressor.py:75: RuntimeWarning: invalid value encountered in log
  outputs['eff_poly'] = Rt * np.log(PR) / ( Rt*np.log(PR) + S_out - S_in )
C:\Users\MEO\Desktop\Projects\JetEngine\boomsonic_v0\.venv\Lib\site-packages\pycycle\thermo\static_ps_resid.py:128: RuntimeWarning: invalid value encountered in sqrt
  Vsonic = (i['gamma']*i['R']*i['Ts'])**0.5
C:\Users\MEO\Desktop\Projects\JetEngine\boomsonic_v0\.venv\Lib\site-packages\pycycle\thermo\static_ps_resid.py:128: RuntimeWarning: invalid value encountered in sqrt
  Vsonic = (i['gamma']*i['R']*i['Ts'])**0.5
C:\Users\MEO\Desktop\Projects\JetEngine\boomsonic_v0\.venv\Lib\site-packages\pycycle\thermo\static_ps_resid.py:98: RuntimeWarning: invalid value encountered in power
  ps_guess = inputs['guess:Pt'] * (1 + (gamt-1)/2 * M_guess**2)**(-gamt/(gamt-1))
C:\Users\MEO\Desktop\Projects\JetEngine\boomsonic_v0\.venv\Lib\site-packages\pycycle\thermo\static_ps_resid.py:93: RuntimeWarning: invalid value encountered in power
  f1 = ps - inputs['guess:Pt'] * (1 + (gamt-1)/2 * M_guess**2)**(-gamt/(gamt-1))
C:\Users\MEO\Desktop\Projects\JetEngine\boomsonic_v0\.venv\Lib\site-packages\pycycle\thermo\static_ps_resid.py:94: RuntimeWarning: invalid value encountered in sqrt
  f2 = MN - inputs['W']*(R_UNIVERSAL_SI*inputs['Ts'])**0.5/(ps_guess*1.0e6*inputs['area']*gamt**0.5)
C:\Users\MEO\Desktop\Projects\JetEngine\boomsonic_v0\.venv\Lib\site-packages\pycycle\thermo\static_ps_resid.py:99: RuntimeWarning: The iteration is not making good progress, as measured by the 
 improvement from the last ten iterations.
  ps_guess, M_guess = fsolve(equations, (ps_guess, M_guess))
C:\Users\MEO\Desktop\Projects\JetEngine\boomsonic_v0\.venv\Lib\site-packages\pycycle\thermo\static_ps_resid.py:128: RuntimeWarning: invalid value encountered in sqrt
  Vsonic = (i['gamma']*i['R']*i['Ts'])**0.5
C:\Users\MEO\Desktop\Projects\JetEngine\boomsonic_v0\.venv\Lib\site-packages\pycycle\thermo\static_ps_resid.py:128: RuntimeWarning: invalid value encountered in sqrt
  Vsonic = (i['gamma']*i['R']*i['Ts'])**0.5
C:\Users\MEO\Desktop\Projects\JetEngine\boomsonic_v0\.venv\Lib\site-packages\pycycle\thermo\static_ps_resid.py:128: RuntimeWarning: invalid value encountered in sqrt
  Vsonic = (i['gamma']*i['R']*i['Ts'])**0.5
C:\Users\MEO\Desktop\Projects\JetEngine\boomsonic_v0\.venv\Lib\site-packages\pycycle\thermo\static_ps_resid.py:128: RuntimeWarning: invalid value encountered in sqrt
  Vsonic = (i['gamma']*i['R']*i['Ts'])**0.5
C:\Users\MEO\Desktop\Projects\JetEngine\boomsonic_v0\.venv\Lib\site-packages\pycycle\thermo\static_ps_resid.py:128: RuntimeWarning: invalid value encountered in sqrt
  Vsonic = (i['gamma']*i['R']*i['Ts'])**0.5
C:\Users\MEO\Desktop\Projects\JetEngine\boomsonic_v0\.venv\Lib\site-packages\pycycle\thermo\static_ps_resid.py:128: RuntimeWarning: invalid value encountered in sqrt
  Vsonic = (i['gamma']*i['R']*i['Ts'])**0.5
C:\Users\MEO\Desktop\Projects\JetEngine\boomsonic_v0\.venv\Lib\site-packages\pycycle\thermo\static_ps_resid.py:128: RuntimeWarning: invalid value encountered in sqrt
  Vsonic = (i['gamma']*i['R']*i['Ts'])**0.5
C:\Users\MEO\Desktop\Projects\JetEngine\boomsonic_v0\.venv\Lib\site-packages\pycycle\thermo\static_ps_resid.py:128: RuntimeWarning: invalid value encountered in sqrt
  Vsonic = (i['gamma']*i['R']*i['Ts'])**0.5
C:\Users\MEO\Desktop\Projects\JetEngine\boomsonic_v0\.venv\Lib\site-packages\pycycle\thermo\static_ps_resid.py:128: RuntimeWarning: invalid value encountered in sqrt
  Vsonic = (i['gamma']*i['R']*i['Ts'])**0.5
C:\Users\MEO\Desktop\Projects\JetEngine\boomsonic_v0\.venv\Lib\site-packages\pycycle\thermo\static_ps_resid.py:108: RuntimeWarning: invalid value encountered in sqrt
  Vsonic = (i['gamma']*i['R']*i['Ts'])**0.5
C:\Users\MEO\Desktop\Projects\JetEngine\boomsonic_v0\.venv\Lib\site-packages\pycycle\thermo\static_ps_resid.py:83: RuntimeWarning: invalid value encountered in power
  ps_guess = inputs['guess:Pt'] * (1 + (gamt-1)/2 * inputs['MN']**2)**(-gamt/(gamt-1))
C:\Users\MEO\Desktop\Projects\JetEngine\boomsonic_v0\.venv\Lib\site-packages\pycycle\thermo\static_ps_resid.py:108: RuntimeWarning: invalid value encountered in sqrt
  Vsonic = (i['gamma']*i['R']*i['Ts'])**0.5
C:\Users\MEO\Desktop\Projects\JetEngine\boomsonic_v0\.venv\Lib\site-packages\pycycle\thermo\static_ps_resid.py:108: RuntimeWarning: invalid value encountered in sqrt
  Vsonic = (i['gamma']*i['R']*i['Ts'])**0.5
C:\Users\MEO\Desktop\Projects\JetEngine\boomsonic_v0\.venv\Lib\site-packages\pycycle\thermo\static_ps_resid.py:108: RuntimeWarning: invalid value encountered in sqrt
  Vsonic = (i['gamma']*i['R']*i['Ts'])**0.5
C:\Users\MEO\Desktop\Projects\JetEngine\boomsonic_v0\.venv\Lib\site-packages\pycycle\thermo\static_ps_resid.py:108: RuntimeWarning: invalid value encountered in sqrt
  Vsonic = (i['gamma']*i['R']*i['Ts'])**0.5
C:\Users\MEO\Desktop\Projects\JetEngine\boomsonic_v0\.venv\Lib\site-packages\pycycle\thermo\static_ps_calc.py:32: RuntimeWarning: invalid value encountered in sqrt
  outputs['Vsonic'] = Vsonic = np.sqrt(inputs['gamma'] * inputs['R'] * inputs['Ts'])
C:\Users\MEO\Desktop\Projects\JetEngine\boomsonic_v0\.venv\Lib\site-packages\pycycle\elements\compressor.py:75: RuntimeWarning: invalid value encountered in log
  outputs['eff_poly'] = Rt * np.log(PR) / ( Rt*np.log(PR) + S_out - S_in )
C:\Users\MEO\Desktop\Projects\JetEngine\boomsonic_v0\.venv\Lib\site-packages\pycycle\thermo\static_ps_resid.py:128: RuntimeWarning: invalid value encountered in sqrt
  Vsonic = (i['gamma']*i['R']*i['Ts'])**0.5
C:\Users\MEO\Desktop\Projects\JetEngine\boomsonic_v0\.venv\Lib\site-packages\pycycle\thermo\static_ps_calc.py:32: RuntimeWarning: invalid value encountered in sqrt
  outputs['Vsonic'] = Vsonic = np.sqrt(inputs['gamma'] * inputs['R'] * inputs['Ts'])
C:\Users\MEO\Desktop\Projects\JetEngine\boomsonic_v0\.venv\Lib\site-packages\pycycle\thermo\static_ps_resid.py:128: RuntimeWarning: invalid value encountered in sqrt
  Vsonic = (i['gamma']*i['R']*i['Ts'])**0.5
C:\Users\MEO\Desktop\Projects\JetEngine\boomsonic_v0\.venv\Lib\site-packages\pycycle\thermo\static_ps_resid.py:98: RuntimeWarning: invalid value encountered in power
  ps_guess = inputs['guess:Pt'] * (1 + (gamt-1)/2 * M_guess**2)**(-gamt/(gamt-1))
C:\Users\MEO\Desktop\Projects\JetEngine\boomsonic_v0\.venv\Lib\site-packages\pycycle\thermo\static_ps_resid.py:93: RuntimeWarning: invalid value encountered in power
  f1 = ps - inputs['guess:Pt'] * (1 + (gamt-1)/2 * M_guess**2)**(-gamt/(gamt-1))
C:\Users\MEO\Desktop\Projects\JetEngine\boomsonic_v0\.venv\Lib\site-packages\pycycle\thermo\static_ps_resid.py:94: RuntimeWarning: invalid value encountered in sqrt
  f2 = MN - inputs['W']*(R_UNIVERSAL_SI*inputs['Ts'])**0.5/(ps_guess*1.0e6*inputs['area']*gamt**0.5)
C:\Users\MEO\Desktop\Projects\JetEngine\boomsonic_v0\.venv\Lib\site-packages\pycycle\thermo\static_ps_resid.py:99: RuntimeWarning: The iteration is not making good progress, as measured by the 
 improvement from the last ten iterations.
  ps_guess, M_guess = fsolve(equations, (ps_guess, M_guess))
C:\Users\MEO\Desktop\Projects\JetEngine\boomsonic_v0\.venv\Lib\site-packages\pycycle\thermo\static_ps_resid.py:108: RuntimeWarning: invalid value encountered in sqrt
  Vsonic = (i['gamma']*i['R']*i['Ts'])**0.5
C:\Users\MEO\Desktop\Projects\JetEngine\boomsonic_v0\.venv\Lib\site-packages\pycycle\thermo\static_ps_resid.py:83: RuntimeWarning: invalid value encountered in power
  ps_guess = inputs['guess:Pt'] * (1 + (gamt-1)/2 * inputs['MN']**2)**(-gamt/(gamt-1))
C:\Users\MEO\Desktop\Projects\JetEngine\boomsonic_v0\.venv\Lib\site-packages\openmdao\solvers\solver.py:819: SolverWarning:Your model has stalled three times and may be violating the bounds. In the future, turn on print_bound_enforce in your solver options here: 
OD0.inlet.out_stat.nonlinear_solver.linesearch.options['print_bound_enforce']=True. 
The bound(s) being violated now are:

C:\Users\MEO\Desktop\Projects\JetEngine\boomsonic_v0\.venv\Lib\site-packages\openmdao\solvers\linesearch\backtracking.py:39: SolverWarning:'OD0.inlet.out_stat.balance.T' exceeds lower bounds
  Val: [-224.71974773]
  Lower: [150.]

C:\Users\MEO\Desktop\Projects\JetEngine\boomsonic_v0\.venv\Lib\site-packages\openmdao\solvers\linesearch\backtracking.py:39: SolverWarning:'OD0.inlet.out_stat.ps_resid.Ps' exceeds lower bounds
  Val: [-0.00109596]
  Lower: [-0.0009009]

C:\Users\MEO\Desktop\Projects\JetEngine\boomsonic_v0\.venv\Lib\site-packages\openmdao\solvers\solver.py:819: SolverWarning:Your model has stalled three times and may be violating the bounds. In the future, turn on print_bound_enforce in your solver options here: 
OD0.duct.out_stat.nonlinear_solver.linesearch.options['print_bound_enforce']=True. 
The bound(s) being violated now are:

C:\Users\MEO\Desktop\Projects\JetEngine\boomsonic_v0\.venv\Lib\site-packages\openmdao\solvers\linesearch\backtracking.py:39: SolverWarning:'OD0.duct.out_stat.balance.T' exceeds lower bounds
  Val: [-221.05278935]
  Lower: [150.]

C:\Users\MEO\Desktop\Projects\JetEngine\boomsonic_v0\.venv\Lib\site-packages\openmdao\solvers\linesearch\backtracking.py:39: SolverWarning:'OD0.duct.out_stat.ps_resid.Ps' exceeds lower bounds
  Val: [-0.00109356]
  Lower: [-0.0009009]

C:\Users\MEO\Desktop\Projects\JetEngine\boomsonic_v0\.venv\Lib\site-packages\openmdao\solvers\solver.py:819: SolverWarning:Your model has stalled three times and may be violating the bounds. In the future, turn on print_bound_enforce in your solver options here: 
OD0.comp.ideal_flow.nonlinear_solver.linesearch.options['print_bound_enforce']=True. 
The bound(s) being violated now are:

C:\Users\MEO\Desktop\Projects\JetEngine\boomsonic_v0\.venv\Lib\site-packages\openmdao\solvers\linesearch\backtracking.py:39: SolverWarning:'OD0.comp.ideal_flow.balance.T' exceeds lower bounds
  Val: [-2.95292247e+10]
  Lower: [150.]

C:\Users\MEO\Desktop\Projects\JetEngine\boomsonic_v0\.venv\Lib\site-packages\pycycle\elements\compressor.py:75: RuntimeWarning: invalid value encountered in log
  outputs['eff_poly'] = Rt * np.log(PR) / ( Rt*np.log(PR) + S_out - S_in )
C:\Users\MEO\Desktop\Projects\JetEngine\boomsonic_v0\.venv\Lib\site-packages\pycycle\thermo\static_ps_resid.py:128: RuntimeWarning: invalid value encountered in sqrt
  Vsonic = (i['gamma']*i['R']*i['Ts'])**0.5
C:\Users\MEO\Desktop\Projects\JetEngine\boomsonic_v0\.venv\Lib\site-packages\pycycle\thermo\static_ps_resid.py:128: RuntimeWarning: invalid value encountered in sqrt
  Vsonic = (i['gamma']*i['R']*i['Ts'])**0.5
C:\Users\MEO\Desktop\Projects\JetEngine\boomsonic_v0\.venv\Lib\site-packages\pycycle\thermo\static_ps_resid.py:98: RuntimeWarning: invalid value encountered in power
  ps_guess = inputs['guess:Pt'] * (1 + (gamt-1)/2 * M_guess**2)**(-gamt/(gamt-1))
C:\Users\MEO\Desktop\Projects\JetEngine\boomsonic_v0\.venv\Lib\site-packages\pycycle\thermo\static_ps_resid.py:93: RuntimeWarning: invalid value encountered in power
  f1 = ps - inputs['guess:Pt'] * (1 + (gamt-1)/2 * M_guess**2)**(-gamt/(gamt-1))
C:\Users\MEO\Desktop\Projects\JetEngine\boomsonic_v0\.venv\Lib\site-packages\pycycle\thermo\static_ps_resid.py:94: RuntimeWarning: invalid value encountered in sqrt
  f2 = MN - inputs['W']*(R_UNIVERSAL_SI*inputs['Ts'])**0.5/(ps_guess*1.0e6*inputs['area']*gamt**0.5)
C:\Users\MEO\Desktop\Projects\JetEngine\boomsonic_v0\.venv\Lib\site-packages\pycycle\thermo\static_ps_resid.py:99: RuntimeWarning: The iteration is not making good progress, as measured by the 
 improvement from the last ten iterations.
  ps_guess, M_guess = fsolve(equations, (ps_guess, M_guess))
C:\Users\MEO\Desktop\Projects\JetEngine\boomsonic_v0\.venv\Lib\site-packages\pycycle\thermo\static_ps_resid.py:128: RuntimeWarning: invalid value encountered in sqrt
  Vsonic = (i['gamma']*i['R']*i['Ts'])**0.5
C:\Users\MEO\Desktop\Projects\JetEngine\boomsonic_v0\.venv\Lib\site-packages\pycycle\thermo\static_ps_resid.py:128: RuntimeWarning: invalid value encountered in sqrt
  Vsonic = (i['gamma']*i['R']*i['Ts'])**0.5
C:\Users\MEO\Desktop\Projects\JetEngine\boomsonic_v0\.venv\Lib\site-packages\pycycle\thermo\static_ps_resid.py:128: RuntimeWarning: invalid value encountered in sqrt
  Vsonic = (i['gamma']*i['R']*i['Ts'])**0.5
C:\Users\MEO\Desktop\Projects\JetEngine\boomsonic_v0\.venv\Lib\site-packages\pycycle\thermo\static_ps_resid.py:128: RuntimeWarning: invalid value encountered in sqrt
  Vsonic = (i['gamma']*i['R']*i['Ts'])**0.5
C:\Users\MEO\Desktop\Projects\JetEngine\boomsonic_v0\.venv\Lib\site-packages\pycycle\thermo\static_ps_resid.py:128: RuntimeWarning: invalid value encountered in sqrt
  Vsonic = (i['gamma']*i['R']*i['Ts'])**0.5
C:\Users\MEO\Desktop\Projects\JetEngine\boomsonic_v0\.venv\Lib\site-packages\pycycle\thermo\static_ps_resid.py:128: RuntimeWarning: invalid value encountered in sqrt
  Vsonic = (i['gamma']*i['R']*i['Ts'])**0.5
C:\Users\MEO\Desktop\Projects\JetEngine\boomsonic_v0\.venv\Lib\site-packages\pycycle\thermo\static_ps_resid.py:128: RuntimeWarning: invalid value encountered in sqrt
  Vsonic = (i['gamma']*i['R']*i['Ts'])**0.5
C:\Users\MEO\Desktop\Projects\JetEngine\boomsonic_v0\.venv\Lib\site-packages\pycycle\thermo\static_ps_resid.py:128: RuntimeWarning: invalid value encountered in sqrt
  Vsonic = (i['gamma']*i['R']*i['Ts'])**0.5
C:\Users\MEO\Desktop\Projects\JetEngine\boomsonic_v0\.venv\Lib\site-packages\pycycle\thermo\static_ps_resid.py:128: RuntimeWarning: invalid value encountered in sqrt
  Vsonic = (i['gamma']*i['R']*i['Ts'])**0.5
C:\Users\MEO\Desktop\Projects\JetEngine\boomsonic_v0\.venv\Lib\site-packages\pycycle\thermo\static_ps_resid.py:108: RuntimeWarning: invalid value encountered in sqrt
  Vsonic = (i['gamma']*i['R']*i['Ts'])**0.5
C:\Users\MEO\Desktop\Projects\JetEngine\boomsonic_v0\.venv\Lib\site-packages\pycycle\thermo\static_ps_resid.py:83: RuntimeWarning: invalid value encountered in power
  ps_guess = inputs['guess:Pt'] * (1 + (gamt-1)/2 * inputs['MN']**2)**(-gamt/(gamt-1))
C:\Users\MEO\Desktop\Projects\JetEngine\boomsonic_v0\.venv\Lib\site-packages\pycycle\thermo\static_ps_resid.py:108: RuntimeWarning: invalid value encountered in sqrt
  Vsonic = (i['gamma']*i['R']*i['Ts'])**0.5
C:\Users\MEO\Desktop\Projects\JetEngine\boomsonic_v0\.venv\Lib\site-packages\pycycle\thermo\static_ps_resid.py:108: RuntimeWarning: invalid value encountered in sqrt
  Vsonic = (i['gamma']*i['R']*i['Ts'])**0.5
C:\Users\MEO\Desktop\Projects\JetEngine\boomsonic_v0\.venv\Lib\site-packages\pycycle\thermo\static_ps_resid.py:108: RuntimeWarning: invalid value encountered in sqrt
  Vsonic = (i['gamma']*i['R']*i['Ts'])**0.5
C:\Users\MEO\Desktop\Projects\JetEngine\boomsonic_v0\.venv\Lib\site-packages\pycycle\thermo\static_ps_calc.py:32: RuntimeWarning: invalid value encountered in sqrt
  outputs['Vsonic'] = Vsonic = np.sqrt(inputs['gamma'] * inputs['R'] * inputs['Ts'])
C:\Users\MEO\Desktop\Projects\JetEngine\boomsonic_v0\.venv\Lib\site-packages\pycycle\elements\compressor.py:75: RuntimeWarning: invalid value encountered in log
  outputs['eff_poly'] = Rt * np.log(PR) / ( Rt*np.log(PR) + S_out - S_in )
C:\Users\MEO\Desktop\Projects\JetEngine\boomsonic_v0\.venv\Lib\site-packages\pycycle\thermo\static_ps_resid.py:128: RuntimeWarning: invalid value encountered in sqrt
  Vsonic = (i['gamma']*i['R']*i['Ts'])**0.5
C:\Users\MEO\Desktop\Projects\JetEngine\boomsonic_v0\.venv\Lib\site-packages\pycycle\thermo\static_ps_resid.py:128: RuntimeWarning: invalid value encountered in sqrt
  Vsonic = (i['gamma']*i['R']*i['Ts'])**0.5
C:\Users\MEO\Desktop\Projects\JetEngine\boomsonic_v0\.venv\Lib\site-packages\pycycle\thermo\static_ps_resid.py:98: RuntimeWarning: invalid value encountered in power
  ps_guess = inputs['guess:Pt'] * (1 + (gamt-1)/2 * M_guess**2)**(-gamt/(gamt-1))
C:\Users\MEO\Desktop\Projects\JetEngine\boomsonic_v0\.venv\Lib\site-packages\pycycle\thermo\static_ps_resid.py:93: RuntimeWarning: invalid value encountered in power
  f1 = ps - inputs['guess:Pt'] * (1 + (gamt-1)/2 * M_guess**2)**(-gamt/(gamt-1))
C:\Users\MEO\Desktop\Projects\JetEngine\boomsonic_v0\.venv\Lib\site-packages\pycycle\thermo\static_ps_resid.py:94: RuntimeWarning: invalid value encountered in sqrt
  f2 = MN - inputs['W']*(R_UNIVERSAL_SI*inputs['Ts'])**0.5/(ps_guess*1.0e6*inputs['area']*gamt**0.5)
C:\Users\MEO\Desktop\Projects\JetEngine\boomsonic_v0\.venv\Lib\site-packages\pycycle\thermo\static_ps_resid.py:99: RuntimeWarning: The iteration is not making good progress, as measured by the 
 improvement from the last ten iterations.
  ps_guess, M_guess = fsolve(equations, (ps_guess, M_guess))
C:\Users\MEO\Desktop\Projects\JetEngine\boomsonic_v0\.venv\Lib\site-packages\pycycle\thermo\static_ps_resid.py:108: RuntimeWarning: invalid value encountered in sqrt
  Vsonic = (i['gamma']*i['R']*i['Ts'])**0.5
C:\Users\MEO\Desktop\Projects\JetEngine\boomsonic_v0\.venv\Lib\site-packages\pycycle\thermo\static_ps_resid.py:83: RuntimeWarning: invalid value encountered in power
  ps_guess = inputs['guess:Pt'] * (1 + (gamt-1)/2 * inputs['MN']**2)**(-gamt/(gamt-1))
C:\Users\MEO\Desktop\Projects\JetEngine\boomsonic_v0\.venv\Lib\site-packages\openmdao\solvers\solver.py:819: SolverWarning:Your model has stalled three times and may be violating the bounds. In the future, turn on print_bound_enforce in your solver options here: 
OD0.inlet.out_stat.nonlinear_solver.linesearch.options['print_bound_enforce']=True. 
The bound(s) being violated now are:

C:\Users\MEO\Desktop\Projects\JetEngine\boomsonic_v0\.venv\Lib\site-packages\openmdao\solvers\linesearch\backtracking.py:39: SolverWarning:'OD0.inlet.out_stat.balance.T' exceeds lower bounds
  Val: [-224.7197476]
  Lower: [150.]

C:\Users\MEO\Desktop\Projects\JetEngine\boomsonic_v0\.venv\Lib\site-packages\openmdao\solvers\linesearch\backtracking.py:39: SolverWarning:'OD0.inlet.out_stat.ps_resid.Ps' exceeds lower bounds
  Val: [-0.00109596]
  Lower: [-0.0009009]

C:\Users\MEO\Desktop\Projects\JetEngine\boomsonic_v0\.venv\Lib\site-packages\openmdao\solvers\solver.py:819: SolverWarning:Your model has stalled three times and may be violating the bounds. In the future, turn on print_bound_enforce in your solver options here: 
OD0.duct.out_stat.nonlinear_solver.linesearch.options['print_bound_enforce']=True. 
The bound(s) being violated now are:

C:\Users\MEO\Desktop\Projects\JetEngine\boomsonic_v0\.venv\Lib\site-packages\openmdao\solvers\linesearch\backtracking.py:39: SolverWarning:'OD0.duct.out_stat.balance.T' exceeds lower bounds
  Val: [-221.0527892]
  Lower: [150.]

C:\Users\MEO\Desktop\Projects\JetEngine\boomsonic_v0\.venv\Lib\site-packages\openmdao\solvers\linesearch\backtracking.py:39: SolverWarning:'OD0.duct.out_stat.ps_resid.Ps' exceeds lower bounds
  Val: [-0.00109356]
  Lower: [-0.0009009]

C:\Users\MEO\Desktop\Projects\JetEngine\boomsonic_v0\.venv\Lib\site-packages\openmdao\solvers\solver.py:819: SolverWarning:Your model has stalled three times and may be violating the bounds. In the future, turn on print_bound_enforce in your solver options here: 
OD0.comp.ideal_flow.nonlinear_solver.linesearch.options['print_bound_enforce']=True. 
The bound(s) being violated now are:

C:\Users\MEO\Desktop\Projects\JetEngine\boomsonic_v0\.venv\Lib\site-packages\openmdao\solvers\linesearch\backtracking.py:39: SolverWarning:'OD0.comp.ideal_flow.balance.T' exceeds lower bounds
  Val: [-2.95292247e+10]
  Lower: [150.]

C:\Users\MEO\Desktop\Projects\JetEngine\boomsonic_v0\.venv\Lib\site-packages\pycycle\elements\compressor.py:75: RuntimeWarning: invalid value encountered in log
  outputs['eff_poly'] = Rt * np.log(PR) / ( Rt*np.log(PR) + S_out - S_in )
C:\Users\MEO\Desktop\Projects\JetEngine\boomsonic_v0\.venv\Lib\site-packages\pycycle\thermo\static_ps_resid.py:128: RuntimeWarning: invalid value encountered in sqrt
  Vsonic = (i['gamma']*i['R']*i['Ts'])**0.5
C:\Users\MEO\Desktop\Projects\JetEngine\boomsonic_v0\.venv\Lib\site-packages\openmdao\solvers\solver.py:819: SolverWarning:Your model has stalled three times and may be violating the bounds. In the future, turn on print_bound_enforce in your solver options here: 
OD0.turb.real_flow_b4bld.nonlinear_solver.linesearch.options['print_bound_enforce']=True. 
The bound(s) being violated now are:

C:\Users\MEO\Desktop\Projects\JetEngine\boomsonic_v0\.venv\Lib\site-packages\openmdao\solvers\solver.py:819: SolverWarning:Your model has stalled three times and may be violating the bounds. In the future, turn on print_bound_enforce in your solver options here: 
OD0.turb.real_flow.nonlinear_solver.linesearch.options['print_bound_enforce']=True. 
The bound(s) being violated now are:

C:\Users\MEO\Desktop\Projects\JetEngine\boomsonic_v0\.venv\Lib\site-packages\pycycle\thermo\static_ps_resid.py:128: RuntimeWarning: invalid value encountered in sqrt
  Vsonic = (i['gamma']*i['R']*i['Ts'])**0.5
C:\Users\MEO\Desktop\Projects\JetEngine\boomsonic_v0\.venv\Lib\site-packages\pycycle\thermo\static_ps_resid.py:98: RuntimeWarning: invalid value encountered in power
  ps_guess = inputs['guess:Pt'] * (1 + (gamt-1)/2 * M_guess**2)**(-gamt/(gamt-1))
C:\Users\MEO\Desktop\Projects\JetEngine\boomsonic_v0\.venv\Lib\site-packages\pycycle\thermo\static_ps_resid.py:93: RuntimeWarning: invalid value encountered in power
  f1 = ps - inputs['guess:Pt'] * (1 + (gamt-1)/2 * M_guess**2)**(-gamt/(gamt-1))
C:\Users\MEO\Desktop\Projects\JetEngine\boomsonic_v0\.venv\Lib\site-packages\pycycle\thermo\static_ps_resid.py:94: RuntimeWarning: invalid value encountered in sqrt
  f2 = MN - inputs['W']*(R_UNIVERSAL_SI*inputs['Ts'])**0.5/(ps_guess*1.0e6*inputs['area']*gamt**0.5)
C:\Users\MEO\Desktop\Projects\JetEngine\boomsonic_v0\.venv\Lib\site-packages\pycycle\thermo\static_ps_resid.py:99: RuntimeWarning: The iteration is not making good progress, as measured by the 
 improvement from the last ten iterations.
  ps_guess, M_guess = fsolve(equations, (ps_guess, M_guess))
C:\Users\MEO\Desktop\Projects\JetEngine\boomsonic_v0\.venv\Lib\site-packages\pycycle\thermo\static_ps_resid.py:128: RuntimeWarning: invalid value encountered in sqrt
  Vsonic = (i['gamma']*i['R']*i['Ts'])**0.5
C:\Users\MEO\Desktop\Projects\JetEngine\boomsonic_v0\.venv\Lib\site-packages\pycycle\thermo\static_ps_resid.py:128: RuntimeWarning: invalid value encountered in sqrt
  Vsonic = (i['gamma']*i['R']*i['Ts'])**0.5
C:\Users\MEO\Desktop\Projects\JetEngine\boomsonic_v0\.venv\Lib\site-packages\pycycle\thermo\static_ps_resid.py:128: RuntimeWarning: invalid value encountered in sqrt
  Vsonic = (i['gamma']*i['R']*i['Ts'])**0.5
C:\Users\MEO\Desktop\Projects\JetEngine\boomsonic_v0\.venv\Lib\site-packages\pycycle\thermo\static_ps_resid.py:128: RuntimeWarning: invalid value encountered in sqrt
  Vsonic = (i['gamma']*i['R']*i['Ts'])**0.5
C:\Users\MEO\Desktop\Projects\JetEngine\boomsonic_v0\.venv\Lib\site-packages\pycycle\thermo\static_ps_resid.py:128: RuntimeWarning: invalid value encountered in sqrt
  Vsonic = (i['gamma']*i['R']*i['Ts'])**0.5
C:\Users\MEO\Desktop\Projects\JetEngine\boomsonic_v0\.venv\Lib\site-packages\openmdao\solvers\solver.py:819: SolverWarning:Your model has stalled three times and may be violating the bounds. In the future, turn on print_bound_enforce in your solver options here: 
OD0.nozz.throat_total.nonlinear_solver.linesearch.options['print_bound_enforce']=True. 
The bound(s) being violated now are:

C:\Users\MEO\Desktop\Projects\JetEngine\boomsonic_v0\.venv\Lib\site-packages\pycycle\thermo\static_ps_resid.py:108: RuntimeWarning: invalid value encountered in sqrt
  Vsonic = (i['gamma']*i['R']*i['Ts'])**0.5
C:\Users\MEO\Desktop\Projects\JetEngine\boomsonic_v0\.venv\Lib\site-packages\pycycle\thermo\static_ps_resid.py:83: RuntimeWarning: invalid value encountered in power
  ps_guess = inputs['guess:Pt'] * (1 + (gamt-1)/2 * inputs['MN']**2)**(-gamt/(gamt-1))
C:\Users\MEO\Desktop\Projects\JetEngine\boomsonic_v0\.venv\Lib\site-packages\pycycle\thermo\static_ps_resid.py:108: RuntimeWarning: invalid value encountered in sqrt
  Vsonic = (i['gamma']*i['R']*i['Ts'])**0.5
C:\Users\MEO\Desktop\Projects\JetEngine\boomsonic_v0\.venv\Lib\site-packages\pycycle\thermo\static_ps_resid.py:108: RuntimeWarning: invalid value encountered in sqrt
  Vsonic = (i['gamma']*i['R']*i['Ts'])**0.5
C:\Users\MEO\Desktop\Projects\JetEngine\boomsonic_v0\.venv\Lib\site-packages\pycycle\thermo\static_ps_resid.py:108: RuntimeWarning: invalid value encountered in sqrt
  Vsonic = (i['gamma']*i['R']*i['Ts'])**0.5
C:\Users\MEO\Desktop\Projects\JetEngine\boomsonic_v0\.venv\Lib\site-packages\pycycle\thermo\static_ps_resid.py:108: RuntimeWarning: invalid value encountered in sqrt
  Vsonic = (i['gamma']*i['R']*i['Ts'])**0.5
C:\Users\MEO\Desktop\Projects\JetEngine\boomsonic_v0\.venv\Lib\site-packages\pycycle\thermo\static_ps_resid.py:108: RuntimeWarning: invalid value encountered in sqrt
  Vsonic = (i['gamma']*i['R']*i['Ts'])**0.5
C:\Users\MEO\Desktop\Projects\JetEngine\boomsonic_v0\.venv\Lib\site-packages\pycycle\thermo\static_ps_resid.py:108: RuntimeWarning: invalid value encountered in sqrt
  Vsonic = (i['gamma']*i['R']*i['Ts'])**0.5
C:\Users\MEO\Desktop\Projects\JetEngine\boomsonic_v0\.venv\Lib\site-packages\pycycle\thermo\static_ps_resid.py:108: RuntimeWarning: invalid value encountered in sqrt
  Vsonic = (i['gamma']*i['R']*i['Ts'])**0.5
C:\Users\MEO\Desktop\Projects\JetEngine\boomsonic_v0\.venv\Lib\site-packages\pycycle\thermo\static_ps_resid.py:108: RuntimeWarning: invalid value encountered in sqrt
  Vsonic = (i['gamma']*i['R']*i['Ts'])**0.5
C:\Users\MEO\Desktop\Projects\JetEngine\boomsonic_v0\.venv\Lib\site-packages\pycycle\thermo\static_ps_resid.py:108: RuntimeWarning: invalid value encountered in sqrt
  Vsonic = (i['gamma']*i['R']*i['Ts'])**0.5
C:\Users\MEO\Desktop\Projects\JetEngine\boomsonic_v0\.venv\Lib\site-packages\pycycle\thermo\static_ps_resid.py:108: RuntimeWarning: invalid value encountered in sqrt
  Vsonic = (i['gamma']*i['R']*i['Ts'])**0.5
C:\Users\MEO\Desktop\Projects\JetEngine\boomsonic_v0\.venv\Lib\site-packages\pycycle\thermo\static_ps_resid.py:108: RuntimeWarning: invalid value encountered in sqrt
  Vsonic = (i['gamma']*i['R']*i['Ts'])**0.5
C:\Users\MEO\Desktop\Projects\JetEngine\boomsonic_v0\.venv\Lib\site-packages\pycycle\thermo\static_ps_calc.py:32: RuntimeWarning: invalid value encountered in sqrt
  outputs['Vsonic'] = Vsonic = np.sqrt(inputs['gamma'] * inputs['R'] * inputs['Ts'])
C:\Users\MEO\Desktop\Projects\JetEngine\boomsonic_v0\.venv\Lib\site-packages\pycycle\elements\compressor.py:75: RuntimeWarning: invalid value encountered in log
  outputs['eff_poly'] = Rt * np.log(PR) / ( Rt*np.log(PR) + S_out - S_in )
C:\Users\MEO\Desktop\Projects\JetEngine\boomsonic_v0\.venv\Lib\site-packages\pycycle\thermo\static_ps_resid.py:128: RuntimeWarning: invalid value encountered in sqrt
  Vsonic = (i['gamma']*i['R']*i['Ts'])**0.5
C:\Users\MEO\Desktop\Projects\JetEngine\boomsonic_v0\.venv\Lib\site-packages\pycycle\thermo\static_ps_resid.py:128: RuntimeWarning: invalid value encountered in sqrt
  Vsonic = (i['gamma']*i['R']*i['Ts'])**0.5
C:\Users\MEO\Desktop\Projects\JetEngine\boomsonic_v0\.venv\Lib\site-packages\pycycle\thermo\static_ps_resid.py:98: RuntimeWarning: invalid value encountered in power
  ps_guess = inputs['guess:Pt'] * (1 + (gamt-1)/2 * M_guess**2)**(-gamt/(gamt-1))
C:\Users\MEO\Desktop\Projects\JetEngine\boomsonic_v0\.venv\Lib\site-packages\pycycle\thermo\static_ps_resid.py:93: RuntimeWarning: invalid value encountered in power
  f1 = ps - inputs['guess:Pt'] * (1 + (gamt-1)/2 * M_guess**2)**(-gamt/(gamt-1))
C:\Users\MEO\Desktop\Projects\JetEngine\boomsonic_v0\.venv\Lib\site-packages\pycycle\thermo\static_ps_resid.py:94: RuntimeWarning: invalid value encountered in sqrt
  f2 = MN - inputs['W']*(R_UNIVERSAL_SI*inputs['Ts'])**0.5/(ps_guess*1.0e6*inputs['area']*gamt**0.5)
C:\Users\MEO\Desktop\Projects\JetEngine\boomsonic_v0\.venv\Lib\site-packages\pycycle\thermo\static_ps_resid.py:99: RuntimeWarning: The iteration is not making good progress, as measured by the 
 improvement from the last ten iterations.
  ps_guess, M_guess = fsolve(equations, (ps_guess, M_guess))
C:\Users\MEO\Desktop\Projects\JetEngine\boomsonic_v0\.venv\Lib\site-packages\pycycle\thermo\static_ps_resid.py:108: RuntimeWarning: invalid value encountered in sqrt
  Vsonic = (i['gamma']*i['R']*i['Ts'])**0.5
C:\Users\MEO\Desktop\Projects\JetEngine\boomsonic_v0\.venv\Lib\site-packages\pycycle\thermo\static_ps_resid.py:83: RuntimeWarning: invalid value encountered in power
  ps_guess = inputs['guess:Pt'] * (1 + (gamt-1)/2 * inputs['MN']**2)**(-gamt/(gamt-1))
C:\Users\MEO\Desktop\Projects\JetEngine\boomsonic_v0\.venv\Lib\site-packages\openmdao\solvers\solver.py:819: SolverWarning:Your model has stalled three times and may be violating the bounds. In the future, turn on print_bound_enforce in your solver options here: 
OD0.inlet.out_stat.nonlinear_solver.linesearch.options['print_bound_enforce']=True. 
The bound(s) being violated now are:

C:\Users\MEO\Desktop\Projects\JetEngine\boomsonic_v0\.venv\Lib\site-packages\openmdao\solvers\linesearch\backtracking.py:39: SolverWarning:'OD0.inlet.out_stat.balance.T' exceeds lower bounds
  Val: [-224.71974758]
  Lower: [150.]

C:\Users\MEO\Desktop\Projects\JetEngine\boomsonic_v0\.venv\Lib\site-packages\openmdao\solvers\linesearch\backtracking.py:39: SolverWarning:'OD0.inlet.out_stat.ps_resid.Ps' exceeds lower bounds
  Val: [-0.00109596]
  Lower: [-0.0009009]

C:\Users\MEO\Desktop\Projects\JetEngine\boomsonic_v0\.venv\Lib\site-packages\openmdao\solvers\solver.py:819: SolverWarning:Your model has stalled three times and may be violating the bounds. In the future, turn on print_bound_enforce in your solver options here: 
OD0.duct.out_stat.nonlinear_solver.linesearch.options['print_bound_enforce']=True. 
The bound(s) being violated now are:

C:\Users\MEO\Desktop\Projects\JetEngine\boomsonic_v0\.venv\Lib\site-packages\openmdao\solvers\linesearch\backtracking.py:39: SolverWarning:'OD0.duct.out_stat.balance.T' exceeds lower bounds
  Val: [-221.05278917]
  Lower: [150.]

C:\Users\MEO\Desktop\Projects\JetEngine\boomsonic_v0\.venv\Lib\site-packages\openmdao\solvers\linesearch\backtracking.py:39: SolverWarning:'OD0.duct.out_stat.ps_resid.Ps' exceeds lower bounds
  Val: [-0.00109356]
  Lower: [-0.0009009]

C:\Users\MEO\Desktop\Projects\JetEngine\boomsonic_v0\.venv\Lib\site-packages\openmdao\solvers\solver.py:819: SolverWarning:Your model has stalled three times and may be violating the bounds. In the future, turn on print_bound_enforce in your solver options here: 
OD0.comp.ideal_flow.nonlinear_solver.linesearch.options['print_bound_enforce']=True. 
The bound(s) being violated now are:

C:\Users\MEO\Desktop\Projects\JetEngine\boomsonic_v0\.venv\Lib\site-packages\openmdao\solvers\linesearch\backtracking.py:39: SolverWarning:'OD0.comp.ideal_flow.balance.T' exceeds lower bounds
  Val: [-2.95292247e+10]
  Lower: [150.]

C:\Users\MEO\Desktop\Projects\JetEngine\boomsonic_v0\.venv\Lib\site-packages\pycycle\elements\compressor.py:75: RuntimeWarning: invalid value encountered in log
  outputs['eff_poly'] = Rt * np.log(PR) / ( Rt*np.log(PR) + S_out - S_in )
C:\Users\MEO\Desktop\Projects\JetEngine\boomsonic_v0\.venv\Lib\site-packages\pycycle\thermo\static_ps_resid.py:128: RuntimeWarning: invalid value encountered in sqrt
  Vsonic = (i['gamma']*i['R']*i['Ts'])**0.5
C:\Users\MEO\Desktop\Projects\JetEngine\boomsonic_v0\.venv\Lib\site-packages\pycycle\thermo\static_ps_resid.py:128: RuntimeWarning: invalid value encountered in sqrt
  Vsonic = (i['gamma']*i['R']*i['Ts'])**0.5
C:\Users\MEO\Desktop\Projects\JetEngine\boomsonic_v0\.venv\Lib\site-packages\pycycle\thermo\static_ps_resid.py:98: RuntimeWarning: invalid value encountered in power
  ps_guess = inputs['guess:Pt'] * (1 + (gamt-1)/2 * M_guess**2)**(-gamt/(gamt-1))
C:\Users\MEO\Desktop\Projects\JetEngine\boomsonic_v0\.venv\Lib\site-packages\pycycle\thermo\static_ps_resid.py:93: RuntimeWarning: invalid value encountered in power
  f1 = ps - inputs['guess:Pt'] * (1 + (gamt-1)/2 * M_guess**2)**(-gamt/(gamt-1))
C:\Users\MEO\Desktop\Projects\JetEngine\boomsonic_v0\.venv\Lib\site-packages\pycycle\thermo\static_ps_resid.py:94: RuntimeWarning: invalid value encountered in sqrt
  f2 = MN - inputs['W']*(R_UNIVERSAL_SI*inputs['Ts'])**0.5/(ps_guess*1.0e6*inputs['area']*gamt**0.5)
C:\Users\MEO\Desktop\Projects\JetEngine\boomsonic_v0\.venv\Lib\site-packages\pycycle\thermo\static_ps_resid.py:99: RuntimeWarning: The iteration is not making good progress, as measured by the 
 improvement from the last ten iterations.
  ps_guess, M_guess = fsolve(equations, (ps_guess, M_guess))
C:\Users\MEO\Desktop\Projects\JetEngine\boomsonic_v0\.venv\Lib\site-packages\pycycle\thermo\static_ps_resid.py:128: RuntimeWarning: invalid value encountered in sqrt
  Vsonic = (i['gamma']*i['R']*i['Ts'])**0.5
C:\Users\MEO\Desktop\Projects\JetEngine\boomsonic_v0\.venv\Lib\site-packages\pycycle\thermo\static_ps_resid.py:128: RuntimeWarning: invalid value encountered in sqrt
  Vsonic = (i['gamma']*i['R']*i['Ts'])**0.5
C:\Users\MEO\Desktop\Projects\JetEngine\boomsonic_v0\.venv\Lib\site-packages\pycycle\thermo\static_ps_resid.py:128: RuntimeWarning: invalid value encountered in sqrt
  Vsonic = (i['gamma']*i['R']*i['Ts'])**0.5
C:\Users\MEO\Desktop\Projects\JetEngine\boomsonic_v0\.venv\Lib\site-packages\pycycle\thermo\static_ps_resid.py:128: RuntimeWarning: invalid value encountered in sqrt
  Vsonic = (i['gamma']*i['R']*i['Ts'])**0.5
C:\Users\MEO\Desktop\Projects\JetEngine\boomsonic_v0\.venv\Lib\site-packages\pycycle\thermo\static_ps_resid.py:128: RuntimeWarning: invalid value encountered in sqrt
  Vsonic = (i['gamma']*i['R']*i['Ts'])**0.5
C:\Users\MEO\Desktop\Projects\JetEngine\boomsonic_v0\.venv\Lib\site-packages\pycycle\thermo\static_ps_resid.py:128: RuntimeWarning: invalid value encountered in sqrt
  Vsonic = (i['gamma']*i['R']*i['Ts'])**0.5
C:\Users\MEO\Desktop\Projects\JetEngine\boomsonic_v0\.venv\Lib\site-packages\pycycle\thermo\static_ps_resid.py:128: RuntimeWarning: invalid value encountered in sqrt
  Vsonic = (i['gamma']*i['R']*i['Ts'])**0.5
C:\Users\MEO\Desktop\Projects\JetEngine\boomsonic_v0\.venv\Lib\site-packages\pycycle\thermo\static_ps_resid.py:128: RuntimeWarning: invalid value encountered in sqrt
  Vsonic = (i['gamma']*i['R']*i['Ts'])**0.5
C:\Users\MEO\Desktop\Projects\JetEngine\boomsonic_v0\.venv\Lib\site-packages\pycycle\thermo\static_ps_resid.py:108: RuntimeWarning: invalid value encountered in sqrt
  Vsonic = (i['gamma']*i['R']*i['Ts'])**0.5
C:\Users\MEO\Desktop\Projects\JetEngine\boomsonic_v0\.venv\Lib\site-packages\pycycle\thermo\static_ps_resid.py:83: RuntimeWarning: invalid value encountered in power
  ps_guess = inputs['guess:Pt'] * (1 + (gamt-1)/2 * inputs['MN']**2)**(-gamt/(gamt-1))
C:\Users\MEO\Desktop\Projects\JetEngine\boomsonic_v0\.venv\Lib\site-packages\pycycle\thermo\static_ps_resid.py:108: RuntimeWarning: invalid value encountered in sqrt
  Vsonic = (i['gamma']*i['R']*i['Ts'])**0.5
C:\Users\MEO\Desktop\Projects\JetEngine\boomsonic_v0\.venv\Lib\site-packages\pycycle\thermo\static_ps_resid.py:108: RuntimeWarning: invalid value encountered in sqrt
  Vsonic = (i['gamma']*i['R']*i['Ts'])**0.5
C:\Users\MEO\Desktop\Projects\JetEngine\boomsonic_v0\.venv\Lib\site-packages\pycycle\thermo\static_ps_resid.py:108: RuntimeWarning: invalid value encountered in sqrt
  Vsonic = (i['gamma']*i['R']*i['Ts'])**0.5
C:\Users\MEO\Desktop\Projects\JetEngine\boomsonic_v0\.venv\Lib\site-packages\pycycle\thermo\static_ps_resid.py:108: RuntimeWarning: invalid value encountered in sqrt
  Vsonic = (i['gamma']*i['R']*i['Ts'])**0.5
C:\Users\MEO\Desktop\Projects\JetEngine\boomsonic_v0\.venv\Lib\site-packages\pycycle\thermo\static_ps_calc.py:32: RuntimeWarning: invalid value encountered in sqrt
  outputs['Vsonic'] = Vsonic = np.sqrt(inputs['gamma'] * inputs['R'] * inputs['Ts'])
C:\Users\MEO\Desktop\Projects\JetEngine\boomsonic_v0\.venv\Lib\site-packages\pycycle\elements\compressor.py:75: RuntimeWarning: invalid value encountered in log
  outputs['eff_poly'] = Rt * np.log(PR) / ( Rt*np.log(PR) + S_out - S_in )
C:\Users\MEO\Desktop\Projects\JetEngine\boomsonic_v0\.venv\Lib\site-packages\pycycle\thermo\static_ps_resid.py:128: RuntimeWarning: invalid value encountered in sqrt
  Vsonic = (i['gamma']*i['R']*i['Ts'])**0.5
C:\Users\MEO\Desktop\Projects\JetEngine\boomsonic_v0\.venv\Lib\site-packages\pycycle\thermo\static_ps_resid.py:128: RuntimeWarning: invalid value encountered in sqrt
  Vsonic = (i['gamma']*i['R']*i['Ts'])**0.5
C:\Users\MEO\Desktop\Projects\JetEngine\boomsonic_v0\.venv\Lib\site-packages\pycycle\thermo\static_ps_resid.py:98: RuntimeWarning: invalid value encountered in power
  ps_guess = inputs['guess:Pt'] * (1 + (gamt-1)/2 * M_guess**2)**(-gamt/(gamt-1))
C:\Users\MEO\Desktop\Projects\JetEngine\boomsonic_v0\.venv\Lib\site-packages\pycycle\thermo\static_ps_resid.py:93: RuntimeWarning: invalid value encountered in power
  f1 = ps - inputs['guess:Pt'] * (1 + (gamt-1)/2 * M_guess**2)**(-gamt/(gamt-1))
C:\Users\MEO\Desktop\Projects\JetEngine\boomsonic_v0\.venv\Lib\site-packages\pycycle\thermo\static_ps_resid.py:94: RuntimeWarning: invalid value encountered in sqrt
  f2 = MN - inputs['W']*(R_UNIVERSAL_SI*inputs['Ts'])**0.5/(ps_guess*1.0e6*inputs['area']*gamt**0.5)
C:\Users\MEO\Desktop\Projects\JetEngine\boomsonic_v0\.venv\Lib\site-packages\pycycle\thermo\static_ps_resid.py:99: RuntimeWarning: The iteration is not making good progress, as measured by the 
 improvement from the last ten iterations.
  ps_guess, M_guess = fsolve(equations, (ps_guess, M_guess))
C:\Users\MEO\Desktop\Projects\JetEngine\boomsonic_v0\.venv\Lib\site-packages\pycycle\thermo\static_ps_resid.py:108: RuntimeWarning: invalid value encountered in sqrt
  Vsonic = (i['gamma']*i['R']*i['Ts'])**0.5
C:\Users\MEO\Desktop\Projects\JetEngine\boomsonic_v0\.venv\Lib\site-packages\pycycle\thermo\static_ps_resid.py:83: RuntimeWarning: invalid value encountered in power
  ps_guess = inputs['guess:Pt'] * (1 + (gamt-1)/2 * inputs['MN']**2)**(-gamt/(gamt-1))
C:\Users\MEO\Desktop\Projects\JetEngine\boomsonic_v0\.venv\Lib\site-packages\openmdao\solvers\solver.py:819: SolverWarning:Your model has stalled three times and may be violating the bounds. In the future, turn on print_bound_enforce in your solver options here: 
OD0.inlet.out_stat.nonlinear_solver.linesearch.options['print_bound_enforce']=True. 
The bound(s) being violated now are:

C:\Users\MEO\Desktop\Projects\JetEngine\boomsonic_v0\.venv\Lib\site-packages\openmdao\solvers\linesearch\backtracking.py:39: SolverWarning:'OD0.inlet.out_stat.balance.T' exceeds lower bounds
  Val: [-224.71974794]
  Lower: [150.]

C:\Users\MEO\Desktop\Projects\JetEngine\boomsonic_v0\.venv\Lib\site-packages\openmdao\solvers\linesearch\backtracking.py:39: SolverWarning:'OD0.inlet.out_stat.ps_resid.Ps' exceeds lower bounds
  Val: [-0.00109596]
  Lower: [-0.0009009]

C:\Users\MEO\Desktop\Projects\JetEngine\boomsonic_v0\.venv\Lib\site-packages\openmdao\solvers\solver.py:819: SolverWarning:Your model has stalled three times and may be violating the bounds. In the future, turn on print_bound_enforce in your solver options here: 
OD0.duct.out_stat.nonlinear_solver.linesearch.options['print_bound_enforce']=True. 
The bound(s) being violated now are:

C:\Users\MEO\Desktop\Projects\JetEngine\boomsonic_v0\.venv\Lib\site-packages\openmdao\solvers\linesearch\backtracking.py:39: SolverWarning:'OD0.duct.out_stat.balance.T' exceeds lower bounds
  Val: [-221.05278957]
  Lower: [150.]

C:\Users\MEO\Desktop\Projects\JetEngine\boomsonic_v0\.venv\Lib\site-packages\openmdao\solvers\linesearch\backtracking.py:39: SolverWarning:'OD0.duct.out_stat.ps_resid.Ps' exceeds lower bounds
  Val: [-0.00109356]
  Lower: [-0.0009009]

C:\Users\MEO\Desktop\Projects\JetEngine\boomsonic_v0\.venv\Lib\site-packages\openmdao\solvers\solver.py:819: SolverWarning:Your model has stalled three times and may be violating the bounds. In the future, turn on print_bound_enforce in your solver options here: 
OD0.comp.ideal_flow.nonlinear_solver.linesearch.options['print_bound_enforce']=True. 
The bound(s) being violated now are:

C:\Users\MEO\Desktop\Projects\JetEngine\boomsonic_v0\.venv\Lib\site-packages\openmdao\solvers\linesearch\backtracking.py:39: SolverWarning:'OD0.comp.ideal_flow.balance.T' exceeds lower bounds
  Val: [-2.95292247e+10]
  Lower: [150.]

C:\Users\MEO\Desktop\Projects\JetEngine\boomsonic_v0\.venv\Lib\site-packages\pycycle\elements\compressor.py:75: RuntimeWarning: invalid value encountered in log
  outputs['eff_poly'] = Rt * np.log(PR) / ( Rt*np.log(PR) + S_out - S_in )
C:\Users\MEO\Desktop\Projects\JetEngine\boomsonic_v0\.venv\Lib\site-packages\pycycle\thermo\static_ps_resid.py:128: RuntimeWarning: invalid value encountered in sqrt
  Vsonic = (i['gamma']*i['R']*i['Ts'])**0.5
C:\Users\MEO\Desktop\Projects\JetEngine\boomsonic_v0\.venv\Lib\site-packages\pycycle\thermo\static_ps_resid.py:128: RuntimeWarning: invalid value encountered in sqrt
  Vsonic = (i['gamma']*i['R']*i['Ts'])**0.5
C:\Users\MEO\Desktop\Projects\JetEngine\boomsonic_v0\.venv\Lib\site-packages\pycycle\thermo\static_ps_resid.py:98: RuntimeWarning: invalid value encountered in power
  ps_guess = inputs['guess:Pt'] * (1 + (gamt-1)/2 * M_guess**2)**(-gamt/(gamt-1))
C:\Users\MEO\Desktop\Projects\JetEngine\boomsonic_v0\.venv\Lib\site-packages\pycycle\thermo\static_ps_resid.py:93: RuntimeWarning: invalid value encountered in power
  f1 = ps - inputs['guess:Pt'] * (1 + (gamt-1)/2 * M_guess**2)**(-gamt/(gamt-1))
C:\Users\MEO\Desktop\Projects\JetEngine\boomsonic_v0\.venv\Lib\site-packages\pycycle\thermo\static_ps_resid.py:94: RuntimeWarning: invalid value encountered in sqrt
  f2 = MN - inputs['W']*(R_UNIVERSAL_SI*inputs['Ts'])**0.5/(ps_guess*1.0e6*inputs['area']*gamt**0.5)
C:\Users\MEO\Desktop\Projects\JetEngine\boomsonic_v0\.venv\Lib\site-packages\pycycle\thermo\static_ps_resid.py:99: RuntimeWarning: The iteration is not making good progress, as measured by the 
 improvement from the last ten iterations.
  ps_guess, M_guess = fsolve(equations, (ps_guess, M_guess))
C:\Users\MEO\Desktop\Projects\JetEngine\boomsonic_v0\.venv\Lib\site-packages\pycycle\thermo\static_ps_resid.py:128: RuntimeWarning: invalid value encountered in sqrt
  Vsonic = (i['gamma']*i['R']*i['Ts'])**0.5
C:\Users\MEO\Desktop\Projects\JetEngine\boomsonic_v0\.venv\Lib\site-packages\pycycle\thermo\static_ps_resid.py:128: RuntimeWarning: invalid value encountered in sqrt
  Vsonic = (i['gamma']*i['R']*i['Ts'])**0.5
C:\Users\MEO\Desktop\Projects\JetEngine\boomsonic_v0\.venv\Lib\site-packages\pycycle\thermo\static_ps_resid.py:128: RuntimeWarning: invalid value encountered in sqrt
  Vsonic = (i['gamma']*i['R']*i['Ts'])**0.5
C:\Users\MEO\Desktop\Projects\JetEngine\boomsonic_v0\.venv\Lib\site-packages\pycycle\thermo\static_ps_resid.py:128: RuntimeWarning: invalid value encountered in sqrt
  Vsonic = (i['gamma']*i['R']*i['Ts'])**0.5
C:\Users\MEO\Desktop\Projects\JetEngine\boomsonic_v0\.venv\Lib\site-packages\pycycle\thermo\static_ps_resid.py:128: RuntimeWarning: invalid value encountered in sqrt
  Vsonic = (i['gamma']*i['R']*i['Ts'])**0.5
C:\Users\MEO\Desktop\Projects\JetEngine\boomsonic_v0\.venv\Lib\site-packages\pycycle\thermo\static_ps_resid.py:128: RuntimeWarning: invalid value encountered in sqrt
  Vsonic = (i['gamma']*i['R']*i['Ts'])**0.5
C:\Users\MEO\Desktop\Projects\JetEngine\boomsonic_v0\.venv\Lib\site-packages\pycycle\thermo\static_ps_resid.py:128: RuntimeWarning: invalid value encountered in sqrt
  Vsonic = (i['gamma']*i['R']*i['Ts'])**0.5
C:\Users\MEO\Desktop\Projects\JetEngine\boomsonic_v0\.venv\Lib\site-packages\pycycle\thermo\static_ps_resid.py:128: RuntimeWarning: invalid value encountered in sqrt
  Vsonic = (i['gamma']*i['R']*i['Ts'])**0.5
C:\Users\MEO\Desktop\Projects\JetEngine\boomsonic_v0\.venv\Lib\site-packages\pycycle\thermo\static_ps_resid.py:128: RuntimeWarning: invalid value encountered in sqrt
  Vsonic = (i['gamma']*i['R']*i['Ts'])**0.5
C:\Users\MEO\Desktop\Projects\JetEngine\boomsonic_v0\.venv\Lib\site-packages\pycycle\thermo\static_ps_resid.py:108: RuntimeWarning: invalid value encountered in sqrt
  Vsonic = (i['gamma']*i['R']*i['Ts'])**0.5
C:\Users\MEO\Desktop\Projects\JetEngine\boomsonic_v0\.venv\Lib\site-packages\pycycle\thermo\static_ps_resid.py:83: RuntimeWarning: invalid value encountered in power
  ps_guess = inputs['guess:Pt'] * (1 + (gamt-1)/2 * inputs['MN']**2)**(-gamt/(gamt-1))
C:\Users\MEO\Desktop\Projects\JetEngine\boomsonic_v0\.venv\Lib\site-packages\pycycle\thermo\static_ps_resid.py:108: RuntimeWarning: invalid value encountered in sqrt
  Vsonic = (i['gamma']*i['R']*i['Ts'])**0.5
C:\Users\MEO\Desktop\Projects\JetEngine\boomsonic_v0\.venv\Lib\site-packages\openmdao\solvers\solver.py:819: SolverWarning:Your model has stalled three times and may be violating the bounds. In the future, turn on print_bound_enforce in your solver options here: 
OD0.nozz.staticMN.nonlinear_solver.linesearch.options['print_bound_enforce']=True. 
The bound(s) being violated now are:

C:\Users\MEO\Desktop\Projects\JetEngine\boomsonic_v0\.venv\Lib\site-packages\openmdao\solvers\linesearch\backtracking.py:35: SolverWarning:'OD0.nozz.staticMN.balance.T' exceeds upper bounds
  Val: [2.97619617e+10]
  Upper: [2500.]

C:\Users\MEO\Desktop\Projects\JetEngine\boomsonic_v0\.venv\Lib\site-packages\openmdao\solvers\linesearch\backtracking.py:39: SolverWarning:'OD0.nozz.staticMN.ps_resid.Ps' exceeds lower bounds
  Val: [-18749.17208338]
  Lower: [-0.0009009]

C:\Users\MEO\Desktop\Projects\JetEngine\boomsonic_v0\.venv\Lib\site-packages\pycycle\thermo\static_ps_resid.py:108: RuntimeWarning: invalid value encountered in sqrt
  Vsonic = (i['gamma']*i['R']*i['Ts'])**0.5
C:\Users\MEO\Desktop\Projects\JetEngine\boomsonic_v0\.venv\Lib\site-packages\pycycle\thermo\static_ps_resid.py:108: RuntimeWarning: invalid value encountered in sqrt
  Vsonic = (i['gamma']*i['R']*i['Ts'])**0.5
C:\Users\MEO\Desktop\Projects\JetEngine\boomsonic_v0\.venv\Lib\site-packages\pycycle\thermo\static_ps_calc.py:32: RuntimeWarning: invalid value encountered in sqrt
  outputs['Vsonic'] = Vsonic = np.sqrt(inputs['gamma'] * inputs['R'] * inputs['Ts'])
C:\Users\MEO\Desktop\Projects\JetEngine\boomsonic_v0\.venv\Lib\site-packages\pycycle\elements\compressor.py:75: RuntimeWarning: invalid value encountered in log
  outputs['eff_poly'] = Rt * np.log(PR) / ( Rt*np.log(PR) + S_out - S_in )
C:\Users\MEO\Desktop\Projects\JetEngine\boomsonic_v0\.venv\Lib\site-packages\pycycle\thermo\static_ps_resid.py:128: RuntimeWarning: invalid value encountered in sqrt
  Vsonic = (i['gamma']*i['R']*i['Ts'])**0.5
C:\Users\MEO\Desktop\Projects\JetEngine\boomsonic_v0\.venv\Lib\site-packages\pycycle\thermo\static_ps_resid.py:128: RuntimeWarning: invalid value encountered in sqrt
  Vsonic = (i['gamma']*i['R']*i['Ts'])**0.5
C:\Users\MEO\Desktop\Projects\JetEngine\boomsonic_v0\.venv\Lib\site-packages\pycycle\thermo\static_ps_resid.py:98: RuntimeWarning: invalid value encountered in power
  ps_guess = inputs['guess:Pt'] * (1 + (gamt-1)/2 * M_guess**2)**(-gamt/(gamt-1))
C:\Users\MEO\Desktop\Projects\JetEngine\boomsonic_v0\.venv\Lib\site-packages\pycycle\thermo\static_ps_resid.py:93: RuntimeWarning: invalid value encountered in power
  f1 = ps - inputs['guess:Pt'] * (1 + (gamt-1)/2 * M_guess**2)**(-gamt/(gamt-1))
C:\Users\MEO\Desktop\Projects\JetEngine\boomsonic_v0\.venv\Lib\site-packages\pycycle\thermo\static_ps_resid.py:94: RuntimeWarning: invalid value encountered in sqrt
  f2 = MN - inputs['W']*(R_UNIVERSAL_SI*inputs['Ts'])**0.5/(ps_guess*1.0e6*inputs['area']*gamt**0.5)
C:\Users\MEO\Desktop\Projects\JetEngine\boomsonic_v0\.venv\Lib\site-packages\pycycle\thermo\static_ps_resid.py:99: RuntimeWarning: The iteration is not making good progress, as measured by the 
 improvement from the last ten iterations.
  ps_guess, M_guess = fsolve(equations, (ps_guess, M_guess))
C:\Users\MEO\Desktop\Projects\JetEngine\boomsonic_v0\.venv\Lib\site-packages\pycycle\thermo\static_ps_resid.py:108: RuntimeWarning: invalid value encountered in sqrt
  Vsonic = (i['gamma']*i['R']*i['Ts'])**0.5
C:\Users\MEO\Desktop\Projects\JetEngine\boomsonic_v0\.venv\Lib\site-packages\pycycle\thermo\static_ps_resid.py:83: RuntimeWarning: invalid value encountered in power
  ps_guess = inputs['guess:Pt'] * (1 + (gamt-1)/2 * inputs['MN']**2)**(-gamt/(gamt-1))
C:\Users\MEO\Desktop\Projects\JetEngine\boomsonic_v0\.venv\Lib\site-packages\openmdao\solvers\solver.py:819: SolverWarning:Your model has stalled three times and may be violating the bounds. In the future, turn on print_bound_enforce in your solver options here: 
OD0.inlet.out_stat.nonlinear_solver.linesearch.options['print_bound_enforce']=True. 
The bound(s) being violated now are:

C:\Users\MEO\Desktop\Projects\JetEngine\boomsonic_v0\.venv\Lib\site-packages\openmdao\solvers\linesearch\backtracking.py:39: SolverWarning:'OD0.inlet.out_stat.balance.T' exceeds lower bounds
  Val: [-224.71974792]
  Lower: [150.]

C:\Users\MEO\Desktop\Projects\JetEngine\boomsonic_v0\.venv\Lib\site-packages\openmdao\solvers\linesearch\backtracking.py:39: SolverWarning:'OD0.inlet.out_stat.ps_resid.Ps' exceeds lower bounds
  Val: [-0.00109596]
  Lower: [-0.0009009]

C:\Users\MEO\Desktop\Projects\JetEngine\boomsonic_v0\.venv\Lib\site-packages\pycycle\thermo\static_ps_resid.py:128: RuntimeWarning: invalid value encountered in sqrt
  Vsonic = (i['gamma']*i['R']*i['Ts'])**0.5
C:\Users\MEO\Desktop\Projects\JetEngine\boomsonic_v0\.venv\Lib\site-packages\openmdao\solvers\solver.py:819: SolverWarning:Your model has stalled three times and may be violating the bounds. In the future, turn on print_bound_enforce in your solver options here: 
OD0.comp.ideal_flow.nonlinear_solver.linesearch.options['print_bound_enforce']=True. 
The bound(s) being violated now are:

C:\Users\MEO\Desktop\Projects\JetEngine\boomsonic_v0\.venv\Lib\site-packages\openmdao\solvers\linesearch\backtracking.py:39: SolverWarning:'OD0.comp.ideal_flow.balance.T' exceeds lower bounds
  Val: [-3.04453577e+10]
  Lower: [150.]

C:\Users\MEO\Desktop\Projects\JetEngine\boomsonic_v0\.venv\Lib\site-packages\pycycle\elements\compressor.py:75: RuntimeWarning: invalid value encountered in log
  outputs['eff_poly'] = Rt * np.log(PR) / ( Rt*np.log(PR) + S_out - S_in )
C:\Users\MEO\Desktop\Projects\JetEngine\boomsonic_v0\.venv\Lib\site-packages\pycycle\thermo\static_ps_resid.py:128: RuntimeWarning: invalid value encountered in sqrt
  Vsonic = (i['gamma']*i['R']*i['Ts'])**0.5
C:\Users\MEO\Desktop\Projects\JetEngine\boomsonic_v0\.venv\Lib\site-packages\pycycle\thermo\static_ps_resid.py:128: RuntimeWarning: invalid value encountered in sqrt
  Vsonic = (i['gamma']*i['R']*i['Ts'])**0.5
C:\Users\MEO\Desktop\Projects\JetEngine\boomsonic_v0\.venv\Lib\site-packages\pycycle\thermo\static_ps_resid.py:128: RuntimeWarning: invalid value encountered in sqrt
  Vsonic = (i['gamma']*i['R']*i['Ts'])**0.5
C:\Users\MEO\Desktop\Projects\JetEngine\boomsonic_v0\.venv\Lib\site-packages\pycycle\thermo\static_ps_resid.py:98: RuntimeWarning: invalid value encountered in power
  ps_guess = inputs['guess:Pt'] * (1 + (gamt-1)/2 * M_guess**2)**(-gamt/(gamt-1))
C:\Users\MEO\Desktop\Projects\JetEngine\boomsonic_v0\.venv\Lib\site-packages\pycycle\thermo\static_ps_resid.py:93: RuntimeWarning: invalid value encountered in power
  f1 = ps - inputs['guess:Pt'] * (1 + (gamt-1)/2 * M_guess**2)**(-gamt/(gamt-1))
C:\Users\MEO\Desktop\Projects\JetEngine\boomsonic_v0\.venv\Lib\site-packages\pycycle\thermo\static_ps_resid.py:94: RuntimeWarning: invalid value encountered in sqrt
  f2 = MN - inputs['W']*(R_UNIVERSAL_SI*inputs['Ts'])**0.5/(ps_guess*1.0e6*inputs['area']*gamt**0.5)
C:\Users\MEO\Desktop\Projects\JetEngine\boomsonic_v0\.venv\Lib\site-packages\pycycle\thermo\static_ps_resid.py:99: RuntimeWarning: The iteration is not making good progress, as measured by the 
 improvement from the last ten iterations.
  ps_guess, M_guess = fsolve(equations, (ps_guess, M_guess))
C:\Users\MEO\Desktop\Projects\JetEngine\boomsonic_v0\.venv\Lib\site-packages\pycycle\thermo\static_ps_resid.py:128: RuntimeWarning: invalid value encountered in sqrt
  Vsonic = (i['gamma']*i['R']*i['Ts'])**0.5
C:\Users\MEO\Desktop\Projects\JetEngine\boomsonic_v0\.venv\Lib\site-packages\pycycle\thermo\static_ps_resid.py:128: RuntimeWarning: invalid value encountered in sqrt
  Vsonic = (i['gamma']*i['R']*i['Ts'])**0.5
C:\Users\MEO\Desktop\Projects\JetEngine\boomsonic_v0\.venv\Lib\site-packages\pycycle\thermo\static_ps_resid.py:128: RuntimeWarning: invalid value encountered in sqrt
  Vsonic = (i['gamma']*i['R']*i['Ts'])**0.5
C:\Users\MEO\Desktop\Projects\JetEngine\boomsonic_v0\.venv\Lib\site-packages\pycycle\thermo\static_ps_resid.py:128: RuntimeWarning: invalid value encountered in sqrt
  Vsonic = (i['gamma']*i['R']*i['Ts'])**0.5
C:\Users\MEO\Desktop\Projects\JetEngine\boomsonic_v0\.venv\Lib\site-packages\pycycle\thermo\static_ps_resid.py:128: RuntimeWarning: invalid value encountered in sqrt
  Vsonic = (i['gamma']*i['R']*i['Ts'])**0.5
C:\Users\MEO\Desktop\Projects\JetEngine\boomsonic_v0\.venv\Lib\site-packages\pycycle\thermo\static_ps_resid.py:128: RuntimeWarning: invalid value encountered in sqrt
  Vsonic = (i['gamma']*i['R']*i['Ts'])**0.5
C:\Users\MEO\Desktop\Projects\JetEngine\boomsonic_v0\.venv\Lib\site-packages\pycycle\thermo\static_ps_resid.py:128: RuntimeWarning: invalid value encountered in sqrt
  Vsonic = (i['gamma']*i['R']*i['Ts'])**0.5
C:\Users\MEO\Desktop\Projects\JetEngine\boomsonic_v0\.venv\Lib\site-packages\pycycle\thermo\static_ps_resid.py:128: RuntimeWarning: invalid value encountered in sqrt
  Vsonic = (i['gamma']*i['R']*i['Ts'])**0.5
C:\Users\MEO\Desktop\Projects\JetEngine\boomsonic_v0\.venv\Lib\site-packages\pycycle\thermo\static_ps_resid.py:128: RuntimeWarning: invalid value encountered in sqrt
  Vsonic = (i['gamma']*i['R']*i['Ts'])**0.5
C:\Users\MEO\Desktop\Projects\JetEngine\boomsonic_v0\.venv\Lib\site-packages\pycycle\thermo\static_ps_resid.py:108: RuntimeWarning: invalid value encountered in sqrt
  Vsonic = (i['gamma']*i['R']*i['Ts'])**0.5
C:\Users\MEO\Desktop\Projects\JetEngine\boomsonic_v0\.venv\Lib\site-packages\pycycle\thermo\static_ps_resid.py:83: RuntimeWarning: invalid value encountered in power
  ps_guess = inputs['guess:Pt'] * (1 + (gamt-1)/2 * inputs['MN']**2)**(-gamt/(gamt-1))
C:\Users\MEO\Desktop\Projects\JetEngine\boomsonic_v0\.venv\Lib\site-packages\pycycle\thermo\static_ps_resid.py:108: RuntimeWarning: invalid value encountered in sqrt
  Vsonic = (i['gamma']*i['R']*i['Ts'])**0.5
C:\Users\MEO\Desktop\Projects\JetEngine\boomsonic_v0\.venv\Lib\site-packages\pycycle\thermo\static_ps_resid.py:108: RuntimeWarning: invalid value encountered in sqrt
  Vsonic = (i['gamma']*i['R']*i['Ts'])**0.5
C:\Users\MEO\Desktop\Projects\JetEngine\boomsonic_v0\.venv\Lib\site-packages\pycycle\thermo\static_ps_resid.py:108: RuntimeWarning: invalid value encountered in sqrt
  Vsonic = (i['gamma']*i['R']*i['Ts'])**0.5
C:\Users\MEO\Desktop\Projects\JetEngine\boomsonic_v0\.venv\Lib\site-packages\pycycle\thermo\static_ps_calc.py:32: RuntimeWarning: invalid value encountered in sqrt
  outputs['Vsonic'] = Vsonic = np.sqrt(inputs['gamma'] * inputs['R'] * inputs['Ts'])
C:\Users\MEO\Desktop\Projects\JetEngine\boomsonic_v0\.venv\Lib\site-packages\pycycle\elements\compressor.py:75: RuntimeWarning: invalid value encountered in log
  outputs['eff_poly'] = Rt * np.log(PR) / ( Rt*np.log(PR) + S_out - S_in )
C:\Users\MEO\Desktop\Projects\JetEngine\boomsonic_v0\.venv\Lib\site-packages\pycycle\thermo\static_ps_resid.py:128: RuntimeWarning: invalid value encountered in sqrt
  Vsonic = (i['gamma']*i['R']*i['Ts'])**0.5
C:\Users\MEO\Desktop\Projects\JetEngine\boomsonic_v0\.venv\Lib\site-packages\pycycle\thermo\static_ps_resid.py:128: RuntimeWarning: invalid value encountered in sqrt
  Vsonic = (i['gamma']*i['R']*i['Ts'])**0.5
C:\Users\MEO\Desktop\Projects\JetEngine\boomsonic_v0\.venv\Lib\site-packages\pycycle\thermo\static_ps_resid.py:98: RuntimeWarning: invalid value encountered in power
  ps_guess = inputs['guess:Pt'] * (1 + (gamt-1)/2 * M_guess**2)**(-gamt/(gamt-1))
C:\Users\MEO\Desktop\Projects\JetEngine\boomsonic_v0\.venv\Lib\site-packages\pycycle\thermo\static_ps_resid.py:93: RuntimeWarning: invalid value encountered in power
  f1 = ps - inputs['guess:Pt'] * (1 + (gamt-1)/2 * M_guess**2)**(-gamt/(gamt-1))
C:\Users\MEO\Desktop\Projects\JetEngine\boomsonic_v0\.venv\Lib\site-packages\pycycle\thermo\static_ps_resid.py:94: RuntimeWarning: invalid value encountered in sqrt
  f2 = MN - inputs['W']*(R_UNIVERSAL_SI*inputs['Ts'])**0.5/(ps_guess*1.0e6*inputs['area']*gamt**0.5)
C:\Users\MEO\Desktop\Projects\JetEngine\boomsonic_v0\.venv\Lib\site-packages\pycycle\thermo\static_ps_resid.py:99: RuntimeWarning: The iteration is not making good progress, as measured by the 
 improvement from the last ten iterations.
  ps_guess, M_guess = fsolve(equations, (ps_guess, M_guess))
C:\Users\MEO\Desktop\Projects\JetEngine\boomsonic_v0\.venv\Lib\site-packages\pycycle\thermo\static_ps_resid.py:108: RuntimeWarning: invalid value encountered in sqrt
  Vsonic = (i['gamma']*i['R']*i['Ts'])**0.5
C:\Users\MEO\Desktop\Projects\JetEngine\boomsonic_v0\.venv\Lib\site-packages\pycycle\thermo\static_ps_resid.py:83: RuntimeWarning: invalid value encountered in power
  ps_guess = inputs['guess:Pt'] * (1 + (gamt-1)/2 * inputs['MN']**2)**(-gamt/(gamt-1))
C:\Users\MEO\Desktop\Projects\JetEngine\boomsonic_v0\.venv\Lib\site-packages\openmdao\solvers\solver.py:819: SolverWarning:Your model has stalled three times and may be violating the bounds. In the future, turn on print_bound_enforce in your solver options here: 
OD0.inlet.out_stat.nonlinear_solver.linesearch.options['print_bound_enforce']=True. 
The bound(s) being violated now are:

C:\Users\MEO\Desktop\Projects\JetEngine\boomsonic_v0\.venv\Lib\site-packages\openmdao\solvers\linesearch\backtracking.py:39: SolverWarning:'OD0.inlet.out_stat.balance.T' exceeds lower bounds
  Val: [-224.71974792]
  Lower: [150.]

C:\Users\MEO\Desktop\Projects\JetEngine\boomsonic_v0\.venv\Lib\site-packages\openmdao\solvers\linesearch\backtracking.py:39: SolverWarning:'OD0.inlet.out_stat.ps_resid.Ps' exceeds lower bounds
  Val: [-0.00109596]
  Lower: [-0.0009009]

C:\Users\MEO\Desktop\Projects\JetEngine\boomsonic_v0\.venv\Lib\site-packages\openmdao\solvers\solver.py:819: SolverWarning:Your model has stalled three times and may be violating the bounds. In the future, turn on print_bound_enforce in your solver options here: 
OD0.comp.ideal_flow.nonlinear_solver.linesearch.options['print_bound_enforce']=True. 
The bound(s) being violated now are:

C:\Users\MEO\Desktop\Projects\JetEngine\boomsonic_v0\.venv\Lib\site-packages\openmdao\solvers\linesearch\backtracking.py:39: SolverWarning:'OD0.comp.ideal_flow.balance.T' exceeds lower bounds
  Val: [-3.04337135e+10]
  Lower: [150.]

C:\Users\MEO\Desktop\Projects\JetEngine\boomsonic_v0\.venv\Lib\site-packages\pycycle\elements\compressor.py:75: RuntimeWarning: invalid value encountered in log
  outputs['eff_poly'] = Rt * np.log(PR) / ( Rt*np.log(PR) + S_out - S_in )
C:\Users\MEO\Desktop\Projects\JetEngine\boomsonic_v0\.venv\Lib\site-packages\pycycle\thermo\static_ps_resid.py:128: RuntimeWarning: invalid value encountered in sqrt
  Vsonic = (i['gamma']*i['R']*i['Ts'])**0.5
C:\Users\MEO\Desktop\Projects\JetEngine\boomsonic_v0\.venv\Lib\site-packages\pycycle\thermo\static_ps_resid.py:128: RuntimeWarning: invalid value encountered in sqrt
  Vsonic = (i['gamma']*i['R']*i['Ts'])**0.5
C:\Users\MEO\Desktop\Projects\JetEngine\boomsonic_v0\.venv\Lib\site-packages\pycycle\thermo\static_ps_resid.py:128: RuntimeWarning: invalid value encountered in sqrt
  Vsonic = (i['gamma']*i['R']*i['Ts'])**0.5
C:\Users\MEO\Desktop\Projects\JetEngine\boomsonic_v0\.venv\Lib\site-packages\pycycle\thermo\static_ps_resid.py:98: RuntimeWarning: invalid value encountered in power
  ps_guess = inputs['guess:Pt'] * (1 + (gamt-1)/2 * M_guess**2)**(-gamt/(gamt-1))
C:\Users\MEO\Desktop\Projects\JetEngine\boomsonic_v0\.venv\Lib\site-packages\pycycle\thermo\static_ps_resid.py:93: RuntimeWarning: invalid value encountered in power
  f1 = ps - inputs['guess:Pt'] * (1 + (gamt-1)/2 * M_guess**2)**(-gamt/(gamt-1))
C:\Users\MEO\Desktop\Projects\JetEngine\boomsonic_v0\.venv\Lib\site-packages\pycycle\thermo\static_ps_resid.py:94: RuntimeWarning: invalid value encountered in sqrt
  f2 = MN - inputs['W']*(R_UNIVERSAL_SI*inputs['Ts'])**0.5/(ps_guess*1.0e6*inputs['area']*gamt**0.5)
C:\Users\MEO\Desktop\Projects\JetEngine\boomsonic_v0\.venv\Lib\site-packages\pycycle\thermo\static_ps_resid.py:99: RuntimeWarning: The iteration is not making good progress, as measured by the 
 improvement from the last ten iterations.
  ps_guess, M_guess = fsolve(equations, (ps_guess, M_guess))
C:\Users\MEO\Desktop\Projects\JetEngine\boomsonic_v0\.venv\Lib\site-packages\pycycle\thermo\static_ps_resid.py:128: RuntimeWarning: invalid value encountered in sqrt
  Vsonic = (i['gamma']*i['R']*i['Ts'])**0.5
C:\Users\MEO\Desktop\Projects\JetEngine\boomsonic_v0\.venv\Lib\site-packages\pycycle\thermo\static_ps_resid.py:128: RuntimeWarning: invalid value encountered in sqrt
  Vsonic = (i['gamma']*i['R']*i['Ts'])**0.5
C:\Users\MEO\Desktop\Projects\JetEngine\boomsonic_v0\.venv\Lib\site-packages\pycycle\thermo\static_ps_resid.py:128: RuntimeWarning: invalid value encountered in sqrt
  Vsonic = (i['gamma']*i['R']*i['Ts'])**0.5
C:\Users\MEO\Desktop\Projects\JetEngine\boomsonic_v0\.venv\Lib\site-packages\pycycle\thermo\static_ps_resid.py:128: RuntimeWarning: invalid value encountered in sqrt
  Vsonic = (i['gamma']*i['R']*i['Ts'])**0.5
C:\Users\MEO\Desktop\Projects\JetEngine\boomsonic_v0\.venv\Lib\site-packages\pycycle\thermo\static_ps_resid.py:128: RuntimeWarning: invalid value encountered in sqrt
  Vsonic = (i['gamma']*i['R']*i['Ts'])**0.5
C:\Users\MEO\Desktop\Projects\JetEngine\boomsonic_v0\.venv\Lib\site-packages\pycycle\thermo\static_ps_resid.py:128: RuntimeWarning: invalid value encountered in sqrt
  Vsonic = (i['gamma']*i['R']*i['Ts'])**0.5
C:\Users\MEO\Desktop\Projects\JetEngine\boomsonic_v0\.venv\Lib\site-packages\pycycle\thermo\static_ps_resid.py:128: RuntimeWarning: invalid value encountered in sqrt
  Vsonic = (i['gamma']*i['R']*i['Ts'])**0.5
C:\Users\MEO\Desktop\Projects\JetEngine\boomsonic_v0\.venv\Lib\site-packages\pycycle\thermo\static_ps_resid.py:128: RuntimeWarning: invalid value encountered in sqrt
  Vsonic = (i['gamma']*i['R']*i['Ts'])**0.5
C:\Users\MEO\Desktop\Projects\JetEngine\boomsonic_v0\.venv\Lib\site-packages\pycycle\thermo\static_ps_resid.py:128: RuntimeWarning: invalid value encountered in sqrt
  Vsonic = (i['gamma']*i['R']*i['Ts'])**0.5
C:\Users\MEO\Desktop\Projects\JetEngine\boomsonic_v0\.venv\Lib\site-packages\pycycle\thermo\static_ps_resid.py:108: RuntimeWarning: invalid value encountered in sqrt
  Vsonic = (i['gamma']*i['R']*i['Ts'])**0.5
C:\Users\MEO\Desktop\Projects\JetEngine\boomsonic_v0\.venv\Lib\site-packages\pycycle\thermo\static_ps_resid.py:83: RuntimeWarning: invalid value encountered in power
  ps_guess = inputs['guess:Pt'] * (1 + (gamt-1)/2 * inputs['MN']**2)**(-gamt/(gamt-1))
C:\Users\MEO\Desktop\Projects\JetEngine\boomsonic_v0\.venv\Lib\site-packages\pycycle\thermo\static_ps_resid.py:108: RuntimeWarning: invalid value encountered in sqrt
  Vsonic = (i['gamma']*i['R']*i['Ts'])**0.5
C:\Users\MEO\Desktop\Projects\JetEngine\boomsonic_v0\.venv\Lib\site-packages\openmdao\solvers\solver.py:819: SolverWarning:Your model has stalled three times and may be violating the bounds. In the future, turn on print_bound_enforce in your solver options here: 
OD0.nozz.staticMN.nonlinear_solver.linesearch.options['print_bound_enforce']=True. 
The bound(s) being violated now are:

C:\Users\MEO\Desktop\Projects\JetEngine\boomsonic_v0\.venv\Lib\site-packages\openmdao\solvers\linesearch\backtracking.py:35: SolverWarning:'OD0.nozz.staticMN.balance.T' exceeds upper bounds
  Val: [3.0673531e+10]
  Upper: [2500.]

C:\Users\MEO\Desktop\Projects\JetEngine\boomsonic_v0\.venv\Lib\site-packages\openmdao\solvers\linesearch\backtracking.py:39: SolverWarning:'OD0.nozz.staticMN.ps_resid.Ps' exceeds lower bounds
  Val: [-19323.43013902]
  Lower: [-0.0009009]

C:\Users\MEO\Desktop\Projects\JetEngine\boomsonic_v0\.venv\Lib\site-packages\pycycle\thermo\static_ps_resid.py:108: RuntimeWarning: invalid value encountered in sqrt
  Vsonic = (i['gamma']*i['R']*i['Ts'])**0.5
C:\Users\MEO\Desktop\Projects\JetEngine\boomsonic_v0\.venv\Lib\site-packages\pycycle\thermo\static_ps_resid.py:108: RuntimeWarning: invalid value encountered in sqrt
  Vsonic = (i['gamma']*i['R']*i['Ts'])**0.5
C:\Users\MEO\Desktop\Projects\JetEngine\boomsonic_v0\.venv\Lib\site-packages\pycycle\thermo\static_ps_calc.py:32: RuntimeWarning: invalid value encountered in sqrt
  outputs['Vsonic'] = Vsonic = np.sqrt(inputs['gamma'] * inputs['R'] * inputs['Ts'])
C:\Users\MEO\Desktop\Projects\JetEngine\boomsonic_v0\.venv\Lib\site-packages\pycycle\elements\compressor.py:75: RuntimeWarning: invalid value encountered in log
  outputs['eff_poly'] = Rt * np.log(PR) / ( Rt*np.log(PR) + S_out - S_in )
C:\Users\MEO\Desktop\Projects\JetEngine\boomsonic_v0\.venv\Lib\site-packages\pycycle\thermo\static_ps_resid.py:128: RuntimeWarning: invalid value encountered in sqrt
  Vsonic = (i['gamma']*i['R']*i['Ts'])**0.5
C:\Users\MEO\Desktop\Projects\JetEngine\boomsonic_v0\.venv\Lib\site-packages\pycycle\thermo\static_ps_resid.py:128: RuntimeWarning: invalid value encountered in sqrt
  Vsonic = (i['gamma']*i['R']*i['Ts'])**0.5
C:\Users\MEO\Desktop\Projects\JetEngine\boomsonic_v0\.venv\Lib\site-packages\pycycle\thermo\static_ps_resid.py:98: RuntimeWarning: invalid value encountered in power
  ps_guess = inputs['guess:Pt'] * (1 + (gamt-1)/2 * M_guess**2)**(-gamt/(gamt-1))
C:\Users\MEO\Desktop\Projects\JetEngine\boomsonic_v0\.venv\Lib\site-packages\pycycle\thermo\static_ps_resid.py:93: RuntimeWarning: invalid value encountered in power
  f1 = ps - inputs['guess:Pt'] * (1 + (gamt-1)/2 * M_guess**2)**(-gamt/(gamt-1))
C:\Users\MEO\Desktop\Projects\JetEngine\boomsonic_v0\.venv\Lib\site-packages\pycycle\thermo\static_ps_resid.py:94: RuntimeWarning: invalid value encountered in sqrt
  f2 = MN - inputs['W']*(R_UNIVERSAL_SI*inputs['Ts'])**0.5/(ps_guess*1.0e6*inputs['area']*gamt**0.5)
C:\Users\MEO\Desktop\Projects\JetEngine\boomsonic_v0\.venv\Lib\site-packages\pycycle\thermo\static_ps_resid.py:99: RuntimeWarning: The iteration is not making good progress, as measured by the 
 improvement from the last ten iterations.
  ps_guess, M_guess = fsolve(equations, (ps_guess, M_guess))
C:\Users\MEO\Desktop\Projects\JetEngine\boomsonic_v0\.venv\Lib\site-packages\pycycle\thermo\static_ps_resid.py:108: RuntimeWarning: invalid value encountered in sqrt
  Vsonic = (i['gamma']*i['R']*i['Ts'])**0.5
C:\Users\MEO\Desktop\Projects\JetEngine\boomsonic_v0\.venv\Lib\site-packages\pycycle\thermo\static_ps_resid.py:83: RuntimeWarning: invalid value encountered in power
  ps_guess = inputs['guess:Pt'] * (1 + (gamt-1)/2 * inputs['MN']**2)**(-gamt/(gamt-1))
C:\Users\MEO\Desktop\Projects\JetEngine\boomsonic_v0\.venv\Lib\site-packages\openmdao\solvers\solver.py:819: SolverWarning:Your model has stalled three times and may be violating the bounds. In the future, turn on print_bound_enforce in your solver options here: 
OD0.inlet.out_stat.nonlinear_solver.linesearch.options['print_bound_enforce']=True. 
The bound(s) being violated now are:

C:\Users\MEO\Desktop\Projects\JetEngine\boomsonic_v0\.venv\Lib\site-packages\openmdao\solvers\linesearch\backtracking.py:39: SolverWarning:'OD0.inlet.out_stat.balance.T' exceeds lower bounds
  Val: [-224.71989279]
  Lower: [150.]

C:\Users\MEO\Desktop\Projects\JetEngine\boomsonic_v0\.venv\Lib\site-packages\openmdao\solvers\linesearch\backtracking.py:39: SolverWarning:'OD0.inlet.out_stat.ps_resid.Ps' exceeds lower bounds
  Val: [-0.00109596]
  Lower: [-0.0009009]

C:\Users\MEO\Desktop\Projects\JetEngine\boomsonic_v0\.venv\Lib\site-packages\openmdao\solvers\solver.py:819: SolverWarning:Your model has stalled three times and may be violating the bounds. In the future, turn on print_bound_enforce in your solver options here: 
OD0.comp.ideal_flow.nonlinear_solver.linesearch.options['print_bound_enforce']=True. 
The bound(s) being violated now are:

C:\Users\MEO\Desktop\Projects\JetEngine\boomsonic_v0\.venv\Lib\site-packages\openmdao\solvers\linesearch\backtracking.py:39: SolverWarning:'OD0.comp.ideal_flow.balance.T' exceeds lower bounds
  Val: [-3.04337135e+10]
  Lower: [150.]

C:\Users\MEO\Desktop\Projects\JetEngine\boomsonic_v0\.venv\Lib\site-packages\pycycle\elements\compressor.py:75: RuntimeWarning: invalid value encountered in log
  outputs['eff_poly'] = Rt * np.log(PR) / ( Rt*np.log(PR) + S_out - S_in )
C:\Users\MEO\Desktop\Projects\JetEngine\boomsonic_v0\.venv\Lib\site-packages\pycycle\thermo\static_ps_resid.py:128: RuntimeWarning: invalid value encountered in sqrt
  Vsonic = (i['gamma']*i['R']*i['Ts'])**0.5
C:\Users\MEO\Desktop\Projects\JetEngine\boomsonic_v0\.venv\Lib\site-packages\pycycle\thermo\static_ps_resid.py:128: RuntimeWarning: invalid value encountered in sqrt
  Vsonic = (i['gamma']*i['R']*i['Ts'])**0.5
C:\Users\MEO\Desktop\Projects\JetEngine\boomsonic_v0\.venv\Lib\site-packages\pycycle\thermo\static_ps_resid.py:128: RuntimeWarning: invalid value encountered in sqrt
  Vsonic = (i['gamma']*i['R']*i['Ts'])**0.5
C:\Users\MEO\Desktop\Projects\JetEngine\boomsonic_v0\.venv\Lib\site-packages\pycycle\thermo\static_ps_resid.py:98: RuntimeWarning: invalid value encountered in power
  ps_guess = inputs['guess:Pt'] * (1 + (gamt-1)/2 * M_guess**2)**(-gamt/(gamt-1))
C:\Users\MEO\Desktop\Projects\JetEngine\boomsonic_v0\.venv\Lib\site-packages\pycycle\thermo\static_ps_resid.py:93: RuntimeWarning: invalid value encountered in power
  f1 = ps - inputs['guess:Pt'] * (1 + (gamt-1)/2 * M_guess**2)**(-gamt/(gamt-1))
C:\Users\MEO\Desktop\Projects\JetEngine\boomsonic_v0\.venv\Lib\site-packages\pycycle\thermo\static_ps_resid.py:94: RuntimeWarning: invalid value encountered in sqrt
  f2 = MN - inputs['W']*(R_UNIVERSAL_SI*inputs['Ts'])**0.5/(ps_guess*1.0e6*inputs['area']*gamt**0.5)
C:\Users\MEO\Desktop\Projects\JetEngine\boomsonic_v0\.venv\Lib\site-packages\pycycle\thermo\static_ps_resid.py:99: RuntimeWarning: The iteration is not making good progress, as measured by the 
 improvement from the last ten iterations.
  ps_guess, M_guess = fsolve(equations, (ps_guess, M_guess))
C:\Users\MEO\Desktop\Projects\JetEngine\boomsonic_v0\.venv\Lib\site-packages\pycycle\thermo\static_ps_resid.py:128: RuntimeWarning: invalid value encountered in sqrt
  Vsonic = (i['gamma']*i['R']*i['Ts'])**0.5
C:\Users\MEO\Desktop\Projects\JetEngine\boomsonic_v0\.venv\Lib\site-packages\pycycle\thermo\static_ps_resid.py:128: RuntimeWarning: invalid value encountered in sqrt
  Vsonic = (i['gamma']*i['R']*i['Ts'])**0.5
C:\Users\MEO\Desktop\Projects\JetEngine\boomsonic_v0\.venv\Lib\site-packages\pycycle\thermo\static_ps_resid.py:128: RuntimeWarning: invalid value encountered in sqrt
  Vsonic = (i['gamma']*i['R']*i['Ts'])**0.5
C:\Users\MEO\Desktop\Projects\JetEngine\boomsonic_v0\.venv\Lib\site-packages\pycycle\thermo\static_ps_resid.py:128: RuntimeWarning: invalid value encountered in sqrt
  Vsonic = (i['gamma']*i['R']*i['Ts'])**0.5
C:\Users\MEO\Desktop\Projects\JetEngine\boomsonic_v0\.venv\Lib\site-packages\pycycle\thermo\static_ps_resid.py:128: RuntimeWarning: invalid value encountered in sqrt
  Vsonic = (i['gamma']*i['R']*i['Ts'])**0.5
C:\Users\MEO\Desktop\Projects\JetEngine\boomsonic_v0\.venv\Lib\site-packages\pycycle\thermo\static_ps_resid.py:128: RuntimeWarning: invalid value encountered in sqrt
  Vsonic = (i['gamma']*i['R']*i['Ts'])**0.5
C:\Users\MEO\Desktop\Projects\JetEngine\boomsonic_v0\.venv\Lib\site-packages\pycycle\thermo\static_ps_resid.py:128: RuntimeWarning: invalid value encountered in sqrt
  Vsonic = (i['gamma']*i['R']*i['Ts'])**0.5
C:\Users\MEO\Desktop\Projects\JetEngine\boomsonic_v0\.venv\Lib\site-packages\pycycle\thermo\static_ps_resid.py:128: RuntimeWarning: invalid value encountered in sqrt
  Vsonic = (i['gamma']*i['R']*i['Ts'])**0.5
C:\Users\MEO\Desktop\Projects\JetEngine\boomsonic_v0\.venv\Lib\site-packages\pycycle\thermo\static_ps_resid.py:128: RuntimeWarning: invalid value encountered in sqrt
  Vsonic = (i['gamma']*i['R']*i['Ts'])**0.5
C:\Users\MEO\Desktop\Projects\JetEngine\boomsonic_v0\.venv\Lib\site-packages\pycycle\thermo\static_ps_resid.py:128: RuntimeWarning: invalid value encountered in sqrt
  Vsonic = (i['gamma']*i['R']*i['Ts'])**0.5
C:\Users\MEO\Desktop\Projects\JetEngine\boomsonic_v0\.venv\Lib\site-packages\pycycle\thermo\static_ps_resid.py:108: RuntimeWarning: invalid value encountered in sqrt
  Vsonic = (i['gamma']*i['R']*i['Ts'])**0.5
C:\Users\MEO\Desktop\Projects\JetEngine\boomsonic_v0\.venv\Lib\site-packages\pycycle\thermo\static_ps_resid.py:83: RuntimeWarning: invalid value encountered in power
  ps_guess = inputs['guess:Pt'] * (1 + (gamt-1)/2 * inputs['MN']**2)**(-gamt/(gamt-1))
C:\Users\MEO\Desktop\Projects\JetEngine\boomsonic_v0\.venv\Lib\site-packages\pycycle\thermo\static_ps_resid.py:108: RuntimeWarning: invalid value encountered in sqrt
  Vsonic = (i['gamma']*i['R']*i['Ts'])**0.5
C:\Users\MEO\Desktop\Projects\JetEngine\boomsonic_v0\.venv\Lib\site-packages\openmdao\solvers\solver.py:819: SolverWarning:Your model has stalled three times and may be violating the bounds. In the future, turn on print_bound_enforce in your solver options here: 
OD0.nozz.staticMN.nonlinear_solver.linesearch.options['print_bound_enforce']=True. 
The bound(s) being violated now are:

C:\Users\MEO\Desktop\Projects\JetEngine\boomsonic_v0\.venv\Lib\site-packages\openmdao\solvers\linesearch\backtracking.py:35: SolverWarning:'OD0.nozz.staticMN.balance.T' exceeds upper bounds
  Val: [3.50788766e+10]
  Upper: [2500.]

C:\Users\MEO\Desktop\Projects\JetEngine\boomsonic_v0\.venv\Lib\site-packages\openmdao\solvers\linesearch\backtracking.py:39: SolverWarning:'OD0.nozz.staticMN.ps_resid.Ps' exceeds lower bounds
  Val: [-14757.74807971]
  Lower: [-0.0009009]

C:\Users\MEO\Desktop\Projects\JetEngine\boomsonic_v0\.venv\Lib\site-packages\pycycle\thermo\static_ps_resid.py:108: RuntimeWarning: invalid value encountered in sqrt
  Vsonic = (i['gamma']*i['R']*i['Ts'])**0.5
C:\Users\MEO\Desktop\Projects\JetEngine\boomsonic_v0\.venv\Lib\site-packages\pycycle\thermo\static_ps_resid.py:108: RuntimeWarning: invalid value encountered in sqrt
  Vsonic = (i['gamma']*i['R']*i['Ts'])**0.5
C:\Users\MEO\Desktop\Projects\JetEngine\boomsonic_v0\.venv\Lib\site-packages\pycycle\thermo\static_ps_calc.py:32: RuntimeWarning: invalid value encountered in sqrt
  outputs['Vsonic'] = Vsonic = np.sqrt(inputs['gamma'] * inputs['R'] * inputs['Ts'])
C:\Users\MEO\Desktop\Projects\JetEngine\boomsonic_v0\.venv\Lib\site-packages\pycycle\elements\compressor.py:75: RuntimeWarning: invalid value encountered in log
  outputs['eff_poly'] = Rt * np.log(PR) / ( Rt*np.log(PR) + S_out - S_in )
C:\Users\MEO\Desktop\Projects\JetEngine\boomsonic_v0\.venv\Lib\site-packages\pycycle\thermo\static_ps_resid.py:128: RuntimeWarning: invalid value encountered in sqrt
  Vsonic = (i['gamma']*i['R']*i['Ts'])**0.5
C:\Users\MEO\Desktop\Projects\JetEngine\boomsonic_v0\.venv\Lib\site-packages\pycycle\thermo\static_ps_resid.py:98: RuntimeWarning: invalid value encountered in power
  ps_guess = inputs['guess:Pt'] * (1 + (gamt-1)/2 * M_guess**2)**(-gamt/(gamt-1))
C:\Users\MEO\Desktop\Projects\JetEngine\boomsonic_v0\.venv\Lib\site-packages\pycycle\thermo\static_ps_resid.py:93: RuntimeWarning: invalid value encountered in power
  f1 = ps - inputs['guess:Pt'] * (1 + (gamt-1)/2 * M_guess**2)**(-gamt/(gamt-1))
C:\Users\MEO\Desktop\Projects\JetEngine\boomsonic_v0\.venv\Lib\site-packages\pycycle\thermo\static_ps_resid.py:94: RuntimeWarning: invalid value encountered in sqrt
  f2 = MN - inputs['W']*(R_UNIVERSAL_SI*inputs['Ts'])**0.5/(ps_guess*1.0e6*inputs['area']*gamt**0.5)
C:\Users\MEO\Desktop\Projects\JetEngine\boomsonic_v0\.venv\Lib\site-packages\pycycle\thermo\static_ps_resid.py:99: RuntimeWarning: The iteration is not making good progress, as measured by the 
 improvement from the last ten iterations.
  ps_guess, M_guess = fsolve(equations, (ps_guess, M_guess))
C:\Users\MEO\Desktop\Projects\JetEngine\boomsonic_v0\.venv\Lib\site-packages\pycycle\thermo\static_ps_resid.py:83: RuntimeWarning: invalid value encountered in power
  ps_guess = inputs['guess:Pt'] * (1 + (gamt-1)/2 * inputs['MN']**2)**(-gamt/(gamt-1))
C:\Users\MEO\Desktop\Projects\JetEngine\boomsonic_v0\.venv\Lib\site-packages\pycycle\thermo\static_ps_resid.py:128: RuntimeWarning: invalid value encountered in sqrt
  Vsonic = (i['gamma']*i['R']*i['Ts'])**0.5
C:\Users\MEO\Desktop\Projects\JetEngine\boomsonic_v0\.venv\Lib\site-packages\pycycle\thermo\static_ps_resid.py:128: RuntimeWarning: invalid value encountered in sqrt
  Vsonic = (i['gamma']*i['R']*i['Ts'])**0.5
C:\Users\MEO\Desktop\Projects\JetEngine\boomsonic_v0\.venv\Lib\site-packages\pycycle\thermo\static_ps_resid.py:108: RuntimeWarning: invalid value encountered in sqrt
  Vsonic = (i['gamma']*i['R']*i['Ts'])**0.5
C:\Users\MEO\Desktop\Projects\JetEngine\boomsonic_v0\.venv\Lib\site-packages\pycycle\elements\turbine.py:40: RuntimeWarning: invalid value encountered in sqrt
  outputs['Wp'] = inputs['W_in'] * inputs['Tt']**0.5 / inputs['Pt']
C:\Users\MEO\Desktop\Projects\JetEngine\boomsonic_v0\.venv\Lib\site-packages\pycycle\elements\turbine.py:41: RuntimeWarning: invalid value encountered in power
  outputs['Np'] = inputs['Nmech'] * inputs['Tt']**-0.5
C:\Users\MEO\Desktop\Projects\JetEngine\boomsonic_v0\.venv\Lib\site-packages\pycycle\elements\turbine.py:89: RuntimeWarning: invalid value encountered in log
  outputs['eff_poly'] = 1 + (S_out-S_in)/(Rt*np.log(invPR))
C:\Users\MEO\Desktop\Projects\JetEngine\boomsonic_v0\.venv\Lib\site-packages\openmdao\solvers\solver.py:819: SolverWarning:Your model has stalled three times and may be violating the bounds. In the future, turn on print_bound_enforce in your solver options here: 
OD0.comp.real_flow.nonlinear_solver.linesearch.options['print_bound_enforce']=True. 
The bound(s) being violated now are:

C:\Users\MEO\Desktop\Projects\JetEngine\boomsonic_v0\.venv\Lib\site-packages\openmdao\solvers\linesearch\backtracking.py:39: SolverWarning:'OD0.comp.real_flow.balance.T' exceeds lower bounds
  Val: [81.9657134]
  Lower: [150.]

C:\Users\MEO\Desktop\Projects\JetEngine\boomsonic_v0\.venv\Lib\site-packages\openmdao\solvers\solver.py:819: SolverWarning:Your model has stalled three times and may be violating the bounds. In the future, turn on print_bound_enforce in your solver options here: 
OD0.burner.vitiated_flow.nonlinear_solver.linesearch.options['print_bound_enforce']=True. 
The bound(s) being violated now are:

C:\Users\MEO\Desktop\Projects\JetEngine\boomsonic_v0\.venv\Lib\site-packages\openmdao\solvers\linesearch\backtracking.py:39: SolverWarning:'OD0.burner.vitiated_flow.balance.T' exceeds lower bounds
  Val: [86.45631936]
  Lower: [150.]

C:\Users\MEO\Desktop\Projects\JetEngine\boomsonic_v0\.venv\Lib\site-packages\openmdao\solvers\solver.py:819: SolverWarning:Your model has stalled three times and may be violating the bounds. In the future, turn on print_bound_enforce in your solver options here: 
OD0.burner.out_stat.nonlinear_solver.linesearch.options['print_bound_enforce']=True. 
The bound(s) being violated now are:

C:\Users\MEO\Desktop\Projects\JetEngine\boomsonic_v0\.venv\Lib\site-packages\openmdao\solvers\linesearch\backtracking.py:39: SolverWarning:'OD0.burner.out_stat.balance.T' exceeds lower bounds
  Val: [81.48150744]
  Lower: [150.]

C:\Users\MEO\Desktop\Projects\JetEngine\boomsonic_v0\.venv\Lib\site-packages\openmdao\solvers\solver.py:819: SolverWarning:Your model has stalled three times and may be violating the bounds. In the future, turn on print_bound_enforce in your solver options here: 
OD0.turb.ideal_flow.nonlinear_solver.linesearch.options['print_bound_enforce']=True. 
The bound(s) being violated now are:

C:\Users\MEO\Desktop\Projects\JetEngine\boomsonic_v0\.venv\Lib\site-packages\openmdao\solvers\linesearch\backtracking.py:39: SolverWarning:'OD0.turb.ideal_flow.balance.T' exceeds lower bounds
  Val: [149.39346556]
  Lower: [150.]

C:\Users\MEO\Desktop\Projects\JetEngine\boomsonic_v0\.venv\Lib\site-packages\openmdao\solvers\solver.py:819: SolverWarning:Your model has stalled three times and may be violating the bounds. In the future, turn on print_bound_enforce in your solver options here: 
OD0.comp.real_flow.nonlinear_solver.linesearch.options['print_bound_enforce']=True. 
The bound(s) being violated now are:

C:\Users\MEO\Desktop\Projects\JetEngine\boomsonic_v0\.venv\Lib\site-packages\openmdao\solvers\linesearch\backtracking.py:39: SolverWarning:'OD0.comp.real_flow.balance.T' exceeds lower bounds
  Val: [137.43054693]
  Lower: [150.]

C:\Users\MEO\Desktop\Projects\JetEngine\boomsonic_v0\.venv\Lib\site-packages\openmdao\solvers\solver.py:819: SolverWarning:Your model has stalled three times and may be violating the bounds. In the future, turn on print_bound_enforce in your solver options here: 
OD0.nozz.staticMN.nonlinear_solver.linesearch.options['print_bound_enforce']=True. 
The bound(s) being violated now are:

C:\Users\MEO\Desktop\Projects\JetEngine\boomsonic_v0\.venv\Lib\site-packages\openmdao\solvers\linesearch\backtracking.py:39: SolverWarning:'OD0.nozz.staticMN.balance.T' exceeds lower bounds
  Val: [130.6068789]
  Lower: [150.]

C:\Users\MEO\Desktop\Projects\JetEngine\boomsonic_v0\.venv\Lib\site-packages\openmdao\solvers\solver.py:819: SolverWarning:Your model has stalled three times and may be violating the bounds. In the future, turn on print_bound_enforce in your solver options here: 
OD0.comp.real_flow.nonlinear_solver.linesearch.options['print_bound_enforce']=True. 
The bound(s) being violated now are:

C:\Users\MEO\Desktop\Projects\JetEngine\boomsonic_v0\.venv\Lib\site-packages\openmdao\solvers\linesearch\backtracking.py:39: SolverWarning:'OD0.comp.real_flow.balance.T' exceeds lower bounds
  Val: [-112.47606021]
  Lower: [150.]

C:\Users\MEO\Desktop\Projects\JetEngine\boomsonic_v0\.venv\Lib\site-packages\openmdao\solvers\solver.py:819: SolverWarning:Your model has stalled three times and may be violating the bounds. In the future, turn on print_bound_enforce in your solver options here: 
OD0.comp.sb_flow.nonlinear_solver.linesearch.options['print_bound_enforce']=True. 
The bound(s) being violated now are:

C:\Users\MEO\Desktop\Projects\JetEngine\boomsonic_v0\.venv\Lib\site-packages\openmdao\solvers\linesearch\backtracking.py:39: SolverWarning:'OD0.comp.sb_flow.balance.T' exceeds lower bounds
  Val: [89.08440713]
  Lower: [150.]

C:\Users\MEO\Desktop\Projects\JetEngine\boomsonic_v0\.venv\Lib\site-packages\openmdao\solvers\solver.py:819: SolverWarning:Your model has stalled three times and may be violating the bounds. In the future, turn on print_bound_enforce in your solver options here: 
OD0.burner.vitiated_flow.nonlinear_solver.linesearch.options['print_bound_enforce']=True. 
The bound(s) being violated now are:

C:\Users\MEO\Desktop\Projects\JetEngine\boomsonic_v0\.venv\Lib\site-packages\openmdao\solvers\linesearch\backtracking.py:39: SolverWarning:'OD0.burner.vitiated_flow.balance.T' exceeds lower bounds
  Val: [-14.52437011]
  Lower: [150.]

C:\Users\MEO\Desktop\Projects\JetEngine\boomsonic_v0\.venv\Lib\site-packages\openmdao\solvers\solver.py:819: SolverWarning:Your model has stalled three times and may be violating the bounds. In the future, turn on print_bound_enforce in your solver options here: 
OD0.turb.ideal_flow.nonlinear_solver.linesearch.options['print_bound_enforce']=True. 
The bound(s) being violated now are:

C:\Users\MEO\Desktop\Projects\JetEngine\boomsonic_v0\.venv\Lib\site-packages\openmdao\solvers\linesearch\backtracking.py:39: SolverWarning:'OD0.turb.ideal_flow.balance.T' exceeds lower bounds
  Val: [149.44772532]
  Lower: [150.]

C:\Users\MEO\Desktop\Projects\JetEngine\boomsonic_v0\.venv\Lib\site-packages\openmdao\solvers\solver.py:819: SolverWarning:Your model has stalled three times and may be violating the bounds. In the future, turn on print_bound_enforce in your solver options here: 
OD0.nozz.staticMN.nonlinear_solver.linesearch.options['print_bound_enforce']=True. 
The bound(s) being violated now are:

C:\Users\MEO\Desktop\Projects\JetEngine\boomsonic_v0\.venv\Lib\site-packages\openmdao\solvers\solver.py:819: SolverWarning:Your model has stalled three times and may be violating the bounds. In the future, turn on print_bound_enforce in your solver options here: 
OD0.comp.real_flow.nonlinear_solver.linesearch.options['print_bound_enforce']=True. 
The bound(s) being violated now are:

C:\Users\MEO\Desktop\Projects\JetEngine\boomsonic_v0\.venv\Lib\site-packages\openmdao\solvers\linesearch\backtracking.py:39: SolverWarning:'OD0.comp.real_flow.balance.T' exceeds lower bounds
  Val: [9.66948944]
  Lower: [150.]

C:\Users\MEO\Desktop\Projects\JetEngine\boomsonic_v0\.venv\Lib\site-packages\openmdao\solvers\solver.py:819: SolverWarning:Your model has stalled three times and may be violating the bounds. In the future, turn on print_bound_enforce in your solver options here: 
OD0.comp.sb_flow.nonlinear_solver.linesearch.options['print_bound_enforce']=True. 
The bound(s) being violated now are:

C:\Users\MEO\Desktop\Projects\JetEngine\boomsonic_v0\.venv\Lib\site-packages\openmdao\solvers\linesearch\backtracking.py:39: SolverWarning:'OD0.comp.sb_flow.balance.T' exceeds lower bounds
  Val: [149.76403501]
  Lower: [150.]

C:\Users\MEO\Desktop\Projects\JetEngine\boomsonic_v0\.venv\Lib\site-packages\openmdao\solvers\solver.py:819: SolverWarning:Your model has stalled three times and may be violating the bounds. In the future, turn on print_bound_enforce in your solver options here: 
OD0.nozz.staticMN.nonlinear_solver.linesearch.options['print_bound_enforce']=True. 
The bound(s) being violated now are:

C:\Users\MEO\Desktop\Projects\JetEngine\boomsonic_v0\.venv\Lib\site-packages\openmdao\solvers\linesearch\backtracking.py:39: SolverWarning:'OD0.nozz.staticMN.balance.T' exceeds lower bounds
  Val: [149.04822085]
  Lower: [150.]

C:\Users\MEO\Desktop\Projects\JetEngine\boomsonic_v0\.venv\Lib\site-packages\openmdao\solvers\solver.py:819: SolverWarning:Your model has stalled three times and may be violating the bounds. In the future, turn on print_bound_enforce in your solver options here: 
OD0.comp.real_flow.nonlinear_solver.linesearch.options['print_bound_enforce']=True. 
The bound(s) being violated now are:

C:\Users\MEO\Desktop\Projects\JetEngine\boomsonic_v0\.venv\Lib\site-packages\openmdao\solvers\linesearch\backtracking.py:39: SolverWarning:'OD0.comp.real_flow.balance.T' exceeds lower bounds
  Val: [110.50907388]
  Lower: [150.]

C:\Users\MEO\Desktop\Projects\JetEngine\boomsonic_v0\.venv\Lib\site-packages\openmdao\solvers\solver.py:819: SolverWarning:Your model has stalled three times and may be violating the bounds. In the future, turn on print_bound_enforce in your solver options here: 
OD0.burner.vitiated_flow.nonlinear_solver.linesearch.options['print_bound_enforce']=True. 
The bound(s) being violated now are:

C:\Users\MEO\Desktop\Projects\JetEngine\boomsonic_v0\.venv\Lib\site-packages\openmdao\solvers\linesearch\backtracking.py:39: SolverWarning:'OD0.burner.vitiated_flow.balance.T' exceeds lower bounds
  Val: [122.51788433]
  Lower: [150.]

C:\Users\MEO\Desktop\Projects\JetEngine\boomsonic_v0\.venv\Lib\site-packages\openmdao\solvers\solver.py:819: SolverWarning:Your model has stalled three times and may be violating the bounds. In the future, turn on print_bound_enforce in your solver options here: 
OD0.burner.out_stat.nonlinear_solver.linesearch.options['print_bound_enforce']=True. 
The bound(s) being violated now are:

C:\Users\MEO\Desktop\Projects\JetEngine\boomsonic_v0\.venv\Lib\site-packages\openmdao\solvers\linesearch\backtracking.py:39: SolverWarning:'OD0.burner.out_stat.balance.T' exceeds lower bounds
  Val: [122.13630879]
  Lower: [150.]

C:\Users\MEO\Desktop\Projects\JetEngine\boomsonic_v0\.venv\Lib\site-packages\openmdao\solvers\solver.py:819: SolverWarning:Your model has stalled three times and may be violating the bounds. In the future, turn on print_bound_enforce in your solver options here: 
OD0.turb.ideal_flow.nonlinear_solver.linesearch.options['print_bound_enforce']=True. 
The bound(s) being violated now are:

C:\Users\MEO\Desktop\Projects\JetEngine\boomsonic_v0\.venv\Lib\site-packages\openmdao\solvers\linesearch\backtracking.py:39: SolverWarning:'OD0.turb.ideal_flow.balance.T' exceeds lower bounds
  Val: [121.92257886]
  Lower: [150.]

C:\Users\MEO\Desktop\Projects\JetEngine\boomsonic_v0\.venv\Lib\site-packages\openmdao\solvers\solver.py:819: SolverWarning:Your model has stalled three times and may be violating the bounds. In the future, turn on print_bound_enforce in your solver options here: 
OD0.turb.real_flow_b4bld.nonlinear_solver.linesearch.options['print_bound_enforce']=True. 
The bound(s) being violated now are:

C:\Users\MEO\Desktop\Projects\JetEngine\boomsonic_v0\.venv\Lib\site-packages\openmdao\solvers\linesearch\backtracking.py:39: SolverWarning:'OD0.turb.real_flow_b4bld.balance.T' exceeds lower bounds
  Val: [117.81948074]
  Lower: [150.]

C:\Users\MEO\Desktop\Projects\JetEngine\boomsonic_v0\.venv\Lib\site-packages\openmdao\solvers\solver.py:819: SolverWarning:Your model has stalled three times and may be violating the bounds. In the future, turn on print_bound_enforce in your solver options here: 
OD0.turb.real_flow.nonlinear_solver.linesearch.options['print_bound_enforce']=True. 
The bound(s) being violated now are:

C:\Users\MEO\Desktop\Projects\JetEngine\boomsonic_v0\.venv\Lib\site-packages\openmdao\solvers\linesearch\backtracking.py:39: SolverWarning:'OD0.turb.real_flow.balance.T' exceeds lower bounds
  Val: [117.81948074]
  Lower: [150.]

C:\Users\MEO\Desktop\Projects\JetEngine\boomsonic_v0\.venv\Lib\site-packages\openmdao\solvers\solver.py:819: SolverWarning:Your model has stalled three times and may be violating the bounds. In the future, turn on print_bound_enforce in your solver options here: 
OD0.turb.out_stat.nonlinear_solver.linesearch.options['print_bound_enforce']=True. 
The bound(s) being violated now are:

C:\Users\MEO\Desktop\Projects\JetEngine\boomsonic_v0\.venv\Lib\site-packages\openmdao\solvers\linesearch\backtracking.py:39: SolverWarning:'OD0.turb.out_stat.balance.T' exceeds lower bounds
  Val: [117.0906841]
  Lower: [150.]

C:\Users\MEO\Desktop\Projects\JetEngine\boomsonic_v0\.venv\Lib\site-packages\openmdao\solvers\solver.py:819: SolverWarning:Your model has stalled three times and may be violating the bounds. In the future, turn on print_bound_enforce in your solver options here: 
OD0.nozz.throat_total.nonlinear_solver.linesearch.options['print_bound_enforce']=True. 
The bound(s) being violated now are:

C:\Users\MEO\Desktop\Projects\JetEngine\boomsonic_v0\.venv\Lib\site-packages\openmdao\solvers\linesearch\backtracking.py:39: SolverWarning:'OD0.nozz.throat_total.balance.T' exceeds lower bounds
  Val: [117.81948074]
  Lower: [150.]

C:\Users\MEO\Desktop\Projects\JetEngine\boomsonic_v0\.venv\Lib\site-packages\openmdao\solvers\solver.py:819: SolverWarning:Your model has stalled three times and may be violating the bounds. In the future, turn on print_bound_enforce in your solver options here: 
OD0.nozz.staticMN.nonlinear_solver.linesearch.options['print_bound_enforce']=True. 
The bound(s) being violated now are:

C:\Users\MEO\Desktop\Projects\JetEngine\boomsonic_v0\.venv\Lib\site-packages\openmdao\solvers\linesearch\backtracking.py:39: SolverWarning:'OD0.nozz.staticMN.balance.T' exceeds lower bounds
  Val: [98.2037733]
  Lower: [150.]

C:\Users\MEO\Desktop\Projects\JetEngine\boomsonic_v0\.venv\Lib\site-packages\openmdao\solvers\solver.py:819: SolverWarning:Your model has stalled three times and may be violating the bounds. In the future, turn on print_bound_enforce in your solver options here: 
OD0.nozz.staticPs.nonlinear_solver.linesearch.options['print_bound_enforce']=True. 
The bound(s) being violated now are:

C:\Users\MEO\Desktop\Projects\JetEngine\boomsonic_v0\.venv\Lib\site-packages\openmdao\solvers\linesearch\backtracking.py:39: SolverWarning:'OD0.nozz.staticPs.balance.T' exceeds lower bounds
  Val: [117.8189249]
  Lower: [150.]

C:\Users\MEO\Desktop\Projects\JetEngine\boomsonic_v0\.venv\Lib\site-packages\openmdao\solvers\solver.py:819: SolverWarning:Your model has stalled three times and may be violating the bounds. In the future, turn on print_bound_enforce in your solver options here: 
OD0.nozz.ideal_flow.nonlinear_solver.linesearch.options['print_bound_enforce']=True. 
The bound(s) being violated now are:

C:\Users\MEO\Desktop\Projects\JetEngine\boomsonic_v0\.venv\Lib\site-packages\openmdao\solvers\linesearch\backtracking.py:39: SolverWarning:'OD0.nozz.ideal_flow.balance.T' exceeds lower bounds
  Val: [117.8189249]
  Lower: [150.]

C:\Users\MEO\Desktop\Projects\JetEngine\boomsonic_v0\.venv\Lib\site-packages\openmdao\solvers\solver.py:819: SolverWarning:Your model has stalled three times and may be violating the bounds. In the future, turn on print_bound_enforce in your solver options here: 
OD0.nozz.staticMN.nonlinear_solver.linesearch.options['print_bound_enforce']=True. 
The bound(s) being violated now are:

C:\Users\MEO\Desktop\Projects\JetEngine\boomsonic_v0\.venv\Lib\site-packages\openmdao\solvers\linesearch\backtracking.py:39: SolverWarning:'OD0.nozz.staticMN.balance.T' exceeds lower bounds
  Val: [148.01015899]
  Lower: [150.]

C:\Users\MEO\Desktop\Projects\JetEngine\boomsonic_v0\.venv\Lib\site-packages\openmdao\solvers\solver.py:819: SolverWarning:Your model has stalled three times and may be violating the bounds. In the future, turn on print_bound_enforce in your solver options here: 
OD0.nozz.staticMN.nonlinear_solver.linesearch.options['print_bound_enforce']=True. 
The bound(s) being violated now are:

C:\Users\MEO\Desktop\Projects\JetEngine\boomsonic_v0\.venv\Lib\site-packages\openmdao\solvers\linesearch\backtracking.py:39: SolverWarning:'OD0.nozz.staticMN.balance.T' exceeds lower bounds
  Val: [138.54998126]
  Lower: [150.]

C:\Users\MEO\Desktop\Projects\JetEngine\boomsonic_v0\.venv\Lib\site-packages\openmdao\solvers\solver.py:819: SolverWarning:Your model has stalled three times and may be violating the bounds. In the future, turn on print_bound_enforce in your solver options here: 
OD0.comp.real_flow.nonlinear_solver.linesearch.options['print_bound_enforce']=True. 
The bound(s) being violated now are:

C:\Users\MEO\Desktop\Projects\JetEngine\boomsonic_v0\.venv\Lib\site-packages\openmdao\solvers\linesearch\backtracking.py:39: SolverWarning:'OD0.comp.real_flow.balance.T' exceeds lower bounds
  Val: [128.98866757]
  Lower: [150.]

C:\Users\MEO\Desktop\Projects\JetEngine\boomsonic_v0\.venv\Lib\site-packages\openmdao\solvers\solver.py:819: SolverWarning:Your model has stalled three times and may be violating the bounds. In the future, turn on print_bound_enforce in your solver options here: 
OD0.turb.real_flow_b4bld.nonlinear_solver.linesearch.options['print_bound_enforce']=True. 
The bound(s) being violated now are:

C:\Users\MEO\Desktop\Projects\JetEngine\boomsonic_v0\.venv\Lib\site-packages\openmdao\solvers\linesearch\backtracking.py:39: SolverWarning:'OD0.turb.real_flow_b4bld.balance.T' exceeds lower bounds
  Val: [147.37788625]
  Lower: [150.]

C:\Users\MEO\Desktop\Projects\JetEngine\boomsonic_v0\.venv\Lib\site-packages\openmdao\solvers\solver.py:819: SolverWarning:Your model has stalled three times and may be violating the bounds. In the future, turn on print_bound_enforce in your solver options here: 
OD0.turb.real_flow.nonlinear_solver.linesearch.options['print_bound_enforce']=True. 
The bound(s) being violated now are:

C:\Users\MEO\Desktop\Projects\JetEngine\boomsonic_v0\.venv\Lib\site-packages\openmdao\solvers\linesearch\backtracking.py:39: SolverWarning:'OD0.turb.real_flow.balance.T' exceeds lower bounds
  Val: [147.37788625]
  Lower: [150.]

C:\Users\MEO\Desktop\Projects\JetEngine\boomsonic_v0\.venv\Lib\site-packages\openmdao\solvers\solver.py:819: SolverWarning:Your model has stalled three times and may be violating the bounds. In the future, turn on print_bound_enforce in your solver options here: 
OD0.turb.out_stat.nonlinear_solver.linesearch.options['print_bound_enforce']=True. 
The bound(s) being violated now are:

C:\Users\MEO\Desktop\Projects\JetEngine\boomsonic_v0\.venv\Lib\site-packages\openmdao\solvers\linesearch\backtracking.py:39: SolverWarning:'OD0.turb.out_stat.balance.T' exceeds lower bounds
  Val: [146.31101651]
  Lower: [150.]

C:\Users\MEO\Desktop\Projects\JetEngine\boomsonic_v0\.venv\Lib\site-packages\openmdao\solvers\solver.py:819: SolverWarning:Your model has stalled three times and may be violating the bounds. In the future, turn on print_bound_enforce in your solver options here: 
OD0.nozz.throat_total.nonlinear_solver.linesearch.options['print_bound_enforce']=True. 
The bound(s) being violated now are:

C:\Users\MEO\Desktop\Projects\JetEngine\boomsonic_v0\.venv\Lib\site-packages\openmdao\solvers\linesearch\backtracking.py:39: SolverWarning:'OD0.nozz.throat_total.balance.T' exceeds lower bounds
  Val: [147.37788625]
  Lower: [150.]

C:\Users\MEO\Desktop\Projects\JetEngine\boomsonic_v0\.venv\Lib\site-packages\openmdao\solvers\solver.py:819: SolverWarning:Your model has stalled three times and may be violating the bounds. In the future, turn on print_bound_enforce in your solver options here: 
OD0.nozz.staticMN.nonlinear_solver.linesearch.options['print_bound_enforce']=True. 
The bound(s) being violated now are:

C:\Users\MEO\Desktop\Projects\JetEngine\boomsonic_v0\.venv\Lib\site-packages\openmdao\solvers\linesearch\backtracking.py:39: SolverWarning:'OD0.nozz.staticMN.balance.T' exceeds lower bounds
  Val: [122.8274663]
  Lower: [150.]

C:\Users\MEO\Desktop\Projects\JetEngine\boomsonic_v0\.venv\Lib\site-packages\openmdao\solvers\solver.py:819: SolverWarning:Your model has stalled three times and may be violating the bounds. In the future, turn on print_bound_enforce in your solver options here: 
OD0.nozz.staticPs.nonlinear_solver.linesearch.options['print_bound_enforce']=True. 
The bound(s) being violated now are:

C:\Users\MEO\Desktop\Projects\JetEngine\boomsonic_v0\.venv\Lib\site-packages\openmdao\solvers\linesearch\backtracking.py:39: SolverWarning:'OD0.nozz.staticPs.balance.T' exceeds lower bounds
  Val: [143.61382415]
  Lower: [150.]

C:\Users\MEO\Desktop\Projects\JetEngine\boomsonic_v0\.venv\Lib\site-packages\openmdao\solvers\solver.py:819: SolverWarning:Your model has stalled three times and may be violating the bounds. In the future, turn on print_bound_enforce in your solver options here: 
OD0.nozz.ideal_flow.nonlinear_solver.linesearch.options['print_bound_enforce']=True. 
The bound(s) being violated now are:

C:\Users\MEO\Desktop\Projects\JetEngine\boomsonic_v0\.venv\Lib\site-packages\openmdao\solvers\linesearch\backtracking.py:39: SolverWarning:'OD0.nozz.ideal_flow.balance.T' exceeds lower bounds
  Val: [143.61382415]
  Lower: [150.]

C:\Users\MEO\Desktop\Projects\JetEngine\boomsonic_v0\.venv\Lib\site-packages\openmdao\solvers\solver.py:819: SolverWarning:Your model has stalled three times and may be violating the bounds. In the future, turn on print_bound_enforce in your solver options here: 
OD0.comp.real_flow.nonlinear_solver.linesearch.options['print_bound_enforce']=True. 
The bound(s) being violated now are:

C:\Users\MEO\Desktop\Projects\JetEngine\boomsonic_v0\.venv\Lib\site-packages\openmdao\solvers\linesearch\backtracking.py:39: SolverWarning:'OD0.comp.real_flow.balance.T' exceeds lower bounds
  Val: [106.25499214]
  Lower: [150.]

C:\Users\MEO\Desktop\Projects\JetEngine\boomsonic_v0\.venv\Lib\site-packages\openmdao\solvers\solver.py:819: SolverWarning:Your model has stalled three times and may be violating the bounds. In the future, turn on print_bound_enforce in your solver options here: 
OD0.nozz.staticMN.nonlinear_solver.linesearch.options['print_bound_enforce']=True. 
The bound(s) being violated now are:

C:\Users\MEO\Desktop\Projects\JetEngine\boomsonic_v0\.venv\Lib\site-packages\openmdao\solvers\linesearch\backtracking.py:39: SolverWarning:'OD0.nozz.staticMN.balance.T' exceeds lower bounds
  Val: [137.54780279]
  Lower: [150.]

C:\Users\MEO\Desktop\Projects\JetEngine\boomsonic_v0\.venv\Lib\site-packages\openmdao\solvers\solver.py:819: SolverWarning:Your model has stalled three times and may be violating the bounds. In the future, turn on print_bound_enforce in your solver options here: 
OD0.comp.real_flow.nonlinear_solver.linesearch.options['print_bound_enforce']=True. 
The bound(s) being violated now are:

C:\Users\MEO\Desktop\Projects\JetEngine\boomsonic_v0\.venv\Lib\site-packages\openmdao\solvers\linesearch\backtracking.py:39: SolverWarning:'OD0.comp.real_flow.balance.T' exceeds lower bounds
  Val: [129.6008151]
  Lower: [150.]

C:\Users\MEO\Desktop\Projects\JetEngine\boomsonic_v0\.venv\Lib\site-packages\pycycle\thermo\static_ps_resid.py:128: RuntimeWarning: invalid value encountered in sqrt
  Vsonic = (i['gamma']*i['R']*i['Ts'])**0.5
C:\Users\MEO\Desktop\Projects\JetEngine\boomsonic_v0\.venv\Lib\site-packages\openmdao\solvers\solver.py:819: SolverWarning:Your model has stalled three times and may be violating the bounds. In the future, turn on print_bound_enforce in your solver options here: 
OD0.burner.vitiated_flow.nonlinear_solver.linesearch.options['print_bound_enforce']=True. 
The bound(s) being violated now are:

C:\Users\MEO\Desktop\Projects\JetEngine\boomsonic_v0\.venv\Lib\site-packages\openmdao\solvers\linesearch\backtracking.py:39: SolverWarning:'OD0.burner.vitiated_flow.balance.T' exceeds lower bounds
  Val: [134.08296614]
  Lower: [150.]

C:\Users\MEO\Desktop\Projects\JetEngine\boomsonic_v0\.venv\Lib\site-packages\openmdao\solvers\solver.py:819: SolverWarning:Your model has stalled three times and may be violating the bounds. In the future, turn on print_bound_enforce in your solver options here: 
OD0.burner.out_stat.nonlinear_solver.linesearch.options['print_bound_enforce']=True. 
The bound(s) being violated now are:

C:\Users\MEO\Desktop\Projects\JetEngine\boomsonic_v0\.venv\Lib\site-packages\openmdao\solvers\linesearch\backtracking.py:39: SolverWarning:'OD0.burner.out_stat.balance.T' exceeds lower bounds
  Val: [133.16293138]
  Lower: [150.]

C:\Users\MEO\Desktop\Projects\JetEngine\boomsonic_v0\.venv\Lib\site-packages\openmdao\solvers\solver.py:819: SolverWarning:Your model has stalled three times and may be violating the bounds. In the future, turn on print_bound_enforce in your solver options here: 
OD0.turb.ideal_flow.nonlinear_solver.linesearch.options['print_bound_enforce']=True. 
The bound(s) being violated now are:

C:\Users\MEO\Desktop\Projects\JetEngine\boomsonic_v0\.venv\Lib\site-packages\openmdao\solvers\linesearch\backtracking.py:39: SolverWarning:'OD0.turb.ideal_flow.balance.T' exceeds lower bounds
  Val: [149.45854346]
  Lower: [150.]

C:\Users\MEO\Desktop\Projects\JetEngine\boomsonic_v0\.venv\Lib\site-packages\openmdao\solvers\solver.py:819: SolverWarning:Your model has stalled three times and may be violating the bounds. In the future, turn on print_bound_enforce in your solver options here: 
OD0.comp.real_flow.nonlinear_solver.linesearch.options['print_bound_enforce']=True. 
The bound(s) being violated now are:

C:\Users\MEO\Desktop\Projects\JetEngine\boomsonic_v0\.venv\Lib\site-packages\openmdao\solvers\linesearch\backtracking.py:39: SolverWarning:'OD0.comp.real_flow.balance.T' exceeds lower bounds
  Val: [-157.10972109]
  Lower: [150.]

C:\Users\MEO\Desktop\Projects\JetEngine\boomsonic_v0\.venv\Lib\site-packages\openmdao\solvers\solver.py:819: SolverWarning:Your model has stalled three times and may be violating the bounds. In the future, turn on print_bound_enforce in your solver options here: 
OD0.comp.sb_flow.nonlinear_solver.linesearch.options['print_bound_enforce']=True. 
The bound(s) being violated now are:

C:\Users\MEO\Desktop\Projects\JetEngine\boomsonic_v0\.venv\Lib\site-packages\openmdao\solvers\linesearch\backtracking.py:39: SolverWarning:'OD0.comp.sb_flow.balance.T' exceeds lower bounds
  Val: [66.91123798]
  Lower: [150.]

C:\Users\MEO\Desktop\Projects\JetEngine\boomsonic_v0\.venv\Lib\site-packages\openmdao\solvers\solver.py:819: SolverWarning:Your model has stalled three times and may be violating the bounds. In the future, turn on print_bound_enforce in your solver options here: 
OD0.burner.vitiated_flow.nonlinear_solver.linesearch.options['print_bound_enforce']=True. 
The bound(s) being violated now are:

C:\Users\MEO\Desktop\Projects\JetEngine\boomsonic_v0\.venv\Lib\site-packages\openmdao\solvers\linesearch\backtracking.py:39: SolverWarning:'OD0.burner.vitiated_flow.balance.T' exceeds lower bounds
  Val: [10.01027066]
  Lower: [150.]

C:\Users\MEO\Desktop\Projects\JetEngine\boomsonic_v0\.venv\Lib\site-packages\openmdao\solvers\solver.py:819: SolverWarning:Your model has stalled three times and may be violating the bounds. In the future, turn on print_bound_enforce in your solver options here: 
OD0.turb.ideal_flow.nonlinear_solver.linesearch.options['print_bound_enforce']=True. 
The bound(s) being violated now are:

C:\Users\MEO\Desktop\Projects\JetEngine\boomsonic_v0\.venv\Lib\site-packages\openmdao\solvers\linesearch\backtracking.py:39: SolverWarning:'OD0.turb.ideal_flow.balance.T' exceeds lower bounds
  Val: [149.45605619]
  Lower: [150.]

C:\Users\MEO\Desktop\Projects\JetEngine\boomsonic_v0\.venv\Lib\site-packages\openmdao\solvers\solver.py:819: SolverWarning:Your model has stalled three times and may be violating the bounds. In the future, turn on print_bound_enforce in your solver options here: 
OD0.comp.real_flow.nonlinear_solver.linesearch.options['print_bound_enforce']=True. 
The bound(s) being violated now are:

C:\Users\MEO\Desktop\Projects\JetEngine\boomsonic_v0\.venv\Lib\site-packages\openmdao\solvers\linesearch\backtracking.py:39: SolverWarning:'OD0.comp.real_flow.balance.T' exceeds lower bounds
  Val: [-29.19795508]
  Lower: [150.]

C:\Users\MEO\Desktop\Projects\JetEngine\boomsonic_v0\.venv\Lib\site-packages\openmdao\solvers\solver.py:819: SolverWarning:Your model has stalled three times and may be violating the bounds. In the future, turn on print_bound_enforce in your solver options here: 
OD0.comp.sb_flow.nonlinear_solver.linesearch.options['print_bound_enforce']=True. 
The bound(s) being violated now are:

C:\Users\MEO\Desktop\Projects\JetEngine\boomsonic_v0\.venv\Lib\site-packages\openmdao\solvers\linesearch\backtracking.py:39: SolverWarning:'OD0.comp.sb_flow.balance.T' exceeds lower bounds
  Val: [130.45541446]
  Lower: [150.]

C:\Users\MEO\Desktop\Projects\JetEngine\boomsonic_v0\.venv\Lib\site-packages\openmdao\solvers\solver.py:819: SolverWarning:Your model has stalled three times and may be violating the bounds. In the future, turn on print_bound_enforce in your solver options here: 
OD0.nozz.staticMN.nonlinear_solver.linesearch.options['print_bound_enforce']=True. 
The bound(s) being violated now are:

C:\Users\MEO\Desktop\Projects\JetEngine\boomsonic_v0\.venv\Lib\site-packages\openmdao\solvers\linesearch\backtracking.py:39: SolverWarning:'OD0.nozz.staticMN.balance.T' exceeds lower bounds
  Val: [139.48716213]
  Lower: [150.]

C:\Users\MEO\Desktop\Projects\JetEngine\boomsonic_v0\.venv\Lib\site-packages\openmdao\solvers\solver.py:819: SolverWarning:Your model has stalled three times and may be violating the bounds. In the future, turn on print_bound_enforce in your solver options here: 
OD0.comp.real_flow.nonlinear_solver.linesearch.options['print_bound_enforce']=True. 
The bound(s) being violated now are:

C:\Users\MEO\Desktop\Projects\JetEngine\boomsonic_v0\.venv\Lib\site-packages\openmdao\solvers\linesearch\backtracking.py:39: SolverWarning:'OD0.comp.real_flow.balance.T' exceeds lower bounds
  Val: [96.14410865]
  Lower: [150.]

C:\Users\MEO\Desktop\Projects\JetEngine\boomsonic_v0\.venv\Lib\site-packages\openmdao\solvers\solver.py:819: SolverWarning:Your model has stalled three times and may be violating the bounds. In the future, turn on print_bound_enforce in your solver options here: 
OD0.burner.vitiated_flow.nonlinear_solver.linesearch.options['print_bound_enforce']=True. 
The bound(s) being violated now are:

C:\Users\MEO\Desktop\Projects\JetEngine\boomsonic_v0\.venv\Lib\site-packages\openmdao\solvers\linesearch\backtracking.py:39: SolverWarning:'OD0.burner.vitiated_flow.balance.T' exceeds lower bounds
  Val: [113.78699655]
  Lower: [150.]

C:\Users\MEO\Desktop\Projects\JetEngine\boomsonic_v0\.venv\Lib\site-packages\openmdao\solvers\solver.py:819: SolverWarning:Your model has stalled three times and may be violating the bounds. In the future, turn on print_bound_enforce in your solver options here: 
OD0.burner.out_stat.nonlinear_solver.linesearch.options['print_bound_enforce']=True. 
The bound(s) being violated now are:

C:\Users\MEO\Desktop\Projects\JetEngine\boomsonic_v0\.venv\Lib\site-packages\openmdao\solvers\linesearch\backtracking.py:39: SolverWarning:'OD0.burner.out_stat.balance.T' exceeds lower bounds
  Val: [113.44270585]
  Lower: [150.]

C:\Users\MEO\Desktop\Projects\JetEngine\boomsonic_v0\.venv\Lib\site-packages\openmdao\solvers\solver.py:819: SolverWarning:Your model has stalled three times and may be violating the bounds. In the future, turn on print_bound_enforce in your solver options here: 
OD0.turb.ideal_flow.nonlinear_solver.linesearch.options['print_bound_enforce']=True. 
The bound(s) being violated now are:

C:\Users\MEO\Desktop\Projects\JetEngine\boomsonic_v0\.venv\Lib\site-packages\openmdao\solvers\linesearch\backtracking.py:39: SolverWarning:'OD0.turb.ideal_flow.balance.T' exceeds lower bounds
  Val: [113.17466881]
  Lower: [150.]

C:\Users\MEO\Desktop\Projects\JetEngine\boomsonic_v0\.venv\Lib\site-packages\openmdao\solvers\solver.py:819: SolverWarning:Your model has stalled three times and may be violating the bounds. In the future, turn on print_bound_enforce in your solver options here: 
OD0.turb.real_flow_b4bld.nonlinear_solver.linesearch.options['print_bound_enforce']=True. 
The bound(s) being violated now are:

C:\Users\MEO\Desktop\Projects\JetEngine\boomsonic_v0\.venv\Lib\site-packages\openmdao\solvers\linesearch\backtracking.py:39: SolverWarning:'OD0.turb.real_flow_b4bld.balance.T' exceeds lower bounds
  Val: [108.91233197]
  Lower: [150.]

C:\Users\MEO\Desktop\Projects\JetEngine\boomsonic_v0\.venv\Lib\site-packages\openmdao\solvers\solver.py:819: SolverWarning:Your model has stalled three times and may be violating the bounds. In the future, turn on print_bound_enforce in your solver options here: 
OD0.turb.real_flow.nonlinear_solver.linesearch.options['print_bound_enforce']=True. 
The bound(s) being violated now are:

C:\Users\MEO\Desktop\Projects\JetEngine\boomsonic_v0\.venv\Lib\site-packages\openmdao\solvers\linesearch\backtracking.py:39: SolverWarning:'OD0.turb.real_flow.balance.T' exceeds lower bounds
  Val: [108.91233197]
  Lower: [150.]

C:\Users\MEO\Desktop\Projects\JetEngine\boomsonic_v0\.venv\Lib\site-packages\openmdao\solvers\solver.py:819: SolverWarning:Your model has stalled three times and may be violating the bounds. In the future, turn on print_bound_enforce in your solver options here: 
OD0.turb.out_stat.nonlinear_solver.linesearch.options['print_bound_enforce']=True. 
The bound(s) being violated now are:

C:\Users\MEO\Desktop\Projects\JetEngine\boomsonic_v0\.venv\Lib\site-packages\openmdao\solvers\linesearch\backtracking.py:39: SolverWarning:'OD0.turb.out_stat.balance.T' exceeds lower bounds
  Val: [108.25835048]
  Lower: [150.]

C:\Users\MEO\Desktop\Projects\JetEngine\boomsonic_v0\.venv\Lib\site-packages\openmdao\solvers\solver.py:819: SolverWarning:Your model has stalled three times and may be violating the bounds. In the future, turn on print_bound_enforce in your solver options here: 
OD0.nozz.throat_total.nonlinear_solver.linesearch.options['print_bound_enforce']=True. 
The bound(s) being violated now are:

C:\Users\MEO\Desktop\Projects\JetEngine\boomsonic_v0\.venv\Lib\site-packages\openmdao\solvers\linesearch\backtracking.py:39: SolverWarning:'OD0.nozz.throat_total.balance.T' exceeds lower bounds
  Val: [108.91233197]
  Lower: [150.]

C:\Users\MEO\Desktop\Projects\JetEngine\boomsonic_v0\.venv\Lib\site-packages\openmdao\solvers\solver.py:819: SolverWarning:Your model has stalled three times and may be violating the bounds. In the future, turn on print_bound_enforce in your solver options here: 
OD0.nozz.staticMN.nonlinear_solver.linesearch.options['print_bound_enforce']=True. 
The bound(s) being violated now are:

C:\Users\MEO\Desktop\Projects\JetEngine\boomsonic_v0\.venv\Lib\site-packages\openmdao\solvers\linesearch\backtracking.py:39: SolverWarning:'OD0.nozz.staticMN.balance.T' exceeds lower bounds
  Val: [90.78705252]
  Lower: [150.]

C:\Users\MEO\Desktop\Projects\JetEngine\boomsonic_v0\.venv\Lib\site-packages\openmdao\solvers\solver.py:819: SolverWarning:Your model has stalled three times and may be violating the bounds. In the future, turn on print_bound_enforce in your solver options here: 
OD0.nozz.staticPs.nonlinear_solver.linesearch.options['print_bound_enforce']=True. 
The bound(s) being violated now are:

C:\Users\MEO\Desktop\Projects\JetEngine\boomsonic_v0\.venv\Lib\site-packages\openmdao\solvers\linesearch\backtracking.py:39: SolverWarning:'OD0.nozz.staticPs.balance.T' exceeds lower bounds
  Val: [108.91161742]
  Lower: [150.]

C:\Users\MEO\Desktop\Projects\JetEngine\boomsonic_v0\.venv\Lib\site-packages\openmdao\solvers\solver.py:819: SolverWarning:Your model has stalled three times and may be violating the bounds. In the future, turn on print_bound_enforce in your solver options here: 
OD0.nozz.ideal_flow.nonlinear_solver.linesearch.options['print_bound_enforce']=True. 
The bound(s) being violated now are:

C:\Users\MEO\Desktop\Projects\JetEngine\boomsonic_v0\.venv\Lib\site-packages\openmdao\solvers\linesearch\backtracking.py:39: SolverWarning:'OD0.nozz.ideal_flow.balance.T' exceeds lower bounds
  Val: [108.91161742]
  Lower: [150.]

C:\Users\MEO\Desktop\Projects\JetEngine\boomsonic_v0\.venv\Lib\site-packages\openmdao\solvers\solver.py:819: SolverWarning:Your model has stalled three times and may be violating the bounds. In the future, turn on print_bound_enforce in your solver options here: 
OD0.nozz.staticMN.nonlinear_solver.linesearch.options['print_bound_enforce']=True. 
The bound(s) being violated now are:

C:\Users\MEO\Desktop\Projects\JetEngine\boomsonic_v0\.venv\Lib\site-packages\openmdao\solvers\linesearch\backtracking.py:39: SolverWarning:'OD0.nozz.staticMN.balance.T' exceeds lower bounds
  Val: [149.87306472]
  Lower: [150.]

C:\Users\MEO\Desktop\Projects\JetEngine\boomsonic_v0\.venv\Lib\site-packages\pycycle\thermo\static_ps_resid.py:128: RuntimeWarning: invalid value encountered in sqrt
  Vsonic = (i['gamma']*i['R']*i['Ts'])**0.5
C:\Users\MEO\Desktop\Projects\JetEngine\boomsonic_v0\.venv\Lib\site-packages\openmdao\solvers\solver.py:819: SolverWarning:Your model has stalled three times and may be violating the bounds. In the future, turn on print_bound_enforce in your solver options here: 
OD0.nozz.staticMN.nonlinear_solver.linesearch.options['print_bound_enforce']=True. 
The bound(s) being violated now are:

C:\Users\MEO\Desktop\Projects\JetEngine\boomsonic_v0\.venv\Lib\site-packages\openmdao\solvers\linesearch\backtracking.py:39: SolverWarning:'OD0.nozz.staticMN.balance.T' exceeds lower bounds
  Val: [146.10560974]
  Lower: [150.]

C:\Users\MEO\Desktop\Projects\JetEngine\boomsonic_v0\.venv\Lib\site-packages\openmdao\solvers\solver.py:819: SolverWarning:Your model has stalled three times and may be violating the bounds. In the future, turn on print_bound_enforce in your solver options here: 
OD0.comp.out_stat.nonlinear_solver.linesearch.options['print_bound_enforce']=True. 
The bound(s) being violated now are:

C:\Users\MEO\Desktop\Projects\JetEngine\boomsonic_v0\.venv\Lib\site-packages\openmdao\solvers\linesearch\backtracking.py:39: SolverWarning:'OD0.comp.out_stat.balance.T' exceeds lower bounds
  Val: [137.92179474]
  Lower: [150.]

C:\Users\MEO\Desktop\Projects\JetEngine\boomsonic_v0\.venv\Lib\site-packages\openmdao\solvers\solver.py:819: SolverWarning:Your model has stalled three times and may be violating the bounds. In the future, turn on print_bound_enforce in your solver options here: 
OD0.nozz.staticMN.nonlinear_solver.linesearch.options['print_bound_enforce']=True. 
The bound(s) being violated now are:

C:\Users\MEO\Desktop\Projects\JetEngine\boomsonic_v0\.venv\Lib\site-packages\openmdao\solvers\linesearch\backtracking.py:39: SolverWarning:'OD0.nozz.staticMN.balance.T' exceeds lower bounds
  Val: [136.1898022]
  Lower: [150.]

C:\Users\MEO\Desktop\Projects\JetEngine\boomsonic_v0\.venv\Lib\site-packages\openmdao\solvers\solver.py:819: SolverWarning:Your model has stalled three times and may be violating the bounds. In the future, turn on print_bound_enforce in your solver options here: 
OD0.comp.real_flow.nonlinear_solver.linesearch.options['print_bound_enforce']=True. 
The bound(s) being violated now are:

C:\Users\MEO\Desktop\Projects\JetEngine\boomsonic_v0\.venv\Lib\site-packages\openmdao\solvers\linesearch\backtracking.py:39: SolverWarning:'OD0.comp.real_flow.balance.T' exceeds lower bounds
  Val: [145.53235408]
  Lower: [150.]

C:\Users\MEO\Desktop\Projects\JetEngine\boomsonic_v0\.venv\Lib\site-packages\openmdao\solvers\solver.py:819: SolverWarning:Your model has stalled three times and may be violating the bounds. In the future, turn on print_bound_enforce in your solver options here: 
OD0.nozz.staticMN.nonlinear_solver.linesearch.options['print_bound_enforce']=True. 
The bound(s) being violated now are:

C:\Users\MEO\Desktop\Projects\JetEngine\boomsonic_v0\.venv\Lib\site-packages\openmdao\solvers\linesearch\backtracking.py:39: SolverWarning:'OD0.nozz.staticMN.balance.T' exceeds lower bounds
  Val: [131.78901585]
  Lower: [150.]

C:\Users\MEO\Desktop\Projects\JetEngine\boomsonic_v0\.venv\Lib\site-packages\openmdao\solvers\solver.py:819: SolverWarning:Your model has stalled three times and may be violating the bounds. In the future, turn on print_bound_enforce in your solver options here: 
OD0.comp.real_flow.nonlinear_solver.linesearch.options['print_bound_enforce']=True. 
The bound(s) being violated now are:

C:\Users\MEO\Desktop\Projects\JetEngine\boomsonic_v0\.venv\Lib\site-packages\openmdao\solvers\linesearch\backtracking.py:39: SolverWarning:'OD0.comp.real_flow.balance.T' exceeds lower bounds
  Val: [-0.61114022]
  Lower: [150.]

C:\Users\MEO\Desktop\Projects\JetEngine\boomsonic_v0\.venv\Lib\site-packages\openmdao\solvers\solver.py:819: SolverWarning:Your model has stalled three times and may be violating the bounds. In the future, turn on print_bound_enforce in your solver options here: 
OD0.comp.sb_flow.nonlinear_solver.linesearch.options['print_bound_enforce']=True. 
The bound(s) being violated now are:

C:\Users\MEO\Desktop\Projects\JetEngine\boomsonic_v0\.venv\Lib\site-packages\openmdao\solvers\linesearch\backtracking.py:39: SolverWarning:'OD0.comp.sb_flow.balance.T' exceeds lower bounds
  Val: [144.65681019]
  Lower: [150.]

C:\Users\MEO\Desktop\Projects\JetEngine\boomsonic_v0\.venv\Lib\site-packages\openmdao\solvers\solver.py:819: SolverWarning:Your model has stalled three times and may be violating the bounds. In the future, turn on print_bound_enforce in your solver options here: 
OD0.turb.real_flow_b4bld.nonlinear_solver.linesearch.options['print_bound_enforce']=True. 
The bound(s) being violated now are:

C:\Users\MEO\Desktop\Projects\JetEngine\boomsonic_v0\.venv\Lib\site-packages\openmdao\solvers\linesearch\backtracking.py:39: SolverWarning:'OD0.turb.real_flow_b4bld.balance.T' exceeds lower bounds
  Val: [147.00085984]
  Lower: [150.]

C:\Users\MEO\Desktop\Projects\JetEngine\boomsonic_v0\.venv\Lib\site-packages\openmdao\solvers\solver.py:819: SolverWarning:Your model has stalled three times and may be violating the bounds. In the future, turn on print_bound_enforce in your solver options here: 
OD0.turb.real_flow.nonlinear_solver.linesearch.options['print_bound_enforce']=True. 
The bound(s) being violated now are:

C:\Users\MEO\Desktop\Projects\JetEngine\boomsonic_v0\.venv\Lib\site-packages\openmdao\solvers\linesearch\backtracking.py:39: SolverWarning:'OD0.turb.real_flow.balance.T' exceeds lower bounds
  Val: [147.00085984]
  Lower: [150.]

C:\Users\MEO\Desktop\Projects\JetEngine\boomsonic_v0\.venv\Lib\site-packages\openmdao\solvers\solver.py:819: SolverWarning:Your model has stalled three times and may be violating the bounds. In the future, turn on print_bound_enforce in your solver options here: 
OD0.turb.out_stat.nonlinear_solver.linesearch.options['print_bound_enforce']=True. 
The bound(s) being violated now are:

C:\Users\MEO\Desktop\Projects\JetEngine\boomsonic_v0\.venv\Lib\site-packages\openmdao\solvers\linesearch\backtracking.py:39: SolverWarning:'OD0.turb.out_stat.balance.T' exceeds lower bounds
  Val: [145.72856892]
  Lower: [150.]

C:\Users\MEO\Desktop\Projects\JetEngine\boomsonic_v0\.venv\Lib\site-packages\openmdao\solvers\solver.py:819: SolverWarning:Your model has stalled three times and may be violating the bounds. In the future, turn on print_bound_enforce in your solver options here: 
OD0.nozz.throat_total.nonlinear_solver.linesearch.options['print_bound_enforce']=True. 
The bound(s) being violated now are:

C:\Users\MEO\Desktop\Projects\JetEngine\boomsonic_v0\.venv\Lib\site-packages\openmdao\solvers\linesearch\backtracking.py:39: SolverWarning:'OD0.nozz.throat_total.balance.T' exceeds lower bounds
  Val: [147.00085984]
  Lower: [150.]

C:\Users\MEO\Desktop\Projects\JetEngine\boomsonic_v0\.venv\Lib\site-packages\openmdao\solvers\solver.py:819: SolverWarning:Your model has stalled three times and may be violating the bounds. In the future, turn on print_bound_enforce in your solver options here: 
OD0.nozz.staticMN.nonlinear_solver.linesearch.options['print_bound_enforce']=True. 
The bound(s) being violated now are:

C:\Users\MEO\Desktop\Projects\JetEngine\boomsonic_v0\.venv\Lib\site-packages\openmdao\solvers\linesearch\backtracking.py:39: SolverWarning:'OD0.nozz.staticMN.balance.T' exceeds lower bounds
  Val: [122.58019785]
  Lower: [150.]

C:\Users\MEO\Desktop\Projects\JetEngine\boomsonic_v0\.venv\Lib\site-packages\openmdao\solvers\solver.py:819: SolverWarning:Your model has stalled three times and may be violating the bounds. In the future, turn on print_bound_enforce in your solver options here: 
OD0.nozz.staticPs.nonlinear_solver.linesearch.options['print_bound_enforce']=True. 
The bound(s) being violated now are:

C:\Users\MEO\Desktop\Projects\JetEngine\boomsonic_v0\.venv\Lib\site-packages\openmdao\solvers\linesearch\backtracking.py:39: SolverWarning:'OD0.nozz.staticPs.balance.T' exceeds lower bounds
  Val: [130.10310547]
  Lower: [150.]

C:\Users\MEO\Desktop\Projects\JetEngine\boomsonic_v0\.venv\Lib\site-packages\openmdao\solvers\solver.py:819: SolverWarning:Your model has stalled three times and may be violating the bounds. In the future, turn on print_bound_enforce in your solver options here: 
OD0.nozz.ideal_flow.nonlinear_solver.linesearch.options['print_bound_enforce']=True. 
The bound(s) being violated now are:

C:\Users\MEO\Desktop\Projects\JetEngine\boomsonic_v0\.venv\Lib\site-packages\openmdao\solvers\linesearch\backtracking.py:39: SolverWarning:'OD0.nozz.ideal_flow.balance.T' exceeds lower bounds
  Val: [130.10310547]
  Lower: [150.]

C:\Users\MEO\Desktop\Projects\JetEngine\boomsonic_v0\.venv\Lib\site-packages\openmdao\solvers\solver.py:819: SolverWarning:Your model has stalled three times and may be violating the bounds. In the future, turn on print_bound_enforce in your solver options here: 
OD0.comp.real_flow.nonlinear_solver.linesearch.options['print_bound_enforce']=True. 
The bound(s) being violated now are:

C:\Users\MEO\Desktop\Projects\JetEngine\boomsonic_v0\.venv\Lib\site-packages\openmdao\solvers\linesearch\backtracking.py:39: SolverWarning:'OD0.comp.real_flow.balance.T' exceeds lower bounds
  Val: [68.6639994]
  Lower: [150.]

C:\Users\MEO\Desktop\Projects\JetEngine\boomsonic_v0\.venv\Lib\site-packages\openmdao\solvers\solver.py:819: SolverWarning:Your model has stalled three times and may be violating the bounds. In the future, turn on print_bound_enforce in your solver options here: 
OD0.turb.real_flow_b4bld.nonlinear_solver.linesearch.options['print_bound_enforce']=True. 
The bound(s) being violated now are:

C:\Users\MEO\Desktop\Projects\JetEngine\boomsonic_v0\.venv\Lib\site-packages\openmdao\solvers\linesearch\backtracking.py:39: SolverWarning:'OD0.turb.real_flow_b4bld.balance.T' exceeds lower bounds
  Val: [148.25756103]
  Lower: [150.]

C:\Users\MEO\Desktop\Projects\JetEngine\boomsonic_v0\.venv\Lib\site-packages\openmdao\solvers\solver.py:819: SolverWarning:Your model has stalled three times and may be violating the bounds. In the future, turn on print_bound_enforce in your solver options here: 
OD0.turb.real_flow.nonlinear_solver.linesearch.options['print_bound_enforce']=True. 
The bound(s) being violated now are:

C:\Users\MEO\Desktop\Projects\JetEngine\boomsonic_v0\.venv\Lib\site-packages\openmdao\solvers\linesearch\backtracking.py:39: SolverWarning:'OD0.turb.real_flow.balance.T' exceeds lower bounds
  Val: [148.25756103]
  Lower: [150.]

C:\Users\MEO\Desktop\Projects\JetEngine\boomsonic_v0\.venv\Lib\site-packages\openmdao\solvers\solver.py:819: SolverWarning:Your model has stalled three times and may be violating the bounds. In the future, turn on print_bound_enforce in your solver options here: 
OD0.turb.out_stat.nonlinear_solver.linesearch.options['print_bound_enforce']=True. 
The bound(s) being violated now are:

C:\Users\MEO\Desktop\Projects\JetEngine\boomsonic_v0\.venv\Lib\site-packages\openmdao\solvers\linesearch\backtracking.py:39: SolverWarning:'OD0.turb.out_stat.balance.T' exceeds lower bounds
  Val: [147.07123777]
  Lower: [150.]

C:\Users\MEO\Desktop\Projects\JetEngine\boomsonic_v0\.venv\Lib\site-packages\openmdao\solvers\solver.py:819: SolverWarning:Your model has stalled three times and may be violating the bounds. In the future, turn on print_bound_enforce in your solver options here: 
OD0.nozz.throat_total.nonlinear_solver.linesearch.options['print_bound_enforce']=True. 
The bound(s) being violated now are:

C:\Users\MEO\Desktop\Projects\JetEngine\boomsonic_v0\.venv\Lib\site-packages\openmdao\solvers\linesearch\backtracking.py:39: SolverWarning:'OD0.nozz.throat_total.balance.T' exceeds lower bounds
  Val: [148.25756103]
  Lower: [150.]

C:\Users\MEO\Desktop\Projects\JetEngine\boomsonic_v0\.venv\Lib\site-packages\openmdao\solvers\solver.py:819: SolverWarning:Your model has stalled three times and may be violating the bounds. In the future, turn on print_bound_enforce in your solver options here: 
OD0.nozz.staticMN.nonlinear_solver.linesearch.options['print_bound_enforce']=True. 
The bound(s) being violated now are:

C:\Users\MEO\Desktop\Projects\JetEngine\boomsonic_v0\.venv\Lib\site-packages\openmdao\solvers\linesearch\backtracking.py:39: SolverWarning:'OD0.nozz.staticMN.balance.T' exceeds lower bounds
  Val: [123.59726354]
  Lower: [150.]

C:\Users\MEO\Desktop\Projects\JetEngine\boomsonic_v0\.venv\Lib\site-packages\openmdao\solvers\solver.py:819: SolverWarning:Your model has stalled three times and may be violating the bounds. In the future, turn on print_bound_enforce in your solver options here: 
OD0.nozz.staticPs.nonlinear_solver.linesearch.options['print_bound_enforce']=True. 
The bound(s) being violated now are:

C:\Users\MEO\Desktop\Projects\JetEngine\boomsonic_v0\.venv\Lib\site-packages\openmdao\solvers\linesearch\backtracking.py:39: SolverWarning:'OD0.nozz.staticPs.balance.T' exceeds lower bounds
  Val: [147.26973202]
  Lower: [150.]

C:\Users\MEO\Desktop\Projects\JetEngine\boomsonic_v0\.venv\Lib\site-packages\openmdao\solvers\solver.py:819: SolverWarning:Your model has stalled three times and may be violating the bounds. In the future, turn on print_bound_enforce in your solver options here: 
OD0.nozz.ideal_flow.nonlinear_solver.linesearch.options['print_bound_enforce']=True. 
The bound(s) being violated now are:

C:\Users\MEO\Desktop\Projects\JetEngine\boomsonic_v0\.venv\Lib\site-packages\openmdao\solvers\linesearch\backtracking.py:39: SolverWarning:'OD0.nozz.ideal_flow.balance.T' exceeds lower bounds
  Val: [147.26973202]
  Lower: [150.]

C:\Users\MEO\Desktop\Projects\JetEngine\boomsonic_v0\.venv\Lib\site-packages\openmdao\solvers\solver.py:819: SolverWarning:Your model has stalled three times and may be violating the bounds. In the future, turn on print_bound_enforce in your solver options here: 
OD0.nozz.staticMN.nonlinear_solver.linesearch.options['print_bound_enforce']=True. 
The bound(s) being violated now are:

C:\Users\MEO\Desktop\Projects\JetEngine\boomsonic_v0\.venv\Lib\site-packages\openmdao\solvers\linesearch\backtracking.py:39: SolverWarning:'OD0.nozz.staticMN.balance.T' exceeds lower bounds
  Val: [134.21442573]
  Lower: [150.]

C:\Users\MEO\Desktop\Projects\JetEngine\boomsonic_v0\.venv\Lib\site-packages\openmdao\solvers\solver.py:819: SolverWarning:Your model has stalled three times and may be violating the bounds. In the future, turn on print_bound_enforce in your solver options here: 
OD0.comp.real_flow.nonlinear_solver.linesearch.options['print_bound_enforce']=True. 
The bound(s) being violated now are:

C:\Users\MEO\Desktop\Projects\JetEngine\boomsonic_v0\.venv\Lib\site-packages\openmdao\solvers\linesearch\backtracking.py:39: SolverWarning:'OD0.comp.real_flow.balance.T' exceeds lower bounds
  Val: [133.61276805]
  Lower: [150.]

C:\Users\MEO\Desktop\Projects\JetEngine\boomsonic_v0\.venv\Lib\site-packages\pycycle\thermo\static_ps_resid.py:128: RuntimeWarning: invalid value encountered in sqrt
  Vsonic = (i['gamma']*i['R']*i['Ts'])**0.5
C:\Users\MEO\Desktop\Projects\JetEngine\boomsonic_v0\.venv\Lib\site-packages\openmdao\solvers\solver.py:819: SolverWarning:Your model has stalled three times and may be violating the bounds. In the future, turn on print_bound_enforce in your solver options here: 
OD0.nozz.staticMN.nonlinear_solver.linesearch.options['print_bound_enforce']=True. 
The bound(s) being violated now are:

C:\Users\MEO\Desktop\Projects\JetEngine\boomsonic_v0\.venv\Lib\site-packages\openmdao\solvers\linesearch\backtracking.py:39: SolverWarning:'OD0.nozz.staticMN.balance.T' exceeds lower bounds
  Val: [132.79832208]
  Lower: [150.]

C:\Users\MEO\Desktop\Projects\JetEngine\boomsonic_v0\.venv\Lib\site-packages\pycycle\elements\turbine.py:89: RuntimeWarning: invalid value encountered in log
  outputs['eff_poly'] = 1 + (S_out-S_in)/(Rt*np.log(invPR))
C:\Users\MEO\Desktop\Projects\JetEngine\boomsonic_v0\.venv\Lib\site-packages\openmdao\solvers\solver.py:819: SolverWarning:Your model has stalled three times and may be violating the bounds. In the future, turn on print_bound_enforce in your solver options here: 
OD0.comp.ideal_flow.nonlinear_solver.linesearch.options['print_bound_enforce']=True. 
The bound(s) being violated now are:

C:\Users\MEO\Desktop\Projects\JetEngine\boomsonic_v0\.venv\Lib\site-packages\openmdao\solvers\linesearch\backtracking.py:39: SolverWarning:'OD0.comp.ideal_flow.balance.T' exceeds lower bounds
  Val: [97.67755736]
  Lower: [150.]

C:\Users\MEO\Desktop\Projects\JetEngine\boomsonic_v0\.venv\Lib\site-packages\pycycle\thermo\static_ps_resid.py:128: RuntimeWarning: invalid value encountered in sqrt
  Vsonic = (i['gamma']*i['R']*i['Ts'])**0.5
C:\Users\MEO\Desktop\Projects\JetEngine\boomsonic_v0\.venv\Lib\site-packages\pycycle\thermo\static_ps_resid.py:128: RuntimeWarning: invalid value encountered in sqrt
  Vsonic = (i['gamma']*i['R']*i['Ts'])**0.5
C:\Users\MEO\Desktop\Projects\JetEngine\boomsonic_v0\.venv\Lib\site-packages\openmdao\solvers\solver.py:819: SolverWarning:Your model has stalled three times and may be violating the bounds. In the future, turn on print_bound_enforce in your solver options here: 
OD0.nozz.staticMN.nonlinear_solver.linesearch.options['print_bound_enforce']=True. 
The bound(s) being violated now are:

C:\Users\MEO\Desktop\Projects\JetEngine\boomsonic_v0\.venv\Lib\site-packages\pycycle\thermo\static_ps_resid.py:128: RuntimeWarning: invalid value encountered in sqrt
  Vsonic = (i['gamma']*i['R']*i['Ts'])**0.5
C:\Users\MEO\Desktop\Projects\JetEngine\boomsonic_v0\.venv\Lib\site-packages\openmdao\solvers\solver.py:819: SolverWarning:Your model has stalled three times and may be violating the bounds. In the future, turn on print_bound_enforce in your solver options here: 
OD0.comp.ideal_flow.nonlinear_solver.linesearch.options['print_bound_enforce']=True. 
The bound(s) being violated now are:

C:\Users\MEO\Desktop\Projects\JetEngine\boomsonic_v0\.venv\Lib\site-packages\openmdao\solvers\linesearch\backtracking.py:39: SolverWarning:'OD0.comp.ideal_flow.balance.T' exceeds lower bounds
  Val: [97.67755736]
  Lower: [150.]

C:\Users\MEO\Desktop\Projects\JetEngine\boomsonic_v0\.venv\Lib\site-packages\pycycle\thermo\static_ps_resid.py:128: RuntimeWarning: invalid value encountered in sqrt
  Vsonic = (i['gamma']*i['R']*i['Ts'])**0.5
C:\Users\MEO\Desktop\Projects\JetEngine\boomsonic_v0\.venv\Lib\site-packages\openmdao\solvers\solver.py:819: SolverWarning:Your model has stalled three times and may be violating the bounds. In the future, turn on print_bound_enforce in your solver options here: 
OD0.burner.vitiated_flow.nonlinear_solver.linesearch.options['print_bound_enforce']=True. 
The bound(s) being violated now are:

C:\Users\MEO\Desktop\Projects\JetEngine\boomsonic_v0\.venv\Lib\site-packages\pycycle\thermo\static_ps_resid.py:128: RuntimeWarning: invalid value encountered in sqrt
  Vsonic = (i['gamma']*i['R']*i['Ts'])**0.5
C:\Users\MEO\Desktop\Projects\JetEngine\boomsonic_v0\.venv\Lib\site-packages\pycycle\thermo\static_ps_resid.py:128: RuntimeWarning: invalid value encountered in sqrt
  Vsonic = (i['gamma']*i['R']*i['Ts'])**0.5
C:\Users\MEO\Desktop\Projects\JetEngine\boomsonic_v0\.venv\Lib\site-packages\pycycle\thermo\static_ps_resid.py:128: RuntimeWarning: invalid value encountered in sqrt
  Vsonic = (i['gamma']*i['R']*i['Ts'])**0.5
C:\Users\MEO\Desktop\Projects\JetEngine\boomsonic_v0\.venv\Lib\site-packages\openmdao\solvers\solver.py:819: SolverWarning:Your model has stalled three times and may be violating the bounds. In the future, turn on print_bound_enforce in your solver options here: 
OD0.comp.ideal_flow.nonlinear_solver.linesearch.options['print_bound_enforce']=True. 
The bound(s) being violated now are:

C:\Users\MEO\Desktop\Projects\JetEngine\boomsonic_v0\.venv\Lib\site-packages\openmdao\solvers\linesearch\backtracking.py:39: SolverWarning:'OD0.comp.ideal_flow.balance.T' exceeds lower bounds
  Val: [97.67755736]
  Lower: [150.]

C:\Users\MEO\Desktop\Projects\JetEngine\boomsonic_v0\.venv\Lib\site-packages\pycycle\thermo\static_ps_resid.py:128: RuntimeWarning: invalid value encountered in sqrt
  Vsonic = (i['gamma']*i['R']*i['Ts'])**0.5
C:\Users\MEO\Desktop\Projects\JetEngine\boomsonic_v0\.venv\Lib\site-packages\pycycle\thermo\static_ps_resid.py:128: RuntimeWarning: invalid value encountered in sqrt
  Vsonic = (i['gamma']*i['R']*i['Ts'])**0.5
C:\Users\MEO\Desktop\Projects\JetEngine\boomsonic_v0\.venv\Lib\site-packages\pycycle\thermo\static_ps_resid.py:128: RuntimeWarning: invalid value encountered in sqrt
  Vsonic = (i['gamma']*i['R']*i['Ts'])**0.5
C:\Users\MEO\Desktop\Projects\JetEngine\boomsonic_v0\.venv\Lib\site-packages\pycycle\thermo\static_ps_resid.py:128: RuntimeWarning: invalid value encountered in sqrt
  Vsonic = (i['gamma']*i['R']*i['Ts'])**0.5
C:\Users\MEO\Desktop\Projects\JetEngine\boomsonic_v0\.venv\Lib\site-packages\pycycle\thermo\static_ps_resid.py:128: RuntimeWarning: invalid value encountered in sqrt
  Vsonic = (i['gamma']*i['R']*i['Ts'])**0.5
C:\Users\MEO\Desktop\Projects\JetEngine\boomsonic_v0\.venv\Lib\site-packages\openmdao\solvers\solver.py:819: SolverWarning:Your model has stalled three times and may be violating the bounds. In the future, turn on print_bound_enforce in your solver options here: 
OD0.comp.ideal_flow.nonlinear_solver.linesearch.options['print_bound_enforce']=True. 
The bound(s) being violated now are:

C:\Users\MEO\Desktop\Projects\JetEngine\boomsonic_v0\.venv\Lib\site-packages\openmdao\solvers\linesearch\backtracking.py:39: SolverWarning:'OD0.comp.ideal_flow.balance.T' exceeds lower bounds
  Val: [-2921823.00661161]
  Lower: [150.]

C:\Users\MEO\Desktop\Projects\JetEngine\boomsonic_v0\.venv\Lib\site-packages\pycycle\elements\compressor.py:75: RuntimeWarning: invalid value encountered in log
  outputs['eff_poly'] = Rt * np.log(PR) / ( Rt*np.log(PR) + S_out - S_in )
C:\Users\MEO\Desktop\Projects\JetEngine\boomsonic_v0\.venv\Lib\site-packages\openmdao\solvers\solver.py:819: SolverWarning:Your model has stalled three times and may be violating the bounds. In the future, turn on print_bound_enforce in your solver options here: 
OD0.comp.sb_flow.nonlinear_solver.linesearch.options['print_bound_enforce']=True. 
The bound(s) being violated now are:

C:\Users\MEO\Desktop\Projects\JetEngine\boomsonic_v0\.venv\Lib\site-packages\openmdao\solvers\linesearch\backtracking.py:35: SolverWarning:'OD0.comp.sb_flow.balance.T' exceeds upper bounds
  Val: [1219866.98213497]
  Upper: [2500.]

C:\Users\MEO\Desktop\Projects\JetEngine\boomsonic_v0\.venv\Lib\site-packages\pycycle\thermo\static_ps_resid.py:98: RuntimeWarning: invalid value encountered in power
  ps_guess = inputs['guess:Pt'] * (1 + (gamt-1)/2 * M_guess**2)**(-gamt/(gamt-1))
C:\Users\MEO\Desktop\Projects\JetEngine\boomsonic_v0\.venv\Lib\site-packages\pycycle\thermo\static_ps_resid.py:93: RuntimeWarning: invalid value encountered in power
  f1 = ps - inputs['guess:Pt'] * (1 + (gamt-1)/2 * M_guess**2)**(-gamt/(gamt-1))
C:\Users\MEO\Desktop\Projects\JetEngine\boomsonic_v0\.venv\Lib\site-packages\pycycle\thermo\static_ps_resid.py:94: RuntimeWarning: invalid value encountered in sqrt
  f2 = MN - inputs['W']*(R_UNIVERSAL_SI*inputs['Ts'])**0.5/(ps_guess*1.0e6*inputs['area']*gamt**0.5)
C:\Users\MEO\Desktop\Projects\JetEngine\boomsonic_v0\.venv\Lib\site-packages\pycycle\thermo\static_ps_resid.py:99: RuntimeWarning: The iteration is not making good progress, as measured by the 
 improvement from the last ten iterations.
  ps_guess, M_guess = fsolve(equations, (ps_guess, M_guess))
C:\Users\MEO\Desktop\Projects\JetEngine\boomsonic_v0\.venv\Lib\site-packages\pycycle\thermo\static_ps_resid.py:128: RuntimeWarning: invalid value encountered in sqrt
  Vsonic = (i['gamma']*i['R']*i['Ts'])**0.5
C:\Users\MEO\Desktop\Projects\JetEngine\boomsonic_v0\.venv\Lib\site-packages\pycycle\thermo\static_ps_resid.py:128: RuntimeWarning: invalid value encountered in sqrt
  Vsonic = (i['gamma']*i['R']*i['Ts'])**0.5
C:\Users\MEO\Desktop\Projects\JetEngine\boomsonic_v0\.venv\Lib\site-packages\pycycle\thermo\static_ps_resid.py:128: RuntimeWarning: invalid value encountered in sqrt
  Vsonic = (i['gamma']*i['R']*i['Ts'])**0.5
C:\Users\MEO\Desktop\Projects\JetEngine\boomsonic_v0\.venv\Lib\site-packages\pycycle\thermo\static_ps_resid.py:128: RuntimeWarning: invalid value encountered in sqrt
  Vsonic = (i['gamma']*i['R']*i['Ts'])**0.5
C:\Users\MEO\Desktop\Projects\JetEngine\boomsonic_v0\.venv\Lib\site-packages\pycycle\thermo\static_ps_resid.py:128: RuntimeWarning: invalid value encountered in sqrt
  Vsonic = (i['gamma']*i['R']*i['Ts'])**0.5
C:\Users\MEO\Desktop\Projects\JetEngine\boomsonic_v0\.venv\Lib\site-packages\pycycle\thermo\static_ps_resid.py:128: RuntimeWarning: invalid value encountered in sqrt
  Vsonic = (i['gamma']*i['R']*i['Ts'])**0.5
C:\Users\MEO\Desktop\Projects\JetEngine\boomsonic_v0\.venv\Lib\site-packages\pycycle\thermo\static_ps_resid.py:128: RuntimeWarning: invalid value encountered in sqrt
  Vsonic = (i['gamma']*i['R']*i['Ts'])**0.5
C:\Users\MEO\Desktop\Projects\JetEngine\boomsonic_v0\.venv\Lib\site-packages\pycycle\thermo\static_ps_resid.py:128: RuntimeWarning: invalid value encountered in sqrt
  Vsonic = (i['gamma']*i['R']*i['Ts'])**0.5
C:\Users\MEO\Desktop\Projects\JetEngine\boomsonic_v0\.venv\Lib\site-packages\pycycle\thermo\static_ps_resid.py:128: RuntimeWarning: invalid value encountered in sqrt
  Vsonic = (i['gamma']*i['R']*i['Ts'])**0.5
C:\Users\MEO\Desktop\Projects\JetEngine\boomsonic_v0\.venv\Lib\site-packages\pycycle\thermo\static_ps_resid.py:128: RuntimeWarning: invalid value encountered in sqrt
  Vsonic = (i['gamma']*i['R']*i['Ts'])**0.5
C:\Users\MEO\Desktop\Projects\JetEngine\boomsonic_v0\.venv\Lib\site-packages\pycycle\thermo\static_ps_resid.py:128: RuntimeWarning: invalid value encountered in sqrt
  Vsonic = (i['gamma']*i['R']*i['Ts'])**0.5
C:\Users\MEO\Desktop\Projects\JetEngine\boomsonic_v0\.venv\Lib\site-packages\pycycle\thermo\static_ps_resid.py:98: RuntimeWarning: invalid value encountered in power
  ps_guess = inputs['guess:Pt'] * (1 + (gamt-1)/2 * M_guess**2)**(-gamt/(gamt-1))
C:\Users\MEO\Desktop\Projects\JetEngine\boomsonic_v0\.venv\Lib\site-packages\pycycle\thermo\static_ps_resid.py:93: RuntimeWarning: invalid value encountered in power
  f1 = ps - inputs['guess:Pt'] * (1 + (gamt-1)/2 * M_guess**2)**(-gamt/(gamt-1))
C:\Users\MEO\Desktop\Projects\JetEngine\boomsonic_v0\.venv\Lib\site-packages\pycycle\thermo\static_ps_resid.py:94: RuntimeWarning: invalid value encountered in sqrt
  f2 = MN - inputs['W']*(R_UNIVERSAL_SI*inputs['Ts'])**0.5/(ps_guess*1.0e6*inputs['area']*gamt**0.5)
C:\Users\MEO\Desktop\Projects\JetEngine\boomsonic_v0\.venv\Lib\site-packages\pycycle\thermo\static_ps_resid.py:99: RuntimeWarning: The iteration is not making good progress, as measured by the 
 improvement from the last ten iterations.
  ps_guess, M_guess = fsolve(equations, (ps_guess, M_guess))
C:\Users\MEO\Desktop\Projects\JetEngine\boomsonic_v0\.venv\Lib\site-packages\pycycle\thermo\static_ps_resid.py:128: RuntimeWarning: invalid value encountered in sqrt
  Vsonic = (i['gamma']*i['R']*i['Ts'])**0.5
C:\Users\MEO\Desktop\Projects\JetEngine\boomsonic_v0\.venv\Lib\site-packages\pycycle\thermo\static_ps_resid.py:128: RuntimeWarning: invalid value encountered in sqrt
  Vsonic = (i['gamma']*i['R']*i['Ts'])**0.5
C:\Users\MEO\Desktop\Projects\JetEngine\boomsonic_v0\.venv\Lib\site-packages\pycycle\thermo\static_ps_resid.py:128: RuntimeWarning: invalid value encountered in sqrt
  Vsonic = (i['gamma']*i['R']*i['Ts'])**0.5
C:\Users\MEO\Desktop\Projects\JetEngine\boomsonic_v0\.venv\Lib\site-packages\pycycle\thermo\static_ps_resid.py:128: RuntimeWarning: invalid value encountered in sqrt
  Vsonic = (i['gamma']*i['R']*i['Ts'])**0.5
C:\Users\MEO\Desktop\Projects\JetEngine\boomsonic_v0\.venv\Lib\site-packages\pycycle\thermo\static_ps_resid.py:128: RuntimeWarning: invalid value encountered in sqrt
  Vsonic = (i['gamma']*i['R']*i['Ts'])**0.5
C:\Users\MEO\Desktop\Projects\JetEngine\boomsonic_v0\.venv\Lib\site-packages\pycycle\thermo\static_ps_resid.py:128: RuntimeWarning: invalid value encountered in sqrt
  Vsonic = (i['gamma']*i['R']*i['Ts'])**0.5
C:\Users\MEO\Desktop\Projects\JetEngine\boomsonic_v0\.venv\Lib\site-packages\pycycle\thermo\static_ps_resid.py:98: RuntimeWarning: invalid value encountered in power
  ps_guess = inputs['guess:Pt'] * (1 + (gamt-1)/2 * M_guess**2)**(-gamt/(gamt-1))
C:\Users\MEO\Desktop\Projects\JetEngine\boomsonic_v0\.venv\Lib\site-packages\pycycle\thermo\static_ps_resid.py:93: RuntimeWarning: invalid value encountered in power
  f1 = ps - inputs['guess:Pt'] * (1 + (gamt-1)/2 * M_guess**2)**(-gamt/(gamt-1))
C:\Users\MEO\Desktop\Projects\JetEngine\boomsonic_v0\.venv\Lib\site-packages\pycycle\thermo\static_ps_resid.py:94: RuntimeWarning: invalid value encountered in sqrt
  f2 = MN - inputs['W']*(R_UNIVERSAL_SI*inputs['Ts'])**0.5/(ps_guess*1.0e6*inputs['area']*gamt**0.5)
C:\Users\MEO\Desktop\Projects\JetEngine\boomsonic_v0\.venv\Lib\site-packages\pycycle\thermo\static_ps_resid.py:99: RuntimeWarning: The iteration is not making good progress, as measured by the 
 improvement from the last ten iterations.
  ps_guess, M_guess = fsolve(equations, (ps_guess, M_guess))
C:\Users\MEO\Desktop\Projects\JetEngine\boomsonic_v0\.venv\Lib\site-packages\pycycle\thermo\static_ps_resid.py:128: RuntimeWarning: invalid value encountered in sqrt
  Vsonic = (i['gamma']*i['R']*i['Ts'])**0.5
C:\Users\MEO\Desktop\Projects\JetEngine\boomsonic_v0\.venv\Lib\site-packages\pycycle\thermo\static_ps_resid.py:128: RuntimeWarning: invalid value encountered in sqrt
  Vsonic = (i['gamma']*i['R']*i['Ts'])**0.5
C:\Users\MEO\Desktop\Projects\JetEngine\boomsonic_v0\.venv\Lib\site-packages\pycycle\thermo\static_ps_resid.py:128: RuntimeWarning: invalid value encountered in sqrt
  Vsonic = (i['gamma']*i['R']*i['Ts'])**0.5
C:\Users\MEO\Desktop\Projects\JetEngine\boomsonic_v0\.venv\Lib\site-packages\pycycle\thermo\static_ps_resid.py:128: RuntimeWarning: invalid value encountered in sqrt
  Vsonic = (i['gamma']*i['R']*i['Ts'])**0.5
C:\Users\MEO\Desktop\Projects\JetEngine\boomsonic_v0\.venv\Lib\site-packages\pycycle\thermo\static_ps_resid.py:128: RuntimeWarning: invalid value encountered in sqrt
  Vsonic = (i['gamma']*i['R']*i['Ts'])**0.5
C:\Users\MEO\Desktop\Projects\JetEngine\boomsonic_v0\.venv\Lib\site-packages\pycycle\thermo\static_ps_resid.py:128: RuntimeWarning: invalid value encountered in sqrt
  Vsonic = (i['gamma']*i['R']*i['Ts'])**0.5
C:\Users\MEO\Desktop\Projects\JetEngine\boomsonic_v0\.venv\Lib\site-packages\pycycle\thermo\static_ps_resid.py:128: RuntimeWarning: invalid value encountered in sqrt
  Vsonic = (i['gamma']*i['R']*i['Ts'])**0.5
C:\Users\MEO\Desktop\Projects\JetEngine\boomsonic_v0\.venv\Lib\site-packages\pycycle\thermo\static_ps_resid.py:128: RuntimeWarning: invalid value encountered in sqrt
  Vsonic = (i['gamma']*i['R']*i['Ts'])**0.5
C:\Users\MEO\Desktop\Projects\JetEngine\boomsonic_v0\.venv\Lib\site-packages\pycycle\thermo\static_ps_resid.py:128: RuntimeWarning: invalid value encountered in sqrt
  Vsonic = (i['gamma']*i['R']*i['Ts'])**0.5
C:\Users\MEO\Desktop\Projects\JetEngine\boomsonic_v0\.venv\Lib\site-packages\pycycle\thermo\static_ps_resid.py:83: RuntimeWarning: invalid value encountered in power
  ps_guess = inputs['guess:Pt'] * (1 + (gamt-1)/2 * inputs['MN']**2)**(-gamt/(gamt-1))
C:\Users\MEO\Desktop\Projects\JetEngine\boomsonic_v0\.venv\Lib\site-packages\pycycle\thermo\static_ps_resid.py:108: RuntimeWarning: invalid value encountered in sqrt
  Vsonic = (i['gamma']*i['R']*i['Ts'])**0.5
C:\Users\MEO\Desktop\Projects\JetEngine\boomsonic_v0\.venv\Lib\site-packages\pycycle\thermo\static_ps_resid.py:108: RuntimeWarning: invalid value encountered in sqrt
  Vsonic = (i['gamma']*i['R']*i['Ts'])**0.5
C:\Users\MEO\Desktop\Projects\JetEngine\boomsonic_v0\.venv\Lib\site-packages\pycycle\thermo\static_ps_resid.py:108: RuntimeWarning: invalid value encountered in sqrt
  Vsonic = (i['gamma']*i['R']*i['Ts'])**0.5
C:\Users\MEO\Desktop\Projects\JetEngine\boomsonic_v0\.venv\Lib\site-packages\pycycle\thermo\static_ps_resid.py:108: RuntimeWarning: invalid value encountered in sqrt
  Vsonic = (i['gamma']*i['R']*i['Ts'])**0.5
C:\Users\MEO\Desktop\Projects\JetEngine\boomsonic_v0\.venv\Lib\site-packages\pycycle\thermo\static_ps_resid.py:108: RuntimeWarning: invalid value encountered in sqrt
  Vsonic = (i['gamma']*i['R']*i['Ts'])**0.5
C:\Users\MEO\Desktop\Projects\JetEngine\boomsonic_v0\.venv\Lib\site-packages\pycycle\thermo\static_ps_resid.py:108: RuntimeWarning: invalid value encountered in sqrt
  Vsonic = (i['gamma']*i['R']*i['Ts'])**0.5
C:\Users\MEO\Desktop\Projects\JetEngine\boomsonic_v0\.venv\Lib\site-packages\pycycle\thermo\static_ps_resid.py:108: RuntimeWarning: invalid value encountered in sqrt
  Vsonic = (i['gamma']*i['R']*i['Ts'])**0.5
C:\Users\MEO\Desktop\Projects\JetEngine\boomsonic_v0\.venv\Lib\site-packages\pycycle\thermo\static_ps_resid.py:108: RuntimeWarning: invalid value encountered in sqrt
  Vsonic = (i['gamma']*i['R']*i['Ts'])**0.5
C:\Users\MEO\Desktop\Projects\JetEngine\boomsonic_v0\.venv\Lib\site-packages\pycycle\thermo\static_ps_resid.py:108: RuntimeWarning: invalid value encountered in sqrt
  Vsonic = (i['gamma']*i['R']*i['Ts'])**0.5
C:\Users\MEO\Desktop\Projects\JetEngine\boomsonic_v0\.venv\Lib\site-packages\pycycle\thermo\static_ps_resid.py:108: RuntimeWarning: invalid value encountered in sqrt
  Vsonic = (i['gamma']*i['R']*i['Ts'])**0.5
C:\Users\MEO\Desktop\Projects\JetEngine\boomsonic_v0\.venv\Lib\site-packages\pycycle\thermo\static_ps_resid.py:108: RuntimeWarning: invalid value encountered in sqrt
  Vsonic = (i['gamma']*i['R']*i['Ts'])**0.5
C:\Users\MEO\Desktop\Projects\JetEngine\boomsonic_v0\.venv\Lib\site-packages\pycycle\thermo\static_ps_calc.py:32: RuntimeWarning: invalid value encountered in sqrt
  outputs['Vsonic'] = Vsonic = np.sqrt(inputs['gamma'] * inputs['R'] * inputs['Ts'])
C:\Users\MEO\Desktop\Projects\JetEngine\boomsonic_v0\.venv\Lib\site-packages\pycycle\thermo\static_ps_calc.py:32: RuntimeWarning: invalid value encountered in sqrt
  outputs['Vsonic'] = Vsonic = np.sqrt(inputs['gamma'] * inputs['R'] * inputs['Ts'])
C:\Users\MEO\Desktop\Projects\JetEngine\boomsonic_v0\.venv\Lib\site-packages\pycycle\elements\compressor.py:75: RuntimeWarning: invalid value encountered in log
  outputs['eff_poly'] = Rt * np.log(PR) / ( Rt*np.log(PR) + S_out - S_in )
C:\Users\MEO\Desktop\Projects\JetEngine\boomsonic_v0\.venv\Lib\site-packages\pycycle\thermo\static_ps_resid.py:128: RuntimeWarning: invalid value encountered in sqrt
  Vsonic = (i['gamma']*i['R']*i['Ts'])**0.5
C:\Users\MEO\Desktop\Projects\JetEngine\boomsonic_v0\.venv\Lib\site-packages\pycycle\thermo\static_ps_resid.py:108: RuntimeWarning: invalid value encountered in sqrt
  Vsonic = (i['gamma']*i['R']*i['Ts'])**0.5
C:\Users\MEO\Desktop\Projects\JetEngine\boomsonic_v0\.venv\Lib\site-packages\pycycle\thermo\static_ps_resid.py:98: RuntimeWarning: invalid value encountered in power
  ps_guess = inputs['guess:Pt'] * (1 + (gamt-1)/2 * M_guess**2)**(-gamt/(gamt-1))
C:\Users\MEO\Desktop\Projects\JetEngine\boomsonic_v0\.venv\Lib\site-packages\pycycle\thermo\static_ps_resid.py:93: RuntimeWarning: invalid value encountered in power
  f1 = ps - inputs['guess:Pt'] * (1 + (gamt-1)/2 * M_guess**2)**(-gamt/(gamt-1))
C:\Users\MEO\Desktop\Projects\JetEngine\boomsonic_v0\.venv\Lib\site-packages\pycycle\thermo\static_ps_resid.py:94: RuntimeWarning: invalid value encountered in sqrt
  f2 = MN - inputs['W']*(R_UNIVERSAL_SI*inputs['Ts'])**0.5/(ps_guess*1.0e6*inputs['area']*gamt**0.5)
C:\Users\MEO\Desktop\Projects\JetEngine\boomsonic_v0\.venv\Lib\site-packages\pycycle\thermo\static_ps_resid.py:99: RuntimeWarning: The iteration is not making good progress, as measured by the 
 improvement from the last ten iterations.
  ps_guess, M_guess = fsolve(equations, (ps_guess, M_guess))
C:\Users\MEO\Desktop\Projects\JetEngine\boomsonic_v0\.venv\Lib\site-packages\pycycle\thermo\static_ps_resid.py:83: RuntimeWarning: invalid value encountered in power
  ps_guess = inputs['guess:Pt'] * (1 + (gamt-1)/2 * inputs['MN']**2)**(-gamt/(gamt-1))
C:\Users\MEO\Desktop\Projects\JetEngine\boomsonic_v0\.venv\Lib\site-packages\openmdao\solvers\solver.py:819: SolverWarning:Your model has stalled three times and may be violating the bounds. In the future, turn on print_bound_enforce in your solver options here: 
OD0.comp.ideal_flow.nonlinear_solver.linesearch.options['print_bound_enforce']=True. 
The bound(s) being violated now are:

C:\Users\MEO\Desktop\Projects\JetEngine\boomsonic_v0\.venv\Lib\site-packages\openmdao\solvers\linesearch\backtracking.py:39: SolverWarning:'OD0.comp.ideal_flow.balance.T' exceeds lower bounds
  Val: [-2921823.00661161]
  Lower: [150.]

C:\Users\MEO\Desktop\Projects\JetEngine\boomsonic_v0\.venv\Lib\site-packages\pycycle\elements\compressor.py:75: RuntimeWarning: invalid value encountered in log
  outputs['eff_poly'] = Rt * np.log(PR) / ( Rt*np.log(PR) + S_out - S_in )
C:\Users\MEO\Desktop\Projects\JetEngine\boomsonic_v0\.venv\Lib\site-packages\pycycle\thermo\static_ps_resid.py:128: RuntimeWarning: invalid value encountered in sqrt
  Vsonic = (i['gamma']*i['R']*i['Ts'])**0.5
C:\Users\MEO\Desktop\Projects\JetEngine\boomsonic_v0\.venv\Lib\site-packages\pycycle\thermo\static_ps_resid.py:128: RuntimeWarning: invalid value encountered in sqrt
  Vsonic = (i['gamma']*i['R']*i['Ts'])**0.5
C:\Users\MEO\Desktop\Projects\JetEngine\boomsonic_v0\.venv\Lib\site-packages\pycycle\thermo\static_ps_resid.py:128: RuntimeWarning: invalid value encountered in sqrt
  Vsonic = (i['gamma']*i['R']*i['Ts'])**0.5
C:\Users\MEO\Desktop\Projects\JetEngine\boomsonic_v0\.venv\Lib\site-packages\pycycle\thermo\static_ps_resid.py:128: RuntimeWarning: invalid value encountered in sqrt
  Vsonic = (i['gamma']*i['R']*i['Ts'])**0.5
C:\Users\MEO\Desktop\Projects\JetEngine\boomsonic_v0\.venv\Lib\site-packages\pycycle\thermo\static_ps_resid.py:128: RuntimeWarning: invalid value encountered in sqrt
  Vsonic = (i['gamma']*i['R']*i['Ts'])**0.5
C:\Users\MEO\Desktop\Projects\JetEngine\boomsonic_v0\.venv\Lib\site-packages\pycycle\thermo\static_ps_resid.py:98: RuntimeWarning: invalid value encountered in power
  ps_guess = inputs['guess:Pt'] * (1 + (gamt-1)/2 * M_guess**2)**(-gamt/(gamt-1))
C:\Users\MEO\Desktop\Projects\JetEngine\boomsonic_v0\.venv\Lib\site-packages\pycycle\thermo\static_ps_resid.py:93: RuntimeWarning: invalid value encountered in power
  f1 = ps - inputs['guess:Pt'] * (1 + (gamt-1)/2 * M_guess**2)**(-gamt/(gamt-1))
C:\Users\MEO\Desktop\Projects\JetEngine\boomsonic_v0\.venv\Lib\site-packages\pycycle\thermo\static_ps_resid.py:94: RuntimeWarning: invalid value encountered in sqrt
  f2 = MN - inputs['W']*(R_UNIVERSAL_SI*inputs['Ts'])**0.5/(ps_guess*1.0e6*inputs['area']*gamt**0.5)
C:\Users\MEO\Desktop\Projects\JetEngine\boomsonic_v0\.venv\Lib\site-packages\pycycle\thermo\static_ps_resid.py:99: RuntimeWarning: The iteration is not making good progress, as measured by the 
 improvement from the last ten iterations.
  ps_guess, M_guess = fsolve(equations, (ps_guess, M_guess))
C:\Users\MEO\Desktop\Projects\JetEngine\boomsonic_v0\.venv\Lib\site-packages\pycycle\thermo\static_ps_resid.py:128: RuntimeWarning: invalid value encountered in sqrt
  Vsonic = (i['gamma']*i['R']*i['Ts'])**0.5
C:\Users\MEO\Desktop\Projects\JetEngine\boomsonic_v0\.venv\Lib\site-packages\pycycle\thermo\static_ps_resid.py:128: RuntimeWarning: invalid value encountered in sqrt
  Vsonic = (i['gamma']*i['R']*i['Ts'])**0.5
C:\Users\MEO\Desktop\Projects\JetEngine\boomsonic_v0\.venv\Lib\site-packages\pycycle\thermo\static_ps_resid.py:128: RuntimeWarning: invalid value encountered in sqrt
  Vsonic = (i['gamma']*i['R']*i['Ts'])**0.5
C:\Users\MEO\Desktop\Projects\JetEngine\boomsonic_v0\.venv\Lib\site-packages\pycycle\thermo\static_ps_resid.py:128: RuntimeWarning: invalid value encountered in sqrt
  Vsonic = (i['gamma']*i['R']*i['Ts'])**0.5
C:\Users\MEO\Desktop\Projects\JetEngine\boomsonic_v0\.venv\Lib\site-packages\pycycle\thermo\static_ps_resid.py:128: RuntimeWarning: invalid value encountered in sqrt
  Vsonic = (i['gamma']*i['R']*i['Ts'])**0.5
C:\Users\MEO\Desktop\Projects\JetEngine\boomsonic_v0\.venv\Lib\site-packages\pycycle\thermo\static_ps_resid.py:128: RuntimeWarning: invalid value encountered in sqrt
  Vsonic = (i['gamma']*i['R']*i['Ts'])**0.5
C:\Users\MEO\Desktop\Projects\JetEngine\boomsonic_v0\.venv\Lib\site-packages\pycycle\thermo\static_ps_resid.py:128: RuntimeWarning: invalid value encountered in sqrt
  Vsonic = (i['gamma']*i['R']*i['Ts'])**0.5
C:\Users\MEO\Desktop\Projects\JetEngine\boomsonic_v0\.venv\Lib\site-packages\pycycle\thermo\static_ps_resid.py:108: RuntimeWarning: invalid value encountered in sqrt
  Vsonic = (i['gamma']*i['R']*i['Ts'])**0.5
C:\Users\MEO\Desktop\Projects\JetEngine\boomsonic_v0\.venv\Lib\site-packages\pycycle\thermo\static_ps_resid.py:83: RuntimeWarning: invalid value encountered in power
  ps_guess = inputs['guess:Pt'] * (1 + (gamt-1)/2 * inputs['MN']**2)**(-gamt/(gamt-1))
C:\Users\MEO\Desktop\Projects\JetEngine\boomsonic_v0\.venv\Lib\site-packages\pycycle\thermo\static_ps_resid.py:108: RuntimeWarning: invalid value encountered in sqrt
  Vsonic = (i['gamma']*i['R']*i['Ts'])**0.5
C:\Users\MEO\Desktop\Projects\JetEngine\boomsonic_v0\.venv\Lib\site-packages\pycycle\thermo\static_ps_resid.py:108: RuntimeWarning: invalid value encountered in sqrt
  Vsonic = (i['gamma']*i['R']*i['Ts'])**0.5
C:\Users\MEO\Desktop\Projects\JetEngine\boomsonic_v0\.venv\Lib\site-packages\pycycle\thermo\static_ps_resid.py:108: RuntimeWarning: invalid value encountered in sqrt
  Vsonic = (i['gamma']*i['R']*i['Ts'])**0.5
C:\Users\MEO\Desktop\Projects\JetEngine\boomsonic_v0\.venv\Lib\site-packages\pycycle\thermo\static_ps_resid.py:108: RuntimeWarning: invalid value encountered in sqrt
  Vsonic = (i['gamma']*i['R']*i['Ts'])**0.5
C:\Users\MEO\Desktop\Projects\JetEngine\boomsonic_v0\.venv\Lib\site-packages\pycycle\thermo\static_ps_resid.py:108: RuntimeWarning: invalid value encountered in sqrt
  Vsonic = (i['gamma']*i['R']*i['Ts'])**0.5
C:\Users\MEO\Desktop\Projects\JetEngine\boomsonic_v0\.venv\Lib\site-packages\pycycle\thermo\static_ps_resid.py:108: RuntimeWarning: invalid value encountered in sqrt
  Vsonic = (i['gamma']*i['R']*i['Ts'])**0.5
C:\Users\MEO\Desktop\Projects\JetEngine\boomsonic_v0\.venv\Lib\site-packages\pycycle\thermo\static_ps_resid.py:108: RuntimeWarning: invalid value encountered in sqrt
  Vsonic = (i['gamma']*i['R']*i['Ts'])**0.5
C:\Users\MEO\Desktop\Projects\JetEngine\boomsonic_v0\.venv\Lib\site-packages\pycycle\thermo\static_ps_resid.py:108: RuntimeWarning: invalid value encountered in sqrt
  Vsonic = (i['gamma']*i['R']*i['Ts'])**0.5
C:\Users\MEO\Desktop\Projects\JetEngine\boomsonic_v0\.venv\Lib\site-packages\pycycle\thermo\static_ps_resid.py:108: RuntimeWarning: invalid value encountered in sqrt
  Vsonic = (i['gamma']*i['R']*i['Ts'])**0.5
C:\Users\MEO\Desktop\Projects\JetEngine\boomsonic_v0\.venv\Lib\site-packages\pycycle\thermo\static_ps_resid.py:108: RuntimeWarning: invalid value encountered in sqrt
  Vsonic = (i['gamma']*i['R']*i['Ts'])**0.5
C:\Users\MEO\Desktop\Projects\JetEngine\boomsonic_v0\.venv\Lib\site-packages\pycycle\thermo\static_ps_resid.py:108: RuntimeWarning: invalid value encountered in sqrt
  Vsonic = (i['gamma']*i['R']*i['Ts'])**0.5
C:\Users\MEO\Desktop\Projects\JetEngine\boomsonic_v0\.venv\Lib\site-packages\pycycle\thermo\static_ps_calc.py:32: RuntimeWarning: invalid value encountered in sqrt
  outputs['Vsonic'] = Vsonic = np.sqrt(inputs['gamma'] * inputs['R'] * inputs['Ts'])
C:\Users\MEO\Desktop\Projects\JetEngine\boomsonic_v0\.venv\Lib\site-packages\pycycle\elements\compressor.py:75: RuntimeWarning: invalid value encountered in log
  outputs['eff_poly'] = Rt * np.log(PR) / ( Rt*np.log(PR) + S_out - S_in )
C:\Users\MEO\Desktop\Projects\JetEngine\boomsonic_v0\.venv\Lib\site-packages\pycycle\thermo\static_ps_resid.py:128: RuntimeWarning: invalid value encountered in sqrt
  Vsonic = (i['gamma']*i['R']*i['Ts'])**0.5
C:\Users\MEO\Desktop\Projects\JetEngine\boomsonic_v0\.venv\Lib\site-packages\pycycle\thermo\static_ps_resid.py:98: RuntimeWarning: invalid value encountered in power
  ps_guess = inputs['guess:Pt'] * (1 + (gamt-1)/2 * M_guess**2)**(-gamt/(gamt-1))
C:\Users\MEO\Desktop\Projects\JetEngine\boomsonic_v0\.venv\Lib\site-packages\pycycle\thermo\static_ps_resid.py:93: RuntimeWarning: invalid value encountered in power
  f1 = ps - inputs['guess:Pt'] * (1 + (gamt-1)/2 * M_guess**2)**(-gamt/(gamt-1))
C:\Users\MEO\Desktop\Projects\JetEngine\boomsonic_v0\.venv\Lib\site-packages\pycycle\thermo\static_ps_resid.py:94: RuntimeWarning: invalid value encountered in sqrt
  f2 = MN - inputs['W']*(R_UNIVERSAL_SI*inputs['Ts'])**0.5/(ps_guess*1.0e6*inputs['area']*gamt**0.5)
C:\Users\MEO\Desktop\Projects\JetEngine\boomsonic_v0\.venv\Lib\site-packages\pycycle\thermo\static_ps_resid.py:99: RuntimeWarning: The iteration is not making good progress, as measured by the 
 improvement from the last ten iterations.
  ps_guess, M_guess = fsolve(equations, (ps_guess, M_guess))
C:\Users\MEO\Desktop\Projects\JetEngine\boomsonic_v0\.venv\Lib\site-packages\pycycle\thermo\static_ps_resid.py:83: RuntimeWarning: invalid value encountered in power
  ps_guess = inputs['guess:Pt'] * (1 + (gamt-1)/2 * inputs['MN']**2)**(-gamt/(gamt-1))
C:\Users\MEO\Desktop\Projects\JetEngine\boomsonic_v0\.venv\Lib\site-packages\openmdao\solvers\solver.py:819: SolverWarning:Your model has stalled three times and may be violating the bounds. In the future, turn on print_bound_enforce in your solver options here: 
OD0.comp.ideal_flow.nonlinear_solver.linesearch.options['print_bound_enforce']=True. 
The bound(s) being violated now are:

C:\Users\MEO\Desktop\Projects\JetEngine\boomsonic_v0\.venv\Lib\site-packages\openmdao\solvers\linesearch\backtracking.py:39: SolverWarning:'OD0.comp.ideal_flow.balance.T' exceeds lower bounds
  Val: [-2921823.00661161]
  Lower: [150.]

C:\Users\MEO\Desktop\Projects\JetEngine\boomsonic_v0\.venv\Lib\site-packages\pycycle\elements\compressor.py:75: RuntimeWarning: invalid value encountered in log
  outputs['eff_poly'] = Rt * np.log(PR) / ( Rt*np.log(PR) + S_out - S_in )
C:\Users\MEO\Desktop\Projects\JetEngine\boomsonic_v0\.venv\Lib\site-packages\pycycle\thermo\static_ps_resid.py:128: RuntimeWarning: invalid value encountered in sqrt
  Vsonic = (i['gamma']*i['R']*i['Ts'])**0.5
C:\Users\MEO\Desktop\Projects\JetEngine\boomsonic_v0\.venv\Lib\site-packages\pycycle\thermo\static_ps_resid.py:98: RuntimeWarning: invalid value encountered in power
  ps_guess = inputs['guess:Pt'] * (1 + (gamt-1)/2 * M_guess**2)**(-gamt/(gamt-1))
C:\Users\MEO\Desktop\Projects\JetEngine\boomsonic_v0\.venv\Lib\site-packages\pycycle\thermo\static_ps_resid.py:93: RuntimeWarning: invalid value encountered in power
  f1 = ps - inputs['guess:Pt'] * (1 + (gamt-1)/2 * M_guess**2)**(-gamt/(gamt-1))
C:\Users\MEO\Desktop\Projects\JetEngine\boomsonic_v0\.venv\Lib\site-packages\pycycle\thermo\static_ps_resid.py:94: RuntimeWarning: invalid value encountered in sqrt
  f2 = MN - inputs['W']*(R_UNIVERSAL_SI*inputs['Ts'])**0.5/(ps_guess*1.0e6*inputs['area']*gamt**0.5)
C:\Users\MEO\Desktop\Projects\JetEngine\boomsonic_v0\.venv\Lib\site-packages\pycycle\thermo\static_ps_resid.py:99: RuntimeWarning: The iteration is not making good progress, as measured by the 
 improvement from the last ten iterations.
  ps_guess, M_guess = fsolve(equations, (ps_guess, M_guess))
C:\Users\MEO\Desktop\Projects\JetEngine\boomsonic_v0\.venv\Lib\site-packages\pycycle\thermo\static_ps_resid.py:128: RuntimeWarning: invalid value encountered in sqrt
  Vsonic = (i['gamma']*i['R']*i['Ts'])**0.5
C:\Users\MEO\Desktop\Projects\JetEngine\boomsonic_v0\.venv\Lib\site-packages\pycycle\thermo\static_ps_resid.py:128: RuntimeWarning: invalid value encountered in sqrt
  Vsonic = (i['gamma']*i['R']*i['Ts'])**0.5
C:\Users\MEO\Desktop\Projects\JetEngine\boomsonic_v0\.venv\Lib\site-packages\pycycle\thermo\static_ps_resid.py:128: RuntimeWarning: invalid value encountered in sqrt
  Vsonic = (i['gamma']*i['R']*i['Ts'])**0.5
C:\Users\MEO\Desktop\Projects\JetEngine\boomsonic_v0\.venv\Lib\site-packages\pycycle\thermo\static_ps_resid.py:128: RuntimeWarning: invalid value encountered in sqrt
  Vsonic = (i['gamma']*i['R']*i['Ts'])**0.5
C:\Users\MEO\Desktop\Projects\JetEngine\boomsonic_v0\.venv\Lib\site-packages\pycycle\thermo\static_ps_resid.py:128: RuntimeWarning: invalid value encountered in sqrt
  Vsonic = (i['gamma']*i['R']*i['Ts'])**0.5
C:\Users\MEO\Desktop\Projects\JetEngine\boomsonic_v0\.venv\Lib\site-packages\pycycle\thermo\static_ps_resid.py:128: RuntimeWarning: invalid value encountered in sqrt
  Vsonic = (i['gamma']*i['R']*i['Ts'])**0.5
C:\Users\MEO\Desktop\Projects\JetEngine\boomsonic_v0\.venv\Lib\site-packages\pycycle\thermo\static_ps_resid.py:128: RuntimeWarning: invalid value encountered in sqrt
  Vsonic = (i['gamma']*i['R']*i['Ts'])**0.5
C:\Users\MEO\Desktop\Projects\JetEngine\boomsonic_v0\.venv\Lib\site-packages\pycycle\thermo\static_ps_resid.py:128: RuntimeWarning: invalid value encountered in sqrt
  Vsonic = (i['gamma']*i['R']*i['Ts'])**0.5
C:\Users\MEO\Desktop\Projects\JetEngine\boomsonic_v0\.venv\Lib\site-packages\pycycle\thermo\static_ps_resid.py:128: RuntimeWarning: invalid value encountered in sqrt
  Vsonic = (i['gamma']*i['R']*i['Ts'])**0.5
C:\Users\MEO\Desktop\Projects\JetEngine\boomsonic_v0\.venv\Lib\site-packages\pycycle\thermo\static_ps_resid.py:128: RuntimeWarning: invalid value encountered in sqrt
  Vsonic = (i['gamma']*i['R']*i['Ts'])**0.5
C:\Users\MEO\Desktop\Projects\JetEngine\boomsonic_v0\.venv\Lib\site-packages\pycycle\thermo\static_ps_resid.py:108: RuntimeWarning: invalid value encountered in sqrt
  Vsonic = (i['gamma']*i['R']*i['Ts'])**0.5
C:\Users\MEO\Desktop\Projects\JetEngine\boomsonic_v0\.venv\Lib\site-packages\pycycle\thermo\static_ps_resid.py:83: RuntimeWarning: invalid value encountered in power
  ps_guess = inputs['guess:Pt'] * (1 + (gamt-1)/2 * inputs['MN']**2)**(-gamt/(gamt-1))
C:\Users\MEO\Desktop\Projects\JetEngine\boomsonic_v0\.venv\Lib\site-packages\pycycle\thermo\static_ps_resid.py:108: RuntimeWarning: invalid value encountered in sqrt
  Vsonic = (i['gamma']*i['R']*i['Ts'])**0.5
C:\Users\MEO\Desktop\Projects\JetEngine\boomsonic_v0\.venv\Lib\site-packages\pycycle\thermo\static_ps_resid.py:108: RuntimeWarning: invalid value encountered in sqrt
  Vsonic = (i['gamma']*i['R']*i['Ts'])**0.5
C:\Users\MEO\Desktop\Projects\JetEngine\boomsonic_v0\.venv\Lib\site-packages\pycycle\thermo\static_ps_resid.py:108: RuntimeWarning: invalid value encountered in sqrt
  Vsonic = (i['gamma']*i['R']*i['Ts'])**0.5
C:\Users\MEO\Desktop\Projects\JetEngine\boomsonic_v0\.venv\Lib\site-packages\pycycle\thermo\static_ps_resid.py:108: RuntimeWarning: invalid value encountered in sqrt
  Vsonic = (i['gamma']*i['R']*i['Ts'])**0.5
C:\Users\MEO\Desktop\Projects\JetEngine\boomsonic_v0\.venv\Lib\site-packages\pycycle\thermo\static_ps_resid.py:108: RuntimeWarning: invalid value encountered in sqrt
  Vsonic = (i['gamma']*i['R']*i['Ts'])**0.5
C:\Users\MEO\Desktop\Projects\JetEngine\boomsonic_v0\.venv\Lib\site-packages\pycycle\thermo\static_ps_resid.py:108: RuntimeWarning: invalid value encountered in sqrt
  Vsonic = (i['gamma']*i['R']*i['Ts'])**0.5
C:\Users\MEO\Desktop\Projects\JetEngine\boomsonic_v0\.venv\Lib\site-packages\pycycle\thermo\static_ps_resid.py:108: RuntimeWarning: invalid value encountered in sqrt
  Vsonic = (i['gamma']*i['R']*i['Ts'])**0.5
C:\Users\MEO\Desktop\Projects\JetEngine\boomsonic_v0\.venv\Lib\site-packages\pycycle\thermo\static_ps_resid.py:108: RuntimeWarning: invalid value encountered in sqrt
  Vsonic = (i['gamma']*i['R']*i['Ts'])**0.5
C:\Users\MEO\Desktop\Projects\JetEngine\boomsonic_v0\.venv\Lib\site-packages\pycycle\thermo\static_ps_resid.py:108: RuntimeWarning: invalid value encountered in sqrt
  Vsonic = (i['gamma']*i['R']*i['Ts'])**0.5
C:\Users\MEO\Desktop\Projects\JetEngine\boomsonic_v0\.venv\Lib\site-packages\pycycle\thermo\static_ps_resid.py:108: RuntimeWarning: invalid value encountered in sqrt
  Vsonic = (i['gamma']*i['R']*i['Ts'])**0.5
C:\Users\MEO\Desktop\Projects\JetEngine\boomsonic_v0\.venv\Lib\site-packages\pycycle\thermo\static_ps_resid.py:108: RuntimeWarning: invalid value encountered in sqrt
  Vsonic = (i['gamma']*i['R']*i['Ts'])**0.5
C:\Users\MEO\Desktop\Projects\JetEngine\boomsonic_v0\.venv\Lib\site-packages\pycycle\thermo\static_ps_calc.py:32: RuntimeWarning: invalid value encountered in sqrt
  outputs['Vsonic'] = Vsonic = np.sqrt(inputs['gamma'] * inputs['R'] * inputs['Ts'])
C:\Users\MEO\Desktop\Projects\JetEngine\boomsonic_v0\.venv\Lib\site-packages\pycycle\elements\compressor.py:75: RuntimeWarning: invalid value encountered in log
  outputs['eff_poly'] = Rt * np.log(PR) / ( Rt*np.log(PR) + S_out - S_in )
C:\Users\MEO\Desktop\Projects\JetEngine\boomsonic_v0\.venv\Lib\site-packages\pycycle\thermo\static_ps_resid.py:128: RuntimeWarning: invalid value encountered in sqrt
  Vsonic = (i['gamma']*i['R']*i['Ts'])**0.5
C:\Users\MEO\Desktop\Projects\JetEngine\boomsonic_v0\.venv\Lib\site-packages\pycycle\thermo\static_ps_resid.py:98: RuntimeWarning: invalid value encountered in power
  ps_guess = inputs['guess:Pt'] * (1 + (gamt-1)/2 * M_guess**2)**(-gamt/(gamt-1))
C:\Users\MEO\Desktop\Projects\JetEngine\boomsonic_v0\.venv\Lib\site-packages\pycycle\thermo\static_ps_resid.py:93: RuntimeWarning: invalid value encountered in power
  f1 = ps - inputs['guess:Pt'] * (1 + (gamt-1)/2 * M_guess**2)**(-gamt/(gamt-1))
C:\Users\MEO\Desktop\Projects\JetEngine\boomsonic_v0\.venv\Lib\site-packages\pycycle\thermo\static_ps_resid.py:94: RuntimeWarning: invalid value encountered in sqrt
  f2 = MN - inputs['W']*(R_UNIVERSAL_SI*inputs['Ts'])**0.5/(ps_guess*1.0e6*inputs['area']*gamt**0.5)
C:\Users\MEO\Desktop\Projects\JetEngine\boomsonic_v0\.venv\Lib\site-packages\pycycle\thermo\static_ps_resid.py:99: RuntimeWarning: The iteration is not making good progress, as measured by the 
 improvement from the last ten iterations.
  ps_guess, M_guess = fsolve(equations, (ps_guess, M_guess))
C:\Users\MEO\Desktop\Projects\JetEngine\boomsonic_v0\.venv\Lib\site-packages\pycycle\thermo\static_ps_resid.py:83: RuntimeWarning: invalid value encountered in power
  ps_guess = inputs['guess:Pt'] * (1 + (gamt-1)/2 * inputs['MN']**2)**(-gamt/(gamt-1))
C:\Users\MEO\Desktop\Projects\JetEngine\boomsonic_v0\.venv\Lib\site-packages\pycycle\thermo\static_ps_resid.py:128: RuntimeWarning: invalid value encountered in sqrt
  Vsonic = (i['gamma']*i['R']*i['Ts'])**0.5
C:\Users\MEO\Desktop\Projects\JetEngine\boomsonic_v0\.venv\Lib\site-packages\pycycle\thermo\static_ps_resid.py:128: RuntimeWarning: invalid value encountered in sqrt
  Vsonic = (i['gamma']*i['R']*i['Ts'])**0.5
C:\Users\MEO\Desktop\Projects\JetEngine\boomsonic_v0\.venv\Lib\site-packages\pycycle\thermo\static_ps_resid.py:128: RuntimeWarning: invalid value encountered in sqrt
  Vsonic = (i['gamma']*i['R']*i['Ts'])**0.5
C:\Users\MEO\Desktop\Projects\JetEngine\boomsonic_v0\.venv\Lib\site-packages\pycycle\thermo\static_ps_resid.py:108: RuntimeWarning: invalid value encountered in sqrt
  Vsonic = (i['gamma']*i['R']*i['Ts'])**0.5
C:\Users\MEO\Desktop\Projects\JetEngine\boomsonic_v0\.venv\Lib\site-packages\openmdao\solvers\solver.py:819: SolverWarning:Your model has stalled three times and may be violating the bounds. In the future, turn on print_bound_enforce in your solver options here: 
OD0.comp.ideal_flow.nonlinear_solver.linesearch.options['print_bound_enforce']=True. 
The bound(s) being violated now are:

C:\Users\MEO\Desktop\Projects\JetEngine\boomsonic_v0\.venv\Lib\site-packages\openmdao\solvers\linesearch\backtracking.py:39: SolverWarning:'OD0.comp.ideal_flow.balance.T' exceeds lower bounds
  Val: [-16398786.55355315]
  Lower: [150.]

C:\Users\MEO\Desktop\Projects\JetEngine\boomsonic_v0\.venv\Lib\site-packages\pycycle\elements\compressor.py:75: RuntimeWarning: invalid value encountered in log
  outputs['eff_poly'] = Rt * np.log(PR) / ( Rt*np.log(PR) + S_out - S_in )
C:\Users\MEO\Desktop\Projects\JetEngine\boomsonic_v0\.venv\Lib\site-packages\pycycle\thermo\static_ps_resid.py:98: RuntimeWarning: invalid value encountered in power
  ps_guess = inputs['guess:Pt'] * (1 + (gamt-1)/2 * M_guess**2)**(-gamt/(gamt-1))
C:\Users\MEO\Desktop\Projects\JetEngine\boomsonic_v0\.venv\Lib\site-packages\pycycle\thermo\static_ps_resid.py:93: RuntimeWarning: invalid value encountered in power
  f1 = ps - inputs['guess:Pt'] * (1 + (gamt-1)/2 * M_guess**2)**(-gamt/(gamt-1))
C:\Users\MEO\Desktop\Projects\JetEngine\boomsonic_v0\.venv\Lib\site-packages\pycycle\thermo\static_ps_resid.py:94: RuntimeWarning: invalid value encountered in sqrt
  f2 = MN - inputs['W']*(R_UNIVERSAL_SI*inputs['Ts'])**0.5/(ps_guess*1.0e6*inputs['area']*gamt**0.5)
C:\Users\MEO\Desktop\Projects\JetEngine\boomsonic_v0\.venv\Lib\site-packages\pycycle\thermo\static_ps_resid.py:99: RuntimeWarning: The iteration is not making good progress, as measured by the 
 improvement from the last ten iterations.
  ps_guess, M_guess = fsolve(equations, (ps_guess, M_guess))
C:\Users\MEO\Desktop\Projects\JetEngine\boomsonic_v0\.venv\Lib\site-packages\pycycle\thermo\static_ps_resid.py:128: RuntimeWarning: invalid value encountered in sqrt
  Vsonic = (i['gamma']*i['R']*i['Ts'])**0.5
C:\Users\MEO\Desktop\Projects\JetEngine\boomsonic_v0\.venv\Lib\site-packages\pycycle\thermo\static_ps_resid.py:128: RuntimeWarning: invalid value encountered in sqrt
  Vsonic = (i['gamma']*i['R']*i['Ts'])**0.5
C:\Users\MEO\Desktop\Projects\JetEngine\boomsonic_v0\.venv\Lib\site-packages\pycycle\thermo\static_ps_resid.py:128: RuntimeWarning: invalid value encountered in sqrt
  Vsonic = (i['gamma']*i['R']*i['Ts'])**0.5
C:\Users\MEO\Desktop\Projects\JetEngine\boomsonic_v0\.venv\Lib\site-packages\pycycle\thermo\static_ps_resid.py:128: RuntimeWarning: invalid value encountered in sqrt
  Vsonic = (i['gamma']*i['R']*i['Ts'])**0.5
C:\Users\MEO\Desktop\Projects\JetEngine\boomsonic_v0\.venv\Lib\site-packages\pycycle\thermo\static_ps_resid.py:128: RuntimeWarning: invalid value encountered in sqrt
  Vsonic = (i['gamma']*i['R']*i['Ts'])**0.5
C:\Users\MEO\Desktop\Projects\JetEngine\boomsonic_v0\.venv\Lib\site-packages\pycycle\thermo\static_ps_resid.py:128: RuntimeWarning: invalid value encountered in sqrt
  Vsonic = (i['gamma']*i['R']*i['Ts'])**0.5
C:\Users\MEO\Desktop\Projects\JetEngine\boomsonic_v0\.venv\Lib\site-packages\pycycle\thermo\static_ps_resid.py:128: RuntimeWarning: invalid value encountered in sqrt
  Vsonic = (i['gamma']*i['R']*i['Ts'])**0.5
C:\Users\MEO\Desktop\Projects\JetEngine\boomsonic_v0\.venv\Lib\site-packages\pycycle\thermo\static_ps_resid.py:98: RuntimeWarning: invalid value encountered in power
  ps_guess = inputs['guess:Pt'] * (1 + (gamt-1)/2 * M_guess**2)**(-gamt/(gamt-1))
C:\Users\MEO\Desktop\Projects\JetEngine\boomsonic_v0\.venv\Lib\site-packages\pycycle\thermo\static_ps_resid.py:93: RuntimeWarning: invalid value encountered in power
  f1 = ps - inputs['guess:Pt'] * (1 + (gamt-1)/2 * M_guess**2)**(-gamt/(gamt-1))
C:\Users\MEO\Desktop\Projects\JetEngine\boomsonic_v0\.venv\Lib\site-packages\pycycle\thermo\static_ps_resid.py:94: RuntimeWarning: invalid value encountered in sqrt
  f2 = MN - inputs['W']*(R_UNIVERSAL_SI*inputs['Ts'])**0.5/(ps_guess*1.0e6*inputs['area']*gamt**0.5)
C:\Users\MEO\Desktop\Projects\JetEngine\boomsonic_v0\.venv\Lib\site-packages\pycycle\thermo\static_ps_resid.py:99: RuntimeWarning: The iteration is not making good progress, as measured by the 
 improvement from the last ten iterations.
  ps_guess, M_guess = fsolve(equations, (ps_guess, M_guess))
C:\Users\MEO\Desktop\Projects\JetEngine\boomsonic_v0\.venv\Lib\site-packages\pycycle\thermo\static_ps_resid.py:128: RuntimeWarning: invalid value encountered in sqrt
  Vsonic = (i['gamma']*i['R']*i['Ts'])**0.5
C:\Users\MEO\Desktop\Projects\JetEngine\boomsonic_v0\.venv\Lib\site-packages\pycycle\thermo\static_ps_resid.py:128: RuntimeWarning: invalid value encountered in sqrt
  Vsonic = (i['gamma']*i['R']*i['Ts'])**0.5
C:\Users\MEO\Desktop\Projects\JetEngine\boomsonic_v0\.venv\Lib\site-packages\pycycle\thermo\static_ps_resid.py:128: RuntimeWarning: invalid value encountered in sqrt
  Vsonic = (i['gamma']*i['R']*i['Ts'])**0.5
C:\Users\MEO\Desktop\Projects\JetEngine\boomsonic_v0\.venv\Lib\site-packages\pycycle\thermo\static_ps_resid.py:128: RuntimeWarning: invalid value encountered in sqrt
  Vsonic = (i['gamma']*i['R']*i['Ts'])**0.5
C:\Users\MEO\Desktop\Projects\JetEngine\boomsonic_v0\.venv\Lib\site-packages\pycycle\thermo\static_ps_resid.py:128: RuntimeWarning: invalid value encountered in sqrt
  Vsonic = (i['gamma']*i['R']*i['Ts'])**0.5
C:\Users\MEO\Desktop\Projects\JetEngine\boomsonic_v0\.venv\Lib\site-packages\pycycle\thermo\static_ps_resid.py:128: RuntimeWarning: invalid value encountered in sqrt
  Vsonic = (i['gamma']*i['R']*i['Ts'])**0.5
C:\Users\MEO\Desktop\Projects\JetEngine\boomsonic_v0\.venv\Lib\site-packages\pycycle\thermo\static_ps_resid.py:98: RuntimeWarning: invalid value encountered in power
  ps_guess = inputs['guess:Pt'] * (1 + (gamt-1)/2 * M_guess**2)**(-gamt/(gamt-1))
C:\Users\MEO\Desktop\Projects\JetEngine\boomsonic_v0\.venv\Lib\site-packages\pycycle\thermo\static_ps_resid.py:93: RuntimeWarning: invalid value encountered in power
  f1 = ps - inputs['guess:Pt'] * (1 + (gamt-1)/2 * M_guess**2)**(-gamt/(gamt-1))
C:\Users\MEO\Desktop\Projects\JetEngine\boomsonic_v0\.venv\Lib\site-packages\pycycle\thermo\static_ps_resid.py:94: RuntimeWarning: invalid value encountered in sqrt
  f2 = MN - inputs['W']*(R_UNIVERSAL_SI*inputs['Ts'])**0.5/(ps_guess*1.0e6*inputs['area']*gamt**0.5)
C:\Users\MEO\Desktop\Projects\JetEngine\boomsonic_v0\.venv\Lib\site-packages\pycycle\thermo\static_ps_resid.py:99: RuntimeWarning: The iteration is not making good progress, as measured by the 
 improvement from the last ten iterations.
  ps_guess, M_guess = fsolve(equations, (ps_guess, M_guess))
C:\Users\MEO\Desktop\Projects\JetEngine\boomsonic_v0\.venv\Lib\site-packages\pycycle\thermo\static_ps_resid.py:128: RuntimeWarning: invalid value encountered in sqrt
  Vsonic = (i['gamma']*i['R']*i['Ts'])**0.5
C:\Users\MEO\Desktop\Projects\JetEngine\boomsonic_v0\.venv\Lib\site-packages\pycycle\thermo\static_ps_resid.py:128: RuntimeWarning: invalid value encountered in sqrt
  Vsonic = (i['gamma']*i['R']*i['Ts'])**0.5
C:\Users\MEO\Desktop\Projects\JetEngine\boomsonic_v0\.venv\Lib\site-packages\pycycle\thermo\static_ps_resid.py:128: RuntimeWarning: invalid value encountered in sqrt
  Vsonic = (i['gamma']*i['R']*i['Ts'])**0.5
C:\Users\MEO\Desktop\Projects\JetEngine\boomsonic_v0\.venv\Lib\site-packages\pycycle\thermo\static_ps_resid.py:128: RuntimeWarning: invalid value encountered in sqrt
  Vsonic = (i['gamma']*i['R']*i['Ts'])**0.5
C:\Users\MEO\Desktop\Projects\JetEngine\boomsonic_v0\.venv\Lib\site-packages\pycycle\thermo\static_ps_resid.py:128: RuntimeWarning: invalid value encountered in sqrt
  Vsonic = (i['gamma']*i['R']*i['Ts'])**0.5
C:\Users\MEO\Desktop\Projects\JetEngine\boomsonic_v0\.venv\Lib\site-packages\pycycle\thermo\static_ps_resid.py:128: RuntimeWarning: invalid value encountered in sqrt
  Vsonic = (i['gamma']*i['R']*i['Ts'])**0.5
C:\Users\MEO\Desktop\Projects\JetEngine\boomsonic_v0\.venv\Lib\site-packages\pycycle\thermo\static_ps_resid.py:128: RuntimeWarning: invalid value encountered in sqrt
  Vsonic = (i['gamma']*i['R']*i['Ts'])**0.5
C:\Users\MEO\Desktop\Projects\JetEngine\boomsonic_v0\.venv\Lib\site-packages\pycycle\thermo\static_ps_resid.py:83: RuntimeWarning: invalid value encountered in power
  ps_guess = inputs['guess:Pt'] * (1 + (gamt-1)/2 * inputs['MN']**2)**(-gamt/(gamt-1))
C:\Users\MEO\Desktop\Projects\JetEngine\boomsonic_v0\.venv\Lib\site-packages\pycycle\thermo\static_ps_resid.py:108: RuntimeWarning: invalid value encountered in sqrt
  Vsonic = (i['gamma']*i['R']*i['Ts'])**0.5
C:\Users\MEO\Desktop\Projects\JetEngine\boomsonic_v0\.venv\Lib\site-packages\pycycle\thermo\static_ps_resid.py:108: RuntimeWarning: invalid value encountered in sqrt
  Vsonic = (i['gamma']*i['R']*i['Ts'])**0.5
C:\Users\MEO\Desktop\Projects\JetEngine\boomsonic_v0\.venv\Lib\site-packages\pycycle\thermo\static_ps_resid.py:108: RuntimeWarning: invalid value encountered in sqrt
  Vsonic = (i['gamma']*i['R']*i['Ts'])**0.5
C:\Users\MEO\Desktop\Projects\JetEngine\boomsonic_v0\.venv\Lib\site-packages\pycycle\thermo\static_ps_resid.py:108: RuntimeWarning: invalid value encountered in sqrt
  Vsonic = (i['gamma']*i['R']*i['Ts'])**0.5
C:\Users\MEO\Desktop\Projects\JetEngine\boomsonic_v0\.venv\Lib\site-packages\pycycle\thermo\static_ps_resid.py:108: RuntimeWarning: invalid value encountered in sqrt
  Vsonic = (i['gamma']*i['R']*i['Ts'])**0.5
C:\Users\MEO\Desktop\Projects\JetEngine\boomsonic_v0\.venv\Lib\site-packages\pycycle\thermo\static_ps_resid.py:108: RuntimeWarning: invalid value encountered in sqrt
  Vsonic = (i['gamma']*i['R']*i['Ts'])**0.5
C:\Users\MEO\Desktop\Projects\JetEngine\boomsonic_v0\.venv\Lib\site-packages\pycycle\thermo\static_ps_resid.py:108: RuntimeWarning: invalid value encountered in sqrt
  Vsonic = (i['gamma']*i['R']*i['Ts'])**0.5
C:\Users\MEO\Desktop\Projects\JetEngine\boomsonic_v0\.venv\Lib\site-packages\pycycle\thermo\static_ps_resid.py:108: RuntimeWarning: invalid value encountered in sqrt
  Vsonic = (i['gamma']*i['R']*i['Ts'])**0.5
C:\Users\MEO\Desktop\Projects\JetEngine\boomsonic_v0\.venv\Lib\site-packages\pycycle\thermo\static_ps_resid.py:108: RuntimeWarning: invalid value encountered in sqrt
  Vsonic = (i['gamma']*i['R']*i['Ts'])**0.5
C:\Users\MEO\Desktop\Projects\JetEngine\boomsonic_v0\.venv\Lib\site-packages\pycycle\thermo\static_ps_resid.py:108: RuntimeWarning: invalid value encountered in sqrt
  Vsonic = (i['gamma']*i['R']*i['Ts'])**0.5
C:\Users\MEO\Desktop\Projects\JetEngine\boomsonic_v0\.venv\Lib\site-packages\pycycle\thermo\static_ps_calc.py:32: RuntimeWarning: invalid value encountered in sqrt
  outputs['Vsonic'] = Vsonic = np.sqrt(inputs['gamma'] * inputs['R'] * inputs['Ts'])
C:\Users\MEO\Desktop\Projects\JetEngine\boomsonic_v0\.venv\Lib\site-packages\pycycle\thermo\static_ps_calc.py:32: RuntimeWarning: invalid value encountered in sqrt
  outputs['Vsonic'] = Vsonic = np.sqrt(inputs['gamma'] * inputs['R'] * inputs['Ts'])
C:\Users\MEO\Desktop\Projects\JetEngine\boomsonic_v0\.venv\Lib\site-packages\pycycle\elements\compressor.py:75: RuntimeWarning: invalid value encountered in log
  outputs['eff_poly'] = Rt * np.log(PR) / ( Rt*np.log(PR) + S_out - S_in )
C:\Users\MEO\Desktop\Projects\JetEngine\boomsonic_v0\.venv\Lib\site-packages\pycycle\thermo\static_ps_resid.py:128: RuntimeWarning: invalid value encountered in sqrt
  Vsonic = (i['gamma']*i['R']*i['Ts'])**0.5
C:\Users\MEO\Desktop\Projects\JetEngine\boomsonic_v0\.venv\Lib\site-packages\pycycle\thermo\static_ps_resid.py:108: RuntimeWarning: invalid value encountered in sqrt
  Vsonic = (i['gamma']*i['R']*i['Ts'])**0.5
C:\Users\MEO\Desktop\Projects\JetEngine\boomsonic_v0\.venv\Lib\site-packages\pycycle\thermo\static_ps_resid.py:98: RuntimeWarning: invalid value encountered in power
  ps_guess = inputs['guess:Pt'] * (1 + (gamt-1)/2 * M_guess**2)**(-gamt/(gamt-1))
C:\Users\MEO\Desktop\Projects\JetEngine\boomsonic_v0\.venv\Lib\site-packages\pycycle\thermo\static_ps_resid.py:93: RuntimeWarning: invalid value encountered in power
  f1 = ps - inputs['guess:Pt'] * (1 + (gamt-1)/2 * M_guess**2)**(-gamt/(gamt-1))
C:\Users\MEO\Desktop\Projects\JetEngine\boomsonic_v0\.venv\Lib\site-packages\pycycle\thermo\static_ps_resid.py:94: RuntimeWarning: invalid value encountered in sqrt
  f2 = MN - inputs['W']*(R_UNIVERSAL_SI*inputs['Ts'])**0.5/(ps_guess*1.0e6*inputs['area']*gamt**0.5)
C:\Users\MEO\Desktop\Projects\JetEngine\boomsonic_v0\.venv\Lib\site-packages\pycycle\thermo\static_ps_resid.py:99: RuntimeWarning: The iteration is not making good progress, as measured by the 
 improvement from the last ten iterations.
  ps_guess, M_guess = fsolve(equations, (ps_guess, M_guess))
C:\Users\MEO\Desktop\Projects\JetEngine\boomsonic_v0\.venv\Lib\site-packages\pycycle\thermo\static_ps_resid.py:83: RuntimeWarning: invalid value encountered in power
  ps_guess = inputs['guess:Pt'] * (1 + (gamt-1)/2 * inputs['MN']**2)**(-gamt/(gamt-1))
C:\Users\MEO\Desktop\Projects\JetEngine\boomsonic_v0\.venv\Lib\site-packages\openmdao\solvers\solver.py:819: SolverWarning:Your model has stalled three times and may be violating the bounds. In the future, turn on print_bound_enforce in your solver options here: 
OD0.comp.ideal_flow.nonlinear_solver.linesearch.options['print_bound_enforce']=True. 
The bound(s) being violated now are:

C:\Users\MEO\Desktop\Projects\JetEngine\boomsonic_v0\.venv\Lib\site-packages\openmdao\solvers\linesearch\backtracking.py:39: SolverWarning:'OD0.comp.ideal_flow.balance.T' exceeds lower bounds
  Val: [-16398786.55355314]
  Lower: [150.]

C:\Users\MEO\Desktop\Projects\JetEngine\boomsonic_v0\.venv\Lib\site-packages\pycycle\elements\compressor.py:75: RuntimeWarning: invalid value encountered in log
  outputs['eff_poly'] = Rt * np.log(PR) / ( Rt*np.log(PR) + S_out - S_in )
C:\Users\MEO\Desktop\Projects\JetEngine\boomsonic_v0\.venv\Lib\site-packages\pycycle\thermo\static_ps_resid.py:128: RuntimeWarning: invalid value encountered in sqrt
  Vsonic = (i['gamma']*i['R']*i['Ts'])**0.5
C:\Users\MEO\Desktop\Projects\JetEngine\boomsonic_v0\.venv\Lib\site-packages\pycycle\thermo\static_ps_resid.py:128: RuntimeWarning: invalid value encountered in sqrt
  Vsonic = (i['gamma']*i['R']*i['Ts'])**0.5
C:\Users\MEO\Desktop\Projects\JetEngine\boomsonic_v0\.venv\Lib\site-packages\pycycle\thermo\static_ps_resid.py:128: RuntimeWarning: invalid value encountered in sqrt
  Vsonic = (i['gamma']*i['R']*i['Ts'])**0.5
C:\Users\MEO\Desktop\Projects\JetEngine\boomsonic_v0\.venv\Lib\site-packages\pycycle\thermo\static_ps_resid.py:128: RuntimeWarning: invalid value encountered in sqrt
  Vsonic = (i['gamma']*i['R']*i['Ts'])**0.5
C:\Users\MEO\Desktop\Projects\JetEngine\boomsonic_v0\.venv\Lib\site-packages\pycycle\thermo\static_ps_resid.py:128: RuntimeWarning: invalid value encountered in sqrt
  Vsonic = (i['gamma']*i['R']*i['Ts'])**0.5
C:\Users\MEO\Desktop\Projects\JetEngine\boomsonic_v0\.venv\Lib\site-packages\pycycle\thermo\static_ps_resid.py:98: RuntimeWarning: invalid value encountered in power
  ps_guess = inputs['guess:Pt'] * (1 + (gamt-1)/2 * M_guess**2)**(-gamt/(gamt-1))
C:\Users\MEO\Desktop\Projects\JetEngine\boomsonic_v0\.venv\Lib\site-packages\pycycle\thermo\static_ps_resid.py:93: RuntimeWarning: invalid value encountered in power
  f1 = ps - inputs['guess:Pt'] * (1 + (gamt-1)/2 * M_guess**2)**(-gamt/(gamt-1))
C:\Users\MEO\Desktop\Projects\JetEngine\boomsonic_v0\.venv\Lib\site-packages\pycycle\thermo\static_ps_resid.py:94: RuntimeWarning: invalid value encountered in sqrt
  f2 = MN - inputs['W']*(R_UNIVERSAL_SI*inputs['Ts'])**0.5/(ps_guess*1.0e6*inputs['area']*gamt**0.5)
C:\Users\MEO\Desktop\Projects\JetEngine\boomsonic_v0\.venv\Lib\site-packages\pycycle\thermo\static_ps_resid.py:99: RuntimeWarning: The iteration is not making good progress, as measured by the 
 improvement from the last ten iterations.
  ps_guess, M_guess = fsolve(equations, (ps_guess, M_guess))
C:\Users\MEO\Desktop\Projects\JetEngine\boomsonic_v0\.venv\Lib\site-packages\pycycle\thermo\static_ps_resid.py:128: RuntimeWarning: invalid value encountered in sqrt
  Vsonic = (i['gamma']*i['R']*i['Ts'])**0.5
C:\Users\MEO\Desktop\Projects\JetEngine\boomsonic_v0\.venv\Lib\site-packages\pycycle\thermo\static_ps_resid.py:128: RuntimeWarning: invalid value encountered in sqrt
  Vsonic = (i['gamma']*i['R']*i['Ts'])**0.5
C:\Users\MEO\Desktop\Projects\JetEngine\boomsonic_v0\.venv\Lib\site-packages\pycycle\thermo\static_ps_resid.py:128: RuntimeWarning: invalid value encountered in sqrt
  Vsonic = (i['gamma']*i['R']*i['Ts'])**0.5
C:\Users\MEO\Desktop\Projects\JetEngine\boomsonic_v0\.venv\Lib\site-packages\pycycle\thermo\static_ps_resid.py:128: RuntimeWarning: invalid value encountered in sqrt
  Vsonic = (i['gamma']*i['R']*i['Ts'])**0.5
C:\Users\MEO\Desktop\Projects\JetEngine\boomsonic_v0\.venv\Lib\site-packages\pycycle\thermo\static_ps_resid.py:128: RuntimeWarning: invalid value encountered in sqrt
  Vsonic = (i['gamma']*i['R']*i['Ts'])**0.5
C:\Users\MEO\Desktop\Projects\JetEngine\boomsonic_v0\.venv\Lib\site-packages\pycycle\thermo\static_ps_resid.py:128: RuntimeWarning: invalid value encountered in sqrt
  Vsonic = (i['gamma']*i['R']*i['Ts'])**0.5
C:\Users\MEO\Desktop\Projects\JetEngine\boomsonic_v0\.venv\Lib\site-packages\pycycle\thermo\static_ps_resid.py:128: RuntimeWarning: invalid value encountered in sqrt
  Vsonic = (i['gamma']*i['R']*i['Ts'])**0.5
C:\Users\MEO\Desktop\Projects\JetEngine\boomsonic_v0\.venv\Lib\site-packages\pycycle\thermo\static_ps_resid.py:108: RuntimeWarning: invalid value encountered in sqrt
  Vsonic = (i['gamma']*i['R']*i['Ts'])**0.5
C:\Users\MEO\Desktop\Projects\JetEngine\boomsonic_v0\.venv\Lib\site-packages\pycycle\thermo\static_ps_resid.py:83: RuntimeWarning: invalid value encountered in power
  ps_guess = inputs['guess:Pt'] * (1 + (gamt-1)/2 * inputs['MN']**2)**(-gamt/(gamt-1))
C:\Users\MEO\Desktop\Projects\JetEngine\boomsonic_v0\.venv\Lib\site-packages\pycycle\thermo\static_ps_resid.py:108: RuntimeWarning: invalid value encountered in sqrt
  Vsonic = (i['gamma']*i['R']*i['Ts'])**0.5
C:\Users\MEO\Desktop\Projects\JetEngine\boomsonic_v0\.venv\Lib\site-packages\pycycle\thermo\static_ps_resid.py:108: RuntimeWarning: invalid value encountered in sqrt
  Vsonic = (i['gamma']*i['R']*i['Ts'])**0.5
C:\Users\MEO\Desktop\Projects\JetEngine\boomsonic_v0\.venv\Lib\site-packages\pycycle\thermo\static_ps_resid.py:108: RuntimeWarning: invalid value encountered in sqrt
  Vsonic = (i['gamma']*i['R']*i['Ts'])**0.5
C:\Users\MEO\Desktop\Projects\JetEngine\boomsonic_v0\.venv\Lib\site-packages\pycycle\thermo\static_ps_resid.py:108: RuntimeWarning: invalid value encountered in sqrt
  Vsonic = (i['gamma']*i['R']*i['Ts'])**0.5
C:\Users\MEO\Desktop\Projects\JetEngine\boomsonic_v0\.venv\Lib\site-packages\pycycle\thermo\static_ps_resid.py:108: RuntimeWarning: invalid value encountered in sqrt
  Vsonic = (i['gamma']*i['R']*i['Ts'])**0.5
C:\Users\MEO\Desktop\Projects\JetEngine\boomsonic_v0\.venv\Lib\site-packages\pycycle\thermo\static_ps_resid.py:108: RuntimeWarning: invalid value encountered in sqrt
  Vsonic = (i['gamma']*i['R']*i['Ts'])**0.5
C:\Users\MEO\Desktop\Projects\JetEngine\boomsonic_v0\.venv\Lib\site-packages\pycycle\thermo\static_ps_resid.py:108: RuntimeWarning: invalid value encountered in sqrt
  Vsonic = (i['gamma']*i['R']*i['Ts'])**0.5
C:\Users\MEO\Desktop\Projects\JetEngine\boomsonic_v0\.venv\Lib\site-packages\pycycle\thermo\static_ps_resid.py:108: RuntimeWarning: invalid value encountered in sqrt
  Vsonic = (i['gamma']*i['R']*i['Ts'])**0.5
C:\Users\MEO\Desktop\Projects\JetEngine\boomsonic_v0\.venv\Lib\site-packages\pycycle\thermo\static_ps_resid.py:108: RuntimeWarning: invalid value encountered in sqrt
  Vsonic = (i['gamma']*i['R']*i['Ts'])**0.5
C:\Users\MEO\Desktop\Projects\JetEngine\boomsonic_v0\.venv\Lib\site-packages\pycycle\thermo\static_ps_resid.py:108: RuntimeWarning: invalid value encountered in sqrt
  Vsonic = (i['gamma']*i['R']*i['Ts'])**0.5
C:\Users\MEO\Desktop\Projects\JetEngine\boomsonic_v0\.venv\Lib\site-packages\pycycle\thermo\static_ps_resid.py:108: RuntimeWarning: invalid value encountered in sqrt
  Vsonic = (i['gamma']*i['R']*i['Ts'])**0.5
C:\Users\MEO\Desktop\Projects\JetEngine\boomsonic_v0\.venv\Lib\site-packages\pycycle\thermo\static_ps_calc.py:32: RuntimeWarning: invalid value encountered in sqrt
  outputs['Vsonic'] = Vsonic = np.sqrt(inputs['gamma'] * inputs['R'] * inputs['Ts'])
C:\Users\MEO\Desktop\Projects\JetEngine\boomsonic_v0\.venv\Lib\site-packages\pycycle\elements\compressor.py:75: RuntimeWarning: invalid value encountered in log
  outputs['eff_poly'] = Rt * np.log(PR) / ( Rt*np.log(PR) + S_out - S_in )
C:\Users\MEO\Desktop\Projects\JetEngine\boomsonic_v0\.venv\Lib\site-packages\pycycle\thermo\static_ps_resid.py:128: RuntimeWarning: invalid value encountered in sqrt
  Vsonic = (i['gamma']*i['R']*i['Ts'])**0.5
C:\Users\MEO\Desktop\Projects\JetEngine\boomsonic_v0\.venv\Lib\site-packages\pycycle\thermo\static_ps_resid.py:98: RuntimeWarning: invalid value encountered in power
  ps_guess = inputs['guess:Pt'] * (1 + (gamt-1)/2 * M_guess**2)**(-gamt/(gamt-1))
C:\Users\MEO\Desktop\Projects\JetEngine\boomsonic_v0\.venv\Lib\site-packages\pycycle\thermo\static_ps_resid.py:93: RuntimeWarning: invalid value encountered in power
  f1 = ps - inputs['guess:Pt'] * (1 + (gamt-1)/2 * M_guess**2)**(-gamt/(gamt-1))
C:\Users\MEO\Desktop\Projects\JetEngine\boomsonic_v0\.venv\Lib\site-packages\pycycle\thermo\static_ps_resid.py:94: RuntimeWarning: invalid value encountered in sqrt
  f2 = MN - inputs['W']*(R_UNIVERSAL_SI*inputs['Ts'])**0.5/(ps_guess*1.0e6*inputs['area']*gamt**0.5)
C:\Users\MEO\Desktop\Projects\JetEngine\boomsonic_v0\.venv\Lib\site-packages\pycycle\thermo\static_ps_resid.py:99: RuntimeWarning: The iteration is not making good progress, as measured by the 
 improvement from the last ten iterations.
  ps_guess, M_guess = fsolve(equations, (ps_guess, M_guess))
C:\Users\MEO\Desktop\Projects\JetEngine\boomsonic_v0\.venv\Lib\site-packages\pycycle\thermo\static_ps_resid.py:83: RuntimeWarning: invalid value encountered in power
  ps_guess = inputs['guess:Pt'] * (1 + (gamt-1)/2 * inputs['MN']**2)**(-gamt/(gamt-1))
C:\Users\MEO\Desktop\Projects\JetEngine\boomsonic_v0\.venv\Lib\site-packages\openmdao\solvers\solver.py:819: SolverWarning:Your model has stalled three times and may be violating the bounds. In the future, turn on print_bound_enforce in your solver options here: 
OD0.comp.ideal_flow.nonlinear_solver.linesearch.options['print_bound_enforce']=True. 
The bound(s) being violated now are:

C:\Users\MEO\Desktop\Projects\JetEngine\boomsonic_v0\.venv\Lib\site-packages\openmdao\solvers\linesearch\backtracking.py:39: SolverWarning:'OD0.comp.ideal_flow.balance.T' exceeds lower bounds
  Val: [-16398786.55355314]
  Lower: [150.]

C:\Users\MEO\Desktop\Projects\JetEngine\boomsonic_v0\.venv\Lib\site-packages\pycycle\elements\compressor.py:75: RuntimeWarning: invalid value encountered in log
  outputs['eff_poly'] = Rt * np.log(PR) / ( Rt*np.log(PR) + S_out - S_in )
C:\Users\MEO\Desktop\Projects\JetEngine\boomsonic_v0\.venv\Lib\site-packages\pycycle\thermo\static_ps_resid.py:128: RuntimeWarning: invalid value encountered in sqrt
  Vsonic = (i['gamma']*i['R']*i['Ts'])**0.5
C:\Users\MEO\Desktop\Projects\JetEngine\boomsonic_v0\.venv\Lib\site-packages\pycycle\thermo\static_ps_resid.py:98: RuntimeWarning: invalid value encountered in power
  ps_guess = inputs['guess:Pt'] * (1 + (gamt-1)/2 * M_guess**2)**(-gamt/(gamt-1))
C:\Users\MEO\Desktop\Projects\JetEngine\boomsonic_v0\.venv\Lib\site-packages\pycycle\thermo\static_ps_resid.py:93: RuntimeWarning: invalid value encountered in power
  f1 = ps - inputs['guess:Pt'] * (1 + (gamt-1)/2 * M_guess**2)**(-gamt/(gamt-1))
C:\Users\MEO\Desktop\Projects\JetEngine\boomsonic_v0\.venv\Lib\site-packages\pycycle\thermo\static_ps_resid.py:94: RuntimeWarning: invalid value encountered in sqrt
  f2 = MN - inputs['W']*(R_UNIVERSAL_SI*inputs['Ts'])**0.5/(ps_guess*1.0e6*inputs['area']*gamt**0.5)
C:\Users\MEO\Desktop\Projects\JetEngine\boomsonic_v0\.venv\Lib\site-packages\pycycle\thermo\static_ps_resid.py:99: RuntimeWarning: The iteration is not making good progress, as measured by the 
 improvement from the last ten iterations.
  ps_guess, M_guess = fsolve(equations, (ps_guess, M_guess))
C:\Users\MEO\Desktop\Projects\JetEngine\boomsonic_v0\.venv\Lib\site-packages\pycycle\thermo\static_ps_resid.py:128: RuntimeWarning: invalid value encountered in sqrt
  Vsonic = (i['gamma']*i['R']*i['Ts'])**0.5
C:\Users\MEO\Desktop\Projects\JetEngine\boomsonic_v0\.venv\Lib\site-packages\pycycle\thermo\static_ps_resid.py:128: RuntimeWarning: invalid value encountered in sqrt
  Vsonic = (i['gamma']*i['R']*i['Ts'])**0.5
C:\Users\MEO\Desktop\Projects\JetEngine\boomsonic_v0\.venv\Lib\site-packages\pycycle\thermo\static_ps_resid.py:128: RuntimeWarning: invalid value encountered in sqrt
  Vsonic = (i['gamma']*i['R']*i['Ts'])**0.5
C:\Users\MEO\Desktop\Projects\JetEngine\boomsonic_v0\.venv\Lib\site-packages\pycycle\thermo\static_ps_resid.py:128: RuntimeWarning: invalid value encountered in sqrt
  Vsonic = (i['gamma']*i['R']*i['Ts'])**0.5
C:\Users\MEO\Desktop\Projects\JetEngine\boomsonic_v0\.venv\Lib\site-packages\pycycle\thermo\static_ps_resid.py:128: RuntimeWarning: invalid value encountered in sqrt
  Vsonic = (i['gamma']*i['R']*i['Ts'])**0.5
C:\Users\MEO\Desktop\Projects\JetEngine\boomsonic_v0\.venv\Lib\site-packages\pycycle\thermo\static_ps_resid.py:128: RuntimeWarning: invalid value encountered in sqrt
  Vsonic = (i['gamma']*i['R']*i['Ts'])**0.5
C:\Users\MEO\Desktop\Projects\JetEngine\boomsonic_v0\.venv\Lib\site-packages\pycycle\thermo\static_ps_resid.py:128: RuntimeWarning: invalid value encountered in sqrt
  Vsonic = (i['gamma']*i['R']*i['Ts'])**0.5
C:\Users\MEO\Desktop\Projects\JetEngine\boomsonic_v0\.venv\Lib\site-packages\pycycle\thermo\static_ps_resid.py:128: RuntimeWarning: invalid value encountered in sqrt
  Vsonic = (i['gamma']*i['R']*i['Ts'])**0.5
C:\Users\MEO\Desktop\Projects\JetEngine\boomsonic_v0\.venv\Lib\site-packages\pycycle\thermo\static_ps_resid.py:128: RuntimeWarning: invalid value encountered in sqrt
  Vsonic = (i['gamma']*i['R']*i['Ts'])**0.5
C:\Users\MEO\Desktop\Projects\JetEngine\boomsonic_v0\.venv\Lib\site-packages\pycycle\thermo\static_ps_resid.py:128: RuntimeWarning: invalid value encountered in sqrt
  Vsonic = (i['gamma']*i['R']*i['Ts'])**0.5
C:\Users\MEO\Desktop\Projects\JetEngine\boomsonic_v0\.venv\Lib\site-packages\pycycle\thermo\static_ps_resid.py:128: RuntimeWarning: invalid value encountered in sqrt
  Vsonic = (i['gamma']*i['R']*i['Ts'])**0.5
C:\Users\MEO\Desktop\Projects\JetEngine\boomsonic_v0\.venv\Lib\site-packages\pycycle\thermo\static_ps_resid.py:108: RuntimeWarning: invalid value encountered in sqrt
  Vsonic = (i['gamma']*i['R']*i['Ts'])**0.5
C:\Users\MEO\Desktop\Projects\JetEngine\boomsonic_v0\.venv\Lib\site-packages\pycycle\thermo\static_ps_resid.py:83: RuntimeWarning: invalid value encountered in power
  ps_guess = inputs['guess:Pt'] * (1 + (gamt-1)/2 * inputs['MN']**2)**(-gamt/(gamt-1))
C:\Users\MEO\Desktop\Projects\JetEngine\boomsonic_v0\.venv\Lib\site-packages\pycycle\thermo\static_ps_resid.py:108: RuntimeWarning: invalid value encountered in sqrt
  Vsonic = (i['gamma']*i['R']*i['Ts'])**0.5
C:\Users\MEO\Desktop\Projects\JetEngine\boomsonic_v0\.venv\Lib\site-packages\pycycle\thermo\static_ps_resid.py:108: RuntimeWarning: invalid value encountered in sqrt
  Vsonic = (i['gamma']*i['R']*i['Ts'])**0.5
C:\Users\MEO\Desktop\Projects\JetEngine\boomsonic_v0\.venv\Lib\site-packages\pycycle\thermo\static_ps_resid.py:108: RuntimeWarning: invalid value encountered in sqrt
  Vsonic = (i['gamma']*i['R']*i['Ts'])**0.5
C:\Users\MEO\Desktop\Projects\JetEngine\boomsonic_v0\.venv\Lib\site-packages\pycycle\thermo\static_ps_resid.py:108: RuntimeWarning: invalid value encountered in sqrt
  Vsonic = (i['gamma']*i['R']*i['Ts'])**0.5
C:\Users\MEO\Desktop\Projects\JetEngine\boomsonic_v0\.venv\Lib\site-packages\pycycle\thermo\static_ps_resid.py:108: RuntimeWarning: invalid value encountered in sqrt
  Vsonic = (i['gamma']*i['R']*i['Ts'])**0.5
C:\Users\MEO\Desktop\Projects\JetEngine\boomsonic_v0\.venv\Lib\site-packages\pycycle\thermo\static_ps_resid.py:108: RuntimeWarning: invalid value encountered in sqrt
  Vsonic = (i['gamma']*i['R']*i['Ts'])**0.5
C:\Users\MEO\Desktop\Projects\JetEngine\boomsonic_v0\.venv\Lib\site-packages\pycycle\thermo\static_ps_resid.py:108: RuntimeWarning: invalid value encountered in sqrt
  Vsonic = (i['gamma']*i['R']*i['Ts'])**0.5
C:\Users\MEO\Desktop\Projects\JetEngine\boomsonic_v0\.venv\Lib\site-packages\pycycle\thermo\static_ps_resid.py:108: RuntimeWarning: invalid value encountered in sqrt
  Vsonic = (i['gamma']*i['R']*i['Ts'])**0.5
C:\Users\MEO\Desktop\Projects\JetEngine\boomsonic_v0\.venv\Lib\site-packages\pycycle\thermo\static_ps_resid.py:108: RuntimeWarning: invalid value encountered in sqrt
  Vsonic = (i['gamma']*i['R']*i['Ts'])**0.5
C:\Users\MEO\Desktop\Projects\JetEngine\boomsonic_v0\.venv\Lib\site-packages\pycycle\thermo\static_ps_resid.py:108: RuntimeWarning: invalid value encountered in sqrt
  Vsonic = (i['gamma']*i['R']*i['Ts'])**0.5
C:\Users\MEO\Desktop\Projects\JetEngine\boomsonic_v0\.venv\Lib\site-packages\pycycle\thermo\static_ps_resid.py:108: RuntimeWarning: invalid value encountered in sqrt
  Vsonic = (i['gamma']*i['R']*i['Ts'])**0.5
C:\Users\MEO\Desktop\Projects\JetEngine\boomsonic_v0\.venv\Lib\site-packages\pycycle\thermo\static_ps_calc.py:32: RuntimeWarning: invalid value encountered in sqrt
  outputs['Vsonic'] = Vsonic = np.sqrt(inputs['gamma'] * inputs['R'] * inputs['Ts'])
C:\Users\MEO\Desktop\Projects\JetEngine\boomsonic_v0\.venv\Lib\site-packages\pycycle\elements\compressor.py:75: RuntimeWarning: invalid value encountered in log
  outputs['eff_poly'] = Rt * np.log(PR) / ( Rt*np.log(PR) + S_out - S_in )
C:\Users\MEO\Desktop\Projects\JetEngine\boomsonic_v0\.venv\Lib\site-packages\pycycle\thermo\static_ps_resid.py:128: RuntimeWarning: invalid value encountered in sqrt
  Vsonic = (i['gamma']*i['R']*i['Ts'])**0.5
C:\Users\MEO\Desktop\Projects\JetEngine\boomsonic_v0\.venv\Lib\site-packages\pycycle\thermo\static_ps_resid.py:98: RuntimeWarning: invalid value encountered in power
  ps_guess = inputs['guess:Pt'] * (1 + (gamt-1)/2 * M_guess**2)**(-gamt/(gamt-1))
C:\Users\MEO\Desktop\Projects\JetEngine\boomsonic_v0\.venv\Lib\site-packages\pycycle\thermo\static_ps_resid.py:93: RuntimeWarning: invalid value encountered in power
  f1 = ps - inputs['guess:Pt'] * (1 + (gamt-1)/2 * M_guess**2)**(-gamt/(gamt-1))
C:\Users\MEO\Desktop\Projects\JetEngine\boomsonic_v0\.venv\Lib\site-packages\pycycle\thermo\static_ps_resid.py:94: RuntimeWarning: invalid value encountered in sqrt
  f2 = MN - inputs['W']*(R_UNIVERSAL_SI*inputs['Ts'])**0.5/(ps_guess*1.0e6*inputs['area']*gamt**0.5)
C:\Users\MEO\Desktop\Projects\JetEngine\boomsonic_v0\.venv\Lib\site-packages\pycycle\thermo\static_ps_resid.py:99: RuntimeWarning: The iteration is not making good progress, as measured by the 
 improvement from the last ten iterations.
  ps_guess, M_guess = fsolve(equations, (ps_guess, M_guess))
C:\Users\MEO\Desktop\Projects\JetEngine\boomsonic_v0\.venv\Lib\site-packages\pycycle\thermo\static_ps_resid.py:83: RuntimeWarning: invalid value encountered in power
  ps_guess = inputs['guess:Pt'] * (1 + (gamt-1)/2 * inputs['MN']**2)**(-gamt/(gamt-1))
C:\Users\MEO\Desktop\Projects\JetEngine\boomsonic_v0\.venv\Lib\site-packages\pycycle\thermo\static_ps_resid.py:128: RuntimeWarning: invalid value encountered in sqrt
  Vsonic = (i['gamma']*i['R']*i['Ts'])**0.5
C:\Users\MEO\Desktop\Projects\JetEngine\boomsonic_v0\.venv\Lib\site-packages\pycycle\thermo\static_ps_resid.py:128: RuntimeWarning: invalid value encountered in sqrt
  Vsonic = (i['gamma']*i['R']*i['Ts'])**0.5
C:\Users\MEO\Desktop\Projects\JetEngine\boomsonic_v0\.venv\Lib\site-packages\pycycle\thermo\static_ps_resid.py:128: RuntimeWarning: invalid value encountered in sqrt
  Vsonic = (i['gamma']*i['R']*i['Ts'])**0.5
C:\Users\MEO\Desktop\Projects\JetEngine\boomsonic_v0\.venv\Lib\site-packages\pycycle\thermo\static_ps_resid.py:108: RuntimeWarning: invalid value encountered in sqrt
  Vsonic = (i['gamma']*i['R']*i['Ts'])**0.5
C:\Users\MEO\Desktop\Projects\JetEngine\boomsonic_v0\.venv\Lib\site-packages\pycycle\elements\turbine.py:40: RuntimeWarning: invalid value encountered in sqrt
  outputs['Wp'] = inputs['W_in'] * inputs['Tt']**0.5 / inputs['Pt']
C:\Users\MEO\Desktop\Projects\JetEngine\boomsonic_v0\.venv\Lib\site-packages\pycycle\elements\turbine.py:41: RuntimeWarning: invalid value encountered in power
  outputs['Np'] = inputs['Nmech'] * inputs['Tt']**-0.5
C:\Users\MEO\Desktop\Projects\JetEngine\boomsonic_v0\.venv\Lib\site-packages\pycycle\elements\turbine.py:89: RuntimeWarning: invalid value encountered in log
  outputs['eff_poly'] = 1 + (S_out-S_in)/(Rt*np.log(invPR))
C:\Users\MEO\Desktop\Projects\JetEngine\boomsonic_v0\.venv\Lib\site-packages\openmdao\solvers\solver.py:819: SolverWarning:Your model has stalled three times and may be violating the bounds. In the future, turn on print_bound_enforce in your solver options here: 
OD0.comp.ideal_flow.nonlinear_solver.linesearch.options['print_bound_enforce']=True. 
The bound(s) being violated now are:

C:\Users\MEO\Desktop\Projects\JetEngine\boomsonic_v0\.venv\Lib\site-packages\openmdao\solvers\linesearch\backtracking.py:39: SolverWarning:'OD0.comp.ideal_flow.balance.T' exceeds lower bounds
  Val: [-23745123.54892161]
  Lower: [150.]

C:\Users\MEO\Desktop\Projects\JetEngine\boomsonic_v0\.venv\Lib\site-packages\pycycle\elements\compressor.py:75: RuntimeWarning: invalid value encountered in log
  outputs['eff_poly'] = Rt * np.log(PR) / ( Rt*np.log(PR) + S_out - S_in )
C:\Users\MEO\Desktop\Projects\JetEngine\boomsonic_v0\.venv\Lib\site-packages\pycycle\thermo\static_ps_resid.py:98: RuntimeWarning: invalid value encountered in power
  ps_guess = inputs['guess:Pt'] * (1 + (gamt-1)/2 * M_guess**2)**(-gamt/(gamt-1))
C:\Users\MEO\Desktop\Projects\JetEngine\boomsonic_v0\.venv\Lib\site-packages\pycycle\thermo\static_ps_resid.py:93: RuntimeWarning: invalid value encountered in power
  f1 = ps - inputs['guess:Pt'] * (1 + (gamt-1)/2 * M_guess**2)**(-gamt/(gamt-1))
C:\Users\MEO\Desktop\Projects\JetEngine\boomsonic_v0\.venv\Lib\site-packages\pycycle\thermo\static_ps_resid.py:94: RuntimeWarning: invalid value encountered in sqrt
  f2 = MN - inputs['W']*(R_UNIVERSAL_SI*inputs['Ts'])**0.5/(ps_guess*1.0e6*inputs['area']*gamt**0.5)
C:\Users\MEO\Desktop\Projects\JetEngine\boomsonic_v0\.venv\Lib\site-packages\pycycle\thermo\static_ps_resid.py:99: RuntimeWarning: The iteration is not making good progress, as measured by the 
 improvement from the last ten iterations.
  ps_guess, M_guess = fsolve(equations, (ps_guess, M_guess))
C:\Users\MEO\Desktop\Projects\JetEngine\boomsonic_v0\.venv\Lib\site-packages\pycycle\thermo\static_ps_resid.py:128: RuntimeWarning: invalid value encountered in sqrt
  Vsonic = (i['gamma']*i['R']*i['Ts'])**0.5
C:\Users\MEO\Desktop\Projects\JetEngine\boomsonic_v0\.venv\Lib\site-packages\pycycle\thermo\static_ps_resid.py:128: RuntimeWarning: invalid value encountered in sqrt
  Vsonic = (i['gamma']*i['R']*i['Ts'])**0.5
C:\Users\MEO\Desktop\Projects\JetEngine\boomsonic_v0\.venv\Lib\site-packages\pycycle\thermo\static_ps_resid.py:128: RuntimeWarning: invalid value encountered in sqrt
  Vsonic = (i['gamma']*i['R']*i['Ts'])**0.5
C:\Users\MEO\Desktop\Projects\JetEngine\boomsonic_v0\.venv\Lib\site-packages\pycycle\thermo\static_ps_resid.py:128: RuntimeWarning: invalid value encountered in sqrt
  Vsonic = (i['gamma']*i['R']*i['Ts'])**0.5
C:\Users\MEO\Desktop\Projects\JetEngine\boomsonic_v0\.venv\Lib\site-packages\pycycle\thermo\static_ps_resid.py:128: RuntimeWarning: invalid value encountered in sqrt
  Vsonic = (i['gamma']*i['R']*i['Ts'])**0.5
C:\Users\MEO\Desktop\Projects\JetEngine\boomsonic_v0\.venv\Lib\site-packages\pycycle\thermo\static_ps_resid.py:128: RuntimeWarning: invalid value encountered in sqrt
  Vsonic = (i['gamma']*i['R']*i['Ts'])**0.5
C:\Users\MEO\Desktop\Projects\JetEngine\boomsonic_v0\.venv\Lib\site-packages\pycycle\thermo\static_ps_resid.py:128: RuntimeWarning: invalid value encountered in sqrt
  Vsonic = (i['gamma']*i['R']*i['Ts'])**0.5
C:\Users\MEO\Desktop\Projects\JetEngine\boomsonic_v0\.venv\Lib\site-packages\pycycle\thermo\static_ps_resid.py:128: RuntimeWarning: invalid value encountered in sqrt
  Vsonic = (i['gamma']*i['R']*i['Ts'])**0.5
C:\Users\MEO\Desktop\Projects\JetEngine\boomsonic_v0\.venv\Lib\site-packages\pycycle\thermo\static_ps_resid.py:128: RuntimeWarning: invalid value encountered in sqrt
  Vsonic = (i['gamma']*i['R']*i['Ts'])**0.5
C:\Users\MEO\Desktop\Projects\JetEngine\boomsonic_v0\.venv\Lib\site-packages\openmdao\solvers\solver.py:819: SolverWarning:Your model has stalled three times and may be violating the bounds. In the future, turn on print_bound_enforce in your solver options here: 
OD0.burner.vitiated_flow.nonlinear_solver.linesearch.options['print_bound_enforce']=True. 
The bound(s) being violated now are:

C:\Users\MEO\Desktop\Projects\JetEngine\boomsonic_v0\.venv\Lib\site-packages\pycycle\thermo\static_ps_resid.py:98: RuntimeWarning: invalid value encountered in power
  ps_guess = inputs['guess:Pt'] * (1 + (gamt-1)/2 * M_guess**2)**(-gamt/(gamt-1))
C:\Users\MEO\Desktop\Projects\JetEngine\boomsonic_v0\.venv\Lib\site-packages\pycycle\thermo\static_ps_resid.py:93: RuntimeWarning: invalid value encountered in power
  f1 = ps - inputs['guess:Pt'] * (1 + (gamt-1)/2 * M_guess**2)**(-gamt/(gamt-1))
C:\Users\MEO\Desktop\Projects\JetEngine\boomsonic_v0\.venv\Lib\site-packages\pycycle\thermo\static_ps_resid.py:94: RuntimeWarning: invalid value encountered in sqrt
  f2 = MN - inputs['W']*(R_UNIVERSAL_SI*inputs['Ts'])**0.5/(ps_guess*1.0e6*inputs['area']*gamt**0.5)
C:\Users\MEO\Desktop\Projects\JetEngine\boomsonic_v0\.venv\Lib\site-packages\pycycle\thermo\static_ps_resid.py:99: RuntimeWarning: The iteration is not making good progress, as measured by the 
 improvement from the last ten iterations.
  ps_guess, M_guess = fsolve(equations, (ps_guess, M_guess))
C:\Users\MEO\Desktop\Projects\JetEngine\boomsonic_v0\.venv\Lib\site-packages\pycycle\thermo\static_ps_resid.py:128: RuntimeWarning: invalid value encountered in sqrt
  Vsonic = (i['gamma']*i['R']*i['Ts'])**0.5
C:\Users\MEO\Desktop\Projects\JetEngine\boomsonic_v0\.venv\Lib\site-packages\pycycle\thermo\static_ps_resid.py:128: RuntimeWarning: invalid value encountered in sqrt
  Vsonic = (i['gamma']*i['R']*i['Ts'])**0.5
C:\Users\MEO\Desktop\Projects\JetEngine\boomsonic_v0\.venv\Lib\site-packages\pycycle\thermo\static_ps_resid.py:128: RuntimeWarning: invalid value encountered in sqrt
  Vsonic = (i['gamma']*i['R']*i['Ts'])**0.5
C:\Users\MEO\Desktop\Projects\JetEngine\boomsonic_v0\.venv\Lib\site-packages\pycycle\thermo\static_ps_resid.py:128: RuntimeWarning: invalid value encountered in sqrt
  Vsonic = (i['gamma']*i['R']*i['Ts'])**0.5
C:\Users\MEO\Desktop\Projects\JetEngine\boomsonic_v0\.venv\Lib\site-packages\pycycle\thermo\static_ps_resid.py:128: RuntimeWarning: invalid value encountered in sqrt
  Vsonic = (i['gamma']*i['R']*i['Ts'])**0.5
C:\Users\MEO\Desktop\Projects\JetEngine\boomsonic_v0\.venv\Lib\site-packages\pycycle\thermo\static_ps_resid.py:128: RuntimeWarning: invalid value encountered in sqrt
  Vsonic = (i['gamma']*i['R']*i['Ts'])**0.5
C:\Users\MEO\Desktop\Projects\JetEngine\boomsonic_v0\.venv\Lib\site-packages\pycycle\thermo\static_ps_resid.py:128: RuntimeWarning: invalid value encountered in sqrt
  Vsonic = (i['gamma']*i['R']*i['Ts'])**0.5
C:\Users\MEO\Desktop\Projects\JetEngine\boomsonic_v0\.venv\Lib\site-packages\pycycle\thermo\static_ps_resid.py:98: RuntimeWarning: invalid value encountered in power
  ps_guess = inputs['guess:Pt'] * (1 + (gamt-1)/2 * M_guess**2)**(-gamt/(gamt-1))
C:\Users\MEO\Desktop\Projects\JetEngine\boomsonic_v0\.venv\Lib\site-packages\pycycle\thermo\static_ps_resid.py:93: RuntimeWarning: invalid value encountered in power
  f1 = ps - inputs['guess:Pt'] * (1 + (gamt-1)/2 * M_guess**2)**(-gamt/(gamt-1))
C:\Users\MEO\Desktop\Projects\JetEngine\boomsonic_v0\.venv\Lib\site-packages\pycycle\thermo\static_ps_resid.py:94: RuntimeWarning: invalid value encountered in sqrt
  f2 = MN - inputs['W']*(R_UNIVERSAL_SI*inputs['Ts'])**0.5/(ps_guess*1.0e6*inputs['area']*gamt**0.5)
C:\Users\MEO\Desktop\Projects\JetEngine\boomsonic_v0\.venv\Lib\site-packages\pycycle\thermo\static_ps_resid.py:99: RuntimeWarning: The iteration is not making good progress, as measured by the 
 improvement from the last ten iterations.
  ps_guess, M_guess = fsolve(equations, (ps_guess, M_guess))
C:\Users\MEO\Desktop\Projects\JetEngine\boomsonic_v0\.venv\Lib\site-packages\pycycle\thermo\static_ps_resid.py:128: RuntimeWarning: invalid value encountered in sqrt
  Vsonic = (i['gamma']*i['R']*i['Ts'])**0.5
C:\Users\MEO\Desktop\Projects\JetEngine\boomsonic_v0\.venv\Lib\site-packages\pycycle\thermo\static_ps_resid.py:128: RuntimeWarning: invalid value encountered in sqrt
  Vsonic = (i['gamma']*i['R']*i['Ts'])**0.5
C:\Users\MEO\Desktop\Projects\JetEngine\boomsonic_v0\.venv\Lib\site-packages\pycycle\thermo\static_ps_resid.py:128: RuntimeWarning: invalid value encountered in sqrt
  Vsonic = (i['gamma']*i['R']*i['Ts'])**0.5
C:\Users\MEO\Desktop\Projects\JetEngine\boomsonic_v0\.venv\Lib\site-packages\pycycle\thermo\static_ps_resid.py:128: RuntimeWarning: invalid value encountered in sqrt
  Vsonic = (i['gamma']*i['R']*i['Ts'])**0.5
C:\Users\MEO\Desktop\Projects\JetEngine\boomsonic_v0\.venv\Lib\site-packages\pycycle\thermo\static_ps_resid.py:128: RuntimeWarning: invalid value encountered in sqrt
  Vsonic = (i['gamma']*i['R']*i['Ts'])**0.5
C:\Users\MEO\Desktop\Projects\JetEngine\boomsonic_v0\.venv\Lib\site-packages\pycycle\thermo\static_ps_resid.py:128: RuntimeWarning: invalid value encountered in sqrt
  Vsonic = (i['gamma']*i['R']*i['Ts'])**0.5
C:\Users\MEO\Desktop\Projects\JetEngine\boomsonic_v0\.venv\Lib\site-packages\pycycle\thermo\static_ps_resid.py:128: RuntimeWarning: invalid value encountered in sqrt
  Vsonic = (i['gamma']*i['R']*i['Ts'])**0.5
C:\Users\MEO\Desktop\Projects\JetEngine\boomsonic_v0\.venv\Lib\site-packages\pycycle\thermo\static_ps_resid.py:128: RuntimeWarning: invalid value encountered in sqrt
  Vsonic = (i['gamma']*i['R']*i['Ts'])**0.5
C:\Users\MEO\Desktop\Projects\JetEngine\boomsonic_v0\.venv\Lib\site-packages\pycycle\thermo\static_ps_resid.py:83: RuntimeWarning: invalid value encountered in power
  ps_guess = inputs['guess:Pt'] * (1 + (gamt-1)/2 * inputs['MN']**2)**(-gamt/(gamt-1))
C:\Users\MEO\Desktop\Projects\JetEngine\boomsonic_v0\.venv\Lib\site-packages\pycycle\thermo\static_ps_resid.py:108: RuntimeWarning: invalid value encountered in sqrt
  Vsonic = (i['gamma']*i['R']*i['Ts'])**0.5
C:\Users\MEO\Desktop\Projects\JetEngine\boomsonic_v0\.venv\Lib\site-packages\pycycle\thermo\static_ps_resid.py:108: RuntimeWarning: invalid value encountered in sqrt
  Vsonic = (i['gamma']*i['R']*i['Ts'])**0.5
C:\Users\MEO\Desktop\Projects\JetEngine\boomsonic_v0\.venv\Lib\site-packages\pycycle\thermo\static_ps_resid.py:108: RuntimeWarning: invalid value encountered in sqrt
  Vsonic = (i['gamma']*i['R']*i['Ts'])**0.5
C:\Users\MEO\Desktop\Projects\JetEngine\boomsonic_v0\.venv\Lib\site-packages\pycycle\thermo\static_ps_resid.py:108: RuntimeWarning: invalid value encountered in sqrt
  Vsonic = (i['gamma']*i['R']*i['Ts'])**0.5
C:\Users\MEO\Desktop\Projects\JetEngine\boomsonic_v0\.venv\Lib\site-packages\pycycle\thermo\static_ps_resid.py:108: RuntimeWarning: invalid value encountered in sqrt
  Vsonic = (i['gamma']*i['R']*i['Ts'])**0.5
C:\Users\MEO\Desktop\Projects\JetEngine\boomsonic_v0\.venv\Lib\site-packages\pycycle\thermo\static_ps_resid.py:108: RuntimeWarning: invalid value encountered in sqrt
  Vsonic = (i['gamma']*i['R']*i['Ts'])**0.5
C:\Users\MEO\Desktop\Projects\JetEngine\boomsonic_v0\.venv\Lib\site-packages\pycycle\thermo\static_ps_resid.py:108: RuntimeWarning: invalid value encountered in sqrt
  Vsonic = (i['gamma']*i['R']*i['Ts'])**0.5
C:\Users\MEO\Desktop\Projects\JetEngine\boomsonic_v0\.venv\Lib\site-packages\pycycle\thermo\static_ps_resid.py:108: RuntimeWarning: invalid value encountered in sqrt
  Vsonic = (i['gamma']*i['R']*i['Ts'])**0.5
C:\Users\MEO\Desktop\Projects\JetEngine\boomsonic_v0\.venv\Lib\site-packages\pycycle\thermo\static_ps_resid.py:108: RuntimeWarning: invalid value encountered in sqrt
  Vsonic = (i['gamma']*i['R']*i['Ts'])**0.5
C:\Users\MEO\Desktop\Projects\JetEngine\boomsonic_v0\.venv\Lib\site-packages\pycycle\thermo\static_ps_resid.py:108: RuntimeWarning: invalid value encountered in sqrt
  Vsonic = (i['gamma']*i['R']*i['Ts'])**0.5
C:\Users\MEO\Desktop\Projects\JetEngine\boomsonic_v0\.venv\Lib\site-packages\pycycle\thermo\static_ps_calc.py:32: RuntimeWarning: invalid value encountered in sqrt
  outputs['Vsonic'] = Vsonic = np.sqrt(inputs['gamma'] * inputs['R'] * inputs['Ts'])
C:\Users\MEO\Desktop\Projects\JetEngine\boomsonic_v0\.venv\Lib\site-packages\pycycle\thermo\static_ps_calc.py:32: RuntimeWarning: invalid value encountered in sqrt
  outputs['Vsonic'] = Vsonic = np.sqrt(inputs['gamma'] * inputs['R'] * inputs['Ts'])
C:\Users\MEO\Desktop\Projects\JetEngine\boomsonic_v0\.venv\Lib\site-packages\pycycle\elements\compressor.py:75: RuntimeWarning: invalid value encountered in log
  outputs['eff_poly'] = Rt * np.log(PR) / ( Rt*np.log(PR) + S_out - S_in )
C:\Users\MEO\Desktop\Projects\JetEngine\boomsonic_v0\.venv\Lib\site-packages\pycycle\thermo\static_ps_resid.py:128: RuntimeWarning: invalid value encountered in sqrt
  Vsonic = (i['gamma']*i['R']*i['Ts'])**0.5
C:\Users\MEO\Desktop\Projects\JetEngine\boomsonic_v0\.venv\Lib\site-packages\pycycle\thermo\static_ps_resid.py:108: RuntimeWarning: invalid value encountered in sqrt
  Vsonic = (i['gamma']*i['R']*i['Ts'])**0.5
C:\Users\MEO\Desktop\Projects\JetEngine\boomsonic_v0\.venv\Lib\site-packages\pycycle\thermo\static_ps_resid.py:98: RuntimeWarning: invalid value encountered in power
  ps_guess = inputs['guess:Pt'] * (1 + (gamt-1)/2 * M_guess**2)**(-gamt/(gamt-1))
C:\Users\MEO\Desktop\Projects\JetEngine\boomsonic_v0\.venv\Lib\site-packages\pycycle\thermo\static_ps_resid.py:93: RuntimeWarning: invalid value encountered in power
  f1 = ps - inputs['guess:Pt'] * (1 + (gamt-1)/2 * M_guess**2)**(-gamt/(gamt-1))
C:\Users\MEO\Desktop\Projects\JetEngine\boomsonic_v0\.venv\Lib\site-packages\pycycle\thermo\static_ps_resid.py:94: RuntimeWarning: invalid value encountered in sqrt
  f2 = MN - inputs['W']*(R_UNIVERSAL_SI*inputs['Ts'])**0.5/(ps_guess*1.0e6*inputs['area']*gamt**0.5)
C:\Users\MEO\Desktop\Projects\JetEngine\boomsonic_v0\.venv\Lib\site-packages\pycycle\thermo\static_ps_resid.py:99: RuntimeWarning: The iteration is not making good progress, as measured by the 
 improvement from the last ten iterations.
  ps_guess, M_guess = fsolve(equations, (ps_guess, M_guess))
C:\Users\MEO\Desktop\Projects\JetEngine\boomsonic_v0\.venv\Lib\site-packages\pycycle\thermo\static_ps_resid.py:83: RuntimeWarning: invalid value encountered in power
  ps_guess = inputs['guess:Pt'] * (1 + (gamt-1)/2 * inputs['MN']**2)**(-gamt/(gamt-1))
C:\Users\MEO\Desktop\Projects\JetEngine\boomsonic_v0\.venv\Lib\site-packages\openmdao\solvers\solver.py:819: SolverWarning:Your model has stalled three times and may be violating the bounds. In the future, turn on print_bound_enforce in your solver options here: 
OD0.comp.ideal_flow.nonlinear_solver.linesearch.options['print_bound_enforce']=True. 
The bound(s) being violated now are:

C:\Users\MEO\Desktop\Projects\JetEngine\boomsonic_v0\.venv\Lib\site-packages\openmdao\solvers\linesearch\backtracking.py:39: SolverWarning:'OD0.comp.ideal_flow.balance.T' exceeds lower bounds
  Val: [-23745123.5489216]
  Lower: [150.]

C:\Users\MEO\Desktop\Projects\JetEngine\boomsonic_v0\.venv\Lib\site-packages\pycycle\elements\compressor.py:75: RuntimeWarning: invalid value encountered in log
  outputs['eff_poly'] = Rt * np.log(PR) / ( Rt*np.log(PR) + S_out - S_in )
C:\Users\MEO\Desktop\Projects\JetEngine\boomsonic_v0\.venv\Lib\site-packages\pycycle\thermo\static_ps_resid.py:128: RuntimeWarning: invalid value encountered in sqrt
  Vsonic = (i['gamma']*i['R']*i['Ts'])**0.5
C:\Users\MEO\Desktop\Projects\JetEngine\boomsonic_v0\.venv\Lib\site-packages\pycycle\thermo\static_ps_resid.py:128: RuntimeWarning: invalid value encountered in sqrt
  Vsonic = (i['gamma']*i['R']*i['Ts'])**0.5
C:\Users\MEO\Desktop\Projects\JetEngine\boomsonic_v0\.venv\Lib\site-packages\pycycle\thermo\static_ps_resid.py:128: RuntimeWarning: invalid value encountered in sqrt
  Vsonic = (i['gamma']*i['R']*i['Ts'])**0.5
C:\Users\MEO\Desktop\Projects\JetEngine\boomsonic_v0\.venv\Lib\site-packages\pycycle\thermo\static_ps_resid.py:128: RuntimeWarning: invalid value encountered in sqrt
  Vsonic = (i['gamma']*i['R']*i['Ts'])**0.5
C:\Users\MEO\Desktop\Projects\JetEngine\boomsonic_v0\.venv\Lib\site-packages\pycycle\thermo\static_ps_resid.py:128: RuntimeWarning: invalid value encountered in sqrt
  Vsonic = (i['gamma']*i['R']*i['Ts'])**0.5
C:\Users\MEO\Desktop\Projects\JetEngine\boomsonic_v0\.venv\Lib\site-packages\pycycle\thermo\static_ps_resid.py:128: RuntimeWarning: invalid value encountered in sqrt
  Vsonic = (i['gamma']*i['R']*i['Ts'])**0.5
C:\Users\MEO\Desktop\Projects\JetEngine\boomsonic_v0\.venv\Lib\site-packages\pycycle\thermo\static_ps_resid.py:98: RuntimeWarning: invalid value encountered in power
  ps_guess = inputs['guess:Pt'] * (1 + (gamt-1)/2 * M_guess**2)**(-gamt/(gamt-1))
C:\Users\MEO\Desktop\Projects\JetEngine\boomsonic_v0\.venv\Lib\site-packages\pycycle\thermo\static_ps_resid.py:93: RuntimeWarning: invalid value encountered in power
  f1 = ps - inputs['guess:Pt'] * (1 + (gamt-1)/2 * M_guess**2)**(-gamt/(gamt-1))
C:\Users\MEO\Desktop\Projects\JetEngine\boomsonic_v0\.venv\Lib\site-packages\pycycle\thermo\static_ps_resid.py:94: RuntimeWarning: invalid value encountered in sqrt
  f2 = MN - inputs['W']*(R_UNIVERSAL_SI*inputs['Ts'])**0.5/(ps_guess*1.0e6*inputs['area']*gamt**0.5)
C:\Users\MEO\Desktop\Projects\JetEngine\boomsonic_v0\.venv\Lib\site-packages\pycycle\thermo\static_ps_resid.py:99: RuntimeWarning: The iteration is not making good progress, as measured by the 
 improvement from the last ten iterations.
  ps_guess, M_guess = fsolve(equations, (ps_guess, M_guess))
C:\Users\MEO\Desktop\Projects\JetEngine\boomsonic_v0\.venv\Lib\site-packages\pycycle\thermo\static_ps_resid.py:128: RuntimeWarning: invalid value encountered in sqrt
  Vsonic = (i['gamma']*i['R']*i['Ts'])**0.5
C:\Users\MEO\Desktop\Projects\JetEngine\boomsonic_v0\.venv\Lib\site-packages\pycycle\thermo\static_ps_resid.py:128: RuntimeWarning: invalid value encountered in sqrt
  Vsonic = (i['gamma']*i['R']*i['Ts'])**0.5
C:\Users\MEO\Desktop\Projects\JetEngine\boomsonic_v0\.venv\Lib\site-packages\pycycle\thermo\static_ps_resid.py:128: RuntimeWarning: invalid value encountered in sqrt
  Vsonic = (i['gamma']*i['R']*i['Ts'])**0.5
C:\Users\MEO\Desktop\Projects\JetEngine\boomsonic_v0\.venv\Lib\site-packages\pycycle\thermo\static_ps_resid.py:128: RuntimeWarning: invalid value encountered in sqrt
  Vsonic = (i['gamma']*i['R']*i['Ts'])**0.5
C:\Users\MEO\Desktop\Projects\JetEngine\boomsonic_v0\.venv\Lib\site-packages\pycycle\thermo\static_ps_resid.py:128: RuntimeWarning: invalid value encountered in sqrt
  Vsonic = (i['gamma']*i['R']*i['Ts'])**0.5
C:\Users\MEO\Desktop\Projects\JetEngine\boomsonic_v0\.venv\Lib\site-packages\pycycle\thermo\static_ps_resid.py:128: RuntimeWarning: invalid value encountered in sqrt
  Vsonic = (i['gamma']*i['R']*i['Ts'])**0.5
C:\Users\MEO\Desktop\Projects\JetEngine\boomsonic_v0\.venv\Lib\site-packages\pycycle\thermo\static_ps_resid.py:108: RuntimeWarning: invalid value encountered in sqrt
  Vsonic = (i['gamma']*i['R']*i['Ts'])**0.5
C:\Users\MEO\Desktop\Projects\JetEngine\boomsonic_v0\.venv\Lib\site-packages\pycycle\thermo\static_ps_resid.py:83: RuntimeWarning: invalid value encountered in power
  ps_guess = inputs['guess:Pt'] * (1 + (gamt-1)/2 * inputs['MN']**2)**(-gamt/(gamt-1))
C:\Users\MEO\Desktop\Projects\JetEngine\boomsonic_v0\.venv\Lib\site-packages\pycycle\thermo\static_ps_resid.py:108: RuntimeWarning: invalid value encountered in sqrt
  Vsonic = (i['gamma']*i['R']*i['Ts'])**0.5
C:\Users\MEO\Desktop\Projects\JetEngine\boomsonic_v0\.venv\Lib\site-packages\pycycle\thermo\static_ps_resid.py:108: RuntimeWarning: invalid value encountered in sqrt
  Vsonic = (i['gamma']*i['R']*i['Ts'])**0.5
C:\Users\MEO\Desktop\Projects\JetEngine\boomsonic_v0\.venv\Lib\site-packages\pycycle\thermo\static_ps_resid.py:108: RuntimeWarning: invalid value encountered in sqrt
  Vsonic = (i['gamma']*i['R']*i['Ts'])**0.5
C:\Users\MEO\Desktop\Projects\JetEngine\boomsonic_v0\.venv\Lib\site-packages\pycycle\thermo\static_ps_resid.py:108: RuntimeWarning: invalid value encountered in sqrt
  Vsonic = (i['gamma']*i['R']*i['Ts'])**0.5
C:\Users\MEO\Desktop\Projects\JetEngine\boomsonic_v0\.venv\Lib\site-packages\pycycle\thermo\static_ps_resid.py:108: RuntimeWarning: invalid value encountered in sqrt
  Vsonic = (i['gamma']*i['R']*i['Ts'])**0.5
C:\Users\MEO\Desktop\Projects\JetEngine\boomsonic_v0\.venv\Lib\site-packages\pycycle\thermo\static_ps_resid.py:108: RuntimeWarning: invalid value encountered in sqrt
  Vsonic = (i['gamma']*i['R']*i['Ts'])**0.5
C:\Users\MEO\Desktop\Projects\JetEngine\boomsonic_v0\.venv\Lib\site-packages\pycycle\thermo\static_ps_resid.py:108: RuntimeWarning: invalid value encountered in sqrt
  Vsonic = (i['gamma']*i['R']*i['Ts'])**0.5
C:\Users\MEO\Desktop\Projects\JetEngine\boomsonic_v0\.venv\Lib\site-packages\pycycle\thermo\static_ps_resid.py:108: RuntimeWarning: invalid value encountered in sqrt
  Vsonic = (i['gamma']*i['R']*i['Ts'])**0.5
C:\Users\MEO\Desktop\Projects\JetEngine\boomsonic_v0\.venv\Lib\site-packages\pycycle\thermo\static_ps_resid.py:108: RuntimeWarning: invalid value encountered in sqrt
  Vsonic = (i['gamma']*i['R']*i['Ts'])**0.5
C:\Users\MEO\Desktop\Projects\JetEngine\boomsonic_v0\.venv\Lib\site-packages\pycycle\thermo\static_ps_resid.py:108: RuntimeWarning: invalid value encountered in sqrt
  Vsonic = (i['gamma']*i['R']*i['Ts'])**0.5
C:\Users\MEO\Desktop\Projects\JetEngine\boomsonic_v0\.venv\Lib\site-packages\pycycle\thermo\static_ps_resid.py:108: RuntimeWarning: invalid value encountered in sqrt
  Vsonic = (i['gamma']*i['R']*i['Ts'])**0.5
C:\Users\MEO\Desktop\Projects\JetEngine\boomsonic_v0\.venv\Lib\site-packages\pycycle\thermo\static_ps_calc.py:32: RuntimeWarning: invalid value encountered in sqrt
  outputs['Vsonic'] = Vsonic = np.sqrt(inputs['gamma'] * inputs['R'] * inputs['Ts'])
C:\Users\MEO\Desktop\Projects\JetEngine\boomsonic_v0\.venv\Lib\site-packages\pycycle\elements\compressor.py:75: RuntimeWarning: invalid value encountered in log
  outputs['eff_poly'] = Rt * np.log(PR) / ( Rt*np.log(PR) + S_out - S_in )
C:\Users\MEO\Desktop\Projects\JetEngine\boomsonic_v0\.venv\Lib\site-packages\pycycle\thermo\static_ps_resid.py:128: RuntimeWarning: invalid value encountered in sqrt
  Vsonic = (i['gamma']*i['R']*i['Ts'])**0.5
C:\Users\MEO\Desktop\Projects\JetEngine\boomsonic_v0\.venv\Lib\site-packages\pycycle\thermo\static_ps_resid.py:98: RuntimeWarning: invalid value encountered in power
  ps_guess = inputs['guess:Pt'] * (1 + (gamt-1)/2 * M_guess**2)**(-gamt/(gamt-1))
C:\Users\MEO\Desktop\Projects\JetEngine\boomsonic_v0\.venv\Lib\site-packages\pycycle\thermo\static_ps_resid.py:93: RuntimeWarning: invalid value encountered in power
  f1 = ps - inputs['guess:Pt'] * (1 + (gamt-1)/2 * M_guess**2)**(-gamt/(gamt-1))
C:\Users\MEO\Desktop\Projects\JetEngine\boomsonic_v0\.venv\Lib\site-packages\pycycle\thermo\static_ps_resid.py:94: RuntimeWarning: invalid value encountered in sqrt
  f2 = MN - inputs['W']*(R_UNIVERSAL_SI*inputs['Ts'])**0.5/(ps_guess*1.0e6*inputs['area']*gamt**0.5)
C:\Users\MEO\Desktop\Projects\JetEngine\boomsonic_v0\.venv\Lib\site-packages\pycycle\thermo\static_ps_resid.py:99: RuntimeWarning: The iteration is not making good progress, as measured by the 
 improvement from the last ten iterations.
  ps_guess, M_guess = fsolve(equations, (ps_guess, M_guess))
C:\Users\MEO\Desktop\Projects\JetEngine\boomsonic_v0\.venv\Lib\site-packages\pycycle\thermo\static_ps_resid.py:83: RuntimeWarning: invalid value encountered in power
  ps_guess = inputs['guess:Pt'] * (1 + (gamt-1)/2 * inputs['MN']**2)**(-gamt/(gamt-1))
C:\Users\MEO\Desktop\Projects\JetEngine\boomsonic_v0\.venv\Lib\site-packages\openmdao\solvers\solver.py:819: SolverWarning:Your model has stalled three times and may be violating the bounds. In the future, turn on print_bound_enforce in your solver options here: 
OD0.comp.ideal_flow.nonlinear_solver.linesearch.options['print_bound_enforce']=True. 
The bound(s) being violated now are:

C:\Users\MEO\Desktop\Projects\JetEngine\boomsonic_v0\.venv\Lib\site-packages\openmdao\solvers\linesearch\backtracking.py:39: SolverWarning:'OD0.comp.ideal_flow.balance.T' exceeds lower bounds
  Val: [-23745123.5489216]
  Lower: [150.]

C:\Users\MEO\Desktop\Projects\JetEngine\boomsonic_v0\.venv\Lib\site-packages\pycycle\elements\compressor.py:75: RuntimeWarning: invalid value encountered in log
  outputs['eff_poly'] = Rt * np.log(PR) / ( Rt*np.log(PR) + S_out - S_in )
C:\Users\MEO\Desktop\Projects\JetEngine\boomsonic_v0\.venv\Lib\site-packages\pycycle\thermo\static_ps_resid.py:128: RuntimeWarning: invalid value encountered in sqrt
  Vsonic = (i['gamma']*i['R']*i['Ts'])**0.5
C:\Users\MEO\Desktop\Projects\JetEngine\boomsonic_v0\.venv\Lib\site-packages\pycycle\thermo\static_ps_resid.py:98: RuntimeWarning: invalid value encountered in power
  ps_guess = inputs['guess:Pt'] * (1 + (gamt-1)/2 * M_guess**2)**(-gamt/(gamt-1))
C:\Users\MEO\Desktop\Projects\JetEngine\boomsonic_v0\.venv\Lib\site-packages\pycycle\thermo\static_ps_resid.py:93: RuntimeWarning: invalid value encountered in power
  f1 = ps - inputs['guess:Pt'] * (1 + (gamt-1)/2 * M_guess**2)**(-gamt/(gamt-1))
C:\Users\MEO\Desktop\Projects\JetEngine\boomsonic_v0\.venv\Lib\site-packages\pycycle\thermo\static_ps_resid.py:94: RuntimeWarning: invalid value encountered in sqrt
  f2 = MN - inputs['W']*(R_UNIVERSAL_SI*inputs['Ts'])**0.5/(ps_guess*1.0e6*inputs['area']*gamt**0.5)
C:\Users\MEO\Desktop\Projects\JetEngine\boomsonic_v0\.venv\Lib\site-packages\pycycle\thermo\static_ps_resid.py:99: RuntimeWarning: The iteration is not making good progress, as measured by the 
 improvement from the last ten iterations.
  ps_guess, M_guess = fsolve(equations, (ps_guess, M_guess))
C:\Users\MEO\Desktop\Projects\JetEngine\boomsonic_v0\.venv\Lib\site-packages\pycycle\thermo\static_ps_resid.py:128: RuntimeWarning: invalid value encountered in sqrt
  Vsonic = (i['gamma']*i['R']*i['Ts'])**0.5
C:\Users\MEO\Desktop\Projects\JetEngine\boomsonic_v0\.venv\Lib\site-packages\pycycle\thermo\static_ps_resid.py:128: RuntimeWarning: invalid value encountered in sqrt
  Vsonic = (i['gamma']*i['R']*i['Ts'])**0.5
C:\Users\MEO\Desktop\Projects\JetEngine\boomsonic_v0\.venv\Lib\site-packages\pycycle\thermo\static_ps_resid.py:128: RuntimeWarning: invalid value encountered in sqrt
  Vsonic = (i['gamma']*i['R']*i['Ts'])**0.5
C:\Users\MEO\Desktop\Projects\JetEngine\boomsonic_v0\.venv\Lib\site-packages\pycycle\thermo\static_ps_resid.py:128: RuntimeWarning: invalid value encountered in sqrt
  Vsonic = (i['gamma']*i['R']*i['Ts'])**0.5
C:\Users\MEO\Desktop\Projects\JetEngine\boomsonic_v0\.venv\Lib\site-packages\pycycle\thermo\static_ps_resid.py:128: RuntimeWarning: invalid value encountered in sqrt
  Vsonic = (i['gamma']*i['R']*i['Ts'])**0.5
C:\Users\MEO\Desktop\Projects\JetEngine\boomsonic_v0\.venv\Lib\site-packages\pycycle\thermo\static_ps_resid.py:128: RuntimeWarning: invalid value encountered in sqrt
  Vsonic = (i['gamma']*i['R']*i['Ts'])**0.5
C:\Users\MEO\Desktop\Projects\JetEngine\boomsonic_v0\.venv\Lib\site-packages\pycycle\thermo\static_ps_resid.py:128: RuntimeWarning: invalid value encountered in sqrt
  Vsonic = (i['gamma']*i['R']*i['Ts'])**0.5
C:\Users\MEO\Desktop\Projects\JetEngine\boomsonic_v0\.venv\Lib\site-packages\pycycle\thermo\static_ps_resid.py:128: RuntimeWarning: invalid value encountered in sqrt
  Vsonic = (i['gamma']*i['R']*i['Ts'])**0.5
C:\Users\MEO\Desktop\Projects\JetEngine\boomsonic_v0\.venv\Lib\site-packages\pycycle\thermo\static_ps_resid.py:128: RuntimeWarning: invalid value encountered in sqrt
  Vsonic = (i['gamma']*i['R']*i['Ts'])**0.5
C:\Users\MEO\Desktop\Projects\JetEngine\boomsonic_v0\.venv\Lib\site-packages\pycycle\thermo\static_ps_resid.py:128: RuntimeWarning: invalid value encountered in sqrt
  Vsonic = (i['gamma']*i['R']*i['Ts'])**0.5
C:\Users\MEO\Desktop\Projects\JetEngine\boomsonic_v0\.venv\Lib\site-packages\pycycle\thermo\static_ps_resid.py:128: RuntimeWarning: invalid value encountered in sqrt
  Vsonic = (i['gamma']*i['R']*i['Ts'])**0.5
C:\Users\MEO\Desktop\Projects\JetEngine\boomsonic_v0\.venv\Lib\site-packages\pycycle\thermo\static_ps_resid.py:108: RuntimeWarning: invalid value encountered in sqrt
  Vsonic = (i['gamma']*i['R']*i['Ts'])**0.5
C:\Users\MEO\Desktop\Projects\JetEngine\boomsonic_v0\.venv\Lib\site-packages\pycycle\thermo\static_ps_resid.py:83: RuntimeWarning: invalid value encountered in power
  ps_guess = inputs['guess:Pt'] * (1 + (gamt-1)/2 * inputs['MN']**2)**(-gamt/(gamt-1))
C:\Users\MEO\Desktop\Projects\JetEngine\boomsonic_v0\.venv\Lib\site-packages\pycycle\thermo\static_ps_resid.py:108: RuntimeWarning: invalid value encountered in sqrt
  Vsonic = (i['gamma']*i['R']*i['Ts'])**0.5
C:\Users\MEO\Desktop\Projects\JetEngine\boomsonic_v0\.venv\Lib\site-packages\pycycle\thermo\static_ps_resid.py:108: RuntimeWarning: invalid value encountered in sqrt
  Vsonic = (i['gamma']*i['R']*i['Ts'])**0.5
C:\Users\MEO\Desktop\Projects\JetEngine\boomsonic_v0\.venv\Lib\site-packages\pycycle\thermo\static_ps_resid.py:108: RuntimeWarning: invalid value encountered in sqrt
  Vsonic = (i['gamma']*i['R']*i['Ts'])**0.5
C:\Users\MEO\Desktop\Projects\JetEngine\boomsonic_v0\.venv\Lib\site-packages\pycycle\thermo\static_ps_resid.py:108: RuntimeWarning: invalid value encountered in sqrt
  Vsonic = (i['gamma']*i['R']*i['Ts'])**0.5
C:\Users\MEO\Desktop\Projects\JetEngine\boomsonic_v0\.venv\Lib\site-packages\pycycle\thermo\static_ps_resid.py:108: RuntimeWarning: invalid value encountered in sqrt
  Vsonic = (i['gamma']*i['R']*i['Ts'])**0.5
C:\Users\MEO\Desktop\Projects\JetEngine\boomsonic_v0\.venv\Lib\site-packages\pycycle\thermo\static_ps_resid.py:108: RuntimeWarning: invalid value encountered in sqrt
  Vsonic = (i['gamma']*i['R']*i['Ts'])**0.5
C:\Users\MEO\Desktop\Projects\JetEngine\boomsonic_v0\.venv\Lib\site-packages\pycycle\thermo\static_ps_resid.py:108: RuntimeWarning: invalid value encountered in sqrt
  Vsonic = (i['gamma']*i['R']*i['Ts'])**0.5
C:\Users\MEO\Desktop\Projects\JetEngine\boomsonic_v0\.venv\Lib\site-packages\pycycle\thermo\static_ps_resid.py:108: RuntimeWarning: invalid value encountered in sqrt
  Vsonic = (i['gamma']*i['R']*i['Ts'])**0.5
C:\Users\MEO\Desktop\Projects\JetEngine\boomsonic_v0\.venv\Lib\site-packages\pycycle\thermo\static_ps_resid.py:108: RuntimeWarning: invalid value encountered in sqrt
  Vsonic = (i['gamma']*i['R']*i['Ts'])**0.5
C:\Users\MEO\Desktop\Projects\JetEngine\boomsonic_v0\.venv\Lib\site-packages\pycycle\thermo\static_ps_resid.py:108: RuntimeWarning: invalid value encountered in sqrt
  Vsonic = (i['gamma']*i['R']*i['Ts'])**0.5
C:\Users\MEO\Desktop\Projects\JetEngine\boomsonic_v0\.venv\Lib\site-packages\pycycle\thermo\static_ps_resid.py:108: RuntimeWarning: invalid value encountered in sqrt
  Vsonic = (i['gamma']*i['R']*i['Ts'])**0.5
C:\Users\MEO\Desktop\Projects\JetEngine\boomsonic_v0\.venv\Lib\site-packages\pycycle\thermo\static_ps_calc.py:32: RuntimeWarning: invalid value encountered in sqrt
  outputs['Vsonic'] = Vsonic = np.sqrt(inputs['gamma'] * inputs['R'] * inputs['Ts'])
C:\Users\MEO\Desktop\Projects\JetEngine\boomsonic_v0\.venv\Lib\site-packages\pycycle\elements\compressor.py:75: RuntimeWarning: invalid value encountered in log
  outputs['eff_poly'] = Rt * np.log(PR) / ( Rt*np.log(PR) + S_out - S_in )
C:\Users\MEO\Desktop\Projects\JetEngine\boomsonic_v0\.venv\Lib\site-packages\pycycle\thermo\static_ps_resid.py:128: RuntimeWarning: invalid value encountered in sqrt
  Vsonic = (i['gamma']*i['R']*i['Ts'])**0.5
C:\Users\MEO\Desktop\Projects\JetEngine\boomsonic_v0\.venv\Lib\site-packages\pycycle\thermo\static_ps_resid.py:98: RuntimeWarning: invalid value encountered in power
  ps_guess = inputs['guess:Pt'] * (1 + (gamt-1)/2 * M_guess**2)**(-gamt/(gamt-1))
C:\Users\MEO\Desktop\Projects\JetEngine\boomsonic_v0\.venv\Lib\site-packages\pycycle\thermo\static_ps_resid.py:93: RuntimeWarning: invalid value encountered in power
  f1 = ps - inputs['guess:Pt'] * (1 + (gamt-1)/2 * M_guess**2)**(-gamt/(gamt-1))
C:\Users\MEO\Desktop\Projects\JetEngine\boomsonic_v0\.venv\Lib\site-packages\pycycle\thermo\static_ps_resid.py:94: RuntimeWarning: invalid value encountered in sqrt
  f2 = MN - inputs['W']*(R_UNIVERSAL_SI*inputs['Ts'])**0.5/(ps_guess*1.0e6*inputs['area']*gamt**0.5)
C:\Users\MEO\Desktop\Projects\JetEngine\boomsonic_v0\.venv\Lib\site-packages\pycycle\thermo\static_ps_resid.py:99: RuntimeWarning: The iteration is not making good progress, as measured by the 
 improvement from the last ten iterations.
  ps_guess, M_guess = fsolve(equations, (ps_guess, M_guess))
C:\Users\MEO\Desktop\Projects\JetEngine\boomsonic_v0\.venv\Lib\site-packages\pycycle\thermo\static_ps_resid.py:83: RuntimeWarning: invalid value encountered in power
  ps_guess = inputs['guess:Pt'] * (1 + (gamt-1)/2 * inputs['MN']**2)**(-gamt/(gamt-1))
C:\Users\MEO\Desktop\Projects\JetEngine\boomsonic_v0\.venv\Lib\site-packages\pycycle\thermo\static_ps_resid.py:128: RuntimeWarning: invalid value encountered in sqrt
  Vsonic = (i['gamma']*i['R']*i['Ts'])**0.5
C:\Users\MEO\Desktop\Projects\JetEngine\boomsonic_v0\.venv\Lib\site-packages\pycycle\thermo\static_ps_resid.py:128: RuntimeWarning: invalid value encountered in sqrt
  Vsonic = (i['gamma']*i['R']*i['Ts'])**0.5
C:\Users\MEO\Desktop\Projects\JetEngine\boomsonic_v0\.venv\Lib\site-packages\pycycle\thermo\static_ps_resid.py:128: RuntimeWarning: invalid value encountered in sqrt
  Vsonic = (i['gamma']*i['R']*i['Ts'])**0.5
C:\Users\MEO\Desktop\Projects\JetEngine\boomsonic_v0\.venv\Lib\site-packages\pycycle\thermo\static_ps_resid.py:108: RuntimeWarning: invalid value encountered in sqrt
  Vsonic = (i['gamma']*i['R']*i['Ts'])**0.5
C:\Users\MEO\Desktop\Projects\JetEngine\boomsonic_v0\.venv\Lib\site-packages\pycycle\elements\turbine.py:40: RuntimeWarning: invalid value encountered in sqrt
  outputs['Wp'] = inputs['W_in'] * inputs['Tt']**0.5 / inputs['Pt']
C:\Users\MEO\Desktop\Projects\JetEngine\boomsonic_v0\.venv\Lib\site-packages\pycycle\elements\turbine.py:41: RuntimeWarning: invalid value encountered in power
  outputs['Np'] = inputs['Nmech'] * inputs['Tt']**-0.5
C:\Users\MEO\Desktop\Projects\JetEngine\boomsonic_v0\.venv\Lib\site-packages\pycycle\elements\turbine.py:89: RuntimeWarning: invalid value encountered in log
  outputs['eff_poly'] = 1 + (S_out-S_in)/(Rt*np.log(invPR))
C:\Users\MEO\Desktop\Projects\JetEngine\boomsonic_v0\.venv\Lib\site-packages\openmdao\solvers\solver.py:819: SolverWarning:Your model has stalled three times and may be violating the bounds. In the future, turn on print_bound_enforce in your solver options here: 
OD0.comp.ideal_flow.nonlinear_solver.linesearch.options['print_bound_enforce']=True. 
The bound(s) being violated now are:

C:\Users\MEO\Desktop\Projects\JetEngine\boomsonic_v0\.venv\Lib\site-packages\openmdao\solvers\linesearch\backtracking.py:39: SolverWarning:'OD0.comp.ideal_flow.balance.T' exceeds lower bounds
  Val: [-42731295.61538422]
  Lower: [150.]

C:\Users\MEO\Desktop\Projects\JetEngine\boomsonic_v0\.venv\Lib\site-packages\pycycle\elements\compressor.py:75: RuntimeWarning: invalid value encountered in log
  outputs['eff_poly'] = Rt * np.log(PR) / ( Rt*np.log(PR) + S_out - S_in )
C:\Users\MEO\Desktop\Projects\JetEngine\boomsonic_v0\.venv\Lib\site-packages\pycycle\thermo\static_ps_resid.py:98: RuntimeWarning: invalid value encountered in power
  ps_guess = inputs['guess:Pt'] * (1 + (gamt-1)/2 * M_guess**2)**(-gamt/(gamt-1))
C:\Users\MEO\Desktop\Projects\JetEngine\boomsonic_v0\.venv\Lib\site-packages\pycycle\thermo\static_ps_resid.py:93: RuntimeWarning: invalid value encountered in power
  f1 = ps - inputs['guess:Pt'] * (1 + (gamt-1)/2 * M_guess**2)**(-gamt/(gamt-1))
C:\Users\MEO\Desktop\Projects\JetEngine\boomsonic_v0\.venv\Lib\site-packages\pycycle\thermo\static_ps_resid.py:94: RuntimeWarning: invalid value encountered in sqrt
  f2 = MN - inputs['W']*(R_UNIVERSAL_SI*inputs['Ts'])**0.5/(ps_guess*1.0e6*inputs['area']*gamt**0.5)
C:\Users\MEO\Desktop\Projects\JetEngine\boomsonic_v0\.venv\Lib\site-packages\pycycle\thermo\static_ps_resid.py:99: RuntimeWarning: The iteration is not making good progress, as measured by the 
 improvement from the last ten iterations.
  ps_guess, M_guess = fsolve(equations, (ps_guess, M_guess))
C:\Users\MEO\Desktop\Projects\JetEngine\boomsonic_v0\.venv\Lib\site-packages\pycycle\thermo\static_ps_resid.py:128: RuntimeWarning: invalid value encountered in sqrt
  Vsonic = (i['gamma']*i['R']*i['Ts'])**0.5
C:\Users\MEO\Desktop\Projects\JetEngine\boomsonic_v0\.venv\Lib\site-packages\pycycle\thermo\static_ps_resid.py:128: RuntimeWarning: invalid value encountered in sqrt
  Vsonic = (i['gamma']*i['R']*i['Ts'])**0.5
C:\Users\MEO\Desktop\Projects\JetEngine\boomsonic_v0\.venv\Lib\site-packages\pycycle\thermo\static_ps_resid.py:128: RuntimeWarning: invalid value encountered in sqrt
  Vsonic = (i['gamma']*i['R']*i['Ts'])**0.5
C:\Users\MEO\Desktop\Projects\JetEngine\boomsonic_v0\.venv\Lib\site-packages\pycycle\thermo\static_ps_resid.py:128: RuntimeWarning: invalid value encountered in sqrt
  Vsonic = (i['gamma']*i['R']*i['Ts'])**0.5
C:\Users\MEO\Desktop\Projects\JetEngine\boomsonic_v0\.venv\Lib\site-packages\pycycle\thermo\static_ps_resid.py:128: RuntimeWarning: invalid value encountered in sqrt
  Vsonic = (i['gamma']*i['R']*i['Ts'])**0.5
C:\Users\MEO\Desktop\Projects\JetEngine\boomsonic_v0\.venv\Lib\site-packages\pycycle\thermo\static_ps_resid.py:128: RuntimeWarning: invalid value encountered in sqrt
  Vsonic = (i['gamma']*i['R']*i['Ts'])**0.5
C:\Users\MEO\Desktop\Projects\JetEngine\boomsonic_v0\.venv\Lib\site-packages\pycycle\thermo\static_ps_resid.py:128: RuntimeWarning: invalid value encountered in sqrt
  Vsonic = (i['gamma']*i['R']*i['Ts'])**0.5
C:\Users\MEO\Desktop\Projects\JetEngine\boomsonic_v0\.venv\Lib\site-packages\pycycle\thermo\static_ps_resid.py:128: RuntimeWarning: invalid value encountered in sqrt
  Vsonic = (i['gamma']*i['R']*i['Ts'])**0.5
C:\Users\MEO\Desktop\Projects\JetEngine\boomsonic_v0\.venv\Lib\site-packages\pycycle\thermo\static_ps_resid.py:128: RuntimeWarning: invalid value encountered in sqrt
  Vsonic = (i['gamma']*i['R']*i['Ts'])**0.5
C:\Users\MEO\Desktop\Projects\JetEngine\boomsonic_v0\.venv\Lib\site-packages\pycycle\thermo\static_ps_resid.py:128: RuntimeWarning: invalid value encountered in sqrt
  Vsonic = (i['gamma']*i['R']*i['Ts'])**0.5
C:\Users\MEO\Desktop\Projects\JetEngine\boomsonic_v0\.venv\Lib\site-packages\openmdao\solvers\solver.py:819: SolverWarning:Your model has stalled three times and may be violating the bounds. In the future, turn on print_bound_enforce in your solver options here: 
OD0.burner.vitiated_flow.nonlinear_solver.linesearch.options['print_bound_enforce']=True. 
The bound(s) being violated now are:

C:\Users\MEO\Desktop\Projects\JetEngine\boomsonic_v0\.venv\Lib\site-packages\pycycle\thermo\static_ps_resid.py:98: RuntimeWarning: invalid value encountered in power
  ps_guess = inputs['guess:Pt'] * (1 + (gamt-1)/2 * M_guess**2)**(-gamt/(gamt-1))
C:\Users\MEO\Desktop\Projects\JetEngine\boomsonic_v0\.venv\Lib\site-packages\pycycle\thermo\static_ps_resid.py:93: RuntimeWarning: invalid value encountered in power
  f1 = ps - inputs['guess:Pt'] * (1 + (gamt-1)/2 * M_guess**2)**(-gamt/(gamt-1))
C:\Users\MEO\Desktop\Projects\JetEngine\boomsonic_v0\.venv\Lib\site-packages\pycycle\thermo\static_ps_resid.py:94: RuntimeWarning: invalid value encountered in sqrt
  f2 = MN - inputs['W']*(R_UNIVERSAL_SI*inputs['Ts'])**0.5/(ps_guess*1.0e6*inputs['area']*gamt**0.5)
C:\Users\MEO\Desktop\Projects\JetEngine\boomsonic_v0\.venv\Lib\site-packages\pycycle\thermo\static_ps_resid.py:99: RuntimeWarning: The iteration is not making good progress, as measured by the 
 improvement from the last ten iterations.
  ps_guess, M_guess = fsolve(equations, (ps_guess, M_guess))
C:\Users\MEO\Desktop\Projects\JetEngine\boomsonic_v0\.venv\Lib\site-packages\pycycle\thermo\static_ps_resid.py:128: RuntimeWarning: invalid value encountered in sqrt
  Vsonic = (i['gamma']*i['R']*i['Ts'])**0.5
C:\Users\MEO\Desktop\Projects\JetEngine\boomsonic_v0\.venv\Lib\site-packages\pycycle\thermo\static_ps_resid.py:128: RuntimeWarning: invalid value encountered in sqrt
  Vsonic = (i['gamma']*i['R']*i['Ts'])**0.5
C:\Users\MEO\Desktop\Projects\JetEngine\boomsonic_v0\.venv\Lib\site-packages\pycycle\thermo\static_ps_resid.py:128: RuntimeWarning: invalid value encountered in sqrt
  Vsonic = (i['gamma']*i['R']*i['Ts'])**0.5
C:\Users\MEO\Desktop\Projects\JetEngine\boomsonic_v0\.venv\Lib\site-packages\pycycle\thermo\static_ps_resid.py:128: RuntimeWarning: invalid value encountered in sqrt
  Vsonic = (i['gamma']*i['R']*i['Ts'])**0.5
C:\Users\MEO\Desktop\Projects\JetEngine\boomsonic_v0\.venv\Lib\site-packages\pycycle\thermo\static_ps_resid.py:128: RuntimeWarning: invalid value encountered in sqrt
  Vsonic = (i['gamma']*i['R']*i['Ts'])**0.5
C:\Users\MEO\Desktop\Projects\JetEngine\boomsonic_v0\.venv\Lib\site-packages\pycycle\thermo\static_ps_resid.py:128: RuntimeWarning: invalid value encountered in sqrt
  Vsonic = (i['gamma']*i['R']*i['Ts'])**0.5
C:\Users\MEO\Desktop\Projects\JetEngine\boomsonic_v0\.venv\Lib\site-packages\pycycle\thermo\static_ps_resid.py:98: RuntimeWarning: invalid value encountered in power
  ps_guess = inputs['guess:Pt'] * (1 + (gamt-1)/2 * M_guess**2)**(-gamt/(gamt-1))
C:\Users\MEO\Desktop\Projects\JetEngine\boomsonic_v0\.venv\Lib\site-packages\pycycle\thermo\static_ps_resid.py:93: RuntimeWarning: invalid value encountered in power
  f1 = ps - inputs['guess:Pt'] * (1 + (gamt-1)/2 * M_guess**2)**(-gamt/(gamt-1))
C:\Users\MEO\Desktop\Projects\JetEngine\boomsonic_v0\.venv\Lib\site-packages\pycycle\thermo\static_ps_resid.py:94: RuntimeWarning: invalid value encountered in sqrt
  f2 = MN - inputs['W']*(R_UNIVERSAL_SI*inputs['Ts'])**0.5/(ps_guess*1.0e6*inputs['area']*gamt**0.5)
C:\Users\MEO\Desktop\Projects\JetEngine\boomsonic_v0\.venv\Lib\site-packages\pycycle\thermo\static_ps_resid.py:99: RuntimeWarning: The iteration is not making good progress, as measured by the 
 improvement from the last ten iterations.
  ps_guess, M_guess = fsolve(equations, (ps_guess, M_guess))
C:\Users\MEO\Desktop\Projects\JetEngine\boomsonic_v0\.venv\Lib\site-packages\pycycle\thermo\static_ps_resid.py:128: RuntimeWarning: invalid value encountered in sqrt
  Vsonic = (i['gamma']*i['R']*i['Ts'])**0.5
C:\Users\MEO\Desktop\Projects\JetEngine\boomsonic_v0\.venv\Lib\site-packages\pycycle\thermo\static_ps_resid.py:128: RuntimeWarning: invalid value encountered in sqrt
  Vsonic = (i['gamma']*i['R']*i['Ts'])**0.5
C:\Users\MEO\Desktop\Projects\JetEngine\boomsonic_v0\.venv\Lib\site-packages\pycycle\thermo\static_ps_resid.py:128: RuntimeWarning: invalid value encountered in sqrt
  Vsonic = (i['gamma']*i['R']*i['Ts'])**0.5
C:\Users\MEO\Desktop\Projects\JetEngine\boomsonic_v0\.venv\Lib\site-packages\pycycle\thermo\static_ps_resid.py:128: RuntimeWarning: invalid value encountered in sqrt
  Vsonic = (i['gamma']*i['R']*i['Ts'])**0.5
C:\Users\MEO\Desktop\Projects\JetEngine\boomsonic_v0\.venv\Lib\site-packages\pycycle\thermo\static_ps_resid.py:128: RuntimeWarning: invalid value encountered in sqrt
  Vsonic = (i['gamma']*i['R']*i['Ts'])**0.5
C:\Users\MEO\Desktop\Projects\JetEngine\boomsonic_v0\.venv\Lib\site-packages\pycycle\thermo\static_ps_resid.py:128: RuntimeWarning: invalid value encountered in sqrt
  Vsonic = (i['gamma']*i['R']*i['Ts'])**0.5
C:\Users\MEO\Desktop\Projects\JetEngine\boomsonic_v0\.venv\Lib\site-packages\pycycle\thermo\static_ps_resid.py:128: RuntimeWarning: invalid value encountered in sqrt
  Vsonic = (i['gamma']*i['R']*i['Ts'])**0.5
C:\Users\MEO\Desktop\Projects\JetEngine\boomsonic_v0\.venv\Lib\site-packages\pycycle\thermo\static_ps_resid.py:128: RuntimeWarning: invalid value encountered in sqrt
  Vsonic = (i['gamma']*i['R']*i['Ts'])**0.5
C:\Users\MEO\Desktop\Projects\JetEngine\boomsonic_v0\.venv\Lib\site-packages\pycycle\thermo\static_ps_resid.py:128: RuntimeWarning: invalid value encountered in sqrt
  Vsonic = (i['gamma']*i['R']*i['Ts'])**0.5
C:\Users\MEO\Desktop\Projects\JetEngine\boomsonic_v0\.venv\Lib\site-packages\pycycle\thermo\static_ps_resid.py:83: RuntimeWarning: invalid value encountered in power
  ps_guess = inputs['guess:Pt'] * (1 + (gamt-1)/2 * inputs['MN']**2)**(-gamt/(gamt-1))
C:\Users\MEO\Desktop\Projects\JetEngine\boomsonic_v0\.venv\Lib\site-packages\pycycle\thermo\static_ps_resid.py:108: RuntimeWarning: invalid value encountered in sqrt
  Vsonic = (i['gamma']*i['R']*i['Ts'])**0.5
C:\Users\MEO\Desktop\Projects\JetEngine\boomsonic_v0\.venv\Lib\site-packages\pycycle\thermo\static_ps_resid.py:108: RuntimeWarning: invalid value encountered in sqrt
  Vsonic = (i['gamma']*i['R']*i['Ts'])**0.5
C:\Users\MEO\Desktop\Projects\JetEngine\boomsonic_v0\.venv\Lib\site-packages\pycycle\thermo\static_ps_resid.py:108: RuntimeWarning: invalid value encountered in sqrt
  Vsonic = (i['gamma']*i['R']*i['Ts'])**0.5
C:\Users\MEO\Desktop\Projects\JetEngine\boomsonic_v0\.venv\Lib\site-packages\pycycle\thermo\static_ps_resid.py:108: RuntimeWarning: invalid value encountered in sqrt
  Vsonic = (i['gamma']*i['R']*i['Ts'])**0.5
C:\Users\MEO\Desktop\Projects\JetEngine\boomsonic_v0\.venv\Lib\site-packages\pycycle\thermo\static_ps_resid.py:108: RuntimeWarning: invalid value encountered in sqrt
  Vsonic = (i['gamma']*i['R']*i['Ts'])**0.5
C:\Users\MEO\Desktop\Projects\JetEngine\boomsonic_v0\.venv\Lib\site-packages\pycycle\thermo\static_ps_resid.py:108: RuntimeWarning: invalid value encountered in sqrt
  Vsonic = (i['gamma']*i['R']*i['Ts'])**0.5
C:\Users\MEO\Desktop\Projects\JetEngine\boomsonic_v0\.venv\Lib\site-packages\pycycle\thermo\static_ps_resid.py:108: RuntimeWarning: invalid value encountered in sqrt
  Vsonic = (i['gamma']*i['R']*i['Ts'])**0.5
C:\Users\MEO\Desktop\Projects\JetEngine\boomsonic_v0\.venv\Lib\site-packages\pycycle\thermo\static_ps_resid.py:108: RuntimeWarning: invalid value encountered in sqrt
  Vsonic = (i['gamma']*i['R']*i['Ts'])**0.5
C:\Users\MEO\Desktop\Projects\JetEngine\boomsonic_v0\.venv\Lib\site-packages\pycycle\thermo\static_ps_resid.py:108: RuntimeWarning: invalid value encountered in sqrt
  Vsonic = (i['gamma']*i['R']*i['Ts'])**0.5
C:\Users\MEO\Desktop\Projects\JetEngine\boomsonic_v0\.venv\Lib\site-packages\pycycle\thermo\static_ps_resid.py:108: RuntimeWarning: invalid value encountered in sqrt
  Vsonic = (i['gamma']*i['R']*i['Ts'])**0.5
C:\Users\MEO\Desktop\Projects\JetEngine\boomsonic_v0\.venv\Lib\site-packages\pycycle\thermo\static_ps_calc.py:32: RuntimeWarning: invalid value encountered in sqrt
  outputs['Vsonic'] = Vsonic = np.sqrt(inputs['gamma'] * inputs['R'] * inputs['Ts'])
C:\Users\MEO\Desktop\Projects\JetEngine\boomsonic_v0\.venv\Lib\site-packages\pycycle\thermo\static_ps_calc.py:32: RuntimeWarning: invalid value encountered in sqrt
  outputs['Vsonic'] = Vsonic = np.sqrt(inputs['gamma'] * inputs['R'] * inputs['Ts'])
C:\Users\MEO\Desktop\Projects\JetEngine\boomsonic_v0\.venv\Lib\site-packages\pycycle\elements\compressor.py:75: RuntimeWarning: invalid value encountered in log
  outputs['eff_poly'] = Rt * np.log(PR) / ( Rt*np.log(PR) + S_out - S_in )
C:\Users\MEO\Desktop\Projects\JetEngine\boomsonic_v0\.venv\Lib\site-packages\pycycle\thermo\static_ps_resid.py:128: RuntimeWarning: invalid value encountered in sqrt
  Vsonic = (i['gamma']*i['R']*i['Ts'])**0.5
C:\Users\MEO\Desktop\Projects\JetEngine\boomsonic_v0\.venv\Lib\site-packages\pycycle\thermo\static_ps_resid.py:108: RuntimeWarning: invalid value encountered in sqrt
  Vsonic = (i['gamma']*i['R']*i['Ts'])**0.5
C:\Users\MEO\Desktop\Projects\JetEngine\boomsonic_v0\.venv\Lib\site-packages\pycycle\thermo\static_ps_resid.py:98: RuntimeWarning: invalid value encountered in power
  ps_guess = inputs['guess:Pt'] * (1 + (gamt-1)/2 * M_guess**2)**(-gamt/(gamt-1))
C:\Users\MEO\Desktop\Projects\JetEngine\boomsonic_v0\.venv\Lib\site-packages\pycycle\thermo\static_ps_resid.py:93: RuntimeWarning: invalid value encountered in power
  f1 = ps - inputs['guess:Pt'] * (1 + (gamt-1)/2 * M_guess**2)**(-gamt/(gamt-1))
C:\Users\MEO\Desktop\Projects\JetEngine\boomsonic_v0\.venv\Lib\site-packages\pycycle\thermo\static_ps_resid.py:94: RuntimeWarning: invalid value encountered in sqrt
  f2 = MN - inputs['W']*(R_UNIVERSAL_SI*inputs['Ts'])**0.5/(ps_guess*1.0e6*inputs['area']*gamt**0.5)
C:\Users\MEO\Desktop\Projects\JetEngine\boomsonic_v0\.venv\Lib\site-packages\pycycle\thermo\static_ps_resid.py:99: RuntimeWarning: The iteration is not making good progress, as measured by the 
 improvement from the last ten iterations.
  ps_guess, M_guess = fsolve(equations, (ps_guess, M_guess))
C:\Users\MEO\Desktop\Projects\JetEngine\boomsonic_v0\.venv\Lib\site-packages\pycycle\thermo\static_ps_resid.py:83: RuntimeWarning: invalid value encountered in power
  ps_guess = inputs['guess:Pt'] * (1 + (gamt-1)/2 * inputs['MN']**2)**(-gamt/(gamt-1))
C:\Users\MEO\Desktop\Projects\JetEngine\boomsonic_v0\.venv\Lib\site-packages\openmdao\solvers\solver.py:819: SolverWarning:Your model has stalled three times and may be violating the bounds. In the future, turn on print_bound_enforce in your solver options here: 
OD0.comp.ideal_flow.nonlinear_solver.linesearch.options['print_bound_enforce']=True. 
The bound(s) being violated now are:

C:\Users\MEO\Desktop\Projects\JetEngine\boomsonic_v0\.venv\Lib\site-packages\openmdao\solvers\linesearch\backtracking.py:39: SolverWarning:'OD0.comp.ideal_flow.balance.T' exceeds lower bounds
  Val: [-42731295.61538422]
  Lower: [150.]

C:\Users\MEO\Desktop\Projects\JetEngine\boomsonic_v0\.venv\Lib\site-packages\pycycle\elements\compressor.py:75: RuntimeWarning: invalid value encountered in log
  outputs['eff_poly'] = Rt * np.log(PR) / ( Rt*np.log(PR) + S_out - S_in )
C:\Users\MEO\Desktop\Projects\JetEngine\boomsonic_v0\.venv\Lib\site-packages\pycycle\thermo\static_ps_resid.py:128: RuntimeWarning: invalid value encountered in sqrt
  Vsonic = (i['gamma']*i['R']*i['Ts'])**0.5
C:\Users\MEO\Desktop\Projects\JetEngine\boomsonic_v0\.venv\Lib\site-packages\pycycle\thermo\static_ps_resid.py:128: RuntimeWarning: invalid value encountered in sqrt
  Vsonic = (i['gamma']*i['R']*i['Ts'])**0.5
C:\Users\MEO\Desktop\Projects\JetEngine\boomsonic_v0\.venv\Lib\site-packages\pycycle\thermo\static_ps_resid.py:128: RuntimeWarning: invalid value encountered in sqrt
  Vsonic = (i['gamma']*i['R']*i['Ts'])**0.5
C:\Users\MEO\Desktop\Projects\JetEngine\boomsonic_v0\.venv\Lib\site-packages\pycycle\thermo\static_ps_resid.py:128: RuntimeWarning: invalid value encountered in sqrt
  Vsonic = (i['gamma']*i['R']*i['Ts'])**0.5
C:\Users\MEO\Desktop\Projects\JetEngine\boomsonic_v0\.venv\Lib\site-packages\pycycle\thermo\static_ps_resid.py:128: RuntimeWarning: invalid value encountered in sqrt
  Vsonic = (i['gamma']*i['R']*i['Ts'])**0.5
C:\Users\MEO\Desktop\Projects\JetEngine\boomsonic_v0\.venv\Lib\site-packages\pycycle\thermo\static_ps_resid.py:128: RuntimeWarning: invalid value encountered in sqrt
  Vsonic = (i['gamma']*i['R']*i['Ts'])**0.5
C:\Users\MEO\Desktop\Projects\JetEngine\boomsonic_v0\.venv\Lib\site-packages\pycycle\thermo\static_ps_resid.py:128: RuntimeWarning: invalid value encountered in sqrt
  Vsonic = (i['gamma']*i['R']*i['Ts'])**0.5
C:\Users\MEO\Desktop\Projects\JetEngine\boomsonic_v0\.venv\Lib\site-packages\pycycle\thermo\static_ps_resid.py:98: RuntimeWarning: invalid value encountered in power
  ps_guess = inputs['guess:Pt'] * (1 + (gamt-1)/2 * M_guess**2)**(-gamt/(gamt-1))
C:\Users\MEO\Desktop\Projects\JetEngine\boomsonic_v0\.venv\Lib\site-packages\pycycle\thermo\static_ps_resid.py:93: RuntimeWarning: invalid value encountered in power
  f1 = ps - inputs['guess:Pt'] * (1 + (gamt-1)/2 * M_guess**2)**(-gamt/(gamt-1))
C:\Users\MEO\Desktop\Projects\JetEngine\boomsonic_v0\.venv\Lib\site-packages\pycycle\thermo\static_ps_resid.py:94: RuntimeWarning: invalid value encountered in sqrt
  f2 = MN - inputs['W']*(R_UNIVERSAL_SI*inputs['Ts'])**0.5/(ps_guess*1.0e6*inputs['area']*gamt**0.5)
C:\Users\MEO\Desktop\Projects\JetEngine\boomsonic_v0\.venv\Lib\site-packages\pycycle\thermo\static_ps_resid.py:99: RuntimeWarning: The iteration is not making good progress, as measured by the 
 improvement from the last ten iterations.
  ps_guess, M_guess = fsolve(equations, (ps_guess, M_guess))
C:\Users\MEO\Desktop\Projects\JetEngine\boomsonic_v0\.venv\Lib\site-packages\pycycle\thermo\static_ps_resid.py:128: RuntimeWarning: invalid value encountered in sqrt
  Vsonic = (i['gamma']*i['R']*i['Ts'])**0.5
C:\Users\MEO\Desktop\Projects\JetEngine\boomsonic_v0\.venv\Lib\site-packages\pycycle\thermo\static_ps_resid.py:128: RuntimeWarning: invalid value encountered in sqrt
  Vsonic = (i['gamma']*i['R']*i['Ts'])**0.5
C:\Users\MEO\Desktop\Projects\JetEngine\boomsonic_v0\.venv\Lib\site-packages\pycycle\thermo\static_ps_resid.py:128: RuntimeWarning: invalid value encountered in sqrt
  Vsonic = (i['gamma']*i['R']*i['Ts'])**0.5
C:\Users\MEO\Desktop\Projects\JetEngine\boomsonic_v0\.venv\Lib\site-packages\pycycle\thermo\static_ps_resid.py:128: RuntimeWarning: invalid value encountered in sqrt
  Vsonic = (i['gamma']*i['R']*i['Ts'])**0.5
C:\Users\MEO\Desktop\Projects\JetEngine\boomsonic_v0\.venv\Lib\site-packages\pycycle\thermo\static_ps_resid.py:128: RuntimeWarning: invalid value encountered in sqrt
  Vsonic = (i['gamma']*i['R']*i['Ts'])**0.5
C:\Users\MEO\Desktop\Projects\JetEngine\boomsonic_v0\.venv\Lib\site-packages\pycycle\thermo\static_ps_resid.py:128: RuntimeWarning: invalid value encountered in sqrt
  Vsonic = (i['gamma']*i['R']*i['Ts'])**0.5
C:\Users\MEO\Desktop\Projects\JetEngine\boomsonic_v0\.venv\Lib\site-packages\pycycle\thermo\static_ps_resid.py:128: RuntimeWarning: invalid value encountered in sqrt
  Vsonic = (i['gamma']*i['R']*i['Ts'])**0.5
C:\Users\MEO\Desktop\Projects\JetEngine\boomsonic_v0\.venv\Lib\site-packages\pycycle\thermo\static_ps_resid.py:128: RuntimeWarning: invalid value encountered in sqrt
  Vsonic = (i['gamma']*i['R']*i['Ts'])**0.5
C:\Users\MEO\Desktop\Projects\JetEngine\boomsonic_v0\.venv\Lib\site-packages\pycycle\thermo\static_ps_resid.py:128: RuntimeWarning: invalid value encountered in sqrt
  Vsonic = (i['gamma']*i['R']*i['Ts'])**0.5
C:\Users\MEO\Desktop\Projects\JetEngine\boomsonic_v0\.venv\Lib\site-packages\pycycle\thermo\static_ps_resid.py:108: RuntimeWarning: invalid value encountered in sqrt
  Vsonic = (i['gamma']*i['R']*i['Ts'])**0.5
C:\Users\MEO\Desktop\Projects\JetEngine\boomsonic_v0\.venv\Lib\site-packages\pycycle\thermo\static_ps_resid.py:83: RuntimeWarning: invalid value encountered in power
  ps_guess = inputs['guess:Pt'] * (1 + (gamt-1)/2 * inputs['MN']**2)**(-gamt/(gamt-1))
C:\Users\MEO\Desktop\Projects\JetEngine\boomsonic_v0\.venv\Lib\site-packages\pycycle\thermo\static_ps_resid.py:108: RuntimeWarning: invalid value encountered in sqrt
  Vsonic = (i['gamma']*i['R']*i['Ts'])**0.5
C:\Users\MEO\Desktop\Projects\JetEngine\boomsonic_v0\.venv\Lib\site-packages\pycycle\thermo\static_ps_resid.py:108: RuntimeWarning: invalid value encountered in sqrt
  Vsonic = (i['gamma']*i['R']*i['Ts'])**0.5
C:\Users\MEO\Desktop\Projects\JetEngine\boomsonic_v0\.venv\Lib\site-packages\pycycle\thermo\static_ps_resid.py:108: RuntimeWarning: invalid value encountered in sqrt
  Vsonic = (i['gamma']*i['R']*i['Ts'])**0.5
C:\Users\MEO\Desktop\Projects\JetEngine\boomsonic_v0\.venv\Lib\site-packages\pycycle\thermo\static_ps_resid.py:108: RuntimeWarning: invalid value encountered in sqrt
  Vsonic = (i['gamma']*i['R']*i['Ts'])**0.5
C:\Users\MEO\Desktop\Projects\JetEngine\boomsonic_v0\.venv\Lib\site-packages\pycycle\thermo\static_ps_resid.py:108: RuntimeWarning: invalid value encountered in sqrt
  Vsonic = (i['gamma']*i['R']*i['Ts'])**0.5
C:\Users\MEO\Desktop\Projects\JetEngine\boomsonic_v0\.venv\Lib\site-packages\pycycle\thermo\static_ps_resid.py:108: RuntimeWarning: invalid value encountered in sqrt
  Vsonic = (i['gamma']*i['R']*i['Ts'])**0.5
C:\Users\MEO\Desktop\Projects\JetEngine\boomsonic_v0\.venv\Lib\site-packages\pycycle\thermo\static_ps_resid.py:108: RuntimeWarning: invalid value encountered in sqrt
  Vsonic = (i['gamma']*i['R']*i['Ts'])**0.5
C:\Users\MEO\Desktop\Projects\JetEngine\boomsonic_v0\.venv\Lib\site-packages\pycycle\thermo\static_ps_resid.py:108: RuntimeWarning: invalid value encountered in sqrt
  Vsonic = (i['gamma']*i['R']*i['Ts'])**0.5
C:\Users\MEO\Desktop\Projects\JetEngine\boomsonic_v0\.venv\Lib\site-packages\pycycle\thermo\static_ps_resid.py:108: RuntimeWarning: invalid value encountered in sqrt
  Vsonic = (i['gamma']*i['R']*i['Ts'])**0.5
C:\Users\MEO\Desktop\Projects\JetEngine\boomsonic_v0\.venv\Lib\site-packages\pycycle\thermo\static_ps_resid.py:108: RuntimeWarning: invalid value encountered in sqrt
  Vsonic = (i['gamma']*i['R']*i['Ts'])**0.5
C:\Users\MEO\Desktop\Projects\JetEngine\boomsonic_v0\.venv\Lib\site-packages\pycycle\thermo\static_ps_resid.py:108: RuntimeWarning: invalid value encountered in sqrt
  Vsonic = (i['gamma']*i['R']*i['Ts'])**0.5
C:\Users\MEO\Desktop\Projects\JetEngine\boomsonic_v0\.venv\Lib\site-packages\pycycle\thermo\static_ps_calc.py:32: RuntimeWarning: invalid value encountered in sqrt
  outputs['Vsonic'] = Vsonic = np.sqrt(inputs['gamma'] * inputs['R'] * inputs['Ts'])
C:\Users\MEO\Desktop\Projects\JetEngine\boomsonic_v0\.venv\Lib\site-packages\pycycle\elements\compressor.py:75: RuntimeWarning: invalid value encountered in log
  outputs['eff_poly'] = Rt * np.log(PR) / ( Rt*np.log(PR) + S_out - S_in )
C:\Users\MEO\Desktop\Projects\JetEngine\boomsonic_v0\.venv\Lib\site-packages\pycycle\thermo\static_ps_resid.py:128: RuntimeWarning: invalid value encountered in sqrt
  Vsonic = (i['gamma']*i['R']*i['Ts'])**0.5
C:\Users\MEO\Desktop\Projects\JetEngine\boomsonic_v0\.venv\Lib\site-packages\pycycle\thermo\static_ps_resid.py:98: RuntimeWarning: invalid value encountered in power
  ps_guess = inputs['guess:Pt'] * (1 + (gamt-1)/2 * M_guess**2)**(-gamt/(gamt-1))
C:\Users\MEO\Desktop\Projects\JetEngine\boomsonic_v0\.venv\Lib\site-packages\pycycle\thermo\static_ps_resid.py:93: RuntimeWarning: invalid value encountered in power
  f1 = ps - inputs['guess:Pt'] * (1 + (gamt-1)/2 * M_guess**2)**(-gamt/(gamt-1))
C:\Users\MEO\Desktop\Projects\JetEngine\boomsonic_v0\.venv\Lib\site-packages\pycycle\thermo\static_ps_resid.py:94: RuntimeWarning: invalid value encountered in sqrt
  f2 = MN - inputs['W']*(R_UNIVERSAL_SI*inputs['Ts'])**0.5/(ps_guess*1.0e6*inputs['area']*gamt**0.5)
C:\Users\MEO\Desktop\Projects\JetEngine\boomsonic_v0\.venv\Lib\site-packages\pycycle\thermo\static_ps_resid.py:99: RuntimeWarning: The iteration is not making good progress, as measured by the 
 improvement from the last ten iterations.
  ps_guess, M_guess = fsolve(equations, (ps_guess, M_guess))
C:\Users\MEO\Desktop\Projects\JetEngine\boomsonic_v0\.venv\Lib\site-packages\pycycle\thermo\static_ps_resid.py:83: RuntimeWarning: invalid value encountered in power
  ps_guess = inputs['guess:Pt'] * (1 + (gamt-1)/2 * inputs['MN']**2)**(-gamt/(gamt-1))
C:\Users\MEO\Desktop\Projects\JetEngine\boomsonic_v0\.venv\Lib\site-packages\openmdao\solvers\solver.py:819: SolverWarning:Your model has stalled three times and may be violating the bounds. In the future, turn on print_bound_enforce in your solver options here: 
OD0.comp.ideal_flow.nonlinear_solver.linesearch.options['print_bound_enforce']=True. 
The bound(s) being violated now are:

C:\Users\MEO\Desktop\Projects\JetEngine\boomsonic_v0\.venv\Lib\site-packages\openmdao\solvers\linesearch\backtracking.py:39: SolverWarning:'OD0.comp.ideal_flow.balance.T' exceeds lower bounds
  Val: [-42731295.61538422]
  Lower: [150.]

C:\Users\MEO\Desktop\Projects\JetEngine\boomsonic_v0\.venv\Lib\site-packages\pycycle\elements\compressor.py:75: RuntimeWarning: invalid value encountered in log
  outputs['eff_poly'] = Rt * np.log(PR) / ( Rt*np.log(PR) + S_out - S_in )
C:\Users\MEO\Desktop\Projects\JetEngine\boomsonic_v0\.venv\Lib\site-packages\pycycle\thermo\static_ps_resid.py:128: RuntimeWarning: invalid value encountered in sqrt
  Vsonic = (i['gamma']*i['R']*i['Ts'])**0.5
C:\Users\MEO\Desktop\Projects\JetEngine\boomsonic_v0\.venv\Lib\site-packages\pycycle\thermo\static_ps_resid.py:128: RuntimeWarning: invalid value encountered in sqrt
  Vsonic = (i['gamma']*i['R']*i['Ts'])**0.5
C:\Users\MEO\Desktop\Projects\JetEngine\boomsonic_v0\.venv\Lib\site-packages\pycycle\thermo\static_ps_resid.py:128: RuntimeWarning: invalid value encountered in sqrt
  Vsonic = (i['gamma']*i['R']*i['Ts'])**0.5
C:\Users\MEO\Desktop\Projects\JetEngine\boomsonic_v0\.venv\Lib\site-packages\pycycle\thermo\static_ps_resid.py:128: RuntimeWarning: invalid value encountered in sqrt
  Vsonic = (i['gamma']*i['R']*i['Ts'])**0.5
C:\Users\MEO\Desktop\Projects\JetEngine\boomsonic_v0\.venv\Lib\site-packages\pycycle\thermo\static_ps_resid.py:128: RuntimeWarning: invalid value encountered in sqrt
  Vsonic = (i['gamma']*i['R']*i['Ts'])**0.5
C:\Users\MEO\Desktop\Projects\JetEngine\boomsonic_v0\.venv\Lib\site-packages\pycycle\thermo\static_ps_resid.py:98: RuntimeWarning: invalid value encountered in power
  ps_guess = inputs['guess:Pt'] * (1 + (gamt-1)/2 * M_guess**2)**(-gamt/(gamt-1))
C:\Users\MEO\Desktop\Projects\JetEngine\boomsonic_v0\.venv\Lib\site-packages\pycycle\thermo\static_ps_resid.py:93: RuntimeWarning: invalid value encountered in power
  f1 = ps - inputs['guess:Pt'] * (1 + (gamt-1)/2 * M_guess**2)**(-gamt/(gamt-1))
C:\Users\MEO\Desktop\Projects\JetEngine\boomsonic_v0\.venv\Lib\site-packages\pycycle\thermo\static_ps_resid.py:94: RuntimeWarning: invalid value encountered in sqrt
  f2 = MN - inputs['W']*(R_UNIVERSAL_SI*inputs['Ts'])**0.5/(ps_guess*1.0e6*inputs['area']*gamt**0.5)
C:\Users\MEO\Desktop\Projects\JetEngine\boomsonic_v0\.venv\Lib\site-packages\pycycle\thermo\static_ps_resid.py:99: RuntimeWarning: The iteration is not making good progress, as measured by the 
 improvement from the last ten iterations.
  ps_guess, M_guess = fsolve(equations, (ps_guess, M_guess))
C:\Users\MEO\Desktop\Projects\JetEngine\boomsonic_v0\.venv\Lib\site-packages\pycycle\thermo\static_ps_resid.py:128: RuntimeWarning: invalid value encountered in sqrt
  Vsonic = (i['gamma']*i['R']*i['Ts'])**0.5
C:\Users\MEO\Desktop\Projects\JetEngine\boomsonic_v0\.venv\Lib\site-packages\pycycle\thermo\static_ps_resid.py:128: RuntimeWarning: invalid value encountered in sqrt
  Vsonic = (i['gamma']*i['R']*i['Ts'])**0.5
C:\Users\MEO\Desktop\Projects\JetEngine\boomsonic_v0\.venv\Lib\site-packages\pycycle\thermo\static_ps_resid.py:128: RuntimeWarning: invalid value encountered in sqrt
  Vsonic = (i['gamma']*i['R']*i['Ts'])**0.5
C:\Users\MEO\Desktop\Projects\JetEngine\boomsonic_v0\.venv\Lib\site-packages\pycycle\thermo\static_ps_resid.py:128: RuntimeWarning: invalid value encountered in sqrt
  Vsonic = (i['gamma']*i['R']*i['Ts'])**0.5
C:\Users\MEO\Desktop\Projects\JetEngine\boomsonic_v0\.venv\Lib\site-packages\pycycle\thermo\static_ps_resid.py:128: RuntimeWarning: invalid value encountered in sqrt
  Vsonic = (i['gamma']*i['R']*i['Ts'])**0.5
C:\Users\MEO\Desktop\Projects\JetEngine\boomsonic_v0\.venv\Lib\site-packages\pycycle\thermo\static_ps_resid.py:128: RuntimeWarning: invalid value encountered in sqrt
  Vsonic = (i['gamma']*i['R']*i['Ts'])**0.5
C:\Users\MEO\Desktop\Projects\JetEngine\boomsonic_v0\.venv\Lib\site-packages\pycycle\thermo\static_ps_resid.py:128: RuntimeWarning: invalid value encountered in sqrt
  Vsonic = (i['gamma']*i['R']*i['Ts'])**0.5
C:\Users\MEO\Desktop\Projects\JetEngine\boomsonic_v0\.venv\Lib\site-packages\pycycle\thermo\static_ps_resid.py:128: RuntimeWarning: invalid value encountered in sqrt
  Vsonic = (i['gamma']*i['R']*i['Ts'])**0.5
C:\Users\MEO\Desktop\Projects\JetEngine\boomsonic_v0\.venv\Lib\site-packages\pycycle\thermo\static_ps_resid.py:128: RuntimeWarning: invalid value encountered in sqrt
  Vsonic = (i['gamma']*i['R']*i['Ts'])**0.5
C:\Users\MEO\Desktop\Projects\JetEngine\boomsonic_v0\.venv\Lib\site-packages\pycycle\thermo\static_ps_resid.py:128: RuntimeWarning: invalid value encountered in sqrt
  Vsonic = (i['gamma']*i['R']*i['Ts'])**0.5
C:\Users\MEO\Desktop\Projects\JetEngine\boomsonic_v0\.venv\Lib\site-packages\pycycle\thermo\static_ps_resid.py:108: RuntimeWarning: invalid value encountered in sqrt
  Vsonic = (i['gamma']*i['R']*i['Ts'])**0.5
C:\Users\MEO\Desktop\Projects\JetEngine\boomsonic_v0\.venv\Lib\site-packages\pycycle\thermo\static_ps_resid.py:83: RuntimeWarning: invalid value encountered in power
  ps_guess = inputs['guess:Pt'] * (1 + (gamt-1)/2 * inputs['MN']**2)**(-gamt/(gamt-1))
C:\Users\MEO\Desktop\Projects\JetEngine\boomsonic_v0\.venv\Lib\site-packages\pycycle\thermo\static_ps_resid.py:108: RuntimeWarning: invalid value encountered in sqrt
  Vsonic = (i['gamma']*i['R']*i['Ts'])**0.5
C:\Users\MEO\Desktop\Projects\JetEngine\boomsonic_v0\.venv\Lib\site-packages\pycycle\thermo\static_ps_resid.py:108: RuntimeWarning: invalid value encountered in sqrt
  Vsonic = (i['gamma']*i['R']*i['Ts'])**0.5
C:\Users\MEO\Desktop\Projects\JetEngine\boomsonic_v0\.venv\Lib\site-packages\pycycle\thermo\static_ps_resid.py:108: RuntimeWarning: invalid value encountered in sqrt
  Vsonic = (i['gamma']*i['R']*i['Ts'])**0.5
C:\Users\MEO\Desktop\Projects\JetEngine\boomsonic_v0\.venv\Lib\site-packages\pycycle\thermo\static_ps_resid.py:108: RuntimeWarning: invalid value encountered in sqrt
  Vsonic = (i['gamma']*i['R']*i['Ts'])**0.5
C:\Users\MEO\Desktop\Projects\JetEngine\boomsonic_v0\.venv\Lib\site-packages\pycycle\thermo\static_ps_resid.py:108: RuntimeWarning: invalid value encountered in sqrt
  Vsonic = (i['gamma']*i['R']*i['Ts'])**0.5
C:\Users\MEO\Desktop\Projects\JetEngine\boomsonic_v0\.venv\Lib\site-packages\pycycle\thermo\static_ps_resid.py:108: RuntimeWarning: invalid value encountered in sqrt
  Vsonic = (i['gamma']*i['R']*i['Ts'])**0.5
C:\Users\MEO\Desktop\Projects\JetEngine\boomsonic_v0\.venv\Lib\site-packages\pycycle\thermo\static_ps_resid.py:108: RuntimeWarning: invalid value encountered in sqrt
  Vsonic = (i['gamma']*i['R']*i['Ts'])**0.5
C:\Users\MEO\Desktop\Projects\JetEngine\boomsonic_v0\.venv\Lib\site-packages\pycycle\thermo\static_ps_resid.py:108: RuntimeWarning: invalid value encountered in sqrt
  Vsonic = (i['gamma']*i['R']*i['Ts'])**0.5
C:\Users\MEO\Desktop\Projects\JetEngine\boomsonic_v0\.venv\Lib\site-packages\pycycle\thermo\static_ps_resid.py:108: RuntimeWarning: invalid value encountered in sqrt
  Vsonic = (i['gamma']*i['R']*i['Ts'])**0.5
C:\Users\MEO\Desktop\Projects\JetEngine\boomsonic_v0\.venv\Lib\site-packages\pycycle\thermo\static_ps_resid.py:108: RuntimeWarning: invalid value encountered in sqrt
  Vsonic = (i['gamma']*i['R']*i['Ts'])**0.5
C:\Users\MEO\Desktop\Projects\JetEngine\boomsonic_v0\.venv\Lib\site-packages\pycycle\thermo\static_ps_resid.py:108: RuntimeWarning: invalid value encountered in sqrt
  Vsonic = (i['gamma']*i['R']*i['Ts'])**0.5
C:\Users\MEO\Desktop\Projects\JetEngine\boomsonic_v0\.venv\Lib\site-packages\pycycle\thermo\static_ps_calc.py:32: RuntimeWarning: invalid value encountered in sqrt
  outputs['Vsonic'] = Vsonic = np.sqrt(inputs['gamma'] * inputs['R'] * inputs['Ts'])
C:\Users\MEO\Desktop\Projects\JetEngine\boomsonic_v0\.venv\Lib\site-packages\pycycle\elements\compressor.py:75: RuntimeWarning: invalid value encountered in log
  outputs['eff_poly'] = Rt * np.log(PR) / ( Rt*np.log(PR) + S_out - S_in )
C:\Users\MEO\Desktop\Projects\JetEngine\boomsonic_v0\.venv\Lib\site-packages\pycycle\thermo\static_ps_resid.py:128: RuntimeWarning: invalid value encountered in sqrt
  Vsonic = (i['gamma']*i['R']*i['Ts'])**0.5
C:\Users\MEO\Desktop\Projects\JetEngine\boomsonic_v0\.venv\Lib\site-packages\pycycle\thermo\static_ps_resid.py:98: RuntimeWarning: invalid value encountered in power
  ps_guess = inputs['guess:Pt'] * (1 + (gamt-1)/2 * M_guess**2)**(-gamt/(gamt-1))
C:\Users\MEO\Desktop\Projects\JetEngine\boomsonic_v0\.venv\Lib\site-packages\pycycle\thermo\static_ps_resid.py:93: RuntimeWarning: invalid value encountered in power
  f1 = ps - inputs['guess:Pt'] * (1 + (gamt-1)/2 * M_guess**2)**(-gamt/(gamt-1))
C:\Users\MEO\Desktop\Projects\JetEngine\boomsonic_v0\.venv\Lib\site-packages\pycycle\thermo\static_ps_resid.py:94: RuntimeWarning: invalid value encountered in sqrt
  f2 = MN - inputs['W']*(R_UNIVERSAL_SI*inputs['Ts'])**0.5/(ps_guess*1.0e6*inputs['area']*gamt**0.5)
C:\Users\MEO\Desktop\Projects\JetEngine\boomsonic_v0\.venv\Lib\site-packages\pycycle\thermo\static_ps_resid.py:99: RuntimeWarning: The iteration is not making good progress, as measured by the 
 improvement from the last ten iterations.
  ps_guess, M_guess = fsolve(equations, (ps_guess, M_guess))
C:\Users\MEO\Desktop\Projects\JetEngine\boomsonic_v0\.venv\Lib\site-packages\pycycle\thermo\static_ps_resid.py:83: RuntimeWarning: invalid value encountered in power
  ps_guess = inputs['guess:Pt'] * (1 + (gamt-1)/2 * inputs['MN']**2)**(-gamt/(gamt-1))
C:\Users\MEO\Desktop\Projects\JetEngine\boomsonic_v0\.venv\Lib\site-packages\pycycle\thermo\static_ps_resid.py:128: RuntimeWarning: invalid value encountered in sqrt
  Vsonic = (i['gamma']*i['R']*i['Ts'])**0.5
C:\Users\MEO\Desktop\Projects\JetEngine\boomsonic_v0\.venv\Lib\site-packages\pycycle\thermo\static_ps_resid.py:128: RuntimeWarning: invalid value encountered in sqrt
  Vsonic = (i['gamma']*i['R']*i['Ts'])**0.5
C:\Users\MEO\Desktop\Projects\JetEngine\boomsonic_v0\.venv\Lib\site-packages\pycycle\thermo\static_ps_resid.py:128: RuntimeWarning: invalid value encountered in sqrt
  Vsonic = (i['gamma']*i['R']*i['Ts'])**0.5
C:\Users\MEO\Desktop\Projects\JetEngine\boomsonic_v0\.venv\Lib\site-packages\pycycle\thermo\static_ps_resid.py:108: RuntimeWarning: invalid value encountered in sqrt
  Vsonic = (i['gamma']*i['R']*i['Ts'])**0.5
C:\Users\MEO\Desktop\Projects\JetEngine\boomsonic_v0\.venv\Lib\site-packages\pycycle\elements\turbine.py:89: RuntimeWarning: invalid value encountered in log
  outputs['eff_poly'] = 1 + (S_out-S_in)/(Rt*np.log(invPR))
C:\Users\MEO\Desktop\Projects\JetEngine\boomsonic_v0\.venv\Lib\site-packages\openmdao\solvers\solver.py:819: SolverWarning:Your model has stalled three times and may be violating the bounds. In the future, turn on print_bound_enforce in your solver options here: 
OD0.burner.vitiated_flow.nonlinear_solver.linesearch.options['print_bound_enforce']=True. 
The bound(s) being violated now are:

C:\Users\MEO\Desktop\Projects\JetEngine\boomsonic_v0\.venv\Lib\site-packages\openmdao\solvers\linesearch\backtracking.py:35: SolverWarning:'OD0.burner.vitiated_flow.balance.T' exceeds upper bounds
  Val: [2562.8465475]
  Upper: [2500.]

C:\Users\MEO\Desktop\Projects\JetEngine\boomsonic_v0\.venv\Lib\site-packages\openmdao\solvers\solver.py:819: SolverWarning:Your model has stalled three times and may be violating the bounds. In the future, turn on print_bound_enforce in your solver options here: 
OD0.turb.real_flow_b4bld.nonlinear_solver.linesearch.options['print_bound_enforce']=True. 
The bound(s) being violated now are:

C:\Users\MEO\Desktop\Projects\JetEngine\boomsonic_v0\.venv\Lib\site-packages\openmdao\solvers\linesearch\backtracking.py:35: SolverWarning:'OD0.turb.real_flow_b4bld.balance.T' exceeds upper bounds
  Val: [2517.81132268]
  Upper: [2500.]

C:\Users\MEO\Desktop\Projects\JetEngine\boomsonic_v0\.venv\Lib\site-packages\openmdao\solvers\solver.py:819: SolverWarning:Your model has stalled three times and may be violating the bounds. In the future, turn on print_bound_enforce in your solver options here: 
OD0.turb.real_flow.nonlinear_solver.linesearch.options['print_bound_enforce']=True. 
The bound(s) being violated now are:

C:\Users\MEO\Desktop\Projects\JetEngine\boomsonic_v0\.venv\Lib\site-packages\openmdao\solvers\linesearch\backtracking.py:35: SolverWarning:'OD0.turb.real_flow.balance.T' exceeds upper bounds
  Val: [2517.81132268]
  Upper: [2500.]

C:\Users\MEO\Desktop\Projects\JetEngine\boomsonic_v0\.venv\Lib\site-packages\openmdao\solvers\solver.py:819: SolverWarning:Your model has stalled three times and may be violating the bounds. In the future, turn on print_bound_enforce in your solver options here: 
OD0.nozz.throat_total.nonlinear_solver.linesearch.options['print_bound_enforce']=True. 
The bound(s) being violated now are:

C:\Users\MEO\Desktop\Projects\JetEngine\boomsonic_v0\.venv\Lib\site-packages\openmdao\solvers\linesearch\backtracking.py:35: SolverWarning:'OD0.nozz.throat_total.balance.T' exceeds upper bounds
  Val: [2517.81132268]
  Upper: [2500.]

C:\Users\MEO\Desktop\Projects\JetEngine\boomsonic_v0\.venv\Lib\site-packages\pycycle\thermo\static_ps_resid.py:128: RuntimeWarning: invalid value encountered in sqrt
  Vsonic = (i['gamma']*i['R']*i['Ts'])**0.5
C:\Users\MEO\Desktop\Projects\JetEngine\boomsonic_v0\.venv\Lib\site-packages\pycycle\thermo\static_ps_resid.py:108: RuntimeWarning: invalid value encountered in sqrt
  Vsonic = (i['gamma']*i['R']*i['Ts'])**0.5
C:\Users\MEO\Desktop\Projects\JetEngine\boomsonic_v0\.venv\Lib\site-packages\pycycle\thermo\static_ps_calc.py:32: RuntimeWarning: invalid value encountered in sqrt
  outputs['Vsonic'] = Vsonic = np.sqrt(inputs['gamma'] * inputs['R'] * inputs['Ts'])
C:\Users\MEO\Desktop\Projects\JetEngine\boomsonic_v0\.venv\Lib\site-packages\openmdao\solvers\solver.py:819: SolverWarning:Your model has stalled three times and may be violating the bounds. In the future, turn on print_bound_enforce in your solver options here: 
OD0.burner.vitiated_flow.nonlinear_solver.linesearch.options['print_bound_enforce']=True. 
The bound(s) being violated now are:

C:\Users\MEO\Desktop\Projects\JetEngine\boomsonic_v0\.venv\Lib\site-packages\openmdao\solvers\linesearch\backtracking.py:35: SolverWarning:'OD0.burner.vitiated_flow.balance.T' exceeds upper bounds
  Val: [4119.94660024]
  Upper: [2500.]

C:\Users\MEO\Desktop\Projects\JetEngine\boomsonic_v0\.venv\Lib\site-packages\pycycle\thermo\static_ps_resid.py:128: RuntimeWarning: invalid value encountered in sqrt
  Vsonic = (i['gamma']*i['R']*i['Ts'])**0.5
C:\Users\MEO\Desktop\Projects\JetEngine\boomsonic_v0\.venv\Lib\site-packages\pycycle\thermo\static_ps_resid.py:94: RuntimeWarning: invalid value encountered in sqrt
  f2 = MN - inputs['W']*(R_UNIVERSAL_SI*inputs['Ts'])**0.5/(ps_guess*1.0e6*inputs['area']*gamt**0.5)
C:\Users\MEO\Desktop\Projects\JetEngine\boomsonic_v0\.venv\Lib\site-packages\pycycle\thermo\static_ps_resid.py:99: RuntimeWarning: The iteration is not making good progress, as measured by the 
 improvement from the last ten iterations.
  ps_guess, M_guess = fsolve(equations, (ps_guess, M_guess))
C:\Users\MEO\Desktop\Projects\JetEngine\boomsonic_v0\.venv\Lib\site-packages\openmdao\solvers\solver.py:819: SolverWarning:Your model has stalled three times and may be violating the bounds. In the future, turn on print_bound_enforce in your solver options here: 
OD0.turb.real_flow_b4bld.nonlinear_solver.linesearch.options['print_bound_enforce']=True. 
The bound(s) being violated now are:

C:\Users\MEO\Desktop\Projects\JetEngine\boomsonic_v0\.venv\Lib\site-packages\openmdao\solvers\linesearch\backtracking.py:35: SolverWarning:'OD0.turb.real_flow_b4bld.balance.T' exceeds upper bounds
  Val: [3025.2602473]
  Upper: [2500.]

C:\Users\MEO\Desktop\Projects\JetEngine\boomsonic_v0\.venv\Lib\site-packages\openmdao\solvers\solver.py:819: SolverWarning:Your model has stalled three times and may be violating the bounds. In the future, turn on print_bound_enforce in your solver options here: 
OD0.turb.real_flow.nonlinear_solver.linesearch.options['print_bound_enforce']=True. 
The bound(s) being violated now are:

C:\Users\MEO\Desktop\Projects\JetEngine\boomsonic_v0\.venv\Lib\site-packages\openmdao\solvers\linesearch\backtracking.py:35: SolverWarning:'OD0.turb.real_flow.balance.T' exceeds upper bounds
  Val: [3025.2602473]
  Upper: [2500.]

C:\Users\MEO\Desktop\Projects\JetEngine\boomsonic_v0\.venv\Lib\site-packages\pycycle\thermo\static_ps_resid.py:128: RuntimeWarning: invalid value encountered in sqrt
  Vsonic = (i['gamma']*i['R']*i['Ts'])**0.5
C:\Users\MEO\Desktop\Projects\JetEngine\boomsonic_v0\.venv\Lib\site-packages\pycycle\thermo\static_ps_resid.py:94: RuntimeWarning: invalid value encountered in sqrt
  f2 = MN - inputs['W']*(R_UNIVERSAL_SI*inputs['Ts'])**0.5/(ps_guess*1.0e6*inputs['area']*gamt**0.5)
C:\Users\MEO\Desktop\Projects\JetEngine\boomsonic_v0\.venv\Lib\site-packages\pycycle\thermo\static_ps_resid.py:99: RuntimeWarning: The iteration is not making good progress, as measured by the 
 improvement from the last ten iterations.
  ps_guess, M_guess = fsolve(equations, (ps_guess, M_guess))
C:\Users\MEO\Desktop\Projects\JetEngine\boomsonic_v0\.venv\Lib\site-packages\openmdao\solvers\solver.py:819: SolverWarning:Your model has stalled three times and may be violating the bounds. In the future, turn on print_bound_enforce in your solver options here: 
OD0.nozz.throat_total.nonlinear_solver.linesearch.options['print_bound_enforce']=True. 
The bound(s) being violated now are:

C:\Users\MEO\Desktop\Projects\JetEngine\boomsonic_v0\.venv\Lib\site-packages\openmdao\solvers\linesearch\backtracking.py:35: SolverWarning:'OD0.nozz.throat_total.balance.T' exceeds upper bounds
  Val: [3025.2602473]
  Upper: [2500.]

C:\Users\MEO\Desktop\Projects\JetEngine\boomsonic_v0\.venv\Lib\site-packages\pycycle\thermo\static_ps_resid.py:108: RuntimeWarning: invalid value encountered in sqrt
  Vsonic = (i['gamma']*i['R']*i['Ts'])**0.5
C:\Users\MEO\Desktop\Projects\JetEngine\boomsonic_v0\.venv\Lib\site-packages\pycycle\thermo\static_ps_resid.py:83: RuntimeWarning: invalid value encountered in power
  ps_guess = inputs['guess:Pt'] * (1 + (gamt-1)/2 * inputs['MN']**2)**(-gamt/(gamt-1))
C:\Users\MEO\Desktop\Projects\JetEngine\boomsonic_v0\.venv\Lib\site-packages\pycycle\thermo\static_ps_calc.py:32: RuntimeWarning: invalid value encountered in sqrt
  outputs['Vsonic'] = Vsonic = np.sqrt(inputs['gamma'] * inputs['R'] * inputs['Ts'])
C:\Users\MEO\Desktop\Projects\JetEngine\boomsonic_v0\.venv\Lib\site-packages\pycycle\thermo\static_ps_resid.py:128: RuntimeWarning: invalid value encountered in sqrt
  Vsonic = (i['gamma']*i['R']*i['Ts'])**0.5
C:\Users\MEO\Desktop\Projects\JetEngine\boomsonic_v0\.venv\Lib\site-packages\pycycle\thermo\static_ps_resid.py:94: RuntimeWarning: invalid value encountered in sqrt
  f2 = MN - inputs['W']*(R_UNIVERSAL_SI*inputs['Ts'])**0.5/(ps_guess*1.0e6*inputs['area']*gamt**0.5)
C:\Users\MEO\Desktop\Projects\JetEngine\boomsonic_v0\.venv\Lib\site-packages\pycycle\thermo\static_ps_resid.py:99: RuntimeWarning: The iteration is not making good progress, as measured by the 
 improvement from the last ten iterations.
  ps_guess, M_guess = fsolve(equations, (ps_guess, M_guess))
C:\Users\MEO\Desktop\Projects\JetEngine\boomsonic_v0\.venv\Lib\site-packages\openmdao\solvers\solver.py:819: SolverWarning:Your model has stalled three times and may be violating the bounds. In the future, turn on print_bound_enforce in your solver options here: 
OD0.burner.vitiated_flow.nonlinear_solver.linesearch.options['print_bound_enforce']=True. 
The bound(s) being violated now are:

C:\Users\MEO\Desktop\Projects\JetEngine\boomsonic_v0\.venv\Lib\site-packages\openmdao\solvers\linesearch\backtracking.py:35: SolverWarning:'OD0.burner.vitiated_flow.balance.T' exceeds upper bounds
  Val: [4119.94660024]
  Upper: [2500.]

C:\Users\MEO\Desktop\Projects\JetEngine\boomsonic_v0\.venv\Lib\site-packages\pycycle\thermo\static_ps_resid.py:128: RuntimeWarning: invalid value encountered in sqrt
  Vsonic = (i['gamma']*i['R']*i['Ts'])**0.5
C:\Users\MEO\Desktop\Projects\JetEngine\boomsonic_v0\.venv\Lib\site-packages\pycycle\thermo\static_ps_resid.py:94: RuntimeWarning: invalid value encountered in sqrt
  f2 = MN - inputs['W']*(R_UNIVERSAL_SI*inputs['Ts'])**0.5/(ps_guess*1.0e6*inputs['area']*gamt**0.5)
C:\Users\MEO\Desktop\Projects\JetEngine\boomsonic_v0\.venv\Lib\site-packages\pycycle\thermo\static_ps_resid.py:99: RuntimeWarning: The iteration is not making good progress, as measured by the 
 improvement from the last ten iterations.
  ps_guess, M_guess = fsolve(equations, (ps_guess, M_guess))
C:\Users\MEO\Desktop\Projects\JetEngine\boomsonic_v0\.venv\Lib\site-packages\openmdao\solvers\solver.py:819: SolverWarning:Your model has stalled three times and may be violating the bounds. In the future, turn on print_bound_enforce in your solver options here: 
OD0.turb.real_flow_b4bld.nonlinear_solver.linesearch.options['print_bound_enforce']=True. 
The bound(s) being violated now are:

C:\Users\MEO\Desktop\Projects\JetEngine\boomsonic_v0\.venv\Lib\site-packages\openmdao\solvers\linesearch\backtracking.py:35: SolverWarning:'OD0.turb.real_flow_b4bld.balance.T' exceeds upper bounds
  Val: [3025.2602473]
  Upper: [2500.]

C:\Users\MEO\Desktop\Projects\JetEngine\boomsonic_v0\.venv\Lib\site-packages\openmdao\solvers\solver.py:819: SolverWarning:Your model has stalled three times and may be violating the bounds. In the future, turn on print_bound_enforce in your solver options here: 
OD0.turb.real_flow.nonlinear_solver.linesearch.options['print_bound_enforce']=True. 
The bound(s) being violated now are:

C:\Users\MEO\Desktop\Projects\JetEngine\boomsonic_v0\.venv\Lib\site-packages\openmdao\solvers\linesearch\backtracking.py:35: SolverWarning:'OD0.turb.real_flow.balance.T' exceeds upper bounds
  Val: [3025.2602473]
  Upper: [2500.]

C:\Users\MEO\Desktop\Projects\JetEngine\boomsonic_v0\.venv\Lib\site-packages\pycycle\thermo\static_ps_resid.py:128: RuntimeWarning: invalid value encountered in sqrt
  Vsonic = (i['gamma']*i['R']*i['Ts'])**0.5
C:\Users\MEO\Desktop\Projects\JetEngine\boomsonic_v0\.venv\Lib\site-packages\pycycle\thermo\static_ps_resid.py:94: RuntimeWarning: invalid value encountered in sqrt
  f2 = MN - inputs['W']*(R_UNIVERSAL_SI*inputs['Ts'])**0.5/(ps_guess*1.0e6*inputs['area']*gamt**0.5)
C:\Users\MEO\Desktop\Projects\JetEngine\boomsonic_v0\.venv\Lib\site-packages\pycycle\thermo\static_ps_resid.py:99: RuntimeWarning: The iteration is not making good progress, as measured by the 
 improvement from the last ten iterations.
  ps_guess, M_guess = fsolve(equations, (ps_guess, M_guess))
C:\Users\MEO\Desktop\Projects\JetEngine\boomsonic_v0\.venv\Lib\site-packages\openmdao\solvers\solver.py:819: SolverWarning:Your model has stalled three times and may be violating the bounds. In the future, turn on print_bound_enforce in your solver options here: 
OD0.nozz.throat_total.nonlinear_solver.linesearch.options['print_bound_enforce']=True. 
The bound(s) being violated now are:

C:\Users\MEO\Desktop\Projects\JetEngine\boomsonic_v0\.venv\Lib\site-packages\openmdao\solvers\linesearch\backtracking.py:35: SolverWarning:'OD0.nozz.throat_total.balance.T' exceeds upper bounds
  Val: [3025.2602473]
  Upper: [2500.]

C:\Users\MEO\Desktop\Projects\JetEngine\boomsonic_v0\.venv\Lib\site-packages\pycycle\thermo\static_ps_resid.py:108: RuntimeWarning: invalid value encountered in sqrt
  Vsonic = (i['gamma']*i['R']*i['Ts'])**0.5
C:\Users\MEO\Desktop\Projects\JetEngine\boomsonic_v0\.venv\Lib\site-packages\pycycle\thermo\static_ps_resid.py:83: RuntimeWarning: invalid value encountered in power
  ps_guess = inputs['guess:Pt'] * (1 + (gamt-1)/2 * inputs['MN']**2)**(-gamt/(gamt-1))
C:\Users\MEO\Desktop\Projects\JetEngine\boomsonic_v0\.venv\Lib\site-packages\pycycle\thermo\static_ps_calc.py:32: RuntimeWarning: invalid value encountered in sqrt
  outputs['Vsonic'] = Vsonic = np.sqrt(inputs['gamma'] * inputs['R'] * inputs['Ts'])
C:\Users\MEO\Desktop\Projects\JetEngine\boomsonic_v0\.venv\Lib\site-packages\pycycle\thermo\static_ps_resid.py:128: RuntimeWarning: invalid value encountered in sqrt
  Vsonic = (i['gamma']*i['R']*i['Ts'])**0.5
C:\Users\MEO\Desktop\Projects\JetEngine\boomsonic_v0\.venv\Lib\site-packages\pycycle\thermo\static_ps_resid.py:94: RuntimeWarning: invalid value encountered in sqrt
  f2 = MN - inputs['W']*(R_UNIVERSAL_SI*inputs['Ts'])**0.5/(ps_guess*1.0e6*inputs['area']*gamt**0.5)
C:\Users\MEO\Desktop\Projects\JetEngine\boomsonic_v0\.venv\Lib\site-packages\pycycle\thermo\static_ps_resid.py:99: RuntimeWarning: The iteration is not making good progress, as measured by the 
 improvement from the last ten iterations.
  ps_guess, M_guess = fsolve(equations, (ps_guess, M_guess))
C:\Users\MEO\Desktop\Projects\JetEngine\boomsonic_v0\.venv\Lib\site-packages\openmdao\solvers\solver.py:819: SolverWarning:Your model has stalled three times and may be violating the bounds. In the future, turn on print_bound_enforce in your solver options here: 
OD0.burner.vitiated_flow.nonlinear_solver.linesearch.options['print_bound_enforce']=True. 
The bound(s) being violated now are:

C:\Users\MEO\Desktop\Projects\JetEngine\boomsonic_v0\.venv\Lib\site-packages\openmdao\solvers\linesearch\backtracking.py:35: SolverWarning:'OD0.burner.vitiated_flow.balance.T' exceeds upper bounds
  Val: [4119.94660024]
  Upper: [2500.]

C:\Users\MEO\Desktop\Projects\JetEngine\boomsonic_v0\.venv\Lib\site-packages\pycycle\thermo\static_ps_resid.py:128: RuntimeWarning: invalid value encountered in sqrt
  Vsonic = (i['gamma']*i['R']*i['Ts'])**0.5
C:\Users\MEO\Desktop\Projects\JetEngine\boomsonic_v0\.venv\Lib\site-packages\pycycle\thermo\static_ps_resid.py:94: RuntimeWarning: invalid value encountered in sqrt
  f2 = MN - inputs['W']*(R_UNIVERSAL_SI*inputs['Ts'])**0.5/(ps_guess*1.0e6*inputs['area']*gamt**0.5)
C:\Users\MEO\Desktop\Projects\JetEngine\boomsonic_v0\.venv\Lib\site-packages\pycycle\thermo\static_ps_resid.py:99: RuntimeWarning: The iteration is not making good progress, as measured by the 
 improvement from the last ten iterations.
  ps_guess, M_guess = fsolve(equations, (ps_guess, M_guess))
C:\Users\MEO\Desktop\Projects\JetEngine\boomsonic_v0\.venv\Lib\site-packages\openmdao\solvers\solver.py:819: SolverWarning:Your model has stalled three times and may be violating the bounds. In the future, turn on print_bound_enforce in your solver options here: 
OD0.turb.real_flow_b4bld.nonlinear_solver.linesearch.options['print_bound_enforce']=True. 
The bound(s) being violated now are:

C:\Users\MEO\Desktop\Projects\JetEngine\boomsonic_v0\.venv\Lib\site-packages\openmdao\solvers\linesearch\backtracking.py:35: SolverWarning:'OD0.turb.real_flow_b4bld.balance.T' exceeds upper bounds
  Val: [3025.2602473]
  Upper: [2500.]

C:\Users\MEO\Desktop\Projects\JetEngine\boomsonic_v0\.venv\Lib\site-packages\openmdao\solvers\solver.py:819: SolverWarning:Your model has stalled three times and may be violating the bounds. In the future, turn on print_bound_enforce in your solver options here: 
OD0.turb.real_flow.nonlinear_solver.linesearch.options['print_bound_enforce']=True. 
The bound(s) being violated now are:

C:\Users\MEO\Desktop\Projects\JetEngine\boomsonic_v0\.venv\Lib\site-packages\openmdao\solvers\linesearch\backtracking.py:35: SolverWarning:'OD0.turb.real_flow.balance.T' exceeds upper bounds
  Val: [3025.2602473]
  Upper: [2500.]

C:\Users\MEO\Desktop\Projects\JetEngine\boomsonic_v0\.venv\Lib\site-packages\pycycle\thermo\static_ps_resid.py:128: RuntimeWarning: invalid value encountered in sqrt
  Vsonic = (i['gamma']*i['R']*i['Ts'])**0.5
C:\Users\MEO\Desktop\Projects\JetEngine\boomsonic_v0\.venv\Lib\site-packages\pycycle\thermo\static_ps_resid.py:94: RuntimeWarning: invalid value encountered in sqrt
  f2 = MN - inputs['W']*(R_UNIVERSAL_SI*inputs['Ts'])**0.5/(ps_guess*1.0e6*inputs['area']*gamt**0.5)
C:\Users\MEO\Desktop\Projects\JetEngine\boomsonic_v0\.venv\Lib\site-packages\pycycle\thermo\static_ps_resid.py:99: RuntimeWarning: The iteration is not making good progress, as measured by the 
 improvement from the last ten iterations.
  ps_guess, M_guess = fsolve(equations, (ps_guess, M_guess))
C:\Users\MEO\Desktop\Projects\JetEngine\boomsonic_v0\.venv\Lib\site-packages\openmdao\solvers\solver.py:819: SolverWarning:Your model has stalled three times and may be violating the bounds. In the future, turn on print_bound_enforce in your solver options here: 
OD0.nozz.throat_total.nonlinear_solver.linesearch.options['print_bound_enforce']=True. 
The bound(s) being violated now are:

C:\Users\MEO\Desktop\Projects\JetEngine\boomsonic_v0\.venv\Lib\site-packages\openmdao\solvers\linesearch\backtracking.py:35: SolverWarning:'OD0.nozz.throat_total.balance.T' exceeds upper bounds
  Val: [3025.2602473]
  Upper: [2500.]

C:\Users\MEO\Desktop\Projects\JetEngine\boomsonic_v0\.venv\Lib\site-packages\pycycle\thermo\static_ps_resid.py:108: RuntimeWarning: invalid value encountered in sqrt
  Vsonic = (i['gamma']*i['R']*i['Ts'])**0.5
C:\Users\MEO\Desktop\Projects\JetEngine\boomsonic_v0\.venv\Lib\site-packages\pycycle\thermo\static_ps_resid.py:83: RuntimeWarning: invalid value encountered in power
  ps_guess = inputs['guess:Pt'] * (1 + (gamt-1)/2 * inputs['MN']**2)**(-gamt/(gamt-1))
C:\Users\MEO\Desktop\Projects\JetEngine\boomsonic_v0\.venv\Lib\site-packages\pycycle\thermo\static_ps_calc.py:32: RuntimeWarning: invalid value encountered in sqrt
  outputs['Vsonic'] = Vsonic = np.sqrt(inputs['gamma'] * inputs['R'] * inputs['Ts'])
C:\Users\MEO\Desktop\Projects\JetEngine\boomsonic_v0\.venv\Lib\site-packages\pycycle\thermo\static_ps_resid.py:128: RuntimeWarning: invalid value encountered in sqrt
  Vsonic = (i['gamma']*i['R']*i['Ts'])**0.5
C:\Users\MEO\Desktop\Projects\JetEngine\boomsonic_v0\.venv\Lib\site-packages\pycycle\thermo\static_ps_resid.py:94: RuntimeWarning: invalid value encountered in sqrt
  f2 = MN - inputs['W']*(R_UNIVERSAL_SI*inputs['Ts'])**0.5/(ps_guess*1.0e6*inputs['area']*gamt**0.5)
C:\Users\MEO\Desktop\Projects\JetEngine\boomsonic_v0\.venv\Lib\site-packages\pycycle\thermo\static_ps_resid.py:99: RuntimeWarning: The iteration is not making good progress, as measured by the 
 improvement from the last ten iterations.
  ps_guess, M_guess = fsolve(equations, (ps_guess, M_guess))
C:\Users\MEO\Desktop\Projects\JetEngine\boomsonic_v0\.venv\Lib\site-packages\pycycle\thermo\static_ps_resid.py:128: RuntimeWarning: invalid value encountered in sqrt
  Vsonic = (i['gamma']*i['R']*i['Ts'])**0.5
C:\Users\MEO\Desktop\Projects\JetEngine\boomsonic_v0\.venv\Lib\site-packages\pycycle\thermo\static_ps_resid.py:128: RuntimeWarning: invalid value encountered in sqrt
  Vsonic = (i['gamma']*i['R']*i['Ts'])**0.5
C:\Users\MEO\Desktop\Projects\JetEngine\boomsonic_v0\.venv\Lib\site-packages\pycycle\thermo\static_ps_resid.py:108: RuntimeWarning: invalid value encountered in sqrt
  Vsonic = (i['gamma']*i['R']*i['Ts'])**0.5
C:\Users\MEO\Desktop\Projects\JetEngine\boomsonic_v0\.venv\Lib\site-packages\pycycle\elements\turbine.py:40: RuntimeWarning: invalid value encountered in sqrt
  outputs['Wp'] = inputs['W_in'] * inputs['Tt']**0.5 / inputs['Pt']
C:\Users\MEO\Desktop\Projects\JetEngine\boomsonic_v0\.venv\Lib\site-packages\pycycle\elements\turbine.py:41: RuntimeWarning: invalid value encountered in power
  outputs['Np'] = inputs['Nmech'] * inputs['Tt']**-0.5
C:\Users\MEO\Desktop\Projects\JetEngine\boomsonic_v0\.venv\Lib\site-packages\pycycle\elements\turbine.py:89: RuntimeWarning: invalid value encountered in log
  outputs['eff_poly'] = 1 + (S_out-S_in)/(Rt*np.log(invPR))
C:\Users\MEO\Desktop\Projects\JetEngine\boomsonic_v0\.venv\Lib\site-packages\openmdao\solvers\solver.py:819: SolverWarning:Your model has stalled three times and may be violating the bounds. In the future, turn on print_bound_enforce in your solver options here: 
OD0.comp.ideal_flow.nonlinear_solver.linesearch.options['print_bound_enforce']=True. 
The bound(s) being violated now are:

C:\Users\MEO\Desktop\Projects\JetEngine\boomsonic_v0\.venv\Lib\site-packages\openmdao\solvers\linesearch\backtracking.py:39: SolverWarning:'OD0.comp.ideal_flow.balance.T' exceeds lower bounds
  Val: [-23860858.5288017]
  Lower: [150.]

C:\Users\MEO\Desktop\Projects\JetEngine\boomsonic_v0\.venv\Lib\site-packages\pycycle\elements\compressor.py:75: RuntimeWarning: invalid value encountered in log
  outputs['eff_poly'] = Rt * np.log(PR) / ( Rt*np.log(PR) + S_out - S_in )
C:\Users\MEO\Desktop\Projects\JetEngine\boomsonic_v0\.venv\Lib\site-packages\pycycle\thermo\static_ps_resid.py:98: RuntimeWarning: invalid value encountered in power
  ps_guess = inputs['guess:Pt'] * (1 + (gamt-1)/2 * M_guess**2)**(-gamt/(gamt-1))
C:\Users\MEO\Desktop\Projects\JetEngine\boomsonic_v0\.venv\Lib\site-packages\pycycle\thermo\static_ps_resid.py:93: RuntimeWarning: invalid value encountered in power
  f1 = ps - inputs['guess:Pt'] * (1 + (gamt-1)/2 * M_guess**2)**(-gamt/(gamt-1))
C:\Users\MEO\Desktop\Projects\JetEngine\boomsonic_v0\.venv\Lib\site-packages\pycycle\thermo\static_ps_resid.py:94: RuntimeWarning: invalid value encountered in sqrt
  f2 = MN - inputs['W']*(R_UNIVERSAL_SI*inputs['Ts'])**0.5/(ps_guess*1.0e6*inputs['area']*gamt**0.5)
C:\Users\MEO\Desktop\Projects\JetEngine\boomsonic_v0\.venv\Lib\site-packages\pycycle\thermo\static_ps_resid.py:99: RuntimeWarning: The iteration is not making good progress, as measured by the 
 improvement from the last ten iterations.
  ps_guess, M_guess = fsolve(equations, (ps_guess, M_guess))
C:\Users\MEO\Desktop\Projects\JetEngine\boomsonic_v0\.venv\Lib\site-packages\pycycle\thermo\static_ps_resid.py:128: RuntimeWarning: invalid value encountered in sqrt
  Vsonic = (i['gamma']*i['R']*i['Ts'])**0.5
C:\Users\MEO\Desktop\Projects\JetEngine\boomsonic_v0\.venv\Lib\site-packages\pycycle\thermo\static_ps_resid.py:128: RuntimeWarning: invalid value encountered in sqrt
  Vsonic = (i['gamma']*i['R']*i['Ts'])**0.5
C:\Users\MEO\Desktop\Projects\JetEngine\boomsonic_v0\.venv\Lib\site-packages\pycycle\thermo\static_ps_resid.py:128: RuntimeWarning: invalid value encountered in sqrt
  Vsonic = (i['gamma']*i['R']*i['Ts'])**0.5
C:\Users\MEO\Desktop\Projects\JetEngine\boomsonic_v0\.venv\Lib\site-packages\pycycle\thermo\static_ps_resid.py:128: RuntimeWarning: invalid value encountered in sqrt
  Vsonic = (i['gamma']*i['R']*i['Ts'])**0.5
C:\Users\MEO\Desktop\Projects\JetEngine\boomsonic_v0\.venv\Lib\site-packages\pycycle\thermo\static_ps_resid.py:128: RuntimeWarning: invalid value encountered in sqrt
  Vsonic = (i['gamma']*i['R']*i['Ts'])**0.5
C:\Users\MEO\Desktop\Projects\JetEngine\boomsonic_v0\.venv\Lib\site-packages\pycycle\thermo\static_ps_resid.py:128: RuntimeWarning: invalid value encountered in sqrt
  Vsonic = (i['gamma']*i['R']*i['Ts'])**0.5
C:\Users\MEO\Desktop\Projects\JetEngine\boomsonic_v0\.venv\Lib\site-packages\pycycle\thermo\static_ps_resid.py:128: RuntimeWarning: invalid value encountered in sqrt
  Vsonic = (i['gamma']*i['R']*i['Ts'])**0.5
C:\Users\MEO\Desktop\Projects\JetEngine\boomsonic_v0\.venv\Lib\site-packages\pycycle\thermo\static_ps_resid.py:128: RuntimeWarning: invalid value encountered in sqrt
  Vsonic = (i['gamma']*i['R']*i['Ts'])**0.5
C:\Users\MEO\Desktop\Projects\JetEngine\boomsonic_v0\.venv\Lib\site-packages\pycycle\thermo\static_ps_resid.py:128: RuntimeWarning: invalid value encountered in sqrt
  Vsonic = (i['gamma']*i['R']*i['Ts'])**0.5
C:\Users\MEO\Desktop\Projects\JetEngine\boomsonic_v0\.venv\Lib\site-packages\pycycle\thermo\static_ps_resid.py:128: RuntimeWarning: invalid value encountered in sqrt
  Vsonic = (i['gamma']*i['R']*i['Ts'])**0.5
C:\Users\MEO\Desktop\Projects\JetEngine\boomsonic_v0\.venv\Lib\site-packages\pycycle\thermo\static_ps_resid.py:98: RuntimeWarning: invalid value encountered in power
  ps_guess = inputs['guess:Pt'] * (1 + (gamt-1)/2 * M_guess**2)**(-gamt/(gamt-1))
C:\Users\MEO\Desktop\Projects\JetEngine\boomsonic_v0\.venv\Lib\site-packages\pycycle\thermo\static_ps_resid.py:93: RuntimeWarning: invalid value encountered in power
  f1 = ps - inputs['guess:Pt'] * (1 + (gamt-1)/2 * M_guess**2)**(-gamt/(gamt-1))
C:\Users\MEO\Desktop\Projects\JetEngine\boomsonic_v0\.venv\Lib\site-packages\pycycle\thermo\static_ps_resid.py:94: RuntimeWarning: invalid value encountered in sqrt
  f2 = MN - inputs['W']*(R_UNIVERSAL_SI*inputs['Ts'])**0.5/(ps_guess*1.0e6*inputs['area']*gamt**0.5)
C:\Users\MEO\Desktop\Projects\JetEngine\boomsonic_v0\.venv\Lib\site-packages\pycycle\thermo\static_ps_resid.py:99: RuntimeWarning: The iteration is not making good progress, as measured by the 
 improvement from the last ten iterations.
  ps_guess, M_guess = fsolve(equations, (ps_guess, M_guess))
C:\Users\MEO\Desktop\Projects\JetEngine\boomsonic_v0\.venv\Lib\site-packages\pycycle\thermo\static_ps_resid.py:128: RuntimeWarning: invalid value encountered in sqrt
  Vsonic = (i['gamma']*i['R']*i['Ts'])**0.5
C:\Users\MEO\Desktop\Projects\JetEngine\boomsonic_v0\.venv\Lib\site-packages\pycycle\thermo\static_ps_resid.py:128: RuntimeWarning: invalid value encountered in sqrt
  Vsonic = (i['gamma']*i['R']*i['Ts'])**0.5
C:\Users\MEO\Desktop\Projects\JetEngine\boomsonic_v0\.venv\Lib\site-packages\pycycle\thermo\static_ps_resid.py:128: RuntimeWarning: invalid value encountered in sqrt
  Vsonic = (i['gamma']*i['R']*i['Ts'])**0.5
C:\Users\MEO\Desktop\Projects\JetEngine\boomsonic_v0\.venv\Lib\site-packages\pycycle\thermo\static_ps_resid.py:128: RuntimeWarning: invalid value encountered in sqrt
  Vsonic = (i['gamma']*i['R']*i['Ts'])**0.5
C:\Users\MEO\Desktop\Projects\JetEngine\boomsonic_v0\.venv\Lib\site-packages\pycycle\thermo\static_ps_resid.py:128: RuntimeWarning: invalid value encountered in sqrt
  Vsonic = (i['gamma']*i['R']*i['Ts'])**0.5
C:\Users\MEO\Desktop\Projects\JetEngine\boomsonic_v0\.venv\Lib\site-packages\pycycle\thermo\static_ps_resid.py:128: RuntimeWarning: invalid value encountered in sqrt
  Vsonic = (i['gamma']*i['R']*i['Ts'])**0.5
C:\Users\MEO\Desktop\Projects\JetEngine\boomsonic_v0\.venv\Lib\site-packages\pycycle\thermo\static_ps_resid.py:128: RuntimeWarning: invalid value encountered in sqrt
  Vsonic = (i['gamma']*i['R']*i['Ts'])**0.5
C:\Users\MEO\Desktop\Projects\JetEngine\boomsonic_v0\.venv\Lib\site-packages\pycycle\thermo\static_ps_resid.py:128: RuntimeWarning: invalid value encountered in sqrt
  Vsonic = (i['gamma']*i['R']*i['Ts'])**0.5
C:\Users\MEO\Desktop\Projects\JetEngine\boomsonic_v0\.venv\Lib\site-packages\pycycle\thermo\static_ps_resid.py:98: RuntimeWarning: invalid value encountered in power
  ps_guess = inputs['guess:Pt'] * (1 + (gamt-1)/2 * M_guess**2)**(-gamt/(gamt-1))
C:\Users\MEO\Desktop\Projects\JetEngine\boomsonic_v0\.venv\Lib\site-packages\pycycle\thermo\static_ps_resid.py:93: RuntimeWarning: invalid value encountered in power
  f1 = ps - inputs['guess:Pt'] * (1 + (gamt-1)/2 * M_guess**2)**(-gamt/(gamt-1))
C:\Users\MEO\Desktop\Projects\JetEngine\boomsonic_v0\.venv\Lib\site-packages\pycycle\thermo\static_ps_resid.py:94: RuntimeWarning: invalid value encountered in sqrt
  f2 = MN - inputs['W']*(R_UNIVERSAL_SI*inputs['Ts'])**0.5/(ps_guess*1.0e6*inputs['area']*gamt**0.5)
C:\Users\MEO\Desktop\Projects\JetEngine\boomsonic_v0\.venv\Lib\site-packages\pycycle\thermo\static_ps_resid.py:99: RuntimeWarning: The iteration is not making good progress, as measured by the 
 improvement from the last ten iterations.
  ps_guess, M_guess = fsolve(equations, (ps_guess, M_guess))
C:\Users\MEO\Desktop\Projects\JetEngine\boomsonic_v0\.venv\Lib\site-packages\pycycle\thermo\static_ps_resid.py:128: RuntimeWarning: invalid value encountered in sqrt
  Vsonic = (i['gamma']*i['R']*i['Ts'])**0.5
C:\Users\MEO\Desktop\Projects\JetEngine\boomsonic_v0\.venv\Lib\site-packages\pycycle\thermo\static_ps_resid.py:128: RuntimeWarning: invalid value encountered in sqrt
  Vsonic = (i['gamma']*i['R']*i['Ts'])**0.5
C:\Users\MEO\Desktop\Projects\JetEngine\boomsonic_v0\.venv\Lib\site-packages\pycycle\thermo\static_ps_resid.py:128: RuntimeWarning: invalid value encountered in sqrt
  Vsonic = (i['gamma']*i['R']*i['Ts'])**0.5
C:\Users\MEO\Desktop\Projects\JetEngine\boomsonic_v0\.venv\Lib\site-packages\pycycle\thermo\static_ps_resid.py:128: RuntimeWarning: invalid value encountered in sqrt
  Vsonic = (i['gamma']*i['R']*i['Ts'])**0.5
C:\Users\MEO\Desktop\Projects\JetEngine\boomsonic_v0\.venv\Lib\site-packages\pycycle\thermo\static_ps_resid.py:128: RuntimeWarning: invalid value encountered in sqrt
  Vsonic = (i['gamma']*i['R']*i['Ts'])**0.5
C:\Users\MEO\Desktop\Projects\JetEngine\boomsonic_v0\.venv\Lib\site-packages\pycycle\thermo\static_ps_resid.py:128: RuntimeWarning: invalid value encountered in sqrt
  Vsonic = (i['gamma']*i['R']*i['Ts'])**0.5
C:\Users\MEO\Desktop\Projects\JetEngine\boomsonic_v0\.venv\Lib\site-packages\pycycle\thermo\static_ps_resid.py:128: RuntimeWarning: invalid value encountered in sqrt
  Vsonic = (i['gamma']*i['R']*i['Ts'])**0.5
C:\Users\MEO\Desktop\Projects\JetEngine\boomsonic_v0\.venv\Lib\site-packages\pycycle\thermo\static_ps_resid.py:128: RuntimeWarning: invalid value encountered in sqrt
  Vsonic = (i['gamma']*i['R']*i['Ts'])**0.5
C:\Users\MEO\Desktop\Projects\JetEngine\boomsonic_v0\.venv\Lib\site-packages\pycycle\thermo\static_ps_resid.py:83: RuntimeWarning: invalid value encountered in power
  ps_guess = inputs['guess:Pt'] * (1 + (gamt-1)/2 * inputs['MN']**2)**(-gamt/(gamt-1))
C:\Users\MEO\Desktop\Projects\JetEngine\boomsonic_v0\.venv\Lib\site-packages\pycycle\thermo\static_ps_resid.py:108: RuntimeWarning: invalid value encountered in sqrt
  Vsonic = (i['gamma']*i['R']*i['Ts'])**0.5
C:\Users\MEO\Desktop\Projects\JetEngine\boomsonic_v0\.venv\Lib\site-packages\pycycle\thermo\static_ps_resid.py:108: RuntimeWarning: invalid value encountered in sqrt
  Vsonic = (i['gamma']*i['R']*i['Ts'])**0.5
C:\Users\MEO\Desktop\Projects\JetEngine\boomsonic_v0\.venv\Lib\site-packages\pycycle\thermo\static_ps_resid.py:108: RuntimeWarning: invalid value encountered in sqrt
  Vsonic = (i['gamma']*i['R']*i['Ts'])**0.5
C:\Users\MEO\Desktop\Projects\JetEngine\boomsonic_v0\.venv\Lib\site-packages\pycycle\thermo\static_ps_resid.py:108: RuntimeWarning: invalid value encountered in sqrt
  Vsonic = (i['gamma']*i['R']*i['Ts'])**0.5
C:\Users\MEO\Desktop\Projects\JetEngine\boomsonic_v0\.venv\Lib\site-packages\pycycle\thermo\static_ps_resid.py:108: RuntimeWarning: invalid value encountered in sqrt
  Vsonic = (i['gamma']*i['R']*i['Ts'])**0.5
C:\Users\MEO\Desktop\Projects\JetEngine\boomsonic_v0\.venv\Lib\site-packages\pycycle\thermo\static_ps_resid.py:108: RuntimeWarning: invalid value encountered in sqrt
  Vsonic = (i['gamma']*i['R']*i['Ts'])**0.5
C:\Users\MEO\Desktop\Projects\JetEngine\boomsonic_v0\.venv\Lib\site-packages\pycycle\thermo\static_ps_resid.py:108: RuntimeWarning: invalid value encountered in sqrt
  Vsonic = (i['gamma']*i['R']*i['Ts'])**0.5
C:\Users\MEO\Desktop\Projects\JetEngine\boomsonic_v0\.venv\Lib\site-packages\pycycle\thermo\static_ps_resid.py:108: RuntimeWarning: invalid value encountered in sqrt
  Vsonic = (i['gamma']*i['R']*i['Ts'])**0.5
C:\Users\MEO\Desktop\Projects\JetEngine\boomsonic_v0\.venv\Lib\site-packages\pycycle\thermo\static_ps_resid.py:108: RuntimeWarning: invalid value encountered in sqrt
  Vsonic = (i['gamma']*i['R']*i['Ts'])**0.5
C:\Users\MEO\Desktop\Projects\JetEngine\boomsonic_v0\.venv\Lib\site-packages\pycycle\thermo\static_ps_calc.py:32: RuntimeWarning: invalid value encountered in sqrt
  outputs['Vsonic'] = Vsonic = np.sqrt(inputs['gamma'] * inputs['R'] * inputs['Ts'])
C:\Users\MEO\Desktop\Projects\JetEngine\boomsonic_v0\.venv\Lib\site-packages\pycycle\thermo\static_ps_calc.py:32: RuntimeWarning: invalid value encountered in sqrt
  outputs['Vsonic'] = Vsonic = np.sqrt(inputs['gamma'] * inputs['R'] * inputs['Ts'])
C:\Users\MEO\Desktop\Projects\JetEngine\boomsonic_v0\.venv\Lib\site-packages\pycycle\elements\compressor.py:75: RuntimeWarning: invalid value encountered in log
  outputs['eff_poly'] = Rt * np.log(PR) / ( Rt*np.log(PR) + S_out - S_in )
C:\Users\MEO\Desktop\Projects\JetEngine\boomsonic_v0\.venv\Lib\site-packages\pycycle\thermo\static_ps_resid.py:128: RuntimeWarning: invalid value encountered in sqrt
  Vsonic = (i['gamma']*i['R']*i['Ts'])**0.5
C:\Users\MEO\Desktop\Projects\JetEngine\boomsonic_v0\.venv\Lib\site-packages\pycycle\thermo\static_ps_resid.py:108: RuntimeWarning: invalid value encountered in sqrt
  Vsonic = (i['gamma']*i['R']*i['Ts'])**0.5
C:\Users\MEO\Desktop\Projects\JetEngine\boomsonic_v0\.venv\Lib\site-packages\pycycle\thermo\static_ps_resid.py:98: RuntimeWarning: invalid value encountered in power
  ps_guess = inputs['guess:Pt'] * (1 + (gamt-1)/2 * M_guess**2)**(-gamt/(gamt-1))
C:\Users\MEO\Desktop\Projects\JetEngine\boomsonic_v0\.venv\Lib\site-packages\pycycle\thermo\static_ps_resid.py:93: RuntimeWarning: invalid value encountered in power
  f1 = ps - inputs['guess:Pt'] * (1 + (gamt-1)/2 * M_guess**2)**(-gamt/(gamt-1))
C:\Users\MEO\Desktop\Projects\JetEngine\boomsonic_v0\.venv\Lib\site-packages\pycycle\thermo\static_ps_resid.py:94: RuntimeWarning: invalid value encountered in sqrt
  f2 = MN - inputs['W']*(R_UNIVERSAL_SI*inputs['Ts'])**0.5/(ps_guess*1.0e6*inputs['area']*gamt**0.5)
C:\Users\MEO\Desktop\Projects\JetEngine\boomsonic_v0\.venv\Lib\site-packages\pycycle\thermo\static_ps_resid.py:99: RuntimeWarning: The iteration is not making good progress, as measured by the 
 improvement from the last ten iterations.
  ps_guess, M_guess = fsolve(equations, (ps_guess, M_guess))
C:\Users\MEO\Desktop\Projects\JetEngine\boomsonic_v0\.venv\Lib\site-packages\pycycle\thermo\static_ps_resid.py:83: RuntimeWarning: invalid value encountered in power
  ps_guess = inputs['guess:Pt'] * (1 + (gamt-1)/2 * inputs['MN']**2)**(-gamt/(gamt-1))
C:\Users\MEO\Desktop\Projects\JetEngine\boomsonic_v0\.venv\Lib\site-packages\openmdao\solvers\solver.py:819: SolverWarning:Your model has stalled three times and may be violating the bounds. In the future, turn on print_bound_enforce in your solver options here: 
OD0.comp.ideal_flow.nonlinear_solver.linesearch.options['print_bound_enforce']=True. 
The bound(s) being violated now are:

C:\Users\MEO\Desktop\Projects\JetEngine\boomsonic_v0\.venv\Lib\site-packages\openmdao\solvers\linesearch\backtracking.py:39: SolverWarning:'OD0.comp.ideal_flow.balance.T' exceeds lower bounds
  Val: [-23860858.5288017]
  Lower: [150.]

C:\Users\MEO\Desktop\Projects\JetEngine\boomsonic_v0\.venv\Lib\site-packages\pycycle\elements\compressor.py:75: RuntimeWarning: invalid value encountered in log
  outputs['eff_poly'] = Rt * np.log(PR) / ( Rt*np.log(PR) + S_out - S_in )
C:\Users\MEO\Desktop\Projects\JetEngine\boomsonic_v0\.venv\Lib\site-packages\pycycle\thermo\static_ps_resid.py:128: RuntimeWarning: invalid value encountered in sqrt
  Vsonic = (i['gamma']*i['R']*i['Ts'])**0.5
C:\Users\MEO\Desktop\Projects\JetEngine\boomsonic_v0\.venv\Lib\site-packages\pycycle\thermo\static_ps_resid.py:128: RuntimeWarning: invalid value encountered in sqrt
  Vsonic = (i['gamma']*i['R']*i['Ts'])**0.5
C:\Users\MEO\Desktop\Projects\JetEngine\boomsonic_v0\.venv\Lib\site-packages\pycycle\thermo\static_ps_resid.py:128: RuntimeWarning: invalid value encountered in sqrt
  Vsonic = (i['gamma']*i['R']*i['Ts'])**0.5
C:\Users\MEO\Desktop\Projects\JetEngine\boomsonic_v0\.venv\Lib\site-packages\pycycle\thermo\static_ps_resid.py:128: RuntimeWarning: invalid value encountered in sqrt
  Vsonic = (i['gamma']*i['R']*i['Ts'])**0.5
C:\Users\MEO\Desktop\Projects\JetEngine\boomsonic_v0\.venv\Lib\site-packages\pycycle\thermo\static_ps_resid.py:128: RuntimeWarning: invalid value encountered in sqrt
  Vsonic = (i['gamma']*i['R']*i['Ts'])**0.5
C:\Users\MEO\Desktop\Projects\JetEngine\boomsonic_v0\.venv\Lib\site-packages\pycycle\thermo\static_ps_resid.py:98: RuntimeWarning: invalid value encountered in power
  ps_guess = inputs['guess:Pt'] * (1 + (gamt-1)/2 * M_guess**2)**(-gamt/(gamt-1))
C:\Users\MEO\Desktop\Projects\JetEngine\boomsonic_v0\.venv\Lib\site-packages\pycycle\thermo\static_ps_resid.py:93: RuntimeWarning: invalid value encountered in power
  f1 = ps - inputs['guess:Pt'] * (1 + (gamt-1)/2 * M_guess**2)**(-gamt/(gamt-1))
C:\Users\MEO\Desktop\Projects\JetEngine\boomsonic_v0\.venv\Lib\site-packages\pycycle\thermo\static_ps_resid.py:94: RuntimeWarning: invalid value encountered in sqrt
  f2 = MN - inputs['W']*(R_UNIVERSAL_SI*inputs['Ts'])**0.5/(ps_guess*1.0e6*inputs['area']*gamt**0.5)
C:\Users\MEO\Desktop\Projects\JetEngine\boomsonic_v0\.venv\Lib\site-packages\pycycle\thermo\static_ps_resid.py:99: RuntimeWarning: The iteration is not making good progress, as measured by the 
 improvement from the last ten iterations.
  ps_guess, M_guess = fsolve(equations, (ps_guess, M_guess))
C:\Users\MEO\Desktop\Projects\JetEngine\boomsonic_v0\.venv\Lib\site-packages\pycycle\thermo\static_ps_resid.py:128: RuntimeWarning: invalid value encountered in sqrt
  Vsonic = (i['gamma']*i['R']*i['Ts'])**0.5
C:\Users\MEO\Desktop\Projects\JetEngine\boomsonic_v0\.venv\Lib\site-packages\pycycle\thermo\static_ps_resid.py:128: RuntimeWarning: invalid value encountered in sqrt
  Vsonic = (i['gamma']*i['R']*i['Ts'])**0.5
C:\Users\MEO\Desktop\Projects\JetEngine\boomsonic_v0\.venv\Lib\site-packages\pycycle\thermo\static_ps_resid.py:128: RuntimeWarning: invalid value encountered in sqrt
  Vsonic = (i['gamma']*i['R']*i['Ts'])**0.5
C:\Users\MEO\Desktop\Projects\JetEngine\boomsonic_v0\.venv\Lib\site-packages\pycycle\thermo\static_ps_resid.py:128: RuntimeWarning: invalid value encountered in sqrt
  Vsonic = (i['gamma']*i['R']*i['Ts'])**0.5
C:\Users\MEO\Desktop\Projects\JetEngine\boomsonic_v0\.venv\Lib\site-packages\pycycle\thermo\static_ps_resid.py:128: RuntimeWarning: invalid value encountered in sqrt
  Vsonic = (i['gamma']*i['R']*i['Ts'])**0.5
C:\Users\MEO\Desktop\Projects\JetEngine\boomsonic_v0\.venv\Lib\site-packages\pycycle\thermo\static_ps_resid.py:128: RuntimeWarning: invalid value encountered in sqrt
  Vsonic = (i['gamma']*i['R']*i['Ts'])**0.5
C:\Users\MEO\Desktop\Projects\JetEngine\boomsonic_v0\.venv\Lib\site-packages\pycycle\thermo\static_ps_resid.py:128: RuntimeWarning: invalid value encountered in sqrt
  Vsonic = (i['gamma']*i['R']*i['Ts'])**0.5
C:\Users\MEO\Desktop\Projects\JetEngine\boomsonic_v0\.venv\Lib\site-packages\pycycle\thermo\static_ps_resid.py:128: RuntimeWarning: invalid value encountered in sqrt
  Vsonic = (i['gamma']*i['R']*i['Ts'])**0.5
C:\Users\MEO\Desktop\Projects\JetEngine\boomsonic_v0\.venv\Lib\site-packages\pycycle\thermo\static_ps_resid.py:108: RuntimeWarning: invalid value encountered in sqrt
  Vsonic = (i['gamma']*i['R']*i['Ts'])**0.5
C:\Users\MEO\Desktop\Projects\JetEngine\boomsonic_v0\.venv\Lib\site-packages\pycycle\thermo\static_ps_resid.py:83: RuntimeWarning: invalid value encountered in power
  ps_guess = inputs['guess:Pt'] * (1 + (gamt-1)/2 * inputs['MN']**2)**(-gamt/(gamt-1))
C:\Users\MEO\Desktop\Projects\JetEngine\boomsonic_v0\.venv\Lib\site-packages\pycycle\thermo\static_ps_resid.py:108: RuntimeWarning: invalid value encountered in sqrt
  Vsonic = (i['gamma']*i['R']*i['Ts'])**0.5
C:\Users\MEO\Desktop\Projects\JetEngine\boomsonic_v0\.venv\Lib\site-packages\pycycle\thermo\static_ps_resid.py:108: RuntimeWarning: invalid value encountered in sqrt
  Vsonic = (i['gamma']*i['R']*i['Ts'])**0.5
C:\Users\MEO\Desktop\Projects\JetEngine\boomsonic_v0\.venv\Lib\site-packages\pycycle\thermo\static_ps_resid.py:108: RuntimeWarning: invalid value encountered in sqrt
  Vsonic = (i['gamma']*i['R']*i['Ts'])**0.5
C:\Users\MEO\Desktop\Projects\JetEngine\boomsonic_v0\.venv\Lib\site-packages\pycycle\thermo\static_ps_resid.py:108: RuntimeWarning: invalid value encountered in sqrt
  Vsonic = (i['gamma']*i['R']*i['Ts'])**0.5
C:\Users\MEO\Desktop\Projects\JetEngine\boomsonic_v0\.venv\Lib\site-packages\pycycle\thermo\static_ps_resid.py:108: RuntimeWarning: invalid value encountered in sqrt
  Vsonic = (i['gamma']*i['R']*i['Ts'])**0.5
C:\Users\MEO\Desktop\Projects\JetEngine\boomsonic_v0\.venv\Lib\site-packages\pycycle\thermo\static_ps_resid.py:108: RuntimeWarning: invalid value encountered in sqrt
  Vsonic = (i['gamma']*i['R']*i['Ts'])**0.5
C:\Users\MEO\Desktop\Projects\JetEngine\boomsonic_v0\.venv\Lib\site-packages\pycycle\thermo\static_ps_resid.py:108: RuntimeWarning: invalid value encountered in sqrt
  Vsonic = (i['gamma']*i['R']*i['Ts'])**0.5
C:\Users\MEO\Desktop\Projects\JetEngine\boomsonic_v0\.venv\Lib\site-packages\pycycle\thermo\static_ps_resid.py:108: RuntimeWarning: invalid value encountered in sqrt
  Vsonic = (i['gamma']*i['R']*i['Ts'])**0.5
C:\Users\MEO\Desktop\Projects\JetEngine\boomsonic_v0\.venv\Lib\site-packages\pycycle\thermo\static_ps_resid.py:108: RuntimeWarning: invalid value encountered in sqrt
  Vsonic = (i['gamma']*i['R']*i['Ts'])**0.5
C:\Users\MEO\Desktop\Projects\JetEngine\boomsonic_v0\.venv\Lib\site-packages\pycycle\thermo\static_ps_resid.py:108: RuntimeWarning: invalid value encountered in sqrt
  Vsonic = (i['gamma']*i['R']*i['Ts'])**0.5
C:\Users\MEO\Desktop\Projects\JetEngine\boomsonic_v0\.venv\Lib\site-packages\pycycle\thermo\static_ps_resid.py:108: RuntimeWarning: invalid value encountered in sqrt
  Vsonic = (i['gamma']*i['R']*i['Ts'])**0.5
C:\Users\MEO\Desktop\Projects\JetEngine\boomsonic_v0\.venv\Lib\site-packages\pycycle\thermo\static_ps_calc.py:32: RuntimeWarning: invalid value encountered in sqrt
  outputs['Vsonic'] = Vsonic = np.sqrt(inputs['gamma'] * inputs['R'] * inputs['Ts'])
C:\Users\MEO\Desktop\Projects\JetEngine\boomsonic_v0\.venv\Lib\site-packages\pycycle\elements\compressor.py:75: RuntimeWarning: invalid value encountered in log
  outputs['eff_poly'] = Rt * np.log(PR) / ( Rt*np.log(PR) + S_out - S_in )
C:\Users\MEO\Desktop\Projects\JetEngine\boomsonic_v0\.venv\Lib\site-packages\pycycle\thermo\static_ps_resid.py:128: RuntimeWarning: invalid value encountered in sqrt
  Vsonic = (i['gamma']*i['R']*i['Ts'])**0.5
C:\Users\MEO\Desktop\Projects\JetEngine\boomsonic_v0\.venv\Lib\site-packages\pycycle\thermo\static_ps_resid.py:98: RuntimeWarning: invalid value encountered in power
  ps_guess = inputs['guess:Pt'] * (1 + (gamt-1)/2 * M_guess**2)**(-gamt/(gamt-1))
C:\Users\MEO\Desktop\Projects\JetEngine\boomsonic_v0\.venv\Lib\site-packages\pycycle\thermo\static_ps_resid.py:93: RuntimeWarning: invalid value encountered in power
  f1 = ps - inputs['guess:Pt'] * (1 + (gamt-1)/2 * M_guess**2)**(-gamt/(gamt-1))
C:\Users\MEO\Desktop\Projects\JetEngine\boomsonic_v0\.venv\Lib\site-packages\pycycle\thermo\static_ps_resid.py:94: RuntimeWarning: invalid value encountered in sqrt
  f2 = MN - inputs['W']*(R_UNIVERSAL_SI*inputs['Ts'])**0.5/(ps_guess*1.0e6*inputs['area']*gamt**0.5)
C:\Users\MEO\Desktop\Projects\JetEngine\boomsonic_v0\.venv\Lib\site-packages\pycycle\thermo\static_ps_resid.py:99: RuntimeWarning: The iteration is not making good progress, as measured by the 
 improvement from the last ten iterations.
  ps_guess, M_guess = fsolve(equations, (ps_guess, M_guess))
C:\Users\MEO\Desktop\Projects\JetEngine\boomsonic_v0\.venv\Lib\site-packages\pycycle\thermo\static_ps_resid.py:83: RuntimeWarning: invalid value encountered in power
  ps_guess = inputs['guess:Pt'] * (1 + (gamt-1)/2 * inputs['MN']**2)**(-gamt/(gamt-1))
C:\Users\MEO\Desktop\Projects\JetEngine\boomsonic_v0\.venv\Lib\site-packages\openmdao\solvers\solver.py:819: SolverWarning:Your model has stalled three times and may be violating the bounds. In the future, turn on print_bound_enforce in your solver options here: 
OD0.comp.ideal_flow.nonlinear_solver.linesearch.options['print_bound_enforce']=True. 
The bound(s) being violated now are:

C:\Users\MEO\Desktop\Projects\JetEngine\boomsonic_v0\.venv\Lib\site-packages\openmdao\solvers\linesearch\backtracking.py:39: SolverWarning:'OD0.comp.ideal_flow.balance.T' exceeds lower bounds
  Val: [-23860858.5288017]
  Lower: [150.]

C:\Users\MEO\Desktop\Projects\JetEngine\boomsonic_v0\.venv\Lib\site-packages\pycycle\elements\compressor.py:75: RuntimeWarning: invalid value encountered in log
  outputs['eff_poly'] = Rt * np.log(PR) / ( Rt*np.log(PR) + S_out - S_in )
C:\Users\MEO\Desktop\Projects\JetEngine\boomsonic_v0\.venv\Lib\site-packages\pycycle\thermo\static_ps_resid.py:128: RuntimeWarning: invalid value encountered in sqrt
  Vsonic = (i['gamma']*i['R']*i['Ts'])**0.5
C:\Users\MEO\Desktop\Projects\JetEngine\boomsonic_v0\.venv\Lib\site-packages\pycycle\thermo\static_ps_resid.py:98: RuntimeWarning: invalid value encountered in power
  ps_guess = inputs['guess:Pt'] * (1 + (gamt-1)/2 * M_guess**2)**(-gamt/(gamt-1))
C:\Users\MEO\Desktop\Projects\JetEngine\boomsonic_v0\.venv\Lib\site-packages\pycycle\thermo\static_ps_resid.py:93: RuntimeWarning: invalid value encountered in power
  f1 = ps - inputs['guess:Pt'] * (1 + (gamt-1)/2 * M_guess**2)**(-gamt/(gamt-1))
C:\Users\MEO\Desktop\Projects\JetEngine\boomsonic_v0\.venv\Lib\site-packages\pycycle\thermo\static_ps_resid.py:94: RuntimeWarning: invalid value encountered in sqrt
  f2 = MN - inputs['W']*(R_UNIVERSAL_SI*inputs['Ts'])**0.5/(ps_guess*1.0e6*inputs['area']*gamt**0.5)
C:\Users\MEO\Desktop\Projects\JetEngine\boomsonic_v0\.venv\Lib\site-packages\pycycle\thermo\static_ps_resid.py:99: RuntimeWarning: The iteration is not making good progress, as measured by the 
 improvement from the last ten iterations.
  ps_guess, M_guess = fsolve(equations, (ps_guess, M_guess))
C:\Users\MEO\Desktop\Projects\JetEngine\boomsonic_v0\.venv\Lib\site-packages\pycycle\thermo\static_ps_resid.py:128: RuntimeWarning: invalid value encountered in sqrt
  Vsonic = (i['gamma']*i['R']*i['Ts'])**0.5
C:\Users\MEO\Desktop\Projects\JetEngine\boomsonic_v0\.venv\Lib\site-packages\pycycle\thermo\static_ps_resid.py:128: RuntimeWarning: invalid value encountered in sqrt
  Vsonic = (i['gamma']*i['R']*i['Ts'])**0.5
C:\Users\MEO\Desktop\Projects\JetEngine\boomsonic_v0\.venv\Lib\site-packages\pycycle\thermo\static_ps_resid.py:128: RuntimeWarning: invalid value encountered in sqrt
  Vsonic = (i['gamma']*i['R']*i['Ts'])**0.5
C:\Users\MEO\Desktop\Projects\JetEngine\boomsonic_v0\.venv\Lib\site-packages\pycycle\thermo\static_ps_resid.py:128: RuntimeWarning: invalid value encountered in sqrt
  Vsonic = (i['gamma']*i['R']*i['Ts'])**0.5
C:\Users\MEO\Desktop\Projects\JetEngine\boomsonic_v0\.venv\Lib\site-packages\pycycle\thermo\static_ps_resid.py:128: RuntimeWarning: invalid value encountered in sqrt
  Vsonic = (i['gamma']*i['R']*i['Ts'])**0.5
C:\Users\MEO\Desktop\Projects\JetEngine\boomsonic_v0\.venv\Lib\site-packages\pycycle\thermo\static_ps_resid.py:128: RuntimeWarning: invalid value encountered in sqrt
  Vsonic = (i['gamma']*i['R']*i['Ts'])**0.5
C:\Users\MEO\Desktop\Projects\JetEngine\boomsonic_v0\.venv\Lib\site-packages\pycycle\thermo\static_ps_resid.py:128: RuntimeWarning: invalid value encountered in sqrt
  Vsonic = (i['gamma']*i['R']*i['Ts'])**0.5
C:\Users\MEO\Desktop\Projects\JetEngine\boomsonic_v0\.venv\Lib\site-packages\pycycle\thermo\static_ps_resid.py:128: RuntimeWarning: invalid value encountered in sqrt
  Vsonic = (i['gamma']*i['R']*i['Ts'])**0.5
C:\Users\MEO\Desktop\Projects\JetEngine\boomsonic_v0\.venv\Lib\site-packages\pycycle\thermo\static_ps_resid.py:128: RuntimeWarning: invalid value encountered in sqrt
  Vsonic = (i['gamma']*i['R']*i['Ts'])**0.5
C:\Users\MEO\Desktop\Projects\JetEngine\boomsonic_v0\.venv\Lib\site-packages\pycycle\thermo\static_ps_resid.py:128: RuntimeWarning: invalid value encountered in sqrt
  Vsonic = (i['gamma']*i['R']*i['Ts'])**0.5
C:\Users\MEO\Desktop\Projects\JetEngine\boomsonic_v0\.venv\Lib\site-packages\pycycle\thermo\static_ps_resid.py:128: RuntimeWarning: invalid value encountered in sqrt
  Vsonic = (i['gamma']*i['R']*i['Ts'])**0.5
C:\Users\MEO\Desktop\Projects\JetEngine\boomsonic_v0\.venv\Lib\site-packages\pycycle\thermo\static_ps_resid.py:108: RuntimeWarning: invalid value encountered in sqrt
  Vsonic = (i['gamma']*i['R']*i['Ts'])**0.5
C:\Users\MEO\Desktop\Projects\JetEngine\boomsonic_v0\.venv\Lib\site-packages\pycycle\thermo\static_ps_resid.py:83: RuntimeWarning: invalid value encountered in power
  ps_guess = inputs['guess:Pt'] * (1 + (gamt-1)/2 * inputs['MN']**2)**(-gamt/(gamt-1))
C:\Users\MEO\Desktop\Projects\JetEngine\boomsonic_v0\.venv\Lib\site-packages\pycycle\thermo\static_ps_resid.py:108: RuntimeWarning: invalid value encountered in sqrt
  Vsonic = (i['gamma']*i['R']*i['Ts'])**0.5
C:\Users\MEO\Desktop\Projects\JetEngine\boomsonic_v0\.venv\Lib\site-packages\pycycle\thermo\static_ps_resid.py:108: RuntimeWarning: invalid value encountered in sqrt
  Vsonic = (i['gamma']*i['R']*i['Ts'])**0.5
C:\Users\MEO\Desktop\Projects\JetEngine\boomsonic_v0\.venv\Lib\site-packages\pycycle\thermo\static_ps_resid.py:108: RuntimeWarning: invalid value encountered in sqrt
  Vsonic = (i['gamma']*i['R']*i['Ts'])**0.5
C:\Users\MEO\Desktop\Projects\JetEngine\boomsonic_v0\.venv\Lib\site-packages\pycycle\thermo\static_ps_resid.py:108: RuntimeWarning: invalid value encountered in sqrt
  Vsonic = (i['gamma']*i['R']*i['Ts'])**0.5
C:\Users\MEO\Desktop\Projects\JetEngine\boomsonic_v0\.venv\Lib\site-packages\pycycle\thermo\static_ps_resid.py:108: RuntimeWarning: invalid value encountered in sqrt
  Vsonic = (i['gamma']*i['R']*i['Ts'])**0.5
C:\Users\MEO\Desktop\Projects\JetEngine\boomsonic_v0\.venv\Lib\site-packages\pycycle\thermo\static_ps_resid.py:108: RuntimeWarning: invalid value encountered in sqrt
  Vsonic = (i['gamma']*i['R']*i['Ts'])**0.5
C:\Users\MEO\Desktop\Projects\JetEngine\boomsonic_v0\.venv\Lib\site-packages\pycycle\thermo\static_ps_resid.py:108: RuntimeWarning: invalid value encountered in sqrt
  Vsonic = (i['gamma']*i['R']*i['Ts'])**0.5
C:\Users\MEO\Desktop\Projects\JetEngine\boomsonic_v0\.venv\Lib\site-packages\pycycle\thermo\static_ps_resid.py:108: RuntimeWarning: invalid value encountered in sqrt
  Vsonic = (i['gamma']*i['R']*i['Ts'])**0.5
C:\Users\MEO\Desktop\Projects\JetEngine\boomsonic_v0\.venv\Lib\site-packages\pycycle\thermo\static_ps_resid.py:108: RuntimeWarning: invalid value encountered in sqrt
  Vsonic = (i['gamma']*i['R']*i['Ts'])**0.5
C:\Users\MEO\Desktop\Projects\JetEngine\boomsonic_v0\.venv\Lib\site-packages\pycycle\thermo\static_ps_resid.py:108: RuntimeWarning: invalid value encountered in sqrt
  Vsonic = (i['gamma']*i['R']*i['Ts'])**0.5
C:\Users\MEO\Desktop\Projects\JetEngine\boomsonic_v0\.venv\Lib\site-packages\pycycle\thermo\static_ps_resid.py:108: RuntimeWarning: invalid value encountered in sqrt
  Vsonic = (i['gamma']*i['R']*i['Ts'])**0.5
C:\Users\MEO\Desktop\Projects\JetEngine\boomsonic_v0\.venv\Lib\site-packages\pycycle\thermo\static_ps_calc.py:32: RuntimeWarning: invalid value encountered in sqrt
  outputs['Vsonic'] = Vsonic = np.sqrt(inputs['gamma'] * inputs['R'] * inputs['Ts'])
C:\Users\MEO\Desktop\Projects\JetEngine\boomsonic_v0\.venv\Lib\site-packages\pycycle\elements\compressor.py:75: RuntimeWarning: invalid value encountered in log
  outputs['eff_poly'] = Rt * np.log(PR) / ( Rt*np.log(PR) + S_out - S_in )
C:\Users\MEO\Desktop\Projects\JetEngine\boomsonic_v0\.venv\Lib\site-packages\pycycle\thermo\static_ps_resid.py:128: RuntimeWarning: invalid value encountered in sqrt
  Vsonic = (i['gamma']*i['R']*i['Ts'])**0.5
C:\Users\MEO\Desktop\Projects\JetEngine\boomsonic_v0\.venv\Lib\site-packages\pycycle\thermo\static_ps_resid.py:98: RuntimeWarning: invalid value encountered in power
  ps_guess = inputs['guess:Pt'] * (1 + (gamt-1)/2 * M_guess**2)**(-gamt/(gamt-1))
C:\Users\MEO\Desktop\Projects\JetEngine\boomsonic_v0\.venv\Lib\site-packages\pycycle\thermo\static_ps_resid.py:93: RuntimeWarning: invalid value encountered in power
  f1 = ps - inputs['guess:Pt'] * (1 + (gamt-1)/2 * M_guess**2)**(-gamt/(gamt-1))
C:\Users\MEO\Desktop\Projects\JetEngine\boomsonic_v0\.venv\Lib\site-packages\pycycle\thermo\static_ps_resid.py:94: RuntimeWarning: invalid value encountered in sqrt
  f2 = MN - inputs['W']*(R_UNIVERSAL_SI*inputs['Ts'])**0.5/(ps_guess*1.0e6*inputs['area']*gamt**0.5)
C:\Users\MEO\Desktop\Projects\JetEngine\boomsonic_v0\.venv\Lib\site-packages\pycycle\thermo\static_ps_resid.py:99: RuntimeWarning: The iteration is not making good progress, as measured by the 
 improvement from the last ten iterations.
  ps_guess, M_guess = fsolve(equations, (ps_guess, M_guess))
C:\Users\MEO\Desktop\Projects\JetEngine\boomsonic_v0\.venv\Lib\site-packages\pycycle\thermo\static_ps_resid.py:83: RuntimeWarning: invalid value encountered in power
  ps_guess = inputs['guess:Pt'] * (1 + (gamt-1)/2 * inputs['MN']**2)**(-gamt/(gamt-1))
C:\Users\MEO\Desktop\Projects\JetEngine\boomsonic_v0\.venv\Lib\site-packages\pycycle\thermo\static_ps_resid.py:128: RuntimeWarning: invalid value encountered in sqrt
  Vsonic = (i['gamma']*i['R']*i['Ts'])**0.5
C:\Users\MEO\Desktop\Projects\JetEngine\boomsonic_v0\.venv\Lib\site-packages\pycycle\thermo\static_ps_resid.py:128: RuntimeWarning: invalid value encountered in sqrt
  Vsonic = (i['gamma']*i['R']*i['Ts'])**0.5
C:\Users\MEO\Desktop\Projects\JetEngine\boomsonic_v0\.venv\Lib\site-packages\pycycle\thermo\static_ps_resid.py:128: RuntimeWarning: invalid value encountered in sqrt
  Vsonic = (i['gamma']*i['R']*i['Ts'])**0.5
C:\Users\MEO\Desktop\Projects\JetEngine\boomsonic_v0\.venv\Lib\site-packages\pycycle\thermo\static_ps_resid.py:108: RuntimeWarning: invalid value encountered in sqrt
  Vsonic = (i['gamma']*i['R']*i['Ts'])**0.5
C:\Users\MEO\Desktop\Projects\JetEngine\boomsonic_v0\.venv\Lib\site-packages\pycycle\elements\turbine.py:89: RuntimeWarning: invalid value encountered in log
  outputs['eff_poly'] = 1 + (S_out-S_in)/(Rt*np.log(invPR))
C:\Users\MEO\Desktop\Projects\JetEngine\boomsonic_v0\.venv\Lib\site-packages\openmdao\solvers\solver.py:819: SolverWarning:Your model has stalled three times and may be violating the bounds. In the future, turn on print_bound_enforce in your solver options here: 
OD0.burner.vitiated_flow.nonlinear_solver.linesearch.options['print_bound_enforce']=True. 
The bound(s) being violated now are:

C:\Users\MEO\Desktop\Projects\JetEngine\boomsonic_v0\.venv\Lib\site-packages\openmdao\solvers\linesearch\backtracking.py:35: SolverWarning:'OD0.burner.vitiated_flow.balance.T' exceeds upper bounds
  Val: [2797.94705424]
  Upper: [2500.]

C:\Users\MEO\Desktop\Projects\JetEngine\boomsonic_v0\.venv\Lib\site-packages\openmdao\solvers\solver.py:819: SolverWarning:Your model has stalled three times and may be violating the bounds. In the future, turn on print_bound_enforce in your solver options here: 
OD0.burner.out_stat.nonlinear_solver.linesearch.options['print_bound_enforce']=True. 
The bound(s) being violated now are:

C:\Users\MEO\Desktop\Projects\JetEngine\boomsonic_v0\.venv\Lib\site-packages\openmdao\solvers\linesearch\backtracking.py:35: SolverWarning:'OD0.burner.out_stat.balance.T' exceeds upper bounds
  Val: [3003.17153972]
  Upper: [2500.]

C:\Users\MEO\Desktop\Projects\JetEngine\boomsonic_v0\.venv\Lib\site-packages\openmdao\solvers\solver.py:819: SolverWarning:Your model has stalled three times and may be violating the bounds. In the future, turn on print_bound_enforce in your solver options here: 
OD0.turb.real_flow_b4bld.nonlinear_solver.linesearch.options['print_bound_enforce']=True. 
The bound(s) being violated now are:

C:\Users\MEO\Desktop\Projects\JetEngine\boomsonic_v0\.venv\Lib\site-packages\openmdao\solvers\linesearch\backtracking.py:35: SolverWarning:'OD0.turb.real_flow_b4bld.balance.T' exceeds upper bounds
  Val: [2594.45002064]
  Upper: [2500.]

C:\Users\MEO\Desktop\Projects\JetEngine\boomsonic_v0\.venv\Lib\site-packages\openmdao\solvers\solver.py:819: SolverWarning:Your model has stalled three times and may be violating the bounds. In the future, turn on print_bound_enforce in your solver options here: 
OD0.turb.real_flow.nonlinear_solver.linesearch.options['print_bound_enforce']=True. 
The bound(s) being violated now are:

C:\Users\MEO\Desktop\Projects\JetEngine\boomsonic_v0\.venv\Lib\site-packages\openmdao\solvers\linesearch\backtracking.py:35: SolverWarning:'OD0.turb.real_flow.balance.T' exceeds upper bounds
  Val: [2594.45002064]
  Upper: [2500.]

C:\Users\MEO\Desktop\Projects\JetEngine\boomsonic_v0\.venv\Lib\site-packages\openmdao\solvers\solver.py:819: SolverWarning:Your model has stalled three times and may be violating the bounds. In the future, turn on print_bound_enforce in your solver options here: 
OD0.turb.out_stat.nonlinear_solver.linesearch.options['print_bound_enforce']=True. 
The bound(s) being violated now are:

C:\Users\MEO\Desktop\Projects\JetEngine\boomsonic_v0\.venv\Lib\site-packages\openmdao\solvers\linesearch\backtracking.py:35: SolverWarning:'OD0.turb.out_stat.balance.T' exceeds upper bounds
  Val: [2634.47939325]
  Upper: [2500.]

C:\Users\MEO\Desktop\Projects\JetEngine\boomsonic_v0\.venv\Lib\site-packages\openmdao\solvers\solver.py:819: SolverWarning:Your model has stalled three times and may be violating the bounds. In the future, turn on print_bound_enforce in your solver options here: 
OD0.nozz.throat_total.nonlinear_solver.linesearch.options['print_bound_enforce']=True. 
The bound(s) being violated now are:

C:\Users\MEO\Desktop\Projects\JetEngine\boomsonic_v0\.venv\Lib\site-packages\openmdao\solvers\linesearch\backtracking.py:35: SolverWarning:'OD0.nozz.throat_total.balance.T' exceeds upper bounds
  Val: [2594.45002064]
  Upper: [2500.]

C:\Users\MEO\Desktop\Projects\JetEngine\boomsonic_v0\.venv\Lib\site-packages\pycycle\thermo\static_ps_resid.py:128: RuntimeWarning: invalid value encountered in sqrt
  Vsonic = (i['gamma']*i['R']*i['Ts'])**0.5
C:\Users\MEO\Desktop\Projects\JetEngine\boomsonic_v0\.venv\Lib\site-packages\pycycle\thermo\static_ps_resid.py:108: RuntimeWarning: invalid value encountered in sqrt
  Vsonic = (i['gamma']*i['R']*i['Ts'])**0.5
C:\Users\MEO\Desktop\Projects\JetEngine\boomsonic_v0\.venv\Lib\site-packages\pycycle\thermo\static_ps_calc.py:32: RuntimeWarning: invalid value encountered in sqrt
  outputs['Vsonic'] = Vsonic = np.sqrt(inputs['gamma'] * inputs['R'] * inputs['Ts'])
C:\Users\MEO\Desktop\Projects\JetEngine\boomsonic_v0\.venv\Lib\site-packages\openmdao\solvers\solver.py:819: SolverWarning:Your model has stalled three times and may be violating the bounds. In the future, turn on print_bound_enforce in your solver options here: 
OD0.burner.vitiated_flow.nonlinear_solver.linesearch.options['print_bound_enforce']=True. 
The bound(s) being violated now are:

C:\Users\MEO\Desktop\Projects\JetEngine\boomsonic_v0\.venv\Lib\site-packages\openmdao\solvers\linesearch\backtracking.py:35: SolverWarning:'OD0.burner.vitiated_flow.balance.T' exceeds upper bounds
  Val: [4037.5975383]
  Upper: [2500.]

C:\Users\MEO\Desktop\Projects\JetEngine\boomsonic_v0\.venv\Lib\site-packages\pycycle\thermo\static_ps_resid.py:128: RuntimeWarning: invalid value encountered in sqrt
  Vsonic = (i['gamma']*i['R']*i['Ts'])**0.5
C:\Users\MEO\Desktop\Projects\JetEngine\boomsonic_v0\.venv\Lib\site-packages\pycycle\thermo\static_ps_resid.py:94: RuntimeWarning: invalid value encountered in sqrt
  f2 = MN - inputs['W']*(R_UNIVERSAL_SI*inputs['Ts'])**0.5/(ps_guess*1.0e6*inputs['area']*gamt**0.5)
C:\Users\MEO\Desktop\Projects\JetEngine\boomsonic_v0\.venv\Lib\site-packages\pycycle\thermo\static_ps_resid.py:99: RuntimeWarning: The iteration is not making good progress, as measured by the 
 improvement from the last ten iterations.
  ps_guess, M_guess = fsolve(equations, (ps_guess, M_guess))
C:\Users\MEO\Desktop\Projects\JetEngine\boomsonic_v0\.venv\Lib\site-packages\openmdao\solvers\solver.py:819: SolverWarning:Your model has stalled three times and may be violating the bounds. In the future, turn on print_bound_enforce in your solver options here: 
OD0.turb.real_flow_b4bld.nonlinear_solver.linesearch.options['print_bound_enforce']=True. 
The bound(s) being violated now are:

C:\Users\MEO\Desktop\Projects\JetEngine\boomsonic_v0\.venv\Lib\site-packages\openmdao\solvers\linesearch\backtracking.py:35: SolverWarning:'OD0.turb.real_flow_b4bld.balance.T' exceeds upper bounds
  Val: [3380.09589435]
  Upper: [2500.]

C:\Users\MEO\Desktop\Projects\JetEngine\boomsonic_v0\.venv\Lib\site-packages\openmdao\solvers\solver.py:819: SolverWarning:Your model has stalled three times and may be violating the bounds. In the future, turn on print_bound_enforce in your solver options here: 
OD0.turb.real_flow.nonlinear_solver.linesearch.options['print_bound_enforce']=True. 
The bound(s) being violated now are:

C:\Users\MEO\Desktop\Projects\JetEngine\boomsonic_v0\.venv\Lib\site-packages\openmdao\solvers\linesearch\backtracking.py:35: SolverWarning:'OD0.turb.real_flow.balance.T' exceeds upper bounds
  Val: [3380.09589435]
  Upper: [2500.]

C:\Users\MEO\Desktop\Projects\JetEngine\boomsonic_v0\.venv\Lib\site-packages\pycycle\thermo\static_ps_resid.py:128: RuntimeWarning: invalid value encountered in sqrt
  Vsonic = (i['gamma']*i['R']*i['Ts'])**0.5
C:\Users\MEO\Desktop\Projects\JetEngine\boomsonic_v0\.venv\Lib\site-packages\pycycle\thermo\static_ps_resid.py:94: RuntimeWarning: invalid value encountered in sqrt
  f2 = MN - inputs['W']*(R_UNIVERSAL_SI*inputs['Ts'])**0.5/(ps_guess*1.0e6*inputs['area']*gamt**0.5)
C:\Users\MEO\Desktop\Projects\JetEngine\boomsonic_v0\.venv\Lib\site-packages\pycycle\thermo\static_ps_resid.py:99: RuntimeWarning: The iteration is not making good progress, as measured by the 
 improvement from the last ten iterations.
  ps_guess, M_guess = fsolve(equations, (ps_guess, M_guess))
C:\Users\MEO\Desktop\Projects\JetEngine\boomsonic_v0\.venv\Lib\site-packages\openmdao\solvers\solver.py:819: SolverWarning:Your model has stalled three times and may be violating the bounds. In the future, turn on print_bound_enforce in your solver options here: 
OD0.nozz.throat_total.nonlinear_solver.linesearch.options['print_bound_enforce']=True. 
The bound(s) being violated now are:

C:\Users\MEO\Desktop\Projects\JetEngine\boomsonic_v0\.venv\Lib\site-packages\openmdao\solvers\linesearch\backtracking.py:35: SolverWarning:'OD0.nozz.throat_total.balance.T' exceeds upper bounds
  Val: [3380.09589435]
  Upper: [2500.]

C:\Users\MEO\Desktop\Projects\JetEngine\boomsonic_v0\.venv\Lib\site-packages\pycycle\thermo\static_ps_resid.py:108: RuntimeWarning: invalid value encountered in sqrt
  Vsonic = (i['gamma']*i['R']*i['Ts'])**0.5
C:\Users\MEO\Desktop\Projects\JetEngine\boomsonic_v0\.venv\Lib\site-packages\pycycle\thermo\static_ps_resid.py:83: RuntimeWarning: invalid value encountered in power
  ps_guess = inputs['guess:Pt'] * (1 + (gamt-1)/2 * inputs['MN']**2)**(-gamt/(gamt-1))
C:\Users\MEO\Desktop\Projects\JetEngine\boomsonic_v0\.venv\Lib\site-packages\pycycle\thermo\static_ps_resid.py:108: RuntimeWarning: invalid value encountered in sqrt
  Vsonic = (i['gamma']*i['R']*i['Ts'])**0.5
C:\Users\MEO\Desktop\Projects\JetEngine\boomsonic_v0\.venv\Lib\site-packages\pycycle\thermo\static_ps_resid.py:108: RuntimeWarning: invalid value encountered in sqrt
  Vsonic = (i['gamma']*i['R']*i['Ts'])**0.5
C:\Users\MEO\Desktop\Projects\JetEngine\boomsonic_v0\.venv\Lib\site-packages\pycycle\thermo\static_ps_calc.py:32: RuntimeWarning: invalid value encountered in sqrt
  outputs['Vsonic'] = Vsonic = np.sqrt(inputs['gamma'] * inputs['R'] * inputs['Ts'])
C:\Users\MEO\Desktop\Projects\JetEngine\boomsonic_v0\.venv\Lib\site-packages\pycycle\thermo\static_ps_resid.py:128: RuntimeWarning: invalid value encountered in sqrt
  Vsonic = (i['gamma']*i['R']*i['Ts'])**0.5
C:\Users\MEO\Desktop\Projects\JetEngine\boomsonic_v0\.venv\Lib\site-packages\pycycle\thermo\static_ps_resid.py:94: RuntimeWarning: invalid value encountered in sqrt
  f2 = MN - inputs['W']*(R_UNIVERSAL_SI*inputs['Ts'])**0.5/(ps_guess*1.0e6*inputs['area']*gamt**0.5)
C:\Users\MEO\Desktop\Projects\JetEngine\boomsonic_v0\.venv\Lib\site-packages\pycycle\thermo\static_ps_resid.py:99: RuntimeWarning: The iteration is not making good progress, as measured by the 
 improvement from the last ten iterations.
  ps_guess, M_guess = fsolve(equations, (ps_guess, M_guess))
C:\Users\MEO\Desktop\Projects\JetEngine\boomsonic_v0\.venv\Lib\site-packages\pycycle\thermo\static_ps_resid.py:83: RuntimeWarning: invalid value encountered in power
  ps_guess = inputs['guess:Pt'] * (1 + (gamt-1)/2 * inputs['MN']**2)**(-gamt/(gamt-1))
C:\Users\MEO\Desktop\Projects\JetEngine\boomsonic_v0\.venv\Lib\site-packages\openmdao\solvers\solver.py:819: SolverWarning:Your model has stalled three times and may be violating the bounds. In the future, turn on print_bound_enforce in your solver options here: 
OD0.burner.vitiated_flow.nonlinear_solver.linesearch.options['print_bound_enforce']=True. 
The bound(s) being violated now are:

C:\Users\MEO\Desktop\Projects\JetEngine\boomsonic_v0\.venv\Lib\site-packages\openmdao\solvers\linesearch\backtracking.py:35: SolverWarning:'OD0.burner.vitiated_flow.balance.T' exceeds upper bounds
  Val: [4037.5975383]
  Upper: [2500.]

C:\Users\MEO\Desktop\Projects\JetEngine\boomsonic_v0\.venv\Lib\site-packages\pycycle\thermo\static_ps_resid.py:128: RuntimeWarning: invalid value encountered in sqrt
  Vsonic = (i['gamma']*i['R']*i['Ts'])**0.5
C:\Users\MEO\Desktop\Projects\JetEngine\boomsonic_v0\.venv\Lib\site-packages\pycycle\thermo\static_ps_resid.py:94: RuntimeWarning: invalid value encountered in sqrt
  f2 = MN - inputs['W']*(R_UNIVERSAL_SI*inputs['Ts'])**0.5/(ps_guess*1.0e6*inputs['area']*gamt**0.5)
C:\Users\MEO\Desktop\Projects\JetEngine\boomsonic_v0\.venv\Lib\site-packages\pycycle\thermo\static_ps_resid.py:99: RuntimeWarning: The iteration is not making good progress, as measured by the 
 improvement from the last ten iterations.
  ps_guess, M_guess = fsolve(equations, (ps_guess, M_guess))
C:\Users\MEO\Desktop\Projects\JetEngine\boomsonic_v0\.venv\Lib\site-packages\openmdao\solvers\solver.py:819: SolverWarning:Your model has stalled three times and may be violating the bounds. In the future, turn on print_bound_enforce in your solver options here: 
OD0.turb.real_flow_b4bld.nonlinear_solver.linesearch.options['print_bound_enforce']=True. 
The bound(s) being violated now are:

C:\Users\MEO\Desktop\Projects\JetEngine\boomsonic_v0\.venv\Lib\site-packages\openmdao\solvers\linesearch\backtracking.py:35: SolverWarning:'OD0.turb.real_flow_b4bld.balance.T' exceeds upper bounds
  Val: [3380.09589435]
  Upper: [2500.]

C:\Users\MEO\Desktop\Projects\JetEngine\boomsonic_v0\.venv\Lib\site-packages\openmdao\solvers\solver.py:819: SolverWarning:Your model has stalled three times and may be violating the bounds. In the future, turn on print_bound_enforce in your solver options here: 
OD0.turb.real_flow.nonlinear_solver.linesearch.options['print_bound_enforce']=True. 
The bound(s) being violated now are:

C:\Users\MEO\Desktop\Projects\JetEngine\boomsonic_v0\.venv\Lib\site-packages\openmdao\solvers\linesearch\backtracking.py:35: SolverWarning:'OD0.turb.real_flow.balance.T' exceeds upper bounds
  Val: [3380.09589435]
  Upper: [2500.]

C:\Users\MEO\Desktop\Projects\JetEngine\boomsonic_v0\.venv\Lib\site-packages\pycycle\thermo\static_ps_resid.py:128: RuntimeWarning: invalid value encountered in sqrt
  Vsonic = (i['gamma']*i['R']*i['Ts'])**0.5
C:\Users\MEO\Desktop\Projects\JetEngine\boomsonic_v0\.venv\Lib\site-packages\pycycle\thermo\static_ps_resid.py:94: RuntimeWarning: invalid value encountered in sqrt
  f2 = MN - inputs['W']*(R_UNIVERSAL_SI*inputs['Ts'])**0.5/(ps_guess*1.0e6*inputs['area']*gamt**0.5)
C:\Users\MEO\Desktop\Projects\JetEngine\boomsonic_v0\.venv\Lib\site-packages\pycycle\thermo\static_ps_resid.py:99: RuntimeWarning: The iteration is not making good progress, as measured by the 
 improvement from the last ten iterations.
  ps_guess, M_guess = fsolve(equations, (ps_guess, M_guess))
C:\Users\MEO\Desktop\Projects\JetEngine\boomsonic_v0\.venv\Lib\site-packages\openmdao\solvers\solver.py:819: SolverWarning:Your model has stalled three times and may be violating the bounds. In the future, turn on print_bound_enforce in your solver options here: 
OD0.nozz.throat_total.nonlinear_solver.linesearch.options['print_bound_enforce']=True. 
The bound(s) being violated now are:

C:\Users\MEO\Desktop\Projects\JetEngine\boomsonic_v0\.venv\Lib\site-packages\openmdao\solvers\linesearch\backtracking.py:35: SolverWarning:'OD0.nozz.throat_total.balance.T' exceeds upper bounds
  Val: [3380.09589435]
  Upper: [2500.]

C:\Users\MEO\Desktop\Projects\JetEngine\boomsonic_v0\.venv\Lib\site-packages\pycycle\thermo\static_ps_resid.py:108: RuntimeWarning: invalid value encountered in sqrt
  Vsonic = (i['gamma']*i['R']*i['Ts'])**0.5
C:\Users\MEO\Desktop\Projects\JetEngine\boomsonic_v0\.venv\Lib\site-packages\pycycle\thermo\static_ps_resid.py:83: RuntimeWarning: invalid value encountered in power
  ps_guess = inputs['guess:Pt'] * (1 + (gamt-1)/2 * inputs['MN']**2)**(-gamt/(gamt-1))
C:\Users\MEO\Desktop\Projects\JetEngine\boomsonic_v0\.venv\Lib\site-packages\pycycle\thermo\static_ps_calc.py:32: RuntimeWarning: invalid value encountered in sqrt
  outputs['Vsonic'] = Vsonic = np.sqrt(inputs['gamma'] * inputs['R'] * inputs['Ts'])
C:\Users\MEO\Desktop\Projects\JetEngine\boomsonic_v0\.venv\Lib\site-packages\pycycle\thermo\static_ps_resid.py:128: RuntimeWarning: invalid value encountered in sqrt
  Vsonic = (i['gamma']*i['R']*i['Ts'])**0.5
C:\Users\MEO\Desktop\Projects\JetEngine\boomsonic_v0\.venv\Lib\site-packages\pycycle\thermo\static_ps_resid.py:94: RuntimeWarning: invalid value encountered in sqrt
  f2 = MN - inputs['W']*(R_UNIVERSAL_SI*inputs['Ts'])**0.5/(ps_guess*1.0e6*inputs['area']*gamt**0.5)
C:\Users\MEO\Desktop\Projects\JetEngine\boomsonic_v0\.venv\Lib\site-packages\pycycle\thermo\static_ps_resid.py:99: RuntimeWarning: The iteration is not making good progress, as measured by the 
 improvement from the last ten iterations.
  ps_guess, M_guess = fsolve(equations, (ps_guess, M_guess))
C:\Users\MEO\Desktop\Projects\JetEngine\boomsonic_v0\.venv\Lib\site-packages\openmdao\solvers\solver.py:819: SolverWarning:Your model has stalled three times and may be violating the bounds. In the future, turn on print_bound_enforce in your solver options here: 
OD0.burner.vitiated_flow.nonlinear_solver.linesearch.options['print_bound_enforce']=True. 
The bound(s) being violated now are:

C:\Users\MEO\Desktop\Projects\JetEngine\boomsonic_v0\.venv\Lib\site-packages\openmdao\solvers\linesearch\backtracking.py:35: SolverWarning:'OD0.burner.vitiated_flow.balance.T' exceeds upper bounds
  Val: [4037.5975383]
  Upper: [2500.]

C:\Users\MEO\Desktop\Projects\JetEngine\boomsonic_v0\.venv\Lib\site-packages\pycycle\thermo\static_ps_resid.py:128: RuntimeWarning: invalid value encountered in sqrt
  Vsonic = (i['gamma']*i['R']*i['Ts'])**0.5
C:\Users\MEO\Desktop\Projects\JetEngine\boomsonic_v0\.venv\Lib\site-packages\pycycle\thermo\static_ps_resid.py:94: RuntimeWarning: invalid value encountered in sqrt
  f2 = MN - inputs['W']*(R_UNIVERSAL_SI*inputs['Ts'])**0.5/(ps_guess*1.0e6*inputs['area']*gamt**0.5)
C:\Users\MEO\Desktop\Projects\JetEngine\boomsonic_v0\.venv\Lib\site-packages\pycycle\thermo\static_ps_resid.py:99: RuntimeWarning: The iteration is not making good progress, as measured by the 
 improvement from the last ten iterations.
  ps_guess, M_guess = fsolve(equations, (ps_guess, M_guess))
C:\Users\MEO\Desktop\Projects\JetEngine\boomsonic_v0\.venv\Lib\site-packages\openmdao\solvers\solver.py:819: SolverWarning:Your model has stalled three times and may be violating the bounds. In the future, turn on print_bound_enforce in your solver options here: 
OD0.turb.real_flow_b4bld.nonlinear_solver.linesearch.options['print_bound_enforce']=True. 
The bound(s) being violated now are:

C:\Users\MEO\Desktop\Projects\JetEngine\boomsonic_v0\.venv\Lib\site-packages\openmdao\solvers\linesearch\backtracking.py:35: SolverWarning:'OD0.turb.real_flow_b4bld.balance.T' exceeds upper bounds
  Val: [3380.09589435]
  Upper: [2500.]

C:\Users\MEO\Desktop\Projects\JetEngine\boomsonic_v0\.venv\Lib\site-packages\openmdao\solvers\solver.py:819: SolverWarning:Your model has stalled three times and may be violating the bounds. In the future, turn on print_bound_enforce in your solver options here: 
OD0.turb.real_flow.nonlinear_solver.linesearch.options['print_bound_enforce']=True. 
The bound(s) being violated now are:

C:\Users\MEO\Desktop\Projects\JetEngine\boomsonic_v0\.venv\Lib\site-packages\openmdao\solvers\linesearch\backtracking.py:35: SolverWarning:'OD0.turb.real_flow.balance.T' exceeds upper bounds
  Val: [3380.09589435]
  Upper: [2500.]

C:\Users\MEO\Desktop\Projects\JetEngine\boomsonic_v0\.venv\Lib\site-packages\pycycle\thermo\static_ps_resid.py:128: RuntimeWarning: invalid value encountered in sqrt
  Vsonic = (i['gamma']*i['R']*i['Ts'])**0.5
C:\Users\MEO\Desktop\Projects\JetEngine\boomsonic_v0\.venv\Lib\site-packages\pycycle\thermo\static_ps_resid.py:94: RuntimeWarning: invalid value encountered in sqrt
  f2 = MN - inputs['W']*(R_UNIVERSAL_SI*inputs['Ts'])**0.5/(ps_guess*1.0e6*inputs['area']*gamt**0.5)
C:\Users\MEO\Desktop\Projects\JetEngine\boomsonic_v0\.venv\Lib\site-packages\pycycle\thermo\static_ps_resid.py:99: RuntimeWarning: The iteration is not making good progress, as measured by the 
 improvement from the last ten iterations.
  ps_guess, M_guess = fsolve(equations, (ps_guess, M_guess))
C:\Users\MEO\Desktop\Projects\JetEngine\boomsonic_v0\.venv\Lib\site-packages\openmdao\solvers\solver.py:819: SolverWarning:Your model has stalled three times and may be violating the bounds. In the future, turn on print_bound_enforce in your solver options here: 
OD0.nozz.throat_total.nonlinear_solver.linesearch.options['print_bound_enforce']=True. 
The bound(s) being violated now are:

C:\Users\MEO\Desktop\Projects\JetEngine\boomsonic_v0\.venv\Lib\site-packages\openmdao\solvers\linesearch\backtracking.py:35: SolverWarning:'OD0.nozz.throat_total.balance.T' exceeds upper bounds
  Val: [3380.09589435]
  Upper: [2500.]

C:\Users\MEO\Desktop\Projects\JetEngine\boomsonic_v0\.venv\Lib\site-packages\pycycle\thermo\static_ps_resid.py:108: RuntimeWarning: invalid value encountered in sqrt
  Vsonic = (i['gamma']*i['R']*i['Ts'])**0.5
C:\Users\MEO\Desktop\Projects\JetEngine\boomsonic_v0\.venv\Lib\site-packages\pycycle\thermo\static_ps_resid.py:83: RuntimeWarning: invalid value encountered in power
  ps_guess = inputs['guess:Pt'] * (1 + (gamt-1)/2 * inputs['MN']**2)**(-gamt/(gamt-1))
C:\Users\MEO\Desktop\Projects\JetEngine\boomsonic_v0\.venv\Lib\site-packages\pycycle\thermo\static_ps_calc.py:32: RuntimeWarning: invalid value encountered in sqrt
  outputs['Vsonic'] = Vsonic = np.sqrt(inputs['gamma'] * inputs['R'] * inputs['Ts'])
C:\Users\MEO\Desktop\Projects\JetEngine\boomsonic_v0\.venv\Lib\site-packages\pycycle\thermo\static_ps_resid.py:128: RuntimeWarning: invalid value encountered in sqrt
  Vsonic = (i['gamma']*i['R']*i['Ts'])**0.5
C:\Users\MEO\Desktop\Projects\JetEngine\boomsonic_v0\.venv\Lib\site-packages\pycycle\thermo\static_ps_resid.py:94: RuntimeWarning: invalid value encountered in sqrt
  f2 = MN - inputs['W']*(R_UNIVERSAL_SI*inputs['Ts'])**0.5/(ps_guess*1.0e6*inputs['area']*gamt**0.5)
C:\Users\MEO\Desktop\Projects\JetEngine\boomsonic_v0\.venv\Lib\site-packages\pycycle\thermo\static_ps_resid.py:99: RuntimeWarning: The iteration is not making good progress, as measured by the 
 improvement from the last ten iterations.
  ps_guess, M_guess = fsolve(equations, (ps_guess, M_guess))
C:\Users\MEO\Desktop\Projects\JetEngine\boomsonic_v0\.venv\Lib\site-packages\pycycle\thermo\static_ps_resid.py:128: RuntimeWarning: invalid value encountered in sqrt
  Vsonic = (i['gamma']*i['R']*i['Ts'])**0.5
C:\Users\MEO\Desktop\Projects\JetEngine\boomsonic_v0\.venv\Lib\site-packages\pycycle\thermo\static_ps_resid.py:128: RuntimeWarning: invalid value encountered in sqrt
  Vsonic = (i['gamma']*i['R']*i['Ts'])**0.5
C:\Users\MEO\Desktop\Projects\JetEngine\boomsonic_v0\.venv\Lib\site-packages\pycycle\thermo\static_ps_resid.py:108: RuntimeWarning: invalid value encountered in sqrt
  Vsonic = (i['gamma']*i['R']*i['Ts'])**0.5
C:\Users\MEO\Desktop\Projects\JetEngine\boomsonic_v0\.venv\Lib\site-packages\openmdao\solvers\solver.py:819: SolverWarning:Your model has stalled three times and may be violating the bounds. In the future, turn on print_bound_enforce in your solver options here: 
OD0.burner.vitiated_flow.nonlinear_solver.linesearch.options['print_bound_enforce']=True. 
The bound(s) being violated now are:

C:\Users\MEO\Desktop\Projects\JetEngine\boomsonic_v0\.venv\Lib\site-packages\openmdao\solvers\linesearch\backtracking.py:35: SolverWarning:'OD0.burner.vitiated_flow.balance.T' exceeds upper bounds
  Val: [3772.52596496]
  Upper: [2500.]

C:\Users\MEO\Desktop\Projects\JetEngine\boomsonic_v0\.venv\Lib\site-packages\pycycle\thermo\static_ps_resid.py:128: RuntimeWarning: invalid value encountered in sqrt
  Vsonic = (i['gamma']*i['R']*i['Ts'])**0.5
C:\Users\MEO\Desktop\Projects\JetEngine\boomsonic_v0\.venv\Lib\site-packages\pycycle\thermo\static_ps_resid.py:128: RuntimeWarning: invalid value encountered in sqrt
  Vsonic = (i['gamma']*i['R']*i['Ts'])**0.5
C:\Users\MEO\Desktop\Projects\JetEngine\boomsonic_v0\.venv\Lib\site-packages\pycycle\thermo\static_ps_resid.py:128: RuntimeWarning: invalid value encountered in sqrt
  Vsonic = (i['gamma']*i['R']*i['Ts'])**0.5
C:\Users\MEO\Desktop\Projects\JetEngine\boomsonic_v0\.venv\Lib\site-packages\pycycle\thermo\static_ps_resid.py:128: RuntimeWarning: invalid value encountered in sqrt
  Vsonic = (i['gamma']*i['R']*i['Ts'])**0.5
C:\Users\MEO\Desktop\Projects\JetEngine\boomsonic_v0\.venv\Lib\site-packages\pycycle\thermo\static_ps_resid.py:128: RuntimeWarning: invalid value encountered in sqrt
  Vsonic = (i['gamma']*i['R']*i['Ts'])**0.5
C:\Users\MEO\Desktop\Projects\JetEngine\boomsonic_v0\.venv\Lib\site-packages\pycycle\thermo\static_ps_resid.py:128: RuntimeWarning: invalid value encountered in sqrt
  Vsonic = (i['gamma']*i['R']*i['Ts'])**0.5
C:\Users\MEO\Desktop\Projects\JetEngine\boomsonic_v0\.venv\Lib\site-packages\pycycle\thermo\static_ps_resid.py:128: RuntimeWarning: invalid value encountered in sqrt
  Vsonic = (i['gamma']*i['R']*i['Ts'])**0.5
C:\Users\MEO\Desktop\Projects\JetEngine\boomsonic_v0\.venv\Lib\site-packages\openmdao\solvers\solver.py:819: SolverWarning:Your model has stalled three times and may be violating the bounds. In the future, turn on print_bound_enforce in your solver options here: 
OD0.turb.real_flow_b4bld.nonlinear_solver.linesearch.options['print_bound_enforce']=True. 
The bound(s) being violated now are:

C:\Users\MEO\Desktop\Projects\JetEngine\boomsonic_v0\.venv\Lib\site-packages\openmdao\solvers\linesearch\backtracking.py:35: SolverWarning:'OD0.turb.real_flow_b4bld.balance.T' exceeds upper bounds
  Val: [2912.15865654]
  Upper: [2500.]

C:\Users\MEO\Desktop\Projects\JetEngine\boomsonic_v0\.venv\Lib\site-packages\openmdao\solvers\solver.py:819: SolverWarning:Your model has stalled three times and may be violating the bounds. In the future, turn on print_bound_enforce in your solver options here: 
OD0.turb.real_flow.nonlinear_solver.linesearch.options['print_bound_enforce']=True. 
The bound(s) being violated now are:

C:\Users\MEO\Desktop\Projects\JetEngine\boomsonic_v0\.venv\Lib\site-packages\openmdao\solvers\linesearch\backtracking.py:35: SolverWarning:'OD0.turb.real_flow.balance.T' exceeds upper bounds
  Val: [2912.15865654]
  Upper: [2500.]

C:\Users\MEO\Desktop\Projects\JetEngine\boomsonic_v0\.venv\Lib\site-packages\pycycle\thermo\static_ps_resid.py:128: RuntimeWarning: invalid value encountered in sqrt
  Vsonic = (i['gamma']*i['R']*i['Ts'])**0.5
C:\Users\MEO\Desktop\Projects\JetEngine\boomsonic_v0\.venv\Lib\site-packages\pycycle\thermo\static_ps_resid.py:128: RuntimeWarning: invalid value encountered in sqrt
  Vsonic = (i['gamma']*i['R']*i['Ts'])**0.5
C:\Users\MEO\Desktop\Projects\JetEngine\boomsonic_v0\.venv\Lib\site-packages\pycycle\thermo\static_ps_resid.py:128: RuntimeWarning: invalid value encountered in sqrt
  Vsonic = (i['gamma']*i['R']*i['Ts'])**0.5
C:\Users\MEO\Desktop\Projects\JetEngine\boomsonic_v0\.venv\Lib\site-packages\pycycle\thermo\static_ps_resid.py:128: RuntimeWarning: invalid value encountered in sqrt
  Vsonic = (i['gamma']*i['R']*i['Ts'])**0.5
C:\Users\MEO\Desktop\Projects\JetEngine\boomsonic_v0\.venv\Lib\site-packages\pycycle\thermo\static_ps_resid.py:128: RuntimeWarning: invalid value encountered in sqrt
  Vsonic = (i['gamma']*i['R']*i['Ts'])**0.5
C:\Users\MEO\Desktop\Projects\JetEngine\boomsonic_v0\.venv\Lib\site-packages\openmdao\solvers\solver.py:819: SolverWarning:Your model has stalled three times and may be violating the bounds. In the future, turn on print_bound_enforce in your solver options here: 
OD0.nozz.throat_total.nonlinear_solver.linesearch.options['print_bound_enforce']=True. 
The bound(s) being violated now are:

C:\Users\MEO\Desktop\Projects\JetEngine\boomsonic_v0\.venv\Lib\site-packages\openmdao\solvers\linesearch\backtracking.py:35: SolverWarning:'OD0.nozz.throat_total.balance.T' exceeds upper bounds
  Val: [2912.15865654]
  Upper: [2500.]

C:\Users\MEO\Desktop\Projects\JetEngine\boomsonic_v0\.venv\Lib\site-packages\pycycle\thermo\static_ps_resid.py:108: RuntimeWarning: invalid value encountered in sqrt
  Vsonic = (i['gamma']*i['R']*i['Ts'])**0.5
C:\Users\MEO\Desktop\Projects\JetEngine\boomsonic_v0\.venv\Lib\site-packages\pycycle\thermo\static_ps_resid.py:128: RuntimeWarning: invalid value encountered in sqrt
  Vsonic = (i['gamma']*i['R']*i['Ts'])**0.5
C:\Users\MEO\Desktop\Projects\JetEngine\boomsonic_v0\.venv\Lib\site-packages\pycycle\thermo\static_ps_resid.py:108: RuntimeWarning: invalid value encountered in sqrt
  Vsonic = (i['gamma']*i['R']*i['Ts'])**0.5
C:\Users\MEO\Desktop\Projects\JetEngine\boomsonic_v0\.venv\Lib\site-packages\openmdao\solvers\solver.py:819: SolverWarning:Your model has stalled three times and may be violating the bounds. In the future, turn on print_bound_enforce in your solver options here: 
OD0.burner.vitiated_flow.nonlinear_solver.linesearch.options['print_bound_enforce']=True. 
The bound(s) being violated now are:

C:\Users\MEO\Desktop\Projects\JetEngine\boomsonic_v0\.venv\Lib\site-packages\openmdao\solvers\linesearch\backtracking.py:35: SolverWarning:'OD0.burner.vitiated_flow.balance.T' exceeds upper bounds
  Val: [3772.52596496]
  Upper: [2500.]

C:\Users\MEO\Desktop\Projects\JetEngine\boomsonic_v0\.venv\Lib\site-packages\pycycle\thermo\static_ps_resid.py:128: RuntimeWarning: invalid value encountered in sqrt
  Vsonic = (i['gamma']*i['R']*i['Ts'])**0.5
C:\Users\MEO\Desktop\Projects\JetEngine\boomsonic_v0\.venv\Lib\site-packages\pycycle\thermo\static_ps_resid.py:128: RuntimeWarning: invalid value encountered in sqrt
  Vsonic = (i['gamma']*i['R']*i['Ts'])**0.5
C:\Users\MEO\Desktop\Projects\JetEngine\boomsonic_v0\.venv\Lib\site-packages\pycycle\thermo\static_ps_resid.py:128: RuntimeWarning: invalid value encountered in sqrt
  Vsonic = (i['gamma']*i['R']*i['Ts'])**0.5
C:\Users\MEO\Desktop\Projects\JetEngine\boomsonic_v0\.venv\Lib\site-packages\pycycle\thermo\static_ps_resid.py:128: RuntimeWarning: invalid value encountered in sqrt
  Vsonic = (i['gamma']*i['R']*i['Ts'])**0.5
C:\Users\MEO\Desktop\Projects\JetEngine\boomsonic_v0\.venv\Lib\site-packages\pycycle\thermo\static_ps_resid.py:128: RuntimeWarning: invalid value encountered in sqrt
  Vsonic = (i['gamma']*i['R']*i['Ts'])**0.5
C:\Users\MEO\Desktop\Projects\JetEngine\boomsonic_v0\.venv\Lib\site-packages\pycycle\thermo\static_ps_resid.py:128: RuntimeWarning: invalid value encountered in sqrt
  Vsonic = (i['gamma']*i['R']*i['Ts'])**0.5
C:\Users\MEO\Desktop\Projects\JetEngine\boomsonic_v0\.venv\Lib\site-packages\pycycle\thermo\static_ps_resid.py:128: RuntimeWarning: invalid value encountered in sqrt
  Vsonic = (i['gamma']*i['R']*i['Ts'])**0.5
C:\Users\MEO\Desktop\Projects\JetEngine\boomsonic_v0\.venv\Lib\site-packages\openmdao\solvers\solver.py:819: SolverWarning:Your model has stalled three times and may be violating the bounds. In the future, turn on print_bound_enforce in your solver options here: 
OD0.turb.real_flow_b4bld.nonlinear_solver.linesearch.options['print_bound_enforce']=True. 
The bound(s) being violated now are:

C:\Users\MEO\Desktop\Projects\JetEngine\boomsonic_v0\.venv\Lib\site-packages\openmdao\solvers\linesearch\backtracking.py:35: SolverWarning:'OD0.turb.real_flow_b4bld.balance.T' exceeds upper bounds
  Val: [2912.15865654]
  Upper: [2500.]

C:\Users\MEO\Desktop\Projects\JetEngine\boomsonic_v0\.venv\Lib\site-packages\openmdao\solvers\solver.py:819: SolverWarning:Your model has stalled three times and may be violating the bounds. In the future, turn on print_bound_enforce in your solver options here: 
OD0.turb.real_flow.nonlinear_solver.linesearch.options['print_bound_enforce']=True. 
The bound(s) being violated now are:

C:\Users\MEO\Desktop\Projects\JetEngine\boomsonic_v0\.venv\Lib\site-packages\openmdao\solvers\linesearch\backtracking.py:35: SolverWarning:'OD0.turb.real_flow.balance.T' exceeds upper bounds
  Val: [2912.15865654]
  Upper: [2500.]

C:\Users\MEO\Desktop\Projects\JetEngine\boomsonic_v0\.venv\Lib\site-packages\pycycle\thermo\static_ps_resid.py:128: RuntimeWarning: invalid value encountered in sqrt
  Vsonic = (i['gamma']*i['R']*i['Ts'])**0.5
C:\Users\MEO\Desktop\Projects\JetEngine\boomsonic_v0\.venv\Lib\site-packages\pycycle\thermo\static_ps_resid.py:128: RuntimeWarning: invalid value encountered in sqrt
  Vsonic = (i['gamma']*i['R']*i['Ts'])**0.5
C:\Users\MEO\Desktop\Projects\JetEngine\boomsonic_v0\.venv\Lib\site-packages\pycycle\thermo\static_ps_resid.py:128: RuntimeWarning: invalid value encountered in sqrt
  Vsonic = (i['gamma']*i['R']*i['Ts'])**0.5
C:\Users\MEO\Desktop\Projects\JetEngine\boomsonic_v0\.venv\Lib\site-packages\pycycle\thermo\static_ps_resid.py:128: RuntimeWarning: invalid value encountered in sqrt
  Vsonic = (i['gamma']*i['R']*i['Ts'])**0.5
C:\Users\MEO\Desktop\Projects\JetEngine\boomsonic_v0\.venv\Lib\site-packages\pycycle\thermo\static_ps_resid.py:128: RuntimeWarning: invalid value encountered in sqrt
  Vsonic = (i['gamma']*i['R']*i['Ts'])**0.5
C:\Users\MEO\Desktop\Projects\JetEngine\boomsonic_v0\.venv\Lib\site-packages\openmdao\solvers\solver.py:819: SolverWarning:Your model has stalled three times and may be violating the bounds. In the future, turn on print_bound_enforce in your solver options here: 
OD0.nozz.throat_total.nonlinear_solver.linesearch.options['print_bound_enforce']=True. 
The bound(s) being violated now are:

C:\Users\MEO\Desktop\Projects\JetEngine\boomsonic_v0\.venv\Lib\site-packages\openmdao\solvers\linesearch\backtracking.py:35: SolverWarning:'OD0.nozz.throat_total.balance.T' exceeds upper bounds
  Val: [2912.15865654]
  Upper: [2500.]

C:\Users\MEO\Desktop\Projects\JetEngine\boomsonic_v0\.venv\Lib\site-packages\pycycle\thermo\static_ps_resid.py:108: RuntimeWarning: invalid value encountered in sqrt
  Vsonic = (i['gamma']*i['R']*i['Ts'])**0.5
C:\Users\MEO\Desktop\Projects\JetEngine\boomsonic_v0\.venv\Lib\site-packages\pycycle\thermo\static_ps_resid.py:128: RuntimeWarning: invalid value encountered in sqrt
  Vsonic = (i['gamma']*i['R']*i['Ts'])**0.5
C:\Users\MEO\Desktop\Projects\JetEngine\boomsonic_v0\.venv\Lib\site-packages\openmdao\solvers\solver.py:819: SolverWarning:Your model has stalled three times and may be violating the bounds. In the future, turn on print_bound_enforce in your solver options here: 
OD0.burner.vitiated_flow.nonlinear_solver.linesearch.options['print_bound_enforce']=True. 
The bound(s) being violated now are:

C:\Users\MEO\Desktop\Projects\JetEngine\boomsonic_v0\.venv\Lib\site-packages\openmdao\solvers\linesearch\backtracking.py:35: SolverWarning:'OD0.burner.vitiated_flow.balance.T' exceeds upper bounds
  Val: [3772.52596496]
  Upper: [2500.]

C:\Users\MEO\Desktop\Projects\JetEngine\boomsonic_v0\.venv\Lib\site-packages\pycycle\thermo\static_ps_resid.py:128: RuntimeWarning: invalid value encountered in sqrt
  Vsonic = (i['gamma']*i['R']*i['Ts'])**0.5
C:\Users\MEO\Desktop\Projects\JetEngine\boomsonic_v0\.venv\Lib\site-packages\pycycle\thermo\static_ps_resid.py:128: RuntimeWarning: invalid value encountered in sqrt
  Vsonic = (i['gamma']*i['R']*i['Ts'])**0.5
C:\Users\MEO\Desktop\Projects\JetEngine\boomsonic_v0\.venv\Lib\site-packages\pycycle\thermo\static_ps_resid.py:128: RuntimeWarning: invalid value encountered in sqrt
  Vsonic = (i['gamma']*i['R']*i['Ts'])**0.5
C:\Users\MEO\Desktop\Projects\JetEngine\boomsonic_v0\.venv\Lib\site-packages\pycycle\thermo\static_ps_resid.py:128: RuntimeWarning: invalid value encountered in sqrt
  Vsonic = (i['gamma']*i['R']*i['Ts'])**0.5
C:\Users\MEO\Desktop\Projects\JetEngine\boomsonic_v0\.venv\Lib\site-packages\pycycle\thermo\static_ps_resid.py:128: RuntimeWarning: invalid value encountered in sqrt
  Vsonic = (i['gamma']*i['R']*i['Ts'])**0.5
C:\Users\MEO\Desktop\Projects\JetEngine\boomsonic_v0\.venv\Lib\site-packages\pycycle\thermo\static_ps_resid.py:128: RuntimeWarning: invalid value encountered in sqrt
  Vsonic = (i['gamma']*i['R']*i['Ts'])**0.5
C:\Users\MEO\Desktop\Projects\JetEngine\boomsonic_v0\.venv\Lib\site-packages\pycycle\thermo\static_ps_resid.py:128: RuntimeWarning: invalid value encountered in sqrt
  Vsonic = (i['gamma']*i['R']*i['Ts'])**0.5
C:\Users\MEO\Desktop\Projects\JetEngine\boomsonic_v0\.venv\Lib\site-packages\openmdao\solvers\solver.py:819: SolverWarning:Your model has stalled three times and may be violating the bounds. In the future, turn on print_bound_enforce in your solver options here: 
OD0.turb.real_flow_b4bld.nonlinear_solver.linesearch.options['print_bound_enforce']=True. 
The bound(s) being violated now are:

C:\Users\MEO\Desktop\Projects\JetEngine\boomsonic_v0\.venv\Lib\site-packages\openmdao\solvers\linesearch\backtracking.py:35: SolverWarning:'OD0.turb.real_flow_b4bld.balance.T' exceeds upper bounds
  Val: [2912.15865654]
  Upper: [2500.]

C:\Users\MEO\Desktop\Projects\JetEngine\boomsonic_v0\.venv\Lib\site-packages\openmdao\solvers\solver.py:819: SolverWarning:Your model has stalled three times and may be violating the bounds. In the future, turn on print_bound_enforce in your solver options here: 
OD0.turb.real_flow.nonlinear_solver.linesearch.options['print_bound_enforce']=True. 
The bound(s) being violated now are:

C:\Users\MEO\Desktop\Projects\JetEngine\boomsonic_v0\.venv\Lib\site-packages\openmdao\solvers\linesearch\backtracking.py:35: SolverWarning:'OD0.turb.real_flow.balance.T' exceeds upper bounds
  Val: [2912.15865654]
  Upper: [2500.]

C:\Users\MEO\Desktop\Projects\JetEngine\boomsonic_v0\.venv\Lib\site-packages\pycycle\thermo\static_ps_resid.py:128: RuntimeWarning: invalid value encountered in sqrt
  Vsonic = (i['gamma']*i['R']*i['Ts'])**0.5
C:\Users\MEO\Desktop\Projects\JetEngine\boomsonic_v0\.venv\Lib\site-packages\pycycle\thermo\static_ps_resid.py:128: RuntimeWarning: invalid value encountered in sqrt
  Vsonic = (i['gamma']*i['R']*i['Ts'])**0.5
C:\Users\MEO\Desktop\Projects\JetEngine\boomsonic_v0\.venv\Lib\site-packages\pycycle\thermo\static_ps_resid.py:128: RuntimeWarning: invalid value encountered in sqrt
  Vsonic = (i['gamma']*i['R']*i['Ts'])**0.5
C:\Users\MEO\Desktop\Projects\JetEngine\boomsonic_v0\.venv\Lib\site-packages\pycycle\thermo\static_ps_resid.py:128: RuntimeWarning: invalid value encountered in sqrt
  Vsonic = (i['gamma']*i['R']*i['Ts'])**0.5
C:\Users\MEO\Desktop\Projects\JetEngine\boomsonic_v0\.venv\Lib\site-packages\pycycle\thermo\static_ps_resid.py:128: RuntimeWarning: invalid value encountered in sqrt
  Vsonic = (i['gamma']*i['R']*i['Ts'])**0.5
C:\Users\MEO\Desktop\Projects\JetEngine\boomsonic_v0\.venv\Lib\site-packages\openmdao\solvers\solver.py:819: SolverWarning:Your model has stalled three times and may be violating the bounds. In the future, turn on print_bound_enforce in your solver options here: 
OD0.nozz.throat_total.nonlinear_solver.linesearch.options['print_bound_enforce']=True. 
The bound(s) being violated now are:

C:\Users\MEO\Desktop\Projects\JetEngine\boomsonic_v0\.venv\Lib\site-packages\openmdao\solvers\linesearch\backtracking.py:35: SolverWarning:'OD0.nozz.throat_total.balance.T' exceeds upper bounds
  Val: [2912.15865654]
  Upper: [2500.]

C:\Users\MEO\Desktop\Projects\JetEngine\boomsonic_v0\.venv\Lib\site-packages\pycycle\thermo\static_ps_resid.py:108: RuntimeWarning: invalid value encountered in sqrt
  Vsonic = (i['gamma']*i['R']*i['Ts'])**0.5
C:\Users\MEO\Desktop\Projects\JetEngine\boomsonic_v0\.venv\Lib\site-packages\pycycle\thermo\static_ps_resid.py:128: RuntimeWarning: invalid value encountered in sqrt
  Vsonic = (i['gamma']*i['R']*i['Ts'])**0.5
C:\Users\MEO\Desktop\Projects\JetEngine\boomsonic_v0\.venv\Lib\site-packages\pycycle\thermo\static_ps_resid.py:128: RuntimeWarning: invalid value encountered in sqrt
  Vsonic = (i['gamma']*i['R']*i['Ts'])**0.5
C:\Users\MEO\Desktop\Projects\JetEngine\boomsonic_v0\.venv\Lib\site-packages\pycycle\thermo\static_ps_resid.py:128: RuntimeWarning: invalid value encountered in sqrt
  Vsonic = (i['gamma']*i['R']*i['Ts'])**0.5
C:\Users\MEO\Desktop\Projects\JetEngine\boomsonic_v0\.venv\Lib\site-packages\pycycle\thermo\static_ps_resid.py:108: RuntimeWarning: invalid value encountered in sqrt
  Vsonic = (i['gamma']*i['R']*i['Ts'])**0.5
C:\Users\MEO\Desktop\Projects\JetEngine\boomsonic_v0\.venv\Lib\site-packages\pycycle\elements\turbine.py:89: RuntimeWarning: invalid value encountered in log
  outputs['eff_poly'] = 1 + (S_out-S_in)/(Rt*np.log(invPR))
C:\Users\MEO\Desktop\Projects\JetEngine\boomsonic_v0\.venv\Lib\site-packages\openmdao\solvers\solver.py:819: SolverWarning:Your model has stalled three times and may be violating the bounds. In the future, turn on print_bound_enforce in your solver options here: 
OD0.burner.vitiated_flow.nonlinear_solver.linesearch.options['print_bound_enforce']=True. 
The bound(s) being violated now are:

C:\Users\MEO\Desktop\Projects\JetEngine\boomsonic_v0\.venv\Lib\site-packages\openmdao\solvers\linesearch\backtracking.py:35: SolverWarning:'OD0.burner.vitiated_flow.balance.T' exceeds upper bounds
  Val: [2856.53809337]
  Upper: [2500.]

C:\Users\MEO\Desktop\Projects\JetEngine\boomsonic_v0\.venv\Lib\site-packages\openmdao\solvers\solver.py:819: SolverWarning:Your model has stalled three times and may be violating the bounds. In the future, turn on print_bound_enforce in your solver options here: 
OD0.burner.out_stat.nonlinear_solver.linesearch.options['print_bound_enforce']=True. 
The bound(s) being violated now are:

C:\Users\MEO\Desktop\Projects\JetEngine\boomsonic_v0\.venv\Lib\site-packages\openmdao\solvers\linesearch\backtracking.py:35: SolverWarning:'OD0.burner.out_stat.balance.T' exceeds upper bounds
  Val: [3211.93538348]
  Upper: [2500.]

C:\Users\MEO\Desktop\Projects\JetEngine\boomsonic_v0\.venv\Lib\site-packages\openmdao\solvers\solver.py:819: SolverWarning:Your model has stalled three times and may be violating the bounds. In the future, turn on print_bound_enforce in your solver options here: 
OD0.turb.real_flow_b4bld.nonlinear_solver.linesearch.options['print_bound_enforce']=True. 
The bound(s) being violated now are:

C:\Users\MEO\Desktop\Projects\JetEngine\boomsonic_v0\.venv\Lib\site-packages\openmdao\solvers\linesearch\backtracking.py:35: SolverWarning:'OD0.turb.real_flow_b4bld.balance.T' exceeds upper bounds
  Val: [2613.59192042]
  Upper: [2500.]

C:\Users\MEO\Desktop\Projects\JetEngine\boomsonic_v0\.venv\Lib\site-packages\openmdao\solvers\solver.py:819: SolverWarning:Your model has stalled three times and may be violating the bounds. In the future, turn on print_bound_enforce in your solver options here: 
OD0.turb.real_flow.nonlinear_solver.linesearch.options['print_bound_enforce']=True. 
The bound(s) being violated now are:

C:\Users\MEO\Desktop\Projects\JetEngine\boomsonic_v0\.venv\Lib\site-packages\openmdao\solvers\linesearch\backtracking.py:35: SolverWarning:'OD0.turb.real_flow.balance.T' exceeds upper bounds
  Val: [2613.59192042]
  Upper: [2500.]

C:\Users\MEO\Desktop\Projects\JetEngine\boomsonic_v0\.venv\Lib\site-packages\openmdao\solvers\solver.py:819: SolverWarning:Your model has stalled three times and may be violating the bounds. In the future, turn on print_bound_enforce in your solver options here: 
OD0.nozz.throat_total.nonlinear_solver.linesearch.options['print_bound_enforce']=True. 
The bound(s) being violated now are:

C:\Users\MEO\Desktop\Projects\JetEngine\boomsonic_v0\.venv\Lib\site-packages\openmdao\solvers\linesearch\backtracking.py:35: SolverWarning:'OD0.nozz.throat_total.balance.T' exceeds upper bounds
  Val: [2613.59192042]
  Upper: [2500.]

C:\Users\MEO\Desktop\Projects\JetEngine\boomsonic_v0\.venv\Lib\site-packages\openmdao\solvers\solver.py:819: SolverWarning:Your model has stalled three times and may be violating the bounds. In the future, turn on print_bound_enforce in your solver options here: 
OD0.nozz.staticMN.nonlinear_solver.linesearch.options['print_bound_enforce']=True. 
The bound(s) being violated now are:

C:\Users\MEO\Desktop\Projects\JetEngine\boomsonic_v0\.venv\Lib\site-packages\openmdao\solvers\linesearch\backtracking.py:35: SolverWarning:'OD0.nozz.staticMN.balance.T' exceeds upper bounds
  Val: [2532.28554015]
  Upper: [2500.]

C:\Users\MEO\Desktop\Projects\JetEngine\boomsonic_v0\.venv\Lib\site-packages\pycycle\thermo\static_ps_resid.py:128: RuntimeWarning: invalid value encountered in sqrt
  Vsonic = (i['gamma']*i['R']*i['Ts'])**0.5
C:\Users\MEO\Desktop\Projects\JetEngine\boomsonic_v0\.venv\Lib\site-packages\pycycle\thermo\static_ps_resid.py:108: RuntimeWarning: invalid value encountered in sqrt
  Vsonic = (i['gamma']*i['R']*i['Ts'])**0.5
C:\Users\MEO\Desktop\Projects\JetEngine\boomsonic_v0\.venv\Lib\site-packages\pycycle\thermo\static_ps_calc.py:32: RuntimeWarning: invalid value encountered in sqrt
  outputs['Vsonic'] = Vsonic = np.sqrt(inputs['gamma'] * inputs['R'] * inputs['Ts'])
C:\Users\MEO\Desktop\Projects\JetEngine\boomsonic_v0\.venv\Lib\site-packages\openmdao\solvers\solver.py:819: SolverWarning:Your model has stalled three times and may be violating the bounds. In the future, turn on print_bound_enforce in your solver options here: 
OD0.burner.vitiated_flow.nonlinear_solver.linesearch.options['print_bound_enforce']=True. 
The bound(s) being violated now are:

C:\Users\MEO\Desktop\Projects\JetEngine\boomsonic_v0\.venv\Lib\site-packages\openmdao\solvers\linesearch\backtracking.py:35: SolverWarning:'OD0.burner.vitiated_flow.balance.T' exceeds upper bounds
  Val: [3865.78201806]
  Upper: [2500.]

C:\Users\MEO\Desktop\Projects\JetEngine\boomsonic_v0\.venv\Lib\site-packages\pycycle\thermo\static_ps_resid.py:128: RuntimeWarning: invalid value encountered in sqrt
  Vsonic = (i['gamma']*i['R']*i['Ts'])**0.5
C:\Users\MEO\Desktop\Projects\JetEngine\boomsonic_v0\.venv\Lib\site-packages\pycycle\thermo\static_ps_resid.py:94: RuntimeWarning: invalid value encountered in sqrt
  f2 = MN - inputs['W']*(R_UNIVERSAL_SI*inputs['Ts'])**0.5/(ps_guess*1.0e6*inputs['area']*gamt**0.5)
C:\Users\MEO\Desktop\Projects\JetEngine\boomsonic_v0\.venv\Lib\site-packages\pycycle\thermo\static_ps_resid.py:99: RuntimeWarning: The iteration is not making good progress, as measured by the 
 improvement from the last ten iterations.
  ps_guess, M_guess = fsolve(equations, (ps_guess, M_guess))
C:\Users\MEO\Desktop\Projects\JetEngine\boomsonic_v0\.venv\Lib\site-packages\openmdao\solvers\solver.py:819: SolverWarning:Your model has stalled three times and may be violating the bounds. In the future, turn on print_bound_enforce in your solver options here: 
OD0.turb.real_flow_b4bld.nonlinear_solver.linesearch.options['print_bound_enforce']=True. 
The bound(s) being violated now are:

C:\Users\MEO\Desktop\Projects\JetEngine\boomsonic_v0\.venv\Lib\site-packages\openmdao\solvers\linesearch\backtracking.py:35: SolverWarning:'OD0.turb.real_flow_b4bld.balance.T' exceeds upper bounds
  Val: [3259.4673374]
  Upper: [2500.]

C:\Users\MEO\Desktop\Projects\JetEngine\boomsonic_v0\.venv\Lib\site-packages\openmdao\solvers\solver.py:819: SolverWarning:Your model has stalled three times and may be violating the bounds. In the future, turn on print_bound_enforce in your solver options here: 
OD0.turb.real_flow.nonlinear_solver.linesearch.options['print_bound_enforce']=True. 
The bound(s) being violated now are:

C:\Users\MEO\Desktop\Projects\JetEngine\boomsonic_v0\.venv\Lib\site-packages\openmdao\solvers\linesearch\backtracking.py:35: SolverWarning:'OD0.turb.real_flow.balance.T' exceeds upper bounds
  Val: [3259.4673374]
  Upper: [2500.]

C:\Users\MEO\Desktop\Projects\JetEngine\boomsonic_v0\.venv\Lib\site-packages\pycycle\thermo\static_ps_resid.py:128: RuntimeWarning: invalid value encountered in sqrt
  Vsonic = (i['gamma']*i['R']*i['Ts'])**0.5
C:\Users\MEO\Desktop\Projects\JetEngine\boomsonic_v0\.venv\Lib\site-packages\pycycle\thermo\static_ps_resid.py:94: RuntimeWarning: invalid value encountered in sqrt
  f2 = MN - inputs['W']*(R_UNIVERSAL_SI*inputs['Ts'])**0.5/(ps_guess*1.0e6*inputs['area']*gamt**0.5)
C:\Users\MEO\Desktop\Projects\JetEngine\boomsonic_v0\.venv\Lib\site-packages\pycycle\thermo\static_ps_resid.py:99: RuntimeWarning: The iteration is not making good progress, as measured by the 
 improvement from the last ten iterations.
  ps_guess, M_guess = fsolve(equations, (ps_guess, M_guess))
C:\Users\MEO\Desktop\Projects\JetEngine\boomsonic_v0\.venv\Lib\site-packages\openmdao\solvers\solver.py:819: SolverWarning:Your model has stalled three times and may be violating the bounds. In the future, turn on print_bound_enforce in your solver options here: 
OD0.nozz.throat_total.nonlinear_solver.linesearch.options['print_bound_enforce']=True. 
The bound(s) being violated now are:

C:\Users\MEO\Desktop\Projects\JetEngine\boomsonic_v0\.venv\Lib\site-packages\openmdao\solvers\linesearch\backtracking.py:35: SolverWarning:'OD0.nozz.throat_total.balance.T' exceeds upper bounds
  Val: [3259.4673374]
  Upper: [2500.]

C:\Users\MEO\Desktop\Projects\JetEngine\boomsonic_v0\.venv\Lib\site-packages\pycycle\thermo\static_ps_resid.py:108: RuntimeWarning: invalid value encountered in sqrt
  Vsonic = (i['gamma']*i['R']*i['Ts'])**0.5
C:\Users\MEO\Desktop\Projects\JetEngine\boomsonic_v0\.venv\Lib\site-packages\pycycle\thermo\static_ps_resid.py:83: RuntimeWarning: invalid value encountered in power
  ps_guess = inputs['guess:Pt'] * (1 + (gamt-1)/2 * inputs['MN']**2)**(-gamt/(gamt-1))
C:\Users\MEO\Desktop\Projects\JetEngine\boomsonic_v0\.venv\Lib\site-packages\pycycle\thermo\static_ps_resid.py:108: RuntimeWarning: invalid value encountered in sqrt
  Vsonic = (i['gamma']*i['R']*i['Ts'])**0.5
C:\Users\MEO\Desktop\Projects\JetEngine\boomsonic_v0\.venv\Lib\site-packages\pycycle\thermo\static_ps_resid.py:108: RuntimeWarning: invalid value encountered in sqrt
  Vsonic = (i['gamma']*i['R']*i['Ts'])**0.5
C:\Users\MEO\Desktop\Projects\JetEngine\boomsonic_v0\.venv\Lib\site-packages\pycycle\thermo\static_ps_calc.py:32: RuntimeWarning: invalid value encountered in sqrt
  outputs['Vsonic'] = Vsonic = np.sqrt(inputs['gamma'] * inputs['R'] * inputs['Ts'])
C:\Users\MEO\Desktop\Projects\JetEngine\boomsonic_v0\.venv\Lib\site-packages\pycycle\thermo\static_ps_resid.py:128: RuntimeWarning: invalid value encountered in sqrt
  Vsonic = (i['gamma']*i['R']*i['Ts'])**0.5
C:\Users\MEO\Desktop\Projects\JetEngine\boomsonic_v0\.venv\Lib\site-packages\pycycle\thermo\static_ps_resid.py:94: RuntimeWarning: invalid value encountered in sqrt
  f2 = MN - inputs['W']*(R_UNIVERSAL_SI*inputs['Ts'])**0.5/(ps_guess*1.0e6*inputs['area']*gamt**0.5)
C:\Users\MEO\Desktop\Projects\JetEngine\boomsonic_v0\.venv\Lib\site-packages\pycycle\thermo\static_ps_resid.py:99: RuntimeWarning: The iteration is not making good progress, as measured by the 
 improvement from the last ten iterations.
  ps_guess, M_guess = fsolve(equations, (ps_guess, M_guess))
C:\Users\MEO\Desktop\Projects\JetEngine\boomsonic_v0\.venv\Lib\site-packages\pycycle\thermo\static_ps_resid.py:83: RuntimeWarning: invalid value encountered in power
  ps_guess = inputs['guess:Pt'] * (1 + (gamt-1)/2 * inputs['MN']**2)**(-gamt/(gamt-1))
C:\Users\MEO\Desktop\Projects\JetEngine\boomsonic_v0\.venv\Lib\site-packages\openmdao\solvers\solver.py:819: SolverWarning:Your model has stalled three times and may be violating the bounds. In the future, turn on print_bound_enforce in your solver options here: 
OD0.burner.vitiated_flow.nonlinear_solver.linesearch.options['print_bound_enforce']=True. 
The bound(s) being violated now are:

C:\Users\MEO\Desktop\Projects\JetEngine\boomsonic_v0\.venv\Lib\site-packages\openmdao\solvers\linesearch\backtracking.py:35: SolverWarning:'OD0.burner.vitiated_flow.balance.T' exceeds upper bounds
  Val: [3865.78201806]
  Upper: [2500.]

C:\Users\MEO\Desktop\Projects\JetEngine\boomsonic_v0\.venv\Lib\site-packages\pycycle\thermo\static_ps_resid.py:128: RuntimeWarning: invalid value encountered in sqrt
  Vsonic = (i['gamma']*i['R']*i['Ts'])**0.5
C:\Users\MEO\Desktop\Projects\JetEngine\boomsonic_v0\.venv\Lib\site-packages\pycycle\thermo\static_ps_resid.py:94: RuntimeWarning: invalid value encountered in sqrt
  f2 = MN - inputs['W']*(R_UNIVERSAL_SI*inputs['Ts'])**0.5/(ps_guess*1.0e6*inputs['area']*gamt**0.5)
C:\Users\MEO\Desktop\Projects\JetEngine\boomsonic_v0\.venv\Lib\site-packages\pycycle\thermo\static_ps_resid.py:99: RuntimeWarning: The iteration is not making good progress, as measured by the 
 improvement from the last ten iterations.
  ps_guess, M_guess = fsolve(equations, (ps_guess, M_guess))
C:\Users\MEO\Desktop\Projects\JetEngine\boomsonic_v0\.venv\Lib\site-packages\openmdao\solvers\solver.py:819: SolverWarning:Your model has stalled three times and may be violating the bounds. In the future, turn on print_bound_enforce in your solver options here: 
OD0.turb.real_flow_b4bld.nonlinear_solver.linesearch.options['print_bound_enforce']=True. 
The bound(s) being violated now are:

C:\Users\MEO\Desktop\Projects\JetEngine\boomsonic_v0\.venv\Lib\site-packages\openmdao\solvers\linesearch\backtracking.py:35: SolverWarning:'OD0.turb.real_flow_b4bld.balance.T' exceeds upper bounds
  Val: [3259.4673374]
  Upper: [2500.]

C:\Users\MEO\Desktop\Projects\JetEngine\boomsonic_v0\.venv\Lib\site-packages\openmdao\solvers\solver.py:819: SolverWarning:Your model has stalled three times and may be violating the bounds. In the future, turn on print_bound_enforce in your solver options here: 
OD0.turb.real_flow.nonlinear_solver.linesearch.options['print_bound_enforce']=True. 
The bound(s) being violated now are:

C:\Users\MEO\Desktop\Projects\JetEngine\boomsonic_v0\.venv\Lib\site-packages\openmdao\solvers\linesearch\backtracking.py:35: SolverWarning:'OD0.turb.real_flow.balance.T' exceeds upper bounds
  Val: [3259.4673374]
  Upper: [2500.]

C:\Users\MEO\Desktop\Projects\JetEngine\boomsonic_v0\.venv\Lib\site-packages\pycycle\thermo\static_ps_resid.py:128: RuntimeWarning: invalid value encountered in sqrt
  Vsonic = (i['gamma']*i['R']*i['Ts'])**0.5
C:\Users\MEO\Desktop\Projects\JetEngine\boomsonic_v0\.venv\Lib\site-packages\pycycle\thermo\static_ps_resid.py:94: RuntimeWarning: invalid value encountered in sqrt
  f2 = MN - inputs['W']*(R_UNIVERSAL_SI*inputs['Ts'])**0.5/(ps_guess*1.0e6*inputs['area']*gamt**0.5)
C:\Users\MEO\Desktop\Projects\JetEngine\boomsonic_v0\.venv\Lib\site-packages\pycycle\thermo\static_ps_resid.py:99: RuntimeWarning: The iteration is not making good progress, as measured by the 
 improvement from the last ten iterations.
  ps_guess, M_guess = fsolve(equations, (ps_guess, M_guess))
C:\Users\MEO\Desktop\Projects\JetEngine\boomsonic_v0\.venv\Lib\site-packages\openmdao\solvers\solver.py:819: SolverWarning:Your model has stalled three times and may be violating the bounds. In the future, turn on print_bound_enforce in your solver options here: 
OD0.nozz.throat_total.nonlinear_solver.linesearch.options['print_bound_enforce']=True. 
The bound(s) being violated now are:

C:\Users\MEO\Desktop\Projects\JetEngine\boomsonic_v0\.venv\Lib\site-packages\openmdao\solvers\linesearch\backtracking.py:35: SolverWarning:'OD0.nozz.throat_total.balance.T' exceeds upper bounds
  Val: [3259.4673374]
  Upper: [2500.]

C:\Users\MEO\Desktop\Projects\JetEngine\boomsonic_v0\.venv\Lib\site-packages\pycycle\thermo\static_ps_resid.py:108: RuntimeWarning: invalid value encountered in sqrt
  Vsonic = (i['gamma']*i['R']*i['Ts'])**0.5
C:\Users\MEO\Desktop\Projects\JetEngine\boomsonic_v0\.venv\Lib\site-packages\pycycle\thermo\static_ps_resid.py:83: RuntimeWarning: invalid value encountered in power
  ps_guess = inputs['guess:Pt'] * (1 + (gamt-1)/2 * inputs['MN']**2)**(-gamt/(gamt-1))
C:\Users\MEO\Desktop\Projects\JetEngine\boomsonic_v0\.venv\Lib\site-packages\pycycle\thermo\static_ps_calc.py:32: RuntimeWarning: invalid value encountered in sqrt
  outputs['Vsonic'] = Vsonic = np.sqrt(inputs['gamma'] * inputs['R'] * inputs['Ts'])
C:\Users\MEO\Desktop\Projects\JetEngine\boomsonic_v0\.venv\Lib\site-packages\pycycle\thermo\static_ps_resid.py:128: RuntimeWarning: invalid value encountered in sqrt
  Vsonic = (i['gamma']*i['R']*i['Ts'])**0.5
C:\Users\MEO\Desktop\Projects\JetEngine\boomsonic_v0\.venv\Lib\site-packages\pycycle\thermo\static_ps_resid.py:94: RuntimeWarning: invalid value encountered in sqrt
  f2 = MN - inputs['W']*(R_UNIVERSAL_SI*inputs['Ts'])**0.5/(ps_guess*1.0e6*inputs['area']*gamt**0.5)
C:\Users\MEO\Desktop\Projects\JetEngine\boomsonic_v0\.venv\Lib\site-packages\pycycle\thermo\static_ps_resid.py:99: RuntimeWarning: The iteration is not making good progress, as measured by the 
 improvement from the last ten iterations.
  ps_guess, M_guess = fsolve(equations, (ps_guess, M_guess))
C:\Users\MEO\Desktop\Projects\JetEngine\boomsonic_v0\.venv\Lib\site-packages\openmdao\solvers\solver.py:819: SolverWarning:Your model has stalled three times and may be violating the bounds. In the future, turn on print_bound_enforce in your solver options here: 
OD0.burner.vitiated_flow.nonlinear_solver.linesearch.options['print_bound_enforce']=True. 
The bound(s) being violated now are:

C:\Users\MEO\Desktop\Projects\JetEngine\boomsonic_v0\.venv\Lib\site-packages\openmdao\solvers\linesearch\backtracking.py:35: SolverWarning:'OD0.burner.vitiated_flow.balance.T' exceeds upper bounds
  Val: [3865.78201806]
  Upper: [2500.]

C:\Users\MEO\Desktop\Projects\JetEngine\boomsonic_v0\.venv\Lib\site-packages\pycycle\thermo\static_ps_resid.py:128: RuntimeWarning: invalid value encountered in sqrt
  Vsonic = (i['gamma']*i['R']*i['Ts'])**0.5
C:\Users\MEO\Desktop\Projects\JetEngine\boomsonic_v0\.venv\Lib\site-packages\pycycle\thermo\static_ps_resid.py:94: RuntimeWarning: invalid value encountered in sqrt
  f2 = MN - inputs['W']*(R_UNIVERSAL_SI*inputs['Ts'])**0.5/(ps_guess*1.0e6*inputs['area']*gamt**0.5)
C:\Users\MEO\Desktop\Projects\JetEngine\boomsonic_v0\.venv\Lib\site-packages\pycycle\thermo\static_ps_resid.py:99: RuntimeWarning: The iteration is not making good progress, as measured by the 
 improvement from the last ten iterations.
  ps_guess, M_guess = fsolve(equations, (ps_guess, M_guess))
C:\Users\MEO\Desktop\Projects\JetEngine\boomsonic_v0\.venv\Lib\site-packages\openmdao\solvers\solver.py:819: SolverWarning:Your model has stalled three times and may be violating the bounds. In the future, turn on print_bound_enforce in your solver options here: 
OD0.turb.real_flow_b4bld.nonlinear_solver.linesearch.options['print_bound_enforce']=True. 
The bound(s) being violated now are:

C:\Users\MEO\Desktop\Projects\JetEngine\boomsonic_v0\.venv\Lib\site-packages\openmdao\solvers\linesearch\backtracking.py:35: SolverWarning:'OD0.turb.real_flow_b4bld.balance.T' exceeds upper bounds
  Val: [3259.4673374]
  Upper: [2500.]

C:\Users\MEO\Desktop\Projects\JetEngine\boomsonic_v0\.venv\Lib\site-packages\openmdao\solvers\solver.py:819: SolverWarning:Your model has stalled three times and may be violating the bounds. In the future, turn on print_bound_enforce in your solver options here: 
OD0.turb.real_flow.nonlinear_solver.linesearch.options['print_bound_enforce']=True. 
The bound(s) being violated now are:

C:\Users\MEO\Desktop\Projects\JetEngine\boomsonic_v0\.venv\Lib\site-packages\openmdao\solvers\linesearch\backtracking.py:35: SolverWarning:'OD0.turb.real_flow.balance.T' exceeds upper bounds
  Val: [3259.4673374]
  Upper: [2500.]

C:\Users\MEO\Desktop\Projects\JetEngine\boomsonic_v0\.venv\Lib\site-packages\pycycle\thermo\static_ps_resid.py:128: RuntimeWarning: invalid value encountered in sqrt
  Vsonic = (i['gamma']*i['R']*i['Ts'])**0.5
C:\Users\MEO\Desktop\Projects\JetEngine\boomsonic_v0\.venv\Lib\site-packages\pycycle\thermo\static_ps_resid.py:94: RuntimeWarning: invalid value encountered in sqrt
  f2 = MN - inputs['W']*(R_UNIVERSAL_SI*inputs['Ts'])**0.5/(ps_guess*1.0e6*inputs['area']*gamt**0.5)
C:\Users\MEO\Desktop\Projects\JetEngine\boomsonic_v0\.venv\Lib\site-packages\pycycle\thermo\static_ps_resid.py:99: RuntimeWarning: The iteration is not making good progress, as measured by the 
 improvement from the last ten iterations.
  ps_guess, M_guess = fsolve(equations, (ps_guess, M_guess))
C:\Users\MEO\Desktop\Projects\JetEngine\boomsonic_v0\.venv\Lib\site-packages\openmdao\solvers\solver.py:819: SolverWarning:Your model has stalled three times and may be violating the bounds. In the future, turn on print_bound_enforce in your solver options here: 
OD0.nozz.throat_total.nonlinear_solver.linesearch.options['print_bound_enforce']=True. 
The bound(s) being violated now are:

C:\Users\MEO\Desktop\Projects\JetEngine\boomsonic_v0\.venv\Lib\site-packages\openmdao\solvers\linesearch\backtracking.py:35: SolverWarning:'OD0.nozz.throat_total.balance.T' exceeds upper bounds
  Val: [3259.4673374]
  Upper: [2500.]

C:\Users\MEO\Desktop\Projects\JetEngine\boomsonic_v0\.venv\Lib\site-packages\pycycle\thermo\static_ps_resid.py:108: RuntimeWarning: invalid value encountered in sqrt
  Vsonic = (i['gamma']*i['R']*i['Ts'])**0.5
C:\Users\MEO\Desktop\Projects\JetEngine\boomsonic_v0\.venv\Lib\site-packages\pycycle\thermo\static_ps_resid.py:83: RuntimeWarning: invalid value encountered in power
  ps_guess = inputs['guess:Pt'] * (1 + (gamt-1)/2 * inputs['MN']**2)**(-gamt/(gamt-1))
C:\Users\MEO\Desktop\Projects\JetEngine\boomsonic_v0\.venv\Lib\site-packages\pycycle\thermo\static_ps_calc.py:32: RuntimeWarning: invalid value encountered in sqrt
  outputs['Vsonic'] = Vsonic = np.sqrt(inputs['gamma'] * inputs['R'] * inputs['Ts'])
C:\Users\MEO\Desktop\Projects\JetEngine\boomsonic_v0\.venv\Lib\site-packages\pycycle\thermo\static_ps_resid.py:128: RuntimeWarning: invalid value encountered in sqrt
  Vsonic = (i['gamma']*i['R']*i['Ts'])**0.5
C:\Users\MEO\Desktop\Projects\JetEngine\boomsonic_v0\.venv\Lib\site-packages\pycycle\thermo\static_ps_resid.py:94: RuntimeWarning: invalid value encountered in sqrt
  f2 = MN - inputs['W']*(R_UNIVERSAL_SI*inputs['Ts'])**0.5/(ps_guess*1.0e6*inputs['area']*gamt**0.5)
C:\Users\MEO\Desktop\Projects\JetEngine\boomsonic_v0\.venv\Lib\site-packages\pycycle\thermo\static_ps_resid.py:99: RuntimeWarning: The iteration is not making good progress, as measured by the 
 improvement from the last ten iterations.
  ps_guess, M_guess = fsolve(equations, (ps_guess, M_guess))
C:\Users\MEO\Desktop\Projects\JetEngine\boomsonic_v0\.venv\Lib\site-packages\pycycle\thermo\static_ps_resid.py:128: RuntimeWarning: invalid value encountered in sqrt
  Vsonic = (i['gamma']*i['R']*i['Ts'])**0.5
C:\Users\MEO\Desktop\Projects\JetEngine\boomsonic_v0\.venv\Lib\site-packages\pycycle\thermo\static_ps_resid.py:128: RuntimeWarning: invalid value encountered in sqrt
  Vsonic = (i['gamma']*i['R']*i['Ts'])**0.5
C:\Users\MEO\Desktop\Projects\JetEngine\boomsonic_v0\.venv\Lib\site-packages\pycycle\thermo\static_ps_resid.py:108: RuntimeWarning: invalid value encountered in sqrt
  Vsonic = (i['gamma']*i['R']*i['Ts'])**0.5
C:\Users\MEO\Desktop\Projects\JetEngine\boomsonic_v0\.venv\Lib\site-packages\pycycle\elements\turbine.py:40: RuntimeWarning: invalid value encountered in sqrt
  outputs['Wp'] = inputs['W_in'] * inputs['Tt']**0.5 / inputs['Pt']
C:\Users\MEO\Desktop\Projects\JetEngine\boomsonic_v0\.venv\Lib\site-packages\pycycle\elements\turbine.py:41: RuntimeWarning: invalid value encountered in power
  outputs['Np'] = inputs['Nmech'] * inputs['Tt']**-0.5
C:\Users\MEO\Desktop\Projects\JetEngine\boomsonic_v0\.venv\Lib\site-packages\openmdao\solvers\solver.py:819: SolverWarning:Your model has stalled three times and may be violating the bounds. In the future, turn on print_bound_enforce in your solver options here: 
OD0.comp.real_flow.nonlinear_solver.linesearch.options['print_bound_enforce']=True. 
The bound(s) being violated now are:

C:\Users\MEO\Desktop\Projects\JetEngine\boomsonic_v0\.venv\Lib\site-packages\openmdao\solvers\linesearch\backtracking.py:39: SolverWarning:'OD0.comp.real_flow.balance.T' exceeds lower bounds
  Val: [76.87692588]
  Lower: [150.]

C:\Users\MEO\Desktop\Projects\JetEngine\boomsonic_v0\.venv\Lib\site-packages\openmdao\solvers\solver.py:819: SolverWarning:Your model has stalled three times and may be violating the bounds. In the future, turn on print_bound_enforce in your solver options here: 
OD0.comp.out_stat.nonlinear_solver.linesearch.options['print_bound_enforce']=True. 
The bound(s) being violated now are:

C:\Users\MEO\Desktop\Projects\JetEngine\boomsonic_v0\.venv\Lib\site-packages\openmdao\solvers\linesearch\backtracking.py:39: SolverWarning:'OD0.comp.out_stat.balance.T' exceeds lower bounds
  Val: [76.87450196]
  Lower: [150.]

C:\Users\MEO\Desktop\Projects\JetEngine\boomsonic_v0\.venv\Lib\site-packages\openmdao\solvers\solver.py:819: SolverWarning:Your model has stalled three times and may be violating the bounds. In the future, turn on print_bound_enforce in your solver options here: 
OD0.burner.vitiated_flow.nonlinear_solver.linesearch.options['print_bound_enforce']=True. 
The bound(s) being violated now are:

C:\Users\MEO\Desktop\Projects\JetEngine\boomsonic_v0\.venv\Lib\site-packages\openmdao\solvers\linesearch\backtracking.py:39: SolverWarning:'OD0.burner.vitiated_flow.balance.T' exceeds lower bounds
  Val: [81.36843491]
  Lower: [150.]

C:\Users\MEO\Desktop\Projects\JetEngine\boomsonic_v0\.venv\Lib\site-packages\openmdao\solvers\solver.py:819: SolverWarning:Your model has stalled three times and may be violating the bounds. In the future, turn on print_bound_enforce in your solver options here: 
OD0.burner.out_stat.nonlinear_solver.linesearch.options['print_bound_enforce']=True. 
The bound(s) being violated now are:

C:\Users\MEO\Desktop\Projects\JetEngine\boomsonic_v0\.venv\Lib\site-packages\openmdao\solvers\linesearch\backtracking.py:39: SolverWarning:'OD0.burner.out_stat.balance.T' exceeds lower bounds
  Val: [81.36497567]
  Lower: [150.]

C:\Users\MEO\Desktop\Projects\JetEngine\boomsonic_v0\.venv\Lib\site-packages\openmdao\solvers\solver.py:819: SolverWarning:Your model has stalled three times and may be violating the bounds. In the future, turn on print_bound_enforce in your solver options here: 
OD0.turb.ideal_flow.nonlinear_solver.linesearch.options['print_bound_enforce']=True. 
The bound(s) being violated now are:

C:\Users\MEO\Desktop\Projects\JetEngine\boomsonic_v0\.venv\Lib\site-packages\openmdao\solvers\linesearch\backtracking.py:39: SolverWarning:'OD0.turb.ideal_flow.balance.T' exceeds lower bounds
  Val: [101.09749782]
  Lower: [150.]

C:\Users\MEO\Desktop\Projects\JetEngine\boomsonic_v0\.venv\Lib\site-packages\openmdao\solvers\solver.py:819: SolverWarning:Your model has stalled three times and may be violating the bounds. In the future, turn on print_bound_enforce in your solver options here: 
OD0.turb.real_flow_b4bld.nonlinear_solver.linesearch.options['print_bound_enforce']=True. 
The bound(s) being violated now are:

C:\Users\MEO\Desktop\Projects\JetEngine\boomsonic_v0\.venv\Lib\site-packages\openmdao\solvers\linesearch\backtracking.py:39: SolverWarning:'OD0.turb.real_flow_b4bld.balance.T' exceeds lower bounds
  Val: [112.60444397]
  Lower: [150.]

C:\Users\MEO\Desktop\Projects\JetEngine\boomsonic_v0\.venv\Lib\site-packages\openmdao\solvers\solver.py:819: SolverWarning:Your model has stalled three times and may be violating the bounds. In the future, turn on print_bound_enforce in your solver options here: 
OD0.turb.real_flow.nonlinear_solver.linesearch.options['print_bound_enforce']=True. 
The bound(s) being violated now are:

C:\Users\MEO\Desktop\Projects\JetEngine\boomsonic_v0\.venv\Lib\site-packages\openmdao\solvers\linesearch\backtracking.py:39: SolverWarning:'OD0.turb.real_flow.balance.T' exceeds lower bounds
  Val: [112.60444397]
  Lower: [150.]

C:\Users\MEO\Desktop\Projects\JetEngine\boomsonic_v0\.venv\Lib\site-packages\openmdao\solvers\solver.py:819: SolverWarning:Your model has stalled three times and may be violating the bounds. In the future, turn on print_bound_enforce in your solver options here: 
OD0.turb.out_stat.nonlinear_solver.linesearch.options['print_bound_enforce']=True. 
The bound(s) being violated now are:

C:\Users\MEO\Desktop\Projects\JetEngine\boomsonic_v0\.venv\Lib\site-packages\openmdao\solvers\linesearch\backtracking.py:39: SolverWarning:'OD0.turb.out_stat.balance.T' exceeds lower bounds
  Val: [112.57895226]
  Lower: [150.]

C:\Users\MEO\Desktop\Projects\JetEngine\boomsonic_v0\.venv\Lib\site-packages\openmdao\solvers\solver.py:819: SolverWarning:Your model has stalled three times and may be violating the bounds. In the future, turn on print_bound_enforce in your solver options here: 
OD0.nozz.throat_total.nonlinear_solver.linesearch.options['print_bound_enforce']=True. 
The bound(s) being violated now are:

C:\Users\MEO\Desktop\Projects\JetEngine\boomsonic_v0\.venv\Lib\site-packages\openmdao\solvers\linesearch\backtracking.py:39: SolverWarning:'OD0.nozz.throat_total.balance.T' exceeds lower bounds
  Val: [112.60444397]
  Lower: [150.]

C:\Users\MEO\Desktop\Projects\JetEngine\boomsonic_v0\.venv\Lib\site-packages\openmdao\solvers\solver.py:819: SolverWarning:Your model has stalled three times and may be violating the bounds. In the future, turn on print_bound_enforce in your solver options here: 
OD0.nozz.staticMN.nonlinear_solver.linesearch.options['print_bound_enforce']=True. 
The bound(s) being violated now are:

C:\Users\MEO\Desktop\Projects\JetEngine\boomsonic_v0\.venv\Lib\site-packages\openmdao\solvers\linesearch\backtracking.py:39: SolverWarning:'OD0.nozz.staticMN.balance.T' exceeds lower bounds
  Val: [93.85559486]
  Lower: [150.]

C:\Users\MEO\Desktop\Projects\JetEngine\boomsonic_v0\.venv\Lib\site-packages\openmdao\solvers\solver.py:819: SolverWarning:Your model has stalled three times and may be violating the bounds. In the future, turn on print_bound_enforce in your solver options here: 
OD0.nozz.staticPs.nonlinear_solver.linesearch.options['print_bound_enforce']=True. 
The bound(s) being violated now are:

C:\Users\MEO\Desktop\Projects\JetEngine\boomsonic_v0\.venv\Lib\site-packages\openmdao\solvers\linesearch\backtracking.py:39: SolverWarning:'OD0.nozz.staticPs.balance.T' exceeds lower bounds
  Val: [149.99995628]
  Lower: [150.]

C:\Users\MEO\Desktop\Projects\JetEngine\boomsonic_v0\.venv\Lib\site-packages\openmdao\solvers\solver.py:819: SolverWarning:Your model has stalled three times and may be violating the bounds. In the future, turn on print_bound_enforce in your solver options here: 
OD0.nozz.ideal_flow.nonlinear_solver.linesearch.options['print_bound_enforce']=True. 
The bound(s) being violated now are:

C:\Users\MEO\Desktop\Projects\JetEngine\boomsonic_v0\.venv\Lib\site-packages\openmdao\solvers\linesearch\backtracking.py:39: SolverWarning:'OD0.nozz.ideal_flow.balance.T' exceeds lower bounds
  Val: [149.99995628]
  Lower: [150.]

C:\Users\MEO\Desktop\Projects\JetEngine\boomsonic_v0\.venv\Lib\site-packages\pycycle\elements\turbine.py:89: RuntimeWarning: invalid value encountered in log
  outputs['eff_poly'] = 1 + (S_out-S_in)/(Rt*np.log(invPR))
C:\Users\MEO\Desktop\Projects\JetEngine\boomsonic_v0\.venv\Lib\site-packages\openmdao\solvers\solver.py:819: SolverWarning:Your model has stalled three times and may be violating the bounds. In the future, turn on print_bound_enforce in your solver options here: 
OD0.burner.vitiated_flow.nonlinear_solver.linesearch.options['print_bound_enforce']=True. 
The bound(s) being violated now are:

C:\Users\MEO\Desktop\Projects\JetEngine\boomsonic_v0\.venv\Lib\site-packages\openmdao\solvers\linesearch\backtracking.py:35: SolverWarning:'OD0.burner.vitiated_flow.balance.T' exceeds upper bounds
  Val: [3030.4528399]
  Upper: [2500.]

C:\Users\MEO\Desktop\Projects\JetEngine\boomsonic_v0\.venv\Lib\site-packages\openmdao\solvers\solver.py:819: SolverWarning:Your model has stalled three times and may be violating the bounds. In the future, turn on print_bound_enforce in your solver options here: 
OD0.burner.out_stat.nonlinear_solver.linesearch.options['print_bound_enforce']=True. 
The bound(s) being violated now are:

C:\Users\MEO\Desktop\Projects\JetEngine\boomsonic_v0\.venv\Lib\site-packages\openmdao\solvers\linesearch\backtracking.py:35: SolverWarning:'OD0.burner.out_stat.balance.T' exceeds upper bounds
  Val: [4304.30632899]
  Upper: [2500.]

C:\Users\MEO\Desktop\Projects\JetEngine\boomsonic_v0\.venv\Lib\site-packages\openmdao\solvers\solver.py:819: SolverWarning:Your model has stalled three times and may be violating the bounds. In the future, turn on print_bound_enforce in your solver options here: 
OD0.turb.real_flow_b4bld.nonlinear_solver.linesearch.options['print_bound_enforce']=True. 
The bound(s) being violated now are:

C:\Users\MEO\Desktop\Projects\JetEngine\boomsonic_v0\.venv\Lib\site-packages\openmdao\solvers\linesearch\backtracking.py:35: SolverWarning:'OD0.turb.real_flow_b4bld.balance.T' exceeds upper bounds
  Val: [2670.65249285]
  Upper: [2500.]

C:\Users\MEO\Desktop\Projects\JetEngine\boomsonic_v0\.venv\Lib\site-packages\openmdao\solvers\solver.py:819: SolverWarning:Your model has stalled three times and may be violating the bounds. In the future, turn on print_bound_enforce in your solver options here: 
OD0.turb.real_flow.nonlinear_solver.linesearch.options['print_bound_enforce']=True. 
The bound(s) being violated now are:

C:\Users\MEO\Desktop\Projects\JetEngine\boomsonic_v0\.venv\Lib\site-packages\openmdao\solvers\linesearch\backtracking.py:35: SolverWarning:'OD0.turb.real_flow.balance.T' exceeds upper bounds
  Val: [2670.65249285]
  Upper: [2500.]

C:\Users\MEO\Desktop\Projects\JetEngine\boomsonic_v0\.venv\Lib\site-packages\openmdao\solvers\solver.py:819: SolverWarning:Your model has stalled three times and may be violating the bounds. In the future, turn on print_bound_enforce in your solver options here: 
OD0.turb.out_stat.nonlinear_solver.linesearch.options['print_bound_enforce']=True. 
The bound(s) being violated now are:

C:\Users\MEO\Desktop\Projects\JetEngine\boomsonic_v0\.venv\Lib\site-packages\openmdao\solvers\linesearch\backtracking.py:35: SolverWarning:'OD0.turb.out_stat.balance.T' exceeds upper bounds
  Val: [2847.18318942]
  Upper: [2500.]

C:\Users\MEO\Desktop\Projects\JetEngine\boomsonic_v0\.venv\Lib\site-packages\openmdao\solvers\solver.py:819: SolverWarning:Your model has stalled three times and may be violating the bounds. In the future, turn on print_bound_enforce in your solver options here: 
OD0.nozz.throat_total.nonlinear_solver.linesearch.options['print_bound_enforce']=True. 
The bound(s) being violated now are:

C:\Users\MEO\Desktop\Projects\JetEngine\boomsonic_v0\.venv\Lib\site-packages\openmdao\solvers\linesearch\backtracking.py:35: SolverWarning:'OD0.nozz.throat_total.balance.T' exceeds upper bounds
  Val: [2670.65249285]
  Upper: [2500.]

C:\Users\MEO\Desktop\Projects\JetEngine\boomsonic_v0\.venv\Lib\site-packages\pycycle\thermo\static_ps_resid.py:128: RuntimeWarning: invalid value encountered in sqrt
  Vsonic = (i['gamma']*i['R']*i['Ts'])**0.5
C:\Users\MEO\Desktop\Projects\JetEngine\boomsonic_v0\.venv\Lib\site-packages\pycycle\thermo\static_ps_resid.py:108: RuntimeWarning: invalid value encountered in sqrt
  Vsonic = (i['gamma']*i['R']*i['Ts'])**0.5
C:\Users\MEO\Desktop\Projects\JetEngine\boomsonic_v0\.venv\Lib\site-packages\pycycle\thermo\static_ps_calc.py:32: RuntimeWarning: invalid value encountered in sqrt
  outputs['Vsonic'] = Vsonic = np.sqrt(inputs['gamma'] * inputs['R'] * inputs['Ts'])
C:\Users\MEO\Desktop\Projects\JetEngine\boomsonic_v0\.venv\Lib\site-packages\openmdao\solvers\solver.py:819: SolverWarning:Your model has stalled three times and may be violating the bounds. In the future, turn on print_bound_enforce in your solver options here: 
OD0.comp.real_flow.nonlinear_solver.linesearch.options['print_bound_enforce']=True. 
The bound(s) being violated now are:

C:\Users\MEO\Desktop\Projects\JetEngine\boomsonic_v0\.venv\Lib\site-packages\openmdao\solvers\linesearch\backtracking.py:39: SolverWarning:'OD0.comp.real_flow.balance.T' exceeds lower bounds
  Val: [-487.45457108]
  Lower: [150.]

C:\Users\MEO\Desktop\Projects\JetEngine\boomsonic_v0\.venv\Lib\site-packages\openmdao\solvers\solver.py:819: SolverWarning:Your model has stalled three times and may be violating the bounds. In the future, turn on print_bound_enforce in your solver options here: 
OD0.comp.sb_flow.nonlinear_solver.linesearch.options['print_bound_enforce']=True. 
The bound(s) being violated now are:

C:\Users\MEO\Desktop\Projects\JetEngine\boomsonic_v0\.venv\Lib\site-packages\openmdao\solvers\linesearch\backtracking.py:39: SolverWarning:'OD0.comp.sb_flow.balance.T' exceeds lower bounds
  Val: [-97.19791399]
  Lower: [150.]

C:\Users\MEO\Desktop\Projects\JetEngine\boomsonic_v0\.venv\Lib\site-packages\openmdao\solvers\solver.py:819: SolverWarning:Your model has stalled three times and may be violating the bounds. In the future, turn on print_bound_enforce in your solver options here: 
OD0.comp.out_stat.nonlinear_solver.linesearch.options['print_bound_enforce']=True. 
The bound(s) being violated now are:

C:\Users\MEO\Desktop\Projects\JetEngine\boomsonic_v0\.venv\Lib\site-packages\openmdao\solvers\linesearch\backtracking.py:39: SolverWarning:'OD0.comp.out_stat.balance.T' exceeds lower bounds
  Val: [-487.44030931]
  Lower: [150.]

C:\Users\MEO\Desktop\Projects\JetEngine\boomsonic_v0\.venv\Lib\site-packages\openmdao\solvers\solver.py:819: SolverWarning:Your model has stalled three times and may be violating the bounds. In the future, turn on print_bound_enforce in your solver options here: 
OD0.burner.vitiated_flow.nonlinear_solver.linesearch.options['print_bound_enforce']=True. 
The bound(s) being violated now are:

C:\Users\MEO\Desktop\Projects\JetEngine\boomsonic_v0\.venv\Lib\site-packages\openmdao\solvers\linesearch\backtracking.py:35: SolverWarning:'OD0.burner.vitiated_flow.balance.T' exceeds upper bounds
  Val: [3692.29931156]
  Upper: [2500.]

C:\Users\MEO\Desktop\Projects\JetEngine\boomsonic_v0\.venv\Lib\site-packages\pycycle\thermo\static_ps_resid.py:128: RuntimeWarning: invalid value encountered in sqrt
  Vsonic = (i['gamma']*i['R']*i['Ts'])**0.5
C:\Users\MEO\Desktop\Projects\JetEngine\boomsonic_v0\.venv\Lib\site-packages\pycycle\thermo\static_ps_resid.py:98: RuntimeWarning: invalid value encountered in power
  ps_guess = inputs['guess:Pt'] * (1 + (gamt-1)/2 * M_guess**2)**(-gamt/(gamt-1))
C:\Users\MEO\Desktop\Projects\JetEngine\boomsonic_v0\.venv\Lib\site-packages\pycycle\thermo\static_ps_resid.py:93: RuntimeWarning: invalid value encountered in power
  f1 = ps - inputs['guess:Pt'] * (1 + (gamt-1)/2 * M_guess**2)**(-gamt/(gamt-1))
C:\Users\MEO\Desktop\Projects\JetEngine\boomsonic_v0\.venv\Lib\site-packages\pycycle\thermo\static_ps_resid.py:94: RuntimeWarning: invalid value encountered in sqrt
  f2 = MN - inputs['W']*(R_UNIVERSAL_SI*inputs['Ts'])**0.5/(ps_guess*1.0e6*inputs['area']*gamt**0.5)
C:\Users\MEO\Desktop\Projects\JetEngine\boomsonic_v0\.venv\Lib\site-packages\pycycle\thermo\static_ps_resid.py:99: RuntimeWarning: The iteration is not making good progress, as measured by the 
 improvement from the last ten iterations.
  ps_guess, M_guess = fsolve(equations, (ps_guess, M_guess))
C:\Users\MEO\Desktop\Projects\JetEngine\boomsonic_v0\.venv\Lib\site-packages\pycycle\thermo\static_ps_resid.py:128: RuntimeWarning: invalid value encountered in sqrt
  Vsonic = (i['gamma']*i['R']*i['Ts'])**0.5
C:\Users\MEO\Desktop\Projects\JetEngine\boomsonic_v0\.venv\Lib\site-packages\openmdao\solvers\solver.py:819: SolverWarning:Your model has stalled three times and may be violating the bounds. In the future, turn on print_bound_enforce in your solver options here: 
OD0.turb.real_flow_b4bld.nonlinear_solver.linesearch.options['print_bound_enforce']=True. 
The bound(s) being violated now are:

C:\Users\MEO\Desktop\Projects\JetEngine\boomsonic_v0\.venv\Lib\site-packages\openmdao\solvers\linesearch\backtracking.py:35: SolverWarning:'OD0.turb.real_flow_b4bld.balance.T' exceeds upper bounds
  Val: [3336.58923239]
  Upper: [2500.]

C:\Users\MEO\Desktop\Projects\JetEngine\boomsonic_v0\.venv\Lib\site-packages\openmdao\solvers\solver.py:819: SolverWarning:Your model has stalled three times and may be violating the bounds. In the future, turn on print_bound_enforce in your solver options here: 
OD0.turb.real_flow.nonlinear_solver.linesearch.options['print_bound_enforce']=True. 
The bound(s) being violated now are:

C:\Users\MEO\Desktop\Projects\JetEngine\boomsonic_v0\.venv\Lib\site-packages\openmdao\solvers\linesearch\backtracking.py:35: SolverWarning:'OD0.turb.real_flow.balance.T' exceeds upper bounds
  Val: [3336.58923239]
  Upper: [2500.]

C:\Users\MEO\Desktop\Projects\JetEngine\boomsonic_v0\.venv\Lib\site-packages\pycycle\thermo\static_ps_resid.py:128: RuntimeWarning: invalid value encountered in sqrt
  Vsonic = (i['gamma']*i['R']*i['Ts'])**0.5
C:\Users\MEO\Desktop\Projects\JetEngine\boomsonic_v0\.venv\Lib\site-packages\pycycle\thermo\static_ps_resid.py:94: RuntimeWarning: invalid value encountered in sqrt
  f2 = MN - inputs['W']*(R_UNIVERSAL_SI*inputs['Ts'])**0.5/(ps_guess*1.0e6*inputs['area']*gamt**0.5)
C:\Users\MEO\Desktop\Projects\JetEngine\boomsonic_v0\.venv\Lib\site-packages\pycycle\thermo\static_ps_resid.py:99: RuntimeWarning: The iteration is not making good progress, as measured by the 
 improvement from the last ten iterations.
  ps_guess, M_guess = fsolve(equations, (ps_guess, M_guess))
C:\Users\MEO\Desktop\Projects\JetEngine\boomsonic_v0\.venv\Lib\site-packages\openmdao\solvers\solver.py:819: SolverWarning:Your model has stalled three times and may be violating the bounds. In the future, turn on print_bound_enforce in your solver options here: 
OD0.nozz.throat_total.nonlinear_solver.linesearch.options['print_bound_enforce']=True. 
The bound(s) being violated now are:

C:\Users\MEO\Desktop\Projects\JetEngine\boomsonic_v0\.venv\Lib\site-packages\openmdao\solvers\linesearch\backtracking.py:35: SolverWarning:'OD0.nozz.throat_total.balance.T' exceeds upper bounds
  Val: [3336.58923239]
  Upper: [2500.]

C:\Users\MEO\Desktop\Projects\JetEngine\boomsonic_v0\.venv\Lib\site-packages\pycycle\thermo\static_ps_resid.py:108: RuntimeWarning: invalid value encountered in sqrt
  Vsonic = (i['gamma']*i['R']*i['Ts'])**0.5
C:\Users\MEO\Desktop\Projects\JetEngine\boomsonic_v0\.venv\Lib\site-packages\pycycle\thermo\static_ps_resid.py:83: RuntimeWarning: invalid value encountered in power
  ps_guess = inputs['guess:Pt'] * (1 + (gamt-1)/2 * inputs['MN']**2)**(-gamt/(gamt-1))
C:\Users\MEO\Desktop\Projects\JetEngine\boomsonic_v0\.venv\Lib\site-packages\pycycle\thermo\static_ps_resid.py:108: RuntimeWarning: invalid value encountered in sqrt
  Vsonic = (i['gamma']*i['R']*i['Ts'])**0.5
C:\Users\MEO\Desktop\Projects\JetEngine\boomsonic_v0\.venv\Lib\site-packages\pycycle\thermo\static_ps_calc.py:32: RuntimeWarning: invalid value encountered in sqrt
  outputs['Vsonic'] = Vsonic = np.sqrt(inputs['gamma'] * inputs['R'] * inputs['Ts'])
C:\Users\MEO\Desktop\Projects\JetEngine\boomsonic_v0\.venv\Lib\site-packages\pycycle\thermo\static_ps_resid.py:128: RuntimeWarning: invalid value encountered in sqrt
  Vsonic = (i['gamma']*i['R']*i['Ts'])**0.5
C:\Users\MEO\Desktop\Projects\JetEngine\boomsonic_v0\.venv\Lib\site-packages\pycycle\thermo\static_ps_resid.py:98: RuntimeWarning: invalid value encountered in power
  ps_guess = inputs['guess:Pt'] * (1 + (gamt-1)/2 * M_guess**2)**(-gamt/(gamt-1))
C:\Users\MEO\Desktop\Projects\JetEngine\boomsonic_v0\.venv\Lib\site-packages\pycycle\thermo\static_ps_resid.py:93: RuntimeWarning: invalid value encountered in power
  f1 = ps - inputs['guess:Pt'] * (1 + (gamt-1)/2 * M_guess**2)**(-gamt/(gamt-1))
C:\Users\MEO\Desktop\Projects\JetEngine\boomsonic_v0\.venv\Lib\site-packages\pycycle\thermo\static_ps_resid.py:94: RuntimeWarning: invalid value encountered in sqrt
  f2 = MN - inputs['W']*(R_UNIVERSAL_SI*inputs['Ts'])**0.5/(ps_guess*1.0e6*inputs['area']*gamt**0.5)
C:\Users\MEO\Desktop\Projects\JetEngine\boomsonic_v0\.venv\Lib\site-packages\pycycle\thermo\static_ps_resid.py:99: RuntimeWarning: The iteration is not making good progress, as measured by the 
 improvement from the last ten iterations.
  ps_guess, M_guess = fsolve(equations, (ps_guess, M_guess))
C:\Users\MEO\Desktop\Projects\JetEngine\boomsonic_v0\.venv\Lib\site-packages\pycycle\thermo\static_ps_resid.py:83: RuntimeWarning: invalid value encountered in power
  ps_guess = inputs['guess:Pt'] * (1 + (gamt-1)/2 * inputs['MN']**2)**(-gamt/(gamt-1))
C:\Users\MEO\Desktop\Projects\JetEngine\boomsonic_v0\.venv\Lib\site-packages\openmdao\solvers\solver.py:819: SolverWarning:Your model has stalled three times and may be violating the bounds. In the future, turn on print_bound_enforce in your solver options here: 
OD0.comp.real_flow.nonlinear_solver.linesearch.options['print_bound_enforce']=True. 
The bound(s) being violated now are:

C:\Users\MEO\Desktop\Projects\JetEngine\boomsonic_v0\.venv\Lib\site-packages\openmdao\solvers\linesearch\backtracking.py:39: SolverWarning:'OD0.comp.real_flow.balance.T' exceeds lower bounds
  Val: [-487.45457108]
  Lower: [150.]

C:\Users\MEO\Desktop\Projects\JetEngine\boomsonic_v0\.venv\Lib\site-packages\openmdao\solvers\solver.py:819: SolverWarning:Your model has stalled three times and may be violating the bounds. In the future, turn on print_bound_enforce in your solver options here: 
OD0.comp.sb_flow.nonlinear_solver.linesearch.options['print_bound_enforce']=True. 
The bound(s) being violated now are:

C:\Users\MEO\Desktop\Projects\JetEngine\boomsonic_v0\.venv\Lib\site-packages\openmdao\solvers\linesearch\backtracking.py:39: SolverWarning:'OD0.comp.sb_flow.balance.T' exceeds lower bounds
  Val: [-97.19791399]
  Lower: [150.]

C:\Users\MEO\Desktop\Projects\JetEngine\boomsonic_v0\.venv\Lib\site-packages\openmdao\solvers\solver.py:819: SolverWarning:Your model has stalled three times and may be violating the bounds. In the future, turn on print_bound_enforce in your solver options here: 
OD0.burner.vitiated_flow.nonlinear_solver.linesearch.options['print_bound_enforce']=True. 
The bound(s) being violated now are:

C:\Users\MEO\Desktop\Projects\JetEngine\boomsonic_v0\.venv\Lib\site-packages\openmdao\solvers\linesearch\backtracking.py:35: SolverWarning:'OD0.burner.vitiated_flow.balance.T' exceeds upper bounds
  Val: [3692.29931156]
  Upper: [2500.]

C:\Users\MEO\Desktop\Projects\JetEngine\boomsonic_v0\.venv\Lib\site-packages\pycycle\thermo\static_ps_resid.py:128: RuntimeWarning: invalid value encountered in sqrt
  Vsonic = (i['gamma']*i['R']*i['Ts'])**0.5
C:\Users\MEO\Desktop\Projects\JetEngine\boomsonic_v0\.venv\Lib\site-packages\pycycle\thermo\static_ps_resid.py:98: RuntimeWarning: invalid value encountered in power
  ps_guess = inputs['guess:Pt'] * (1 + (gamt-1)/2 * M_guess**2)**(-gamt/(gamt-1))
C:\Users\MEO\Desktop\Projects\JetEngine\boomsonic_v0\.venv\Lib\site-packages\pycycle\thermo\static_ps_resid.py:93: RuntimeWarning: invalid value encountered in power
  f1 = ps - inputs['guess:Pt'] * (1 + (gamt-1)/2 * M_guess**2)**(-gamt/(gamt-1))
C:\Users\MEO\Desktop\Projects\JetEngine\boomsonic_v0\.venv\Lib\site-packages\pycycle\thermo\static_ps_resid.py:94: RuntimeWarning: invalid value encountered in sqrt
  f2 = MN - inputs['W']*(R_UNIVERSAL_SI*inputs['Ts'])**0.5/(ps_guess*1.0e6*inputs['area']*gamt**0.5)
C:\Users\MEO\Desktop\Projects\JetEngine\boomsonic_v0\.venv\Lib\site-packages\pycycle\thermo\static_ps_resid.py:99: RuntimeWarning: The iteration is not making good progress, as measured by the 
 improvement from the last ten iterations.
  ps_guess, M_guess = fsolve(equations, (ps_guess, M_guess))
C:\Users\MEO\Desktop\Projects\JetEngine\boomsonic_v0\.venv\Lib\site-packages\openmdao\solvers\solver.py:819: SolverWarning:Your model has stalled three times and may be violating the bounds. In the future, turn on print_bound_enforce in your solver options here: 
OD0.turb.real_flow_b4bld.nonlinear_solver.linesearch.options['print_bound_enforce']=True. 
The bound(s) being violated now are:

C:\Users\MEO\Desktop\Projects\JetEngine\boomsonic_v0\.venv\Lib\site-packages\openmdao\solvers\linesearch\backtracking.py:35: SolverWarning:'OD0.turb.real_flow_b4bld.balance.T' exceeds upper bounds
  Val: [3336.58923239]
  Upper: [2500.]

C:\Users\MEO\Desktop\Projects\JetEngine\boomsonic_v0\.venv\Lib\site-packages\openmdao\solvers\solver.py:819: SolverWarning:Your model has stalled three times and may be violating the bounds. In the future, turn on print_bound_enforce in your solver options here: 
OD0.turb.real_flow.nonlinear_solver.linesearch.options['print_bound_enforce']=True. 
The bound(s) being violated now are:

C:\Users\MEO\Desktop\Projects\JetEngine\boomsonic_v0\.venv\Lib\site-packages\openmdao\solvers\linesearch\backtracking.py:35: SolverWarning:'OD0.turb.real_flow.balance.T' exceeds upper bounds
  Val: [3336.58923239]
  Upper: [2500.]

C:\Users\MEO\Desktop\Projects\JetEngine\boomsonic_v0\.venv\Lib\site-packages\pycycle\thermo\static_ps_resid.py:128: RuntimeWarning: invalid value encountered in sqrt
  Vsonic = (i['gamma']*i['R']*i['Ts'])**0.5
C:\Users\MEO\Desktop\Projects\JetEngine\boomsonic_v0\.venv\Lib\site-packages\pycycle\thermo\static_ps_resid.py:94: RuntimeWarning: invalid value encountered in sqrt
  f2 = MN - inputs['W']*(R_UNIVERSAL_SI*inputs['Ts'])**0.5/(ps_guess*1.0e6*inputs['area']*gamt**0.5)
C:\Users\MEO\Desktop\Projects\JetEngine\boomsonic_v0\.venv\Lib\site-packages\pycycle\thermo\static_ps_resid.py:99: RuntimeWarning: The iteration is not making good progress, as measured by the 
 improvement from the last ten iterations.
  ps_guess, M_guess = fsolve(equations, (ps_guess, M_guess))
C:\Users\MEO\Desktop\Projects\JetEngine\boomsonic_v0\.venv\Lib\site-packages\openmdao\solvers\solver.py:819: SolverWarning:Your model has stalled three times and may be violating the bounds. In the future, turn on print_bound_enforce in your solver options here: 
OD0.nozz.throat_total.nonlinear_solver.linesearch.options['print_bound_enforce']=True. 
The bound(s) being violated now are:

C:\Users\MEO\Desktop\Projects\JetEngine\boomsonic_v0\.venv\Lib\site-packages\openmdao\solvers\linesearch\backtracking.py:35: SolverWarning:'OD0.nozz.throat_total.balance.T' exceeds upper bounds
  Val: [3336.58923239]
  Upper: [2500.]

C:\Users\MEO\Desktop\Projects\JetEngine\boomsonic_v0\.venv\Lib\site-packages\pycycle\thermo\static_ps_resid.py:108: RuntimeWarning: invalid value encountered in sqrt
  Vsonic = (i['gamma']*i['R']*i['Ts'])**0.5
C:\Users\MEO\Desktop\Projects\JetEngine\boomsonic_v0\.venv\Lib\site-packages\pycycle\thermo\static_ps_resid.py:83: RuntimeWarning: invalid value encountered in power
  ps_guess = inputs['guess:Pt'] * (1 + (gamt-1)/2 * inputs['MN']**2)**(-gamt/(gamt-1))
C:\Users\MEO\Desktop\Projects\JetEngine\boomsonic_v0\.venv\Lib\site-packages\pycycle\thermo\static_ps_calc.py:32: RuntimeWarning: invalid value encountered in sqrt
  outputs['Vsonic'] = Vsonic = np.sqrt(inputs['gamma'] * inputs['R'] * inputs['Ts'])
C:\Users\MEO\Desktop\Projects\JetEngine\boomsonic_v0\.venv\Lib\site-packages\pycycle\thermo\static_ps_resid.py:128: RuntimeWarning: invalid value encountered in sqrt
  Vsonic = (i['gamma']*i['R']*i['Ts'])**0.5
C:\Users\MEO\Desktop\Projects\JetEngine\boomsonic_v0\.venv\Lib\site-packages\pycycle\thermo\static_ps_resid.py:98: RuntimeWarning: invalid value encountered in power
  ps_guess = inputs['guess:Pt'] * (1 + (gamt-1)/2 * M_guess**2)**(-gamt/(gamt-1))
C:\Users\MEO\Desktop\Projects\JetEngine\boomsonic_v0\.venv\Lib\site-packages\pycycle\thermo\static_ps_resid.py:93: RuntimeWarning: invalid value encountered in power
  f1 = ps - inputs['guess:Pt'] * (1 + (gamt-1)/2 * M_guess**2)**(-gamt/(gamt-1))
C:\Users\MEO\Desktop\Projects\JetEngine\boomsonic_v0\.venv\Lib\site-packages\pycycle\thermo\static_ps_resid.py:94: RuntimeWarning: invalid value encountered in sqrt
  f2 = MN - inputs['W']*(R_UNIVERSAL_SI*inputs['Ts'])**0.5/(ps_guess*1.0e6*inputs['area']*gamt**0.5)
C:\Users\MEO\Desktop\Projects\JetEngine\boomsonic_v0\.venv\Lib\site-packages\pycycle\thermo\static_ps_resid.py:99: RuntimeWarning: The iteration is not making good progress, as measured by the 
 improvement from the last ten iterations.
  ps_guess, M_guess = fsolve(equations, (ps_guess, M_guess))
C:\Users\MEO\Desktop\Projects\JetEngine\boomsonic_v0\.venv\Lib\site-packages\openmdao\solvers\solver.py:819: SolverWarning:Your model has stalled three times and may be violating the bounds. In the future, turn on print_bound_enforce in your solver options here: 
OD0.comp.real_flow.nonlinear_solver.linesearch.options['print_bound_enforce']=True. 
The bound(s) being violated now are:

C:\Users\MEO\Desktop\Projects\JetEngine\boomsonic_v0\.venv\Lib\site-packages\openmdao\solvers\linesearch\backtracking.py:39: SolverWarning:'OD0.comp.real_flow.balance.T' exceeds lower bounds
  Val: [-487.45457108]
  Lower: [150.]

C:\Users\MEO\Desktop\Projects\JetEngine\boomsonic_v0\.venv\Lib\site-packages\openmdao\solvers\solver.py:819: SolverWarning:Your model has stalled three times and may be violating the bounds. In the future, turn on print_bound_enforce in your solver options here: 
OD0.comp.sb_flow.nonlinear_solver.linesearch.options['print_bound_enforce']=True. 
The bound(s) being violated now are:

C:\Users\MEO\Desktop\Projects\JetEngine\boomsonic_v0\.venv\Lib\site-packages\openmdao\solvers\linesearch\backtracking.py:39: SolverWarning:'OD0.comp.sb_flow.balance.T' exceeds lower bounds
  Val: [-97.19791399]
  Lower: [150.]

C:\Users\MEO\Desktop\Projects\JetEngine\boomsonic_v0\.venv\Lib\site-packages\openmdao\solvers\solver.py:819: SolverWarning:Your model has stalled three times and may be violating the bounds. In the future, turn on print_bound_enforce in your solver options here: 
OD0.comp.out_stat.nonlinear_solver.linesearch.options['print_bound_enforce']=True. 
The bound(s) being violated now are:

C:\Users\MEO\Desktop\Projects\JetEngine\boomsonic_v0\.venv\Lib\site-packages\openmdao\solvers\linesearch\backtracking.py:39: SolverWarning:'OD0.comp.out_stat.balance.T' exceeds lower bounds
  Val: [-343.67451252]
  Lower: [150.]

C:\Users\MEO\Desktop\Projects\JetEngine\boomsonic_v0\.venv\Lib\site-packages\openmdao\solvers\linesearch\backtracking.py:39: SolverWarning:'OD0.comp.out_stat.ps_resid.Ps' exceeds lower bounds
  Val: [-0.00117375]
  Lower: [-0.0009009]

C:\Users\MEO\Desktop\Projects\JetEngine\boomsonic_v0\.venv\Lib\site-packages\openmdao\solvers\solver.py:819: SolverWarning:Your model has stalled three times and may be violating the bounds. In the future, turn on print_bound_enforce in your solver options here: 
OD0.burner.vitiated_flow.nonlinear_solver.linesearch.options['print_bound_enforce']=True. 
The bound(s) being violated now are:

C:\Users\MEO\Desktop\Projects\JetEngine\boomsonic_v0\.venv\Lib\site-packages\openmdao\solvers\linesearch\backtracking.py:35: SolverWarning:'OD0.burner.vitiated_flow.balance.T' exceeds upper bounds
  Val: [3692.29931156]
  Upper: [2500.]

C:\Users\MEO\Desktop\Projects\JetEngine\boomsonic_v0\.venv\Lib\site-packages\pycycle\thermo\static_ps_resid.py:128: RuntimeWarning: invalid value encountered in sqrt
  Vsonic = (i['gamma']*i['R']*i['Ts'])**0.5
C:\Users\MEO\Desktop\Projects\JetEngine\boomsonic_v0\.venv\Lib\site-packages\pycycle\thermo\static_ps_resid.py:98: RuntimeWarning: invalid value encountered in power
  ps_guess = inputs['guess:Pt'] * (1 + (gamt-1)/2 * M_guess**2)**(-gamt/(gamt-1))
C:\Users\MEO\Desktop\Projects\JetEngine\boomsonic_v0\.venv\Lib\site-packages\pycycle\thermo\static_ps_resid.py:93: RuntimeWarning: invalid value encountered in power
  f1 = ps - inputs['guess:Pt'] * (1 + (gamt-1)/2 * M_guess**2)**(-gamt/(gamt-1))
C:\Users\MEO\Desktop\Projects\JetEngine\boomsonic_v0\.venv\Lib\site-packages\pycycle\thermo\static_ps_resid.py:94: RuntimeWarning: invalid value encountered in sqrt
  f2 = MN - inputs['W']*(R_UNIVERSAL_SI*inputs['Ts'])**0.5/(ps_guess*1.0e6*inputs['area']*gamt**0.5)
C:\Users\MEO\Desktop\Projects\JetEngine\boomsonic_v0\.venv\Lib\site-packages\pycycle\thermo\static_ps_resid.py:99: RuntimeWarning: The iteration is not making good progress, as measured by the 
 improvement from the last ten iterations.
  ps_guess, M_guess = fsolve(equations, (ps_guess, M_guess))
C:\Users\MEO\Desktop\Projects\JetEngine\boomsonic_v0\.venv\Lib\site-packages\openmdao\solvers\solver.py:819: SolverWarning:Your model has stalled three times and may be violating the bounds. In the future, turn on print_bound_enforce in your solver options here: 
OD0.turb.real_flow_b4bld.nonlinear_solver.linesearch.options['print_bound_enforce']=True. 
The bound(s) being violated now are:

C:\Users\MEO\Desktop\Projects\JetEngine\boomsonic_v0\.venv\Lib\site-packages\openmdao\solvers\linesearch\backtracking.py:35: SolverWarning:'OD0.turb.real_flow_b4bld.balance.T' exceeds upper bounds
  Val: [3336.58923239]
  Upper: [2500.]

C:\Users\MEO\Desktop\Projects\JetEngine\boomsonic_v0\.venv\Lib\site-packages\openmdao\solvers\solver.py:819: SolverWarning:Your model has stalled three times and may be violating the bounds. In the future, turn on print_bound_enforce in your solver options here: 
OD0.turb.real_flow.nonlinear_solver.linesearch.options['print_bound_enforce']=True. 
The bound(s) being violated now are:

C:\Users\MEO\Desktop\Projects\JetEngine\boomsonic_v0\.venv\Lib\site-packages\openmdao\solvers\linesearch\backtracking.py:35: SolverWarning:'OD0.turb.real_flow.balance.T' exceeds upper bounds
  Val: [3336.58923239]
  Upper: [2500.]

C:\Users\MEO\Desktop\Projects\JetEngine\boomsonic_v0\.venv\Lib\site-packages\pycycle\thermo\static_ps_resid.py:128: RuntimeWarning: invalid value encountered in sqrt
  Vsonic = (i['gamma']*i['R']*i['Ts'])**0.5
C:\Users\MEO\Desktop\Projects\JetEngine\boomsonic_v0\.venv\Lib\site-packages\pycycle\thermo\static_ps_resid.py:94: RuntimeWarning: invalid value encountered in sqrt
  f2 = MN - inputs['W']*(R_UNIVERSAL_SI*inputs['Ts'])**0.5/(ps_guess*1.0e6*inputs['area']*gamt**0.5)
C:\Users\MEO\Desktop\Projects\JetEngine\boomsonic_v0\.venv\Lib\site-packages\pycycle\thermo\static_ps_resid.py:99: RuntimeWarning: The iteration is not making good progress, as measured by the 
 improvement from the last ten iterations.
  ps_guess, M_guess = fsolve(equations, (ps_guess, M_guess))
C:\Users\MEO\Desktop\Projects\JetEngine\boomsonic_v0\.venv\Lib\site-packages\openmdao\solvers\solver.py:819: SolverWarning:Your model has stalled three times and may be violating the bounds. In the future, turn on print_bound_enforce in your solver options here: 
OD0.nozz.throat_total.nonlinear_solver.linesearch.options['print_bound_enforce']=True. 
The bound(s) being violated now are:

C:\Users\MEO\Desktop\Projects\JetEngine\boomsonic_v0\.venv\Lib\site-packages\openmdao\solvers\linesearch\backtracking.py:35: SolverWarning:'OD0.nozz.throat_total.balance.T' exceeds upper bounds
  Val: [3336.58923239]
  Upper: [2500.]

C:\Users\MEO\Desktop\Projects\JetEngine\boomsonic_v0\.venv\Lib\site-packages\pycycle\thermo\static_ps_resid.py:108: RuntimeWarning: invalid value encountered in sqrt
  Vsonic = (i['gamma']*i['R']*i['Ts'])**0.5
C:\Users\MEO\Desktop\Projects\JetEngine\boomsonic_v0\.venv\Lib\site-packages\pycycle\thermo\static_ps_resid.py:83: RuntimeWarning: invalid value encountered in power
  ps_guess = inputs['guess:Pt'] * (1 + (gamt-1)/2 * inputs['MN']**2)**(-gamt/(gamt-1))
C:\Users\MEO\Desktop\Projects\JetEngine\boomsonic_v0\.venv\Lib\site-packages\pycycle\thermo\static_ps_calc.py:32: RuntimeWarning: invalid value encountered in sqrt
  outputs['Vsonic'] = Vsonic = np.sqrt(inputs['gamma'] * inputs['R'] * inputs['Ts'])
C:\Users\MEO\Desktop\Projects\JetEngine\boomsonic_v0\.venv\Lib\site-packages\pycycle\thermo\static_ps_resid.py:128: RuntimeWarning: invalid value encountered in sqrt
  Vsonic = (i['gamma']*i['R']*i['Ts'])**0.5
C:\Users\MEO\Desktop\Projects\JetEngine\boomsonic_v0\.venv\Lib\site-packages\pycycle\thermo\static_ps_resid.py:98: RuntimeWarning: invalid value encountered in power
  ps_guess = inputs['guess:Pt'] * (1 + (gamt-1)/2 * M_guess**2)**(-gamt/(gamt-1))
C:\Users\MEO\Desktop\Projects\JetEngine\boomsonic_v0\.venv\Lib\site-packages\pycycle\thermo\static_ps_resid.py:93: RuntimeWarning: invalid value encountered in power
  f1 = ps - inputs['guess:Pt'] * (1 + (gamt-1)/2 * M_guess**2)**(-gamt/(gamt-1))
C:\Users\MEO\Desktop\Projects\JetEngine\boomsonic_v0\.venv\Lib\site-packages\pycycle\thermo\static_ps_resid.py:94: RuntimeWarning: invalid value encountered in sqrt
  f2 = MN - inputs['W']*(R_UNIVERSAL_SI*inputs['Ts'])**0.5/(ps_guess*1.0e6*inputs['area']*gamt**0.5)
C:\Users\MEO\Desktop\Projects\JetEngine\boomsonic_v0\.venv\Lib\site-packages\pycycle\thermo\static_ps_resid.py:99: RuntimeWarning: The iteration is not making good progress, as measured by the 
 improvement from the last ten iterations.
  ps_guess, M_guess = fsolve(equations, (ps_guess, M_guess))
C:\Users\MEO\Desktop\Projects\JetEngine\boomsonic_v0\.venv\Lib\site-packages\pycycle\thermo\static_ps_resid.py:128: RuntimeWarning: invalid value encountered in sqrt
  Vsonic = (i['gamma']*i['R']*i['Ts'])**0.5
C:\Users\MEO\Desktop\Projects\JetEngine\boomsonic_v0\.venv\Lib\site-packages\pycycle\thermo\static_ps_resid.py:128: RuntimeWarning: invalid value encountered in sqrt
  Vsonic = (i['gamma']*i['R']*i['Ts'])**0.5
C:\Users\MEO\Desktop\Projects\JetEngine\boomsonic_v0\.venv\Lib\site-packages\pycycle\thermo\static_ps_resid.py:108: RuntimeWarning: invalid value encountered in sqrt
  Vsonic = (i['gamma']*i['R']*i['Ts'])**0.5
C:\Users\MEO\Desktop\Projects\JetEngine\boomsonic_v0\.venv\Lib\site-packages\pycycle\elements\turbine.py:40: RuntimeWarning: invalid value encountered in sqrt
  outputs['Wp'] = inputs['W_in'] * inputs['Tt']**0.5 / inputs['Pt']
C:\Users\MEO\Desktop\Projects\JetEngine\boomsonic_v0\.venv\Lib\site-packages\pycycle\elements\turbine.py:41: RuntimeWarning: invalid value encountered in power
  outputs['Np'] = inputs['Nmech'] * inputs['Tt']**-0.5
C:\Users\MEO\Desktop\Projects\JetEngine\boomsonic_v0\.venv\Lib\site-packages\openmdao\solvers\solver.py:819: SolverWarning:Your model has stalled three times and may be violating the bounds. In the future, turn on print_bound_enforce in your solver options here: 
OD0.comp.real_flow.nonlinear_solver.linesearch.options['print_bound_enforce']=True. 
The bound(s) being violated now are:

C:\Users\MEO\Desktop\Projects\JetEngine\boomsonic_v0\.venv\Lib\site-packages\openmdao\solvers\linesearch\backtracking.py:39: SolverWarning:'OD0.comp.real_flow.balance.T' exceeds lower bounds
  Val: [-474.23135498]
  Lower: [150.]

C:\Users\MEO\Desktop\Projects\JetEngine\boomsonic_v0\.venv\Lib\site-packages\openmdao\solvers\solver.py:819: SolverWarning:Your model has stalled three times and may be violating the bounds. In the future, turn on print_bound_enforce in your solver options here: 
OD0.comp.sb_flow.nonlinear_solver.linesearch.options['print_bound_enforce']=True. 
The bound(s) being violated now are:

C:\Users\MEO\Desktop\Projects\JetEngine\boomsonic_v0\.venv\Lib\site-packages\openmdao\solvers\linesearch\backtracking.py:39: SolverWarning:'OD0.comp.sb_flow.balance.T' exceeds lower bounds
  Val: [-90.62886718]
  Lower: [150.]

C:\Users\MEO\Desktop\Projects\JetEngine\boomsonic_v0\.venv\Lib\site-packages\openmdao\solvers\solver.py:819: SolverWarning:Your model has stalled three times and may be violating the bounds. In the future, turn on print_bound_enforce in your solver options here: 
OD0.comp.out_stat.nonlinear_solver.linesearch.options['print_bound_enforce']=True. 
The bound(s) being violated now are:

C:\Users\MEO\Desktop\Projects\JetEngine\boomsonic_v0\.venv\Lib\site-packages\openmdao\solvers\linesearch\backtracking.py:39: SolverWarning:'OD0.comp.out_stat.balance.T' exceeds lower bounds
  Val: [-474.21743794]
  Lower: [150.]

C:\Users\MEO\Desktop\Projects\JetEngine\boomsonic_v0\.venv\Lib\site-packages\openmdao\solvers\solver.py:819: SolverWarning:Your model has stalled three times and may be violating the bounds. In the future, turn on print_bound_enforce in your solver options here: 
OD0.burner.vitiated_flow.nonlinear_solver.linesearch.options['print_bound_enforce']=True. 
The bound(s) being violated now are:

C:\Users\MEO\Desktop\Projects\JetEngine\boomsonic_v0\.venv\Lib\site-packages\openmdao\solvers\linesearch\backtracking.py:39: SolverWarning:'OD0.burner.vitiated_flow.balance.T' exceeds lower bounds
  Val: [-469.64203093]
  Lower: [150.]

C:\Users\MEO\Desktop\Projects\JetEngine\boomsonic_v0\.venv\Lib\site-packages\openmdao\solvers\solver.py:819: SolverWarning:Your model has stalled three times and may be violating the bounds. In the future, turn on print_bound_enforce in your solver options here: 
OD0.turb.ideal_flow.nonlinear_solver.linesearch.options['print_bound_enforce']=True. 
The bound(s) being violated now are:

C:\Users\MEO\Desktop\Projects\JetEngine\boomsonic_v0\.venv\Lib\site-packages\openmdao\solvers\linesearch\backtracking.py:39: SolverWarning:'OD0.turb.ideal_flow.balance.T' exceeds lower bounds
  Val: [101.1678805]
  Lower: [150.]

C:\Users\MEO\Desktop\Projects\JetEngine\boomsonic_v0\.venv\Lib\site-packages\openmdao\solvers\solver.py:819: SolverWarning:Your model has stalled three times and may be violating the bounds. In the future, turn on print_bound_enforce in your solver options here: 
OD0.turb.real_flow_b4bld.nonlinear_solver.linesearch.options['print_bound_enforce']=True. 
The bound(s) being violated now are:

C:\Users\MEO\Desktop\Projects\JetEngine\boomsonic_v0\.venv\Lib\site-packages\openmdao\solvers\linesearch\backtracking.py:39: SolverWarning:'OD0.turb.real_flow_b4bld.balance.T' exceeds lower bounds
  Val: [-223.93340199]
  Lower: [150.]

C:\Users\MEO\Desktop\Projects\JetEngine\boomsonic_v0\.venv\Lib\site-packages\openmdao\solvers\solver.py:819: SolverWarning:Your model has stalled three times and may be violating the bounds. In the future, turn on print_bound_enforce in your solver options here: 
OD0.turb.real_flow.nonlinear_solver.linesearch.options['print_bound_enforce']=True. 
The bound(s) being violated now are:

C:\Users\MEO\Desktop\Projects\JetEngine\boomsonic_v0\.venv\Lib\site-packages\openmdao\solvers\linesearch\backtracking.py:39: SolverWarning:'OD0.turb.real_flow.balance.T' exceeds lower bounds
  Val: [-223.93340199]
  Lower: [150.]

C:\Users\MEO\Desktop\Projects\JetEngine\boomsonic_v0\.venv\Lib\site-packages\pycycle\thermo\static_ps_resid.py:128: RuntimeWarning: invalid value encountered in sqrt
  Vsonic = (i['gamma']*i['R']*i['Ts'])**0.5
C:\Users\MEO\Desktop\Projects\JetEngine\boomsonic_v0\.venv\Lib\site-packages\openmdao\solvers\solver.py:819: SolverWarning:Your model has stalled three times and may be violating the bounds. In the future, turn on print_bound_enforce in your solver options here: 
OD0.nozz.throat_total.nonlinear_solver.linesearch.options['print_bound_enforce']=True. 
The bound(s) being violated now are:

C:\Users\MEO\Desktop\Projects\JetEngine\boomsonic_v0\.venv\Lib\site-packages\openmdao\solvers\linesearch\backtracking.py:39: SolverWarning:'OD0.nozz.throat_total.balance.T' exceeds lower bounds
  Val: [-223.93340199]
  Lower: [150.]

C:\Users\MEO\Desktop\Projects\JetEngine\boomsonic_v0\.venv\Lib\site-packages\openmdao\solvers\solver.py:819: SolverWarning:Your model has stalled three times and may be violating the bounds. In the future, turn on print_bound_enforce in your solver options here: 
OD0.nozz.staticMN.nonlinear_solver.linesearch.options['print_bound_enforce']=True. 
The bound(s) being violated now are:

C:\Users\MEO\Desktop\Projects\JetEngine\boomsonic_v0\.venv\Lib\site-packages\openmdao\solvers\linesearch\backtracking.py:39: SolverWarning:'OD0.nozz.staticMN.balance.T' exceeds lower bounds
  Val: [-186.25703012]
  Lower: [150.]

C:\Users\MEO\Desktop\Projects\JetEngine\boomsonic_v0\.venv\Lib\site-packages\openmdao\solvers\linesearch\backtracking.py:39: SolverWarning:'OD0.nozz.staticMN.ps_resid.Ps' exceeds lower bounds
  Val: [-0.00092893]
  Lower: [-0.0009009]

C:\Users\MEO\Desktop\Projects\JetEngine\boomsonic_v0\.venv\Lib\site-packages\openmdao\solvers\solver.py:819: SolverWarning:Your model has stalled three times and may be violating the bounds. In the future, turn on print_bound_enforce in your solver options here: 
OD0.nozz.staticPs.nonlinear_solver.linesearch.options['print_bound_enforce']=True. 
The bound(s) being violated now are:

C:\Users\MEO\Desktop\Projects\JetEngine\boomsonic_v0\.venv\Lib\site-packages\openmdao\solvers\linesearch\backtracking.py:39: SolverWarning:'OD0.nozz.staticPs.balance.T' exceeds lower bounds
  Val: [149.99995775]
  Lower: [150.]

C:\Users\MEO\Desktop\Projects\JetEngine\boomsonic_v0\.venv\Lib\site-packages\openmdao\solvers\solver.py:819: SolverWarning:Your model has stalled three times and may be violating the bounds. In the future, turn on print_bound_enforce in your solver options here: 
OD0.nozz.ideal_flow.nonlinear_solver.linesearch.options['print_bound_enforce']=True. 
The bound(s) being violated now are:

C:\Users\MEO\Desktop\Projects\JetEngine\boomsonic_v0\.venv\Lib\site-packages\openmdao\solvers\linesearch\backtracking.py:39: SolverWarning:'OD0.nozz.ideal_flow.balance.T' exceeds lower bounds
  Val: [149.99995775]
  Lower: [150.]

C:\Users\MEO\Desktop\Projects\JetEngine\boomsonic_v0\.venv\Lib\site-packages\pycycle\thermo\static_ps_resid.py:128: RuntimeWarning: invalid value encountered in sqrt
  Vsonic = (i['gamma']*i['R']*i['Ts'])**0.5
C:\Users\MEO\Desktop\Projects\JetEngine\boomsonic_v0\.venv\Lib\site-packages\pycycle\thermo\static_ps_resid.py:128: RuntimeWarning: invalid value encountered in sqrt
  Vsonic = (i['gamma']*i['R']*i['Ts'])**0.5
C:\Users\MEO\Desktop\Projects\JetEngine\boomsonic_v0\.venv\Lib\site-packages\openmdao\solvers\solver.py:819: SolverWarning:Your model has stalled three times and may be violating the bounds. In the future, turn on print_bound_enforce in your solver options here: 
OD0.burner.vitiated_flow.nonlinear_solver.linesearch.options['print_bound_enforce']=True. 
The bound(s) being violated now are:

C:\Users\MEO\Desktop\Projects\JetEngine\boomsonic_v0\.venv\Lib\site-packages\openmdao\solvers\linesearch\backtracking.py:35: SolverWarning:'OD0.burner.vitiated_flow.balance.T' exceeds upper bounds
  Val: [3567.13862721]
  Upper: [2500.]

C:\Users\MEO\Desktop\Projects\JetEngine\boomsonic_v0\.venv\Lib\site-packages\pycycle\thermo\static_ps_resid.py:128: RuntimeWarning: invalid value encountered in sqrt
  Vsonic = (i['gamma']*i['R']*i['Ts'])**0.5
C:\Users\MEO\Desktop\Projects\JetEngine\boomsonic_v0\.venv\Lib\site-packages\pycycle\thermo\static_ps_resid.py:98: RuntimeWarning: invalid value encountered in power
  ps_guess = inputs['guess:Pt'] * (1 + (gamt-1)/2 * M_guess**2)**(-gamt/(gamt-1))
C:\Users\MEO\Desktop\Projects\JetEngine\boomsonic_v0\.venv\Lib\site-packages\pycycle\thermo\static_ps_resid.py:93: RuntimeWarning: invalid value encountered in power
  f1 = ps - inputs['guess:Pt'] * (1 + (gamt-1)/2 * M_guess**2)**(-gamt/(gamt-1))
C:\Users\MEO\Desktop\Projects\JetEngine\boomsonic_v0\.venv\Lib\site-packages\pycycle\thermo\static_ps_resid.py:94: RuntimeWarning: invalid value encountered in sqrt
  f2 = MN - inputs['W']*(R_UNIVERSAL_SI*inputs['Ts'])**0.5/(ps_guess*1.0e6*inputs['area']*gamt**0.5)
C:\Users\MEO\Desktop\Projects\JetEngine\boomsonic_v0\.venv\Lib\site-packages\pycycle\thermo\static_ps_resid.py:99: RuntimeWarning: The iteration is not making good progress, as measured by the 
 improvement from the last ten iterations.
  ps_guess, M_guess = fsolve(equations, (ps_guess, M_guess))
C:\Users\MEO\Desktop\Projects\JetEngine\boomsonic_v0\.venv\Lib\site-packages\pycycle\thermo\static_ps_resid.py:94: RuntimeWarning: invalid value encountered in sqrt
  f2 = MN - inputs['W']*(R_UNIVERSAL_SI*inputs['Ts'])**0.5/(ps_guess*1.0e6*inputs['area']*gamt**0.5)
C:\Users\MEO\Desktop\Projects\JetEngine\boomsonic_v0\.venv\Lib\site-packages\pycycle\thermo\static_ps_resid.py:99: RuntimeWarning: The iteration is not making good progress, as measured by the 
 improvement from the last ten iterations.
  ps_guess, M_guess = fsolve(equations, (ps_guess, M_guess))
C:\Users\MEO\Desktop\Projects\JetEngine\boomsonic_v0\.venv\Lib\site-packages\pycycle\thermo\static_ps_resid.py:128: RuntimeWarning: invalid value encountered in sqrt
  Vsonic = (i['gamma']*i['R']*i['Ts'])**0.5
C:\Users\MEO\Desktop\Projects\JetEngine\boomsonic_v0\.venv\Lib\site-packages\pycycle\thermo\static_ps_resid.py:83: RuntimeWarning: invalid value encountered in power
  ps_guess = inputs['guess:Pt'] * (1 + (gamt-1)/2 * inputs['MN']**2)**(-gamt/(gamt-1))
C:\Users\MEO\Desktop\Projects\JetEngine\boomsonic_v0\.venv\Lib\site-packages\pycycle\thermo\static_ps_resid.py:108: RuntimeWarning: invalid value encountered in sqrt
  Vsonic = (i['gamma']*i['R']*i['Ts'])**0.5
C:\Users\MEO\Desktop\Projects\JetEngine\boomsonic_v0\.venv\Lib\site-packages\pycycle\thermo\static_ps_calc.py:32: RuntimeWarning: invalid value encountered in sqrt
  outputs['Vsonic'] = Vsonic = np.sqrt(inputs['gamma'] * inputs['R'] * inputs['Ts'])
C:\Users\MEO\Desktop\Projects\JetEngine\boomsonic_v0\.venv\Lib\site-packages\pycycle\thermo\static_ps_calc.py:32: RuntimeWarning: invalid value encountered in sqrt
  outputs['Vsonic'] = Vsonic = np.sqrt(inputs['gamma'] * inputs['R'] * inputs['Ts'])
C:\Users\MEO\Desktop\Projects\JetEngine\boomsonic_v0\.venv\Lib\site-packages\pycycle\thermo\static_ps_resid.py:128: RuntimeWarning: invalid value encountered in sqrt
  Vsonic = (i['gamma']*i['R']*i['Ts'])**0.5
C:\Users\MEO\Desktop\Projects\JetEngine\boomsonic_v0\.venv\Lib\site-packages\pycycle\thermo\static_ps_resid.py:108: RuntimeWarning: invalid value encountered in sqrt
  Vsonic = (i['gamma']*i['R']*i['Ts'])**0.5
C:\Users\MEO\Desktop\Projects\JetEngine\boomsonic_v0\.venv\Lib\site-packages\pycycle\thermo\static_ps_resid.py:98: RuntimeWarning: invalid value encountered in power
  ps_guess = inputs['guess:Pt'] * (1 + (gamt-1)/2 * M_guess**2)**(-gamt/(gamt-1))
C:\Users\MEO\Desktop\Projects\JetEngine\boomsonic_v0\.venv\Lib\site-packages\pycycle\thermo\static_ps_resid.py:93: RuntimeWarning: invalid value encountered in power
  f1 = ps - inputs['guess:Pt'] * (1 + (gamt-1)/2 * M_guess**2)**(-gamt/(gamt-1))
C:\Users\MEO\Desktop\Projects\JetEngine\boomsonic_v0\.venv\Lib\site-packages\pycycle\thermo\static_ps_resid.py:94: RuntimeWarning: invalid value encountered in sqrt
  f2 = MN - inputs['W']*(R_UNIVERSAL_SI*inputs['Ts'])**0.5/(ps_guess*1.0e6*inputs['area']*gamt**0.5)
C:\Users\MEO\Desktop\Projects\JetEngine\boomsonic_v0\.venv\Lib\site-packages\pycycle\thermo\static_ps_resid.py:99: RuntimeWarning: The iteration is not making good progress, as measured by the 
 improvement from the last ten iterations.
  ps_guess, M_guess = fsolve(equations, (ps_guess, M_guess))
C:\Users\MEO\Desktop\Projects\JetEngine\boomsonic_v0\.venv\Lib\site-packages\pycycle\thermo\static_ps_resid.py:83: RuntimeWarning: invalid value encountered in power
  ps_guess = inputs['guess:Pt'] * (1 + (gamt-1)/2 * inputs['MN']**2)**(-gamt/(gamt-1))
C:\Users\MEO\Desktop\Projects\JetEngine\boomsonic_v0\.venv\Lib\site-packages\openmdao\solvers\solver.py:819: SolverWarning:Your model has stalled three times and may be violating the bounds. In the future, turn on print_bound_enforce in your solver options here: 
OD0.burner.vitiated_flow.nonlinear_solver.linesearch.options['print_bound_enforce']=True. 
The bound(s) being violated now are:

C:\Users\MEO\Desktop\Projects\JetEngine\boomsonic_v0\.venv\Lib\site-packages\openmdao\solvers\linesearch\backtracking.py:35: SolverWarning:'OD0.burner.vitiated_flow.balance.T' exceeds upper bounds
  Val: [3567.13862721]
  Upper: [2500.]

C:\Users\MEO\Desktop\Projects\JetEngine\boomsonic_v0\.venv\Lib\site-packages\pycycle\thermo\static_ps_resid.py:128: RuntimeWarning: invalid value encountered in sqrt
  Vsonic = (i['gamma']*i['R']*i['Ts'])**0.5
C:\Users\MEO\Desktop\Projects\JetEngine\boomsonic_v0\.venv\Lib\site-packages\pycycle\thermo\static_ps_resid.py:98: RuntimeWarning: invalid value encountered in power
  ps_guess = inputs['guess:Pt'] * (1 + (gamt-1)/2 * M_guess**2)**(-gamt/(gamt-1))
C:\Users\MEO\Desktop\Projects\JetEngine\boomsonic_v0\.venv\Lib\site-packages\pycycle\thermo\static_ps_resid.py:93: RuntimeWarning: invalid value encountered in power
  f1 = ps - inputs['guess:Pt'] * (1 + (gamt-1)/2 * M_guess**2)**(-gamt/(gamt-1))
C:\Users\MEO\Desktop\Projects\JetEngine\boomsonic_v0\.venv\Lib\site-packages\pycycle\thermo\static_ps_resid.py:94: RuntimeWarning: invalid value encountered in sqrt
  f2 = MN - inputs['W']*(R_UNIVERSAL_SI*inputs['Ts'])**0.5/(ps_guess*1.0e6*inputs['area']*gamt**0.5)
C:\Users\MEO\Desktop\Projects\JetEngine\boomsonic_v0\.venv\Lib\site-packages\pycycle\thermo\static_ps_resid.py:99: RuntimeWarning: The iteration is not making good progress, as measured by the 
 improvement from the last ten iterations.
  ps_guess, M_guess = fsolve(equations, (ps_guess, M_guess))
C:\Users\MEO\Desktop\Projects\JetEngine\boomsonic_v0\.venv\Lib\site-packages\pycycle\thermo\static_ps_resid.py:108: RuntimeWarning: invalid value encountered in sqrt
  Vsonic = (i['gamma']*i['R']*i['Ts'])**0.5
C:\Users\MEO\Desktop\Projects\JetEngine\boomsonic_v0\.venv\Lib\site-packages\pycycle\thermo\static_ps_resid.py:83: RuntimeWarning: invalid value encountered in power
  ps_guess = inputs['guess:Pt'] * (1 + (gamt-1)/2 * inputs['MN']**2)**(-gamt/(gamt-1))
C:\Users\MEO\Desktop\Projects\JetEngine\boomsonic_v0\.venv\Lib\site-packages\pycycle\thermo\static_ps_calc.py:32: RuntimeWarning: invalid value encountered in sqrt
  outputs['Vsonic'] = Vsonic = np.sqrt(inputs['gamma'] * inputs['R'] * inputs['Ts'])
C:\Users\MEO\Desktop\Projects\JetEngine\boomsonic_v0\.venv\Lib\site-packages\openmdao\solvers\solver.py:819: SolverWarning:Your model has stalled three times and may be violating the bounds. In the future, turn on print_bound_enforce in your solver options here: 
OD0.burner.vitiated_flow.nonlinear_solver.linesearch.options['print_bound_enforce']=True. 
The bound(s) being violated now are:

C:\Users\MEO\Desktop\Projects\JetEngine\boomsonic_v0\.venv\Lib\site-packages\openmdao\solvers\linesearch\backtracking.py:35: SolverWarning:'OD0.burner.vitiated_flow.balance.T' exceeds upper bounds
  Val: [3567.13862721]
  Upper: [2500.]

C:\Users\MEO\Desktop\Projects\JetEngine\boomsonic_v0\.venv\Lib\site-packages\pycycle\thermo\static_ps_resid.py:128: RuntimeWarning: invalid value encountered in sqrt
  Vsonic = (i['gamma']*i['R']*i['Ts'])**0.5
C:\Users\MEO\Desktop\Projects\JetEngine\boomsonic_v0\.venv\Lib\site-packages\pycycle\thermo\static_ps_resid.py:98: RuntimeWarning: invalid value encountered in power
  ps_guess = inputs['guess:Pt'] * (1 + (gamt-1)/2 * M_guess**2)**(-gamt/(gamt-1))
C:\Users\MEO\Desktop\Projects\JetEngine\boomsonic_v0\.venv\Lib\site-packages\pycycle\thermo\static_ps_resid.py:93: RuntimeWarning: invalid value encountered in power
  f1 = ps - inputs['guess:Pt'] * (1 + (gamt-1)/2 * M_guess**2)**(-gamt/(gamt-1))
C:\Users\MEO\Desktop\Projects\JetEngine\boomsonic_v0\.venv\Lib\site-packages\pycycle\thermo\static_ps_resid.py:94: RuntimeWarning: invalid value encountered in sqrt
  f2 = MN - inputs['W']*(R_UNIVERSAL_SI*inputs['Ts'])**0.5/(ps_guess*1.0e6*inputs['area']*gamt**0.5)
C:\Users\MEO\Desktop\Projects\JetEngine\boomsonic_v0\.venv\Lib\site-packages\pycycle\thermo\static_ps_resid.py:99: RuntimeWarning: The iteration is not making good progress, as measured by the 
 improvement from the last ten iterations.
  ps_guess, M_guess = fsolve(equations, (ps_guess, M_guess))
C:\Users\MEO\Desktop\Projects\JetEngine\boomsonic_v0\.venv\Lib\site-packages\pycycle\thermo\static_ps_resid.py:108: RuntimeWarning: invalid value encountered in sqrt
  Vsonic = (i['gamma']*i['R']*i['Ts'])**0.5
C:\Users\MEO\Desktop\Projects\JetEngine\boomsonic_v0\.venv\Lib\site-packages\pycycle\thermo\static_ps_resid.py:83: RuntimeWarning: invalid value encountered in power
  ps_guess = inputs['guess:Pt'] * (1 + (gamt-1)/2 * inputs['MN']**2)**(-gamt/(gamt-1))
C:\Users\MEO\Desktop\Projects\JetEngine\boomsonic_v0\.venv\Lib\site-packages\pycycle\thermo\static_ps_calc.py:32: RuntimeWarning: invalid value encountered in sqrt
  outputs['Vsonic'] = Vsonic = np.sqrt(inputs['gamma'] * inputs['R'] * inputs['Ts'])
C:\Users\MEO\Desktop\Projects\JetEngine\boomsonic_v0\.venv\Lib\site-packages\pycycle\thermo\static_ps_resid.py:128: RuntimeWarning: invalid value encountered in sqrt
  Vsonic = (i['gamma']*i['R']*i['Ts'])**0.5
C:\Users\MEO\Desktop\Projects\JetEngine\boomsonic_v0\.venv\Lib\site-packages\pycycle\thermo\static_ps_resid.py:128: RuntimeWarning: invalid value encountered in sqrt
  Vsonic = (i['gamma']*i['R']*i['Ts'])**0.5
C:\Users\MEO\Desktop\Projects\JetEngine\boomsonic_v0\.venv\Lib\site-packages\pycycle\thermo\static_ps_resid.py:108: RuntimeWarning: invalid value encountered in sqrt
  Vsonic = (i['gamma']*i['R']*i['Ts'])**0.5
C:\Users\MEO\Desktop\Projects\JetEngine\boomsonic_v0\.venv\Lib\site-packages\pycycle\elements\turbine.py:40: RuntimeWarning: invalid value encountered in sqrt
  outputs['Wp'] = inputs['W_in'] * inputs['Tt']**0.5 / inputs['Pt']
C:\Users\MEO\Desktop\Projects\JetEngine\boomsonic_v0\.venv\Lib\site-packages\pycycle\elements\turbine.py:41: RuntimeWarning: invalid value encountered in power
  outputs['Np'] = inputs['Nmech'] * inputs['Tt']**-0.5
C:\Users\MEO\Desktop\Projects\JetEngine\boomsonic_v0\.venv\Lib\site-packages\pycycle\thermo\static_ps_resid.py:128: RuntimeWarning: invalid value encountered in sqrt
  Vsonic = (i['gamma']*i['R']*i['Ts'])**0.5
C:\Users\MEO\Desktop\Projects\JetEngine\boomsonic_v0\.venv\Lib\site-packages\pycycle\elements\turbine.py:89: RuntimeWarning: invalid value encountered in log
  outputs['eff_poly'] = 1 + (S_out-S_in)/(Rt*np.log(invPR))
C:\Users\MEO\Desktop\Projects\JetEngine\boomsonic_v0\.venv\Lib\site-packages\pycycle\thermo\static_ps_resid.py:108: RuntimeWarning: invalid value encountered in sqrt
  Vsonic = (i['gamma']*i['R']*i['Ts'])**0.5
C:\Users\MEO\Desktop\Projects\JetEngine\boomsonic_v0\.venv\Lib\site-packages\pycycle\thermo\static_ps_calc.py:32: RuntimeWarning: invalid value encountered in sqrt
  outputs['Vsonic'] = Vsonic = np.sqrt(inputs['gamma'] * inputs['R'] * inputs['Ts'])
C:\Users\MEO\Desktop\Projects\JetEngine\boomsonic_v0\.venv\Lib\site-packages\pycycle\thermo\static_ps_resid.py:128: RuntimeWarning: invalid value encountered in sqrt
  Vsonic = (i['gamma']*i['R']*i['Ts'])**0.5
C:\Users\MEO\Desktop\Projects\JetEngine\boomsonic_v0\.venv\Lib\site-packages\openmdao\solvers\solver.py:819: SolverWarning:Your model has stalled three times and may be violating the bounds. In the future, turn on print_bound_enforce in your solver options here: 
OD0.burner.vitiated_flow.nonlinear_solver.linesearch.options['print_bound_enforce']=True. 
The bound(s) being violated now are:

C:\Users\MEO\Desktop\Projects\JetEngine\boomsonic_v0\.venv\Lib\site-packages\openmdao\solvers\linesearch\backtracking.py:35: SolverWarning:'OD0.burner.vitiated_flow.balance.T' exceeds upper bounds
  Val: [3773.43234062]
  Upper: [2500.]

C:\Users\MEO\Desktop\Projects\JetEngine\boomsonic_v0\.venv\Lib\site-packages\pycycle\thermo\static_ps_resid.py:128: RuntimeWarning: invalid value encountered in sqrt
  Vsonic = (i['gamma']*i['R']*i['Ts'])**0.5
C:\Users\MEO\Desktop\Projects\JetEngine\boomsonic_v0\.venv\Lib\site-packages\pycycle\thermo\static_ps_resid.py:94: RuntimeWarning: invalid value encountered in sqrt
  f2 = MN - inputs['W']*(R_UNIVERSAL_SI*inputs['Ts'])**0.5/(ps_guess*1.0e6*inputs['area']*gamt**0.5)
C:\Users\MEO\Desktop\Projects\JetEngine\boomsonic_v0\.venv\Lib\site-packages\pycycle\thermo\static_ps_resid.py:99: RuntimeWarning: The iteration is not making good progress, as measured by the 
 improvement from the last ten iterations.
  ps_guess, M_guess = fsolve(equations, (ps_guess, M_guess))
C:\Users\MEO\Desktop\Projects\JetEngine\boomsonic_v0\.venv\Lib\site-packages\openmdao\solvers\solver.py:819: SolverWarning:Your model has stalled three times and may be violating the bounds. In the future, turn on print_bound_enforce in your solver options here: 
OD0.turb.real_flow_b4bld.nonlinear_solver.linesearch.options['print_bound_enforce']=True. 
The bound(s) being violated now are:

C:\Users\MEO\Desktop\Projects\JetEngine\boomsonic_v0\.venv\Lib\site-packages\openmdao\solvers\linesearch\backtracking.py:35: SolverWarning:'OD0.turb.real_flow_b4bld.balance.T' exceeds upper bounds
  Val: [2912.69160217]
  Upper: [2500.]

C:\Users\MEO\Desktop\Projects\JetEngine\boomsonic_v0\.venv\Lib\site-packages\openmdao\solvers\solver.py:819: SolverWarning:Your model has stalled three times and may be violating the bounds. In the future, turn on print_bound_enforce in your solver options here: 
OD0.turb.real_flow.nonlinear_solver.linesearch.options['print_bound_enforce']=True. 
The bound(s) being violated now are:

C:\Users\MEO\Desktop\Projects\JetEngine\boomsonic_v0\.venv\Lib\site-packages\openmdao\solvers\linesearch\backtracking.py:35: SolverWarning:'OD0.turb.real_flow.balance.T' exceeds upper bounds
  Val: [2912.69160217]
  Upper: [2500.]

C:\Users\MEO\Desktop\Projects\JetEngine\boomsonic_v0\.venv\Lib\site-packages\pycycle\thermo\static_ps_resid.py:128: RuntimeWarning: invalid value encountered in sqrt
  Vsonic = (i['gamma']*i['R']*i['Ts'])**0.5
C:\Users\MEO\Desktop\Projects\JetEngine\boomsonic_v0\.venv\Lib\site-packages\pycycle\thermo\static_ps_resid.py:94: RuntimeWarning: invalid value encountered in sqrt
  f2 = MN - inputs['W']*(R_UNIVERSAL_SI*inputs['Ts'])**0.5/(ps_guess*1.0e6*inputs['area']*gamt**0.5)
C:\Users\MEO\Desktop\Projects\JetEngine\boomsonic_v0\.venv\Lib\site-packages\pycycle\thermo\static_ps_resid.py:99: RuntimeWarning: The iteration is not making good progress, as measured by the 
 improvement from the last ten iterations.
  ps_guess, M_guess = fsolve(equations, (ps_guess, M_guess))
C:\Users\MEO\Desktop\Projects\JetEngine\boomsonic_v0\.venv\Lib\site-packages\openmdao\solvers\solver.py:819: SolverWarning:Your model has stalled three times and may be violating the bounds. In the future, turn on print_bound_enforce in your solver options here: 
OD0.nozz.throat_total.nonlinear_solver.linesearch.options['print_bound_enforce']=True. 
The bound(s) being violated now are:

C:\Users\MEO\Desktop\Projects\JetEngine\boomsonic_v0\.venv\Lib\site-packages\openmdao\solvers\linesearch\backtracking.py:35: SolverWarning:'OD0.nozz.throat_total.balance.T' exceeds upper bounds
  Val: [2912.69160217]
  Upper: [2500.]

C:\Users\MEO\Desktop\Projects\JetEngine\boomsonic_v0\.venv\Lib\site-packages\pycycle\thermo\static_ps_resid.py:108: RuntimeWarning: invalid value encountered in sqrt
  Vsonic = (i['gamma']*i['R']*i['Ts'])**0.5
C:\Users\MEO\Desktop\Projects\JetEngine\boomsonic_v0\.venv\Lib\site-packages\pycycle\thermo\static_ps_calc.py:32: RuntimeWarning: invalid value encountered in sqrt
  outputs['Vsonic'] = Vsonic = np.sqrt(inputs['gamma'] * inputs['R'] * inputs['Ts'])
C:\Users\MEO\Desktop\Projects\JetEngine\boomsonic_v0\.venv\Lib\site-packages\pycycle\thermo\static_ps_resid.py:128: RuntimeWarning: invalid value encountered in sqrt
  Vsonic = (i['gamma']*i['R']*i['Ts'])**0.5
C:\Users\MEO\Desktop\Projects\JetEngine\boomsonic_v0\.venv\Lib\site-packages\pycycle\thermo\static_ps_resid.py:94: RuntimeWarning: invalid value encountered in sqrt
  f2 = MN - inputs['W']*(R_UNIVERSAL_SI*inputs['Ts'])**0.5/(ps_guess*1.0e6*inputs['area']*gamt**0.5)
C:\Users\MEO\Desktop\Projects\JetEngine\boomsonic_v0\.venv\Lib\site-packages\pycycle\thermo\static_ps_resid.py:99: RuntimeWarning: The iteration is not making good progress, as measured by the 
 improvement from the last ten iterations.
  ps_guess, M_guess = fsolve(equations, (ps_guess, M_guess))
C:\Users\MEO\Desktop\Projects\JetEngine\boomsonic_v0\.venv\Lib\site-packages\openmdao\solvers\solver.py:819: SolverWarning:Your model has stalled three times and may be violating the bounds. In the future, turn on print_bound_enforce in your solver options here: 
OD0.burner.vitiated_flow.nonlinear_solver.linesearch.options['print_bound_enforce']=True. 
The bound(s) being violated now are:

C:\Users\MEO\Desktop\Projects\JetEngine\boomsonic_v0\.venv\Lib\site-packages\openmdao\solvers\linesearch\backtracking.py:35: SolverWarning:'OD0.burner.vitiated_flow.balance.T' exceeds upper bounds
  Val: [3773.43234062]
  Upper: [2500.]

C:\Users\MEO\Desktop\Projects\JetEngine\boomsonic_v0\.venv\Lib\site-packages\pycycle\thermo\static_ps_resid.py:128: RuntimeWarning: invalid value encountered in sqrt
  Vsonic = (i['gamma']*i['R']*i['Ts'])**0.5
C:\Users\MEO\Desktop\Projects\JetEngine\boomsonic_v0\.venv\Lib\site-packages\pycycle\thermo\static_ps_resid.py:94: RuntimeWarning: invalid value encountered in sqrt
  f2 = MN - inputs['W']*(R_UNIVERSAL_SI*inputs['Ts'])**0.5/(ps_guess*1.0e6*inputs['area']*gamt**0.5)
C:\Users\MEO\Desktop\Projects\JetEngine\boomsonic_v0\.venv\Lib\site-packages\pycycle\thermo\static_ps_resid.py:99: RuntimeWarning: The iteration is not making good progress, as measured by the 
 improvement from the last ten iterations.
  ps_guess, M_guess = fsolve(equations, (ps_guess, M_guess))
C:\Users\MEO\Desktop\Projects\JetEngine\boomsonic_v0\.venv\Lib\site-packages\openmdao\solvers\solver.py:819: SolverWarning:Your model has stalled three times and may be violating the bounds. In the future, turn on print_bound_enforce in your solver options here: 
OD0.turb.real_flow_b4bld.nonlinear_solver.linesearch.options['print_bound_enforce']=True. 
The bound(s) being violated now are:

C:\Users\MEO\Desktop\Projects\JetEngine\boomsonic_v0\.venv\Lib\site-packages\openmdao\solvers\linesearch\backtracking.py:35: SolverWarning:'OD0.turb.real_flow_b4bld.balance.T' exceeds upper bounds
  Val: [2912.69160217]
  Upper: [2500.]

C:\Users\MEO\Desktop\Projects\JetEngine\boomsonic_v0\.venv\Lib\site-packages\openmdao\solvers\solver.py:819: SolverWarning:Your model has stalled three times and may be violating the bounds. In the future, turn on print_bound_enforce in your solver options here: 
OD0.turb.real_flow.nonlinear_solver.linesearch.options['print_bound_enforce']=True. 
The bound(s) being violated now are:

C:\Users\MEO\Desktop\Projects\JetEngine\boomsonic_v0\.venv\Lib\site-packages\openmdao\solvers\linesearch\backtracking.py:35: SolverWarning:'OD0.turb.real_flow.balance.T' exceeds upper bounds
  Val: [2912.69160217]
  Upper: [2500.]

C:\Users\MEO\Desktop\Projects\JetEngine\boomsonic_v0\.venv\Lib\site-packages\pycycle\thermo\static_ps_resid.py:128: RuntimeWarning: invalid value encountered in sqrt
  Vsonic = (i['gamma']*i['R']*i['Ts'])**0.5
C:\Users\MEO\Desktop\Projects\JetEngine\boomsonic_v0\.venv\Lib\site-packages\pycycle\thermo\static_ps_resid.py:94: RuntimeWarning: invalid value encountered in sqrt
  f2 = MN - inputs['W']*(R_UNIVERSAL_SI*inputs['Ts'])**0.5/(ps_guess*1.0e6*inputs['area']*gamt**0.5)
C:\Users\MEO\Desktop\Projects\JetEngine\boomsonic_v0\.venv\Lib\site-packages\pycycle\thermo\static_ps_resid.py:99: RuntimeWarning: The iteration is not making good progress, as measured by the 
 improvement from the last ten iterations.
  ps_guess, M_guess = fsolve(equations, (ps_guess, M_guess))
C:\Users\MEO\Desktop\Projects\JetEngine\boomsonic_v0\.venv\Lib\site-packages\openmdao\solvers\solver.py:819: SolverWarning:Your model has stalled three times and may be violating the bounds. In the future, turn on print_bound_enforce in your solver options here: 
OD0.nozz.throat_total.nonlinear_solver.linesearch.options['print_bound_enforce']=True. 
The bound(s) being violated now are:

C:\Users\MEO\Desktop\Projects\JetEngine\boomsonic_v0\.venv\Lib\site-packages\openmdao\solvers\linesearch\backtracking.py:35: SolverWarning:'OD0.nozz.throat_total.balance.T' exceeds upper bounds
  Val: [2912.69160217]
  Upper: [2500.]

C:\Users\MEO\Desktop\Projects\JetEngine\boomsonic_v0\.venv\Lib\site-packages\pycycle\thermo\static_ps_resid.py:108: RuntimeWarning: invalid value encountered in sqrt
  Vsonic = (i['gamma']*i['R']*i['Ts'])**0.5
C:\Users\MEO\Desktop\Projects\JetEngine\boomsonic_v0\.venv\Lib\site-packages\pycycle\thermo\static_ps_calc.py:32: RuntimeWarning: invalid value encountered in sqrt
  outputs['Vsonic'] = Vsonic = np.sqrt(inputs['gamma'] * inputs['R'] * inputs['Ts'])
C:\Users\MEO\Desktop\Projects\JetEngine\boomsonic_v0\.venv\Lib\site-packages\pycycle\thermo\static_ps_resid.py:128: RuntimeWarning: invalid value encountered in sqrt
  Vsonic = (i['gamma']*i['R']*i['Ts'])**0.5
C:\Users\MEO\Desktop\Projects\JetEngine\boomsonic_v0\.venv\Lib\site-packages\pycycle\thermo\static_ps_resid.py:94: RuntimeWarning: invalid value encountered in sqrt
  f2 = MN - inputs['W']*(R_UNIVERSAL_SI*inputs['Ts'])**0.5/(ps_guess*1.0e6*inputs['area']*gamt**0.5)
C:\Users\MEO\Desktop\Projects\JetEngine\boomsonic_v0\.venv\Lib\site-packages\pycycle\thermo\static_ps_resid.py:99: RuntimeWarning: The iteration is not making good progress, as measured by the 
 improvement from the last ten iterations.
  ps_guess, M_guess = fsolve(equations, (ps_guess, M_guess))
C:\Users\MEO\Desktop\Projects\JetEngine\boomsonic_v0\.venv\Lib\site-packages\openmdao\solvers\solver.py:819: SolverWarning:Your model has stalled three times and may be violating the bounds. In the future, turn on print_bound_enforce in your solver options here: 
OD0.burner.vitiated_flow.nonlinear_solver.linesearch.options['print_bound_enforce']=True. 
The bound(s) being violated now are:

C:\Users\MEO\Desktop\Projects\JetEngine\boomsonic_v0\.venv\Lib\site-packages\openmdao\solvers\linesearch\backtracking.py:35: SolverWarning:'OD0.burner.vitiated_flow.balance.T' exceeds upper bounds
  Val: [3773.43234062]
  Upper: [2500.]

C:\Users\MEO\Desktop\Projects\JetEngine\boomsonic_v0\.venv\Lib\site-packages\pycycle\thermo\static_ps_resid.py:128: RuntimeWarning: invalid value encountered in sqrt
  Vsonic = (i['gamma']*i['R']*i['Ts'])**0.5
C:\Users\MEO\Desktop\Projects\JetEngine\boomsonic_v0\.venv\Lib\site-packages\pycycle\thermo\static_ps_resid.py:94: RuntimeWarning: invalid value encountered in sqrt
  f2 = MN - inputs['W']*(R_UNIVERSAL_SI*inputs['Ts'])**0.5/(ps_guess*1.0e6*inputs['area']*gamt**0.5)
C:\Users\MEO\Desktop\Projects\JetEngine\boomsonic_v0\.venv\Lib\site-packages\pycycle\thermo\static_ps_resid.py:99: RuntimeWarning: The iteration is not making good progress, as measured by the 
 improvement from the last ten iterations.
  ps_guess, M_guess = fsolve(equations, (ps_guess, M_guess))
C:\Users\MEO\Desktop\Projects\JetEngine\boomsonic_v0\.venv\Lib\site-packages\openmdao\solvers\solver.py:819: SolverWarning:Your model has stalled three times and may be violating the bounds. In the future, turn on print_bound_enforce in your solver options here: 
OD0.turb.real_flow_b4bld.nonlinear_solver.linesearch.options['print_bound_enforce']=True. 
The bound(s) being violated now are:

C:\Users\MEO\Desktop\Projects\JetEngine\boomsonic_v0\.venv\Lib\site-packages\openmdao\solvers\linesearch\backtracking.py:35: SolverWarning:'OD0.turb.real_flow_b4bld.balance.T' exceeds upper bounds
  Val: [2912.69160217]
  Upper: [2500.]

C:\Users\MEO\Desktop\Projects\JetEngine\boomsonic_v0\.venv\Lib\site-packages\openmdao\solvers\solver.py:819: SolverWarning:Your model has stalled three times and may be violating the bounds. In the future, turn on print_bound_enforce in your solver options here: 
OD0.turb.real_flow.nonlinear_solver.linesearch.options['print_bound_enforce']=True. 
The bound(s) being violated now are:

C:\Users\MEO\Desktop\Projects\JetEngine\boomsonic_v0\.venv\Lib\site-packages\openmdao\solvers\linesearch\backtracking.py:35: SolverWarning:'OD0.turb.real_flow.balance.T' exceeds upper bounds
  Val: [2912.69160217]
  Upper: [2500.]

C:\Users\MEO\Desktop\Projects\JetEngine\boomsonic_v0\.venv\Lib\site-packages\pycycle\thermo\static_ps_resid.py:128: RuntimeWarning: invalid value encountered in sqrt
  Vsonic = (i['gamma']*i['R']*i['Ts'])**0.5
C:\Users\MEO\Desktop\Projects\JetEngine\boomsonic_v0\.venv\Lib\site-packages\pycycle\thermo\static_ps_resid.py:94: RuntimeWarning: invalid value encountered in sqrt
  f2 = MN - inputs['W']*(R_UNIVERSAL_SI*inputs['Ts'])**0.5/(ps_guess*1.0e6*inputs['area']*gamt**0.5)
C:\Users\MEO\Desktop\Projects\JetEngine\boomsonic_v0\.venv\Lib\site-packages\pycycle\thermo\static_ps_resid.py:99: RuntimeWarning: The iteration is not making good progress, as measured by the 
 improvement from the last ten iterations.
  ps_guess, M_guess = fsolve(equations, (ps_guess, M_guess))
C:\Users\MEO\Desktop\Projects\JetEngine\boomsonic_v0\.venv\Lib\site-packages\openmdao\solvers\solver.py:819: SolverWarning:Your model has stalled three times and may be violating the bounds. In the future, turn on print_bound_enforce in your solver options here: 
OD0.nozz.throat_total.nonlinear_solver.linesearch.options['print_bound_enforce']=True. 
The bound(s) being violated now are:

C:\Users\MEO\Desktop\Projects\JetEngine\boomsonic_v0\.venv\Lib\site-packages\openmdao\solvers\linesearch\backtracking.py:35: SolverWarning:'OD0.nozz.throat_total.balance.T' exceeds upper bounds
  Val: [2912.69160217]
  Upper: [2500.]

C:\Users\MEO\Desktop\Projects\JetEngine\boomsonic_v0\.venv\Lib\site-packages\pycycle\thermo\static_ps_resid.py:108: RuntimeWarning: invalid value encountered in sqrt
  Vsonic = (i['gamma']*i['R']*i['Ts'])**0.5
C:\Users\MEO\Desktop\Projects\JetEngine\boomsonic_v0\.venv\Lib\site-packages\pycycle\thermo\static_ps_calc.py:32: RuntimeWarning: invalid value encountered in sqrt
  outputs['Vsonic'] = Vsonic = np.sqrt(inputs['gamma'] * inputs['R'] * inputs['Ts'])
C:\Users\MEO\Desktop\Projects\JetEngine\boomsonic_v0\.venv\Lib\site-packages\pycycle\thermo\static_ps_resid.py:128: RuntimeWarning: invalid value encountered in sqrt
  Vsonic = (i['gamma']*i['R']*i['Ts'])**0.5
C:\Users\MEO\Desktop\Projects\JetEngine\boomsonic_v0\.venv\Lib\site-packages\pycycle\thermo\static_ps_resid.py:94: RuntimeWarning: invalid value encountered in sqrt
  f2 = MN - inputs['W']*(R_UNIVERSAL_SI*inputs['Ts'])**0.5/(ps_guess*1.0e6*inputs['area']*gamt**0.5)
C:\Users\MEO\Desktop\Projects\JetEngine\boomsonic_v0\.venv\Lib\site-packages\pycycle\thermo\static_ps_resid.py:99: RuntimeWarning: The iteration is not making good progress, as measured by the 
 improvement from the last ten iterations.
  ps_guess, M_guess = fsolve(equations, (ps_guess, M_guess))
C:\Users\MEO\Desktop\Projects\JetEngine\boomsonic_v0\.venv\Lib\site-packages\pycycle\thermo\static_ps_resid.py:128: RuntimeWarning: invalid value encountered in sqrt
  Vsonic = (i['gamma']*i['R']*i['Ts'])**0.5
C:\Users\MEO\Desktop\Projects\JetEngine\boomsonic_v0\.venv\Lib\site-packages\pycycle\thermo\static_ps_resid.py:128: RuntimeWarning: invalid value encountered in sqrt
  Vsonic = (i['gamma']*i['R']*i['Ts'])**0.5
C:\Users\MEO\Desktop\Projects\JetEngine\boomsonic_v0\.venv\Lib\site-packages\pycycle\thermo\static_ps_resid.py:108: RuntimeWarning: invalid value encountered in sqrt
  Vsonic = (i['gamma']*i['R']*i['Ts'])**0.5
C:\Users\MEO\Desktop\Projects\JetEngine\boomsonic_v0\.venv\Lib\site-packages\pycycle\elements\turbine.py:40: RuntimeWarning: invalid value encountered in sqrt
  outputs['Wp'] = inputs['W_in'] * inputs['Tt']**0.5 / inputs['Pt']
C:\Users\MEO\Desktop\Projects\JetEngine\boomsonic_v0\.venv\Lib\site-packages\pycycle\elements\turbine.py:41: RuntimeWarning: invalid value encountered in power
  outputs['Np'] = inputs['Nmech'] * inputs['Tt']**-0.5
C:\Users\MEO\Desktop\Projects\JetEngine\boomsonic_v0\.venv\Lib\site-packages\pycycle\thermo\static_ps_resid.py:128: RuntimeWarning: invalid value encountered in sqrt
  Vsonic = (i['gamma']*i['R']*i['Ts'])**0.5
C:\Users\MEO\Desktop\Projects\JetEngine\boomsonic_v0\.venv\Lib\site-packages\pycycle\elements\turbine.py:89: RuntimeWarning: invalid value encountered in log
  outputs['eff_poly'] = 1 + (S_out-S_in)/(Rt*np.log(invPR))
C:\Users\MEO\Desktop\Projects\JetEngine\boomsonic_v0\.venv\Lib\site-packages\pycycle\thermo\static_ps_resid.py:108: RuntimeWarning: invalid value encountered in sqrt
  Vsonic = (i['gamma']*i['R']*i['Ts'])**0.5
C:\Users\MEO\Desktop\Projects\JetEngine\boomsonic_v0\.venv\Lib\site-packages\pycycle\thermo\static_ps_calc.py:32: RuntimeWarning: invalid value encountered in sqrt
  outputs['Vsonic'] = Vsonic = np.sqrt(inputs['gamma'] * inputs['R'] * inputs['Ts'])
C:\Users\MEO\Desktop\Projects\JetEngine\boomsonic_v0\.venv\Lib\site-packages\openmdao\solvers\solver.py:819: SolverWarning:Your model has stalled three times and may be violating the bounds. In the future, turn on print_bound_enforce in your solver options here: 
OD0.burner.vitiated_flow.nonlinear_solver.linesearch.options['print_bound_enforce']=True. 
The bound(s) being violated now are:

C:\Users\MEO\Desktop\Projects\JetEngine\boomsonic_v0\.venv\Lib\site-packages\openmdao\solvers\linesearch\backtracking.py:35: SolverWarning:'OD0.burner.vitiated_flow.balance.T' exceeds upper bounds
  Val: [3498.09371294]
  Upper: [2500.]

C:\Users\MEO\Desktop\Projects\JetEngine\boomsonic_v0\.venv\Lib\site-packages\pycycle\thermo\static_ps_resid.py:128: RuntimeWarning: invalid value encountered in sqrt
  Vsonic = (i['gamma']*i['R']*i['Ts'])**0.5
C:\Users\MEO\Desktop\Projects\JetEngine\boomsonic_v0\.venv\Lib\site-packages\pycycle\thermo\static_ps_resid.py:128: RuntimeWarning: invalid value encountered in sqrt
  Vsonic = (i['gamma']*i['R']*i['Ts'])**0.5
C:\Users\MEO\Desktop\Projects\JetEngine\boomsonic_v0\.venv\Lib\site-packages\pycycle\thermo\static_ps_resid.py:128: RuntimeWarning: invalid value encountered in sqrt
  Vsonic = (i['gamma']*i['R']*i['Ts'])**0.5
C:\Users\MEO\Desktop\Projects\JetEngine\boomsonic_v0\.venv\Lib\site-packages\pycycle\thermo\static_ps_resid.py:128: RuntimeWarning: invalid value encountered in sqrt
  Vsonic = (i['gamma']*i['R']*i['Ts'])**0.5
C:\Users\MEO\Desktop\Projects\JetEngine\boomsonic_v0\.venv\Lib\site-packages\pycycle\thermo\static_ps_resid.py:128: RuntimeWarning: invalid value encountered in sqrt
  Vsonic = (i['gamma']*i['R']*i['Ts'])**0.5
C:\Users\MEO\Desktop\Projects\JetEngine\boomsonic_v0\.venv\Lib\site-packages\openmdao\solvers\solver.py:819: SolverWarning:Your model has stalled three times and may be violating the bounds. In the future, turn on print_bound_enforce in your solver options here: 
OD0.turb.real_flow_b4bld.nonlinear_solver.linesearch.options['print_bound_enforce']=True. 
The bound(s) being violated now are:

C:\Users\MEO\Desktop\Projects\JetEngine\boomsonic_v0\.venv\Lib\site-packages\openmdao\solvers\linesearch\backtracking.py:35: SolverWarning:'OD0.turb.real_flow_b4bld.balance.T' exceeds upper bounds
  Val: [2822.93830719]
  Upper: [2500.]

C:\Users\MEO\Desktop\Projects\JetEngine\boomsonic_v0\.venv\Lib\site-packages\openmdao\solvers\solver.py:819: SolverWarning:Your model has stalled three times and may be violating the bounds. In the future, turn on print_bound_enforce in your solver options here: 
OD0.turb.real_flow.nonlinear_solver.linesearch.options['print_bound_enforce']=True. 
The bound(s) being violated now are:

C:\Users\MEO\Desktop\Projects\JetEngine\boomsonic_v0\.venv\Lib\site-packages\openmdao\solvers\linesearch\backtracking.py:35: SolverWarning:'OD0.turb.real_flow.balance.T' exceeds upper bounds
  Val: [2822.93830719]
  Upper: [2500.]

C:\Users\MEO\Desktop\Projects\JetEngine\boomsonic_v0\.venv\Lib\site-packages\pycycle\thermo\static_ps_resid.py:128: RuntimeWarning: invalid value encountered in sqrt
  Vsonic = (i['gamma']*i['R']*i['Ts'])**0.5
C:\Users\MEO\Desktop\Projects\JetEngine\boomsonic_v0\.venv\Lib\site-packages\openmdao\solvers\solver.py:819: SolverWarning:Your model has stalled three times and may be violating the bounds. In the future, turn on print_bound_enforce in your solver options here: 
OD0.turb.out_stat.nonlinear_solver.linesearch.options['print_bound_enforce']=True. 
The bound(s) being violated now are:

C:\Users\MEO\Desktop\Projects\JetEngine\boomsonic_v0\.venv\Lib\site-packages\openmdao\solvers\linesearch\backtracking.py:35: SolverWarning:'OD0.turb.out_stat.balance.T' exceeds upper bounds
  Val: [4328.45301204]
  Upper: [2500.]

C:\Users\MEO\Desktop\Projects\JetEngine\boomsonic_v0\.venv\Lib\site-packages\openmdao\solvers\solver.py:819: SolverWarning:Your model has stalled three times and may be violating the bounds. In the future, turn on print_bound_enforce in your solver options here: 
OD0.nozz.throat_total.nonlinear_solver.linesearch.options['print_bound_enforce']=True. 
The bound(s) being violated now are:

C:\Users\MEO\Desktop\Projects\JetEngine\boomsonic_v0\.venv\Lib\site-packages\openmdao\solvers\linesearch\backtracking.py:35: SolverWarning:'OD0.nozz.throat_total.balance.T' exceeds upper bounds
  Val: [2822.93830719]
  Upper: [2500.]

C:\Users\MEO\Desktop\Projects\JetEngine\boomsonic_v0\.venv\Lib\site-packages\pycycle\thermo\static_ps_resid.py:108: RuntimeWarning: invalid value encountered in sqrt
  Vsonic = (i['gamma']*i['R']*i['Ts'])**0.5
C:\Users\MEO\Desktop\Projects\JetEngine\boomsonic_v0\.venv\Lib\site-packages\openmdao\solvers\solver.py:819: SolverWarning:Your model has stalled three times and may be violating the bounds. In the future, turn on print_bound_enforce in your solver options here: 
OD0.nozz.staticMN.nonlinear_solver.linesearch.options['print_bound_enforce']=True. 
The bound(s) being violated now are:

C:\Users\MEO\Desktop\Projects\JetEngine\boomsonic_v0\.venv\Lib\site-packages\openmdao\solvers\linesearch\backtracking.py:35: SolverWarning:'OD0.nozz.staticMN.balance.T' exceeds upper bounds
  Val: [4143.01113133]
  Upper: [2500.]

C:\Users\MEO\Desktop\Projects\JetEngine\boomsonic_v0\.venv\Lib\site-packages\pycycle\thermo\static_ps_resid.py:128: RuntimeWarning: invalid value encountered in sqrt
  Vsonic = (i['gamma']*i['R']*i['Ts'])**0.5
