C:\Users\MEO\Desktop\Projects\JetEngine\boomsonic_v0\.venv\Lib\site-packages\pycycle\elements\turbine.py:40: RuntimeWarning: invalid value encountered in sqrt
  outputs['Wp'] = inputs['W_in'] * inputs['Tt']**0.5 / inputs['Pt']
C:\Users\MEO\Desktop\Projects\JetEngine\boomsonic_v0\.venv\Lib\site-packages\pycycle\elements\turbine.py:41: RuntimeWarning: invalid value encountered in power
  outputs['Np'] = inputs['Nmech'] * inputs['Tt']**-0.5
C:\Users\MEO\Desktop\Projects\JetEngine\boomsonic_v0\.venv\Lib\site-packages\openmdao\solvers\solver.py:819: SolverWarning:Your model has stalled three times and may be violating the bounds. In the future, turn on print_bound_enforce in your solver options here: 
OD0.inlet.out_stat.nonlinear_solver.linesearch.options['print_bound_enforce']=True. 
The bound(s) being violated now are:

C:\Users\MEO\Desktop\Projects\JetEngine\boomsonic_v0\.venv\Lib\site-packages\openmdao\solvers\linesearch\backtracking.py:39: SolverWarning:'OD0.inlet.out_stat.balance.T' exceeds lower bounds
  Val: [-224.71974773]
  Lower: [150.]

C:\Users\MEO\Desktop\Projects\JetEngine\boomsonic_v0\.venv\Lib\site-packages\openmdao\solvers\linesearch\backtracking.py:39: SolverWarning:'OD0.inlet.out_stat.ps_resid.Ps' exceeds lower bounds
  Val: [-0.00109596]
  Lower: [-0.0009009]

C:\Users\MEO\Desktop\Projects\JetEngine\boomsonic_v0\.venv\Lib\site-packages\openmdao\solvers\solver.py:819: SolverWarning:Your model has stalled three times and may be violating the bounds. In the future, turn on print_bound_enforce in your solver options here: 
OD0.duct.out_stat.nonlinear_solver.linesearch.options['print_bound_enforce']=True. 
The bound(s) being violated now are:

C:\Users\MEO\Desktop\Projects\JetEngine\boomsonic_v0\.venv\Lib\site-packages\openmdao\solvers\linesearch\backtracking.py:39: SolverWarning:'OD0.duct.out_stat.balance.T' exceeds lower bounds
  Val: [-222.75125009]
  Lower: [150.]

C:\Users\MEO\Desktop\Projects\JetEngine\boomsonic_v0\.venv\Lib\site-packages\openmdao\solvers\linesearch\backtracking.py:39: SolverWarning:'OD0.duct.out_stat.ps_resid.Ps' exceeds lower bounds
  Val: [-0.00109467]
  Lower: [-0.0009009]

C:\Users\MEO\Desktop\Projects\JetEngine\boomsonic_v0\.venv\Lib\site-packages\openmdao\solvers\solver.py:819: SolverWarning:Your model has stalled three times and may be violating the bounds. In the future, turn on print_bound_enforce in your solver options here: 
OD0.comp.ideal_flow.nonlinear_solver.linesearch.options['print_bound_enforce']=True. 
The bound(s) being violated now are:

C:\Users\MEO\Desktop\Projects\JetEngine\boomsonic_v0\.venv\Lib\site-packages\openmdao\solvers\linesearch\backtracking.py:39: SolverWarning:'OD0.comp.ideal_flow.balance.T' exceeds lower bounds
  Val: [-3.03258294e+10]
  Lower: [150.]

C:\Users\MEO\Desktop\Projects\JetEngine\boomsonic_v0\.venv\Lib\site-packages\pycycle\elements\compressor.py:75: RuntimeWarning: invalid value encountered in log
  outputs['eff_poly'] = Rt * np.log(PR) / ( Rt*np.log(PR) + S_out - S_in )
C:\Users\MEO\Desktop\Projects\JetEngine\boomsonic_v0\.venv\Lib\site-packages\pycycle\thermo\static_ps_resid.py:128: RuntimeWarning: invalid value encountered in sqrt
  Vsonic = (i['gamma']*i['R']*i['Ts'])**0.5
C:\Users\MEO\Desktop\Projects\JetEngine\boomsonic_v0\.venv\Lib\site-packages\pycycle\thermo\static_ps_resid.py:128: RuntimeWarning: invalid value encountered in sqrt
  Vsonic = (i['gamma']*i['R']*i['Ts'])**0.5
C:\Users\MEO\Desktop\Projects\JetEngine\boomsonic_v0\.venv\Lib\site-packages\pycycle\thermo\static_ps_resid.py:98: RuntimeWarning: invalid value encountered in power
  ps_guess = inputs['guess:Pt'] * (1 + (gamt-1)/2 * M_guess**2)**(-gamt/(gamt-1))
C:\Users\MEO\Desktop\Projects\JetEngine\boomsonic_v0\.venv\Lib\site-packages\pycycle\thermo\static_ps_resid.py:93: RuntimeWarning: invalid value encountered in power
  f1 = ps - inputs['guess:Pt'] * (1 + (gamt-1)/2 * M_guess**2)**(-gamt/(gamt-1))
C:\Users\MEO\Desktop\Projects\JetEngine\boomsonic_v0\.venv\Lib\site-packages\pycycle\thermo\static_ps_resid.py:94: RuntimeWarning: invalid value encountered in sqrt
  f2 = MN - inputs['W']*(R_UNIVERSAL_SI*inputs['Ts'])**0.5/(ps_guess*1.0e6*inputs['area']*gamt**0.5)
C:\Users\MEO\Desktop\Projects\JetEngine\boomsonic_v0\.venv\Lib\site-packages\pycycle\thermo\static_ps_resid.py:99: RuntimeWarning: The iteration is not making good progress, as measured by the 
 improvement from the last ten iterations.
  ps_guess, M_guess = fsolve(equations, (ps_guess, M_guess))
C:\Users\MEO\Desktop\Projects\JetEngine\boomsonic_v0\.venv\Lib\site-packages\pycycle\thermo\static_ps_resid.py:128: RuntimeWarning: invalid value encountered in sqrt
  Vsonic = (i['gamma']*i['R']*i['Ts'])**0.5
C:\Users\MEO\Desktop\Projects\JetEngine\boomsonic_v0\.venv\Lib\site-packages\pycycle\thermo\static_ps_resid.py:128: RuntimeWarning: invalid value encountered in sqrt
  Vsonic = (i['gamma']*i['R']*i['Ts'])**0.5
C:\Users\MEO\Desktop\Projects\JetEngine\boomsonic_v0\.venv\Lib\site-packages\pycycle\thermo\static_ps_resid.py:128: RuntimeWarning: invalid value encountered in sqrt
  Vsonic = (i['gamma']*i['R']*i['Ts'])**0.5
C:\Users\MEO\Desktop\Projects\JetEngine\boomsonic_v0\.venv\Lib\site-packages\pycycle\thermo\static_ps_resid.py:128: RuntimeWarning: invalid value encountered in sqrt
  Vsonic = (i['gamma']*i['R']*i['Ts'])**0.5
C:\Users\MEO\Desktop\Projects\JetEngine\boomsonic_v0\.venv\Lib\site-packages\pycycle\thermo\static_ps_resid.py:128: RuntimeWarning: invalid value encountered in sqrt
  Vsonic = (i['gamma']*i['R']*i['Ts'])**0.5
C:\Users\MEO\Desktop\Projects\JetEngine\boomsonic_v0\.venv\Lib\site-packages\pycycle\thermo\static_ps_resid.py:128: RuntimeWarning: invalid value encountered in sqrt
  Vsonic = (i['gamma']*i['R']*i['Ts'])**0.5
C:\Users\MEO\Desktop\Projects\JetEngine\boomsonic_v0\.venv\Lib\site-packages\pycycle\thermo\static_ps_resid.py:128: RuntimeWarning: invalid value encountered in sqrt
  Vsonic = (i['gamma']*i['R']*i['Ts'])**0.5
C:\Users\MEO\Desktop\Projects\JetEngine\boomsonic_v0\.venv\Lib\site-packages\pycycle\thermo\static_ps_resid.py:83: RuntimeWarning: invalid value encountered in power
  ps_guess = inputs['guess:Pt'] * (1 + (gamt-1)/2 * inputs['MN']**2)**(-gamt/(gamt-1))
C:\Users\MEO\Desktop\Projects\JetEngine\boomsonic_v0\.venv\Lib\site-packages\pycycle\thermo\static_ps_resid.py:108: RuntimeWarning: invalid value encountered in sqrt
  Vsonic = (i['gamma']*i['R']*i['Ts'])**0.5
C:\Users\MEO\Desktop\Projects\JetEngine\boomsonic_v0\.venv\Lib\site-packages\pycycle\thermo\static_ps_resid.py:108: RuntimeWarning: invalid value encountered in sqrt
  Vsonic = (i['gamma']*i['R']*i['Ts'])**0.5
C:\Users\MEO\Desktop\Projects\JetEngine\boomsonic_v0\.venv\Lib\site-packages\pycycle\thermo\static_ps_resid.py:108: RuntimeWarning: invalid value encountered in sqrt
  Vsonic = (i['gamma']*i['R']*i['Ts'])**0.5
C:\Users\MEO\Desktop\Projects\JetEngine\boomsonic_v0\.venv\Lib\site-packages\pycycle\thermo\static_ps_resid.py:108: RuntimeWarning: invalid value encountered in sqrt
  Vsonic = (i['gamma']*i['R']*i['Ts'])**0.5
C:\Users\MEO\Desktop\Projects\JetEngine\boomsonic_v0\.venv\Lib\site-packages\pycycle\thermo\static_ps_resid.py:108: RuntimeWarning: invalid value encountered in sqrt
  Vsonic = (i['gamma']*i['R']*i['Ts'])**0.5
C:\Users\MEO\Desktop\Projects\JetEngine\boomsonic_v0\.venv\Lib\site-packages\pycycle\thermo\static_ps_resid.py:108: RuntimeWarning: invalid value encountered in sqrt
  Vsonic = (i['gamma']*i['R']*i['Ts'])**0.5
C:\Users\MEO\Desktop\Projects\JetEngine\boomsonic_v0\.venv\Lib\site-packages\pycycle\thermo\static_ps_resid.py:108: RuntimeWarning: invalid value encountered in sqrt
  Vsonic = (i['gamma']*i['R']*i['Ts'])**0.5
C:\Users\MEO\Desktop\Projects\JetEngine\boomsonic_v0\.venv\Lib\site-packages\pycycle\thermo\static_ps_calc.py:32: RuntimeWarning: invalid value encountered in sqrt
  outputs['Vsonic'] = Vsonic = np.sqrt(inputs['gamma'] * inputs['R'] * inputs['Ts'])
C:\Users\MEO\Desktop\Projects\JetEngine\boomsonic_v0\.venv\Lib\site-packages\pycycle\thermo\static_ps_calc.py:32: RuntimeWarning: invalid value encountered in sqrt
  outputs['Vsonic'] = Vsonic = np.sqrt(inputs['gamma'] * inputs['R'] * inputs['Ts'])
C:\Users\MEO\Desktop\Projects\JetEngine\boomsonic_v0\.venv\Lib\site-packages\pycycle\elements\compressor.py:75: RuntimeWarning: invalid value encountered in log
  outputs['eff_poly'] = Rt * np.log(PR) / ( Rt*np.log(PR) + S_out - S_in )
C:\Users\MEO\Desktop\Projects\JetEngine\boomsonic_v0\.venv\Lib\site-packages\pycycle\thermo\static_ps_resid.py:128: RuntimeWarning: invalid value encountered in sqrt
  Vsonic = (i['gamma']*i['R']*i['Ts'])**0.5
C:\Users\MEO\Desktop\Projects\JetEngine\boomsonic_v0\.venv\Lib\site-packages\pycycle\thermo\static_ps_resid.py:108: RuntimeWarning: invalid value encountered in sqrt
  Vsonic = (i['gamma']*i['R']*i['Ts'])**0.5
C:\Users\MEO\Desktop\Projects\JetEngine\boomsonic_v0\.venv\Lib\site-packages\pycycle\thermo\static_ps_resid.py:128: RuntimeWarning: invalid value encountered in sqrt
  Vsonic = (i['gamma']*i['R']*i['Ts'])**0.5
C:\Users\MEO\Desktop\Projects\JetEngine\boomsonic_v0\.venv\Lib\site-packages\pycycle\thermo\static_ps_resid.py:98: RuntimeWarning: invalid value encountered in power
  ps_guess = inputs['guess:Pt'] * (1 + (gamt-1)/2 * M_guess**2)**(-gamt/(gamt-1))
C:\Users\MEO\Desktop\Projects\JetEngine\boomsonic_v0\.venv\Lib\site-packages\pycycle\thermo\static_ps_resid.py:93: RuntimeWarning: invalid value encountered in power
  f1 = ps - inputs['guess:Pt'] * (1 + (gamt-1)/2 * M_guess**2)**(-gamt/(gamt-1))
C:\Users\MEO\Desktop\Projects\JetEngine\boomsonic_v0\.venv\Lib\site-packages\pycycle\thermo\static_ps_resid.py:94: RuntimeWarning: invalid value encountered in sqrt
  f2 = MN - inputs['W']*(R_UNIVERSAL_SI*inputs['Ts'])**0.5/(ps_guess*1.0e6*inputs['area']*gamt**0.5)
C:\Users\MEO\Desktop\Projects\JetEngine\boomsonic_v0\.venv\Lib\site-packages\pycycle\thermo\static_ps_resid.py:99: RuntimeWarning: The iteration is not making good progress, as measured by the 
 improvement from the last ten iterations.
  ps_guess, M_guess = fsolve(equations, (ps_guess, M_guess))
C:\Users\MEO\Desktop\Projects\JetEngine\boomsonic_v0\.venv\Lib\site-packages\pycycle\thermo\static_ps_resid.py:108: RuntimeWarning: invalid value encountered in sqrt
  Vsonic = (i['gamma']*i['R']*i['Ts'])**0.5
C:\Users\MEO\Desktop\Projects\JetEngine\boomsonic_v0\.venv\Lib\site-packages\pycycle\thermo\static_ps_resid.py:83: RuntimeWarning: invalid value encountered in power
  ps_guess = inputs['guess:Pt'] * (1 + (gamt-1)/2 * inputs['MN']**2)**(-gamt/(gamt-1))
C:\Users\MEO\Desktop\Projects\JetEngine\boomsonic_v0\.venv\Lib\site-packages\openmdao\solvers\solver.py:819: SolverWarning:Your model has stalled three times and may be violating the bounds. In the future, turn on print_bound_enforce in your solver options here: 
OD0.inlet.out_stat.nonlinear_solver.linesearch.options['print_bound_enforce']=True. 
The bound(s) being violated now are:

C:\Users\MEO\Desktop\Projects\JetEngine\boomsonic_v0\.venv\Lib\site-packages\openmdao\solvers\linesearch\backtracking.py:39: SolverWarning:'OD0.inlet.out_stat.balance.T' exceeds lower bounds
  Val: [-224.7197476]
  Lower: [150.]

C:\Users\MEO\Desktop\Projects\JetEngine\boomsonic_v0\.venv\Lib\site-packages\openmdao\solvers\linesearch\backtracking.py:39: SolverWarning:'OD0.inlet.out_stat.ps_resid.Ps' exceeds lower bounds
  Val: [-0.00109596]
  Lower: [-0.0009009]

C:\Users\MEO\Desktop\Projects\JetEngine\boomsonic_v0\.venv\Lib\site-packages\openmdao\solvers\solver.py:819: SolverWarning:Your model has stalled three times and may be violating the bounds. In the future, turn on print_bound_enforce in your solver options here: 
OD0.duct.out_stat.nonlinear_solver.linesearch.options['print_bound_enforce']=True. 
The bound(s) being violated now are:

C:\Users\MEO\Desktop\Projects\JetEngine\boomsonic_v0\.venv\Lib\site-packages\openmdao\solvers\linesearch\backtracking.py:39: SolverWarning:'OD0.duct.out_stat.balance.T' exceeds lower bounds
  Val: [-222.75124996]
  Lower: [150.]

C:\Users\MEO\Desktop\Projects\JetEngine\boomsonic_v0\.venv\Lib\site-packages\openmdao\solvers\linesearch\backtracking.py:39: SolverWarning:'OD0.duct.out_stat.ps_resid.Ps' exceeds lower bounds
  Val: [-0.00109467]
  Lower: [-0.0009009]

C:\Users\MEO\Desktop\Projects\JetEngine\boomsonic_v0\.venv\Lib\site-packages\openmdao\solvers\solver.py:819: SolverWarning:Your model has stalled three times and may be violating the bounds. In the future, turn on print_bound_enforce in your solver options here: 
OD0.comp.ideal_flow.nonlinear_solver.linesearch.options['print_bound_enforce']=True. 
The bound(s) being violated now are:

C:\Users\MEO\Desktop\Projects\JetEngine\boomsonic_v0\.venv\Lib\site-packages\openmdao\solvers\linesearch\backtracking.py:39: SolverWarning:'OD0.comp.ideal_flow.balance.T' exceeds lower bounds
  Val: [-3.03258294e+10]
  Lower: [150.]

C:\Users\MEO\Desktop\Projects\JetEngine\boomsonic_v0\.venv\Lib\site-packages\pycycle\elements\compressor.py:75: RuntimeWarning: invalid value encountered in log
  outputs['eff_poly'] = Rt * np.log(PR) / ( Rt*np.log(PR) + S_out - S_in )
C:\Users\MEO\Desktop\Projects\JetEngine\boomsonic_v0\.venv\Lib\site-packages\pycycle\thermo\static_ps_resid.py:128: RuntimeWarning: invalid value encountered in sqrt
  Vsonic = (i['gamma']*i['R']*i['Ts'])**0.5
C:\Users\MEO\Desktop\Projects\JetEngine\boomsonic_v0\.venv\Lib\site-packages\pycycle\thermo\static_ps_resid.py:128: RuntimeWarning: invalid value encountered in sqrt
  Vsonic = (i['gamma']*i['R']*i['Ts'])**0.5
C:\Users\MEO\Desktop\Projects\JetEngine\boomsonic_v0\.venv\Lib\site-packages\pycycle\thermo\static_ps_resid.py:98: RuntimeWarning: invalid value encountered in power
  ps_guess = inputs['guess:Pt'] * (1 + (gamt-1)/2 * M_guess**2)**(-gamt/(gamt-1))
C:\Users\MEO\Desktop\Projects\JetEngine\boomsonic_v0\.venv\Lib\site-packages\pycycle\thermo\static_ps_resid.py:93: RuntimeWarning: invalid value encountered in power
  f1 = ps - inputs['guess:Pt'] * (1 + (gamt-1)/2 * M_guess**2)**(-gamt/(gamt-1))
C:\Users\MEO\Desktop\Projects\JetEngine\boomsonic_v0\.venv\Lib\site-packages\pycycle\thermo\static_ps_resid.py:94: RuntimeWarning: invalid value encountered in sqrt
  f2 = MN - inputs['W']*(R_UNIVERSAL_SI*inputs['Ts'])**0.5/(ps_guess*1.0e6*inputs['area']*gamt**0.5)
C:\Users\MEO\Desktop\Projects\JetEngine\boomsonic_v0\.venv\Lib\site-packages\pycycle\thermo\static_ps_resid.py:99: RuntimeWarning: The iteration is not making good progress, as measured by the 
 improvement from the last ten iterations.
  ps_guess, M_guess = fsolve(equations, (ps_guess, M_guess))
C:\Users\MEO\Desktop\Projects\JetEngine\boomsonic_v0\.venv\Lib\site-packages\pycycle\thermo\static_ps_resid.py:128: RuntimeWarning: invalid value encountered in sqrt
  Vsonic = (i['gamma']*i['R']*i['Ts'])**0.5
C:\Users\MEO\Desktop\Projects\JetEngine\boomsonic_v0\.venv\Lib\site-packages\pycycle\thermo\static_ps_resid.py:128: RuntimeWarning: invalid value encountered in sqrt
  Vsonic = (i['gamma']*i['R']*i['Ts'])**0.5
C:\Users\MEO\Desktop\Projects\JetEngine\boomsonic_v0\.venv\Lib\site-packages\pycycle\thermo\static_ps_resid.py:128: RuntimeWarning: invalid value encountered in sqrt
  Vsonic = (i['gamma']*i['R']*i['Ts'])**0.5
C:\Users\MEO\Desktop\Projects\JetEngine\boomsonic_v0\.venv\Lib\site-packages\openmdao\solvers\solver.py:819: SolverWarning:Your model has stalled three times and may be violating the bounds. In the future, turn on print_bound_enforce in your solver options here: 
OD0.turb.out_stat.nonlinear_solver.linesearch.options['print_bound_enforce']=True. 
The bound(s) being violated now are:

C:\Users\MEO\Desktop\Projects\JetEngine\boomsonic_v0\.venv\Lib\site-packages\openmdao\solvers\linesearch\backtracking.py:35: SolverWarning:'OD0.turb.out_stat.balance.T' exceeds upper bounds
  Val: [7.22645492e+10]
  Upper: [2500.]

C:\Users\MEO\Desktop\Projects\JetEngine\boomsonic_v0\.venv\Lib\site-packages\openmdao\solvers\linesearch\backtracking.py:39: SolverWarning:'OD0.turb.out_stat.ps_resid.Ps' exceeds lower bounds
  Val: [-4.58837532e+10]
  Lower: [-0.0009009]

C:\Users\MEO\Desktop\Projects\JetEngine\boomsonic_v0\.venv\Lib\site-packages\pycycle\thermo\static_ps_resid.py:128: RuntimeWarning: invalid value encountered in sqrt
  Vsonic = (i['gamma']*i['R']*i['Ts'])**0.5
C:\Users\MEO\Desktop\Projects\JetEngine\boomsonic_v0\.venv\Lib\site-packages\pycycle\thermo\static_ps_resid.py:108: RuntimeWarning: invalid value encountered in sqrt
  Vsonic = (i['gamma']*i['R']*i['Ts'])**0.5
C:\Users\MEO\Desktop\Projects\JetEngine\boomsonic_v0\.venv\Lib\site-packages\pycycle\thermo\static_ps_resid.py:83: RuntimeWarning: invalid value encountered in power
  ps_guess = inputs['guess:Pt'] * (1 + (gamt-1)/2 * inputs['MN']**2)**(-gamt/(gamt-1))
C:\Users\MEO\Desktop\Projects\JetEngine\boomsonic_v0\.venv\Lib\site-packages\pycycle\thermo\static_ps_resid.py:108: RuntimeWarning: invalid value encountered in sqrt
  Vsonic = (i['gamma']*i['R']*i['Ts'])**0.5
C:\Users\MEO\Desktop\Projects\JetEngine\boomsonic_v0\.venv\Lib\site-packages\pycycle\thermo\static_ps_resid.py:108: RuntimeWarning: invalid value encountered in sqrt
  Vsonic = (i['gamma']*i['R']*i['Ts'])**0.5
C:\Users\MEO\Desktop\Projects\JetEngine\boomsonic_v0\.venv\Lib\site-packages\pycycle\thermo\static_ps_resid.py:108: RuntimeWarning: invalid value encountered in sqrt
  Vsonic = (i['gamma']*i['R']*i['Ts'])**0.5
C:\Users\MEO\Desktop\Projects\JetEngine\boomsonic_v0\.venv\Lib\site-packages\pycycle\thermo\static_ps_resid.py:108: RuntimeWarning: invalid value encountered in sqrt
  Vsonic = (i['gamma']*i['R']*i['Ts'])**0.5
C:\Users\MEO\Desktop\Projects\JetEngine\boomsonic_v0\.venv\Lib\site-packages\pycycle\thermo\static_ps_resid.py:108: RuntimeWarning: invalid value encountered in sqrt
  Vsonic = (i['gamma']*i['R']*i['Ts'])**0.5
C:\Users\MEO\Desktop\Projects\JetEngine\boomsonic_v0\.venv\Lib\site-packages\pycycle\thermo\static_ps_resid.py:108: RuntimeWarning: invalid value encountered in sqrt
  Vsonic = (i['gamma']*i['R']*i['Ts'])**0.5
C:\Users\MEO\Desktop\Projects\JetEngine\boomsonic_v0\.venv\Lib\site-packages\pycycle\thermo\static_ps_resid.py:108: RuntimeWarning: invalid value encountered in sqrt
  Vsonic = (i['gamma']*i['R']*i['Ts'])**0.5
C:\Users\MEO\Desktop\Projects\JetEngine\boomsonic_v0\.venv\Lib\site-packages\pycycle\thermo\static_ps_resid.py:108: RuntimeWarning: invalid value encountered in sqrt
  Vsonic = (i['gamma']*i['R']*i['Ts'])**0.5
C:\Users\MEO\Desktop\Projects\JetEngine\boomsonic_v0\.venv\Lib\site-packages\pycycle\thermo\static_ps_resid.py:108: RuntimeWarning: invalid value encountered in sqrt
  Vsonic = (i['gamma']*i['R']*i['Ts'])**0.5
C:\Users\MEO\Desktop\Projects\JetEngine\boomsonic_v0\.venv\Lib\site-packages\pycycle\thermo\static_ps_resid.py:108: RuntimeWarning: invalid value encountered in sqrt
  Vsonic = (i['gamma']*i['R']*i['Ts'])**0.5
C:\Users\MEO\Desktop\Projects\JetEngine\boomsonic_v0\.venv\Lib\site-packages\pycycle\thermo\static_ps_resid.py:108: RuntimeWarning: invalid value encountered in sqrt
  Vsonic = (i['gamma']*i['R']*i['Ts'])**0.5
C:\Users\MEO\Desktop\Projects\JetEngine\boomsonic_v0\.venv\Lib\site-packages\pycycle\thermo\static_ps_calc.py:32: RuntimeWarning: invalid value encountered in sqrt
  outputs['Vsonic'] = Vsonic = np.sqrt(inputs['gamma'] * inputs['R'] * inputs['Ts'])
C:\Users\MEO\Desktop\Projects\JetEngine\boomsonic_v0\.venv\Lib\site-packages\pycycle\elements\compressor.py:75: RuntimeWarning: invalid value encountered in log
  outputs['eff_poly'] = Rt * np.log(PR) / ( Rt*np.log(PR) + S_out - S_in )
C:\Users\MEO\Desktop\Projects\JetEngine\boomsonic_v0\.venv\Lib\site-packages\pycycle\thermo\static_ps_resid.py:128: RuntimeWarning: invalid value encountered in sqrt
  Vsonic = (i['gamma']*i['R']*i['Ts'])**0.5
C:\Users\MEO\Desktop\Projects\JetEngine\boomsonic_v0\.venv\Lib\site-packages\pycycle\thermo\static_ps_resid.py:128: RuntimeWarning: invalid value encountered in sqrt
  Vsonic = (i['gamma']*i['R']*i['Ts'])**0.5
C:\Users\MEO\Desktop\Projects\JetEngine\boomsonic_v0\.venv\Lib\site-packages\pycycle\thermo\static_ps_resid.py:98: RuntimeWarning: invalid value encountered in power
  ps_guess = inputs['guess:Pt'] * (1 + (gamt-1)/2 * M_guess**2)**(-gamt/(gamt-1))
C:\Users\MEO\Desktop\Projects\JetEngine\boomsonic_v0\.venv\Lib\site-packages\pycycle\thermo\static_ps_resid.py:93: RuntimeWarning: invalid value encountered in power
  f1 = ps - inputs['guess:Pt'] * (1 + (gamt-1)/2 * M_guess**2)**(-gamt/(gamt-1))
C:\Users\MEO\Desktop\Projects\JetEngine\boomsonic_v0\.venv\Lib\site-packages\pycycle\thermo\static_ps_resid.py:94: RuntimeWarning: invalid value encountered in sqrt
  f2 = MN - inputs['W']*(R_UNIVERSAL_SI*inputs['Ts'])**0.5/(ps_guess*1.0e6*inputs['area']*gamt**0.5)
C:\Users\MEO\Desktop\Projects\JetEngine\boomsonic_v0\.venv\Lib\site-packages\pycycle\thermo\static_ps_resid.py:99: RuntimeWarning: The iteration is not making good progress, as measured by the 
 improvement from the last ten iterations.
  ps_guess, M_guess = fsolve(equations, (ps_guess, M_guess))
C:\Users\MEO\Desktop\Projects\JetEngine\boomsonic_v0\.venv\Lib\site-packages\pycycle\thermo\static_ps_resid.py:108: RuntimeWarning: invalid value encountered in sqrt
  Vsonic = (i['gamma']*i['R']*i['Ts'])**0.5
C:\Users\MEO\Desktop\Projects\JetEngine\boomsonic_v0\.venv\Lib\site-packages\pycycle\thermo\static_ps_resid.py:83: RuntimeWarning: invalid value encountered in power
  ps_guess = inputs['guess:Pt'] * (1 + (gamt-1)/2 * inputs['MN']**2)**(-gamt/(gamt-1))
C:\Users\MEO\Desktop\Projects\JetEngine\boomsonic_v0\.venv\Lib\site-packages\openmdao\solvers\solver.py:819: SolverWarning:Your model has stalled three times and may be violating the bounds. In the future, turn on print_bound_enforce in your solver options here: 
OD0.inlet.out_stat.nonlinear_solver.linesearch.options['print_bound_enforce']=True. 
The bound(s) being violated now are:

C:\Users\MEO\Desktop\Projects\JetEngine\boomsonic_v0\.venv\Lib\site-packages\openmdao\solvers\linesearch\backtracking.py:39: SolverWarning:'OD0.inlet.out_stat.balance.T' exceeds lower bounds
  Val: [-224.71974758]
  Lower: [150.]

C:\Users\MEO\Desktop\Projects\JetEngine\boomsonic_v0\.venv\Lib\site-packages\openmdao\solvers\linesearch\backtracking.py:39: SolverWarning:'OD0.inlet.out_stat.ps_resid.Ps' exceeds lower bounds
  Val: [-0.00109596]
  Lower: [-0.0009009]

C:\Users\MEO\Desktop\Projects\JetEngine\boomsonic_v0\.venv\Lib\site-packages\openmdao\solvers\solver.py:819: SolverWarning:Your model has stalled three times and may be violating the bounds. In the future, turn on print_bound_enforce in your solver options here: 
OD0.duct.out_stat.nonlinear_solver.linesearch.options['print_bound_enforce']=True. 
The bound(s) being violated now are:

C:\Users\MEO\Desktop\Projects\JetEngine\boomsonic_v0\.venv\Lib\site-packages\openmdao\solvers\linesearch\backtracking.py:39: SolverWarning:'OD0.duct.out_stat.balance.T' exceeds lower bounds
  Val: [-222.75124993]
  Lower: [150.]

C:\Users\MEO\Desktop\Projects\JetEngine\boomsonic_v0\.venv\Lib\site-packages\openmdao\solvers\linesearch\backtracking.py:39: SolverWarning:'OD0.duct.out_stat.ps_resid.Ps' exceeds lower bounds
  Val: [-0.00109467]
  Lower: [-0.0009009]

C:\Users\MEO\Desktop\Projects\JetEngine\boomsonic_v0\.venv\Lib\site-packages\openmdao\solvers\solver.py:819: SolverWarning:Your model has stalled three times and may be violating the bounds. In the future, turn on print_bound_enforce in your solver options here: 
OD0.comp.ideal_flow.nonlinear_solver.linesearch.options['print_bound_enforce']=True. 
The bound(s) being violated now are:

C:\Users\MEO\Desktop\Projects\JetEngine\boomsonic_v0\.venv\Lib\site-packages\openmdao\solvers\linesearch\backtracking.py:39: SolverWarning:'OD0.comp.ideal_flow.balance.T' exceeds lower bounds
  Val: [-3.03258294e+10]
  Lower: [150.]

C:\Users\MEO\Desktop\Projects\JetEngine\boomsonic_v0\.venv\Lib\site-packages\pycycle\elements\compressor.py:75: RuntimeWarning: invalid value encountered in log
  outputs['eff_poly'] = Rt * np.log(PR) / ( Rt*np.log(PR) + S_out - S_in )
C:\Users\MEO\Desktop\Projects\JetEngine\boomsonic_v0\.venv\Lib\site-packages\pycycle\thermo\static_ps_resid.py:128: RuntimeWarning: invalid value encountered in sqrt
  Vsonic = (i['gamma']*i['R']*i['Ts'])**0.5
C:\Users\MEO\Desktop\Projects\JetEngine\boomsonic_v0\.venv\Lib\site-packages\pycycle\thermo\static_ps_resid.py:98: RuntimeWarning: invalid value encountered in power
  ps_guess = inputs['guess:Pt'] * (1 + (gamt-1)/2 * M_guess**2)**(-gamt/(gamt-1))
C:\Users\MEO\Desktop\Projects\JetEngine\boomsonic_v0\.venv\Lib\site-packages\pycycle\thermo\static_ps_resid.py:93: RuntimeWarning: invalid value encountered in power
  f1 = ps - inputs['guess:Pt'] * (1 + (gamt-1)/2 * M_guess**2)**(-gamt/(gamt-1))
C:\Users\MEO\Desktop\Projects\JetEngine\boomsonic_v0\.venv\Lib\site-packages\pycycle\thermo\static_ps_resid.py:94: RuntimeWarning: invalid value encountered in sqrt
  f2 = MN - inputs['W']*(R_UNIVERSAL_SI*inputs['Ts'])**0.5/(ps_guess*1.0e6*inputs['area']*gamt**0.5)
C:\Users\MEO\Desktop\Projects\JetEngine\boomsonic_v0\.venv\Lib\site-packages\pycycle\thermo\static_ps_resid.py:99: RuntimeWarning: The iteration is not making good progress, as measured by the 
 improvement from the last ten iterations.
  ps_guess, M_guess = fsolve(equations, (ps_guess, M_guess))
C:\Users\MEO\Desktop\Projects\JetEngine\boomsonic_v0\.venv\Lib\site-packages\pycycle\thermo\static_ps_resid.py:128: RuntimeWarning: invalid value encountered in sqrt
  Vsonic = (i['gamma']*i['R']*i['Ts'])**0.5
C:\Users\MEO\Desktop\Projects\JetEngine\boomsonic_v0\.venv\Lib\site-packages\pycycle\thermo\static_ps_resid.py:128: RuntimeWarning: invalid value encountered in sqrt
  Vsonic = (i['gamma']*i['R']*i['Ts'])**0.5
C:\Users\MEO\Desktop\Projects\JetEngine\boomsonic_v0\.venv\Lib\site-packages\pycycle\thermo\static_ps_resid.py:128: RuntimeWarning: invalid value encountered in sqrt
  Vsonic = (i['gamma']*i['R']*i['Ts'])**0.5
C:\Users\MEO\Desktop\Projects\JetEngine\boomsonic_v0\.venv\Lib\site-packages\pycycle\thermo\static_ps_resid.py:128: RuntimeWarning: invalid value encountered in sqrt
  Vsonic = (i['gamma']*i['R']*i['Ts'])**0.5
C:\Users\MEO\Desktop\Projects\JetEngine\boomsonic_v0\.venv\Lib\site-packages\pycycle\thermo\static_ps_resid.py:128: RuntimeWarning: invalid value encountered in sqrt
  Vsonic = (i['gamma']*i['R']*i['Ts'])**0.5
C:\Users\MEO\Desktop\Projects\JetEngine\boomsonic_v0\.venv\Lib\site-packages\pycycle\thermo\static_ps_resid.py:128: RuntimeWarning: invalid value encountered in sqrt
  Vsonic = (i['gamma']*i['R']*i['Ts'])**0.5
C:\Users\MEO\Desktop\Projects\JetEngine\boomsonic_v0\.venv\Lib\site-packages\pycycle\thermo\static_ps_resid.py:128: RuntimeWarning: invalid value encountered in sqrt
  Vsonic = (i['gamma']*i['R']*i['Ts'])**0.5
C:\Users\MEO\Desktop\Projects\JetEngine\boomsonic_v0\.venv\Lib\site-packages\pycycle\thermo\static_ps_resid.py:128: RuntimeWarning: invalid value encountered in sqrt
  Vsonic = (i['gamma']*i['R']*i['Ts'])**0.5
C:\Users\MEO\Desktop\Projects\JetEngine\boomsonic_v0\.venv\Lib\site-packages\pycycle\thermo\static_ps_resid.py:128: RuntimeWarning: invalid value encountered in sqrt
  Vsonic = (i['gamma']*i['R']*i['Ts'])**0.5
C:\Users\MEO\Desktop\Projects\JetEngine\boomsonic_v0\.venv\Lib\site-packages\pycycle\thermo\static_ps_resid.py:108: RuntimeWarning: invalid value encountered in sqrt
  Vsonic = (i['gamma']*i['R']*i['Ts'])**0.5
C:\Users\MEO\Desktop\Projects\JetEngine\boomsonic_v0\.venv\Lib\site-packages\pycycle\thermo\static_ps_resid.py:83: RuntimeWarning: invalid value encountered in power
  ps_guess = inputs['guess:Pt'] * (1 + (gamt-1)/2 * inputs['MN']**2)**(-gamt/(gamt-1))
C:\Users\MEO\Desktop\Projects\JetEngine\boomsonic_v0\.venv\Lib\site-packages\pycycle\thermo\static_ps_resid.py:108: RuntimeWarning: invalid value encountered in sqrt
  Vsonic = (i['gamma']*i['R']*i['Ts'])**0.5
C:\Users\MEO\Desktop\Projects\JetEngine\boomsonic_v0\.venv\Lib\site-packages\pycycle\thermo\static_ps_resid.py:108: RuntimeWarning: invalid value encountered in sqrt
  Vsonic = (i['gamma']*i['R']*i['Ts'])**0.5
C:\Users\MEO\Desktop\Projects\JetEngine\boomsonic_v0\.venv\Lib\site-packages\pycycle\thermo\static_ps_resid.py:108: RuntimeWarning: invalid value encountered in sqrt
  Vsonic = (i['gamma']*i['R']*i['Ts'])**0.5
C:\Users\MEO\Desktop\Projects\JetEngine\boomsonic_v0\.venv\Lib\site-packages\pycycle\thermo\static_ps_resid.py:108: RuntimeWarning: invalid value encountered in sqrt
  Vsonic = (i['gamma']*i['R']*i['Ts'])**0.5
C:\Users\MEO\Desktop\Projects\JetEngine\boomsonic_v0\.venv\Lib\site-packages\pycycle\thermo\static_ps_resid.py:108: RuntimeWarning: invalid value encountered in sqrt
  Vsonic = (i['gamma']*i['R']*i['Ts'])**0.5
C:\Users\MEO\Desktop\Projects\JetEngine\boomsonic_v0\.venv\Lib\site-packages\pycycle\thermo\static_ps_resid.py:108: RuntimeWarning: invalid value encountered in sqrt
  Vsonic = (i['gamma']*i['R']*i['Ts'])**0.5
C:\Users\MEO\Desktop\Projects\JetEngine\boomsonic_v0\.venv\Lib\site-packages\pycycle\thermo\static_ps_resid.py:108: RuntimeWarning: invalid value encountered in sqrt
  Vsonic = (i['gamma']*i['R']*i['Ts'])**0.5
C:\Users\MEO\Desktop\Projects\JetEngine\boomsonic_v0\.venv\Lib\site-packages\pycycle\thermo\static_ps_resid.py:108: RuntimeWarning: invalid value encountered in sqrt
  Vsonic = (i['gamma']*i['R']*i['Ts'])**0.5
C:\Users\MEO\Desktop\Projects\JetEngine\boomsonic_v0\.venv\Lib\site-packages\pycycle\thermo\static_ps_calc.py:32: RuntimeWarning: invalid value encountered in sqrt
  outputs['Vsonic'] = Vsonic = np.sqrt(inputs['gamma'] * inputs['R'] * inputs['Ts'])
C:\Users\MEO\Desktop\Projects\JetEngine\boomsonic_v0\.venv\Lib\site-packages\pycycle\elements\compressor.py:75: RuntimeWarning: invalid value encountered in log
  outputs['eff_poly'] = Rt * np.log(PR) / ( Rt*np.log(PR) + S_out - S_in )
C:\Users\MEO\Desktop\Projects\JetEngine\boomsonic_v0\.venv\Lib\site-packages\pycycle\thermo\static_ps_resid.py:128: RuntimeWarning: invalid value encountered in sqrt
  Vsonic = (i['gamma']*i['R']*i['Ts'])**0.5
C:\Users\MEO\Desktop\Projects\JetEngine\boomsonic_v0\.venv\Lib\site-packages\pycycle\thermo\static_ps_resid.py:128: RuntimeWarning: invalid value encountered in sqrt
  Vsonic = (i['gamma']*i['R']*i['Ts'])**0.5
C:\Users\MEO\Desktop\Projects\JetEngine\boomsonic_v0\.venv\Lib\site-packages\pycycle\thermo\static_ps_resid.py:98: RuntimeWarning: invalid value encountered in power
  ps_guess = inputs['guess:Pt'] * (1 + (gamt-1)/2 * M_guess**2)**(-gamt/(gamt-1))
C:\Users\MEO\Desktop\Projects\JetEngine\boomsonic_v0\.venv\Lib\site-packages\pycycle\thermo\static_ps_resid.py:93: RuntimeWarning: invalid value encountered in power
  f1 = ps - inputs['guess:Pt'] * (1 + (gamt-1)/2 * M_guess**2)**(-gamt/(gamt-1))
C:\Users\MEO\Desktop\Projects\JetEngine\boomsonic_v0\.venv\Lib\site-packages\pycycle\thermo\static_ps_resid.py:94: RuntimeWarning: invalid value encountered in sqrt
  f2 = MN - inputs['W']*(R_UNIVERSAL_SI*inputs['Ts'])**0.5/(ps_guess*1.0e6*inputs['area']*gamt**0.5)
C:\Users\MEO\Desktop\Projects\JetEngine\boomsonic_v0\.venv\Lib\site-packages\pycycle\thermo\static_ps_resid.py:99: RuntimeWarning: The iteration is not making good progress, as measured by the 
 improvement from the last ten iterations.
  ps_guess, M_guess = fsolve(equations, (ps_guess, M_guess))
C:\Users\MEO\Desktop\Projects\JetEngine\boomsonic_v0\.venv\Lib\site-packages\pycycle\thermo\static_ps_resid.py:108: RuntimeWarning: invalid value encountered in sqrt
  Vsonic = (i['gamma']*i['R']*i['Ts'])**0.5
C:\Users\MEO\Desktop\Projects\JetEngine\boomsonic_v0\.venv\Lib\site-packages\pycycle\thermo\static_ps_resid.py:83: RuntimeWarning: invalid value encountered in power
  ps_guess = inputs['guess:Pt'] * (1 + (gamt-1)/2 * inputs['MN']**2)**(-gamt/(gamt-1))
C:\Users\MEO\Desktop\Projects\JetEngine\boomsonic_v0\.venv\Lib\site-packages\openmdao\solvers\solver.py:819: SolverWarning:Your model has stalled three times and may be violating the bounds. In the future, turn on print_bound_enforce in your solver options here: 
OD0.inlet.out_stat.nonlinear_solver.linesearch.options['print_bound_enforce']=True. 
The bound(s) being violated now are:

C:\Users\MEO\Desktop\Projects\JetEngine\boomsonic_v0\.venv\Lib\site-packages\openmdao\solvers\linesearch\backtracking.py:39: SolverWarning:'OD0.inlet.out_stat.balance.T' exceeds lower bounds
  Val: [-224.71974758]
  Lower: [150.]

C:\Users\MEO\Desktop\Projects\JetEngine\boomsonic_v0\.venv\Lib\site-packages\openmdao\solvers\linesearch\backtracking.py:39: SolverWarning:'OD0.inlet.out_stat.ps_resid.Ps' exceeds lower bounds
  Val: [-0.00109596]
  Lower: [-0.0009009]

C:\Users\MEO\Desktop\Projects\JetEngine\boomsonic_v0\.venv\Lib\site-packages\openmdao\solvers\solver.py:819: SolverWarning:Your model has stalled three times and may be violating the bounds. In the future, turn on print_bound_enforce in your solver options here: 
OD0.duct.out_stat.nonlinear_solver.linesearch.options['print_bound_enforce']=True. 
The bound(s) being violated now are:

C:\Users\MEO\Desktop\Projects\JetEngine\boomsonic_v0\.venv\Lib\site-packages\openmdao\solvers\linesearch\backtracking.py:39: SolverWarning:'OD0.duct.out_stat.balance.T' exceeds lower bounds
  Val: [-222.75124993]
  Lower: [150.]

C:\Users\MEO\Desktop\Projects\JetEngine\boomsonic_v0\.venv\Lib\site-packages\openmdao\solvers\linesearch\backtracking.py:39: SolverWarning:'OD0.duct.out_stat.ps_resid.Ps' exceeds lower bounds
  Val: [-0.00109467]
  Lower: [-0.0009009]

C:\Users\MEO\Desktop\Projects\JetEngine\boomsonic_v0\.venv\Lib\site-packages\openmdao\solvers\solver.py:819: SolverWarning:Your model has stalled three times and may be violating the bounds. In the future, turn on print_bound_enforce in your solver options here: 
OD0.comp.ideal_flow.nonlinear_solver.linesearch.options['print_bound_enforce']=True. 
The bound(s) being violated now are:

C:\Users\MEO\Desktop\Projects\JetEngine\boomsonic_v0\.venv\Lib\site-packages\openmdao\solvers\linesearch\backtracking.py:39: SolverWarning:'OD0.comp.ideal_flow.balance.T' exceeds lower bounds
  Val: [-3.03258294e+10]
  Lower: [150.]

C:\Users\MEO\Desktop\Projects\JetEngine\boomsonic_v0\.venv\Lib\site-packages\pycycle\elements\compressor.py:75: RuntimeWarning: invalid value encountered in log
  outputs['eff_poly'] = Rt * np.log(PR) / ( Rt*np.log(PR) + S_out - S_in )
C:\Users\MEO\Desktop\Projects\JetEngine\boomsonic_v0\.venv\Lib\site-packages\pycycle\thermo\static_ps_resid.py:128: RuntimeWarning: invalid value encountered in sqrt
  Vsonic = (i['gamma']*i['R']*i['Ts'])**0.5
C:\Users\MEO\Desktop\Projects\JetEngine\boomsonic_v0\.venv\Lib\site-packages\pycycle\thermo\static_ps_resid.py:128: RuntimeWarning: invalid value encountered in sqrt
  Vsonic = (i['gamma']*i['R']*i['Ts'])**0.5
C:\Users\MEO\Desktop\Projects\JetEngine\boomsonic_v0\.venv\Lib\site-packages\pycycle\thermo\static_ps_resid.py:98: RuntimeWarning: invalid value encountered in power
  ps_guess = inputs['guess:Pt'] * (1 + (gamt-1)/2 * M_guess**2)**(-gamt/(gamt-1))
C:\Users\MEO\Desktop\Projects\JetEngine\boomsonic_v0\.venv\Lib\site-packages\pycycle\thermo\static_ps_resid.py:93: RuntimeWarning: invalid value encountered in power
  f1 = ps - inputs['guess:Pt'] * (1 + (gamt-1)/2 * M_guess**2)**(-gamt/(gamt-1))
C:\Users\MEO\Desktop\Projects\JetEngine\boomsonic_v0\.venv\Lib\site-packages\pycycle\thermo\static_ps_resid.py:94: RuntimeWarning: invalid value encountered in sqrt
  f2 = MN - inputs['W']*(R_UNIVERSAL_SI*inputs['Ts'])**0.5/(ps_guess*1.0e6*inputs['area']*gamt**0.5)
C:\Users\MEO\Desktop\Projects\JetEngine\boomsonic_v0\.venv\Lib\site-packages\pycycle\thermo\static_ps_resid.py:99: RuntimeWarning: The iteration is not making good progress, as measured by the 
 improvement from the last ten iterations.
  ps_guess, M_guess = fsolve(equations, (ps_guess, M_guess))
C:\Users\MEO\Desktop\Projects\JetEngine\boomsonic_v0\.venv\Lib\site-packages\pycycle\thermo\static_ps_resid.py:128: RuntimeWarning: invalid value encountered in sqrt
  Vsonic = (i['gamma']*i['R']*i['Ts'])**0.5
C:\Users\MEO\Desktop\Projects\JetEngine\boomsonic_v0\.venv\Lib\site-packages\pycycle\thermo\static_ps_resid.py:128: RuntimeWarning: invalid value encountered in sqrt
  Vsonic = (i['gamma']*i['R']*i['Ts'])**0.5
C:\Users\MEO\Desktop\Projects\JetEngine\boomsonic_v0\.venv\Lib\site-packages\pycycle\thermo\static_ps_resid.py:128: RuntimeWarning: invalid value encountered in sqrt
  Vsonic = (i['gamma']*i['R']*i['Ts'])**0.5
C:\Users\MEO\Desktop\Projects\JetEngine\boomsonic_v0\.venv\Lib\site-packages\openmdao\solvers\solver.py:819: SolverWarning:Your model has stalled three times and may be violating the bounds. In the future, turn on print_bound_enforce in your solver options here: 
OD0.turb.out_stat.nonlinear_solver.linesearch.options['print_bound_enforce']=True. 
The bound(s) being violated now are:

C:\Users\MEO\Desktop\Projects\JetEngine\boomsonic_v0\.venv\Lib\site-packages\openmdao\solvers\linesearch\backtracking.py:35: SolverWarning:'OD0.turb.out_stat.balance.T' exceeds upper bounds
  Val: [1.06772605e+11]
  Upper: [2500.]

C:\Users\MEO\Desktop\Projects\JetEngine\boomsonic_v0\.venv\Lib\site-packages\openmdao\solvers\linesearch\backtracking.py:39: SolverWarning:'OD0.turb.out_stat.ps_resid.Ps' exceeds lower bounds
  Val: [-2.23736864e+10]
  Lower: [-0.0009009]

C:\Users\MEO\Desktop\Projects\JetEngine\boomsonic_v0\.venv\Lib\site-packages\pycycle\thermo\static_ps_resid.py:108: RuntimeWarning: invalid value encountered in sqrt
  Vsonic = (i['gamma']*i['R']*i['Ts'])**0.5
C:\Users\MEO\Desktop\Projects\JetEngine\boomsonic_v0\.venv\Lib\site-packages\pycycle\thermo\static_ps_resid.py:83: RuntimeWarning: invalid value encountered in power
  ps_guess = inputs['guess:Pt'] * (1 + (gamt-1)/2 * inputs['MN']**2)**(-gamt/(gamt-1))
C:\Users\MEO\Desktop\Projects\JetEngine\boomsonic_v0\.venv\Lib\site-packages\pycycle\thermo\static_ps_resid.py:108: RuntimeWarning: invalid value encountered in sqrt
  Vsonic = (i['gamma']*i['R']*i['Ts'])**0.5
C:\Users\MEO\Desktop\Projects\JetEngine\boomsonic_v0\.venv\Lib\site-packages\pycycle\thermo\static_ps_resid.py:108: RuntimeWarning: invalid value encountered in sqrt
  Vsonic = (i['gamma']*i['R']*i['Ts'])**0.5
C:\Users\MEO\Desktop\Projects\JetEngine\boomsonic_v0\.venv\Lib\site-packages\pycycle\thermo\static_ps_resid.py:108: RuntimeWarning: invalid value encountered in sqrt
  Vsonic = (i['gamma']*i['R']*i['Ts'])**0.5
C:\Users\MEO\Desktop\Projects\JetEngine\boomsonic_v0\.venv\Lib\site-packages\pycycle\thermo\static_ps_calc.py:32: RuntimeWarning: invalid value encountered in sqrt
  outputs['Vsonic'] = Vsonic = np.sqrt(inputs['gamma'] * inputs['R'] * inputs['Ts'])
C:\Users\MEO\Desktop\Projects\JetEngine\boomsonic_v0\.venv\Lib\site-packages\pycycle\elements\compressor.py:75: RuntimeWarning: invalid value encountered in log
  outputs['eff_poly'] = Rt * np.log(PR) / ( Rt*np.log(PR) + S_out - S_in )
C:\Users\MEO\Desktop\Projects\JetEngine\boomsonic_v0\.venv\Lib\site-packages\pycycle\thermo\static_ps_resid.py:128: RuntimeWarning: invalid value encountered in sqrt
  Vsonic = (i['gamma']*i['R']*i['Ts'])**0.5
C:\Users\MEO\Desktop\Projects\JetEngine\boomsonic_v0\.venv\Lib\site-packages\openmdao\solvers\solver.py:819: SolverWarning:Your model has stalled three times and may be violating the bounds. In the future, turn on print_bound_enforce in your solver options here: 
DESIGN.turb.out_stat.nonlinear_solver.linesearch.options['print_bound_enforce']=True. 
The bound(s) being violated now are:

C:\Users\MEO\Desktop\Projects\JetEngine\boomsonic_v0\.venv\Lib\site-packages\pycycle\thermo\static_ps_resid.py:128: RuntimeWarning: invalid value encountered in sqrt
  Vsonic = (i['gamma']*i['R']*i['Ts'])**0.5
C:\Users\MEO\Desktop\Projects\JetEngine\boomsonic_v0\.venv\Lib\site-packages\pycycle\thermo\static_ps_resid.py:98: RuntimeWarning: invalid value encountered in power
  ps_guess = inputs['guess:Pt'] * (1 + (gamt-1)/2 * M_guess**2)**(-gamt/(gamt-1))
C:\Users\MEO\Desktop\Projects\JetEngine\boomsonic_v0\.venv\Lib\site-packages\pycycle\thermo\static_ps_resid.py:93: RuntimeWarning: invalid value encountered in power
  f1 = ps - inputs['guess:Pt'] * (1 + (gamt-1)/2 * M_guess**2)**(-gamt/(gamt-1))
C:\Users\MEO\Desktop\Projects\JetEngine\boomsonic_v0\.venv\Lib\site-packages\pycycle\thermo\static_ps_resid.py:94: RuntimeWarning: invalid value encountered in sqrt
  f2 = MN - inputs['W']*(R_UNIVERSAL_SI*inputs['Ts'])**0.5/(ps_guess*1.0e6*inputs['area']*gamt**0.5)
C:\Users\MEO\Desktop\Projects\JetEngine\boomsonic_v0\.venv\Lib\site-packages\pycycle\thermo\static_ps_resid.py:99: RuntimeWarning: The iteration is not making good progress, as measured by the 
 improvement from the last ten iterations.
  ps_guess, M_guess = fsolve(equations, (ps_guess, M_guess))
C:\Users\MEO\Desktop\Projects\JetEngine\boomsonic_v0\.venv\Lib\site-packages\pycycle\thermo\static_ps_resid.py:108: RuntimeWarning: invalid value encountered in sqrt
  Vsonic = (i['gamma']*i['R']*i['Ts'])**0.5
C:\Users\MEO\Desktop\Projects\JetEngine\boomsonic_v0\.venv\Lib\site-packages\pycycle\thermo\static_ps_resid.py:83: RuntimeWarning: invalid value encountered in power
  ps_guess = inputs['guess:Pt'] * (1 + (gamt-1)/2 * inputs['MN']**2)**(-gamt/(gamt-1))
C:\Users\MEO\Desktop\Projects\JetEngine\boomsonic_v0\.venv\Lib\site-packages\openmdao\solvers\solver.py:819: SolverWarning:Your model has stalled three times and may be violating the bounds. In the future, turn on print_bound_enforce in your solver options here: 
OD0.inlet.out_stat.nonlinear_solver.linesearch.options['print_bound_enforce']=True. 
The bound(s) being violated now are:

C:\Users\MEO\Desktop\Projects\JetEngine\boomsonic_v0\.venv\Lib\site-packages\openmdao\solvers\linesearch\backtracking.py:39: SolverWarning:'OD0.inlet.out_stat.balance.T' exceeds lower bounds
  Val: [-224.71977394]
  Lower: [150.]

C:\Users\MEO\Desktop\Projects\JetEngine\boomsonic_v0\.venv\Lib\site-packages\openmdao\solvers\linesearch\backtracking.py:39: SolverWarning:'OD0.inlet.out_stat.ps_resid.Ps' exceeds lower bounds
  Val: [-0.00109596]
  Lower: [-0.0009009]

C:\Users\MEO\Desktop\Projects\JetEngine\boomsonic_v0\.venv\Lib\site-packages\openmdao\solvers\solver.py:819: SolverWarning:Your model has stalled three times and may be violating the bounds. In the future, turn on print_bound_enforce in your solver options here: 
OD0.duct.out_stat.nonlinear_solver.linesearch.options['print_bound_enforce']=True. 
The bound(s) being violated now are:

C:\Users\MEO\Desktop\Projects\JetEngine\boomsonic_v0\.venv\Lib\site-packages\openmdao\solvers\linesearch\backtracking.py:39: SolverWarning:'OD0.duct.out_stat.balance.T' exceeds lower bounds
  Val: [-222.75127807]
  Lower: [150.]

C:\Users\MEO\Desktop\Projects\JetEngine\boomsonic_v0\.venv\Lib\site-packages\openmdao\solvers\linesearch\backtracking.py:39: SolverWarning:'OD0.duct.out_stat.ps_resid.Ps' exceeds lower bounds
  Val: [-0.00109467]
  Lower: [-0.0009009]

C:\Users\MEO\Desktop\Projects\JetEngine\boomsonic_v0\.venv\Lib\site-packages\openmdao\solvers\solver.py:819: SolverWarning:Your model has stalled three times and may be violating the bounds. In the future, turn on print_bound_enforce in your solver options here: 
OD0.comp.ideal_flow.nonlinear_solver.linesearch.options['print_bound_enforce']=True. 
The bound(s) being violated now are:

C:\Users\MEO\Desktop\Projects\JetEngine\boomsonic_v0\.venv\Lib\site-packages\openmdao\solvers\linesearch\backtracking.py:39: SolverWarning:'OD0.comp.ideal_flow.balance.T' exceeds lower bounds
  Val: [-3.03258294e+10]
  Lower: [150.]

C:\Users\MEO\Desktop\Projects\JetEngine\boomsonic_v0\.venv\Lib\site-packages\pycycle\elements\compressor.py:75: RuntimeWarning: invalid value encountered in log
  outputs['eff_poly'] = Rt * np.log(PR) / ( Rt*np.log(PR) + S_out - S_in )
C:\Users\MEO\Desktop\Projects\JetEngine\boomsonic_v0\.venv\Lib\site-packages\pycycle\thermo\static_ps_resid.py:128: RuntimeWarning: invalid value encountered in sqrt
  Vsonic = (i['gamma']*i['R']*i['Ts'])**0.5
C:\Users\MEO\Desktop\Projects\JetEngine\boomsonic_v0\.venv\Lib\site-packages\pycycle\thermo\static_ps_resid.py:98: RuntimeWarning: invalid value encountered in power
  ps_guess = inputs['guess:Pt'] * (1 + (gamt-1)/2 * M_guess**2)**(-gamt/(gamt-1))
C:\Users\MEO\Desktop\Projects\JetEngine\boomsonic_v0\.venv\Lib\site-packages\pycycle\thermo\static_ps_resid.py:93: RuntimeWarning: invalid value encountered in power
  f1 = ps - inputs['guess:Pt'] * (1 + (gamt-1)/2 * M_guess**2)**(-gamt/(gamt-1))
C:\Users\MEO\Desktop\Projects\JetEngine\boomsonic_v0\.venv\Lib\site-packages\pycycle\thermo\static_ps_resid.py:94: RuntimeWarning: invalid value encountered in sqrt
  f2 = MN - inputs['W']*(R_UNIVERSAL_SI*inputs['Ts'])**0.5/(ps_guess*1.0e6*inputs['area']*gamt**0.5)
C:\Users\MEO\Desktop\Projects\JetEngine\boomsonic_v0\.venv\Lib\site-packages\pycycle\thermo\static_ps_resid.py:99: RuntimeWarning: The iteration is not making good progress, as measured by the 
 improvement from the last ten iterations.
  ps_guess, M_guess = fsolve(equations, (ps_guess, M_guess))
C:\Users\MEO\Desktop\Projects\JetEngine\boomsonic_v0\.venv\Lib\site-packages\pycycle\thermo\static_ps_resid.py:128: RuntimeWarning: invalid value encountered in sqrt
  Vsonic = (i['gamma']*i['R']*i['Ts'])**0.5
C:\Users\MEO\Desktop\Projects\JetEngine\boomsonic_v0\.venv\Lib\site-packages\pycycle\thermo\static_ps_resid.py:128: RuntimeWarning: invalid value encountered in sqrt
  Vsonic = (i['gamma']*i['R']*i['Ts'])**0.5
C:\Users\MEO\Desktop\Projects\JetEngine\boomsonic_v0\.venv\Lib\site-packages\pycycle\thermo\static_ps_resid.py:128: RuntimeWarning: invalid value encountered in sqrt
  Vsonic = (i['gamma']*i['R']*i['Ts'])**0.5
C:\Users\MEO\Desktop\Projects\JetEngine\boomsonic_v0\.venv\Lib\site-packages\pycycle\thermo\static_ps_resid.py:128: RuntimeWarning: invalid value encountered in sqrt
  Vsonic = (i['gamma']*i['R']*i['Ts'])**0.5
C:\Users\MEO\Desktop\Projects\JetEngine\boomsonic_v0\.venv\Lib\site-packages\pycycle\thermo\static_ps_resid.py:128: RuntimeWarning: invalid value encountered in sqrt
  Vsonic = (i['gamma']*i['R']*i['Ts'])**0.5
C:\Users\MEO\Desktop\Projects\JetEngine\boomsonic_v0\.venv\Lib\site-packages\pycycle\thermo\static_ps_resid.py:128: RuntimeWarning: invalid value encountered in sqrt
  Vsonic = (i['gamma']*i['R']*i['Ts'])**0.5
C:\Users\MEO\Desktop\Projects\JetEngine\boomsonic_v0\.venv\Lib\site-packages\pycycle\thermo\static_ps_resid.py:128: RuntimeWarning: invalid value encountered in sqrt
  Vsonic = (i['gamma']*i['R']*i['Ts'])**0.5
C:\Users\MEO\Desktop\Projects\JetEngine\boomsonic_v0\.venv\Lib\site-packages\pycycle\thermo\static_ps_resid.py:128: RuntimeWarning: invalid value encountered in sqrt
  Vsonic = (i['gamma']*i['R']*i['Ts'])**0.5
C:\Users\MEO\Desktop\Projects\JetEngine\boomsonic_v0\.venv\Lib\site-packages\pycycle\thermo\static_ps_resid.py:128: RuntimeWarning: invalid value encountered in sqrt
  Vsonic = (i['gamma']*i['R']*i['Ts'])**0.5
C:\Users\MEO\Desktop\Projects\JetEngine\boomsonic_v0\.venv\Lib\site-packages\pycycle\thermo\static_ps_resid.py:128: RuntimeWarning: invalid value encountered in sqrt
  Vsonic = (i['gamma']*i['R']*i['Ts'])**0.5
C:\Users\MEO\Desktop\Projects\JetEngine\boomsonic_v0\.venv\Lib\site-packages\pycycle\thermo\static_ps_resid.py:128: RuntimeWarning: invalid value encountered in sqrt
  Vsonic = (i['gamma']*i['R']*i['Ts'])**0.5
C:\Users\MEO\Desktop\Projects\JetEngine\boomsonic_v0\.venv\Lib\site-packages\pycycle\thermo\static_ps_resid.py:128: RuntimeWarning: invalid value encountered in sqrt
  Vsonic = (i['gamma']*i['R']*i['Ts'])**0.5
C:\Users\MEO\Desktop\Projects\JetEngine\boomsonic_v0\.venv\Lib\site-packages\pycycle\thermo\static_ps_resid.py:108: RuntimeWarning: invalid value encountered in sqrt
  Vsonic = (i['gamma']*i['R']*i['Ts'])**0.5
C:\Users\MEO\Desktop\Projects\JetEngine\boomsonic_v0\.venv\Lib\site-packages\pycycle\thermo\static_ps_resid.py:83: RuntimeWarning: invalid value encountered in power
  ps_guess = inputs['guess:Pt'] * (1 + (gamt-1)/2 * inputs['MN']**2)**(-gamt/(gamt-1))
C:\Users\MEO\Desktop\Projects\JetEngine\boomsonic_v0\.venv\Lib\site-packages\pycycle\thermo\static_ps_resid.py:108: RuntimeWarning: invalid value encountered in sqrt
  Vsonic = (i['gamma']*i['R']*i['Ts'])**0.5
C:\Users\MEO\Desktop\Projects\JetEngine\boomsonic_v0\.venv\Lib\site-packages\openmdao\solvers\solver.py:819: SolverWarning:Your model has stalled three times and may be violating the bounds. In the future, turn on print_bound_enforce in your solver options here: 
OD0.nozz.staticMN.nonlinear_solver.linesearch.options['print_bound_enforce']=True. 
The bound(s) being violated now are:

C:\Users\MEO\Desktop\Projects\JetEngine\boomsonic_v0\.venv\Lib\site-packages\openmdao\solvers\linesearch\backtracking.py:35: SolverWarning:'OD0.nozz.staticMN.balance.T' exceeds upper bounds
  Val: [3.05890503e+10]
  Upper: [2500.]

C:\Users\MEO\Desktop\Projects\JetEngine\boomsonic_v0\.venv\Lib\site-packages\openmdao\solvers\linesearch\backtracking.py:39: SolverWarning:'OD0.nozz.staticMN.ps_resid.Ps' exceeds lower bounds
  Val: [-19243.73641999]
  Lower: [-0.0009009]

C:\Users\MEO\Desktop\Projects\JetEngine\boomsonic_v0\.venv\Lib\site-packages\pycycle\thermo\static_ps_resid.py:108: RuntimeWarning: invalid value encountered in sqrt
  Vsonic = (i['gamma']*i['R']*i['Ts'])**0.5
C:\Users\MEO\Desktop\Projects\JetEngine\boomsonic_v0\.venv\Lib\site-packages\pycycle\thermo\static_ps_resid.py:108: RuntimeWarning: invalid value encountered in sqrt
  Vsonic = (i['gamma']*i['R']*i['Ts'])**0.5
C:\Users\MEO\Desktop\Projects\JetEngine\boomsonic_v0\.venv\Lib\site-packages\pycycle\thermo\static_ps_calc.py:32: RuntimeWarning: invalid value encountered in sqrt
  outputs['Vsonic'] = Vsonic = np.sqrt(inputs['gamma'] * inputs['R'] * inputs['Ts'])
C:\Users\MEO\Desktop\Projects\JetEngine\boomsonic_v0\.venv\Lib\site-packages\pycycle\elements\compressor.py:75: RuntimeWarning: invalid value encountered in log
  outputs['eff_poly'] = Rt * np.log(PR) / ( Rt*np.log(PR) + S_out - S_in )
C:\Users\MEO\Desktop\Projects\JetEngine\boomsonic_v0\.venv\Lib\site-packages\pycycle\thermo\static_ps_resid.py:128: RuntimeWarning: invalid value encountered in sqrt
  Vsonic = (i['gamma']*i['R']*i['Ts'])**0.5
C:\Users\MEO\Desktop\Projects\JetEngine\boomsonic_v0\.venv\Lib\site-packages\pycycle\thermo\static_ps_calc.py:32: RuntimeWarning: invalid value encountered in sqrt
  outputs['Vsonic'] = Vsonic = np.sqrt(inputs['gamma'] * inputs['R'] * inputs['Ts'])
C:\Users\MEO\Desktop\Projects\JetEngine\boomsonic_v0\.venv\Lib\site-packages\pycycle\thermo\static_ps_resid.py:128: RuntimeWarning: invalid value encountered in sqrt
  Vsonic = (i['gamma']*i['R']*i['Ts'])**0.5
C:\Users\MEO\Desktop\Projects\JetEngine\boomsonic_v0\.venv\Lib\site-packages\pycycle\thermo\static_ps_resid.py:98: RuntimeWarning: invalid value encountered in power
  ps_guess = inputs['guess:Pt'] * (1 + (gamt-1)/2 * M_guess**2)**(-gamt/(gamt-1))
C:\Users\MEO\Desktop\Projects\JetEngine\boomsonic_v0\.venv\Lib\site-packages\pycycle\thermo\static_ps_resid.py:93: RuntimeWarning: invalid value encountered in power
  f1 = ps - inputs['guess:Pt'] * (1 + (gamt-1)/2 * M_guess**2)**(-gamt/(gamt-1))
C:\Users\MEO\Desktop\Projects\JetEngine\boomsonic_v0\.venv\Lib\site-packages\pycycle\thermo\static_ps_resid.py:94: RuntimeWarning: invalid value encountered in sqrt
  f2 = MN - inputs['W']*(R_UNIVERSAL_SI*inputs['Ts'])**0.5/(ps_guess*1.0e6*inputs['area']*gamt**0.5)
C:\Users\MEO\Desktop\Projects\JetEngine\boomsonic_v0\.venv\Lib\site-packages\pycycle\thermo\static_ps_resid.py:99: RuntimeWarning: The iteration is not making good progress, as measured by the 
 improvement from the last ten iterations.
  ps_guess, M_guess = fsolve(equations, (ps_guess, M_guess))
C:\Users\MEO\Desktop\Projects\JetEngine\boomsonic_v0\.venv\Lib\site-packages\pycycle\thermo\static_ps_resid.py:108: RuntimeWarning: invalid value encountered in sqrt
  Vsonic = (i['gamma']*i['R']*i['Ts'])**0.5
C:\Users\MEO\Desktop\Projects\JetEngine\boomsonic_v0\.venv\Lib\site-packages\pycycle\thermo\static_ps_resid.py:83: RuntimeWarning: invalid value encountered in power
  ps_guess = inputs['guess:Pt'] * (1 + (gamt-1)/2 * inputs['MN']**2)**(-gamt/(gamt-1))
C:\Users\MEO\Desktop\Projects\JetEngine\boomsonic_v0\.venv\Lib\site-packages\openmdao\solvers\solver.py:819: SolverWarning:Your model has stalled three times and may be violating the bounds. In the future, turn on print_bound_enforce in your solver options here: 
OD0.inlet.out_stat.nonlinear_solver.linesearch.options['print_bound_enforce']=True. 
The bound(s) being violated now are:

C:\Users\MEO\Desktop\Projects\JetEngine\boomsonic_v0\.venv\Lib\site-packages\openmdao\solvers\linesearch\backtracking.py:39: SolverWarning:'OD0.inlet.out_stat.balance.T' exceeds lower bounds
  Val: [-224.7197476]
  Lower: [150.]

C:\Users\MEO\Desktop\Projects\JetEngine\boomsonic_v0\.venv\Lib\site-packages\openmdao\solvers\linesearch\backtracking.py:39: SolverWarning:'OD0.inlet.out_stat.ps_resid.Ps' exceeds lower bounds
  Val: [-0.00109596]
  Lower: [-0.0009009]

C:\Users\MEO\Desktop\Projects\JetEngine\boomsonic_v0\.venv\Lib\site-packages\openmdao\solvers\solver.py:819: SolverWarning:Your model has stalled three times and may be violating the bounds. In the future, turn on print_bound_enforce in your solver options here: 
OD0.duct.out_stat.nonlinear_solver.linesearch.options['print_bound_enforce']=True. 
The bound(s) being violated now are:

C:\Users\MEO\Desktop\Projects\JetEngine\boomsonic_v0\.venv\Lib\site-packages\openmdao\solvers\linesearch\backtracking.py:39: SolverWarning:'OD0.duct.out_stat.balance.T' exceeds lower bounds
  Val: [-222.75124996]
  Lower: [150.]

C:\Users\MEO\Desktop\Projects\JetEngine\boomsonic_v0\.venv\Lib\site-packages\openmdao\solvers\linesearch\backtracking.py:39: SolverWarning:'OD0.duct.out_stat.ps_resid.Ps' exceeds lower bounds
  Val: [-0.00109467]
  Lower: [-0.0009009]

C:\Users\MEO\Desktop\Projects\JetEngine\boomsonic_v0\.venv\Lib\site-packages\openmdao\solvers\solver.py:819: SolverWarning:Your model has stalled three times and may be violating the bounds. In the future, turn on print_bound_enforce in your solver options here: 
OD0.comp.ideal_flow.nonlinear_solver.linesearch.options['print_bound_enforce']=True. 
The bound(s) being violated now are:

C:\Users\MEO\Desktop\Projects\JetEngine\boomsonic_v0\.venv\Lib\site-packages\openmdao\solvers\linesearch\backtracking.py:39: SolverWarning:'OD0.comp.ideal_flow.balance.T' exceeds lower bounds
  Val: [-3.03258294e+10]
  Lower: [150.]

C:\Users\MEO\Desktop\Projects\JetEngine\boomsonic_v0\.venv\Lib\site-packages\pycycle\elements\compressor.py:75: RuntimeWarning: invalid value encountered in log
  outputs['eff_poly'] = Rt * np.log(PR) / ( Rt*np.log(PR) + S_out - S_in )
C:\Users\MEO\Desktop\Projects\JetEngine\boomsonic_v0\.venv\Lib\site-packages\pycycle\thermo\static_ps_resid.py:128: RuntimeWarning: invalid value encountered in sqrt
  Vsonic = (i['gamma']*i['R']*i['Ts'])**0.5
C:\Users\MEO\Desktop\Projects\JetEngine\boomsonic_v0\.venv\Lib\site-packages\pycycle\thermo\static_ps_resid.py:128: RuntimeWarning: invalid value encountered in sqrt
  Vsonic = (i['gamma']*i['R']*i['Ts'])**0.5
C:\Users\MEO\Desktop\Projects\JetEngine\boomsonic_v0\.venv\Lib\site-packages\pycycle\thermo\static_ps_resid.py:98: RuntimeWarning: invalid value encountered in power
  ps_guess = inputs['guess:Pt'] * (1 + (gamt-1)/2 * M_guess**2)**(-gamt/(gamt-1))
C:\Users\MEO\Desktop\Projects\JetEngine\boomsonic_v0\.venv\Lib\site-packages\pycycle\thermo\static_ps_resid.py:93: RuntimeWarning: invalid value encountered in power
  f1 = ps - inputs['guess:Pt'] * (1 + (gamt-1)/2 * M_guess**2)**(-gamt/(gamt-1))
C:\Users\MEO\Desktop\Projects\JetEngine\boomsonic_v0\.venv\Lib\site-packages\pycycle\thermo\static_ps_resid.py:94: RuntimeWarning: invalid value encountered in sqrt
  f2 = MN - inputs['W']*(R_UNIVERSAL_SI*inputs['Ts'])**0.5/(ps_guess*1.0e6*inputs['area']*gamt**0.5)
C:\Users\MEO\Desktop\Projects\JetEngine\boomsonic_v0\.venv\Lib\site-packages\pycycle\thermo\static_ps_resid.py:99: RuntimeWarning: The iteration is not making good progress, as measured by the 
 improvement from the last ten iterations.
  ps_guess, M_guess = fsolve(equations, (ps_guess, M_guess))
C:\Users\MEO\Desktop\Projects\JetEngine\boomsonic_v0\.venv\Lib\site-packages\pycycle\thermo\static_ps_resid.py:128: RuntimeWarning: invalid value encountered in sqrt
  Vsonic = (i['gamma']*i['R']*i['Ts'])**0.5
C:\Users\MEO\Desktop\Projects\JetEngine\boomsonic_v0\.venv\Lib\site-packages\pycycle\thermo\static_ps_resid.py:128: RuntimeWarning: invalid value encountered in sqrt
  Vsonic = (i['gamma']*i['R']*i['Ts'])**0.5
C:\Users\MEO\Desktop\Projects\JetEngine\boomsonic_v0\.venv\Lib\site-packages\pycycle\thermo\static_ps_resid.py:128: RuntimeWarning: invalid value encountered in sqrt
  Vsonic = (i['gamma']*i['R']*i['Ts'])**0.5
C:\Users\MEO\Desktop\Projects\JetEngine\boomsonic_v0\.venv\Lib\site-packages\openmdao\solvers\solver.py:819: SolverWarning:Your model has stalled three times and may be violating the bounds. In the future, turn on print_bound_enforce in your solver options here: 
OD0.turb.out_stat.nonlinear_solver.linesearch.options['print_bound_enforce']=True. 
The bound(s) being violated now are:

C:\Users\MEO\Desktop\Projects\JetEngine\boomsonic_v0\.venv\Lib\site-packages\openmdao\solvers\linesearch\backtracking.py:35: SolverWarning:'OD0.turb.out_stat.balance.T' exceeds upper bounds
  Val: [7.53646509e+10]
  Upper: [2500.]

C:\Users\MEO\Desktop\Projects\JetEngine\boomsonic_v0\.venv\Lib\site-packages\openmdao\solvers\linesearch\backtracking.py:39: SolverWarning:'OD0.turb.out_stat.ps_resid.Ps' exceeds lower bounds
  Val: [-4.53615172e+10]
  Lower: [-0.0009009]

C:\Users\MEO\Desktop\Projects\JetEngine\boomsonic_v0\.venv\Lib\site-packages\pycycle\thermo\static_ps_resid.py:128: RuntimeWarning: invalid value encountered in sqrt
  Vsonic = (i['gamma']*i['R']*i['Ts'])**0.5
C:\Users\MEO\Desktop\Projects\JetEngine\boomsonic_v0\.venv\Lib\site-packages\pycycle\thermo\static_ps_resid.py:108: RuntimeWarning: invalid value encountered in sqrt
  Vsonic = (i['gamma']*i['R']*i['Ts'])**0.5
C:\Users\MEO\Desktop\Projects\JetEngine\boomsonic_v0\.venv\Lib\site-packages\pycycle\thermo\static_ps_resid.py:83: RuntimeWarning: invalid value encountered in power
  ps_guess = inputs['guess:Pt'] * (1 + (gamt-1)/2 * inputs['MN']**2)**(-gamt/(gamt-1))
C:\Users\MEO\Desktop\Projects\JetEngine\boomsonic_v0\.venv\Lib\site-packages\pycycle\thermo\static_ps_resid.py:108: RuntimeWarning: invalid value encountered in sqrt
  Vsonic = (i['gamma']*i['R']*i['Ts'])**0.5
C:\Users\MEO\Desktop\Projects\JetEngine\boomsonic_v0\.venv\Lib\site-packages\pycycle\thermo\static_ps_resid.py:108: RuntimeWarning: invalid value encountered in sqrt
  Vsonic = (i['gamma']*i['R']*i['Ts'])**0.5
C:\Users\MEO\Desktop\Projects\JetEngine\boomsonic_v0\.venv\Lib\site-packages\pycycle\thermo\static_ps_resid.py:108: RuntimeWarning: invalid value encountered in sqrt
  Vsonic = (i['gamma']*i['R']*i['Ts'])**0.5
C:\Users\MEO\Desktop\Projects\JetEngine\boomsonic_v0\.venv\Lib\site-packages\pycycle\thermo\static_ps_resid.py:108: RuntimeWarning: invalid value encountered in sqrt
  Vsonic = (i['gamma']*i['R']*i['Ts'])**0.5
C:\Users\MEO\Desktop\Projects\JetEngine\boomsonic_v0\.venv\Lib\site-packages\pycycle\thermo\static_ps_resid.py:108: RuntimeWarning: invalid value encountered in sqrt
  Vsonic = (i['gamma']*i['R']*i['Ts'])**0.5
C:\Users\MEO\Desktop\Projects\JetEngine\boomsonic_v0\.venv\Lib\site-packages\pycycle\thermo\static_ps_resid.py:108: RuntimeWarning: invalid value encountered in sqrt
  Vsonic = (i['gamma']*i['R']*i['Ts'])**0.5
C:\Users\MEO\Desktop\Projects\JetEngine\boomsonic_v0\.venv\Lib\site-packages\pycycle\thermo\static_ps_resid.py:108: RuntimeWarning: invalid value encountered in sqrt
  Vsonic = (i['gamma']*i['R']*i['Ts'])**0.5
C:\Users\MEO\Desktop\Projects\JetEngine\boomsonic_v0\.venv\Lib\site-packages\pycycle\thermo\static_ps_resid.py:108: RuntimeWarning: invalid value encountered in sqrt
  Vsonic = (i['gamma']*i['R']*i['Ts'])**0.5
C:\Users\MEO\Desktop\Projects\JetEngine\boomsonic_v0\.venv\Lib\site-packages\pycycle\thermo\static_ps_resid.py:108: RuntimeWarning: invalid value encountered in sqrt
  Vsonic = (i['gamma']*i['R']*i['Ts'])**0.5
C:\Users\MEO\Desktop\Projects\JetEngine\boomsonic_v0\.venv\Lib\site-packages\pycycle\thermo\static_ps_resid.py:108: RuntimeWarning: invalid value encountered in sqrt
  Vsonic = (i['gamma']*i['R']*i['Ts'])**0.5
C:\Users\MEO\Desktop\Projects\JetEngine\boomsonic_v0\.venv\Lib\site-packages\pycycle\thermo\static_ps_resid.py:108: RuntimeWarning: invalid value encountered in sqrt
  Vsonic = (i['gamma']*i['R']*i['Ts'])**0.5
C:\Users\MEO\Desktop\Projects\JetEngine\boomsonic_v0\.venv\Lib\site-packages\pycycle\thermo\static_ps_calc.py:32: RuntimeWarning: invalid value encountered in sqrt
  outputs['Vsonic'] = Vsonic = np.sqrt(inputs['gamma'] * inputs['R'] * inputs['Ts'])
C:\Users\MEO\Desktop\Projects\JetEngine\boomsonic_v0\.venv\Lib\site-packages\pycycle\elements\compressor.py:75: RuntimeWarning: invalid value encountered in log
  outputs['eff_poly'] = Rt * np.log(PR) / ( Rt*np.log(PR) + S_out - S_in )
C:\Users\MEO\Desktop\Projects\JetEngine\boomsonic_v0\.venv\Lib\site-packages\pycycle\thermo\static_ps_resid.py:128: RuntimeWarning: invalid value encountered in sqrt
  Vsonic = (i['gamma']*i['R']*i['Ts'])**0.5
C:\Users\MEO\Desktop\Projects\JetEngine\boomsonic_v0\.venv\Lib\site-packages\pycycle\thermo\static_ps_resid.py:128: RuntimeWarning: invalid value encountered in sqrt
  Vsonic = (i['gamma']*i['R']*i['Ts'])**0.5
C:\Users\MEO\Desktop\Projects\JetEngine\boomsonic_v0\.venv\Lib\site-packages\pycycle\thermo\static_ps_resid.py:98: RuntimeWarning: invalid value encountered in power
  ps_guess = inputs['guess:Pt'] * (1 + (gamt-1)/2 * M_guess**2)**(-gamt/(gamt-1))
C:\Users\MEO\Desktop\Projects\JetEngine\boomsonic_v0\.venv\Lib\site-packages\pycycle\thermo\static_ps_resid.py:93: RuntimeWarning: invalid value encountered in power
  f1 = ps - inputs['guess:Pt'] * (1 + (gamt-1)/2 * M_guess**2)**(-gamt/(gamt-1))
C:\Users\MEO\Desktop\Projects\JetEngine\boomsonic_v0\.venv\Lib\site-packages\pycycle\thermo\static_ps_resid.py:94: RuntimeWarning: invalid value encountered in sqrt
  f2 = MN - inputs['W']*(R_UNIVERSAL_SI*inputs['Ts'])**0.5/(ps_guess*1.0e6*inputs['area']*gamt**0.5)
C:\Users\MEO\Desktop\Projects\JetEngine\boomsonic_v0\.venv\Lib\site-packages\pycycle\thermo\static_ps_resid.py:99: RuntimeWarning: The iteration is not making good progress, as measured by the 
 improvement from the last ten iterations.
  ps_guess, M_guess = fsolve(equations, (ps_guess, M_guess))
C:\Users\MEO\Desktop\Projects\JetEngine\boomsonic_v0\.venv\Lib\site-packages\pycycle\thermo\static_ps_resid.py:108: RuntimeWarning: invalid value encountered in sqrt
  Vsonic = (i['gamma']*i['R']*i['Ts'])**0.5
C:\Users\MEO\Desktop\Projects\JetEngine\boomsonic_v0\.venv\Lib\site-packages\pycycle\thermo\static_ps_resid.py:83: RuntimeWarning: invalid value encountered in power
  ps_guess = inputs['guess:Pt'] * (1 + (gamt-1)/2 * inputs['MN']**2)**(-gamt/(gamt-1))
C:\Users\MEO\Desktop\Projects\JetEngine\boomsonic_v0\.venv\Lib\site-packages\openmdao\solvers\solver.py:819: SolverWarning:Your model has stalled three times and may be violating the bounds. In the future, turn on print_bound_enforce in your solver options here: 
OD0.inlet.out_stat.nonlinear_solver.linesearch.options['print_bound_enforce']=True. 
The bound(s) being violated now are:

C:\Users\MEO\Desktop\Projects\JetEngine\boomsonic_v0\.venv\Lib\site-packages\openmdao\solvers\linesearch\backtracking.py:39: SolverWarning:'OD0.inlet.out_stat.balance.T' exceeds lower bounds
  Val: [-224.71974758]
  Lower: [150.]

C:\Users\MEO\Desktop\Projects\JetEngine\boomsonic_v0\.venv\Lib\site-packages\openmdao\solvers\linesearch\backtracking.py:39: SolverWarning:'OD0.inlet.out_stat.ps_resid.Ps' exceeds lower bounds
  Val: [-0.00109596]
  Lower: [-0.0009009]

C:\Users\MEO\Desktop\Projects\JetEngine\boomsonic_v0\.venv\Lib\site-packages\pycycle\thermo\static_ps_resid.py:128: RuntimeWarning: invalid value encountered in sqrt
  Vsonic = (i['gamma']*i['R']*i['Ts'])**0.5
C:\Users\MEO\Desktop\Projects\JetEngine\boomsonic_v0\.venv\Lib\site-packages\openmdao\solvers\solver.py:819: SolverWarning:Your model has stalled three times and may be violating the bounds. In the future, turn on print_bound_enforce in your solver options here: 
OD0.comp.ideal_flow.nonlinear_solver.linesearch.options['print_bound_enforce']=True. 
The bound(s) being violated now are:

C:\Users\MEO\Desktop\Projects\JetEngine\boomsonic_v0\.venv\Lib\site-packages\openmdao\solvers\linesearch\backtracking.py:39: SolverWarning:'OD0.comp.ideal_flow.balance.T' exceeds lower bounds
  Val: [-2.95292247e+10]
  Lower: [150.]

C:\Users\MEO\Desktop\Projects\JetEngine\boomsonic_v0\.venv\Lib\site-packages\pycycle\elements\compressor.py:75: RuntimeWarning: invalid value encountered in log
  outputs['eff_poly'] = Rt * np.log(PR) / ( Rt*np.log(PR) + S_out - S_in )
C:\Users\MEO\Desktop\Projects\JetEngine\boomsonic_v0\.venv\Lib\site-packages\pycycle\thermo\static_ps_resid.py:128: RuntimeWarning: invalid value encountered in sqrt
  Vsonic = (i['gamma']*i['R']*i['Ts'])**0.5
C:\Users\MEO\Desktop\Projects\JetEngine\boomsonic_v0\.venv\Lib\site-packages\pycycle\thermo\static_ps_resid.py:128: RuntimeWarning: invalid value encountered in sqrt
  Vsonic = (i['gamma']*i['R']*i['Ts'])**0.5
C:\Users\MEO\Desktop\Projects\JetEngine\boomsonic_v0\.venv\Lib\site-packages\pycycle\thermo\static_ps_resid.py:98: RuntimeWarning: invalid value encountered in power
  ps_guess = inputs['guess:Pt'] * (1 + (gamt-1)/2 * M_guess**2)**(-gamt/(gamt-1))
C:\Users\MEO\Desktop\Projects\JetEngine\boomsonic_v0\.venv\Lib\site-packages\pycycle\thermo\static_ps_resid.py:93: RuntimeWarning: invalid value encountered in power
  f1 = ps - inputs['guess:Pt'] * (1 + (gamt-1)/2 * M_guess**2)**(-gamt/(gamt-1))
C:\Users\MEO\Desktop\Projects\JetEngine\boomsonic_v0\.venv\Lib\site-packages\pycycle\thermo\static_ps_resid.py:94: RuntimeWarning: invalid value encountered in sqrt
  f2 = MN - inputs['W']*(R_UNIVERSAL_SI*inputs['Ts'])**0.5/(ps_guess*1.0e6*inputs['area']*gamt**0.5)
C:\Users\MEO\Desktop\Projects\JetEngine\boomsonic_v0\.venv\Lib\site-packages\pycycle\thermo\static_ps_resid.py:99: RuntimeWarning: The iteration is not making good progress, as measured by the 
 improvement from the last ten iterations.
  ps_guess, M_guess = fsolve(equations, (ps_guess, M_guess))
C:\Users\MEO\Desktop\Projects\JetEngine\boomsonic_v0\.venv\Lib\site-packages\pycycle\thermo\static_ps_resid.py:128: RuntimeWarning: invalid value encountered in sqrt
  Vsonic = (i['gamma']*i['R']*i['Ts'])**0.5
C:\Users\MEO\Desktop\Projects\JetEngine\boomsonic_v0\.venv\Lib\site-packages\pycycle\thermo\static_ps_resid.py:128: RuntimeWarning: invalid value encountered in sqrt
  Vsonic = (i['gamma']*i['R']*i['Ts'])**0.5
C:\Users\MEO\Desktop\Projects\JetEngine\boomsonic_v0\.venv\Lib\site-packages\pycycle\thermo\static_ps_resid.py:128: RuntimeWarning: invalid value encountered in sqrt
  Vsonic = (i['gamma']*i['R']*i['Ts'])**0.5
C:\Users\MEO\Desktop\Projects\JetEngine\boomsonic_v0\.venv\Lib\site-packages\pycycle\thermo\static_ps_resid.py:128: RuntimeWarning: invalid value encountered in sqrt
  Vsonic = (i['gamma']*i['R']*i['Ts'])**0.5
C:\Users\MEO\Desktop\Projects\JetEngine\boomsonic_v0\.venv\Lib\site-packages\pycycle\thermo\static_ps_resid.py:128: RuntimeWarning: invalid value encountered in sqrt
  Vsonic = (i['gamma']*i['R']*i['Ts'])**0.5
C:\Users\MEO\Desktop\Projects\JetEngine\boomsonic_v0\.venv\Lib\site-packages\pycycle\thermo\static_ps_resid.py:128: RuntimeWarning: invalid value encountered in sqrt
  Vsonic = (i['gamma']*i['R']*i['Ts'])**0.5
C:\Users\MEO\Desktop\Projects\JetEngine\boomsonic_v0\.venv\Lib\site-packages\pycycle\thermo\static_ps_resid.py:128: RuntimeWarning: invalid value encountered in sqrt
  Vsonic = (i['gamma']*i['R']*i['Ts'])**0.5
C:\Users\MEO\Desktop\Projects\JetEngine\boomsonic_v0\.venv\Lib\site-packages\pycycle\thermo\static_ps_resid.py:128: RuntimeWarning: invalid value encountered in sqrt
  Vsonic = (i['gamma']*i['R']*i['Ts'])**0.5
C:\Users\MEO\Desktop\Projects\JetEngine\boomsonic_v0\.venv\Lib\site-packages\pycycle\thermo\static_ps_resid.py:128: RuntimeWarning: invalid value encountered in sqrt
  Vsonic = (i['gamma']*i['R']*i['Ts'])**0.5
C:\Users\MEO\Desktop\Projects\JetEngine\boomsonic_v0\.venv\Lib\site-packages\pycycle\thermo\static_ps_resid.py:108: RuntimeWarning: invalid value encountered in sqrt
  Vsonic = (i['gamma']*i['R']*i['Ts'])**0.5
C:\Users\MEO\Desktop\Projects\JetEngine\boomsonic_v0\.venv\Lib\site-packages\pycycle\thermo\static_ps_resid.py:83: RuntimeWarning: invalid value encountered in power
  ps_guess = inputs['guess:Pt'] * (1 + (gamt-1)/2 * inputs['MN']**2)**(-gamt/(gamt-1))
C:\Users\MEO\Desktop\Projects\JetEngine\boomsonic_v0\.venv\Lib\site-packages\pycycle\thermo\static_ps_resid.py:108: RuntimeWarning: invalid value encountered in sqrt
  Vsonic = (i['gamma']*i['R']*i['Ts'])**0.5
C:\Users\MEO\Desktop\Projects\JetEngine\boomsonic_v0\.venv\Lib\site-packages\pycycle\thermo\static_ps_resid.py:108: RuntimeWarning: invalid value encountered in sqrt
  Vsonic = (i['gamma']*i['R']*i['Ts'])**0.5
C:\Users\MEO\Desktop\Projects\JetEngine\boomsonic_v0\.venv\Lib\site-packages\pycycle\thermo\static_ps_resid.py:108: RuntimeWarning: invalid value encountered in sqrt
  Vsonic = (i['gamma']*i['R']*i['Ts'])**0.5
C:\Users\MEO\Desktop\Projects\JetEngine\boomsonic_v0\.venv\Lib\site-packages\pycycle\thermo\static_ps_resid.py:108: RuntimeWarning: invalid value encountered in sqrt
  Vsonic = (i['gamma']*i['R']*i['Ts'])**0.5
C:\Users\MEO\Desktop\Projects\JetEngine\boomsonic_v0\.venv\Lib\site-packages\pycycle\thermo\static_ps_calc.py:32: RuntimeWarning: invalid value encountered in sqrt
  outputs['Vsonic'] = Vsonic = np.sqrt(inputs['gamma'] * inputs['R'] * inputs['Ts'])
C:\Users\MEO\Desktop\Projects\JetEngine\boomsonic_v0\.venv\Lib\site-packages\pycycle\elements\compressor.py:75: RuntimeWarning: invalid value encountered in log
  outputs['eff_poly'] = Rt * np.log(PR) / ( Rt*np.log(PR) + S_out - S_in )
C:\Users\MEO\Desktop\Projects\JetEngine\boomsonic_v0\.venv\Lib\site-packages\pycycle\thermo\static_ps_resid.py:128: RuntimeWarning: invalid value encountered in sqrt
  Vsonic = (i['gamma']*i['R']*i['Ts'])**0.5
C:\Users\MEO\Desktop\Projects\JetEngine\boomsonic_v0\.venv\Lib\site-packages\pycycle\thermo\static_ps_calc.py:32: RuntimeWarning: invalid value encountered in sqrt
  outputs['Vsonic'] = Vsonic = np.sqrt(inputs['gamma'] * inputs['R'] * inputs['Ts'])
C:\Users\MEO\Desktop\Projects\JetEngine\boomsonic_v0\.venv\Lib\site-packages\pycycle\thermo\static_ps_resid.py:128: RuntimeWarning: invalid value encountered in sqrt
  Vsonic = (i['gamma']*i['R']*i['Ts'])**0.5
C:\Users\MEO\Desktop\Projects\JetEngine\boomsonic_v0\.venv\Lib\site-packages\pycycle\thermo\static_ps_resid.py:98: RuntimeWarning: invalid value encountered in power
  ps_guess = inputs['guess:Pt'] * (1 + (gamt-1)/2 * M_guess**2)**(-gamt/(gamt-1))
C:\Users\MEO\Desktop\Projects\JetEngine\boomsonic_v0\.venv\Lib\site-packages\pycycle\thermo\static_ps_resid.py:93: RuntimeWarning: invalid value encountered in power
  f1 = ps - inputs['guess:Pt'] * (1 + (gamt-1)/2 * M_guess**2)**(-gamt/(gamt-1))
C:\Users\MEO\Desktop\Projects\JetEngine\boomsonic_v0\.venv\Lib\site-packages\pycycle\thermo\static_ps_resid.py:94: RuntimeWarning: invalid value encountered in sqrt
  f2 = MN - inputs['W']*(R_UNIVERSAL_SI*inputs['Ts'])**0.5/(ps_guess*1.0e6*inputs['area']*gamt**0.5)
C:\Users\MEO\Desktop\Projects\JetEngine\boomsonic_v0\.venv\Lib\site-packages\pycycle\thermo\static_ps_resid.py:99: RuntimeWarning: The iteration is not making good progress, as measured by the 
 improvement from the last ten iterations.
  ps_guess, M_guess = fsolve(equations, (ps_guess, M_guess))
C:\Users\MEO\Desktop\Projects\JetEngine\boomsonic_v0\.venv\Lib\site-packages\pycycle\thermo\static_ps_resid.py:108: RuntimeWarning: invalid value encountered in sqrt
  Vsonic = (i['gamma']*i['R']*i['Ts'])**0.5
C:\Users\MEO\Desktop\Projects\JetEngine\boomsonic_v0\.venv\Lib\site-packages\pycycle\thermo\static_ps_resid.py:83: RuntimeWarning: invalid value encountered in power
  ps_guess = inputs['guess:Pt'] * (1 + (gamt-1)/2 * inputs['MN']**2)**(-gamt/(gamt-1))
C:\Users\MEO\Desktop\Projects\JetEngine\boomsonic_v0\.venv\Lib\site-packages\openmdao\solvers\solver.py:819: SolverWarning:Your model has stalled three times and may be violating the bounds. In the future, turn on print_bound_enforce in your solver options here: 
OD0.inlet.out_stat.nonlinear_solver.linesearch.options['print_bound_enforce']=True. 
The bound(s) being violated now are:

C:\Users\MEO\Desktop\Projects\JetEngine\boomsonic_v0\.venv\Lib\site-packages\openmdao\solvers\linesearch\backtracking.py:39: SolverWarning:'OD0.inlet.out_stat.balance.T' exceeds lower bounds
  Val: [-224.71974773]
  Lower: [150.]

C:\Users\MEO\Desktop\Projects\JetEngine\boomsonic_v0\.venv\Lib\site-packages\openmdao\solvers\linesearch\backtracking.py:39: SolverWarning:'OD0.inlet.out_stat.ps_resid.Ps' exceeds lower bounds
  Val: [-0.00109596]
  Lower: [-0.0009009]

C:\Users\MEO\Desktop\Projects\JetEngine\boomsonic_v0\.venv\Lib\site-packages\openmdao\solvers\solver.py:819: SolverWarning:Your model has stalled three times and may be violating the bounds. In the future, turn on print_bound_enforce in your solver options here: 
OD0.duct.out_stat.nonlinear_solver.linesearch.options['print_bound_enforce']=True. 
The bound(s) being violated now are:

C:\Users\MEO\Desktop\Projects\JetEngine\boomsonic_v0\.venv\Lib\site-packages\openmdao\solvers\linesearch\backtracking.py:39: SolverWarning:'OD0.duct.out_stat.balance.T' exceeds lower bounds
  Val: [-221.05278935]
  Lower: [150.]

C:\Users\MEO\Desktop\Projects\JetEngine\boomsonic_v0\.venv\Lib\site-packages\openmdao\solvers\linesearch\backtracking.py:39: SolverWarning:'OD0.duct.out_stat.ps_resid.Ps' exceeds lower bounds
  Val: [-0.00109356]
  Lower: [-0.0009009]

C:\Users\MEO\Desktop\Projects\JetEngine\boomsonic_v0\.venv\Lib\site-packages\openmdao\solvers\solver.py:819: SolverWarning:Your model has stalled three times and may be violating the bounds. In the future, turn on print_bound_enforce in your solver options here: 
OD0.comp.ideal_flow.nonlinear_solver.linesearch.options['print_bound_enforce']=True. 
The bound(s) being violated now are:

C:\Users\MEO\Desktop\Projects\JetEngine\boomsonic_v0\.venv\Lib\site-packages\openmdao\solvers\linesearch\backtracking.py:39: SolverWarning:'OD0.comp.ideal_flow.balance.T' exceeds lower bounds
  Val: [-2.95292247e+10]
  Lower: [150.]

C:\Users\MEO\Desktop\Projects\JetEngine\boomsonic_v0\.venv\Lib\site-packages\pycycle\elements\compressor.py:75: RuntimeWarning: invalid value encountered in log
  outputs['eff_poly'] = Rt * np.log(PR) / ( Rt*np.log(PR) + S_out - S_in )
C:\Users\MEO\Desktop\Projects\JetEngine\boomsonic_v0\.venv\Lib\site-packages\pycycle\thermo\static_ps_resid.py:128: RuntimeWarning: invalid value encountered in sqrt
  Vsonic = (i['gamma']*i['R']*i['Ts'])**0.5
C:\Users\MEO\Desktop\Projects\JetEngine\boomsonic_v0\.venv\Lib\site-packages\pycycle\thermo\static_ps_resid.py:128: RuntimeWarning: invalid value encountered in sqrt
  Vsonic = (i['gamma']*i['R']*i['Ts'])**0.5
C:\Users\MEO\Desktop\Projects\JetEngine\boomsonic_v0\.venv\Lib\site-packages\pycycle\thermo\static_ps_resid.py:98: RuntimeWarning: invalid value encountered in power
  ps_guess = inputs['guess:Pt'] * (1 + (gamt-1)/2 * M_guess**2)**(-gamt/(gamt-1))
C:\Users\MEO\Desktop\Projects\JetEngine\boomsonic_v0\.venv\Lib\site-packages\pycycle\thermo\static_ps_resid.py:93: RuntimeWarning: invalid value encountered in power
  f1 = ps - inputs['guess:Pt'] * (1 + (gamt-1)/2 * M_guess**2)**(-gamt/(gamt-1))
C:\Users\MEO\Desktop\Projects\JetEngine\boomsonic_v0\.venv\Lib\site-packages\pycycle\thermo\static_ps_resid.py:94: RuntimeWarning: invalid value encountered in sqrt
  f2 = MN - inputs['W']*(R_UNIVERSAL_SI*inputs['Ts'])**0.5/(ps_guess*1.0e6*inputs['area']*gamt**0.5)
C:\Users\MEO\Desktop\Projects\JetEngine\boomsonic_v0\.venv\Lib\site-packages\pycycle\thermo\static_ps_resid.py:99: RuntimeWarning: The iteration is not making good progress, as measured by the 
 improvement from the last ten iterations.
  ps_guess, M_guess = fsolve(equations, (ps_guess, M_guess))
C:\Users\MEO\Desktop\Projects\JetEngine\boomsonic_v0\.venv\Lib\site-packages\pycycle\thermo\static_ps_resid.py:128: RuntimeWarning: invalid value encountered in sqrt
  Vsonic = (i['gamma']*i['R']*i['Ts'])**0.5
C:\Users\MEO\Desktop\Projects\JetEngine\boomsonic_v0\.venv\Lib\site-packages\pycycle\thermo\static_ps_resid.py:128: RuntimeWarning: invalid value encountered in sqrt
  Vsonic = (i['gamma']*i['R']*i['Ts'])**0.5
C:\Users\MEO\Desktop\Projects\JetEngine\boomsonic_v0\.venv\Lib\site-packages\pycycle\thermo\static_ps_resid.py:128: RuntimeWarning: invalid value encountered in sqrt
  Vsonic = (i['gamma']*i['R']*i['Ts'])**0.5
C:\Users\MEO\Desktop\Projects\JetEngine\boomsonic_v0\.venv\Lib\site-packages\pycycle\thermo\static_ps_resid.py:128: RuntimeWarning: invalid value encountered in sqrt
  Vsonic = (i['gamma']*i['R']*i['Ts'])**0.5
C:\Users\MEO\Desktop\Projects\JetEngine\boomsonic_v0\.venv\Lib\site-packages\pycycle\thermo\static_ps_resid.py:128: RuntimeWarning: invalid value encountered in sqrt
  Vsonic = (i['gamma']*i['R']*i['Ts'])**0.5
C:\Users\MEO\Desktop\Projects\JetEngine\boomsonic_v0\.venv\Lib\site-packages\pycycle\thermo\static_ps_resid.py:128: RuntimeWarning: invalid value encountered in sqrt
  Vsonic = (i['gamma']*i['R']*i['Ts'])**0.5
C:\Users\MEO\Desktop\Projects\JetEngine\boomsonic_v0\.venv\Lib\site-packages\pycycle\thermo\static_ps_resid.py:128: RuntimeWarning: invalid value encountered in sqrt
  Vsonic = (i['gamma']*i['R']*i['Ts'])**0.5
C:\Users\MEO\Desktop\Projects\JetEngine\boomsonic_v0\.venv\Lib\site-packages\pycycle\thermo\static_ps_resid.py:128: RuntimeWarning: invalid value encountered in sqrt
  Vsonic = (i['gamma']*i['R']*i['Ts'])**0.5
C:\Users\MEO\Desktop\Projects\JetEngine\boomsonic_v0\.venv\Lib\site-packages\pycycle\thermo\static_ps_resid.py:128: RuntimeWarning: invalid value encountered in sqrt
  Vsonic = (i['gamma']*i['R']*i['Ts'])**0.5
C:\Users\MEO\Desktop\Projects\JetEngine\boomsonic_v0\.venv\Lib\site-packages\pycycle\thermo\static_ps_resid.py:108: RuntimeWarning: invalid value encountered in sqrt
  Vsonic = (i['gamma']*i['R']*i['Ts'])**0.5
C:\Users\MEO\Desktop\Projects\JetEngine\boomsonic_v0\.venv\Lib\site-packages\pycycle\thermo\static_ps_resid.py:83: RuntimeWarning: invalid value encountered in power
  ps_guess = inputs['guess:Pt'] * (1 + (gamt-1)/2 * inputs['MN']**2)**(-gamt/(gamt-1))
C:\Users\MEO\Desktop\Projects\JetEngine\boomsonic_v0\.venv\Lib\site-packages\pycycle\thermo\static_ps_resid.py:108: RuntimeWarning: invalid value encountered in sqrt
  Vsonic = (i['gamma']*i['R']*i['Ts'])**0.5
C:\Users\MEO\Desktop\Projects\JetEngine\boomsonic_v0\.venv\Lib\site-packages\pycycle\thermo\static_ps_resid.py:108: RuntimeWarning: invalid value encountered in sqrt
  Vsonic = (i['gamma']*i['R']*i['Ts'])**0.5
C:\Users\MEO\Desktop\Projects\JetEngine\boomsonic_v0\.venv\Lib\site-packages\pycycle\thermo\static_ps_resid.py:108: RuntimeWarning: invalid value encountered in sqrt
  Vsonic = (i['gamma']*i['R']*i['Ts'])**0.5
C:\Users\MEO\Desktop\Projects\JetEngine\boomsonic_v0\.venv\Lib\site-packages\pycycle\thermo\static_ps_calc.py:32: RuntimeWarning: invalid value encountered in sqrt
  outputs['Vsonic'] = Vsonic = np.sqrt(inputs['gamma'] * inputs['R'] * inputs['Ts'])
C:\Users\MEO\Desktop\Projects\JetEngine\boomsonic_v0\.venv\Lib\site-packages\pycycle\elements\compressor.py:75: RuntimeWarning: invalid value encountered in log
  outputs['eff_poly'] = Rt * np.log(PR) / ( Rt*np.log(PR) + S_out - S_in )
C:\Users\MEO\Desktop\Projects\JetEngine\boomsonic_v0\.venv\Lib\site-packages\pycycle\thermo\static_ps_resid.py:128: RuntimeWarning: invalid value encountered in sqrt
  Vsonic = (i['gamma']*i['R']*i['Ts'])**0.5
C:\Users\MEO\Desktop\Projects\JetEngine\boomsonic_v0\.venv\Lib\site-packages\pycycle\thermo\static_ps_resid.py:128: RuntimeWarning: invalid value encountered in sqrt
  Vsonic = (i['gamma']*i['R']*i['Ts'])**0.5
C:\Users\MEO\Desktop\Projects\JetEngine\boomsonic_v0\.venv\Lib\site-packages\pycycle\thermo\static_ps_resid.py:98: RuntimeWarning: invalid value encountered in power
  ps_guess = inputs['guess:Pt'] * (1 + (gamt-1)/2 * M_guess**2)**(-gamt/(gamt-1))
C:\Users\MEO\Desktop\Projects\JetEngine\boomsonic_v0\.venv\Lib\site-packages\pycycle\thermo\static_ps_resid.py:93: RuntimeWarning: invalid value encountered in power
  f1 = ps - inputs['guess:Pt'] * (1 + (gamt-1)/2 * M_guess**2)**(-gamt/(gamt-1))
C:\Users\MEO\Desktop\Projects\JetEngine\boomsonic_v0\.venv\Lib\site-packages\pycycle\thermo\static_ps_resid.py:94: RuntimeWarning: invalid value encountered in sqrt
  f2 = MN - inputs['W']*(R_UNIVERSAL_SI*inputs['Ts'])**0.5/(ps_guess*1.0e6*inputs['area']*gamt**0.5)
C:\Users\MEO\Desktop\Projects\JetEngine\boomsonic_v0\.venv\Lib\site-packages\pycycle\thermo\static_ps_resid.py:99: RuntimeWarning: The iteration is not making good progress, as measured by the 
 improvement from the last ten iterations.
  ps_guess, M_guess = fsolve(equations, (ps_guess, M_guess))
C:\Users\MEO\Desktop\Projects\JetEngine\boomsonic_v0\.venv\Lib\site-packages\pycycle\thermo\static_ps_resid.py:108: RuntimeWarning: invalid value encountered in sqrt
  Vsonic = (i['gamma']*i['R']*i['Ts'])**0.5
C:\Users\MEO\Desktop\Projects\JetEngine\boomsonic_v0\.venv\Lib\site-packages\pycycle\thermo\static_ps_resid.py:83: RuntimeWarning: invalid value encountered in power
  ps_guess = inputs['guess:Pt'] * (1 + (gamt-1)/2 * inputs['MN']**2)**(-gamt/(gamt-1))
C:\Users\MEO\Desktop\Projects\JetEngine\boomsonic_v0\.venv\Lib\site-packages\openmdao\solvers\solver.py:819: SolverWarning:Your model has stalled three times and may be violating the bounds. In the future, turn on print_bound_enforce in your solver options here: 
OD0.inlet.out_stat.nonlinear_solver.linesearch.options['print_bound_enforce']=True. 
The bound(s) being violated now are:

C:\Users\MEO\Desktop\Projects\JetEngine\boomsonic_v0\.venv\Lib\site-packages\openmdao\solvers\linesearch\backtracking.py:39: SolverWarning:'OD0.inlet.out_stat.balance.T' exceeds lower bounds
  Val: [-224.7197476]
  Lower: [150.]

C:\Users\MEO\Desktop\Projects\JetEngine\boomsonic_v0\.venv\Lib\site-packages\openmdao\solvers\linesearch\backtracking.py:39: SolverWarning:'OD0.inlet.out_stat.ps_resid.Ps' exceeds lower bounds
  Val: [-0.00109596]
  Lower: [-0.0009009]

C:\Users\MEO\Desktop\Projects\JetEngine\boomsonic_v0\.venv\Lib\site-packages\openmdao\solvers\solver.py:819: SolverWarning:Your model has stalled three times and may be violating the bounds. In the future, turn on print_bound_enforce in your solver options here: 
OD0.duct.out_stat.nonlinear_solver.linesearch.options['print_bound_enforce']=True. 
The bound(s) being violated now are:

C:\Users\MEO\Desktop\Projects\JetEngine\boomsonic_v0\.venv\Lib\site-packages\openmdao\solvers\linesearch\backtracking.py:39: SolverWarning:'OD0.duct.out_stat.balance.T' exceeds lower bounds
  Val: [-221.0527892]
  Lower: [150.]

C:\Users\MEO\Desktop\Projects\JetEngine\boomsonic_v0\.venv\Lib\site-packages\openmdao\solvers\linesearch\backtracking.py:39: SolverWarning:'OD0.duct.out_stat.ps_resid.Ps' exceeds lower bounds
  Val: [-0.00109356]
  Lower: [-0.0009009]

C:\Users\MEO\Desktop\Projects\JetEngine\boomsonic_v0\.venv\Lib\site-packages\openmdao\solvers\solver.py:819: SolverWarning:Your model has stalled three times and may be violating the bounds. In the future, turn on print_bound_enforce in your solver options here: 
OD0.comp.ideal_flow.nonlinear_solver.linesearch.options['print_bound_enforce']=True. 
The bound(s) being violated now are:

C:\Users\MEO\Desktop\Projects\JetEngine\boomsonic_v0\.venv\Lib\site-packages\openmdao\solvers\linesearch\backtracking.py:39: SolverWarning:'OD0.comp.ideal_flow.balance.T' exceeds lower bounds
  Val: [-2.95292247e+10]
  Lower: [150.]

C:\Users\MEO\Desktop\Projects\JetEngine\boomsonic_v0\.venv\Lib\site-packages\pycycle\elements\compressor.py:75: RuntimeWarning: invalid value encountered in log
  outputs['eff_poly'] = Rt * np.log(PR) / ( Rt*np.log(PR) + S_out - S_in )
C:\Users\MEO\Desktop\Projects\JetEngine\boomsonic_v0\.venv\Lib\site-packages\pycycle\thermo\static_ps_resid.py:128: RuntimeWarning: invalid value encountered in sqrt
  Vsonic = (i['gamma']*i['R']*i['Ts'])**0.5
C:\Users\MEO\Desktop\Projects\JetEngine\boomsonic_v0\.venv\Lib\site-packages\openmdao\solvers\solver.py:819: SolverWarning:Your model has stalled three times and may be violating the bounds. In the future, turn on print_bound_enforce in your solver options here: 
OD0.turb.real_flow_b4bld.nonlinear_solver.linesearch.options['print_bound_enforce']=True. 
The bound(s) being violated now are:

C:\Users\MEO\Desktop\Projects\JetEngine\boomsonic_v0\.venv\Lib\site-packages\openmdao\solvers\solver.py:819: SolverWarning:Your model has stalled three times and may be violating the bounds. In the future, turn on print_bound_enforce in your solver options here: 
OD0.turb.real_flow.nonlinear_solver.linesearch.options['print_bound_enforce']=True. 
The bound(s) being violated now are:

C:\Users\MEO\Desktop\Projects\JetEngine\boomsonic_v0\.venv\Lib\site-packages\pycycle\thermo\static_ps_resid.py:128: RuntimeWarning: invalid value encountered in sqrt
  Vsonic = (i['gamma']*i['R']*i['Ts'])**0.5
C:\Users\MEO\Desktop\Projects\JetEngine\boomsonic_v0\.venv\Lib\site-packages\pycycle\thermo\static_ps_resid.py:98: RuntimeWarning: invalid value encountered in power
  ps_guess = inputs['guess:Pt'] * (1 + (gamt-1)/2 * M_guess**2)**(-gamt/(gamt-1))
C:\Users\MEO\Desktop\Projects\JetEngine\boomsonic_v0\.venv\Lib\site-packages\pycycle\thermo\static_ps_resid.py:93: RuntimeWarning: invalid value encountered in power
  f1 = ps - inputs['guess:Pt'] * (1 + (gamt-1)/2 * M_guess**2)**(-gamt/(gamt-1))
C:\Users\MEO\Desktop\Projects\JetEngine\boomsonic_v0\.venv\Lib\site-packages\pycycle\thermo\static_ps_resid.py:94: RuntimeWarning: invalid value encountered in sqrt
  f2 = MN - inputs['W']*(R_UNIVERSAL_SI*inputs['Ts'])**0.5/(ps_guess*1.0e6*inputs['area']*gamt**0.5)
C:\Users\MEO\Desktop\Projects\JetEngine\boomsonic_v0\.venv\Lib\site-packages\pycycle\thermo\static_ps_resid.py:99: RuntimeWarning: The iteration is not making good progress, as measured by the 
 improvement from the last ten iterations.
  ps_guess, M_guess = fsolve(equations, (ps_guess, M_guess))
C:\Users\MEO\Desktop\Projects\JetEngine\boomsonic_v0\.venv\Lib\site-packages\pycycle\thermo\static_ps_resid.py:128: RuntimeWarning: invalid value encountered in sqrt
  Vsonic = (i['gamma']*i['R']*i['Ts'])**0.5
C:\Users\MEO\Desktop\Projects\JetEngine\boomsonic_v0\.venv\Lib\site-packages\pycycle\thermo\static_ps_resid.py:128: RuntimeWarning: invalid value encountered in sqrt
  Vsonic = (i['gamma']*i['R']*i['Ts'])**0.5
C:\Users\MEO\Desktop\Projects\JetEngine\boomsonic_v0\.venv\Lib\site-packages\pycycle\thermo\static_ps_resid.py:128: RuntimeWarning: invalid value encountered in sqrt
  Vsonic = (i['gamma']*i['R']*i['Ts'])**0.5
C:\Users\MEO\Desktop\Projects\JetEngine\boomsonic_v0\.venv\Lib\site-packages\pycycle\thermo\static_ps_resid.py:128: RuntimeWarning: invalid value encountered in sqrt
  Vsonic = (i['gamma']*i['R']*i['Ts'])**0.5
C:\Users\MEO\Desktop\Projects\JetEngine\boomsonic_v0\.venv\Lib\site-packages\pycycle\thermo\static_ps_resid.py:128: RuntimeWarning: invalid value encountered in sqrt
  Vsonic = (i['gamma']*i['R']*i['Ts'])**0.5
C:\Users\MEO\Desktop\Projects\JetEngine\boomsonic_v0\.venv\Lib\site-packages\openmdao\solvers\solver.py:819: SolverWarning:Your model has stalled three times and may be violating the bounds. In the future, turn on print_bound_enforce in your solver options here: 
OD0.nozz.throat_total.nonlinear_solver.linesearch.options['print_bound_enforce']=True. 
The bound(s) being violated now are:

C:\Users\MEO\Desktop\Projects\JetEngine\boomsonic_v0\.venv\Lib\site-packages\pycycle\thermo\static_ps_resid.py:108: RuntimeWarning: invalid value encountered in sqrt
  Vsonic = (i['gamma']*i['R']*i['Ts'])**0.5
C:\Users\MEO\Desktop\Projects\JetEngine\boomsonic_v0\.venv\Lib\site-packages\pycycle\thermo\static_ps_resid.py:83: RuntimeWarning: invalid value encountered in power
  ps_guess = inputs['guess:Pt'] * (1 + (gamt-1)/2 * inputs['MN']**2)**(-gamt/(gamt-1))
C:\Users\MEO\Desktop\Projects\JetEngine\boomsonic_v0\.venv\Lib\site-packages\pycycle\thermo\static_ps_resid.py:108: RuntimeWarning: invalid value encountered in sqrt
  Vsonic = (i['gamma']*i['R']*i['Ts'])**0.5
C:\Users\MEO\Desktop\Projects\JetEngine\boomsonic_v0\.venv\Lib\site-packages\pycycle\thermo\static_ps_resid.py:108: RuntimeWarning: invalid value encountered in sqrt
  Vsonic = (i['gamma']*i['R']*i['Ts'])**0.5
C:\Users\MEO\Desktop\Projects\JetEngine\boomsonic_v0\.venv\Lib\site-packages\pycycle\thermo\static_ps_resid.py:108: RuntimeWarning: invalid value encountered in sqrt
  Vsonic = (i['gamma']*i['R']*i['Ts'])**0.5
C:\Users\MEO\Desktop\Projects\JetEngine\boomsonic_v0\.venv\Lib\site-packages\pycycle\thermo\static_ps_resid.py:108: RuntimeWarning: invalid value encountered in sqrt
  Vsonic = (i['gamma']*i['R']*i['Ts'])**0.5
C:\Users\MEO\Desktop\Projects\JetEngine\boomsonic_v0\.venv\Lib\site-packages\pycycle\thermo\static_ps_resid.py:108: RuntimeWarning: invalid value encountered in sqrt
  Vsonic = (i['gamma']*i['R']*i['Ts'])**0.5
C:\Users\MEO\Desktop\Projects\JetEngine\boomsonic_v0\.venv\Lib\site-packages\pycycle\thermo\static_ps_resid.py:108: RuntimeWarning: invalid value encountered in sqrt
  Vsonic = (i['gamma']*i['R']*i['Ts'])**0.5
C:\Users\MEO\Desktop\Projects\JetEngine\boomsonic_v0\.venv\Lib\site-packages\pycycle\thermo\static_ps_resid.py:108: RuntimeWarning: invalid value encountered in sqrt
  Vsonic = (i['gamma']*i['R']*i['Ts'])**0.5
C:\Users\MEO\Desktop\Projects\JetEngine\boomsonic_v0\.venv\Lib\site-packages\pycycle\thermo\static_ps_resid.py:108: RuntimeWarning: invalid value encountered in sqrt
  Vsonic = (i['gamma']*i['R']*i['Ts'])**0.5
C:\Users\MEO\Desktop\Projects\JetEngine\boomsonic_v0\.venv\Lib\site-packages\pycycle\thermo\static_ps_resid.py:108: RuntimeWarning: invalid value encountered in sqrt
  Vsonic = (i['gamma']*i['R']*i['Ts'])**0.5
C:\Users\MEO\Desktop\Projects\JetEngine\boomsonic_v0\.venv\Lib\site-packages\pycycle\thermo\static_ps_resid.py:108: RuntimeWarning: invalid value encountered in sqrt
  Vsonic = (i['gamma']*i['R']*i['Ts'])**0.5
C:\Users\MEO\Desktop\Projects\JetEngine\boomsonic_v0\.venv\Lib\site-packages\pycycle\thermo\static_ps_resid.py:108: RuntimeWarning: invalid value encountered in sqrt
  Vsonic = (i['gamma']*i['R']*i['Ts'])**0.5
C:\Users\MEO\Desktop\Projects\JetEngine\boomsonic_v0\.venv\Lib\site-packages\pycycle\thermo\static_ps_calc.py:32: RuntimeWarning: invalid value encountered in sqrt
  outputs['Vsonic'] = Vsonic = np.sqrt(inputs['gamma'] * inputs['R'] * inputs['Ts'])
C:\Users\MEO\Desktop\Projects\JetEngine\boomsonic_v0\.venv\Lib\site-packages\pycycle\elements\compressor.py:75: RuntimeWarning: invalid value encountered in log
  outputs['eff_poly'] = Rt * np.log(PR) / ( Rt*np.log(PR) + S_out - S_in )
C:\Users\MEO\Desktop\Projects\JetEngine\boomsonic_v0\.venv\Lib\site-packages\pycycle\thermo\static_ps_resid.py:128: RuntimeWarning: invalid value encountered in sqrt
  Vsonic = (i['gamma']*i['R']*i['Ts'])**0.5
C:\Users\MEO\Desktop\Projects\JetEngine\boomsonic_v0\.venv\Lib\site-packages\pycycle\thermo\static_ps_resid.py:128: RuntimeWarning: invalid value encountered in sqrt
  Vsonic = (i['gamma']*i['R']*i['Ts'])**0.5
C:\Users\MEO\Desktop\Projects\JetEngine\boomsonic_v0\.venv\Lib\site-packages\pycycle\thermo\static_ps_resid.py:98: RuntimeWarning: invalid value encountered in power
  ps_guess = inputs['guess:Pt'] * (1 + (gamt-1)/2 * M_guess**2)**(-gamt/(gamt-1))
C:\Users\MEO\Desktop\Projects\JetEngine\boomsonic_v0\.venv\Lib\site-packages\pycycle\thermo\static_ps_resid.py:93: RuntimeWarning: invalid value encountered in power
  f1 = ps - inputs['guess:Pt'] * (1 + (gamt-1)/2 * M_guess**2)**(-gamt/(gamt-1))
C:\Users\MEO\Desktop\Projects\JetEngine\boomsonic_v0\.venv\Lib\site-packages\pycycle\thermo\static_ps_resid.py:94: RuntimeWarning: invalid value encountered in sqrt
  f2 = MN - inputs['W']*(R_UNIVERSAL_SI*inputs['Ts'])**0.5/(ps_guess*1.0e6*inputs['area']*gamt**0.5)
C:\Users\MEO\Desktop\Projects\JetEngine\boomsonic_v0\.venv\Lib\site-packages\pycycle\thermo\static_ps_resid.py:99: RuntimeWarning: The iteration is not making good progress, as measured by the 
 improvement from the last ten iterations.
  ps_guess, M_guess = fsolve(equations, (ps_guess, M_guess))
C:\Users\MEO\Desktop\Projects\JetEngine\boomsonic_v0\.venv\Lib\site-packages\pycycle\thermo\static_ps_resid.py:108: RuntimeWarning: invalid value encountered in sqrt
  Vsonic = (i['gamma']*i['R']*i['Ts'])**0.5
C:\Users\MEO\Desktop\Projects\JetEngine\boomsonic_v0\.venv\Lib\site-packages\pycycle\thermo\static_ps_resid.py:83: RuntimeWarning: invalid value encountered in power
  ps_guess = inputs['guess:Pt'] * (1 + (gamt-1)/2 * inputs['MN']**2)**(-gamt/(gamt-1))
C:\Users\MEO\Desktop\Projects\JetEngine\boomsonic_v0\.venv\Lib\site-packages\openmdao\solvers\solver.py:819: SolverWarning:Your model has stalled three times and may be violating the bounds. In the future, turn on print_bound_enforce in your solver options here: 
OD0.inlet.out_stat.nonlinear_solver.linesearch.options['print_bound_enforce']=True. 
The bound(s) being violated now are:

C:\Users\MEO\Desktop\Projects\JetEngine\boomsonic_v0\.venv\Lib\site-packages\openmdao\solvers\linesearch\backtracking.py:39: SolverWarning:'OD0.inlet.out_stat.balance.T' exceeds lower bounds
  Val: [-224.71974758]
  Lower: [150.]

C:\Users\MEO\Desktop\Projects\JetEngine\boomsonic_v0\.venv\Lib\site-packages\openmdao\solvers\linesearch\backtracking.py:39: SolverWarning:'OD0.inlet.out_stat.ps_resid.Ps' exceeds lower bounds
  Val: [-0.00109596]
  Lower: [-0.0009009]

C:\Users\MEO\Desktop\Projects\JetEngine\boomsonic_v0\.venv\Lib\site-packages\openmdao\solvers\solver.py:819: SolverWarning:Your model has stalled three times and may be violating the bounds. In the future, turn on print_bound_enforce in your solver options here: 
OD0.duct.out_stat.nonlinear_solver.linesearch.options['print_bound_enforce']=True. 
The bound(s) being violated now are:

C:\Users\MEO\Desktop\Projects\JetEngine\boomsonic_v0\.venv\Lib\site-packages\openmdao\solvers\linesearch\backtracking.py:39: SolverWarning:'OD0.duct.out_stat.balance.T' exceeds lower bounds
  Val: [-221.05278917]
  Lower: [150.]

C:\Users\MEO\Desktop\Projects\JetEngine\boomsonic_v0\.venv\Lib\site-packages\openmdao\solvers\linesearch\backtracking.py:39: SolverWarning:'OD0.duct.out_stat.ps_resid.Ps' exceeds lower bounds
  Val: [-0.00109356]
  Lower: [-0.0009009]

C:\Users\MEO\Desktop\Projects\JetEngine\boomsonic_v0\.venv\Lib\site-packages\openmdao\solvers\solver.py:819: SolverWarning:Your model has stalled three times and may be violating the bounds. In the future, turn on print_bound_enforce in your solver options here: 
OD0.comp.ideal_flow.nonlinear_solver.linesearch.options['print_bound_enforce']=True. 
The bound(s) being violated now are:

C:\Users\MEO\Desktop\Projects\JetEngine\boomsonic_v0\.venv\Lib\site-packages\openmdao\solvers\linesearch\backtracking.py:39: SolverWarning:'OD0.comp.ideal_flow.balance.T' exceeds lower bounds
  Val: [-2.95292247e+10]
  Lower: [150.]

C:\Users\MEO\Desktop\Projects\JetEngine\boomsonic_v0\.venv\Lib\site-packages\pycycle\elements\compressor.py:75: RuntimeWarning: invalid value encountered in log
  outputs['eff_poly'] = Rt * np.log(PR) / ( Rt*np.log(PR) + S_out - S_in )
C:\Users\MEO\Desktop\Projects\JetEngine\boomsonic_v0\.venv\Lib\site-packages\pycycle\thermo\static_ps_resid.py:128: RuntimeWarning: invalid value encountered in sqrt
  Vsonic = (i['gamma']*i['R']*i['Ts'])**0.5
C:\Users\MEO\Desktop\Projects\JetEngine\boomsonic_v0\.venv\Lib\site-packages\pycycle\thermo\static_ps_resid.py:128: RuntimeWarning: invalid value encountered in sqrt
  Vsonic = (i['gamma']*i['R']*i['Ts'])**0.5
C:\Users\MEO\Desktop\Projects\JetEngine\boomsonic_v0\.venv\Lib\site-packages\pycycle\thermo\static_ps_resid.py:98: RuntimeWarning: invalid value encountered in power
  ps_guess = inputs['guess:Pt'] * (1 + (gamt-1)/2 * M_guess**2)**(-gamt/(gamt-1))
C:\Users\MEO\Desktop\Projects\JetEngine\boomsonic_v0\.venv\Lib\site-packages\pycycle\thermo\static_ps_resid.py:93: RuntimeWarning: invalid value encountered in power
  f1 = ps - inputs['guess:Pt'] * (1 + (gamt-1)/2 * M_guess**2)**(-gamt/(gamt-1))
C:\Users\MEO\Desktop\Projects\JetEngine\boomsonic_v0\.venv\Lib\site-packages\pycycle\thermo\static_ps_resid.py:94: RuntimeWarning: invalid value encountered in sqrt
  f2 = MN - inputs['W']*(R_UNIVERSAL_SI*inputs['Ts'])**0.5/(ps_guess*1.0e6*inputs['area']*gamt**0.5)
C:\Users\MEO\Desktop\Projects\JetEngine\boomsonic_v0\.venv\Lib\site-packages\pycycle\thermo\static_ps_resid.py:99: RuntimeWarning: The iteration is not making good progress, as measured by the 
 improvement from the last ten iterations.
  ps_guess, M_guess = fsolve(equations, (ps_guess, M_guess))
C:\Users\MEO\Desktop\Projects\JetEngine\boomsonic_v0\.venv\Lib\site-packages\pycycle\thermo\static_ps_resid.py:128: RuntimeWarning: invalid value encountered in sqrt
  Vsonic = (i['gamma']*i['R']*i['Ts'])**0.5
C:\Users\MEO\Desktop\Projects\JetEngine\boomsonic_v0\.venv\Lib\site-packages\pycycle\thermo\static_ps_resid.py:128: RuntimeWarning: invalid value encountered in sqrt
  Vsonic = (i['gamma']*i['R']*i['Ts'])**0.5
C:\Users\MEO\Desktop\Projects\JetEngine\boomsonic_v0\.venv\Lib\site-packages\pycycle\thermo\static_ps_resid.py:128: RuntimeWarning: invalid value encountered in sqrt
  Vsonic = (i['gamma']*i['R']*i['Ts'])**0.5
C:\Users\MEO\Desktop\Projects\JetEngine\boomsonic_v0\.venv\Lib\site-packages\pycycle\thermo\static_ps_resid.py:128: RuntimeWarning: invalid value encountered in sqrt
  Vsonic = (i['gamma']*i['R']*i['Ts'])**0.5
C:\Users\MEO\Desktop\Projects\JetEngine\boomsonic_v0\.venv\Lib\site-packages\pycycle\thermo\static_ps_resid.py:128: RuntimeWarning: invalid value encountered in sqrt
  Vsonic = (i['gamma']*i['R']*i['Ts'])**0.5
C:\Users\MEO\Desktop\Projects\JetEngine\boomsonic_v0\.venv\Lib\site-packages\pycycle\thermo\static_ps_resid.py:128: RuntimeWarning: invalid value encountered in sqrt
  Vsonic = (i['gamma']*i['R']*i['Ts'])**0.5
C:\Users\MEO\Desktop\Projects\JetEngine\boomsonic_v0\.venv\Lib\site-packages\pycycle\thermo\static_ps_resid.py:128: RuntimeWarning: invalid value encountered in sqrt
  Vsonic = (i['gamma']*i['R']*i['Ts'])**0.5
C:\Users\MEO\Desktop\Projects\JetEngine\boomsonic_v0\.venv\Lib\site-packages\pycycle\thermo\static_ps_resid.py:128: RuntimeWarning: invalid value encountered in sqrt
  Vsonic = (i['gamma']*i['R']*i['Ts'])**0.5
C:\Users\MEO\Desktop\Projects\JetEngine\boomsonic_v0\.venv\Lib\site-packages\pycycle\thermo\static_ps_resid.py:108: RuntimeWarning: invalid value encountered in sqrt
  Vsonic = (i['gamma']*i['R']*i['Ts'])**0.5
C:\Users\MEO\Desktop\Projects\JetEngine\boomsonic_v0\.venv\Lib\site-packages\pycycle\thermo\static_ps_resid.py:83: RuntimeWarning: invalid value encountered in power
  ps_guess = inputs['guess:Pt'] * (1 + (gamt-1)/2 * inputs['MN']**2)**(-gamt/(gamt-1))
C:\Users\MEO\Desktop\Projects\JetEngine\boomsonic_v0\.venv\Lib\site-packages\pycycle\thermo\static_ps_resid.py:108: RuntimeWarning: invalid value encountered in sqrt
  Vsonic = (i['gamma']*i['R']*i['Ts'])**0.5
C:\Users\MEO\Desktop\Projects\JetEngine\boomsonic_v0\.venv\Lib\site-packages\pycycle\thermo\static_ps_resid.py:108: RuntimeWarning: invalid value encountered in sqrt
  Vsonic = (i['gamma']*i['R']*i['Ts'])**0.5
C:\Users\MEO\Desktop\Projects\JetEngine\boomsonic_v0\.venv\Lib\site-packages\pycycle\thermo\static_ps_resid.py:108: RuntimeWarning: invalid value encountered in sqrt
  Vsonic = (i['gamma']*i['R']*i['Ts'])**0.5
C:\Users\MEO\Desktop\Projects\JetEngine\boomsonic_v0\.venv\Lib\site-packages\pycycle\thermo\static_ps_resid.py:108: RuntimeWarning: invalid value encountered in sqrt
  Vsonic = (i['gamma']*i['R']*i['Ts'])**0.5
C:\Users\MEO\Desktop\Projects\JetEngine\boomsonic_v0\.venv\Lib\site-packages\pycycle\thermo\static_ps_calc.py:32: RuntimeWarning: invalid value encountered in sqrt
  outputs['Vsonic'] = Vsonic = np.sqrt(inputs['gamma'] * inputs['R'] * inputs['Ts'])
C:\Users\MEO\Desktop\Projects\JetEngine\boomsonic_v0\.venv\Lib\site-packages\pycycle\elements\compressor.py:75: RuntimeWarning: invalid value encountered in log
  outputs['eff_poly'] = Rt * np.log(PR) / ( Rt*np.log(PR) + S_out - S_in )
C:\Users\MEO\Desktop\Projects\JetEngine\boomsonic_v0\.venv\Lib\site-packages\pycycle\thermo\static_ps_resid.py:128: RuntimeWarning: invalid value encountered in sqrt
  Vsonic = (i['gamma']*i['R']*i['Ts'])**0.5
C:\Users\MEO\Desktop\Projects\JetEngine\boomsonic_v0\.venv\Lib\site-packages\pycycle\thermo\static_ps_resid.py:128: RuntimeWarning: invalid value encountered in sqrt
  Vsonic = (i['gamma']*i['R']*i['Ts'])**0.5
C:\Users\MEO\Desktop\Projects\JetEngine\boomsonic_v0\.venv\Lib\site-packages\pycycle\thermo\static_ps_resid.py:98: RuntimeWarning: invalid value encountered in power
  ps_guess = inputs['guess:Pt'] * (1 + (gamt-1)/2 * M_guess**2)**(-gamt/(gamt-1))
C:\Users\MEO\Desktop\Projects\JetEngine\boomsonic_v0\.venv\Lib\site-packages\pycycle\thermo\static_ps_resid.py:93: RuntimeWarning: invalid value encountered in power
  f1 = ps - inputs['guess:Pt'] * (1 + (gamt-1)/2 * M_guess**2)**(-gamt/(gamt-1))
C:\Users\MEO\Desktop\Projects\JetEngine\boomsonic_v0\.venv\Lib\site-packages\pycycle\thermo\static_ps_resid.py:94: RuntimeWarning: invalid value encountered in sqrt
  f2 = MN - inputs['W']*(R_UNIVERSAL_SI*inputs['Ts'])**0.5/(ps_guess*1.0e6*inputs['area']*gamt**0.5)
C:\Users\MEO\Desktop\Projects\JetEngine\boomsonic_v0\.venv\Lib\site-packages\pycycle\thermo\static_ps_resid.py:99: RuntimeWarning: The iteration is not making good progress, as measured by the 
 improvement from the last ten iterations.
  ps_guess, M_guess = fsolve(equations, (ps_guess, M_guess))
C:\Users\MEO\Desktop\Projects\JetEngine\boomsonic_v0\.venv\Lib\site-packages\pycycle\thermo\static_ps_resid.py:108: RuntimeWarning: invalid value encountered in sqrt
  Vsonic = (i['gamma']*i['R']*i['Ts'])**0.5
C:\Users\MEO\Desktop\Projects\JetEngine\boomsonic_v0\.venv\Lib\site-packages\pycycle\thermo\static_ps_resid.py:83: RuntimeWarning: invalid value encountered in power
  ps_guess = inputs['guess:Pt'] * (1 + (gamt-1)/2 * inputs['MN']**2)**(-gamt/(gamt-1))
C:\Users\MEO\Desktop\Projects\JetEngine\boomsonic_v0\.venv\Lib\site-packages\openmdao\solvers\solver.py:819: SolverWarning:Your model has stalled three times and may be violating the bounds. In the future, turn on print_bound_enforce in your solver options here: 
OD0.inlet.out_stat.nonlinear_solver.linesearch.options['print_bound_enforce']=True. 
The bound(s) being violated now are:

C:\Users\MEO\Desktop\Projects\JetEngine\boomsonic_v0\.venv\Lib\site-packages\openmdao\solvers\linesearch\backtracking.py:39: SolverWarning:'OD0.inlet.out_stat.balance.T' exceeds lower bounds
  Val: [-224.71974794]
  Lower: [150.]

C:\Users\MEO\Desktop\Projects\JetEngine\boomsonic_v0\.venv\Lib\site-packages\openmdao\solvers\linesearch\backtracking.py:39: SolverWarning:'OD0.inlet.out_stat.ps_resid.Ps' exceeds lower bounds
  Val: [-0.00109596]
  Lower: [-0.0009009]

C:\Users\MEO\Desktop\Projects\JetEngine\boomsonic_v0\.venv\Lib\site-packages\openmdao\solvers\solver.py:819: SolverWarning:Your model has stalled three times and may be violating the bounds. In the future, turn on print_bound_enforce in your solver options here: 
OD0.duct.out_stat.nonlinear_solver.linesearch.options['print_bound_enforce']=True. 
The bound(s) being violated now are:

C:\Users\MEO\Desktop\Projects\JetEngine\boomsonic_v0\.venv\Lib\site-packages\openmdao\solvers\linesearch\backtracking.py:39: SolverWarning:'OD0.duct.out_stat.balance.T' exceeds lower bounds
  Val: [-221.05278957]
  Lower: [150.]

C:\Users\MEO\Desktop\Projects\JetEngine\boomsonic_v0\.venv\Lib\site-packages\openmdao\solvers\linesearch\backtracking.py:39: SolverWarning:'OD0.duct.out_stat.ps_resid.Ps' exceeds lower bounds
  Val: [-0.00109356]
  Lower: [-0.0009009]

C:\Users\MEO\Desktop\Projects\JetEngine\boomsonic_v0\.venv\Lib\site-packages\openmdao\solvers\solver.py:819: SolverWarning:Your model has stalled three times and may be violating the bounds. In the future, turn on print_bound_enforce in your solver options here: 
OD0.comp.ideal_flow.nonlinear_solver.linesearch.options['print_bound_enforce']=True. 
The bound(s) being violated now are:

C:\Users\MEO\Desktop\Projects\JetEngine\boomsonic_v0\.venv\Lib\site-packages\openmdao\solvers\linesearch\backtracking.py:39: SolverWarning:'OD0.comp.ideal_flow.balance.T' exceeds lower bounds
  Val: [-2.95292247e+10]
  Lower: [150.]

C:\Users\MEO\Desktop\Projects\JetEngine\boomsonic_v0\.venv\Lib\site-packages\pycycle\elements\compressor.py:75: RuntimeWarning: invalid value encountered in log
  outputs['eff_poly'] = Rt * np.log(PR) / ( Rt*np.log(PR) + S_out - S_in )
C:\Users\MEO\Desktop\Projects\JetEngine\boomsonic_v0\.venv\Lib\site-packages\pycycle\thermo\static_ps_resid.py:128: RuntimeWarning: invalid value encountered in sqrt
  Vsonic = (i['gamma']*i['R']*i['Ts'])**0.5
C:\Users\MEO\Desktop\Projects\JetEngine\boomsonic_v0\.venv\Lib\site-packages\pycycle\thermo\static_ps_resid.py:128: RuntimeWarning: invalid value encountered in sqrt
  Vsonic = (i['gamma']*i['R']*i['Ts'])**0.5
C:\Users\MEO\Desktop\Projects\JetEngine\boomsonic_v0\.venv\Lib\site-packages\pycycle\thermo\static_ps_resid.py:98: RuntimeWarning: invalid value encountered in power
  ps_guess = inputs['guess:Pt'] * (1 + (gamt-1)/2 * M_guess**2)**(-gamt/(gamt-1))
C:\Users\MEO\Desktop\Projects\JetEngine\boomsonic_v0\.venv\Lib\site-packages\pycycle\thermo\static_ps_resid.py:93: RuntimeWarning: invalid value encountered in power
  f1 = ps - inputs['guess:Pt'] * (1 + (gamt-1)/2 * M_guess**2)**(-gamt/(gamt-1))
C:\Users\MEO\Desktop\Projects\JetEngine\boomsonic_v0\.venv\Lib\site-packages\pycycle\thermo\static_ps_resid.py:94: RuntimeWarning: invalid value encountered in sqrt
  f2 = MN - inputs['W']*(R_UNIVERSAL_SI*inputs['Ts'])**0.5/(ps_guess*1.0e6*inputs['area']*gamt**0.5)
C:\Users\MEO\Desktop\Projects\JetEngine\boomsonic_v0\.venv\Lib\site-packages\pycycle\thermo\static_ps_resid.py:99: RuntimeWarning: The iteration is not making good progress, as measured by the 
 improvement from the last ten iterations.
  ps_guess, M_guess = fsolve(equations, (ps_guess, M_guess))
C:\Users\MEO\Desktop\Projects\JetEngine\boomsonic_v0\.venv\Lib\site-packages\pycycle\thermo\static_ps_resid.py:128: RuntimeWarning: invalid value encountered in sqrt
  Vsonic = (i['gamma']*i['R']*i['Ts'])**0.5
C:\Users\MEO\Desktop\Projects\JetEngine\boomsonic_v0\.venv\Lib\site-packages\pycycle\thermo\static_ps_resid.py:128: RuntimeWarning: invalid value encountered in sqrt
  Vsonic = (i['gamma']*i['R']*i['Ts'])**0.5
C:\Users\MEO\Desktop\Projects\JetEngine\boomsonic_v0\.venv\Lib\site-packages\pycycle\thermo\static_ps_resid.py:128: RuntimeWarning: invalid value encountered in sqrt
  Vsonic = (i['gamma']*i['R']*i['Ts'])**0.5
C:\Users\MEO\Desktop\Projects\JetEngine\boomsonic_v0\.venv\Lib\site-packages\pycycle\thermo\static_ps_resid.py:128: RuntimeWarning: invalid value encountered in sqrt
  Vsonic = (i['gamma']*i['R']*i['Ts'])**0.5
C:\Users\MEO\Desktop\Projects\JetEngine\boomsonic_v0\.venv\Lib\site-packages\pycycle\thermo\static_ps_resid.py:128: RuntimeWarning: invalid value encountered in sqrt
  Vsonic = (i['gamma']*i['R']*i['Ts'])**0.5
C:\Users\MEO\Desktop\Projects\JetEngine\boomsonic_v0\.venv\Lib\site-packages\pycycle\thermo\static_ps_resid.py:128: RuntimeWarning: invalid value encountered in sqrt
  Vsonic = (i['gamma']*i['R']*i['Ts'])**0.5
C:\Users\MEO\Desktop\Projects\JetEngine\boomsonic_v0\.venv\Lib\site-packages\pycycle\thermo\static_ps_resid.py:128: RuntimeWarning: invalid value encountered in sqrt
  Vsonic = (i['gamma']*i['R']*i['Ts'])**0.5
C:\Users\MEO\Desktop\Projects\JetEngine\boomsonic_v0\.venv\Lib\site-packages\pycycle\thermo\static_ps_resid.py:128: RuntimeWarning: invalid value encountered in sqrt
  Vsonic = (i['gamma']*i['R']*i['Ts'])**0.5
C:\Users\MEO\Desktop\Projects\JetEngine\boomsonic_v0\.venv\Lib\site-packages\pycycle\thermo\static_ps_resid.py:128: RuntimeWarning: invalid value encountered in sqrt
  Vsonic = (i['gamma']*i['R']*i['Ts'])**0.5
C:\Users\MEO\Desktop\Projects\JetEngine\boomsonic_v0\.venv\Lib\site-packages\pycycle\thermo\static_ps_resid.py:108: RuntimeWarning: invalid value encountered in sqrt
  Vsonic = (i['gamma']*i['R']*i['Ts'])**0.5
C:\Users\MEO\Desktop\Projects\JetEngine\boomsonic_v0\.venv\Lib\site-packages\pycycle\thermo\static_ps_resid.py:83: RuntimeWarning: invalid value encountered in power
  ps_guess = inputs['guess:Pt'] * (1 + (gamt-1)/2 * inputs['MN']**2)**(-gamt/(gamt-1))
C:\Users\MEO\Desktop\Projects\JetEngine\boomsonic_v0\.venv\Lib\site-packages\pycycle\thermo\static_ps_resid.py:108: RuntimeWarning: invalid value encountered in sqrt
  Vsonic = (i['gamma']*i['R']*i['Ts'])**0.5
C:\Users\MEO\Desktop\Projects\JetEngine\boomsonic_v0\.venv\Lib\site-packages\openmdao\solvers\solver.py:819: SolverWarning:Your model has stalled three times and may be violating the bounds. In the future, turn on print_bound_enforce in your solver options here: 
OD0.nozz.staticMN.nonlinear_solver.linesearch.options['print_bound_enforce']=True. 
The bound(s) being violated now are:

C:\Users\MEO\Desktop\Projects\JetEngine\boomsonic_v0\.venv\Lib\site-packages\openmdao\solvers\linesearch\backtracking.py:35: SolverWarning:'OD0.nozz.staticMN.balance.T' exceeds upper bounds
  Val: [2.97619617e+10]
  Upper: [2500.]

C:\Users\MEO\Desktop\Projects\JetEngine\boomsonic_v0\.venv\Lib\site-packages\openmdao\solvers\linesearch\backtracking.py:39: SolverWarning:'OD0.nozz.staticMN.ps_resid.Ps' exceeds lower bounds
  Val: [-18749.17208338]
  Lower: [-0.0009009]

C:\Users\MEO\Desktop\Projects\JetEngine\boomsonic_v0\.venv\Lib\site-packages\pycycle\thermo\static_ps_resid.py:108: RuntimeWarning: invalid value encountered in sqrt
  Vsonic = (i['gamma']*i['R']*i['Ts'])**0.5
C:\Users\MEO\Desktop\Projects\JetEngine\boomsonic_v0\.venv\Lib\site-packages\pycycle\thermo\static_ps_resid.py:108: RuntimeWarning: invalid value encountered in sqrt
  Vsonic = (i['gamma']*i['R']*i['Ts'])**0.5
C:\Users\MEO\Desktop\Projects\JetEngine\boomsonic_v0\.venv\Lib\site-packages\pycycle\thermo\static_ps_calc.py:32: RuntimeWarning: invalid value encountered in sqrt
  outputs['Vsonic'] = Vsonic = np.sqrt(inputs['gamma'] * inputs['R'] * inputs['Ts'])
C:\Users\MEO\Desktop\Projects\JetEngine\boomsonic_v0\.venv\Lib\site-packages\pycycle\elements\compressor.py:75: RuntimeWarning: invalid value encountered in log
  outputs['eff_poly'] = Rt * np.log(PR) / ( Rt*np.log(PR) + S_out - S_in )
C:\Users\MEO\Desktop\Projects\JetEngine\boomsonic_v0\.venv\Lib\site-packages\pycycle\thermo\static_ps_resid.py:128: RuntimeWarning: invalid value encountered in sqrt
  Vsonic = (i['gamma']*i['R']*i['Ts'])**0.5
C:\Users\MEO\Desktop\Projects\JetEngine\boomsonic_v0\.venv\Lib\site-packages\pycycle\thermo\static_ps_resid.py:128: RuntimeWarning: invalid value encountered in sqrt
  Vsonic = (i['gamma']*i['R']*i['Ts'])**0.5
C:\Users\MEO\Desktop\Projects\JetEngine\boomsonic_v0\.venv\Lib\site-packages\pycycle\thermo\static_ps_resid.py:98: RuntimeWarning: invalid value encountered in power
  ps_guess = inputs['guess:Pt'] * (1 + (gamt-1)/2 * M_guess**2)**(-gamt/(gamt-1))
C:\Users\MEO\Desktop\Projects\JetEngine\boomsonic_v0\.venv\Lib\site-packages\pycycle\thermo\static_ps_resid.py:93: RuntimeWarning: invalid value encountered in power
  f1 = ps - inputs['guess:Pt'] * (1 + (gamt-1)/2 * M_guess**2)**(-gamt/(gamt-1))
C:\Users\MEO\Desktop\Projects\JetEngine\boomsonic_v0\.venv\Lib\site-packages\pycycle\thermo\static_ps_resid.py:94: RuntimeWarning: invalid value encountered in sqrt
  f2 = MN - inputs['W']*(R_UNIVERSAL_SI*inputs['Ts'])**0.5/(ps_guess*1.0e6*inputs['area']*gamt**0.5)
C:\Users\MEO\Desktop\Projects\JetEngine\boomsonic_v0\.venv\Lib\site-packages\pycycle\thermo\static_ps_resid.py:99: RuntimeWarning: The iteration is not making good progress, as measured by the 
 improvement from the last ten iterations.
  ps_guess, M_guess = fsolve(equations, (ps_guess, M_guess))
C:\Users\MEO\Desktop\Projects\JetEngine\boomsonic_v0\.venv\Lib\site-packages\pycycle\thermo\static_ps_resid.py:108: RuntimeWarning: invalid value encountered in sqrt
  Vsonic = (i['gamma']*i['R']*i['Ts'])**0.5
C:\Users\MEO\Desktop\Projects\JetEngine\boomsonic_v0\.venv\Lib\site-packages\pycycle\thermo\static_ps_resid.py:83: RuntimeWarning: invalid value encountered in power
  ps_guess = inputs['guess:Pt'] * (1 + (gamt-1)/2 * inputs['MN']**2)**(-gamt/(gamt-1))
C:\Users\MEO\Desktop\Projects\JetEngine\boomsonic_v0\.venv\Lib\site-packages\openmdao\solvers\solver.py:819: SolverWarning:Your model has stalled three times and may be violating the bounds. In the future, turn on print_bound_enforce in your solver options here: 
OD0.inlet.out_stat.nonlinear_solver.linesearch.options['print_bound_enforce']=True. 
The bound(s) being violated now are:

C:\Users\MEO\Desktop\Projects\JetEngine\boomsonic_v0\.venv\Lib\site-packages\openmdao\solvers\linesearch\backtracking.py:39: SolverWarning:'OD0.inlet.out_stat.balance.T' exceeds lower bounds
  Val: [-224.71974792]
  Lower: [150.]

C:\Users\MEO\Desktop\Projects\JetEngine\boomsonic_v0\.venv\Lib\site-packages\openmdao\solvers\linesearch\backtracking.py:39: SolverWarning:'OD0.inlet.out_stat.ps_resid.Ps' exceeds lower bounds
  Val: [-0.00109596]
  Lower: [-0.0009009]

C:\Users\MEO\Desktop\Projects\JetEngine\boomsonic_v0\.venv\Lib\site-packages\pycycle\thermo\static_ps_resid.py:128: RuntimeWarning: invalid value encountered in sqrt
  Vsonic = (i['gamma']*i['R']*i['Ts'])**0.5
C:\Users\MEO\Desktop\Projects\JetEngine\boomsonic_v0\.venv\Lib\site-packages\openmdao\solvers\solver.py:819: SolverWarning:Your model has stalled three times and may be violating the bounds. In the future, turn on print_bound_enforce in your solver options here: 
OD0.comp.ideal_flow.nonlinear_solver.linesearch.options['print_bound_enforce']=True. 
The bound(s) being violated now are:

C:\Users\MEO\Desktop\Projects\JetEngine\boomsonic_v0\.venv\Lib\site-packages\openmdao\solvers\linesearch\backtracking.py:39: SolverWarning:'OD0.comp.ideal_flow.balance.T' exceeds lower bounds
  Val: [-3.04453577e+10]
  Lower: [150.]

C:\Users\MEO\Desktop\Projects\JetEngine\boomsonic_v0\.venv\Lib\site-packages\pycycle\elements\compressor.py:75: RuntimeWarning: invalid value encountered in log
  outputs['eff_poly'] = Rt * np.log(PR) / ( Rt*np.log(PR) + S_out - S_in )
C:\Users\MEO\Desktop\Projects\JetEngine\boomsonic_v0\.venv\Lib\site-packages\pycycle\thermo\static_ps_resid.py:128: RuntimeWarning: invalid value encountered in sqrt
  Vsonic = (i['gamma']*i['R']*i['Ts'])**0.5
C:\Users\MEO\Desktop\Projects\JetEngine\boomsonic_v0\.venv\Lib\site-packages\pycycle\thermo\static_ps_resid.py:128: RuntimeWarning: invalid value encountered in sqrt
  Vsonic = (i['gamma']*i['R']*i['Ts'])**0.5
C:\Users\MEO\Desktop\Projects\JetEngine\boomsonic_v0\.venv\Lib\site-packages\pycycle\thermo\static_ps_resid.py:128: RuntimeWarning: invalid value encountered in sqrt
  Vsonic = (i['gamma']*i['R']*i['Ts'])**0.5
C:\Users\MEO\Desktop\Projects\JetEngine\boomsonic_v0\.venv\Lib\site-packages\pycycle\thermo\static_ps_resid.py:98: RuntimeWarning: invalid value encountered in power
  ps_guess = inputs['guess:Pt'] * (1 + (gamt-1)/2 * M_guess**2)**(-gamt/(gamt-1))
C:\Users\MEO\Desktop\Projects\JetEngine\boomsonic_v0\.venv\Lib\site-packages\pycycle\thermo\static_ps_resid.py:93: RuntimeWarning: invalid value encountered in power
  f1 = ps - inputs['guess:Pt'] * (1 + (gamt-1)/2 * M_guess**2)**(-gamt/(gamt-1))
C:\Users\MEO\Desktop\Projects\JetEngine\boomsonic_v0\.venv\Lib\site-packages\pycycle\thermo\static_ps_resid.py:94: RuntimeWarning: invalid value encountered in sqrt
  f2 = MN - inputs['W']*(R_UNIVERSAL_SI*inputs['Ts'])**0.5/(ps_guess*1.0e6*inputs['area']*gamt**0.5)
C:\Users\MEO\Desktop\Projects\JetEngine\boomsonic_v0\.venv\Lib\site-packages\pycycle\thermo\static_ps_resid.py:99: RuntimeWarning: The iteration is not making good progress, as measured by the 
 improvement from the last ten iterations.
  ps_guess, M_guess = fsolve(equations, (ps_guess, M_guess))
C:\Users\MEO\Desktop\Projects\JetEngine\boomsonic_v0\.venv\Lib\site-packages\pycycle\thermo\static_ps_resid.py:128: RuntimeWarning: invalid value encountered in sqrt
  Vsonic = (i['gamma']*i['R']*i['Ts'])**0.5
C:\Users\MEO\Desktop\Projects\JetEngine\boomsonic_v0\.venv\Lib\site-packages\pycycle\thermo\static_ps_resid.py:128: RuntimeWarning: invalid value encountered in sqrt
  Vsonic = (i['gamma']*i['R']*i['Ts'])**0.5
C:\Users\MEO\Desktop\Projects\JetEngine\boomsonic_v0\.venv\Lib\site-packages\pycycle\thermo\static_ps_resid.py:128: RuntimeWarning: invalid value encountered in sqrt
  Vsonic = (i['gamma']*i['R']*i['Ts'])**0.5
C:\Users\MEO\Desktop\Projects\JetEngine\boomsonic_v0\.venv\Lib\site-packages\pycycle\thermo\static_ps_resid.py:128: RuntimeWarning: invalid value encountered in sqrt
  Vsonic = (i['gamma']*i['R']*i['Ts'])**0.5
C:\Users\MEO\Desktop\Projects\JetEngine\boomsonic_v0\.venv\Lib\site-packages\pycycle\thermo\static_ps_resid.py:128: RuntimeWarning: invalid value encountered in sqrt
  Vsonic = (i['gamma']*i['R']*i['Ts'])**0.5
C:\Users\MEO\Desktop\Projects\JetEngine\boomsonic_v0\.venv\Lib\site-packages\pycycle\thermo\static_ps_resid.py:128: RuntimeWarning: invalid value encountered in sqrt
  Vsonic = (i['gamma']*i['R']*i['Ts'])**0.5
C:\Users\MEO\Desktop\Projects\JetEngine\boomsonic_v0\.venv\Lib\site-packages\pycycle\thermo\static_ps_resid.py:128: RuntimeWarning: invalid value encountered in sqrt
  Vsonic = (i['gamma']*i['R']*i['Ts'])**0.5
C:\Users\MEO\Desktop\Projects\JetEngine\boomsonic_v0\.venv\Lib\site-packages\pycycle\thermo\static_ps_resid.py:128: RuntimeWarning: invalid value encountered in sqrt
  Vsonic = (i['gamma']*i['R']*i['Ts'])**0.5
C:\Users\MEO\Desktop\Projects\JetEngine\boomsonic_v0\.venv\Lib\site-packages\pycycle\thermo\static_ps_resid.py:128: RuntimeWarning: invalid value encountered in sqrt
  Vsonic = (i['gamma']*i['R']*i['Ts'])**0.5
C:\Users\MEO\Desktop\Projects\JetEngine\boomsonic_v0\.venv\Lib\site-packages\pycycle\thermo\static_ps_resid.py:108: RuntimeWarning: invalid value encountered in sqrt
  Vsonic = (i['gamma']*i['R']*i['Ts'])**0.5
C:\Users\MEO\Desktop\Projects\JetEngine\boomsonic_v0\.venv\Lib\site-packages\pycycle\thermo\static_ps_resid.py:83: RuntimeWarning: invalid value encountered in power
  ps_guess = inputs['guess:Pt'] * (1 + (gamt-1)/2 * inputs['MN']**2)**(-gamt/(gamt-1))
C:\Users\MEO\Desktop\Projects\JetEngine\boomsonic_v0\.venv\Lib\site-packages\pycycle\thermo\static_ps_resid.py:108: RuntimeWarning: invalid value encountered in sqrt
  Vsonic = (i['gamma']*i['R']*i['Ts'])**0.5
C:\Users\MEO\Desktop\Projects\JetEngine\boomsonic_v0\.venv\Lib\site-packages\pycycle\thermo\static_ps_resid.py:108: RuntimeWarning: invalid value encountered in sqrt
  Vsonic = (i['gamma']*i['R']*i['Ts'])**0.5
C:\Users\MEO\Desktop\Projects\JetEngine\boomsonic_v0\.venv\Lib\site-packages\pycycle\thermo\static_ps_resid.py:108: RuntimeWarning: invalid value encountered in sqrt
  Vsonic = (i['gamma']*i['R']*i['Ts'])**0.5
C:\Users\MEO\Desktop\Projects\JetEngine\boomsonic_v0\.venv\Lib\site-packages\pycycle\thermo\static_ps_calc.py:32: RuntimeWarning: invalid value encountered in sqrt
  outputs['Vsonic'] = Vsonic = np.sqrt(inputs['gamma'] * inputs['R'] * inputs['Ts'])
C:\Users\MEO\Desktop\Projects\JetEngine\boomsonic_v0\.venv\Lib\site-packages\pycycle\elements\compressor.py:75: RuntimeWarning: invalid value encountered in log
  outputs['eff_poly'] = Rt * np.log(PR) / ( Rt*np.log(PR) + S_out - S_in )
C:\Users\MEO\Desktop\Projects\JetEngine\boomsonic_v0\.venv\Lib\site-packages\pycycle\thermo\static_ps_resid.py:128: RuntimeWarning: invalid value encountered in sqrt
  Vsonic = (i['gamma']*i['R']*i['Ts'])**0.5
C:\Users\MEO\Desktop\Projects\JetEngine\boomsonic_v0\.venv\Lib\site-packages\pycycle\thermo\static_ps_resid.py:128: RuntimeWarning: invalid value encountered in sqrt
  Vsonic = (i['gamma']*i['R']*i['Ts'])**0.5
C:\Users\MEO\Desktop\Projects\JetEngine\boomsonic_v0\.venv\Lib\site-packages\pycycle\thermo\static_ps_resid.py:98: RuntimeWarning: invalid value encountered in power
  ps_guess = inputs['guess:Pt'] * (1 + (gamt-1)/2 * M_guess**2)**(-gamt/(gamt-1))
C:\Users\MEO\Desktop\Projects\JetEngine\boomsonic_v0\.venv\Lib\site-packages\pycycle\thermo\static_ps_resid.py:93: RuntimeWarning: invalid value encountered in power
  f1 = ps - inputs['guess:Pt'] * (1 + (gamt-1)/2 * M_guess**2)**(-gamt/(gamt-1))
C:\Users\MEO\Desktop\Projects\JetEngine\boomsonic_v0\.venv\Lib\site-packages\pycycle\thermo\static_ps_resid.py:94: RuntimeWarning: invalid value encountered in sqrt
  f2 = MN - inputs['W']*(R_UNIVERSAL_SI*inputs['Ts'])**0.5/(ps_guess*1.0e6*inputs['area']*gamt**0.5)
C:\Users\MEO\Desktop\Projects\JetEngine\boomsonic_v0\.venv\Lib\site-packages\pycycle\thermo\static_ps_resid.py:99: RuntimeWarning: The iteration is not making good progress, as measured by the 
 improvement from the last ten iterations.
  ps_guess, M_guess = fsolve(equations, (ps_guess, M_guess))
C:\Users\MEO\Desktop\Projects\JetEngine\boomsonic_v0\.venv\Lib\site-packages\pycycle\thermo\static_ps_resid.py:108: RuntimeWarning: invalid value encountered in sqrt
  Vsonic = (i['gamma']*i['R']*i['Ts'])**0.5
C:\Users\MEO\Desktop\Projects\JetEngine\boomsonic_v0\.venv\Lib\site-packages\pycycle\thermo\static_ps_resid.py:83: RuntimeWarning: invalid value encountered in power
  ps_guess = inputs['guess:Pt'] * (1 + (gamt-1)/2 * inputs['MN']**2)**(-gamt/(gamt-1))
C:\Users\MEO\Desktop\Projects\JetEngine\boomsonic_v0\.venv\Lib\site-packages\openmdao\solvers\solver.py:819: SolverWarning:Your model has stalled three times and may be violating the bounds. In the future, turn on print_bound_enforce in your solver options here: 
OD0.inlet.out_stat.nonlinear_solver.linesearch.options['print_bound_enforce']=True. 
The bound(s) being violated now are:

C:\Users\MEO\Desktop\Projects\JetEngine\boomsonic_v0\.venv\Lib\site-packages\openmdao\solvers\linesearch\backtracking.py:39: SolverWarning:'OD0.inlet.out_stat.balance.T' exceeds lower bounds
  Val: [-224.71974792]
  Lower: [150.]

C:\Users\MEO\Desktop\Projects\JetEngine\boomsonic_v0\.venv\Lib\site-packages\openmdao\solvers\linesearch\backtracking.py:39: SolverWarning:'OD0.inlet.out_stat.ps_resid.Ps' exceeds lower bounds
  Val: [-0.00109596]
  Lower: [-0.0009009]

C:\Users\MEO\Desktop\Projects\JetEngine\boomsonic_v0\.venv\Lib\site-packages\openmdao\solvers\solver.py:819: SolverWarning:Your model has stalled three times and may be violating the bounds. In the future, turn on print_bound_enforce in your solver options here: 
OD0.comp.ideal_flow.nonlinear_solver.linesearch.options['print_bound_enforce']=True. 
The bound(s) being violated now are:

C:\Users\MEO\Desktop\Projects\JetEngine\boomsonic_v0\.venv\Lib\site-packages\openmdao\solvers\linesearch\backtracking.py:39: SolverWarning:'OD0.comp.ideal_flow.balance.T' exceeds lower bounds
  Val: [-3.04337135e+10]
  Lower: [150.]

C:\Users\MEO\Desktop\Projects\JetEngine\boomsonic_v0\.venv\Lib\site-packages\pycycle\elements\compressor.py:75: RuntimeWarning: invalid value encountered in log
  outputs['eff_poly'] = Rt * np.log(PR) / ( Rt*np.log(PR) + S_out - S_in )
C:\Users\MEO\Desktop\Projects\JetEngine\boomsonic_v0\.venv\Lib\site-packages\pycycle\thermo\static_ps_resid.py:128: RuntimeWarning: invalid value encountered in sqrt
  Vsonic = (i['gamma']*i['R']*i['Ts'])**0.5
C:\Users\MEO\Desktop\Projects\JetEngine\boomsonic_v0\.venv\Lib\site-packages\pycycle\thermo\static_ps_resid.py:128: RuntimeWarning: invalid value encountered in sqrt
  Vsonic = (i['gamma']*i['R']*i['Ts'])**0.5
C:\Users\MEO\Desktop\Projects\JetEngine\boomsonic_v0\.venv\Lib\site-packages\pycycle\thermo\static_ps_resid.py:128: RuntimeWarning: invalid value encountered in sqrt
  Vsonic = (i['gamma']*i['R']*i['Ts'])**0.5
C:\Users\MEO\Desktop\Projects\JetEngine\boomsonic_v0\.venv\Lib\site-packages\pycycle\thermo\static_ps_resid.py:98: RuntimeWarning: invalid value encountered in power
  ps_guess = inputs['guess:Pt'] * (1 + (gamt-1)/2 * M_guess**2)**(-gamt/(gamt-1))
C:\Users\MEO\Desktop\Projects\JetEngine\boomsonic_v0\.venv\Lib\site-packages\pycycle\thermo\static_ps_resid.py:93: RuntimeWarning: invalid value encountered in power
  f1 = ps - inputs['guess:Pt'] * (1 + (gamt-1)/2 * M_guess**2)**(-gamt/(gamt-1))
C:\Users\MEO\Desktop\Projects\JetEngine\boomsonic_v0\.venv\Lib\site-packages\pycycle\thermo\static_ps_resid.py:94: RuntimeWarning: invalid value encountered in sqrt
  f2 = MN - inputs['W']*(R_UNIVERSAL_SI*inputs['Ts'])**0.5/(ps_guess*1.0e6*inputs['area']*gamt**0.5)
C:\Users\MEO\Desktop\Projects\JetEngine\boomsonic_v0\.venv\Lib\site-packages\pycycle\thermo\static_ps_resid.py:99: RuntimeWarning: The iteration is not making good progress, as measured by the 
 improvement from the last ten iterations.
  ps_guess, M_guess = fsolve(equations, (ps_guess, M_guess))
C:\Users\MEO\Desktop\Projects\JetEngine\boomsonic_v0\.venv\Lib\site-packages\pycycle\thermo\static_ps_resid.py:128: RuntimeWarning: invalid value encountered in sqrt
  Vsonic = (i['gamma']*i['R']*i['Ts'])**0.5
C:\Users\MEO\Desktop\Projects\JetEngine\boomsonic_v0\.venv\Lib\site-packages\pycycle\thermo\static_ps_resid.py:128: RuntimeWarning: invalid value encountered in sqrt
  Vsonic = (i['gamma']*i['R']*i['Ts'])**0.5
C:\Users\MEO\Desktop\Projects\JetEngine\boomsonic_v0\.venv\Lib\site-packages\pycycle\thermo\static_ps_resid.py:128: RuntimeWarning: invalid value encountered in sqrt
  Vsonic = (i['gamma']*i['R']*i['Ts'])**0.5
C:\Users\MEO\Desktop\Projects\JetEngine\boomsonic_v0\.venv\Lib\site-packages\pycycle\thermo\static_ps_resid.py:128: RuntimeWarning: invalid value encountered in sqrt
  Vsonic = (i['gamma']*i['R']*i['Ts'])**0.5
C:\Users\MEO\Desktop\Projects\JetEngine\boomsonic_v0\.venv\Lib\site-packages\pycycle\thermo\static_ps_resid.py:128: RuntimeWarning: invalid value encountered in sqrt
  Vsonic = (i['gamma']*i['R']*i['Ts'])**0.5
C:\Users\MEO\Desktop\Projects\JetEngine\boomsonic_v0\.venv\Lib\site-packages\pycycle\thermo\static_ps_resid.py:128: RuntimeWarning: invalid value encountered in sqrt
  Vsonic = (i['gamma']*i['R']*i['Ts'])**0.5
C:\Users\MEO\Desktop\Projects\JetEngine\boomsonic_v0\.venv\Lib\site-packages\pycycle\thermo\static_ps_resid.py:128: RuntimeWarning: invalid value encountered in sqrt
  Vsonic = (i['gamma']*i['R']*i['Ts'])**0.5
C:\Users\MEO\Desktop\Projects\JetEngine\boomsonic_v0\.venv\Lib\site-packages\pycycle\thermo\static_ps_resid.py:128: RuntimeWarning: invalid value encountered in sqrt
  Vsonic = (i['gamma']*i['R']*i['Ts'])**0.5
C:\Users\MEO\Desktop\Projects\JetEngine\boomsonic_v0\.venv\Lib\site-packages\pycycle\thermo\static_ps_resid.py:128: RuntimeWarning: invalid value encountered in sqrt
  Vsonic = (i['gamma']*i['R']*i['Ts'])**0.5
C:\Users\MEO\Desktop\Projects\JetEngine\boomsonic_v0\.venv\Lib\site-packages\pycycle\thermo\static_ps_resid.py:108: RuntimeWarning: invalid value encountered in sqrt
  Vsonic = (i['gamma']*i['R']*i['Ts'])**0.5
C:\Users\MEO\Desktop\Projects\JetEngine\boomsonic_v0\.venv\Lib\site-packages\pycycle\thermo\static_ps_resid.py:83: RuntimeWarning: invalid value encountered in power
  ps_guess = inputs['guess:Pt'] * (1 + (gamt-1)/2 * inputs['MN']**2)**(-gamt/(gamt-1))
C:\Users\MEO\Desktop\Projects\JetEngine\boomsonic_v0\.venv\Lib\site-packages\pycycle\thermo\static_ps_resid.py:108: RuntimeWarning: invalid value encountered in sqrt
  Vsonic = (i['gamma']*i['R']*i['Ts'])**0.5
C:\Users\MEO\Desktop\Projects\JetEngine\boomsonic_v0\.venv\Lib\site-packages\openmdao\solvers\solver.py:819: SolverWarning:Your model has stalled three times and may be violating the bounds. In the future, turn on print_bound_enforce in your solver options here: 
OD0.nozz.staticMN.nonlinear_solver.linesearch.options['print_bound_enforce']=True. 
The bound(s) being violated now are:

C:\Users\MEO\Desktop\Projects\JetEngine\boomsonic_v0\.venv\Lib\site-packages\openmdao\solvers\linesearch\backtracking.py:35: SolverWarning:'OD0.nozz.staticMN.balance.T' exceeds upper bounds
  Val: [3.0673531e+10]
  Upper: [2500.]

C:\Users\MEO\Desktop\Projects\JetEngine\boomsonic_v0\.venv\Lib\site-packages\openmdao\solvers\linesearch\backtracking.py:39: SolverWarning:'OD0.nozz.staticMN.ps_resid.Ps' exceeds lower bounds
  Val: [-19323.43013902]
  Lower: [-0.0009009]

C:\Users\MEO\Desktop\Projects\JetEngine\boomsonic_v0\.venv\Lib\site-packages\pycycle\thermo\static_ps_resid.py:108: RuntimeWarning: invalid value encountered in sqrt
  Vsonic = (i['gamma']*i['R']*i['Ts'])**0.5
C:\Users\MEO\Desktop\Projects\JetEngine\boomsonic_v0\.venv\Lib\site-packages\pycycle\thermo\static_ps_resid.py:108: RuntimeWarning: invalid value encountered in sqrt
  Vsonic = (i['gamma']*i['R']*i['Ts'])**0.5
C:\Users\MEO\Desktop\Projects\JetEngine\boomsonic_v0\.venv\Lib\site-packages\pycycle\thermo\static_ps_calc.py:32: RuntimeWarning: invalid value encountered in sqrt
  outputs['Vsonic'] = Vsonic = np.sqrt(inputs['gamma'] * inputs['R'] * inputs['Ts'])
C:\Users\MEO\Desktop\Projects\JetEngine\boomsonic_v0\.venv\Lib\site-packages\pycycle\elements\compressor.py:75: RuntimeWarning: invalid value encountered in log
  outputs['eff_poly'] = Rt * np.log(PR) / ( Rt*np.log(PR) + S_out - S_in )
C:\Users\MEO\Desktop\Projects\JetEngine\boomsonic_v0\.venv\Lib\site-packages\pycycle\thermo\static_ps_resid.py:128: RuntimeWarning: invalid value encountered in sqrt
  Vsonic = (i['gamma']*i['R']*i['Ts'])**0.5
C:\Users\MEO\Desktop\Projects\JetEngine\boomsonic_v0\.venv\Lib\site-packages\pycycle\thermo\static_ps_resid.py:128: RuntimeWarning: invalid value encountered in sqrt
  Vsonic = (i['gamma']*i['R']*i['Ts'])**0.5
C:\Users\MEO\Desktop\Projects\JetEngine\boomsonic_v0\.venv\Lib\site-packages\pycycle\thermo\static_ps_resid.py:98: RuntimeWarning: invalid value encountered in power
  ps_guess = inputs['guess:Pt'] * (1 + (gamt-1)/2 * M_guess**2)**(-gamt/(gamt-1))
C:\Users\MEO\Desktop\Projects\JetEngine\boomsonic_v0\.venv\Lib\site-packages\pycycle\thermo\static_ps_resid.py:93: RuntimeWarning: invalid value encountered in power
  f1 = ps - inputs['guess:Pt'] * (1 + (gamt-1)/2 * M_guess**2)**(-gamt/(gamt-1))
C:\Users\MEO\Desktop\Projects\JetEngine\boomsonic_v0\.venv\Lib\site-packages\pycycle\thermo\static_ps_resid.py:94: RuntimeWarning: invalid value encountered in sqrt
  f2 = MN - inputs['W']*(R_UNIVERSAL_SI*inputs['Ts'])**0.5/(ps_guess*1.0e6*inputs['area']*gamt**0.5)
C:\Users\MEO\Desktop\Projects\JetEngine\boomsonic_v0\.venv\Lib\site-packages\pycycle\thermo\static_ps_resid.py:99: RuntimeWarning: The iteration is not making good progress, as measured by the 
 improvement from the last ten iterations.
  ps_guess, M_guess = fsolve(equations, (ps_guess, M_guess))
C:\Users\MEO\Desktop\Projects\JetEngine\boomsonic_v0\.venv\Lib\site-packages\pycycle\thermo\static_ps_resid.py:108: RuntimeWarning: invalid value encountered in sqrt
  Vsonic = (i['gamma']*i['R']*i['Ts'])**0.5
C:\Users\MEO\Desktop\Projects\JetEngine\boomsonic_v0\.venv\Lib\site-packages\pycycle\thermo\static_ps_resid.py:83: RuntimeWarning: invalid value encountered in power
  ps_guess = inputs['guess:Pt'] * (1 + (gamt-1)/2 * inputs['MN']**2)**(-gamt/(gamt-1))
C:\Users\MEO\Desktop\Projects\JetEngine\boomsonic_v0\.venv\Lib\site-packages\openmdao\solvers\solver.py:819: SolverWarning:Your model has stalled three times and may be violating the bounds. In the future, turn on print_bound_enforce in your solver options here: 
OD0.inlet.out_stat.nonlinear_solver.linesearch.options['print_bound_enforce']=True. 
The bound(s) being violated now are:

C:\Users\MEO\Desktop\Projects\JetEngine\boomsonic_v0\.venv\Lib\site-packages\openmdao\solvers\linesearch\backtracking.py:39: SolverWarning:'OD0.inlet.out_stat.balance.T' exceeds lower bounds
  Val: [-224.71989279]
  Lower: [150.]

C:\Users\MEO\Desktop\Projects\JetEngine\boomsonic_v0\.venv\Lib\site-packages\openmdao\solvers\linesearch\backtracking.py:39: SolverWarning:'OD0.inlet.out_stat.ps_resid.Ps' exceeds lower bounds
  Val: [-0.00109596]
  Lower: [-0.0009009]

C:\Users\MEO\Desktop\Projects\JetEngine\boomsonic_v0\.venv\Lib\site-packages\openmdao\solvers\solver.py:819: SolverWarning:Your model has stalled three times and may be violating the bounds. In the future, turn on print_bound_enforce in your solver options here: 
OD0.comp.ideal_flow.nonlinear_solver.linesearch.options['print_bound_enforce']=True. 
The bound(s) being violated now are:

C:\Users\MEO\Desktop\Projects\JetEngine\boomsonic_v0\.venv\Lib\site-packages\openmdao\solvers\linesearch\backtracking.py:39: SolverWarning:'OD0.comp.ideal_flow.balance.T' exceeds lower bounds
  Val: [-3.04337135e+10]
  Lower: [150.]

C:\Users\MEO\Desktop\Projects\JetEngine\boomsonic_v0\.venv\Lib\site-packages\pycycle\elements\compressor.py:75: RuntimeWarning: invalid value encountered in log
  outputs['eff_poly'] = Rt * np.log(PR) / ( Rt*np.log(PR) + S_out - S_in )
C:\Users\MEO\Desktop\Projects\JetEngine\boomsonic_v0\.venv\Lib\site-packages\pycycle\thermo\static_ps_resid.py:128: RuntimeWarning: invalid value encountered in sqrt
  Vsonic = (i['gamma']*i['R']*i['Ts'])**0.5
C:\Users\MEO\Desktop\Projects\JetEngine\boomsonic_v0\.venv\Lib\site-packages\pycycle\thermo\static_ps_resid.py:128: RuntimeWarning: invalid value encountered in sqrt
  Vsonic = (i['gamma']*i['R']*i['Ts'])**0.5
C:\Users\MEO\Desktop\Projects\JetEngine\boomsonic_v0\.venv\Lib\site-packages\pycycle\thermo\static_ps_resid.py:128: RuntimeWarning: invalid value encountered in sqrt
  Vsonic = (i['gamma']*i['R']*i['Ts'])**0.5
C:\Users\MEO\Desktop\Projects\JetEngine\boomsonic_v0\.venv\Lib\site-packages\pycycle\thermo\static_ps_resid.py:98: RuntimeWarning: invalid value encountered in power
  ps_guess = inputs['guess:Pt'] * (1 + (gamt-1)/2 * M_guess**2)**(-gamt/(gamt-1))
C:\Users\MEO\Desktop\Projects\JetEngine\boomsonic_v0\.venv\Lib\site-packages\pycycle\thermo\static_ps_resid.py:93: RuntimeWarning: invalid value encountered in power
  f1 = ps - inputs['guess:Pt'] * (1 + (gamt-1)/2 * M_guess**2)**(-gamt/(gamt-1))
C:\Users\MEO\Desktop\Projects\JetEngine\boomsonic_v0\.venv\Lib\site-packages\pycycle\thermo\static_ps_resid.py:94: RuntimeWarning: invalid value encountered in sqrt
  f2 = MN - inputs['W']*(R_UNIVERSAL_SI*inputs['Ts'])**0.5/(ps_guess*1.0e6*inputs['area']*gamt**0.5)
C:\Users\MEO\Desktop\Projects\JetEngine\boomsonic_v0\.venv\Lib\site-packages\pycycle\thermo\static_ps_resid.py:99: RuntimeWarning: The iteration is not making good progress, as measured by the 
 improvement from the last ten iterations.
  ps_guess, M_guess = fsolve(equations, (ps_guess, M_guess))
C:\Users\MEO\Desktop\Projects\JetEngine\boomsonic_v0\.venv\Lib\site-packages\pycycle\thermo\static_ps_resid.py:128: RuntimeWarning: invalid value encountered in sqrt
  Vsonic = (i['gamma']*i['R']*i['Ts'])**0.5
C:\Users\MEO\Desktop\Projects\JetEngine\boomsonic_v0\.venv\Lib\site-packages\pycycle\thermo\static_ps_resid.py:128: RuntimeWarning: invalid value encountered in sqrt
  Vsonic = (i['gamma']*i['R']*i['Ts'])**0.5
C:\Users\MEO\Desktop\Projects\JetEngine\boomsonic_v0\.venv\Lib\site-packages\pycycle\thermo\static_ps_resid.py:128: RuntimeWarning: invalid value encountered in sqrt
  Vsonic = (i['gamma']*i['R']*i['Ts'])**0.5
C:\Users\MEO\Desktop\Projects\JetEngine\boomsonic_v0\.venv\Lib\site-packages\pycycle\thermo\static_ps_resid.py:128: RuntimeWarning: invalid value encountered in sqrt
  Vsonic = (i['gamma']*i['R']*i['Ts'])**0.5
C:\Users\MEO\Desktop\Projects\JetEngine\boomsonic_v0\.venv\Lib\site-packages\pycycle\thermo\static_ps_resid.py:128: RuntimeWarning: invalid value encountered in sqrt
  Vsonic = (i['gamma']*i['R']*i['Ts'])**0.5
C:\Users\MEO\Desktop\Projects\JetEngine\boomsonic_v0\.venv\Lib\site-packages\pycycle\thermo\static_ps_resid.py:128: RuntimeWarning: invalid value encountered in sqrt
  Vsonic = (i['gamma']*i['R']*i['Ts'])**0.5
C:\Users\MEO\Desktop\Projects\JetEngine\boomsonic_v0\.venv\Lib\site-packages\pycycle\thermo\static_ps_resid.py:128: RuntimeWarning: invalid value encountered in sqrt
  Vsonic = (i['gamma']*i['R']*i['Ts'])**0.5
C:\Users\MEO\Desktop\Projects\JetEngine\boomsonic_v0\.venv\Lib\site-packages\pycycle\thermo\static_ps_resid.py:128: RuntimeWarning: invalid value encountered in sqrt
  Vsonic = (i['gamma']*i['R']*i['Ts'])**0.5
C:\Users\MEO\Desktop\Projects\JetEngine\boomsonic_v0\.venv\Lib\site-packages\pycycle\thermo\static_ps_resid.py:128: RuntimeWarning: invalid value encountered in sqrt
  Vsonic = (i['gamma']*i['R']*i['Ts'])**0.5
C:\Users\MEO\Desktop\Projects\JetEngine\boomsonic_v0\.venv\Lib\site-packages\pycycle\thermo\static_ps_resid.py:128: RuntimeWarning: invalid value encountered in sqrt
  Vsonic = (i['gamma']*i['R']*i['Ts'])**0.5
C:\Users\MEO\Desktop\Projects\JetEngine\boomsonic_v0\.venv\Lib\site-packages\pycycle\thermo\static_ps_resid.py:108: RuntimeWarning: invalid value encountered in sqrt
  Vsonic = (i['gamma']*i['R']*i['Ts'])**0.5
C:\Users\MEO\Desktop\Projects\JetEngine\boomsonic_v0\.venv\Lib\site-packages\pycycle\thermo\static_ps_resid.py:83: RuntimeWarning: invalid value encountered in power
  ps_guess = inputs['guess:Pt'] * (1 + (gamt-1)/2 * inputs['MN']**2)**(-gamt/(gamt-1))
C:\Users\MEO\Desktop\Projects\JetEngine\boomsonic_v0\.venv\Lib\site-packages\pycycle\thermo\static_ps_resid.py:108: RuntimeWarning: invalid value encountered in sqrt
  Vsonic = (i['gamma']*i['R']*i['Ts'])**0.5
C:\Users\MEO\Desktop\Projects\JetEngine\boomsonic_v0\.venv\Lib\site-packages\openmdao\solvers\solver.py:819: SolverWarning:Your model has stalled three times and may be violating the bounds. In the future, turn on print_bound_enforce in your solver options here: 
OD0.nozz.staticMN.nonlinear_solver.linesearch.options['print_bound_enforce']=True. 
The bound(s) being violated now are:

C:\Users\MEO\Desktop\Projects\JetEngine\boomsonic_v0\.venv\Lib\site-packages\openmdao\solvers\linesearch\backtracking.py:35: SolverWarning:'OD0.nozz.staticMN.balance.T' exceeds upper bounds
  Val: [3.50788766e+10]
  Upper: [2500.]

C:\Users\MEO\Desktop\Projects\JetEngine\boomsonic_v0\.venv\Lib\site-packages\openmdao\solvers\linesearch\backtracking.py:39: SolverWarning:'OD0.nozz.staticMN.ps_resid.Ps' exceeds lower bounds
  Val: [-14757.74807971]
  Lower: [-0.0009009]

C:\Users\MEO\Desktop\Projects\JetEngine\boomsonic_v0\.venv\Lib\site-packages\pycycle\thermo\static_ps_resid.py:108: RuntimeWarning: invalid value encountered in sqrt
  Vsonic = (i['gamma']*i['R']*i['Ts'])**0.5
C:\Users\MEO\Desktop\Projects\JetEngine\boomsonic_v0\.venv\Lib\site-packages\pycycle\thermo\static_ps_resid.py:108: RuntimeWarning: invalid value encountered in sqrt
  Vsonic = (i['gamma']*i['R']*i['Ts'])**0.5
C:\Users\MEO\Desktop\Projects\JetEngine\boomsonic_v0\.venv\Lib\site-packages\pycycle\thermo\static_ps_calc.py:32: RuntimeWarning: invalid value encountered in sqrt
  outputs['Vsonic'] = Vsonic = np.sqrt(inputs['gamma'] * inputs['R'] * inputs['Ts'])
C:\Users\MEO\Desktop\Projects\JetEngine\boomsonic_v0\.venv\Lib\site-packages\pycycle\elements\compressor.py:75: RuntimeWarning: invalid value encountered in log
  outputs['eff_poly'] = Rt * np.log(PR) / ( Rt*np.log(PR) + S_out - S_in )
C:\Users\MEO\Desktop\Projects\JetEngine\boomsonic_v0\.venv\Lib\site-packages\pycycle\thermo\static_ps_resid.py:128: RuntimeWarning: invalid value encountered in sqrt
  Vsonic = (i['gamma']*i['R']*i['Ts'])**0.5
C:\Users\MEO\Desktop\Projects\JetEngine\boomsonic_v0\.venv\Lib\site-packages\pycycle\thermo\static_ps_resid.py:98: RuntimeWarning: invalid value encountered in power
  ps_guess = inputs['guess:Pt'] * (1 + (gamt-1)/2 * M_guess**2)**(-gamt/(gamt-1))
C:\Users\MEO\Desktop\Projects\JetEngine\boomsonic_v0\.venv\Lib\site-packages\pycycle\thermo\static_ps_resid.py:93: RuntimeWarning: invalid value encountered in power
  f1 = ps - inputs['guess:Pt'] * (1 + (gamt-1)/2 * M_guess**2)**(-gamt/(gamt-1))
C:\Users\MEO\Desktop\Projects\JetEngine\boomsonic_v0\.venv\Lib\site-packages\pycycle\thermo\static_ps_resid.py:94: RuntimeWarning: invalid value encountered in sqrt
  f2 = MN - inputs['W']*(R_UNIVERSAL_SI*inputs['Ts'])**0.5/(ps_guess*1.0e6*inputs['area']*gamt**0.5)
C:\Users\MEO\Desktop\Projects\JetEngine\boomsonic_v0\.venv\Lib\site-packages\pycycle\thermo\static_ps_resid.py:99: RuntimeWarning: The iteration is not making good progress, as measured by the 
 improvement from the last ten iterations.
  ps_guess, M_guess = fsolve(equations, (ps_guess, M_guess))
C:\Users\MEO\Desktop\Projects\JetEngine\boomsonic_v0\.venv\Lib\site-packages\pycycle\thermo\static_ps_resid.py:83: RuntimeWarning: invalid value encountered in power
  ps_guess = inputs['guess:Pt'] * (1 + (gamt-1)/2 * inputs['MN']**2)**(-gamt/(gamt-1))
C:\Users\MEO\Desktop\Projects\JetEngine\boomsonic_v0\.venv\Lib\site-packages\pycycle\thermo\static_ps_resid.py:128: RuntimeWarning: invalid value encountered in sqrt
  Vsonic = (i['gamma']*i['R']*i['Ts'])**0.5
C:\Users\MEO\Desktop\Projects\JetEngine\boomsonic_v0\.venv\Lib\site-packages\pycycle\thermo\static_ps_resid.py:128: RuntimeWarning: invalid value encountered in sqrt
  Vsonic = (i['gamma']*i['R']*i['Ts'])**0.5
C:\Users\MEO\Desktop\Projects\JetEngine\boomsonic_v0\.venv\Lib\site-packages\pycycle\thermo\static_ps_resid.py:108: RuntimeWarning: invalid value encountered in sqrt
  Vsonic = (i['gamma']*i['R']*i['Ts'])**0.5
C:\Users\MEO\Desktop\Projects\JetEngine\boomsonic_v0\.venv\Lib\site-packages\pycycle\elements\turbine.py:40: RuntimeWarning: invalid value encountered in sqrt
  outputs['Wp'] = inputs['W_in'] * inputs['Tt']**0.5 / inputs['Pt']
C:\Users\MEO\Desktop\Projects\JetEngine\boomsonic_v0\.venv\Lib\site-packages\pycycle\elements\turbine.py:41: RuntimeWarning: invalid value encountered in power
  outputs['Np'] = inputs['Nmech'] * inputs['Tt']**-0.5
C:\Users\MEO\Desktop\Projects\JetEngine\boomsonic_v0\.venv\Lib\site-packages\openmdao\solvers\solver.py:819: SolverWarning:Your model has stalled three times and may be violating the bounds. In the future, turn on print_bound_enforce in your solver options here: 
OD0.comp.ideal_flow.nonlinear_solver.linesearch.options['print_bound_enforce']=True. 
The bound(s) being violated now are:

C:\Users\MEO\Desktop\Projects\JetEngine\boomsonic_v0\.venv\Lib\site-packages\openmdao\solvers\linesearch\backtracking.py:39: SolverWarning:'OD0.comp.ideal_flow.balance.T' exceeds lower bounds
  Val: [-1.43848284e+08]
  Lower: [150.]

C:\Users\MEO\Desktop\Projects\JetEngine\boomsonic_v0\.venv\Lib\site-packages\pycycle\elements\compressor.py:75: RuntimeWarning: invalid value encountered in log
  outputs['eff_poly'] = Rt * np.log(PR) / ( Rt*np.log(PR) + S_out - S_in )
C:\Users\MEO\Desktop\Projects\JetEngine\boomsonic_v0\.venv\Lib\site-packages\pycycle\thermo\static_ps_resid.py:98: RuntimeWarning: invalid value encountered in power
  ps_guess = inputs['guess:Pt'] * (1 + (gamt-1)/2 * M_guess**2)**(-gamt/(gamt-1))
C:\Users\MEO\Desktop\Projects\JetEngine\boomsonic_v0\.venv\Lib\site-packages\pycycle\thermo\static_ps_resid.py:93: RuntimeWarning: invalid value encountered in power
  f1 = ps - inputs['guess:Pt'] * (1 + (gamt-1)/2 * M_guess**2)**(-gamt/(gamt-1))
C:\Users\MEO\Desktop\Projects\JetEngine\boomsonic_v0\.venv\Lib\site-packages\pycycle\thermo\static_ps_resid.py:94: RuntimeWarning: invalid value encountered in sqrt
  f2 = MN - inputs['W']*(R_UNIVERSAL_SI*inputs['Ts'])**0.5/(ps_guess*1.0e6*inputs['area']*gamt**0.5)
C:\Users\MEO\Desktop\Projects\JetEngine\boomsonic_v0\.venv\Lib\site-packages\pycycle\thermo\static_ps_resid.py:99: RuntimeWarning: The iteration is not making good progress, as measured by the 
 improvement from the last ten iterations.
  ps_guess, M_guess = fsolve(equations, (ps_guess, M_guess))
C:\Users\MEO\Desktop\Projects\JetEngine\boomsonic_v0\.venv\Lib\site-packages\pycycle\thermo\static_ps_resid.py:128: RuntimeWarning: invalid value encountered in sqrt
  Vsonic = (i['gamma']*i['R']*i['Ts'])**0.5
C:\Users\MEO\Desktop\Projects\JetEngine\boomsonic_v0\.venv\Lib\site-packages\pycycle\thermo\static_ps_resid.py:128: RuntimeWarning: invalid value encountered in sqrt
  Vsonic = (i['gamma']*i['R']*i['Ts'])**0.5
C:\Users\MEO\Desktop\Projects\JetEngine\boomsonic_v0\.venv\Lib\site-packages\pycycle\thermo\static_ps_resid.py:128: RuntimeWarning: invalid value encountered in sqrt
  Vsonic = (i['gamma']*i['R']*i['Ts'])**0.5
C:\Users\MEO\Desktop\Projects\JetEngine\boomsonic_v0\.venv\Lib\site-packages\pycycle\thermo\static_ps_resid.py:128: RuntimeWarning: invalid value encountered in sqrt
  Vsonic = (i['gamma']*i['R']*i['Ts'])**0.5
C:\Users\MEO\Desktop\Projects\JetEngine\boomsonic_v0\.venv\Lib\site-packages\pycycle\thermo\static_ps_resid.py:128: RuntimeWarning: invalid value encountered in sqrt
  Vsonic = (i['gamma']*i['R']*i['Ts'])**0.5
C:\Users\MEO\Desktop\Projects\JetEngine\boomsonic_v0\.venv\Lib\site-packages\pycycle\thermo\static_ps_resid.py:128: RuntimeWarning: invalid value encountered in sqrt
  Vsonic = (i['gamma']*i['R']*i['Ts'])**0.5
C:\Users\MEO\Desktop\Projects\JetEngine\boomsonic_v0\.venv\Lib\site-packages\pycycle\thermo\static_ps_resid.py:128: RuntimeWarning: invalid value encountered in sqrt
  Vsonic = (i['gamma']*i['R']*i['Ts'])**0.5
C:\Users\MEO\Desktop\Projects\JetEngine\boomsonic_v0\.venv\Lib\site-packages\pycycle\thermo\static_ps_resid.py:98: RuntimeWarning: invalid value encountered in power
  ps_guess = inputs['guess:Pt'] * (1 + (gamt-1)/2 * M_guess**2)**(-gamt/(gamt-1))
C:\Users\MEO\Desktop\Projects\JetEngine\boomsonic_v0\.venv\Lib\site-packages\pycycle\thermo\static_ps_resid.py:93: RuntimeWarning: invalid value encountered in power
  f1 = ps - inputs['guess:Pt'] * (1 + (gamt-1)/2 * M_guess**2)**(-gamt/(gamt-1))
C:\Users\MEO\Desktop\Projects\JetEngine\boomsonic_v0\.venv\Lib\site-packages\pycycle\thermo\static_ps_resid.py:94: RuntimeWarning: invalid value encountered in sqrt
  f2 = MN - inputs['W']*(R_UNIVERSAL_SI*inputs['Ts'])**0.5/(ps_guess*1.0e6*inputs['area']*gamt**0.5)
C:\Users\MEO\Desktop\Projects\JetEngine\boomsonic_v0\.venv\Lib\site-packages\pycycle\thermo\static_ps_resid.py:99: RuntimeWarning: The iteration is not making good progress, as measured by the 
 improvement from the last ten iterations.
  ps_guess, M_guess = fsolve(equations, (ps_guess, M_guess))
C:\Users\MEO\Desktop\Projects\JetEngine\boomsonic_v0\.venv\Lib\site-packages\pycycle\thermo\static_ps_resid.py:128: RuntimeWarning: invalid value encountered in sqrt
  Vsonic = (i['gamma']*i['R']*i['Ts'])**0.5
C:\Users\MEO\Desktop\Projects\JetEngine\boomsonic_v0\.venv\Lib\site-packages\pycycle\thermo\static_ps_resid.py:128: RuntimeWarning: invalid value encountered in sqrt
  Vsonic = (i['gamma']*i['R']*i['Ts'])**0.5
C:\Users\MEO\Desktop\Projects\JetEngine\boomsonic_v0\.venv\Lib\site-packages\pycycle\thermo\static_ps_resid.py:128: RuntimeWarning: invalid value encountered in sqrt
  Vsonic = (i['gamma']*i['R']*i['Ts'])**0.5
C:\Users\MEO\Desktop\Projects\JetEngine\boomsonic_v0\.venv\Lib\site-packages\pycycle\thermo\static_ps_resid.py:128: RuntimeWarning: invalid value encountered in sqrt
  Vsonic = (i['gamma']*i['R']*i['Ts'])**0.5
C:\Users\MEO\Desktop\Projects\JetEngine\boomsonic_v0\.venv\Lib\site-packages\pycycle\thermo\static_ps_resid.py:128: RuntimeWarning: invalid value encountered in sqrt
  Vsonic = (i['gamma']*i['R']*i['Ts'])**0.5
C:\Users\MEO\Desktop\Projects\JetEngine\boomsonic_v0\.venv\Lib\site-packages\pycycle\thermo\static_ps_resid.py:128: RuntimeWarning: invalid value encountered in sqrt
  Vsonic = (i['gamma']*i['R']*i['Ts'])**0.5
C:\Users\MEO\Desktop\Projects\JetEngine\boomsonic_v0\.venv\Lib\site-packages\pycycle\thermo\static_ps_resid.py:128: RuntimeWarning: invalid value encountered in sqrt
  Vsonic = (i['gamma']*i['R']*i['Ts'])**0.5
C:\Users\MEO\Desktop\Projects\JetEngine\boomsonic_v0\.venv\Lib\site-packages\pycycle\thermo\static_ps_resid.py:98: RuntimeWarning: invalid value encountered in power
  ps_guess = inputs['guess:Pt'] * (1 + (gamt-1)/2 * M_guess**2)**(-gamt/(gamt-1))
C:\Users\MEO\Desktop\Projects\JetEngine\boomsonic_v0\.venv\Lib\site-packages\pycycle\thermo\static_ps_resid.py:93: RuntimeWarning: invalid value encountered in power
  f1 = ps - inputs['guess:Pt'] * (1 + (gamt-1)/2 * M_guess**2)**(-gamt/(gamt-1))
C:\Users\MEO\Desktop\Projects\JetEngine\boomsonic_v0\.venv\Lib\site-packages\pycycle\thermo\static_ps_resid.py:94: RuntimeWarning: invalid value encountered in sqrt
  f2 = MN - inputs['W']*(R_UNIVERSAL_SI*inputs['Ts'])**0.5/(ps_guess*1.0e6*inputs['area']*gamt**0.5)
C:\Users\MEO\Desktop\Projects\JetEngine\boomsonic_v0\.venv\Lib\site-packages\pycycle\thermo\static_ps_resid.py:99: RuntimeWarning: The iteration is not making good progress, as measured by the 
 improvement from the last ten iterations.
  ps_guess, M_guess = fsolve(equations, (ps_guess, M_guess))
C:\Users\MEO\Desktop\Projects\JetEngine\boomsonic_v0\.venv\Lib\site-packages\pycycle\thermo\static_ps_resid.py:128: RuntimeWarning: invalid value encountered in sqrt
  Vsonic = (i['gamma']*i['R']*i['Ts'])**0.5
C:\Users\MEO\Desktop\Projects\JetEngine\boomsonic_v0\.venv\Lib\site-packages\pycycle\thermo\static_ps_resid.py:128: RuntimeWarning: invalid value encountered in sqrt
  Vsonic = (i['gamma']*i['R']*i['Ts'])**0.5
C:\Users\MEO\Desktop\Projects\JetEngine\boomsonic_v0\.venv\Lib\site-packages\pycycle\thermo\static_ps_resid.py:128: RuntimeWarning: invalid value encountered in sqrt
  Vsonic = (i['gamma']*i['R']*i['Ts'])**0.5
C:\Users\MEO\Desktop\Projects\JetEngine\boomsonic_v0\.venv\Lib\site-packages\pycycle\thermo\static_ps_resid.py:128: RuntimeWarning: invalid value encountered in sqrt
  Vsonic = (i['gamma']*i['R']*i['Ts'])**0.5
C:\Users\MEO\Desktop\Projects\JetEngine\boomsonic_v0\.venv\Lib\site-packages\pycycle\thermo\static_ps_resid.py:128: RuntimeWarning: invalid value encountered in sqrt
  Vsonic = (i['gamma']*i['R']*i['Ts'])**0.5
C:\Users\MEO\Desktop\Projects\JetEngine\boomsonic_v0\.venv\Lib\site-packages\pycycle\thermo\static_ps_resid.py:128: RuntimeWarning: invalid value encountered in sqrt
  Vsonic = (i['gamma']*i['R']*i['Ts'])**0.5
C:\Users\MEO\Desktop\Projects\JetEngine\boomsonic_v0\.venv\Lib\site-packages\pycycle\thermo\static_ps_resid.py:128: RuntimeWarning: invalid value encountered in sqrt
  Vsonic = (i['gamma']*i['R']*i['Ts'])**0.5
C:\Users\MEO\Desktop\Projects\JetEngine\boomsonic_v0\.venv\Lib\site-packages\pycycle\thermo\static_ps_resid.py:128: RuntimeWarning: invalid value encountered in sqrt
  Vsonic = (i['gamma']*i['R']*i['Ts'])**0.5
C:\Users\MEO\Desktop\Projects\JetEngine\boomsonic_v0\.venv\Lib\site-packages\pycycle\thermo\static_ps_resid.py:83: RuntimeWarning: invalid value encountered in power
  ps_guess = inputs['guess:Pt'] * (1 + (gamt-1)/2 * inputs['MN']**2)**(-gamt/(gamt-1))
C:\Users\MEO\Desktop\Projects\JetEngine\boomsonic_v0\.venv\Lib\site-packages\pycycle\thermo\static_ps_resid.py:108: RuntimeWarning: invalid value encountered in sqrt
  Vsonic = (i['gamma']*i['R']*i['Ts'])**0.5
C:\Users\MEO\Desktop\Projects\JetEngine\boomsonic_v0\.venv\Lib\site-packages\pycycle\thermo\static_ps_resid.py:108: RuntimeWarning: invalid value encountered in sqrt
  Vsonic = (i['gamma']*i['R']*i['Ts'])**0.5
C:\Users\MEO\Desktop\Projects\JetEngine\boomsonic_v0\.venv\Lib\site-packages\pycycle\thermo\static_ps_resid.py:108: RuntimeWarning: invalid value encountered in sqrt
  Vsonic = (i['gamma']*i['R']*i['Ts'])**0.5
C:\Users\MEO\Desktop\Projects\JetEngine\boomsonic_v0\.venv\Lib\site-packages\pycycle\thermo\static_ps_resid.py:108: RuntimeWarning: invalid value encountered in sqrt
  Vsonic = (i['gamma']*i['R']*i['Ts'])**0.5
C:\Users\MEO\Desktop\Projects\JetEngine\boomsonic_v0\.venv\Lib\site-packages\pycycle\thermo\static_ps_resid.py:108: RuntimeWarning: invalid value encountered in sqrt
  Vsonic = (i['gamma']*i['R']*i['Ts'])**0.5
C:\Users\MEO\Desktop\Projects\JetEngine\boomsonic_v0\.venv\Lib\site-packages\pycycle\thermo\static_ps_resid.py:108: RuntimeWarning: invalid value encountered in sqrt
  Vsonic = (i['gamma']*i['R']*i['Ts'])**0.5
C:\Users\MEO\Desktop\Projects\JetEngine\boomsonic_v0\.venv\Lib\site-packages\pycycle\thermo\static_ps_resid.py:108: RuntimeWarning: invalid value encountered in sqrt
  Vsonic = (i['gamma']*i['R']*i['Ts'])**0.5
C:\Users\MEO\Desktop\Projects\JetEngine\boomsonic_v0\.venv\Lib\site-packages\pycycle\thermo\static_ps_resid.py:108: RuntimeWarning: invalid value encountered in sqrt
  Vsonic = (i['gamma']*i['R']*i['Ts'])**0.5
C:\Users\MEO\Desktop\Projects\JetEngine\boomsonic_v0\.venv\Lib\site-packages\pycycle\thermo\static_ps_resid.py:108: RuntimeWarning: invalid value encountered in sqrt
  Vsonic = (i['gamma']*i['R']*i['Ts'])**0.5
C:\Users\MEO\Desktop\Projects\JetEngine\boomsonic_v0\.venv\Lib\site-packages\pycycle\thermo\static_ps_resid.py:108: RuntimeWarning: invalid value encountered in sqrt
  Vsonic = (i['gamma']*i['R']*i['Ts'])**0.5
C:\Users\MEO\Desktop\Projects\JetEngine\boomsonic_v0\.venv\Lib\site-packages\pycycle\thermo\static_ps_calc.py:32: RuntimeWarning: invalid value encountered in sqrt
  outputs['Vsonic'] = Vsonic = np.sqrt(inputs['gamma'] * inputs['R'] * inputs['Ts'])
C:\Users\MEO\Desktop\Projects\JetEngine\boomsonic_v0\.venv\Lib\site-packages\pycycle\thermo\static_ps_calc.py:32: RuntimeWarning: invalid value encountered in sqrt
  outputs['Vsonic'] = Vsonic = np.sqrt(inputs['gamma'] * inputs['R'] * inputs['Ts'])
C:\Users\MEO\Desktop\Projects\JetEngine\boomsonic_v0\.venv\Lib\site-packages\pycycle\elements\compressor.py:75: RuntimeWarning: invalid value encountered in log
  outputs['eff_poly'] = Rt * np.log(PR) / ( Rt*np.log(PR) + S_out - S_in )
C:\Users\MEO\Desktop\Projects\JetEngine\boomsonic_v0\.venv\Lib\site-packages\pycycle\thermo\static_ps_resid.py:128: RuntimeWarning: invalid value encountered in sqrt
  Vsonic = (i['gamma']*i['R']*i['Ts'])**0.5
C:\Users\MEO\Desktop\Projects\JetEngine\boomsonic_v0\.venv\Lib\site-packages\pycycle\thermo\static_ps_resid.py:108: RuntimeWarning: invalid value encountered in sqrt
  Vsonic = (i['gamma']*i['R']*i['Ts'])**0.5
C:\Users\MEO\Desktop\Projects\JetEngine\boomsonic_v0\.venv\Lib\site-packages\pycycle\thermo\static_ps_resid.py:98: RuntimeWarning: invalid value encountered in power
  ps_guess = inputs['guess:Pt'] * (1 + (gamt-1)/2 * M_guess**2)**(-gamt/(gamt-1))
C:\Users\MEO\Desktop\Projects\JetEngine\boomsonic_v0\.venv\Lib\site-packages\pycycle\thermo\static_ps_resid.py:93: RuntimeWarning: invalid value encountered in power
  f1 = ps - inputs['guess:Pt'] * (1 + (gamt-1)/2 * M_guess**2)**(-gamt/(gamt-1))
C:\Users\MEO\Desktop\Projects\JetEngine\boomsonic_v0\.venv\Lib\site-packages\pycycle\thermo\static_ps_resid.py:94: RuntimeWarning: invalid value encountered in sqrt
  f2 = MN - inputs['W']*(R_UNIVERSAL_SI*inputs['Ts'])**0.5/(ps_guess*1.0e6*inputs['area']*gamt**0.5)
C:\Users\MEO\Desktop\Projects\JetEngine\boomsonic_v0\.venv\Lib\site-packages\pycycle\thermo\static_ps_resid.py:99: RuntimeWarning: The iteration is not making good progress, as measured by the 
 improvement from the last ten iterations.
  ps_guess, M_guess = fsolve(equations, (ps_guess, M_guess))
C:\Users\MEO\Desktop\Projects\JetEngine\boomsonic_v0\.venv\Lib\site-packages\pycycle\thermo\static_ps_resid.py:83: RuntimeWarning: invalid value encountered in power
  ps_guess = inputs['guess:Pt'] * (1 + (gamt-1)/2 * inputs['MN']**2)**(-gamt/(gamt-1))
C:\Users\MEO\Desktop\Projects\JetEngine\boomsonic_v0\.venv\Lib\site-packages\openmdao\solvers\solver.py:819: SolverWarning:Your model has stalled three times and may be violating the bounds. In the future, turn on print_bound_enforce in your solver options here: 
OD0.comp.ideal_flow.nonlinear_solver.linesearch.options['print_bound_enforce']=True. 
The bound(s) being violated now are:

C:\Users\MEO\Desktop\Projects\JetEngine\boomsonic_v0\.venv\Lib\site-packages\openmdao\solvers\linesearch\backtracking.py:39: SolverWarning:'OD0.comp.ideal_flow.balance.T' exceeds lower bounds
  Val: [-1.43848284e+08]
  Lower: [150.]

C:\Users\MEO\Desktop\Projects\JetEngine\boomsonic_v0\.venv\Lib\site-packages\pycycle\elements\compressor.py:75: RuntimeWarning: invalid value encountered in log
  outputs['eff_poly'] = Rt * np.log(PR) / ( Rt*np.log(PR) + S_out - S_in )
C:\Users\MEO\Desktop\Projects\JetEngine\boomsonic_v0\.venv\Lib\site-packages\pycycle\thermo\static_ps_resid.py:128: RuntimeWarning: invalid value encountered in sqrt
  Vsonic = (i['gamma']*i['R']*i['Ts'])**0.5
C:\Users\MEO\Desktop\Projects\JetEngine\boomsonic_v0\.venv\Lib\site-packages\pycycle\thermo\static_ps_resid.py:128: RuntimeWarning: invalid value encountered in sqrt
  Vsonic = (i['gamma']*i['R']*i['Ts'])**0.5
C:\Users\MEO\Desktop\Projects\JetEngine\boomsonic_v0\.venv\Lib\site-packages\pycycle\thermo\static_ps_resid.py:128: RuntimeWarning: invalid value encountered in sqrt
  Vsonic = (i['gamma']*i['R']*i['Ts'])**0.5
C:\Users\MEO\Desktop\Projects\JetEngine\boomsonic_v0\.venv\Lib\site-packages\pycycle\thermo\static_ps_resid.py:128: RuntimeWarning: invalid value encountered in sqrt
  Vsonic = (i['gamma']*i['R']*i['Ts'])**0.5
C:\Users\MEO\Desktop\Projects\JetEngine\boomsonic_v0\.venv\Lib\site-packages\pycycle\thermo\static_ps_resid.py:98: RuntimeWarning: invalid value encountered in power
  ps_guess = inputs['guess:Pt'] * (1 + (gamt-1)/2 * M_guess**2)**(-gamt/(gamt-1))
C:\Users\MEO\Desktop\Projects\JetEngine\boomsonic_v0\.venv\Lib\site-packages\pycycle\thermo\static_ps_resid.py:93: RuntimeWarning: invalid value encountered in power
  f1 = ps - inputs['guess:Pt'] * (1 + (gamt-1)/2 * M_guess**2)**(-gamt/(gamt-1))
C:\Users\MEO\Desktop\Projects\JetEngine\boomsonic_v0\.venv\Lib\site-packages\pycycle\thermo\static_ps_resid.py:94: RuntimeWarning: invalid value encountered in sqrt
  f2 = MN - inputs['W']*(R_UNIVERSAL_SI*inputs['Ts'])**0.5/(ps_guess*1.0e6*inputs['area']*gamt**0.5)
C:\Users\MEO\Desktop\Projects\JetEngine\boomsonic_v0\.venv\Lib\site-packages\pycycle\thermo\static_ps_resid.py:99: RuntimeWarning: The iteration is not making good progress, as measured by the 
 improvement from the last ten iterations.
  ps_guess, M_guess = fsolve(equations, (ps_guess, M_guess))
C:\Users\MEO\Desktop\Projects\JetEngine\boomsonic_v0\.venv\Lib\site-packages\pycycle\thermo\static_ps_resid.py:128: RuntimeWarning: invalid value encountered in sqrt
  Vsonic = (i['gamma']*i['R']*i['Ts'])**0.5
C:\Users\MEO\Desktop\Projects\JetEngine\boomsonic_v0\.venv\Lib\site-packages\pycycle\thermo\static_ps_resid.py:128: RuntimeWarning: invalid value encountered in sqrt
  Vsonic = (i['gamma']*i['R']*i['Ts'])**0.5
C:\Users\MEO\Desktop\Projects\JetEngine\boomsonic_v0\.venv\Lib\site-packages\pycycle\thermo\static_ps_resid.py:128: RuntimeWarning: invalid value encountered in sqrt
  Vsonic = (i['gamma']*i['R']*i['Ts'])**0.5
C:\Users\MEO\Desktop\Projects\JetEngine\boomsonic_v0\.venv\Lib\site-packages\pycycle\thermo\static_ps_resid.py:128: RuntimeWarning: invalid value encountered in sqrt
  Vsonic = (i['gamma']*i['R']*i['Ts'])**0.5
C:\Users\MEO\Desktop\Projects\JetEngine\boomsonic_v0\.venv\Lib\site-packages\pycycle\thermo\static_ps_resid.py:128: RuntimeWarning: invalid value encountered in sqrt
  Vsonic = (i['gamma']*i['R']*i['Ts'])**0.5
C:\Users\MEO\Desktop\Projects\JetEngine\boomsonic_v0\.venv\Lib\site-packages\pycycle\thermo\static_ps_resid.py:128: RuntimeWarning: invalid value encountered in sqrt
  Vsonic = (i['gamma']*i['R']*i['Ts'])**0.5
C:\Users\MEO\Desktop\Projects\JetEngine\boomsonic_v0\.venv\Lib\site-packages\pycycle\thermo\static_ps_resid.py:108: RuntimeWarning: invalid value encountered in sqrt
  Vsonic = (i['gamma']*i['R']*i['Ts'])**0.5
C:\Users\MEO\Desktop\Projects\JetEngine\boomsonic_v0\.venv\Lib\site-packages\pycycle\thermo\static_ps_resid.py:83: RuntimeWarning: invalid value encountered in power
  ps_guess = inputs['guess:Pt'] * (1 + (gamt-1)/2 * inputs['MN']**2)**(-gamt/(gamt-1))
C:\Users\MEO\Desktop\Projects\JetEngine\boomsonic_v0\.venv\Lib\site-packages\pycycle\thermo\static_ps_resid.py:108: RuntimeWarning: invalid value encountered in sqrt
  Vsonic = (i['gamma']*i['R']*i['Ts'])**0.5
C:\Users\MEO\Desktop\Projects\JetEngine\boomsonic_v0\.venv\Lib\site-packages\pycycle\thermo\static_ps_resid.py:108: RuntimeWarning: invalid value encountered in sqrt
  Vsonic = (i['gamma']*i['R']*i['Ts'])**0.5
C:\Users\MEO\Desktop\Projects\JetEngine\boomsonic_v0\.venv\Lib\site-packages\pycycle\thermo\static_ps_resid.py:108: RuntimeWarning: invalid value encountered in sqrt
  Vsonic = (i['gamma']*i['R']*i['Ts'])**0.5
C:\Users\MEO\Desktop\Projects\JetEngine\boomsonic_v0\.venv\Lib\site-packages\pycycle\thermo\static_ps_resid.py:108: RuntimeWarning: invalid value encountered in sqrt
  Vsonic = (i['gamma']*i['R']*i['Ts'])**0.5
C:\Users\MEO\Desktop\Projects\JetEngine\boomsonic_v0\.venv\Lib\site-packages\pycycle\thermo\static_ps_resid.py:108: RuntimeWarning: invalid value encountered in sqrt
  Vsonic = (i['gamma']*i['R']*i['Ts'])**0.5
C:\Users\MEO\Desktop\Projects\JetEngine\boomsonic_v0\.venv\Lib\site-packages\pycycle\thermo\static_ps_resid.py:108: RuntimeWarning: invalid value encountered in sqrt
  Vsonic = (i['gamma']*i['R']*i['Ts'])**0.5
C:\Users\MEO\Desktop\Projects\JetEngine\boomsonic_v0\.venv\Lib\site-packages\pycycle\thermo\static_ps_resid.py:108: RuntimeWarning: invalid value encountered in sqrt
  Vsonic = (i['gamma']*i['R']*i['Ts'])**0.5
C:\Users\MEO\Desktop\Projects\JetEngine\boomsonic_v0\.venv\Lib\site-packages\pycycle\thermo\static_ps_resid.py:108: RuntimeWarning: invalid value encountered in sqrt
  Vsonic = (i['gamma']*i['R']*i['Ts'])**0.5
C:\Users\MEO\Desktop\Projects\JetEngine\boomsonic_v0\.venv\Lib\site-packages\pycycle\thermo\static_ps_resid.py:108: RuntimeWarning: invalid value encountered in sqrt
  Vsonic = (i['gamma']*i['R']*i['Ts'])**0.5
C:\Users\MEO\Desktop\Projects\JetEngine\boomsonic_v0\.venv\Lib\site-packages\pycycle\thermo\static_ps_resid.py:108: RuntimeWarning: invalid value encountered in sqrt
  Vsonic = (i['gamma']*i['R']*i['Ts'])**0.5
C:\Users\MEO\Desktop\Projects\JetEngine\boomsonic_v0\.venv\Lib\site-packages\pycycle\thermo\static_ps_resid.py:108: RuntimeWarning: invalid value encountered in sqrt
  Vsonic = (i['gamma']*i['R']*i['Ts'])**0.5
C:\Users\MEO\Desktop\Projects\JetEngine\boomsonic_v0\.venv\Lib\site-packages\pycycle\thermo\static_ps_calc.py:32: RuntimeWarning: invalid value encountered in sqrt
  outputs['Vsonic'] = Vsonic = np.sqrt(inputs['gamma'] * inputs['R'] * inputs['Ts'])
C:\Users\MEO\Desktop\Projects\JetEngine\boomsonic_v0\.venv\Lib\site-packages\pycycle\elements\compressor.py:75: RuntimeWarning: invalid value encountered in log
  outputs['eff_poly'] = Rt * np.log(PR) / ( Rt*np.log(PR) + S_out - S_in )
C:\Users\MEO\Desktop\Projects\JetEngine\boomsonic_v0\.venv\Lib\site-packages\pycycle\thermo\static_ps_resid.py:128: RuntimeWarning: invalid value encountered in sqrt
  Vsonic = (i['gamma']*i['R']*i['Ts'])**0.5
C:\Users\MEO\Desktop\Projects\JetEngine\boomsonic_v0\.venv\Lib\site-packages\pycycle\thermo\static_ps_resid.py:98: RuntimeWarning: invalid value encountered in power
  ps_guess = inputs['guess:Pt'] * (1 + (gamt-1)/2 * M_guess**2)**(-gamt/(gamt-1))
C:\Users\MEO\Desktop\Projects\JetEngine\boomsonic_v0\.venv\Lib\site-packages\pycycle\thermo\static_ps_resid.py:93: RuntimeWarning: invalid value encountered in power
  f1 = ps - inputs['guess:Pt'] * (1 + (gamt-1)/2 * M_guess**2)**(-gamt/(gamt-1))
C:\Users\MEO\Desktop\Projects\JetEngine\boomsonic_v0\.venv\Lib\site-packages\pycycle\thermo\static_ps_resid.py:94: RuntimeWarning: invalid value encountered in sqrt
  f2 = MN - inputs['W']*(R_UNIVERSAL_SI*inputs['Ts'])**0.5/(ps_guess*1.0e6*inputs['area']*gamt**0.5)
C:\Users\MEO\Desktop\Projects\JetEngine\boomsonic_v0\.venv\Lib\site-packages\pycycle\thermo\static_ps_resid.py:99: RuntimeWarning: The iteration is not making good progress, as measured by the 
 improvement from the last ten iterations.
  ps_guess, M_guess = fsolve(equations, (ps_guess, M_guess))
C:\Users\MEO\Desktop\Projects\JetEngine\boomsonic_v0\.venv\Lib\site-packages\pycycle\thermo\static_ps_resid.py:83: RuntimeWarning: invalid value encountered in power
  ps_guess = inputs['guess:Pt'] * (1 + (gamt-1)/2 * inputs['MN']**2)**(-gamt/(gamt-1))
C:\Users\MEO\Desktop\Projects\JetEngine\boomsonic_v0\.venv\Lib\site-packages\openmdao\solvers\solver.py:819: SolverWarning:Your model has stalled three times and may be violating the bounds. In the future, turn on print_bound_enforce in your solver options here: 
OD0.comp.ideal_flow.nonlinear_solver.linesearch.options['print_bound_enforce']=True. 
The bound(s) being violated now are:

C:\Users\MEO\Desktop\Projects\JetEngine\boomsonic_v0\.venv\Lib\site-packages\openmdao\solvers\linesearch\backtracking.py:39: SolverWarning:'OD0.comp.ideal_flow.balance.T' exceeds lower bounds
  Val: [-1.43848284e+08]
  Lower: [150.]

C:\Users\MEO\Desktop\Projects\JetEngine\boomsonic_v0\.venv\Lib\site-packages\pycycle\elements\compressor.py:75: RuntimeWarning: invalid value encountered in log
  outputs['eff_poly'] = Rt * np.log(PR) / ( Rt*np.log(PR) + S_out - S_in )
C:\Users\MEO\Desktop\Projects\JetEngine\boomsonic_v0\.venv\Lib\site-packages\pycycle\thermo\static_ps_resid.py:128: RuntimeWarning: invalid value encountered in sqrt
  Vsonic = (i['gamma']*i['R']*i['Ts'])**0.5
C:\Users\MEO\Desktop\Projects\JetEngine\boomsonic_v0\.venv\Lib\site-packages\pycycle\thermo\static_ps_resid.py:98: RuntimeWarning: invalid value encountered in power
  ps_guess = inputs['guess:Pt'] * (1 + (gamt-1)/2 * M_guess**2)**(-gamt/(gamt-1))
C:\Users\MEO\Desktop\Projects\JetEngine\boomsonic_v0\.venv\Lib\site-packages\pycycle\thermo\static_ps_resid.py:93: RuntimeWarning: invalid value encountered in power
  f1 = ps - inputs['guess:Pt'] * (1 + (gamt-1)/2 * M_guess**2)**(-gamt/(gamt-1))
C:\Users\MEO\Desktop\Projects\JetEngine\boomsonic_v0\.venv\Lib\site-packages\pycycle\thermo\static_ps_resid.py:94: RuntimeWarning: invalid value encountered in sqrt
  f2 = MN - inputs['W']*(R_UNIVERSAL_SI*inputs['Ts'])**0.5/(ps_guess*1.0e6*inputs['area']*gamt**0.5)
C:\Users\MEO\Desktop\Projects\JetEngine\boomsonic_v0\.venv\Lib\site-packages\pycycle\thermo\static_ps_resid.py:99: RuntimeWarning: The iteration is not making good progress, as measured by the 
 improvement from the last ten iterations.
  ps_guess, M_guess = fsolve(equations, (ps_guess, M_guess))
C:\Users\MEO\Desktop\Projects\JetEngine\boomsonic_v0\.venv\Lib\site-packages\pycycle\thermo\static_ps_resid.py:128: RuntimeWarning: invalid value encountered in sqrt
  Vsonic = (i['gamma']*i['R']*i['Ts'])**0.5
C:\Users\MEO\Desktop\Projects\JetEngine\boomsonic_v0\.venv\Lib\site-packages\pycycle\thermo\static_ps_resid.py:128: RuntimeWarning: invalid value encountered in sqrt
  Vsonic = (i['gamma']*i['R']*i['Ts'])**0.5
C:\Users\MEO\Desktop\Projects\JetEngine\boomsonic_v0\.venv\Lib\site-packages\pycycle\thermo\static_ps_resid.py:128: RuntimeWarning: invalid value encountered in sqrt
  Vsonic = (i['gamma']*i['R']*i['Ts'])**0.5
C:\Users\MEO\Desktop\Projects\JetEngine\boomsonic_v0\.venv\Lib\site-packages\pycycle\thermo\static_ps_resid.py:128: RuntimeWarning: invalid value encountered in sqrt
  Vsonic = (i['gamma']*i['R']*i['Ts'])**0.5
C:\Users\MEO\Desktop\Projects\JetEngine\boomsonic_v0\.venv\Lib\site-packages\pycycle\thermo\static_ps_resid.py:128: RuntimeWarning: invalid value encountered in sqrt
  Vsonic = (i['gamma']*i['R']*i['Ts'])**0.5
C:\Users\MEO\Desktop\Projects\JetEngine\boomsonic_v0\.venv\Lib\site-packages\pycycle\thermo\static_ps_resid.py:128: RuntimeWarning: invalid value encountered in sqrt
  Vsonic = (i['gamma']*i['R']*i['Ts'])**0.5
C:\Users\MEO\Desktop\Projects\JetEngine\boomsonic_v0\.venv\Lib\site-packages\pycycle\thermo\static_ps_resid.py:128: RuntimeWarning: invalid value encountered in sqrt
  Vsonic = (i['gamma']*i['R']*i['Ts'])**0.5
C:\Users\MEO\Desktop\Projects\JetEngine\boomsonic_v0\.venv\Lib\site-packages\pycycle\thermo\static_ps_resid.py:128: RuntimeWarning: invalid value encountered in sqrt
  Vsonic = (i['gamma']*i['R']*i['Ts'])**0.5
C:\Users\MEO\Desktop\Projects\JetEngine\boomsonic_v0\.venv\Lib\site-packages\pycycle\thermo\static_ps_resid.py:128: RuntimeWarning: invalid value encountered in sqrt
  Vsonic = (i['gamma']*i['R']*i['Ts'])**0.5
C:\Users\MEO\Desktop\Projects\JetEngine\boomsonic_v0\.venv\Lib\site-packages\pycycle\thermo\static_ps_resid.py:128: RuntimeWarning: invalid value encountered in sqrt
  Vsonic = (i['gamma']*i['R']*i['Ts'])**0.5
C:\Users\MEO\Desktop\Projects\JetEngine\boomsonic_v0\.venv\Lib\site-packages\pycycle\thermo\static_ps_resid.py:108: RuntimeWarning: invalid value encountered in sqrt
  Vsonic = (i['gamma']*i['R']*i['Ts'])**0.5
C:\Users\MEO\Desktop\Projects\JetEngine\boomsonic_v0\.venv\Lib\site-packages\pycycle\thermo\static_ps_resid.py:83: RuntimeWarning: invalid value encountered in power
  ps_guess = inputs['guess:Pt'] * (1 + (gamt-1)/2 * inputs['MN']**2)**(-gamt/(gamt-1))
C:\Users\MEO\Desktop\Projects\JetEngine\boomsonic_v0\.venv\Lib\site-packages\pycycle\thermo\static_ps_resid.py:108: RuntimeWarning: invalid value encountered in sqrt
  Vsonic = (i['gamma']*i['R']*i['Ts'])**0.5
C:\Users\MEO\Desktop\Projects\JetEngine\boomsonic_v0\.venv\Lib\site-packages\pycycle\thermo\static_ps_resid.py:108: RuntimeWarning: invalid value encountered in sqrt
  Vsonic = (i['gamma']*i['R']*i['Ts'])**0.5
C:\Users\MEO\Desktop\Projects\JetEngine\boomsonic_v0\.venv\Lib\site-packages\pycycle\thermo\static_ps_resid.py:108: RuntimeWarning: invalid value encountered in sqrt
  Vsonic = (i['gamma']*i['R']*i['Ts'])**0.5
C:\Users\MEO\Desktop\Projects\JetEngine\boomsonic_v0\.venv\Lib\site-packages\pycycle\thermo\static_ps_resid.py:108: RuntimeWarning: invalid value encountered in sqrt
  Vsonic = (i['gamma']*i['R']*i['Ts'])**0.5
C:\Users\MEO\Desktop\Projects\JetEngine\boomsonic_v0\.venv\Lib\site-packages\pycycle\thermo\static_ps_resid.py:108: RuntimeWarning: invalid value encountered in sqrt
  Vsonic = (i['gamma']*i['R']*i['Ts'])**0.5
C:\Users\MEO\Desktop\Projects\JetEngine\boomsonic_v0\.venv\Lib\site-packages\pycycle\thermo\static_ps_resid.py:108: RuntimeWarning: invalid value encountered in sqrt
  Vsonic = (i['gamma']*i['R']*i['Ts'])**0.5
C:\Users\MEO\Desktop\Projects\JetEngine\boomsonic_v0\.venv\Lib\site-packages\pycycle\thermo\static_ps_resid.py:108: RuntimeWarning: invalid value encountered in sqrt
  Vsonic = (i['gamma']*i['R']*i['Ts'])**0.5
C:\Users\MEO\Desktop\Projects\JetEngine\boomsonic_v0\.venv\Lib\site-packages\pycycle\thermo\static_ps_resid.py:108: RuntimeWarning: invalid value encountered in sqrt
  Vsonic = (i['gamma']*i['R']*i['Ts'])**0.5
C:\Users\MEO\Desktop\Projects\JetEngine\boomsonic_v0\.venv\Lib\site-packages\pycycle\thermo\static_ps_resid.py:108: RuntimeWarning: invalid value encountered in sqrt
  Vsonic = (i['gamma']*i['R']*i['Ts'])**0.5
C:\Users\MEO\Desktop\Projects\JetEngine\boomsonic_v0\.venv\Lib\site-packages\pycycle\thermo\static_ps_resid.py:108: RuntimeWarning: invalid value encountered in sqrt
  Vsonic = (i['gamma']*i['R']*i['Ts'])**0.5
C:\Users\MEO\Desktop\Projects\JetEngine\boomsonic_v0\.venv\Lib\site-packages\pycycle\thermo\static_ps_resid.py:108: RuntimeWarning: invalid value encountered in sqrt
  Vsonic = (i['gamma']*i['R']*i['Ts'])**0.5
C:\Users\MEO\Desktop\Projects\JetEngine\boomsonic_v0\.venv\Lib\site-packages\pycycle\thermo\static_ps_calc.py:32: RuntimeWarning: invalid value encountered in sqrt
  outputs['Vsonic'] = Vsonic = np.sqrt(inputs['gamma'] * inputs['R'] * inputs['Ts'])
C:\Users\MEO\Desktop\Projects\JetEngine\boomsonic_v0\.venv\Lib\site-packages\pycycle\elements\compressor.py:75: RuntimeWarning: invalid value encountered in log
  outputs['eff_poly'] = Rt * np.log(PR) / ( Rt*np.log(PR) + S_out - S_in )
C:\Users\MEO\Desktop\Projects\JetEngine\boomsonic_v0\.venv\Lib\site-packages\pycycle\thermo\static_ps_resid.py:128: RuntimeWarning: invalid value encountered in sqrt
  Vsonic = (i['gamma']*i['R']*i['Ts'])**0.5
C:\Users\MEO\Desktop\Projects\JetEngine\boomsonic_v0\.venv\Lib\site-packages\pycycle\thermo\static_ps_resid.py:98: RuntimeWarning: invalid value encountered in power
  ps_guess = inputs['guess:Pt'] * (1 + (gamt-1)/2 * M_guess**2)**(-gamt/(gamt-1))
C:\Users\MEO\Desktop\Projects\JetEngine\boomsonic_v0\.venv\Lib\site-packages\pycycle\thermo\static_ps_resid.py:93: RuntimeWarning: invalid value encountered in power
  f1 = ps - inputs['guess:Pt'] * (1 + (gamt-1)/2 * M_guess**2)**(-gamt/(gamt-1))
C:\Users\MEO\Desktop\Projects\JetEngine\boomsonic_v0\.venv\Lib\site-packages\pycycle\thermo\static_ps_resid.py:94: RuntimeWarning: invalid value encountered in sqrt
  f2 = MN - inputs['W']*(R_UNIVERSAL_SI*inputs['Ts'])**0.5/(ps_guess*1.0e6*inputs['area']*gamt**0.5)
C:\Users\MEO\Desktop\Projects\JetEngine\boomsonic_v0\.venv\Lib\site-packages\pycycle\thermo\static_ps_resid.py:99: RuntimeWarning: The iteration is not making good progress, as measured by the 
 improvement from the last ten iterations.
  ps_guess, M_guess = fsolve(equations, (ps_guess, M_guess))
C:\Users\MEO\Desktop\Projects\JetEngine\boomsonic_v0\.venv\Lib\site-packages\pycycle\thermo\static_ps_resid.py:83: RuntimeWarning: invalid value encountered in power
  ps_guess = inputs['guess:Pt'] * (1 + (gamt-1)/2 * inputs['MN']**2)**(-gamt/(gamt-1))
C:\Users\MEO\Desktop\Projects\JetEngine\boomsonic_v0\.venv\Lib\site-packages\pycycle\thermo\static_ps_resid.py:128: RuntimeWarning: invalid value encountered in sqrt
  Vsonic = (i['gamma']*i['R']*i['Ts'])**0.5
C:\Users\MEO\Desktop\Projects\JetEngine\boomsonic_v0\.venv\Lib\site-packages\pycycle\thermo\static_ps_resid.py:128: RuntimeWarning: invalid value encountered in sqrt
  Vsonic = (i['gamma']*i['R']*i['Ts'])**0.5
C:\Users\MEO\Desktop\Projects\JetEngine\boomsonic_v0\.venv\Lib\site-packages\pycycle\thermo\static_ps_resid.py:128: RuntimeWarning: invalid value encountered in sqrt
  Vsonic = (i['gamma']*i['R']*i['Ts'])**0.5
C:\Users\MEO\Desktop\Projects\JetEngine\boomsonic_v0\.venv\Lib\site-packages\pycycle\thermo\static_ps_resid.py:108: RuntimeWarning: invalid value encountered in sqrt
  Vsonic = (i['gamma']*i['R']*i['Ts'])**0.5
C:\Users\MEO\Desktop\Projects\JetEngine\boomsonic_v0\.venv\Lib\site-packages\pycycle\elements\turbine.py:89: RuntimeWarning: invalid value encountered in log
  outputs['eff_poly'] = 1 + (S_out-S_in)/(Rt*np.log(invPR))
C:\Users\MEO\Desktop\Projects\JetEngine\boomsonic_v0\.venv\Lib\site-packages\openmdao\solvers\solver.py:819: SolverWarning:Your model has stalled three times and may be violating the bounds. In the future, turn on print_bound_enforce in your solver options here: 
OD0.burner.vitiated_flow.nonlinear_solver.linesearch.options['print_bound_enforce']=True. 
The bound(s) being violated now are:

C:\Users\MEO\Desktop\Projects\JetEngine\boomsonic_v0\.venv\Lib\site-packages\openmdao\solvers\linesearch\backtracking.py:35: SolverWarning:'OD0.burner.vitiated_flow.balance.T' exceeds upper bounds
  Val: [2746.32689661]
  Upper: [2500.]

C:\Users\MEO\Desktop\Projects\JetEngine\boomsonic_v0\.venv\Lib\site-packages\openmdao\solvers\solver.py:819: SolverWarning:Your model has stalled three times and may be violating the bounds. In the future, turn on print_bound_enforce in your solver options here: 
OD0.burner.out_stat.nonlinear_solver.linesearch.options['print_bound_enforce']=True. 
The bound(s) being violated now are:

C:\Users\MEO\Desktop\Projects\JetEngine\boomsonic_v0\.venv\Lib\site-packages\openmdao\solvers\linesearch\backtracking.py:35: SolverWarning:'OD0.burner.out_stat.balance.T' exceeds upper bounds
  Val: [2856.55713193]
  Upper: [2500.]

C:\Users\MEO\Desktop\Projects\JetEngine\boomsonic_v0\.venv\Lib\site-packages\openmdao\solvers\solver.py:819: SolverWarning:Your model has stalled three times and may be violating the bounds. In the future, turn on print_bound_enforce in your solver options here: 
OD0.turb.real_flow_b4bld.nonlinear_solver.linesearch.options['print_bound_enforce']=True. 
The bound(s) being violated now are:

C:\Users\MEO\Desktop\Projects\JetEngine\boomsonic_v0\.venv\Lib\site-packages\openmdao\solvers\linesearch\backtracking.py:35: SolverWarning:'OD0.turb.real_flow_b4bld.balance.T' exceeds upper bounds
  Val: [2577.26109262]
  Upper: [2500.]

C:\Users\MEO\Desktop\Projects\JetEngine\boomsonic_v0\.venv\Lib\site-packages\openmdao\solvers\solver.py:819: SolverWarning:Your model has stalled three times and may be violating the bounds. In the future, turn on print_bound_enforce in your solver options here: 
OD0.turb.real_flow.nonlinear_solver.linesearch.options['print_bound_enforce']=True. 
The bound(s) being violated now are:

C:\Users\MEO\Desktop\Projects\JetEngine\boomsonic_v0\.venv\Lib\site-packages\openmdao\solvers\linesearch\backtracking.py:35: SolverWarning:'OD0.turb.real_flow.balance.T' exceeds upper bounds
  Val: [2577.26109262]
  Upper: [2500.]

C:\Users\MEO\Desktop\Projects\JetEngine\boomsonic_v0\.venv\Lib\site-packages\openmdao\solvers\solver.py:819: SolverWarning:Your model has stalled three times and may be violating the bounds. In the future, turn on print_bound_enforce in your solver options here: 
OD0.turb.out_stat.nonlinear_solver.linesearch.options['print_bound_enforce']=True. 
The bound(s) being violated now are:

C:\Users\MEO\Desktop\Projects\JetEngine\boomsonic_v0\.venv\Lib\site-packages\openmdao\solvers\linesearch\backtracking.py:35: SolverWarning:'OD0.turb.out_stat.balance.T' exceeds upper bounds
  Val: [2600.17206731]
  Upper: [2500.]

C:\Users\MEO\Desktop\Projects\JetEngine\boomsonic_v0\.venv\Lib\site-packages\openmdao\solvers\solver.py:819: SolverWarning:Your model has stalled three times and may be violating the bounds. In the future, turn on print_bound_enforce in your solver options here: 
OD0.nozz.throat_total.nonlinear_solver.linesearch.options['print_bound_enforce']=True. 
The bound(s) being violated now are:

C:\Users\MEO\Desktop\Projects\JetEngine\boomsonic_v0\.venv\Lib\site-packages\openmdao\solvers\linesearch\backtracking.py:35: SolverWarning:'OD0.nozz.throat_total.balance.T' exceeds upper bounds
  Val: [2577.26109262]
  Upper: [2500.]

C:\Users\MEO\Desktop\Projects\JetEngine\boomsonic_v0\.venv\Lib\site-packages\pycycle\thermo\static_ps_resid.py:128: RuntimeWarning: invalid value encountered in sqrt
  Vsonic = (i['gamma']*i['R']*i['Ts'])**0.5
C:\Users\MEO\Desktop\Projects\JetEngine\boomsonic_v0\.venv\Lib\site-packages\pycycle\thermo\static_ps_resid.py:108: RuntimeWarning: invalid value encountered in sqrt
  Vsonic = (i['gamma']*i['R']*i['Ts'])**0.5
C:\Users\MEO\Desktop\Projects\JetEngine\boomsonic_v0\.venv\Lib\site-packages\pycycle\thermo\static_ps_calc.py:32: RuntimeWarning: invalid value encountered in sqrt
  outputs['Vsonic'] = Vsonic = np.sqrt(inputs['gamma'] * inputs['R'] * inputs['Ts'])
C:\Users\MEO\Desktop\Projects\JetEngine\boomsonic_v0\.venv\Lib\site-packages\openmdao\solvers\solver.py:819: SolverWarning:Your model has stalled three times and may be violating the bounds. In the future, turn on print_bound_enforce in your solver options here: 
OD0.burner.vitiated_flow.nonlinear_solver.linesearch.options['print_bound_enforce']=True. 
The bound(s) being violated now are:

C:\Users\MEO\Desktop\Projects\JetEngine\boomsonic_v0\.venv\Lib\site-packages\openmdao\solvers\linesearch\backtracking.py:35: SolverWarning:'OD0.burner.vitiated_flow.balance.T' exceeds upper bounds
  Val: [4258.57686101]
  Upper: [2500.]

C:\Users\MEO\Desktop\Projects\JetEngine\boomsonic_v0\.venv\Lib\site-packages\pycycle\thermo\static_ps_resid.py:128: RuntimeWarning: invalid value encountered in sqrt
  Vsonic = (i['gamma']*i['R']*i['Ts'])**0.5
C:\Users\MEO\Desktop\Projects\JetEngine\boomsonic_v0\.venv\Lib\site-packages\pycycle\thermo\static_ps_resid.py:98: RuntimeWarning: invalid value encountered in power
  ps_guess = inputs['guess:Pt'] * (1 + (gamt-1)/2 * M_guess**2)**(-gamt/(gamt-1))
C:\Users\MEO\Desktop\Projects\JetEngine\boomsonic_v0\.venv\Lib\site-packages\pycycle\thermo\static_ps_resid.py:93: RuntimeWarning: invalid value encountered in power
  f1 = ps - inputs['guess:Pt'] * (1 + (gamt-1)/2 * M_guess**2)**(-gamt/(gamt-1))
C:\Users\MEO\Desktop\Projects\JetEngine\boomsonic_v0\.venv\Lib\site-packages\pycycle\thermo\static_ps_resid.py:94: RuntimeWarning: invalid value encountered in sqrt
  f2 = MN - inputs['W']*(R_UNIVERSAL_SI*inputs['Ts'])**0.5/(ps_guess*1.0e6*inputs['area']*gamt**0.5)
C:\Users\MEO\Desktop\Projects\JetEngine\boomsonic_v0\.venv\Lib\site-packages\pycycle\thermo\static_ps_resid.py:99: RuntimeWarning: The iteration is not making good progress, as measured by the 
 improvement from the last ten iterations.
  ps_guess, M_guess = fsolve(equations, (ps_guess, M_guess))
C:\Users\MEO\Desktop\Projects\JetEngine\boomsonic_v0\.venv\Lib\site-packages\pycycle\thermo\static_ps_resid.py:128: RuntimeWarning: invalid value encountered in sqrt
  Vsonic = (i['gamma']*i['R']*i['Ts'])**0.5
C:\Users\MEO\Desktop\Projects\JetEngine\boomsonic_v0\.venv\Lib\site-packages\openmdao\solvers\solver.py:819: SolverWarning:Your model has stalled three times and may be violating the bounds. In the future, turn on print_bound_enforce in your solver options here: 
OD0.turb.real_flow_b4bld.nonlinear_solver.linesearch.options['print_bound_enforce']=True. 
The bound(s) being violated now are:

C:\Users\MEO\Desktop\Projects\JetEngine\boomsonic_v0\.venv\Lib\site-packages\openmdao\solvers\linesearch\backtracking.py:35: SolverWarning:'OD0.turb.real_flow_b4bld.balance.T' exceeds upper bounds
  Val: [3520.84174238]
  Upper: [2500.]

C:\Users\MEO\Desktop\Projects\JetEngine\boomsonic_v0\.venv\Lib\site-packages\openmdao\solvers\solver.py:819: SolverWarning:Your model has stalled three times and may be violating the bounds. In the future, turn on print_bound_enforce in your solver options here: 
OD0.turb.real_flow.nonlinear_solver.linesearch.options['print_bound_enforce']=True. 
The bound(s) being violated now are:

C:\Users\MEO\Desktop\Projects\JetEngine\boomsonic_v0\.venv\Lib\site-packages\openmdao\solvers\linesearch\backtracking.py:35: SolverWarning:'OD0.turb.real_flow.balance.T' exceeds upper bounds
  Val: [3520.84174238]
  Upper: [2500.]

C:\Users\MEO\Desktop\Projects\JetEngine\boomsonic_v0\.venv\Lib\site-packages\pycycle\thermo\static_ps_resid.py:128: RuntimeWarning: invalid value encountered in sqrt
  Vsonic = (i['gamma']*i['R']*i['Ts'])**0.5
C:\Users\MEO\Desktop\Projects\JetEngine\boomsonic_v0\.venv\Lib\site-packages\pycycle\thermo\static_ps_resid.py:94: RuntimeWarning: invalid value encountered in sqrt
  f2 = MN - inputs['W']*(R_UNIVERSAL_SI*inputs['Ts'])**0.5/(ps_guess*1.0e6*inputs['area']*gamt**0.5)
C:\Users\MEO\Desktop\Projects\JetEngine\boomsonic_v0\.venv\Lib\site-packages\pycycle\thermo\static_ps_resid.py:99: RuntimeWarning: The iteration is not making good progress, as measured by the 
 improvement from the last ten iterations.
  ps_guess, M_guess = fsolve(equations, (ps_guess, M_guess))
C:\Users\MEO\Desktop\Projects\JetEngine\boomsonic_v0\.venv\Lib\site-packages\openmdao\solvers\solver.py:819: SolverWarning:Your model has stalled three times and may be violating the bounds. In the future, turn on print_bound_enforce in your solver options here: 
OD0.nozz.throat_total.nonlinear_solver.linesearch.options['print_bound_enforce']=True. 
The bound(s) being violated now are:

C:\Users\MEO\Desktop\Projects\JetEngine\boomsonic_v0\.venv\Lib\site-packages\openmdao\solvers\linesearch\backtracking.py:35: SolverWarning:'OD0.nozz.throat_total.balance.T' exceeds upper bounds
  Val: [3520.84174238]
  Upper: [2500.]

C:\Users\MEO\Desktop\Projects\JetEngine\boomsonic_v0\.venv\Lib\site-packages\pycycle\thermo\static_ps_resid.py:108: RuntimeWarning: invalid value encountered in sqrt
  Vsonic = (i['gamma']*i['R']*i['Ts'])**0.5
C:\Users\MEO\Desktop\Projects\JetEngine\boomsonic_v0\.venv\Lib\site-packages\pycycle\thermo\static_ps_resid.py:83: RuntimeWarning: invalid value encountered in power
  ps_guess = inputs['guess:Pt'] * (1 + (gamt-1)/2 * inputs['MN']**2)**(-gamt/(gamt-1))
C:\Users\MEO\Desktop\Projects\JetEngine\boomsonic_v0\.venv\Lib\site-packages\pycycle\thermo\static_ps_resid.py:108: RuntimeWarning: invalid value encountered in sqrt
  Vsonic = (i['gamma']*i['R']*i['Ts'])**0.5
C:\Users\MEO\Desktop\Projects\JetEngine\boomsonic_v0\.venv\Lib\site-packages\pycycle\thermo\static_ps_resid.py:108: RuntimeWarning: invalid value encountered in sqrt
  Vsonic = (i['gamma']*i['R']*i['Ts'])**0.5
C:\Users\MEO\Desktop\Projects\JetEngine\boomsonic_v0\.venv\Lib\site-packages\pycycle\thermo\static_ps_calc.py:32: RuntimeWarning: invalid value encountered in sqrt
  outputs['Vsonic'] = Vsonic = np.sqrt(inputs['gamma'] * inputs['R'] * inputs['Ts'])
C:\Users\MEO\Desktop\Projects\JetEngine\boomsonic_v0\.venv\Lib\site-packages\pycycle\thermo\static_ps_resid.py:128: RuntimeWarning: invalid value encountered in sqrt
  Vsonic = (i['gamma']*i['R']*i['Ts'])**0.5
C:\Users\MEO\Desktop\Projects\JetEngine\boomsonic_v0\.venv\Lib\site-packages\pycycle\thermo\static_ps_resid.py:98: RuntimeWarning: invalid value encountered in power
  ps_guess = inputs['guess:Pt'] * (1 + (gamt-1)/2 * M_guess**2)**(-gamt/(gamt-1))
C:\Users\MEO\Desktop\Projects\JetEngine\boomsonic_v0\.venv\Lib\site-packages\pycycle\thermo\static_ps_resid.py:93: RuntimeWarning: invalid value encountered in power
  f1 = ps - inputs['guess:Pt'] * (1 + (gamt-1)/2 * M_guess**2)**(-gamt/(gamt-1))
C:\Users\MEO\Desktop\Projects\JetEngine\boomsonic_v0\.venv\Lib\site-packages\pycycle\thermo\static_ps_resid.py:94: RuntimeWarning: invalid value encountered in sqrt
  f2 = MN - inputs['W']*(R_UNIVERSAL_SI*inputs['Ts'])**0.5/(ps_guess*1.0e6*inputs['area']*gamt**0.5)
C:\Users\MEO\Desktop\Projects\JetEngine\boomsonic_v0\.venv\Lib\site-packages\pycycle\thermo\static_ps_resid.py:99: RuntimeWarning: The iteration is not making good progress, as measured by the 
 improvement from the last ten iterations.
  ps_guess, M_guess = fsolve(equations, (ps_guess, M_guess))
C:\Users\MEO\Desktop\Projects\JetEngine\boomsonic_v0\.venv\Lib\site-packages\pycycle\thermo\static_ps_resid.py:83: RuntimeWarning: invalid value encountered in power
  ps_guess = inputs['guess:Pt'] * (1 + (gamt-1)/2 * inputs['MN']**2)**(-gamt/(gamt-1))
C:\Users\MEO\Desktop\Projects\JetEngine\boomsonic_v0\.venv\Lib\site-packages\openmdao\solvers\solver.py:819: SolverWarning:Your model has stalled three times and may be violating the bounds. In the future, turn on print_bound_enforce in your solver options here: 
OD0.burner.vitiated_flow.nonlinear_solver.linesearch.options['print_bound_enforce']=True. 
The bound(s) being violated now are:

C:\Users\MEO\Desktop\Projects\JetEngine\boomsonic_v0\.venv\Lib\site-packages\openmdao\solvers\linesearch\backtracking.py:35: SolverWarning:'OD0.burner.vitiated_flow.balance.T' exceeds upper bounds
  Val: [4258.57686101]
  Upper: [2500.]

C:\Users\MEO\Desktop\Projects\JetEngine\boomsonic_v0\.venv\Lib\site-packages\pycycle\thermo\static_ps_resid.py:128: RuntimeWarning: invalid value encountered in sqrt
  Vsonic = (i['gamma']*i['R']*i['Ts'])**0.5
C:\Users\MEO\Desktop\Projects\JetEngine\boomsonic_v0\.venv\Lib\site-packages\pycycle\thermo\static_ps_resid.py:98: RuntimeWarning: invalid value encountered in power
  ps_guess = inputs['guess:Pt'] * (1 + (gamt-1)/2 * M_guess**2)**(-gamt/(gamt-1))
C:\Users\MEO\Desktop\Projects\JetEngine\boomsonic_v0\.venv\Lib\site-packages\pycycle\thermo\static_ps_resid.py:93: RuntimeWarning: invalid value encountered in power
  f1 = ps - inputs['guess:Pt'] * (1 + (gamt-1)/2 * M_guess**2)**(-gamt/(gamt-1))
C:\Users\MEO\Desktop\Projects\JetEngine\boomsonic_v0\.venv\Lib\site-packages\pycycle\thermo\static_ps_resid.py:94: RuntimeWarning: invalid value encountered in sqrt
  f2 = MN - inputs['W']*(R_UNIVERSAL_SI*inputs['Ts'])**0.5/(ps_guess*1.0e6*inputs['area']*gamt**0.5)
C:\Users\MEO\Desktop\Projects\JetEngine\boomsonic_v0\.venv\Lib\site-packages\pycycle\thermo\static_ps_resid.py:99: RuntimeWarning: The iteration is not making good progress, as measured by the 
 improvement from the last ten iterations.
  ps_guess, M_guess = fsolve(equations, (ps_guess, M_guess))
C:\Users\MEO\Desktop\Projects\JetEngine\boomsonic_v0\.venv\Lib\site-packages\openmdao\solvers\solver.py:819: SolverWarning:Your model has stalled three times and may be violating the bounds. In the future, turn on print_bound_enforce in your solver options here: 
OD0.turb.real_flow_b4bld.nonlinear_solver.linesearch.options['print_bound_enforce']=True. 
The bound(s) being violated now are:

C:\Users\MEO\Desktop\Projects\JetEngine\boomsonic_v0\.venv\Lib\site-packages\openmdao\solvers\linesearch\backtracking.py:35: SolverWarning:'OD0.turb.real_flow_b4bld.balance.T' exceeds upper bounds
  Val: [3520.84174238]
  Upper: [2500.]

C:\Users\MEO\Desktop\Projects\JetEngine\boomsonic_v0\.venv\Lib\site-packages\openmdao\solvers\solver.py:819: SolverWarning:Your model has stalled three times and may be violating the bounds. In the future, turn on print_bound_enforce in your solver options here: 
OD0.turb.real_flow.nonlinear_solver.linesearch.options['print_bound_enforce']=True. 
The bound(s) being violated now are:

C:\Users\MEO\Desktop\Projects\JetEngine\boomsonic_v0\.venv\Lib\site-packages\openmdao\solvers\linesearch\backtracking.py:35: SolverWarning:'OD0.turb.real_flow.balance.T' exceeds upper bounds
  Val: [3520.84174238]
  Upper: [2500.]

C:\Users\MEO\Desktop\Projects\JetEngine\boomsonic_v0\.venv\Lib\site-packages\pycycle\thermo\static_ps_resid.py:128: RuntimeWarning: invalid value encountered in sqrt
  Vsonic = (i['gamma']*i['R']*i['Ts'])**0.5
C:\Users\MEO\Desktop\Projects\JetEngine\boomsonic_v0\.venv\Lib\site-packages\pycycle\thermo\static_ps_resid.py:94: RuntimeWarning: invalid value encountered in sqrt
  f2 = MN - inputs['W']*(R_UNIVERSAL_SI*inputs['Ts'])**0.5/(ps_guess*1.0e6*inputs['area']*gamt**0.5)
C:\Users\MEO\Desktop\Projects\JetEngine\boomsonic_v0\.venv\Lib\site-packages\pycycle\thermo\static_ps_resid.py:99: RuntimeWarning: The iteration is not making good progress, as measured by the 
 improvement from the last ten iterations.
  ps_guess, M_guess = fsolve(equations, (ps_guess, M_guess))
C:\Users\MEO\Desktop\Projects\JetEngine\boomsonic_v0\.venv\Lib\site-packages\openmdao\solvers\solver.py:819: SolverWarning:Your model has stalled three times and may be violating the bounds. In the future, turn on print_bound_enforce in your solver options here: 
OD0.nozz.throat_total.nonlinear_solver.linesearch.options['print_bound_enforce']=True. 
The bound(s) being violated now are:

C:\Users\MEO\Desktop\Projects\JetEngine\boomsonic_v0\.venv\Lib\site-packages\openmdao\solvers\linesearch\backtracking.py:35: SolverWarning:'OD0.nozz.throat_total.balance.T' exceeds upper bounds
  Val: [3520.84174238]
  Upper: [2500.]

C:\Users\MEO\Desktop\Projects\JetEngine\boomsonic_v0\.venv\Lib\site-packages\pycycle\thermo\static_ps_resid.py:108: RuntimeWarning: invalid value encountered in sqrt
  Vsonic = (i['gamma']*i['R']*i['Ts'])**0.5
C:\Users\MEO\Desktop\Projects\JetEngine\boomsonic_v0\.venv\Lib\site-packages\pycycle\thermo\static_ps_resid.py:83: RuntimeWarning: invalid value encountered in power
  ps_guess = inputs['guess:Pt'] * (1 + (gamt-1)/2 * inputs['MN']**2)**(-gamt/(gamt-1))
C:\Users\MEO\Desktop\Projects\JetEngine\boomsonic_v0\.venv\Lib\site-packages\pycycle\thermo\static_ps_calc.py:32: RuntimeWarning: invalid value encountered in sqrt
  outputs['Vsonic'] = Vsonic = np.sqrt(inputs['gamma'] * inputs['R'] * inputs['Ts'])
C:\Users\MEO\Desktop\Projects\JetEngine\boomsonic_v0\.venv\Lib\site-packages\pycycle\thermo\static_ps_resid.py:128: RuntimeWarning: invalid value encountered in sqrt
  Vsonic = (i['gamma']*i['R']*i['Ts'])**0.5
C:\Users\MEO\Desktop\Projects\JetEngine\boomsonic_v0\.venv\Lib\site-packages\pycycle\thermo\static_ps_resid.py:98: RuntimeWarning: invalid value encountered in power
  ps_guess = inputs['guess:Pt'] * (1 + (gamt-1)/2 * M_guess**2)**(-gamt/(gamt-1))
C:\Users\MEO\Desktop\Projects\JetEngine\boomsonic_v0\.venv\Lib\site-packages\pycycle\thermo\static_ps_resid.py:93: RuntimeWarning: invalid value encountered in power
  f1 = ps - inputs['guess:Pt'] * (1 + (gamt-1)/2 * M_guess**2)**(-gamt/(gamt-1))
C:\Users\MEO\Desktop\Projects\JetEngine\boomsonic_v0\.venv\Lib\site-packages\pycycle\thermo\static_ps_resid.py:94: RuntimeWarning: invalid value encountered in sqrt
  f2 = MN - inputs['W']*(R_UNIVERSAL_SI*inputs['Ts'])**0.5/(ps_guess*1.0e6*inputs['area']*gamt**0.5)
C:\Users\MEO\Desktop\Projects\JetEngine\boomsonic_v0\.venv\Lib\site-packages\pycycle\thermo\static_ps_resid.py:99: RuntimeWarning: The iteration is not making good progress, as measured by the 
 improvement from the last ten iterations.
  ps_guess, M_guess = fsolve(equations, (ps_guess, M_guess))
C:\Users\MEO\Desktop\Projects\JetEngine\boomsonic_v0\.venv\Lib\site-packages\openmdao\solvers\solver.py:819: SolverWarning:Your model has stalled three times and may be violating the bounds. In the future, turn on print_bound_enforce in your solver options here: 
OD0.burner.vitiated_flow.nonlinear_solver.linesearch.options['print_bound_enforce']=True. 
The bound(s) being violated now are:

C:\Users\MEO\Desktop\Projects\JetEngine\boomsonic_v0\.venv\Lib\site-packages\openmdao\solvers\linesearch\backtracking.py:35: SolverWarning:'OD0.burner.vitiated_flow.balance.T' exceeds upper bounds
  Val: [4258.57686101]
  Upper: [2500.]

C:\Users\MEO\Desktop\Projects\JetEngine\boomsonic_v0\.venv\Lib\site-packages\pycycle\thermo\static_ps_resid.py:128: RuntimeWarning: invalid value encountered in sqrt
  Vsonic = (i['gamma']*i['R']*i['Ts'])**0.5
C:\Users\MEO\Desktop\Projects\JetEngine\boomsonic_v0\.venv\Lib\site-packages\pycycle\thermo\static_ps_resid.py:98: RuntimeWarning: invalid value encountered in power
  ps_guess = inputs['guess:Pt'] * (1 + (gamt-1)/2 * M_guess**2)**(-gamt/(gamt-1))
C:\Users\MEO\Desktop\Projects\JetEngine\boomsonic_v0\.venv\Lib\site-packages\pycycle\thermo\static_ps_resid.py:93: RuntimeWarning: invalid value encountered in power
  f1 = ps - inputs['guess:Pt'] * (1 + (gamt-1)/2 * M_guess**2)**(-gamt/(gamt-1))
C:\Users\MEO\Desktop\Projects\JetEngine\boomsonic_v0\.venv\Lib\site-packages\pycycle\thermo\static_ps_resid.py:94: RuntimeWarning: invalid value encountered in sqrt
  f2 = MN - inputs['W']*(R_UNIVERSAL_SI*inputs['Ts'])**0.5/(ps_guess*1.0e6*inputs['area']*gamt**0.5)
C:\Users\MEO\Desktop\Projects\JetEngine\boomsonic_v0\.venv\Lib\site-packages\pycycle\thermo\static_ps_resid.py:99: RuntimeWarning: The iteration is not making good progress, as measured by the 
 improvement from the last ten iterations.
  ps_guess, M_guess = fsolve(equations, (ps_guess, M_guess))
C:\Users\MEO\Desktop\Projects\JetEngine\boomsonic_v0\.venv\Lib\site-packages\openmdao\solvers\solver.py:819: SolverWarning:Your model has stalled three times and may be violating the bounds. In the future, turn on print_bound_enforce in your solver options here: 
OD0.turb.real_flow_b4bld.nonlinear_solver.linesearch.options['print_bound_enforce']=True. 
The bound(s) being violated now are:

C:\Users\MEO\Desktop\Projects\JetEngine\boomsonic_v0\.venv\Lib\site-packages\openmdao\solvers\linesearch\backtracking.py:35: SolverWarning:'OD0.turb.real_flow_b4bld.balance.T' exceeds upper bounds
  Val: [3520.84174238]
  Upper: [2500.]

C:\Users\MEO\Desktop\Projects\JetEngine\boomsonic_v0\.venv\Lib\site-packages\openmdao\solvers\solver.py:819: SolverWarning:Your model has stalled three times and may be violating the bounds. In the future, turn on print_bound_enforce in your solver options here: 
OD0.turb.real_flow.nonlinear_solver.linesearch.options['print_bound_enforce']=True. 
The bound(s) being violated now are:

C:\Users\MEO\Desktop\Projects\JetEngine\boomsonic_v0\.venv\Lib\site-packages\openmdao\solvers\linesearch\backtracking.py:35: SolverWarning:'OD0.turb.real_flow.balance.T' exceeds upper bounds
  Val: [3520.84174238]
  Upper: [2500.]

C:\Users\MEO\Desktop\Projects\JetEngine\boomsonic_v0\.venv\Lib\site-packages\pycycle\thermo\static_ps_resid.py:128: RuntimeWarning: invalid value encountered in sqrt
  Vsonic = (i['gamma']*i['R']*i['Ts'])**0.5
C:\Users\MEO\Desktop\Projects\JetEngine\boomsonic_v0\.venv\Lib\site-packages\pycycle\thermo\static_ps_resid.py:94: RuntimeWarning: invalid value encountered in sqrt
  f2 = MN - inputs['W']*(R_UNIVERSAL_SI*inputs['Ts'])**0.5/(ps_guess*1.0e6*inputs['area']*gamt**0.5)
C:\Users\MEO\Desktop\Projects\JetEngine\boomsonic_v0\.venv\Lib\site-packages\pycycle\thermo\static_ps_resid.py:99: RuntimeWarning: The iteration is not making good progress, as measured by the 
 improvement from the last ten iterations.
  ps_guess, M_guess = fsolve(equations, (ps_guess, M_guess))
C:\Users\MEO\Desktop\Projects\JetEngine\boomsonic_v0\.venv\Lib\site-packages\openmdao\solvers\solver.py:819: SolverWarning:Your model has stalled three times and may be violating the bounds. In the future, turn on print_bound_enforce in your solver options here: 
OD0.nozz.throat_total.nonlinear_solver.linesearch.options['print_bound_enforce']=True. 
The bound(s) being violated now are:

C:\Users\MEO\Desktop\Projects\JetEngine\boomsonic_v0\.venv\Lib\site-packages\openmdao\solvers\linesearch\backtracking.py:35: SolverWarning:'OD0.nozz.throat_total.balance.T' exceeds upper bounds
  Val: [3520.84174238]
  Upper: [2500.]

C:\Users\MEO\Desktop\Projects\JetEngine\boomsonic_v0\.venv\Lib\site-packages\pycycle\thermo\static_ps_resid.py:108: RuntimeWarning: invalid value encountered in sqrt
  Vsonic = (i['gamma']*i['R']*i['Ts'])**0.5
C:\Users\MEO\Desktop\Projects\JetEngine\boomsonic_v0\.venv\Lib\site-packages\pycycle\thermo\static_ps_resid.py:83: RuntimeWarning: invalid value encountered in power
  ps_guess = inputs['guess:Pt'] * (1 + (gamt-1)/2 * inputs['MN']**2)**(-gamt/(gamt-1))
C:\Users\MEO\Desktop\Projects\JetEngine\boomsonic_v0\.venv\Lib\site-packages\pycycle\thermo\static_ps_calc.py:32: RuntimeWarning: invalid value encountered in sqrt
  outputs['Vsonic'] = Vsonic = np.sqrt(inputs['gamma'] * inputs['R'] * inputs['Ts'])
C:\Users\MEO\Desktop\Projects\JetEngine\boomsonic_v0\.venv\Lib\site-packages\pycycle\thermo\static_ps_resid.py:128: RuntimeWarning: invalid value encountered in sqrt
  Vsonic = (i['gamma']*i['R']*i['Ts'])**0.5
C:\Users\MEO\Desktop\Projects\JetEngine\boomsonic_v0\.venv\Lib\site-packages\pycycle\thermo\static_ps_resid.py:98: RuntimeWarning: invalid value encountered in power
  ps_guess = inputs['guess:Pt'] * (1 + (gamt-1)/2 * M_guess**2)**(-gamt/(gamt-1))
C:\Users\MEO\Desktop\Projects\JetEngine\boomsonic_v0\.venv\Lib\site-packages\pycycle\thermo\static_ps_resid.py:93: RuntimeWarning: invalid value encountered in power
  f1 = ps - inputs['guess:Pt'] * (1 + (gamt-1)/2 * M_guess**2)**(-gamt/(gamt-1))
C:\Users\MEO\Desktop\Projects\JetEngine\boomsonic_v0\.venv\Lib\site-packages\pycycle\thermo\static_ps_resid.py:94: RuntimeWarning: invalid value encountered in sqrt
  f2 = MN - inputs['W']*(R_UNIVERSAL_SI*inputs['Ts'])**0.5/(ps_guess*1.0e6*inputs['area']*gamt**0.5)
C:\Users\MEO\Desktop\Projects\JetEngine\boomsonic_v0\.venv\Lib\site-packages\pycycle\thermo\static_ps_resid.py:99: RuntimeWarning: The iteration is not making good progress, as measured by the 
 improvement from the last ten iterations.
  ps_guess, M_guess = fsolve(equations, (ps_guess, M_guess))
C:\Users\MEO\Desktop\Projects\JetEngine\boomsonic_v0\.venv\Lib\site-packages\pycycle\thermo\static_ps_resid.py:128: RuntimeWarning: invalid value encountered in sqrt
  Vsonic = (i['gamma']*i['R']*i['Ts'])**0.5
C:\Users\MEO\Desktop\Projects\JetEngine\boomsonic_v0\.venv\Lib\site-packages\pycycle\thermo\static_ps_resid.py:128: RuntimeWarning: invalid value encountered in sqrt
  Vsonic = (i['gamma']*i['R']*i['Ts'])**0.5
C:\Users\MEO\Desktop\Projects\JetEngine\boomsonic_v0\.venv\Lib\site-packages\pycycle\thermo\static_ps_resid.py:108: RuntimeWarning: invalid value encountered in sqrt
  Vsonic = (i['gamma']*i['R']*i['Ts'])**0.5
C:\Users\MEO\Desktop\Projects\JetEngine\boomsonic_v0\.venv\Lib\site-packages\pycycle\elements\turbine.py:40: RuntimeWarning: invalid value encountered in sqrt
  outputs['Wp'] = inputs['W_in'] * inputs['Tt']**0.5 / inputs['Pt']
C:\Users\MEO\Desktop\Projects\JetEngine\boomsonic_v0\.venv\Lib\site-packages\pycycle\elements\turbine.py:41: RuntimeWarning: invalid value encountered in power
  outputs['Np'] = inputs['Nmech'] * inputs['Tt']**-0.5
C:\Users\MEO\Desktop\Projects\JetEngine\boomsonic_v0\.venv\Lib\site-packages\pycycle\elements\turbine.py:89: RuntimeWarning: invalid value encountered in log
  outputs['eff_poly'] = 1 + (S_out-S_in)/(Rt*np.log(invPR))
C:\Users\MEO\Desktop\Projects\JetEngine\boomsonic_v0\.venv\Lib\site-packages\pycycle\thermo\static_ps_resid.py:128: RuntimeWarning: invalid value encountered in sqrt
  Vsonic = (i['gamma']*i['R']*i['Ts'])**0.5
C:\Users\MEO\Desktop\Projects\JetEngine\boomsonic_v0\.venv\Lib\site-packages\openmdao\solvers\solver.py:819: SolverWarning:Your model has stalled three times and may be violating the bounds. In the future, turn on print_bound_enforce in your solver options here: 
OD0.comp.ideal_flow.nonlinear_solver.linesearch.options['print_bound_enforce']=True. 
The bound(s) being violated now are:

C:\Users\MEO\Desktop\Projects\JetEngine\boomsonic_v0\.venv\Lib\site-packages\openmdao\solvers\linesearch\backtracking.py:39: SolverWarning:'OD0.comp.ideal_flow.balance.T' exceeds lower bounds
  Val: [-2.52165877e+08]
  Lower: [150.]

C:\Users\MEO\Desktop\Projects\JetEngine\boomsonic_v0\.venv\Lib\site-packages\pycycle\elements\compressor.py:75: RuntimeWarning: invalid value encountered in log
  outputs['eff_poly'] = Rt * np.log(PR) / ( Rt*np.log(PR) + S_out - S_in )
C:\Users\MEO\Desktop\Projects\JetEngine\boomsonic_v0\.venv\Lib\site-packages\pycycle\thermo\static_ps_resid.py:98: RuntimeWarning: invalid value encountered in power
  ps_guess = inputs['guess:Pt'] * (1 + (gamt-1)/2 * M_guess**2)**(-gamt/(gamt-1))
C:\Users\MEO\Desktop\Projects\JetEngine\boomsonic_v0\.venv\Lib\site-packages\pycycle\thermo\static_ps_resid.py:93: RuntimeWarning: invalid value encountered in power
  f1 = ps - inputs['guess:Pt'] * (1 + (gamt-1)/2 * M_guess**2)**(-gamt/(gamt-1))
C:\Users\MEO\Desktop\Projects\JetEngine\boomsonic_v0\.venv\Lib\site-packages\pycycle\thermo\static_ps_resid.py:94: RuntimeWarning: invalid value encountered in sqrt
  f2 = MN - inputs['W']*(R_UNIVERSAL_SI*inputs['Ts'])**0.5/(ps_guess*1.0e6*inputs['area']*gamt**0.5)
C:\Users\MEO\Desktop\Projects\JetEngine\boomsonic_v0\.venv\Lib\site-packages\pycycle\thermo\static_ps_resid.py:99: RuntimeWarning: The iteration is not making good progress, as measured by the 
 improvement from the last ten iterations.
  ps_guess, M_guess = fsolve(equations, (ps_guess, M_guess))
C:\Users\MEO\Desktop\Projects\JetEngine\boomsonic_v0\.venv\Lib\site-packages\pycycle\thermo\static_ps_resid.py:128: RuntimeWarning: invalid value encountered in sqrt
  Vsonic = (i['gamma']*i['R']*i['Ts'])**0.5
C:\Users\MEO\Desktop\Projects\JetEngine\boomsonic_v0\.venv\Lib\site-packages\pycycle\thermo\static_ps_resid.py:128: RuntimeWarning: invalid value encountered in sqrt
  Vsonic = (i['gamma']*i['R']*i['Ts'])**0.5
C:\Users\MEO\Desktop\Projects\JetEngine\boomsonic_v0\.venv\Lib\site-packages\pycycle\thermo\static_ps_resid.py:98: RuntimeWarning: invalid value encountered in power
  ps_guess = inputs['guess:Pt'] * (1 + (gamt-1)/2 * M_guess**2)**(-gamt/(gamt-1))
C:\Users\MEO\Desktop\Projects\JetEngine\boomsonic_v0\.venv\Lib\site-packages\pycycle\thermo\static_ps_resid.py:93: RuntimeWarning: invalid value encountered in power
  f1 = ps - inputs['guess:Pt'] * (1 + (gamt-1)/2 * M_guess**2)**(-gamt/(gamt-1))
C:\Users\MEO\Desktop\Projects\JetEngine\boomsonic_v0\.venv\Lib\site-packages\pycycle\thermo\static_ps_resid.py:94: RuntimeWarning: invalid value encountered in sqrt
  f2 = MN - inputs['W']*(R_UNIVERSAL_SI*inputs['Ts'])**0.5/(ps_guess*1.0e6*inputs['area']*gamt**0.5)
C:\Users\MEO\Desktop\Projects\JetEngine\boomsonic_v0\.venv\Lib\site-packages\pycycle\thermo\static_ps_resid.py:99: RuntimeWarning: The iteration is not making good progress, as measured by the 
 improvement from the last ten iterations.
  ps_guess, M_guess = fsolve(equations, (ps_guess, M_guess))
C:\Users\MEO\Desktop\Projects\JetEngine\boomsonic_v0\.venv\Lib\site-packages\pycycle\thermo\static_ps_resid.py:128: RuntimeWarning: invalid value encountered in sqrt
  Vsonic = (i['gamma']*i['R']*i['Ts'])**0.5
C:\Users\MEO\Desktop\Projects\JetEngine\boomsonic_v0\.venv\Lib\site-packages\pycycle\thermo\static_ps_resid.py:128: RuntimeWarning: invalid value encountered in sqrt
  Vsonic = (i['gamma']*i['R']*i['Ts'])**0.5
C:\Users\MEO\Desktop\Projects\JetEngine\boomsonic_v0\.venv\Lib\site-packages\pycycle\thermo\static_ps_resid.py:128: RuntimeWarning: invalid value encountered in sqrt
  Vsonic = (i['gamma']*i['R']*i['Ts'])**0.5
C:\Users\MEO\Desktop\Projects\JetEngine\boomsonic_v0\.venv\Lib\site-packages\pycycle\thermo\static_ps_resid.py:128: RuntimeWarning: invalid value encountered in sqrt
  Vsonic = (i['gamma']*i['R']*i['Ts'])**0.5
C:\Users\MEO\Desktop\Projects\JetEngine\boomsonic_v0\.venv\Lib\site-packages\pycycle\thermo\static_ps_resid.py:128: RuntimeWarning: invalid value encountered in sqrt
  Vsonic = (i['gamma']*i['R']*i['Ts'])**0.5
C:\Users\MEO\Desktop\Projects\JetEngine\boomsonic_v0\.venv\Lib\site-packages\pycycle\thermo\static_ps_resid.py:128: RuntimeWarning: invalid value encountered in sqrt
  Vsonic = (i['gamma']*i['R']*i['Ts'])**0.5
C:\Users\MEO\Desktop\Projects\JetEngine\boomsonic_v0\.venv\Lib\site-packages\pycycle\thermo\static_ps_resid.py:128: RuntimeWarning: invalid value encountered in sqrt
  Vsonic = (i['gamma']*i['R']*i['Ts'])**0.5
C:\Users\MEO\Desktop\Projects\JetEngine\boomsonic_v0\.venv\Lib\site-packages\pycycle\thermo\static_ps_resid.py:128: RuntimeWarning: invalid value encountered in sqrt
  Vsonic = (i['gamma']*i['R']*i['Ts'])**0.5
C:\Users\MEO\Desktop\Projects\JetEngine\boomsonic_v0\.venv\Lib\site-packages\openmdao\solvers\solver.py:819: SolverWarning:Your model has stalled three times and may be violating the bounds. In the future, turn on print_bound_enforce in your solver options here: 
OD0.turb.ideal_flow.nonlinear_solver.linesearch.options['print_bound_enforce']=True. 
The bound(s) being violated now are:

C:\Users\MEO\Desktop\Projects\JetEngine\boomsonic_v0\.venv\Lib\site-packages\openmdao\solvers\linesearch\backtracking.py:39: SolverWarning:'OD0.turb.ideal_flow.balance.T' exceeds lower bounds
  Val: [-16662318.63841045]
  Lower: [150.]

C:\Users\MEO\Desktop\Projects\JetEngine\boomsonic_v0\.venv\Lib\site-packages\openmdao\solvers\solver.py:819: SolverWarning:Your model has stalled three times and may be violating the bounds. In the future, turn on print_bound_enforce in your solver options here: 
OD0.turb.real_flow_b4bld.nonlinear_solver.linesearch.options['print_bound_enforce']=True. 
The bound(s) being violated now are:

C:\Users\MEO\Desktop\Projects\JetEngine\boomsonic_v0\.venv\Lib\site-packages\openmdao\solvers\linesearch\backtracking.py:39: SolverWarning:'OD0.turb.real_flow_b4bld.balance.T' exceeds lower bounds
  Val: [-50010257.84149759]
  Lower: [150.]

C:\Users\MEO\Desktop\Projects\JetEngine\boomsonic_v0\.venv\Lib\site-packages\openmdao\solvers\solver.py:819: SolverWarning:Your model has stalled three times and may be violating the bounds. In the future, turn on print_bound_enforce in your solver options here: 
OD0.turb.real_flow.nonlinear_solver.linesearch.options['print_bound_enforce']=True. 
The bound(s) being violated now are:

C:\Users\MEO\Desktop\Projects\JetEngine\boomsonic_v0\.venv\Lib\site-packages\openmdao\solvers\linesearch\backtracking.py:39: SolverWarning:'OD0.turb.real_flow.balance.T' exceeds lower bounds
  Val: [-50010257.84149759]
  Lower: [150.]

C:\Users\MEO\Desktop\Projects\JetEngine\boomsonic_v0\.venv\Lib\site-packages\pycycle\thermo\static_ps_resid.py:128: RuntimeWarning: invalid value encountered in sqrt
  Vsonic = (i['gamma']*i['R']*i['Ts'])**0.5
C:\Users\MEO\Desktop\Projects\JetEngine\boomsonic_v0\.venv\Lib\site-packages\pycycle\thermo\static_ps_resid.py:128: RuntimeWarning: invalid value encountered in sqrt
  Vsonic = (i['gamma']*i['R']*i['Ts'])**0.5
C:\Users\MEO\Desktop\Projects\JetEngine\boomsonic_v0\.venv\Lib\site-packages\pycycle\thermo\static_ps_resid.py:128: RuntimeWarning: invalid value encountered in sqrt
  Vsonic = (i['gamma']*i['R']*i['Ts'])**0.5
C:\Users\MEO\Desktop\Projects\JetEngine\boomsonic_v0\.venv\Lib\site-packages\pycycle\thermo\static_ps_resid.py:128: RuntimeWarning: invalid value encountered in sqrt
  Vsonic = (i['gamma']*i['R']*i['Ts'])**0.5
C:\Users\MEO\Desktop\Projects\JetEngine\boomsonic_v0\.venv\Lib\site-packages\pycycle\thermo\static_ps_resid.py:128: RuntimeWarning: invalid value encountered in sqrt
  Vsonic = (i['gamma']*i['R']*i['Ts'])**0.5
C:\Users\MEO\Desktop\Projects\JetEngine\boomsonic_v0\.venv\Lib\site-packages\openmdao\solvers\solver.py:819: SolverWarning:Your model has stalled three times and may be violating the bounds. In the future, turn on print_bound_enforce in your solver options here: 
OD0.nozz.throat_total.nonlinear_solver.linesearch.options['print_bound_enforce']=True. 
The bound(s) being violated now are:

C:\Users\MEO\Desktop\Projects\JetEngine\boomsonic_v0\.venv\Lib\site-packages\openmdao\solvers\linesearch\backtracking.py:39: SolverWarning:'OD0.nozz.throat_total.balance.T' exceeds lower bounds
  Val: [-50010257.84149759]
  Lower: [150.]

C:\Users\MEO\Desktop\Projects\JetEngine\boomsonic_v0\.venv\Lib\site-packages\pycycle\thermo\static_ps_resid.py:108: RuntimeWarning: invalid value encountered in sqrt
  Vsonic = (i['gamma']*i['R']*i['Ts'])**0.5
C:\Users\MEO\Desktop\Projects\JetEngine\boomsonic_v0\.venv\Lib\site-packages\pycycle\thermo\static_ps_resid.py:108: RuntimeWarning: invalid value encountered in sqrt
  Vsonic = (i['gamma']*i['R']*i['Ts'])**0.5
C:\Users\MEO\Desktop\Projects\JetEngine\boomsonic_v0\.venv\Lib\site-packages\pycycle\thermo\static_ps_resid.py:108: RuntimeWarning: invalid value encountered in sqrt
  Vsonic = (i['gamma']*i['R']*i['Ts'])**0.5
C:\Users\MEO\Desktop\Projects\JetEngine\boomsonic_v0\.venv\Lib\site-packages\pycycle\thermo\static_ps_resid.py:108: RuntimeWarning: invalid value encountered in sqrt
  Vsonic = (i['gamma']*i['R']*i['Ts'])**0.5
C:\Users\MEO\Desktop\Projects\JetEngine\boomsonic_v0\.venv\Lib\site-packages\pycycle\thermo\static_ps_resid.py:108: RuntimeWarning: invalid value encountered in sqrt
  Vsonic = (i['gamma']*i['R']*i['Ts'])**0.5
C:\Users\MEO\Desktop\Projects\JetEngine\boomsonic_v0\.venv\Lib\site-packages\pycycle\thermo\static_ps_resid.py:108: RuntimeWarning: invalid value encountered in sqrt
  Vsonic = (i['gamma']*i['R']*i['Ts'])**0.5
C:\Users\MEO\Desktop\Projects\JetEngine\boomsonic_v0\.venv\Lib\site-packages\pycycle\thermo\static_ps_resid.py:108: RuntimeWarning: invalid value encountered in sqrt
  Vsonic = (i['gamma']*i['R']*i['Ts'])**0.5
C:\Users\MEO\Desktop\Projects\JetEngine\boomsonic_v0\.venv\Lib\site-packages\pycycle\thermo\static_ps_resid.py:108: RuntimeWarning: invalid value encountered in sqrt
  Vsonic = (i['gamma']*i['R']*i['Ts'])**0.5
C:\Users\MEO\Desktop\Projects\JetEngine\boomsonic_v0\.venv\Lib\site-packages\pycycle\thermo\static_ps_resid.py:108: RuntimeWarning: invalid value encountered in sqrt
  Vsonic = (i['gamma']*i['R']*i['Ts'])**0.5
C:\Users\MEO\Desktop\Projects\JetEngine\boomsonic_v0\.venv\Lib\site-packages\pycycle\thermo\static_ps_resid.py:108: RuntimeWarning: invalid value encountered in sqrt
  Vsonic = (i['gamma']*i['R']*i['Ts'])**0.5
C:\Users\MEO\Desktop\Projects\JetEngine\boomsonic_v0\.venv\Lib\site-packages\pycycle\thermo\static_ps_resid.py:108: RuntimeWarning: invalid value encountered in sqrt
  Vsonic = (i['gamma']*i['R']*i['Ts'])**0.5
C:\Users\MEO\Desktop\Projects\JetEngine\boomsonic_v0\.venv\Lib\site-packages\openmdao\solvers\solver.py:819: SolverWarning:Your model has stalled three times and may be violating the bounds. In the future, turn on print_bound_enforce in your solver options here: 
OD0.nozz.staticPs.nonlinear_solver.linesearch.options['print_bound_enforce']=True. 
The bound(s) being violated now are:

C:\Users\MEO\Desktop\Projects\JetEngine\boomsonic_v0\.venv\Lib\site-packages\openmdao\solvers\linesearch\backtracking.py:39: SolverWarning:'OD0.nozz.staticPs.balance.T' exceeds lower bounds
  Val: [-872.59594336]
  Lower: [150.]

C:\Users\MEO\Desktop\Projects\JetEngine\boomsonic_v0\.venv\Lib\site-packages\openmdao\solvers\solver.py:819: SolverWarning:Your model has stalled three times and may be violating the bounds. In the future, turn on print_bound_enforce in your solver options here: 
OD0.nozz.ideal_flow.nonlinear_solver.linesearch.options['print_bound_enforce']=True. 
The bound(s) being violated now are:

C:\Users\MEO\Desktop\Projects\JetEngine\boomsonic_v0\.venv\Lib\site-packages\openmdao\solvers\linesearch\backtracking.py:39: SolverWarning:'OD0.nozz.ideal_flow.balance.T' exceeds lower bounds
  Val: [-872.5959432]
  Lower: [150.]

C:\Users\MEO\Desktop\Projects\JetEngine\boomsonic_v0\.venv\Lib\site-packages\pycycle\elements\compressor.py:75: RuntimeWarning: invalid value encountered in log
  outputs['eff_poly'] = Rt * np.log(PR) / ( Rt*np.log(PR) + S_out - S_in )
C:\Users\MEO\Desktop\Projects\JetEngine\boomsonic_v0\.venv\Lib\site-packages\pycycle\thermo\static_ps_resid.py:128: RuntimeWarning: invalid value encountered in sqrt
  Vsonic = (i['gamma']*i['R']*i['Ts'])**0.5
C:\Users\MEO\Desktop\Projects\JetEngine\boomsonic_v0\.venv\Lib\site-packages\pycycle\thermo\static_ps_resid.py:108: RuntimeWarning: invalid value encountered in sqrt
  Vsonic = (i['gamma']*i['R']*i['Ts'])**0.5
C:\Users\MEO\Desktop\Projects\JetEngine\boomsonic_v0\.venv\Lib\site-packages\pycycle\thermo\static_ps_resid.py:98: RuntimeWarning: invalid value encountered in power
  ps_guess = inputs['guess:Pt'] * (1 + (gamt-1)/2 * M_guess**2)**(-gamt/(gamt-1))
C:\Users\MEO\Desktop\Projects\JetEngine\boomsonic_v0\.venv\Lib\site-packages\pycycle\thermo\static_ps_resid.py:93: RuntimeWarning: invalid value encountered in power
  f1 = ps - inputs['guess:Pt'] * (1 + (gamt-1)/2 * M_guess**2)**(-gamt/(gamt-1))
C:\Users\MEO\Desktop\Projects\JetEngine\boomsonic_v0\.venv\Lib\site-packages\pycycle\thermo\static_ps_resid.py:94: RuntimeWarning: invalid value encountered in sqrt
  f2 = MN - inputs['W']*(R_UNIVERSAL_SI*inputs['Ts'])**0.5/(ps_guess*1.0e6*inputs['area']*gamt**0.5)
C:\Users\MEO\Desktop\Projects\JetEngine\boomsonic_v0\.venv\Lib\site-packages\pycycle\thermo\static_ps_resid.py:99: RuntimeWarning: The iteration is not making good progress, as measured by the 
 improvement from the last ten iterations.
  ps_guess, M_guess = fsolve(equations, (ps_guess, M_guess))
C:\Users\MEO\Desktop\Projects\JetEngine\boomsonic_v0\.venv\Lib\site-packages\openmdao\solvers\solver.py:819: SolverWarning:Your model has stalled three times and may be violating the bounds. In the future, turn on print_bound_enforce in your solver options here: 
OD0.comp.ideal_flow.nonlinear_solver.linesearch.options['print_bound_enforce']=True. 
The bound(s) being violated now are:

C:\Users\MEO\Desktop\Projects\JetEngine\boomsonic_v0\.venv\Lib\site-packages\openmdao\solvers\linesearch\backtracking.py:39: SolverWarning:'OD0.comp.ideal_flow.balance.T' exceeds lower bounds
  Val: [-2.52165877e+08]
  Lower: [150.]

C:\Users\MEO\Desktop\Projects\JetEngine\boomsonic_v0\.venv\Lib\site-packages\pycycle\elements\compressor.py:75: RuntimeWarning: invalid value encountered in log
  outputs['eff_poly'] = Rt * np.log(PR) / ( Rt*np.log(PR) + S_out - S_in )
C:\Users\MEO\Desktop\Projects\JetEngine\boomsonic_v0\.venv\Lib\site-packages\pycycle\thermo\static_ps_resid.py:128: RuntimeWarning: invalid value encountered in sqrt
  Vsonic = (i['gamma']*i['R']*i['Ts'])**0.5
C:\Users\MEO\Desktop\Projects\JetEngine\boomsonic_v0\.venv\Lib\site-packages\pycycle\thermo\static_ps_resid.py:128: RuntimeWarning: invalid value encountered in sqrt
  Vsonic = (i['gamma']*i['R']*i['Ts'])**0.5
C:\Users\MEO\Desktop\Projects\JetEngine\boomsonic_v0\.venv\Lib\site-packages\pycycle\thermo\static_ps_resid.py:128: RuntimeWarning: invalid value encountered in sqrt
  Vsonic = (i['gamma']*i['R']*i['Ts'])**0.5
C:\Users\MEO\Desktop\Projects\JetEngine\boomsonic_v0\.venv\Lib\site-packages\pycycle\thermo\static_ps_resid.py:128: RuntimeWarning: invalid value encountered in sqrt
  Vsonic = (i['gamma']*i['R']*i['Ts'])**0.5
C:\Users\MEO\Desktop\Projects\JetEngine\boomsonic_v0\.venv\Lib\site-packages\pycycle\thermo\static_ps_resid.py:128: RuntimeWarning: invalid value encountered in sqrt
  Vsonic = (i['gamma']*i['R']*i['Ts'])**0.5
C:\Users\MEO\Desktop\Projects\JetEngine\boomsonic_v0\.venv\Lib\site-packages\pycycle\thermo\static_ps_resid.py:128: RuntimeWarning: invalid value encountered in sqrt
  Vsonic = (i['gamma']*i['R']*i['Ts'])**0.5
C:\Users\MEO\Desktop\Projects\JetEngine\boomsonic_v0\.venv\Lib\site-packages\openmdao\solvers\solver.py:819: SolverWarning:Your model has stalled three times and may be violating the bounds. In the future, turn on print_bound_enforce in your solver options here: 
OD0.turb.ideal_flow.nonlinear_solver.linesearch.options['print_bound_enforce']=True. 
The bound(s) being violated now are:

C:\Users\MEO\Desktop\Projects\JetEngine\boomsonic_v0\.venv\Lib\site-packages\openmdao\solvers\linesearch\backtracking.py:39: SolverWarning:'OD0.turb.ideal_flow.balance.T' exceeds lower bounds
  Val: [-13769193.06396268]
  Lower: [150.]

C:\Users\MEO\Desktop\Projects\JetEngine\boomsonic_v0\.venv\Lib\site-packages\openmdao\solvers\solver.py:819: SolverWarning:Your model has stalled three times and may be violating the bounds. In the future, turn on print_bound_enforce in your solver options here: 
OD0.turb.real_flow_b4bld.nonlinear_solver.linesearch.options['print_bound_enforce']=True. 
The bound(s) being violated now are:

C:\Users\MEO\Desktop\Projects\JetEngine\boomsonic_v0\.venv\Lib\site-packages\openmdao\solvers\linesearch\backtracking.py:39: SolverWarning:'OD0.turb.real_flow_b4bld.balance.T' exceeds lower bounds
  Val: [-1028.56516097]
  Lower: [150.]

C:\Users\MEO\Desktop\Projects\JetEngine\boomsonic_v0\.venv\Lib\site-packages\openmdao\solvers\solver.py:819: SolverWarning:Your model has stalled three times and may be violating the bounds. In the future, turn on print_bound_enforce in your solver options here: 
OD0.turb.real_flow.nonlinear_solver.linesearch.options['print_bound_enforce']=True. 
The bound(s) being violated now are:

C:\Users\MEO\Desktop\Projects\JetEngine\boomsonic_v0\.venv\Lib\site-packages\openmdao\solvers\linesearch\backtracking.py:39: SolverWarning:'OD0.turb.real_flow.balance.T' exceeds lower bounds
  Val: [-1028.56516097]
  Lower: [150.]

C:\Users\MEO\Desktop\Projects\JetEngine\boomsonic_v0\.venv\Lib\site-packages\pycycle\thermo\static_ps_resid.py:128: RuntimeWarning: invalid value encountered in sqrt
  Vsonic = (i['gamma']*i['R']*i['Ts'])**0.5
C:\Users\MEO\Desktop\Projects\JetEngine\boomsonic_v0\.venv\Lib\site-packages\pycycle\thermo\static_ps_resid.py:128: RuntimeWarning: invalid value encountered in sqrt
  Vsonic = (i['gamma']*i['R']*i['Ts'])**0.5
C:\Users\MEO\Desktop\Projects\JetEngine\boomsonic_v0\.venv\Lib\site-packages\openmdao\solvers\solver.py:819: SolverWarning:Your model has stalled three times and may be violating the bounds. In the future, turn on print_bound_enforce in your solver options here: 
OD0.nozz.throat_total.nonlinear_solver.linesearch.options['print_bound_enforce']=True. 
The bound(s) being violated now are:

C:\Users\MEO\Desktop\Projects\JetEngine\boomsonic_v0\.venv\Lib\site-packages\openmdao\solvers\linesearch\backtracking.py:39: SolverWarning:'OD0.nozz.throat_total.balance.T' exceeds lower bounds
  Val: [-1028.56516097]
  Lower: [150.]

C:\Users\MEO\Desktop\Projects\JetEngine\boomsonic_v0\.venv\Lib\site-packages\pycycle\thermo\static_ps_resid.py:108: RuntimeWarning: invalid value encountered in sqrt
  Vsonic = (i['gamma']*i['R']*i['Ts'])**0.5
C:\Users\MEO\Desktop\Projects\JetEngine\boomsonic_v0\.venv\Lib\site-packages\openmdao\solvers\solver.py:819: SolverWarning:Your model has stalled three times and may be violating the bounds. In the future, turn on print_bound_enforce in your solver options here: 
OD0.nozz.staticMN.nonlinear_solver.linesearch.options['print_bound_enforce']=True. 
The bound(s) being violated now are:

C:\Users\MEO\Desktop\Projects\JetEngine\boomsonic_v0\.venv\Lib\site-packages\openmdao\solvers\linesearch\backtracking.py:39: SolverWarning:'OD0.nozz.staticMN.balance.T' exceeds lower bounds
  Val: [-747.02828388]
  Lower: [150.]

C:\Users\MEO\Desktop\Projects\JetEngine\boomsonic_v0\.venv\Lib\site-packages\openmdao\solvers\linesearch\backtracking.py:39: SolverWarning:'OD0.nozz.staticMN.ps_resid.Ps' exceeds lower bounds
  Val: [-543.13878277]
  Lower: [-0.0009009]

C:\Users\MEO\Desktop\Projects\JetEngine\boomsonic_v0\.venv\Lib\site-packages\openmdao\solvers\linesearch\backtracking.py:39: SolverWarning:'OD0.nozz.staticMN.ps_resid.area' exceeds lower bounds
  Val: [-3.39612086e-05]
  Lower: [1.e-05]

C:\Users\MEO\Desktop\Projects\JetEngine\boomsonic_v0\.venv\Lib\site-packages\openmdao\solvers\solver.py:819: SolverWarning:Your model has stalled three times and may be violating the bounds. In the future, turn on print_bound_enforce in your solver options here: 
OD0.nozz.staticPs.nonlinear_solver.linesearch.options['print_bound_enforce']=True. 
The bound(s) being violated now are:

C:\Users\MEO\Desktop\Projects\JetEngine\boomsonic_v0\.venv\Lib\site-packages\openmdao\solvers\linesearch\backtracking.py:39: SolverWarning:'OD0.nozz.staticPs.balance.T' exceeds lower bounds
  Val: [-872.59594336]
  Lower: [150.]

C:\Users\MEO\Desktop\Projects\JetEngine\boomsonic_v0\.venv\Lib\site-packages\openmdao\solvers\solver.py:819: SolverWarning:Your model has stalled three times and may be violating the bounds. In the future, turn on print_bound_enforce in your solver options here: 
OD0.nozz.ideal_flow.nonlinear_solver.linesearch.options['print_bound_enforce']=True. 
The bound(s) being violated now are:

C:\Users\MEO\Desktop\Projects\JetEngine\boomsonic_v0\.venv\Lib\site-packages\openmdao\solvers\linesearch\backtracking.py:39: SolverWarning:'OD0.nozz.ideal_flow.balance.T' exceeds lower bounds
  Val: [-872.5959432]
  Lower: [150.]

C:\Users\MEO\Desktop\Projects\JetEngine\boomsonic_v0\.venv\Lib\site-packages\pycycle\elements\compressor.py:75: RuntimeWarning: invalid value encountered in log
  outputs['eff_poly'] = Rt * np.log(PR) / ( Rt*np.log(PR) + S_out - S_in )
C:\Users\MEO\Desktop\Projects\JetEngine\boomsonic_v0\.venv\Lib\site-packages\pycycle\thermo\static_ps_resid.py:128: RuntimeWarning: invalid value encountered in sqrt
  Vsonic = (i['gamma']*i['R']*i['Ts'])**0.5
C:\Users\MEO\Desktop\Projects\JetEngine\boomsonic_v0\.venv\Lib\site-packages\pycycle\thermo\static_ps_resid.py:128: RuntimeWarning: invalid value encountered in sqrt
  Vsonic = (i['gamma']*i['R']*i['Ts'])**0.5
C:\Users\MEO\Desktop\Projects\JetEngine\boomsonic_v0\.venv\Lib\site-packages\openmdao\solvers\solver.py:819: SolverWarning:Your model has stalled three times and may be violating the bounds. In the future, turn on print_bound_enforce in your solver options here: 
OD0.duct.out_stat.nonlinear_solver.linesearch.options['print_bound_enforce']=True. 
The bound(s) being violated now are:

C:\Users\MEO\Desktop\Projects\JetEngine\boomsonic_v0\.venv\Lib\site-packages\openmdao\solvers\linesearch\backtracking.py:39: SolverWarning:'OD0.duct.out_stat.balance.T' exceeds lower bounds
  Val: [-235.48066098]
  Lower: [150.]

C:\Users\MEO\Desktop\Projects\JetEngine\boomsonic_v0\.venv\Lib\site-packages\openmdao\solvers\linesearch\backtracking.py:39: SolverWarning:'OD0.duct.out_stat.ps_resid.Ps' exceeds lower bounds
  Val: [-0.001103]
  Lower: [-0.0009009]

C:\Users\MEO\Desktop\Projects\JetEngine\boomsonic_v0\.venv\Lib\site-packages\openmdao\solvers\solver.py:819: SolverWarning:Your model has stalled three times and may be violating the bounds. In the future, turn on print_bound_enforce in your solver options here: 
OD0.comp.ideal_flow.nonlinear_solver.linesearch.options['print_bound_enforce']=True. 
The bound(s) being violated now are:

C:\Users\MEO\Desktop\Projects\JetEngine\boomsonic_v0\.venv\Lib\site-packages\openmdao\solvers\linesearch\backtracking.py:39: SolverWarning:'OD0.comp.ideal_flow.balance.T' exceeds lower bounds
  Val: [-2.52165877e+08]
  Lower: [150.]

C:\Users\MEO\Desktop\Projects\JetEngine\boomsonic_v0\.venv\Lib\site-packages\pycycle\elements\compressor.py:75: RuntimeWarning: invalid value encountered in log
  outputs['eff_poly'] = Rt * np.log(PR) / ( Rt*np.log(PR) + S_out - S_in )
C:\Users\MEO\Desktop\Projects\JetEngine\boomsonic_v0\.venv\Lib\site-packages\pycycle\thermo\static_ps_resid.py:128: RuntimeWarning: invalid value encountered in sqrt
  Vsonic = (i['gamma']*i['R']*i['Ts'])**0.5
C:\Users\MEO\Desktop\Projects\JetEngine\boomsonic_v0\.venv\Lib\site-packages\openmdao\solvers\solver.py:819: SolverWarning:Your model has stalled three times and may be violating the bounds. In the future, turn on print_bound_enforce in your solver options here: 
OD0.turb.ideal_flow.nonlinear_solver.linesearch.options['print_bound_enforce']=True. 
The bound(s) being violated now are:

C:\Users\MEO\Desktop\Projects\JetEngine\boomsonic_v0\.venv\Lib\site-packages\openmdao\solvers\linesearch\backtracking.py:39: SolverWarning:'OD0.turb.ideal_flow.balance.T' exceeds lower bounds
  Val: [-13769193.06396283]
  Lower: [150.]

C:\Users\MEO\Desktop\Projects\JetEngine\boomsonic_v0\.venv\Lib\site-packages\openmdao\solvers\solver.py:819: SolverWarning:Your model has stalled three times and may be violating the bounds. In the future, turn on print_bound_enforce in your solver options here: 
OD0.turb.real_flow_b4bld.nonlinear_solver.linesearch.options['print_bound_enforce']=True. 
The bound(s) being violated now are:

C:\Users\MEO\Desktop\Projects\JetEngine\boomsonic_v0\.venv\Lib\site-packages\openmdao\solvers\linesearch\backtracking.py:39: SolverWarning:'OD0.turb.real_flow_b4bld.balance.T' exceeds lower bounds
  Val: [-1028.56516097]
  Lower: [150.]

C:\Users\MEO\Desktop\Projects\JetEngine\boomsonic_v0\.venv\Lib\site-packages\openmdao\solvers\solver.py:819: SolverWarning:Your model has stalled three times and may be violating the bounds. In the future, turn on print_bound_enforce in your solver options here: 
OD0.turb.real_flow.nonlinear_solver.linesearch.options['print_bound_enforce']=True. 
The bound(s) being violated now are:

C:\Users\MEO\Desktop\Projects\JetEngine\boomsonic_v0\.venv\Lib\site-packages\openmdao\solvers\linesearch\backtracking.py:39: SolverWarning:'OD0.turb.real_flow.balance.T' exceeds lower bounds
  Val: [-1028.56516097]
  Lower: [150.]

C:\Users\MEO\Desktop\Projects\JetEngine\boomsonic_v0\.venv\Lib\site-packages\pycycle\thermo\static_ps_resid.py:128: RuntimeWarning: invalid value encountered in sqrt
  Vsonic = (i['gamma']*i['R']*i['Ts'])**0.5
C:\Users\MEO\Desktop\Projects\JetEngine\boomsonic_v0\.venv\Lib\site-packages\openmdao\solvers\solver.py:819: SolverWarning:Your model has stalled three times and may be violating the bounds. In the future, turn on print_bound_enforce in your solver options here: 
OD0.nozz.throat_total.nonlinear_solver.linesearch.options['print_bound_enforce']=True. 
The bound(s) being violated now are:

C:\Users\MEO\Desktop\Projects\JetEngine\boomsonic_v0\.venv\Lib\site-packages\openmdao\solvers\linesearch\backtracking.py:39: SolverWarning:'OD0.nozz.throat_total.balance.T' exceeds lower bounds
  Val: [-1028.56516097]
  Lower: [150.]

C:\Users\MEO\Desktop\Projects\JetEngine\boomsonic_v0\.venv\Lib\site-packages\openmdao\solvers\solver.py:819: SolverWarning:Your model has stalled three times and may be violating the bounds. In the future, turn on print_bound_enforce in your solver options here: 
OD0.nozz.staticMN.nonlinear_solver.linesearch.options['print_bound_enforce']=True. 
The bound(s) being violated now are:

C:\Users\MEO\Desktop\Projects\JetEngine\boomsonic_v0\.venv\Lib\site-packages\openmdao\solvers\linesearch\backtracking.py:39: SolverWarning:'OD0.nozz.staticMN.balance.T' exceeds lower bounds
  Val: [-748.04863695]
  Lower: [150.]

C:\Users\MEO\Desktop\Projects\JetEngine\boomsonic_v0\.venv\Lib\site-packages\openmdao\solvers\linesearch\backtracking.py:39: SolverWarning:'OD0.nozz.staticMN.ps_resid.Ps' exceeds lower bounds
  Val: [-543.13878512]
  Lower: [-0.0009009]

C:\Users\MEO\Desktop\Projects\JetEngine\boomsonic_v0\.venv\Lib\site-packages\openmdao\solvers\solver.py:819: SolverWarning:Your model has stalled three times and may be violating the bounds. In the future, turn on print_bound_enforce in your solver options here: 
OD0.nozz.staticPs.nonlinear_solver.linesearch.options['print_bound_enforce']=True. 
The bound(s) being violated now are:

C:\Users\MEO\Desktop\Projects\JetEngine\boomsonic_v0\.venv\Lib\site-packages\openmdao\solvers\linesearch\backtracking.py:39: SolverWarning:'OD0.nozz.staticPs.balance.T' exceeds lower bounds
  Val: [-872.59594336]
  Lower: [150.]

C:\Users\MEO\Desktop\Projects\JetEngine\boomsonic_v0\.venv\Lib\site-packages\openmdao\solvers\solver.py:819: SolverWarning:Your model has stalled three times and may be violating the bounds. In the future, turn on print_bound_enforce in your solver options here: 
OD0.nozz.ideal_flow.nonlinear_solver.linesearch.options['print_bound_enforce']=True. 
The bound(s) being violated now are:

C:\Users\MEO\Desktop\Projects\JetEngine\boomsonic_v0\.venv\Lib\site-packages\openmdao\solvers\linesearch\backtracking.py:39: SolverWarning:'OD0.nozz.ideal_flow.balance.T' exceeds lower bounds
  Val: [-872.5959432]
  Lower: [150.]

C:\Users\MEO\Desktop\Projects\JetEngine\boomsonic_v0\.venv\Lib\site-packages\pycycle\elements\compressor.py:75: RuntimeWarning: invalid value encountered in log
  outputs['eff_poly'] = Rt * np.log(PR) / ( Rt*np.log(PR) + S_out - S_in )
C:\Users\MEO\Desktop\Projects\JetEngine\boomsonic_v0\.venv\Lib\site-packages\pycycle\thermo\static_ps_resid.py:128: RuntimeWarning: invalid value encountered in sqrt
  Vsonic = (i['gamma']*i['R']*i['Ts'])**0.5
C:\Users\MEO\Desktop\Projects\JetEngine\boomsonic_v0\.venv\Lib\site-packages\pycycle\thermo\static_ps_resid.py:128: RuntimeWarning: invalid value encountered in sqrt
  Vsonic = (i['gamma']*i['R']*i['Ts'])**0.5
C:\Users\MEO\Desktop\Projects\JetEngine\boomsonic_v0\.venv\Lib\site-packages\pycycle\thermo\static_ps_resid.py:128: RuntimeWarning: invalid value encountered in sqrt
  Vsonic = (i['gamma']*i['R']*i['Ts'])**0.5
C:\Users\MEO\Desktop\Projects\JetEngine\boomsonic_v0\.venv\Lib\site-packages\pycycle\thermo\static_ps_resid.py:128: RuntimeWarning: invalid value encountered in sqrt
  Vsonic = (i['gamma']*i['R']*i['Ts'])**0.5
C:\Users\MEO\Desktop\Projects\JetEngine\boomsonic_v0\.venv\Lib\site-packages\pycycle\thermo\static_ps_resid.py:128: RuntimeWarning: invalid value encountered in sqrt
  Vsonic = (i['gamma']*i['R']*i['Ts'])**0.5
C:\Users\MEO\Desktop\Projects\JetEngine\boomsonic_v0\.venv\Lib\site-packages\openmdao\solvers\solver.py:819: SolverWarning:Your model has stalled three times and may be violating the bounds. In the future, turn on print_bound_enforce in your solver options here: 
OD0.burner.vitiated_flow.nonlinear_solver.linesearch.options['print_bound_enforce']=True. 
The bound(s) being violated now are:

C:\Users\MEO\Desktop\Projects\JetEngine\boomsonic_v0\.venv\Lib\site-packages\openmdao\solvers\linesearch\backtracking.py:35: SolverWarning:'OD0.burner.vitiated_flow.balance.T' exceeds upper bounds
  Val: [3566.75318587]
  Upper: [2500.]

C:\Users\MEO\Desktop\Projects\JetEngine\boomsonic_v0\.venv\Lib\site-packages\pycycle\thermo\static_ps_resid.py:128: RuntimeWarning: invalid value encountered in sqrt
  Vsonic = (i['gamma']*i['R']*i['Ts'])**0.5
C:\Users\MEO\Desktop\Projects\JetEngine\boomsonic_v0\.venv\Lib\site-packages\pycycle\thermo\static_ps_resid.py:128: RuntimeWarning: invalid value encountered in sqrt
  Vsonic = (i['gamma']*i['R']*i['Ts'])**0.5
C:\Users\MEO\Desktop\Projects\JetEngine\boomsonic_v0\.venv\Lib\site-packages\pycycle\thermo\static_ps_resid.py:128: RuntimeWarning: invalid value encountered in sqrt
  Vsonic = (i['gamma']*i['R']*i['Ts'])**0.5
C:\Users\MEO\Desktop\Projects\JetEngine\boomsonic_v0\.venv\Lib\site-packages\pycycle\thermo\static_ps_resid.py:128: RuntimeWarning: invalid value encountered in sqrt
  Vsonic = (i['gamma']*i['R']*i['Ts'])**0.5
C:\Users\MEO\Desktop\Projects\JetEngine\boomsonic_v0\.venv\Lib\site-packages\openmdao\solvers\solver.py:819: SolverWarning:Your model has stalled three times and may be violating the bounds. In the future, turn on print_bound_enforce in your solver options here: 
OD0.turb.real_flow_b4bld.nonlinear_solver.linesearch.options['print_bound_enforce']=True. 
The bound(s) being violated now are:

C:\Users\MEO\Desktop\Projects\JetEngine\boomsonic_v0\.venv\Lib\site-packages\openmdao\solvers\linesearch\backtracking.py:35: SolverWarning:'OD0.turb.real_flow_b4bld.balance.T' exceeds upper bounds
  Val: [2844.8437359]
  Upper: [2500.]

C:\Users\MEO\Desktop\Projects\JetEngine\boomsonic_v0\.venv\Lib\site-packages\openmdao\solvers\solver.py:819: SolverWarning:Your model has stalled three times and may be violating the bounds. In the future, turn on print_bound_enforce in your solver options here: 
OD0.turb.real_flow.nonlinear_solver.linesearch.options['print_bound_enforce']=True. 
The bound(s) being violated now are:

C:\Users\MEO\Desktop\Projects\JetEngine\boomsonic_v0\.venv\Lib\site-packages\openmdao\solvers\linesearch\backtracking.py:35: SolverWarning:'OD0.turb.real_flow.balance.T' exceeds upper bounds
  Val: [2844.8437359]
  Upper: [2500.]

C:\Users\MEO\Desktop\Projects\JetEngine\boomsonic_v0\.venv\Lib\site-packages\openmdao\solvers\solver.py:819: SolverWarning:Your model has stalled three times and may be violating the bounds. In the future, turn on print_bound_enforce in your solver options here: 
OD0.turb.out_stat.nonlinear_solver.linesearch.options['print_bound_enforce']=True. 
The bound(s) being violated now are:

C:\Users\MEO\Desktop\Projects\JetEngine\boomsonic_v0\.venv\Lib\site-packages\openmdao\solvers\linesearch\backtracking.py:35: SolverWarning:'OD0.turb.out_stat.balance.T' exceeds upper bounds
  Val: [4008.9220552]
  Upper: [2500.]

C:\Users\MEO\Desktop\Projects\JetEngine\boomsonic_v0\.venv\Lib\site-packages\openmdao\solvers\linesearch\backtracking.py:39: SolverWarning:'OD0.turb.out_stat.ps_resid.MN' exceeds lower bounds
  Val: [0.00088231]
  Lower: [0.001]

C:\Users\MEO\Desktop\Projects\JetEngine\boomsonic_v0\.venv\Lib\site-packages\openmdao\solvers\solver.py:819: SolverWarning:Your model has stalled three times and may be violating the bounds. In the future, turn on print_bound_enforce in your solver options here: 
OD0.nozz.throat_total.nonlinear_solver.linesearch.options['print_bound_enforce']=True. 
The bound(s) being violated now are:

C:\Users\MEO\Desktop\Projects\JetEngine\boomsonic_v0\.venv\Lib\site-packages\openmdao\solvers\linesearch\backtracking.py:35: SolverWarning:'OD0.nozz.throat_total.balance.T' exceeds upper bounds
  Val: [2844.8437359]
  Upper: [2500.]

C:\Users\MEO\Desktop\Projects\JetEngine\boomsonic_v0\.venv\Lib\site-packages\openmdao\solvers\solver.py:819: SolverWarning:Your model has stalled three times and may be violating the bounds. In the future, turn on print_bound_enforce in your solver options here: 
OD0.nozz.staticMN.nonlinear_solver.linesearch.options['print_bound_enforce']=True. 
The bound(s) being violated now are:

C:\Users\MEO\Desktop\Projects\JetEngine\boomsonic_v0\.venv\Lib\site-packages\openmdao\solvers\linesearch\backtracking.py:35: SolverWarning:'OD0.nozz.staticMN.balance.T' exceeds upper bounds
  Val: [3772.73450742]
  Upper: [2500.]

C:\Users\MEO\Desktop\Projects\JetEngine\boomsonic_v0\.venv\Lib\site-packages\pycycle\thermo\static_ps_resid.py:128: RuntimeWarning: invalid value encountered in sqrt
  Vsonic = (i['gamma']*i['R']*i['Ts'])**0.5
C:\Users\MEO\Desktop\Projects\JetEngine\boomsonic_v0\.venv\Lib\site-packages\openmdao\solvers\solver.py:819: SolverWarning:Your model has stalled three times and may be violating the bounds. In the future, turn on print_bound_enforce in your solver options here: 
OD0.burner.vitiated_flow.nonlinear_solver.linesearch.options['print_bound_enforce']=True. 
The bound(s) being violated now are:

C:\Users\MEO\Desktop\Projects\JetEngine\boomsonic_v0\.venv\Lib\site-packages\openmdao\solvers\linesearch\backtracking.py:35: SolverWarning:'OD0.burner.vitiated_flow.balance.T' exceeds upper bounds
  Val: [3566.75318587]
  Upper: [2500.]

C:\Users\MEO\Desktop\Projects\JetEngine\boomsonic_v0\.venv\Lib\site-packages\pycycle\thermo\static_ps_resid.py:128: RuntimeWarning: invalid value encountered in sqrt
  Vsonic = (i['gamma']*i['R']*i['Ts'])**0.5
C:\Users\MEO\Desktop\Projects\JetEngine\boomsonic_v0\.venv\Lib\site-packages\pycycle\thermo\static_ps_resid.py:128: RuntimeWarning: invalid value encountered in sqrt
  Vsonic = (i['gamma']*i['R']*i['Ts'])**0.5
C:\Users\MEO\Desktop\Projects\JetEngine\boomsonic_v0\.venv\Lib\site-packages\pycycle\thermo\static_ps_resid.py:128: RuntimeWarning: invalid value encountered in sqrt
  Vsonic = (i['gamma']*i['R']*i['Ts'])**0.5
C:\Users\MEO\Desktop\Projects\JetEngine\boomsonic_v0\.venv\Lib\site-packages\pycycle\thermo\static_ps_resid.py:128: RuntimeWarning: invalid value encountered in sqrt
  Vsonic = (i['gamma']*i['R']*i['Ts'])**0.5
C:\Users\MEO\Desktop\Projects\JetEngine\boomsonic_v0\.venv\Lib\site-packages\pycycle\thermo\static_ps_resid.py:128: RuntimeWarning: invalid value encountered in sqrt
  Vsonic = (i['gamma']*i['R']*i['Ts'])**0.5
C:\Users\MEO\Desktop\Projects\JetEngine\boomsonic_v0\.venv\Lib\site-packages\openmdao\solvers\solver.py:819: SolverWarning:Your model has stalled three times and may be violating the bounds. In the future, turn on print_bound_enforce in your solver options here: 
OD0.turb.real_flow_b4bld.nonlinear_solver.linesearch.options['print_bound_enforce']=True. 
The bound(s) being violated now are:

C:\Users\MEO\Desktop\Projects\JetEngine\boomsonic_v0\.venv\Lib\site-packages\openmdao\solvers\linesearch\backtracking.py:35: SolverWarning:'OD0.turb.real_flow_b4bld.balance.T' exceeds upper bounds
  Val: [2844.8437359]
  Upper: [2500.]

C:\Users\MEO\Desktop\Projects\JetEngine\boomsonic_v0\.venv\Lib\site-packages\openmdao\solvers\solver.py:819: SolverWarning:Your model has stalled three times and may be violating the bounds. In the future, turn on print_bound_enforce in your solver options here: 
OD0.turb.real_flow.nonlinear_solver.linesearch.options['print_bound_enforce']=True. 
The bound(s) being violated now are:

C:\Users\MEO\Desktop\Projects\JetEngine\boomsonic_v0\.venv\Lib\site-packages\openmdao\solvers\linesearch\backtracking.py:35: SolverWarning:'OD0.turb.real_flow.balance.T' exceeds upper bounds
  Val: [2844.8437359]
  Upper: [2500.]

C:\Users\MEO\Desktop\Projects\JetEngine\boomsonic_v0\.venv\Lib\site-packages\openmdao\solvers\solver.py:819: SolverWarning:Your model has stalled three times and may be violating the bounds. In the future, turn on print_bound_enforce in your solver options here: 
OD0.turb.out_stat.nonlinear_solver.linesearch.options['print_bound_enforce']=True. 
The bound(s) being violated now are:

C:\Users\MEO\Desktop\Projects\JetEngine\boomsonic_v0\.venv\Lib\site-packages\openmdao\solvers\linesearch\backtracking.py:35: SolverWarning:'OD0.turb.out_stat.balance.T' exceeds upper bounds
  Val: [4008.9220552]
  Upper: [2500.]

C:\Users\MEO\Desktop\Projects\JetEngine\boomsonic_v0\.venv\Lib\site-packages\openmdao\solvers\linesearch\backtracking.py:39: SolverWarning:'OD0.turb.out_stat.ps_resid.MN' exceeds lower bounds
  Val: [0.00088231]
  Lower: [0.001]

C:\Users\MEO\Desktop\Projects\JetEngine\boomsonic_v0\.venv\Lib\site-packages\openmdao\solvers\solver.py:819: SolverWarning:Your model has stalled three times and may be violating the bounds. In the future, turn on print_bound_enforce in your solver options here: 
OD0.nozz.throat_total.nonlinear_solver.linesearch.options['print_bound_enforce']=True. 
The bound(s) being violated now are:

C:\Users\MEO\Desktop\Projects\JetEngine\boomsonic_v0\.venv\Lib\site-packages\openmdao\solvers\linesearch\backtracking.py:35: SolverWarning:'OD0.nozz.throat_total.balance.T' exceeds upper bounds
  Val: [2844.8437359]
  Upper: [2500.]

C:\Users\MEO\Desktop\Projects\JetEngine\boomsonic_v0\.venv\Lib\site-packages\openmdao\solvers\solver.py:819: SolverWarning:Your model has stalled three times and may be violating the bounds. In the future, turn on print_bound_enforce in your solver options here: 
OD0.nozz.staticMN.nonlinear_solver.linesearch.options['print_bound_enforce']=True. 
The bound(s) being violated now are:

C:\Users\MEO\Desktop\Projects\JetEngine\boomsonic_v0\.venv\Lib\site-packages\openmdao\solvers\linesearch\backtracking.py:35: SolverWarning:'OD0.nozz.staticMN.balance.T' exceeds upper bounds
  Val: [3772.73450742]
  Upper: [2500.]

C:\Users\MEO\Desktop\Projects\JetEngine\boomsonic_v0\.venv\Lib\site-packages\openmdao\solvers\solver.py:819: SolverWarning:Your model has stalled three times and may be violating the bounds. In the future, turn on print_bound_enforce in your solver options here: 
OD0.nozz.staticMN.nonlinear_solver.linesearch.options['print_bound_enforce']=True. 
The bound(s) being violated now are:

C:\Users\MEO\Desktop\Projects\JetEngine\boomsonic_v0\.venv\Lib\site-packages\openmdao\solvers\linesearch\backtracking.py:35: SolverWarning:'OD0.nozz.staticMN.balance.T' exceeds upper bounds
  Val: [3772.73450742]
  Upper: [2500.]

C:\Users\MEO\Desktop\Projects\JetEngine\boomsonic_v0\.venv\Lib\site-packages\openmdao\solvers\solver.py:819: SolverWarning:Your model has stalled three times and may be violating the bounds. In the future, turn on print_bound_enforce in your solver options here: 
OD0.nozz.staticMN.nonlinear_solver.linesearch.options['print_bound_enforce']=True. 
The bound(s) being violated now are:

C:\Users\MEO\Desktop\Projects\JetEngine\boomsonic_v0\.venv\Lib\site-packages\openmdao\solvers\linesearch\backtracking.py:35: SolverWarning:'OD0.nozz.staticMN.balance.T' exceeds upper bounds
  Val: [3772.73450742]
  Upper: [2500.]

C:\Users\MEO\Desktop\Projects\JetEngine\boomsonic_v0\.venv\Lib\site-packages\pycycle\thermo\static_ps_resid.py:128: RuntimeWarning: invalid value encountered in sqrt
  Vsonic = (i['gamma']*i['R']*i['Ts'])**0.5
C:\Users\MEO\Desktop\Projects\JetEngine\boomsonic_v0\.venv\Lib\site-packages\openmdao\solvers\solver.py:819: SolverWarning:Your model has stalled three times and may be violating the bounds. In the future, turn on print_bound_enforce in your solver options here: 
OD0.burner.vitiated_flow.nonlinear_solver.linesearch.options['print_bound_enforce']=True. 
The bound(s) being violated now are:

C:\Users\MEO\Desktop\Projects\JetEngine\boomsonic_v0\.venv\Lib\site-packages\openmdao\solvers\linesearch\backtracking.py:35: SolverWarning:'OD0.burner.vitiated_flow.balance.T' exceeds upper bounds
  Val: [3566.75318587]
  Upper: [2500.]

C:\Users\MEO\Desktop\Projects\JetEngine\boomsonic_v0\.venv\Lib\site-packages\pycycle\thermo\static_ps_resid.py:128: RuntimeWarning: invalid value encountered in sqrt
  Vsonic = (i['gamma']*i['R']*i['Ts'])**0.5
C:\Users\MEO\Desktop\Projects\JetEngine\boomsonic_v0\.venv\Lib\site-packages\pycycle\thermo\static_ps_resid.py:128: RuntimeWarning: invalid value encountered in sqrt
  Vsonic = (i['gamma']*i['R']*i['Ts'])**0.5
C:\Users\MEO\Desktop\Projects\JetEngine\boomsonic_v0\.venv\Lib\site-packages\pycycle\thermo\static_ps_resid.py:128: RuntimeWarning: invalid value encountered in sqrt
  Vsonic = (i['gamma']*i['R']*i['Ts'])**0.5
C:\Users\MEO\Desktop\Projects\JetEngine\boomsonic_v0\.venv\Lib\site-packages\pycycle\thermo\static_ps_resid.py:128: RuntimeWarning: invalid value encountered in sqrt
  Vsonic = (i['gamma']*i['R']*i['Ts'])**0.5
C:\Users\MEO\Desktop\Projects\JetEngine\boomsonic_v0\.venv\Lib\site-packages\pycycle\thermo\static_ps_resid.py:128: RuntimeWarning: invalid value encountered in sqrt
  Vsonic = (i['gamma']*i['R']*i['Ts'])**0.5
C:\Users\MEO\Desktop\Projects\JetEngine\boomsonic_v0\.venv\Lib\site-packages\openmdao\solvers\solver.py:819: SolverWarning:Your model has stalled three times and may be violating the bounds. In the future, turn on print_bound_enforce in your solver options here: 
OD0.turb.real_flow_b4bld.nonlinear_solver.linesearch.options['print_bound_enforce']=True. 
The bound(s) being violated now are:

C:\Users\MEO\Desktop\Projects\JetEngine\boomsonic_v0\.venv\Lib\site-packages\openmdao\solvers\linesearch\backtracking.py:35: SolverWarning:'OD0.turb.real_flow_b4bld.balance.T' exceeds upper bounds
  Val: [2844.8437359]
  Upper: [2500.]

C:\Users\MEO\Desktop\Projects\JetEngine\boomsonic_v0\.venv\Lib\site-packages\openmdao\solvers\solver.py:819: SolverWarning:Your model has stalled three times and may be violating the bounds. In the future, turn on print_bound_enforce in your solver options here: 
OD0.turb.real_flow.nonlinear_solver.linesearch.options['print_bound_enforce']=True. 
The bound(s) being violated now are:

C:\Users\MEO\Desktop\Projects\JetEngine\boomsonic_v0\.venv\Lib\site-packages\openmdao\solvers\linesearch\backtracking.py:35: SolverWarning:'OD0.turb.real_flow.balance.T' exceeds upper bounds
  Val: [2844.8437359]
  Upper: [2500.]

C:\Users\MEO\Desktop\Projects\JetEngine\boomsonic_v0\.venv\Lib\site-packages\openmdao\solvers\solver.py:819: SolverWarning:Your model has stalled three times and may be violating the bounds. In the future, turn on print_bound_enforce in your solver options here: 
OD0.turb.out_stat.nonlinear_solver.linesearch.options['print_bound_enforce']=True. 
The bound(s) being violated now are:

C:\Users\MEO\Desktop\Projects\JetEngine\boomsonic_v0\.venv\Lib\site-packages\openmdao\solvers\linesearch\backtracking.py:35: SolverWarning:'OD0.turb.out_stat.balance.T' exceeds upper bounds
  Val: [4008.9220552]
  Upper: [2500.]

C:\Users\MEO\Desktop\Projects\JetEngine\boomsonic_v0\.venv\Lib\site-packages\openmdao\solvers\linesearch\backtracking.py:39: SolverWarning:'OD0.turb.out_stat.ps_resid.MN' exceeds lower bounds
  Val: [0.00088231]
  Lower: [0.001]

C:\Users\MEO\Desktop\Projects\JetEngine\boomsonic_v0\.venv\Lib\site-packages\openmdao\solvers\solver.py:819: SolverWarning:Your model has stalled three times and may be violating the bounds. In the future, turn on print_bound_enforce in your solver options here: 
OD0.nozz.throat_total.nonlinear_solver.linesearch.options['print_bound_enforce']=True. 
The bound(s) being violated now are:

C:\Users\MEO\Desktop\Projects\JetEngine\boomsonic_v0\.venv\Lib\site-packages\openmdao\solvers\linesearch\backtracking.py:35: SolverWarning:'OD0.nozz.throat_total.balance.T' exceeds upper bounds
  Val: [2844.8437359]
  Upper: [2500.]

C:\Users\MEO\Desktop\Projects\JetEngine\boomsonic_v0\.venv\Lib\site-packages\openmdao\solvers\solver.py:819: SolverWarning:Your model has stalled three times and may be violating the bounds. In the future, turn on print_bound_enforce in your solver options here: 
OD0.nozz.staticMN.nonlinear_solver.linesearch.options['print_bound_enforce']=True. 
The bound(s) being violated now are:

C:\Users\MEO\Desktop\Projects\JetEngine\boomsonic_v0\.venv\Lib\site-packages\openmdao\solvers\linesearch\backtracking.py:35: SolverWarning:'OD0.nozz.staticMN.balance.T' exceeds upper bounds
  Val: [3772.73450742]
  Upper: [2500.]

C:\Users\MEO\Desktop\Projects\JetEngine\boomsonic_v0\.venv\Lib\site-packages\openmdao\solvers\solver.py:819: SolverWarning:Your model has stalled three times and may be violating the bounds. In the future, turn on print_bound_enforce in your solver options here: 
OD0.nozz.staticMN.nonlinear_solver.linesearch.options['print_bound_enforce']=True. 
The bound(s) being violated now are:

C:\Users\MEO\Desktop\Projects\JetEngine\boomsonic_v0\.venv\Lib\site-packages\openmdao\solvers\linesearch\backtracking.py:35: SolverWarning:'OD0.nozz.staticMN.balance.T' exceeds upper bounds
  Val: [3772.73450742]
  Upper: [2500.]

C:\Users\MEO\Desktop\Projects\JetEngine\boomsonic_v0\.venv\Lib\site-packages\openmdao\solvers\solver.py:819: SolverWarning:Your model has stalled three times and may be violating the bounds. In the future, turn on print_bound_enforce in your solver options here: 
OD0.nozz.staticMN.nonlinear_solver.linesearch.options['print_bound_enforce']=True. 
The bound(s) being violated now are:

C:\Users\MEO\Desktop\Projects\JetEngine\boomsonic_v0\.venv\Lib\site-packages\openmdao\solvers\linesearch\backtracking.py:35: SolverWarning:'OD0.nozz.staticMN.balance.T' exceeds upper bounds
  Val: [3772.73450742]
  Upper: [2500.]

C:\Users\MEO\Desktop\Projects\JetEngine\boomsonic_v0\.venv\Lib\site-packages\pycycle\thermo\static_ps_resid.py:128: RuntimeWarning: invalid value encountered in sqrt
  Vsonic = (i['gamma']*i['R']*i['Ts'])**0.5
C:\Users\MEO\Desktop\Projects\JetEngine\boomsonic_v0\.venv\Lib\site-packages\pycycle\thermo\static_ps_resid.py:128: RuntimeWarning: invalid value encountered in sqrt
  Vsonic = (i['gamma']*i['R']*i['Ts'])**0.5
C:\Users\MEO\Desktop\Projects\JetEngine\boomsonic_v0\.venv\Lib\site-packages\pycycle\elements\turbine.py:40: RuntimeWarning: invalid value encountered in sqrt
  outputs['Wp'] = inputs['W_in'] * inputs['Tt']**0.5 / inputs['Pt']
C:\Users\MEO\Desktop\Projects\JetEngine\boomsonic_v0\.venv\Lib\site-packages\pycycle\elements\turbine.py:41: RuntimeWarning: invalid value encountered in power
  outputs['Np'] = inputs['Nmech'] * inputs['Tt']**-0.5
C:\Users\MEO\Desktop\Projects\JetEngine\boomsonic_v0\.venv\Lib\site-packages\pycycle\elements\turbine.py:89: RuntimeWarning: invalid value encountered in log
  outputs['eff_poly'] = 1 + (S_out-S_in)/(Rt*np.log(invPR))
C:\Users\MEO\Desktop\Projects\JetEngine\boomsonic_v0\.venv\Lib\site-packages\openmdao\solvers\solver.py:819: SolverWarning:Your model has stalled three times and may be violating the bounds. In the future, turn on print_bound_enforce in your solver options here: 
OD0.comp.ideal_flow.nonlinear_solver.linesearch.options['print_bound_enforce']=True. 
The bound(s) being violated now are:

C:\Users\MEO\Desktop\Projects\JetEngine\boomsonic_v0\.venv\Lib\site-packages\openmdao\solvers\linesearch\backtracking.py:39: SolverWarning:'OD0.comp.ideal_flow.balance.T' exceeds lower bounds
  Val: [-94606592.15663056]
  Lower: [150.]

C:\Users\MEO\Desktop\Projects\JetEngine\boomsonic_v0\.venv\Lib\site-packages\openmdao\solvers\solver.py:819: SolverWarning:Your model has stalled three times and may be violating the bounds. In the future, turn on print_bound_enforce in your solver options here: 
OD0.comp.real_flow.nonlinear_solver.linesearch.options['print_bound_enforce']=True. 
The bound(s) being violated now are:

C:\Users\MEO\Desktop\Projects\JetEngine\boomsonic_v0\.venv\Lib\site-packages\pycycle\elements\compressor.py:75: RuntimeWarning: invalid value encountered in log
  outputs['eff_poly'] = Rt * np.log(PR) / ( Rt*np.log(PR) + S_out - S_in )
C:\Users\MEO\Desktop\Projects\JetEngine\boomsonic_v0\.venv\Lib\site-packages\openmdao\solvers\solver.py:819: SolverWarning:Your model has stalled three times and may be violating the bounds. In the future, turn on print_bound_enforce in your solver options here: 
OD0.comp.sb_flow.nonlinear_solver.linesearch.options['print_bound_enforce']=True. 
The bound(s) being violated now are:

C:\Users\MEO\Desktop\Projects\JetEngine\boomsonic_v0\.venv\Lib\site-packages\pycycle\thermo\static_ps_resid.py:98: RuntimeWarning: invalid value encountered in power
  ps_guess = inputs['guess:Pt'] * (1 + (gamt-1)/2 * M_guess**2)**(-gamt/(gamt-1))
C:\Users\MEO\Desktop\Projects\JetEngine\boomsonic_v0\.venv\Lib\site-packages\pycycle\thermo\static_ps_resid.py:93: RuntimeWarning: invalid value encountered in power
  f1 = ps - inputs['guess:Pt'] * (1 + (gamt-1)/2 * M_guess**2)**(-gamt/(gamt-1))
C:\Users\MEO\Desktop\Projects\JetEngine\boomsonic_v0\.venv\Lib\site-packages\pycycle\thermo\static_ps_resid.py:94: RuntimeWarning: invalid value encountered in sqrt
  f2 = MN - inputs['W']*(R_UNIVERSAL_SI*inputs['Ts'])**0.5/(ps_guess*1.0e6*inputs['area']*gamt**0.5)
C:\Users\MEO\Desktop\Projects\JetEngine\boomsonic_v0\.venv\Lib\site-packages\pycycle\thermo\static_ps_resid.py:99: RuntimeWarning: The iteration is not making good progress, as measured by the 
 improvement from the last ten iterations.
  ps_guess, M_guess = fsolve(equations, (ps_guess, M_guess))
C:\Users\MEO\Desktop\Projects\JetEngine\boomsonic_v0\.venv\Lib\site-packages\pycycle\thermo\static_ps_resid.py:128: RuntimeWarning: invalid value encountered in sqrt
  Vsonic = (i['gamma']*i['R']*i['Ts'])**0.5
C:\Users\MEO\Desktop\Projects\JetEngine\boomsonic_v0\.venv\Lib\site-packages\pycycle\thermo\static_ps_resid.py:128: RuntimeWarning: invalid value encountered in sqrt
  Vsonic = (i['gamma']*i['R']*i['Ts'])**0.5
C:\Users\MEO\Desktop\Projects\JetEngine\boomsonic_v0\.venv\Lib\site-packages\openmdao\solvers\solver.py:819: SolverWarning:Your model has stalled three times and may be violating the bounds. In the future, turn on print_bound_enforce in your solver options here: 
OD0.burner.vitiated_flow.nonlinear_solver.linesearch.options['print_bound_enforce']=True. 
The bound(s) being violated now are:

C:\Users\MEO\Desktop\Projects\JetEngine\boomsonic_v0\.venv\Lib\site-packages\pycycle\thermo\static_ps_resid.py:98: RuntimeWarning: invalid value encountered in power
  ps_guess = inputs['guess:Pt'] * (1 + (gamt-1)/2 * M_guess**2)**(-gamt/(gamt-1))
C:\Users\MEO\Desktop\Projects\JetEngine\boomsonic_v0\.venv\Lib\site-packages\pycycle\thermo\static_ps_resid.py:93: RuntimeWarning: invalid value encountered in power
  f1 = ps - inputs['guess:Pt'] * (1 + (gamt-1)/2 * M_guess**2)**(-gamt/(gamt-1))
C:\Users\MEO\Desktop\Projects\JetEngine\boomsonic_v0\.venv\Lib\site-packages\pycycle\thermo\static_ps_resid.py:94: RuntimeWarning: invalid value encountered in sqrt
  f2 = MN - inputs['W']*(R_UNIVERSAL_SI*inputs['Ts'])**0.5/(ps_guess*1.0e6*inputs['area']*gamt**0.5)
C:\Users\MEO\Desktop\Projects\JetEngine\boomsonic_v0\.venv\Lib\site-packages\pycycle\thermo\static_ps_resid.py:99: RuntimeWarning: The iteration is not making good progress, as measured by the 
 improvement from the last ten iterations.
  ps_guess, M_guess = fsolve(equations, (ps_guess, M_guess))
C:\Users\MEO\Desktop\Projects\JetEngine\boomsonic_v0\.venv\Lib\site-packages\pycycle\thermo\static_ps_resid.py:128: RuntimeWarning: invalid value encountered in sqrt
  Vsonic = (i['gamma']*i['R']*i['Ts'])**0.5
C:\Users\MEO\Desktop\Projects\JetEngine\boomsonic_v0\.venv\Lib\site-packages\pycycle\thermo\static_ps_resid.py:128: RuntimeWarning: invalid value encountered in sqrt
  Vsonic = (i['gamma']*i['R']*i['Ts'])**0.5
C:\Users\MEO\Desktop\Projects\JetEngine\boomsonic_v0\.venv\Lib\site-packages\pycycle\thermo\static_ps_resid.py:128: RuntimeWarning: invalid value encountered in sqrt
  Vsonic = (i['gamma']*i['R']*i['Ts'])**0.5
C:\Users\MEO\Desktop\Projects\JetEngine\boomsonic_v0\.venv\Lib\site-packages\pycycle\thermo\static_ps_resid.py:128: RuntimeWarning: invalid value encountered in sqrt
  Vsonic = (i['gamma']*i['R']*i['Ts'])**0.5
C:\Users\MEO\Desktop\Projects\JetEngine\boomsonic_v0\.venv\Lib\site-packages\pycycle\thermo\static_ps_resid.py:128: RuntimeWarning: invalid value encountered in sqrt
  Vsonic = (i['gamma']*i['R']*i['Ts'])**0.5
C:\Users\MEO\Desktop\Projects\JetEngine\boomsonic_v0\.venv\Lib\site-packages\pycycle\thermo\static_ps_resid.py:128: RuntimeWarning: invalid value encountered in sqrt
  Vsonic = (i['gamma']*i['R']*i['Ts'])**0.5
C:\Users\MEO\Desktop\Projects\JetEngine\boomsonic_v0\.venv\Lib\site-packages\pycycle\thermo\static_ps_resid.py:128: RuntimeWarning: invalid value encountered in sqrt
  Vsonic = (i['gamma']*i['R']*i['Ts'])**0.5
C:\Users\MEO\Desktop\Projects\JetEngine\boomsonic_v0\.venv\Lib\site-packages\pycycle\thermo\static_ps_resid.py:98: RuntimeWarning: invalid value encountered in power
  ps_guess = inputs['guess:Pt'] * (1 + (gamt-1)/2 * M_guess**2)**(-gamt/(gamt-1))
C:\Users\MEO\Desktop\Projects\JetEngine\boomsonic_v0\.venv\Lib\site-packages\pycycle\thermo\static_ps_resid.py:93: RuntimeWarning: invalid value encountered in power
  f1 = ps - inputs['guess:Pt'] * (1 + (gamt-1)/2 * M_guess**2)**(-gamt/(gamt-1))
C:\Users\MEO\Desktop\Projects\JetEngine\boomsonic_v0\.venv\Lib\site-packages\pycycle\thermo\static_ps_resid.py:94: RuntimeWarning: invalid value encountered in sqrt
  f2 = MN - inputs['W']*(R_UNIVERSAL_SI*inputs['Ts'])**0.5/(ps_guess*1.0e6*inputs['area']*gamt**0.5)
C:\Users\MEO\Desktop\Projects\JetEngine\boomsonic_v0\.venv\Lib\site-packages\pycycle\thermo\static_ps_resid.py:99: RuntimeWarning: The iteration is not making good progress, as measured by the 
 improvement from the last ten iterations.
  ps_guess, M_guess = fsolve(equations, (ps_guess, M_guess))
C:\Users\MEO\Desktop\Projects\JetEngine\boomsonic_v0\.venv\Lib\site-packages\pycycle\thermo\static_ps_resid.py:128: RuntimeWarning: invalid value encountered in sqrt
  Vsonic = (i['gamma']*i['R']*i['Ts'])**0.5
C:\Users\MEO\Desktop\Projects\JetEngine\boomsonic_v0\.venv\Lib\site-packages\pycycle\thermo\static_ps_resid.py:128: RuntimeWarning: invalid value encountered in sqrt
  Vsonic = (i['gamma']*i['R']*i['Ts'])**0.5
C:\Users\MEO\Desktop\Projects\JetEngine\boomsonic_v0\.venv\Lib\site-packages\pycycle\thermo\static_ps_resid.py:128: RuntimeWarning: invalid value encountered in sqrt
  Vsonic = (i['gamma']*i['R']*i['Ts'])**0.5
C:\Users\MEO\Desktop\Projects\JetEngine\boomsonic_v0\.venv\Lib\site-packages\pycycle\thermo\static_ps_resid.py:128: RuntimeWarning: invalid value encountered in sqrt
  Vsonic = (i['gamma']*i['R']*i['Ts'])**0.5
C:\Users\MEO\Desktop\Projects\JetEngine\boomsonic_v0\.venv\Lib\site-packages\pycycle\thermo\static_ps_resid.py:128: RuntimeWarning: invalid value encountered in sqrt
  Vsonic = (i['gamma']*i['R']*i['Ts'])**0.5
C:\Users\MEO\Desktop\Projects\JetEngine\boomsonic_v0\.venv\Lib\site-packages\pycycle\thermo\static_ps_resid.py:128: RuntimeWarning: invalid value encountered in sqrt
  Vsonic = (i['gamma']*i['R']*i['Ts'])**0.5
C:\Users\MEO\Desktop\Projects\JetEngine\boomsonic_v0\.venv\Lib\site-packages\pycycle\thermo\static_ps_resid.py:128: RuntimeWarning: invalid value encountered in sqrt
  Vsonic = (i['gamma']*i['R']*i['Ts'])**0.5
C:\Users\MEO\Desktop\Projects\JetEngine\boomsonic_v0\.venv\Lib\site-packages\pycycle\thermo\static_ps_resid.py:128: RuntimeWarning: invalid value encountered in sqrt
  Vsonic = (i['gamma']*i['R']*i['Ts'])**0.5
C:\Users\MEO\Desktop\Projects\JetEngine\boomsonic_v0\.venv\Lib\site-packages\pycycle\thermo\static_ps_resid.py:128: RuntimeWarning: invalid value encountered in sqrt
  Vsonic = (i['gamma']*i['R']*i['Ts'])**0.5
C:\Users\MEO\Desktop\Projects\JetEngine\boomsonic_v0\.venv\Lib\site-packages\pycycle\thermo\static_ps_resid.py:83: RuntimeWarning: invalid value encountered in power
  ps_guess = inputs['guess:Pt'] * (1 + (gamt-1)/2 * inputs['MN']**2)**(-gamt/(gamt-1))
C:\Users\MEO\Desktop\Projects\JetEngine\boomsonic_v0\.venv\Lib\site-packages\pycycle\thermo\static_ps_resid.py:108: RuntimeWarning: invalid value encountered in sqrt
  Vsonic = (i['gamma']*i['R']*i['Ts'])**0.5
C:\Users\MEO\Desktop\Projects\JetEngine\boomsonic_v0\.venv\Lib\site-packages\pycycle\thermo\static_ps_resid.py:108: RuntimeWarning: invalid value encountered in sqrt
  Vsonic = (i['gamma']*i['R']*i['Ts'])**0.5
C:\Users\MEO\Desktop\Projects\JetEngine\boomsonic_v0\.venv\Lib\site-packages\pycycle\thermo\static_ps_resid.py:108: RuntimeWarning: invalid value encountered in sqrt
  Vsonic = (i['gamma']*i['R']*i['Ts'])**0.5
C:\Users\MEO\Desktop\Projects\JetEngine\boomsonic_v0\.venv\Lib\site-packages\pycycle\thermo\static_ps_resid.py:108: RuntimeWarning: invalid value encountered in sqrt
  Vsonic = (i['gamma']*i['R']*i['Ts'])**0.5
C:\Users\MEO\Desktop\Projects\JetEngine\boomsonic_v0\.venv\Lib\site-packages\pycycle\thermo\static_ps_resid.py:108: RuntimeWarning: invalid value encountered in sqrt
  Vsonic = (i['gamma']*i['R']*i['Ts'])**0.5
C:\Users\MEO\Desktop\Projects\JetEngine\boomsonic_v0\.venv\Lib\site-packages\pycycle\thermo\static_ps_resid.py:108: RuntimeWarning: invalid value encountered in sqrt
  Vsonic = (i['gamma']*i['R']*i['Ts'])**0.5
C:\Users\MEO\Desktop\Projects\JetEngine\boomsonic_v0\.venv\Lib\site-packages\pycycle\thermo\static_ps_resid.py:108: RuntimeWarning: invalid value encountered in sqrt
  Vsonic = (i['gamma']*i['R']*i['Ts'])**0.5
C:\Users\MEO\Desktop\Projects\JetEngine\boomsonic_v0\.venv\Lib\site-packages\pycycle\thermo\static_ps_resid.py:108: RuntimeWarning: invalid value encountered in sqrt
  Vsonic = (i['gamma']*i['R']*i['Ts'])**0.5
C:\Users\MEO\Desktop\Projects\JetEngine\boomsonic_v0\.venv\Lib\site-packages\pycycle\thermo\static_ps_resid.py:108: RuntimeWarning: invalid value encountered in sqrt
  Vsonic = (i['gamma']*i['R']*i['Ts'])**0.5
C:\Users\MEO\Desktop\Projects\JetEngine\boomsonic_v0\.venv\Lib\site-packages\pycycle\thermo\static_ps_resid.py:108: RuntimeWarning: invalid value encountered in sqrt
  Vsonic = (i['gamma']*i['R']*i['Ts'])**0.5
C:\Users\MEO\Desktop\Projects\JetEngine\boomsonic_v0\.venv\Lib\site-packages\pycycle\thermo\static_ps_calc.py:32: RuntimeWarning: invalid value encountered in sqrt
  outputs['Vsonic'] = Vsonic = np.sqrt(inputs['gamma'] * inputs['R'] * inputs['Ts'])
C:\Users\MEO\Desktop\Projects\JetEngine\boomsonic_v0\.venv\Lib\site-packages\pycycle\thermo\static_ps_calc.py:32: RuntimeWarning: invalid value encountered in sqrt
  outputs['Vsonic'] = Vsonic = np.sqrt(inputs['gamma'] * inputs['R'] * inputs['Ts'])
C:\Users\MEO\Desktop\Projects\JetEngine\boomsonic_v0\.venv\Lib\site-packages\pycycle\elements\compressor.py:75: RuntimeWarning: invalid value encountered in log
  outputs['eff_poly'] = Rt * np.log(PR) / ( Rt*np.log(PR) + S_out - S_in )
C:\Users\MEO\Desktop\Projects\JetEngine\boomsonic_v0\.venv\Lib\site-packages\pycycle\thermo\static_ps_resid.py:128: RuntimeWarning: invalid value encountered in sqrt
  Vsonic = (i['gamma']*i['R']*i['Ts'])**0.5
C:\Users\MEO\Desktop\Projects\JetEngine\boomsonic_v0\.venv\Lib\site-packages\pycycle\thermo\static_ps_resid.py:108: RuntimeWarning: invalid value encountered in sqrt
  Vsonic = (i['gamma']*i['R']*i['Ts'])**0.5
C:\Users\MEO\Desktop\Projects\JetEngine\boomsonic_v0\.venv\Lib\site-packages\pycycle\thermo\static_ps_resid.py:98: RuntimeWarning: invalid value encountered in power
  ps_guess = inputs['guess:Pt'] * (1 + (gamt-1)/2 * M_guess**2)**(-gamt/(gamt-1))
C:\Users\MEO\Desktop\Projects\JetEngine\boomsonic_v0\.venv\Lib\site-packages\pycycle\thermo\static_ps_resid.py:93: RuntimeWarning: invalid value encountered in power
  f1 = ps - inputs['guess:Pt'] * (1 + (gamt-1)/2 * M_guess**2)**(-gamt/(gamt-1))
C:\Users\MEO\Desktop\Projects\JetEngine\boomsonic_v0\.venv\Lib\site-packages\pycycle\thermo\static_ps_resid.py:94: RuntimeWarning: invalid value encountered in sqrt
  f2 = MN - inputs['W']*(R_UNIVERSAL_SI*inputs['Ts'])**0.5/(ps_guess*1.0e6*inputs['area']*gamt**0.5)
C:\Users\MEO\Desktop\Projects\JetEngine\boomsonic_v0\.venv\Lib\site-packages\pycycle\thermo\static_ps_resid.py:99: RuntimeWarning: The iteration is not making good progress, as measured by the 
 improvement from the last ten iterations.
  ps_guess, M_guess = fsolve(equations, (ps_guess, M_guess))
C:\Users\MEO\Desktop\Projects\JetEngine\boomsonic_v0\.venv\Lib\site-packages\pycycle\thermo\static_ps_resid.py:83: RuntimeWarning: invalid value encountered in power
  ps_guess = inputs['guess:Pt'] * (1 + (gamt-1)/2 * inputs['MN']**2)**(-gamt/(gamt-1))
C:\Users\MEO\Desktop\Projects\JetEngine\boomsonic_v0\.venv\Lib\site-packages\pycycle\thermo\static_ps_resid.py:128: RuntimeWarning: invalid value encountered in sqrt
  Vsonic = (i['gamma']*i['R']*i['Ts'])**0.5
C:\Users\MEO\Desktop\Projects\JetEngine\boomsonic_v0\.venv\Lib\site-packages\openmdao\solvers\solver.py:819: SolverWarning:Your model has stalled three times and may be violating the bounds. In the future, turn on print_bound_enforce in your solver options here: 
OD0.comp.ideal_flow.nonlinear_solver.linesearch.options['print_bound_enforce']=True. 
The bound(s) being violated now are:

C:\Users\MEO\Desktop\Projects\JetEngine\boomsonic_v0\.venv\Lib\site-packages\openmdao\solvers\linesearch\backtracking.py:39: SolverWarning:'OD0.comp.ideal_flow.balance.T' exceeds lower bounds
  Val: [-94606592.15663055]
  Lower: [150.]

C:\Users\MEO\Desktop\Projects\JetEngine\boomsonic_v0\.venv\Lib\site-packages\pycycle\elements\compressor.py:75: RuntimeWarning: invalid value encountered in log
  outputs['eff_poly'] = Rt * np.log(PR) / ( Rt*np.log(PR) + S_out - S_in )
C:\Users\MEO\Desktop\Projects\JetEngine\boomsonic_v0\.venv\Lib\site-packages\pycycle\thermo\static_ps_resid.py:128: RuntimeWarning: invalid value encountered in sqrt
  Vsonic = (i['gamma']*i['R']*i['Ts'])**0.5
C:\Users\MEO\Desktop\Projects\JetEngine\boomsonic_v0\.venv\Lib\site-packages\pycycle\thermo\static_ps_resid.py:128: RuntimeWarning: invalid value encountered in sqrt
  Vsonic = (i['gamma']*i['R']*i['Ts'])**0.5
C:\Users\MEO\Desktop\Projects\JetEngine\boomsonic_v0\.venv\Lib\site-packages\pycycle\thermo\static_ps_resid.py:128: RuntimeWarning: invalid value encountered in sqrt
  Vsonic = (i['gamma']*i['R']*i['Ts'])**0.5
C:\Users\MEO\Desktop\Projects\JetEngine\boomsonic_v0\.venv\Lib\site-packages\pycycle\thermo\static_ps_resid.py:128: RuntimeWarning: invalid value encountered in sqrt
  Vsonic = (i['gamma']*i['R']*i['Ts'])**0.5
C:\Users\MEO\Desktop\Projects\JetEngine\boomsonic_v0\.venv\Lib\site-packages\pycycle\thermo\static_ps_resid.py:98: RuntimeWarning: invalid value encountered in power
  ps_guess = inputs['guess:Pt'] * (1 + (gamt-1)/2 * M_guess**2)**(-gamt/(gamt-1))
C:\Users\MEO\Desktop\Projects\JetEngine\boomsonic_v0\.venv\Lib\site-packages\pycycle\thermo\static_ps_resid.py:93: RuntimeWarning: invalid value encountered in power
  f1 = ps - inputs['guess:Pt'] * (1 + (gamt-1)/2 * M_guess**2)**(-gamt/(gamt-1))
C:\Users\MEO\Desktop\Projects\JetEngine\boomsonic_v0\.venv\Lib\site-packages\pycycle\thermo\static_ps_resid.py:94: RuntimeWarning: invalid value encountered in sqrt
  f2 = MN - inputs['W']*(R_UNIVERSAL_SI*inputs['Ts'])**0.5/(ps_guess*1.0e6*inputs['area']*gamt**0.5)
C:\Users\MEO\Desktop\Projects\JetEngine\boomsonic_v0\.venv\Lib\site-packages\pycycle\thermo\static_ps_resid.py:99: RuntimeWarning: The iteration is not making good progress, as measured by the 
 improvement from the last ten iterations.
  ps_guess, M_guess = fsolve(equations, (ps_guess, M_guess))
C:\Users\MEO\Desktop\Projects\JetEngine\boomsonic_v0\.venv\Lib\site-packages\pycycle\thermo\static_ps_resid.py:128: RuntimeWarning: invalid value encountered in sqrt
  Vsonic = (i['gamma']*i['R']*i['Ts'])**0.5
C:\Users\MEO\Desktop\Projects\JetEngine\boomsonic_v0\.venv\Lib\site-packages\pycycle\thermo\static_ps_resid.py:128: RuntimeWarning: invalid value encountered in sqrt
  Vsonic = (i['gamma']*i['R']*i['Ts'])**0.5
C:\Users\MEO\Desktop\Projects\JetEngine\boomsonic_v0\.venv\Lib\site-packages\pycycle\thermo\static_ps_resid.py:128: RuntimeWarning: invalid value encountered in sqrt
  Vsonic = (i['gamma']*i['R']*i['Ts'])**0.5
C:\Users\MEO\Desktop\Projects\JetEngine\boomsonic_v0\.venv\Lib\site-packages\pycycle\thermo\static_ps_resid.py:128: RuntimeWarning: invalid value encountered in sqrt
  Vsonic = (i['gamma']*i['R']*i['Ts'])**0.5
C:\Users\MEO\Desktop\Projects\JetEngine\boomsonic_v0\.venv\Lib\site-packages\pycycle\thermo\static_ps_resid.py:128: RuntimeWarning: invalid value encountered in sqrt
  Vsonic = (i['gamma']*i['R']*i['Ts'])**0.5
C:\Users\MEO\Desktop\Projects\JetEngine\boomsonic_v0\.venv\Lib\site-packages\pycycle\thermo\static_ps_resid.py:128: RuntimeWarning: invalid value encountered in sqrt
  Vsonic = (i['gamma']*i['R']*i['Ts'])**0.5
C:\Users\MEO\Desktop\Projects\JetEngine\boomsonic_v0\.venv\Lib\site-packages\pycycle\thermo\static_ps_resid.py:128: RuntimeWarning: invalid value encountered in sqrt
  Vsonic = (i['gamma']*i['R']*i['Ts'])**0.5
C:\Users\MEO\Desktop\Projects\JetEngine\boomsonic_v0\.venv\Lib\site-packages\pycycle\thermo\static_ps_resid.py:108: RuntimeWarning: invalid value encountered in sqrt
  Vsonic = (i['gamma']*i['R']*i['Ts'])**0.5
C:\Users\MEO\Desktop\Projects\JetEngine\boomsonic_v0\.venv\Lib\site-packages\pycycle\thermo\static_ps_resid.py:83: RuntimeWarning: invalid value encountered in power
  ps_guess = inputs['guess:Pt'] * (1 + (gamt-1)/2 * inputs['MN']**2)**(-gamt/(gamt-1))
C:\Users\MEO\Desktop\Projects\JetEngine\boomsonic_v0\.venv\Lib\site-packages\pycycle\thermo\static_ps_resid.py:108: RuntimeWarning: invalid value encountered in sqrt
  Vsonic = (i['gamma']*i['R']*i['Ts'])**0.5
C:\Users\MEO\Desktop\Projects\JetEngine\boomsonic_v0\.venv\Lib\site-packages\pycycle\thermo\static_ps_resid.py:108: RuntimeWarning: invalid value encountered in sqrt
  Vsonic = (i['gamma']*i['R']*i['Ts'])**0.5
C:\Users\MEO\Desktop\Projects\JetEngine\boomsonic_v0\.venv\Lib\site-packages\pycycle\thermo\static_ps_resid.py:108: RuntimeWarning: invalid value encountered in sqrt
  Vsonic = (i['gamma']*i['R']*i['Ts'])**0.5
C:\Users\MEO\Desktop\Projects\JetEngine\boomsonic_v0\.venv\Lib\site-packages\pycycle\thermo\static_ps_resid.py:108: RuntimeWarning: invalid value encountered in sqrt
  Vsonic = (i['gamma']*i['R']*i['Ts'])**0.5
C:\Users\MEO\Desktop\Projects\JetEngine\boomsonic_v0\.venv\Lib\site-packages\pycycle\thermo\static_ps_resid.py:108: RuntimeWarning: invalid value encountered in sqrt
  Vsonic = (i['gamma']*i['R']*i['Ts'])**0.5
C:\Users\MEO\Desktop\Projects\JetEngine\boomsonic_v0\.venv\Lib\site-packages\pycycle\thermo\static_ps_resid.py:108: RuntimeWarning: invalid value encountered in sqrt
  Vsonic = (i['gamma']*i['R']*i['Ts'])**0.5
C:\Users\MEO\Desktop\Projects\JetEngine\boomsonic_v0\.venv\Lib\site-packages\pycycle\thermo\static_ps_resid.py:108: RuntimeWarning: invalid value encountered in sqrt
  Vsonic = (i['gamma']*i['R']*i['Ts'])**0.5
C:\Users\MEO\Desktop\Projects\JetEngine\boomsonic_v0\.venv\Lib\site-packages\pycycle\thermo\static_ps_resid.py:108: RuntimeWarning: invalid value encountered in sqrt
  Vsonic = (i['gamma']*i['R']*i['Ts'])**0.5
C:\Users\MEO\Desktop\Projects\JetEngine\boomsonic_v0\.venv\Lib\site-packages\pycycle\thermo\static_ps_resid.py:108: RuntimeWarning: invalid value encountered in sqrt
  Vsonic = (i['gamma']*i['R']*i['Ts'])**0.5
C:\Users\MEO\Desktop\Projects\JetEngine\boomsonic_v0\.venv\Lib\site-packages\pycycle\thermo\static_ps_resid.py:108: RuntimeWarning: invalid value encountered in sqrt
  Vsonic = (i['gamma']*i['R']*i['Ts'])**0.5
C:\Users\MEO\Desktop\Projects\JetEngine\boomsonic_v0\.venv\Lib\site-packages\pycycle\thermo\static_ps_resid.py:108: RuntimeWarning: invalid value encountered in sqrt
  Vsonic = (i['gamma']*i['R']*i['Ts'])**0.5
C:\Users\MEO\Desktop\Projects\JetEngine\boomsonic_v0\.venv\Lib\site-packages\pycycle\thermo\static_ps_calc.py:32: RuntimeWarning: invalid value encountered in sqrt
  outputs['Vsonic'] = Vsonic = np.sqrt(inputs['gamma'] * inputs['R'] * inputs['Ts'])
C:\Users\MEO\Desktop\Projects\JetEngine\boomsonic_v0\.venv\Lib\site-packages\pycycle\thermo\static_ps_resid.py:128: RuntimeWarning: invalid value encountered in sqrt
  Vsonic = (i['gamma']*i['R']*i['Ts'])**0.5
C:\Users\MEO\Desktop\Projects\JetEngine\boomsonic_v0\.venv\Lib\site-packages\pycycle\elements\compressor.py:75: RuntimeWarning: invalid value encountered in log
  outputs['eff_poly'] = Rt * np.log(PR) / ( Rt*np.log(PR) + S_out - S_in )
C:\Users\MEO\Desktop\Projects\JetEngine\boomsonic_v0\.venv\Lib\site-packages\pycycle\thermo\static_ps_resid.py:98: RuntimeWarning: invalid value encountered in power
  ps_guess = inputs['guess:Pt'] * (1 + (gamt-1)/2 * M_guess**2)**(-gamt/(gamt-1))
C:\Users\MEO\Desktop\Projects\JetEngine\boomsonic_v0\.venv\Lib\site-packages\pycycle\thermo\static_ps_resid.py:93: RuntimeWarning: invalid value encountered in power
  f1 = ps - inputs['guess:Pt'] * (1 + (gamt-1)/2 * M_guess**2)**(-gamt/(gamt-1))
C:\Users\MEO\Desktop\Projects\JetEngine\boomsonic_v0\.venv\Lib\site-packages\pycycle\thermo\static_ps_resid.py:94: RuntimeWarning: invalid value encountered in sqrt
  f2 = MN - inputs['W']*(R_UNIVERSAL_SI*inputs['Ts'])**0.5/(ps_guess*1.0e6*inputs['area']*gamt**0.5)
C:\Users\MEO\Desktop\Projects\JetEngine\boomsonic_v0\.venv\Lib\site-packages\pycycle\thermo\static_ps_resid.py:99: RuntimeWarning: The iteration is not making good progress, as measured by the 
 improvement from the last ten iterations.
  ps_guess, M_guess = fsolve(equations, (ps_guess, M_guess))
C:\Users\MEO\Desktop\Projects\JetEngine\boomsonic_v0\.venv\Lib\site-packages\pycycle\thermo\static_ps_resid.py:83: RuntimeWarning: invalid value encountered in power
  ps_guess = inputs['guess:Pt'] * (1 + (gamt-1)/2 * inputs['MN']**2)**(-gamt/(gamt-1))
C:\Users\MEO\Desktop\Projects\JetEngine\boomsonic_v0\.venv\Lib\site-packages\pycycle\thermo\static_ps_resid.py:128: RuntimeWarning: invalid value encountered in sqrt
  Vsonic = (i['gamma']*i['R']*i['Ts'])**0.5
C:\Users\MEO\Desktop\Projects\JetEngine\boomsonic_v0\.venv\Lib\site-packages\pycycle\thermo\static_ps_resid.py:128: RuntimeWarning: invalid value encountered in sqrt
  Vsonic = (i['gamma']*i['R']*i['Ts'])**0.5
C:\Users\MEO\Desktop\Projects\JetEngine\boomsonic_v0\.venv\Lib\site-packages\openmdao\solvers\solver.py:819: SolverWarning:Your model has stalled three times and may be violating the bounds. In the future, turn on print_bound_enforce in your solver options here: 
OD0.comp.ideal_flow.nonlinear_solver.linesearch.options['print_bound_enforce']=True. 
The bound(s) being violated now are:

C:\Users\MEO\Desktop\Projects\JetEngine\boomsonic_v0\.venv\Lib\site-packages\openmdao\solvers\linesearch\backtracking.py:39: SolverWarning:'OD0.comp.ideal_flow.balance.T' exceeds lower bounds
  Val: [-94606592.15663055]
  Lower: [150.]

C:\Users\MEO\Desktop\Projects\JetEngine\boomsonic_v0\.venv\Lib\site-packages\pycycle\elements\compressor.py:75: RuntimeWarning: invalid value encountered in log
  outputs['eff_poly'] = Rt * np.log(PR) / ( Rt*np.log(PR) + S_out - S_in )
C:\Users\MEO\Desktop\Projects\JetEngine\boomsonic_v0\.venv\Lib\site-packages\pycycle\thermo\static_ps_resid.py:128: RuntimeWarning: invalid value encountered in sqrt
  Vsonic = (i['gamma']*i['R']*i['Ts'])**0.5
C:\Users\MEO\Desktop\Projects\JetEngine\boomsonic_v0\.venv\Lib\site-packages\pycycle\thermo\static_ps_resid.py:98: RuntimeWarning: invalid value encountered in power
  ps_guess = inputs['guess:Pt'] * (1 + (gamt-1)/2 * M_guess**2)**(-gamt/(gamt-1))
C:\Users\MEO\Desktop\Projects\JetEngine\boomsonic_v0\.venv\Lib\site-packages\pycycle\thermo\static_ps_resid.py:93: RuntimeWarning: invalid value encountered in power
  f1 = ps - inputs['guess:Pt'] * (1 + (gamt-1)/2 * M_guess**2)**(-gamt/(gamt-1))
C:\Users\MEO\Desktop\Projects\JetEngine\boomsonic_v0\.venv\Lib\site-packages\pycycle\thermo\static_ps_resid.py:94: RuntimeWarning: invalid value encountered in sqrt
  f2 = MN - inputs['W']*(R_UNIVERSAL_SI*inputs['Ts'])**0.5/(ps_guess*1.0e6*inputs['area']*gamt**0.5)
C:\Users\MEO\Desktop\Projects\JetEngine\boomsonic_v0\.venv\Lib\site-packages\pycycle\thermo\static_ps_resid.py:99: RuntimeWarning: The iteration is not making good progress, as measured by the 
 improvement from the last ten iterations.
  ps_guess, M_guess = fsolve(equations, (ps_guess, M_guess))
C:\Users\MEO\Desktop\Projects\JetEngine\boomsonic_v0\.venv\Lib\site-packages\pycycle\thermo\static_ps_resid.py:128: RuntimeWarning: invalid value encountered in sqrt
  Vsonic = (i['gamma']*i['R']*i['Ts'])**0.5
C:\Users\MEO\Desktop\Projects\JetEngine\boomsonic_v0\.venv\Lib\site-packages\pycycle\thermo\static_ps_resid.py:128: RuntimeWarning: invalid value encountered in sqrt
  Vsonic = (i['gamma']*i['R']*i['Ts'])**0.5
C:\Users\MEO\Desktop\Projects\JetEngine\boomsonic_v0\.venv\Lib\site-packages\pycycle\thermo\static_ps_resid.py:128: RuntimeWarning: invalid value encountered in sqrt
  Vsonic = (i['gamma']*i['R']*i['Ts'])**0.5
C:\Users\MEO\Desktop\Projects\JetEngine\boomsonic_v0\.venv\Lib\site-packages\pycycle\thermo\static_ps_resid.py:128: RuntimeWarning: invalid value encountered in sqrt
  Vsonic = (i['gamma']*i['R']*i['Ts'])**0.5
C:\Users\MEO\Desktop\Projects\JetEngine\boomsonic_v0\.venv\Lib\site-packages\pycycle\thermo\static_ps_resid.py:128: RuntimeWarning: invalid value encountered in sqrt
  Vsonic = (i['gamma']*i['R']*i['Ts'])**0.5
C:\Users\MEO\Desktop\Projects\JetEngine\boomsonic_v0\.venv\Lib\site-packages\pycycle\thermo\static_ps_resid.py:128: RuntimeWarning: invalid value encountered in sqrt
  Vsonic = (i['gamma']*i['R']*i['Ts'])**0.5
C:\Users\MEO\Desktop\Projects\JetEngine\boomsonic_v0\.venv\Lib\site-packages\pycycle\thermo\static_ps_resid.py:128: RuntimeWarning: invalid value encountered in sqrt
  Vsonic = (i['gamma']*i['R']*i['Ts'])**0.5
C:\Users\MEO\Desktop\Projects\JetEngine\boomsonic_v0\.venv\Lib\site-packages\pycycle\thermo\static_ps_resid.py:128: RuntimeWarning: invalid value encountered in sqrt
  Vsonic = (i['gamma']*i['R']*i['Ts'])**0.5
C:\Users\MEO\Desktop\Projects\JetEngine\boomsonic_v0\.venv\Lib\site-packages\pycycle\thermo\static_ps_resid.py:128: RuntimeWarning: invalid value encountered in sqrt
  Vsonic = (i['gamma']*i['R']*i['Ts'])**0.5
C:\Users\MEO\Desktop\Projects\JetEngine\boomsonic_v0\.venv\Lib\site-packages\pycycle\thermo\static_ps_resid.py:128: RuntimeWarning: invalid value encountered in sqrt
  Vsonic = (i['gamma']*i['R']*i['Ts'])**0.5
C:\Users\MEO\Desktop\Projects\JetEngine\boomsonic_v0\.venv\Lib\site-packages\pycycle\thermo\static_ps_resid.py:108: RuntimeWarning: invalid value encountered in sqrt
  Vsonic = (i['gamma']*i['R']*i['Ts'])**0.5
C:\Users\MEO\Desktop\Projects\JetEngine\boomsonic_v0\.venv\Lib\site-packages\pycycle\thermo\static_ps_resid.py:83: RuntimeWarning: invalid value encountered in power
  ps_guess = inputs['guess:Pt'] * (1 + (gamt-1)/2 * inputs['MN']**2)**(-gamt/(gamt-1))
C:\Users\MEO\Desktop\Projects\JetEngine\boomsonic_v0\.venv\Lib\site-packages\pycycle\thermo\static_ps_resid.py:108: RuntimeWarning: invalid value encountered in sqrt
  Vsonic = (i['gamma']*i['R']*i['Ts'])**0.5
C:\Users\MEO\Desktop\Projects\JetEngine\boomsonic_v0\.venv\Lib\site-packages\pycycle\thermo\static_ps_resid.py:108: RuntimeWarning: invalid value encountered in sqrt
  Vsonic = (i['gamma']*i['R']*i['Ts'])**0.5
C:\Users\MEO\Desktop\Projects\JetEngine\boomsonic_v0\.venv\Lib\site-packages\pycycle\thermo\static_ps_resid.py:108: RuntimeWarning: invalid value encountered in sqrt
  Vsonic = (i['gamma']*i['R']*i['Ts'])**0.5
C:\Users\MEO\Desktop\Projects\JetEngine\boomsonic_v0\.venv\Lib\site-packages\pycycle\thermo\static_ps_resid.py:108: RuntimeWarning: invalid value encountered in sqrt
  Vsonic = (i['gamma']*i['R']*i['Ts'])**0.5
C:\Users\MEO\Desktop\Projects\JetEngine\boomsonic_v0\.venv\Lib\site-packages\pycycle\thermo\static_ps_resid.py:108: RuntimeWarning: invalid value encountered in sqrt
  Vsonic = (i['gamma']*i['R']*i['Ts'])**0.5
C:\Users\MEO\Desktop\Projects\JetEngine\boomsonic_v0\.venv\Lib\site-packages\pycycle\thermo\static_ps_resid.py:108: RuntimeWarning: invalid value encountered in sqrt
  Vsonic = (i['gamma']*i['R']*i['Ts'])**0.5
C:\Users\MEO\Desktop\Projects\JetEngine\boomsonic_v0\.venv\Lib\site-packages\pycycle\thermo\static_ps_resid.py:108: RuntimeWarning: invalid value encountered in sqrt
  Vsonic = (i['gamma']*i['R']*i['Ts'])**0.5
C:\Users\MEO\Desktop\Projects\JetEngine\boomsonic_v0\.venv\Lib\site-packages\pycycle\thermo\static_ps_resid.py:108: RuntimeWarning: invalid value encountered in sqrt
  Vsonic = (i['gamma']*i['R']*i['Ts'])**0.5
C:\Users\MEO\Desktop\Projects\JetEngine\boomsonic_v0\.venv\Lib\site-packages\pycycle\thermo\static_ps_resid.py:108: RuntimeWarning: invalid value encountered in sqrt
  Vsonic = (i['gamma']*i['R']*i['Ts'])**0.5
C:\Users\MEO\Desktop\Projects\JetEngine\boomsonic_v0\.venv\Lib\site-packages\pycycle\thermo\static_ps_resid.py:108: RuntimeWarning: invalid value encountered in sqrt
  Vsonic = (i['gamma']*i['R']*i['Ts'])**0.5
C:\Users\MEO\Desktop\Projects\JetEngine\boomsonic_v0\.venv\Lib\site-packages\pycycle\thermo\static_ps_resid.py:108: RuntimeWarning: invalid value encountered in sqrt
  Vsonic = (i['gamma']*i['R']*i['Ts'])**0.5
C:\Users\MEO\Desktop\Projects\JetEngine\boomsonic_v0\.venv\Lib\site-packages\pycycle\thermo\static_ps_calc.py:32: RuntimeWarning: invalid value encountered in sqrt
  outputs['Vsonic'] = Vsonic = np.sqrt(inputs['gamma'] * inputs['R'] * inputs['Ts'])
C:\Users\MEO\Desktop\Projects\JetEngine\boomsonic_v0\.venv\Lib\site-packages\pycycle\elements\compressor.py:75: RuntimeWarning: invalid value encountered in log
  outputs['eff_poly'] = Rt * np.log(PR) / ( Rt*np.log(PR) + S_out - S_in )
C:\Users\MEO\Desktop\Projects\JetEngine\boomsonic_v0\.venv\Lib\site-packages\pycycle\thermo\static_ps_resid.py:128: RuntimeWarning: invalid value encountered in sqrt
  Vsonic = (i['gamma']*i['R']*i['Ts'])**0.5
C:\Users\MEO\Desktop\Projects\JetEngine\boomsonic_v0\.venv\Lib\site-packages\pycycle\thermo\static_ps_resid.py:98: RuntimeWarning: invalid value encountered in power
  ps_guess = inputs['guess:Pt'] * (1 + (gamt-1)/2 * M_guess**2)**(-gamt/(gamt-1))
C:\Users\MEO\Desktop\Projects\JetEngine\boomsonic_v0\.venv\Lib\site-packages\pycycle\thermo\static_ps_resid.py:93: RuntimeWarning: invalid value encountered in power
  f1 = ps - inputs['guess:Pt'] * (1 + (gamt-1)/2 * M_guess**2)**(-gamt/(gamt-1))
C:\Users\MEO\Desktop\Projects\JetEngine\boomsonic_v0\.venv\Lib\site-packages\pycycle\thermo\static_ps_resid.py:94: RuntimeWarning: invalid value encountered in sqrt
  f2 = MN - inputs['W']*(R_UNIVERSAL_SI*inputs['Ts'])**0.5/(ps_guess*1.0e6*inputs['area']*gamt**0.5)
C:\Users\MEO\Desktop\Projects\JetEngine\boomsonic_v0\.venv\Lib\site-packages\pycycle\thermo\static_ps_resid.py:99: RuntimeWarning: The iteration is not making good progress, as measured by the 
 improvement from the last ten iterations.
  ps_guess, M_guess = fsolve(equations, (ps_guess, M_guess))
C:\Users\MEO\Desktop\Projects\JetEngine\boomsonic_v0\.venv\Lib\site-packages\pycycle\thermo\static_ps_resid.py:83: RuntimeWarning: invalid value encountered in power
  ps_guess = inputs['guess:Pt'] * (1 + (gamt-1)/2 * inputs['MN']**2)**(-gamt/(gamt-1))
C:\Users\MEO\Desktop\Projects\JetEngine\boomsonic_v0\.venv\Lib\site-packages\pycycle\thermo\static_ps_resid.py:128: RuntimeWarning: invalid value encountered in sqrt
  Vsonic = (i['gamma']*i['R']*i['Ts'])**0.5
C:\Users\MEO\Desktop\Projects\JetEngine\boomsonic_v0\.venv\Lib\site-packages\pycycle\thermo\static_ps_resid.py:128: RuntimeWarning: invalid value encountered in sqrt
  Vsonic = (i['gamma']*i['R']*i['Ts'])**0.5
C:\Users\MEO\Desktop\Projects\JetEngine\boomsonic_v0\.venv\Lib\site-packages\pycycle\thermo\static_ps_resid.py:128: RuntimeWarning: invalid value encountered in sqrt
  Vsonic = (i['gamma']*i['R']*i['Ts'])**0.5
C:\Users\MEO\Desktop\Projects\JetEngine\boomsonic_v0\.venv\Lib\site-packages\pycycle\thermo\static_ps_resid.py:108: RuntimeWarning: invalid value encountered in sqrt
  Vsonic = (i['gamma']*i['R']*i['Ts'])**0.5
C:\Users\MEO\Desktop\Projects\JetEngine\boomsonic_v0\.venv\Lib\site-packages\pycycle\elements\turbine.py:40: RuntimeWarning: invalid value encountered in sqrt
  outputs['Wp'] = inputs['W_in'] * inputs['Tt']**0.5 / inputs['Pt']
C:\Users\MEO\Desktop\Projects\JetEngine\boomsonic_v0\.venv\Lib\site-packages\pycycle\elements\turbine.py:41: RuntimeWarning: invalid value encountered in power
  outputs['Np'] = inputs['Nmech'] * inputs['Tt']**-0.5
C:\Users\MEO\Desktop\Projects\JetEngine\boomsonic_v0\.venv\Lib\site-packages\pycycle\elements\turbine.py:89: RuntimeWarning: invalid value encountered in log
  outputs['eff_poly'] = 1 + (S_out-S_in)/(Rt*np.log(invPR))
C:\Users\MEO\Desktop\Projects\JetEngine\boomsonic_v0\.venv\Lib\site-packages\pycycle\thermo\static_ps_resid.py:128: RuntimeWarning: invalid value encountered in sqrt
  Vsonic = (i['gamma']*i['R']*i['Ts'])**0.5
C:\Users\MEO\Desktop\Projects\JetEngine\boomsonic_v0\.venv\Lib\site-packages\pycycle\elements\turbine.py:40: RuntimeWarning: invalid value encountered in sqrt
  outputs['Wp'] = inputs['W_in'] * inputs['Tt']**0.5 / inputs['Pt']
C:\Users\MEO\Desktop\Projects\JetEngine\boomsonic_v0\.venv\Lib\site-packages\pycycle\elements\turbine.py:41: RuntimeWarning: invalid value encountered in power
  outputs['Np'] = inputs['Nmech'] * inputs['Tt']**-0.5
C:\Users\MEO\Desktop\Projects\JetEngine\boomsonic_v0\.venv\Lib\site-packages\pycycle\thermo\static_ps_resid.py:128: RuntimeWarning: invalid value encountered in sqrt
  Vsonic = (i['gamma']*i['R']*i['Ts'])**0.5
C:\Users\MEO\Desktop\Projects\JetEngine\boomsonic_v0\.venv\Lib\site-packages\openmdao\solvers\solver.py:819: SolverWarning:Your model has stalled three times and may be violating the bounds. In the future, turn on print_bound_enforce in your solver options here: 
OD0.comp.ideal_flow.nonlinear_solver.linesearch.options['print_bound_enforce']=True. 
The bound(s) being violated now are:

C:\Users\MEO\Desktop\Projects\JetEngine\boomsonic_v0\.venv\Lib\site-packages\openmdao\solvers\linesearch\backtracking.py:39: SolverWarning:'OD0.comp.ideal_flow.balance.T' exceeds lower bounds
  Val: [-6.58257092e+08]
  Lower: [150.]

C:\Users\MEO\Desktop\Projects\JetEngine\boomsonic_v0\.venv\Lib\site-packages\pycycle\elements\compressor.py:75: RuntimeWarning: invalid value encountered in log
  outputs['eff_poly'] = Rt * np.log(PR) / ( Rt*np.log(PR) + S_out - S_in )
C:\Users\MEO\Desktop\Projects\JetEngine\boomsonic_v0\.venv\Lib\site-packages\pycycle\thermo\static_ps_resid.py:98: RuntimeWarning: invalid value encountered in power
  ps_guess = inputs['guess:Pt'] * (1 + (gamt-1)/2 * M_guess**2)**(-gamt/(gamt-1))
C:\Users\MEO\Desktop\Projects\JetEngine\boomsonic_v0\.venv\Lib\site-packages\pycycle\thermo\static_ps_resid.py:93: RuntimeWarning: invalid value encountered in power
  f1 = ps - inputs['guess:Pt'] * (1 + (gamt-1)/2 * M_guess**2)**(-gamt/(gamt-1))
C:\Users\MEO\Desktop\Projects\JetEngine\boomsonic_v0\.venv\Lib\site-packages\pycycle\thermo\static_ps_resid.py:94: RuntimeWarning: invalid value encountered in sqrt
  f2 = MN - inputs['W']*(R_UNIVERSAL_SI*inputs['Ts'])**0.5/(ps_guess*1.0e6*inputs['area']*gamt**0.5)
C:\Users\MEO\Desktop\Projects\JetEngine\boomsonic_v0\.venv\Lib\site-packages\pycycle\thermo\static_ps_resid.py:99: RuntimeWarning: The iteration is not making good progress, as measured by the 
 improvement from the last ten iterations.
  ps_guess, M_guess = fsolve(equations, (ps_guess, M_guess))
C:\Users\MEO\Desktop\Projects\JetEngine\boomsonic_v0\.venv\Lib\site-packages\pycycle\thermo\static_ps_resid.py:128: RuntimeWarning: invalid value encountered in sqrt
  Vsonic = (i['gamma']*i['R']*i['Ts'])**0.5
C:\Users\MEO\Desktop\Projects\JetEngine\boomsonic_v0\.venv\Lib\site-packages\pycycle\thermo\static_ps_resid.py:128: RuntimeWarning: invalid value encountered in sqrt
  Vsonic = (i['gamma']*i['R']*i['Ts'])**0.5
C:\Users\MEO\Desktop\Projects\JetEngine\boomsonic_v0\.venv\Lib\site-packages\pycycle\thermo\static_ps_resid.py:128: RuntimeWarning: invalid value encountered in sqrt
  Vsonic = (i['gamma']*i['R']*i['Ts'])**0.5
C:\Users\MEO\Desktop\Projects\JetEngine\boomsonic_v0\.venv\Lib\site-packages\pycycle\thermo\static_ps_resid.py:128: RuntimeWarning: invalid value encountered in sqrt
  Vsonic = (i['gamma']*i['R']*i['Ts'])**0.5
C:\Users\MEO\Desktop\Projects\JetEngine\boomsonic_v0\.venv\Lib\site-packages\pycycle\thermo\static_ps_resid.py:128: RuntimeWarning: invalid value encountered in sqrt
  Vsonic = (i['gamma']*i['R']*i['Ts'])**0.5
C:\Users\MEO\Desktop\Projects\JetEngine\boomsonic_v0\.venv\Lib\site-packages\pycycle\thermo\static_ps_resid.py:98: RuntimeWarning: invalid value encountered in power
  ps_guess = inputs['guess:Pt'] * (1 + (gamt-1)/2 * M_guess**2)**(-gamt/(gamt-1))
C:\Users\MEO\Desktop\Projects\JetEngine\boomsonic_v0\.venv\Lib\site-packages\pycycle\thermo\static_ps_resid.py:93: RuntimeWarning: invalid value encountered in power
  f1 = ps - inputs['guess:Pt'] * (1 + (gamt-1)/2 * M_guess**2)**(-gamt/(gamt-1))
C:\Users\MEO\Desktop\Projects\JetEngine\boomsonic_v0\.venv\Lib\site-packages\pycycle\thermo\static_ps_resid.py:94: RuntimeWarning: invalid value encountered in sqrt
  f2 = MN - inputs['W']*(R_UNIVERSAL_SI*inputs['Ts'])**0.5/(ps_guess*1.0e6*inputs['area']*gamt**0.5)
C:\Users\MEO\Desktop\Projects\JetEngine\boomsonic_v0\.venv\Lib\site-packages\pycycle\thermo\static_ps_resid.py:99: RuntimeWarning: The iteration is not making good progress, as measured by the 
 improvement from the last ten iterations.
  ps_guess, M_guess = fsolve(equations, (ps_guess, M_guess))
C:\Users\MEO\Desktop\Projects\JetEngine\boomsonic_v0\.venv\Lib\site-packages\pycycle\thermo\static_ps_resid.py:128: RuntimeWarning: invalid value encountered in sqrt
  Vsonic = (i['gamma']*i['R']*i['Ts'])**0.5
C:\Users\MEO\Desktop\Projects\JetEngine\boomsonic_v0\.venv\Lib\site-packages\pycycle\thermo\static_ps_resid.py:128: RuntimeWarning: invalid value encountered in sqrt
  Vsonic = (i['gamma']*i['R']*i['Ts'])**0.5
C:\Users\MEO\Desktop\Projects\JetEngine\boomsonic_v0\.venv\Lib\site-packages\pycycle\thermo\static_ps_resid.py:128: RuntimeWarning: invalid value encountered in sqrt
  Vsonic = (i['gamma']*i['R']*i['Ts'])**0.5
C:\Users\MEO\Desktop\Projects\JetEngine\boomsonic_v0\.venv\Lib\site-packages\pycycle\thermo\static_ps_resid.py:128: RuntimeWarning: invalid value encountered in sqrt
  Vsonic = (i['gamma']*i['R']*i['Ts'])**0.5
C:\Users\MEO\Desktop\Projects\JetEngine\boomsonic_v0\.venv\Lib\site-packages\openmdao\solvers\solver.py:819: SolverWarning:Your model has stalled three times and may be violating the bounds. In the future, turn on print_bound_enforce in your solver options here: 
OD0.turb.ideal_flow.nonlinear_solver.linesearch.options['print_bound_enforce']=True. 
The bound(s) being violated now are:

C:\Users\MEO\Desktop\Projects\JetEngine\boomsonic_v0\.venv\Lib\site-packages\openmdao\solvers\linesearch\backtracking.py:39: SolverWarning:'OD0.turb.ideal_flow.balance.T' exceeds lower bounds
  Val: [-4052392.07871298]
  Lower: [150.]

C:\Users\MEO\Desktop\Projects\JetEngine\boomsonic_v0\.venv\Lib\site-packages\openmdao\solvers\solver.py:819: SolverWarning:Your model has stalled three times and may be violating the bounds. In the future, turn on print_bound_enforce in your solver options here: 
OD0.turb.real_flow_b4bld.nonlinear_solver.linesearch.options['print_bound_enforce']=True. 
The bound(s) being violated now are:

C:\Users\MEO\Desktop\Projects\JetEngine\boomsonic_v0\.venv\Lib\site-packages\openmdao\solvers\linesearch\backtracking.py:39: SolverWarning:'OD0.turb.real_flow_b4bld.balance.T' exceeds lower bounds
  Val: [-59431724.28045415]
  Lower: [150.]

C:\Users\MEO\Desktop\Projects\JetEngine\boomsonic_v0\.venv\Lib\site-packages\openmdao\solvers\solver.py:819: SolverWarning:Your model has stalled three times and may be violating the bounds. In the future, turn on print_bound_enforce in your solver options here: 
OD0.turb.real_flow.nonlinear_solver.linesearch.options['print_bound_enforce']=True. 
The bound(s) being violated now are:

C:\Users\MEO\Desktop\Projects\JetEngine\boomsonic_v0\.venv\Lib\site-packages\openmdao\solvers\linesearch\backtracking.py:39: SolverWarning:'OD0.turb.real_flow.balance.T' exceeds lower bounds
  Val: [-59431724.28045415]
  Lower: [150.]

C:\Users\MEO\Desktop\Projects\JetEngine\boomsonic_v0\.venv\Lib\site-packages\pycycle\thermo\static_ps_resid.py:128: RuntimeWarning: invalid value encountered in sqrt
  Vsonic = (i['gamma']*i['R']*i['Ts'])**0.5
C:\Users\MEO\Desktop\Projects\JetEngine\boomsonic_v0\.venv\Lib\site-packages\pycycle\thermo\static_ps_resid.py:128: RuntimeWarning: invalid value encountered in sqrt
  Vsonic = (i['gamma']*i['R']*i['Ts'])**0.5
C:\Users\MEO\Desktop\Projects\JetEngine\boomsonic_v0\.venv\Lib\site-packages\pycycle\thermo\static_ps_resid.py:128: RuntimeWarning: invalid value encountered in sqrt
  Vsonic = (i['gamma']*i['R']*i['Ts'])**0.5
C:\Users\MEO\Desktop\Projects\JetEngine\boomsonic_v0\.venv\Lib\site-packages\pycycle\thermo\static_ps_resid.py:128: RuntimeWarning: invalid value encountered in sqrt
  Vsonic = (i['gamma']*i['R']*i['Ts'])**0.5
C:\Users\MEO\Desktop\Projects\JetEngine\boomsonic_v0\.venv\Lib\site-packages\openmdao\solvers\solver.py:819: SolverWarning:Your model has stalled three times and may be violating the bounds. In the future, turn on print_bound_enforce in your solver options here: 
OD0.nozz.throat_total.nonlinear_solver.linesearch.options['print_bound_enforce']=True. 
The bound(s) being violated now are:

C:\Users\MEO\Desktop\Projects\JetEngine\boomsonic_v0\.venv\Lib\site-packages\openmdao\solvers\linesearch\backtracking.py:39: SolverWarning:'OD0.nozz.throat_total.balance.T' exceeds lower bounds
  Val: [-59431724.28045417]
  Lower: [150.]

C:\Users\MEO\Desktop\Projects\JetEngine\boomsonic_v0\.venv\Lib\site-packages\pycycle\thermo\static_ps_resid.py:108: RuntimeWarning: invalid value encountered in sqrt
  Vsonic = (i['gamma']*i['R']*i['Ts'])**0.5
C:\Users\MEO\Desktop\Projects\JetEngine\boomsonic_v0\.venv\Lib\site-packages\pycycle\thermo\static_ps_resid.py:108: RuntimeWarning: invalid value encountered in sqrt
  Vsonic = (i['gamma']*i['R']*i['Ts'])**0.5
C:\Users\MEO\Desktop\Projects\JetEngine\boomsonic_v0\.venv\Lib\site-packages\pycycle\thermo\static_ps_resid.py:108: RuntimeWarning: invalid value encountered in sqrt
  Vsonic = (i['gamma']*i['R']*i['Ts'])**0.5
C:\Users\MEO\Desktop\Projects\JetEngine\boomsonic_v0\.venv\Lib\site-packages\pycycle\thermo\static_ps_resid.py:108: RuntimeWarning: invalid value encountered in sqrt
  Vsonic = (i['gamma']*i['R']*i['Ts'])**0.5
C:\Users\MEO\Desktop\Projects\JetEngine\boomsonic_v0\.venv\Lib\site-packages\openmdao\solvers\solver.py:819: SolverWarning:Your model has stalled three times and may be violating the bounds. In the future, turn on print_bound_enforce in your solver options here: 
OD0.nozz.staticMN.nonlinear_solver.linesearch.options['print_bound_enforce']=True. 
The bound(s) being violated now are:

C:\Users\MEO\Desktop\Projects\JetEngine\boomsonic_v0\.venv\Lib\site-packages\openmdao\solvers\linesearch\backtracking.py:39: SolverWarning:'OD0.nozz.staticMN.balance.T' exceeds lower bounds
  Val: [-35120541.80843817]
  Lower: [150.]

C:\Users\MEO\Desktop\Projects\JetEngine\boomsonic_v0\.venv\Lib\site-packages\openmdao\solvers\linesearch\backtracking.py:39: SolverWarning:'OD0.nozz.staticMN.ps_resid.Ps' exceeds lower bounds
  Val: [-1498.51144979]
  Lower: [-0.0009009]

C:\Users\MEO\Desktop\Projects\JetEngine\boomsonic_v0\.venv\Lib\site-packages\pycycle\thermo\static_ps_resid.py:108: RuntimeWarning: invalid value encountered in sqrt
  Vsonic = (i['gamma']*i['R']*i['Ts'])**0.5
C:\Users\MEO\Desktop\Projects\JetEngine\boomsonic_v0\.venv\Lib\site-packages\openmdao\solvers\solver.py:819: SolverWarning:Your model has stalled three times and may be violating the bounds. In the future, turn on print_bound_enforce in your solver options here: 
OD0.nozz.staticPs.nonlinear_solver.linesearch.options['print_bound_enforce']=True. 
The bound(s) being violated now are:

C:\Users\MEO\Desktop\Projects\JetEngine\boomsonic_v0\.venv\Lib\site-packages\openmdao\solvers\linesearch\backtracking.py:39: SolverWarning:'OD0.nozz.staticPs.balance.T' exceeds lower bounds
  Val: [-128.71321027]
  Lower: [150.]

C:\Users\MEO\Desktop\Projects\JetEngine\boomsonic_v0\.venv\Lib\site-packages\openmdao\solvers\solver.py:819: SolverWarning:Your model has stalled three times and may be violating the bounds. In the future, turn on print_bound_enforce in your solver options here: 
OD0.nozz.ideal_flow.nonlinear_solver.linesearch.options['print_bound_enforce']=True. 
The bound(s) being violated now are:

C:\Users\MEO\Desktop\Projects\JetEngine\boomsonic_v0\.venv\Lib\site-packages\openmdao\solvers\linesearch\backtracking.py:39: SolverWarning:'OD0.nozz.ideal_flow.balance.T' exceeds lower bounds
  Val: [-128.71321031]
  Lower: [150.]

C:\Users\MEO\Desktop\Projects\JetEngine\boomsonic_v0\.venv\Lib\site-packages\pycycle\thermo\static_ps_resid.py:128: RuntimeWarning: invalid value encountered in sqrt
  Vsonic = (i['gamma']*i['R']*i['Ts'])**0.5
C:\Users\MEO\Desktop\Projects\JetEngine\boomsonic_v0\.venv\Lib\site-packages\pycycle\elements\compressor.py:75: RuntimeWarning: invalid value encountered in log
  outputs['eff_poly'] = Rt * np.log(PR) / ( Rt*np.log(PR) + S_out - S_in )
C:\Users\MEO\Desktop\Projects\JetEngine\boomsonic_v0\.venv\Lib\site-packages\pycycle\thermo\static_ps_resid.py:98: RuntimeWarning: invalid value encountered in power
  ps_guess = inputs['guess:Pt'] * (1 + (gamt-1)/2 * M_guess**2)**(-gamt/(gamt-1))
C:\Users\MEO\Desktop\Projects\JetEngine\boomsonic_v0\.venv\Lib\site-packages\pycycle\thermo\static_ps_resid.py:93: RuntimeWarning: invalid value encountered in power
  f1 = ps - inputs['guess:Pt'] * (1 + (gamt-1)/2 * M_guess**2)**(-gamt/(gamt-1))
C:\Users\MEO\Desktop\Projects\JetEngine\boomsonic_v0\.venv\Lib\site-packages\pycycle\thermo\static_ps_resid.py:94: RuntimeWarning: invalid value encountered in sqrt
  f2 = MN - inputs['W']*(R_UNIVERSAL_SI*inputs['Ts'])**0.5/(ps_guess*1.0e6*inputs['area']*gamt**0.5)
C:\Users\MEO\Desktop\Projects\JetEngine\boomsonic_v0\.venv\Lib\site-packages\pycycle\thermo\static_ps_resid.py:99: RuntimeWarning: The iteration is not making good progress, as measured by the 
 improvement from the last ten iterations.
  ps_guess, M_guess = fsolve(equations, (ps_guess, M_guess))
C:\Users\MEO\Desktop\Projects\JetEngine\boomsonic_v0\.venv\Lib\site-packages\openmdao\solvers\solver.py:819: SolverWarning:Your model has stalled three times and may be violating the bounds. In the future, turn on print_bound_enforce in your solver options here: 
OD0.inlet.out_stat.nonlinear_solver.linesearch.options['print_bound_enforce']=True. 
The bound(s) being violated now are:

C:\Users\MEO\Desktop\Projects\JetEngine\boomsonic_v0\.venv\Lib\site-packages\openmdao\solvers\linesearch\backtracking.py:39: SolverWarning:'OD0.inlet.out_stat.balance.T' exceeds lower bounds
  Val: [-237.4207472]
  Lower: [150.]

C:\Users\MEO\Desktop\Projects\JetEngine\boomsonic_v0\.venv\Lib\site-packages\openmdao\solvers\linesearch\backtracking.py:39: SolverWarning:'OD0.inlet.out_stat.ps_resid.Ps' exceeds lower bounds
  Val: [-0.00110427]
  Lower: [-0.0009009]

C:\Users\MEO\Desktop\Projects\JetEngine\boomsonic_v0\.venv\Lib\site-packages\pycycle\thermo\static_ps_resid.py:128: RuntimeWarning: invalid value encountered in sqrt
  Vsonic = (i['gamma']*i['R']*i['Ts'])**0.5
C:\Users\MEO\Desktop\Projects\JetEngine\boomsonic_v0\.venv\Lib\site-packages\pycycle\thermo\static_ps_resid.py:128: RuntimeWarning: invalid value encountered in sqrt
  Vsonic = (i['gamma']*i['R']*i['Ts'])**0.5
C:\Users\MEO\Desktop\Projects\JetEngine\boomsonic_v0\.venv\Lib\site-packages\openmdao\solvers\solver.py:819: SolverWarning:Your model has stalled three times and may be violating the bounds. In the future, turn on print_bound_enforce in your solver options here: 
OD0.comp.ideal_flow.nonlinear_solver.linesearch.options['print_bound_enforce']=True. 
The bound(s) being violated now are:

C:\Users\MEO\Desktop\Projects\JetEngine\boomsonic_v0\.venv\Lib\site-packages\openmdao\solvers\linesearch\backtracking.py:39: SolverWarning:'OD0.comp.ideal_flow.balance.T' exceeds lower bounds
  Val: [-6.58257092e+08]
  Lower: [150.]

C:\Users\MEO\Desktop\Projects\JetEngine\boomsonic_v0\.venv\Lib\site-packages\pycycle\elements\compressor.py:75: RuntimeWarning: invalid value encountered in log
  outputs['eff_poly'] = Rt * np.log(PR) / ( Rt*np.log(PR) + S_out - S_in )
C:\Users\MEO\Desktop\Projects\JetEngine\boomsonic_v0\.venv\Lib\site-packages\pycycle\thermo\static_ps_resid.py:128: RuntimeWarning: invalid value encountered in sqrt
  Vsonic = (i['gamma']*i['R']*i['Ts'])**0.5
C:\Users\MEO\Desktop\Projects\JetEngine\boomsonic_v0\.venv\Lib\site-packages\pycycle\thermo\static_ps_resid.py:128: RuntimeWarning: invalid value encountered in sqrt
  Vsonic = (i['gamma']*i['R']*i['Ts'])**0.5
C:\Users\MEO\Desktop\Projects\JetEngine\boomsonic_v0\.venv\Lib\site-packages\openmdao\solvers\solver.py:819: SolverWarning:Your model has stalled three times and may be violating the bounds. In the future, turn on print_bound_enforce in your solver options here: 
OD0.turb.ideal_flow.nonlinear_solver.linesearch.options['print_bound_enforce']=True. 
The bound(s) being violated now are:

C:\Users\MEO\Desktop\Projects\JetEngine\boomsonic_v0\.venv\Lib\site-packages\openmdao\solvers\linesearch\backtracking.py:39: SolverWarning:'OD0.turb.ideal_flow.balance.T' exceeds lower bounds
  Val: [-3752686.50902641]
  Lower: [150.]

C:\Users\MEO\Desktop\Projects\JetEngine\boomsonic_v0\.venv\Lib\site-packages\openmdao\solvers\solver.py:819: SolverWarning:Your model has stalled three times and may be violating the bounds. In the future, turn on print_bound_enforce in your solver options here: 
OD0.turb.real_flow_b4bld.nonlinear_solver.linesearch.options['print_bound_enforce']=True. 
The bound(s) being violated now are:

C:\Users\MEO\Desktop\Projects\JetEngine\boomsonic_v0\.venv\Lib\site-packages\openmdao\solvers\linesearch\backtracking.py:39: SolverWarning:'OD0.turb.real_flow_b4bld.balance.T' exceeds lower bounds
  Val: [-1269.5097994]
  Lower: [150.]

C:\Users\MEO\Desktop\Projects\JetEngine\boomsonic_v0\.venv\Lib\site-packages\openmdao\solvers\solver.py:819: SolverWarning:Your model has stalled three times and may be violating the bounds. In the future, turn on print_bound_enforce in your solver options here: 
OD0.turb.real_flow.nonlinear_solver.linesearch.options['print_bound_enforce']=True. 
The bound(s) being violated now are:

C:\Users\MEO\Desktop\Projects\JetEngine\boomsonic_v0\.venv\Lib\site-packages\openmdao\solvers\linesearch\backtracking.py:39: SolverWarning:'OD0.turb.real_flow.balance.T' exceeds lower bounds
  Val: [-1269.5097994]
  Lower: [150.]

C:\Users\MEO\Desktop\Projects\JetEngine\boomsonic_v0\.venv\Lib\site-packages\pycycle\thermo\static_ps_resid.py:128: RuntimeWarning: invalid value encountered in sqrt
  Vsonic = (i['gamma']*i['R']*i['Ts'])**0.5
C:\Users\MEO\Desktop\Projects\JetEngine\boomsonic_v0\.venv\Lib\site-packages\pycycle\thermo\static_ps_resid.py:128: RuntimeWarning: invalid value encountered in sqrt
  Vsonic = (i['gamma']*i['R']*i['Ts'])**0.5
C:\Users\MEO\Desktop\Projects\JetEngine\boomsonic_v0\.venv\Lib\site-packages\openmdao\solvers\solver.py:819: SolverWarning:Your model has stalled three times and may be violating the bounds. In the future, turn on print_bound_enforce in your solver options here: 
OD0.nozz.throat_total.nonlinear_solver.linesearch.options['print_bound_enforce']=True. 
The bound(s) being violated now are:

C:\Users\MEO\Desktop\Projects\JetEngine\boomsonic_v0\.venv\Lib\site-packages\openmdao\solvers\linesearch\backtracking.py:39: SolverWarning:'OD0.nozz.throat_total.balance.T' exceeds lower bounds
  Val: [-1269.5097994]
  Lower: [150.]

C:\Users\MEO\Desktop\Projects\JetEngine\boomsonic_v0\.venv\Lib\site-packages\openmdao\solvers\solver.py:819: SolverWarning:Your model has stalled three times and may be violating the bounds. In the future, turn on print_bound_enforce in your solver options here: 
OD0.nozz.staticMN.nonlinear_solver.linesearch.options['print_bound_enforce']=True. 
The bound(s) being violated now are:

C:\Users\MEO\Desktop\Projects\JetEngine\boomsonic_v0\.venv\Lib\site-packages\openmdao\solvers\linesearch\backtracking.py:39: SolverWarning:'OD0.nozz.staticMN.balance.T' exceeds lower bounds
  Val: [-716.53903872]
  Lower: [150.]

C:\Users\MEO\Desktop\Projects\JetEngine\boomsonic_v0\.venv\Lib\site-packages\openmdao\solvers\linesearch\backtracking.py:39: SolverWarning:'OD0.nozz.staticMN.ps_resid.Ps' exceeds lower bounds
  Val: [-1417.81113273]
  Lower: [-0.0009009]

C:\Users\MEO\Desktop\Projects\JetEngine\boomsonic_v0\.venv\Lib\site-packages\openmdao\solvers\solver.py:819: SolverWarning:Your model has stalled three times and may be violating the bounds. In the future, turn on print_bound_enforce in your solver options here: 
OD0.nozz.staticPs.nonlinear_solver.linesearch.options['print_bound_enforce']=True. 
The bound(s) being violated now are:

C:\Users\MEO\Desktop\Projects\JetEngine\boomsonic_v0\.venv\Lib\site-packages\openmdao\solvers\linesearch\backtracking.py:39: SolverWarning:'OD0.nozz.staticPs.balance.T' exceeds lower bounds
  Val: [-128.71321027]
  Lower: [150.]

C:\Users\MEO\Desktop\Projects\JetEngine\boomsonic_v0\.venv\Lib\site-packages\openmdao\solvers\solver.py:819: SolverWarning:Your model has stalled three times and may be violating the bounds. In the future, turn on print_bound_enforce in your solver options here: 
OD0.nozz.ideal_flow.nonlinear_solver.linesearch.options['print_bound_enforce']=True. 
The bound(s) being violated now are:

C:\Users\MEO\Desktop\Projects\JetEngine\boomsonic_v0\.venv\Lib\site-packages\openmdao\solvers\linesearch\backtracking.py:39: SolverWarning:'OD0.nozz.ideal_flow.balance.T' exceeds lower bounds
  Val: [-128.71321031]
  Lower: [150.]

C:\Users\MEO\Desktop\Projects\JetEngine\boomsonic_v0\.venv\Lib\site-packages\pycycle\elements\compressor.py:75: RuntimeWarning: invalid value encountered in log
  outputs['eff_poly'] = Rt * np.log(PR) / ( Rt*np.log(PR) + S_out - S_in )
C:\Users\MEO\Desktop\Projects\JetEngine\boomsonic_v0\.venv\Lib\site-packages\pycycle\thermo\static_ps_resid.py:128: RuntimeWarning: invalid value encountered in sqrt
  Vsonic = (i['gamma']*i['R']*i['Ts'])**0.5
C:\Users\MEO\Desktop\Projects\JetEngine\boomsonic_v0\.venv\Lib\site-packages\openmdao\solvers\solver.py:819: SolverWarning:Your model has stalled three times and may be violating the bounds. In the future, turn on print_bound_enforce in your solver options here: 
OD0.inlet.out_stat.nonlinear_solver.linesearch.options['print_bound_enforce']=True. 
The bound(s) being violated now are:

C:\Users\MEO\Desktop\Projects\JetEngine\boomsonic_v0\.venv\Lib\site-packages\openmdao\solvers\linesearch\backtracking.py:39: SolverWarning:'OD0.inlet.out_stat.balance.T' exceeds lower bounds
  Val: [-237.4207472]
  Lower: [150.]

C:\Users\MEO\Desktop\Projects\JetEngine\boomsonic_v0\.venv\Lib\site-packages\openmdao\solvers\linesearch\backtracking.py:39: SolverWarning:'OD0.inlet.out_stat.ps_resid.Ps' exceeds lower bounds
  Val: [-0.00110427]
  Lower: [-0.0009009]

C:\Users\MEO\Desktop\Projects\JetEngine\boomsonic_v0\.venv\Lib\site-packages\openmdao\solvers\solver.py:819: SolverWarning:Your model has stalled three times and may be violating the bounds. In the future, turn on print_bound_enforce in your solver options here: 
OD0.comp.ideal_flow.nonlinear_solver.linesearch.options['print_bound_enforce']=True. 
The bound(s) being violated now are:

C:\Users\MEO\Desktop\Projects\JetEngine\boomsonic_v0\.venv\Lib\site-packages\openmdao\solvers\linesearch\backtracking.py:39: SolverWarning:'OD0.comp.ideal_flow.balance.T' exceeds lower bounds
  Val: [-6.58257092e+08]
  Lower: [150.]

C:\Users\MEO\Desktop\Projects\JetEngine\boomsonic_v0\.venv\Lib\site-packages\pycycle\elements\compressor.py:75: RuntimeWarning: invalid value encountered in log
  outputs['eff_poly'] = Rt * np.log(PR) / ( Rt*np.log(PR) + S_out - S_in )
C:\Users\MEO\Desktop\Projects\JetEngine\boomsonic_v0\.venv\Lib\site-packages\pycycle\thermo\static_ps_resid.py:128: RuntimeWarning: invalid value encountered in sqrt
  Vsonic = (i['gamma']*i['R']*i['Ts'])**0.5
C:\Users\MEO\Desktop\Projects\JetEngine\boomsonic_v0\.venv\Lib\site-packages\openmdao\solvers\solver.py:819: SolverWarning:Your model has stalled three times and may be violating the bounds. In the future, turn on print_bound_enforce in your solver options here: 
OD0.turb.ideal_flow.nonlinear_solver.linesearch.options['print_bound_enforce']=True. 
The bound(s) being violated now are:

C:\Users\MEO\Desktop\Projects\JetEngine\boomsonic_v0\.venv\Lib\site-packages\openmdao\solvers\linesearch\backtracking.py:39: SolverWarning:'OD0.turb.ideal_flow.balance.T' exceeds lower bounds
  Val: [-3752686.50902641]
  Lower: [150.]

C:\Users\MEO\Desktop\Projects\JetEngine\boomsonic_v0\.venv\Lib\site-packages\openmdao\solvers\solver.py:819: SolverWarning:Your model has stalled three times and may be violating the bounds. In the future, turn on print_bound_enforce in your solver options here: 
OD0.turb.real_flow_b4bld.nonlinear_solver.linesearch.options['print_bound_enforce']=True. 
The bound(s) being violated now are:

C:\Users\MEO\Desktop\Projects\JetEngine\boomsonic_v0\.venv\Lib\site-packages\openmdao\solvers\linesearch\backtracking.py:39: SolverWarning:'OD0.turb.real_flow_b4bld.balance.T' exceeds lower bounds
  Val: [-1269.5097994]
  Lower: [150.]

C:\Users\MEO\Desktop\Projects\JetEngine\boomsonic_v0\.venv\Lib\site-packages\openmdao\solvers\solver.py:819: SolverWarning:Your model has stalled three times and may be violating the bounds. In the future, turn on print_bound_enforce in your solver options here: 
OD0.turb.real_flow.nonlinear_solver.linesearch.options['print_bound_enforce']=True. 
The bound(s) being violated now are:

C:\Users\MEO\Desktop\Projects\JetEngine\boomsonic_v0\.venv\Lib\site-packages\openmdao\solvers\linesearch\backtracking.py:39: SolverWarning:'OD0.turb.real_flow.balance.T' exceeds lower bounds
  Val: [-1269.5097994]
  Lower: [150.]

C:\Users\MEO\Desktop\Projects\JetEngine\boomsonic_v0\.venv\Lib\site-packages\pycycle\thermo\static_ps_resid.py:128: RuntimeWarning: invalid value encountered in sqrt
  Vsonic = (i['gamma']*i['R']*i['Ts'])**0.5
C:\Users\MEO\Desktop\Projects\JetEngine\boomsonic_v0\.venv\Lib\site-packages\openmdao\solvers\solver.py:819: SolverWarning:Your model has stalled three times and may be violating the bounds. In the future, turn on print_bound_enforce in your solver options here: 
OD0.nozz.throat_total.nonlinear_solver.linesearch.options['print_bound_enforce']=True. 
The bound(s) being violated now are:

C:\Users\MEO\Desktop\Projects\JetEngine\boomsonic_v0\.venv\Lib\site-packages\openmdao\solvers\linesearch\backtracking.py:39: SolverWarning:'OD0.nozz.throat_total.balance.T' exceeds lower bounds
  Val: [-1269.5097994]
  Lower: [150.]

C:\Users\MEO\Desktop\Projects\JetEngine\boomsonic_v0\.venv\Lib\site-packages\openmdao\solvers\solver.py:819: SolverWarning:Your model has stalled three times and may be violating the bounds. In the future, turn on print_bound_enforce in your solver options here: 
OD0.nozz.staticMN.nonlinear_solver.linesearch.options['print_bound_enforce']=True. 
The bound(s) being violated now are:

C:\Users\MEO\Desktop\Projects\JetEngine\boomsonic_v0\.venv\Lib\site-packages\openmdao\solvers\linesearch\backtracking.py:39: SolverWarning:'OD0.nozz.staticMN.balance.T' exceeds lower bounds
  Val: [-716.53903872]
  Lower: [150.]

C:\Users\MEO\Desktop\Projects\JetEngine\boomsonic_v0\.venv\Lib\site-packages\openmdao\solvers\linesearch\backtracking.py:39: SolverWarning:'OD0.nozz.staticMN.ps_resid.Ps' exceeds lower bounds
  Val: [-1417.81113273]
  Lower: [-0.0009009]

C:\Users\MEO\Desktop\Projects\JetEngine\boomsonic_v0\.venv\Lib\site-packages\openmdao\solvers\solver.py:819: SolverWarning:Your model has stalled three times and may be violating the bounds. In the future, turn on print_bound_enforce in your solver options here: 
OD0.nozz.staticPs.nonlinear_solver.linesearch.options['print_bound_enforce']=True. 
The bound(s) being violated now are:

C:\Users\MEO\Desktop\Projects\JetEngine\boomsonic_v0\.venv\Lib\site-packages\openmdao\solvers\linesearch\backtracking.py:39: SolverWarning:'OD0.nozz.staticPs.balance.T' exceeds lower bounds
  Val: [-128.71321027]
  Lower: [150.]

C:\Users\MEO\Desktop\Projects\JetEngine\boomsonic_v0\.venv\Lib\site-packages\openmdao\solvers\solver.py:819: SolverWarning:Your model has stalled three times and may be violating the bounds. In the future, turn on print_bound_enforce in your solver options here: 
OD0.nozz.ideal_flow.nonlinear_solver.linesearch.options['print_bound_enforce']=True. 
The bound(s) being violated now are:

C:\Users\MEO\Desktop\Projects\JetEngine\boomsonic_v0\.venv\Lib\site-packages\openmdao\solvers\linesearch\backtracking.py:39: SolverWarning:'OD0.nozz.ideal_flow.balance.T' exceeds lower bounds
  Val: [-128.71321031]
  Lower: [150.]

C:\Users\MEO\Desktop\Projects\JetEngine\boomsonic_v0\.venv\Lib\site-packages\pycycle\elements\compressor.py:75: RuntimeWarning: invalid value encountered in log
  outputs['eff_poly'] = Rt * np.log(PR) / ( Rt*np.log(PR) + S_out - S_in )
C:\Users\MEO\Desktop\Projects\JetEngine\boomsonic_v0\.venv\Lib\site-packages\pycycle\thermo\static_ps_resid.py:128: RuntimeWarning: invalid value encountered in sqrt
  Vsonic = (i['gamma']*i['R']*i['Ts'])**0.5
C:\Users\MEO\Desktop\Projects\JetEngine\boomsonic_v0\.venv\Lib\site-packages\pycycle\thermo\static_ps_resid.py:128: RuntimeWarning: invalid value encountered in sqrt
  Vsonic = (i['gamma']*i['R']*i['Ts'])**0.5
C:\Users\MEO\Desktop\Projects\JetEngine\boomsonic_v0\.venv\Lib\site-packages\pycycle\thermo\static_ps_resid.py:128: RuntimeWarning: invalid value encountered in sqrt
  Vsonic = (i['gamma']*i['R']*i['Ts'])**0.5
C:\Users\MEO\Desktop\Projects\JetEngine\boomsonic_v0\.venv\Lib\site-packages\pycycle\thermo\static_ps_resid.py:128: RuntimeWarning: invalid value encountered in sqrt
  Vsonic = (i['gamma']*i['R']*i['Ts'])**0.5
C:\Users\MEO\Desktop\Projects\JetEngine\boomsonic_v0\.venv\Lib\site-packages\pycycle\elements\turbine.py:89: RuntimeWarning: invalid value encountered in log
  outputs['eff_poly'] = 1 + (S_out-S_in)/(Rt*np.log(invPR))
C:\Users\MEO\Desktop\Projects\JetEngine\boomsonic_v0\.venv\Lib\site-packages\pycycle\thermo\static_ps_resid.py:128: RuntimeWarning: invalid value encountered in sqrt
  Vsonic = (i['gamma']*i['R']*i['Ts'])**0.5
C:\Users\MEO\Desktop\Projects\JetEngine\boomsonic_v0\.venv\Lib\site-packages\pycycle\thermo\static_ps_resid.py:108: RuntimeWarning: invalid value encountered in sqrt
  Vsonic = (i['gamma']*i['R']*i['Ts'])**0.5
C:\Users\MEO\Desktop\Projects\JetEngine\boomsonic_v0\.venv\Lib\site-packages\pycycle\thermo\static_ps_calc.py:32: RuntimeWarning: invalid value encountered in sqrt
  outputs['Vsonic'] = Vsonic = np.sqrt(inputs['gamma'] * inputs['R'] * inputs['Ts'])
C:\Users\MEO\Desktop\Projects\JetEngine\boomsonic_v0\.venv\Lib\site-packages\openmdao\solvers\solver.py:819: SolverWarning:Your model has stalled three times and may be violating the bounds. In the future, turn on print_bound_enforce in your solver options here: 
OD0.burner.vitiated_flow.nonlinear_solver.linesearch.options['print_bound_enforce']=True. 
The bound(s) being violated now are:

C:\Users\MEO\Desktop\Projects\JetEngine\boomsonic_v0\.venv\Lib\site-packages\openmdao\solvers\linesearch\backtracking.py:35: SolverWarning:'OD0.burner.vitiated_flow.balance.T' exceeds upper bounds
  Val: [3916.7989435]
  Upper: [2500.]

C:\Users\MEO\Desktop\Projects\JetEngine\boomsonic_v0\.venv\Lib\site-packages\pycycle\thermo\static_ps_resid.py:128: RuntimeWarning: invalid value encountered in sqrt
  Vsonic = (i['gamma']*i['R']*i['Ts'])**0.5
C:\Users\MEO\Desktop\Projects\JetEngine\boomsonic_v0\.venv\Lib\site-packages\pycycle\thermo\static_ps_resid.py:94: RuntimeWarning: invalid value encountered in sqrt
  f2 = MN - inputs['W']*(R_UNIVERSAL_SI*inputs['Ts'])**0.5/(ps_guess*1.0e6*inputs['area']*gamt**0.5)
C:\Users\MEO\Desktop\Projects\JetEngine\boomsonic_v0\.venv\Lib\site-packages\pycycle\thermo\static_ps_resid.py:99: RuntimeWarning: The iteration is not making good progress, as measured by the 
 improvement from the last ten iterations.
  ps_guess, M_guess = fsolve(equations, (ps_guess, M_guess))
C:\Users\MEO\Desktop\Projects\JetEngine\boomsonic_v0\.venv\Lib\site-packages\openmdao\solvers\solver.py:819: SolverWarning:Your model has stalled three times and may be violating the bounds. In the future, turn on print_bound_enforce in your solver options here: 
OD0.turb.real_flow_b4bld.nonlinear_solver.linesearch.options['print_bound_enforce']=True. 
The bound(s) being violated now are:

C:\Users\MEO\Desktop\Projects\JetEngine\boomsonic_v0\.venv\Lib\site-packages\openmdao\solvers\linesearch\backtracking.py:35: SolverWarning:'OD0.turb.real_flow_b4bld.balance.T' exceeds upper bounds
  Val: [2994.61161861]
  Upper: [2500.]

C:\Users\MEO\Desktop\Projects\JetEngine\boomsonic_v0\.venv\Lib\site-packages\openmdao\solvers\solver.py:819: SolverWarning:Your model has stalled three times and may be violating the bounds. In the future, turn on print_bound_enforce in your solver options here: 
OD0.turb.real_flow.nonlinear_solver.linesearch.options['print_bound_enforce']=True. 
The bound(s) being violated now are:

C:\Users\MEO\Desktop\Projects\JetEngine\boomsonic_v0\.venv\Lib\site-packages\openmdao\solvers\linesearch\backtracking.py:35: SolverWarning:'OD0.turb.real_flow.balance.T' exceeds upper bounds
  Val: [2994.61161861]
  Upper: [2500.]

C:\Users\MEO\Desktop\Projects\JetEngine\boomsonic_v0\.venv\Lib\site-packages\pycycle\thermo\static_ps_resid.py:128: RuntimeWarning: invalid value encountered in sqrt
  Vsonic = (i['gamma']*i['R']*i['Ts'])**0.5
C:\Users\MEO\Desktop\Projects\JetEngine\boomsonic_v0\.venv\Lib\site-packages\pycycle\thermo\static_ps_resid.py:94: RuntimeWarning: invalid value encountered in sqrt
  f2 = MN - inputs['W']*(R_UNIVERSAL_SI*inputs['Ts'])**0.5/(ps_guess*1.0e6*inputs['area']*gamt**0.5)
C:\Users\MEO\Desktop\Projects\JetEngine\boomsonic_v0\.venv\Lib\site-packages\pycycle\thermo\static_ps_resid.py:99: RuntimeWarning: The iteration is not making good progress, as measured by the 
 improvement from the last ten iterations.
  ps_guess, M_guess = fsolve(equations, (ps_guess, M_guess))
C:\Users\MEO\Desktop\Projects\JetEngine\boomsonic_v0\.venv\Lib\site-packages\openmdao\solvers\solver.py:819: SolverWarning:Your model has stalled three times and may be violating the bounds. In the future, turn on print_bound_enforce in your solver options here: 
OD0.nozz.throat_total.nonlinear_solver.linesearch.options['print_bound_enforce']=True. 
The bound(s) being violated now are:

C:\Users\MEO\Desktop\Projects\JetEngine\boomsonic_v0\.venv\Lib\site-packages\openmdao\solvers\linesearch\backtracking.py:35: SolverWarning:'OD0.nozz.throat_total.balance.T' exceeds upper bounds
  Val: [2994.61161861]
  Upper: [2500.]

C:\Users\MEO\Desktop\Projects\JetEngine\boomsonic_v0\.venv\Lib\site-packages\pycycle\thermo\static_ps_resid.py:108: RuntimeWarning: invalid value encountered in sqrt
  Vsonic = (i['gamma']*i['R']*i['Ts'])**0.5
C:\Users\MEO\Desktop\Projects\JetEngine\boomsonic_v0\.venv\Lib\site-packages\pycycle\thermo\static_ps_calc.py:32: RuntimeWarning: invalid value encountered in sqrt
  outputs['Vsonic'] = Vsonic = np.sqrt(inputs['gamma'] * inputs['R'] * inputs['Ts'])
C:\Users\MEO\Desktop\Projects\JetEngine\boomsonic_v0\.venv\Lib\site-packages\pycycle\thermo\static_ps_resid.py:128: RuntimeWarning: invalid value encountered in sqrt
  Vsonic = (i['gamma']*i['R']*i['Ts'])**0.5
C:\Users\MEO\Desktop\Projects\JetEngine\boomsonic_v0\.venv\Lib\site-packages\pycycle\thermo\static_ps_resid.py:94: RuntimeWarning: invalid value encountered in sqrt
  f2 = MN - inputs['W']*(R_UNIVERSAL_SI*inputs['Ts'])**0.5/(ps_guess*1.0e6*inputs['area']*gamt**0.5)
C:\Users\MEO\Desktop\Projects\JetEngine\boomsonic_v0\.venv\Lib\site-packages\pycycle\thermo\static_ps_resid.py:99: RuntimeWarning: The iteration is not making good progress, as measured by the 
 improvement from the last ten iterations.
  ps_guess, M_guess = fsolve(equations, (ps_guess, M_guess))
C:\Users\MEO\Desktop\Projects\JetEngine\boomsonic_v0\.venv\Lib\site-packages\openmdao\solvers\solver.py:819: SolverWarning:Your model has stalled three times and may be violating the bounds. In the future, turn on print_bound_enforce in your solver options here: 
OD0.burner.vitiated_flow.nonlinear_solver.linesearch.options['print_bound_enforce']=True. 
The bound(s) being violated now are:

C:\Users\MEO\Desktop\Projects\JetEngine\boomsonic_v0\.venv\Lib\site-packages\openmdao\solvers\linesearch\backtracking.py:35: SolverWarning:'OD0.burner.vitiated_flow.balance.T' exceeds upper bounds
  Val: [3916.7989435]
  Upper: [2500.]

C:\Users\MEO\Desktop\Projects\JetEngine\boomsonic_v0\.venv\Lib\site-packages\pycycle\thermo\static_ps_resid.py:128: RuntimeWarning: invalid value encountered in sqrt
  Vsonic = (i['gamma']*i['R']*i['Ts'])**0.5
C:\Users\MEO\Desktop\Projects\JetEngine\boomsonic_v0\.venv\Lib\site-packages\pycycle\thermo\static_ps_resid.py:94: RuntimeWarning: invalid value encountered in sqrt
  f2 = MN - inputs['W']*(R_UNIVERSAL_SI*inputs['Ts'])**0.5/(ps_guess*1.0e6*inputs['area']*gamt**0.5)
C:\Users\MEO\Desktop\Projects\JetEngine\boomsonic_v0\.venv\Lib\site-packages\pycycle\thermo\static_ps_resid.py:99: RuntimeWarning: The iteration is not making good progress, as measured by the 
 improvement from the last ten iterations.
  ps_guess, M_guess = fsolve(equations, (ps_guess, M_guess))
C:\Users\MEO\Desktop\Projects\JetEngine\boomsonic_v0\.venv\Lib\site-packages\openmdao\solvers\solver.py:819: SolverWarning:Your model has stalled three times and may be violating the bounds. In the future, turn on print_bound_enforce in your solver options here: 
OD0.turb.real_flow_b4bld.nonlinear_solver.linesearch.options['print_bound_enforce']=True. 
The bound(s) being violated now are:

C:\Users\MEO\Desktop\Projects\JetEngine\boomsonic_v0\.venv\Lib\site-packages\openmdao\solvers\linesearch\backtracking.py:35: SolverWarning:'OD0.turb.real_flow_b4bld.balance.T' exceeds upper bounds
  Val: [2994.61161861]
  Upper: [2500.]

C:\Users\MEO\Desktop\Projects\JetEngine\boomsonic_v0\.venv\Lib\site-packages\openmdao\solvers\solver.py:819: SolverWarning:Your model has stalled three times and may be violating the bounds. In the future, turn on print_bound_enforce in your solver options here: 
OD0.turb.real_flow.nonlinear_solver.linesearch.options['print_bound_enforce']=True. 
The bound(s) being violated now are:

C:\Users\MEO\Desktop\Projects\JetEngine\boomsonic_v0\.venv\Lib\site-packages\openmdao\solvers\linesearch\backtracking.py:35: SolverWarning:'OD0.turb.real_flow.balance.T' exceeds upper bounds
  Val: [2994.61161861]
  Upper: [2500.]

C:\Users\MEO\Desktop\Projects\JetEngine\boomsonic_v0\.venv\Lib\site-packages\pycycle\thermo\static_ps_resid.py:128: RuntimeWarning: invalid value encountered in sqrt
  Vsonic = (i['gamma']*i['R']*i['Ts'])**0.5
C:\Users\MEO\Desktop\Projects\JetEngine\boomsonic_v0\.venv\Lib\site-packages\pycycle\thermo\static_ps_resid.py:94: RuntimeWarning: invalid value encountered in sqrt
  f2 = MN - inputs['W']*(R_UNIVERSAL_SI*inputs['Ts'])**0.5/(ps_guess*1.0e6*inputs['area']*gamt**0.5)
C:\Users\MEO\Desktop\Projects\JetEngine\boomsonic_v0\.venv\Lib\site-packages\pycycle\thermo\static_ps_resid.py:99: RuntimeWarning: The iteration is not making good progress, as measured by the 
 improvement from the last ten iterations.
  ps_guess, M_guess = fsolve(equations, (ps_guess, M_guess))
C:\Users\MEO\Desktop\Projects\JetEngine\boomsonic_v0\.venv\Lib\site-packages\openmdao\solvers\solver.py:819: SolverWarning:Your model has stalled three times and may be violating the bounds. In the future, turn on print_bound_enforce in your solver options here: 
OD0.nozz.throat_total.nonlinear_solver.linesearch.options['print_bound_enforce']=True. 
The bound(s) being violated now are:

C:\Users\MEO\Desktop\Projects\JetEngine\boomsonic_v0\.venv\Lib\site-packages\openmdao\solvers\linesearch\backtracking.py:35: SolverWarning:'OD0.nozz.throat_total.balance.T' exceeds upper bounds
  Val: [2994.61161861]
  Upper: [2500.]

C:\Users\MEO\Desktop\Projects\JetEngine\boomsonic_v0\.venv\Lib\site-packages\pycycle\thermo\static_ps_resid.py:108: RuntimeWarning: invalid value encountered in sqrt
  Vsonic = (i['gamma']*i['R']*i['Ts'])**0.5
C:\Users\MEO\Desktop\Projects\JetEngine\boomsonic_v0\.venv\Lib\site-packages\pycycle\thermo\static_ps_calc.py:32: RuntimeWarning: invalid value encountered in sqrt
  outputs['Vsonic'] = Vsonic = np.sqrt(inputs['gamma'] * inputs['R'] * inputs['Ts'])
C:\Users\MEO\Desktop\Projects\JetEngine\boomsonic_v0\.venv\Lib\site-packages\pycycle\thermo\static_ps_resid.py:128: RuntimeWarning: invalid value encountered in sqrt
  Vsonic = (i['gamma']*i['R']*i['Ts'])**0.5
C:\Users\MEO\Desktop\Projects\JetEngine\boomsonic_v0\.venv\Lib\site-packages\pycycle\thermo\static_ps_resid.py:94: RuntimeWarning: invalid value encountered in sqrt
  f2 = MN - inputs['W']*(R_UNIVERSAL_SI*inputs['Ts'])**0.5/(ps_guess*1.0e6*inputs['area']*gamt**0.5)
C:\Users\MEO\Desktop\Projects\JetEngine\boomsonic_v0\.venv\Lib\site-packages\pycycle\thermo\static_ps_resid.py:99: RuntimeWarning: The iteration is not making good progress, as measured by the 
 improvement from the last ten iterations.
  ps_guess, M_guess = fsolve(equations, (ps_guess, M_guess))
C:\Users\MEO\Desktop\Projects\JetEngine\boomsonic_v0\.venv\Lib\site-packages\openmdao\solvers\solver.py:819: SolverWarning:Your model has stalled three times and may be violating the bounds. In the future, turn on print_bound_enforce in your solver options here: 
OD0.burner.vitiated_flow.nonlinear_solver.linesearch.options['print_bound_enforce']=True. 
The bound(s) being violated now are:

C:\Users\MEO\Desktop\Projects\JetEngine\boomsonic_v0\.venv\Lib\site-packages\openmdao\solvers\linesearch\backtracking.py:35: SolverWarning:'OD0.burner.vitiated_flow.balance.T' exceeds upper bounds
  Val: [3916.7989435]
  Upper: [2500.]

C:\Users\MEO\Desktop\Projects\JetEngine\boomsonic_v0\.venv\Lib\site-packages\pycycle\thermo\static_ps_resid.py:128: RuntimeWarning: invalid value encountered in sqrt
  Vsonic = (i['gamma']*i['R']*i['Ts'])**0.5
C:\Users\MEO\Desktop\Projects\JetEngine\boomsonic_v0\.venv\Lib\site-packages\pycycle\thermo\static_ps_resid.py:94: RuntimeWarning: invalid value encountered in sqrt
  f2 = MN - inputs['W']*(R_UNIVERSAL_SI*inputs['Ts'])**0.5/(ps_guess*1.0e6*inputs['area']*gamt**0.5)
C:\Users\MEO\Desktop\Projects\JetEngine\boomsonic_v0\.venv\Lib\site-packages\pycycle\thermo\static_ps_resid.py:99: RuntimeWarning: The iteration is not making good progress, as measured by the 
 improvement from the last ten iterations.
  ps_guess, M_guess = fsolve(equations, (ps_guess, M_guess))
C:\Users\MEO\Desktop\Projects\JetEngine\boomsonic_v0\.venv\Lib\site-packages\openmdao\solvers\solver.py:819: SolverWarning:Your model has stalled three times and may be violating the bounds. In the future, turn on print_bound_enforce in your solver options here: 
OD0.turb.real_flow_b4bld.nonlinear_solver.linesearch.options['print_bound_enforce']=True. 
The bound(s) being violated now are:

C:\Users\MEO\Desktop\Projects\JetEngine\boomsonic_v0\.venv\Lib\site-packages\openmdao\solvers\linesearch\backtracking.py:35: SolverWarning:'OD0.turb.real_flow_b4bld.balance.T' exceeds upper bounds
  Val: [2994.61161861]
  Upper: [2500.]

C:\Users\MEO\Desktop\Projects\JetEngine\boomsonic_v0\.venv\Lib\site-packages\openmdao\solvers\solver.py:819: SolverWarning:Your model has stalled three times and may be violating the bounds. In the future, turn on print_bound_enforce in your solver options here: 
OD0.turb.real_flow.nonlinear_solver.linesearch.options['print_bound_enforce']=True. 
The bound(s) being violated now are:

C:\Users\MEO\Desktop\Projects\JetEngine\boomsonic_v0\.venv\Lib\site-packages\openmdao\solvers\linesearch\backtracking.py:35: SolverWarning:'OD0.turb.real_flow.balance.T' exceeds upper bounds
  Val: [2994.61161861]
  Upper: [2500.]

C:\Users\MEO\Desktop\Projects\JetEngine\boomsonic_v0\.venv\Lib\site-packages\pycycle\thermo\static_ps_resid.py:128: RuntimeWarning: invalid value encountered in sqrt
  Vsonic = (i['gamma']*i['R']*i['Ts'])**0.5
C:\Users\MEO\Desktop\Projects\JetEngine\boomsonic_v0\.venv\Lib\site-packages\pycycle\thermo\static_ps_resid.py:94: RuntimeWarning: invalid value encountered in sqrt
  f2 = MN - inputs['W']*(R_UNIVERSAL_SI*inputs['Ts'])**0.5/(ps_guess*1.0e6*inputs['area']*gamt**0.5)
C:\Users\MEO\Desktop\Projects\JetEngine\boomsonic_v0\.venv\Lib\site-packages\pycycle\thermo\static_ps_resid.py:99: RuntimeWarning: The iteration is not making good progress, as measured by the 
 improvement from the last ten iterations.
  ps_guess, M_guess = fsolve(equations, (ps_guess, M_guess))
C:\Users\MEO\Desktop\Projects\JetEngine\boomsonic_v0\.venv\Lib\site-packages\openmdao\solvers\solver.py:819: SolverWarning:Your model has stalled three times and may be violating the bounds. In the future, turn on print_bound_enforce in your solver options here: 
OD0.nozz.throat_total.nonlinear_solver.linesearch.options['print_bound_enforce']=True. 
The bound(s) being violated now are:

C:\Users\MEO\Desktop\Projects\JetEngine\boomsonic_v0\.venv\Lib\site-packages\openmdao\solvers\linesearch\backtracking.py:35: SolverWarning:'OD0.nozz.throat_total.balance.T' exceeds upper bounds
  Val: [2994.61161861]
  Upper: [2500.]

C:\Users\MEO\Desktop\Projects\JetEngine\boomsonic_v0\.venv\Lib\site-packages\pycycle\thermo\static_ps_resid.py:108: RuntimeWarning: invalid value encountered in sqrt
  Vsonic = (i['gamma']*i['R']*i['Ts'])**0.5
C:\Users\MEO\Desktop\Projects\JetEngine\boomsonic_v0\.venv\Lib\site-packages\pycycle\thermo\static_ps_calc.py:32: RuntimeWarning: invalid value encountered in sqrt
  outputs['Vsonic'] = Vsonic = np.sqrt(inputs['gamma'] * inputs['R'] * inputs['Ts'])
C:\Users\MEO\Desktop\Projects\JetEngine\boomsonic_v0\.venv\Lib\site-packages\pycycle\thermo\static_ps_resid.py:128: RuntimeWarning: invalid value encountered in sqrt
  Vsonic = (i['gamma']*i['R']*i['Ts'])**0.5
C:\Users\MEO\Desktop\Projects\JetEngine\boomsonic_v0\.venv\Lib\site-packages\pycycle\thermo\static_ps_resid.py:94: RuntimeWarning: invalid value encountered in sqrt
  f2 = MN - inputs['W']*(R_UNIVERSAL_SI*inputs['Ts'])**0.5/(ps_guess*1.0e6*inputs['area']*gamt**0.5)
C:\Users\MEO\Desktop\Projects\JetEngine\boomsonic_v0\.venv\Lib\site-packages\pycycle\thermo\static_ps_resid.py:99: RuntimeWarning: The iteration is not making good progress, as measured by the 
 improvement from the last ten iterations.
  ps_guess, M_guess = fsolve(equations, (ps_guess, M_guess))
C:\Users\MEO\Desktop\Projects\JetEngine\boomsonic_v0\.venv\Lib\site-packages\pycycle\thermo\static_ps_resid.py:128: RuntimeWarning: invalid value encountered in sqrt
  Vsonic = (i['gamma']*i['R']*i['Ts'])**0.5
C:\Users\MEO\Desktop\Projects\JetEngine\boomsonic_v0\.venv\Lib\site-packages\pycycle\thermo\static_ps_resid.py:128: RuntimeWarning: invalid value encountered in sqrt
  Vsonic = (i['gamma']*i['R']*i['Ts'])**0.5
C:\Users\MEO\Desktop\Projects\JetEngine\boomsonic_v0\.venv\Lib\site-packages\pycycle\thermo\static_ps_resid.py:108: RuntimeWarning: invalid value encountered in sqrt
  Vsonic = (i['gamma']*i['R']*i['Ts'])**0.5
C:\Users\MEO\Desktop\Projects\JetEngine\boomsonic_v0\.venv\Lib\site-packages\pycycle\elements\turbine.py:40: RuntimeWarning: invalid value encountered in sqrt
  outputs['Wp'] = inputs['W_in'] * inputs['Tt']**0.5 / inputs['Pt']
C:\Users\MEO\Desktop\Projects\JetEngine\boomsonic_v0\.venv\Lib\site-packages\pycycle\elements\turbine.py:41: RuntimeWarning: invalid value encountered in power
  outputs['Np'] = inputs['Nmech'] * inputs['Tt']**-0.5
C:\Users\MEO\Desktop\Projects\JetEngine\boomsonic_v0\.venv\Lib\site-packages\pycycle\elements\turbine.py:89: RuntimeWarning: invalid value encountered in log
  outputs['eff_poly'] = 1 + (S_out-S_in)/(Rt*np.log(invPR))
C:\Users\MEO\Desktop\Projects\JetEngine\boomsonic_v0\.venv\Lib\site-packages\pycycle\elements\turbine.py:40: RuntimeWarning: invalid value encountered in sqrt
  outputs['Wp'] = inputs['W_in'] * inputs['Tt']**0.5 / inputs['Pt']
C:\Users\MEO\Desktop\Projects\JetEngine\boomsonic_v0\.venv\Lib\site-packages\pycycle\elements\turbine.py:41: RuntimeWarning: invalid value encountered in power
  outputs['Np'] = inputs['Nmech'] * inputs['Tt']**-0.5
C:\Users\MEO\Desktop\Projects\JetEngine\boomsonic_v0\.venv\Lib\site-packages\pycycle\thermo\static_ps_resid.py:128: RuntimeWarning: invalid value encountered in sqrt
  Vsonic = (i['gamma']*i['R']*i['Ts'])**0.5
C:\Users\MEO\Desktop\Projects\JetEngine\boomsonic_v0\.venv\Lib\site-packages\openmdao\solvers\solver.py:819: SolverWarning:Your model has stalled three times and may be violating the bounds. In the future, turn on print_bound_enforce in your solver options here: 
OD0.duct.out_stat.nonlinear_solver.linesearch.options['print_bound_enforce']=True. 
The bound(s) being violated now are:

C:\Users\MEO\Desktop\Projects\JetEngine\boomsonic_v0\.venv\Lib\site-packages\openmdao\solvers\linesearch\backtracking.py:39: SolverWarning:'OD0.duct.out_stat.balance.T' exceeds lower bounds
  Val: [-235.4806483]
  Lower: [150.]

C:\Users\MEO\Desktop\Projects\JetEngine\boomsonic_v0\.venv\Lib\site-packages\openmdao\solvers\linesearch\backtracking.py:39: SolverWarning:'OD0.duct.out_stat.ps_resid.Ps' exceeds lower bounds
  Val: [-0.001103]
  Lower: [-0.0009009]

C:\Users\MEO\Desktop\Projects\JetEngine\boomsonic_v0\.venv\Lib\site-packages\pycycle\thermo\static_ps_resid.py:128: RuntimeWarning: invalid value encountered in sqrt
  Vsonic = (i['gamma']*i['R']*i['Ts'])**0.5
C:\Users\MEO\Desktop\Projects\JetEngine\boomsonic_v0\.venv\Lib\site-packages\pycycle\thermo\static_ps_resid.py:128: RuntimeWarning: invalid value encountered in sqrt
  Vsonic = (i['gamma']*i['R']*i['Ts'])**0.5
C:\Users\MEO\Desktop\Projects\JetEngine\boomsonic_v0\.venv\Lib\site-packages\openmdao\solvers\solver.py:819: SolverWarning:Your model has stalled three times and may be violating the bounds. In the future, turn on print_bound_enforce in your solver options here: 
OD0.turb.out_stat.nonlinear_solver.linesearch.options['print_bound_enforce']=True. 
The bound(s) being violated now are:

C:\Users\MEO\Desktop\Projects\JetEngine\boomsonic_v0\.venv\Lib\site-packages\openmdao\solvers\linesearch\backtracking.py:39: SolverWarning:'OD0.turb.out_stat.balance.T' exceeds lower bounds
  Val: [-234.23704816]
  Lower: [150.]

C:\Users\MEO\Desktop\Projects\JetEngine\boomsonic_v0\.venv\Lib\site-packages\openmdao\solvers\linesearch\backtracking.py:39: SolverWarning:'OD0.turb.out_stat.ps_resid.Ps' exceeds lower bounds
  Val: [-0.00110219]
  Lower: [-0.0009009]

C:\Users\MEO\Desktop\Projects\JetEngine\boomsonic_v0\.venv\Lib\site-packages\pycycle\thermo\static_ps_resid.py:128: RuntimeWarning: invalid value encountered in sqrt
  Vsonic = (i['gamma']*i['R']*i['Ts'])**0.5
C:\Users\MEO\Desktop\Projects\JetEngine\boomsonic_v0\.venv\Lib\site-packages\openmdao\solvers\solver.py:819: SolverWarning:Your model has stalled three times and may be violating the bounds. In the future, turn on print_bound_enforce in your solver options here: 
OD0.duct.out_stat.nonlinear_solver.linesearch.options['print_bound_enforce']=True. 
The bound(s) being violated now are:

C:\Users\MEO\Desktop\Projects\JetEngine\boomsonic_v0\.venv\Lib\site-packages\openmdao\solvers\linesearch\backtracking.py:39: SolverWarning:'OD0.duct.out_stat.balance.T' exceeds lower bounds
  Val: [-235.4806483]
  Lower: [150.]

C:\Users\MEO\Desktop\Projects\JetEngine\boomsonic_v0\.venv\Lib\site-packages\openmdao\solvers\linesearch\backtracking.py:39: SolverWarning:'OD0.duct.out_stat.ps_resid.Ps' exceeds lower bounds
  Val: [-0.001103]
  Lower: [-0.0009009]

C:\Users\MEO\Desktop\Projects\JetEngine\boomsonic_v0\.venv\Lib\site-packages\pycycle\thermo\static_ps_resid.py:128: RuntimeWarning: invalid value encountered in sqrt
  Vsonic = (i['gamma']*i['R']*i['Ts'])**0.5
C:\Users\MEO\Desktop\Projects\JetEngine\boomsonic_v0\.venv\Lib\site-packages\pycycle\thermo\static_ps_resid.py:128: RuntimeWarning: invalid value encountered in sqrt
  Vsonic = (i['gamma']*i['R']*i['Ts'])**0.5
C:\Users\MEO\Desktop\Projects\JetEngine\boomsonic_v0\.venv\Lib\site-packages\openmdao\solvers\solver.py:819: SolverWarning:Your model has stalled three times and may be violating the bounds. In the future, turn on print_bound_enforce in your solver options here: 
OD0.turb.out_stat.nonlinear_solver.linesearch.options['print_bound_enforce']=True. 
The bound(s) being violated now are:

C:\Users\MEO\Desktop\Projects\JetEngine\boomsonic_v0\.venv\Lib\site-packages\openmdao\solvers\linesearch\backtracking.py:39: SolverWarning:'OD0.turb.out_stat.balance.T' exceeds lower bounds
  Val: [-234.23704816]
  Lower: [150.]

C:\Users\MEO\Desktop\Projects\JetEngine\boomsonic_v0\.venv\Lib\site-packages\openmdao\solvers\linesearch\backtracking.py:39: SolverWarning:'OD0.turb.out_stat.ps_resid.Ps' exceeds lower bounds
  Val: [-0.00110219]
  Lower: [-0.0009009]

C:\Users\MEO\Desktop\Projects\JetEngine\boomsonic_v0\.venv\Lib\site-packages\pycycle\thermo\static_ps_resid.py:128: RuntimeWarning: invalid value encountered in sqrt
  Vsonic = (i['gamma']*i['R']*i['Ts'])**0.5
C:\Users\MEO\Desktop\Projects\JetEngine\boomsonic_v0\.venv\Lib\site-packages\pycycle\thermo\static_ps_resid.py:128: RuntimeWarning: invalid value encountered in sqrt
  Vsonic = (i['gamma']*i['R']*i['Ts'])**0.5
C:\Users\MEO\Desktop\Projects\JetEngine\boomsonic_v0\.venv\Lib\site-packages\pycycle\thermo\static_ps_resid.py:128: RuntimeWarning: invalid value encountered in sqrt
  Vsonic = (i['gamma']*i['R']*i['Ts'])**0.5
C:\Users\MEO\Desktop\Projects\JetEngine\boomsonic_v0\.venv\Lib\site-packages\openmdao\solvers\solver.py:819: SolverWarning:Your model has stalled three times and may be violating the bounds. In the future, turn on print_bound_enforce in your solver options here: 
OD0.duct.out_stat.nonlinear_solver.linesearch.options['print_bound_enforce']=True. 
The bound(s) being violated now are:

C:\Users\MEO\Desktop\Projects\JetEngine\boomsonic_v0\.venv\Lib\site-packages\openmdao\solvers\linesearch\backtracking.py:39: SolverWarning:'OD0.duct.out_stat.balance.T' exceeds lower bounds
  Val: [-235.4806483]
  Lower: [150.]

C:\Users\MEO\Desktop\Projects\JetEngine\boomsonic_v0\.venv\Lib\site-packages\openmdao\solvers\linesearch\backtracking.py:39: SolverWarning:'OD0.duct.out_stat.ps_resid.Ps' exceeds lower bounds
  Val: [-0.001103]
  Lower: [-0.0009009]

C:\Users\MEO\Desktop\Projects\JetEngine\boomsonic_v0\.venv\Lib\site-packages\pycycle\thermo\static_ps_resid.py:128: RuntimeWarning: invalid value encountered in sqrt
  Vsonic = (i['gamma']*i['R']*i['Ts'])**0.5
C:\Users\MEO\Desktop\Projects\JetEngine\boomsonic_v0\.venv\Lib\site-packages\pycycle\thermo\static_ps_resid.py:128: RuntimeWarning: invalid value encountered in sqrt
  Vsonic = (i['gamma']*i['R']*i['Ts'])**0.5
C:\Users\MEO\Desktop\Projects\JetEngine\boomsonic_v0\.venv\Lib\site-packages\openmdao\solvers\solver.py:819: SolverWarning:Your model has stalled three times and may be violating the bounds. In the future, turn on print_bound_enforce in your solver options here: 
OD0.turb.out_stat.nonlinear_solver.linesearch.options['print_bound_enforce']=True. 
The bound(s) being violated now are:

C:\Users\MEO\Desktop\Projects\JetEngine\boomsonic_v0\.venv\Lib\site-packages\openmdao\solvers\linesearch\backtracking.py:39: SolverWarning:'OD0.turb.out_stat.balance.T' exceeds lower bounds
  Val: [-234.23704816]
  Lower: [150.]

C:\Users\MEO\Desktop\Projects\JetEngine\boomsonic_v0\.venv\Lib\site-packages\openmdao\solvers\linesearch\backtracking.py:39: SolverWarning:'OD0.turb.out_stat.ps_resid.Ps' exceeds lower bounds
  Val: [-0.00110219]
  Lower: [-0.0009009]

C:\Users\MEO\Desktop\Projects\JetEngine\boomsonic_v0\.venv\Lib\site-packages\pycycle\thermo\static_ps_resid.py:128: RuntimeWarning: invalid value encountered in sqrt
  Vsonic = (i['gamma']*i['R']*i['Ts'])**0.5
C:\Users\MEO\Desktop\Projects\JetEngine\boomsonic_v0\.venv\Lib\site-packages\pycycle\thermo\static_ps_resid.py:128: RuntimeWarning: invalid value encountered in sqrt
  Vsonic = (i['gamma']*i['R']*i['Ts'])**0.5
C:\Users\MEO\Desktop\Projects\JetEngine\boomsonic_v0\.venv\Lib\site-packages\pycycle\elements\turbine.py:89: RuntimeWarning: invalid value encountered in log
  outputs['eff_poly'] = 1 + (S_out-S_in)/(Rt*np.log(invPR))
C:\Users\MEO\Desktop\Projects\JetEngine\boomsonic_v0\.venv\Lib\site-packages\openmdao\solvers\solver.py:819: SolverWarning:Your model has stalled three times and may be violating the bounds. In the future, turn on print_bound_enforce in your solver options here: 
OD0.burner.vitiated_flow.nonlinear_solver.linesearch.options['print_bound_enforce']=True. 
The bound(s) being violated now are:

C:\Users\MEO\Desktop\Projects\JetEngine\boomsonic_v0\.venv\Lib\site-packages\openmdao\solvers\linesearch\backtracking.py:35: SolverWarning:'OD0.burner.vitiated_flow.balance.T' exceeds upper bounds
  Val: [2916.53615801]
  Upper: [2500.]

C:\Users\MEO\Desktop\Projects\JetEngine\boomsonic_v0\.venv\Lib\site-packages\openmdao\solvers\solver.py:819: SolverWarning:Your model has stalled three times and may be violating the bounds. In the future, turn on print_bound_enforce in your solver options here: 
OD0.burner.out_stat.nonlinear_solver.linesearch.options['print_bound_enforce']=True. 
The bound(s) being violated now are:

C:\Users\MEO\Desktop\Projects\JetEngine\boomsonic_v0\.venv\Lib\site-packages\openmdao\solvers\linesearch\backtracking.py:35: SolverWarning:'OD0.burner.out_stat.balance.T' exceeds upper bounds
  Val: [3424.74326663]
  Upper: [2500.]

C:\Users\MEO\Desktop\Projects\JetEngine\boomsonic_v0\.venv\Lib\site-packages\openmdao\solvers\solver.py:819: SolverWarning:Your model has stalled three times and may be violating the bounds. In the future, turn on print_bound_enforce in your solver options here: 
OD0.turb.real_flow_b4bld.nonlinear_solver.linesearch.options['print_bound_enforce']=True. 
The bound(s) being violated now are:

C:\Users\MEO\Desktop\Projects\JetEngine\boomsonic_v0\.venv\Lib\site-packages\openmdao\solvers\linesearch\backtracking.py:35: SolverWarning:'OD0.turb.real_flow_b4bld.balance.T' exceeds upper bounds
  Val: [2633.07227124]
  Upper: [2500.]

C:\Users\MEO\Desktop\Projects\JetEngine\boomsonic_v0\.venv\Lib\site-packages\openmdao\solvers\solver.py:819: SolverWarning:Your model has stalled three times and may be violating the bounds. In the future, turn on print_bound_enforce in your solver options here: 
OD0.turb.real_flow.nonlinear_solver.linesearch.options['print_bound_enforce']=True. 
The bound(s) being violated now are:

C:\Users\MEO\Desktop\Projects\JetEngine\boomsonic_v0\.venv\Lib\site-packages\openmdao\solvers\linesearch\backtracking.py:35: SolverWarning:'OD0.turb.real_flow.balance.T' exceeds upper bounds
  Val: [2633.07227124]
  Upper: [2500.]

C:\Users\MEO\Desktop\Projects\JetEngine\boomsonic_v0\.venv\Lib\site-packages\openmdao\solvers\solver.py:819: SolverWarning:Your model has stalled three times and may be violating the bounds. In the future, turn on print_bound_enforce in your solver options here: 
OD0.turb.out_stat.nonlinear_solver.linesearch.options['print_bound_enforce']=True. 
The bound(s) being violated now are:

C:\Users\MEO\Desktop\Projects\JetEngine\boomsonic_v0\.venv\Lib\site-packages\openmdao\solvers\linesearch\backtracking.py:35: SolverWarning:'OD0.turb.out_stat.balance.T' exceeds upper bounds
  Val: [2717.86780691]
  Upper: [2500.]

C:\Users\MEO\Desktop\Projects\JetEngine\boomsonic_v0\.venv\Lib\site-packages\openmdao\solvers\solver.py:819: SolverWarning:Your model has stalled three times and may be violating the bounds. In the future, turn on print_bound_enforce in your solver options here: 
OD0.nozz.throat_total.nonlinear_solver.linesearch.options['print_bound_enforce']=True. 
The bound(s) being violated now are:

C:\Users\MEO\Desktop\Projects\JetEngine\boomsonic_v0\.venv\Lib\site-packages\openmdao\solvers\linesearch\backtracking.py:35: SolverWarning:'OD0.nozz.throat_total.balance.T' exceeds upper bounds
  Val: [2633.07227124]
  Upper: [2500.]

C:\Users\MEO\Desktop\Projects\JetEngine\boomsonic_v0\.venv\Lib\site-packages\pycycle\thermo\static_ps_resid.py:128: RuntimeWarning: invalid value encountered in sqrt
  Vsonic = (i['gamma']*i['R']*i['Ts'])**0.5
C:\Users\MEO\Desktop\Projects\JetEngine\boomsonic_v0\.venv\Lib\site-packages\pycycle\thermo\static_ps_resid.py:108: RuntimeWarning: invalid value encountered in sqrt
  Vsonic = (i['gamma']*i['R']*i['Ts'])**0.5
C:\Users\MEO\Desktop\Projects\JetEngine\boomsonic_v0\.venv\Lib\site-packages\pycycle\thermo\static_ps_calc.py:32: RuntimeWarning: invalid value encountered in sqrt
  outputs['Vsonic'] = Vsonic = np.sqrt(inputs['gamma'] * inputs['R'] * inputs['Ts'])
C:\Users\MEO\Desktop\Projects\JetEngine\boomsonic_v0\.venv\Lib\site-packages\openmdao\solvers\solver.py:819: SolverWarning:Your model has stalled three times and may be violating the bounds. In the future, turn on print_bound_enforce in your solver options here: 
OD0.burner.vitiated_flow.nonlinear_solver.linesearch.options['print_bound_enforce']=True. 
The bound(s) being violated now are:

C:\Users\MEO\Desktop\Projects\JetEngine\boomsonic_v0\.venv\Lib\site-packages\openmdao\solvers\linesearch\backtracking.py:35: SolverWarning:'OD0.burner.vitiated_flow.balance.T' exceeds upper bounds
  Val: [3868.70762894]
  Upper: [2500.]

C:\Users\MEO\Desktop\Projects\JetEngine\boomsonic_v0\.venv\Lib\site-packages\pycycle\thermo\static_ps_resid.py:128: RuntimeWarning: invalid value encountered in sqrt
  Vsonic = (i['gamma']*i['R']*i['Ts'])**0.5
C:\Users\MEO\Desktop\Projects\JetEngine\boomsonic_v0\.venv\Lib\site-packages\pycycle\thermo\static_ps_resid.py:94: RuntimeWarning: invalid value encountered in sqrt
  f2 = MN - inputs['W']*(R_UNIVERSAL_SI*inputs['Ts'])**0.5/(ps_guess*1.0e6*inputs['area']*gamt**0.5)
C:\Users\MEO\Desktop\Projects\JetEngine\boomsonic_v0\.venv\Lib\site-packages\pycycle\thermo\static_ps_resid.py:99: RuntimeWarning: The iteration is not making good progress, as measured by the 
 improvement from the last ten iterations.
  ps_guess, M_guess = fsolve(equations, (ps_guess, M_guess))
C:\Users\MEO\Desktop\Projects\JetEngine\boomsonic_v0\.venv\Lib\site-packages\openmdao\solvers\solver.py:819: SolverWarning:Your model has stalled three times and may be violating the bounds. In the future, turn on print_bound_enforce in your solver options here: 
OD0.turb.real_flow_b4bld.nonlinear_solver.linesearch.options['print_bound_enforce']=True. 
The bound(s) being violated now are:

C:\Users\MEO\Desktop\Projects\JetEngine\boomsonic_v0\.venv\Lib\site-packages\openmdao\solvers\linesearch\backtracking.py:35: SolverWarning:'OD0.turb.real_flow_b4bld.balance.T' exceeds upper bounds
  Val: [3237.37865814]
  Upper: [2500.]

C:\Users\MEO\Desktop\Projects\JetEngine\boomsonic_v0\.venv\Lib\site-packages\openmdao\solvers\solver.py:819: SolverWarning:Your model has stalled three times and may be violating the bounds. In the future, turn on print_bound_enforce in your solver options here: 
OD0.turb.real_flow.nonlinear_solver.linesearch.options['print_bound_enforce']=True. 
The bound(s) being violated now are:

C:\Users\MEO\Desktop\Projects\JetEngine\boomsonic_v0\.venv\Lib\site-packages\openmdao\solvers\linesearch\backtracking.py:35: SolverWarning:'OD0.turb.real_flow.balance.T' exceeds upper bounds
  Val: [3237.37865814]
  Upper: [2500.]

C:\Users\MEO\Desktop\Projects\JetEngine\boomsonic_v0\.venv\Lib\site-packages\pycycle\thermo\static_ps_resid.py:128: RuntimeWarning: invalid value encountered in sqrt
  Vsonic = (i['gamma']*i['R']*i['Ts'])**0.5
C:\Users\MEO\Desktop\Projects\JetEngine\boomsonic_v0\.venv\Lib\site-packages\pycycle\thermo\static_ps_resid.py:94: RuntimeWarning: invalid value encountered in sqrt
  f2 = MN - inputs['W']*(R_UNIVERSAL_SI*inputs['Ts'])**0.5/(ps_guess*1.0e6*inputs['area']*gamt**0.5)
C:\Users\MEO\Desktop\Projects\JetEngine\boomsonic_v0\.venv\Lib\site-packages\pycycle\thermo\static_ps_resid.py:99: RuntimeWarning: The iteration is not making good progress, as measured by the 
 improvement from the last ten iterations.
  ps_guess, M_guess = fsolve(equations, (ps_guess, M_guess))
C:\Users\MEO\Desktop\Projects\JetEngine\boomsonic_v0\.venv\Lib\site-packages\openmdao\solvers\solver.py:819: SolverWarning:Your model has stalled three times and may be violating the bounds. In the future, turn on print_bound_enforce in your solver options here: 
OD0.nozz.throat_total.nonlinear_solver.linesearch.options['print_bound_enforce']=True. 
The bound(s) being violated now are:

C:\Users\MEO\Desktop\Projects\JetEngine\boomsonic_v0\.venv\Lib\site-packages\openmdao\solvers\linesearch\backtracking.py:35: SolverWarning:'OD0.nozz.throat_total.balance.T' exceeds upper bounds
  Val: [3237.37865814]
  Upper: [2500.]

C:\Users\MEO\Desktop\Projects\JetEngine\boomsonic_v0\.venv\Lib\site-packages\pycycle\thermo\static_ps_resid.py:108: RuntimeWarning: invalid value encountered in sqrt
  Vsonic = (i['gamma']*i['R']*i['Ts'])**0.5
C:\Users\MEO\Desktop\Projects\JetEngine\boomsonic_v0\.venv\Lib\site-packages\pycycle\thermo\static_ps_resid.py:83: RuntimeWarning: invalid value encountered in power
  ps_guess = inputs['guess:Pt'] * (1 + (gamt-1)/2 * inputs['MN']**2)**(-gamt/(gamt-1))
C:\Users\MEO\Desktop\Projects\JetEngine\boomsonic_v0\.venv\Lib\site-packages\pycycle\thermo\static_ps_resid.py:108: RuntimeWarning: invalid value encountered in sqrt
  Vsonic = (i['gamma']*i['R']*i['Ts'])**0.5
C:\Users\MEO\Desktop\Projects\JetEngine\boomsonic_v0\.venv\Lib\site-packages\pycycle\thermo\static_ps_resid.py:108: RuntimeWarning: invalid value encountered in sqrt
  Vsonic = (i['gamma']*i['R']*i['Ts'])**0.5
C:\Users\MEO\Desktop\Projects\JetEngine\boomsonic_v0\.venv\Lib\site-packages\pycycle\thermo\static_ps_calc.py:32: RuntimeWarning: invalid value encountered in sqrt
  outputs['Vsonic'] = Vsonic = np.sqrt(inputs['gamma'] * inputs['R'] * inputs['Ts'])
C:\Users\MEO\Desktop\Projects\JetEngine\boomsonic_v0\.venv\Lib\site-packages\pycycle\thermo\static_ps_resid.py:128: RuntimeWarning: invalid value encountered in sqrt
  Vsonic = (i['gamma']*i['R']*i['Ts'])**0.5
C:\Users\MEO\Desktop\Projects\JetEngine\boomsonic_v0\.venv\Lib\site-packages\pycycle\thermo\static_ps_resid.py:94: RuntimeWarning: invalid value encountered in sqrt
  f2 = MN - inputs['W']*(R_UNIVERSAL_SI*inputs['Ts'])**0.5/(ps_guess*1.0e6*inputs['area']*gamt**0.5)
C:\Users\MEO\Desktop\Projects\JetEngine\boomsonic_v0\.venv\Lib\site-packages\pycycle\thermo\static_ps_resid.py:99: RuntimeWarning: The iteration is not making good progress, as measured by the 
 improvement from the last ten iterations.
  ps_guess, M_guess = fsolve(equations, (ps_guess, M_guess))
C:\Users\MEO\Desktop\Projects\JetEngine\boomsonic_v0\.venv\Lib\site-packages\pycycle\thermo\static_ps_resid.py:83: RuntimeWarning: invalid value encountered in power
  ps_guess = inputs['guess:Pt'] * (1 + (gamt-1)/2 * inputs['MN']**2)**(-gamt/(gamt-1))
C:\Users\MEO\Desktop\Projects\JetEngine\boomsonic_v0\.venv\Lib\site-packages\openmdao\solvers\solver.py:819: SolverWarning:Your model has stalled three times and may be violating the bounds. In the future, turn on print_bound_enforce in your solver options here: 
OD0.burner.vitiated_flow.nonlinear_solver.linesearch.options['print_bound_enforce']=True. 
The bound(s) being violated now are:

C:\Users\MEO\Desktop\Projects\JetEngine\boomsonic_v0\.venv\Lib\site-packages\openmdao\solvers\linesearch\backtracking.py:35: SolverWarning:'OD0.burner.vitiated_flow.balance.T' exceeds upper bounds
  Val: [3868.70762894]
  Upper: [2500.]

C:\Users\MEO\Desktop\Projects\JetEngine\boomsonic_v0\.venv\Lib\site-packages\pycycle\thermo\static_ps_resid.py:128: RuntimeWarning: invalid value encountered in sqrt
  Vsonic = (i['gamma']*i['R']*i['Ts'])**0.5
C:\Users\MEO\Desktop\Projects\JetEngine\boomsonic_v0\.venv\Lib\site-packages\pycycle\thermo\static_ps_resid.py:94: RuntimeWarning: invalid value encountered in sqrt
  f2 = MN - inputs['W']*(R_UNIVERSAL_SI*inputs['Ts'])**0.5/(ps_guess*1.0e6*inputs['area']*gamt**0.5)
C:\Users\MEO\Desktop\Projects\JetEngine\boomsonic_v0\.venv\Lib\site-packages\pycycle\thermo\static_ps_resid.py:99: RuntimeWarning: The iteration is not making good progress, as measured by the 
 improvement from the last ten iterations.
  ps_guess, M_guess = fsolve(equations, (ps_guess, M_guess))
C:\Users\MEO\Desktop\Projects\JetEngine\boomsonic_v0\.venv\Lib\site-packages\openmdao\solvers\solver.py:819: SolverWarning:Your model has stalled three times and may be violating the bounds. In the future, turn on print_bound_enforce in your solver options here: 
OD0.turb.real_flow_b4bld.nonlinear_solver.linesearch.options['print_bound_enforce']=True. 
The bound(s) being violated now are:

C:\Users\MEO\Desktop\Projects\JetEngine\boomsonic_v0\.venv\Lib\site-packages\openmdao\solvers\linesearch\backtracking.py:35: SolverWarning:'OD0.turb.real_flow_b4bld.balance.T' exceeds upper bounds
  Val: [3237.37865814]
  Upper: [2500.]

C:\Users\MEO\Desktop\Projects\JetEngine\boomsonic_v0\.venv\Lib\site-packages\openmdao\solvers\solver.py:819: SolverWarning:Your model has stalled three times and may be violating the bounds. In the future, turn on print_bound_enforce in your solver options here: 
OD0.turb.real_flow.nonlinear_solver.linesearch.options['print_bound_enforce']=True. 
The bound(s) being violated now are:

C:\Users\MEO\Desktop\Projects\JetEngine\boomsonic_v0\.venv\Lib\site-packages\openmdao\solvers\linesearch\backtracking.py:35: SolverWarning:'OD0.turb.real_flow.balance.T' exceeds upper bounds
  Val: [3237.37865814]
  Upper: [2500.]

C:\Users\MEO\Desktop\Projects\JetEngine\boomsonic_v0\.venv\Lib\site-packages\pycycle\thermo\static_ps_resid.py:128: RuntimeWarning: invalid value encountered in sqrt
  Vsonic = (i['gamma']*i['R']*i['Ts'])**0.5
C:\Users\MEO\Desktop\Projects\JetEngine\boomsonic_v0\.venv\Lib\site-packages\pycycle\thermo\static_ps_resid.py:94: RuntimeWarning: invalid value encountered in sqrt
  f2 = MN - inputs['W']*(R_UNIVERSAL_SI*inputs['Ts'])**0.5/(ps_guess*1.0e6*inputs['area']*gamt**0.5)
C:\Users\MEO\Desktop\Projects\JetEngine\boomsonic_v0\.venv\Lib\site-packages\pycycle\thermo\static_ps_resid.py:99: RuntimeWarning: The iteration is not making good progress, as measured by the 
 improvement from the last ten iterations.
  ps_guess, M_guess = fsolve(equations, (ps_guess, M_guess))
C:\Users\MEO\Desktop\Projects\JetEngine\boomsonic_v0\.venv\Lib\site-packages\openmdao\solvers\solver.py:819: SolverWarning:Your model has stalled three times and may be violating the bounds. In the future, turn on print_bound_enforce in your solver options here: 
OD0.nozz.throat_total.nonlinear_solver.linesearch.options['print_bound_enforce']=True. 
The bound(s) being violated now are:

C:\Users\MEO\Desktop\Projects\JetEngine\boomsonic_v0\.venv\Lib\site-packages\openmdao\solvers\linesearch\backtracking.py:35: SolverWarning:'OD0.nozz.throat_total.balance.T' exceeds upper bounds
  Val: [3237.37865814]
  Upper: [2500.]

C:\Users\MEO\Desktop\Projects\JetEngine\boomsonic_v0\.venv\Lib\site-packages\pycycle\thermo\static_ps_resid.py:108: RuntimeWarning: invalid value encountered in sqrt
  Vsonic = (i['gamma']*i['R']*i['Ts'])**0.5
C:\Users\MEO\Desktop\Projects\JetEngine\boomsonic_v0\.venv\Lib\site-packages\pycycle\thermo\static_ps_resid.py:83: RuntimeWarning: invalid value encountered in power
  ps_guess = inputs['guess:Pt'] * (1 + (gamt-1)/2 * inputs['MN']**2)**(-gamt/(gamt-1))
C:\Users\MEO\Desktop\Projects\JetEngine\boomsonic_v0\.venv\Lib\site-packages\pycycle\thermo\static_ps_calc.py:32: RuntimeWarning: invalid value encountered in sqrt
  outputs['Vsonic'] = Vsonic = np.sqrt(inputs['gamma'] * inputs['R'] * inputs['Ts'])
C:\Users\MEO\Desktop\Projects\JetEngine\boomsonic_v0\.venv\Lib\site-packages\pycycle\thermo\static_ps_resid.py:128: RuntimeWarning: invalid value encountered in sqrt
  Vsonic = (i['gamma']*i['R']*i['Ts'])**0.5
C:\Users\MEO\Desktop\Projects\JetEngine\boomsonic_v0\.venv\Lib\site-packages\pycycle\thermo\static_ps_resid.py:94: RuntimeWarning: invalid value encountered in sqrt
  f2 = MN - inputs['W']*(R_UNIVERSAL_SI*inputs['Ts'])**0.5/(ps_guess*1.0e6*inputs['area']*gamt**0.5)
C:\Users\MEO\Desktop\Projects\JetEngine\boomsonic_v0\.venv\Lib\site-packages\pycycle\thermo\static_ps_resid.py:99: RuntimeWarning: The iteration is not making good progress, as measured by the 
 improvement from the last ten iterations.
  ps_guess, M_guess = fsolve(equations, (ps_guess, M_guess))
C:\Users\MEO\Desktop\Projects\JetEngine\boomsonic_v0\.venv\Lib\site-packages\openmdao\solvers\solver.py:819: SolverWarning:Your model has stalled three times and may be violating the bounds. In the future, turn on print_bound_enforce in your solver options here: 
OD0.burner.vitiated_flow.nonlinear_solver.linesearch.options['print_bound_enforce']=True. 
The bound(s) being violated now are:

C:\Users\MEO\Desktop\Projects\JetEngine\boomsonic_v0\.venv\Lib\site-packages\openmdao\solvers\linesearch\backtracking.py:35: SolverWarning:'OD0.burner.vitiated_flow.balance.T' exceeds upper bounds
  Val: [3868.70762894]
  Upper: [2500.]

C:\Users\MEO\Desktop\Projects\JetEngine\boomsonic_v0\.venv\Lib\site-packages\pycycle\thermo\static_ps_resid.py:128: RuntimeWarning: invalid value encountered in sqrt
  Vsonic = (i['gamma']*i['R']*i['Ts'])**0.5
C:\Users\MEO\Desktop\Projects\JetEngine\boomsonic_v0\.venv\Lib\site-packages\pycycle\thermo\static_ps_resid.py:94: RuntimeWarning: invalid value encountered in sqrt
  f2 = MN - inputs['W']*(R_UNIVERSAL_SI*inputs['Ts'])**0.5/(ps_guess*1.0e6*inputs['area']*gamt**0.5)
C:\Users\MEO\Desktop\Projects\JetEngine\boomsonic_v0\.venv\Lib\site-packages\pycycle\thermo\static_ps_resid.py:99: RuntimeWarning: The iteration is not making good progress, as measured by the 
 improvement from the last ten iterations.
  ps_guess, M_guess = fsolve(equations, (ps_guess, M_guess))
C:\Users\MEO\Desktop\Projects\JetEngine\boomsonic_v0\.venv\Lib\site-packages\openmdao\solvers\solver.py:819: SolverWarning:Your model has stalled three times and may be violating the bounds. In the future, turn on print_bound_enforce in your solver options here: 
OD0.turb.real_flow_b4bld.nonlinear_solver.linesearch.options['print_bound_enforce']=True. 
The bound(s) being violated now are:

C:\Users\MEO\Desktop\Projects\JetEngine\boomsonic_v0\.venv\Lib\site-packages\openmdao\solvers\linesearch\backtracking.py:35: SolverWarning:'OD0.turb.real_flow_b4bld.balance.T' exceeds upper bounds
  Val: [3237.37865814]
  Upper: [2500.]

C:\Users\MEO\Desktop\Projects\JetEngine\boomsonic_v0\.venv\Lib\site-packages\openmdao\solvers\solver.py:819: SolverWarning:Your model has stalled three times and may be violating the bounds. In the future, turn on print_bound_enforce in your solver options here: 
OD0.turb.real_flow.nonlinear_solver.linesearch.options['print_bound_enforce']=True. 
The bound(s) being violated now are:

C:\Users\MEO\Desktop\Projects\JetEngine\boomsonic_v0\.venv\Lib\site-packages\openmdao\solvers\linesearch\backtracking.py:35: SolverWarning:'OD0.turb.real_flow.balance.T' exceeds upper bounds
  Val: [3237.37865814]
  Upper: [2500.]

C:\Users\MEO\Desktop\Projects\JetEngine\boomsonic_v0\.venv\Lib\site-packages\pycycle\thermo\static_ps_resid.py:128: RuntimeWarning: invalid value encountered in sqrt
  Vsonic = (i['gamma']*i['R']*i['Ts'])**0.5
C:\Users\MEO\Desktop\Projects\JetEngine\boomsonic_v0\.venv\Lib\site-packages\pycycle\thermo\static_ps_resid.py:94: RuntimeWarning: invalid value encountered in sqrt
  f2 = MN - inputs['W']*(R_UNIVERSAL_SI*inputs['Ts'])**0.5/(ps_guess*1.0e6*inputs['area']*gamt**0.5)
C:\Users\MEO\Desktop\Projects\JetEngine\boomsonic_v0\.venv\Lib\site-packages\pycycle\thermo\static_ps_resid.py:99: RuntimeWarning: The iteration is not making good progress, as measured by the 
 improvement from the last ten iterations.
  ps_guess, M_guess = fsolve(equations, (ps_guess, M_guess))
C:\Users\MEO\Desktop\Projects\JetEngine\boomsonic_v0\.venv\Lib\site-packages\openmdao\solvers\solver.py:819: SolverWarning:Your model has stalled three times and may be violating the bounds. In the future, turn on print_bound_enforce in your solver options here: 
OD0.nozz.throat_total.nonlinear_solver.linesearch.options['print_bound_enforce']=True. 
The bound(s) being violated now are:

C:\Users\MEO\Desktop\Projects\JetEngine\boomsonic_v0\.venv\Lib\site-packages\openmdao\solvers\linesearch\backtracking.py:35: SolverWarning:'OD0.nozz.throat_total.balance.T' exceeds upper bounds
  Val: [3237.37865814]
  Upper: [2500.]

C:\Users\MEO\Desktop\Projects\JetEngine\boomsonic_v0\.venv\Lib\site-packages\pycycle\thermo\static_ps_resid.py:108: RuntimeWarning: invalid value encountered in sqrt
  Vsonic = (i['gamma']*i['R']*i['Ts'])**0.5
C:\Users\MEO\Desktop\Projects\JetEngine\boomsonic_v0\.venv\Lib\site-packages\pycycle\thermo\static_ps_resid.py:83: RuntimeWarning: invalid value encountered in power
  ps_guess = inputs['guess:Pt'] * (1 + (gamt-1)/2 * inputs['MN']**2)**(-gamt/(gamt-1))
C:\Users\MEO\Desktop\Projects\JetEngine\boomsonic_v0\.venv\Lib\site-packages\pycycle\thermo\static_ps_calc.py:32: RuntimeWarning: invalid value encountered in sqrt
  outputs['Vsonic'] = Vsonic = np.sqrt(inputs['gamma'] * inputs['R'] * inputs['Ts'])
C:\Users\MEO\Desktop\Projects\JetEngine\boomsonic_v0\.venv\Lib\site-packages\pycycle\thermo\static_ps_resid.py:128: RuntimeWarning: invalid value encountered in sqrt
  Vsonic = (i['gamma']*i['R']*i['Ts'])**0.5
C:\Users\MEO\Desktop\Projects\JetEngine\boomsonic_v0\.venv\Lib\site-packages\pycycle\thermo\static_ps_resid.py:94: RuntimeWarning: invalid value encountered in sqrt
  f2 = MN - inputs['W']*(R_UNIVERSAL_SI*inputs['Ts'])**0.5/(ps_guess*1.0e6*inputs['area']*gamt**0.5)
C:\Users\MEO\Desktop\Projects\JetEngine\boomsonic_v0\.venv\Lib\site-packages\pycycle\thermo\static_ps_resid.py:99: RuntimeWarning: The iteration is not making good progress, as measured by the 
 improvement from the last ten iterations.
  ps_guess, M_guess = fsolve(equations, (ps_guess, M_guess))
C:\Users\MEO\Desktop\Projects\JetEngine\boomsonic_v0\.venv\Lib\site-packages\pycycle\thermo\static_ps_resid.py:128: RuntimeWarning: invalid value encountered in sqrt
  Vsonic = (i['gamma']*i['R']*i['Ts'])**0.5
C:\Users\MEO\Desktop\Projects\JetEngine\boomsonic_v0\.venv\Lib\site-packages\pycycle\thermo\static_ps_resid.py:128: RuntimeWarning: invalid value encountered in sqrt
  Vsonic = (i['gamma']*i['R']*i['Ts'])**0.5
C:\Users\MEO\Desktop\Projects\JetEngine\boomsonic_v0\.venv\Lib\site-packages\pycycle\thermo\static_ps_resid.py:108: RuntimeWarning: invalid value encountered in sqrt
  Vsonic = (i['gamma']*i['R']*i['Ts'])**0.5
C:\Users\MEO\Desktop\Projects\JetEngine\boomsonic_v0\.venv\Lib\site-packages\pycycle\elements\turbine.py:40: RuntimeWarning: invalid value encountered in sqrt
  outputs['Wp'] = inputs['W_in'] * inputs['Tt']**0.5 / inputs['Pt']
C:\Users\MEO\Desktop\Projects\JetEngine\boomsonic_v0\.venv\Lib\site-packages\pycycle\elements\turbine.py:41: RuntimeWarning: invalid value encountered in power
  outputs['Np'] = inputs['Nmech'] * inputs['Tt']**-0.5
C:\Users\MEO\Desktop\Projects\JetEngine\boomsonic_v0\.venv\Lib\site-packages\openmdao\solvers\solver.py:819: SolverWarning:Your model has stalled three times and may be violating the bounds. In the future, turn on print_bound_enforce in your solver options here: 
OD0.comp.real_flow.nonlinear_solver.linesearch.options['print_bound_enforce']=True. 
The bound(s) being violated now are:

C:\Users\MEO\Desktop\Projects\JetEngine\boomsonic_v0\.venv\Lib\site-packages\openmdao\solvers\linesearch\backtracking.py:39: SolverWarning:'OD0.comp.real_flow.balance.T' exceeds lower bounds
  Val: [124.52553454]
  Lower: [150.]

C:\Users\MEO\Desktop\Projects\JetEngine\boomsonic_v0\.venv\Lib\site-packages\openmdao\solvers\solver.py:819: SolverWarning:Your model has stalled three times and may be violating the bounds. In the future, turn on print_bound_enforce in your solver options here: 
OD0.comp.out_stat.nonlinear_solver.linesearch.options['print_bound_enforce']=True. 
The bound(s) being violated now are:

C:\Users\MEO\Desktop\Projects\JetEngine\boomsonic_v0\.venv\Lib\site-packages\openmdao\solvers\linesearch\backtracking.py:39: SolverWarning:'OD0.comp.out_stat.balance.T' exceeds lower bounds
  Val: [124.52123074]
  Lower: [150.]

C:\Users\MEO\Desktop\Projects\JetEngine\boomsonic_v0\.venv\Lib\site-packages\openmdao\solvers\solver.py:819: SolverWarning:Your model has stalled three times and may be violating the bounds. In the future, turn on print_bound_enforce in your solver options here: 
OD0.burner.vitiated_flow.nonlinear_solver.linesearch.options['print_bound_enforce']=True. 
The bound(s) being violated now are:

C:\Users\MEO\Desktop\Projects\JetEngine\boomsonic_v0\.venv\Lib\site-packages\openmdao\solvers\linesearch\backtracking.py:39: SolverWarning:'OD0.burner.vitiated_flow.balance.T' exceeds lower bounds
  Val: [129.00858639]
  Lower: [150.]

C:\Users\MEO\Desktop\Projects\JetEngine\boomsonic_v0\.venv\Lib\site-packages\openmdao\solvers\solver.py:819: SolverWarning:Your model has stalled three times and may be violating the bounds. In the future, turn on print_bound_enforce in your solver options here: 
OD0.burner.out_stat.nonlinear_solver.linesearch.options['print_bound_enforce']=True. 
The bound(s) being violated now are:

C:\Users\MEO\Desktop\Projects\JetEngine\boomsonic_v0\.venv\Lib\site-packages\openmdao\solvers\linesearch\backtracking.py:39: SolverWarning:'OD0.burner.out_stat.balance.T' exceeds lower bounds
  Val: [129.00792845]
  Lower: [150.]

C:\Users\MEO\Desktop\Projects\JetEngine\boomsonic_v0\.venv\Lib\site-packages\openmdao\solvers\solver.py:819: SolverWarning:Your model has stalled three times and may be violating the bounds. In the future, turn on print_bound_enforce in your solver options here: 
OD0.turb.ideal_flow.nonlinear_solver.linesearch.options['print_bound_enforce']=True. 
The bound(s) being violated now are:

C:\Users\MEO\Desktop\Projects\JetEngine\boomsonic_v0\.venv\Lib\site-packages\openmdao\solvers\linesearch\backtracking.py:39: SolverWarning:'OD0.turb.ideal_flow.balance.T' exceeds lower bounds
  Val: [101.10476815]
  Lower: [150.]

C:\Users\MEO\Desktop\Projects\JetEngine\boomsonic_v0\.venv\Lib\site-packages\openmdao\solvers\solver.py:819: SolverWarning:Your model has stalled three times and may be violating the bounds. In the future, turn on print_bound_enforce in your solver options here: 
OD0.turb.real_flow_b4bld.nonlinear_solver.linesearch.options['print_bound_enforce']=True. 
The bound(s) being violated now are:

C:\Users\MEO\Desktop\Projects\JetEngine\boomsonic_v0\.venv\Lib\site-packages\openmdao\solvers\linesearch\backtracking.py:39: SolverWarning:'OD0.turb.real_flow_b4bld.balance.T' exceeds lower bounds
  Val: [138.56232414]
  Lower: [150.]

C:\Users\MEO\Desktop\Projects\JetEngine\boomsonic_v0\.venv\Lib\site-packages\openmdao\solvers\solver.py:819: SolverWarning:Your model has stalled three times and may be violating the bounds. In the future, turn on print_bound_enforce in your solver options here: 
OD0.turb.real_flow.nonlinear_solver.linesearch.options['print_bound_enforce']=True. 
The bound(s) being violated now are:

C:\Users\MEO\Desktop\Projects\JetEngine\boomsonic_v0\.venv\Lib\site-packages\openmdao\solvers\linesearch\backtracking.py:39: SolverWarning:'OD0.turb.real_flow.balance.T' exceeds lower bounds
  Val: [138.56232414]
  Lower: [150.]

C:\Users\MEO\Desktop\Projects\JetEngine\boomsonic_v0\.venv\Lib\site-packages\openmdao\solvers\solver.py:819: SolverWarning:Your model has stalled three times and may be violating the bounds. In the future, turn on print_bound_enforce in your solver options here: 
OD0.turb.out_stat.nonlinear_solver.linesearch.options['print_bound_enforce']=True. 
The bound(s) being violated now are:

C:\Users\MEO\Desktop\Projects\JetEngine\boomsonic_v0\.venv\Lib\site-packages\openmdao\solvers\linesearch\backtracking.py:39: SolverWarning:'OD0.turb.out_stat.balance.T' exceeds lower bounds
  Val: [138.5532219]
  Lower: [150.]

C:\Users\MEO\Desktop\Projects\JetEngine\boomsonic_v0\.venv\Lib\site-packages\openmdao\solvers\solver.py:819: SolverWarning:Your model has stalled three times and may be violating the bounds. In the future, turn on print_bound_enforce in your solver options here: 
OD0.nozz.throat_total.nonlinear_solver.linesearch.options['print_bound_enforce']=True. 
The bound(s) being violated now are:

C:\Users\MEO\Desktop\Projects\JetEngine\boomsonic_v0\.venv\Lib\site-packages\openmdao\solvers\linesearch\backtracking.py:39: SolverWarning:'OD0.nozz.throat_total.balance.T' exceeds lower bounds
  Val: [138.56232414]
  Lower: [150.]

C:\Users\MEO\Desktop\Projects\JetEngine\boomsonic_v0\.venv\Lib\site-packages\openmdao\solvers\solver.py:819: SolverWarning:Your model has stalled three times and may be violating the bounds. In the future, turn on print_bound_enforce in your solver options here: 
OD0.nozz.staticMN.nonlinear_solver.linesearch.options['print_bound_enforce']=True. 
The bound(s) being violated now are:

C:\Users\MEO\Desktop\Projects\JetEngine\boomsonic_v0\.venv\Lib\site-packages\openmdao\solvers\linesearch\backtracking.py:39: SolverWarning:'OD0.nozz.staticMN.balance.T' exceeds lower bounds
  Val: [115.47540683]
  Lower: [150.]

C:\Users\MEO\Desktop\Projects\JetEngine\boomsonic_v0\.venv\Lib\site-packages\openmdao\solvers\solver.py:819: SolverWarning:Your model has stalled three times and may be violating the bounds. In the future, turn on print_bound_enforce in your solver options here: 
OD0.nozz.staticPs.nonlinear_solver.linesearch.options['print_bound_enforce']=True. 
The bound(s) being violated now are:

C:\Users\MEO\Desktop\Projects\JetEngine\boomsonic_v0\.venv\Lib\site-packages\openmdao\solvers\linesearch\backtracking.py:39: SolverWarning:'OD0.nozz.staticPs.balance.T' exceeds lower bounds
  Val: [149.99995876]
  Lower: [150.]

C:\Users\MEO\Desktop\Projects\JetEngine\boomsonic_v0\.venv\Lib\site-packages\openmdao\solvers\solver.py:819: SolverWarning:Your model has stalled three times and may be violating the bounds. In the future, turn on print_bound_enforce in your solver options here: 
OD0.nozz.ideal_flow.nonlinear_solver.linesearch.options['print_bound_enforce']=True. 
The bound(s) being violated now are:

C:\Users\MEO\Desktop\Projects\JetEngine\boomsonic_v0\.venv\Lib\site-packages\openmdao\solvers\linesearch\backtracking.py:39: SolverWarning:'OD0.nozz.ideal_flow.balance.T' exceeds lower bounds
  Val: [149.99995876]
  Lower: [150.]

C:\Users\MEO\Desktop\Projects\JetEngine\boomsonic_v0\.venv\Lib\site-packages\openmdao\solvers\solver.py:819: SolverWarning:Your model has stalled three times and may be violating the bounds. In the future, turn on print_bound_enforce in your solver options here: 
OD0.comp.real_flow.nonlinear_solver.linesearch.options['print_bound_enforce']=True. 
The bound(s) being violated now are:

C:\Users\MEO\Desktop\Projects\JetEngine\boomsonic_v0\.venv\Lib\site-packages\openmdao\solvers\linesearch\backtracking.py:39: SolverWarning:'OD0.comp.real_flow.balance.T' exceeds lower bounds
  Val: [66.06298396]
  Lower: [150.]

C:\Users\MEO\Desktop\Projects\JetEngine\boomsonic_v0\.venv\Lib\site-packages\openmdao\solvers\solver.py:819: SolverWarning:Your model has stalled three times and may be violating the bounds. In the future, turn on print_bound_enforce in your solver options here: 
OD0.comp.out_stat.nonlinear_solver.linesearch.options['print_bound_enforce']=True. 
The bound(s) being violated now are:

C:\Users\MEO\Desktop\Projects\JetEngine\boomsonic_v0\.venv\Lib\site-packages\openmdao\solvers\linesearch\backtracking.py:39: SolverWarning:'OD0.comp.out_stat.balance.T' exceeds lower bounds
  Val: [65.97762027]
  Lower: [150.]

C:\Users\MEO\Desktop\Projects\JetEngine\boomsonic_v0\.venv\Lib\site-packages\openmdao\solvers\solver.py:819: SolverWarning:Your model has stalled three times and may be violating the bounds. In the future, turn on print_bound_enforce in your solver options here: 
OD0.burner.vitiated_flow.nonlinear_solver.linesearch.options['print_bound_enforce']=True. 
The bound(s) being violated now are:

C:\Users\MEO\Desktop\Projects\JetEngine\boomsonic_v0\.venv\Lib\site-packages\openmdao\solvers\linesearch\backtracking.py:35: SolverWarning:'OD0.burner.vitiated_flow.balance.T' exceeds upper bounds
  Val: [3091.73144652]
  Upper: [2500.]

C:\Users\MEO\Desktop\Projects\JetEngine\boomsonic_v0\.venv\Lib\site-packages\openmdao\solvers\solver.py:819: SolverWarning:Your model has stalled three times and may be violating the bounds. In the future, turn on print_bound_enforce in your solver options here: 
OD0.burner.out_stat.nonlinear_solver.linesearch.options['print_bound_enforce']=True. 
The bound(s) being violated now are:

C:\Users\MEO\Desktop\Projects\JetEngine\boomsonic_v0\.venv\Lib\site-packages\openmdao\solvers\linesearch\backtracking.py:35: SolverWarning:'OD0.burner.out_stat.balance.T' exceeds upper bounds
  Val: [4826.09496481]
  Upper: [2500.]

C:\Users\MEO\Desktop\Projects\JetEngine\boomsonic_v0\.venv\Lib\site-packages\openmdao\solvers\linesearch\backtracking.py:39: SolverWarning:'OD0.burner.out_stat.ps_resid.MN' exceeds lower bounds
  Val: [-0.00380221]
  Lower: [0.001]

C:\Users\MEO\Desktop\Projects\JetEngine\boomsonic_v0\.venv\Lib\site-packages\openmdao\solvers\solver.py:819: SolverWarning:Your model has stalled three times and may be violating the bounds. In the future, turn on print_bound_enforce in your solver options here: 
OD0.turb.real_flow_b4bld.nonlinear_solver.linesearch.options['print_bound_enforce']=True. 
The bound(s) being violated now are:

C:\Users\MEO\Desktop\Projects\JetEngine\boomsonic_v0\.venv\Lib\site-packages\openmdao\solvers\linesearch\backtracking.py:35: SolverWarning:'OD0.turb.real_flow_b4bld.balance.T' exceeds upper bounds
  Val: [2544.56567857]
  Upper: [2500.]

C:\Users\MEO\Desktop\Projects\JetEngine\boomsonic_v0\.venv\Lib\site-packages\openmdao\solvers\solver.py:819: SolverWarning:Your model has stalled three times and may be violating the bounds. In the future, turn on print_bound_enforce in your solver options here: 
OD0.turb.real_flow.nonlinear_solver.linesearch.options['print_bound_enforce']=True. 
The bound(s) being violated now are:

C:\Users\MEO\Desktop\Projects\JetEngine\boomsonic_v0\.venv\Lib\site-packages\openmdao\solvers\linesearch\backtracking.py:35: SolverWarning:'OD0.turb.real_flow.balance.T' exceeds upper bounds
  Val: [2544.56567857]
  Upper: [2500.]

C:\Users\MEO\Desktop\Projects\JetEngine\boomsonic_v0\.venv\Lib\site-packages\openmdao\solvers\solver.py:819: SolverWarning:Your model has stalled three times and may be violating the bounds. In the future, turn on print_bound_enforce in your solver options here: 
OD0.nozz.throat_total.nonlinear_solver.linesearch.options['print_bound_enforce']=True. 
The bound(s) being violated now are:

C:\Users\MEO\Desktop\Projects\JetEngine\boomsonic_v0\.venv\Lib\site-packages\openmdao\solvers\linesearch\backtracking.py:35: SolverWarning:'OD0.nozz.throat_total.balance.T' exceeds upper bounds
  Val: [2544.56567857]
  Upper: [2500.]

C:\Users\MEO\Desktop\Projects\JetEngine\boomsonic_v0\.venv\Lib\site-packages\openmdao\solvers\solver.py:819: SolverWarning:Your model has stalled three times and may be violating the bounds. In the future, turn on print_bound_enforce in your solver options here: 
OD0.nozz.staticMN.nonlinear_solver.linesearch.options['print_bound_enforce']=True. 
The bound(s) being violated now are:

C:\Users\MEO\Desktop\Projects\JetEngine\boomsonic_v0\.venv\Lib\site-packages\openmdao\solvers\linesearch\backtracking.py:35: SolverWarning:'OD0.nozz.staticMN.balance.T' exceeds upper bounds
  Val: [2519.26579719]
  Upper: [2500.]

C:\Users\MEO\Desktop\Projects\JetEngine\boomsonic_v0\.venv\Lib\site-packages\openmdao\solvers\solver.py:819: SolverWarning:Your model has stalled three times and may be violating the bounds. In the future, turn on print_bound_enforce in your solver options here: 
OD0.nozz.staticMN.nonlinear_solver.linesearch.options['print_bound_enforce']=True. 
The bound(s) being violated now are:

C:\Users\MEO\Desktop\Projects\JetEngine\boomsonic_v0\.venv\Lib\site-packages\openmdao\solvers\linesearch\backtracking.py:35: SolverWarning:'OD0.nozz.staticMN.balance.T' exceeds upper bounds
  Val: [2519.26579719]
  Upper: [2500.]

C:\Users\MEO\Desktop\Projects\JetEngine\boomsonic_v0\.venv\Lib\site-packages\pycycle\thermo\static_ps_resid.py:128: RuntimeWarning: invalid value encountered in sqrt
  Vsonic = (i['gamma']*i['R']*i['Ts'])**0.5
C:\Users\MEO\Desktop\Projects\JetEngine\boomsonic_v0\.venv\Lib\site-packages\pycycle\elements\turbine.py:89: RuntimeWarning: invalid value encountered in log
  outputs['eff_poly'] = 1 + (S_out-S_in)/(Rt*np.log(invPR))
C:\Users\MEO\Desktop\Projects\JetEngine\boomsonic_v0\.venv\Lib\site-packages\openmdao\solvers\solver.py:819: SolverWarning:Your model has stalled three times and may be violating the bounds. In the future, turn on print_bound_enforce in your solver options here: 
OD0.comp.real_flow.nonlinear_solver.linesearch.options['print_bound_enforce']=True. 
The bound(s) being violated now are:

C:\Users\MEO\Desktop\Projects\JetEngine\boomsonic_v0\.venv\Lib\site-packages\openmdao\solvers\linesearch\backtracking.py:39: SolverWarning:'OD0.comp.real_flow.balance.T' exceeds lower bounds
  Val: [-209.16287344]
  Lower: [150.]

C:\Users\MEO\Desktop\Projects\JetEngine\boomsonic_v0\.venv\Lib\site-packages\openmdao\solvers\solver.py:819: SolverWarning:Your model has stalled three times and may be violating the bounds. In the future, turn on print_bound_enforce in your solver options here: 
OD0.comp.sb_flow.nonlinear_solver.linesearch.options['print_bound_enforce']=True. 
The bound(s) being violated now are:

C:\Users\MEO\Desktop\Projects\JetEngine\boomsonic_v0\.venv\Lib\site-packages\openmdao\solvers\linesearch\backtracking.py:39: SolverWarning:'OD0.comp.sb_flow.balance.T' exceeds lower bounds
  Val: [41.05220403]
  Lower: [150.]

C:\Users\MEO\Desktop\Projects\JetEngine\boomsonic_v0\.venv\Lib\site-packages\pycycle\thermo\static_ps_resid.py:128: RuntimeWarning: invalid value encountered in sqrt
  Vsonic = (i['gamma']*i['R']*i['Ts'])**0.5
C:\Users\MEO\Desktop\Projects\JetEngine\boomsonic_v0\.venv\Lib\site-packages\openmdao\solvers\solver.py:819: SolverWarning:Your model has stalled three times and may be violating the bounds. In the future, turn on print_bound_enforce in your solver options here: 
OD0.burner.vitiated_flow.nonlinear_solver.linesearch.options['print_bound_enforce']=True. 
The bound(s) being violated now are:

C:\Users\MEO\Desktop\Projects\JetEngine\boomsonic_v0\.venv\Lib\site-packages\openmdao\solvers\linesearch\backtracking.py:35: SolverWarning:'OD0.burner.vitiated_flow.balance.T' exceeds upper bounds
  Val: [3751.69117871]
  Upper: [2500.]

C:\Users\MEO\Desktop\Projects\JetEngine\boomsonic_v0\.venv\Lib\site-packages\pycycle\thermo\static_ps_resid.py:128: RuntimeWarning: invalid value encountered in sqrt
  Vsonic = (i['gamma']*i['R']*i['Ts'])**0.5
C:\Users\MEO\Desktop\Projects\JetEngine\boomsonic_v0\.venv\Lib\site-packages\pycycle\thermo\static_ps_resid.py:98: RuntimeWarning: invalid value encountered in power
  ps_guess = inputs['guess:Pt'] * (1 + (gamt-1)/2 * M_guess**2)**(-gamt/(gamt-1))
C:\Users\MEO\Desktop\Projects\JetEngine\boomsonic_v0\.venv\Lib\site-packages\pycycle\thermo\static_ps_resid.py:93: RuntimeWarning: invalid value encountered in power
  f1 = ps - inputs['guess:Pt'] * (1 + (gamt-1)/2 * M_guess**2)**(-gamt/(gamt-1))
C:\Users\MEO\Desktop\Projects\JetEngine\boomsonic_v0\.venv\Lib\site-packages\pycycle\thermo\static_ps_resid.py:94: RuntimeWarning: invalid value encountered in sqrt
  f2 = MN - inputs['W']*(R_UNIVERSAL_SI*inputs['Ts'])**0.5/(ps_guess*1.0e6*inputs['area']*gamt**0.5)
C:\Users\MEO\Desktop\Projects\JetEngine\boomsonic_v0\.venv\Lib\site-packages\pycycle\thermo\static_ps_resid.py:99: RuntimeWarning: The iteration is not making good progress, as measured by the 
 improvement from the last ten iterations.
  ps_guess, M_guess = fsolve(equations, (ps_guess, M_guess))
C:\Users\MEO\Desktop\Projects\JetEngine\boomsonic_v0\.venv\Lib\site-packages\pycycle\thermo\static_ps_resid.py:128: RuntimeWarning: invalid value encountered in sqrt
  Vsonic = (i['gamma']*i['R']*i['Ts'])**0.5
C:\Users\MEO\Desktop\Projects\JetEngine\boomsonic_v0\.venv\Lib\site-packages\openmdao\solvers\solver.py:819: SolverWarning:Your model has stalled three times and may be violating the bounds. In the future, turn on print_bound_enforce in your solver options here: 
OD0.turb.real_flow_b4bld.nonlinear_solver.linesearch.options['print_bound_enforce']=True. 
The bound(s) being violated now are:

C:\Users\MEO\Desktop\Projects\JetEngine\boomsonic_v0\.venv\Lib\site-packages\openmdao\solvers\linesearch\backtracking.py:35: SolverWarning:'OD0.turb.real_flow_b4bld.balance.T' exceeds upper bounds
  Val: [2905.63532621]
  Upper: [2500.]

C:\Users\MEO\Desktop\Projects\JetEngine\boomsonic_v0\.venv\Lib\site-packages\openmdao\solvers\solver.py:819: SolverWarning:Your model has stalled three times and may be violating the bounds. In the future, turn on print_bound_enforce in your solver options here: 
OD0.turb.real_flow.nonlinear_solver.linesearch.options['print_bound_enforce']=True. 
The bound(s) being violated now are:

C:\Users\MEO\Desktop\Projects\JetEngine\boomsonic_v0\.venv\Lib\site-packages\openmdao\solvers\linesearch\backtracking.py:35: SolverWarning:'OD0.turb.real_flow.balance.T' exceeds upper bounds
  Val: [2905.63532621]
  Upper: [2500.]

C:\Users\MEO\Desktop\Projects\JetEngine\boomsonic_v0\.venv\Lib\site-packages\pycycle\thermo\static_ps_resid.py:128: RuntimeWarning: invalid value encountered in sqrt
  Vsonic = (i['gamma']*i['R']*i['Ts'])**0.5
C:\Users\MEO\Desktop\Projects\JetEngine\boomsonic_v0\.venv\Lib\site-packages\pycycle\thermo\static_ps_resid.py:98: RuntimeWarning: invalid value encountered in power
  ps_guess = inputs['guess:Pt'] * (1 + (gamt-1)/2 * M_guess**2)**(-gamt/(gamt-1))
C:\Users\MEO\Desktop\Projects\JetEngine\boomsonic_v0\.venv\Lib\site-packages\pycycle\thermo\static_ps_resid.py:93: RuntimeWarning: invalid value encountered in power
  f1 = ps - inputs['guess:Pt'] * (1 + (gamt-1)/2 * M_guess**2)**(-gamt/(gamt-1))
C:\Users\MEO\Desktop\Projects\JetEngine\boomsonic_v0\.venv\Lib\site-packages\pycycle\thermo\static_ps_resid.py:94: RuntimeWarning: invalid value encountered in sqrt
  f2 = MN - inputs['W']*(R_UNIVERSAL_SI*inputs['Ts'])**0.5/(ps_guess*1.0e6*inputs['area']*gamt**0.5)
C:\Users\MEO\Desktop\Projects\JetEngine\boomsonic_v0\.venv\Lib\site-packages\pycycle\thermo\static_ps_resid.py:99: RuntimeWarning: The iteration is not making good progress, as measured by the 
 improvement from the last ten iterations.
  ps_guess, M_guess = fsolve(equations, (ps_guess, M_guess))
C:\Users\MEO\Desktop\Projects\JetEngine\boomsonic_v0\.venv\Lib\site-packages\openmdao\solvers\solver.py:819: SolverWarning:Your model has stalled three times and may be violating the bounds. In the future, turn on print_bound_enforce in your solver options here: 
OD0.nozz.throat_total.nonlinear_solver.linesearch.options['print_bound_enforce']=True. 
The bound(s) being violated now are:

C:\Users\MEO\Desktop\Projects\JetEngine\boomsonic_v0\.venv\Lib\site-packages\openmdao\solvers\linesearch\backtracking.py:35: SolverWarning:'OD0.nozz.throat_total.balance.T' exceeds upper bounds
  Val: [2905.63532621]
  Upper: [2500.]

C:\Users\MEO\Desktop\Projects\JetEngine\boomsonic_v0\.venv\Lib\site-packages\pycycle\thermo\static_ps_resid.py:83: RuntimeWarning: invalid value encountered in power
  ps_guess = inputs['guess:Pt'] * (1 + (gamt-1)/2 * inputs['MN']**2)**(-gamt/(gamt-1))
C:\Users\MEO\Desktop\Projects\JetEngine\boomsonic_v0\.venv\Lib\site-packages\pycycle\thermo\static_ps_resid.py:108: RuntimeWarning: invalid value encountered in sqrt
  Vsonic = (i['gamma']*i['R']*i['Ts'])**0.5
C:\Users\MEO\Desktop\Projects\JetEngine\boomsonic_v0\.venv\Lib\site-packages\pycycle\thermo\static_ps_calc.py:32: RuntimeWarning: invalid value encountered in sqrt
  outputs['Vsonic'] = Vsonic = np.sqrt(inputs['gamma'] * inputs['R'] * inputs['Ts'])
C:\Users\MEO\Desktop\Projects\JetEngine\boomsonic_v0\.venv\Lib\site-packages\pycycle\thermo\static_ps_resid.py:128: RuntimeWarning: invalid value encountered in sqrt
  Vsonic = (i['gamma']*i['R']*i['Ts'])**0.5
C:\Users\MEO\Desktop\Projects\JetEngine\boomsonic_v0\.venv\Lib\site-packages\pycycle\thermo\static_ps_resid.py:98: RuntimeWarning: invalid value encountered in power
  ps_guess = inputs['guess:Pt'] * (1 + (gamt-1)/2 * M_guess**2)**(-gamt/(gamt-1))
C:\Users\MEO\Desktop\Projects\JetEngine\boomsonic_v0\.venv\Lib\site-packages\pycycle\thermo\static_ps_resid.py:93: RuntimeWarning: invalid value encountered in power
  f1 = ps - inputs['guess:Pt'] * (1 + (gamt-1)/2 * M_guess**2)**(-gamt/(gamt-1))
C:\Users\MEO\Desktop\Projects\JetEngine\boomsonic_v0\.venv\Lib\site-packages\pycycle\thermo\static_ps_resid.py:94: RuntimeWarning: invalid value encountered in sqrt
  f2 = MN - inputs['W']*(R_UNIVERSAL_SI*inputs['Ts'])**0.5/(ps_guess*1.0e6*inputs['area']*gamt**0.5)
C:\Users\MEO\Desktop\Projects\JetEngine\boomsonic_v0\.venv\Lib\site-packages\pycycle\thermo\static_ps_resid.py:99: RuntimeWarning: The iteration is not making good progress, as measured by the 
 improvement from the last ten iterations.
  ps_guess, M_guess = fsolve(equations, (ps_guess, M_guess))
C:\Users\MEO\Desktop\Projects\JetEngine\boomsonic_v0\.venv\Lib\site-packages\openmdao\solvers\solver.py:819: SolverWarning:Your model has stalled three times and may be violating the bounds. In the future, turn on print_bound_enforce in your solver options here: 
OD0.comp.real_flow.nonlinear_solver.linesearch.options['print_bound_enforce']=True. 
The bound(s) being violated now are:

C:\Users\MEO\Desktop\Projects\JetEngine\boomsonic_v0\.venv\Lib\site-packages\openmdao\solvers\linesearch\backtracking.py:39: SolverWarning:'OD0.comp.real_flow.balance.T' exceeds lower bounds
  Val: [-209.16287344]
  Lower: [150.]

C:\Users\MEO\Desktop\Projects\JetEngine\boomsonic_v0\.venv\Lib\site-packages\openmdao\solvers\solver.py:819: SolverWarning:Your model has stalled three times and may be violating the bounds. In the future, turn on print_bound_enforce in your solver options here: 
OD0.comp.sb_flow.nonlinear_solver.linesearch.options['print_bound_enforce']=True. 
The bound(s) being violated now are:

C:\Users\MEO\Desktop\Projects\JetEngine\boomsonic_v0\.venv\Lib\site-packages\openmdao\solvers\linesearch\backtracking.py:39: SolverWarning:'OD0.comp.sb_flow.balance.T' exceeds lower bounds
  Val: [41.05220403]
  Lower: [150.]

C:\Users\MEO\Desktop\Projects\JetEngine\boomsonic_v0\.venv\Lib\site-packages\pycycle\thermo\static_ps_resid.py:128: RuntimeWarning: invalid value encountered in sqrt
  Vsonic = (i['gamma']*i['R']*i['Ts'])**0.5
C:\Users\MEO\Desktop\Projects\JetEngine\boomsonic_v0\.venv\Lib\site-packages\openmdao\solvers\solver.py:819: SolverWarning:Your model has stalled three times and may be violating the bounds. In the future, turn on print_bound_enforce in your solver options here: 
OD0.burner.vitiated_flow.nonlinear_solver.linesearch.options['print_bound_enforce']=True. 
The bound(s) being violated now are:

C:\Users\MEO\Desktop\Projects\JetEngine\boomsonic_v0\.venv\Lib\site-packages\openmdao\solvers\linesearch\backtracking.py:35: SolverWarning:'OD0.burner.vitiated_flow.balance.T' exceeds upper bounds
  Val: [3751.69117871]
  Upper: [2500.]

C:\Users\MEO\Desktop\Projects\JetEngine\boomsonic_v0\.venv\Lib\site-packages\pycycle\thermo\static_ps_resid.py:128: RuntimeWarning: invalid value encountered in sqrt
  Vsonic = (i['gamma']*i['R']*i['Ts'])**0.5
C:\Users\MEO\Desktop\Projects\JetEngine\boomsonic_v0\.venv\Lib\site-packages\pycycle\thermo\static_ps_resid.py:98: RuntimeWarning: invalid value encountered in power
  ps_guess = inputs['guess:Pt'] * (1 + (gamt-1)/2 * M_guess**2)**(-gamt/(gamt-1))
C:\Users\MEO\Desktop\Projects\JetEngine\boomsonic_v0\.venv\Lib\site-packages\pycycle\thermo\static_ps_resid.py:93: RuntimeWarning: invalid value encountered in power
  f1 = ps - inputs['guess:Pt'] * (1 + (gamt-1)/2 * M_guess**2)**(-gamt/(gamt-1))
C:\Users\MEO\Desktop\Projects\JetEngine\boomsonic_v0\.venv\Lib\site-packages\pycycle\thermo\static_ps_resid.py:94: RuntimeWarning: invalid value encountered in sqrt
  f2 = MN - inputs['W']*(R_UNIVERSAL_SI*inputs['Ts'])**0.5/(ps_guess*1.0e6*inputs['area']*gamt**0.5)
C:\Users\MEO\Desktop\Projects\JetEngine\boomsonic_v0\.venv\Lib\site-packages\pycycle\thermo\static_ps_resid.py:99: RuntimeWarning: The iteration is not making good progress, as measured by the 
 improvement from the last ten iterations.
  ps_guess, M_guess = fsolve(equations, (ps_guess, M_guess))
C:\Users\MEO\Desktop\Projects\JetEngine\boomsonic_v0\.venv\Lib\site-packages\openmdao\solvers\solver.py:819: SolverWarning:Your model has stalled three times and may be violating the bounds. In the future, turn on print_bound_enforce in your solver options here: 
OD0.turb.real_flow_b4bld.nonlinear_solver.linesearch.options['print_bound_enforce']=True. 
The bound(s) being violated now are:

C:\Users\MEO\Desktop\Projects\JetEngine\boomsonic_v0\.venv\Lib\site-packages\openmdao\solvers\linesearch\backtracking.py:35: SolverWarning:'OD0.turb.real_flow_b4bld.balance.T' exceeds upper bounds
  Val: [2905.63532621]
  Upper: [2500.]

C:\Users\MEO\Desktop\Projects\JetEngine\boomsonic_v0\.venv\Lib\site-packages\openmdao\solvers\solver.py:819: SolverWarning:Your model has stalled three times and may be violating the bounds. In the future, turn on print_bound_enforce in your solver options here: 
OD0.turb.real_flow.nonlinear_solver.linesearch.options['print_bound_enforce']=True. 
The bound(s) being violated now are:

C:\Users\MEO\Desktop\Projects\JetEngine\boomsonic_v0\.venv\Lib\site-packages\openmdao\solvers\linesearch\backtracking.py:35: SolverWarning:'OD0.turb.real_flow.balance.T' exceeds upper bounds
  Val: [2905.63532621]
  Upper: [2500.]

C:\Users\MEO\Desktop\Projects\JetEngine\boomsonic_v0\.venv\Lib\site-packages\pycycle\thermo\static_ps_resid.py:128: RuntimeWarning: invalid value encountered in sqrt
  Vsonic = (i['gamma']*i['R']*i['Ts'])**0.5
C:\Users\MEO\Desktop\Projects\JetEngine\boomsonic_v0\.venv\Lib\site-packages\pycycle\thermo\static_ps_resid.py:98: RuntimeWarning: invalid value encountered in power
  ps_guess = inputs['guess:Pt'] * (1 + (gamt-1)/2 * M_guess**2)**(-gamt/(gamt-1))
C:\Users\MEO\Desktop\Projects\JetEngine\boomsonic_v0\.venv\Lib\site-packages\pycycle\thermo\static_ps_resid.py:93: RuntimeWarning: invalid value encountered in power
  f1 = ps - inputs['guess:Pt'] * (1 + (gamt-1)/2 * M_guess**2)**(-gamt/(gamt-1))
C:\Users\MEO\Desktop\Projects\JetEngine\boomsonic_v0\.venv\Lib\site-packages\pycycle\thermo\static_ps_resid.py:94: RuntimeWarning: invalid value encountered in sqrt
  f2 = MN - inputs['W']*(R_UNIVERSAL_SI*inputs['Ts'])**0.5/(ps_guess*1.0e6*inputs['area']*gamt**0.5)
C:\Users\MEO\Desktop\Projects\JetEngine\boomsonic_v0\.venv\Lib\site-packages\pycycle\thermo\static_ps_resid.py:99: RuntimeWarning: The iteration is not making good progress, as measured by the 
 improvement from the last ten iterations.
  ps_guess, M_guess = fsolve(equations, (ps_guess, M_guess))
C:\Users\MEO\Desktop\Projects\JetEngine\boomsonic_v0\.venv\Lib\site-packages\openmdao\solvers\solver.py:819: SolverWarning:Your model has stalled three times and may be violating the bounds. In the future, turn on print_bound_enforce in your solver options here: 
OD0.nozz.throat_total.nonlinear_solver.linesearch.options['print_bound_enforce']=True. 
The bound(s) being violated now are:

C:\Users\MEO\Desktop\Projects\JetEngine\boomsonic_v0\.venv\Lib\site-packages\openmdao\solvers\linesearch\backtracking.py:35: SolverWarning:'OD0.nozz.throat_total.balance.T' exceeds upper bounds
  Val: [2905.63532621]
  Upper: [2500.]

C:\Users\MEO\Desktop\Projects\JetEngine\boomsonic_v0\.venv\Lib\site-packages\pycycle\thermo\static_ps_resid.py:108: RuntimeWarning: invalid value encountered in sqrt
  Vsonic = (i['gamma']*i['R']*i['Ts'])**0.5
C:\Users\MEO\Desktop\Projects\JetEngine\boomsonic_v0\.venv\Lib\site-packages\pycycle\thermo\static_ps_resid.py:83: RuntimeWarning: invalid value encountered in power
  ps_guess = inputs['guess:Pt'] * (1 + (gamt-1)/2 * inputs['MN']**2)**(-gamt/(gamt-1))
C:\Users\MEO\Desktop\Projects\JetEngine\boomsonic_v0\.venv\Lib\site-packages\pycycle\thermo\static_ps_calc.py:32: RuntimeWarning: invalid value encountered in sqrt
  outputs['Vsonic'] = Vsonic = np.sqrt(inputs['gamma'] * inputs['R'] * inputs['Ts'])
C:\Users\MEO\Desktop\Projects\JetEngine\boomsonic_v0\.venv\Lib\site-packages\pycycle\thermo\static_ps_resid.py:128: RuntimeWarning: invalid value encountered in sqrt
  Vsonic = (i['gamma']*i['R']*i['Ts'])**0.5
C:\Users\MEO\Desktop\Projects\JetEngine\boomsonic_v0\.venv\Lib\site-packages\pycycle\thermo\static_ps_resid.py:98: RuntimeWarning: invalid value encountered in power
  ps_guess = inputs['guess:Pt'] * (1 + (gamt-1)/2 * M_guess**2)**(-gamt/(gamt-1))
C:\Users\MEO\Desktop\Projects\JetEngine\boomsonic_v0\.venv\Lib\site-packages\pycycle\thermo\static_ps_resid.py:93: RuntimeWarning: invalid value encountered in power
  f1 = ps - inputs['guess:Pt'] * (1 + (gamt-1)/2 * M_guess**2)**(-gamt/(gamt-1))
C:\Users\MEO\Desktop\Projects\JetEngine\boomsonic_v0\.venv\Lib\site-packages\pycycle\thermo\static_ps_resid.py:94: RuntimeWarning: invalid value encountered in sqrt
  f2 = MN - inputs['W']*(R_UNIVERSAL_SI*inputs['Ts'])**0.5/(ps_guess*1.0e6*inputs['area']*gamt**0.5)
C:\Users\MEO\Desktop\Projects\JetEngine\boomsonic_v0\.venv\Lib\site-packages\pycycle\thermo\static_ps_resid.py:99: RuntimeWarning: The iteration is not making good progress, as measured by the 
 improvement from the last ten iterations.
  ps_guess, M_guess = fsolve(equations, (ps_guess, M_guess))
C:\Users\MEO\Desktop\Projects\JetEngine\boomsonic_v0\.venv\Lib\site-packages\openmdao\solvers\solver.py:819: SolverWarning:Your model has stalled three times and may be violating the bounds. In the future, turn on print_bound_enforce in your solver options here: 
OD0.comp.real_flow.nonlinear_solver.linesearch.options['print_bound_enforce']=True. 
The bound(s) being violated now are:

C:\Users\MEO\Desktop\Projects\JetEngine\boomsonic_v0\.venv\Lib\site-packages\openmdao\solvers\linesearch\backtracking.py:39: SolverWarning:'OD0.comp.real_flow.balance.T' exceeds lower bounds
  Val: [-209.16287344]
  Lower: [150.]

C:\Users\MEO\Desktop\Projects\JetEngine\boomsonic_v0\.venv\Lib\site-packages\openmdao\solvers\solver.py:819: SolverWarning:Your model has stalled three times and may be violating the bounds. In the future, turn on print_bound_enforce in your solver options here: 
OD0.comp.sb_flow.nonlinear_solver.linesearch.options['print_bound_enforce']=True. 
The bound(s) being violated now are:

C:\Users\MEO\Desktop\Projects\JetEngine\boomsonic_v0\.venv\Lib\site-packages\openmdao\solvers\linesearch\backtracking.py:39: SolverWarning:'OD0.comp.sb_flow.balance.T' exceeds lower bounds
  Val: [41.05220403]
  Lower: [150.]

C:\Users\MEO\Desktop\Projects\JetEngine\boomsonic_v0\.venv\Lib\site-packages\openmdao\solvers\solver.py:819: SolverWarning:Your model has stalled three times and may be violating the bounds. In the future, turn on print_bound_enforce in your solver options here: 
OD0.comp.out_stat.nonlinear_solver.linesearch.options['print_bound_enforce']=True. 
The bound(s) being violated now are:

C:\Users\MEO\Desktop\Projects\JetEngine\boomsonic_v0\.venv\Lib\site-packages\openmdao\solvers\linesearch\backtracking.py:39: SolverWarning:'OD0.comp.out_stat.balance.T' exceeds lower bounds
  Val: [-352.8348924]
  Lower: [150.]

C:\Users\MEO\Desktop\Projects\JetEngine\boomsonic_v0\.venv\Lib\site-packages\openmdao\solvers\linesearch\backtracking.py:39: SolverWarning:'OD0.comp.out_stat.ps_resid.Ps' exceeds lower bounds
  Val: [-0.00117978]
  Lower: [-0.0009009]

C:\Users\MEO\Desktop\Projects\JetEngine\boomsonic_v0\.venv\Lib\site-packages\openmdao\solvers\solver.py:819: SolverWarning:Your model has stalled three times and may be violating the bounds. In the future, turn on print_bound_enforce in your solver options here: 
OD0.burner.vitiated_flow.nonlinear_solver.linesearch.options['print_bound_enforce']=True. 
The bound(s) being violated now are:

C:\Users\MEO\Desktop\Projects\JetEngine\boomsonic_v0\.venv\Lib\site-packages\openmdao\solvers\linesearch\backtracking.py:35: SolverWarning:'OD0.burner.vitiated_flow.balance.T' exceeds upper bounds
  Val: [3751.69117871]
  Upper: [2500.]

C:\Users\MEO\Desktop\Projects\JetEngine\boomsonic_v0\.venv\Lib\site-packages\pycycle\thermo\static_ps_resid.py:128: RuntimeWarning: invalid value encountered in sqrt
  Vsonic = (i['gamma']*i['R']*i['Ts'])**0.5
C:\Users\MEO\Desktop\Projects\JetEngine\boomsonic_v0\.venv\Lib\site-packages\pycycle\thermo\static_ps_resid.py:98: RuntimeWarning: invalid value encountered in power
  ps_guess = inputs['guess:Pt'] * (1 + (gamt-1)/2 * M_guess**2)**(-gamt/(gamt-1))
C:\Users\MEO\Desktop\Projects\JetEngine\boomsonic_v0\.venv\Lib\site-packages\pycycle\thermo\static_ps_resid.py:93: RuntimeWarning: invalid value encountered in power
  f1 = ps - inputs['guess:Pt'] * (1 + (gamt-1)/2 * M_guess**2)**(-gamt/(gamt-1))
C:\Users\MEO\Desktop\Projects\JetEngine\boomsonic_v0\.venv\Lib\site-packages\pycycle\thermo\static_ps_resid.py:94: RuntimeWarning: invalid value encountered in sqrt
  f2 = MN - inputs['W']*(R_UNIVERSAL_SI*inputs['Ts'])**0.5/(ps_guess*1.0e6*inputs['area']*gamt**0.5)
C:\Users\MEO\Desktop\Projects\JetEngine\boomsonic_v0\.venv\Lib\site-packages\pycycle\thermo\static_ps_resid.py:99: RuntimeWarning: The iteration is not making good progress, as measured by the 
 improvement from the last ten iterations.
  ps_guess, M_guess = fsolve(equations, (ps_guess, M_guess))
C:\Users\MEO\Desktop\Projects\JetEngine\boomsonic_v0\.venv\Lib\site-packages\openmdao\solvers\solver.py:819: SolverWarning:Your model has stalled three times and may be violating the bounds. In the future, turn on print_bound_enforce in your solver options here: 
OD0.turb.real_flow_b4bld.nonlinear_solver.linesearch.options['print_bound_enforce']=True. 
The bound(s) being violated now are:

C:\Users\MEO\Desktop\Projects\JetEngine\boomsonic_v0\.venv\Lib\site-packages\openmdao\solvers\linesearch\backtracking.py:35: SolverWarning:'OD0.turb.real_flow_b4bld.balance.T' exceeds upper bounds
  Val: [2905.63532621]
  Upper: [2500.]

C:\Users\MEO\Desktop\Projects\JetEngine\boomsonic_v0\.venv\Lib\site-packages\openmdao\solvers\solver.py:819: SolverWarning:Your model has stalled three times and may be violating the bounds. In the future, turn on print_bound_enforce in your solver options here: 
OD0.turb.real_flow.nonlinear_solver.linesearch.options['print_bound_enforce']=True. 
The bound(s) being violated now are:

C:\Users\MEO\Desktop\Projects\JetEngine\boomsonic_v0\.venv\Lib\site-packages\openmdao\solvers\linesearch\backtracking.py:35: SolverWarning:'OD0.turb.real_flow.balance.T' exceeds upper bounds
  Val: [2905.63532621]
  Upper: [2500.]

C:\Users\MEO\Desktop\Projects\JetEngine\boomsonic_v0\.venv\Lib\site-packages\pycycle\thermo\static_ps_resid.py:128: RuntimeWarning: invalid value encountered in sqrt
  Vsonic = (i['gamma']*i['R']*i['Ts'])**0.5
C:\Users\MEO\Desktop\Projects\JetEngine\boomsonic_v0\.venv\Lib\site-packages\pycycle\thermo\static_ps_resid.py:98: RuntimeWarning: invalid value encountered in power
  ps_guess = inputs['guess:Pt'] * (1 + (gamt-1)/2 * M_guess**2)**(-gamt/(gamt-1))
C:\Users\MEO\Desktop\Projects\JetEngine\boomsonic_v0\.venv\Lib\site-packages\pycycle\thermo\static_ps_resid.py:93: RuntimeWarning: invalid value encountered in power
  f1 = ps - inputs['guess:Pt'] * (1 + (gamt-1)/2 * M_guess**2)**(-gamt/(gamt-1))
C:\Users\MEO\Desktop\Projects\JetEngine\boomsonic_v0\.venv\Lib\site-packages\pycycle\thermo\static_ps_resid.py:94: RuntimeWarning: invalid value encountered in sqrt
  f2 = MN - inputs['W']*(R_UNIVERSAL_SI*inputs['Ts'])**0.5/(ps_guess*1.0e6*inputs['area']*gamt**0.5)
C:\Users\MEO\Desktop\Projects\JetEngine\boomsonic_v0\.venv\Lib\site-packages\pycycle\thermo\static_ps_resid.py:99: RuntimeWarning: The iteration is not making good progress, as measured by the 
 improvement from the last ten iterations.
  ps_guess, M_guess = fsolve(equations, (ps_guess, M_guess))
C:\Users\MEO\Desktop\Projects\JetEngine\boomsonic_v0\.venv\Lib\site-packages\openmdao\solvers\solver.py:819: SolverWarning:Your model has stalled three times and may be violating the bounds. In the future, turn on print_bound_enforce in your solver options here: 
OD0.nozz.throat_total.nonlinear_solver.linesearch.options['print_bound_enforce']=True. 
The bound(s) being violated now are:

C:\Users\MEO\Desktop\Projects\JetEngine\boomsonic_v0\.venv\Lib\site-packages\openmdao\solvers\linesearch\backtracking.py:35: SolverWarning:'OD0.nozz.throat_total.balance.T' exceeds upper bounds
  Val: [2905.63532621]
  Upper: [2500.]

C:\Users\MEO\Desktop\Projects\JetEngine\boomsonic_v0\.venv\Lib\site-packages\pycycle\thermo\static_ps_resid.py:108: RuntimeWarning: invalid value encountered in sqrt
  Vsonic = (i['gamma']*i['R']*i['Ts'])**0.5
C:\Users\MEO\Desktop\Projects\JetEngine\boomsonic_v0\.venv\Lib\site-packages\pycycle\thermo\static_ps_resid.py:83: RuntimeWarning: invalid value encountered in power
  ps_guess = inputs['guess:Pt'] * (1 + (gamt-1)/2 * inputs['MN']**2)**(-gamt/(gamt-1))
C:\Users\MEO\Desktop\Projects\JetEngine\boomsonic_v0\.venv\Lib\site-packages\pycycle\thermo\static_ps_calc.py:32: RuntimeWarning: invalid value encountered in sqrt
  outputs['Vsonic'] = Vsonic = np.sqrt(inputs['gamma'] * inputs['R'] * inputs['Ts'])
C:\Users\MEO\Desktop\Projects\JetEngine\boomsonic_v0\.venv\Lib\site-packages\pycycle\thermo\static_ps_resid.py:128: RuntimeWarning: invalid value encountered in sqrt
  Vsonic = (i['gamma']*i['R']*i['Ts'])**0.5
C:\Users\MEO\Desktop\Projects\JetEngine\boomsonic_v0\.venv\Lib\site-packages\pycycle\thermo\static_ps_resid.py:98: RuntimeWarning: invalid value encountered in power
  ps_guess = inputs['guess:Pt'] * (1 + (gamt-1)/2 * M_guess**2)**(-gamt/(gamt-1))
C:\Users\MEO\Desktop\Projects\JetEngine\boomsonic_v0\.venv\Lib\site-packages\pycycle\thermo\static_ps_resid.py:93: RuntimeWarning: invalid value encountered in power
  f1 = ps - inputs['guess:Pt'] * (1 + (gamt-1)/2 * M_guess**2)**(-gamt/(gamt-1))
C:\Users\MEO\Desktop\Projects\JetEngine\boomsonic_v0\.venv\Lib\site-packages\pycycle\thermo\static_ps_resid.py:94: RuntimeWarning: invalid value encountered in sqrt
  f2 = MN - inputs['W']*(R_UNIVERSAL_SI*inputs['Ts'])**0.5/(ps_guess*1.0e6*inputs['area']*gamt**0.5)
C:\Users\MEO\Desktop\Projects\JetEngine\boomsonic_v0\.venv\Lib\site-packages\pycycle\thermo\static_ps_resid.py:99: RuntimeWarning: The iteration is not making good progress, as measured by the 
 improvement from the last ten iterations.
  ps_guess, M_guess = fsolve(equations, (ps_guess, M_guess))
C:\Users\MEO\Desktop\Projects\JetEngine\boomsonic_v0\.venv\Lib\site-packages\pycycle\thermo\static_ps_resid.py:128: RuntimeWarning: invalid value encountered in sqrt
  Vsonic = (i['gamma']*i['R']*i['Ts'])**0.5
C:\Users\MEO\Desktop\Projects\JetEngine\boomsonic_v0\.venv\Lib\site-packages\pycycle\thermo\static_ps_resid.py:128: RuntimeWarning: invalid value encountered in sqrt
  Vsonic = (i['gamma']*i['R']*i['Ts'])**0.5
C:\Users\MEO\Desktop\Projects\JetEngine\boomsonic_v0\.venv\Lib\site-packages\pycycle\thermo\static_ps_resid.py:108: RuntimeWarning: invalid value encountered in sqrt
  Vsonic = (i['gamma']*i['R']*i['Ts'])**0.5
C:\Users\MEO\Desktop\Projects\JetEngine\boomsonic_v0\.venv\Lib\site-packages\pycycle\elements\turbine.py:40: RuntimeWarning: invalid value encountered in sqrt
  outputs['Wp'] = inputs['W_in'] * inputs['Tt']**0.5 / inputs['Pt']
C:\Users\MEO\Desktop\Projects\JetEngine\boomsonic_v0\.venv\Lib\site-packages\pycycle\elements\turbine.py:41: RuntimeWarning: invalid value encountered in power
  outputs['Np'] = inputs['Nmech'] * inputs['Tt']**-0.5
C:\Users\MEO\Desktop\Projects\JetEngine\boomsonic_v0\.venv\Lib\site-packages\openmdao\solvers\solver.py:819: SolverWarning:Your model has stalled three times and may be violating the bounds. In the future, turn on print_bound_enforce in your solver options here: 
OD0.comp.real_flow.nonlinear_solver.linesearch.options['print_bound_enforce']=True. 
The bound(s) being violated now are:

C:\Users\MEO\Desktop\Projects\JetEngine\boomsonic_v0\.venv\Lib\site-packages\openmdao\solvers\linesearch\backtracking.py:39: SolverWarning:'OD0.comp.real_flow.balance.T' exceeds lower bounds
  Val: [-202.50211299]
  Lower: [150.]

C:\Users\MEO\Desktop\Projects\JetEngine\boomsonic_v0\.venv\Lib\site-packages\openmdao\solvers\solver.py:819: SolverWarning:Your model has stalled three times and may be violating the bounds. In the future, turn on print_bound_enforce in your solver options here: 
OD0.comp.sb_flow.nonlinear_solver.linesearch.options['print_bound_enforce']=True. 
The bound(s) being violated now are:

C:\Users\MEO\Desktop\Projects\JetEngine\boomsonic_v0\.venv\Lib\site-packages\openmdao\solvers\linesearch\backtracking.py:39: SolverWarning:'OD0.comp.sb_flow.balance.T' exceeds lower bounds
  Val: [44.36114543]
  Lower: [150.]

C:\Users\MEO\Desktop\Projects\JetEngine\boomsonic_v0\.venv\Lib\site-packages\openmdao\solvers\solver.py:819: SolverWarning:Your model has stalled three times and may be violating the bounds. In the future, turn on print_bound_enforce in your solver options here: 
OD0.comp.out_stat.nonlinear_solver.linesearch.options['print_bound_enforce']=True. 
The bound(s) being violated now are:

C:\Users\MEO\Desktop\Projects\JetEngine\boomsonic_v0\.venv\Lib\site-packages\openmdao\solvers\linesearch\backtracking.py:39: SolverWarning:'OD0.comp.out_stat.balance.T' exceeds lower bounds
  Val: [-202.49660701]
  Lower: [150.]

C:\Users\MEO\Desktop\Projects\JetEngine\boomsonic_v0\.venv\Lib\site-packages\openmdao\solvers\solver.py:819: SolverWarning:Your model has stalled three times and may be violating the bounds. In the future, turn on print_bound_enforce in your solver options here: 
OD0.burner.vitiated_flow.nonlinear_solver.linesearch.options['print_bound_enforce']=True. 
The bound(s) being violated now are:

C:\Users\MEO\Desktop\Projects\JetEngine\boomsonic_v0\.venv\Lib\site-packages\openmdao\solvers\linesearch\backtracking.py:39: SolverWarning:'OD0.burner.vitiated_flow.balance.T' exceeds lower bounds
  Val: [-197.96101662]
  Lower: [150.]

C:\Users\MEO\Desktop\Projects\JetEngine\boomsonic_v0\.venv\Lib\site-packages\openmdao\solvers\solver.py:819: SolverWarning:Your model has stalled three times and may be violating the bounds. In the future, turn on print_bound_enforce in your solver options here: 
OD0.turb.ideal_flow.nonlinear_solver.linesearch.options['print_bound_enforce']=True. 
The bound(s) being violated now are:

C:\Users\MEO\Desktop\Projects\JetEngine\boomsonic_v0\.venv\Lib\site-packages\openmdao\solvers\linesearch\backtracking.py:39: SolverWarning:'OD0.turb.ideal_flow.balance.T' exceeds lower bounds
  Val: [101.17446453]
  Lower: [150.]

C:\Users\MEO\Desktop\Projects\JetEngine\boomsonic_v0\.venv\Lib\site-packages\openmdao\solvers\solver.py:819: SolverWarning:Your model has stalled three times and may be violating the bounds. In the future, turn on print_bound_enforce in your solver options here: 
OD0.turb.real_flow_b4bld.nonlinear_solver.linesearch.options['print_bound_enforce']=True. 
The bound(s) being violated now are:

C:\Users\MEO\Desktop\Projects\JetEngine\boomsonic_v0\.venv\Lib\site-packages\openmdao\solvers\linesearch\backtracking.py:39: SolverWarning:'OD0.turb.real_flow_b4bld.balance.T' exceeds lower bounds
  Val: [-59.98292608]
  Lower: [150.]

C:\Users\MEO\Desktop\Projects\JetEngine\boomsonic_v0\.venv\Lib\site-packages\openmdao\solvers\solver.py:819: SolverWarning:Your model has stalled three times and may be violating the bounds. In the future, turn on print_bound_enforce in your solver options here: 
OD0.turb.real_flow.nonlinear_solver.linesearch.options['print_bound_enforce']=True. 
The bound(s) being violated now are:

C:\Users\MEO\Desktop\Projects\JetEngine\boomsonic_v0\.venv\Lib\site-packages\openmdao\solvers\linesearch\backtracking.py:39: SolverWarning:'OD0.turb.real_flow.balance.T' exceeds lower bounds
  Val: [-59.98292608]
  Lower: [150.]

C:\Users\MEO\Desktop\Projects\JetEngine\boomsonic_v0\.venv\Lib\site-packages\openmdao\solvers\solver.py:819: SolverWarning:Your model has stalled three times and may be violating the bounds. In the future, turn on print_bound_enforce in your solver options here: 
OD0.nozz.throat_total.nonlinear_solver.linesearch.options['print_bound_enforce']=True. 
The bound(s) being violated now are:

C:\Users\MEO\Desktop\Projects\JetEngine\boomsonic_v0\.venv\Lib\site-packages\openmdao\solvers\linesearch\backtracking.py:39: SolverWarning:'OD0.nozz.throat_total.balance.T' exceeds lower bounds
  Val: [-59.98292608]
  Lower: [150.]

C:\Users\MEO\Desktop\Projects\JetEngine\boomsonic_v0\.venv\Lib\site-packages\openmdao\solvers\solver.py:819: SolverWarning:Your model has stalled three times and may be violating the bounds. In the future, turn on print_bound_enforce in your solver options here: 
OD0.nozz.staticMN.nonlinear_solver.linesearch.options['print_bound_enforce']=True. 
The bound(s) being violated now are:

C:\Users\MEO\Desktop\Projects\JetEngine\boomsonic_v0\.venv\Lib\site-packages\openmdao\solvers\linesearch\backtracking.py:39: SolverWarning:'OD0.nozz.staticMN.balance.T' exceeds lower bounds
  Val: [-50.04192192]
  Lower: [150.]

C:\Users\MEO\Desktop\Projects\JetEngine\boomsonic_v0\.venv\Lib\site-packages\openmdao\solvers\solver.py:819: SolverWarning:Your model has stalled three times and may be violating the bounds. In the future, turn on print_bound_enforce in your solver options here: 
OD0.nozz.staticPs.nonlinear_solver.linesearch.options['print_bound_enforce']=True. 
The bound(s) being violated now are:

C:\Users\MEO\Desktop\Projects\JetEngine\boomsonic_v0\.venv\Lib\site-packages\openmdao\solvers\linesearch\backtracking.py:39: SolverWarning:'OD0.nozz.staticPs.balance.T' exceeds lower bounds
  Val: [149.99995762]
  Lower: [150.]

C:\Users\MEO\Desktop\Projects\JetEngine\boomsonic_v0\.venv\Lib\site-packages\openmdao\solvers\solver.py:819: SolverWarning:Your model has stalled three times and may be violating the bounds. In the future, turn on print_bound_enforce in your solver options here: 
OD0.nozz.staticPs.nonlinear_solver.linesearch.options['print_bound_enforce']=True. 
The bound(s) being violated now are:

C:\Users\MEO\Desktop\Projects\JetEngine\boomsonic_v0\.venv\Lib\site-packages\openmdao\solvers\linesearch\backtracking.py:39: SolverWarning:'OD0.nozz.staticPs.balance.T' exceeds lower bounds
  Val: [149.99995762]
  Lower: [150.]

C:\Users\MEO\Desktop\Projects\JetEngine\boomsonic_v0\.venv\Lib\site-packages\openmdao\solvers\solver.py:819: SolverWarning:Your model has stalled three times and may be violating the bounds. In the future, turn on print_bound_enforce in your solver options here: 
OD0.nozz.ideal_flow.nonlinear_solver.linesearch.options['print_bound_enforce']=True. 
The bound(s) being violated now are:

C:\Users\MEO\Desktop\Projects\JetEngine\boomsonic_v0\.venv\Lib\site-packages\openmdao\solvers\linesearch\backtracking.py:39: SolverWarning:'OD0.nozz.ideal_flow.balance.T' exceeds lower bounds
  Val: [149.99995762]
  Lower: [150.]

C:\Users\MEO\Desktop\Projects\JetEngine\boomsonic_v0\.venv\Lib\site-packages\pycycle\thermo\static_ps_resid.py:128: RuntimeWarning: invalid value encountered in sqrt
  Vsonic = (i['gamma']*i['R']*i['Ts'])**0.5
C:\Users\MEO\Desktop\Projects\JetEngine\boomsonic_v0\.venv\Lib\site-packages\pycycle\thermo\static_ps_resid.py:108: RuntimeWarning: invalid value encountered in sqrt
  Vsonic = (i['gamma']*i['R']*i['Ts'])**0.5
C:\Users\MEO\Desktop\Projects\JetEngine\boomsonic_v0\.venv\Lib\site-packages\pycycle\thermo\static_ps_resid.py:128: RuntimeWarning: invalid value encountered in sqrt
  Vsonic = (i['gamma']*i['R']*i['Ts'])**0.5
C:\Users\MEO\Desktop\Projects\JetEngine\boomsonic_v0\.venv\Lib\site-packages\openmdao\solvers\solver.py:819: SolverWarning:Your model has stalled three times and may be violating the bounds. In the future, turn on print_bound_enforce in your solver options here: 
OD0.burner.vitiated_flow.nonlinear_solver.linesearch.options['print_bound_enforce']=True. 
The bound(s) being violated now are:

C:\Users\MEO\Desktop\Projects\JetEngine\boomsonic_v0\.venv\Lib\site-packages\openmdao\solvers\linesearch\backtracking.py:35: SolverWarning:'OD0.burner.vitiated_flow.balance.T' exceeds upper bounds
  Val: [3655.23461575]
  Upper: [2500.]

C:\Users\MEO\Desktop\Projects\JetEngine\boomsonic_v0\.venv\Lib\site-packages\pycycle\thermo\static_ps_resid.py:94: RuntimeWarning: invalid value encountered in sqrt
  f2 = MN - inputs['W']*(R_UNIVERSAL_SI*inputs['Ts'])**0.5/(ps_guess*1.0e6*inputs['area']*gamt**0.5)
C:\Users\MEO\Desktop\Projects\JetEngine\boomsonic_v0\.venv\Lib\site-packages\pycycle\thermo\static_ps_resid.py:99: RuntimeWarning: The iteration is not making good progress, as measured by the 
 improvement from the last ten iterations.
  ps_guess, M_guess = fsolve(equations, (ps_guess, M_guess))
C:\Users\MEO\Desktop\Projects\JetEngine\boomsonic_v0\.venv\Lib\site-packages\pycycle\thermo\static_ps_resid.py:128: RuntimeWarning: invalid value encountered in sqrt
  Vsonic = (i['gamma']*i['R']*i['Ts'])**0.5
C:\Users\MEO\Desktop\Projects\JetEngine\boomsonic_v0\.venv\Lib\site-packages\openmdao\solvers\solver.py:819: SolverWarning:Your model has stalled three times and may be violating the bounds. In the future, turn on print_bound_enforce in your solver options here: 
OD0.turb.ideal_flow.nonlinear_solver.linesearch.options['print_bound_enforce']=True. 
The bound(s) being violated now are:

C:\Users\MEO\Desktop\Projects\JetEngine\boomsonic_v0\.venv\Lib\site-packages\openmdao\solvers\linesearch\backtracking.py:35: SolverWarning:'OD0.turb.ideal_flow.balance.T' exceeds upper bounds
  Val: [25897.19857327]
  Upper: [2500.]

C:\Users\MEO\Desktop\Projects\JetEngine\boomsonic_v0\.venv\Lib\site-packages\openmdao\solvers\solver.py:819: SolverWarning:Your model has stalled three times and may be violating the bounds. In the future, turn on print_bound_enforce in your solver options here: 
OD0.turb.real_flow_b4bld.nonlinear_solver.linesearch.options['print_bound_enforce']=True. 
The bound(s) being violated now are:

C:\Users\MEO\Desktop\Projects\JetEngine\boomsonic_v0\.venv\Lib\site-packages\openmdao\solvers\linesearch\backtracking.py:35: SolverWarning:'OD0.turb.real_flow_b4bld.balance.T' exceeds upper bounds
  Val: [6110.31169629]
  Upper: [2500.]

C:\Users\MEO\Desktop\Projects\JetEngine\boomsonic_v0\.venv\Lib\site-packages\openmdao\solvers\solver.py:819: SolverWarning:Your model has stalled three times and may be violating the bounds. In the future, turn on print_bound_enforce in your solver options here: 
OD0.turb.real_flow.nonlinear_solver.linesearch.options['print_bound_enforce']=True. 
The bound(s) being violated now are:

C:\Users\MEO\Desktop\Projects\JetEngine\boomsonic_v0\.venv\Lib\site-packages\openmdao\solvers\linesearch\backtracking.py:35: SolverWarning:'OD0.turb.real_flow.balance.T' exceeds upper bounds
  Val: [6110.31169629]
  Upper: [2500.]

C:\Users\MEO\Desktop\Projects\JetEngine\boomsonic_v0\.venv\Lib\site-packages\pycycle\thermo\static_ps_resid.py:128: RuntimeWarning: invalid value encountered in sqrt
  Vsonic = (i['gamma']*i['R']*i['Ts'])**0.5
C:\Users\MEO\Desktop\Projects\JetEngine\boomsonic_v0\.venv\Lib\site-packages\openmdao\solvers\solver.py:819: SolverWarning:Your model has stalled three times and may be violating the bounds. In the future, turn on print_bound_enforce in your solver options here: 
OD0.nozz.throat_total.nonlinear_solver.linesearch.options['print_bound_enforce']=True. 
The bound(s) being violated now are:

C:\Users\MEO\Desktop\Projects\JetEngine\boomsonic_v0\.venv\Lib\site-packages\openmdao\solvers\linesearch\backtracking.py:35: SolverWarning:'OD0.nozz.throat_total.balance.T' exceeds upper bounds
  Val: [6110.31169629]
  Upper: [2500.]

C:\Users\MEO\Desktop\Projects\JetEngine\boomsonic_v0\.venv\Lib\site-packages\pycycle\thermo\static_ps_resid.py:108: RuntimeWarning: invalid value encountered in sqrt
  Vsonic = (i['gamma']*i['R']*i['Ts'])**0.5
C:\Users\MEO\Desktop\Projects\JetEngine\boomsonic_v0\.venv\Lib\site-packages\pycycle\thermo\static_ps_resid.py:108: RuntimeWarning: invalid value encountered in sqrt
  Vsonic = (i['gamma']*i['R']*i['Ts'])**0.5
C:\Users\MEO\Desktop\Projects\JetEngine\boomsonic_v0\.venv\Lib\site-packages\openmdao\solvers\solver.py:819: SolverWarning:Your model has stalled three times and may be violating the bounds. In the future, turn on print_bound_enforce in your solver options here: 
OD0.nozz.staticPs.nonlinear_solver.linesearch.options['print_bound_enforce']=True. 
The bound(s) being violated now are:

C:\Users\MEO\Desktop\Projects\JetEngine\boomsonic_v0\.venv\Lib\site-packages\openmdao\solvers\linesearch\backtracking.py:35: SolverWarning:'OD0.nozz.staticPs.balance.T' exceeds upper bounds
  Val: [2500.00079101]
  Upper: [2500.]

C:\Users\MEO\Desktop\Projects\JetEngine\boomsonic_v0\.venv\Lib\site-packages\openmdao\solvers\solver.py:819: SolverWarning:Your model has stalled three times and may be violating the bounds. In the future, turn on print_bound_enforce in your solver options here: 
OD0.nozz.ideal_flow.nonlinear_solver.linesearch.options['print_bound_enforce']=True. 
The bound(s) being violated now are:

C:\Users\MEO\Desktop\Projects\JetEngine\boomsonic_v0\.venv\Lib\site-packages\openmdao\solvers\linesearch\backtracking.py:35: SolverWarning:'OD0.nozz.ideal_flow.balance.T' exceeds upper bounds
  Val: [2500.00079101]
  Upper: [2500.]

C:\Users\MEO\Desktop\Projects\JetEngine\boomsonic_v0\.venv\Lib\site-packages\pycycle\thermo\static_ps_resid.py:128: RuntimeWarning: invalid value encountered in sqrt
  Vsonic = (i['gamma']*i['R']*i['Ts'])**0.5
C:\Users\MEO\Desktop\Projects\JetEngine\boomsonic_v0\.venv\Lib\site-packages\pycycle\thermo\static_ps_resid.py:108: RuntimeWarning: invalid value encountered in sqrt
  Vsonic = (i['gamma']*i['R']*i['Ts'])**0.5
C:\Users\MEO\Desktop\Projects\JetEngine\boomsonic_v0\.venv\Lib\site-packages\pycycle\thermo\static_ps_resid.py:94: RuntimeWarning: invalid value encountered in sqrt
  f2 = MN - inputs['W']*(R_UNIVERSAL_SI*inputs['Ts'])**0.5/(ps_guess*1.0e6*inputs['area']*gamt**0.5)
C:\Users\MEO\Desktop\Projects\JetEngine\boomsonic_v0\.venv\Lib\site-packages\pycycle\thermo\static_ps_resid.py:99: RuntimeWarning: The iteration is not making good progress, as measured by the 
 improvement from the last ten iterations.
  ps_guess, M_guess = fsolve(equations, (ps_guess, M_guess))
C:\Users\MEO\Desktop\Projects\JetEngine\boomsonic_v0\.venv\Lib\site-packages\openmdao\solvers\solver.py:819: SolverWarning:Your model has stalled three times and may be violating the bounds. In the future, turn on print_bound_enforce in your solver options here: 
OD0.burner.vitiated_flow.nonlinear_solver.linesearch.options['print_bound_enforce']=True. 
The bound(s) being violated now are:

C:\Users\MEO\Desktop\Projects\JetEngine\boomsonic_v0\.venv\Lib\site-packages\openmdao\solvers\linesearch\backtracking.py:35: SolverWarning:'OD0.burner.vitiated_flow.balance.T' exceeds upper bounds
  Val: [3655.23461575]
  Upper: [2500.]

C:\Users\MEO\Desktop\Projects\JetEngine\boomsonic_v0\.venv\Lib\site-packages\pycycle\thermo\static_ps_resid.py:128: RuntimeWarning: invalid value encountered in sqrt
  Vsonic = (i['gamma']*i['R']*i['Ts'])**0.5
C:\Users\MEO\Desktop\Projects\JetEngine\boomsonic_v0\.venv\Lib\site-packages\pycycle\thermo\static_ps_resid.py:94: RuntimeWarning: invalid value encountered in sqrt
  f2 = MN - inputs['W']*(R_UNIVERSAL_SI*inputs['Ts'])**0.5/(ps_guess*1.0e6*inputs['area']*gamt**0.5)
C:\Users\MEO\Desktop\Projects\JetEngine\boomsonic_v0\.venv\Lib\site-packages\pycycle\thermo\static_ps_resid.py:99: RuntimeWarning: The iteration is not making good progress, as measured by the 
 improvement from the last ten iterations.
  ps_guess, M_guess = fsolve(equations, (ps_guess, M_guess))
C:\Users\MEO\Desktop\Projects\JetEngine\boomsonic_v0\.venv\Lib\site-packages\openmdao\solvers\solver.py:819: SolverWarning:Your model has stalled three times and may be violating the bounds. In the future, turn on print_bound_enforce in your solver options here: 
OD0.turb.ideal_flow.nonlinear_solver.linesearch.options['print_bound_enforce']=True. 
The bound(s) being violated now are:

C:\Users\MEO\Desktop\Projects\JetEngine\boomsonic_v0\.venv\Lib\site-packages\openmdao\solvers\linesearch\backtracking.py:35: SolverWarning:'OD0.turb.ideal_flow.balance.T' exceeds upper bounds
  Val: [25897.19857327]
  Upper: [2500.]

C:\Users\MEO\Desktop\Projects\JetEngine\boomsonic_v0\.venv\Lib\site-packages\openmdao\solvers\solver.py:819: SolverWarning:Your model has stalled three times and may be violating the bounds. In the future, turn on print_bound_enforce in your solver options here: 
OD0.turb.real_flow_b4bld.nonlinear_solver.linesearch.options['print_bound_enforce']=True. 
The bound(s) being violated now are:

C:\Users\MEO\Desktop\Projects\JetEngine\boomsonic_v0\.venv\Lib\site-packages\openmdao\solvers\linesearch\backtracking.py:35: SolverWarning:'OD0.turb.real_flow_b4bld.balance.T' exceeds upper bounds
  Val: [6110.31169629]
  Upper: [2500.]

C:\Users\MEO\Desktop\Projects\JetEngine\boomsonic_v0\.venv\Lib\site-packages\openmdao\solvers\solver.py:819: SolverWarning:Your model has stalled three times and may be violating the bounds. In the future, turn on print_bound_enforce in your solver options here: 
OD0.turb.real_flow.nonlinear_solver.linesearch.options['print_bound_enforce']=True. 
The bound(s) being violated now are:

C:\Users\MEO\Desktop\Projects\JetEngine\boomsonic_v0\.venv\Lib\site-packages\openmdao\solvers\linesearch\backtracking.py:35: SolverWarning:'OD0.turb.real_flow.balance.T' exceeds upper bounds
  Val: [6110.31169629]
  Upper: [2500.]

C:\Users\MEO\Desktop\Projects\JetEngine\boomsonic_v0\.venv\Lib\site-packages\pycycle\thermo\static_ps_resid.py:128: RuntimeWarning: invalid value encountered in sqrt
  Vsonic = (i['gamma']*i['R']*i['Ts'])**0.5
C:\Users\MEO\Desktop\Projects\JetEngine\boomsonic_v0\.venv\Lib\site-packages\openmdao\solvers\solver.py:819: SolverWarning:Your model has stalled three times and may be violating the bounds. In the future, turn on print_bound_enforce in your solver options here: 
OD0.nozz.throat_total.nonlinear_solver.linesearch.options['print_bound_enforce']=True. 
The bound(s) being violated now are:

C:\Users\MEO\Desktop\Projects\JetEngine\boomsonic_v0\.venv\Lib\site-packages\openmdao\solvers\linesearch\backtracking.py:35: SolverWarning:'OD0.nozz.throat_total.balance.T' exceeds upper bounds
  Val: [6110.31169629]
  Upper: [2500.]

C:\Users\MEO\Desktop\Projects\JetEngine\boomsonic_v0\.venv\Lib\site-packages\pycycle\thermo\static_ps_resid.py:108: RuntimeWarning: invalid value encountered in sqrt
  Vsonic = (i['gamma']*i['R']*i['Ts'])**0.5
C:\Users\MEO\Desktop\Projects\JetEngine\boomsonic_v0\.venv\Lib\site-packages\openmdao\solvers\solver.py:819: SolverWarning:Your model has stalled three times and may be violating the bounds. In the future, turn on print_bound_enforce in your solver options here: 
OD0.nozz.staticPs.nonlinear_solver.linesearch.options['print_bound_enforce']=True. 
The bound(s) being violated now are:

C:\Users\MEO\Desktop\Projects\JetEngine\boomsonic_v0\.venv\Lib\site-packages\openmdao\solvers\linesearch\backtracking.py:35: SolverWarning:'OD0.nozz.staticPs.balance.T' exceeds upper bounds
  Val: [2500.00079101]
  Upper: [2500.]

C:\Users\MEO\Desktop\Projects\JetEngine\boomsonic_v0\.venv\Lib\site-packages\openmdao\solvers\solver.py:819: SolverWarning:Your model has stalled three times and may be violating the bounds. In the future, turn on print_bound_enforce in your solver options here: 
OD0.nozz.ideal_flow.nonlinear_solver.linesearch.options['print_bound_enforce']=True. 
The bound(s) being violated now are:

C:\Users\MEO\Desktop\Projects\JetEngine\boomsonic_v0\.venv\Lib\site-packages\openmdao\solvers\linesearch\backtracking.py:35: SolverWarning:'OD0.nozz.ideal_flow.balance.T' exceeds upper bounds
  Val: [2500.00079101]
  Upper: [2500.]

C:\Users\MEO\Desktop\Projects\JetEngine\boomsonic_v0\.venv\Lib\site-packages\pycycle\thermo\static_ps_resid.py:128: RuntimeWarning: invalid value encountered in sqrt
  Vsonic = (i['gamma']*i['R']*i['Ts'])**0.5
C:\Users\MEO\Desktop\Projects\JetEngine\boomsonic_v0\.venv\Lib\site-packages\pycycle\thermo\static_ps_resid.py:108: RuntimeWarning: invalid value encountered in sqrt
  Vsonic = (i['gamma']*i['R']*i['Ts'])**0.5
C:\Users\MEO\Desktop\Projects\JetEngine\boomsonic_v0\.venv\Lib\site-packages\pycycle\thermo\static_ps_resid.py:94: RuntimeWarning: invalid value encountered in sqrt
  f2 = MN - inputs['W']*(R_UNIVERSAL_SI*inputs['Ts'])**0.5/(ps_guess*1.0e6*inputs['area']*gamt**0.5)
C:\Users\MEO\Desktop\Projects\JetEngine\boomsonic_v0\.venv\Lib\site-packages\pycycle\thermo\static_ps_resid.py:99: RuntimeWarning: The iteration is not making good progress, as measured by the 
 improvement from the last ten iterations.
  ps_guess, M_guess = fsolve(equations, (ps_guess, M_guess))
C:\Users\MEO\Desktop\Projects\JetEngine\boomsonic_v0\.venv\Lib\site-packages\openmdao\solvers\solver.py:819: SolverWarning:Your model has stalled three times and may be violating the bounds. In the future, turn on print_bound_enforce in your solver options here: 
OD0.burner.vitiated_flow.nonlinear_solver.linesearch.options['print_bound_enforce']=True. 
The bound(s) being violated now are:

C:\Users\MEO\Desktop\Projects\JetEngine\boomsonic_v0\.venv\Lib\site-packages\openmdao\solvers\linesearch\backtracking.py:35: SolverWarning:'OD0.burner.vitiated_flow.balance.T' exceeds upper bounds
  Val: [3655.23461575]
  Upper: [2500.]

C:\Users\MEO\Desktop\Projects\JetEngine\boomsonic_v0\.venv\Lib\site-packages\pycycle\thermo\static_ps_resid.py:128: RuntimeWarning: invalid value encountered in sqrt
  Vsonic = (i['gamma']*i['R']*i['Ts'])**0.5
C:\Users\MEO\Desktop\Projects\JetEngine\boomsonic_v0\.venv\Lib\site-packages\pycycle\thermo\static_ps_resid.py:94: RuntimeWarning: invalid value encountered in sqrt
  f2 = MN - inputs['W']*(R_UNIVERSAL_SI*inputs['Ts'])**0.5/(ps_guess*1.0e6*inputs['area']*gamt**0.5)
C:\Users\MEO\Desktop\Projects\JetEngine\boomsonic_v0\.venv\Lib\site-packages\pycycle\thermo\static_ps_resid.py:99: RuntimeWarning: The iteration is not making good progress, as measured by the 
 improvement from the last ten iterations.
  ps_guess, M_guess = fsolve(equations, (ps_guess, M_guess))
C:\Users\MEO\Desktop\Projects\JetEngine\boomsonic_v0\.venv\Lib\site-packages\openmdao\solvers\solver.py:819: SolverWarning:Your model has stalled three times and may be violating the bounds. In the future, turn on print_bound_enforce in your solver options here: 
OD0.turb.ideal_flow.nonlinear_solver.linesearch.options['print_bound_enforce']=True. 
The bound(s) being violated now are:

C:\Users\MEO\Desktop\Projects\JetEngine\boomsonic_v0\.venv\Lib\site-packages\openmdao\solvers\linesearch\backtracking.py:35: SolverWarning:'OD0.turb.ideal_flow.balance.T' exceeds upper bounds
  Val: [25897.19857327]
  Upper: [2500.]

C:\Users\MEO\Desktop\Projects\JetEngine\boomsonic_v0\.venv\Lib\site-packages\openmdao\solvers\solver.py:819: SolverWarning:Your model has stalled three times and may be violating the bounds. In the future, turn on print_bound_enforce in your solver options here: 
OD0.turb.real_flow_b4bld.nonlinear_solver.linesearch.options['print_bound_enforce']=True. 
The bound(s) being violated now are:

C:\Users\MEO\Desktop\Projects\JetEngine\boomsonic_v0\.venv\Lib\site-packages\openmdao\solvers\linesearch\backtracking.py:35: SolverWarning:'OD0.turb.real_flow_b4bld.balance.T' exceeds upper bounds
  Val: [6110.31169629]
  Upper: [2500.]

C:\Users\MEO\Desktop\Projects\JetEngine\boomsonic_v0\.venv\Lib\site-packages\openmdao\solvers\solver.py:819: SolverWarning:Your model has stalled three times and may be violating the bounds. In the future, turn on print_bound_enforce in your solver options here: 
OD0.turb.real_flow.nonlinear_solver.linesearch.options['print_bound_enforce']=True. 
The bound(s) being violated now are:

C:\Users\MEO\Desktop\Projects\JetEngine\boomsonic_v0\.venv\Lib\site-packages\openmdao\solvers\linesearch\backtracking.py:35: SolverWarning:'OD0.turb.real_flow.balance.T' exceeds upper bounds
  Val: [6110.31169629]
  Upper: [2500.]

C:\Users\MEO\Desktop\Projects\JetEngine\boomsonic_v0\.venv\Lib\site-packages\pycycle\thermo\static_ps_resid.py:128: RuntimeWarning: invalid value encountered in sqrt
  Vsonic = (i['gamma']*i['R']*i['Ts'])**0.5
C:\Users\MEO\Desktop\Projects\JetEngine\boomsonic_v0\.venv\Lib\site-packages\openmdao\solvers\solver.py:819: SolverWarning:Your model has stalled three times and may be violating the bounds. In the future, turn on print_bound_enforce in your solver options here: 
OD0.nozz.throat_total.nonlinear_solver.linesearch.options['print_bound_enforce']=True. 
The bound(s) being violated now are:

C:\Users\MEO\Desktop\Projects\JetEngine\boomsonic_v0\.venv\Lib\site-packages\openmdao\solvers\linesearch\backtracking.py:35: SolverWarning:'OD0.nozz.throat_total.balance.T' exceeds upper bounds
  Val: [6110.31169629]
  Upper: [2500.]

C:\Users\MEO\Desktop\Projects\JetEngine\boomsonic_v0\.venv\Lib\site-packages\pycycle\thermo\static_ps_resid.py:108: RuntimeWarning: invalid value encountered in sqrt
  Vsonic = (i['gamma']*i['R']*i['Ts'])**0.5
C:\Users\MEO\Desktop\Projects\JetEngine\boomsonic_v0\.venv\Lib\site-packages\openmdao\solvers\solver.py:819: SolverWarning:Your model has stalled three times and may be violating the bounds. In the future, turn on print_bound_enforce in your solver options here: 
OD0.nozz.staticPs.nonlinear_solver.linesearch.options['print_bound_enforce']=True. 
The bound(s) being violated now are:

C:\Users\MEO\Desktop\Projects\JetEngine\boomsonic_v0\.venv\Lib\site-packages\openmdao\solvers\linesearch\backtracking.py:35: SolverWarning:'OD0.nozz.staticPs.balance.T' exceeds upper bounds
  Val: [2500.00079101]
  Upper: [2500.]

C:\Users\MEO\Desktop\Projects\JetEngine\boomsonic_v0\.venv\Lib\site-packages\openmdao\solvers\solver.py:819: SolverWarning:Your model has stalled three times and may be violating the bounds. In the future, turn on print_bound_enforce in your solver options here: 
OD0.nozz.ideal_flow.nonlinear_solver.linesearch.options['print_bound_enforce']=True. 
The bound(s) being violated now are:

C:\Users\MEO\Desktop\Projects\JetEngine\boomsonic_v0\.venv\Lib\site-packages\openmdao\solvers\linesearch\backtracking.py:35: SolverWarning:'OD0.nozz.ideal_flow.balance.T' exceeds upper bounds
  Val: [2500.00079101]
  Upper: [2500.]

C:\Users\MEO\Desktop\Projects\JetEngine\boomsonic_v0\.venv\Lib\site-packages\pycycle\thermo\static_ps_resid.py:128: RuntimeWarning: invalid value encountered in sqrt
  Vsonic = (i['gamma']*i['R']*i['Ts'])**0.5
C:\Users\MEO\Desktop\Projects\JetEngine\boomsonic_v0\.venv\Lib\site-packages\pycycle\thermo\static_ps_resid.py:108: RuntimeWarning: invalid value encountered in sqrt
  Vsonic = (i['gamma']*i['R']*i['Ts'])**0.5
C:\Users\MEO\Desktop\Projects\JetEngine\boomsonic_v0\.venv\Lib\site-packages\pycycle\thermo\static_ps_resid.py:94: RuntimeWarning: invalid value encountered in sqrt
  f2 = MN - inputs['W']*(R_UNIVERSAL_SI*inputs['Ts'])**0.5/(ps_guess*1.0e6*inputs['area']*gamt**0.5)
C:\Users\MEO\Desktop\Projects\JetEngine\boomsonic_v0\.venv\Lib\site-packages\pycycle\thermo\static_ps_resid.py:99: RuntimeWarning: The iteration is not making good progress, as measured by the 
 improvement from the last ten iterations.
  ps_guess, M_guess = fsolve(equations, (ps_guess, M_guess))
C:\Users\MEO\Desktop\Projects\JetEngine\boomsonic_v0\.venv\Lib\site-packages\pycycle\thermo\static_ps_resid.py:128: RuntimeWarning: invalid value encountered in sqrt
  Vsonic = (i['gamma']*i['R']*i['Ts'])**0.5
C:\Users\MEO\Desktop\Projects\JetEngine\boomsonic_v0\.venv\Lib\site-packages\pycycle\thermo\static_ps_resid.py:128: RuntimeWarning: invalid value encountered in sqrt
  Vsonic = (i['gamma']*i['R']*i['Ts'])**0.5
C:\Users\MEO\Desktop\Projects\JetEngine\boomsonic_v0\.venv\Lib\site-packages\pycycle\thermo\static_ps_resid.py:108: RuntimeWarning: invalid value encountered in sqrt
  Vsonic = (i['gamma']*i['R']*i['Ts'])**0.5
C:\Users\MEO\Desktop\Projects\JetEngine\boomsonic_v0\.venv\Lib\site-packages\pycycle\elements\turbine.py:40: RuntimeWarning: invalid value encountered in sqrt
  outputs['Wp'] = inputs['W_in'] * inputs['Tt']**0.5 / inputs['Pt']
C:\Users\MEO\Desktop\Projects\JetEngine\boomsonic_v0\.venv\Lib\site-packages\pycycle\elements\turbine.py:41: RuntimeWarning: invalid value encountered in power
  outputs['Np'] = inputs['Nmech'] * inputs['Tt']**-0.5
C:\Users\MEO\Desktop\Projects\JetEngine\boomsonic_v0\.venv\Lib\site-packages\openmdao\solvers\solver.py:819: SolverWarning:Your model has stalled three times and may be violating the bounds. In the future, turn on print_bound_enforce in your solver options here: 
OD0.comp.real_flow.nonlinear_solver.linesearch.options['print_bound_enforce']=True. 
The bound(s) being violated now are:

C:\Users\MEO\Desktop\Projects\JetEngine\boomsonic_v0\.venv\Lib\site-packages\openmdao\solvers\linesearch\backtracking.py:35: SolverWarning:'OD0.comp.real_flow.balance.T' exceeds upper bounds
  Val: [4119.09856823]
  Upper: [2500.]

C:\Users\MEO\Desktop\Projects\JetEngine\boomsonic_v0\.venv\Lib\site-packages\openmdao\solvers\solver.py:819: SolverWarning:Your model has stalled three times and may be violating the bounds. In the future, turn on print_bound_enforce in your solver options here: 
OD0.comp.sb_flow.nonlinear_solver.linesearch.options['print_bound_enforce']=True. 
The bound(s) being violated now are:

C:\Users\MEO\Desktop\Projects\JetEngine\boomsonic_v0\.venv\Lib\site-packages\openmdao\solvers\linesearch\backtracking.py:35: SolverWarning:'OD0.comp.sb_flow.balance.T' exceeds upper bounds
  Val: [2514.90083494]
  Upper: [2500.]

C:\Users\MEO\Desktop\Projects\JetEngine\boomsonic_v0\.venv\Lib\site-packages\openmdao\solvers\solver.py:819: SolverWarning:Your model has stalled three times and may be violating the bounds. In the future, turn on print_bound_enforce in your solver options here: 
OD0.comp.out_stat.nonlinear_solver.linesearch.options['print_bound_enforce']=True. 
The bound(s) being violated now are:

C:\Users\MEO\Desktop\Projects\JetEngine\boomsonic_v0\.venv\Lib\site-packages\openmdao\solvers\linesearch\backtracking.py:35: SolverWarning:'OD0.comp.out_stat.balance.T' exceeds upper bounds
  Val: [4102.07088191]
  Upper: [2500.]

C:\Users\MEO\Desktop\Projects\JetEngine\boomsonic_v0\.venv\Lib\site-packages\openmdao\solvers\solver.py:819: SolverWarning:Your model has stalled three times and may be violating the bounds. In the future, turn on print_bound_enforce in your solver options here: 
OD0.comp.out_stat.nonlinear_solver.linesearch.options['print_bound_enforce']=True. 
The bound(s) being violated now are:

C:\Users\MEO\Desktop\Projects\JetEngine\boomsonic_v0\.venv\Lib\site-packages\openmdao\solvers\linesearch\backtracking.py:35: SolverWarning:'OD0.comp.out_stat.balance.T' exceeds upper bounds
  Val: [4102.07088191]
  Upper: [2500.]

C:\Users\MEO\Desktop\Projects\JetEngine\boomsonic_v0\.venv\Lib\site-packages\openmdao\solvers\solver.py:819: SolverWarning:Your model has stalled three times and may be violating the bounds. In the future, turn on print_bound_enforce in your solver options here: 
OD0.burner.vitiated_flow.nonlinear_solver.linesearch.options['print_bound_enforce']=True. 
The bound(s) being violated now are:

C:\Users\MEO\Desktop\Projects\JetEngine\boomsonic_v0\.venv\Lib\site-packages\openmdao\solvers\linesearch\backtracking.py:35: SolverWarning:'OD0.burner.vitiated_flow.balance.T' exceeds upper bounds
  Val: [4108.91313735]
  Upper: [2500.]

C:\Users\MEO\Desktop\Projects\JetEngine\boomsonic_v0\.venv\Lib\site-packages\openmdao\solvers\solver.py:819: SolverWarning:Your model has stalled three times and may be violating the bounds. In the future, turn on print_bound_enforce in your solver options here: 
OD0.turb.ideal_flow.nonlinear_solver.linesearch.options['print_bound_enforce']=True. 
The bound(s) being violated now are:

C:\Users\MEO\Desktop\Projects\JetEngine\boomsonic_v0\.venv\Lib\site-packages\openmdao\solvers\linesearch\backtracking.py:35: SolverWarning:'OD0.turb.ideal_flow.balance.T' exceeds upper bounds
  Val: [3469.26493181]
  Upper: [2500.]

C:\Users\MEO\Desktop\Projects\JetEngine\boomsonic_v0\.venv\Lib\site-packages\openmdao\solvers\solver.py:819: SolverWarning:Your model has stalled three times and may be violating the bounds. In the future, turn on print_bound_enforce in your solver options here: 
OD0.turb.real_flow_b4bld.nonlinear_solver.linesearch.options['print_bound_enforce']=True. 
The bound(s) being violated now are:

C:\Users\MEO\Desktop\Projects\JetEngine\boomsonic_v0\.venv\Lib\site-packages\openmdao\solvers\linesearch\backtracking.py:35: SolverWarning:'OD0.turb.real_flow_b4bld.balance.T' exceeds upper bounds
  Val: [3741.74982474]
  Upper: [2500.]

C:\Users\MEO\Desktop\Projects\JetEngine\boomsonic_v0\.venv\Lib\site-packages\openmdao\solvers\solver.py:819: SolverWarning:Your model has stalled three times and may be violating the bounds. In the future, turn on print_bound_enforce in your solver options here: 
OD0.turb.real_flow.nonlinear_solver.linesearch.options['print_bound_enforce']=True. 
The bound(s) being violated now are:

C:\Users\MEO\Desktop\Projects\JetEngine\boomsonic_v0\.venv\Lib\site-packages\openmdao\solvers\linesearch\backtracking.py:35: SolverWarning:'OD0.turb.real_flow.balance.T' exceeds upper bounds
  Val: [3741.74982474]
  Upper: [2500.]

C:\Users\MEO\Desktop\Projects\JetEngine\boomsonic_v0\.venv\Lib\site-packages\openmdao\solvers\solver.py:819: SolverWarning:Your model has stalled three times and may be violating the bounds. In the future, turn on print_bound_enforce in your solver options here: 
OD0.nozz.throat_total.nonlinear_solver.linesearch.options['print_bound_enforce']=True. 
The bound(s) being violated now are:

C:\Users\MEO\Desktop\Projects\JetEngine\boomsonic_v0\.venv\Lib\site-packages\openmdao\solvers\linesearch\backtracking.py:35: SolverWarning:'OD0.nozz.throat_total.balance.T' exceeds upper bounds
  Val: [3741.74982474]
  Upper: [2500.]

C:\Users\MEO\Desktop\Projects\JetEngine\boomsonic_v0\.venv\Lib\site-packages\openmdao\solvers\solver.py:819: SolverWarning:Your model has stalled three times and may be violating the bounds. In the future, turn on print_bound_enforce in your solver options here: 
OD0.nozz.staticPs.nonlinear_solver.linesearch.options['print_bound_enforce']=True. 
The bound(s) being violated now are:

C:\Users\MEO\Desktop\Projects\JetEngine\boomsonic_v0\.venv\Lib\site-packages\openmdao\solvers\linesearch\backtracking.py:35: SolverWarning:'OD0.nozz.staticPs.balance.T' exceeds upper bounds
  Val: [3741.74926749]
  Upper: [2500.]

C:\Users\MEO\Desktop\Projects\JetEngine\boomsonic_v0\.venv\Lib\site-packages\openmdao\solvers\solver.py:819: SolverWarning:Your model has stalled three times and may be violating the bounds. In the future, turn on print_bound_enforce in your solver options here: 
OD0.nozz.ideal_flow.nonlinear_solver.linesearch.options['print_bound_enforce']=True. 
The bound(s) being violated now are:

C:\Users\MEO\Desktop\Projects\JetEngine\boomsonic_v0\.venv\Lib\site-packages\openmdao\solvers\linesearch\backtracking.py:35: SolverWarning:'OD0.nozz.ideal_flow.balance.T' exceeds upper bounds
  Val: [3741.74926749]
  Upper: [2500.]

C:\Users\MEO\Desktop\Projects\JetEngine\boomsonic_v0\.venv\Lib\site-packages\pycycle\thermo\static_ps_resid.py:128: RuntimeWarning: invalid value encountered in sqrt
  Vsonic = (i['gamma']*i['R']*i['Ts'])**0.5
C:\Users\MEO\Desktop\Projects\JetEngine\boomsonic_v0\.venv\Lib\site-packages\pycycle\elements\turbine.py:89: RuntimeWarning: invalid value encountered in log
  outputs['eff_poly'] = 1 + (S_out-S_in)/(Rt*np.log(invPR))
C:\Users\MEO\Desktop\Projects\JetEngine\boomsonic_v0\.venv\Lib\site-packages\pycycle\thermo\static_ps_resid.py:108: RuntimeWarning: invalid value encountered in sqrt
  Vsonic = (i['gamma']*i['R']*i['Ts'])**0.5
C:\Users\MEO\Desktop\Projects\JetEngine\boomsonic_v0\.venv\Lib\site-packages\pycycle\thermo\static_ps_calc.py:32: RuntimeWarning: invalid value encountered in sqrt
  outputs['Vsonic'] = Vsonic = np.sqrt(inputs['gamma'] * inputs['R'] * inputs['Ts'])
C:\Users\MEO\Desktop\Projects\JetEngine\boomsonic_v0\.venv\Lib\site-packages\pycycle\thermo\static_ps_resid.py:128: RuntimeWarning: invalid value encountered in sqrt
  Vsonic = (i['gamma']*i['R']*i['Ts'])**0.5
C:\Users\MEO\Desktop\Projects\JetEngine\boomsonic_v0\.venv\Lib\site-packages\openmdao\solvers\solver.py:819: SolverWarning:Your model has stalled three times and may be violating the bounds. In the future, turn on print_bound_enforce in your solver options here: 
OD0.burner.vitiated_flow.nonlinear_solver.linesearch.options['print_bound_enforce']=True. 
The bound(s) being violated now are:

C:\Users\MEO\Desktop\Projects\JetEngine\boomsonic_v0\.venv\Lib\site-packages\openmdao\solvers\linesearch\backtracking.py:35: SolverWarning:'OD0.burner.vitiated_flow.balance.T' exceeds upper bounds
  Val: [3827.48248475]
  Upper: [2500.]

C:\Users\MEO\Desktop\Projects\JetEngine\boomsonic_v0\.venv\Lib\site-packages\pycycle\thermo\static_ps_resid.py:128: RuntimeWarning: invalid value encountered in sqrt
  Vsonic = (i['gamma']*i['R']*i['Ts'])**0.5
C:\Users\MEO\Desktop\Projects\JetEngine\boomsonic_v0\.venv\Lib\site-packages\pycycle\thermo\static_ps_resid.py:94: RuntimeWarning: invalid value encountered in sqrt
  f2 = MN - inputs['W']*(R_UNIVERSAL_SI*inputs['Ts'])**0.5/(ps_guess*1.0e6*inputs['area']*gamt**0.5)
C:\Users\MEO\Desktop\Projects\JetEngine\boomsonic_v0\.venv\Lib\site-packages\pycycle\thermo\static_ps_resid.py:99: RuntimeWarning: The iteration is not making good progress, as measured by the 
 improvement from the last ten iterations.
  ps_guess, M_guess = fsolve(equations, (ps_guess, M_guess))
C:\Users\MEO\Desktop\Projects\JetEngine\boomsonic_v0\.venv\Lib\site-packages\openmdao\solvers\solver.py:819: SolverWarning:Your model has stalled three times and may be violating the bounds. In the future, turn on print_bound_enforce in your solver options here: 
OD0.turb.real_flow_b4bld.nonlinear_solver.linesearch.options['print_bound_enforce']=True. 
The bound(s) being violated now are:

C:\Users\MEO\Desktop\Projects\JetEngine\boomsonic_v0\.venv\Lib\site-packages\openmdao\solvers\linesearch\backtracking.py:35: SolverWarning:'OD0.turb.real_flow_b4bld.balance.T' exceeds upper bounds
  Val: [2930.30715513]
  Upper: [2500.]

C:\Users\MEO\Desktop\Projects\JetEngine\boomsonic_v0\.venv\Lib\site-packages\openmdao\solvers\solver.py:819: SolverWarning:Your model has stalled three times and may be violating the bounds. In the future, turn on print_bound_enforce in your solver options here: 
OD0.turb.real_flow.nonlinear_solver.linesearch.options['print_bound_enforce']=True. 
The bound(s) being violated now are:

C:\Users\MEO\Desktop\Projects\JetEngine\boomsonic_v0\.venv\Lib\site-packages\openmdao\solvers\linesearch\backtracking.py:35: SolverWarning:'OD0.turb.real_flow.balance.T' exceeds upper bounds
  Val: [2930.30715513]
  Upper: [2500.]

C:\Users\MEO\Desktop\Projects\JetEngine\boomsonic_v0\.venv\Lib\site-packages\pycycle\thermo\static_ps_resid.py:128: RuntimeWarning: invalid value encountered in sqrt
  Vsonic = (i['gamma']*i['R']*i['Ts'])**0.5
C:\Users\MEO\Desktop\Projects\JetEngine\boomsonic_v0\.venv\Lib\site-packages\pycycle\thermo\static_ps_resid.py:94: RuntimeWarning: invalid value encountered in sqrt
  f2 = MN - inputs['W']*(R_UNIVERSAL_SI*inputs['Ts'])**0.5/(ps_guess*1.0e6*inputs['area']*gamt**0.5)
C:\Users\MEO\Desktop\Projects\JetEngine\boomsonic_v0\.venv\Lib\site-packages\pycycle\thermo\static_ps_resid.py:99: RuntimeWarning: The iteration is not making good progress, as measured by the 
 improvement from the last ten iterations.
  ps_guess, M_guess = fsolve(equations, (ps_guess, M_guess))
C:\Users\MEO\Desktop\Projects\JetEngine\boomsonic_v0\.venv\Lib\site-packages\openmdao\solvers\solver.py:819: SolverWarning:Your model has stalled three times and may be violating the bounds. In the future, turn on print_bound_enforce in your solver options here: 
OD0.nozz.throat_total.nonlinear_solver.linesearch.options['print_bound_enforce']=True. 
The bound(s) being violated now are:

C:\Users\MEO\Desktop\Projects\JetEngine\boomsonic_v0\.venv\Lib\site-packages\openmdao\solvers\linesearch\backtracking.py:35: SolverWarning:'OD0.nozz.throat_total.balance.T' exceeds upper bounds
  Val: [2930.30715513]
  Upper: [2500.]

C:\Users\MEO\Desktop\Projects\JetEngine\boomsonic_v0\.venv\Lib\site-packages\pycycle\thermo\static_ps_resid.py:108: RuntimeWarning: invalid value encountered in sqrt
  Vsonic = (i['gamma']*i['R']*i['Ts'])**0.5
C:\Users\MEO\Desktop\Projects\JetEngine\boomsonic_v0\.venv\Lib\site-packages\pycycle\thermo\static_ps_resid.py:83: RuntimeWarning: invalid value encountered in power
  ps_guess = inputs['guess:Pt'] * (1 + (gamt-1)/2 * inputs['MN']**2)**(-gamt/(gamt-1))
C:\Users\MEO\Desktop\Projects\JetEngine\boomsonic_v0\.venv\Lib\site-packages\pycycle\thermo\static_ps_calc.py:32: RuntimeWarning: invalid value encountered in sqrt
  outputs['Vsonic'] = Vsonic = np.sqrt(inputs['gamma'] * inputs['R'] * inputs['Ts'])
C:\Users\MEO\Desktop\Projects\JetEngine\boomsonic_v0\.venv\Lib\site-packages\pycycle\thermo\static_ps_resid.py:128: RuntimeWarning: invalid value encountered in sqrt
  Vsonic = (i['gamma']*i['R']*i['Ts'])**0.5
C:\Users\MEO\Desktop\Projects\JetEngine\boomsonic_v0\.venv\Lib\site-packages\pycycle\thermo\static_ps_resid.py:94: RuntimeWarning: invalid value encountered in sqrt
  f2 = MN - inputs['W']*(R_UNIVERSAL_SI*inputs['Ts'])**0.5/(ps_guess*1.0e6*inputs['area']*gamt**0.5)
C:\Users\MEO\Desktop\Projects\JetEngine\boomsonic_v0\.venv\Lib\site-packages\pycycle\thermo\static_ps_resid.py:99: RuntimeWarning: The iteration is not making good progress, as measured by the 
 improvement from the last ten iterations.
  ps_guess, M_guess = fsolve(equations, (ps_guess, M_guess))
C:\Users\MEO\Desktop\Projects\JetEngine\boomsonic_v0\.venv\Lib\site-packages\openmdao\solvers\solver.py:819: SolverWarning:Your model has stalled three times and may be violating the bounds. In the future, turn on print_bound_enforce in your solver options here: 
OD0.burner.vitiated_flow.nonlinear_solver.linesearch.options['print_bound_enforce']=True. 
The bound(s) being violated now are:

C:\Users\MEO\Desktop\Projects\JetEngine\boomsonic_v0\.venv\Lib\site-packages\openmdao\solvers\linesearch\backtracking.py:35: SolverWarning:'OD0.burner.vitiated_flow.balance.T' exceeds upper bounds
  Val: [3827.48248475]
  Upper: [2500.]

C:\Users\MEO\Desktop\Projects\JetEngine\boomsonic_v0\.venv\Lib\site-packages\pycycle\thermo\static_ps_resid.py:128: RuntimeWarning: invalid value encountered in sqrt
  Vsonic = (i['gamma']*i['R']*i['Ts'])**0.5
C:\Users\MEO\Desktop\Projects\JetEngine\boomsonic_v0\.venv\Lib\site-packages\pycycle\thermo\static_ps_resid.py:94: RuntimeWarning: invalid value encountered in sqrt
  f2 = MN - inputs['W']*(R_UNIVERSAL_SI*inputs['Ts'])**0.5/(ps_guess*1.0e6*inputs['area']*gamt**0.5)
C:\Users\MEO\Desktop\Projects\JetEngine\boomsonic_v0\.venv\Lib\site-packages\pycycle\thermo\static_ps_resid.py:99: RuntimeWarning: The iteration is not making good progress, as measured by the 
 improvement from the last ten iterations.
  ps_guess, M_guess = fsolve(equations, (ps_guess, M_guess))
C:\Users\MEO\Desktop\Projects\JetEngine\boomsonic_v0\.venv\Lib\site-packages\openmdao\solvers\solver.py:819: SolverWarning:Your model has stalled three times and may be violating the bounds. In the future, turn on print_bound_enforce in your solver options here: 
OD0.turb.real_flow_b4bld.nonlinear_solver.linesearch.options['print_bound_enforce']=True. 
The bound(s) being violated now are:

C:\Users\MEO\Desktop\Projects\JetEngine\boomsonic_v0\.venv\Lib\site-packages\openmdao\solvers\linesearch\backtracking.py:35: SolverWarning:'OD0.turb.real_flow_b4bld.balance.T' exceeds upper bounds
  Val: [2930.30715513]
  Upper: [2500.]

C:\Users\MEO\Desktop\Projects\JetEngine\boomsonic_v0\.venv\Lib\site-packages\openmdao\solvers\solver.py:819: SolverWarning:Your model has stalled three times and may be violating the bounds. In the future, turn on print_bound_enforce in your solver options here: 
OD0.turb.real_flow.nonlinear_solver.linesearch.options['print_bound_enforce']=True. 
The bound(s) being violated now are:

C:\Users\MEO\Desktop\Projects\JetEngine\boomsonic_v0\.venv\Lib\site-packages\openmdao\solvers\linesearch\backtracking.py:35: SolverWarning:'OD0.turb.real_flow.balance.T' exceeds upper bounds
  Val: [2930.30715513]
  Upper: [2500.]

C:\Users\MEO\Desktop\Projects\JetEngine\boomsonic_v0\.venv\Lib\site-packages\pycycle\thermo\static_ps_resid.py:128: RuntimeWarning: invalid value encountered in sqrt
  Vsonic = (i['gamma']*i['R']*i['Ts'])**0.5
C:\Users\MEO\Desktop\Projects\JetEngine\boomsonic_v0\.venv\Lib\site-packages\pycycle\thermo\static_ps_resid.py:94: RuntimeWarning: invalid value encountered in sqrt
  f2 = MN - inputs['W']*(R_UNIVERSAL_SI*inputs['Ts'])**0.5/(ps_guess*1.0e6*inputs['area']*gamt**0.5)
C:\Users\MEO\Desktop\Projects\JetEngine\boomsonic_v0\.venv\Lib\site-packages\pycycle\thermo\static_ps_resid.py:99: RuntimeWarning: The iteration is not making good progress, as measured by the 
 improvement from the last ten iterations.
  ps_guess, M_guess = fsolve(equations, (ps_guess, M_guess))
C:\Users\MEO\Desktop\Projects\JetEngine\boomsonic_v0\.venv\Lib\site-packages\openmdao\solvers\solver.py:819: SolverWarning:Your model has stalled three times and may be violating the bounds. In the future, turn on print_bound_enforce in your solver options here: 
OD0.nozz.throat_total.nonlinear_solver.linesearch.options['print_bound_enforce']=True. 
The bound(s) being violated now are:

C:\Users\MEO\Desktop\Projects\JetEngine\boomsonic_v0\.venv\Lib\site-packages\openmdao\solvers\linesearch\backtracking.py:35: SolverWarning:'OD0.nozz.throat_total.balance.T' exceeds upper bounds
  Val: [2930.30715513]
  Upper: [2500.]

C:\Users\MEO\Desktop\Projects\JetEngine\boomsonic_v0\.venv\Lib\site-packages\pycycle\thermo\static_ps_resid.py:108: RuntimeWarning: invalid value encountered in sqrt
  Vsonic = (i['gamma']*i['R']*i['Ts'])**0.5
C:\Users\MEO\Desktop\Projects\JetEngine\boomsonic_v0\.venv\Lib\site-packages\pycycle\thermo\static_ps_resid.py:83: RuntimeWarning: invalid value encountered in power
  ps_guess = inputs['guess:Pt'] * (1 + (gamt-1)/2 * inputs['MN']**2)**(-gamt/(gamt-1))
C:\Users\MEO\Desktop\Projects\JetEngine\boomsonic_v0\.venv\Lib\site-packages\pycycle\thermo\static_ps_calc.py:32: RuntimeWarning: invalid value encountered in sqrt
  outputs['Vsonic'] = Vsonic = np.sqrt(inputs['gamma'] * inputs['R'] * inputs['Ts'])
C:\Users\MEO\Desktop\Projects\JetEngine\boomsonic_v0\.venv\Lib\site-packages\pycycle\thermo\static_ps_resid.py:128: RuntimeWarning: invalid value encountered in sqrt
  Vsonic = (i['gamma']*i['R']*i['Ts'])**0.5
C:\Users\MEO\Desktop\Projects\JetEngine\boomsonic_v0\.venv\Lib\site-packages\pycycle\thermo\static_ps_resid.py:94: RuntimeWarning: invalid value encountered in sqrt
  f2 = MN - inputs['W']*(R_UNIVERSAL_SI*inputs['Ts'])**0.5/(ps_guess*1.0e6*inputs['area']*gamt**0.5)
C:\Users\MEO\Desktop\Projects\JetEngine\boomsonic_v0\.venv\Lib\site-packages\pycycle\thermo\static_ps_resid.py:99: RuntimeWarning: The iteration is not making good progress, as measured by the 
 improvement from the last ten iterations.
  ps_guess, M_guess = fsolve(equations, (ps_guess, M_guess))
C:\Users\MEO\Desktop\Projects\JetEngine\boomsonic_v0\.venv\Lib\site-packages\openmdao\solvers\solver.py:819: SolverWarning:Your model has stalled three times and may be violating the bounds. In the future, turn on print_bound_enforce in your solver options here: 
OD0.burner.vitiated_flow.nonlinear_solver.linesearch.options['print_bound_enforce']=True. 
The bound(s) being violated now are:

C:\Users\MEO\Desktop\Projects\JetEngine\boomsonic_v0\.venv\Lib\site-packages\openmdao\solvers\linesearch\backtracking.py:35: SolverWarning:'OD0.burner.vitiated_flow.balance.T' exceeds upper bounds
  Val: [3827.48248475]
  Upper: [2500.]

C:\Users\MEO\Desktop\Projects\JetEngine\boomsonic_v0\.venv\Lib\site-packages\pycycle\thermo\static_ps_resid.py:128: RuntimeWarning: invalid value encountered in sqrt
  Vsonic = (i['gamma']*i['R']*i['Ts'])**0.5
C:\Users\MEO\Desktop\Projects\JetEngine\boomsonic_v0\.venv\Lib\site-packages\pycycle\thermo\static_ps_resid.py:94: RuntimeWarning: invalid value encountered in sqrt
  f2 = MN - inputs['W']*(R_UNIVERSAL_SI*inputs['Ts'])**0.5/(ps_guess*1.0e6*inputs['area']*gamt**0.5)
C:\Users\MEO\Desktop\Projects\JetEngine\boomsonic_v0\.venv\Lib\site-packages\pycycle\thermo\static_ps_resid.py:99: RuntimeWarning: The iteration is not making good progress, as measured by the 
 improvement from the last ten iterations.
  ps_guess, M_guess = fsolve(equations, (ps_guess, M_guess))
C:\Users\MEO\Desktop\Projects\JetEngine\boomsonic_v0\.venv\Lib\site-packages\openmdao\solvers\solver.py:819: SolverWarning:Your model has stalled three times and may be violating the bounds. In the future, turn on print_bound_enforce in your solver options here: 
OD0.turb.real_flow_b4bld.nonlinear_solver.linesearch.options['print_bound_enforce']=True. 
The bound(s) being violated now are:

C:\Users\MEO\Desktop\Projects\JetEngine\boomsonic_v0\.venv\Lib\site-packages\openmdao\solvers\linesearch\backtracking.py:35: SolverWarning:'OD0.turb.real_flow_b4bld.balance.T' exceeds upper bounds
  Val: [2930.30715513]
  Upper: [2500.]

C:\Users\MEO\Desktop\Projects\JetEngine\boomsonic_v0\.venv\Lib\site-packages\openmdao\solvers\solver.py:819: SolverWarning:Your model has stalled three times and may be violating the bounds. In the future, turn on print_bound_enforce in your solver options here: 
OD0.turb.real_flow.nonlinear_solver.linesearch.options['print_bound_enforce']=True. 
The bound(s) being violated now are:

C:\Users\MEO\Desktop\Projects\JetEngine\boomsonic_v0\.venv\Lib\site-packages\openmdao\solvers\linesearch\backtracking.py:35: SolverWarning:'OD0.turb.real_flow.balance.T' exceeds upper bounds
  Val: [2930.30715513]
  Upper: [2500.]

C:\Users\MEO\Desktop\Projects\JetEngine\boomsonic_v0\.venv\Lib\site-packages\pycycle\thermo\static_ps_resid.py:128: RuntimeWarning: invalid value encountered in sqrt
  Vsonic = (i['gamma']*i['R']*i['Ts'])**0.5
C:\Users\MEO\Desktop\Projects\JetEngine\boomsonic_v0\.venv\Lib\site-packages\pycycle\thermo\static_ps_resid.py:94: RuntimeWarning: invalid value encountered in sqrt
  f2 = MN - inputs['W']*(R_UNIVERSAL_SI*inputs['Ts'])**0.5/(ps_guess*1.0e6*inputs['area']*gamt**0.5)
C:\Users\MEO\Desktop\Projects\JetEngine\boomsonic_v0\.venv\Lib\site-packages\pycycle\thermo\static_ps_resid.py:99: RuntimeWarning: The iteration is not making good progress, as measured by the 
 improvement from the last ten iterations.
  ps_guess, M_guess = fsolve(equations, (ps_guess, M_guess))
C:\Users\MEO\Desktop\Projects\JetEngine\boomsonic_v0\.venv\Lib\site-packages\openmdao\solvers\solver.py:819: SolverWarning:Your model has stalled three times and may be violating the bounds. In the future, turn on print_bound_enforce in your solver options here: 
OD0.nozz.throat_total.nonlinear_solver.linesearch.options['print_bound_enforce']=True. 
The bound(s) being violated now are:

C:\Users\MEO\Desktop\Projects\JetEngine\boomsonic_v0\.venv\Lib\site-packages\openmdao\solvers\linesearch\backtracking.py:35: SolverWarning:'OD0.nozz.throat_total.balance.T' exceeds upper bounds
  Val: [2930.30715513]
  Upper: [2500.]

C:\Users\MEO\Desktop\Projects\JetEngine\boomsonic_v0\.venv\Lib\site-packages\pycycle\thermo\static_ps_resid.py:108: RuntimeWarning: invalid value encountered in sqrt
  Vsonic = (i['gamma']*i['R']*i['Ts'])**0.5
C:\Users\MEO\Desktop\Projects\JetEngine\boomsonic_v0\.venv\Lib\site-packages\pycycle\thermo\static_ps_resid.py:83: RuntimeWarning: invalid value encountered in power
  ps_guess = inputs['guess:Pt'] * (1 + (gamt-1)/2 * inputs['MN']**2)**(-gamt/(gamt-1))
C:\Users\MEO\Desktop\Projects\JetEngine\boomsonic_v0\.venv\Lib\site-packages\pycycle\thermo\static_ps_calc.py:32: RuntimeWarning: invalid value encountered in sqrt
  outputs['Vsonic'] = Vsonic = np.sqrt(inputs['gamma'] * inputs['R'] * inputs['Ts'])
C:\Users\MEO\Desktop\Projects\JetEngine\boomsonic_v0\.venv\Lib\site-packages\pycycle\thermo\static_ps_resid.py:128: RuntimeWarning: invalid value encountered in sqrt
  Vsonic = (i['gamma']*i['R']*i['Ts'])**0.5
C:\Users\MEO\Desktop\Projects\JetEngine\boomsonic_v0\.venv\Lib\site-packages\pycycle\thermo\static_ps_resid.py:94: RuntimeWarning: invalid value encountered in sqrt
  f2 = MN - inputs['W']*(R_UNIVERSAL_SI*inputs['Ts'])**0.5/(ps_guess*1.0e6*inputs['area']*gamt**0.5)
C:\Users\MEO\Desktop\Projects\JetEngine\boomsonic_v0\.venv\Lib\site-packages\pycycle\thermo\static_ps_resid.py:99: RuntimeWarning: The iteration is not making good progress, as measured by the 
 improvement from the last ten iterations.
  ps_guess, M_guess = fsolve(equations, (ps_guess, M_guess))
C:\Users\MEO\Desktop\Projects\JetEngine\boomsonic_v0\.venv\Lib\site-packages\pycycle\thermo\static_ps_resid.py:128: RuntimeWarning: invalid value encountered in sqrt
  Vsonic = (i['gamma']*i['R']*i['Ts'])**0.5
C:\Users\MEO\Desktop\Projects\JetEngine\boomsonic_v0\.venv\Lib\site-packages\pycycle\thermo\static_ps_resid.py:128: RuntimeWarning: invalid value encountered in sqrt
  Vsonic = (i['gamma']*i['R']*i['Ts'])**0.5
C:\Users\MEO\Desktop\Projects\JetEngine\boomsonic_v0\.venv\Lib\site-packages\pycycle\thermo\static_ps_resid.py:108: RuntimeWarning: invalid value encountered in sqrt
  Vsonic = (i['gamma']*i['R']*i['Ts'])**0.5
C:\Users\MEO\Desktop\Projects\JetEngine\boomsonic_v0\.venv\Lib\site-packages\pycycle\elements\turbine.py:40: RuntimeWarning: invalid value encountered in sqrt
  outputs['Wp'] = inputs['W_in'] * inputs['Tt']**0.5 / inputs['Pt']
C:\Users\MEO\Desktop\Projects\JetEngine\boomsonic_v0\.venv\Lib\site-packages\pycycle\elements\turbine.py:41: RuntimeWarning: invalid value encountered in power
  outputs['Np'] = inputs['Nmech'] * inputs['Tt']**-0.5
C:\Users\MEO\Desktop\Projects\JetEngine\boomsonic_v0\.venv\Lib\site-packages\pycycle\thermo\static_ps_resid.py:128: RuntimeWarning: invalid value encountered in sqrt
  Vsonic = (i['gamma']*i['R']*i['Ts'])**0.5
C:\Users\MEO\Desktop\Projects\JetEngine\boomsonic_v0\.venv\Lib\site-packages\pycycle\elements\turbine.py:89: RuntimeWarning: invalid value encountered in log
  outputs['eff_poly'] = 1 + (S_out-S_in)/(Rt*np.log(invPR))
C:\Users\MEO\Desktop\Projects\JetEngine\boomsonic_v0\.venv\Lib\site-packages\pycycle\thermo\static_ps_resid.py:108: RuntimeWarning: invalid value encountered in sqrt
  Vsonic = (i['gamma']*i['R']*i['Ts'])**0.5
C:\Users\MEO\Desktop\Projects\JetEngine\boomsonic_v0\.venv\Lib\site-packages\pycycle\thermo\static_ps_calc.py:32: RuntimeWarning: invalid value encountered in sqrt
  outputs['Vsonic'] = Vsonic = np.sqrt(inputs['gamma'] * inputs['R'] * inputs['Ts'])
C:\Users\MEO\Desktop\Projects\JetEngine\boomsonic_v0\.venv\Lib\site-packages\openmdao\solvers\solver.py:819: SolverWarning:Your model has stalled three times and may be violating the bounds. In the future, turn on print_bound_enforce in your solver options here: 
OD0.burner.vitiated_flow.nonlinear_solver.linesearch.options['print_bound_enforce']=True. 
The bound(s) being violated now are:

C:\Users\MEO\Desktop\Projects\JetEngine\boomsonic_v0\.venv\Lib\site-packages\openmdao\solvers\linesearch\backtracking.py:35: SolverWarning:'OD0.burner.vitiated_flow.balance.T' exceeds upper bounds
  Val: [3430.18477143]
  Upper: [2500.]

C:\Users\MEO\Desktop\Projects\JetEngine\boomsonic_v0\.venv\Lib\site-packages\pycycle\thermo\static_ps_resid.py:128: RuntimeWarning: invalid value encountered in sqrt
  Vsonic = (i['gamma']*i['R']*i['Ts'])**0.5
C:\Users\MEO\Desktop\Projects\JetEngine\boomsonic_v0\.venv\Lib\site-packages\pycycle\thermo\static_ps_resid.py:128: RuntimeWarning: invalid value encountered in sqrt
  Vsonic = (i['gamma']*i['R']*i['Ts'])**0.5
C:\Users\MEO\Desktop\Projects\JetEngine\boomsonic_v0\.venv\Lib\site-packages\pycycle\thermo\static_ps_resid.py:128: RuntimeWarning: invalid value encountered in sqrt
  Vsonic = (i['gamma']*i['R']*i['Ts'])**0.5
C:\Users\MEO\Desktop\Projects\JetEngine\boomsonic_v0\.venv\Lib\site-packages\pycycle\thermo\static_ps_resid.py:128: RuntimeWarning: invalid value encountered in sqrt
  Vsonic = (i['gamma']*i['R']*i['Ts'])**0.5
C:\Users\MEO\Desktop\Projects\JetEngine\boomsonic_v0\.venv\Lib\site-packages\pycycle\thermo\static_ps_resid.py:128: RuntimeWarning: invalid value encountered in sqrt
  Vsonic = (i['gamma']*i['R']*i['Ts'])**0.5
C:\Users\MEO\Desktop\Projects\JetEngine\boomsonic_v0\.venv\Lib\site-packages\openmdao\solvers\solver.py:819: SolverWarning:Your model has stalled three times and may be violating the bounds. In the future, turn on print_bound_enforce in your solver options here: 
OD0.turb.real_flow_b4bld.nonlinear_solver.linesearch.options['print_bound_enforce']=True. 
The bound(s) being violated now are:

C:\Users\MEO\Desktop\Projects\JetEngine\boomsonic_v0\.venv\Lib\site-packages\openmdao\solvers\linesearch\backtracking.py:35: SolverWarning:'OD0.turb.real_flow_b4bld.balance.T' exceeds upper bounds
  Val: [2800.79726803]
  Upper: [2500.]

C:\Users\MEO\Desktop\Projects\JetEngine\boomsonic_v0\.venv\Lib\site-packages\openmdao\solvers\solver.py:819: SolverWarning:Your model has stalled three times and may be violating the bounds. In the future, turn on print_bound_enforce in your solver options here: 
OD0.turb.real_flow.nonlinear_solver.linesearch.options['print_bound_enforce']=True. 
The bound(s) being violated now are:

C:\Users\MEO\Desktop\Projects\JetEngine\boomsonic_v0\.venv\Lib\site-packages\openmdao\solvers\linesearch\backtracking.py:35: SolverWarning:'OD0.turb.real_flow.balance.T' exceeds upper bounds
  Val: [2800.79726803]
  Upper: [2500.]

C:\Users\MEO\Desktop\Projects\JetEngine\boomsonic_v0\.venv\Lib\site-packages\pycycle\thermo\static_ps_resid.py:128: RuntimeWarning: invalid value encountered in sqrt
  Vsonic = (i['gamma']*i['R']*i['Ts'])**0.5
C:\Users\MEO\Desktop\Projects\JetEngine\boomsonic_v0\.venv\Lib\site-packages\openmdao\solvers\solver.py:819: SolverWarning:Your model has stalled three times and may be violating the bounds. In the future, turn on print_bound_enforce in your solver options here: 
OD0.nozz.throat_total.nonlinear_solver.linesearch.options['print_bound_enforce']=True. 
The bound(s) being violated now are:

C:\Users\MEO\Desktop\Projects\JetEngine\boomsonic_v0\.venv\Lib\site-packages\openmdao\solvers\linesearch\backtracking.py:35: SolverWarning:'OD0.nozz.throat_total.balance.T' exceeds upper bounds
  Val: [2800.79726803]
  Upper: [2500.]

C:\Users\MEO\Desktop\Projects\JetEngine\boomsonic_v0\.venv\Lib\site-packages\pycycle\thermo\static_ps_resid.py:108: RuntimeWarning: invalid value encountered in sqrt
  Vsonic = (i['gamma']*i['R']*i['Ts'])**0.5
C:\Users\MEO\Desktop\Projects\JetEngine\boomsonic_v0\.venv\Lib\site-packages\pycycle\thermo\static_ps_resid.py:128: RuntimeWarning: invalid value encountered in sqrt
  Vsonic = (i['gamma']*i['R']*i['Ts'])**0.5
