C:\Users\MEO\Desktop\Projects\JetEngine\boomsonic_v0\.venv\Lib\site-packages\pycycle\elements\turbine.py:40: RuntimeWarning: invalid value encountered in sqrt
  outputs['Wp'] = inputs['W_in'] * inputs['Tt']**0.5 / inputs['Pt']
C:\Users\MEO\Desktop\Projects\JetEngine\boomsonic_v0\.venv\Lib\site-packages\pycycle\elements\turbine.py:41: RuntimeWarning: invalid value encountered in power
  outputs['Np'] = inputs['Nmech'] * inputs['Tt']**-0.5
C:\Users\MEO\Desktop\Projects\JetEngine\boomsonic_v0\.venv\Lib\site-packages\openmdao\solvers\solver.py:819: SolverWarning:Your model has stalled three times and may be violating the bounds. In the future, turn on print_bound_enforce in your solver options here: 
OD0.inlet.out_stat.nonlinear_solver.linesearch.options['print_bound_enforce']=True. 
The bound(s) being violated now are:

C:\Users\MEO\Desktop\Projects\JetEngine\boomsonic_v0\.venv\Lib\site-packages\openmdao\solvers\linesearch\backtracking.py:39: SolverWarning:'OD0.inlet.out_stat.balance.T' exceeds lower bounds
  Val: [-224.71974773]
  Lower: [150.]

C:\Users\MEO\Desktop\Projects\JetEngine\boomsonic_v0\.venv\Lib\site-packages\openmdao\solvers\linesearch\backtracking.py:39: SolverWarning:'OD0.inlet.out_stat.ps_resid.Ps' exceeds lower bounds
  Val: [-0.00109596]
  Lower: [-0.0009009]

C:\Users\MEO\Desktop\Projects\JetEngine\boomsonic_v0\.venv\Lib\site-packages\openmdao\solvers\solver.py:819: SolverWarning:Your model has stalled three times and may be violating the bounds. In the future, turn on print_bound_enforce in your solver options here: 
OD0.duct.out_stat.nonlinear_solver.linesearch.options['print_bound_enforce']=True. 
The bound(s) being violated now are:

C:\Users\MEO\Desktop\Projects\JetEngine\boomsonic_v0\.venv\Lib\site-packages\openmdao\solvers\linesearch\backtracking.py:39: SolverWarning:'OD0.duct.out_stat.balance.T' exceeds lower bounds
  Val: [-222.75125009]
  Lower: [150.]

C:\Users\MEO\Desktop\Projects\JetEngine\boomsonic_v0\.venv\Lib\site-packages\openmdao\solvers\linesearch\backtracking.py:39: SolverWarning:'OD0.duct.out_stat.ps_resid.Ps' exceeds lower bounds
  Val: [-0.00109467]
  Lower: [-0.0009009]

C:\Users\MEO\Desktop\Projects\JetEngine\boomsonic_v0\.venv\Lib\site-packages\openmdao\solvers\solver.py:819: SolverWarning:Your model has stalled three times and may be violating the bounds. In the future, turn on print_bound_enforce in your solver options here: 
OD0.comp.ideal_flow.nonlinear_solver.linesearch.options['print_bound_enforce']=True. 
The bound(s) being violated now are:

C:\Users\MEO\Desktop\Projects\JetEngine\boomsonic_v0\.venv\Lib\site-packages\openmdao\solvers\linesearch\backtracking.py:39: SolverWarning:'OD0.comp.ideal_flow.balance.T' exceeds lower bounds
  Val: [-3.03258294e+10]
  Lower: [150.]

C:\Users\MEO\Desktop\Projects\JetEngine\boomsonic_v0\.venv\Lib\site-packages\pycycle\elements\compressor.py:75: RuntimeWarning: invalid value encountered in log
  outputs['eff_poly'] = Rt * np.log(PR) / ( Rt*np.log(PR) + S_out - S_in )
C:\Users\MEO\Desktop\Projects\JetEngine\boomsonic_v0\.venv\Lib\site-packages\pycycle\thermo\static_ps_resid.py:128: RuntimeWarning: invalid value encountered in sqrt
  Vsonic = (i['gamma']*i['R']*i['Ts'])**0.5
C:\Users\MEO\Desktop\Projects\JetEngine\boomsonic_v0\.venv\Lib\site-packages\pycycle\thermo\static_ps_resid.py:128: RuntimeWarning: invalid value encountered in sqrt
  Vsonic = (i['gamma']*i['R']*i['Ts'])**0.5
C:\Users\MEO\Desktop\Projects\JetEngine\boomsonic_v0\.venv\Lib\site-packages\pycycle\thermo\static_ps_resid.py:98: RuntimeWarning: invalid value encountered in power
  ps_guess = inputs['guess:Pt'] * (1 + (gamt-1)/2 * M_guess**2)**(-gamt/(gamt-1))
C:\Users\MEO\Desktop\Projects\JetEngine\boomsonic_v0\.venv\Lib\site-packages\pycycle\thermo\static_ps_resid.py:93: RuntimeWarning: invalid value encountered in power
  f1 = ps - inputs['guess:Pt'] * (1 + (gamt-1)/2 * M_guess**2)**(-gamt/(gamt-1))
C:\Users\MEO\Desktop\Projects\JetEngine\boomsonic_v0\.venv\Lib\site-packages\pycycle\thermo\static_ps_resid.py:94: RuntimeWarning: invalid value encountered in sqrt
  f2 = MN - inputs['W']*(R_UNIVERSAL_SI*inputs['Ts'])**0.5/(ps_guess*1.0e6*inputs['area']*gamt**0.5)
C:\Users\MEO\Desktop\Projects\JetEngine\boomsonic_v0\.venv\Lib\site-packages\pycycle\thermo\static_ps_resid.py:99: RuntimeWarning: The iteration is not making good progress, as measured by the 
 improvement from the last ten iterations.
  ps_guess, M_guess = fsolve(equations, (ps_guess, M_guess))
C:\Users\MEO\Desktop\Projects\JetEngine\boomsonic_v0\.venv\Lib\site-packages\pycycle\thermo\static_ps_resid.py:128: RuntimeWarning: invalid value encountered in sqrt
  Vsonic = (i['gamma']*i['R']*i['Ts'])**0.5
C:\Users\MEO\Desktop\Projects\JetEngine\boomsonic_v0\.venv\Lib\site-packages\pycycle\thermo\static_ps_resid.py:128: RuntimeWarning: invalid value encountered in sqrt
  Vsonic = (i['gamma']*i['R']*i['Ts'])**0.5
C:\Users\MEO\Desktop\Projects\JetEngine\boomsonic_v0\.venv\Lib\site-packages\pycycle\thermo\static_ps_resid.py:128: RuntimeWarning: invalid value encountered in sqrt
  Vsonic = (i['gamma']*i['R']*i['Ts'])**0.5
C:\Users\MEO\Desktop\Projects\JetEngine\boomsonic_v0\.venv\Lib\site-packages\pycycle\thermo\static_ps_resid.py:128: RuntimeWarning: invalid value encountered in sqrt
  Vsonic = (i['gamma']*i['R']*i['Ts'])**0.5
C:\Users\MEO\Desktop\Projects\JetEngine\boomsonic_v0\.venv\Lib\site-packages\pycycle\thermo\static_ps_resid.py:128: RuntimeWarning: invalid value encountered in sqrt
  Vsonic = (i['gamma']*i['R']*i['Ts'])**0.5
C:\Users\MEO\Desktop\Projects\JetEngine\boomsonic_v0\.venv\Lib\site-packages\pycycle\thermo\static_ps_resid.py:128: RuntimeWarning: invalid value encountered in sqrt
  Vsonic = (i['gamma']*i['R']*i['Ts'])**0.5
C:\Users\MEO\Desktop\Projects\JetEngine\boomsonic_v0\.venv\Lib\site-packages\pycycle\thermo\static_ps_resid.py:128: RuntimeWarning: invalid value encountered in sqrt
  Vsonic = (i['gamma']*i['R']*i['Ts'])**0.5
C:\Users\MEO\Desktop\Projects\JetEngine\boomsonic_v0\.venv\Lib\site-packages\pycycle\thermo\static_ps_resid.py:83: RuntimeWarning: invalid value encountered in power
  ps_guess = inputs['guess:Pt'] * (1 + (gamt-1)/2 * inputs['MN']**2)**(-gamt/(gamt-1))
C:\Users\MEO\Desktop\Projects\JetEngine\boomsonic_v0\.venv\Lib\site-packages\pycycle\thermo\static_ps_resid.py:108: RuntimeWarning: invalid value encountered in sqrt
  Vsonic = (i['gamma']*i['R']*i['Ts'])**0.5
C:\Users\MEO\Desktop\Projects\JetEngine\boomsonic_v0\.venv\Lib\site-packages\pycycle\thermo\static_ps_resid.py:108: RuntimeWarning: invalid value encountered in sqrt
  Vsonic = (i['gamma']*i['R']*i['Ts'])**0.5
C:\Users\MEO\Desktop\Projects\JetEngine\boomsonic_v0\.venv\Lib\site-packages\pycycle\thermo\static_ps_resid.py:108: RuntimeWarning: invalid value encountered in sqrt
  Vsonic = (i['gamma']*i['R']*i['Ts'])**0.5
C:\Users\MEO\Desktop\Projects\JetEngine\boomsonic_v0\.venv\Lib\site-packages\pycycle\thermo\static_ps_resid.py:108: RuntimeWarning: invalid value encountered in sqrt
  Vsonic = (i['gamma']*i['R']*i['Ts'])**0.5
C:\Users\MEO\Desktop\Projects\JetEngine\boomsonic_v0\.venv\Lib\site-packages\pycycle\thermo\static_ps_resid.py:108: RuntimeWarning: invalid value encountered in sqrt
  Vsonic = (i['gamma']*i['R']*i['Ts'])**0.5
C:\Users\MEO\Desktop\Projects\JetEngine\boomsonic_v0\.venv\Lib\site-packages\pycycle\thermo\static_ps_resid.py:108: RuntimeWarning: invalid value encountered in sqrt
  Vsonic = (i['gamma']*i['R']*i['Ts'])**0.5
C:\Users\MEO\Desktop\Projects\JetEngine\boomsonic_v0\.venv\Lib\site-packages\pycycle\thermo\static_ps_resid.py:108: RuntimeWarning: invalid value encountered in sqrt
  Vsonic = (i['gamma']*i['R']*i['Ts'])**0.5
C:\Users\MEO\Desktop\Projects\JetEngine\boomsonic_v0\.venv\Lib\site-packages\pycycle\thermo\static_ps_calc.py:32: RuntimeWarning: invalid value encountered in sqrt
  outputs['Vsonic'] = Vsonic = np.sqrt(inputs['gamma'] * inputs['R'] * inputs['Ts'])
C:\Users\MEO\Desktop\Projects\JetEngine\boomsonic_v0\.venv\Lib\site-packages\pycycle\thermo\static_ps_calc.py:32: RuntimeWarning: invalid value encountered in sqrt
  outputs['Vsonic'] = Vsonic = np.sqrt(inputs['gamma'] * inputs['R'] * inputs['Ts'])
C:\Users\MEO\Desktop\Projects\JetEngine\boomsonic_v0\.venv\Lib\site-packages\pycycle\elements\compressor.py:75: RuntimeWarning: invalid value encountered in log
  outputs['eff_poly'] = Rt * np.log(PR) / ( Rt*np.log(PR) + S_out - S_in )
C:\Users\MEO\Desktop\Projects\JetEngine\boomsonic_v0\.venv\Lib\site-packages\pycycle\thermo\static_ps_resid.py:128: RuntimeWarning: invalid value encountered in sqrt
  Vsonic = (i['gamma']*i['R']*i['Ts'])**0.5
C:\Users\MEO\Desktop\Projects\JetEngine\boomsonic_v0\.venv\Lib\site-packages\pycycle\thermo\static_ps_resid.py:108: RuntimeWarning: invalid value encountered in sqrt
  Vsonic = (i['gamma']*i['R']*i['Ts'])**0.5
C:\Users\MEO\Desktop\Projects\JetEngine\boomsonic_v0\.venv\Lib\site-packages\pycycle\thermo\static_ps_resid.py:128: RuntimeWarning: invalid value encountered in sqrt
  Vsonic = (i['gamma']*i['R']*i['Ts'])**0.5
C:\Users\MEO\Desktop\Projects\JetEngine\boomsonic_v0\.venv\Lib\site-packages\pycycle\thermo\static_ps_resid.py:98: RuntimeWarning: invalid value encountered in power
  ps_guess = inputs['guess:Pt'] * (1 + (gamt-1)/2 * M_guess**2)**(-gamt/(gamt-1))
C:\Users\MEO\Desktop\Projects\JetEngine\boomsonic_v0\.venv\Lib\site-packages\pycycle\thermo\static_ps_resid.py:93: RuntimeWarning: invalid value encountered in power
  f1 = ps - inputs['guess:Pt'] * (1 + (gamt-1)/2 * M_guess**2)**(-gamt/(gamt-1))
C:\Users\MEO\Desktop\Projects\JetEngine\boomsonic_v0\.venv\Lib\site-packages\pycycle\thermo\static_ps_resid.py:94: RuntimeWarning: invalid value encountered in sqrt
  f2 = MN - inputs['W']*(R_UNIVERSAL_SI*inputs['Ts'])**0.5/(ps_guess*1.0e6*inputs['area']*gamt**0.5)
C:\Users\MEO\Desktop\Projects\JetEngine\boomsonic_v0\.venv\Lib\site-packages\pycycle\thermo\static_ps_resid.py:99: RuntimeWarning: The iteration is not making good progress, as measured by the 
 improvement from the last ten iterations.
  ps_guess, M_guess = fsolve(equations, (ps_guess, M_guess))
C:\Users\MEO\Desktop\Projects\JetEngine\boomsonic_v0\.venv\Lib\site-packages\pycycle\thermo\static_ps_resid.py:108: RuntimeWarning: invalid value encountered in sqrt
  Vsonic = (i['gamma']*i['R']*i['Ts'])**0.5
C:\Users\MEO\Desktop\Projects\JetEngine\boomsonic_v0\.venv\Lib\site-packages\pycycle\thermo\static_ps_resid.py:83: RuntimeWarning: invalid value encountered in power
  ps_guess = inputs['guess:Pt'] * (1 + (gamt-1)/2 * inputs['MN']**2)**(-gamt/(gamt-1))
C:\Users\MEO\Desktop\Projects\JetEngine\boomsonic_v0\.venv\Lib\site-packages\openmdao\solvers\solver.py:819: SolverWarning:Your model has stalled three times and may be violating the bounds. In the future, turn on print_bound_enforce in your solver options here: 
OD0.inlet.out_stat.nonlinear_solver.linesearch.options['print_bound_enforce']=True. 
The bound(s) being violated now are:

C:\Users\MEO\Desktop\Projects\JetEngine\boomsonic_v0\.venv\Lib\site-packages\openmdao\solvers\linesearch\backtracking.py:39: SolverWarning:'OD0.inlet.out_stat.balance.T' exceeds lower bounds
  Val: [-224.7197476]
  Lower: [150.]

C:\Users\MEO\Desktop\Projects\JetEngine\boomsonic_v0\.venv\Lib\site-packages\openmdao\solvers\linesearch\backtracking.py:39: SolverWarning:'OD0.inlet.out_stat.ps_resid.Ps' exceeds lower bounds
  Val: [-0.00109596]
  Lower: [-0.0009009]

C:\Users\MEO\Desktop\Projects\JetEngine\boomsonic_v0\.venv\Lib\site-packages\openmdao\solvers\solver.py:819: SolverWarning:Your model has stalled three times and may be violating the bounds. In the future, turn on print_bound_enforce in your solver options here: 
OD0.duct.out_stat.nonlinear_solver.linesearch.options['print_bound_enforce']=True. 
The bound(s) being violated now are:

C:\Users\MEO\Desktop\Projects\JetEngine\boomsonic_v0\.venv\Lib\site-packages\openmdao\solvers\linesearch\backtracking.py:39: SolverWarning:'OD0.duct.out_stat.balance.T' exceeds lower bounds
  Val: [-222.75124996]
  Lower: [150.]

C:\Users\MEO\Desktop\Projects\JetEngine\boomsonic_v0\.venv\Lib\site-packages\openmdao\solvers\linesearch\backtracking.py:39: SolverWarning:'OD0.duct.out_stat.ps_resid.Ps' exceeds lower bounds
  Val: [-0.00109467]
  Lower: [-0.0009009]

C:\Users\MEO\Desktop\Projects\JetEngine\boomsonic_v0\.venv\Lib\site-packages\openmdao\solvers\solver.py:819: SolverWarning:Your model has stalled three times and may be violating the bounds. In the future, turn on print_bound_enforce in your solver options here: 
OD0.comp.ideal_flow.nonlinear_solver.linesearch.options['print_bound_enforce']=True. 
The bound(s) being violated now are:

C:\Users\MEO\Desktop\Projects\JetEngine\boomsonic_v0\.venv\Lib\site-packages\openmdao\solvers\linesearch\backtracking.py:39: SolverWarning:'OD0.comp.ideal_flow.balance.T' exceeds lower bounds
  Val: [-3.03258294e+10]
  Lower: [150.]

C:\Users\MEO\Desktop\Projects\JetEngine\boomsonic_v0\.venv\Lib\site-packages\pycycle\elements\compressor.py:75: RuntimeWarning: invalid value encountered in log
  outputs['eff_poly'] = Rt * np.log(PR) / ( Rt*np.log(PR) + S_out - S_in )
C:\Users\MEO\Desktop\Projects\JetEngine\boomsonic_v0\.venv\Lib\site-packages\pycycle\thermo\static_ps_resid.py:128: RuntimeWarning: invalid value encountered in sqrt
  Vsonic = (i['gamma']*i['R']*i['Ts'])**0.5
C:\Users\MEO\Desktop\Projects\JetEngine\boomsonic_v0\.venv\Lib\site-packages\pycycle\thermo\static_ps_resid.py:128: RuntimeWarning: invalid value encountered in sqrt
  Vsonic = (i['gamma']*i['R']*i['Ts'])**0.5
C:\Users\MEO\Desktop\Projects\JetEngine\boomsonic_v0\.venv\Lib\site-packages\pycycle\thermo\static_ps_resid.py:98: RuntimeWarning: invalid value encountered in power
  ps_guess = inputs['guess:Pt'] * (1 + (gamt-1)/2 * M_guess**2)**(-gamt/(gamt-1))
C:\Users\MEO\Desktop\Projects\JetEngine\boomsonic_v0\.venv\Lib\site-packages\pycycle\thermo\static_ps_resid.py:93: RuntimeWarning: invalid value encountered in power
  f1 = ps - inputs['guess:Pt'] * (1 + (gamt-1)/2 * M_guess**2)**(-gamt/(gamt-1))
C:\Users\MEO\Desktop\Projects\JetEngine\boomsonic_v0\.venv\Lib\site-packages\pycycle\thermo\static_ps_resid.py:94: RuntimeWarning: invalid value encountered in sqrt
  f2 = MN - inputs['W']*(R_UNIVERSAL_SI*inputs['Ts'])**0.5/(ps_guess*1.0e6*inputs['area']*gamt**0.5)
C:\Users\MEO\Desktop\Projects\JetEngine\boomsonic_v0\.venv\Lib\site-packages\pycycle\thermo\static_ps_resid.py:99: RuntimeWarning: The iteration is not making good progress, as measured by the 
 improvement from the last ten iterations.
  ps_guess, M_guess = fsolve(equations, (ps_guess, M_guess))
C:\Users\MEO\Desktop\Projects\JetEngine\boomsonic_v0\.venv\Lib\site-packages\pycycle\thermo\static_ps_resid.py:128: RuntimeWarning: invalid value encountered in sqrt
  Vsonic = (i['gamma']*i['R']*i['Ts'])**0.5
C:\Users\MEO\Desktop\Projects\JetEngine\boomsonic_v0\.venv\Lib\site-packages\pycycle\thermo\static_ps_resid.py:128: RuntimeWarning: invalid value encountered in sqrt
  Vsonic = (i['gamma']*i['R']*i['Ts'])**0.5
C:\Users\MEO\Desktop\Projects\JetEngine\boomsonic_v0\.venv\Lib\site-packages\pycycle\thermo\static_ps_resid.py:128: RuntimeWarning: invalid value encountered in sqrt
  Vsonic = (i['gamma']*i['R']*i['Ts'])**0.5
C:\Users\MEO\Desktop\Projects\JetEngine\boomsonic_v0\.venv\Lib\site-packages\openmdao\solvers\solver.py:819: SolverWarning:Your model has stalled three times and may be violating the bounds. In the future, turn on print_bound_enforce in your solver options here: 
OD0.turb.out_stat.nonlinear_solver.linesearch.options['print_bound_enforce']=True. 
The bound(s) being violated now are:

C:\Users\MEO\Desktop\Projects\JetEngine\boomsonic_v0\.venv\Lib\site-packages\openmdao\solvers\linesearch\backtracking.py:35: SolverWarning:'OD0.turb.out_stat.balance.T' exceeds upper bounds
  Val: [7.22645484e+10]
  Upper: [2500.]

C:\Users\MEO\Desktop\Projects\JetEngine\boomsonic_v0\.venv\Lib\site-packages\openmdao\solvers\linesearch\backtracking.py:39: SolverWarning:'OD0.turb.out_stat.ps_resid.Ps' exceeds lower bounds
  Val: [-4.58837533e+10]
  Lower: [-0.0009009]

C:\Users\MEO\Desktop\Projects\JetEngine\boomsonic_v0\.venv\Lib\site-packages\pycycle\thermo\static_ps_resid.py:128: RuntimeWarning: invalid value encountered in sqrt
  Vsonic = (i['gamma']*i['R']*i['Ts'])**0.5
C:\Users\MEO\Desktop\Projects\JetEngine\boomsonic_v0\.venv\Lib\site-packages\pycycle\thermo\static_ps_resid.py:108: RuntimeWarning: invalid value encountered in sqrt
  Vsonic = (i['gamma']*i['R']*i['Ts'])**0.5
C:\Users\MEO\Desktop\Projects\JetEngine\boomsonic_v0\.venv\Lib\site-packages\pycycle\thermo\static_ps_resid.py:83: RuntimeWarning: invalid value encountered in power
  ps_guess = inputs['guess:Pt'] * (1 + (gamt-1)/2 * inputs['MN']**2)**(-gamt/(gamt-1))
C:\Users\MEO\Desktop\Projects\JetEngine\boomsonic_v0\.venv\Lib\site-packages\pycycle\thermo\static_ps_resid.py:108: RuntimeWarning: invalid value encountered in sqrt
  Vsonic = (i['gamma']*i['R']*i['Ts'])**0.5
C:\Users\MEO\Desktop\Projects\JetEngine\boomsonic_v0\.venv\Lib\site-packages\pycycle\thermo\static_ps_resid.py:108: RuntimeWarning: invalid value encountered in sqrt
  Vsonic = (i['gamma']*i['R']*i['Ts'])**0.5
C:\Users\MEO\Desktop\Projects\JetEngine\boomsonic_v0\.venv\Lib\site-packages\pycycle\thermo\static_ps_resid.py:108: RuntimeWarning: invalid value encountered in sqrt
  Vsonic = (i['gamma']*i['R']*i['Ts'])**0.5
C:\Users\MEO\Desktop\Projects\JetEngine\boomsonic_v0\.venv\Lib\site-packages\pycycle\thermo\static_ps_resid.py:108: RuntimeWarning: invalid value encountered in sqrt
  Vsonic = (i['gamma']*i['R']*i['Ts'])**0.5
C:\Users\MEO\Desktop\Projects\JetEngine\boomsonic_v0\.venv\Lib\site-packages\pycycle\thermo\static_ps_resid.py:108: RuntimeWarning: invalid value encountered in sqrt
  Vsonic = (i['gamma']*i['R']*i['Ts'])**0.5
C:\Users\MEO\Desktop\Projects\JetEngine\boomsonic_v0\.venv\Lib\site-packages\pycycle\thermo\static_ps_resid.py:108: RuntimeWarning: invalid value encountered in sqrt
  Vsonic = (i['gamma']*i['R']*i['Ts'])**0.5
C:\Users\MEO\Desktop\Projects\JetEngine\boomsonic_v0\.venv\Lib\site-packages\pycycle\thermo\static_ps_resid.py:108: RuntimeWarning: invalid value encountered in sqrt
  Vsonic = (i['gamma']*i['R']*i['Ts'])**0.5
C:\Users\MEO\Desktop\Projects\JetEngine\boomsonic_v0\.venv\Lib\site-packages\pycycle\thermo\static_ps_resid.py:108: RuntimeWarning: invalid value encountered in sqrt
  Vsonic = (i['gamma']*i['R']*i['Ts'])**0.5
C:\Users\MEO\Desktop\Projects\JetEngine\boomsonic_v0\.venv\Lib\site-packages\pycycle\thermo\static_ps_resid.py:108: RuntimeWarning: invalid value encountered in sqrt
  Vsonic = (i['gamma']*i['R']*i['Ts'])**0.5
C:\Users\MEO\Desktop\Projects\JetEngine\boomsonic_v0\.venv\Lib\site-packages\pycycle\thermo\static_ps_resid.py:108: RuntimeWarning: invalid value encountered in sqrt
  Vsonic = (i['gamma']*i['R']*i['Ts'])**0.5
C:\Users\MEO\Desktop\Projects\JetEngine\boomsonic_v0\.venv\Lib\site-packages\pycycle\thermo\static_ps_resid.py:108: RuntimeWarning: invalid value encountered in sqrt
  Vsonic = (i['gamma']*i['R']*i['Ts'])**0.5
C:\Users\MEO\Desktop\Projects\JetEngine\boomsonic_v0\.venv\Lib\site-packages\pycycle\thermo\static_ps_calc.py:32: RuntimeWarning: invalid value encountered in sqrt
  outputs['Vsonic'] = Vsonic = np.sqrt(inputs['gamma'] * inputs['R'] * inputs['Ts'])
C:\Users\MEO\Desktop\Projects\JetEngine\boomsonic_v0\.venv\Lib\site-packages\pycycle\elements\compressor.py:75: RuntimeWarning: invalid value encountered in log
  outputs['eff_poly'] = Rt * np.log(PR) / ( Rt*np.log(PR) + S_out - S_in )
C:\Users\MEO\Desktop\Projects\JetEngine\boomsonic_v0\.venv\Lib\site-packages\pycycle\thermo\static_ps_resid.py:128: RuntimeWarning: invalid value encountered in sqrt
  Vsonic = (i['gamma']*i['R']*i['Ts'])**0.5
C:\Users\MEO\Desktop\Projects\JetEngine\boomsonic_v0\.venv\Lib\site-packages\pycycle\thermo\static_ps_resid.py:128: RuntimeWarning: invalid value encountered in sqrt
  Vsonic = (i['gamma']*i['R']*i['Ts'])**0.5
C:\Users\MEO\Desktop\Projects\JetEngine\boomsonic_v0\.venv\Lib\site-packages\pycycle\thermo\static_ps_resid.py:98: RuntimeWarning: invalid value encountered in power
  ps_guess = inputs['guess:Pt'] * (1 + (gamt-1)/2 * M_guess**2)**(-gamt/(gamt-1))
C:\Users\MEO\Desktop\Projects\JetEngine\boomsonic_v0\.venv\Lib\site-packages\pycycle\thermo\static_ps_resid.py:93: RuntimeWarning: invalid value encountered in power
  f1 = ps - inputs['guess:Pt'] * (1 + (gamt-1)/2 * M_guess**2)**(-gamt/(gamt-1))
C:\Users\MEO\Desktop\Projects\JetEngine\boomsonic_v0\.venv\Lib\site-packages\pycycle\thermo\static_ps_resid.py:94: RuntimeWarning: invalid value encountered in sqrt
  f2 = MN - inputs['W']*(R_UNIVERSAL_SI*inputs['Ts'])**0.5/(ps_guess*1.0e6*inputs['area']*gamt**0.5)
C:\Users\MEO\Desktop\Projects\JetEngine\boomsonic_v0\.venv\Lib\site-packages\pycycle\thermo\static_ps_resid.py:99: RuntimeWarning: The iteration is not making good progress, as measured by the 
 improvement from the last ten iterations.
  ps_guess, M_guess = fsolve(equations, (ps_guess, M_guess))
C:\Users\MEO\Desktop\Projects\JetEngine\boomsonic_v0\.venv\Lib\site-packages\pycycle\thermo\static_ps_resid.py:108: RuntimeWarning: invalid value encountered in sqrt
  Vsonic = (i['gamma']*i['R']*i['Ts'])**0.5
C:\Users\MEO\Desktop\Projects\JetEngine\boomsonic_v0\.venv\Lib\site-packages\pycycle\thermo\static_ps_resid.py:83: RuntimeWarning: invalid value encountered in power
  ps_guess = inputs['guess:Pt'] * (1 + (gamt-1)/2 * inputs['MN']**2)**(-gamt/(gamt-1))
C:\Users\MEO\Desktop\Projects\JetEngine\boomsonic_v0\.venv\Lib\site-packages\openmdao\solvers\solver.py:819: SolverWarning:Your model has stalled three times and may be violating the bounds. In the future, turn on print_bound_enforce in your solver options here: 
OD0.inlet.out_stat.nonlinear_solver.linesearch.options['print_bound_enforce']=True. 
The bound(s) being violated now are:

C:\Users\MEO\Desktop\Projects\JetEngine\boomsonic_v0\.venv\Lib\site-packages\openmdao\solvers\linesearch\backtracking.py:39: SolverWarning:'OD0.inlet.out_stat.balance.T' exceeds lower bounds
  Val: [-224.71974758]
  Lower: [150.]

C:\Users\MEO\Desktop\Projects\JetEngine\boomsonic_v0\.venv\Lib\site-packages\openmdao\solvers\linesearch\backtracking.py:39: SolverWarning:'OD0.inlet.out_stat.ps_resid.Ps' exceeds lower bounds
  Val: [-0.00109596]
  Lower: [-0.0009009]

C:\Users\MEO\Desktop\Projects\JetEngine\boomsonic_v0\.venv\Lib\site-packages\openmdao\solvers\solver.py:819: SolverWarning:Your model has stalled three times and may be violating the bounds. In the future, turn on print_bound_enforce in your solver options here: 
OD0.duct.out_stat.nonlinear_solver.linesearch.options['print_bound_enforce']=True. 
The bound(s) being violated now are:

C:\Users\MEO\Desktop\Projects\JetEngine\boomsonic_v0\.venv\Lib\site-packages\openmdao\solvers\linesearch\backtracking.py:39: SolverWarning:'OD0.duct.out_stat.balance.T' exceeds lower bounds
  Val: [-222.75124993]
  Lower: [150.]

C:\Users\MEO\Desktop\Projects\JetEngine\boomsonic_v0\.venv\Lib\site-packages\openmdao\solvers\linesearch\backtracking.py:39: SolverWarning:'OD0.duct.out_stat.ps_resid.Ps' exceeds lower bounds
  Val: [-0.00109467]
  Lower: [-0.0009009]

C:\Users\MEO\Desktop\Projects\JetEngine\boomsonic_v0\.venv\Lib\site-packages\openmdao\solvers\solver.py:819: SolverWarning:Your model has stalled three times and may be violating the bounds. In the future, turn on print_bound_enforce in your solver options here: 
OD0.comp.ideal_flow.nonlinear_solver.linesearch.options['print_bound_enforce']=True. 
The bound(s) being violated now are:

C:\Users\MEO\Desktop\Projects\JetEngine\boomsonic_v0\.venv\Lib\site-packages\openmdao\solvers\linesearch\backtracking.py:39: SolverWarning:'OD0.comp.ideal_flow.balance.T' exceeds lower bounds
  Val: [-3.03258294e+10]
  Lower: [150.]

C:\Users\MEO\Desktop\Projects\JetEngine\boomsonic_v0\.venv\Lib\site-packages\pycycle\elements\compressor.py:75: RuntimeWarning: invalid value encountered in log
  outputs['eff_poly'] = Rt * np.log(PR) / ( Rt*np.log(PR) + S_out - S_in )
C:\Users\MEO\Desktop\Projects\JetEngine\boomsonic_v0\.venv\Lib\site-packages\pycycle\thermo\static_ps_resid.py:128: RuntimeWarning: invalid value encountered in sqrt
  Vsonic = (i['gamma']*i['R']*i['Ts'])**0.5
C:\Users\MEO\Desktop\Projects\JetEngine\boomsonic_v0\.venv\Lib\site-packages\pycycle\thermo\static_ps_resid.py:98: RuntimeWarning: invalid value encountered in power
  ps_guess = inputs['guess:Pt'] * (1 + (gamt-1)/2 * M_guess**2)**(-gamt/(gamt-1))
C:\Users\MEO\Desktop\Projects\JetEngine\boomsonic_v0\.venv\Lib\site-packages\pycycle\thermo\static_ps_resid.py:93: RuntimeWarning: invalid value encountered in power
  f1 = ps - inputs['guess:Pt'] * (1 + (gamt-1)/2 * M_guess**2)**(-gamt/(gamt-1))
C:\Users\MEO\Desktop\Projects\JetEngine\boomsonic_v0\.venv\Lib\site-packages\pycycle\thermo\static_ps_resid.py:94: RuntimeWarning: invalid value encountered in sqrt
  f2 = MN - inputs['W']*(R_UNIVERSAL_SI*inputs['Ts'])**0.5/(ps_guess*1.0e6*inputs['area']*gamt**0.5)
C:\Users\MEO\Desktop\Projects\JetEngine\boomsonic_v0\.venv\Lib\site-packages\pycycle\thermo\static_ps_resid.py:99: RuntimeWarning: The iteration is not making good progress, as measured by the 
 improvement from the last ten iterations.
  ps_guess, M_guess = fsolve(equations, (ps_guess, M_guess))
C:\Users\MEO\Desktop\Projects\JetEngine\boomsonic_v0\.venv\Lib\site-packages\pycycle\thermo\static_ps_resid.py:128: RuntimeWarning: invalid value encountered in sqrt
  Vsonic = (i['gamma']*i['R']*i['Ts'])**0.5
C:\Users\MEO\Desktop\Projects\JetEngine\boomsonic_v0\.venv\Lib\site-packages\pycycle\thermo\static_ps_resid.py:128: RuntimeWarning: invalid value encountered in sqrt
  Vsonic = (i['gamma']*i['R']*i['Ts'])**0.5
C:\Users\MEO\Desktop\Projects\JetEngine\boomsonic_v0\.venv\Lib\site-packages\pycycle\thermo\static_ps_resid.py:128: RuntimeWarning: invalid value encountered in sqrt
  Vsonic = (i['gamma']*i['R']*i['Ts'])**0.5
C:\Users\MEO\Desktop\Projects\JetEngine\boomsonic_v0\.venv\Lib\site-packages\pycycle\thermo\static_ps_resid.py:128: RuntimeWarning: invalid value encountered in sqrt
  Vsonic = (i['gamma']*i['R']*i['Ts'])**0.5
C:\Users\MEO\Desktop\Projects\JetEngine\boomsonic_v0\.venv\Lib\site-packages\pycycle\thermo\static_ps_resid.py:128: RuntimeWarning: invalid value encountered in sqrt
  Vsonic = (i['gamma']*i['R']*i['Ts'])**0.5
C:\Users\MEO\Desktop\Projects\JetEngine\boomsonic_v0\.venv\Lib\site-packages\pycycle\thermo\static_ps_resid.py:128: RuntimeWarning: invalid value encountered in sqrt
  Vsonic = (i['gamma']*i['R']*i['Ts'])**0.5
C:\Users\MEO\Desktop\Projects\JetEngine\boomsonic_v0\.venv\Lib\site-packages\pycycle\thermo\static_ps_resid.py:128: RuntimeWarning: invalid value encountered in sqrt
  Vsonic = (i['gamma']*i['R']*i['Ts'])**0.5
C:\Users\MEO\Desktop\Projects\JetEngine\boomsonic_v0\.venv\Lib\site-packages\pycycle\thermo\static_ps_resid.py:128: RuntimeWarning: invalid value encountered in sqrt
  Vsonic = (i['gamma']*i['R']*i['Ts'])**0.5
C:\Users\MEO\Desktop\Projects\JetEngine\boomsonic_v0\.venv\Lib\site-packages\pycycle\thermo\static_ps_resid.py:128: RuntimeWarning: invalid value encountered in sqrt
  Vsonic = (i['gamma']*i['R']*i['Ts'])**0.5
C:\Users\MEO\Desktop\Projects\JetEngine\boomsonic_v0\.venv\Lib\site-packages\pycycle\thermo\static_ps_resid.py:108: RuntimeWarning: invalid value encountered in sqrt
  Vsonic = (i['gamma']*i['R']*i['Ts'])**0.5
C:\Users\MEO\Desktop\Projects\JetEngine\boomsonic_v0\.venv\Lib\site-packages\pycycle\thermo\static_ps_resid.py:83: RuntimeWarning: invalid value encountered in power
  ps_guess = inputs['guess:Pt'] * (1 + (gamt-1)/2 * inputs['MN']**2)**(-gamt/(gamt-1))
C:\Users\MEO\Desktop\Projects\JetEngine\boomsonic_v0\.venv\Lib\site-packages\pycycle\thermo\static_ps_resid.py:108: RuntimeWarning: invalid value encountered in sqrt
  Vsonic = (i['gamma']*i['R']*i['Ts'])**0.5
C:\Users\MEO\Desktop\Projects\JetEngine\boomsonic_v0\.venv\Lib\site-packages\pycycle\thermo\static_ps_resid.py:108: RuntimeWarning: invalid value encountered in sqrt
  Vsonic = (i['gamma']*i['R']*i['Ts'])**0.5
C:\Users\MEO\Desktop\Projects\JetEngine\boomsonic_v0\.venv\Lib\site-packages\pycycle\thermo\static_ps_resid.py:108: RuntimeWarning: invalid value encountered in sqrt
  Vsonic = (i['gamma']*i['R']*i['Ts'])**0.5
C:\Users\MEO\Desktop\Projects\JetEngine\boomsonic_v0\.venv\Lib\site-packages\pycycle\thermo\static_ps_resid.py:108: RuntimeWarning: invalid value encountered in sqrt
  Vsonic = (i['gamma']*i['R']*i['Ts'])**0.5
C:\Users\MEO\Desktop\Projects\JetEngine\boomsonic_v0\.venv\Lib\site-packages\pycycle\thermo\static_ps_resid.py:108: RuntimeWarning: invalid value encountered in sqrt
  Vsonic = (i['gamma']*i['R']*i['Ts'])**0.5
C:\Users\MEO\Desktop\Projects\JetEngine\boomsonic_v0\.venv\Lib\site-packages\pycycle\thermo\static_ps_resid.py:108: RuntimeWarning: invalid value encountered in sqrt
  Vsonic = (i['gamma']*i['R']*i['Ts'])**0.5
C:\Users\MEO\Desktop\Projects\JetEngine\boomsonic_v0\.venv\Lib\site-packages\pycycle\thermo\static_ps_resid.py:108: RuntimeWarning: invalid value encountered in sqrt
  Vsonic = (i['gamma']*i['R']*i['Ts'])**0.5
C:\Users\MEO\Desktop\Projects\JetEngine\boomsonic_v0\.venv\Lib\site-packages\pycycle\thermo\static_ps_resid.py:108: RuntimeWarning: invalid value encountered in sqrt
  Vsonic = (i['gamma']*i['R']*i['Ts'])**0.5
C:\Users\MEO\Desktop\Projects\JetEngine\boomsonic_v0\.venv\Lib\site-packages\pycycle\thermo\static_ps_calc.py:32: RuntimeWarning: invalid value encountered in sqrt
  outputs['Vsonic'] = Vsonic = np.sqrt(inputs['gamma'] * inputs['R'] * inputs['Ts'])
C:\Users\MEO\Desktop\Projects\JetEngine\boomsonic_v0\.venv\Lib\site-packages\pycycle\elements\compressor.py:75: RuntimeWarning: invalid value encountered in log
  outputs['eff_poly'] = Rt * np.log(PR) / ( Rt*np.log(PR) + S_out - S_in )
C:\Users\MEO\Desktop\Projects\JetEngine\boomsonic_v0\.venv\Lib\site-packages\pycycle\thermo\static_ps_resid.py:128: RuntimeWarning: invalid value encountered in sqrt
  Vsonic = (i['gamma']*i['R']*i['Ts'])**0.5
C:\Users\MEO\Desktop\Projects\JetEngine\boomsonic_v0\.venv\Lib\site-packages\pycycle\thermo\static_ps_resid.py:128: RuntimeWarning: invalid value encountered in sqrt
  Vsonic = (i['gamma']*i['R']*i['Ts'])**0.5
C:\Users\MEO\Desktop\Projects\JetEngine\boomsonic_v0\.venv\Lib\site-packages\pycycle\thermo\static_ps_resid.py:98: RuntimeWarning: invalid value encountered in power
  ps_guess = inputs['guess:Pt'] * (1 + (gamt-1)/2 * M_guess**2)**(-gamt/(gamt-1))
C:\Users\MEO\Desktop\Projects\JetEngine\boomsonic_v0\.venv\Lib\site-packages\pycycle\thermo\static_ps_resid.py:93: RuntimeWarning: invalid value encountered in power
  f1 = ps - inputs['guess:Pt'] * (1 + (gamt-1)/2 * M_guess**2)**(-gamt/(gamt-1))
C:\Users\MEO\Desktop\Projects\JetEngine\boomsonic_v0\.venv\Lib\site-packages\pycycle\thermo\static_ps_resid.py:94: RuntimeWarning: invalid value encountered in sqrt
  f2 = MN - inputs['W']*(R_UNIVERSAL_SI*inputs['Ts'])**0.5/(ps_guess*1.0e6*inputs['area']*gamt**0.5)
C:\Users\MEO\Desktop\Projects\JetEngine\boomsonic_v0\.venv\Lib\site-packages\pycycle\thermo\static_ps_resid.py:99: RuntimeWarning: The iteration is not making good progress, as measured by the 
 improvement from the last ten iterations.
  ps_guess, M_guess = fsolve(equations, (ps_guess, M_guess))
C:\Users\MEO\Desktop\Projects\JetEngine\boomsonic_v0\.venv\Lib\site-packages\pycycle\thermo\static_ps_resid.py:108: RuntimeWarning: invalid value encountered in sqrt
  Vsonic = (i['gamma']*i['R']*i['Ts'])**0.5
C:\Users\MEO\Desktop\Projects\JetEngine\boomsonic_v0\.venv\Lib\site-packages\pycycle\thermo\static_ps_resid.py:83: RuntimeWarning: invalid value encountered in power
  ps_guess = inputs['guess:Pt'] * (1 + (gamt-1)/2 * inputs['MN']**2)**(-gamt/(gamt-1))
C:\Users\MEO\Desktop\Projects\JetEngine\boomsonic_v0\.venv\Lib\site-packages\openmdao\solvers\solver.py:819: SolverWarning:Your model has stalled three times and may be violating the bounds. In the future, turn on print_bound_enforce in your solver options here: 
OD0.inlet.out_stat.nonlinear_solver.linesearch.options['print_bound_enforce']=True. 
The bound(s) being violated now are:

C:\Users\MEO\Desktop\Projects\JetEngine\boomsonic_v0\.venv\Lib\site-packages\openmdao\solvers\linesearch\backtracking.py:39: SolverWarning:'OD0.inlet.out_stat.balance.T' exceeds lower bounds
  Val: [-224.71974758]
  Lower: [150.]

C:\Users\MEO\Desktop\Projects\JetEngine\boomsonic_v0\.venv\Lib\site-packages\openmdao\solvers\linesearch\backtracking.py:39: SolverWarning:'OD0.inlet.out_stat.ps_resid.Ps' exceeds lower bounds
  Val: [-0.00109596]
  Lower: [-0.0009009]

C:\Users\MEO\Desktop\Projects\JetEngine\boomsonic_v0\.venv\Lib\site-packages\openmdao\solvers\solver.py:819: SolverWarning:Your model has stalled three times and may be violating the bounds. In the future, turn on print_bound_enforce in your solver options here: 
OD0.duct.out_stat.nonlinear_solver.linesearch.options['print_bound_enforce']=True. 
The bound(s) being violated now are:

C:\Users\MEO\Desktop\Projects\JetEngine\boomsonic_v0\.venv\Lib\site-packages\openmdao\solvers\linesearch\backtracking.py:39: SolverWarning:'OD0.duct.out_stat.balance.T' exceeds lower bounds
  Val: [-222.75124993]
  Lower: [150.]

C:\Users\MEO\Desktop\Projects\JetEngine\boomsonic_v0\.venv\Lib\site-packages\openmdao\solvers\linesearch\backtracking.py:39: SolverWarning:'OD0.duct.out_stat.ps_resid.Ps' exceeds lower bounds
  Val: [-0.00109467]
  Lower: [-0.0009009]

C:\Users\MEO\Desktop\Projects\JetEngine\boomsonic_v0\.venv\Lib\site-packages\openmdao\solvers\solver.py:819: SolverWarning:Your model has stalled three times and may be violating the bounds. In the future, turn on print_bound_enforce in your solver options here: 
OD0.comp.ideal_flow.nonlinear_solver.linesearch.options['print_bound_enforce']=True. 
The bound(s) being violated now are:

C:\Users\MEO\Desktop\Projects\JetEngine\boomsonic_v0\.venv\Lib\site-packages\openmdao\solvers\linesearch\backtracking.py:39: SolverWarning:'OD0.comp.ideal_flow.balance.T' exceeds lower bounds
  Val: [-3.03258294e+10]
  Lower: [150.]

C:\Users\MEO\Desktop\Projects\JetEngine\boomsonic_v0\.venv\Lib\site-packages\pycycle\elements\compressor.py:75: RuntimeWarning: invalid value encountered in log
  outputs['eff_poly'] = Rt * np.log(PR) / ( Rt*np.log(PR) + S_out - S_in )
C:\Users\MEO\Desktop\Projects\JetEngine\boomsonic_v0\.venv\Lib\site-packages\pycycle\thermo\static_ps_resid.py:128: RuntimeWarning: invalid value encountered in sqrt
  Vsonic = (i['gamma']*i['R']*i['Ts'])**0.5
C:\Users\MEO\Desktop\Projects\JetEngine\boomsonic_v0\.venv\Lib\site-packages\pycycle\thermo\static_ps_resid.py:128: RuntimeWarning: invalid value encountered in sqrt
  Vsonic = (i['gamma']*i['R']*i['Ts'])**0.5
C:\Users\MEO\Desktop\Projects\JetEngine\boomsonic_v0\.venv\Lib\site-packages\pycycle\thermo\static_ps_resid.py:98: RuntimeWarning: invalid value encountered in power
  ps_guess = inputs['guess:Pt'] * (1 + (gamt-1)/2 * M_guess**2)**(-gamt/(gamt-1))
C:\Users\MEO\Desktop\Projects\JetEngine\boomsonic_v0\.venv\Lib\site-packages\pycycle\thermo\static_ps_resid.py:93: RuntimeWarning: invalid value encountered in power
  f1 = ps - inputs['guess:Pt'] * (1 + (gamt-1)/2 * M_guess**2)**(-gamt/(gamt-1))
C:\Users\MEO\Desktop\Projects\JetEngine\boomsonic_v0\.venv\Lib\site-packages\pycycle\thermo\static_ps_resid.py:94: RuntimeWarning: invalid value encountered in sqrt
  f2 = MN - inputs['W']*(R_UNIVERSAL_SI*inputs['Ts'])**0.5/(ps_guess*1.0e6*inputs['area']*gamt**0.5)
C:\Users\MEO\Desktop\Projects\JetEngine\boomsonic_v0\.venv\Lib\site-packages\pycycle\thermo\static_ps_resid.py:99: RuntimeWarning: The iteration is not making good progress, as measured by the 
 improvement from the last ten iterations.
  ps_guess, M_guess = fsolve(equations, (ps_guess, M_guess))
C:\Users\MEO\Desktop\Projects\JetEngine\boomsonic_v0\.venv\Lib\site-packages\pycycle\thermo\static_ps_resid.py:128: RuntimeWarning: invalid value encountered in sqrt
  Vsonic = (i['gamma']*i['R']*i['Ts'])**0.5
C:\Users\MEO\Desktop\Projects\JetEngine\boomsonic_v0\.venv\Lib\site-packages\pycycle\thermo\static_ps_resid.py:128: RuntimeWarning: invalid value encountered in sqrt
  Vsonic = (i['gamma']*i['R']*i['Ts'])**0.5
C:\Users\MEO\Desktop\Projects\JetEngine\boomsonic_v0\.venv\Lib\site-packages\pycycle\thermo\static_ps_resid.py:128: RuntimeWarning: invalid value encountered in sqrt
  Vsonic = (i['gamma']*i['R']*i['Ts'])**0.5
C:\Users\MEO\Desktop\Projects\JetEngine\boomsonic_v0\.venv\Lib\site-packages\openmdao\solvers\solver.py:819: SolverWarning:Your model has stalled three times and may be violating the bounds. In the future, turn on print_bound_enforce in your solver options here: 
OD0.turb.out_stat.nonlinear_solver.linesearch.options['print_bound_enforce']=True. 
The bound(s) being violated now are:

C:\Users\MEO\Desktop\Projects\JetEngine\boomsonic_v0\.venv\Lib\site-packages\openmdao\solvers\linesearch\backtracking.py:35: SolverWarning:'OD0.turb.out_stat.balance.T' exceeds upper bounds
  Val: [1.06772605e+11]
  Upper: [2500.]

C:\Users\MEO\Desktop\Projects\JetEngine\boomsonic_v0\.venv\Lib\site-packages\openmdao\solvers\linesearch\backtracking.py:39: SolverWarning:'OD0.turb.out_stat.ps_resid.Ps' exceeds lower bounds
  Val: [-2.23736864e+10]
  Lower: [-0.0009009]

C:\Users\MEO\Desktop\Projects\JetEngine\boomsonic_v0\.venv\Lib\site-packages\pycycle\thermo\static_ps_resid.py:108: RuntimeWarning: invalid value encountered in sqrt
  Vsonic = (i['gamma']*i['R']*i['Ts'])**0.5
C:\Users\MEO\Desktop\Projects\JetEngine\boomsonic_v0\.venv\Lib\site-packages\pycycle\thermo\static_ps_resid.py:83: RuntimeWarning: invalid value encountered in power
  ps_guess = inputs['guess:Pt'] * (1 + (gamt-1)/2 * inputs['MN']**2)**(-gamt/(gamt-1))
C:\Users\MEO\Desktop\Projects\JetEngine\boomsonic_v0\.venv\Lib\site-packages\pycycle\thermo\static_ps_resid.py:108: RuntimeWarning: invalid value encountered in sqrt
  Vsonic = (i['gamma']*i['R']*i['Ts'])**0.5
C:\Users\MEO\Desktop\Projects\JetEngine\boomsonic_v0\.venv\Lib\site-packages\pycycle\thermo\static_ps_resid.py:108: RuntimeWarning: invalid value encountered in sqrt
  Vsonic = (i['gamma']*i['R']*i['Ts'])**0.5
C:\Users\MEO\Desktop\Projects\JetEngine\boomsonic_v0\.venv\Lib\site-packages\pycycle\thermo\static_ps_resid.py:108: RuntimeWarning: invalid value encountered in sqrt
  Vsonic = (i['gamma']*i['R']*i['Ts'])**0.5
C:\Users\MEO\Desktop\Projects\JetEngine\boomsonic_v0\.venv\Lib\site-packages\pycycle\thermo\static_ps_calc.py:32: RuntimeWarning: invalid value encountered in sqrt
  outputs['Vsonic'] = Vsonic = np.sqrt(inputs['gamma'] * inputs['R'] * inputs['Ts'])
C:\Users\MEO\Desktop\Projects\JetEngine\boomsonic_v0\.venv\Lib\site-packages\pycycle\elements\compressor.py:75: RuntimeWarning: invalid value encountered in log
  outputs['eff_poly'] = Rt * np.log(PR) / ( Rt*np.log(PR) + S_out - S_in )
C:\Users\MEO\Desktop\Projects\JetEngine\boomsonic_v0\.venv\Lib\site-packages\pycycle\thermo\static_ps_resid.py:128: RuntimeWarning: invalid value encountered in sqrt
  Vsonic = (i['gamma']*i['R']*i['Ts'])**0.5
C:\Users\MEO\Desktop\Projects\JetEngine\boomsonic_v0\.venv\Lib\site-packages\openmdao\solvers\solver.py:819: SolverWarning:Your model has stalled three times and may be violating the bounds. In the future, turn on print_bound_enforce in your solver options here: 
DESIGN.turb.out_stat.nonlinear_solver.linesearch.options['print_bound_enforce']=True. 
The bound(s) being violated now are:

C:\Users\MEO\Desktop\Projects\JetEngine\boomsonic_v0\.venv\Lib\site-packages\pycycle\thermo\static_ps_resid.py:128: RuntimeWarning: invalid value encountered in sqrt
  Vsonic = (i['gamma']*i['R']*i['Ts'])**0.5
C:\Users\MEO\Desktop\Projects\JetEngine\boomsonic_v0\.venv\Lib\site-packages\pycycle\thermo\static_ps_resid.py:98: RuntimeWarning: invalid value encountered in power
  ps_guess = inputs['guess:Pt'] * (1 + (gamt-1)/2 * M_guess**2)**(-gamt/(gamt-1))
C:\Users\MEO\Desktop\Projects\JetEngine\boomsonic_v0\.venv\Lib\site-packages\pycycle\thermo\static_ps_resid.py:93: RuntimeWarning: invalid value encountered in power
  f1 = ps - inputs['guess:Pt'] * (1 + (gamt-1)/2 * M_guess**2)**(-gamt/(gamt-1))
C:\Users\MEO\Desktop\Projects\JetEngine\boomsonic_v0\.venv\Lib\site-packages\pycycle\thermo\static_ps_resid.py:94: RuntimeWarning: invalid value encountered in sqrt
  f2 = MN - inputs['W']*(R_UNIVERSAL_SI*inputs['Ts'])**0.5/(ps_guess*1.0e6*inputs['area']*gamt**0.5)
C:\Users\MEO\Desktop\Projects\JetEngine\boomsonic_v0\.venv\Lib\site-packages\pycycle\thermo\static_ps_resid.py:99: RuntimeWarning: The iteration is not making good progress, as measured by the 
 improvement from the last ten iterations.
  ps_guess, M_guess = fsolve(equations, (ps_guess, M_guess))
C:\Users\MEO\Desktop\Projects\JetEngine\boomsonic_v0\.venv\Lib\site-packages\pycycle\thermo\static_ps_resid.py:108: RuntimeWarning: invalid value encountered in sqrt
  Vsonic = (i['gamma']*i['R']*i['Ts'])**0.5
C:\Users\MEO\Desktop\Projects\JetEngine\boomsonic_v0\.venv\Lib\site-packages\pycycle\thermo\static_ps_resid.py:83: RuntimeWarning: invalid value encountered in power
  ps_guess = inputs['guess:Pt'] * (1 + (gamt-1)/2 * inputs['MN']**2)**(-gamt/(gamt-1))
C:\Users\MEO\Desktop\Projects\JetEngine\boomsonic_v0\.venv\Lib\site-packages\openmdao\solvers\solver.py:819: SolverWarning:Your model has stalled three times and may be violating the bounds. In the future, turn on print_bound_enforce in your solver options here: 
OD0.inlet.out_stat.nonlinear_solver.linesearch.options['print_bound_enforce']=True. 
The bound(s) being violated now are:

C:\Users\MEO\Desktop\Projects\JetEngine\boomsonic_v0\.venv\Lib\site-packages\openmdao\solvers\linesearch\backtracking.py:39: SolverWarning:'OD0.inlet.out_stat.balance.T' exceeds lower bounds
  Val: [-224.71977394]
  Lower: [150.]

C:\Users\MEO\Desktop\Projects\JetEngine\boomsonic_v0\.venv\Lib\site-packages\openmdao\solvers\linesearch\backtracking.py:39: SolverWarning:'OD0.inlet.out_stat.ps_resid.Ps' exceeds lower bounds
  Val: [-0.00109596]
  Lower: [-0.0009009]

C:\Users\MEO\Desktop\Projects\JetEngine\boomsonic_v0\.venv\Lib\site-packages\openmdao\solvers\solver.py:819: SolverWarning:Your model has stalled three times and may be violating the bounds. In the future, turn on print_bound_enforce in your solver options here: 
OD0.duct.out_stat.nonlinear_solver.linesearch.options['print_bound_enforce']=True. 
The bound(s) being violated now are:

C:\Users\MEO\Desktop\Projects\JetEngine\boomsonic_v0\.venv\Lib\site-packages\openmdao\solvers\linesearch\backtracking.py:39: SolverWarning:'OD0.duct.out_stat.balance.T' exceeds lower bounds
  Val: [-222.75127807]
  Lower: [150.]

C:\Users\MEO\Desktop\Projects\JetEngine\boomsonic_v0\.venv\Lib\site-packages\openmdao\solvers\linesearch\backtracking.py:39: SolverWarning:'OD0.duct.out_stat.ps_resid.Ps' exceeds lower bounds
  Val: [-0.00109467]
  Lower: [-0.0009009]

C:\Users\MEO\Desktop\Projects\JetEngine\boomsonic_v0\.venv\Lib\site-packages\openmdao\solvers\solver.py:819: SolverWarning:Your model has stalled three times and may be violating the bounds. In the future, turn on print_bound_enforce in your solver options here: 
OD0.comp.ideal_flow.nonlinear_solver.linesearch.options['print_bound_enforce']=True. 
The bound(s) being violated now are:

C:\Users\MEO\Desktop\Projects\JetEngine\boomsonic_v0\.venv\Lib\site-packages\openmdao\solvers\linesearch\backtracking.py:39: SolverWarning:'OD0.comp.ideal_flow.balance.T' exceeds lower bounds
  Val: [-3.03258294e+10]
  Lower: [150.]

C:\Users\MEO\Desktop\Projects\JetEngine\boomsonic_v0\.venv\Lib\site-packages\pycycle\elements\compressor.py:75: RuntimeWarning: invalid value encountered in log
  outputs['eff_poly'] = Rt * np.log(PR) / ( Rt*np.log(PR) + S_out - S_in )
C:\Users\MEO\Desktop\Projects\JetEngine\boomsonic_v0\.venv\Lib\site-packages\pycycle\thermo\static_ps_resid.py:128: RuntimeWarning: invalid value encountered in sqrt
  Vsonic = (i['gamma']*i['R']*i['Ts'])**0.5
C:\Users\MEO\Desktop\Projects\JetEngine\boomsonic_v0\.venv\Lib\site-packages\pycycle\thermo\static_ps_resid.py:98: RuntimeWarning: invalid value encountered in power
  ps_guess = inputs['guess:Pt'] * (1 + (gamt-1)/2 * M_guess**2)**(-gamt/(gamt-1))
C:\Users\MEO\Desktop\Projects\JetEngine\boomsonic_v0\.venv\Lib\site-packages\pycycle\thermo\static_ps_resid.py:93: RuntimeWarning: invalid value encountered in power
  f1 = ps - inputs['guess:Pt'] * (1 + (gamt-1)/2 * M_guess**2)**(-gamt/(gamt-1))
C:\Users\MEO\Desktop\Projects\JetEngine\boomsonic_v0\.venv\Lib\site-packages\pycycle\thermo\static_ps_resid.py:94: RuntimeWarning: invalid value encountered in sqrt
  f2 = MN - inputs['W']*(R_UNIVERSAL_SI*inputs['Ts'])**0.5/(ps_guess*1.0e6*inputs['area']*gamt**0.5)
C:\Users\MEO\Desktop\Projects\JetEngine\boomsonic_v0\.venv\Lib\site-packages\pycycle\thermo\static_ps_resid.py:99: RuntimeWarning: The iteration is not making good progress, as measured by the 
 improvement from the last ten iterations.
  ps_guess, M_guess = fsolve(equations, (ps_guess, M_guess))
C:\Users\MEO\Desktop\Projects\JetEngine\boomsonic_v0\.venv\Lib\site-packages\pycycle\thermo\static_ps_resid.py:128: RuntimeWarning: invalid value encountered in sqrt
  Vsonic = (i['gamma']*i['R']*i['Ts'])**0.5
C:\Users\MEO\Desktop\Projects\JetEngine\boomsonic_v0\.venv\Lib\site-packages\pycycle\thermo\static_ps_resid.py:128: RuntimeWarning: invalid value encountered in sqrt
  Vsonic = (i['gamma']*i['R']*i['Ts'])**0.5
C:\Users\MEO\Desktop\Projects\JetEngine\boomsonic_v0\.venv\Lib\site-packages\pycycle\thermo\static_ps_resid.py:128: RuntimeWarning: invalid value encountered in sqrt
  Vsonic = (i['gamma']*i['R']*i['Ts'])**0.5
C:\Users\MEO\Desktop\Projects\JetEngine\boomsonic_v0\.venv\Lib\site-packages\pycycle\thermo\static_ps_resid.py:128: RuntimeWarning: invalid value encountered in sqrt
  Vsonic = (i['gamma']*i['R']*i['Ts'])**0.5
C:\Users\MEO\Desktop\Projects\JetEngine\boomsonic_v0\.venv\Lib\site-packages\pycycle\thermo\static_ps_resid.py:128: RuntimeWarning: invalid value encountered in sqrt
  Vsonic = (i['gamma']*i['R']*i['Ts'])**0.5
C:\Users\MEO\Desktop\Projects\JetEngine\boomsonic_v0\.venv\Lib\site-packages\pycycle\thermo\static_ps_resid.py:128: RuntimeWarning: invalid value encountered in sqrt
  Vsonic = (i['gamma']*i['R']*i['Ts'])**0.5
C:\Users\MEO\Desktop\Projects\JetEngine\boomsonic_v0\.venv\Lib\site-packages\pycycle\thermo\static_ps_resid.py:128: RuntimeWarning: invalid value encountered in sqrt
  Vsonic = (i['gamma']*i['R']*i['Ts'])**0.5
C:\Users\MEO\Desktop\Projects\JetEngine\boomsonic_v0\.venv\Lib\site-packages\pycycle\thermo\static_ps_resid.py:128: RuntimeWarning: invalid value encountered in sqrt
  Vsonic = (i['gamma']*i['R']*i['Ts'])**0.5
C:\Users\MEO\Desktop\Projects\JetEngine\boomsonic_v0\.venv\Lib\site-packages\pycycle\thermo\static_ps_resid.py:128: RuntimeWarning: invalid value encountered in sqrt
  Vsonic = (i['gamma']*i['R']*i['Ts'])**0.5
C:\Users\MEO\Desktop\Projects\JetEngine\boomsonic_v0\.venv\Lib\site-packages\pycycle\thermo\static_ps_resid.py:128: RuntimeWarning: invalid value encountered in sqrt
  Vsonic = (i['gamma']*i['R']*i['Ts'])**0.5
C:\Users\MEO\Desktop\Projects\JetEngine\boomsonic_v0\.venv\Lib\site-packages\pycycle\thermo\static_ps_resid.py:128: RuntimeWarning: invalid value encountered in sqrt
  Vsonic = (i['gamma']*i['R']*i['Ts'])**0.5
C:\Users\MEO\Desktop\Projects\JetEngine\boomsonic_v0\.venv\Lib\site-packages\pycycle\thermo\static_ps_resid.py:128: RuntimeWarning: invalid value encountered in sqrt
  Vsonic = (i['gamma']*i['R']*i['Ts'])**0.5
C:\Users\MEO\Desktop\Projects\JetEngine\boomsonic_v0\.venv\Lib\site-packages\pycycle\thermo\static_ps_resid.py:108: RuntimeWarning: invalid value encountered in sqrt
  Vsonic = (i['gamma']*i['R']*i['Ts'])**0.5
C:\Users\MEO\Desktop\Projects\JetEngine\boomsonic_v0\.venv\Lib\site-packages\pycycle\thermo\static_ps_resid.py:83: RuntimeWarning: invalid value encountered in power
  ps_guess = inputs['guess:Pt'] * (1 + (gamt-1)/2 * inputs['MN']**2)**(-gamt/(gamt-1))
C:\Users\MEO\Desktop\Projects\JetEngine\boomsonic_v0\.venv\Lib\site-packages\pycycle\thermo\static_ps_resid.py:108: RuntimeWarning: invalid value encountered in sqrt
  Vsonic = (i['gamma']*i['R']*i['Ts'])**0.5
C:\Users\MEO\Desktop\Projects\JetEngine\boomsonic_v0\.venv\Lib\site-packages\openmdao\solvers\solver.py:819: SolverWarning:Your model has stalled three times and may be violating the bounds. In the future, turn on print_bound_enforce in your solver options here: 
OD0.nozz.staticMN.nonlinear_solver.linesearch.options['print_bound_enforce']=True. 
The bound(s) being violated now are:

C:\Users\MEO\Desktop\Projects\JetEngine\boomsonic_v0\.venv\Lib\site-packages\openmdao\solvers\linesearch\backtracking.py:35: SolverWarning:'OD0.nozz.staticMN.balance.T' exceeds upper bounds
  Val: [3.05890503e+10]
  Upper: [2500.]

C:\Users\MEO\Desktop\Projects\JetEngine\boomsonic_v0\.venv\Lib\site-packages\openmdao\solvers\linesearch\backtracking.py:39: SolverWarning:'OD0.nozz.staticMN.ps_resid.Ps' exceeds lower bounds
  Val: [-19243.73642]
  Lower: [-0.0009009]

C:\Users\MEO\Desktop\Projects\JetEngine\boomsonic_v0\.venv\Lib\site-packages\pycycle\thermo\static_ps_resid.py:108: RuntimeWarning: invalid value encountered in sqrt
  Vsonic = (i['gamma']*i['R']*i['Ts'])**0.5
C:\Users\MEO\Desktop\Projects\JetEngine\boomsonic_v0\.venv\Lib\site-packages\pycycle\thermo\static_ps_resid.py:108: RuntimeWarning: invalid value encountered in sqrt
  Vsonic = (i['gamma']*i['R']*i['Ts'])**0.5
C:\Users\MEO\Desktop\Projects\JetEngine\boomsonic_v0\.venv\Lib\site-packages\pycycle\thermo\static_ps_calc.py:32: RuntimeWarning: invalid value encountered in sqrt
  outputs['Vsonic'] = Vsonic = np.sqrt(inputs['gamma'] * inputs['R'] * inputs['Ts'])
C:\Users\MEO\Desktop\Projects\JetEngine\boomsonic_v0\.venv\Lib\site-packages\pycycle\elements\compressor.py:75: RuntimeWarning: invalid value encountered in log
  outputs['eff_poly'] = Rt * np.log(PR) / ( Rt*np.log(PR) + S_out - S_in )
C:\Users\MEO\Desktop\Projects\JetEngine\boomsonic_v0\.venv\Lib\site-packages\pycycle\thermo\static_ps_resid.py:128: RuntimeWarning: invalid value encountered in sqrt
  Vsonic = (i['gamma']*i['R']*i['Ts'])**0.5
C:\Users\MEO\Desktop\Projects\JetEngine\boomsonic_v0\.venv\Lib\site-packages\pycycle\thermo\static_ps_calc.py:32: RuntimeWarning: invalid value encountered in sqrt
  outputs['Vsonic'] = Vsonic = np.sqrt(inputs['gamma'] * inputs['R'] * inputs['Ts'])
C:\Users\MEO\Desktop\Projects\JetEngine\boomsonic_v0\.venv\Lib\site-packages\pycycle\thermo\static_ps_resid.py:128: RuntimeWarning: invalid value encountered in sqrt
  Vsonic = (i['gamma']*i['R']*i['Ts'])**0.5
C:\Users\MEO\Desktop\Projects\JetEngine\boomsonic_v0\.venv\Lib\site-packages\pycycle\thermo\static_ps_resid.py:98: RuntimeWarning: invalid value encountered in power
  ps_guess = inputs['guess:Pt'] * (1 + (gamt-1)/2 * M_guess**2)**(-gamt/(gamt-1))
C:\Users\MEO\Desktop\Projects\JetEngine\boomsonic_v0\.venv\Lib\site-packages\pycycle\thermo\static_ps_resid.py:93: RuntimeWarning: invalid value encountered in power
  f1 = ps - inputs['guess:Pt'] * (1 + (gamt-1)/2 * M_guess**2)**(-gamt/(gamt-1))
C:\Users\MEO\Desktop\Projects\JetEngine\boomsonic_v0\.venv\Lib\site-packages\pycycle\thermo\static_ps_resid.py:94: RuntimeWarning: invalid value encountered in sqrt
  f2 = MN - inputs['W']*(R_UNIVERSAL_SI*inputs['Ts'])**0.5/(ps_guess*1.0e6*inputs['area']*gamt**0.5)
C:\Users\MEO\Desktop\Projects\JetEngine\boomsonic_v0\.venv\Lib\site-packages\pycycle\thermo\static_ps_resid.py:99: RuntimeWarning: The iteration is not making good progress, as measured by the 
 improvement from the last ten iterations.
  ps_guess, M_guess = fsolve(equations, (ps_guess, M_guess))
C:\Users\MEO\Desktop\Projects\JetEngine\boomsonic_v0\.venv\Lib\site-packages\pycycle\thermo\static_ps_resid.py:108: RuntimeWarning: invalid value encountered in sqrt
  Vsonic = (i['gamma']*i['R']*i['Ts'])**0.5
C:\Users\MEO\Desktop\Projects\JetEngine\boomsonic_v0\.venv\Lib\site-packages\pycycle\thermo\static_ps_resid.py:83: RuntimeWarning: invalid value encountered in power
  ps_guess = inputs['guess:Pt'] * (1 + (gamt-1)/2 * inputs['MN']**2)**(-gamt/(gamt-1))
C:\Users\MEO\Desktop\Projects\JetEngine\boomsonic_v0\.venv\Lib\site-packages\openmdao\solvers\solver.py:819: SolverWarning:Your model has stalled three times and may be violating the bounds. In the future, turn on print_bound_enforce in your solver options here: 
OD0.inlet.out_stat.nonlinear_solver.linesearch.options['print_bound_enforce']=True. 
The bound(s) being violated now are:

C:\Users\MEO\Desktop\Projects\JetEngine\boomsonic_v0\.venv\Lib\site-packages\openmdao\solvers\linesearch\backtracking.py:39: SolverWarning:'OD0.inlet.out_stat.balance.T' exceeds lower bounds
  Val: [-224.7197476]
  Lower: [150.]

C:\Users\MEO\Desktop\Projects\JetEngine\boomsonic_v0\.venv\Lib\site-packages\openmdao\solvers\linesearch\backtracking.py:39: SolverWarning:'OD0.inlet.out_stat.ps_resid.Ps' exceeds lower bounds
  Val: [-0.00109596]
  Lower: [-0.0009009]

C:\Users\MEO\Desktop\Projects\JetEngine\boomsonic_v0\.venv\Lib\site-packages\openmdao\solvers\solver.py:819: SolverWarning:Your model has stalled three times and may be violating the bounds. In the future, turn on print_bound_enforce in your solver options here: 
OD0.duct.out_stat.nonlinear_solver.linesearch.options['print_bound_enforce']=True. 
The bound(s) being violated now are:

C:\Users\MEO\Desktop\Projects\JetEngine\boomsonic_v0\.venv\Lib\site-packages\openmdao\solvers\linesearch\backtracking.py:39: SolverWarning:'OD0.duct.out_stat.balance.T' exceeds lower bounds
  Val: [-222.75124996]
  Lower: [150.]

C:\Users\MEO\Desktop\Projects\JetEngine\boomsonic_v0\.venv\Lib\site-packages\openmdao\solvers\linesearch\backtracking.py:39: SolverWarning:'OD0.duct.out_stat.ps_resid.Ps' exceeds lower bounds
  Val: [-0.00109467]
  Lower: [-0.0009009]

C:\Users\MEO\Desktop\Projects\JetEngine\boomsonic_v0\.venv\Lib\site-packages\openmdao\solvers\solver.py:819: SolverWarning:Your model has stalled three times and may be violating the bounds. In the future, turn on print_bound_enforce in your solver options here: 
OD0.comp.ideal_flow.nonlinear_solver.linesearch.options['print_bound_enforce']=True. 
The bound(s) being violated now are:

C:\Users\MEO\Desktop\Projects\JetEngine\boomsonic_v0\.venv\Lib\site-packages\openmdao\solvers\linesearch\backtracking.py:39: SolverWarning:'OD0.comp.ideal_flow.balance.T' exceeds lower bounds
  Val: [-3.03258294e+10]
  Lower: [150.]

C:\Users\MEO\Desktop\Projects\JetEngine\boomsonic_v0\.venv\Lib\site-packages\pycycle\elements\compressor.py:75: RuntimeWarning: invalid value encountered in log
  outputs['eff_poly'] = Rt * np.log(PR) / ( Rt*np.log(PR) + S_out - S_in )
C:\Users\MEO\Desktop\Projects\JetEngine\boomsonic_v0\.venv\Lib\site-packages\pycycle\thermo\static_ps_resid.py:128: RuntimeWarning: invalid value encountered in sqrt
  Vsonic = (i['gamma']*i['R']*i['Ts'])**0.5
C:\Users\MEO\Desktop\Projects\JetEngine\boomsonic_v0\.venv\Lib\site-packages\pycycle\thermo\static_ps_resid.py:128: RuntimeWarning: invalid value encountered in sqrt
  Vsonic = (i['gamma']*i['R']*i['Ts'])**0.5
C:\Users\MEO\Desktop\Projects\JetEngine\boomsonic_v0\.venv\Lib\site-packages\pycycle\thermo\static_ps_resid.py:98: RuntimeWarning: invalid value encountered in power
  ps_guess = inputs['guess:Pt'] * (1 + (gamt-1)/2 * M_guess**2)**(-gamt/(gamt-1))
C:\Users\MEO\Desktop\Projects\JetEngine\boomsonic_v0\.venv\Lib\site-packages\pycycle\thermo\static_ps_resid.py:93: RuntimeWarning: invalid value encountered in power
  f1 = ps - inputs['guess:Pt'] * (1 + (gamt-1)/2 * M_guess**2)**(-gamt/(gamt-1))
C:\Users\MEO\Desktop\Projects\JetEngine\boomsonic_v0\.venv\Lib\site-packages\pycycle\thermo\static_ps_resid.py:94: RuntimeWarning: invalid value encountered in sqrt
  f2 = MN - inputs['W']*(R_UNIVERSAL_SI*inputs['Ts'])**0.5/(ps_guess*1.0e6*inputs['area']*gamt**0.5)
C:\Users\MEO\Desktop\Projects\JetEngine\boomsonic_v0\.venv\Lib\site-packages\pycycle\thermo\static_ps_resid.py:99: RuntimeWarning: The iteration is not making good progress, as measured by the 
 improvement from the last ten iterations.
  ps_guess, M_guess = fsolve(equations, (ps_guess, M_guess))
C:\Users\MEO\Desktop\Projects\JetEngine\boomsonic_v0\.venv\Lib\site-packages\pycycle\thermo\static_ps_resid.py:128: RuntimeWarning: invalid value encountered in sqrt
  Vsonic = (i['gamma']*i['R']*i['Ts'])**0.5
C:\Users\MEO\Desktop\Projects\JetEngine\boomsonic_v0\.venv\Lib\site-packages\pycycle\thermo\static_ps_resid.py:128: RuntimeWarning: invalid value encountered in sqrt
  Vsonic = (i['gamma']*i['R']*i['Ts'])**0.5
C:\Users\MEO\Desktop\Projects\JetEngine\boomsonic_v0\.venv\Lib\site-packages\pycycle\thermo\static_ps_resid.py:128: RuntimeWarning: invalid value encountered in sqrt
  Vsonic = (i['gamma']*i['R']*i['Ts'])**0.5
C:\Users\MEO\Desktop\Projects\JetEngine\boomsonic_v0\.venv\Lib\site-packages\openmdao\solvers\solver.py:819: SolverWarning:Your model has stalled three times and may be violating the bounds. In the future, turn on print_bound_enforce in your solver options here: 
OD0.turb.out_stat.nonlinear_solver.linesearch.options['print_bound_enforce']=True. 
The bound(s) being violated now are:

C:\Users\MEO\Desktop\Projects\JetEngine\boomsonic_v0\.venv\Lib\site-packages\openmdao\solvers\linesearch\backtracking.py:35: SolverWarning:'OD0.turb.out_stat.balance.T' exceeds upper bounds
  Val: [7.5364651e+10]
  Upper: [2500.]

C:\Users\MEO\Desktop\Projects\JetEngine\boomsonic_v0\.venv\Lib\site-packages\openmdao\solvers\linesearch\backtracking.py:39: SolverWarning:'OD0.turb.out_stat.ps_resid.Ps' exceeds lower bounds
  Val: [-4.53615172e+10]
  Lower: [-0.0009009]

C:\Users\MEO\Desktop\Projects\JetEngine\boomsonic_v0\.venv\Lib\site-packages\pycycle\thermo\static_ps_resid.py:128: RuntimeWarning: invalid value encountered in sqrt
  Vsonic = (i['gamma']*i['R']*i['Ts'])**0.5
C:\Users\MEO\Desktop\Projects\JetEngine\boomsonic_v0\.venv\Lib\site-packages\pycycle\thermo\static_ps_resid.py:108: RuntimeWarning: invalid value encountered in sqrt
  Vsonic = (i['gamma']*i['R']*i['Ts'])**0.5
C:\Users\MEO\Desktop\Projects\JetEngine\boomsonic_v0\.venv\Lib\site-packages\pycycle\thermo\static_ps_resid.py:83: RuntimeWarning: invalid value encountered in power
  ps_guess = inputs['guess:Pt'] * (1 + (gamt-1)/2 * inputs['MN']**2)**(-gamt/(gamt-1))
C:\Users\MEO\Desktop\Projects\JetEngine\boomsonic_v0\.venv\Lib\site-packages\pycycle\thermo\static_ps_resid.py:108: RuntimeWarning: invalid value encountered in sqrt
  Vsonic = (i['gamma']*i['R']*i['Ts'])**0.5
C:\Users\MEO\Desktop\Projects\JetEngine\boomsonic_v0\.venv\Lib\site-packages\pycycle\thermo\static_ps_resid.py:108: RuntimeWarning: invalid value encountered in sqrt
  Vsonic = (i['gamma']*i['R']*i['Ts'])**0.5
C:\Users\MEO\Desktop\Projects\JetEngine\boomsonic_v0\.venv\Lib\site-packages\pycycle\thermo\static_ps_resid.py:108: RuntimeWarning: invalid value encountered in sqrt
  Vsonic = (i['gamma']*i['R']*i['Ts'])**0.5
C:\Users\MEO\Desktop\Projects\JetEngine\boomsonic_v0\.venv\Lib\site-packages\pycycle\thermo\static_ps_resid.py:108: RuntimeWarning: invalid value encountered in sqrt
  Vsonic = (i['gamma']*i['R']*i['Ts'])**0.5
C:\Users\MEO\Desktop\Projects\JetEngine\boomsonic_v0\.venv\Lib\site-packages\pycycle\thermo\static_ps_resid.py:108: RuntimeWarning: invalid value encountered in sqrt
  Vsonic = (i['gamma']*i['R']*i['Ts'])**0.5
C:\Users\MEO\Desktop\Projects\JetEngine\boomsonic_v0\.venv\Lib\site-packages\pycycle\thermo\static_ps_resid.py:108: RuntimeWarning: invalid value encountered in sqrt
  Vsonic = (i['gamma']*i['R']*i['Ts'])**0.5
C:\Users\MEO\Desktop\Projects\JetEngine\boomsonic_v0\.venv\Lib\site-packages\pycycle\thermo\static_ps_resid.py:108: RuntimeWarning: invalid value encountered in sqrt
  Vsonic = (i['gamma']*i['R']*i['Ts'])**0.5
C:\Users\MEO\Desktop\Projects\JetEngine\boomsonic_v0\.venv\Lib\site-packages\pycycle\thermo\static_ps_resid.py:108: RuntimeWarning: invalid value encountered in sqrt
  Vsonic = (i['gamma']*i['R']*i['Ts'])**0.5
C:\Users\MEO\Desktop\Projects\JetEngine\boomsonic_v0\.venv\Lib\site-packages\pycycle\thermo\static_ps_resid.py:108: RuntimeWarning: invalid value encountered in sqrt
  Vsonic = (i['gamma']*i['R']*i['Ts'])**0.5
C:\Users\MEO\Desktop\Projects\JetEngine\boomsonic_v0\.venv\Lib\site-packages\pycycle\thermo\static_ps_resid.py:108: RuntimeWarning: invalid value encountered in sqrt
  Vsonic = (i['gamma']*i['R']*i['Ts'])**0.5
C:\Users\MEO\Desktop\Projects\JetEngine\boomsonic_v0\.venv\Lib\site-packages\pycycle\thermo\static_ps_resid.py:108: RuntimeWarning: invalid value encountered in sqrt
  Vsonic = (i['gamma']*i['R']*i['Ts'])**0.5
C:\Users\MEO\Desktop\Projects\JetEngine\boomsonic_v0\.venv\Lib\site-packages\pycycle\thermo\static_ps_calc.py:32: RuntimeWarning: invalid value encountered in sqrt
  outputs['Vsonic'] = Vsonic = np.sqrt(inputs['gamma'] * inputs['R'] * inputs['Ts'])
C:\Users\MEO\Desktop\Projects\JetEngine\boomsonic_v0\.venv\Lib\site-packages\pycycle\elements\compressor.py:75: RuntimeWarning: invalid value encountered in log
  outputs['eff_poly'] = Rt * np.log(PR) / ( Rt*np.log(PR) + S_out - S_in )
C:\Users\MEO\Desktop\Projects\JetEngine\boomsonic_v0\.venv\Lib\site-packages\pycycle\thermo\static_ps_resid.py:128: RuntimeWarning: invalid value encountered in sqrt
  Vsonic = (i['gamma']*i['R']*i['Ts'])**0.5
C:\Users\MEO\Desktop\Projects\JetEngine\boomsonic_v0\.venv\Lib\site-packages\pycycle\thermo\static_ps_resid.py:128: RuntimeWarning: invalid value encountered in sqrt
  Vsonic = (i['gamma']*i['R']*i['Ts'])**0.5
C:\Users\MEO\Desktop\Projects\JetEngine\boomsonic_v0\.venv\Lib\site-packages\pycycle\thermo\static_ps_resid.py:98: RuntimeWarning: invalid value encountered in power
  ps_guess = inputs['guess:Pt'] * (1 + (gamt-1)/2 * M_guess**2)**(-gamt/(gamt-1))
C:\Users\MEO\Desktop\Projects\JetEngine\boomsonic_v0\.venv\Lib\site-packages\pycycle\thermo\static_ps_resid.py:93: RuntimeWarning: invalid value encountered in power
  f1 = ps - inputs['guess:Pt'] * (1 + (gamt-1)/2 * M_guess**2)**(-gamt/(gamt-1))
C:\Users\MEO\Desktop\Projects\JetEngine\boomsonic_v0\.venv\Lib\site-packages\pycycle\thermo\static_ps_resid.py:94: RuntimeWarning: invalid value encountered in sqrt
  f2 = MN - inputs['W']*(R_UNIVERSAL_SI*inputs['Ts'])**0.5/(ps_guess*1.0e6*inputs['area']*gamt**0.5)
C:\Users\MEO\Desktop\Projects\JetEngine\boomsonic_v0\.venv\Lib\site-packages\pycycle\thermo\static_ps_resid.py:99: RuntimeWarning: The iteration is not making good progress, as measured by the 
 improvement from the last ten iterations.
  ps_guess, M_guess = fsolve(equations, (ps_guess, M_guess))
C:\Users\MEO\Desktop\Projects\JetEngine\boomsonic_v0\.venv\Lib\site-packages\pycycle\thermo\static_ps_resid.py:108: RuntimeWarning: invalid value encountered in sqrt
  Vsonic = (i['gamma']*i['R']*i['Ts'])**0.5
C:\Users\MEO\Desktop\Projects\JetEngine\boomsonic_v0\.venv\Lib\site-packages\pycycle\thermo\static_ps_resid.py:83: RuntimeWarning: invalid value encountered in power
  ps_guess = inputs['guess:Pt'] * (1 + (gamt-1)/2 * inputs['MN']**2)**(-gamt/(gamt-1))
C:\Users\MEO\Desktop\Projects\JetEngine\boomsonic_v0\.venv\Lib\site-packages\openmdao\solvers\solver.py:819: SolverWarning:Your model has stalled three times and may be violating the bounds. In the future, turn on print_bound_enforce in your solver options here: 
OD0.inlet.out_stat.nonlinear_solver.linesearch.options['print_bound_enforce']=True. 
The bound(s) being violated now are:

C:\Users\MEO\Desktop\Projects\JetEngine\boomsonic_v0\.venv\Lib\site-packages\openmdao\solvers\linesearch\backtracking.py:39: SolverWarning:'OD0.inlet.out_stat.balance.T' exceeds lower bounds
  Val: [-224.71974758]
  Lower: [150.]

C:\Users\MEO\Desktop\Projects\JetEngine\boomsonic_v0\.venv\Lib\site-packages\openmdao\solvers\linesearch\backtracking.py:39: SolverWarning:'OD0.inlet.out_stat.ps_resid.Ps' exceeds lower bounds
  Val: [-0.00109596]
  Lower: [-0.0009009]

C:\Users\MEO\Desktop\Projects\JetEngine\boomsonic_v0\.venv\Lib\site-packages\openmdao\solvers\solver.py:819: SolverWarning:Your model has stalled three times and may be violating the bounds. In the future, turn on print_bound_enforce in your solver options here: 
OD0.comp.ideal_flow.nonlinear_solver.linesearch.options['print_bound_enforce']=True. 
The bound(s) being violated now are:

C:\Users\MEO\Desktop\Projects\JetEngine\boomsonic_v0\.venv\Lib\site-packages\openmdao\solvers\linesearch\backtracking.py:39: SolverWarning:'OD0.comp.ideal_flow.balance.T' exceeds lower bounds
  Val: [-2.95292247e+10]
  Lower: [150.]

C:\Users\MEO\Desktop\Projects\JetEngine\boomsonic_v0\.venv\Lib\site-packages\pycycle\elements\compressor.py:75: RuntimeWarning: invalid value encountered in log
  outputs['eff_poly'] = Rt * np.log(PR) / ( Rt*np.log(PR) + S_out - S_in )
C:\Users\MEO\Desktop\Projects\JetEngine\boomsonic_v0\.venv\Lib\site-packages\pycycle\thermo\static_ps_resid.py:128: RuntimeWarning: invalid value encountered in sqrt
  Vsonic = (i['gamma']*i['R']*i['Ts'])**0.5
C:\Users\MEO\Desktop\Projects\JetEngine\boomsonic_v0\.venv\Lib\site-packages\pycycle\thermo\static_ps_resid.py:128: RuntimeWarning: invalid value encountered in sqrt
  Vsonic = (i['gamma']*i['R']*i['Ts'])**0.5
C:\Users\MEO\Desktop\Projects\JetEngine\boomsonic_v0\.venv\Lib\site-packages\pycycle\thermo\static_ps_resid.py:98: RuntimeWarning: invalid value encountered in power
  ps_guess = inputs['guess:Pt'] * (1 + (gamt-1)/2 * M_guess**2)**(-gamt/(gamt-1))
C:\Users\MEO\Desktop\Projects\JetEngine\boomsonic_v0\.venv\Lib\site-packages\pycycle\thermo\static_ps_resid.py:93: RuntimeWarning: invalid value encountered in power
  f1 = ps - inputs['guess:Pt'] * (1 + (gamt-1)/2 * M_guess**2)**(-gamt/(gamt-1))
C:\Users\MEO\Desktop\Projects\JetEngine\boomsonic_v0\.venv\Lib\site-packages\pycycle\thermo\static_ps_resid.py:94: RuntimeWarning: invalid value encountered in sqrt
  f2 = MN - inputs['W']*(R_UNIVERSAL_SI*inputs['Ts'])**0.5/(ps_guess*1.0e6*inputs['area']*gamt**0.5)
C:\Users\MEO\Desktop\Projects\JetEngine\boomsonic_v0\.venv\Lib\site-packages\pycycle\thermo\static_ps_resid.py:99: RuntimeWarning: The iteration is not making good progress, as measured by the 
 improvement from the last ten iterations.
  ps_guess, M_guess = fsolve(equations, (ps_guess, M_guess))
C:\Users\MEO\Desktop\Projects\JetEngine\boomsonic_v0\.venv\Lib\site-packages\pycycle\thermo\static_ps_resid.py:128: RuntimeWarning: invalid value encountered in sqrt
  Vsonic = (i['gamma']*i['R']*i['Ts'])**0.5
C:\Users\MEO\Desktop\Projects\JetEngine\boomsonic_v0\.venv\Lib\site-packages\pycycle\thermo\static_ps_resid.py:128: RuntimeWarning: invalid value encountered in sqrt
  Vsonic = (i['gamma']*i['R']*i['Ts'])**0.5
C:\Users\MEO\Desktop\Projects\JetEngine\boomsonic_v0\.venv\Lib\site-packages\pycycle\thermo\static_ps_resid.py:128: RuntimeWarning: invalid value encountered in sqrt
  Vsonic = (i['gamma']*i['R']*i['Ts'])**0.5
C:\Users\MEO\Desktop\Projects\JetEngine\boomsonic_v0\.venv\Lib\site-packages\pycycle\thermo\static_ps_resid.py:128: RuntimeWarning: invalid value encountered in sqrt
  Vsonic = (i['gamma']*i['R']*i['Ts'])**0.5
C:\Users\MEO\Desktop\Projects\JetEngine\boomsonic_v0\.venv\Lib\site-packages\pycycle\thermo\static_ps_resid.py:128: RuntimeWarning: invalid value encountered in sqrt
  Vsonic = (i['gamma']*i['R']*i['Ts'])**0.5
C:\Users\MEO\Desktop\Projects\JetEngine\boomsonic_v0\.venv\Lib\site-packages\pycycle\thermo\static_ps_resid.py:128: RuntimeWarning: invalid value encountered in sqrt
  Vsonic = (i['gamma']*i['R']*i['Ts'])**0.5
C:\Users\MEO\Desktop\Projects\JetEngine\boomsonic_v0\.venv\Lib\site-packages\pycycle\thermo\static_ps_resid.py:128: RuntimeWarning: invalid value encountered in sqrt
  Vsonic = (i['gamma']*i['R']*i['Ts'])**0.5
C:\Users\MEO\Desktop\Projects\JetEngine\boomsonic_v0\.venv\Lib\site-packages\pycycle\thermo\static_ps_resid.py:128: RuntimeWarning: invalid value encountered in sqrt
  Vsonic = (i['gamma']*i['R']*i['Ts'])**0.5
C:\Users\MEO\Desktop\Projects\JetEngine\boomsonic_v0\.venv\Lib\site-packages\pycycle\thermo\static_ps_resid.py:128: RuntimeWarning: invalid value encountered in sqrt
  Vsonic = (i['gamma']*i['R']*i['Ts'])**0.5
C:\Users\MEO\Desktop\Projects\JetEngine\boomsonic_v0\.venv\Lib\site-packages\pycycle\thermo\static_ps_resid.py:108: RuntimeWarning: invalid value encountered in sqrt
  Vsonic = (i['gamma']*i['R']*i['Ts'])**0.5
C:\Users\MEO\Desktop\Projects\JetEngine\boomsonic_v0\.venv\Lib\site-packages\pycycle\thermo\static_ps_resid.py:83: RuntimeWarning: invalid value encountered in power
  ps_guess = inputs['guess:Pt'] * (1 + (gamt-1)/2 * inputs['MN']**2)**(-gamt/(gamt-1))
C:\Users\MEO\Desktop\Projects\JetEngine\boomsonic_v0\.venv\Lib\site-packages\pycycle\thermo\static_ps_resid.py:108: RuntimeWarning: invalid value encountered in sqrt
  Vsonic = (i['gamma']*i['R']*i['Ts'])**0.5
C:\Users\MEO\Desktop\Projects\JetEngine\boomsonic_v0\.venv\Lib\site-packages\pycycle\thermo\static_ps_resid.py:108: RuntimeWarning: invalid value encountered in sqrt
  Vsonic = (i['gamma']*i['R']*i['Ts'])**0.5
C:\Users\MEO\Desktop\Projects\JetEngine\boomsonic_v0\.venv\Lib\site-packages\pycycle\thermo\static_ps_resid.py:108: RuntimeWarning: invalid value encountered in sqrt
  Vsonic = (i['gamma']*i['R']*i['Ts'])**0.5
C:\Users\MEO\Desktop\Projects\JetEngine\boomsonic_v0\.venv\Lib\site-packages\pycycle\thermo\static_ps_resid.py:108: RuntimeWarning: invalid value encountered in sqrt
  Vsonic = (i['gamma']*i['R']*i['Ts'])**0.5
C:\Users\MEO\Desktop\Projects\JetEngine\boomsonic_v0\.venv\Lib\site-packages\pycycle\thermo\static_ps_calc.py:32: RuntimeWarning: invalid value encountered in sqrt
  outputs['Vsonic'] = Vsonic = np.sqrt(inputs['gamma'] * inputs['R'] * inputs['Ts'])
C:\Users\MEO\Desktop\Projects\JetEngine\boomsonic_v0\.venv\Lib\site-packages\pycycle\elements\compressor.py:75: RuntimeWarning: invalid value encountered in log
  outputs['eff_poly'] = Rt * np.log(PR) / ( Rt*np.log(PR) + S_out - S_in )
C:\Users\MEO\Desktop\Projects\JetEngine\boomsonic_v0\.venv\Lib\site-packages\pycycle\thermo\static_ps_resid.py:128: RuntimeWarning: invalid value encountered in sqrt
  Vsonic = (i['gamma']*i['R']*i['Ts'])**0.5
C:\Users\MEO\Desktop\Projects\JetEngine\boomsonic_v0\.venv\Lib\site-packages\pycycle\thermo\static_ps_calc.py:32: RuntimeWarning: invalid value encountered in sqrt
  outputs['Vsonic'] = Vsonic = np.sqrt(inputs['gamma'] * inputs['R'] * inputs['Ts'])
C:\Users\MEO\Desktop\Projects\JetEngine\boomsonic_v0\.venv\Lib\site-packages\pycycle\thermo\static_ps_resid.py:128: RuntimeWarning: invalid value encountered in sqrt
  Vsonic = (i['gamma']*i['R']*i['Ts'])**0.5
C:\Users\MEO\Desktop\Projects\JetEngine\boomsonic_v0\.venv\Lib\site-packages\pycycle\thermo\static_ps_resid.py:98: RuntimeWarning: invalid value encountered in power
  ps_guess = inputs['guess:Pt'] * (1 + (gamt-1)/2 * M_guess**2)**(-gamt/(gamt-1))
C:\Users\MEO\Desktop\Projects\JetEngine\boomsonic_v0\.venv\Lib\site-packages\pycycle\thermo\static_ps_resid.py:93: RuntimeWarning: invalid value encountered in power
  f1 = ps - inputs['guess:Pt'] * (1 + (gamt-1)/2 * M_guess**2)**(-gamt/(gamt-1))
C:\Users\MEO\Desktop\Projects\JetEngine\boomsonic_v0\.venv\Lib\site-packages\pycycle\thermo\static_ps_resid.py:94: RuntimeWarning: invalid value encountered in sqrt
  f2 = MN - inputs['W']*(R_UNIVERSAL_SI*inputs['Ts'])**0.5/(ps_guess*1.0e6*inputs['area']*gamt**0.5)
C:\Users\MEO\Desktop\Projects\JetEngine\boomsonic_v0\.venv\Lib\site-packages\pycycle\thermo\static_ps_resid.py:99: RuntimeWarning: The iteration is not making good progress, as measured by the 
 improvement from the last ten iterations.
  ps_guess, M_guess = fsolve(equations, (ps_guess, M_guess))
C:\Users\MEO\Desktop\Projects\JetEngine\boomsonic_v0\.venv\Lib\site-packages\pycycle\thermo\static_ps_resid.py:108: RuntimeWarning: invalid value encountered in sqrt
  Vsonic = (i['gamma']*i['R']*i['Ts'])**0.5
C:\Users\MEO\Desktop\Projects\JetEngine\boomsonic_v0\.venv\Lib\site-packages\pycycle\thermo\static_ps_resid.py:83: RuntimeWarning: invalid value encountered in power
  ps_guess = inputs['guess:Pt'] * (1 + (gamt-1)/2 * inputs['MN']**2)**(-gamt/(gamt-1))
C:\Users\MEO\Desktop\Projects\JetEngine\boomsonic_v0\.venv\Lib\site-packages\openmdao\solvers\solver.py:819: SolverWarning:Your model has stalled three times and may be violating the bounds. In the future, turn on print_bound_enforce in your solver options here: 
OD0.inlet.out_stat.nonlinear_solver.linesearch.options['print_bound_enforce']=True. 
The bound(s) being violated now are:

C:\Users\MEO\Desktop\Projects\JetEngine\boomsonic_v0\.venv\Lib\site-packages\openmdao\solvers\linesearch\backtracking.py:39: SolverWarning:'OD0.inlet.out_stat.balance.T' exceeds lower bounds
  Val: [-224.71974773]
  Lower: [150.]

C:\Users\MEO\Desktop\Projects\JetEngine\boomsonic_v0\.venv\Lib\site-packages\openmdao\solvers\linesearch\backtracking.py:39: SolverWarning:'OD0.inlet.out_stat.ps_resid.Ps' exceeds lower bounds
  Val: [-0.00109596]
  Lower: [-0.0009009]

C:\Users\MEO\Desktop\Projects\JetEngine\boomsonic_v0\.venv\Lib\site-packages\openmdao\solvers\solver.py:819: SolverWarning:Your model has stalled three times and may be violating the bounds. In the future, turn on print_bound_enforce in your solver options here: 
OD0.comp.ideal_flow.nonlinear_solver.linesearch.options['print_bound_enforce']=True. 
The bound(s) being violated now are:

C:\Users\MEO\Desktop\Projects\JetEngine\boomsonic_v0\.venv\Lib\site-packages\openmdao\solvers\linesearch\backtracking.py:39: SolverWarning:'OD0.comp.ideal_flow.balance.T' exceeds lower bounds
  Val: [-2.95292247e+10]
  Lower: [150.]

C:\Users\MEO\Desktop\Projects\JetEngine\boomsonic_v0\.venv\Lib\site-packages\pycycle\elements\compressor.py:75: RuntimeWarning: invalid value encountered in log
  outputs['eff_poly'] = Rt * np.log(PR) / ( Rt*np.log(PR) + S_out - S_in )
C:\Users\MEO\Desktop\Projects\JetEngine\boomsonic_v0\.venv\Lib\site-packages\pycycle\thermo\static_ps_resid.py:128: RuntimeWarning: invalid value encountered in sqrt
  Vsonic = (i['gamma']*i['R']*i['Ts'])**0.5
C:\Users\MEO\Desktop\Projects\JetEngine\boomsonic_v0\.venv\Lib\site-packages\pycycle\thermo\static_ps_resid.py:128: RuntimeWarning: invalid value encountered in sqrt
  Vsonic = (i['gamma']*i['R']*i['Ts'])**0.5
C:\Users\MEO\Desktop\Projects\JetEngine\boomsonic_v0\.venv\Lib\site-packages\pycycle\thermo\static_ps_resid.py:98: RuntimeWarning: invalid value encountered in power
  ps_guess = inputs['guess:Pt'] * (1 + (gamt-1)/2 * M_guess**2)**(-gamt/(gamt-1))
C:\Users\MEO\Desktop\Projects\JetEngine\boomsonic_v0\.venv\Lib\site-packages\pycycle\thermo\static_ps_resid.py:93: RuntimeWarning: invalid value encountered in power
  f1 = ps - inputs['guess:Pt'] * (1 + (gamt-1)/2 * M_guess**2)**(-gamt/(gamt-1))
C:\Users\MEO\Desktop\Projects\JetEngine\boomsonic_v0\.venv\Lib\site-packages\pycycle\thermo\static_ps_resid.py:94: RuntimeWarning: invalid value encountered in sqrt
  f2 = MN - inputs['W']*(R_UNIVERSAL_SI*inputs['Ts'])**0.5/(ps_guess*1.0e6*inputs['area']*gamt**0.5)
C:\Users\MEO\Desktop\Projects\JetEngine\boomsonic_v0\.venv\Lib\site-packages\pycycle\thermo\static_ps_resid.py:99: RuntimeWarning: The iteration is not making good progress, as measured by the 
 improvement from the last ten iterations.
  ps_guess, M_guess = fsolve(equations, (ps_guess, M_guess))
C:\Users\MEO\Desktop\Projects\JetEngine\boomsonic_v0\.venv\Lib\site-packages\pycycle\thermo\static_ps_resid.py:128: RuntimeWarning: invalid value encountered in sqrt
  Vsonic = (i['gamma']*i['R']*i['Ts'])**0.5
C:\Users\MEO\Desktop\Projects\JetEngine\boomsonic_v0\.venv\Lib\site-packages\pycycle\thermo\static_ps_resid.py:128: RuntimeWarning: invalid value encountered in sqrt
  Vsonic = (i['gamma']*i['R']*i['Ts'])**0.5
C:\Users\MEO\Desktop\Projects\JetEngine\boomsonic_v0\.venv\Lib\site-packages\pycycle\thermo\static_ps_resid.py:128: RuntimeWarning: invalid value encountered in sqrt
  Vsonic = (i['gamma']*i['R']*i['Ts'])**0.5
C:\Users\MEO\Desktop\Projects\JetEngine\boomsonic_v0\.venv\Lib\site-packages\pycycle\thermo\static_ps_resid.py:128: RuntimeWarning: invalid value encountered in sqrt
  Vsonic = (i['gamma']*i['R']*i['Ts'])**0.5
C:\Users\MEO\Desktop\Projects\JetEngine\boomsonic_v0\.venv\Lib\site-packages\pycycle\thermo\static_ps_resid.py:128: RuntimeWarning: invalid value encountered in sqrt
  Vsonic = (i['gamma']*i['R']*i['Ts'])**0.5
C:\Users\MEO\Desktop\Projects\JetEngine\boomsonic_v0\.venv\Lib\site-packages\pycycle\thermo\static_ps_resid.py:128: RuntimeWarning: invalid value encountered in sqrt
  Vsonic = (i['gamma']*i['R']*i['Ts'])**0.5
C:\Users\MEO\Desktop\Projects\JetEngine\boomsonic_v0\.venv\Lib\site-packages\pycycle\thermo\static_ps_resid.py:128: RuntimeWarning: invalid value encountered in sqrt
  Vsonic = (i['gamma']*i['R']*i['Ts'])**0.5
C:\Users\MEO\Desktop\Projects\JetEngine\boomsonic_v0\.venv\Lib\site-packages\pycycle\thermo\static_ps_resid.py:128: RuntimeWarning: invalid value encountered in sqrt
  Vsonic = (i['gamma']*i['R']*i['Ts'])**0.5
C:\Users\MEO\Desktop\Projects\JetEngine\boomsonic_v0\.venv\Lib\site-packages\pycycle\thermo\static_ps_resid.py:128: RuntimeWarning: invalid value encountered in sqrt
  Vsonic = (i['gamma']*i['R']*i['Ts'])**0.5
C:\Users\MEO\Desktop\Projects\JetEngine\boomsonic_v0\.venv\Lib\site-packages\pycycle\thermo\static_ps_resid.py:108: RuntimeWarning: invalid value encountered in sqrt
  Vsonic = (i['gamma']*i['R']*i['Ts'])**0.5
C:\Users\MEO\Desktop\Projects\JetEngine\boomsonic_v0\.venv\Lib\site-packages\pycycle\thermo\static_ps_resid.py:83: RuntimeWarning: invalid value encountered in power
  ps_guess = inputs['guess:Pt'] * (1 + (gamt-1)/2 * inputs['MN']**2)**(-gamt/(gamt-1))
C:\Users\MEO\Desktop\Projects\JetEngine\boomsonic_v0\.venv\Lib\site-packages\pycycle\thermo\static_ps_resid.py:108: RuntimeWarning: invalid value encountered in sqrt
  Vsonic = (i['gamma']*i['R']*i['Ts'])**0.5
C:\Users\MEO\Desktop\Projects\JetEngine\boomsonic_v0\.venv\Lib\site-packages\pycycle\thermo\static_ps_resid.py:108: RuntimeWarning: invalid value encountered in sqrt
  Vsonic = (i['gamma']*i['R']*i['Ts'])**0.5
C:\Users\MEO\Desktop\Projects\JetEngine\boomsonic_v0\.venv\Lib\site-packages\pycycle\thermo\static_ps_resid.py:108: RuntimeWarning: invalid value encountered in sqrt
  Vsonic = (i['gamma']*i['R']*i['Ts'])**0.5
C:\Users\MEO\Desktop\Projects\JetEngine\boomsonic_v0\.venv\Lib\site-packages\pycycle\thermo\static_ps_calc.py:32: RuntimeWarning: invalid value encountered in sqrt
  outputs['Vsonic'] = Vsonic = np.sqrt(inputs['gamma'] * inputs['R'] * inputs['Ts'])
C:\Users\MEO\Desktop\Projects\JetEngine\boomsonic_v0\.venv\Lib\site-packages\pycycle\elements\compressor.py:75: RuntimeWarning: invalid value encountered in log
  outputs['eff_poly'] = Rt * np.log(PR) / ( Rt*np.log(PR) + S_out - S_in )
C:\Users\MEO\Desktop\Projects\JetEngine\boomsonic_v0\.venv\Lib\site-packages\pycycle\thermo\static_ps_resid.py:128: RuntimeWarning: invalid value encountered in sqrt
  Vsonic = (i['gamma']*i['R']*i['Ts'])**0.5
C:\Users\MEO\Desktop\Projects\JetEngine\boomsonic_v0\.venv\Lib\site-packages\pycycle\thermo\static_ps_resid.py:128: RuntimeWarning: invalid value encountered in sqrt
  Vsonic = (i['gamma']*i['R']*i['Ts'])**0.5
C:\Users\MEO\Desktop\Projects\JetEngine\boomsonic_v0\.venv\Lib\site-packages\pycycle\thermo\static_ps_resid.py:98: RuntimeWarning: invalid value encountered in power
  ps_guess = inputs['guess:Pt'] * (1 + (gamt-1)/2 * M_guess**2)**(-gamt/(gamt-1))
C:\Users\MEO\Desktop\Projects\JetEngine\boomsonic_v0\.venv\Lib\site-packages\pycycle\thermo\static_ps_resid.py:93: RuntimeWarning: invalid value encountered in power
  f1 = ps - inputs['guess:Pt'] * (1 + (gamt-1)/2 * M_guess**2)**(-gamt/(gamt-1))
C:\Users\MEO\Desktop\Projects\JetEngine\boomsonic_v0\.venv\Lib\site-packages\pycycle\thermo\static_ps_resid.py:94: RuntimeWarning: invalid value encountered in sqrt
  f2 = MN - inputs['W']*(R_UNIVERSAL_SI*inputs['Ts'])**0.5/(ps_guess*1.0e6*inputs['area']*gamt**0.5)
C:\Users\MEO\Desktop\Projects\JetEngine\boomsonic_v0\.venv\Lib\site-packages\pycycle\thermo\static_ps_resid.py:99: RuntimeWarning: The iteration is not making good progress, as measured by the 
 improvement from the last ten iterations.
  ps_guess, M_guess = fsolve(equations, (ps_guess, M_guess))
C:\Users\MEO\Desktop\Projects\JetEngine\boomsonic_v0\.venv\Lib\site-packages\pycycle\thermo\static_ps_resid.py:108: RuntimeWarning: invalid value encountered in sqrt
  Vsonic = (i['gamma']*i['R']*i['Ts'])**0.5
C:\Users\MEO\Desktop\Projects\JetEngine\boomsonic_v0\.venv\Lib\site-packages\pycycle\thermo\static_ps_resid.py:83: RuntimeWarning: invalid value encountered in power
  ps_guess = inputs['guess:Pt'] * (1 + (gamt-1)/2 * inputs['MN']**2)**(-gamt/(gamt-1))
C:\Users\MEO\Desktop\Projects\JetEngine\boomsonic_v0\.venv\Lib\site-packages\openmdao\solvers\solver.py:819: SolverWarning:Your model has stalled three times and may be violating the bounds. In the future, turn on print_bound_enforce in your solver options here: 
OD0.inlet.out_stat.nonlinear_solver.linesearch.options['print_bound_enforce']=True. 
The bound(s) being violated now are:

C:\Users\MEO\Desktop\Projects\JetEngine\boomsonic_v0\.venv\Lib\site-packages\openmdao\solvers\linesearch\backtracking.py:39: SolverWarning:'OD0.inlet.out_stat.balance.T' exceeds lower bounds
  Val: [-224.7197476]
  Lower: [150.]

C:\Users\MEO\Desktop\Projects\JetEngine\boomsonic_v0\.venv\Lib\site-packages\openmdao\solvers\linesearch\backtracking.py:39: SolverWarning:'OD0.inlet.out_stat.ps_resid.Ps' exceeds lower bounds
  Val: [-0.00109596]
  Lower: [-0.0009009]

C:\Users\MEO\Desktop\Projects\JetEngine\boomsonic_v0\.venv\Lib\site-packages\pycycle\thermo\static_ps_resid.py:128: RuntimeWarning: invalid value encountered in sqrt
  Vsonic = (i['gamma']*i['R']*i['Ts'])**0.5
C:\Users\MEO\Desktop\Projects\JetEngine\boomsonic_v0\.venv\Lib\site-packages\openmdao\solvers\solver.py:819: SolverWarning:Your model has stalled three times and may be violating the bounds. In the future, turn on print_bound_enforce in your solver options here: 
OD0.comp.ideal_flow.nonlinear_solver.linesearch.options['print_bound_enforce']=True. 
The bound(s) being violated now are:

C:\Users\MEO\Desktop\Projects\JetEngine\boomsonic_v0\.venv\Lib\site-packages\openmdao\solvers\linesearch\backtracking.py:39: SolverWarning:'OD0.comp.ideal_flow.balance.T' exceeds lower bounds
  Val: [-2.95292247e+10]
  Lower: [150.]

C:\Users\MEO\Desktop\Projects\JetEngine\boomsonic_v0\.venv\Lib\site-packages\pycycle\elements\compressor.py:75: RuntimeWarning: invalid value encountered in log
  outputs['eff_poly'] = Rt * np.log(PR) / ( Rt*np.log(PR) + S_out - S_in )
C:\Users\MEO\Desktop\Projects\JetEngine\boomsonic_v0\.venv\Lib\site-packages\pycycle\thermo\static_ps_resid.py:128: RuntimeWarning: invalid value encountered in sqrt
  Vsonic = (i['gamma']*i['R']*i['Ts'])**0.5
C:\Users\MEO\Desktop\Projects\JetEngine\boomsonic_v0\.venv\Lib\site-packages\openmdao\solvers\solver.py:819: SolverWarning:Your model has stalled three times and may be violating the bounds. In the future, turn on print_bound_enforce in your solver options here: 
OD0.turb.ideal_flow.nonlinear_solver.linesearch.options['print_bound_enforce']=True. 
The bound(s) being violated now are:

C:\Users\MEO\Desktop\Projects\JetEngine\boomsonic_v0\.venv\Lib\site-packages\openmdao\solvers\solver.py:819: SolverWarning:Your model has stalled three times and may be violating the bounds. In the future, turn on print_bound_enforce in your solver options here: 
OD0.turb.real_flow_b4bld.nonlinear_solver.linesearch.options['print_bound_enforce']=True. 
The bound(s) being violated now are:

C:\Users\MEO\Desktop\Projects\JetEngine\boomsonic_v0\.venv\Lib\site-packages\openmdao\solvers\solver.py:819: SolverWarning:Your model has stalled three times and may be violating the bounds. In the future, turn on print_bound_enforce in your solver options here: 
OD0.turb.real_flow.nonlinear_solver.linesearch.options['print_bound_enforce']=True. 
The bound(s) being violated now are:

C:\Users\MEO\Desktop\Projects\JetEngine\boomsonic_v0\.venv\Lib\site-packages\pycycle\thermo\static_ps_resid.py:128: RuntimeWarning: invalid value encountered in sqrt
  Vsonic = (i['gamma']*i['R']*i['Ts'])**0.5
C:\Users\MEO\Desktop\Projects\JetEngine\boomsonic_v0\.venv\Lib\site-packages\pycycle\thermo\static_ps_resid.py:98: RuntimeWarning: invalid value encountered in power
  ps_guess = inputs['guess:Pt'] * (1 + (gamt-1)/2 * M_guess**2)**(-gamt/(gamt-1))
C:\Users\MEO\Desktop\Projects\JetEngine\boomsonic_v0\.venv\Lib\site-packages\pycycle\thermo\static_ps_resid.py:93: RuntimeWarning: invalid value encountered in power
  f1 = ps - inputs['guess:Pt'] * (1 + (gamt-1)/2 * M_guess**2)**(-gamt/(gamt-1))
C:\Users\MEO\Desktop\Projects\JetEngine\boomsonic_v0\.venv\Lib\site-packages\pycycle\thermo\static_ps_resid.py:94: RuntimeWarning: invalid value encountered in sqrt
  f2 = MN - inputs['W']*(R_UNIVERSAL_SI*inputs['Ts'])**0.5/(ps_guess*1.0e6*inputs['area']*gamt**0.5)
C:\Users\MEO\Desktop\Projects\JetEngine\boomsonic_v0\.venv\Lib\site-packages\pycycle\thermo\static_ps_resid.py:99: RuntimeWarning: The iteration is not making good progress, as measured by the 
 improvement from the last ten iterations.
  ps_guess, M_guess = fsolve(equations, (ps_guess, M_guess))
C:\Users\MEO\Desktop\Projects\JetEngine\boomsonic_v0\.venv\Lib\site-packages\pycycle\thermo\static_ps_resid.py:128: RuntimeWarning: invalid value encountered in sqrt
  Vsonic = (i['gamma']*i['R']*i['Ts'])**0.5
C:\Users\MEO\Desktop\Projects\JetEngine\boomsonic_v0\.venv\Lib\site-packages\pycycle\thermo\static_ps_resid.py:128: RuntimeWarning: invalid value encountered in sqrt
  Vsonic = (i['gamma']*i['R']*i['Ts'])**0.5
C:\Users\MEO\Desktop\Projects\JetEngine\boomsonic_v0\.venv\Lib\site-packages\pycycle\thermo\static_ps_resid.py:128: RuntimeWarning: invalid value encountered in sqrt
  Vsonic = (i['gamma']*i['R']*i['Ts'])**0.5
C:\Users\MEO\Desktop\Projects\JetEngine\boomsonic_v0\.venv\Lib\site-packages\pycycle\thermo\static_ps_resid.py:128: RuntimeWarning: invalid value encountered in sqrt
  Vsonic = (i['gamma']*i['R']*i['Ts'])**0.5
C:\Users\MEO\Desktop\Projects\JetEngine\boomsonic_v0\.venv\Lib\site-packages\pycycle\thermo\static_ps_resid.py:128: RuntimeWarning: invalid value encountered in sqrt
  Vsonic = (i['gamma']*i['R']*i['Ts'])**0.5
C:\Users\MEO\Desktop\Projects\JetEngine\boomsonic_v0\.venv\Lib\site-packages\openmdao\solvers\solver.py:819: SolverWarning:Your model has stalled three times and may be violating the bounds. In the future, turn on print_bound_enforce in your solver options here: 
OD0.nozz.throat_total.nonlinear_solver.linesearch.options['print_bound_enforce']=True. 
The bound(s) being violated now are:

C:\Users\MEO\Desktop\Projects\JetEngine\boomsonic_v0\.venv\Lib\site-packages\pycycle\thermo\static_ps_resid.py:108: RuntimeWarning: invalid value encountered in sqrt
  Vsonic = (i['gamma']*i['R']*i['Ts'])**0.5
C:\Users\MEO\Desktop\Projects\JetEngine\boomsonic_v0\.venv\Lib\site-packages\pycycle\thermo\static_ps_resid.py:83: RuntimeWarning: invalid value encountered in power
  ps_guess = inputs['guess:Pt'] * (1 + (gamt-1)/2 * inputs['MN']**2)**(-gamt/(gamt-1))
C:\Users\MEO\Desktop\Projects\JetEngine\boomsonic_v0\.venv\Lib\site-packages\pycycle\thermo\static_ps_resid.py:108: RuntimeWarning: invalid value encountered in sqrt
  Vsonic = (i['gamma']*i['R']*i['Ts'])**0.5
C:\Users\MEO\Desktop\Projects\JetEngine\boomsonic_v0\.venv\Lib\site-packages\pycycle\thermo\static_ps_resid.py:108: RuntimeWarning: invalid value encountered in sqrt
  Vsonic = (i['gamma']*i['R']*i['Ts'])**0.5
C:\Users\MEO\Desktop\Projects\JetEngine\boomsonic_v0\.venv\Lib\site-packages\pycycle\thermo\static_ps_resid.py:108: RuntimeWarning: invalid value encountered in sqrt
  Vsonic = (i['gamma']*i['R']*i['Ts'])**0.5
C:\Users\MEO\Desktop\Projects\JetEngine\boomsonic_v0\.venv\Lib\site-packages\pycycle\thermo\static_ps_resid.py:108: RuntimeWarning: invalid value encountered in sqrt
  Vsonic = (i['gamma']*i['R']*i['Ts'])**0.5
C:\Users\MEO\Desktop\Projects\JetEngine\boomsonic_v0\.venv\Lib\site-packages\pycycle\thermo\static_ps_resid.py:108: RuntimeWarning: invalid value encountered in sqrt
  Vsonic = (i['gamma']*i['R']*i['Ts'])**0.5
C:\Users\MEO\Desktop\Projects\JetEngine\boomsonic_v0\.venv\Lib\site-packages\pycycle\thermo\static_ps_resid.py:108: RuntimeWarning: invalid value encountered in sqrt
  Vsonic = (i['gamma']*i['R']*i['Ts'])**0.5
C:\Users\MEO\Desktop\Projects\JetEngine\boomsonic_v0\.venv\Lib\site-packages\pycycle\thermo\static_ps_resid.py:108: RuntimeWarning: invalid value encountered in sqrt
  Vsonic = (i['gamma']*i['R']*i['Ts'])**0.5
C:\Users\MEO\Desktop\Projects\JetEngine\boomsonic_v0\.venv\Lib\site-packages\pycycle\thermo\static_ps_resid.py:108: RuntimeWarning: invalid value encountered in sqrt
  Vsonic = (i['gamma']*i['R']*i['Ts'])**0.5
C:\Users\MEO\Desktop\Projects\JetEngine\boomsonic_v0\.venv\Lib\site-packages\pycycle\thermo\static_ps_resid.py:108: RuntimeWarning: invalid value encountered in sqrt
  Vsonic = (i['gamma']*i['R']*i['Ts'])**0.5
C:\Users\MEO\Desktop\Projects\JetEngine\boomsonic_v0\.venv\Lib\site-packages\pycycle\thermo\static_ps_resid.py:108: RuntimeWarning: invalid value encountered in sqrt
  Vsonic = (i['gamma']*i['R']*i['Ts'])**0.5
C:\Users\MEO\Desktop\Projects\JetEngine\boomsonic_v0\.venv\Lib\site-packages\pycycle\thermo\static_ps_resid.py:108: RuntimeWarning: invalid value encountered in sqrt
  Vsonic = (i['gamma']*i['R']*i['Ts'])**0.5
C:\Users\MEO\Desktop\Projects\JetEngine\boomsonic_v0\.venv\Lib\site-packages\pycycle\thermo\static_ps_calc.py:32: RuntimeWarning: invalid value encountered in sqrt
  outputs['Vsonic'] = Vsonic = np.sqrt(inputs['gamma'] * inputs['R'] * inputs['Ts'])
C:\Users\MEO\Desktop\Projects\JetEngine\boomsonic_v0\.venv\Lib\site-packages\pycycle\thermo\static_ps_resid.py:128: RuntimeWarning: invalid value encountered in sqrt
  Vsonic = (i['gamma']*i['R']*i['Ts'])**0.5
C:\Users\MEO\Desktop\Projects\JetEngine\boomsonic_v0\.venv\Lib\site-packages\pycycle\elements\compressor.py:75: RuntimeWarning: invalid value encountered in log
  outputs['eff_poly'] = Rt * np.log(PR) / ( Rt*np.log(PR) + S_out - S_in )
C:\Users\MEO\Desktop\Projects\JetEngine\boomsonic_v0\.venv\Lib\site-packages\pycycle\thermo\static_ps_resid.py:128: RuntimeWarning: invalid value encountered in sqrt
  Vsonic = (i['gamma']*i['R']*i['Ts'])**0.5
C:\Users\MEO\Desktop\Projects\JetEngine\boomsonic_v0\.venv\Lib\site-packages\pycycle\thermo\static_ps_resid.py:98: RuntimeWarning: invalid value encountered in power
  ps_guess = inputs['guess:Pt'] * (1 + (gamt-1)/2 * M_guess**2)**(-gamt/(gamt-1))
C:\Users\MEO\Desktop\Projects\JetEngine\boomsonic_v0\.venv\Lib\site-packages\pycycle\thermo\static_ps_resid.py:93: RuntimeWarning: invalid value encountered in power
  f1 = ps - inputs['guess:Pt'] * (1 + (gamt-1)/2 * M_guess**2)**(-gamt/(gamt-1))
C:\Users\MEO\Desktop\Projects\JetEngine\boomsonic_v0\.venv\Lib\site-packages\pycycle\thermo\static_ps_resid.py:94: RuntimeWarning: invalid value encountered in sqrt
  f2 = MN - inputs['W']*(R_UNIVERSAL_SI*inputs['Ts'])**0.5/(ps_guess*1.0e6*inputs['area']*gamt**0.5)
C:\Users\MEO\Desktop\Projects\JetEngine\boomsonic_v0\.venv\Lib\site-packages\pycycle\thermo\static_ps_resid.py:99: RuntimeWarning: The iteration is not making good progress, as measured by the 
 improvement from the last ten iterations.
  ps_guess, M_guess = fsolve(equations, (ps_guess, M_guess))
C:\Users\MEO\Desktop\Projects\JetEngine\boomsonic_v0\.venv\Lib\site-packages\pycycle\thermo\static_ps_resid.py:108: RuntimeWarning: invalid value encountered in sqrt
  Vsonic = (i['gamma']*i['R']*i['Ts'])**0.5
C:\Users\MEO\Desktop\Projects\JetEngine\boomsonic_v0\.venv\Lib\site-packages\pycycle\thermo\static_ps_resid.py:83: RuntimeWarning: invalid value encountered in power
  ps_guess = inputs['guess:Pt'] * (1 + (gamt-1)/2 * inputs['MN']**2)**(-gamt/(gamt-1))
C:\Users\MEO\Desktop\Projects\JetEngine\boomsonic_v0\.venv\Lib\site-packages\openmdao\solvers\solver.py:819: SolverWarning:Your model has stalled three times and may be violating the bounds. In the future, turn on print_bound_enforce in your solver options here: 
OD0.inlet.out_stat.nonlinear_solver.linesearch.options['print_bound_enforce']=True. 
The bound(s) being violated now are:

C:\Users\MEO\Desktop\Projects\JetEngine\boomsonic_v0\.venv\Lib\site-packages\openmdao\solvers\linesearch\backtracking.py:39: SolverWarning:'OD0.inlet.out_stat.balance.T' exceeds lower bounds
  Val: [-224.71974758]
  Lower: [150.]

C:\Users\MEO\Desktop\Projects\JetEngine\boomsonic_v0\.venv\Lib\site-packages\openmdao\solvers\linesearch\backtracking.py:39: SolverWarning:'OD0.inlet.out_stat.ps_resid.Ps' exceeds lower bounds
  Val: [-0.00109596]
  Lower: [-0.0009009]

C:\Users\MEO\Desktop\Projects\JetEngine\boomsonic_v0\.venv\Lib\site-packages\pycycle\thermo\static_ps_resid.py:128: RuntimeWarning: invalid value encountered in sqrt
  Vsonic = (i['gamma']*i['R']*i['Ts'])**0.5
C:\Users\MEO\Desktop\Projects\JetEngine\boomsonic_v0\.venv\Lib\site-packages\pycycle\thermo\static_ps_resid.py:128: RuntimeWarning: invalid value encountered in sqrt
  Vsonic = (i['gamma']*i['R']*i['Ts'])**0.5
C:\Users\MEO\Desktop\Projects\JetEngine\boomsonic_v0\.venv\Lib\site-packages\openmdao\solvers\solver.py:819: SolverWarning:Your model has stalled three times and may be violating the bounds. In the future, turn on print_bound_enforce in your solver options here: 
OD0.comp.ideal_flow.nonlinear_solver.linesearch.options['print_bound_enforce']=True. 
The bound(s) being violated now are:

C:\Users\MEO\Desktop\Projects\JetEngine\boomsonic_v0\.venv\Lib\site-packages\openmdao\solvers\linesearch\backtracking.py:39: SolverWarning:'OD0.comp.ideal_flow.balance.T' exceeds lower bounds
  Val: [-2.95292247e+10]
  Lower: [150.]

C:\Users\MEO\Desktop\Projects\JetEngine\boomsonic_v0\.venv\Lib\site-packages\pycycle\elements\compressor.py:75: RuntimeWarning: invalid value encountered in log
  outputs['eff_poly'] = Rt * np.log(PR) / ( Rt*np.log(PR) + S_out - S_in )
C:\Users\MEO\Desktop\Projects\JetEngine\boomsonic_v0\.venv\Lib\site-packages\pycycle\thermo\static_ps_resid.py:128: RuntimeWarning: invalid value encountered in sqrt
  Vsonic = (i['gamma']*i['R']*i['Ts'])**0.5
C:\Users\MEO\Desktop\Projects\JetEngine\boomsonic_v0\.venv\Lib\site-packages\pycycle\thermo\static_ps_resid.py:128: RuntimeWarning: invalid value encountered in sqrt
  Vsonic = (i['gamma']*i['R']*i['Ts'])**0.5
C:\Users\MEO\Desktop\Projects\JetEngine\boomsonic_v0\.venv\Lib\site-packages\pycycle\thermo\static_ps_resid.py:98: RuntimeWarning: invalid value encountered in power
  ps_guess = inputs['guess:Pt'] * (1 + (gamt-1)/2 * M_guess**2)**(-gamt/(gamt-1))
C:\Users\MEO\Desktop\Projects\JetEngine\boomsonic_v0\.venv\Lib\site-packages\pycycle\thermo\static_ps_resid.py:93: RuntimeWarning: invalid value encountered in power
  f1 = ps - inputs['guess:Pt'] * (1 + (gamt-1)/2 * M_guess**2)**(-gamt/(gamt-1))
C:\Users\MEO\Desktop\Projects\JetEngine\boomsonic_v0\.venv\Lib\site-packages\pycycle\thermo\static_ps_resid.py:94: RuntimeWarning: invalid value encountered in sqrt
  f2 = MN - inputs['W']*(R_UNIVERSAL_SI*inputs['Ts'])**0.5/(ps_guess*1.0e6*inputs['area']*gamt**0.5)
C:\Users\MEO\Desktop\Projects\JetEngine\boomsonic_v0\.venv\Lib\site-packages\pycycle\thermo\static_ps_resid.py:99: RuntimeWarning: The iteration is not making good progress, as measured by the 
 improvement from the last ten iterations.
  ps_guess, M_guess = fsolve(equations, (ps_guess, M_guess))
C:\Users\MEO\Desktop\Projects\JetEngine\boomsonic_v0\.venv\Lib\site-packages\pycycle\thermo\static_ps_resid.py:128: RuntimeWarning: invalid value encountered in sqrt
  Vsonic = (i['gamma']*i['R']*i['Ts'])**0.5
C:\Users\MEO\Desktop\Projects\JetEngine\boomsonic_v0\.venv\Lib\site-packages\pycycle\thermo\static_ps_resid.py:128: RuntimeWarning: invalid value encountered in sqrt
  Vsonic = (i['gamma']*i['R']*i['Ts'])**0.5
C:\Users\MEO\Desktop\Projects\JetEngine\boomsonic_v0\.venv\Lib\site-packages\pycycle\thermo\static_ps_resid.py:128: RuntimeWarning: invalid value encountered in sqrt
  Vsonic = (i['gamma']*i['R']*i['Ts'])**0.5
C:\Users\MEO\Desktop\Projects\JetEngine\boomsonic_v0\.venv\Lib\site-packages\pycycle\thermo\static_ps_resid.py:128: RuntimeWarning: invalid value encountered in sqrt
  Vsonic = (i['gamma']*i['R']*i['Ts'])**0.5
C:\Users\MEO\Desktop\Projects\JetEngine\boomsonic_v0\.venv\Lib\site-packages\pycycle\thermo\static_ps_resid.py:128: RuntimeWarning: invalid value encountered in sqrt
  Vsonic = (i['gamma']*i['R']*i['Ts'])**0.5
C:\Users\MEO\Desktop\Projects\JetEngine\boomsonic_v0\.venv\Lib\site-packages\pycycle\thermo\static_ps_resid.py:128: RuntimeWarning: invalid value encountered in sqrt
  Vsonic = (i['gamma']*i['R']*i['Ts'])**0.5
C:\Users\MEO\Desktop\Projects\JetEngine\boomsonic_v0\.venv\Lib\site-packages\pycycle\thermo\static_ps_resid.py:128: RuntimeWarning: invalid value encountered in sqrt
  Vsonic = (i['gamma']*i['R']*i['Ts'])**0.5
C:\Users\MEO\Desktop\Projects\JetEngine\boomsonic_v0\.venv\Lib\site-packages\pycycle\thermo\static_ps_resid.py:128: RuntimeWarning: invalid value encountered in sqrt
  Vsonic = (i['gamma']*i['R']*i['Ts'])**0.5
C:\Users\MEO\Desktop\Projects\JetEngine\boomsonic_v0\.venv\Lib\site-packages\pycycle\thermo\static_ps_resid.py:108: RuntimeWarning: invalid value encountered in sqrt
  Vsonic = (i['gamma']*i['R']*i['Ts'])**0.5
C:\Users\MEO\Desktop\Projects\JetEngine\boomsonic_v0\.venv\Lib\site-packages\pycycle\thermo\static_ps_resid.py:83: RuntimeWarning: invalid value encountered in power
  ps_guess = inputs['guess:Pt'] * (1 + (gamt-1)/2 * inputs['MN']**2)**(-gamt/(gamt-1))
C:\Users\MEO\Desktop\Projects\JetEngine\boomsonic_v0\.venv\Lib\site-packages\pycycle\thermo\static_ps_resid.py:108: RuntimeWarning: invalid value encountered in sqrt
  Vsonic = (i['gamma']*i['R']*i['Ts'])**0.5
C:\Users\MEO\Desktop\Projects\JetEngine\boomsonic_v0\.venv\Lib\site-packages\pycycle\thermo\static_ps_resid.py:108: RuntimeWarning: invalid value encountered in sqrt
  Vsonic = (i['gamma']*i['R']*i['Ts'])**0.5
C:\Users\MEO\Desktop\Projects\JetEngine\boomsonic_v0\.venv\Lib\site-packages\pycycle\thermo\static_ps_resid.py:108: RuntimeWarning: invalid value encountered in sqrt
  Vsonic = (i['gamma']*i['R']*i['Ts'])**0.5
C:\Users\MEO\Desktop\Projects\JetEngine\boomsonic_v0\.venv\Lib\site-packages\pycycle\thermo\static_ps_resid.py:108: RuntimeWarning: invalid value encountered in sqrt
  Vsonic = (i['gamma']*i['R']*i['Ts'])**0.5
C:\Users\MEO\Desktop\Projects\JetEngine\boomsonic_v0\.venv\Lib\site-packages\pycycle\thermo\static_ps_calc.py:32: RuntimeWarning: invalid value encountered in sqrt
  outputs['Vsonic'] = Vsonic = np.sqrt(inputs['gamma'] * inputs['R'] * inputs['Ts'])
C:\Users\MEO\Desktop\Projects\JetEngine\boomsonic_v0\.venv\Lib\site-packages\pycycle\elements\compressor.py:75: RuntimeWarning: invalid value encountered in log
  outputs['eff_poly'] = Rt * np.log(PR) / ( Rt*np.log(PR) + S_out - S_in )
C:\Users\MEO\Desktop\Projects\JetEngine\boomsonic_v0\.venv\Lib\site-packages\pycycle\thermo\static_ps_resid.py:128: RuntimeWarning: invalid value encountered in sqrt
  Vsonic = (i['gamma']*i['R']*i['Ts'])**0.5
C:\Users\MEO\Desktop\Projects\JetEngine\boomsonic_v0\.venv\Lib\site-packages\pycycle\thermo\static_ps_resid.py:128: RuntimeWarning: invalid value encountered in sqrt
  Vsonic = (i['gamma']*i['R']*i['Ts'])**0.5
C:\Users\MEO\Desktop\Projects\JetEngine\boomsonic_v0\.venv\Lib\site-packages\pycycle\thermo\static_ps_resid.py:98: RuntimeWarning: invalid value encountered in power
  ps_guess = inputs['guess:Pt'] * (1 + (gamt-1)/2 * M_guess**2)**(-gamt/(gamt-1))
C:\Users\MEO\Desktop\Projects\JetEngine\boomsonic_v0\.venv\Lib\site-packages\pycycle\thermo\static_ps_resid.py:93: RuntimeWarning: invalid value encountered in power
  f1 = ps - inputs['guess:Pt'] * (1 + (gamt-1)/2 * M_guess**2)**(-gamt/(gamt-1))
C:\Users\MEO\Desktop\Projects\JetEngine\boomsonic_v0\.venv\Lib\site-packages\pycycle\thermo\static_ps_resid.py:94: RuntimeWarning: invalid value encountered in sqrt
  f2 = MN - inputs['W']*(R_UNIVERSAL_SI*inputs['Ts'])**0.5/(ps_guess*1.0e6*inputs['area']*gamt**0.5)
C:\Users\MEO\Desktop\Projects\JetEngine\boomsonic_v0\.venv\Lib\site-packages\pycycle\thermo\static_ps_resid.py:99: RuntimeWarning: The iteration is not making good progress, as measured by the 
 improvement from the last ten iterations.
  ps_guess, M_guess = fsolve(equations, (ps_guess, M_guess))
C:\Users\MEO\Desktop\Projects\JetEngine\boomsonic_v0\.venv\Lib\site-packages\pycycle\thermo\static_ps_resid.py:108: RuntimeWarning: invalid value encountered in sqrt
  Vsonic = (i['gamma']*i['R']*i['Ts'])**0.5
C:\Users\MEO\Desktop\Projects\JetEngine\boomsonic_v0\.venv\Lib\site-packages\pycycle\thermo\static_ps_resid.py:83: RuntimeWarning: invalid value encountered in power
  ps_guess = inputs['guess:Pt'] * (1 + (gamt-1)/2 * inputs['MN']**2)**(-gamt/(gamt-1))
C:\Users\MEO\Desktop\Projects\JetEngine\boomsonic_v0\.venv\Lib\site-packages\openmdao\solvers\solver.py:819: SolverWarning:Your model has stalled three times and may be violating the bounds. In the future, turn on print_bound_enforce in your solver options here: 
OD0.inlet.out_stat.nonlinear_solver.linesearch.options['print_bound_enforce']=True. 
The bound(s) being violated now are:

C:\Users\MEO\Desktop\Projects\JetEngine\boomsonic_v0\.venv\Lib\site-packages\openmdao\solvers\linesearch\backtracking.py:39: SolverWarning:'OD0.inlet.out_stat.balance.T' exceeds lower bounds
  Val: [-224.71974794]
  Lower: [150.]

C:\Users\MEO\Desktop\Projects\JetEngine\boomsonic_v0\.venv\Lib\site-packages\openmdao\solvers\linesearch\backtracking.py:39: SolverWarning:'OD0.inlet.out_stat.ps_resid.Ps' exceeds lower bounds
  Val: [-0.00109596]
  Lower: [-0.0009009]

C:\Users\MEO\Desktop\Projects\JetEngine\boomsonic_v0\.venv\Lib\site-packages\openmdao\solvers\solver.py:819: SolverWarning:Your model has stalled three times and may be violating the bounds. In the future, turn on print_bound_enforce in your solver options here: 
OD0.duct.out_stat.nonlinear_solver.linesearch.options['print_bound_enforce']=True. 
The bound(s) being violated now are:

C:\Users\MEO\Desktop\Projects\JetEngine\boomsonic_v0\.venv\Lib\site-packages\openmdao\solvers\linesearch\backtracking.py:39: SolverWarning:'OD0.duct.out_stat.balance.T' exceeds lower bounds
  Val: [-221.05278957]
  Lower: [150.]

C:\Users\MEO\Desktop\Projects\JetEngine\boomsonic_v0\.venv\Lib\site-packages\openmdao\solvers\linesearch\backtracking.py:39: SolverWarning:'OD0.duct.out_stat.ps_resid.Ps' exceeds lower bounds
  Val: [-0.00109356]
  Lower: [-0.0009009]

C:\Users\MEO\Desktop\Projects\JetEngine\boomsonic_v0\.venv\Lib\site-packages\openmdao\solvers\solver.py:819: SolverWarning:Your model has stalled three times and may be violating the bounds. In the future, turn on print_bound_enforce in your solver options here: 
OD0.comp.ideal_flow.nonlinear_solver.linesearch.options['print_bound_enforce']=True. 
The bound(s) being violated now are:

C:\Users\MEO\Desktop\Projects\JetEngine\boomsonic_v0\.venv\Lib\site-packages\openmdao\solvers\linesearch\backtracking.py:39: SolverWarning:'OD0.comp.ideal_flow.balance.T' exceeds lower bounds
  Val: [-2.95292247e+10]
  Lower: [150.]

C:\Users\MEO\Desktop\Projects\JetEngine\boomsonic_v0\.venv\Lib\site-packages\pycycle\elements\compressor.py:75: RuntimeWarning: invalid value encountered in log
  outputs['eff_poly'] = Rt * np.log(PR) / ( Rt*np.log(PR) + S_out - S_in )
C:\Users\MEO\Desktop\Projects\JetEngine\boomsonic_v0\.venv\Lib\site-packages\pycycle\thermo\static_ps_resid.py:128: RuntimeWarning: invalid value encountered in sqrt
  Vsonic = (i['gamma']*i['R']*i['Ts'])**0.5
C:\Users\MEO\Desktop\Projects\JetEngine\boomsonic_v0\.venv\Lib\site-packages\pycycle\thermo\static_ps_resid.py:128: RuntimeWarning: invalid value encountered in sqrt
  Vsonic = (i['gamma']*i['R']*i['Ts'])**0.5
C:\Users\MEO\Desktop\Projects\JetEngine\boomsonic_v0\.venv\Lib\site-packages\pycycle\thermo\static_ps_resid.py:98: RuntimeWarning: invalid value encountered in power
  ps_guess = inputs['guess:Pt'] * (1 + (gamt-1)/2 * M_guess**2)**(-gamt/(gamt-1))
C:\Users\MEO\Desktop\Projects\JetEngine\boomsonic_v0\.venv\Lib\site-packages\pycycle\thermo\static_ps_resid.py:93: RuntimeWarning: invalid value encountered in power
  f1 = ps - inputs['guess:Pt'] * (1 + (gamt-1)/2 * M_guess**2)**(-gamt/(gamt-1))
C:\Users\MEO\Desktop\Projects\JetEngine\boomsonic_v0\.venv\Lib\site-packages\pycycle\thermo\static_ps_resid.py:94: RuntimeWarning: invalid value encountered in sqrt
  f2 = MN - inputs['W']*(R_UNIVERSAL_SI*inputs['Ts'])**0.5/(ps_guess*1.0e6*inputs['area']*gamt**0.5)
C:\Users\MEO\Desktop\Projects\JetEngine\boomsonic_v0\.venv\Lib\site-packages\pycycle\thermo\static_ps_resid.py:99: RuntimeWarning: The iteration is not making good progress, as measured by the 
 improvement from the last ten iterations.
  ps_guess, M_guess = fsolve(equations, (ps_guess, M_guess))
C:\Users\MEO\Desktop\Projects\JetEngine\boomsonic_v0\.venv\Lib\site-packages\pycycle\thermo\static_ps_resid.py:128: RuntimeWarning: invalid value encountered in sqrt
  Vsonic = (i['gamma']*i['R']*i['Ts'])**0.5
C:\Users\MEO\Desktop\Projects\JetEngine\boomsonic_v0\.venv\Lib\site-packages\pycycle\thermo\static_ps_resid.py:128: RuntimeWarning: invalid value encountered in sqrt
  Vsonic = (i['gamma']*i['R']*i['Ts'])**0.5
C:\Users\MEO\Desktop\Projects\JetEngine\boomsonic_v0\.venv\Lib\site-packages\pycycle\thermo\static_ps_resid.py:128: RuntimeWarning: invalid value encountered in sqrt
  Vsonic = (i['gamma']*i['R']*i['Ts'])**0.5
C:\Users\MEO\Desktop\Projects\JetEngine\boomsonic_v0\.venv\Lib\site-packages\pycycle\thermo\static_ps_resid.py:128: RuntimeWarning: invalid value encountered in sqrt
  Vsonic = (i['gamma']*i['R']*i['Ts'])**0.5
C:\Users\MEO\Desktop\Projects\JetEngine\boomsonic_v0\.venv\Lib\site-packages\pycycle\thermo\static_ps_resid.py:128: RuntimeWarning: invalid value encountered in sqrt
  Vsonic = (i['gamma']*i['R']*i['Ts'])**0.5
C:\Users\MEO\Desktop\Projects\JetEngine\boomsonic_v0\.venv\Lib\site-packages\pycycle\thermo\static_ps_resid.py:128: RuntimeWarning: invalid value encountered in sqrt
  Vsonic = (i['gamma']*i['R']*i['Ts'])**0.5
C:\Users\MEO\Desktop\Projects\JetEngine\boomsonic_v0\.venv\Lib\site-packages\pycycle\thermo\static_ps_resid.py:128: RuntimeWarning: invalid value encountered in sqrt
  Vsonic = (i['gamma']*i['R']*i['Ts'])**0.5
C:\Users\MEO\Desktop\Projects\JetEngine\boomsonic_v0\.venv\Lib\site-packages\pycycle\thermo\static_ps_resid.py:128: RuntimeWarning: invalid value encountered in sqrt
  Vsonic = (i['gamma']*i['R']*i['Ts'])**0.5
C:\Users\MEO\Desktop\Projects\JetEngine\boomsonic_v0\.venv\Lib\site-packages\pycycle\thermo\static_ps_resid.py:128: RuntimeWarning: invalid value encountered in sqrt
  Vsonic = (i['gamma']*i['R']*i['Ts'])**0.5
C:\Users\MEO\Desktop\Projects\JetEngine\boomsonic_v0\.venv\Lib\site-packages\pycycle\thermo\static_ps_resid.py:108: RuntimeWarning: invalid value encountered in sqrt
  Vsonic = (i['gamma']*i['R']*i['Ts'])**0.5
C:\Users\MEO\Desktop\Projects\JetEngine\boomsonic_v0\.venv\Lib\site-packages\pycycle\thermo\static_ps_resid.py:83: RuntimeWarning: invalid value encountered in power
  ps_guess = inputs['guess:Pt'] * (1 + (gamt-1)/2 * inputs['MN']**2)**(-gamt/(gamt-1))
C:\Users\MEO\Desktop\Projects\JetEngine\boomsonic_v0\.venv\Lib\site-packages\pycycle\thermo\static_ps_resid.py:108: RuntimeWarning: invalid value encountered in sqrt
  Vsonic = (i['gamma']*i['R']*i['Ts'])**0.5
C:\Users\MEO\Desktop\Projects\JetEngine\boomsonic_v0\.venv\Lib\site-packages\openmdao\solvers\solver.py:819: SolverWarning:Your model has stalled three times and may be violating the bounds. In the future, turn on print_bound_enforce in your solver options here: 
OD0.nozz.staticMN.nonlinear_solver.linesearch.options['print_bound_enforce']=True. 
The bound(s) being violated now are:

C:\Users\MEO\Desktop\Projects\JetEngine\boomsonic_v0\.venv\Lib\site-packages\openmdao\solvers\linesearch\backtracking.py:35: SolverWarning:'OD0.nozz.staticMN.balance.T' exceeds upper bounds
  Val: [2.97619617e+10]
  Upper: [2500.]

C:\Users\MEO\Desktop\Projects\JetEngine\boomsonic_v0\.venv\Lib\site-packages\openmdao\solvers\linesearch\backtracking.py:39: SolverWarning:'OD0.nozz.staticMN.ps_resid.Ps' exceeds lower bounds
  Val: [-18749.17208339]
  Lower: [-0.0009009]

C:\Users\MEO\Desktop\Projects\JetEngine\boomsonic_v0\.venv\Lib\site-packages\pycycle\thermo\static_ps_resid.py:108: RuntimeWarning: invalid value encountered in sqrt
  Vsonic = (i['gamma']*i['R']*i['Ts'])**0.5
C:\Users\MEO\Desktop\Projects\JetEngine\boomsonic_v0\.venv\Lib\site-packages\pycycle\thermo\static_ps_resid.py:108: RuntimeWarning: invalid value encountered in sqrt
  Vsonic = (i['gamma']*i['R']*i['Ts'])**0.5
C:\Users\MEO\Desktop\Projects\JetEngine\boomsonic_v0\.venv\Lib\site-packages\pycycle\thermo\static_ps_calc.py:32: RuntimeWarning: invalid value encountered in sqrt
  outputs['Vsonic'] = Vsonic = np.sqrt(inputs['gamma'] * inputs['R'] * inputs['Ts'])
C:\Users\MEO\Desktop\Projects\JetEngine\boomsonic_v0\.venv\Lib\site-packages\pycycle\elements\compressor.py:75: RuntimeWarning: invalid value encountered in log
  outputs['eff_poly'] = Rt * np.log(PR) / ( Rt*np.log(PR) + S_out - S_in )
C:\Users\MEO\Desktop\Projects\JetEngine\boomsonic_v0\.venv\Lib\site-packages\pycycle\thermo\static_ps_resid.py:128: RuntimeWarning: invalid value encountered in sqrt
  Vsonic = (i['gamma']*i['R']*i['Ts'])**0.5
C:\Users\MEO\Desktop\Projects\JetEngine\boomsonic_v0\.venv\Lib\site-packages\pycycle\thermo\static_ps_resid.py:128: RuntimeWarning: invalid value encountered in sqrt
  Vsonic = (i['gamma']*i['R']*i['Ts'])**0.5
C:\Users\MEO\Desktop\Projects\JetEngine\boomsonic_v0\.venv\Lib\site-packages\pycycle\thermo\static_ps_resid.py:98: RuntimeWarning: invalid value encountered in power
  ps_guess = inputs['guess:Pt'] * (1 + (gamt-1)/2 * M_guess**2)**(-gamt/(gamt-1))
C:\Users\MEO\Desktop\Projects\JetEngine\boomsonic_v0\.venv\Lib\site-packages\pycycle\thermo\static_ps_resid.py:93: RuntimeWarning: invalid value encountered in power
  f1 = ps - inputs['guess:Pt'] * (1 + (gamt-1)/2 * M_guess**2)**(-gamt/(gamt-1))
C:\Users\MEO\Desktop\Projects\JetEngine\boomsonic_v0\.venv\Lib\site-packages\pycycle\thermo\static_ps_resid.py:94: RuntimeWarning: invalid value encountered in sqrt
  f2 = MN - inputs['W']*(R_UNIVERSAL_SI*inputs['Ts'])**0.5/(ps_guess*1.0e6*inputs['area']*gamt**0.5)
C:\Users\MEO\Desktop\Projects\JetEngine\boomsonic_v0\.venv\Lib\site-packages\pycycle\thermo\static_ps_resid.py:99: RuntimeWarning: The iteration is not making good progress, as measured by the 
 improvement from the last ten iterations.
  ps_guess, M_guess = fsolve(equations, (ps_guess, M_guess))
C:\Users\MEO\Desktop\Projects\JetEngine\boomsonic_v0\.venv\Lib\site-packages\pycycle\thermo\static_ps_resid.py:108: RuntimeWarning: invalid value encountered in sqrt
  Vsonic = (i['gamma']*i['R']*i['Ts'])**0.5
C:\Users\MEO\Desktop\Projects\JetEngine\boomsonic_v0\.venv\Lib\site-packages\pycycle\thermo\static_ps_resid.py:83: RuntimeWarning: invalid value encountered in power
  ps_guess = inputs['guess:Pt'] * (1 + (gamt-1)/2 * inputs['MN']**2)**(-gamt/(gamt-1))
C:\Users\MEO\Desktop\Projects\JetEngine\boomsonic_v0\.venv\Lib\site-packages\openmdao\solvers\solver.py:819: SolverWarning:Your model has stalled three times and may be violating the bounds. In the future, turn on print_bound_enforce in your solver options here: 
OD0.inlet.out_stat.nonlinear_solver.linesearch.options['print_bound_enforce']=True. 
The bound(s) being violated now are:

C:\Users\MEO\Desktop\Projects\JetEngine\boomsonic_v0\.venv\Lib\site-packages\openmdao\solvers\linesearch\backtracking.py:39: SolverWarning:'OD0.inlet.out_stat.balance.T' exceeds lower bounds
  Val: [-224.71974792]
  Lower: [150.]

C:\Users\MEO\Desktop\Projects\JetEngine\boomsonic_v0\.venv\Lib\site-packages\openmdao\solvers\linesearch\backtracking.py:39: SolverWarning:'OD0.inlet.out_stat.ps_resid.Ps' exceeds lower bounds
  Val: [-0.00109596]
  Lower: [-0.0009009]

C:\Users\MEO\Desktop\Projects\JetEngine\boomsonic_v0\.venv\Lib\site-packages\pycycle\thermo\static_ps_resid.py:128: RuntimeWarning: invalid value encountered in sqrt
  Vsonic = (i['gamma']*i['R']*i['Ts'])**0.5
C:\Users\MEO\Desktop\Projects\JetEngine\boomsonic_v0\.venv\Lib\site-packages\openmdao\solvers\solver.py:819: SolverWarning:Your model has stalled three times and may be violating the bounds. In the future, turn on print_bound_enforce in your solver options here: 
OD0.comp.ideal_flow.nonlinear_solver.linesearch.options['print_bound_enforce']=True. 
The bound(s) being violated now are:

C:\Users\MEO\Desktop\Projects\JetEngine\boomsonic_v0\.venv\Lib\site-packages\openmdao\solvers\linesearch\backtracking.py:39: SolverWarning:'OD0.comp.ideal_flow.balance.T' exceeds lower bounds
  Val: [-3.04453577e+10]
  Lower: [150.]

C:\Users\MEO\Desktop\Projects\JetEngine\boomsonic_v0\.venv\Lib\site-packages\pycycle\elements\compressor.py:75: RuntimeWarning: invalid value encountered in log
  outputs['eff_poly'] = Rt * np.log(PR) / ( Rt*np.log(PR) + S_out - S_in )
C:\Users\MEO\Desktop\Projects\JetEngine\boomsonic_v0\.venv\Lib\site-packages\pycycle\thermo\static_ps_resid.py:128: RuntimeWarning: invalid value encountered in sqrt
  Vsonic = (i['gamma']*i['R']*i['Ts'])**0.5
C:\Users\MEO\Desktop\Projects\JetEngine\boomsonic_v0\.venv\Lib\site-packages\pycycle\thermo\static_ps_resid.py:128: RuntimeWarning: invalid value encountered in sqrt
  Vsonic = (i['gamma']*i['R']*i['Ts'])**0.5
C:\Users\MEO\Desktop\Projects\JetEngine\boomsonic_v0\.venv\Lib\site-packages\pycycle\thermo\static_ps_resid.py:128: RuntimeWarning: invalid value encountered in sqrt
  Vsonic = (i['gamma']*i['R']*i['Ts'])**0.5
C:\Users\MEO\Desktop\Projects\JetEngine\boomsonic_v0\.venv\Lib\site-packages\pycycle\thermo\static_ps_resid.py:98: RuntimeWarning: invalid value encountered in power
  ps_guess = inputs['guess:Pt'] * (1 + (gamt-1)/2 * M_guess**2)**(-gamt/(gamt-1))
C:\Users\MEO\Desktop\Projects\JetEngine\boomsonic_v0\.venv\Lib\site-packages\pycycle\thermo\static_ps_resid.py:93: RuntimeWarning: invalid value encountered in power
  f1 = ps - inputs['guess:Pt'] * (1 + (gamt-1)/2 * M_guess**2)**(-gamt/(gamt-1))
C:\Users\MEO\Desktop\Projects\JetEngine\boomsonic_v0\.venv\Lib\site-packages\pycycle\thermo\static_ps_resid.py:94: RuntimeWarning: invalid value encountered in sqrt
  f2 = MN - inputs['W']*(R_UNIVERSAL_SI*inputs['Ts'])**0.5/(ps_guess*1.0e6*inputs['area']*gamt**0.5)
C:\Users\MEO\Desktop\Projects\JetEngine\boomsonic_v0\.venv\Lib\site-packages\pycycle\thermo\static_ps_resid.py:99: RuntimeWarning: The iteration is not making good progress, as measured by the 
 improvement from the last ten iterations.
  ps_guess, M_guess = fsolve(equations, (ps_guess, M_guess))
C:\Users\MEO\Desktop\Projects\JetEngine\boomsonic_v0\.venv\Lib\site-packages\pycycle\thermo\static_ps_resid.py:128: RuntimeWarning: invalid value encountered in sqrt
  Vsonic = (i['gamma']*i['R']*i['Ts'])**0.5
C:\Users\MEO\Desktop\Projects\JetEngine\boomsonic_v0\.venv\Lib\site-packages\pycycle\thermo\static_ps_resid.py:128: RuntimeWarning: invalid value encountered in sqrt
  Vsonic = (i['gamma']*i['R']*i['Ts'])**0.5
C:\Users\MEO\Desktop\Projects\JetEngine\boomsonic_v0\.venv\Lib\site-packages\pycycle\thermo\static_ps_resid.py:128: RuntimeWarning: invalid value encountered in sqrt
  Vsonic = (i['gamma']*i['R']*i['Ts'])**0.5
C:\Users\MEO\Desktop\Projects\JetEngine\boomsonic_v0\.venv\Lib\site-packages\pycycle\thermo\static_ps_resid.py:128: RuntimeWarning: invalid value encountered in sqrt
  Vsonic = (i['gamma']*i['R']*i['Ts'])**0.5
C:\Users\MEO\Desktop\Projects\JetEngine\boomsonic_v0\.venv\Lib\site-packages\pycycle\thermo\static_ps_resid.py:128: RuntimeWarning: invalid value encountered in sqrt
  Vsonic = (i['gamma']*i['R']*i['Ts'])**0.5
C:\Users\MEO\Desktop\Projects\JetEngine\boomsonic_v0\.venv\Lib\site-packages\pycycle\thermo\static_ps_resid.py:128: RuntimeWarning: invalid value encountered in sqrt
  Vsonic = (i['gamma']*i['R']*i['Ts'])**0.5
C:\Users\MEO\Desktop\Projects\JetEngine\boomsonic_v0\.venv\Lib\site-packages\pycycle\thermo\static_ps_resid.py:128: RuntimeWarning: invalid value encountered in sqrt
  Vsonic = (i['gamma']*i['R']*i['Ts'])**0.5
C:\Users\MEO\Desktop\Projects\JetEngine\boomsonic_v0\.venv\Lib\site-packages\pycycle\thermo\static_ps_resid.py:128: RuntimeWarning: invalid value encountered in sqrt
  Vsonic = (i['gamma']*i['R']*i['Ts'])**0.5
C:\Users\MEO\Desktop\Projects\JetEngine\boomsonic_v0\.venv\Lib\site-packages\pycycle\thermo\static_ps_resid.py:128: RuntimeWarning: invalid value encountered in sqrt
  Vsonic = (i['gamma']*i['R']*i['Ts'])**0.5
C:\Users\MEO\Desktop\Projects\JetEngine\boomsonic_v0\.venv\Lib\site-packages\pycycle\thermo\static_ps_resid.py:108: RuntimeWarning: invalid value encountered in sqrt
  Vsonic = (i['gamma']*i['R']*i['Ts'])**0.5
C:\Users\MEO\Desktop\Projects\JetEngine\boomsonic_v0\.venv\Lib\site-packages\pycycle\thermo\static_ps_resid.py:83: RuntimeWarning: invalid value encountered in power
  ps_guess = inputs['guess:Pt'] * (1 + (gamt-1)/2 * inputs['MN']**2)**(-gamt/(gamt-1))
C:\Users\MEO\Desktop\Projects\JetEngine\boomsonic_v0\.venv\Lib\site-packages\pycycle\thermo\static_ps_resid.py:108: RuntimeWarning: invalid value encountered in sqrt
  Vsonic = (i['gamma']*i['R']*i['Ts'])**0.5
C:\Users\MEO\Desktop\Projects\JetEngine\boomsonic_v0\.venv\Lib\site-packages\pycycle\thermo\static_ps_resid.py:108: RuntimeWarning: invalid value encountered in sqrt
  Vsonic = (i['gamma']*i['R']*i['Ts'])**0.5
C:\Users\MEO\Desktop\Projects\JetEngine\boomsonic_v0\.venv\Lib\site-packages\pycycle\thermo\static_ps_resid.py:108: RuntimeWarning: invalid value encountered in sqrt
  Vsonic = (i['gamma']*i['R']*i['Ts'])**0.5
C:\Users\MEO\Desktop\Projects\JetEngine\boomsonic_v0\.venv\Lib\site-packages\pycycle\thermo\static_ps_calc.py:32: RuntimeWarning: invalid value encountered in sqrt
  outputs['Vsonic'] = Vsonic = np.sqrt(inputs['gamma'] * inputs['R'] * inputs['Ts'])
C:\Users\MEO\Desktop\Projects\JetEngine\boomsonic_v0\.venv\Lib\site-packages\pycycle\elements\compressor.py:75: RuntimeWarning: invalid value encountered in log
  outputs['eff_poly'] = Rt * np.log(PR) / ( Rt*np.log(PR) + S_out - S_in )
C:\Users\MEO\Desktop\Projects\JetEngine\boomsonic_v0\.venv\Lib\site-packages\pycycle\thermo\static_ps_resid.py:128: RuntimeWarning: invalid value encountered in sqrt
  Vsonic = (i['gamma']*i['R']*i['Ts'])**0.5
C:\Users\MEO\Desktop\Projects\JetEngine\boomsonic_v0\.venv\Lib\site-packages\pycycle\thermo\static_ps_resid.py:128: RuntimeWarning: invalid value encountered in sqrt
  Vsonic = (i['gamma']*i['R']*i['Ts'])**0.5
C:\Users\MEO\Desktop\Projects\JetEngine\boomsonic_v0\.venv\Lib\site-packages\pycycle\thermo\static_ps_resid.py:98: RuntimeWarning: invalid value encountered in power
  ps_guess = inputs['guess:Pt'] * (1 + (gamt-1)/2 * M_guess**2)**(-gamt/(gamt-1))
C:\Users\MEO\Desktop\Projects\JetEngine\boomsonic_v0\.venv\Lib\site-packages\pycycle\thermo\static_ps_resid.py:93: RuntimeWarning: invalid value encountered in power
  f1 = ps - inputs['guess:Pt'] * (1 + (gamt-1)/2 * M_guess**2)**(-gamt/(gamt-1))
C:\Users\MEO\Desktop\Projects\JetEngine\boomsonic_v0\.venv\Lib\site-packages\pycycle\thermo\static_ps_resid.py:94: RuntimeWarning: invalid value encountered in sqrt
  f2 = MN - inputs['W']*(R_UNIVERSAL_SI*inputs['Ts'])**0.5/(ps_guess*1.0e6*inputs['area']*gamt**0.5)
C:\Users\MEO\Desktop\Projects\JetEngine\boomsonic_v0\.venv\Lib\site-packages\pycycle\thermo\static_ps_resid.py:99: RuntimeWarning: The iteration is not making good progress, as measured by the 
 improvement from the last ten iterations.
  ps_guess, M_guess = fsolve(equations, (ps_guess, M_guess))
C:\Users\MEO\Desktop\Projects\JetEngine\boomsonic_v0\.venv\Lib\site-packages\pycycle\thermo\static_ps_resid.py:108: RuntimeWarning: invalid value encountered in sqrt
  Vsonic = (i['gamma']*i['R']*i['Ts'])**0.5
C:\Users\MEO\Desktop\Projects\JetEngine\boomsonic_v0\.venv\Lib\site-packages\pycycle\thermo\static_ps_resid.py:83: RuntimeWarning: invalid value encountered in power
  ps_guess = inputs['guess:Pt'] * (1 + (gamt-1)/2 * inputs['MN']**2)**(-gamt/(gamt-1))
C:\Users\MEO\Desktop\Projects\JetEngine\boomsonic_v0\.venv\Lib\site-packages\openmdao\solvers\solver.py:819: SolverWarning:Your model has stalled three times and may be violating the bounds. In the future, turn on print_bound_enforce in your solver options here: 
OD0.inlet.out_stat.nonlinear_solver.linesearch.options['print_bound_enforce']=True. 
The bound(s) being violated now are:

C:\Users\MEO\Desktop\Projects\JetEngine\boomsonic_v0\.venv\Lib\site-packages\openmdao\solvers\linesearch\backtracking.py:39: SolverWarning:'OD0.inlet.out_stat.balance.T' exceeds lower bounds
  Val: [-224.71974792]
  Lower: [150.]

C:\Users\MEO\Desktop\Projects\JetEngine\boomsonic_v0\.venv\Lib\site-packages\openmdao\solvers\linesearch\backtracking.py:39: SolverWarning:'OD0.inlet.out_stat.ps_resid.Ps' exceeds lower bounds
  Val: [-0.00109596]
  Lower: [-0.0009009]

C:\Users\MEO\Desktop\Projects\JetEngine\boomsonic_v0\.venv\Lib\site-packages\openmdao\solvers\solver.py:819: SolverWarning:Your model has stalled three times and may be violating the bounds. In the future, turn on print_bound_enforce in your solver options here: 
OD0.comp.ideal_flow.nonlinear_solver.linesearch.options['print_bound_enforce']=True. 
The bound(s) being violated now are:

C:\Users\MEO\Desktop\Projects\JetEngine\boomsonic_v0\.venv\Lib\site-packages\openmdao\solvers\linesearch\backtracking.py:39: SolverWarning:'OD0.comp.ideal_flow.balance.T' exceeds lower bounds
  Val: [-3.04337135e+10]
  Lower: [150.]

C:\Users\MEO\Desktop\Projects\JetEngine\boomsonic_v0\.venv\Lib\site-packages\pycycle\elements\compressor.py:75: RuntimeWarning: invalid value encountered in log
  outputs['eff_poly'] = Rt * np.log(PR) / ( Rt*np.log(PR) + S_out - S_in )
C:\Users\MEO\Desktop\Projects\JetEngine\boomsonic_v0\.venv\Lib\site-packages\pycycle\thermo\static_ps_resid.py:128: RuntimeWarning: invalid value encountered in sqrt
  Vsonic = (i['gamma']*i['R']*i['Ts'])**0.5
C:\Users\MEO\Desktop\Projects\JetEngine\boomsonic_v0\.venv\Lib\site-packages\pycycle\thermo\static_ps_resid.py:128: RuntimeWarning: invalid value encountered in sqrt
  Vsonic = (i['gamma']*i['R']*i['Ts'])**0.5
C:\Users\MEO\Desktop\Projects\JetEngine\boomsonic_v0\.venv\Lib\site-packages\pycycle\thermo\static_ps_resid.py:128: RuntimeWarning: invalid value encountered in sqrt
  Vsonic = (i['gamma']*i['R']*i['Ts'])**0.5
C:\Users\MEO\Desktop\Projects\JetEngine\boomsonic_v0\.venv\Lib\site-packages\pycycle\thermo\static_ps_resid.py:98: RuntimeWarning: invalid value encountered in power
  ps_guess = inputs['guess:Pt'] * (1 + (gamt-1)/2 * M_guess**2)**(-gamt/(gamt-1))
C:\Users\MEO\Desktop\Projects\JetEngine\boomsonic_v0\.venv\Lib\site-packages\pycycle\thermo\static_ps_resid.py:93: RuntimeWarning: invalid value encountered in power
  f1 = ps - inputs['guess:Pt'] * (1 + (gamt-1)/2 * M_guess**2)**(-gamt/(gamt-1))
C:\Users\MEO\Desktop\Projects\JetEngine\boomsonic_v0\.venv\Lib\site-packages\pycycle\thermo\static_ps_resid.py:94: RuntimeWarning: invalid value encountered in sqrt
  f2 = MN - inputs['W']*(R_UNIVERSAL_SI*inputs['Ts'])**0.5/(ps_guess*1.0e6*inputs['area']*gamt**0.5)
C:\Users\MEO\Desktop\Projects\JetEngine\boomsonic_v0\.venv\Lib\site-packages\pycycle\thermo\static_ps_resid.py:99: RuntimeWarning: The iteration is not making good progress, as measured by the 
 improvement from the last ten iterations.
  ps_guess, M_guess = fsolve(equations, (ps_guess, M_guess))
C:\Users\MEO\Desktop\Projects\JetEngine\boomsonic_v0\.venv\Lib\site-packages\pycycle\thermo\static_ps_resid.py:128: RuntimeWarning: invalid value encountered in sqrt
  Vsonic = (i['gamma']*i['R']*i['Ts'])**0.5
C:\Users\MEO\Desktop\Projects\JetEngine\boomsonic_v0\.venv\Lib\site-packages\pycycle\thermo\static_ps_resid.py:128: RuntimeWarning: invalid value encountered in sqrt
  Vsonic = (i['gamma']*i['R']*i['Ts'])**0.5
C:\Users\MEO\Desktop\Projects\JetEngine\boomsonic_v0\.venv\Lib\site-packages\pycycle\thermo\static_ps_resid.py:128: RuntimeWarning: invalid value encountered in sqrt
  Vsonic = (i['gamma']*i['R']*i['Ts'])**0.5
C:\Users\MEO\Desktop\Projects\JetEngine\boomsonic_v0\.venv\Lib\site-packages\pycycle\thermo\static_ps_resid.py:128: RuntimeWarning: invalid value encountered in sqrt
  Vsonic = (i['gamma']*i['R']*i['Ts'])**0.5
C:\Users\MEO\Desktop\Projects\JetEngine\boomsonic_v0\.venv\Lib\site-packages\pycycle\thermo\static_ps_resid.py:128: RuntimeWarning: invalid value encountered in sqrt
  Vsonic = (i['gamma']*i['R']*i['Ts'])**0.5
C:\Users\MEO\Desktop\Projects\JetEngine\boomsonic_v0\.venv\Lib\site-packages\pycycle\thermo\static_ps_resid.py:128: RuntimeWarning: invalid value encountered in sqrt
  Vsonic = (i['gamma']*i['R']*i['Ts'])**0.5
C:\Users\MEO\Desktop\Projects\JetEngine\boomsonic_v0\.venv\Lib\site-packages\pycycle\thermo\static_ps_resid.py:128: RuntimeWarning: invalid value encountered in sqrt
  Vsonic = (i['gamma']*i['R']*i['Ts'])**0.5
C:\Users\MEO\Desktop\Projects\JetEngine\boomsonic_v0\.venv\Lib\site-packages\pycycle\thermo\static_ps_resid.py:128: RuntimeWarning: invalid value encountered in sqrt
  Vsonic = (i['gamma']*i['R']*i['Ts'])**0.5
C:\Users\MEO\Desktop\Projects\JetEngine\boomsonic_v0\.venv\Lib\site-packages\pycycle\thermo\static_ps_resid.py:128: RuntimeWarning: invalid value encountered in sqrt
  Vsonic = (i['gamma']*i['R']*i['Ts'])**0.5
C:\Users\MEO\Desktop\Projects\JetEngine\boomsonic_v0\.venv\Lib\site-packages\pycycle\thermo\static_ps_resid.py:108: RuntimeWarning: invalid value encountered in sqrt
  Vsonic = (i['gamma']*i['R']*i['Ts'])**0.5
C:\Users\MEO\Desktop\Projects\JetEngine\boomsonic_v0\.venv\Lib\site-packages\pycycle\thermo\static_ps_resid.py:83: RuntimeWarning: invalid value encountered in power
  ps_guess = inputs['guess:Pt'] * (1 + (gamt-1)/2 * inputs['MN']**2)**(-gamt/(gamt-1))
C:\Users\MEO\Desktop\Projects\JetEngine\boomsonic_v0\.venv\Lib\site-packages\pycycle\thermo\static_ps_resid.py:108: RuntimeWarning: invalid value encountered in sqrt
  Vsonic = (i['gamma']*i['R']*i['Ts'])**0.5
C:\Users\MEO\Desktop\Projects\JetEngine\boomsonic_v0\.venv\Lib\site-packages\openmdao\solvers\solver.py:819: SolverWarning:Your model has stalled three times and may be violating the bounds. In the future, turn on print_bound_enforce in your solver options here: 
OD0.nozz.staticMN.nonlinear_solver.linesearch.options['print_bound_enforce']=True. 
The bound(s) being violated now are:

C:\Users\MEO\Desktop\Projects\JetEngine\boomsonic_v0\.venv\Lib\site-packages\openmdao\solvers\linesearch\backtracking.py:35: SolverWarning:'OD0.nozz.staticMN.balance.T' exceeds upper bounds
  Val: [3.0673531e+10]
  Upper: [2500.]

C:\Users\MEO\Desktop\Projects\JetEngine\boomsonic_v0\.venv\Lib\site-packages\openmdao\solvers\linesearch\backtracking.py:39: SolverWarning:'OD0.nozz.staticMN.ps_resid.Ps' exceeds lower bounds
  Val: [-19323.43013195]
  Lower: [-0.0009009]

C:\Users\MEO\Desktop\Projects\JetEngine\boomsonic_v0\.venv\Lib\site-packages\pycycle\thermo\static_ps_resid.py:108: RuntimeWarning: invalid value encountered in sqrt
  Vsonic = (i['gamma']*i['R']*i['Ts'])**0.5
C:\Users\MEO\Desktop\Projects\JetEngine\boomsonic_v0\.venv\Lib\site-packages\pycycle\thermo\static_ps_resid.py:108: RuntimeWarning: invalid value encountered in sqrt
  Vsonic = (i['gamma']*i['R']*i['Ts'])**0.5
C:\Users\MEO\Desktop\Projects\JetEngine\boomsonic_v0\.venv\Lib\site-packages\pycycle\thermo\static_ps_calc.py:32: RuntimeWarning: invalid value encountered in sqrt
  outputs['Vsonic'] = Vsonic = np.sqrt(inputs['gamma'] * inputs['R'] * inputs['Ts'])
C:\Users\MEO\Desktop\Projects\JetEngine\boomsonic_v0\.venv\Lib\site-packages\pycycle\elements\compressor.py:75: RuntimeWarning: invalid value encountered in log
  outputs['eff_poly'] = Rt * np.log(PR) / ( Rt*np.log(PR) + S_out - S_in )
C:\Users\MEO\Desktop\Projects\JetEngine\boomsonic_v0\.venv\Lib\site-packages\pycycle\thermo\static_ps_resid.py:128: RuntimeWarning: invalid value encountered in sqrt
  Vsonic = (i['gamma']*i['R']*i['Ts'])**0.5
C:\Users\MEO\Desktop\Projects\JetEngine\boomsonic_v0\.venv\Lib\site-packages\pycycle\thermo\static_ps_resid.py:128: RuntimeWarning: invalid value encountered in sqrt
  Vsonic = (i['gamma']*i['R']*i['Ts'])**0.5
C:\Users\MEO\Desktop\Projects\JetEngine\boomsonic_v0\.venv\Lib\site-packages\pycycle\thermo\static_ps_resid.py:98: RuntimeWarning: invalid value encountered in power
  ps_guess = inputs['guess:Pt'] * (1 + (gamt-1)/2 * M_guess**2)**(-gamt/(gamt-1))
C:\Users\MEO\Desktop\Projects\JetEngine\boomsonic_v0\.venv\Lib\site-packages\pycycle\thermo\static_ps_resid.py:93: RuntimeWarning: invalid value encountered in power
  f1 = ps - inputs['guess:Pt'] * (1 + (gamt-1)/2 * M_guess**2)**(-gamt/(gamt-1))
C:\Users\MEO\Desktop\Projects\JetEngine\boomsonic_v0\.venv\Lib\site-packages\pycycle\thermo\static_ps_resid.py:94: RuntimeWarning: invalid value encountered in sqrt
  f2 = MN - inputs['W']*(R_UNIVERSAL_SI*inputs['Ts'])**0.5/(ps_guess*1.0e6*inputs['area']*gamt**0.5)
C:\Users\MEO\Desktop\Projects\JetEngine\boomsonic_v0\.venv\Lib\site-packages\pycycle\thermo\static_ps_resid.py:99: RuntimeWarning: The iteration is not making good progress, as measured by the 
 improvement from the last ten iterations.
  ps_guess, M_guess = fsolve(equations, (ps_guess, M_guess))
C:\Users\MEO\Desktop\Projects\JetEngine\boomsonic_v0\.venv\Lib\site-packages\pycycle\thermo\static_ps_resid.py:108: RuntimeWarning: invalid value encountered in sqrt
  Vsonic = (i['gamma']*i['R']*i['Ts'])**0.5
C:\Users\MEO\Desktop\Projects\JetEngine\boomsonic_v0\.venv\Lib\site-packages\pycycle\thermo\static_ps_resid.py:83: RuntimeWarning: invalid value encountered in power
  ps_guess = inputs['guess:Pt'] * (1 + (gamt-1)/2 * inputs['MN']**2)**(-gamt/(gamt-1))
C:\Users\MEO\Desktop\Projects\JetEngine\boomsonic_v0\.venv\Lib\site-packages\openmdao\solvers\solver.py:819: SolverWarning:Your model has stalled three times and may be violating the bounds. In the future, turn on print_bound_enforce in your solver options here: 
OD0.inlet.out_stat.nonlinear_solver.linesearch.options['print_bound_enforce']=True. 
The bound(s) being violated now are:

C:\Users\MEO\Desktop\Projects\JetEngine\boomsonic_v0\.venv\Lib\site-packages\openmdao\solvers\linesearch\backtracking.py:39: SolverWarning:'OD0.inlet.out_stat.balance.T' exceeds lower bounds
  Val: [-224.71989279]
  Lower: [150.]

C:\Users\MEO\Desktop\Projects\JetEngine\boomsonic_v0\.venv\Lib\site-packages\openmdao\solvers\linesearch\backtracking.py:39: SolverWarning:'OD0.inlet.out_stat.ps_resid.Ps' exceeds lower bounds
  Val: [-0.00109596]
  Lower: [-0.0009009]

C:\Users\MEO\Desktop\Projects\JetEngine\boomsonic_v0\.venv\Lib\site-packages\openmdao\solvers\solver.py:819: SolverWarning:Your model has stalled three times and may be violating the bounds. In the future, turn on print_bound_enforce in your solver options here: 
OD0.comp.ideal_flow.nonlinear_solver.linesearch.options['print_bound_enforce']=True. 
The bound(s) being violated now are:

C:\Users\MEO\Desktop\Projects\JetEngine\boomsonic_v0\.venv\Lib\site-packages\openmdao\solvers\linesearch\backtracking.py:39: SolverWarning:'OD0.comp.ideal_flow.balance.T' exceeds lower bounds
  Val: [-3.04337135e+10]
  Lower: [150.]

C:\Users\MEO\Desktop\Projects\JetEngine\boomsonic_v0\.venv\Lib\site-packages\pycycle\elements\compressor.py:75: RuntimeWarning: invalid value encountered in log
  outputs['eff_poly'] = Rt * np.log(PR) / ( Rt*np.log(PR) + S_out - S_in )
C:\Users\MEO\Desktop\Projects\JetEngine\boomsonic_v0\.venv\Lib\site-packages\pycycle\thermo\static_ps_resid.py:128: RuntimeWarning: invalid value encountered in sqrt
  Vsonic = (i['gamma']*i['R']*i['Ts'])**0.5
C:\Users\MEO\Desktop\Projects\JetEngine\boomsonic_v0\.venv\Lib\site-packages\pycycle\thermo\static_ps_resid.py:128: RuntimeWarning: invalid value encountered in sqrt
  Vsonic = (i['gamma']*i['R']*i['Ts'])**0.5
C:\Users\MEO\Desktop\Projects\JetEngine\boomsonic_v0\.venv\Lib\site-packages\pycycle\thermo\static_ps_resid.py:128: RuntimeWarning: invalid value encountered in sqrt
  Vsonic = (i['gamma']*i['R']*i['Ts'])**0.5
C:\Users\MEO\Desktop\Projects\JetEngine\boomsonic_v0\.venv\Lib\site-packages\pycycle\thermo\static_ps_resid.py:98: RuntimeWarning: invalid value encountered in power
  ps_guess = inputs['guess:Pt'] * (1 + (gamt-1)/2 * M_guess**2)**(-gamt/(gamt-1))
C:\Users\MEO\Desktop\Projects\JetEngine\boomsonic_v0\.venv\Lib\site-packages\pycycle\thermo\static_ps_resid.py:93: RuntimeWarning: invalid value encountered in power
  f1 = ps - inputs['guess:Pt'] * (1 + (gamt-1)/2 * M_guess**2)**(-gamt/(gamt-1))
C:\Users\MEO\Desktop\Projects\JetEngine\boomsonic_v0\.venv\Lib\site-packages\pycycle\thermo\static_ps_resid.py:94: RuntimeWarning: invalid value encountered in sqrt
  f2 = MN - inputs['W']*(R_UNIVERSAL_SI*inputs['Ts'])**0.5/(ps_guess*1.0e6*inputs['area']*gamt**0.5)
C:\Users\MEO\Desktop\Projects\JetEngine\boomsonic_v0\.venv\Lib\site-packages\pycycle\thermo\static_ps_resid.py:99: RuntimeWarning: The iteration is not making good progress, as measured by the 
 improvement from the last ten iterations.
  ps_guess, M_guess = fsolve(equations, (ps_guess, M_guess))
C:\Users\MEO\Desktop\Projects\JetEngine\boomsonic_v0\.venv\Lib\site-packages\pycycle\thermo\static_ps_resid.py:128: RuntimeWarning: invalid value encountered in sqrt
  Vsonic = (i['gamma']*i['R']*i['Ts'])**0.5
C:\Users\MEO\Desktop\Projects\JetEngine\boomsonic_v0\.venv\Lib\site-packages\pycycle\thermo\static_ps_resid.py:128: RuntimeWarning: invalid value encountered in sqrt
  Vsonic = (i['gamma']*i['R']*i['Ts'])**0.5
C:\Users\MEO\Desktop\Projects\JetEngine\boomsonic_v0\.venv\Lib\site-packages\pycycle\thermo\static_ps_resid.py:128: RuntimeWarning: invalid value encountered in sqrt
  Vsonic = (i['gamma']*i['R']*i['Ts'])**0.5
C:\Users\MEO\Desktop\Projects\JetEngine\boomsonic_v0\.venv\Lib\site-packages\pycycle\thermo\static_ps_resid.py:128: RuntimeWarning: invalid value encountered in sqrt
  Vsonic = (i['gamma']*i['R']*i['Ts'])**0.5
C:\Users\MEO\Desktop\Projects\JetEngine\boomsonic_v0\.venv\Lib\site-packages\pycycle\thermo\static_ps_resid.py:128: RuntimeWarning: invalid value encountered in sqrt
  Vsonic = (i['gamma']*i['R']*i['Ts'])**0.5
C:\Users\MEO\Desktop\Projects\JetEngine\boomsonic_v0\.venv\Lib\site-packages\pycycle\thermo\static_ps_resid.py:128: RuntimeWarning: invalid value encountered in sqrt
  Vsonic = (i['gamma']*i['R']*i['Ts'])**0.5
C:\Users\MEO\Desktop\Projects\JetEngine\boomsonic_v0\.venv\Lib\site-packages\pycycle\thermo\static_ps_resid.py:128: RuntimeWarning: invalid value encountered in sqrt
  Vsonic = (i['gamma']*i['R']*i['Ts'])**0.5
C:\Users\MEO\Desktop\Projects\JetEngine\boomsonic_v0\.venv\Lib\site-packages\pycycle\thermo\static_ps_resid.py:128: RuntimeWarning: invalid value encountered in sqrt
  Vsonic = (i['gamma']*i['R']*i['Ts'])**0.5
C:\Users\MEO\Desktop\Projects\JetEngine\boomsonic_v0\.venv\Lib\site-packages\pycycle\thermo\static_ps_resid.py:128: RuntimeWarning: invalid value encountered in sqrt
  Vsonic = (i['gamma']*i['R']*i['Ts'])**0.5
C:\Users\MEO\Desktop\Projects\JetEngine\boomsonic_v0\.venv\Lib\site-packages\pycycle\thermo\static_ps_resid.py:128: RuntimeWarning: invalid value encountered in sqrt
  Vsonic = (i['gamma']*i['R']*i['Ts'])**0.5
C:\Users\MEO\Desktop\Projects\JetEngine\boomsonic_v0\.venv\Lib\site-packages\pycycle\thermo\static_ps_resid.py:108: RuntimeWarning: invalid value encountered in sqrt
  Vsonic = (i['gamma']*i['R']*i['Ts'])**0.5
C:\Users\MEO\Desktop\Projects\JetEngine\boomsonic_v0\.venv\Lib\site-packages\pycycle\thermo\static_ps_resid.py:83: RuntimeWarning: invalid value encountered in power
  ps_guess = inputs['guess:Pt'] * (1 + (gamt-1)/2 * inputs['MN']**2)**(-gamt/(gamt-1))
C:\Users\MEO\Desktop\Projects\JetEngine\boomsonic_v0\.venv\Lib\site-packages\pycycle\thermo\static_ps_resid.py:108: RuntimeWarning: invalid value encountered in sqrt
  Vsonic = (i['gamma']*i['R']*i['Ts'])**0.5
C:\Users\MEO\Desktop\Projects\JetEngine\boomsonic_v0\.venv\Lib\site-packages\openmdao\solvers\solver.py:819: SolverWarning:Your model has stalled three times and may be violating the bounds. In the future, turn on print_bound_enforce in your solver options here: 
OD0.nozz.staticMN.nonlinear_solver.linesearch.options['print_bound_enforce']=True. 
The bound(s) being violated now are:

C:\Users\MEO\Desktop\Projects\JetEngine\boomsonic_v0\.venv\Lib\site-packages\openmdao\solvers\linesearch\backtracking.py:35: SolverWarning:'OD0.nozz.staticMN.balance.T' exceeds upper bounds
  Val: [3.50788766e+10]
  Upper: [2500.]

C:\Users\MEO\Desktop\Projects\JetEngine\boomsonic_v0\.venv\Lib\site-packages\openmdao\solvers\linesearch\backtracking.py:39: SolverWarning:'OD0.nozz.staticMN.ps_resid.Ps' exceeds lower bounds
  Val: [-14757.74807971]
  Lower: [-0.0009009]

C:\Users\MEO\Desktop\Projects\JetEngine\boomsonic_v0\.venv\Lib\site-packages\pycycle\thermo\static_ps_resid.py:108: RuntimeWarning: invalid value encountered in sqrt
  Vsonic = (i['gamma']*i['R']*i['Ts'])**0.5
C:\Users\MEO\Desktop\Projects\JetEngine\boomsonic_v0\.venv\Lib\site-packages\pycycle\thermo\static_ps_resid.py:108: RuntimeWarning: invalid value encountered in sqrt
  Vsonic = (i['gamma']*i['R']*i['Ts'])**0.5
C:\Users\MEO\Desktop\Projects\JetEngine\boomsonic_v0\.venv\Lib\site-packages\pycycle\thermo\static_ps_calc.py:32: RuntimeWarning: invalid value encountered in sqrt
  outputs['Vsonic'] = Vsonic = np.sqrt(inputs['gamma'] * inputs['R'] * inputs['Ts'])
C:\Users\MEO\Desktop\Projects\JetEngine\boomsonic_v0\.venv\Lib\site-packages\pycycle\elements\compressor.py:75: RuntimeWarning: invalid value encountered in log
  outputs['eff_poly'] = Rt * np.log(PR) / ( Rt*np.log(PR) + S_out - S_in )
C:\Users\MEO\Desktop\Projects\JetEngine\boomsonic_v0\.venv\Lib\site-packages\pycycle\thermo\static_ps_resid.py:128: RuntimeWarning: invalid value encountered in sqrt
  Vsonic = (i['gamma']*i['R']*i['Ts'])**0.5
C:\Users\MEO\Desktop\Projects\JetEngine\boomsonic_v0\.venv\Lib\site-packages\pycycle\thermo\static_ps_resid.py:98: RuntimeWarning: invalid value encountered in power
  ps_guess = inputs['guess:Pt'] * (1 + (gamt-1)/2 * M_guess**2)**(-gamt/(gamt-1))
C:\Users\MEO\Desktop\Projects\JetEngine\boomsonic_v0\.venv\Lib\site-packages\pycycle\thermo\static_ps_resid.py:93: RuntimeWarning: invalid value encountered in power
  f1 = ps - inputs['guess:Pt'] * (1 + (gamt-1)/2 * M_guess**2)**(-gamt/(gamt-1))
C:\Users\MEO\Desktop\Projects\JetEngine\boomsonic_v0\.venv\Lib\site-packages\pycycle\thermo\static_ps_resid.py:94: RuntimeWarning: invalid value encountered in sqrt
  f2 = MN - inputs['W']*(R_UNIVERSAL_SI*inputs['Ts'])**0.5/(ps_guess*1.0e6*inputs['area']*gamt**0.5)
C:\Users\MEO\Desktop\Projects\JetEngine\boomsonic_v0\.venv\Lib\site-packages\pycycle\thermo\static_ps_resid.py:99: RuntimeWarning: The iteration is not making good progress, as measured by the 
 improvement from the last ten iterations.
  ps_guess, M_guess = fsolve(equations, (ps_guess, M_guess))
C:\Users\MEO\Desktop\Projects\JetEngine\boomsonic_v0\.venv\Lib\site-packages\pycycle\thermo\static_ps_resid.py:83: RuntimeWarning: invalid value encountered in power
  ps_guess = inputs['guess:Pt'] * (1 + (gamt-1)/2 * inputs['MN']**2)**(-gamt/(gamt-1))
C:\Users\MEO\Desktop\Projects\JetEngine\boomsonic_v0\.venv\Lib\site-packages\pycycle\thermo\static_ps_resid.py:128: RuntimeWarning: invalid value encountered in sqrt
  Vsonic = (i['gamma']*i['R']*i['Ts'])**0.5
C:\Users\MEO\Desktop\Projects\JetEngine\boomsonic_v0\.venv\Lib\site-packages\pycycle\thermo\static_ps_resid.py:128: RuntimeWarning: invalid value encountered in sqrt
  Vsonic = (i['gamma']*i['R']*i['Ts'])**0.5
C:\Users\MEO\Desktop\Projects\JetEngine\boomsonic_v0\.venv\Lib\site-packages\pycycle\thermo\static_ps_resid.py:108: RuntimeWarning: invalid value encountered in sqrt
  Vsonic = (i['gamma']*i['R']*i['Ts'])**0.5
C:\Users\MEO\Desktop\Projects\JetEngine\boomsonic_v0\.venv\Lib\site-packages\pycycle\elements\turbine.py:40: RuntimeWarning: invalid value encountered in sqrt
  outputs['Wp'] = inputs['W_in'] * inputs['Tt']**0.5 / inputs['Pt']
C:\Users\MEO\Desktop\Projects\JetEngine\boomsonic_v0\.venv\Lib\site-packages\pycycle\elements\turbine.py:41: RuntimeWarning: invalid value encountered in power
  outputs['Np'] = inputs['Nmech'] * inputs['Tt']**-0.5
C:\Users\MEO\Desktop\Projects\JetEngine\boomsonic_v0\.venv\Lib\site-packages\pycycle\thermo\static_ps_resid.py:128: RuntimeWarning: invalid value encountered in sqrt
  Vsonic = (i['gamma']*i['R']*i['Ts'])**0.5
C:\Users\MEO\Desktop\Projects\JetEngine\boomsonic_v0\.venv\Lib\site-packages\pycycle\thermo\static_ps_resid.py:128: RuntimeWarning: invalid value encountered in sqrt
  Vsonic = (i['gamma']*i['R']*i['Ts'])**0.5
C:\Users\MEO\Desktop\Projects\JetEngine\boomsonic_v0\.venv\Lib\site-packages\openmdao\solvers\solver.py:819: SolverWarning:Your model has stalled three times and may be violating the bounds. In the future, turn on print_bound_enforce in your solver options here: 
OD0.comp.ideal_flow.nonlinear_solver.linesearch.options['print_bound_enforce']=True. 
The bound(s) being violated now are:

C:\Users\MEO\Desktop\Projects\JetEngine\boomsonic_v0\.venv\Lib\site-packages\openmdao\solvers\linesearch\backtracking.py:39: SolverWarning:'OD0.comp.ideal_flow.balance.T' exceeds lower bounds
  Val: [-1.60499342e+08]
  Lower: [150.]

C:\Users\MEO\Desktop\Projects\JetEngine\boomsonic_v0\.venv\Lib\site-packages\pycycle\elements\compressor.py:75: RuntimeWarning: invalid value encountered in log
  outputs['eff_poly'] = Rt * np.log(PR) / ( Rt*np.log(PR) + S_out - S_in )
C:\Users\MEO\Desktop\Projects\JetEngine\boomsonic_v0\.venv\Lib\site-packages\pycycle\thermo\static_ps_resid.py:98: RuntimeWarning: invalid value encountered in power
  ps_guess = inputs['guess:Pt'] * (1 + (gamt-1)/2 * M_guess**2)**(-gamt/(gamt-1))
C:\Users\MEO\Desktop\Projects\JetEngine\boomsonic_v0\.venv\Lib\site-packages\pycycle\thermo\static_ps_resid.py:93: RuntimeWarning: invalid value encountered in power
  f1 = ps - inputs['guess:Pt'] * (1 + (gamt-1)/2 * M_guess**2)**(-gamt/(gamt-1))
C:\Users\MEO\Desktop\Projects\JetEngine\boomsonic_v0\.venv\Lib\site-packages\pycycle\thermo\static_ps_resid.py:94: RuntimeWarning: invalid value encountered in sqrt
  f2 = MN - inputs['W']*(R_UNIVERSAL_SI*inputs['Ts'])**0.5/(ps_guess*1.0e6*inputs['area']*gamt**0.5)
C:\Users\MEO\Desktop\Projects\JetEngine\boomsonic_v0\.venv\Lib\site-packages\pycycle\thermo\static_ps_resid.py:99: RuntimeWarning: The iteration is not making good progress, as measured by the 
 improvement from the last ten iterations.
  ps_guess, M_guess = fsolve(equations, (ps_guess, M_guess))
C:\Users\MEO\Desktop\Projects\JetEngine\boomsonic_v0\.venv\Lib\site-packages\pycycle\thermo\static_ps_resid.py:128: RuntimeWarning: invalid value encountered in sqrt
  Vsonic = (i['gamma']*i['R']*i['Ts'])**0.5
C:\Users\MEO\Desktop\Projects\JetEngine\boomsonic_v0\.venv\Lib\site-packages\pycycle\thermo\static_ps_resid.py:128: RuntimeWarning: invalid value encountered in sqrt
  Vsonic = (i['gamma']*i['R']*i['Ts'])**0.5
C:\Users\MEO\Desktop\Projects\JetEngine\boomsonic_v0\.venv\Lib\site-packages\pycycle\thermo\static_ps_resid.py:128: RuntimeWarning: invalid value encountered in sqrt
  Vsonic = (i['gamma']*i['R']*i['Ts'])**0.5
C:\Users\MEO\Desktop\Projects\JetEngine\boomsonic_v0\.venv\Lib\site-packages\pycycle\thermo\static_ps_resid.py:128: RuntimeWarning: invalid value encountered in sqrt
  Vsonic = (i['gamma']*i['R']*i['Ts'])**0.5
C:\Users\MEO\Desktop\Projects\JetEngine\boomsonic_v0\.venv\Lib\site-packages\pycycle\thermo\static_ps_resid.py:128: RuntimeWarning: invalid value encountered in sqrt
  Vsonic = (i['gamma']*i['R']*i['Ts'])**0.5
C:\Users\MEO\Desktop\Projects\JetEngine\boomsonic_v0\.venv\Lib\site-packages\pycycle\thermo\static_ps_resid.py:128: RuntimeWarning: invalid value encountered in sqrt
  Vsonic = (i['gamma']*i['R']*i['Ts'])**0.5
C:\Users\MEO\Desktop\Projects\JetEngine\boomsonic_v0\.venv\Lib\site-packages\pycycle\thermo\static_ps_resid.py:128: RuntimeWarning: invalid value encountered in sqrt
  Vsonic = (i['gamma']*i['R']*i['Ts'])**0.5
C:\Users\MEO\Desktop\Projects\JetEngine\boomsonic_v0\.venv\Lib\site-packages\pycycle\thermo\static_ps_resid.py:128: RuntimeWarning: invalid value encountered in sqrt
  Vsonic = (i['gamma']*i['R']*i['Ts'])**0.5
C:\Users\MEO\Desktop\Projects\JetEngine\boomsonic_v0\.venv\Lib\site-packages\pycycle\thermo\static_ps_resid.py:128: RuntimeWarning: invalid value encountered in sqrt
  Vsonic = (i['gamma']*i['R']*i['Ts'])**0.5
C:\Users\MEO\Desktop\Projects\JetEngine\boomsonic_v0\.venv\Lib\site-packages\openmdao\solvers\solver.py:819: SolverWarning:Your model has stalled three times and may be violating the bounds. In the future, turn on print_bound_enforce in your solver options here: 
OD0.burner.vitiated_flow.nonlinear_solver.linesearch.options['print_bound_enforce']=True. 
The bound(s) being violated now are:

C:\Users\MEO\Desktop\Projects\JetEngine\boomsonic_v0\.venv\Lib\site-packages\pycycle\thermo\static_ps_resid.py:98: RuntimeWarning: invalid value encountered in power
  ps_guess = inputs['guess:Pt'] * (1 + (gamt-1)/2 * M_guess**2)**(-gamt/(gamt-1))
C:\Users\MEO\Desktop\Projects\JetEngine\boomsonic_v0\.venv\Lib\site-packages\pycycle\thermo\static_ps_resid.py:93: RuntimeWarning: invalid value encountered in power
  f1 = ps - inputs['guess:Pt'] * (1 + (gamt-1)/2 * M_guess**2)**(-gamt/(gamt-1))
C:\Users\MEO\Desktop\Projects\JetEngine\boomsonic_v0\.venv\Lib\site-packages\pycycle\thermo\static_ps_resid.py:94: RuntimeWarning: invalid value encountered in sqrt
  f2 = MN - inputs['W']*(R_UNIVERSAL_SI*inputs['Ts'])**0.5/(ps_guess*1.0e6*inputs['area']*gamt**0.5)
C:\Users\MEO\Desktop\Projects\JetEngine\boomsonic_v0\.venv\Lib\site-packages\pycycle\thermo\static_ps_resid.py:99: RuntimeWarning: The iteration is not making good progress, as measured by the 
 improvement from the last ten iterations.
  ps_guess, M_guess = fsolve(equations, (ps_guess, M_guess))
C:\Users\MEO\Desktop\Projects\JetEngine\boomsonic_v0\.venv\Lib\site-packages\pycycle\thermo\static_ps_resid.py:128: RuntimeWarning: invalid value encountered in sqrt
  Vsonic = (i['gamma']*i['R']*i['Ts'])**0.5
C:\Users\MEO\Desktop\Projects\JetEngine\boomsonic_v0\.venv\Lib\site-packages\pycycle\thermo\static_ps_resid.py:128: RuntimeWarning: invalid value encountered in sqrt
  Vsonic = (i['gamma']*i['R']*i['Ts'])**0.5
C:\Users\MEO\Desktop\Projects\JetEngine\boomsonic_v0\.venv\Lib\site-packages\pycycle\thermo\static_ps_resid.py:128: RuntimeWarning: invalid value encountered in sqrt
  Vsonic = (i['gamma']*i['R']*i['Ts'])**0.5
C:\Users\MEO\Desktop\Projects\JetEngine\boomsonic_v0\.venv\Lib\site-packages\pycycle\thermo\static_ps_resid.py:128: RuntimeWarning: invalid value encountered in sqrt
  Vsonic = (i['gamma']*i['R']*i['Ts'])**0.5
C:\Users\MEO\Desktop\Projects\JetEngine\boomsonic_v0\.venv\Lib\site-packages\pycycle\thermo\static_ps_resid.py:128: RuntimeWarning: invalid value encountered in sqrt
  Vsonic = (i['gamma']*i['R']*i['Ts'])**0.5
C:\Users\MEO\Desktop\Projects\JetEngine\boomsonic_v0\.venv\Lib\site-packages\pycycle\thermo\static_ps_resid.py:128: RuntimeWarning: invalid value encountered in sqrt
  Vsonic = (i['gamma']*i['R']*i['Ts'])**0.5
C:\Users\MEO\Desktop\Projects\JetEngine\boomsonic_v0\.venv\Lib\site-packages\pycycle\thermo\static_ps_resid.py:98: RuntimeWarning: invalid value encountered in power
  ps_guess = inputs['guess:Pt'] * (1 + (gamt-1)/2 * M_guess**2)**(-gamt/(gamt-1))
C:\Users\MEO\Desktop\Projects\JetEngine\boomsonic_v0\.venv\Lib\site-packages\pycycle\thermo\static_ps_resid.py:93: RuntimeWarning: invalid value encountered in power
  f1 = ps - inputs['guess:Pt'] * (1 + (gamt-1)/2 * M_guess**2)**(-gamt/(gamt-1))
C:\Users\MEO\Desktop\Projects\JetEngine\boomsonic_v0\.venv\Lib\site-packages\pycycle\thermo\static_ps_resid.py:94: RuntimeWarning: invalid value encountered in sqrt
  f2 = MN - inputs['W']*(R_UNIVERSAL_SI*inputs['Ts'])**0.5/(ps_guess*1.0e6*inputs['area']*gamt**0.5)
C:\Users\MEO\Desktop\Projects\JetEngine\boomsonic_v0\.venv\Lib\site-packages\pycycle\thermo\static_ps_resid.py:99: RuntimeWarning: The iteration is not making good progress, as measured by the 
 improvement from the last ten iterations.
  ps_guess, M_guess = fsolve(equations, (ps_guess, M_guess))
C:\Users\MEO\Desktop\Projects\JetEngine\boomsonic_v0\.venv\Lib\site-packages\pycycle\thermo\static_ps_resid.py:128: RuntimeWarning: invalid value encountered in sqrt
  Vsonic = (i['gamma']*i['R']*i['Ts'])**0.5
C:\Users\MEO\Desktop\Projects\JetEngine\boomsonic_v0\.venv\Lib\site-packages\pycycle\thermo\static_ps_resid.py:128: RuntimeWarning: invalid value encountered in sqrt
  Vsonic = (i['gamma']*i['R']*i['Ts'])**0.5
C:\Users\MEO\Desktop\Projects\JetEngine\boomsonic_v0\.venv\Lib\site-packages\pycycle\thermo\static_ps_resid.py:128: RuntimeWarning: invalid value encountered in sqrt
  Vsonic = (i['gamma']*i['R']*i['Ts'])**0.5
C:\Users\MEO\Desktop\Projects\JetEngine\boomsonic_v0\.venv\Lib\site-packages\pycycle\thermo\static_ps_resid.py:128: RuntimeWarning: invalid value encountered in sqrt
  Vsonic = (i['gamma']*i['R']*i['Ts'])**0.5
C:\Users\MEO\Desktop\Projects\JetEngine\boomsonic_v0\.venv\Lib\site-packages\pycycle\thermo\static_ps_resid.py:128: RuntimeWarning: invalid value encountered in sqrt
  Vsonic = (i['gamma']*i['R']*i['Ts'])**0.5
C:\Users\MEO\Desktop\Projects\JetEngine\boomsonic_v0\.venv\Lib\site-packages\pycycle\thermo\static_ps_resid.py:128: RuntimeWarning: invalid value encountered in sqrt
  Vsonic = (i['gamma']*i['R']*i['Ts'])**0.5
C:\Users\MEO\Desktop\Projects\JetEngine\boomsonic_v0\.venv\Lib\site-packages\pycycle\thermo\static_ps_resid.py:128: RuntimeWarning: invalid value encountered in sqrt
  Vsonic = (i['gamma']*i['R']*i['Ts'])**0.5
C:\Users\MEO\Desktop\Projects\JetEngine\boomsonic_v0\.venv\Lib\site-packages\pycycle\thermo\static_ps_resid.py:128: RuntimeWarning: invalid value encountered in sqrt
  Vsonic = (i['gamma']*i['R']*i['Ts'])**0.5
C:\Users\MEO\Desktop\Projects\JetEngine\boomsonic_v0\.venv\Lib\site-packages\pycycle\thermo\static_ps_resid.py:83: RuntimeWarning: invalid value encountered in power
  ps_guess = inputs['guess:Pt'] * (1 + (gamt-1)/2 * inputs['MN']**2)**(-gamt/(gamt-1))
C:\Users\MEO\Desktop\Projects\JetEngine\boomsonic_v0\.venv\Lib\site-packages\pycycle\thermo\static_ps_resid.py:108: RuntimeWarning: invalid value encountered in sqrt
  Vsonic = (i['gamma']*i['R']*i['Ts'])**0.5
C:\Users\MEO\Desktop\Projects\JetEngine\boomsonic_v0\.venv\Lib\site-packages\pycycle\thermo\static_ps_resid.py:108: RuntimeWarning: invalid value encountered in sqrt
  Vsonic = (i['gamma']*i['R']*i['Ts'])**0.5
C:\Users\MEO\Desktop\Projects\JetEngine\boomsonic_v0\.venv\Lib\site-packages\pycycle\thermo\static_ps_resid.py:108: RuntimeWarning: invalid value encountered in sqrt
  Vsonic = (i['gamma']*i['R']*i['Ts'])**0.5
C:\Users\MEO\Desktop\Projects\JetEngine\boomsonic_v0\.venv\Lib\site-packages\pycycle\thermo\static_ps_resid.py:108: RuntimeWarning: invalid value encountered in sqrt
  Vsonic = (i['gamma']*i['R']*i['Ts'])**0.5
C:\Users\MEO\Desktop\Projects\JetEngine\boomsonic_v0\.venv\Lib\site-packages\pycycle\thermo\static_ps_resid.py:108: RuntimeWarning: invalid value encountered in sqrt
  Vsonic = (i['gamma']*i['R']*i['Ts'])**0.5
C:\Users\MEO\Desktop\Projects\JetEngine\boomsonic_v0\.venv\Lib\site-packages\pycycle\thermo\static_ps_resid.py:108: RuntimeWarning: invalid value encountered in sqrt
  Vsonic = (i['gamma']*i['R']*i['Ts'])**0.5
C:\Users\MEO\Desktop\Projects\JetEngine\boomsonic_v0\.venv\Lib\site-packages\pycycle\thermo\static_ps_resid.py:108: RuntimeWarning: invalid value encountered in sqrt
  Vsonic = (i['gamma']*i['R']*i['Ts'])**0.5
C:\Users\MEO\Desktop\Projects\JetEngine\boomsonic_v0\.venv\Lib\site-packages\pycycle\thermo\static_ps_resid.py:108: RuntimeWarning: invalid value encountered in sqrt
  Vsonic = (i['gamma']*i['R']*i['Ts'])**0.5
C:\Users\MEO\Desktop\Projects\JetEngine\boomsonic_v0\.venv\Lib\site-packages\pycycle\thermo\static_ps_resid.py:108: RuntimeWarning: invalid value encountered in sqrt
  Vsonic = (i['gamma']*i['R']*i['Ts'])**0.5
C:\Users\MEO\Desktop\Projects\JetEngine\boomsonic_v0\.venv\Lib\site-packages\pycycle\thermo\static_ps_resid.py:108: RuntimeWarning: invalid value encountered in sqrt
  Vsonic = (i['gamma']*i['R']*i['Ts'])**0.5
C:\Users\MEO\Desktop\Projects\JetEngine\boomsonic_v0\.venv\Lib\site-packages\pycycle\thermo\static_ps_calc.py:32: RuntimeWarning: invalid value encountered in sqrt
  outputs['Vsonic'] = Vsonic = np.sqrt(inputs['gamma'] * inputs['R'] * inputs['Ts'])
C:\Users\MEO\Desktop\Projects\JetEngine\boomsonic_v0\.venv\Lib\site-packages\pycycle\thermo\static_ps_calc.py:32: RuntimeWarning: invalid value encountered in sqrt
  outputs['Vsonic'] = Vsonic = np.sqrt(inputs['gamma'] * inputs['R'] * inputs['Ts'])
C:\Users\MEO\Desktop\Projects\JetEngine\boomsonic_v0\.venv\Lib\site-packages\pycycle\thermo\static_ps_resid.py:128: RuntimeWarning: invalid value encountered in sqrt
  Vsonic = (i['gamma']*i['R']*i['Ts'])**0.5
C:\Users\MEO\Desktop\Projects\JetEngine\boomsonic_v0\.venv\Lib\site-packages\pycycle\elements\compressor.py:75: RuntimeWarning: invalid value encountered in log
  outputs['eff_poly'] = Rt * np.log(PR) / ( Rt*np.log(PR) + S_out - S_in )
C:\Users\MEO\Desktop\Projects\JetEngine\boomsonic_v0\.venv\Lib\site-packages\pycycle\thermo\static_ps_resid.py:108: RuntimeWarning: invalid value encountered in sqrt
  Vsonic = (i['gamma']*i['R']*i['Ts'])**0.5
C:\Users\MEO\Desktop\Projects\JetEngine\boomsonic_v0\.venv\Lib\site-packages\pycycle\thermo\static_ps_resid.py:98: RuntimeWarning: invalid value encountered in power
  ps_guess = inputs['guess:Pt'] * (1 + (gamt-1)/2 * M_guess**2)**(-gamt/(gamt-1))
C:\Users\MEO\Desktop\Projects\JetEngine\boomsonic_v0\.venv\Lib\site-packages\pycycle\thermo\static_ps_resid.py:93: RuntimeWarning: invalid value encountered in power
  f1 = ps - inputs['guess:Pt'] * (1 + (gamt-1)/2 * M_guess**2)**(-gamt/(gamt-1))
C:\Users\MEO\Desktop\Projects\JetEngine\boomsonic_v0\.venv\Lib\site-packages\pycycle\thermo\static_ps_resid.py:94: RuntimeWarning: invalid value encountered in sqrt
  f2 = MN - inputs['W']*(R_UNIVERSAL_SI*inputs['Ts'])**0.5/(ps_guess*1.0e6*inputs['area']*gamt**0.5)
C:\Users\MEO\Desktop\Projects\JetEngine\boomsonic_v0\.venv\Lib\site-packages\pycycle\thermo\static_ps_resid.py:99: RuntimeWarning: The iteration is not making good progress, as measured by the 
 improvement from the last ten iterations.
  ps_guess, M_guess = fsolve(equations, (ps_guess, M_guess))
C:\Users\MEO\Desktop\Projects\JetEngine\boomsonic_v0\.venv\Lib\site-packages\pycycle\thermo\static_ps_resid.py:83: RuntimeWarning: invalid value encountered in power
  ps_guess = inputs['guess:Pt'] * (1 + (gamt-1)/2 * inputs['MN']**2)**(-gamt/(gamt-1))
C:\Users\MEO\Desktop\Projects\JetEngine\boomsonic_v0\.venv\Lib\site-packages\openmdao\solvers\solver.py:819: SolverWarning:Your model has stalled three times and may be violating the bounds. In the future, turn on print_bound_enforce in your solver options here: 
OD0.comp.ideal_flow.nonlinear_solver.linesearch.options['print_bound_enforce']=True. 
The bound(s) being violated now are:

C:\Users\MEO\Desktop\Projects\JetEngine\boomsonic_v0\.venv\Lib\site-packages\openmdao\solvers\linesearch\backtracking.py:39: SolverWarning:'OD0.comp.ideal_flow.balance.T' exceeds lower bounds
  Val: [-1.60499342e+08]
  Lower: [150.]

C:\Users\MEO\Desktop\Projects\JetEngine\boomsonic_v0\.venv\Lib\site-packages\pycycle\elements\compressor.py:75: RuntimeWarning: invalid value encountered in log
  outputs['eff_poly'] = Rt * np.log(PR) / ( Rt*np.log(PR) + S_out - S_in )
C:\Users\MEO\Desktop\Projects\JetEngine\boomsonic_v0\.venv\Lib\site-packages\pycycle\thermo\static_ps_resid.py:128: RuntimeWarning: invalid value encountered in sqrt
  Vsonic = (i['gamma']*i['R']*i['Ts'])**0.5
C:\Users\MEO\Desktop\Projects\JetEngine\boomsonic_v0\.venv\Lib\site-packages\pycycle\thermo\static_ps_resid.py:128: RuntimeWarning: invalid value encountered in sqrt
  Vsonic = (i['gamma']*i['R']*i['Ts'])**0.5
C:\Users\MEO\Desktop\Projects\JetEngine\boomsonic_v0\.venv\Lib\site-packages\pycycle\thermo\static_ps_resid.py:128: RuntimeWarning: invalid value encountered in sqrt
  Vsonic = (i['gamma']*i['R']*i['Ts'])**0.5
C:\Users\MEO\Desktop\Projects\JetEngine\boomsonic_v0\.venv\Lib\site-packages\pycycle\thermo\static_ps_resid.py:128: RuntimeWarning: invalid value encountered in sqrt
  Vsonic = (i['gamma']*i['R']*i['Ts'])**0.5
C:\Users\MEO\Desktop\Projects\JetEngine\boomsonic_v0\.venv\Lib\site-packages\pycycle\thermo\static_ps_resid.py:128: RuntimeWarning: invalid value encountered in sqrt
  Vsonic = (i['gamma']*i['R']*i['Ts'])**0.5
C:\Users\MEO\Desktop\Projects\JetEngine\boomsonic_v0\.venv\Lib\site-packages\pycycle\thermo\static_ps_resid.py:98: RuntimeWarning: invalid value encountered in power
  ps_guess = inputs['guess:Pt'] * (1 + (gamt-1)/2 * M_guess**2)**(-gamt/(gamt-1))
C:\Users\MEO\Desktop\Projects\JetEngine\boomsonic_v0\.venv\Lib\site-packages\pycycle\thermo\static_ps_resid.py:93: RuntimeWarning: invalid value encountered in power
  f1 = ps - inputs['guess:Pt'] * (1 + (gamt-1)/2 * M_guess**2)**(-gamt/(gamt-1))
C:\Users\MEO\Desktop\Projects\JetEngine\boomsonic_v0\.venv\Lib\site-packages\pycycle\thermo\static_ps_resid.py:94: RuntimeWarning: invalid value encountered in sqrt
  f2 = MN - inputs['W']*(R_UNIVERSAL_SI*inputs['Ts'])**0.5/(ps_guess*1.0e6*inputs['area']*gamt**0.5)
C:\Users\MEO\Desktop\Projects\JetEngine\boomsonic_v0\.venv\Lib\site-packages\pycycle\thermo\static_ps_resid.py:99: RuntimeWarning: The iteration is not making good progress, as measured by the 
 improvement from the last ten iterations.
  ps_guess, M_guess = fsolve(equations, (ps_guess, M_guess))
C:\Users\MEO\Desktop\Projects\JetEngine\boomsonic_v0\.venv\Lib\site-packages\pycycle\thermo\static_ps_resid.py:128: RuntimeWarning: invalid value encountered in sqrt
  Vsonic = (i['gamma']*i['R']*i['Ts'])**0.5
C:\Users\MEO\Desktop\Projects\JetEngine\boomsonic_v0\.venv\Lib\site-packages\pycycle\thermo\static_ps_resid.py:128: RuntimeWarning: invalid value encountered in sqrt
  Vsonic = (i['gamma']*i['R']*i['Ts'])**0.5
C:\Users\MEO\Desktop\Projects\JetEngine\boomsonic_v0\.venv\Lib\site-packages\pycycle\thermo\static_ps_resid.py:128: RuntimeWarning: invalid value encountered in sqrt
  Vsonic = (i['gamma']*i['R']*i['Ts'])**0.5
C:\Users\MEO\Desktop\Projects\JetEngine\boomsonic_v0\.venv\Lib\site-packages\pycycle\thermo\static_ps_resid.py:128: RuntimeWarning: invalid value encountered in sqrt
  Vsonic = (i['gamma']*i['R']*i['Ts'])**0.5
C:\Users\MEO\Desktop\Projects\JetEngine\boomsonic_v0\.venv\Lib\site-packages\pycycle\thermo\static_ps_resid.py:128: RuntimeWarning: invalid value encountered in sqrt
  Vsonic = (i['gamma']*i['R']*i['Ts'])**0.5
C:\Users\MEO\Desktop\Projects\JetEngine\boomsonic_v0\.venv\Lib\site-packages\pycycle\thermo\static_ps_resid.py:128: RuntimeWarning: invalid value encountered in sqrt
  Vsonic = (i['gamma']*i['R']*i['Ts'])**0.5
C:\Users\MEO\Desktop\Projects\JetEngine\boomsonic_v0\.venv\Lib\site-packages\pycycle\thermo\static_ps_resid.py:128: RuntimeWarning: invalid value encountered in sqrt
  Vsonic = (i['gamma']*i['R']*i['Ts'])**0.5
C:\Users\MEO\Desktop\Projects\JetEngine\boomsonic_v0\.venv\Lib\site-packages\pycycle\thermo\static_ps_resid.py:108: RuntimeWarning: invalid value encountered in sqrt
  Vsonic = (i['gamma']*i['R']*i['Ts'])**0.5
C:\Users\MEO\Desktop\Projects\JetEngine\boomsonic_v0\.venv\Lib\site-packages\pycycle\thermo\static_ps_resid.py:83: RuntimeWarning: invalid value encountered in power
  ps_guess = inputs['guess:Pt'] * (1 + (gamt-1)/2 * inputs['MN']**2)**(-gamt/(gamt-1))
C:\Users\MEO\Desktop\Projects\JetEngine\boomsonic_v0\.venv\Lib\site-packages\pycycle\thermo\static_ps_resid.py:108: RuntimeWarning: invalid value encountered in sqrt
  Vsonic = (i['gamma']*i['R']*i['Ts'])**0.5
C:\Users\MEO\Desktop\Projects\JetEngine\boomsonic_v0\.venv\Lib\site-packages\pycycle\thermo\static_ps_resid.py:108: RuntimeWarning: invalid value encountered in sqrt
  Vsonic = (i['gamma']*i['R']*i['Ts'])**0.5
C:\Users\MEO\Desktop\Projects\JetEngine\boomsonic_v0\.venv\Lib\site-packages\pycycle\thermo\static_ps_resid.py:108: RuntimeWarning: invalid value encountered in sqrt
  Vsonic = (i['gamma']*i['R']*i['Ts'])**0.5
C:\Users\MEO\Desktop\Projects\JetEngine\boomsonic_v0\.venv\Lib\site-packages\pycycle\thermo\static_ps_resid.py:108: RuntimeWarning: invalid value encountered in sqrt
  Vsonic = (i['gamma']*i['R']*i['Ts'])**0.5
C:\Users\MEO\Desktop\Projects\JetEngine\boomsonic_v0\.venv\Lib\site-packages\pycycle\thermo\static_ps_resid.py:108: RuntimeWarning: invalid value encountered in sqrt
  Vsonic = (i['gamma']*i['R']*i['Ts'])**0.5
C:\Users\MEO\Desktop\Projects\JetEngine\boomsonic_v0\.venv\Lib\site-packages\pycycle\thermo\static_ps_resid.py:108: RuntimeWarning: invalid value encountered in sqrt
  Vsonic = (i['gamma']*i['R']*i['Ts'])**0.5
C:\Users\MEO\Desktop\Projects\JetEngine\boomsonic_v0\.venv\Lib\site-packages\pycycle\thermo\static_ps_resid.py:108: RuntimeWarning: invalid value encountered in sqrt
  Vsonic = (i['gamma']*i['R']*i['Ts'])**0.5
C:\Users\MEO\Desktop\Projects\JetEngine\boomsonic_v0\.venv\Lib\site-packages\pycycle\thermo\static_ps_resid.py:108: RuntimeWarning: invalid value encountered in sqrt
  Vsonic = (i['gamma']*i['R']*i['Ts'])**0.5
C:\Users\MEO\Desktop\Projects\JetEngine\boomsonic_v0\.venv\Lib\site-packages\pycycle\thermo\static_ps_resid.py:108: RuntimeWarning: invalid value encountered in sqrt
  Vsonic = (i['gamma']*i['R']*i['Ts'])**0.5
C:\Users\MEO\Desktop\Projects\JetEngine\boomsonic_v0\.venv\Lib\site-packages\pycycle\thermo\static_ps_resid.py:108: RuntimeWarning: invalid value encountered in sqrt
  Vsonic = (i['gamma']*i['R']*i['Ts'])**0.5
C:\Users\MEO\Desktop\Projects\JetEngine\boomsonic_v0\.venv\Lib\site-packages\pycycle\thermo\static_ps_resid.py:108: RuntimeWarning: invalid value encountered in sqrt
  Vsonic = (i['gamma']*i['R']*i['Ts'])**0.5
C:\Users\MEO\Desktop\Projects\JetEngine\boomsonic_v0\.venv\Lib\site-packages\pycycle\thermo\static_ps_calc.py:32: RuntimeWarning: invalid value encountered in sqrt
  outputs['Vsonic'] = Vsonic = np.sqrt(inputs['gamma'] * inputs['R'] * inputs['Ts'])
C:\Users\MEO\Desktop\Projects\JetEngine\boomsonic_v0\.venv\Lib\site-packages\pycycle\elements\compressor.py:75: RuntimeWarning: invalid value encountered in log
  outputs['eff_poly'] = Rt * np.log(PR) / ( Rt*np.log(PR) + S_out - S_in )
C:\Users\MEO\Desktop\Projects\JetEngine\boomsonic_v0\.venv\Lib\site-packages\pycycle\thermo\static_ps_resid.py:128: RuntimeWarning: invalid value encountered in sqrt
  Vsonic = (i['gamma']*i['R']*i['Ts'])**0.5
C:\Users\MEO\Desktop\Projects\JetEngine\boomsonic_v0\.venv\Lib\site-packages\pycycle\thermo\static_ps_resid.py:98: RuntimeWarning: invalid value encountered in power
  ps_guess = inputs['guess:Pt'] * (1 + (gamt-1)/2 * M_guess**2)**(-gamt/(gamt-1))
C:\Users\MEO\Desktop\Projects\JetEngine\boomsonic_v0\.venv\Lib\site-packages\pycycle\thermo\static_ps_resid.py:93: RuntimeWarning: invalid value encountered in power
  f1 = ps - inputs['guess:Pt'] * (1 + (gamt-1)/2 * M_guess**2)**(-gamt/(gamt-1))
C:\Users\MEO\Desktop\Projects\JetEngine\boomsonic_v0\.venv\Lib\site-packages\pycycle\thermo\static_ps_resid.py:94: RuntimeWarning: invalid value encountered in sqrt
  f2 = MN - inputs['W']*(R_UNIVERSAL_SI*inputs['Ts'])**0.5/(ps_guess*1.0e6*inputs['area']*gamt**0.5)
C:\Users\MEO\Desktop\Projects\JetEngine\boomsonic_v0\.venv\Lib\site-packages\pycycle\thermo\static_ps_resid.py:99: RuntimeWarning: The iteration is not making good progress, as measured by the 
 improvement from the last ten iterations.
  ps_guess, M_guess = fsolve(equations, (ps_guess, M_guess))
C:\Users\MEO\Desktop\Projects\JetEngine\boomsonic_v0\.venv\Lib\site-packages\pycycle\thermo\static_ps_resid.py:83: RuntimeWarning: invalid value encountered in power
  ps_guess = inputs['guess:Pt'] * (1 + (gamt-1)/2 * inputs['MN']**2)**(-gamt/(gamt-1))
C:\Users\MEO\Desktop\Projects\JetEngine\boomsonic_v0\.venv\Lib\site-packages\openmdao\solvers\solver.py:819: SolverWarning:Your model has stalled three times and may be violating the bounds. In the future, turn on print_bound_enforce in your solver options here: 
OD0.comp.ideal_flow.nonlinear_solver.linesearch.options['print_bound_enforce']=True. 
The bound(s) being violated now are:

C:\Users\MEO\Desktop\Projects\JetEngine\boomsonic_v0\.venv\Lib\site-packages\openmdao\solvers\linesearch\backtracking.py:39: SolverWarning:'OD0.comp.ideal_flow.balance.T' exceeds lower bounds
  Val: [-1.60499342e+08]
  Lower: [150.]

C:\Users\MEO\Desktop\Projects\JetEngine\boomsonic_v0\.venv\Lib\site-packages\pycycle\elements\compressor.py:75: RuntimeWarning: invalid value encountered in log
  outputs['eff_poly'] = Rt * np.log(PR) / ( Rt*np.log(PR) + S_out - S_in )
C:\Users\MEO\Desktop\Projects\JetEngine\boomsonic_v0\.venv\Lib\site-packages\pycycle\thermo\static_ps_resid.py:128: RuntimeWarning: invalid value encountered in sqrt
  Vsonic = (i['gamma']*i['R']*i['Ts'])**0.5
C:\Users\MEO\Desktop\Projects\JetEngine\boomsonic_v0\.venv\Lib\site-packages\pycycle\thermo\static_ps_resid.py:98: RuntimeWarning: invalid value encountered in power
  ps_guess = inputs['guess:Pt'] * (1 + (gamt-1)/2 * M_guess**2)**(-gamt/(gamt-1))
C:\Users\MEO\Desktop\Projects\JetEngine\boomsonic_v0\.venv\Lib\site-packages\pycycle\thermo\static_ps_resid.py:93: RuntimeWarning: invalid value encountered in power
  f1 = ps - inputs['guess:Pt'] * (1 + (gamt-1)/2 * M_guess**2)**(-gamt/(gamt-1))
C:\Users\MEO\Desktop\Projects\JetEngine\boomsonic_v0\.venv\Lib\site-packages\pycycle\thermo\static_ps_resid.py:94: RuntimeWarning: invalid value encountered in sqrt
  f2 = MN - inputs['W']*(R_UNIVERSAL_SI*inputs['Ts'])**0.5/(ps_guess*1.0e6*inputs['area']*gamt**0.5)
C:\Users\MEO\Desktop\Projects\JetEngine\boomsonic_v0\.venv\Lib\site-packages\pycycle\thermo\static_ps_resid.py:99: RuntimeWarning: The iteration is not making good progress, as measured by the 
 improvement from the last ten iterations.
  ps_guess, M_guess = fsolve(equations, (ps_guess, M_guess))
C:\Users\MEO\Desktop\Projects\JetEngine\boomsonic_v0\.venv\Lib\site-packages\pycycle\thermo\static_ps_resid.py:128: RuntimeWarning: invalid value encountered in sqrt
  Vsonic = (i['gamma']*i['R']*i['Ts'])**0.5
C:\Users\MEO\Desktop\Projects\JetEngine\boomsonic_v0\.venv\Lib\site-packages\pycycle\thermo\static_ps_resid.py:128: RuntimeWarning: invalid value encountered in sqrt
  Vsonic = (i['gamma']*i['R']*i['Ts'])**0.5
C:\Users\MEO\Desktop\Projects\JetEngine\boomsonic_v0\.venv\Lib\site-packages\pycycle\thermo\static_ps_resid.py:128: RuntimeWarning: invalid value encountered in sqrt
  Vsonic = (i['gamma']*i['R']*i['Ts'])**0.5
C:\Users\MEO\Desktop\Projects\JetEngine\boomsonic_v0\.venv\Lib\site-packages\pycycle\thermo\static_ps_resid.py:128: RuntimeWarning: invalid value encountered in sqrt
  Vsonic = (i['gamma']*i['R']*i['Ts'])**0.5
C:\Users\MEO\Desktop\Projects\JetEngine\boomsonic_v0\.venv\Lib\site-packages\pycycle\thermo\static_ps_resid.py:128: RuntimeWarning: invalid value encountered in sqrt
  Vsonic = (i['gamma']*i['R']*i['Ts'])**0.5
C:\Users\MEO\Desktop\Projects\JetEngine\boomsonic_v0\.venv\Lib\site-packages\pycycle\thermo\static_ps_resid.py:128: RuntimeWarning: invalid value encountered in sqrt
  Vsonic = (i['gamma']*i['R']*i['Ts'])**0.5
C:\Users\MEO\Desktop\Projects\JetEngine\boomsonic_v0\.venv\Lib\site-packages\pycycle\thermo\static_ps_resid.py:128: RuntimeWarning: invalid value encountered in sqrt
  Vsonic = (i['gamma']*i['R']*i['Ts'])**0.5
C:\Users\MEO\Desktop\Projects\JetEngine\boomsonic_v0\.venv\Lib\site-packages\pycycle\thermo\static_ps_resid.py:128: RuntimeWarning: invalid value encountered in sqrt
  Vsonic = (i['gamma']*i['R']*i['Ts'])**0.5
C:\Users\MEO\Desktop\Projects\JetEngine\boomsonic_v0\.venv\Lib\site-packages\pycycle\thermo\static_ps_resid.py:128: RuntimeWarning: invalid value encountered in sqrt
  Vsonic = (i['gamma']*i['R']*i['Ts'])**0.5
C:\Users\MEO\Desktop\Projects\JetEngine\boomsonic_v0\.venv\Lib\site-packages\pycycle\thermo\static_ps_resid.py:128: RuntimeWarning: invalid value encountered in sqrt
  Vsonic = (i['gamma']*i['R']*i['Ts'])**0.5
C:\Users\MEO\Desktop\Projects\JetEngine\boomsonic_v0\.venv\Lib\site-packages\pycycle\thermo\static_ps_resid.py:108: RuntimeWarning: invalid value encountered in sqrt
  Vsonic = (i['gamma']*i['R']*i['Ts'])**0.5
C:\Users\MEO\Desktop\Projects\JetEngine\boomsonic_v0\.venv\Lib\site-packages\pycycle\thermo\static_ps_resid.py:83: RuntimeWarning: invalid value encountered in power
  ps_guess = inputs['guess:Pt'] * (1 + (gamt-1)/2 * inputs['MN']**2)**(-gamt/(gamt-1))
C:\Users\MEO\Desktop\Projects\JetEngine\boomsonic_v0\.venv\Lib\site-packages\pycycle\thermo\static_ps_resid.py:108: RuntimeWarning: invalid value encountered in sqrt
  Vsonic = (i['gamma']*i['R']*i['Ts'])**0.5
C:\Users\MEO\Desktop\Projects\JetEngine\boomsonic_v0\.venv\Lib\site-packages\pycycle\thermo\static_ps_resid.py:108: RuntimeWarning: invalid value encountered in sqrt
  Vsonic = (i['gamma']*i['R']*i['Ts'])**0.5
C:\Users\MEO\Desktop\Projects\JetEngine\boomsonic_v0\.venv\Lib\site-packages\pycycle\thermo\static_ps_resid.py:108: RuntimeWarning: invalid value encountered in sqrt
  Vsonic = (i['gamma']*i['R']*i['Ts'])**0.5
C:\Users\MEO\Desktop\Projects\JetEngine\boomsonic_v0\.venv\Lib\site-packages\pycycle\thermo\static_ps_resid.py:108: RuntimeWarning: invalid value encountered in sqrt
  Vsonic = (i['gamma']*i['R']*i['Ts'])**0.5
C:\Users\MEO\Desktop\Projects\JetEngine\boomsonic_v0\.venv\Lib\site-packages\pycycle\thermo\static_ps_resid.py:108: RuntimeWarning: invalid value encountered in sqrt
  Vsonic = (i['gamma']*i['R']*i['Ts'])**0.5
C:\Users\MEO\Desktop\Projects\JetEngine\boomsonic_v0\.venv\Lib\site-packages\pycycle\thermo\static_ps_resid.py:108: RuntimeWarning: invalid value encountered in sqrt
  Vsonic = (i['gamma']*i['R']*i['Ts'])**0.5
C:\Users\MEO\Desktop\Projects\JetEngine\boomsonic_v0\.venv\Lib\site-packages\pycycle\thermo\static_ps_resid.py:108: RuntimeWarning: invalid value encountered in sqrt
  Vsonic = (i['gamma']*i['R']*i['Ts'])**0.5
C:\Users\MEO\Desktop\Projects\JetEngine\boomsonic_v0\.venv\Lib\site-packages\pycycle\thermo\static_ps_resid.py:108: RuntimeWarning: invalid value encountered in sqrt
  Vsonic = (i['gamma']*i['R']*i['Ts'])**0.5
C:\Users\MEO\Desktop\Projects\JetEngine\boomsonic_v0\.venv\Lib\site-packages\pycycle\thermo\static_ps_resid.py:108: RuntimeWarning: invalid value encountered in sqrt
  Vsonic = (i['gamma']*i['R']*i['Ts'])**0.5
C:\Users\MEO\Desktop\Projects\JetEngine\boomsonic_v0\.venv\Lib\site-packages\pycycle\thermo\static_ps_resid.py:108: RuntimeWarning: invalid value encountered in sqrt
  Vsonic = (i['gamma']*i['R']*i['Ts'])**0.5
C:\Users\MEO\Desktop\Projects\JetEngine\boomsonic_v0\.venv\Lib\site-packages\pycycle\thermo\static_ps_resid.py:108: RuntimeWarning: invalid value encountered in sqrt
  Vsonic = (i['gamma']*i['R']*i['Ts'])**0.5
C:\Users\MEO\Desktop\Projects\JetEngine\boomsonic_v0\.venv\Lib\site-packages\pycycle\thermo\static_ps_calc.py:32: RuntimeWarning: invalid value encountered in sqrt
  outputs['Vsonic'] = Vsonic = np.sqrt(inputs['gamma'] * inputs['R'] * inputs['Ts'])
C:\Users\MEO\Desktop\Projects\JetEngine\boomsonic_v0\.venv\Lib\site-packages\pycycle\elements\compressor.py:75: RuntimeWarning: invalid value encountered in log
  outputs['eff_poly'] = Rt * np.log(PR) / ( Rt*np.log(PR) + S_out - S_in )
C:\Users\MEO\Desktop\Projects\JetEngine\boomsonic_v0\.venv\Lib\site-packages\pycycle\thermo\static_ps_resid.py:128: RuntimeWarning: invalid value encountered in sqrt
  Vsonic = (i['gamma']*i['R']*i['Ts'])**0.5
C:\Users\MEO\Desktop\Projects\JetEngine\boomsonic_v0\.venv\Lib\site-packages\pycycle\thermo\static_ps_resid.py:98: RuntimeWarning: invalid value encountered in power
  ps_guess = inputs['guess:Pt'] * (1 + (gamt-1)/2 * M_guess**2)**(-gamt/(gamt-1))
C:\Users\MEO\Desktop\Projects\JetEngine\boomsonic_v0\.venv\Lib\site-packages\pycycle\thermo\static_ps_resid.py:93: RuntimeWarning: invalid value encountered in power
  f1 = ps - inputs['guess:Pt'] * (1 + (gamt-1)/2 * M_guess**2)**(-gamt/(gamt-1))
C:\Users\MEO\Desktop\Projects\JetEngine\boomsonic_v0\.venv\Lib\site-packages\pycycle\thermo\static_ps_resid.py:94: RuntimeWarning: invalid value encountered in sqrt
  f2 = MN - inputs['W']*(R_UNIVERSAL_SI*inputs['Ts'])**0.5/(ps_guess*1.0e6*inputs['area']*gamt**0.5)
C:\Users\MEO\Desktop\Projects\JetEngine\boomsonic_v0\.venv\Lib\site-packages\pycycle\thermo\static_ps_resid.py:99: RuntimeWarning: The iteration is not making good progress, as measured by the 
 improvement from the last ten iterations.
  ps_guess, M_guess = fsolve(equations, (ps_guess, M_guess))
C:\Users\MEO\Desktop\Projects\JetEngine\boomsonic_v0\.venv\Lib\site-packages\pycycle\thermo\static_ps_resid.py:83: RuntimeWarning: invalid value encountered in power
  ps_guess = inputs['guess:Pt'] * (1 + (gamt-1)/2 * inputs['MN']**2)**(-gamt/(gamt-1))
C:\Users\MEO\Desktop\Projects\JetEngine\boomsonic_v0\.venv\Lib\site-packages\pycycle\thermo\static_ps_resid.py:128: RuntimeWarning: invalid value encountered in sqrt
  Vsonic = (i['gamma']*i['R']*i['Ts'])**0.5
C:\Users\MEO\Desktop\Projects\JetEngine\boomsonic_v0\.venv\Lib\site-packages\pycycle\thermo\static_ps_resid.py:128: RuntimeWarning: invalid value encountered in sqrt
  Vsonic = (i['gamma']*i['R']*i['Ts'])**0.5
C:\Users\MEO\Desktop\Projects\JetEngine\boomsonic_v0\.venv\Lib\site-packages\pycycle\thermo\static_ps_resid.py:128: RuntimeWarning: invalid value encountered in sqrt
  Vsonic = (i['gamma']*i['R']*i['Ts'])**0.5
C:\Users\MEO\Desktop\Projects\JetEngine\boomsonic_v0\.venv\Lib\site-packages\pycycle\thermo\static_ps_resid.py:108: RuntimeWarning: invalid value encountered in sqrt
  Vsonic = (i['gamma']*i['R']*i['Ts'])**0.5
C:\Users\MEO\Desktop\Projects\JetEngine\boomsonic_v0\.venv\Lib\site-packages\pycycle\elements\turbine.py:40: RuntimeWarning: invalid value encountered in sqrt
  outputs['Wp'] = inputs['W_in'] * inputs['Tt']**0.5 / inputs['Pt']
C:\Users\MEO\Desktop\Projects\JetEngine\boomsonic_v0\.venv\Lib\site-packages\pycycle\elements\turbine.py:41: RuntimeWarning: invalid value encountered in power
  outputs['Np'] = inputs['Nmech'] * inputs['Tt']**-0.5
C:\Users\MEO\Desktop\Projects\JetEngine\boomsonic_v0\.venv\Lib\site-packages\pycycle\elements\turbine.py:89: RuntimeWarning: invalid value encountered in log
  outputs['eff_poly'] = 1 + (S_out-S_in)/(Rt*np.log(invPR))
C:\Users\MEO\Desktop\Projects\JetEngine\boomsonic_v0\.venv\Lib\site-packages\pycycle\thermo\static_ps_resid.py:128: RuntimeWarning: invalid value encountered in sqrt
  Vsonic = (i['gamma']*i['R']*i['Ts'])**0.5
C:\Users\MEO\Desktop\Projects\JetEngine\boomsonic_v0\.venv\Lib\site-packages\openmdao\solvers\solver.py:819: SolverWarning:Your model has stalled three times and may be violating the bounds. In the future, turn on print_bound_enforce in your solver options here: 
OD0.comp.ideal_flow.nonlinear_solver.linesearch.options['print_bound_enforce']=True. 
The bound(s) being violated now are:

C:\Users\MEO\Desktop\Projects\JetEngine\boomsonic_v0\.venv\Lib\site-packages\openmdao\solvers\linesearch\backtracking.py:39: SolverWarning:'OD0.comp.ideal_flow.balance.T' exceeds lower bounds
  Val: [-1.96932281e+08]
  Lower: [150.]

C:\Users\MEO\Desktop\Projects\JetEngine\boomsonic_v0\.venv\Lib\site-packages\pycycle\elements\compressor.py:75: RuntimeWarning: invalid value encountered in log
  outputs['eff_poly'] = Rt * np.log(PR) / ( Rt*np.log(PR) + S_out - S_in )
C:\Users\MEO\Desktop\Projects\JetEngine\boomsonic_v0\.venv\Lib\site-packages\pycycle\thermo\static_ps_resid.py:98: RuntimeWarning: invalid value encountered in power
  ps_guess = inputs['guess:Pt'] * (1 + (gamt-1)/2 * M_guess**2)**(-gamt/(gamt-1))
C:\Users\MEO\Desktop\Projects\JetEngine\boomsonic_v0\.venv\Lib\site-packages\pycycle\thermo\static_ps_resid.py:93: RuntimeWarning: invalid value encountered in power
  f1 = ps - inputs['guess:Pt'] * (1 + (gamt-1)/2 * M_guess**2)**(-gamt/(gamt-1))
C:\Users\MEO\Desktop\Projects\JetEngine\boomsonic_v0\.venv\Lib\site-packages\pycycle\thermo\static_ps_resid.py:94: RuntimeWarning: invalid value encountered in sqrt
  f2 = MN - inputs['W']*(R_UNIVERSAL_SI*inputs['Ts'])**0.5/(ps_guess*1.0e6*inputs['area']*gamt**0.5)
C:\Users\MEO\Desktop\Projects\JetEngine\boomsonic_v0\.venv\Lib\site-packages\pycycle\thermo\static_ps_resid.py:99: RuntimeWarning: The iteration is not making good progress, as measured by the 
 improvement from the last ten iterations.
  ps_guess, M_guess = fsolve(equations, (ps_guess, M_guess))
C:\Users\MEO\Desktop\Projects\JetEngine\boomsonic_v0\.venv\Lib\site-packages\pycycle\thermo\static_ps_resid.py:128: RuntimeWarning: invalid value encountered in sqrt
  Vsonic = (i['gamma']*i['R']*i['Ts'])**0.5
C:\Users\MEO\Desktop\Projects\JetEngine\boomsonic_v0\.venv\Lib\site-packages\pycycle\thermo\static_ps_resid.py:128: RuntimeWarning: invalid value encountered in sqrt
  Vsonic = (i['gamma']*i['R']*i['Ts'])**0.5
C:\Users\MEO\Desktop\Projects\JetEngine\boomsonic_v0\.venv\Lib\site-packages\pycycle\thermo\static_ps_resid.py:128: RuntimeWarning: invalid value encountered in sqrt
  Vsonic = (i['gamma']*i['R']*i['Ts'])**0.5
C:\Users\MEO\Desktop\Projects\JetEngine\boomsonic_v0\.venv\Lib\site-packages\pycycle\thermo\static_ps_resid.py:128: RuntimeWarning: invalid value encountered in sqrt
  Vsonic = (i['gamma']*i['R']*i['Ts'])**0.5
C:\Users\MEO\Desktop\Projects\JetEngine\boomsonic_v0\.venv\Lib\site-packages\pycycle\thermo\static_ps_resid.py:128: RuntimeWarning: invalid value encountered in sqrt
  Vsonic = (i['gamma']*i['R']*i['Ts'])**0.5
C:\Users\MEO\Desktop\Projects\JetEngine\boomsonic_v0\.venv\Lib\site-packages\pycycle\thermo\static_ps_resid.py:128: RuntimeWarning: invalid value encountered in sqrt
  Vsonic = (i['gamma']*i['R']*i['Ts'])**0.5
C:\Users\MEO\Desktop\Projects\JetEngine\boomsonic_v0\.venv\Lib\site-packages\pycycle\thermo\static_ps_resid.py:128: RuntimeWarning: invalid value encountered in sqrt
  Vsonic = (i['gamma']*i['R']*i['Ts'])**0.5
C:\Users\MEO\Desktop\Projects\JetEngine\boomsonic_v0\.venv\Lib\site-packages\pycycle\thermo\static_ps_resid.py:98: RuntimeWarning: invalid value encountered in power
  ps_guess = inputs['guess:Pt'] * (1 + (gamt-1)/2 * M_guess**2)**(-gamt/(gamt-1))
C:\Users\MEO\Desktop\Projects\JetEngine\boomsonic_v0\.venv\Lib\site-packages\pycycle\thermo\static_ps_resid.py:93: RuntimeWarning: invalid value encountered in power
  f1 = ps - inputs['guess:Pt'] * (1 + (gamt-1)/2 * M_guess**2)**(-gamt/(gamt-1))
C:\Users\MEO\Desktop\Projects\JetEngine\boomsonic_v0\.venv\Lib\site-packages\pycycle\thermo\static_ps_resid.py:94: RuntimeWarning: invalid value encountered in sqrt
  f2 = MN - inputs['W']*(R_UNIVERSAL_SI*inputs['Ts'])**0.5/(ps_guess*1.0e6*inputs['area']*gamt**0.5)
C:\Users\MEO\Desktop\Projects\JetEngine\boomsonic_v0\.venv\Lib\site-packages\pycycle\thermo\static_ps_resid.py:99: RuntimeWarning: The iteration is not making good progress, as measured by the 
 improvement from the last ten iterations.
  ps_guess, M_guess = fsolve(equations, (ps_guess, M_guess))
C:\Users\MEO\Desktop\Projects\JetEngine\boomsonic_v0\.venv\Lib\site-packages\pycycle\thermo\static_ps_resid.py:128: RuntimeWarning: invalid value encountered in sqrt
  Vsonic = (i['gamma']*i['R']*i['Ts'])**0.5
C:\Users\MEO\Desktop\Projects\JetEngine\boomsonic_v0\.venv\Lib\site-packages\pycycle\thermo\static_ps_resid.py:128: RuntimeWarning: invalid value encountered in sqrt
  Vsonic = (i['gamma']*i['R']*i['Ts'])**0.5
C:\Users\MEO\Desktop\Projects\JetEngine\boomsonic_v0\.venv\Lib\site-packages\pycycle\thermo\static_ps_resid.py:128: RuntimeWarning: invalid value encountered in sqrt
  Vsonic = (i['gamma']*i['R']*i['Ts'])**0.5
C:\Users\MEO\Desktop\Projects\JetEngine\boomsonic_v0\.venv\Lib\site-packages\pycycle\thermo\static_ps_resid.py:128: RuntimeWarning: invalid value encountered in sqrt
  Vsonic = (i['gamma']*i['R']*i['Ts'])**0.5
C:\Users\MEO\Desktop\Projects\JetEngine\boomsonic_v0\.venv\Lib\site-packages\pycycle\thermo\static_ps_resid.py:128: RuntimeWarning: invalid value encountered in sqrt
  Vsonic = (i['gamma']*i['R']*i['Ts'])**0.5
C:\Users\MEO\Desktop\Projects\JetEngine\boomsonic_v0\.venv\Lib\site-packages\pycycle\thermo\static_ps_resid.py:128: RuntimeWarning: invalid value encountered in sqrt
  Vsonic = (i['gamma']*i['R']*i['Ts'])**0.5
C:\Users\MEO\Desktop\Projects\JetEngine\boomsonic_v0\.venv\Lib\site-packages\pycycle\thermo\static_ps_resid.py:128: RuntimeWarning: invalid value encountered in sqrt
  Vsonic = (i['gamma']*i['R']*i['Ts'])**0.5
C:\Users\MEO\Desktop\Projects\JetEngine\boomsonic_v0\.venv\Lib\site-packages\pycycle\thermo\static_ps_resid.py:128: RuntimeWarning: invalid value encountered in sqrt
  Vsonic = (i['gamma']*i['R']*i['Ts'])**0.5
C:\Users\MEO\Desktop\Projects\JetEngine\boomsonic_v0\.venv\Lib\site-packages\pycycle\thermo\static_ps_resid.py:128: RuntimeWarning: invalid value encountered in sqrt
  Vsonic = (i['gamma']*i['R']*i['Ts'])**0.5
C:\Users\MEO\Desktop\Projects\JetEngine\boomsonic_v0\.venv\Lib\site-packages\pycycle\thermo\static_ps_resid.py:98: RuntimeWarning: invalid value encountered in power
  ps_guess = inputs['guess:Pt'] * (1 + (gamt-1)/2 * M_guess**2)**(-gamt/(gamt-1))
C:\Users\MEO\Desktop\Projects\JetEngine\boomsonic_v0\.venv\Lib\site-packages\pycycle\thermo\static_ps_resid.py:93: RuntimeWarning: invalid value encountered in power
  f1 = ps - inputs['guess:Pt'] * (1 + (gamt-1)/2 * M_guess**2)**(-gamt/(gamt-1))
C:\Users\MEO\Desktop\Projects\JetEngine\boomsonic_v0\.venv\Lib\site-packages\pycycle\thermo\static_ps_resid.py:94: RuntimeWarning: invalid value encountered in sqrt
  f2 = MN - inputs['W']*(R_UNIVERSAL_SI*inputs['Ts'])**0.5/(ps_guess*1.0e6*inputs['area']*gamt**0.5)
C:\Users\MEO\Desktop\Projects\JetEngine\boomsonic_v0\.venv\Lib\site-packages\pycycle\thermo\static_ps_resid.py:99: RuntimeWarning: The iteration is not making good progress, as measured by the 
 improvement from the last ten iterations.
  ps_guess, M_guess = fsolve(equations, (ps_guess, M_guess))
C:\Users\MEO\Desktop\Projects\JetEngine\boomsonic_v0\.venv\Lib\site-packages\pycycle\thermo\static_ps_resid.py:128: RuntimeWarning: invalid value encountered in sqrt
  Vsonic = (i['gamma']*i['R']*i['Ts'])**0.5
C:\Users\MEO\Desktop\Projects\JetEngine\boomsonic_v0\.venv\Lib\site-packages\pycycle\thermo\static_ps_resid.py:128: RuntimeWarning: invalid value encountered in sqrt
  Vsonic = (i['gamma']*i['R']*i['Ts'])**0.5
C:\Users\MEO\Desktop\Projects\JetEngine\boomsonic_v0\.venv\Lib\site-packages\pycycle\thermo\static_ps_resid.py:128: RuntimeWarning: invalid value encountered in sqrt
  Vsonic = (i['gamma']*i['R']*i['Ts'])**0.5
C:\Users\MEO\Desktop\Projects\JetEngine\boomsonic_v0\.venv\Lib\site-packages\pycycle\thermo\static_ps_resid.py:128: RuntimeWarning: invalid value encountered in sqrt
  Vsonic = (i['gamma']*i['R']*i['Ts'])**0.5
C:\Users\MEO\Desktop\Projects\JetEngine\boomsonic_v0\.venv\Lib\site-packages\pycycle\thermo\static_ps_resid.py:128: RuntimeWarning: invalid value encountered in sqrt
  Vsonic = (i['gamma']*i['R']*i['Ts'])**0.5
C:\Users\MEO\Desktop\Projects\JetEngine\boomsonic_v0\.venv\Lib\site-packages\pycycle\thermo\static_ps_resid.py:128: RuntimeWarning: invalid value encountered in sqrt
  Vsonic = (i['gamma']*i['R']*i['Ts'])**0.5
C:\Users\MEO\Desktop\Projects\JetEngine\boomsonic_v0\.venv\Lib\site-packages\pycycle\thermo\static_ps_resid.py:128: RuntimeWarning: invalid value encountered in sqrt
  Vsonic = (i['gamma']*i['R']*i['Ts'])**0.5
C:\Users\MEO\Desktop\Projects\JetEngine\boomsonic_v0\.venv\Lib\site-packages\pycycle\thermo\static_ps_resid.py:128: RuntimeWarning: invalid value encountered in sqrt
  Vsonic = (i['gamma']*i['R']*i['Ts'])**0.5
C:\Users\MEO\Desktop\Projects\JetEngine\boomsonic_v0\.venv\Lib\site-packages\pycycle\thermo\static_ps_resid.py:128: RuntimeWarning: invalid value encountered in sqrt
  Vsonic = (i['gamma']*i['R']*i['Ts'])**0.5
C:\Users\MEO\Desktop\Projects\JetEngine\boomsonic_v0\.venv\Lib\site-packages\pycycle\thermo\static_ps_resid.py:83: RuntimeWarning: invalid value encountered in power
  ps_guess = inputs['guess:Pt'] * (1 + (gamt-1)/2 * inputs['MN']**2)**(-gamt/(gamt-1))
C:\Users\MEO\Desktop\Projects\JetEngine\boomsonic_v0\.venv\Lib\site-packages\pycycle\thermo\static_ps_resid.py:108: RuntimeWarning: invalid value encountered in sqrt
  Vsonic = (i['gamma']*i['R']*i['Ts'])**0.5
C:\Users\MEO\Desktop\Projects\JetEngine\boomsonic_v0\.venv\Lib\site-packages\pycycle\thermo\static_ps_resid.py:108: RuntimeWarning: invalid value encountered in sqrt
  Vsonic = (i['gamma']*i['R']*i['Ts'])**0.5
C:\Users\MEO\Desktop\Projects\JetEngine\boomsonic_v0\.venv\Lib\site-packages\pycycle\thermo\static_ps_resid.py:108: RuntimeWarning: invalid value encountered in sqrt
  Vsonic = (i['gamma']*i['R']*i['Ts'])**0.5
C:\Users\MEO\Desktop\Projects\JetEngine\boomsonic_v0\.venv\Lib\site-packages\pycycle\thermo\static_ps_resid.py:108: RuntimeWarning: invalid value encountered in sqrt
  Vsonic = (i['gamma']*i['R']*i['Ts'])**0.5
C:\Users\MEO\Desktop\Projects\JetEngine\boomsonic_v0\.venv\Lib\site-packages\pycycle\thermo\static_ps_resid.py:108: RuntimeWarning: invalid value encountered in sqrt
  Vsonic = (i['gamma']*i['R']*i['Ts'])**0.5
C:\Users\MEO\Desktop\Projects\JetEngine\boomsonic_v0\.venv\Lib\site-packages\pycycle\thermo\static_ps_resid.py:108: RuntimeWarning: invalid value encountered in sqrt
  Vsonic = (i['gamma']*i['R']*i['Ts'])**0.5
C:\Users\MEO\Desktop\Projects\JetEngine\boomsonic_v0\.venv\Lib\site-packages\pycycle\thermo\static_ps_resid.py:108: RuntimeWarning: invalid value encountered in sqrt
  Vsonic = (i['gamma']*i['R']*i['Ts'])**0.5
C:\Users\MEO\Desktop\Projects\JetEngine\boomsonic_v0\.venv\Lib\site-packages\pycycle\thermo\static_ps_resid.py:108: RuntimeWarning: invalid value encountered in sqrt
  Vsonic = (i['gamma']*i['R']*i['Ts'])**0.5
C:\Users\MEO\Desktop\Projects\JetEngine\boomsonic_v0\.venv\Lib\site-packages\pycycle\thermo\static_ps_resid.py:108: RuntimeWarning: invalid value encountered in sqrt
  Vsonic = (i['gamma']*i['R']*i['Ts'])**0.5
C:\Users\MEO\Desktop\Projects\JetEngine\boomsonic_v0\.venv\Lib\site-packages\pycycle\thermo\static_ps_resid.py:108: RuntimeWarning: invalid value encountered in sqrt
  Vsonic = (i['gamma']*i['R']*i['Ts'])**0.5
C:\Users\MEO\Desktop\Projects\JetEngine\boomsonic_v0\.venv\Lib\site-packages\pycycle\thermo\static_ps_calc.py:32: RuntimeWarning: invalid value encountered in sqrt
  outputs['Vsonic'] = Vsonic = np.sqrt(inputs['gamma'] * inputs['R'] * inputs['Ts'])
C:\Users\MEO\Desktop\Projects\JetEngine\boomsonic_v0\.venv\Lib\site-packages\pycycle\thermo\static_ps_calc.py:32: RuntimeWarning: invalid value encountered in sqrt
  outputs['Vsonic'] = Vsonic = np.sqrt(inputs['gamma'] * inputs['R'] * inputs['Ts'])
C:\Users\MEO\Desktop\Projects\JetEngine\boomsonic_v0\.venv\Lib\site-packages\pycycle\elements\compressor.py:75: RuntimeWarning: invalid value encountered in log
  outputs['eff_poly'] = Rt * np.log(PR) / ( Rt*np.log(PR) + S_out - S_in )
C:\Users\MEO\Desktop\Projects\JetEngine\boomsonic_v0\.venv\Lib\site-packages\pycycle\thermo\static_ps_resid.py:128: RuntimeWarning: invalid value encountered in sqrt
  Vsonic = (i['gamma']*i['R']*i['Ts'])**0.5
C:\Users\MEO\Desktop\Projects\JetEngine\boomsonic_v0\.venv\Lib\site-packages\pycycle\thermo\static_ps_resid.py:108: RuntimeWarning: invalid value encountered in sqrt
  Vsonic = (i['gamma']*i['R']*i['Ts'])**0.5
C:\Users\MEO\Desktop\Projects\JetEngine\boomsonic_v0\.venv\Lib\site-packages\pycycle\thermo\static_ps_resid.py:98: RuntimeWarning: invalid value encountered in power
  ps_guess = inputs['guess:Pt'] * (1 + (gamt-1)/2 * M_guess**2)**(-gamt/(gamt-1))
C:\Users\MEO\Desktop\Projects\JetEngine\boomsonic_v0\.venv\Lib\site-packages\pycycle\thermo\static_ps_resid.py:93: RuntimeWarning: invalid value encountered in power
  f1 = ps - inputs['guess:Pt'] * (1 + (gamt-1)/2 * M_guess**2)**(-gamt/(gamt-1))
C:\Users\MEO\Desktop\Projects\JetEngine\boomsonic_v0\.venv\Lib\site-packages\pycycle\thermo\static_ps_resid.py:94: RuntimeWarning: invalid value encountered in sqrt
  f2 = MN - inputs['W']*(R_UNIVERSAL_SI*inputs['Ts'])**0.5/(ps_guess*1.0e6*inputs['area']*gamt**0.5)
C:\Users\MEO\Desktop\Projects\JetEngine\boomsonic_v0\.venv\Lib\site-packages\pycycle\thermo\static_ps_resid.py:99: RuntimeWarning: The iteration is not making good progress, as measured by the 
 improvement from the last ten iterations.
  ps_guess, M_guess = fsolve(equations, (ps_guess, M_guess))
C:\Users\MEO\Desktop\Projects\JetEngine\boomsonic_v0\.venv\Lib\site-packages\pycycle\thermo\static_ps_resid.py:83: RuntimeWarning: invalid value encountered in power
  ps_guess = inputs['guess:Pt'] * (1 + (gamt-1)/2 * inputs['MN']**2)**(-gamt/(gamt-1))
C:\Users\MEO\Desktop\Projects\JetEngine\boomsonic_v0\.venv\Lib\site-packages\openmdao\solvers\solver.py:819: SolverWarning:Your model has stalled three times and may be violating the bounds. In the future, turn on print_bound_enforce in your solver options here: 
OD0.inlet.out_stat.nonlinear_solver.linesearch.options['print_bound_enforce']=True. 
The bound(s) being violated now are:

C:\Users\MEO\Desktop\Projects\JetEngine\boomsonic_v0\.venv\Lib\site-packages\openmdao\solvers\linesearch\backtracking.py:39: SolverWarning:'OD0.inlet.out_stat.balance.T' exceeds lower bounds
  Val: [-237.42076166]
  Lower: [150.]

C:\Users\MEO\Desktop\Projects\JetEngine\boomsonic_v0\.venv\Lib\site-packages\openmdao\solvers\linesearch\backtracking.py:39: SolverWarning:'OD0.inlet.out_stat.ps_resid.Ps' exceeds lower bounds
  Val: [-0.00110427]
  Lower: [-0.0009009]

C:\Users\MEO\Desktop\Projects\JetEngine\boomsonic_v0\.venv\Lib\site-packages\pycycle\thermo\static_ps_resid.py:128: RuntimeWarning: invalid value encountered in sqrt
  Vsonic = (i['gamma']*i['R']*i['Ts'])**0.5
C:\Users\MEO\Desktop\Projects\JetEngine\boomsonic_v0\.venv\Lib\site-packages\openmdao\solvers\solver.py:819: SolverWarning:Your model has stalled three times and may be violating the bounds. In the future, turn on print_bound_enforce in your solver options here: 
OD0.comp.ideal_flow.nonlinear_solver.linesearch.options['print_bound_enforce']=True. 
The bound(s) being violated now are:

C:\Users\MEO\Desktop\Projects\JetEngine\boomsonic_v0\.venv\Lib\site-packages\openmdao\solvers\linesearch\backtracking.py:39: SolverWarning:'OD0.comp.ideal_flow.balance.T' exceeds lower bounds
  Val: [-1.96932281e+08]
  Lower: [150.]

C:\Users\MEO\Desktop\Projects\JetEngine\boomsonic_v0\.venv\Lib\site-packages\pycycle\elements\compressor.py:75: RuntimeWarning: invalid value encountered in log
  outputs['eff_poly'] = Rt * np.log(PR) / ( Rt*np.log(PR) + S_out - S_in )
C:\Users\MEO\Desktop\Projects\JetEngine\boomsonic_v0\.venv\Lib\site-packages\pycycle\thermo\static_ps_resid.py:128: RuntimeWarning: invalid value encountered in sqrt
  Vsonic = (i['gamma']*i['R']*i['Ts'])**0.5
C:\Users\MEO\Desktop\Projects\JetEngine\boomsonic_v0\.venv\Lib\site-packages\pycycle\thermo\static_ps_resid.py:128: RuntimeWarning: invalid value encountered in sqrt
  Vsonic = (i['gamma']*i['R']*i['Ts'])**0.5
C:\Users\MEO\Desktop\Projects\JetEngine\boomsonic_v0\.venv\Lib\site-packages\pycycle\thermo\static_ps_resid.py:128: RuntimeWarning: invalid value encountered in sqrt
  Vsonic = (i['gamma']*i['R']*i['Ts'])**0.5
C:\Users\MEO\Desktop\Projects\JetEngine\boomsonic_v0\.venv\Lib\site-packages\pycycle\thermo\static_ps_resid.py:128: RuntimeWarning: invalid value encountered in sqrt
  Vsonic = (i['gamma']*i['R']*i['Ts'])**0.5
C:\Users\MEO\Desktop\Projects\JetEngine\boomsonic_v0\.venv\Lib\site-packages\pycycle\thermo\static_ps_resid.py:128: RuntimeWarning: invalid value encountered in sqrt
  Vsonic = (i['gamma']*i['R']*i['Ts'])**0.5
C:\Users\MEO\Desktop\Projects\JetEngine\boomsonic_v0\.venv\Lib\site-packages\pycycle\thermo\static_ps_resid.py:128: RuntimeWarning: invalid value encountered in sqrt
  Vsonic = (i['gamma']*i['R']*i['Ts'])**0.5
C:\Users\MEO\Desktop\Projects\JetEngine\boomsonic_v0\.venv\Lib\site-packages\pycycle\thermo\static_ps_resid.py:98: RuntimeWarning: invalid value encountered in power
  ps_guess = inputs['guess:Pt'] * (1 + (gamt-1)/2 * M_guess**2)**(-gamt/(gamt-1))
C:\Users\MEO\Desktop\Projects\JetEngine\boomsonic_v0\.venv\Lib\site-packages\pycycle\thermo\static_ps_resid.py:93: RuntimeWarning: invalid value encountered in power
  f1 = ps - inputs['guess:Pt'] * (1 + (gamt-1)/2 * M_guess**2)**(-gamt/(gamt-1))
C:\Users\MEO\Desktop\Projects\JetEngine\boomsonic_v0\.venv\Lib\site-packages\pycycle\thermo\static_ps_resid.py:94: RuntimeWarning: invalid value encountered in sqrt
  f2 = MN - inputs['W']*(R_UNIVERSAL_SI*inputs['Ts'])**0.5/(ps_guess*1.0e6*inputs['area']*gamt**0.5)
C:\Users\MEO\Desktop\Projects\JetEngine\boomsonic_v0\.venv\Lib\site-packages\pycycle\thermo\static_ps_resid.py:99: RuntimeWarning: The iteration is not making good progress, as measured by the 
 improvement from the last ten iterations.
  ps_guess, M_guess = fsolve(equations, (ps_guess, M_guess))
C:\Users\MEO\Desktop\Projects\JetEngine\boomsonic_v0\.venv\Lib\site-packages\pycycle\thermo\static_ps_resid.py:128: RuntimeWarning: invalid value encountered in sqrt
  Vsonic = (i['gamma']*i['R']*i['Ts'])**0.5
C:\Users\MEO\Desktop\Projects\JetEngine\boomsonic_v0\.venv\Lib\site-packages\pycycle\thermo\static_ps_resid.py:128: RuntimeWarning: invalid value encountered in sqrt
  Vsonic = (i['gamma']*i['R']*i['Ts'])**0.5
C:\Users\MEO\Desktop\Projects\JetEngine\boomsonic_v0\.venv\Lib\site-packages\pycycle\thermo\static_ps_resid.py:128: RuntimeWarning: invalid value encountered in sqrt
  Vsonic = (i['gamma']*i['R']*i['Ts'])**0.5
C:\Users\MEO\Desktop\Projects\JetEngine\boomsonic_v0\.venv\Lib\site-packages\pycycle\thermo\static_ps_resid.py:128: RuntimeWarning: invalid value encountered in sqrt
  Vsonic = (i['gamma']*i['R']*i['Ts'])**0.5
C:\Users\MEO\Desktop\Projects\JetEngine\boomsonic_v0\.venv\Lib\site-packages\pycycle\thermo\static_ps_resid.py:128: RuntimeWarning: invalid value encountered in sqrt
  Vsonic = (i['gamma']*i['R']*i['Ts'])**0.5
C:\Users\MEO\Desktop\Projects\JetEngine\boomsonic_v0\.venv\Lib\site-packages\pycycle\thermo\static_ps_resid.py:128: RuntimeWarning: invalid value encountered in sqrt
  Vsonic = (i['gamma']*i['R']*i['Ts'])**0.5
C:\Users\MEO\Desktop\Projects\JetEngine\boomsonic_v0\.venv\Lib\site-packages\pycycle\thermo\static_ps_resid.py:128: RuntimeWarning: invalid value encountered in sqrt
  Vsonic = (i['gamma']*i['R']*i['Ts'])**0.5
C:\Users\MEO\Desktop\Projects\JetEngine\boomsonic_v0\.venv\Lib\site-packages\pycycle\thermo\static_ps_resid.py:108: RuntimeWarning: invalid value encountered in sqrt
  Vsonic = (i['gamma']*i['R']*i['Ts'])**0.5
C:\Users\MEO\Desktop\Projects\JetEngine\boomsonic_v0\.venv\Lib\site-packages\pycycle\thermo\static_ps_resid.py:83: RuntimeWarning: invalid value encountered in power
  ps_guess = inputs['guess:Pt'] * (1 + (gamt-1)/2 * inputs['MN']**2)**(-gamt/(gamt-1))
C:\Users\MEO\Desktop\Projects\JetEngine\boomsonic_v0\.venv\Lib\site-packages\pycycle\thermo\static_ps_resid.py:108: RuntimeWarning: invalid value encountered in sqrt
  Vsonic = (i['gamma']*i['R']*i['Ts'])**0.5
C:\Users\MEO\Desktop\Projects\JetEngine\boomsonic_v0\.venv\Lib\site-packages\pycycle\thermo\static_ps_resid.py:108: RuntimeWarning: invalid value encountered in sqrt
  Vsonic = (i['gamma']*i['R']*i['Ts'])**0.5
C:\Users\MEO\Desktop\Projects\JetEngine\boomsonic_v0\.venv\Lib\site-packages\pycycle\thermo\static_ps_resid.py:108: RuntimeWarning: invalid value encountered in sqrt
  Vsonic = (i['gamma']*i['R']*i['Ts'])**0.5
C:\Users\MEO\Desktop\Projects\JetEngine\boomsonic_v0\.venv\Lib\site-packages\pycycle\thermo\static_ps_resid.py:108: RuntimeWarning: invalid value encountered in sqrt
  Vsonic = (i['gamma']*i['R']*i['Ts'])**0.5
C:\Users\MEO\Desktop\Projects\JetEngine\boomsonic_v0\.venv\Lib\site-packages\pycycle\thermo\static_ps_resid.py:108: RuntimeWarning: invalid value encountered in sqrt
  Vsonic = (i['gamma']*i['R']*i['Ts'])**0.5
C:\Users\MEO\Desktop\Projects\JetEngine\boomsonic_v0\.venv\Lib\site-packages\pycycle\thermo\static_ps_resid.py:108: RuntimeWarning: invalid value encountered in sqrt
  Vsonic = (i['gamma']*i['R']*i['Ts'])**0.5
C:\Users\MEO\Desktop\Projects\JetEngine\boomsonic_v0\.venv\Lib\site-packages\pycycle\thermo\static_ps_resid.py:108: RuntimeWarning: invalid value encountered in sqrt
  Vsonic = (i['gamma']*i['R']*i['Ts'])**0.5
C:\Users\MEO\Desktop\Projects\JetEngine\boomsonic_v0\.venv\Lib\site-packages\pycycle\thermo\static_ps_resid.py:108: RuntimeWarning: invalid value encountered in sqrt
  Vsonic = (i['gamma']*i['R']*i['Ts'])**0.5
C:\Users\MEO\Desktop\Projects\JetEngine\boomsonic_v0\.venv\Lib\site-packages\pycycle\thermo\static_ps_resid.py:108: RuntimeWarning: invalid value encountered in sqrt
  Vsonic = (i['gamma']*i['R']*i['Ts'])**0.5
C:\Users\MEO\Desktop\Projects\JetEngine\boomsonic_v0\.venv\Lib\site-packages\pycycle\thermo\static_ps_resid.py:108: RuntimeWarning: invalid value encountered in sqrt
  Vsonic = (i['gamma']*i['R']*i['Ts'])**0.5
C:\Users\MEO\Desktop\Projects\JetEngine\boomsonic_v0\.venv\Lib\site-packages\pycycle\thermo\static_ps_resid.py:108: RuntimeWarning: invalid value encountered in sqrt
  Vsonic = (i['gamma']*i['R']*i['Ts'])**0.5
C:\Users\MEO\Desktop\Projects\JetEngine\boomsonic_v0\.venv\Lib\site-packages\pycycle\thermo\static_ps_calc.py:32: RuntimeWarning: invalid value encountered in sqrt
  outputs['Vsonic'] = Vsonic = np.sqrt(inputs['gamma'] * inputs['R'] * inputs['Ts'])
C:\Users\MEO\Desktop\Projects\JetEngine\boomsonic_v0\.venv\Lib\site-packages\pycycle\thermo\static_ps_resid.py:128: RuntimeWarning: invalid value encountered in sqrt
  Vsonic = (i['gamma']*i['R']*i['Ts'])**0.5
C:\Users\MEO\Desktop\Projects\JetEngine\boomsonic_v0\.venv\Lib\site-packages\pycycle\elements\compressor.py:75: RuntimeWarning: invalid value encountered in log
  outputs['eff_poly'] = Rt * np.log(PR) / ( Rt*np.log(PR) + S_out - S_in )
C:\Users\MEO\Desktop\Projects\JetEngine\boomsonic_v0\.venv\Lib\site-packages\pycycle\thermo\static_ps_resid.py:98: RuntimeWarning: invalid value encountered in power
  ps_guess = inputs['guess:Pt'] * (1 + (gamt-1)/2 * M_guess**2)**(-gamt/(gamt-1))
C:\Users\MEO\Desktop\Projects\JetEngine\boomsonic_v0\.venv\Lib\site-packages\pycycle\thermo\static_ps_resid.py:93: RuntimeWarning: invalid value encountered in power
  f1 = ps - inputs['guess:Pt'] * (1 + (gamt-1)/2 * M_guess**2)**(-gamt/(gamt-1))
C:\Users\MEO\Desktop\Projects\JetEngine\boomsonic_v0\.venv\Lib\site-packages\pycycle\thermo\static_ps_resid.py:94: RuntimeWarning: invalid value encountered in sqrt
  f2 = MN - inputs['W']*(R_UNIVERSAL_SI*inputs['Ts'])**0.5/(ps_guess*1.0e6*inputs['area']*gamt**0.5)
C:\Users\MEO\Desktop\Projects\JetEngine\boomsonic_v0\.venv\Lib\site-packages\pycycle\thermo\static_ps_resid.py:99: RuntimeWarning: The iteration is not making good progress, as measured by the 
 improvement from the last ten iterations.
  ps_guess, M_guess = fsolve(equations, (ps_guess, M_guess))
C:\Users\MEO\Desktop\Projects\JetEngine\boomsonic_v0\.venv\Lib\site-packages\pycycle\thermo\static_ps_resid.py:83: RuntimeWarning: invalid value encountered in power
  ps_guess = inputs['guess:Pt'] * (1 + (gamt-1)/2 * inputs['MN']**2)**(-gamt/(gamt-1))
C:\Users\MEO\Desktop\Projects\JetEngine\boomsonic_v0\.venv\Lib\site-packages\openmdao\solvers\solver.py:819: SolverWarning:Your model has stalled three times and may be violating the bounds. In the future, turn on print_bound_enforce in your solver options here: 
OD0.inlet.out_stat.nonlinear_solver.linesearch.options['print_bound_enforce']=True. 
The bound(s) being violated now are:

C:\Users\MEO\Desktop\Projects\JetEngine\boomsonic_v0\.venv\Lib\site-packages\openmdao\solvers\linesearch\backtracking.py:39: SolverWarning:'OD0.inlet.out_stat.balance.T' exceeds lower bounds
  Val: [-237.42076166]
  Lower: [150.]

C:\Users\MEO\Desktop\Projects\JetEngine\boomsonic_v0\.venv\Lib\site-packages\openmdao\solvers\linesearch\backtracking.py:39: SolverWarning:'OD0.inlet.out_stat.ps_resid.Ps' exceeds lower bounds
  Val: [-0.00110427]
  Lower: [-0.0009009]

C:\Users\MEO\Desktop\Projects\JetEngine\boomsonic_v0\.venv\Lib\site-packages\pycycle\thermo\static_ps_resid.py:128: RuntimeWarning: invalid value encountered in sqrt
  Vsonic = (i['gamma']*i['R']*i['Ts'])**0.5
C:\Users\MEO\Desktop\Projects\JetEngine\boomsonic_v0\.venv\Lib\site-packages\openmdao\solvers\solver.py:819: SolverWarning:Your model has stalled three times and may be violating the bounds. In the future, turn on print_bound_enforce in your solver options here: 
OD0.comp.ideal_flow.nonlinear_solver.linesearch.options['print_bound_enforce']=True. 
The bound(s) being violated now are:

C:\Users\MEO\Desktop\Projects\JetEngine\boomsonic_v0\.venv\Lib\site-packages\openmdao\solvers\linesearch\backtracking.py:39: SolverWarning:'OD0.comp.ideal_flow.balance.T' exceeds lower bounds
  Val: [-1.96932281e+08]
  Lower: [150.]

C:\Users\MEO\Desktop\Projects\JetEngine\boomsonic_v0\.venv\Lib\site-packages\pycycle\elements\compressor.py:75: RuntimeWarning: invalid value encountered in log
  outputs['eff_poly'] = Rt * np.log(PR) / ( Rt*np.log(PR) + S_out - S_in )
C:\Users\MEO\Desktop\Projects\JetEngine\boomsonic_v0\.venv\Lib\site-packages\pycycle\thermo\static_ps_resid.py:128: RuntimeWarning: invalid value encountered in sqrt
  Vsonic = (i['gamma']*i['R']*i['Ts'])**0.5
C:\Users\MEO\Desktop\Projects\JetEngine\boomsonic_v0\.venv\Lib\site-packages\pycycle\thermo\static_ps_resid.py:128: RuntimeWarning: invalid value encountered in sqrt
  Vsonic = (i['gamma']*i['R']*i['Ts'])**0.5
C:\Users\MEO\Desktop\Projects\JetEngine\boomsonic_v0\.venv\Lib\site-packages\pycycle\thermo\static_ps_resid.py:128: RuntimeWarning: invalid value encountered in sqrt
  Vsonic = (i['gamma']*i['R']*i['Ts'])**0.5
C:\Users\MEO\Desktop\Projects\JetEngine\boomsonic_v0\.venv\Lib\site-packages\pycycle\thermo\static_ps_resid.py:128: RuntimeWarning: invalid value encountered in sqrt
  Vsonic = (i['gamma']*i['R']*i['Ts'])**0.5
C:\Users\MEO\Desktop\Projects\JetEngine\boomsonic_v0\.venv\Lib\site-packages\pycycle\thermo\static_ps_resid.py:98: RuntimeWarning: invalid value encountered in power
  ps_guess = inputs['guess:Pt'] * (1 + (gamt-1)/2 * M_guess**2)**(-gamt/(gamt-1))
C:\Users\MEO\Desktop\Projects\JetEngine\boomsonic_v0\.venv\Lib\site-packages\pycycle\thermo\static_ps_resid.py:93: RuntimeWarning: invalid value encountered in power
  f1 = ps - inputs['guess:Pt'] * (1 + (gamt-1)/2 * M_guess**2)**(-gamt/(gamt-1))
C:\Users\MEO\Desktop\Projects\JetEngine\boomsonic_v0\.venv\Lib\site-packages\pycycle\thermo\static_ps_resid.py:94: RuntimeWarning: invalid value encountered in sqrt
  f2 = MN - inputs['W']*(R_UNIVERSAL_SI*inputs['Ts'])**0.5/(ps_guess*1.0e6*inputs['area']*gamt**0.5)
C:\Users\MEO\Desktop\Projects\JetEngine\boomsonic_v0\.venv\Lib\site-packages\pycycle\thermo\static_ps_resid.py:99: RuntimeWarning: The iteration is not making good progress, as measured by the 
 improvement from the last ten iterations.
  ps_guess, M_guess = fsolve(equations, (ps_guess, M_guess))
C:\Users\MEO\Desktop\Projects\JetEngine\boomsonic_v0\.venv\Lib\site-packages\pycycle\thermo\static_ps_resid.py:128: RuntimeWarning: invalid value encountered in sqrt
  Vsonic = (i['gamma']*i['R']*i['Ts'])**0.5
C:\Users\MEO\Desktop\Projects\JetEngine\boomsonic_v0\.venv\Lib\site-packages\pycycle\thermo\static_ps_resid.py:128: RuntimeWarning: invalid value encountered in sqrt
  Vsonic = (i['gamma']*i['R']*i['Ts'])**0.5
C:\Users\MEO\Desktop\Projects\JetEngine\boomsonic_v0\.venv\Lib\site-packages\pycycle\thermo\static_ps_resid.py:128: RuntimeWarning: invalid value encountered in sqrt
  Vsonic = (i['gamma']*i['R']*i['Ts'])**0.5
C:\Users\MEO\Desktop\Projects\JetEngine\boomsonic_v0\.venv\Lib\site-packages\pycycle\thermo\static_ps_resid.py:128: RuntimeWarning: invalid value encountered in sqrt
  Vsonic = (i['gamma']*i['R']*i['Ts'])**0.5
C:\Users\MEO\Desktop\Projects\JetEngine\boomsonic_v0\.venv\Lib\site-packages\pycycle\thermo\static_ps_resid.py:128: RuntimeWarning: invalid value encountered in sqrt
  Vsonic = (i['gamma']*i['R']*i['Ts'])**0.5
C:\Users\MEO\Desktop\Projects\JetEngine\boomsonic_v0\.venv\Lib\site-packages\pycycle\thermo\static_ps_resid.py:128: RuntimeWarning: invalid value encountered in sqrt
  Vsonic = (i['gamma']*i['R']*i['Ts'])**0.5
C:\Users\MEO\Desktop\Projects\JetEngine\boomsonic_v0\.venv\Lib\site-packages\pycycle\thermo\static_ps_resid.py:128: RuntimeWarning: invalid value encountered in sqrt
  Vsonic = (i['gamma']*i['R']*i['Ts'])**0.5
C:\Users\MEO\Desktop\Projects\JetEngine\boomsonic_v0\.venv\Lib\site-packages\pycycle\thermo\static_ps_resid.py:128: RuntimeWarning: invalid value encountered in sqrt
  Vsonic = (i['gamma']*i['R']*i['Ts'])**0.5
C:\Users\MEO\Desktop\Projects\JetEngine\boomsonic_v0\.venv\Lib\site-packages\pycycle\thermo\static_ps_resid.py:128: RuntimeWarning: invalid value encountered in sqrt
  Vsonic = (i['gamma']*i['R']*i['Ts'])**0.5
C:\Users\MEO\Desktop\Projects\JetEngine\boomsonic_v0\.venv\Lib\site-packages\pycycle\thermo\static_ps_resid.py:108: RuntimeWarning: invalid value encountered in sqrt
  Vsonic = (i['gamma']*i['R']*i['Ts'])**0.5
C:\Users\MEO\Desktop\Projects\JetEngine\boomsonic_v0\.venv\Lib\site-packages\pycycle\thermo\static_ps_resid.py:83: RuntimeWarning: invalid value encountered in power
  ps_guess = inputs['guess:Pt'] * (1 + (gamt-1)/2 * inputs['MN']**2)**(-gamt/(gamt-1))
C:\Users\MEO\Desktop\Projects\JetEngine\boomsonic_v0\.venv\Lib\site-packages\pycycle\thermo\static_ps_resid.py:108: RuntimeWarning: invalid value encountered in sqrt
  Vsonic = (i['gamma']*i['R']*i['Ts'])**0.5
C:\Users\MEO\Desktop\Projects\JetEngine\boomsonic_v0\.venv\Lib\site-packages\pycycle\thermo\static_ps_resid.py:108: RuntimeWarning: invalid value encountered in sqrt
  Vsonic = (i['gamma']*i['R']*i['Ts'])**0.5
C:\Users\MEO\Desktop\Projects\JetEngine\boomsonic_v0\.venv\Lib\site-packages\pycycle\thermo\static_ps_resid.py:108: RuntimeWarning: invalid value encountered in sqrt
  Vsonic = (i['gamma']*i['R']*i['Ts'])**0.5
C:\Users\MEO\Desktop\Projects\JetEngine\boomsonic_v0\.venv\Lib\site-packages\pycycle\thermo\static_ps_resid.py:108: RuntimeWarning: invalid value encountered in sqrt
  Vsonic = (i['gamma']*i['R']*i['Ts'])**0.5
C:\Users\MEO\Desktop\Projects\JetEngine\boomsonic_v0\.venv\Lib\site-packages\pycycle\thermo\static_ps_resid.py:108: RuntimeWarning: invalid value encountered in sqrt
  Vsonic = (i['gamma']*i['R']*i['Ts'])**0.5
C:\Users\MEO\Desktop\Projects\JetEngine\boomsonic_v0\.venv\Lib\site-packages\pycycle\thermo\static_ps_resid.py:108: RuntimeWarning: invalid value encountered in sqrt
  Vsonic = (i['gamma']*i['R']*i['Ts'])**0.5
C:\Users\MEO\Desktop\Projects\JetEngine\boomsonic_v0\.venv\Lib\site-packages\pycycle\thermo\static_ps_resid.py:108: RuntimeWarning: invalid value encountered in sqrt
  Vsonic = (i['gamma']*i['R']*i['Ts'])**0.5
C:\Users\MEO\Desktop\Projects\JetEngine\boomsonic_v0\.venv\Lib\site-packages\pycycle\thermo\static_ps_resid.py:108: RuntimeWarning: invalid value encountered in sqrt
  Vsonic = (i['gamma']*i['R']*i['Ts'])**0.5
C:\Users\MEO\Desktop\Projects\JetEngine\boomsonic_v0\.venv\Lib\site-packages\pycycle\thermo\static_ps_resid.py:108: RuntimeWarning: invalid value encountered in sqrt
  Vsonic = (i['gamma']*i['R']*i['Ts'])**0.5
C:\Users\MEO\Desktop\Projects\JetEngine\boomsonic_v0\.venv\Lib\site-packages\pycycle\thermo\static_ps_resid.py:108: RuntimeWarning: invalid value encountered in sqrt
  Vsonic = (i['gamma']*i['R']*i['Ts'])**0.5
C:\Users\MEO\Desktop\Projects\JetEngine\boomsonic_v0\.venv\Lib\site-packages\pycycle\thermo\static_ps_resid.py:108: RuntimeWarning: invalid value encountered in sqrt
  Vsonic = (i['gamma']*i['R']*i['Ts'])**0.5
C:\Users\MEO\Desktop\Projects\JetEngine\boomsonic_v0\.venv\Lib\site-packages\pycycle\thermo\static_ps_calc.py:32: RuntimeWarning: invalid value encountered in sqrt
  outputs['Vsonic'] = Vsonic = np.sqrt(inputs['gamma'] * inputs['R'] * inputs['Ts'])
C:\Users\MEO\Desktop\Projects\JetEngine\boomsonic_v0\.venv\Lib\site-packages\pycycle\elements\compressor.py:75: RuntimeWarning: invalid value encountered in log
  outputs['eff_poly'] = Rt * np.log(PR) / ( Rt*np.log(PR) + S_out - S_in )
C:\Users\MEO\Desktop\Projects\JetEngine\boomsonic_v0\.venv\Lib\site-packages\pycycle\thermo\static_ps_resid.py:128: RuntimeWarning: invalid value encountered in sqrt
  Vsonic = (i['gamma']*i['R']*i['Ts'])**0.5
C:\Users\MEO\Desktop\Projects\JetEngine\boomsonic_v0\.venv\Lib\site-packages\pycycle\thermo\static_ps_resid.py:98: RuntimeWarning: invalid value encountered in power
  ps_guess = inputs['guess:Pt'] * (1 + (gamt-1)/2 * M_guess**2)**(-gamt/(gamt-1))
C:\Users\MEO\Desktop\Projects\JetEngine\boomsonic_v0\.venv\Lib\site-packages\pycycle\thermo\static_ps_resid.py:93: RuntimeWarning: invalid value encountered in power
  f1 = ps - inputs['guess:Pt'] * (1 + (gamt-1)/2 * M_guess**2)**(-gamt/(gamt-1))
C:\Users\MEO\Desktop\Projects\JetEngine\boomsonic_v0\.venv\Lib\site-packages\pycycle\thermo\static_ps_resid.py:94: RuntimeWarning: invalid value encountered in sqrt
  f2 = MN - inputs['W']*(R_UNIVERSAL_SI*inputs['Ts'])**0.5/(ps_guess*1.0e6*inputs['area']*gamt**0.5)
C:\Users\MEO\Desktop\Projects\JetEngine\boomsonic_v0\.venv\Lib\site-packages\pycycle\thermo\static_ps_resid.py:99: RuntimeWarning: The iteration is not making good progress, as measured by the 
 improvement from the last ten iterations.
  ps_guess, M_guess = fsolve(equations, (ps_guess, M_guess))
C:\Users\MEO\Desktop\Projects\JetEngine\boomsonic_v0\.venv\Lib\site-packages\pycycle\thermo\static_ps_resid.py:83: RuntimeWarning: invalid value encountered in power
  ps_guess = inputs['guess:Pt'] * (1 + (gamt-1)/2 * inputs['MN']**2)**(-gamt/(gamt-1))
C:\Users\MEO\Desktop\Projects\JetEngine\boomsonic_v0\.venv\Lib\site-packages\pycycle\thermo\static_ps_resid.py:128: RuntimeWarning: invalid value encountered in sqrt
  Vsonic = (i['gamma']*i['R']*i['Ts'])**0.5
C:\Users\MEO\Desktop\Projects\JetEngine\boomsonic_v0\.venv\Lib\site-packages\pycycle\thermo\static_ps_resid.py:128: RuntimeWarning: invalid value encountered in sqrt
  Vsonic = (i['gamma']*i['R']*i['Ts'])**0.5
C:\Users\MEO\Desktop\Projects\JetEngine\boomsonic_v0\.venv\Lib\site-packages\pycycle\thermo\static_ps_resid.py:128: RuntimeWarning: invalid value encountered in sqrt
  Vsonic = (i['gamma']*i['R']*i['Ts'])**0.5
C:\Users\MEO\Desktop\Projects\JetEngine\boomsonic_v0\.venv\Lib\site-packages\pycycle\thermo\static_ps_resid.py:108: RuntimeWarning: invalid value encountered in sqrt
  Vsonic = (i['gamma']*i['R']*i['Ts'])**0.5
C:\Users\MEO\Desktop\Projects\JetEngine\boomsonic_v0\.venv\Lib\site-packages\pycycle\elements\turbine.py:40: RuntimeWarning: invalid value encountered in sqrt
  outputs['Wp'] = inputs['W_in'] * inputs['Tt']**0.5 / inputs['Pt']
C:\Users\MEO\Desktop\Projects\JetEngine\boomsonic_v0\.venv\Lib\site-packages\pycycle\elements\turbine.py:41: RuntimeWarning: invalid value encountered in power
  outputs['Np'] = inputs['Nmech'] * inputs['Tt']**-0.5
C:\Users\MEO\Desktop\Projects\JetEngine\boomsonic_v0\.venv\Lib\site-packages\pycycle\elements\turbine.py:89: RuntimeWarning: invalid value encountered in log
  outputs['eff_poly'] = 1 + (S_out-S_in)/(Rt*np.log(invPR))
C:\Users\MEO\Desktop\Projects\JetEngine\boomsonic_v0\.venv\Lib\site-packages\openmdao\solvers\solver.py:819: SolverWarning:Your model has stalled three times and may be violating the bounds. In the future, turn on print_bound_enforce in your solver options here: 
OD0.comp.ideal_flow.nonlinear_solver.linesearch.options['print_bound_enforce']=True. 
The bound(s) being violated now are:

C:\Users\MEO\Desktop\Projects\JetEngine\boomsonic_v0\.venv\Lib\site-packages\openmdao\solvers\linesearch\backtracking.py:39: SolverWarning:'OD0.comp.ideal_flow.balance.T' exceeds lower bounds
  Val: [-94393630.85964316]
  Lower: [150.]

C:\Users\MEO\Desktop\Projects\JetEngine\boomsonic_v0\.venv\Lib\site-packages\pycycle\elements\compressor.py:75: RuntimeWarning: invalid value encountered in log
  outputs['eff_poly'] = Rt * np.log(PR) / ( Rt*np.log(PR) + S_out - S_in )
C:\Users\MEO\Desktop\Projects\JetEngine\boomsonic_v0\.venv\Lib\site-packages\pycycle\thermo\static_ps_resid.py:98: RuntimeWarning: invalid value encountered in power
  ps_guess = inputs['guess:Pt'] * (1 + (gamt-1)/2 * M_guess**2)**(-gamt/(gamt-1))
C:\Users\MEO\Desktop\Projects\JetEngine\boomsonic_v0\.venv\Lib\site-packages\pycycle\thermo\static_ps_resid.py:93: RuntimeWarning: invalid value encountered in power
  f1 = ps - inputs['guess:Pt'] * (1 + (gamt-1)/2 * M_guess**2)**(-gamt/(gamt-1))
C:\Users\MEO\Desktop\Projects\JetEngine\boomsonic_v0\.venv\Lib\site-packages\pycycle\thermo\static_ps_resid.py:94: RuntimeWarning: invalid value encountered in sqrt
  f2 = MN - inputs['W']*(R_UNIVERSAL_SI*inputs['Ts'])**0.5/(ps_guess*1.0e6*inputs['area']*gamt**0.5)
C:\Users\MEO\Desktop\Projects\JetEngine\boomsonic_v0\.venv\Lib\site-packages\pycycle\thermo\static_ps_resid.py:99: RuntimeWarning: The iteration is not making good progress, as measured by the 
 improvement from the last ten iterations.
  ps_guess, M_guess = fsolve(equations, (ps_guess, M_guess))
C:\Users\MEO\Desktop\Projects\JetEngine\boomsonic_v0\.venv\Lib\site-packages\pycycle\thermo\static_ps_resid.py:128: RuntimeWarning: invalid value encountered in sqrt
  Vsonic = (i['gamma']*i['R']*i['Ts'])**0.5
C:\Users\MEO\Desktop\Projects\JetEngine\boomsonic_v0\.venv\Lib\site-packages\pycycle\thermo\static_ps_resid.py:128: RuntimeWarning: invalid value encountered in sqrt
  Vsonic = (i['gamma']*i['R']*i['Ts'])**0.5
C:\Users\MEO\Desktop\Projects\JetEngine\boomsonic_v0\.venv\Lib\site-packages\pycycle\thermo\static_ps_resid.py:128: RuntimeWarning: invalid value encountered in sqrt
  Vsonic = (i['gamma']*i['R']*i['Ts'])**0.5
C:\Users\MEO\Desktop\Projects\JetEngine\boomsonic_v0\.venv\Lib\site-packages\pycycle\thermo\static_ps_resid.py:128: RuntimeWarning: invalid value encountered in sqrt
  Vsonic = (i['gamma']*i['R']*i['Ts'])**0.5
C:\Users\MEO\Desktop\Projects\JetEngine\boomsonic_v0\.venv\Lib\site-packages\pycycle\thermo\static_ps_resid.py:128: RuntimeWarning: invalid value encountered in sqrt
  Vsonic = (i['gamma']*i['R']*i['Ts'])**0.5
C:\Users\MEO\Desktop\Projects\JetEngine\boomsonic_v0\.venv\Lib\site-packages\pycycle\thermo\static_ps_resid.py:128: RuntimeWarning: invalid value encountered in sqrt
  Vsonic = (i['gamma']*i['R']*i['Ts'])**0.5
C:\Users\MEO\Desktop\Projects\JetEngine\boomsonic_v0\.venv\Lib\site-packages\pycycle\thermo\static_ps_resid.py:128: RuntimeWarning: invalid value encountered in sqrt
  Vsonic = (i['gamma']*i['R']*i['Ts'])**0.5
C:\Users\MEO\Desktop\Projects\JetEngine\boomsonic_v0\.venv\Lib\site-packages\pycycle\thermo\static_ps_resid.py:128: RuntimeWarning: invalid value encountered in sqrt
  Vsonic = (i['gamma']*i['R']*i['Ts'])**0.5
C:\Users\MEO\Desktop\Projects\JetEngine\boomsonic_v0\.venv\Lib\site-packages\pycycle\thermo\static_ps_resid.py:128: RuntimeWarning: invalid value encountered in sqrt
  Vsonic = (i['gamma']*i['R']*i['Ts'])**0.5
C:\Users\MEO\Desktop\Projects\JetEngine\boomsonic_v0\.venv\Lib\site-packages\pycycle\thermo\static_ps_resid.py:98: RuntimeWarning: invalid value encountered in power
  ps_guess = inputs['guess:Pt'] * (1 + (gamt-1)/2 * M_guess**2)**(-gamt/(gamt-1))
C:\Users\MEO\Desktop\Projects\JetEngine\boomsonic_v0\.venv\Lib\site-packages\pycycle\thermo\static_ps_resid.py:93: RuntimeWarning: invalid value encountered in power
  f1 = ps - inputs['guess:Pt'] * (1 + (gamt-1)/2 * M_guess**2)**(-gamt/(gamt-1))
C:\Users\MEO\Desktop\Projects\JetEngine\boomsonic_v0\.venv\Lib\site-packages\pycycle\thermo\static_ps_resid.py:94: RuntimeWarning: invalid value encountered in sqrt
  f2 = MN - inputs['W']*(R_UNIVERSAL_SI*inputs['Ts'])**0.5/(ps_guess*1.0e6*inputs['area']*gamt**0.5)
C:\Users\MEO\Desktop\Projects\JetEngine\boomsonic_v0\.venv\Lib\site-packages\pycycle\thermo\static_ps_resid.py:99: RuntimeWarning: The iteration is not making good progress, as measured by the 
 improvement from the last ten iterations.
  ps_guess, M_guess = fsolve(equations, (ps_guess, M_guess))
C:\Users\MEO\Desktop\Projects\JetEngine\boomsonic_v0\.venv\Lib\site-packages\pycycle\thermo\static_ps_resid.py:128: RuntimeWarning: invalid value encountered in sqrt
  Vsonic = (i['gamma']*i['R']*i['Ts'])**0.5
C:\Users\MEO\Desktop\Projects\JetEngine\boomsonic_v0\.venv\Lib\site-packages\pycycle\thermo\static_ps_resid.py:128: RuntimeWarning: invalid value encountered in sqrt
  Vsonic = (i['gamma']*i['R']*i['Ts'])**0.5
C:\Users\MEO\Desktop\Projects\JetEngine\boomsonic_v0\.venv\Lib\site-packages\pycycle\thermo\static_ps_resid.py:128: RuntimeWarning: invalid value encountered in sqrt
  Vsonic = (i['gamma']*i['R']*i['Ts'])**0.5
C:\Users\MEO\Desktop\Projects\JetEngine\boomsonic_v0\.venv\Lib\site-packages\pycycle\thermo\static_ps_resid.py:128: RuntimeWarning: invalid value encountered in sqrt
  Vsonic = (i['gamma']*i['R']*i['Ts'])**0.5
C:\Users\MEO\Desktop\Projects\JetEngine\boomsonic_v0\.venv\Lib\site-packages\pycycle\thermo\static_ps_resid.py:128: RuntimeWarning: invalid value encountered in sqrt
  Vsonic = (i['gamma']*i['R']*i['Ts'])**0.5
C:\Users\MEO\Desktop\Projects\JetEngine\boomsonic_v0\.venv\Lib\site-packages\pycycle\thermo\static_ps_resid.py:128: RuntimeWarning: invalid value encountered in sqrt
  Vsonic = (i['gamma']*i['R']*i['Ts'])**0.5
C:\Users\MEO\Desktop\Projects\JetEngine\boomsonic_v0\.venv\Lib\site-packages\pycycle\thermo\static_ps_resid.py:98: RuntimeWarning: invalid value encountered in power
  ps_guess = inputs['guess:Pt'] * (1 + (gamt-1)/2 * M_guess**2)**(-gamt/(gamt-1))
C:\Users\MEO\Desktop\Projects\JetEngine\boomsonic_v0\.venv\Lib\site-packages\pycycle\thermo\static_ps_resid.py:93: RuntimeWarning: invalid value encountered in power
  f1 = ps - inputs['guess:Pt'] * (1 + (gamt-1)/2 * M_guess**2)**(-gamt/(gamt-1))
C:\Users\MEO\Desktop\Projects\JetEngine\boomsonic_v0\.venv\Lib\site-packages\pycycle\thermo\static_ps_resid.py:94: RuntimeWarning: invalid value encountered in sqrt
  f2 = MN - inputs['W']*(R_UNIVERSAL_SI*inputs['Ts'])**0.5/(ps_guess*1.0e6*inputs['area']*gamt**0.5)
C:\Users\MEO\Desktop\Projects\JetEngine\boomsonic_v0\.venv\Lib\site-packages\pycycle\thermo\static_ps_resid.py:99: RuntimeWarning: The iteration is not making good progress, as measured by the 
 improvement from the last ten iterations.
  ps_guess, M_guess = fsolve(equations, (ps_guess, M_guess))
C:\Users\MEO\Desktop\Projects\JetEngine\boomsonic_v0\.venv\Lib\site-packages\pycycle\thermo\static_ps_resid.py:128: RuntimeWarning: invalid value encountered in sqrt
  Vsonic = (i['gamma']*i['R']*i['Ts'])**0.5
C:\Users\MEO\Desktop\Projects\JetEngine\boomsonic_v0\.venv\Lib\site-packages\pycycle\thermo\static_ps_resid.py:128: RuntimeWarning: invalid value encountered in sqrt
  Vsonic = (i['gamma']*i['R']*i['Ts'])**0.5
C:\Users\MEO\Desktop\Projects\JetEngine\boomsonic_v0\.venv\Lib\site-packages\pycycle\thermo\static_ps_resid.py:128: RuntimeWarning: invalid value encountered in sqrt
  Vsonic = (i['gamma']*i['R']*i['Ts'])**0.5
C:\Users\MEO\Desktop\Projects\JetEngine\boomsonic_v0\.venv\Lib\site-packages\pycycle\thermo\static_ps_resid.py:128: RuntimeWarning: invalid value encountered in sqrt
  Vsonic = (i['gamma']*i['R']*i['Ts'])**0.5
C:\Users\MEO\Desktop\Projects\JetEngine\boomsonic_v0\.venv\Lib\site-packages\pycycle\thermo\static_ps_resid.py:128: RuntimeWarning: invalid value encountered in sqrt
  Vsonic = (i['gamma']*i['R']*i['Ts'])**0.5
C:\Users\MEO\Desktop\Projects\JetEngine\boomsonic_v0\.venv\Lib\site-packages\pycycle\thermo\static_ps_resid.py:128: RuntimeWarning: invalid value encountered in sqrt
  Vsonic = (i['gamma']*i['R']*i['Ts'])**0.5
C:\Users\MEO\Desktop\Projects\JetEngine\boomsonic_v0\.venv\Lib\site-packages\pycycle\thermo\static_ps_resid.py:128: RuntimeWarning: invalid value encountered in sqrt
  Vsonic = (i['gamma']*i['R']*i['Ts'])**0.5
C:\Users\MEO\Desktop\Projects\JetEngine\boomsonic_v0\.venv\Lib\site-packages\pycycle\thermo\static_ps_resid.py:128: RuntimeWarning: invalid value encountered in sqrt
  Vsonic = (i['gamma']*i['R']*i['Ts'])**0.5
C:\Users\MEO\Desktop\Projects\JetEngine\boomsonic_v0\.venv\Lib\site-packages\pycycle\thermo\static_ps_resid.py:83: RuntimeWarning: invalid value encountered in power
  ps_guess = inputs['guess:Pt'] * (1 + (gamt-1)/2 * inputs['MN']**2)**(-gamt/(gamt-1))
C:\Users\MEO\Desktop\Projects\JetEngine\boomsonic_v0\.venv\Lib\site-packages\pycycle\thermo\static_ps_resid.py:108: RuntimeWarning: invalid value encountered in sqrt
  Vsonic = (i['gamma']*i['R']*i['Ts'])**0.5
C:\Users\MEO\Desktop\Projects\JetEngine\boomsonic_v0\.venv\Lib\site-packages\pycycle\thermo\static_ps_resid.py:108: RuntimeWarning: invalid value encountered in sqrt
  Vsonic = (i['gamma']*i['R']*i['Ts'])**0.5
C:\Users\MEO\Desktop\Projects\JetEngine\boomsonic_v0\.venv\Lib\site-packages\pycycle\thermo\static_ps_resid.py:108: RuntimeWarning: invalid value encountered in sqrt
  Vsonic = (i['gamma']*i['R']*i['Ts'])**0.5
C:\Users\MEO\Desktop\Projects\JetEngine\boomsonic_v0\.venv\Lib\site-packages\pycycle\thermo\static_ps_resid.py:108: RuntimeWarning: invalid value encountered in sqrt
  Vsonic = (i['gamma']*i['R']*i['Ts'])**0.5
C:\Users\MEO\Desktop\Projects\JetEngine\boomsonic_v0\.venv\Lib\site-packages\pycycle\thermo\static_ps_resid.py:108: RuntimeWarning: invalid value encountered in sqrt
  Vsonic = (i['gamma']*i['R']*i['Ts'])**0.5
C:\Users\MEO\Desktop\Projects\JetEngine\boomsonic_v0\.venv\Lib\site-packages\pycycle\thermo\static_ps_resid.py:108: RuntimeWarning: invalid value encountered in sqrt
  Vsonic = (i['gamma']*i['R']*i['Ts'])**0.5
C:\Users\MEO\Desktop\Projects\JetEngine\boomsonic_v0\.venv\Lib\site-packages\pycycle\thermo\static_ps_resid.py:108: RuntimeWarning: invalid value encountered in sqrt
  Vsonic = (i['gamma']*i['R']*i['Ts'])**0.5
C:\Users\MEO\Desktop\Projects\JetEngine\boomsonic_v0\.venv\Lib\site-packages\pycycle\thermo\static_ps_resid.py:108: RuntimeWarning: invalid value encountered in sqrt
  Vsonic = (i['gamma']*i['R']*i['Ts'])**0.5
C:\Users\MEO\Desktop\Projects\JetEngine\boomsonic_v0\.venv\Lib\site-packages\pycycle\thermo\static_ps_resid.py:108: RuntimeWarning: invalid value encountered in sqrt
  Vsonic = (i['gamma']*i['R']*i['Ts'])**0.5
C:\Users\MEO\Desktop\Projects\JetEngine\boomsonic_v0\.venv\Lib\site-packages\pycycle\thermo\static_ps_resid.py:108: RuntimeWarning: invalid value encountered in sqrt
  Vsonic = (i['gamma']*i['R']*i['Ts'])**0.5
C:\Users\MEO\Desktop\Projects\JetEngine\boomsonic_v0\.venv\Lib\site-packages\pycycle\thermo\static_ps_calc.py:32: RuntimeWarning: invalid value encountered in sqrt
  outputs['Vsonic'] = Vsonic = np.sqrt(inputs['gamma'] * inputs['R'] * inputs['Ts'])
C:\Users\MEO\Desktop\Projects\JetEngine\boomsonic_v0\.venv\Lib\site-packages\pycycle\thermo\static_ps_calc.py:32: RuntimeWarning: invalid value encountered in sqrt
  outputs['Vsonic'] = Vsonic = np.sqrt(inputs['gamma'] * inputs['R'] * inputs['Ts'])
C:\Users\MEO\Desktop\Projects\JetEngine\boomsonic_v0\.venv\Lib\site-packages\pycycle\elements\compressor.py:75: RuntimeWarning: invalid value encountered in log
  outputs['eff_poly'] = Rt * np.log(PR) / ( Rt*np.log(PR) + S_out - S_in )
C:\Users\MEO\Desktop\Projects\JetEngine\boomsonic_v0\.venv\Lib\site-packages\pycycle\thermo\static_ps_resid.py:128: RuntimeWarning: invalid value encountered in sqrt
  Vsonic = (i['gamma']*i['R']*i['Ts'])**0.5
C:\Users\MEO\Desktop\Projects\JetEngine\boomsonic_v0\.venv\Lib\site-packages\pycycle\thermo\static_ps_resid.py:108: RuntimeWarning: invalid value encountered in sqrt
  Vsonic = (i['gamma']*i['R']*i['Ts'])**0.5
C:\Users\MEO\Desktop\Projects\JetEngine\boomsonic_v0\.venv\Lib\site-packages\pycycle\thermo\static_ps_resid.py:98: RuntimeWarning: invalid value encountered in power
  ps_guess = inputs['guess:Pt'] * (1 + (gamt-1)/2 * M_guess**2)**(-gamt/(gamt-1))
C:\Users\MEO\Desktop\Projects\JetEngine\boomsonic_v0\.venv\Lib\site-packages\pycycle\thermo\static_ps_resid.py:93: RuntimeWarning: invalid value encountered in power
  f1 = ps - inputs['guess:Pt'] * (1 + (gamt-1)/2 * M_guess**2)**(-gamt/(gamt-1))
C:\Users\MEO\Desktop\Projects\JetEngine\boomsonic_v0\.venv\Lib\site-packages\pycycle\thermo\static_ps_resid.py:94: RuntimeWarning: invalid value encountered in sqrt
  f2 = MN - inputs['W']*(R_UNIVERSAL_SI*inputs['Ts'])**0.5/(ps_guess*1.0e6*inputs['area']*gamt**0.5)
C:\Users\MEO\Desktop\Projects\JetEngine\boomsonic_v0\.venv\Lib\site-packages\pycycle\thermo\static_ps_resid.py:99: RuntimeWarning: The iteration is not making good progress, as measured by the 
 improvement from the last ten iterations.
  ps_guess, M_guess = fsolve(equations, (ps_guess, M_guess))
C:\Users\MEO\Desktop\Projects\JetEngine\boomsonic_v0\.venv\Lib\site-packages\pycycle\thermo\static_ps_resid.py:83: RuntimeWarning: invalid value encountered in power
  ps_guess = inputs['guess:Pt'] * (1 + (gamt-1)/2 * inputs['MN']**2)**(-gamt/(gamt-1))
C:\Users\MEO\Desktop\Projects\JetEngine\boomsonic_v0\.venv\Lib\site-packages\openmdao\solvers\solver.py:819: SolverWarning:Your model has stalled three times and may be violating the bounds. In the future, turn on print_bound_enforce in your solver options here: 
OD0.comp.ideal_flow.nonlinear_solver.linesearch.options['print_bound_enforce']=True. 
The bound(s) being violated now are:

C:\Users\MEO\Desktop\Projects\JetEngine\boomsonic_v0\.venv\Lib\site-packages\openmdao\solvers\linesearch\backtracking.py:39: SolverWarning:'OD0.comp.ideal_flow.balance.T' exceeds lower bounds
  Val: [-94393630.85964316]
  Lower: [150.]

C:\Users\MEO\Desktop\Projects\JetEngine\boomsonic_v0\.venv\Lib\site-packages\pycycle\elements\compressor.py:75: RuntimeWarning: invalid value encountered in log
  outputs['eff_poly'] = Rt * np.log(PR) / ( Rt*np.log(PR) + S_out - S_in )
C:\Users\MEO\Desktop\Projects\JetEngine\boomsonic_v0\.venv\Lib\site-packages\pycycle\thermo\static_ps_resid.py:128: RuntimeWarning: invalid value encountered in sqrt
  Vsonic = (i['gamma']*i['R']*i['Ts'])**0.5
C:\Users\MEO\Desktop\Projects\JetEngine\boomsonic_v0\.venv\Lib\site-packages\pycycle\thermo\static_ps_resid.py:128: RuntimeWarning: invalid value encountered in sqrt
  Vsonic = (i['gamma']*i['R']*i['Ts'])**0.5
C:\Users\MEO\Desktop\Projects\JetEngine\boomsonic_v0\.venv\Lib\site-packages\pycycle\thermo\static_ps_resid.py:128: RuntimeWarning: invalid value encountered in sqrt
  Vsonic = (i['gamma']*i['R']*i['Ts'])**0.5
C:\Users\MEO\Desktop\Projects\JetEngine\boomsonic_v0\.venv\Lib\site-packages\pycycle\thermo\static_ps_resid.py:128: RuntimeWarning: invalid value encountered in sqrt
  Vsonic = (i['gamma']*i['R']*i['Ts'])**0.5
C:\Users\MEO\Desktop\Projects\JetEngine\boomsonic_v0\.venv\Lib\site-packages\pycycle\thermo\static_ps_resid.py:128: RuntimeWarning: invalid value encountered in sqrt
  Vsonic = (i['gamma']*i['R']*i['Ts'])**0.5
C:\Users\MEO\Desktop\Projects\JetEngine\boomsonic_v0\.venv\Lib\site-packages\pycycle\thermo\static_ps_resid.py:98: RuntimeWarning: invalid value encountered in power
  ps_guess = inputs['guess:Pt'] * (1 + (gamt-1)/2 * M_guess**2)**(-gamt/(gamt-1))
C:\Users\MEO\Desktop\Projects\JetEngine\boomsonic_v0\.venv\Lib\site-packages\pycycle\thermo\static_ps_resid.py:93: RuntimeWarning: invalid value encountered in power
  f1 = ps - inputs['guess:Pt'] * (1 + (gamt-1)/2 * M_guess**2)**(-gamt/(gamt-1))
C:\Users\MEO\Desktop\Projects\JetEngine\boomsonic_v0\.venv\Lib\site-packages\pycycle\thermo\static_ps_resid.py:94: RuntimeWarning: invalid value encountered in sqrt
  f2 = MN - inputs['W']*(R_UNIVERSAL_SI*inputs['Ts'])**0.5/(ps_guess*1.0e6*inputs['area']*gamt**0.5)
C:\Users\MEO\Desktop\Projects\JetEngine\boomsonic_v0\.venv\Lib\site-packages\pycycle\thermo\static_ps_resid.py:99: RuntimeWarning: The iteration is not making good progress, as measured by the 
 improvement from the last ten iterations.
  ps_guess, M_guess = fsolve(equations, (ps_guess, M_guess))
C:\Users\MEO\Desktop\Projects\JetEngine\boomsonic_v0\.venv\Lib\site-packages\pycycle\thermo\static_ps_resid.py:128: RuntimeWarning: invalid value encountered in sqrt
  Vsonic = (i['gamma']*i['R']*i['Ts'])**0.5
C:\Users\MEO\Desktop\Projects\JetEngine\boomsonic_v0\.venv\Lib\site-packages\pycycle\thermo\static_ps_resid.py:128: RuntimeWarning: invalid value encountered in sqrt
  Vsonic = (i['gamma']*i['R']*i['Ts'])**0.5
C:\Users\MEO\Desktop\Projects\JetEngine\boomsonic_v0\.venv\Lib\site-packages\pycycle\thermo\static_ps_resid.py:128: RuntimeWarning: invalid value encountered in sqrt
  Vsonic = (i['gamma']*i['R']*i['Ts'])**0.5
C:\Users\MEO\Desktop\Projects\JetEngine\boomsonic_v0\.venv\Lib\site-packages\pycycle\thermo\static_ps_resid.py:128: RuntimeWarning: invalid value encountered in sqrt
  Vsonic = (i['gamma']*i['R']*i['Ts'])**0.5
C:\Users\MEO\Desktop\Projects\JetEngine\boomsonic_v0\.venv\Lib\site-packages\pycycle\thermo\static_ps_resid.py:128: RuntimeWarning: invalid value encountered in sqrt
  Vsonic = (i['gamma']*i['R']*i['Ts'])**0.5
C:\Users\MEO\Desktop\Projects\JetEngine\boomsonic_v0\.venv\Lib\site-packages\pycycle\thermo\static_ps_resid.py:128: RuntimeWarning: invalid value encountered in sqrt
  Vsonic = (i['gamma']*i['R']*i['Ts'])**0.5
C:\Users\MEO\Desktop\Projects\JetEngine\boomsonic_v0\.venv\Lib\site-packages\pycycle\thermo\static_ps_resid.py:128: RuntimeWarning: invalid value encountered in sqrt
  Vsonic = (i['gamma']*i['R']*i['Ts'])**0.5
C:\Users\MEO\Desktop\Projects\JetEngine\boomsonic_v0\.venv\Lib\site-packages\pycycle\thermo\static_ps_resid.py:108: RuntimeWarning: invalid value encountered in sqrt
  Vsonic = (i['gamma']*i['R']*i['Ts'])**0.5
C:\Users\MEO\Desktop\Projects\JetEngine\boomsonic_v0\.venv\Lib\site-packages\pycycle\thermo\static_ps_resid.py:83: RuntimeWarning: invalid value encountered in power
  ps_guess = inputs['guess:Pt'] * (1 + (gamt-1)/2 * inputs['MN']**2)**(-gamt/(gamt-1))
C:\Users\MEO\Desktop\Projects\JetEngine\boomsonic_v0\.venv\Lib\site-packages\pycycle\thermo\static_ps_resid.py:108: RuntimeWarning: invalid value encountered in sqrt
  Vsonic = (i['gamma']*i['R']*i['Ts'])**0.5
C:\Users\MEO\Desktop\Projects\JetEngine\boomsonic_v0\.venv\Lib\site-packages\pycycle\thermo\static_ps_resid.py:108: RuntimeWarning: invalid value encountered in sqrt
  Vsonic = (i['gamma']*i['R']*i['Ts'])**0.5
C:\Users\MEO\Desktop\Projects\JetEngine\boomsonic_v0\.venv\Lib\site-packages\pycycle\thermo\static_ps_resid.py:108: RuntimeWarning: invalid value encountered in sqrt
  Vsonic = (i['gamma']*i['R']*i['Ts'])**0.5
C:\Users\MEO\Desktop\Projects\JetEngine\boomsonic_v0\.venv\Lib\site-packages\pycycle\thermo\static_ps_resid.py:108: RuntimeWarning: invalid value encountered in sqrt
  Vsonic = (i['gamma']*i['R']*i['Ts'])**0.5
C:\Users\MEO\Desktop\Projects\JetEngine\boomsonic_v0\.venv\Lib\site-packages\pycycle\thermo\static_ps_resid.py:108: RuntimeWarning: invalid value encountered in sqrt
  Vsonic = (i['gamma']*i['R']*i['Ts'])**0.5
C:\Users\MEO\Desktop\Projects\JetEngine\boomsonic_v0\.venv\Lib\site-packages\pycycle\thermo\static_ps_resid.py:108: RuntimeWarning: invalid value encountered in sqrt
  Vsonic = (i['gamma']*i['R']*i['Ts'])**0.5
C:\Users\MEO\Desktop\Projects\JetEngine\boomsonic_v0\.venv\Lib\site-packages\pycycle\thermo\static_ps_resid.py:108: RuntimeWarning: invalid value encountered in sqrt
  Vsonic = (i['gamma']*i['R']*i['Ts'])**0.5
C:\Users\MEO\Desktop\Projects\JetEngine\boomsonic_v0\.venv\Lib\site-packages\pycycle\thermo\static_ps_resid.py:108: RuntimeWarning: invalid value encountered in sqrt
  Vsonic = (i['gamma']*i['R']*i['Ts'])**0.5
C:\Users\MEO\Desktop\Projects\JetEngine\boomsonic_v0\.venv\Lib\site-packages\pycycle\thermo\static_ps_resid.py:108: RuntimeWarning: invalid value encountered in sqrt
  Vsonic = (i['gamma']*i['R']*i['Ts'])**0.5
C:\Users\MEO\Desktop\Projects\JetEngine\boomsonic_v0\.venv\Lib\site-packages\pycycle\thermo\static_ps_resid.py:108: RuntimeWarning: invalid value encountered in sqrt
  Vsonic = (i['gamma']*i['R']*i['Ts'])**0.5
C:\Users\MEO\Desktop\Projects\JetEngine\boomsonic_v0\.venv\Lib\site-packages\pycycle\thermo\static_ps_resid.py:108: RuntimeWarning: invalid value encountered in sqrt
  Vsonic = (i['gamma']*i['R']*i['Ts'])**0.5
C:\Users\MEO\Desktop\Projects\JetEngine\boomsonic_v0\.venv\Lib\site-packages\pycycle\thermo\static_ps_calc.py:32: RuntimeWarning: invalid value encountered in sqrt
  outputs['Vsonic'] = Vsonic = np.sqrt(inputs['gamma'] * inputs['R'] * inputs['Ts'])
C:\Users\MEO\Desktop\Projects\JetEngine\boomsonic_v0\.venv\Lib\site-packages\pycycle\elements\compressor.py:75: RuntimeWarning: invalid value encountered in log
  outputs['eff_poly'] = Rt * np.log(PR) / ( Rt*np.log(PR) + S_out - S_in )
C:\Users\MEO\Desktop\Projects\JetEngine\boomsonic_v0\.venv\Lib\site-packages\pycycle\thermo\static_ps_resid.py:128: RuntimeWarning: invalid value encountered in sqrt
  Vsonic = (i['gamma']*i['R']*i['Ts'])**0.5
C:\Users\MEO\Desktop\Projects\JetEngine\boomsonic_v0\.venv\Lib\site-packages\pycycle\thermo\static_ps_resid.py:98: RuntimeWarning: invalid value encountered in power
  ps_guess = inputs['guess:Pt'] * (1 + (gamt-1)/2 * M_guess**2)**(-gamt/(gamt-1))
C:\Users\MEO\Desktop\Projects\JetEngine\boomsonic_v0\.venv\Lib\site-packages\pycycle\thermo\static_ps_resid.py:93: RuntimeWarning: invalid value encountered in power
  f1 = ps - inputs['guess:Pt'] * (1 + (gamt-1)/2 * M_guess**2)**(-gamt/(gamt-1))
C:\Users\MEO\Desktop\Projects\JetEngine\boomsonic_v0\.venv\Lib\site-packages\pycycle\thermo\static_ps_resid.py:94: RuntimeWarning: invalid value encountered in sqrt
  f2 = MN - inputs['W']*(R_UNIVERSAL_SI*inputs['Ts'])**0.5/(ps_guess*1.0e6*inputs['area']*gamt**0.5)
C:\Users\MEO\Desktop\Projects\JetEngine\boomsonic_v0\.venv\Lib\site-packages\pycycle\thermo\static_ps_resid.py:99: RuntimeWarning: The iteration is not making good progress, as measured by the 
 improvement from the last ten iterations.
  ps_guess, M_guess = fsolve(equations, (ps_guess, M_guess))
C:\Users\MEO\Desktop\Projects\JetEngine\boomsonic_v0\.venv\Lib\site-packages\pycycle\thermo\static_ps_resid.py:83: RuntimeWarning: invalid value encountered in power
  ps_guess = inputs['guess:Pt'] * (1 + (gamt-1)/2 * inputs['MN']**2)**(-gamt/(gamt-1))
C:\Users\MEO\Desktop\Projects\JetEngine\boomsonic_v0\.venv\Lib\site-packages\openmdao\solvers\solver.py:819: SolverWarning:Your model has stalled three times and may be violating the bounds. In the future, turn on print_bound_enforce in your solver options here: 
OD0.comp.ideal_flow.nonlinear_solver.linesearch.options['print_bound_enforce']=True. 
The bound(s) being violated now are:

C:\Users\MEO\Desktop\Projects\JetEngine\boomsonic_v0\.venv\Lib\site-packages\openmdao\solvers\linesearch\backtracking.py:39: SolverWarning:'OD0.comp.ideal_flow.balance.T' exceeds lower bounds
  Val: [-94393630.85964316]
  Lower: [150.]

C:\Users\MEO\Desktop\Projects\JetEngine\boomsonic_v0\.venv\Lib\site-packages\pycycle\elements\compressor.py:75: RuntimeWarning: invalid value encountered in log
  outputs['eff_poly'] = Rt * np.log(PR) / ( Rt*np.log(PR) + S_out - S_in )
C:\Users\MEO\Desktop\Projects\JetEngine\boomsonic_v0\.venv\Lib\site-packages\pycycle\thermo\static_ps_resid.py:128: RuntimeWarning: invalid value encountered in sqrt
  Vsonic = (i['gamma']*i['R']*i['Ts'])**0.5
C:\Users\MEO\Desktop\Projects\JetEngine\boomsonic_v0\.venv\Lib\site-packages\pycycle\thermo\static_ps_resid.py:98: RuntimeWarning: invalid value encountered in power
  ps_guess = inputs['guess:Pt'] * (1 + (gamt-1)/2 * M_guess**2)**(-gamt/(gamt-1))
C:\Users\MEO\Desktop\Projects\JetEngine\boomsonic_v0\.venv\Lib\site-packages\pycycle\thermo\static_ps_resid.py:93: RuntimeWarning: invalid value encountered in power
  f1 = ps - inputs['guess:Pt'] * (1 + (gamt-1)/2 * M_guess**2)**(-gamt/(gamt-1))
C:\Users\MEO\Desktop\Projects\JetEngine\boomsonic_v0\.venv\Lib\site-packages\pycycle\thermo\static_ps_resid.py:94: RuntimeWarning: invalid value encountered in sqrt
  f2 = MN - inputs['W']*(R_UNIVERSAL_SI*inputs['Ts'])**0.5/(ps_guess*1.0e6*inputs['area']*gamt**0.5)
C:\Users\MEO\Desktop\Projects\JetEngine\boomsonic_v0\.venv\Lib\site-packages\pycycle\thermo\static_ps_resid.py:99: RuntimeWarning: The iteration is not making good progress, as measured by the 
 improvement from the last ten iterations.
  ps_guess, M_guess = fsolve(equations, (ps_guess, M_guess))
C:\Users\MEO\Desktop\Projects\JetEngine\boomsonic_v0\.venv\Lib\site-packages\pycycle\thermo\static_ps_resid.py:128: RuntimeWarning: invalid value encountered in sqrt
  Vsonic = (i['gamma']*i['R']*i['Ts'])**0.5
C:\Users\MEO\Desktop\Projects\JetEngine\boomsonic_v0\.venv\Lib\site-packages\pycycle\thermo\static_ps_resid.py:128: RuntimeWarning: invalid value encountered in sqrt
  Vsonic = (i['gamma']*i['R']*i['Ts'])**0.5
C:\Users\MEO\Desktop\Projects\JetEngine\boomsonic_v0\.venv\Lib\site-packages\pycycle\thermo\static_ps_resid.py:128: RuntimeWarning: invalid value encountered in sqrt
  Vsonic = (i['gamma']*i['R']*i['Ts'])**0.5
C:\Users\MEO\Desktop\Projects\JetEngine\boomsonic_v0\.venv\Lib\site-packages\pycycle\thermo\static_ps_resid.py:128: RuntimeWarning: invalid value encountered in sqrt
  Vsonic = (i['gamma']*i['R']*i['Ts'])**0.5
C:\Users\MEO\Desktop\Projects\JetEngine\boomsonic_v0\.venv\Lib\site-packages\pycycle\thermo\static_ps_resid.py:128: RuntimeWarning: invalid value encountered in sqrt
  Vsonic = (i['gamma']*i['R']*i['Ts'])**0.5
C:\Users\MEO\Desktop\Projects\JetEngine\boomsonic_v0\.venv\Lib\site-packages\pycycle\thermo\static_ps_resid.py:128: RuntimeWarning: invalid value encountered in sqrt
  Vsonic = (i['gamma']*i['R']*i['Ts'])**0.5
C:\Users\MEO\Desktop\Projects\JetEngine\boomsonic_v0\.venv\Lib\site-packages\pycycle\thermo\static_ps_resid.py:128: RuntimeWarning: invalid value encountered in sqrt
  Vsonic = (i['gamma']*i['R']*i['Ts'])**0.5
C:\Users\MEO\Desktop\Projects\JetEngine\boomsonic_v0\.venv\Lib\site-packages\pycycle\thermo\static_ps_resid.py:128: RuntimeWarning: invalid value encountered in sqrt
  Vsonic = (i['gamma']*i['R']*i['Ts'])**0.5
C:\Users\MEO\Desktop\Projects\JetEngine\boomsonic_v0\.venv\Lib\site-packages\pycycle\thermo\static_ps_resid.py:128: RuntimeWarning: invalid value encountered in sqrt
  Vsonic = (i['gamma']*i['R']*i['Ts'])**0.5
C:\Users\MEO\Desktop\Projects\JetEngine\boomsonic_v0\.venv\Lib\site-packages\pycycle\thermo\static_ps_resid.py:128: RuntimeWarning: invalid value encountered in sqrt
  Vsonic = (i['gamma']*i['R']*i['Ts'])**0.5
C:\Users\MEO\Desktop\Projects\JetEngine\boomsonic_v0\.venv\Lib\site-packages\pycycle\thermo\static_ps_resid.py:108: RuntimeWarning: invalid value encountered in sqrt
  Vsonic = (i['gamma']*i['R']*i['Ts'])**0.5
C:\Users\MEO\Desktop\Projects\JetEngine\boomsonic_v0\.venv\Lib\site-packages\pycycle\thermo\static_ps_resid.py:83: RuntimeWarning: invalid value encountered in power
  ps_guess = inputs['guess:Pt'] * (1 + (gamt-1)/2 * inputs['MN']**2)**(-gamt/(gamt-1))
C:\Users\MEO\Desktop\Projects\JetEngine\boomsonic_v0\.venv\Lib\site-packages\pycycle\thermo\static_ps_resid.py:108: RuntimeWarning: invalid value encountered in sqrt
  Vsonic = (i['gamma']*i['R']*i['Ts'])**0.5
C:\Users\MEO\Desktop\Projects\JetEngine\boomsonic_v0\.venv\Lib\site-packages\pycycle\thermo\static_ps_resid.py:108: RuntimeWarning: invalid value encountered in sqrt
  Vsonic = (i['gamma']*i['R']*i['Ts'])**0.5
C:\Users\MEO\Desktop\Projects\JetEngine\boomsonic_v0\.venv\Lib\site-packages\pycycle\thermo\static_ps_resid.py:108: RuntimeWarning: invalid value encountered in sqrt
  Vsonic = (i['gamma']*i['R']*i['Ts'])**0.5
C:\Users\MEO\Desktop\Projects\JetEngine\boomsonic_v0\.venv\Lib\site-packages\pycycle\thermo\static_ps_resid.py:108: RuntimeWarning: invalid value encountered in sqrt
  Vsonic = (i['gamma']*i['R']*i['Ts'])**0.5
C:\Users\MEO\Desktop\Projects\JetEngine\boomsonic_v0\.venv\Lib\site-packages\pycycle\thermo\static_ps_resid.py:108: RuntimeWarning: invalid value encountered in sqrt
  Vsonic = (i['gamma']*i['R']*i['Ts'])**0.5
C:\Users\MEO\Desktop\Projects\JetEngine\boomsonic_v0\.venv\Lib\site-packages\pycycle\thermo\static_ps_resid.py:108: RuntimeWarning: invalid value encountered in sqrt
  Vsonic = (i['gamma']*i['R']*i['Ts'])**0.5
C:\Users\MEO\Desktop\Projects\JetEngine\boomsonic_v0\.venv\Lib\site-packages\pycycle\thermo\static_ps_resid.py:108: RuntimeWarning: invalid value encountered in sqrt
  Vsonic = (i['gamma']*i['R']*i['Ts'])**0.5
C:\Users\MEO\Desktop\Projects\JetEngine\boomsonic_v0\.venv\Lib\site-packages\pycycle\thermo\static_ps_resid.py:108: RuntimeWarning: invalid value encountered in sqrt
  Vsonic = (i['gamma']*i['R']*i['Ts'])**0.5
C:\Users\MEO\Desktop\Projects\JetEngine\boomsonic_v0\.venv\Lib\site-packages\pycycle\thermo\static_ps_resid.py:108: RuntimeWarning: invalid value encountered in sqrt
  Vsonic = (i['gamma']*i['R']*i['Ts'])**0.5
C:\Users\MEO\Desktop\Projects\JetEngine\boomsonic_v0\.venv\Lib\site-packages\pycycle\thermo\static_ps_resid.py:108: RuntimeWarning: invalid value encountered in sqrt
  Vsonic = (i['gamma']*i['R']*i['Ts'])**0.5
C:\Users\MEO\Desktop\Projects\JetEngine\boomsonic_v0\.venv\Lib\site-packages\pycycle\thermo\static_ps_resid.py:108: RuntimeWarning: invalid value encountered in sqrt
  Vsonic = (i['gamma']*i['R']*i['Ts'])**0.5
C:\Users\MEO\Desktop\Projects\JetEngine\boomsonic_v0\.venv\Lib\site-packages\pycycle\thermo\static_ps_calc.py:32: RuntimeWarning: invalid value encountered in sqrt
  outputs['Vsonic'] = Vsonic = np.sqrt(inputs['gamma'] * inputs['R'] * inputs['Ts'])
C:\Users\MEO\Desktop\Projects\JetEngine\boomsonic_v0\.venv\Lib\site-packages\pycycle\elements\compressor.py:75: RuntimeWarning: invalid value encountered in log
  outputs['eff_poly'] = Rt * np.log(PR) / ( Rt*np.log(PR) + S_out - S_in )
C:\Users\MEO\Desktop\Projects\JetEngine\boomsonic_v0\.venv\Lib\site-packages\pycycle\thermo\static_ps_resid.py:128: RuntimeWarning: invalid value encountered in sqrt
  Vsonic = (i['gamma']*i['R']*i['Ts'])**0.5
C:\Users\MEO\Desktop\Projects\JetEngine\boomsonic_v0\.venv\Lib\site-packages\pycycle\thermo\static_ps_resid.py:98: RuntimeWarning: invalid value encountered in power
  ps_guess = inputs['guess:Pt'] * (1 + (gamt-1)/2 * M_guess**2)**(-gamt/(gamt-1))
C:\Users\MEO\Desktop\Projects\JetEngine\boomsonic_v0\.venv\Lib\site-packages\pycycle\thermo\static_ps_resid.py:93: RuntimeWarning: invalid value encountered in power
  f1 = ps - inputs['guess:Pt'] * (1 + (gamt-1)/2 * M_guess**2)**(-gamt/(gamt-1))
C:\Users\MEO\Desktop\Projects\JetEngine\boomsonic_v0\.venv\Lib\site-packages\pycycle\thermo\static_ps_resid.py:94: RuntimeWarning: invalid value encountered in sqrt
  f2 = MN - inputs['W']*(R_UNIVERSAL_SI*inputs['Ts'])**0.5/(ps_guess*1.0e6*inputs['area']*gamt**0.5)
C:\Users\MEO\Desktop\Projects\JetEngine\boomsonic_v0\.venv\Lib\site-packages\pycycle\thermo\static_ps_resid.py:99: RuntimeWarning: The iteration is not making good progress, as measured by the 
 improvement from the last ten iterations.
  ps_guess, M_guess = fsolve(equations, (ps_guess, M_guess))
C:\Users\MEO\Desktop\Projects\JetEngine\boomsonic_v0\.venv\Lib\site-packages\pycycle\thermo\static_ps_resid.py:83: RuntimeWarning: invalid value encountered in power
  ps_guess = inputs['guess:Pt'] * (1 + (gamt-1)/2 * inputs['MN']**2)**(-gamt/(gamt-1))
C:\Users\MEO\Desktop\Projects\JetEngine\boomsonic_v0\.venv\Lib\site-packages\pycycle\thermo\static_ps_resid.py:128: RuntimeWarning: invalid value encountered in sqrt
  Vsonic = (i['gamma']*i['R']*i['Ts'])**0.5
C:\Users\MEO\Desktop\Projects\JetEngine\boomsonic_v0\.venv\Lib\site-packages\pycycle\thermo\static_ps_resid.py:128: RuntimeWarning: invalid value encountered in sqrt
  Vsonic = (i['gamma']*i['R']*i['Ts'])**0.5
C:\Users\MEO\Desktop\Projects\JetEngine\boomsonic_v0\.venv\Lib\site-packages\pycycle\thermo\static_ps_resid.py:128: RuntimeWarning: invalid value encountered in sqrt
  Vsonic = (i['gamma']*i['R']*i['Ts'])**0.5
C:\Users\MEO\Desktop\Projects\JetEngine\boomsonic_v0\.venv\Lib\site-packages\pycycle\thermo\static_ps_resid.py:108: RuntimeWarning: invalid value encountered in sqrt
  Vsonic = (i['gamma']*i['R']*i['Ts'])**0.5
C:\Users\MEO\Desktop\Projects\JetEngine\boomsonic_v0\.venv\Lib\site-packages\pycycle\thermo\static_ps_resid.py:128: RuntimeWarning: invalid value encountered in sqrt
  Vsonic = (i['gamma']*i['R']*i['Ts'])**0.5
C:\Users\MEO\Desktop\Projects\JetEngine\boomsonic_v0\.venv\Lib\site-packages\pycycle\elements\turbine.py:89: RuntimeWarning: invalid value encountered in log
  outputs['eff_poly'] = 1 + (S_out-S_in)/(Rt*np.log(invPR))
C:\Users\MEO\Desktop\Projects\JetEngine\boomsonic_v0\.venv\Lib\site-packages\pycycle\thermo\static_ps_calc.py:32: RuntimeWarning: invalid value encountered in sqrt
  outputs['Vsonic'] = Vsonic = np.sqrt(inputs['gamma'] * inputs['R'] * inputs['Ts'])
C:\Users\MEO\Desktop\Projects\JetEngine\boomsonic_v0\.venv\Lib\site-packages\openmdao\solvers\solver.py:819: SolverWarning:Your model has stalled three times and may be violating the bounds. In the future, turn on print_bound_enforce in your solver options here: 
OD0.burner.vitiated_flow.nonlinear_solver.linesearch.options['print_bound_enforce']=True. 
The bound(s) being violated now are:

C:\Users\MEO\Desktop\Projects\JetEngine\boomsonic_v0\.venv\Lib\site-packages\openmdao\solvers\linesearch\backtracking.py:35: SolverWarning:'OD0.burner.vitiated_flow.balance.T' exceeds upper bounds
  Val: [3450.84489236]
  Upper: [2500.]

C:\Users\MEO\Desktop\Projects\JetEngine\boomsonic_v0\.venv\Lib\site-packages\pycycle\thermo\static_ps_resid.py:128: RuntimeWarning: invalid value encountered in sqrt
  Vsonic = (i['gamma']*i['R']*i['Ts'])**0.5
C:\Users\MEO\Desktop\Projects\JetEngine\boomsonic_v0\.venv\Lib\site-packages\pycycle\thermo\static_ps_resid.py:128: RuntimeWarning: invalid value encountered in sqrt
  Vsonic = (i['gamma']*i['R']*i['Ts'])**0.5
C:\Users\MEO\Desktop\Projects\JetEngine\boomsonic_v0\.venv\Lib\site-packages\pycycle\thermo\static_ps_resid.py:128: RuntimeWarning: invalid value encountered in sqrt
  Vsonic = (i['gamma']*i['R']*i['Ts'])**0.5
C:\Users\MEO\Desktop\Projects\JetEngine\boomsonic_v0\.venv\Lib\site-packages\pycycle\thermo\static_ps_resid.py:128: RuntimeWarning: invalid value encountered in sqrt
  Vsonic = (i['gamma']*i['R']*i['Ts'])**0.5
C:\Users\MEO\Desktop\Projects\JetEngine\boomsonic_v0\.venv\Lib\site-packages\pycycle\thermo\static_ps_resid.py:128: RuntimeWarning: invalid value encountered in sqrt
  Vsonic = (i['gamma']*i['R']*i['Ts'])**0.5
C:\Users\MEO\Desktop\Projects\JetEngine\boomsonic_v0\.venv\Lib\site-packages\openmdao\solvers\solver.py:819: SolverWarning:Your model has stalled three times and may be violating the bounds. In the future, turn on print_bound_enforce in your solver options here: 
OD0.turb.real_flow_b4bld.nonlinear_solver.linesearch.options['print_bound_enforce']=True. 
The bound(s) being violated now are:

C:\Users\MEO\Desktop\Projects\JetEngine\boomsonic_v0\.venv\Lib\site-packages\openmdao\solvers\linesearch\backtracking.py:35: SolverWarning:'OD0.turb.real_flow_b4bld.balance.T' exceeds upper bounds
  Val: [2807.35921699]
  Upper: [2500.]

C:\Users\MEO\Desktop\Projects\JetEngine\boomsonic_v0\.venv\Lib\site-packages\openmdao\solvers\solver.py:819: SolverWarning:Your model has stalled three times and may be violating the bounds. In the future, turn on print_bound_enforce in your solver options here: 
OD0.turb.real_flow.nonlinear_solver.linesearch.options['print_bound_enforce']=True. 
The bound(s) being violated now are:

C:\Users\MEO\Desktop\Projects\JetEngine\boomsonic_v0\.venv\Lib\site-packages\openmdao\solvers\linesearch\backtracking.py:35: SolverWarning:'OD0.turb.real_flow.balance.T' exceeds upper bounds
  Val: [2807.35921699]
  Upper: [2500.]

C:\Users\MEO\Desktop\Projects\JetEngine\boomsonic_v0\.venv\Lib\site-packages\openmdao\solvers\solver.py:819: SolverWarning:Your model has stalled three times and may be violating the bounds. In the future, turn on print_bound_enforce in your solver options here: 
OD0.turb.out_stat.nonlinear_solver.linesearch.options['print_bound_enforce']=True. 
The bound(s) being violated now are:

C:\Users\MEO\Desktop\Projects\JetEngine\boomsonic_v0\.venv\Lib\site-packages\openmdao\solvers\linesearch\backtracking.py:35: SolverWarning:'OD0.turb.out_stat.balance.T' exceeds upper bounds
  Val: [3425.26623983]
  Upper: [2500.]

C:\Users\MEO\Desktop\Projects\JetEngine\boomsonic_v0\.venv\Lib\site-packages\openmdao\solvers\solver.py:819: SolverWarning:Your model has stalled three times and may be violating the bounds. In the future, turn on print_bound_enforce in your solver options here: 
OD0.nozz.throat_total.nonlinear_solver.linesearch.options['print_bound_enforce']=True. 
The bound(s) being violated now are:

C:\Users\MEO\Desktop\Projects\JetEngine\boomsonic_v0\.venv\Lib\site-packages\openmdao\solvers\linesearch\backtracking.py:35: SolverWarning:'OD0.nozz.throat_total.balance.T' exceeds upper bounds
  Val: [2807.35921699]
  Upper: [2500.]

C:\Users\MEO\Desktop\Projects\JetEngine\boomsonic_v0\.venv\Lib\site-packages\openmdao\solvers\solver.py:819: SolverWarning:Your model has stalled three times and may be violating the bounds. In the future, turn on print_bound_enforce in your solver options here: 
OD0.nozz.staticMN.nonlinear_solver.linesearch.options['print_bound_enforce']=True. 
The bound(s) being violated now are:

C:\Users\MEO\Desktop\Projects\JetEngine\boomsonic_v0\.venv\Lib\site-packages\openmdao\solvers\linesearch\backtracking.py:35: SolverWarning:'OD0.nozz.staticMN.balance.T' exceeds upper bounds
  Val: [3187.79355526]
  Upper: [2500.]

C:\Users\MEO\Desktop\Projects\JetEngine\boomsonic_v0\.venv\Lib\site-packages\pycycle\thermo\static_ps_resid.py:128: RuntimeWarning: invalid value encountered in sqrt
  Vsonic = (i['gamma']*i['R']*i['Ts'])**0.5
C:\Users\MEO\Desktop\Projects\JetEngine\boomsonic_v0\.venv\Lib\site-packages\openmdao\solvers\solver.py:819: SolverWarning:Your model has stalled three times and may be violating the bounds. In the future, turn on print_bound_enforce in your solver options here: 
OD0.burner.vitiated_flow.nonlinear_solver.linesearch.options['print_bound_enforce']=True. 
The bound(s) being violated now are:

C:\Users\MEO\Desktop\Projects\JetEngine\boomsonic_v0\.venv\Lib\site-packages\openmdao\solvers\linesearch\backtracking.py:35: SolverWarning:'OD0.burner.vitiated_flow.balance.T' exceeds upper bounds
  Val: [3450.84489236]
  Upper: [2500.]

C:\Users\MEO\Desktop\Projects\JetEngine\boomsonic_v0\.venv\Lib\site-packages\pycycle\thermo\static_ps_resid.py:128: RuntimeWarning: invalid value encountered in sqrt
  Vsonic = (i['gamma']*i['R']*i['Ts'])**0.5
C:\Users\MEO\Desktop\Projects\JetEngine\boomsonic_v0\.venv\Lib\site-packages\pycycle\thermo\static_ps_resid.py:128: RuntimeWarning: invalid value encountered in sqrt
  Vsonic = (i['gamma']*i['R']*i['Ts'])**0.5
C:\Users\MEO\Desktop\Projects\JetEngine\boomsonic_v0\.venv\Lib\site-packages\pycycle\thermo\static_ps_resid.py:128: RuntimeWarning: invalid value encountered in sqrt
  Vsonic = (i['gamma']*i['R']*i['Ts'])**0.5
C:\Users\MEO\Desktop\Projects\JetEngine\boomsonic_v0\.venv\Lib\site-packages\pycycle\thermo\static_ps_resid.py:128: RuntimeWarning: invalid value encountered in sqrt
  Vsonic = (i['gamma']*i['R']*i['Ts'])**0.5
C:\Users\MEO\Desktop\Projects\JetEngine\boomsonic_v0\.venv\Lib\site-packages\pycycle\thermo\static_ps_resid.py:128: RuntimeWarning: invalid value encountered in sqrt
  Vsonic = (i['gamma']*i['R']*i['Ts'])**0.5
C:\Users\MEO\Desktop\Projects\JetEngine\boomsonic_v0\.venv\Lib\site-packages\pycycle\thermo\static_ps_resid.py:128: RuntimeWarning: invalid value encountered in sqrt
  Vsonic = (i['gamma']*i['R']*i['Ts'])**0.5
C:\Users\MEO\Desktop\Projects\JetEngine\boomsonic_v0\.venv\Lib\site-packages\pycycle\thermo\static_ps_resid.py:128: RuntimeWarning: invalid value encountered in sqrt
  Vsonic = (i['gamma']*i['R']*i['Ts'])**0.5
C:\Users\MEO\Desktop\Projects\JetEngine\boomsonic_v0\.venv\Lib\site-packages\pycycle\thermo\static_ps_resid.py:128: RuntimeWarning: invalid value encountered in sqrt
  Vsonic = (i['gamma']*i['R']*i['Ts'])**0.5
C:\Users\MEO\Desktop\Projects\JetEngine\boomsonic_v0\.venv\Lib\site-packages\pycycle\thermo\static_ps_resid.py:128: RuntimeWarning: invalid value encountered in sqrt
  Vsonic = (i['gamma']*i['R']*i['Ts'])**0.5
C:\Users\MEO\Desktop\Projects\JetEngine\boomsonic_v0\.venv\Lib\site-packages\pycycle\thermo\static_ps_resid.py:128: RuntimeWarning: invalid value encountered in sqrt
  Vsonic = (i['gamma']*i['R']*i['Ts'])**0.5
C:\Users\MEO\Desktop\Projects\JetEngine\boomsonic_v0\.venv\Lib\site-packages\pycycle\thermo\static_ps_resid.py:128: RuntimeWarning: invalid value encountered in sqrt
  Vsonic = (i['gamma']*i['R']*i['Ts'])**0.5
C:\Users\MEO\Desktop\Projects\JetEngine\boomsonic_v0\.venv\Lib\site-packages\pycycle\thermo\static_ps_resid.py:128: RuntimeWarning: invalid value encountered in sqrt
  Vsonic = (i['gamma']*i['R']*i['Ts'])**0.5
C:\Users\MEO\Desktop\Projects\JetEngine\boomsonic_v0\.venv\Lib\site-packages\openmdao\solvers\solver.py:819: SolverWarning:Your model has stalled three times and may be violating the bounds. In the future, turn on print_bound_enforce in your solver options here: 
OD0.turb.real_flow_b4bld.nonlinear_solver.linesearch.options['print_bound_enforce']=True. 
The bound(s) being violated now are:

C:\Users\MEO\Desktop\Projects\JetEngine\boomsonic_v0\.venv\Lib\site-packages\openmdao\solvers\linesearch\backtracking.py:35: SolverWarning:'OD0.turb.real_flow_b4bld.balance.T' exceeds upper bounds
  Val: [2807.35921699]
  Upper: [2500.]

C:\Users\MEO\Desktop\Projects\JetEngine\boomsonic_v0\.venv\Lib\site-packages\openmdao\solvers\solver.py:819: SolverWarning:Your model has stalled three times and may be violating the bounds. In the future, turn on print_bound_enforce in your solver options here: 
OD0.turb.real_flow.nonlinear_solver.linesearch.options['print_bound_enforce']=True. 
The bound(s) being violated now are:

C:\Users\MEO\Desktop\Projects\JetEngine\boomsonic_v0\.venv\Lib\site-packages\openmdao\solvers\linesearch\backtracking.py:35: SolverWarning:'OD0.turb.real_flow.balance.T' exceeds upper bounds
  Val: [2807.35921699]
  Upper: [2500.]

C:\Users\MEO\Desktop\Projects\JetEngine\boomsonic_v0\.venv\Lib\site-packages\openmdao\solvers\solver.py:819: SolverWarning:Your model has stalled three times and may be violating the bounds. In the future, turn on print_bound_enforce in your solver options here: 
OD0.turb.out_stat.nonlinear_solver.linesearch.options['print_bound_enforce']=True. 
The bound(s) being violated now are:

C:\Users\MEO\Desktop\Projects\JetEngine\boomsonic_v0\.venv\Lib\site-packages\openmdao\solvers\linesearch\backtracking.py:35: SolverWarning:'OD0.turb.out_stat.balance.T' exceeds upper bounds
  Val: [3425.26623983]
  Upper: [2500.]

C:\Users\MEO\Desktop\Projects\JetEngine\boomsonic_v0\.venv\Lib\site-packages\openmdao\solvers\solver.py:819: SolverWarning:Your model has stalled three times and may be violating the bounds. In the future, turn on print_bound_enforce in your solver options here: 
OD0.nozz.throat_total.nonlinear_solver.linesearch.options['print_bound_enforce']=True. 
The bound(s) being violated now are:

C:\Users\MEO\Desktop\Projects\JetEngine\boomsonic_v0\.venv\Lib\site-packages\openmdao\solvers\linesearch\backtracking.py:35: SolverWarning:'OD0.nozz.throat_total.balance.T' exceeds upper bounds
  Val: [2807.35921699]
  Upper: [2500.]

C:\Users\MEO\Desktop\Projects\JetEngine\boomsonic_v0\.venv\Lib\site-packages\openmdao\solvers\solver.py:819: SolverWarning:Your model has stalled three times and may be violating the bounds. In the future, turn on print_bound_enforce in your solver options here: 
OD0.nozz.staticMN.nonlinear_solver.linesearch.options['print_bound_enforce']=True. 
The bound(s) being violated now are:

C:\Users\MEO\Desktop\Projects\JetEngine\boomsonic_v0\.venv\Lib\site-packages\openmdao\solvers\linesearch\backtracking.py:35: SolverWarning:'OD0.nozz.staticMN.balance.T' exceeds upper bounds
  Val: [3187.79355526]
  Upper: [2500.]

C:\Users\MEO\Desktop\Projects\JetEngine\boomsonic_v0\.venv\Lib\site-packages\pycycle\thermo\static_ps_resid.py:128: RuntimeWarning: invalid value encountered in sqrt
  Vsonic = (i['gamma']*i['R']*i['Ts'])**0.5
C:\Users\MEO\Desktop\Projects\JetEngine\boomsonic_v0\.venv\Lib\site-packages\openmdao\solvers\solver.py:819: SolverWarning:Your model has stalled three times and may be violating the bounds. In the future, turn on print_bound_enforce in your solver options here: 
OD0.burner.vitiated_flow.nonlinear_solver.linesearch.options['print_bound_enforce']=True. 
The bound(s) being violated now are:

C:\Users\MEO\Desktop\Projects\JetEngine\boomsonic_v0\.venv\Lib\site-packages\openmdao\solvers\linesearch\backtracking.py:35: SolverWarning:'OD0.burner.vitiated_flow.balance.T' exceeds upper bounds
  Val: [3450.84489236]
  Upper: [2500.]

C:\Users\MEO\Desktop\Projects\JetEngine\boomsonic_v0\.venv\Lib\site-packages\pycycle\thermo\static_ps_resid.py:128: RuntimeWarning: invalid value encountered in sqrt
  Vsonic = (i['gamma']*i['R']*i['Ts'])**0.5
C:\Users\MEO\Desktop\Projects\JetEngine\boomsonic_v0\.venv\Lib\site-packages\pycycle\thermo\static_ps_resid.py:128: RuntimeWarning: invalid value encountered in sqrt
  Vsonic = (i['gamma']*i['R']*i['Ts'])**0.5
C:\Users\MEO\Desktop\Projects\JetEngine\boomsonic_v0\.venv\Lib\site-packages\pycycle\thermo\static_ps_resid.py:128: RuntimeWarning: invalid value encountered in sqrt
  Vsonic = (i['gamma']*i['R']*i['Ts'])**0.5
C:\Users\MEO\Desktop\Projects\JetEngine\boomsonic_v0\.venv\Lib\site-packages\pycycle\thermo\static_ps_resid.py:128: RuntimeWarning: invalid value encountered in sqrt
  Vsonic = (i['gamma']*i['R']*i['Ts'])**0.5
C:\Users\MEO\Desktop\Projects\JetEngine\boomsonic_v0\.venv\Lib\site-packages\pycycle\thermo\static_ps_resid.py:128: RuntimeWarning: invalid value encountered in sqrt
  Vsonic = (i['gamma']*i['R']*i['Ts'])**0.5
C:\Users\MEO\Desktop\Projects\JetEngine\boomsonic_v0\.venv\Lib\site-packages\pycycle\thermo\static_ps_resid.py:128: RuntimeWarning: invalid value encountered in sqrt
  Vsonic = (i['gamma']*i['R']*i['Ts'])**0.5
C:\Users\MEO\Desktop\Projects\JetEngine\boomsonic_v0\.venv\Lib\site-packages\pycycle\thermo\static_ps_resid.py:128: RuntimeWarning: invalid value encountered in sqrt
  Vsonic = (i['gamma']*i['R']*i['Ts'])**0.5
C:\Users\MEO\Desktop\Projects\JetEngine\boomsonic_v0\.venv\Lib\site-packages\pycycle\thermo\static_ps_resid.py:128: RuntimeWarning: invalid value encountered in sqrt
  Vsonic = (i['gamma']*i['R']*i['Ts'])**0.5
C:\Users\MEO\Desktop\Projects\JetEngine\boomsonic_v0\.venv\Lib\site-packages\pycycle\thermo\static_ps_resid.py:128: RuntimeWarning: invalid value encountered in sqrt
  Vsonic = (i['gamma']*i['R']*i['Ts'])**0.5
C:\Users\MEO\Desktop\Projects\JetEngine\boomsonic_v0\.venv\Lib\site-packages\pycycle\thermo\static_ps_resid.py:128: RuntimeWarning: invalid value encountered in sqrt
  Vsonic = (i['gamma']*i['R']*i['Ts'])**0.5
C:\Users\MEO\Desktop\Projects\JetEngine\boomsonic_v0\.venv\Lib\site-packages\pycycle\thermo\static_ps_resid.py:128: RuntimeWarning: invalid value encountered in sqrt
  Vsonic = (i['gamma']*i['R']*i['Ts'])**0.5
C:\Users\MEO\Desktop\Projects\JetEngine\boomsonic_v0\.venv\Lib\site-packages\pycycle\thermo\static_ps_resid.py:128: RuntimeWarning: invalid value encountered in sqrt
  Vsonic = (i['gamma']*i['R']*i['Ts'])**0.5
C:\Users\MEO\Desktop\Projects\JetEngine\boomsonic_v0\.venv\Lib\site-packages\openmdao\solvers\solver.py:819: SolverWarning:Your model has stalled three times and may be violating the bounds. In the future, turn on print_bound_enforce in your solver options here: 
OD0.turb.real_flow_b4bld.nonlinear_solver.linesearch.options['print_bound_enforce']=True. 
The bound(s) being violated now are:

C:\Users\MEO\Desktop\Projects\JetEngine\boomsonic_v0\.venv\Lib\site-packages\openmdao\solvers\linesearch\backtracking.py:35: SolverWarning:'OD0.turb.real_flow_b4bld.balance.T' exceeds upper bounds
  Val: [2807.35921699]
  Upper: [2500.]

C:\Users\MEO\Desktop\Projects\JetEngine\boomsonic_v0\.venv\Lib\site-packages\openmdao\solvers\solver.py:819: SolverWarning:Your model has stalled three times and may be violating the bounds. In the future, turn on print_bound_enforce in your solver options here: 
OD0.turb.real_flow.nonlinear_solver.linesearch.options['print_bound_enforce']=True. 
The bound(s) being violated now are:

C:\Users\MEO\Desktop\Projects\JetEngine\boomsonic_v0\.venv\Lib\site-packages\openmdao\solvers\linesearch\backtracking.py:35: SolverWarning:'OD0.turb.real_flow.balance.T' exceeds upper bounds
  Val: [2807.35921699]
  Upper: [2500.]

C:\Users\MEO\Desktop\Projects\JetEngine\boomsonic_v0\.venv\Lib\site-packages\openmdao\solvers\solver.py:819: SolverWarning:Your model has stalled three times and may be violating the bounds. In the future, turn on print_bound_enforce in your solver options here: 
OD0.turb.out_stat.nonlinear_solver.linesearch.options['print_bound_enforce']=True. 
The bound(s) being violated now are:

C:\Users\MEO\Desktop\Projects\JetEngine\boomsonic_v0\.venv\Lib\site-packages\openmdao\solvers\linesearch\backtracking.py:35: SolverWarning:'OD0.turb.out_stat.balance.T' exceeds upper bounds
  Val: [3425.26623983]
  Upper: [2500.]

C:\Users\MEO\Desktop\Projects\JetEngine\boomsonic_v0\.venv\Lib\site-packages\openmdao\solvers\solver.py:819: SolverWarning:Your model has stalled three times and may be violating the bounds. In the future, turn on print_bound_enforce in your solver options here: 
OD0.nozz.throat_total.nonlinear_solver.linesearch.options['print_bound_enforce']=True. 
The bound(s) being violated now are:

C:\Users\MEO\Desktop\Projects\JetEngine\boomsonic_v0\.venv\Lib\site-packages\openmdao\solvers\linesearch\backtracking.py:35: SolverWarning:'OD0.nozz.throat_total.balance.T' exceeds upper bounds
  Val: [2807.35921699]
  Upper: [2500.]

C:\Users\MEO\Desktop\Projects\JetEngine\boomsonic_v0\.venv\Lib\site-packages\openmdao\solvers\solver.py:819: SolverWarning:Your model has stalled three times and may be violating the bounds. In the future, turn on print_bound_enforce in your solver options here: 
OD0.nozz.staticMN.nonlinear_solver.linesearch.options['print_bound_enforce']=True. 
The bound(s) being violated now are:

C:\Users\MEO\Desktop\Projects\JetEngine\boomsonic_v0\.venv\Lib\site-packages\openmdao\solvers\linesearch\backtracking.py:35: SolverWarning:'OD0.nozz.staticMN.balance.T' exceeds upper bounds
  Val: [3187.79355526]
  Upper: [2500.]

C:\Users\MEO\Desktop\Projects\JetEngine\boomsonic_v0\.venv\Lib\site-packages\pycycle\thermo\static_ps_resid.py:128: RuntimeWarning: invalid value encountered in sqrt
  Vsonic = (i['gamma']*i['R']*i['Ts'])**0.5
C:\Users\MEO\Desktop\Projects\JetEngine\boomsonic_v0\.venv\Lib\site-packages\pycycle\thermo\static_ps_resid.py:128: RuntimeWarning: invalid value encountered in sqrt
  Vsonic = (i['gamma']*i['R']*i['Ts'])**0.5
C:\Users\MEO\Desktop\Projects\JetEngine\boomsonic_v0\.venv\Lib\site-packages\pycycle\thermo\static_ps_resid.py:128: RuntimeWarning: invalid value encountered in sqrt
  Vsonic = (i['gamma']*i['R']*i['Ts'])**0.5
C:\Users\MEO\Desktop\Projects\JetEngine\boomsonic_v0\.venv\Lib\site-packages\pycycle\elements\turbine.py:89: RuntimeWarning: invalid value encountered in log
  outputs['eff_poly'] = 1 + (S_out-S_in)/(Rt*np.log(invPR))
C:\Users\MEO\Desktop\Projects\JetEngine\boomsonic_v0\.venv\Lib\site-packages\pycycle\thermo\static_ps_resid.py:108: RuntimeWarning: invalid value encountered in sqrt
  Vsonic = (i['gamma']*i['R']*i['Ts'])**0.5
C:\Users\MEO\Desktop\Projects\JetEngine\boomsonic_v0\.venv\Lib\site-packages\pycycle\thermo\static_ps_calc.py:32: RuntimeWarning: invalid value encountered in sqrt
  outputs['Vsonic'] = Vsonic = np.sqrt(inputs['gamma'] * inputs['R'] * inputs['Ts'])
C:\Users\MEO\Desktop\Projects\JetEngine\boomsonic_v0\.venv\Lib\site-packages\openmdao\solvers\solver.py:819: SolverWarning:Your model has stalled three times and may be violating the bounds. In the future, turn on print_bound_enforce in your solver options here: 
OD0.burner.vitiated_flow.nonlinear_solver.linesearch.options['print_bound_enforce']=True. 
The bound(s) being violated now are:

C:\Users\MEO\Desktop\Projects\JetEngine\boomsonic_v0\.venv\Lib\site-packages\openmdao\solvers\linesearch\backtracking.py:35: SolverWarning:'OD0.burner.vitiated_flow.balance.T' exceeds upper bounds
  Val: [3731.60116715]
  Upper: [2500.]

C:\Users\MEO\Desktop\Projects\JetEngine\boomsonic_v0\.venv\Lib\site-packages\pycycle\thermo\static_ps_resid.py:128: RuntimeWarning: invalid value encountered in sqrt
  Vsonic = (i['gamma']*i['R']*i['Ts'])**0.5
C:\Users\MEO\Desktop\Projects\JetEngine\boomsonic_v0\.venv\Lib\site-packages\pycycle\thermo\static_ps_resid.py:128: RuntimeWarning: invalid value encountered in sqrt
  Vsonic = (i['gamma']*i['R']*i['Ts'])**0.5
C:\Users\MEO\Desktop\Projects\JetEngine\boomsonic_v0\.venv\Lib\site-packages\pycycle\thermo\static_ps_resid.py:128: RuntimeWarning: invalid value encountered in sqrt
  Vsonic = (i['gamma']*i['R']*i['Ts'])**0.5
C:\Users\MEO\Desktop\Projects\JetEngine\boomsonic_v0\.venv\Lib\site-packages\pycycle\thermo\static_ps_resid.py:128: RuntimeWarning: invalid value encountered in sqrt
  Vsonic = (i['gamma']*i['R']*i['Ts'])**0.5
C:\Users\MEO\Desktop\Projects\JetEngine\boomsonic_v0\.venv\Lib\site-packages\pycycle\thermo\static_ps_resid.py:128: RuntimeWarning: invalid value encountered in sqrt
  Vsonic = (i['gamma']*i['R']*i['Ts'])**0.5
C:\Users\MEO\Desktop\Projects\JetEngine\boomsonic_v0\.venv\Lib\site-packages\pycycle\thermo\static_ps_resid.py:128: RuntimeWarning: invalid value encountered in sqrt
  Vsonic = (i['gamma']*i['R']*i['Ts'])**0.5
C:\Users\MEO\Desktop\Projects\JetEngine\boomsonic_v0\.venv\Lib\site-packages\pycycle\thermo\static_ps_resid.py:128: RuntimeWarning: invalid value encountered in sqrt
  Vsonic = (i['gamma']*i['R']*i['Ts'])**0.5
C:\Users\MEO\Desktop\Projects\JetEngine\boomsonic_v0\.venv\Lib\site-packages\openmdao\solvers\solver.py:819: SolverWarning:Your model has stalled three times and may be violating the bounds. In the future, turn on print_bound_enforce in your solver options here: 
OD0.turb.real_flow_b4bld.nonlinear_solver.linesearch.options['print_bound_enforce']=True. 
The bound(s) being violated now are:

C:\Users\MEO\Desktop\Projects\JetEngine\boomsonic_v0\.venv\Lib\site-packages\openmdao\solvers\linesearch\backtracking.py:35: SolverWarning:'OD0.turb.real_flow_b4bld.balance.T' exceeds upper bounds
  Val: [2898.80754435]
  Upper: [2500.]

C:\Users\MEO\Desktop\Projects\JetEngine\boomsonic_v0\.venv\Lib\site-packages\openmdao\solvers\solver.py:819: SolverWarning:Your model has stalled three times and may be violating the bounds. In the future, turn on print_bound_enforce in your solver options here: 
OD0.turb.real_flow.nonlinear_solver.linesearch.options['print_bound_enforce']=True. 
The bound(s) being violated now are:

C:\Users\MEO\Desktop\Projects\JetEngine\boomsonic_v0\.venv\Lib\site-packages\openmdao\solvers\linesearch\backtracking.py:35: SolverWarning:'OD0.turb.real_flow.balance.T' exceeds upper bounds
  Val: [2898.80754435]
  Upper: [2500.]

C:\Users\MEO\Desktop\Projects\JetEngine\boomsonic_v0\.venv\Lib\site-packages\pycycle\thermo\static_ps_resid.py:128: RuntimeWarning: invalid value encountered in sqrt
  Vsonic = (i['gamma']*i['R']*i['Ts'])**0.5
C:\Users\MEO\Desktop\Projects\JetEngine\boomsonic_v0\.venv\Lib\site-packages\pycycle\thermo\static_ps_resid.py:128: RuntimeWarning: invalid value encountered in sqrt
  Vsonic = (i['gamma']*i['R']*i['Ts'])**0.5
C:\Users\MEO\Desktop\Projects\JetEngine\boomsonic_v0\.venv\Lib\site-packages\pycycle\thermo\static_ps_resid.py:128: RuntimeWarning: invalid value encountered in sqrt
  Vsonic = (i['gamma']*i['R']*i['Ts'])**0.5
C:\Users\MEO\Desktop\Projects\JetEngine\boomsonic_v0\.venv\Lib\site-packages\pycycle\thermo\static_ps_resid.py:128: RuntimeWarning: invalid value encountered in sqrt
  Vsonic = (i['gamma']*i['R']*i['Ts'])**0.5
C:\Users\MEO\Desktop\Projects\JetEngine\boomsonic_v0\.venv\Lib\site-packages\pycycle\thermo\static_ps_resid.py:128: RuntimeWarning: invalid value encountered in sqrt
  Vsonic = (i['gamma']*i['R']*i['Ts'])**0.5
C:\Users\MEO\Desktop\Projects\JetEngine\boomsonic_v0\.venv\Lib\site-packages\pycycle\thermo\static_ps_resid.py:128: RuntimeWarning: invalid value encountered in sqrt
  Vsonic = (i['gamma']*i['R']*i['Ts'])**0.5
C:\Users\MEO\Desktop\Projects\JetEngine\boomsonic_v0\.venv\Lib\site-packages\openmdao\solvers\solver.py:819: SolverWarning:Your model has stalled three times and may be violating the bounds. In the future, turn on print_bound_enforce in your solver options here: 
OD0.nozz.throat_total.nonlinear_solver.linesearch.options['print_bound_enforce']=True. 
The bound(s) being violated now are:

C:\Users\MEO\Desktop\Projects\JetEngine\boomsonic_v0\.venv\Lib\site-packages\openmdao\solvers\linesearch\backtracking.py:35: SolverWarning:'OD0.nozz.throat_total.balance.T' exceeds upper bounds
  Val: [2898.80754435]
  Upper: [2500.]

C:\Users\MEO\Desktop\Projects\JetEngine\boomsonic_v0\.venv\Lib\site-packages\pycycle\thermo\static_ps_resid.py:108: RuntimeWarning: invalid value encountered in sqrt
  Vsonic = (i['gamma']*i['R']*i['Ts'])**0.5
C:\Users\MEO\Desktop\Projects\JetEngine\boomsonic_v0\.venv\Lib\site-packages\pycycle\thermo\static_ps_resid.py:108: RuntimeWarning: invalid value encountered in sqrt
  Vsonic = (i['gamma']*i['R']*i['Ts'])**0.5
C:\Users\MEO\Desktop\Projects\JetEngine\boomsonic_v0\.venv\Lib\site-packages\pycycle\thermo\static_ps_resid.py:108: RuntimeWarning: invalid value encountered in sqrt
  Vsonic = (i['gamma']*i['R']*i['Ts'])**0.5
C:\Users\MEO\Desktop\Projects\JetEngine\boomsonic_v0\.venv\Lib\site-packages\pycycle\thermo\static_ps_resid.py:128: RuntimeWarning: invalid value encountered in sqrt
  Vsonic = (i['gamma']*i['R']*i['Ts'])**0.5
C:\Users\MEO\Desktop\Projects\JetEngine\boomsonic_v0\.venv\Lib\site-packages\openmdao\solvers\solver.py:819: SolverWarning:Your model has stalled three times and may be violating the bounds. In the future, turn on print_bound_enforce in your solver options here: 
OD0.burner.vitiated_flow.nonlinear_solver.linesearch.options['print_bound_enforce']=True. 
The bound(s) being violated now are:

C:\Users\MEO\Desktop\Projects\JetEngine\boomsonic_v0\.venv\Lib\site-packages\openmdao\solvers\linesearch\backtracking.py:35: SolverWarning:'OD0.burner.vitiated_flow.balance.T' exceeds upper bounds
  Val: [3731.60116715]
  Upper: [2500.]

C:\Users\MEO\Desktop\Projects\JetEngine\boomsonic_v0\.venv\Lib\site-packages\pycycle\thermo\static_ps_resid.py:128: RuntimeWarning: invalid value encountered in sqrt
  Vsonic = (i['gamma']*i['R']*i['Ts'])**0.5
C:\Users\MEO\Desktop\Projects\JetEngine\boomsonic_v0\.venv\Lib\site-packages\pycycle\thermo\static_ps_resid.py:128: RuntimeWarning: invalid value encountered in sqrt
  Vsonic = (i['gamma']*i['R']*i['Ts'])**0.5
C:\Users\MEO\Desktop\Projects\JetEngine\boomsonic_v0\.venv\Lib\site-packages\pycycle\thermo\static_ps_resid.py:128: RuntimeWarning: invalid value encountered in sqrt
  Vsonic = (i['gamma']*i['R']*i['Ts'])**0.5
C:\Users\MEO\Desktop\Projects\JetEngine\boomsonic_v0\.venv\Lib\site-packages\pycycle\thermo\static_ps_resid.py:128: RuntimeWarning: invalid value encountered in sqrt
  Vsonic = (i['gamma']*i['R']*i['Ts'])**0.5
C:\Users\MEO\Desktop\Projects\JetEngine\boomsonic_v0\.venv\Lib\site-packages\pycycle\thermo\static_ps_resid.py:128: RuntimeWarning: invalid value encountered in sqrt
  Vsonic = (i['gamma']*i['R']*i['Ts'])**0.5
C:\Users\MEO\Desktop\Projects\JetEngine\boomsonic_v0\.venv\Lib\site-packages\openmdao\solvers\solver.py:819: SolverWarning:Your model has stalled three times and may be violating the bounds. In the future, turn on print_bound_enforce in your solver options here: 
OD0.turb.real_flow_b4bld.nonlinear_solver.linesearch.options['print_bound_enforce']=True. 
The bound(s) being violated now are:

C:\Users\MEO\Desktop\Projects\JetEngine\boomsonic_v0\.venv\Lib\site-packages\openmdao\solvers\linesearch\backtracking.py:35: SolverWarning:'OD0.turb.real_flow_b4bld.balance.T' exceeds upper bounds
  Val: [2898.80754435]
  Upper: [2500.]

C:\Users\MEO\Desktop\Projects\JetEngine\boomsonic_v0\.venv\Lib\site-packages\openmdao\solvers\solver.py:819: SolverWarning:Your model has stalled three times and may be violating the bounds. In the future, turn on print_bound_enforce in your solver options here: 
OD0.turb.real_flow.nonlinear_solver.linesearch.options['print_bound_enforce']=True. 
The bound(s) being violated now are:

C:\Users\MEO\Desktop\Projects\JetEngine\boomsonic_v0\.venv\Lib\site-packages\openmdao\solvers\linesearch\backtracking.py:35: SolverWarning:'OD0.turb.real_flow.balance.T' exceeds upper bounds
  Val: [2898.80754435]
  Upper: [2500.]

C:\Users\MEO\Desktop\Projects\JetEngine\boomsonic_v0\.venv\Lib\site-packages\pycycle\thermo\static_ps_resid.py:128: RuntimeWarning: invalid value encountered in sqrt
  Vsonic = (i['gamma']*i['R']*i['Ts'])**0.5
C:\Users\MEO\Desktop\Projects\JetEngine\boomsonic_v0\.venv\Lib\site-packages\pycycle\thermo\static_ps_resid.py:128: RuntimeWarning: invalid value encountered in sqrt
  Vsonic = (i['gamma']*i['R']*i['Ts'])**0.5
C:\Users\MEO\Desktop\Projects\JetEngine\boomsonic_v0\.venv\Lib\site-packages\pycycle\thermo\static_ps_resid.py:128: RuntimeWarning: invalid value encountered in sqrt
  Vsonic = (i['gamma']*i['R']*i['Ts'])**0.5
C:\Users\MEO\Desktop\Projects\JetEngine\boomsonic_v0\.venv\Lib\site-packages\pycycle\thermo\static_ps_resid.py:128: RuntimeWarning: invalid value encountered in sqrt
  Vsonic = (i['gamma']*i['R']*i['Ts'])**0.5
C:\Users\MEO\Desktop\Projects\JetEngine\boomsonic_v0\.venv\Lib\site-packages\pycycle\thermo\static_ps_resid.py:128: RuntimeWarning: invalid value encountered in sqrt
  Vsonic = (i['gamma']*i['R']*i['Ts'])**0.5
C:\Users\MEO\Desktop\Projects\JetEngine\boomsonic_v0\.venv\Lib\site-packages\pycycle\thermo\static_ps_resid.py:128: RuntimeWarning: invalid value encountered in sqrt
  Vsonic = (i['gamma']*i['R']*i['Ts'])**0.5
C:\Users\MEO\Desktop\Projects\JetEngine\boomsonic_v0\.venv\Lib\site-packages\pycycle\thermo\static_ps_resid.py:128: RuntimeWarning: invalid value encountered in sqrt
  Vsonic = (i['gamma']*i['R']*i['Ts'])**0.5
C:\Users\MEO\Desktop\Projects\JetEngine\boomsonic_v0\.venv\Lib\site-packages\pycycle\thermo\static_ps_resid.py:128: RuntimeWarning: invalid value encountered in sqrt
  Vsonic = (i['gamma']*i['R']*i['Ts'])**0.5
C:\Users\MEO\Desktop\Projects\JetEngine\boomsonic_v0\.venv\Lib\site-packages\pycycle\thermo\static_ps_resid.py:128: RuntimeWarning: invalid value encountered in sqrt
  Vsonic = (i['gamma']*i['R']*i['Ts'])**0.5
C:\Users\MEO\Desktop\Projects\JetEngine\boomsonic_v0\.venv\Lib\site-packages\pycycle\thermo\static_ps_resid.py:128: RuntimeWarning: invalid value encountered in sqrt
  Vsonic = (i['gamma']*i['R']*i['Ts'])**0.5
C:\Users\MEO\Desktop\Projects\JetEngine\boomsonic_v0\.venv\Lib\site-packages\pycycle\thermo\static_ps_resid.py:128: RuntimeWarning: invalid value encountered in sqrt
  Vsonic = (i['gamma']*i['R']*i['Ts'])**0.5
C:\Users\MEO\Desktop\Projects\JetEngine\boomsonic_v0\.venv\Lib\site-packages\pycycle\thermo\static_ps_resid.py:128: RuntimeWarning: invalid value encountered in sqrt
  Vsonic = (i['gamma']*i['R']*i['Ts'])**0.5
C:\Users\MEO\Desktop\Projects\JetEngine\boomsonic_v0\.venv\Lib\site-packages\pycycle\thermo\static_ps_resid.py:128: RuntimeWarning: invalid value encountered in sqrt
  Vsonic = (i['gamma']*i['R']*i['Ts'])**0.5
C:\Users\MEO\Desktop\Projects\JetEngine\boomsonic_v0\.venv\Lib\site-packages\openmdao\solvers\solver.py:819: SolverWarning:Your model has stalled three times and may be violating the bounds. In the future, turn on print_bound_enforce in your solver options here: 
OD0.nozz.throat_total.nonlinear_solver.linesearch.options['print_bound_enforce']=True. 
The bound(s) being violated now are:

C:\Users\MEO\Desktop\Projects\JetEngine\boomsonic_v0\.venv\Lib\site-packages\openmdao\solvers\linesearch\backtracking.py:35: SolverWarning:'OD0.nozz.throat_total.balance.T' exceeds upper bounds
  Val: [2898.80754435]
  Upper: [2500.]

C:\Users\MEO\Desktop\Projects\JetEngine\boomsonic_v0\.venv\Lib\site-packages\pycycle\thermo\static_ps_resid.py:128: RuntimeWarning: invalid value encountered in sqrt
  Vsonic = (i['gamma']*i['R']*i['Ts'])**0.5
C:\Users\MEO\Desktop\Projects\JetEngine\boomsonic_v0\.venv\Lib\site-packages\openmdao\solvers\solver.py:819: SolverWarning:Your model has stalled three times and may be violating the bounds. In the future, turn on print_bound_enforce in your solver options here: 
OD0.burner.vitiated_flow.nonlinear_solver.linesearch.options['print_bound_enforce']=True. 
The bound(s) being violated now are:

C:\Users\MEO\Desktop\Projects\JetEngine\boomsonic_v0\.venv\Lib\site-packages\openmdao\solvers\linesearch\backtracking.py:35: SolverWarning:'OD0.burner.vitiated_flow.balance.T' exceeds upper bounds
  Val: [3731.60116715]
  Upper: [2500.]

C:\Users\MEO\Desktop\Projects\JetEngine\boomsonic_v0\.venv\Lib\site-packages\pycycle\thermo\static_ps_resid.py:128: RuntimeWarning: invalid value encountered in sqrt
  Vsonic = (i['gamma']*i['R']*i['Ts'])**0.5
C:\Users\MEO\Desktop\Projects\JetEngine\boomsonic_v0\.venv\Lib\site-packages\pycycle\thermo\static_ps_resid.py:128: RuntimeWarning: invalid value encountered in sqrt
  Vsonic = (i['gamma']*i['R']*i['Ts'])**0.5
C:\Users\MEO\Desktop\Projects\JetEngine\boomsonic_v0\.venv\Lib\site-packages\pycycle\thermo\static_ps_resid.py:128: RuntimeWarning: invalid value encountered in sqrt
  Vsonic = (i['gamma']*i['R']*i['Ts'])**0.5
C:\Users\MEO\Desktop\Projects\JetEngine\boomsonic_v0\.venv\Lib\site-packages\pycycle\thermo\static_ps_resid.py:128: RuntimeWarning: invalid value encountered in sqrt
  Vsonic = (i['gamma']*i['R']*i['Ts'])**0.5
C:\Users\MEO\Desktop\Projects\JetEngine\boomsonic_v0\.venv\Lib\site-packages\pycycle\thermo\static_ps_resid.py:128: RuntimeWarning: invalid value encountered in sqrt
  Vsonic = (i['gamma']*i['R']*i['Ts'])**0.5
C:\Users\MEO\Desktop\Projects\JetEngine\boomsonic_v0\.venv\Lib\site-packages\openmdao\solvers\solver.py:819: SolverWarning:Your model has stalled three times and may be violating the bounds. In the future, turn on print_bound_enforce in your solver options here: 
OD0.turb.real_flow_b4bld.nonlinear_solver.linesearch.options['print_bound_enforce']=True. 
The bound(s) being violated now are:

C:\Users\MEO\Desktop\Projects\JetEngine\boomsonic_v0\.venv\Lib\site-packages\openmdao\solvers\linesearch\backtracking.py:35: SolverWarning:'OD0.turb.real_flow_b4bld.balance.T' exceeds upper bounds
  Val: [2898.80754435]
  Upper: [2500.]

C:\Users\MEO\Desktop\Projects\JetEngine\boomsonic_v0\.venv\Lib\site-packages\openmdao\solvers\solver.py:819: SolverWarning:Your model has stalled three times and may be violating the bounds. In the future, turn on print_bound_enforce in your solver options here: 
OD0.turb.real_flow.nonlinear_solver.linesearch.options['print_bound_enforce']=True. 
The bound(s) being violated now are:

C:\Users\MEO\Desktop\Projects\JetEngine\boomsonic_v0\.venv\Lib\site-packages\openmdao\solvers\linesearch\backtracking.py:35: SolverWarning:'OD0.turb.real_flow.balance.T' exceeds upper bounds
  Val: [2898.80754435]
  Upper: [2500.]

C:\Users\MEO\Desktop\Projects\JetEngine\boomsonic_v0\.venv\Lib\site-packages\pycycle\thermo\static_ps_resid.py:128: RuntimeWarning: invalid value encountered in sqrt
  Vsonic = (i['gamma']*i['R']*i['Ts'])**0.5
C:\Users\MEO\Desktop\Projects\JetEngine\boomsonic_v0\.venv\Lib\site-packages\pycycle\thermo\static_ps_resid.py:128: RuntimeWarning: invalid value encountered in sqrt
  Vsonic = (i['gamma']*i['R']*i['Ts'])**0.5
C:\Users\MEO\Desktop\Projects\JetEngine\boomsonic_v0\.venv\Lib\site-packages\pycycle\thermo\static_ps_resid.py:128: RuntimeWarning: invalid value encountered in sqrt
  Vsonic = (i['gamma']*i['R']*i['Ts'])**0.5
C:\Users\MEO\Desktop\Projects\JetEngine\boomsonic_v0\.venv\Lib\site-packages\pycycle\thermo\static_ps_resid.py:128: RuntimeWarning: invalid value encountered in sqrt
  Vsonic = (i['gamma']*i['R']*i['Ts'])**0.5
C:\Users\MEO\Desktop\Projects\JetEngine\boomsonic_v0\.venv\Lib\site-packages\pycycle\thermo\static_ps_resid.py:128: RuntimeWarning: invalid value encountered in sqrt
  Vsonic = (i['gamma']*i['R']*i['Ts'])**0.5
C:\Users\MEO\Desktop\Projects\JetEngine\boomsonic_v0\.venv\Lib\site-packages\pycycle\thermo\static_ps_resid.py:128: RuntimeWarning: invalid value encountered in sqrt
  Vsonic = (i['gamma']*i['R']*i['Ts'])**0.5
C:\Users\MEO\Desktop\Projects\JetEngine\boomsonic_v0\.venv\Lib\site-packages\pycycle\thermo\static_ps_resid.py:128: RuntimeWarning: invalid value encountered in sqrt
  Vsonic = (i['gamma']*i['R']*i['Ts'])**0.5
C:\Users\MEO\Desktop\Projects\JetEngine\boomsonic_v0\.venv\Lib\site-packages\pycycle\thermo\static_ps_resid.py:128: RuntimeWarning: invalid value encountered in sqrt
  Vsonic = (i['gamma']*i['R']*i['Ts'])**0.5
C:\Users\MEO\Desktop\Projects\JetEngine\boomsonic_v0\.venv\Lib\site-packages\pycycle\thermo\static_ps_resid.py:128: RuntimeWarning: invalid value encountered in sqrt
  Vsonic = (i['gamma']*i['R']*i['Ts'])**0.5
C:\Users\MEO\Desktop\Projects\JetEngine\boomsonic_v0\.venv\Lib\site-packages\pycycle\thermo\static_ps_resid.py:128: RuntimeWarning: invalid value encountered in sqrt
  Vsonic = (i['gamma']*i['R']*i['Ts'])**0.5
C:\Users\MEO\Desktop\Projects\JetEngine\boomsonic_v0\.venv\Lib\site-packages\pycycle\thermo\static_ps_resid.py:128: RuntimeWarning: invalid value encountered in sqrt
  Vsonic = (i['gamma']*i['R']*i['Ts'])**0.5
C:\Users\MEO\Desktop\Projects\JetEngine\boomsonic_v0\.venv\Lib\site-packages\pycycle\thermo\static_ps_resid.py:128: RuntimeWarning: invalid value encountered in sqrt
  Vsonic = (i['gamma']*i['R']*i['Ts'])**0.5
C:\Users\MEO\Desktop\Projects\JetEngine\boomsonic_v0\.venv\Lib\site-packages\pycycle\thermo\static_ps_resid.py:128: RuntimeWarning: invalid value encountered in sqrt
  Vsonic = (i['gamma']*i['R']*i['Ts'])**0.5
C:\Users\MEO\Desktop\Projects\JetEngine\boomsonic_v0\.venv\Lib\site-packages\openmdao\solvers\solver.py:819: SolverWarning:Your model has stalled three times and may be violating the bounds. In the future, turn on print_bound_enforce in your solver options here: 
OD0.nozz.throat_total.nonlinear_solver.linesearch.options['print_bound_enforce']=True. 
The bound(s) being violated now are:

C:\Users\MEO\Desktop\Projects\JetEngine\boomsonic_v0\.venv\Lib\site-packages\openmdao\solvers\linesearch\backtracking.py:35: SolverWarning:'OD0.nozz.throat_total.balance.T' exceeds upper bounds
  Val: [2898.80754435]
  Upper: [2500.]

C:\Users\MEO\Desktop\Projects\JetEngine\boomsonic_v0\.venv\Lib\site-packages\pycycle\thermo\static_ps_resid.py:128: RuntimeWarning: invalid value encountered in sqrt
  Vsonic = (i['gamma']*i['R']*i['Ts'])**0.5
C:\Users\MEO\Desktop\Projects\JetEngine\boomsonic_v0\.venv\Lib\site-packages\pycycle\thermo\static_ps_resid.py:128: RuntimeWarning: invalid value encountered in sqrt
  Vsonic = (i['gamma']*i['R']*i['Ts'])**0.5
C:\Users\MEO\Desktop\Projects\JetEngine\boomsonic_v0\.venv\Lib\site-packages\pycycle\thermo\static_ps_resid.py:128: RuntimeWarning: invalid value encountered in sqrt
  Vsonic = (i['gamma']*i['R']*i['Ts'])**0.5
C:\Users\MEO\Desktop\Projects\JetEngine\boomsonic_v0\.venv\Lib\site-packages\pycycle\elements\turbine.py:40: RuntimeWarning: invalid value encountered in sqrt
  outputs['Wp'] = inputs['W_in'] * inputs['Tt']**0.5 / inputs['Pt']
C:\Users\MEO\Desktop\Projects\JetEngine\boomsonic_v0\.venv\Lib\site-packages\pycycle\elements\turbine.py:41: RuntimeWarning: invalid value encountered in power
  outputs['Np'] = inputs['Nmech'] * inputs['Tt']**-0.5
C:\Users\MEO\Desktop\Projects\JetEngine\boomsonic_v0\.venv\Lib\site-packages\pycycle\elements\turbine.py:89: RuntimeWarning: invalid value encountered in log
  outputs['eff_poly'] = 1 + (S_out-S_in)/(Rt*np.log(invPR))
C:\Users\MEO\Desktop\Projects\JetEngine\boomsonic_v0\.venv\Lib\site-packages\pycycle\thermo\static_ps_resid.py:128: RuntimeWarning: invalid value encountered in sqrt
  Vsonic = (i['gamma']*i['R']*i['Ts'])**0.5
C:\Users\MEO\Desktop\Projects\JetEngine\boomsonic_v0\.venv\Lib\site-packages\pycycle\elements\turbine.py:40: RuntimeWarning: invalid value encountered in sqrt
  outputs['Wp'] = inputs['W_in'] * inputs['Tt']**0.5 / inputs['Pt']
C:\Users\MEO\Desktop\Projects\JetEngine\boomsonic_v0\.venv\Lib\site-packages\pycycle\elements\turbine.py:41: RuntimeWarning: invalid value encountered in power
  outputs['Np'] = inputs['Nmech'] * inputs['Tt']**-0.5
C:\Users\MEO\Desktop\Projects\JetEngine\boomsonic_v0\.venv\Lib\site-packages\openmdao\solvers\solver.py:819: SolverWarning:Your model has stalled three times and may be violating the bounds. In the future, turn on print_bound_enforce in your solver options here: 
OD0.burner.vitiated_flow.nonlinear_solver.linesearch.options['print_bound_enforce']=True. 
The bound(s) being violated now are:

C:\Users\MEO\Desktop\Projects\JetEngine\boomsonic_v0\.venv\Lib\site-packages\openmdao\solvers\linesearch\backtracking.py:35: SolverWarning:'OD0.burner.vitiated_flow.balance.T' exceeds upper bounds
  Val: [3482.85869921]
  Upper: [2500.]

C:\Users\MEO\Desktop\Projects\JetEngine\boomsonic_v0\.venv\Lib\site-packages\pycycle\thermo\static_ps_resid.py:128: RuntimeWarning: invalid value encountered in sqrt
  Vsonic = (i['gamma']*i['R']*i['Ts'])**0.5
C:\Users\MEO\Desktop\Projects\JetEngine\boomsonic_v0\.venv\Lib\site-packages\pycycle\thermo\static_ps_resid.py:128: RuntimeWarning: invalid value encountered in sqrt
  Vsonic = (i['gamma']*i['R']*i['Ts'])**0.5
C:\Users\MEO\Desktop\Projects\JetEngine\boomsonic_v0\.venv\Lib\site-packages\pycycle\thermo\static_ps_resid.py:128: RuntimeWarning: invalid value encountered in sqrt
  Vsonic = (i['gamma']*i['R']*i['Ts'])**0.5
C:\Users\MEO\Desktop\Projects\JetEngine\boomsonic_v0\.venv\Lib\site-packages\pycycle\thermo\static_ps_resid.py:128: RuntimeWarning: invalid value encountered in sqrt
  Vsonic = (i['gamma']*i['R']*i['Ts'])**0.5
C:\Users\MEO\Desktop\Projects\JetEngine\boomsonic_v0\.venv\Lib\site-packages\pycycle\thermo\static_ps_resid.py:128: RuntimeWarning: invalid value encountered in sqrt
  Vsonic = (i['gamma']*i['R']*i['Ts'])**0.5
C:\Users\MEO\Desktop\Projects\JetEngine\boomsonic_v0\.venv\Lib\site-packages\openmdao\solvers\solver.py:819: SolverWarning:Your model has stalled three times and may be violating the bounds. In the future, turn on print_bound_enforce in your solver options here: 
OD0.turb.real_flow_b4bld.nonlinear_solver.linesearch.options['print_bound_enforce']=True. 
The bound(s) being violated now are:

C:\Users\MEO\Desktop\Projects\JetEngine\boomsonic_v0\.venv\Lib\site-packages\openmdao\solvers\linesearch\backtracking.py:35: SolverWarning:'OD0.turb.real_flow_b4bld.balance.T' exceeds upper bounds
  Val: [3069.95993429]
  Upper: [2500.]

C:\Users\MEO\Desktop\Projects\JetEngine\boomsonic_v0\.venv\Lib\site-packages\openmdao\solvers\solver.py:819: SolverWarning:Your model has stalled three times and may be violating the bounds. In the future, turn on print_bound_enforce in your solver options here: 
OD0.turb.real_flow.nonlinear_solver.linesearch.options['print_bound_enforce']=True. 
The bound(s) being violated now are:

C:\Users\MEO\Desktop\Projects\JetEngine\boomsonic_v0\.venv\Lib\site-packages\openmdao\solvers\linesearch\backtracking.py:35: SolverWarning:'OD0.turb.real_flow.balance.T' exceeds upper bounds
  Val: [3069.95993429]
  Upper: [2500.]

C:\Users\MEO\Desktop\Projects\JetEngine\boomsonic_v0\.venv\Lib\site-packages\openmdao\solvers\solver.py:819: SolverWarning:Your model has stalled three times and may be violating the bounds. In the future, turn on print_bound_enforce in your solver options here: 
OD0.turb.out_stat.nonlinear_solver.linesearch.options['print_bound_enforce']=True. 
The bound(s) being violated now are:

C:\Users\MEO\Desktop\Projects\JetEngine\boomsonic_v0\.venv\Lib\site-packages\openmdao\solvers\linesearch\backtracking.py:35: SolverWarning:'OD0.turb.out_stat.balance.T' exceeds upper bounds
  Val: [5625.37249843]
  Upper: [2500.]

C:\Users\MEO\Desktop\Projects\JetEngine\boomsonic_v0\.venv\Lib\site-packages\openmdao\solvers\linesearch\backtracking.py:39: SolverWarning:'OD0.turb.out_stat.ps_resid.MN' exceeds lower bounds
  Val: [-0.00106636]
  Lower: [0.001]

C:\Users\MEO\Desktop\Projects\JetEngine\boomsonic_v0\.venv\Lib\site-packages\openmdao\solvers\solver.py:819: SolverWarning:Your model has stalled three times and may be violating the bounds. In the future, turn on print_bound_enforce in your solver options here: 
OD0.nozz.throat_total.nonlinear_solver.linesearch.options['print_bound_enforce']=True. 
The bound(s) being violated now are:

C:\Users\MEO\Desktop\Projects\JetEngine\boomsonic_v0\.venv\Lib\site-packages\openmdao\solvers\linesearch\backtracking.py:35: SolverWarning:'OD0.nozz.throat_total.balance.T' exceeds upper bounds
  Val: [3069.95993429]
  Upper: [2500.]

C:\Users\MEO\Desktop\Projects\JetEngine\boomsonic_v0\.venv\Lib\site-packages\openmdao\solvers\solver.py:819: SolverWarning:Your model has stalled three times and may be violating the bounds. In the future, turn on print_bound_enforce in your solver options here: 
OD0.nozz.staticMN.nonlinear_solver.linesearch.options['print_bound_enforce']=True. 
The bound(s) being violated now are:

C:\Users\MEO\Desktop\Projects\JetEngine\boomsonic_v0\.venv\Lib\site-packages\openmdao\solvers\linesearch\backtracking.py:35: SolverWarning:'OD0.nozz.staticMN.balance.T' exceeds upper bounds
  Val: [4955.7510392]
  Upper: [2500.]

C:\Users\MEO\Desktop\Projects\JetEngine\boomsonic_v0\.venv\Lib\site-packages\openmdao\solvers\linesearch\backtracking.py:39: SolverWarning:'OD0.nozz.staticMN.ps_resid.area' exceeds lower bounds
  Val: [-8.23754911e-05]
  Lower: [1.e-05]

C:\Users\MEO\Desktop\Projects\JetEngine\boomsonic_v0\.venv\Lib\site-packages\pycycle\thermo\static_ps_resid.py:128: RuntimeWarning: invalid value encountered in sqrt
  Vsonic = (i['gamma']*i['R']*i['Ts'])**0.5
C:\Users\MEO\Desktop\Projects\JetEngine\boomsonic_v0\.venv\Lib\site-packages\openmdao\solvers\solver.py:819: SolverWarning:Your model has stalled three times and may be violating the bounds. In the future, turn on print_bound_enforce in your solver options here: 
OD0.burner.vitiated_flow.nonlinear_solver.linesearch.options['print_bound_enforce']=True. 
The bound(s) being violated now are:

C:\Users\MEO\Desktop\Projects\JetEngine\boomsonic_v0\.venv\Lib\site-packages\openmdao\solvers\linesearch\backtracking.py:35: SolverWarning:'OD0.burner.vitiated_flow.balance.T' exceeds upper bounds
  Val: [3482.85869921]
  Upper: [2500.]

C:\Users\MEO\Desktop\Projects\JetEngine\boomsonic_v0\.venv\Lib\site-packages\pycycle\thermo\static_ps_resid.py:128: RuntimeWarning: invalid value encountered in sqrt
  Vsonic = (i['gamma']*i['R']*i['Ts'])**0.5
C:\Users\MEO\Desktop\Projects\JetEngine\boomsonic_v0\.venv\Lib\site-packages\pycycle\thermo\static_ps_resid.py:128: RuntimeWarning: invalid value encountered in sqrt
  Vsonic = (i['gamma']*i['R']*i['Ts'])**0.5
C:\Users\MEO\Desktop\Projects\JetEngine\boomsonic_v0\.venv\Lib\site-packages\pycycle\thermo\static_ps_resid.py:128: RuntimeWarning: invalid value encountered in sqrt
  Vsonic = (i['gamma']*i['R']*i['Ts'])**0.5
C:\Users\MEO\Desktop\Projects\JetEngine\boomsonic_v0\.venv\Lib\site-packages\pycycle\thermo\static_ps_resid.py:128: RuntimeWarning: invalid value encountered in sqrt
  Vsonic = (i['gamma']*i['R']*i['Ts'])**0.5
C:\Users\MEO\Desktop\Projects\JetEngine\boomsonic_v0\.venv\Lib\site-packages\pycycle\thermo\static_ps_resid.py:128: RuntimeWarning: invalid value encountered in sqrt
  Vsonic = (i['gamma']*i['R']*i['Ts'])**0.5
C:\Users\MEO\Desktop\Projects\JetEngine\boomsonic_v0\.venv\Lib\site-packages\openmdao\solvers\solver.py:819: SolverWarning:Your model has stalled three times and may be violating the bounds. In the future, turn on print_bound_enforce in your solver options here: 
OD0.turb.real_flow_b4bld.nonlinear_solver.linesearch.options['print_bound_enforce']=True. 
The bound(s) being violated now are:

C:\Users\MEO\Desktop\Projects\JetEngine\boomsonic_v0\.venv\Lib\site-packages\openmdao\solvers\linesearch\backtracking.py:35: SolverWarning:'OD0.turb.real_flow_b4bld.balance.T' exceeds upper bounds
  Val: [3069.95993429]
  Upper: [2500.]

C:\Users\MEO\Desktop\Projects\JetEngine\boomsonic_v0\.venv\Lib\site-packages\openmdao\solvers\solver.py:819: SolverWarning:Your model has stalled three times and may be violating the bounds. In the future, turn on print_bound_enforce in your solver options here: 
OD0.turb.real_flow.nonlinear_solver.linesearch.options['print_bound_enforce']=True. 
The bound(s) being violated now are:

C:\Users\MEO\Desktop\Projects\JetEngine\boomsonic_v0\.venv\Lib\site-packages\openmdao\solvers\linesearch\backtracking.py:35: SolverWarning:'OD0.turb.real_flow.balance.T' exceeds upper bounds
  Val: [3069.95993429]
  Upper: [2500.]

C:\Users\MEO\Desktop\Projects\JetEngine\boomsonic_v0\.venv\Lib\site-packages\openmdao\solvers\solver.py:819: SolverWarning:Your model has stalled three times and may be violating the bounds. In the future, turn on print_bound_enforce in your solver options here: 
OD0.turb.out_stat.nonlinear_solver.linesearch.options['print_bound_enforce']=True. 
The bound(s) being violated now are:

C:\Users\MEO\Desktop\Projects\JetEngine\boomsonic_v0\.venv\Lib\site-packages\openmdao\solvers\linesearch\backtracking.py:35: SolverWarning:'OD0.turb.out_stat.balance.T' exceeds upper bounds
  Val: [5625.37249843]
  Upper: [2500.]

C:\Users\MEO\Desktop\Projects\JetEngine\boomsonic_v0\.venv\Lib\site-packages\openmdao\solvers\linesearch\backtracking.py:39: SolverWarning:'OD0.turb.out_stat.ps_resid.MN' exceeds lower bounds
  Val: [-0.00106636]
  Lower: [0.001]

C:\Users\MEO\Desktop\Projects\JetEngine\boomsonic_v0\.venv\Lib\site-packages\openmdao\solvers\solver.py:819: SolverWarning:Your model has stalled three times and may be violating the bounds. In the future, turn on print_bound_enforce in your solver options here: 
OD0.nozz.throat_total.nonlinear_solver.linesearch.options['print_bound_enforce']=True. 
The bound(s) being violated now are:

C:\Users\MEO\Desktop\Projects\JetEngine\boomsonic_v0\.venv\Lib\site-packages\openmdao\solvers\linesearch\backtracking.py:35: SolverWarning:'OD0.nozz.throat_total.balance.T' exceeds upper bounds
  Val: [3069.95993429]
  Upper: [2500.]

C:\Users\MEO\Desktop\Projects\JetEngine\boomsonic_v0\.venv\Lib\site-packages\openmdao\solvers\solver.py:819: SolverWarning:Your model has stalled three times and may be violating the bounds. In the future, turn on print_bound_enforce in your solver options here: 
OD0.nozz.staticMN.nonlinear_solver.linesearch.options['print_bound_enforce']=True. 
The bound(s) being violated now are:

C:\Users\MEO\Desktop\Projects\JetEngine\boomsonic_v0\.venv\Lib\site-packages\openmdao\solvers\linesearch\backtracking.py:35: SolverWarning:'OD0.nozz.staticMN.balance.T' exceeds upper bounds
  Val: [4955.7510392]
  Upper: [2500.]

C:\Users\MEO\Desktop\Projects\JetEngine\boomsonic_v0\.venv\Lib\site-packages\openmdao\solvers\linesearch\backtracking.py:39: SolverWarning:'OD0.nozz.staticMN.ps_resid.area' exceeds lower bounds
  Val: [-8.23754911e-05]
  Lower: [1.e-05]

C:\Users\MEO\Desktop\Projects\JetEngine\boomsonic_v0\.venv\Lib\site-packages\pycycle\thermo\static_ps_resid.py:128: RuntimeWarning: invalid value encountered in sqrt
  Vsonic = (i['gamma']*i['R']*i['Ts'])**0.5
C:\Users\MEO\Desktop\Projects\JetEngine\boomsonic_v0\.venv\Lib\site-packages\openmdao\solvers\solver.py:819: SolverWarning:Your model has stalled three times and may be violating the bounds. In the future, turn on print_bound_enforce in your solver options here: 
OD0.burner.vitiated_flow.nonlinear_solver.linesearch.options['print_bound_enforce']=True. 
The bound(s) being violated now are:

C:\Users\MEO\Desktop\Projects\JetEngine\boomsonic_v0\.venv\Lib\site-packages\openmdao\solvers\linesearch\backtracking.py:35: SolverWarning:'OD0.burner.vitiated_flow.balance.T' exceeds upper bounds
  Val: [3482.85869921]
  Upper: [2500.]

C:\Users\MEO\Desktop\Projects\JetEngine\boomsonic_v0\.venv\Lib\site-packages\pycycle\thermo\static_ps_resid.py:128: RuntimeWarning: invalid value encountered in sqrt
  Vsonic = (i['gamma']*i['R']*i['Ts'])**0.5
C:\Users\MEO\Desktop\Projects\JetEngine\boomsonic_v0\.venv\Lib\site-packages\pycycle\thermo\static_ps_resid.py:128: RuntimeWarning: invalid value encountered in sqrt
  Vsonic = (i['gamma']*i['R']*i['Ts'])**0.5
C:\Users\MEO\Desktop\Projects\JetEngine\boomsonic_v0\.venv\Lib\site-packages\pycycle\thermo\static_ps_resid.py:128: RuntimeWarning: invalid value encountered in sqrt
  Vsonic = (i['gamma']*i['R']*i['Ts'])**0.5
C:\Users\MEO\Desktop\Projects\JetEngine\boomsonic_v0\.venv\Lib\site-packages\pycycle\thermo\static_ps_resid.py:128: RuntimeWarning: invalid value encountered in sqrt
  Vsonic = (i['gamma']*i['R']*i['Ts'])**0.5
C:\Users\MEO\Desktop\Projects\JetEngine\boomsonic_v0\.venv\Lib\site-packages\openmdao\solvers\solver.py:819: SolverWarning:Your model has stalled three times and may be violating the bounds. In the future, turn on print_bound_enforce in your solver options here: 
OD0.turb.real_flow_b4bld.nonlinear_solver.linesearch.options['print_bound_enforce']=True. 
The bound(s) being violated now are:

C:\Users\MEO\Desktop\Projects\JetEngine\boomsonic_v0\.venv\Lib\site-packages\openmdao\solvers\linesearch\backtracking.py:35: SolverWarning:'OD0.turb.real_flow_b4bld.balance.T' exceeds upper bounds
  Val: [3069.95993429]
  Upper: [2500.]

C:\Users\MEO\Desktop\Projects\JetEngine\boomsonic_v0\.venv\Lib\site-packages\openmdao\solvers\solver.py:819: SolverWarning:Your model has stalled three times and may be violating the bounds. In the future, turn on print_bound_enforce in your solver options here: 
OD0.turb.real_flow.nonlinear_solver.linesearch.options['print_bound_enforce']=True. 
The bound(s) being violated now are:

C:\Users\MEO\Desktop\Projects\JetEngine\boomsonic_v0\.venv\Lib\site-packages\openmdao\solvers\linesearch\backtracking.py:35: SolverWarning:'OD0.turb.real_flow.balance.T' exceeds upper bounds
  Val: [3069.95993429]
  Upper: [2500.]

C:\Users\MEO\Desktop\Projects\JetEngine\boomsonic_v0\.venv\Lib\site-packages\openmdao\solvers\solver.py:819: SolverWarning:Your model has stalled three times and may be violating the bounds. In the future, turn on print_bound_enforce in your solver options here: 
OD0.turb.out_stat.nonlinear_solver.linesearch.options['print_bound_enforce']=True. 
The bound(s) being violated now are:

C:\Users\MEO\Desktop\Projects\JetEngine\boomsonic_v0\.venv\Lib\site-packages\openmdao\solvers\linesearch\backtracking.py:35: SolverWarning:'OD0.turb.out_stat.balance.T' exceeds upper bounds
  Val: [5625.37249843]
  Upper: [2500.]

C:\Users\MEO\Desktop\Projects\JetEngine\boomsonic_v0\.venv\Lib\site-packages\openmdao\solvers\linesearch\backtracking.py:39: SolverWarning:'OD0.turb.out_stat.ps_resid.MN' exceeds lower bounds
  Val: [-0.00106636]
  Lower: [0.001]

C:\Users\MEO\Desktop\Projects\JetEngine\boomsonic_v0\.venv\Lib\site-packages\openmdao\solvers\solver.py:819: SolverWarning:Your model has stalled three times and may be violating the bounds. In the future, turn on print_bound_enforce in your solver options here: 
OD0.nozz.throat_total.nonlinear_solver.linesearch.options['print_bound_enforce']=True. 
The bound(s) being violated now are:

C:\Users\MEO\Desktop\Projects\JetEngine\boomsonic_v0\.venv\Lib\site-packages\openmdao\solvers\linesearch\backtracking.py:35: SolverWarning:'OD0.nozz.throat_total.balance.T' exceeds upper bounds
  Val: [3069.95993429]
  Upper: [2500.]

C:\Users\MEO\Desktop\Projects\JetEngine\boomsonic_v0\.venv\Lib\site-packages\openmdao\solvers\solver.py:819: SolverWarning:Your model has stalled three times and may be violating the bounds. In the future, turn on print_bound_enforce in your solver options here: 
OD0.nozz.staticMN.nonlinear_solver.linesearch.options['print_bound_enforce']=True. 
The bound(s) being violated now are:

C:\Users\MEO\Desktop\Projects\JetEngine\boomsonic_v0\.venv\Lib\site-packages\openmdao\solvers\linesearch\backtracking.py:35: SolverWarning:'OD0.nozz.staticMN.balance.T' exceeds upper bounds
  Val: [4955.7510392]
  Upper: [2500.]

C:\Users\MEO\Desktop\Projects\JetEngine\boomsonic_v0\.venv\Lib\site-packages\openmdao\solvers\linesearch\backtracking.py:39: SolverWarning:'OD0.nozz.staticMN.ps_resid.area' exceeds lower bounds
  Val: [-8.23754911e-05]
  Lower: [1.e-05]

C:\Users\MEO\Desktop\Projects\JetEngine\boomsonic_v0\.venv\Lib\site-packages\pycycle\thermo\static_ps_resid.py:128: RuntimeWarning: invalid value encountered in sqrt
  Vsonic = (i['gamma']*i['R']*i['Ts'])**0.5
C:\Users\MEO\Desktop\Projects\JetEngine\boomsonic_v0\.venv\Lib\site-packages\pycycle\thermo\static_ps_resid.py:128: RuntimeWarning: invalid value encountered in sqrt
  Vsonic = (i['gamma']*i['R']*i['Ts'])**0.5
C:\Users\MEO\Desktop\Projects\JetEngine\boomsonic_v0\.venv\Lib\site-packages\pycycle\elements\turbine.py:89: RuntimeWarning: invalid value encountered in log
  outputs['eff_poly'] = 1 + (S_out-S_in)/(Rt*np.log(invPR))
C:\Users\MEO\Desktop\Projects\JetEngine\boomsonic_v0\.venv\Lib\site-packages\openmdao\solvers\solver.py:819: SolverWarning:Your model has stalled three times and may be violating the bounds. In the future, turn on print_bound_enforce in your solver options here: 
OD0.burner.vitiated_flow.nonlinear_solver.linesearch.options['print_bound_enforce']=True. 
The bound(s) being violated now are:

C:\Users\MEO\Desktop\Projects\JetEngine\boomsonic_v0\.venv\Lib\site-packages\openmdao\solvers\linesearch\backtracking.py:35: SolverWarning:'OD0.burner.vitiated_flow.balance.T' exceeds upper bounds
  Val: [3413.69926903]
  Upper: [2500.]

C:\Users\MEO\Desktop\Projects\JetEngine\boomsonic_v0\.venv\Lib\site-packages\pycycle\thermo\static_ps_resid.py:128: RuntimeWarning: invalid value encountered in sqrt
  Vsonic = (i['gamma']*i['R']*i['Ts'])**0.5
C:\Users\MEO\Desktop\Projects\JetEngine\boomsonic_v0\.venv\Lib\site-packages\pycycle\thermo\static_ps_resid.py:128: RuntimeWarning: invalid value encountered in sqrt
  Vsonic = (i['gamma']*i['R']*i['Ts'])**0.5
C:\Users\MEO\Desktop\Projects\JetEngine\boomsonic_v0\.venv\Lib\site-packages\pycycle\thermo\static_ps_resid.py:128: RuntimeWarning: invalid value encountered in sqrt
  Vsonic = (i['gamma']*i['R']*i['Ts'])**0.5
C:\Users\MEO\Desktop\Projects\JetEngine\boomsonic_v0\.venv\Lib\site-packages\pycycle\thermo\static_ps_resid.py:128: RuntimeWarning: invalid value encountered in sqrt
  Vsonic = (i['gamma']*i['R']*i['Ts'])**0.5
C:\Users\MEO\Desktop\Projects\JetEngine\boomsonic_v0\.venv\Lib\site-packages\pycycle\thermo\static_ps_resid.py:128: RuntimeWarning: invalid value encountered in sqrt
  Vsonic = (i['gamma']*i['R']*i['Ts'])**0.5
C:\Users\MEO\Desktop\Projects\JetEngine\boomsonic_v0\.venv\Lib\site-packages\openmdao\solvers\solver.py:819: SolverWarning:Your model has stalled three times and may be violating the bounds. In the future, turn on print_bound_enforce in your solver options here: 
OD0.turb.real_flow_b4bld.nonlinear_solver.linesearch.options['print_bound_enforce']=True. 
The bound(s) being violated now are:

C:\Users\MEO\Desktop\Projects\JetEngine\boomsonic_v0\.venv\Lib\site-packages\openmdao\solvers\linesearch\backtracking.py:35: SolverWarning:'OD0.turb.real_flow_b4bld.balance.T' exceeds upper bounds
  Val: [2807.94547817]
  Upper: [2500.]

C:\Users\MEO\Desktop\Projects\JetEngine\boomsonic_v0\.venv\Lib\site-packages\openmdao\solvers\solver.py:819: SolverWarning:Your model has stalled three times and may be violating the bounds. In the future, turn on print_bound_enforce in your solver options here: 
OD0.turb.real_flow.nonlinear_solver.linesearch.options['print_bound_enforce']=True. 
The bound(s) being violated now are:

C:\Users\MEO\Desktop\Projects\JetEngine\boomsonic_v0\.venv\Lib\site-packages\openmdao\solvers\linesearch\backtracking.py:35: SolverWarning:'OD0.turb.real_flow.balance.T' exceeds upper bounds
  Val: [2807.94547817]
  Upper: [2500.]

C:\Users\MEO\Desktop\Projects\JetEngine\boomsonic_v0\.venv\Lib\site-packages\openmdao\solvers\solver.py:819: SolverWarning:Your model has stalled three times and may be violating the bounds. In the future, turn on print_bound_enforce in your solver options here: 
OD0.turb.out_stat.nonlinear_solver.linesearch.options['print_bound_enforce']=True. 
The bound(s) being violated now are:

C:\Users\MEO\Desktop\Projects\JetEngine\boomsonic_v0\.venv\Lib\site-packages\openmdao\solvers\linesearch\backtracking.py:35: SolverWarning:'OD0.turb.out_stat.balance.T' exceeds upper bounds
  Val: [3559.00508125]
  Upper: [2500.]

C:\Users\MEO\Desktop\Projects\JetEngine\boomsonic_v0\.venv\Lib\site-packages\openmdao\solvers\solver.py:819: SolverWarning:Your model has stalled three times and may be violating the bounds. In the future, turn on print_bound_enforce in your solver options here: 
OD0.nozz.throat_total.nonlinear_solver.linesearch.options['print_bound_enforce']=True. 
The bound(s) being violated now are:

C:\Users\MEO\Desktop\Projects\JetEngine\boomsonic_v0\.venv\Lib\site-packages\openmdao\solvers\linesearch\backtracking.py:35: SolverWarning:'OD0.nozz.throat_total.balance.T' exceeds upper bounds
  Val: [2807.94547817]
  Upper: [2500.]

C:\Users\MEO\Desktop\Projects\JetEngine\boomsonic_v0\.venv\Lib\site-packages\openmdao\solvers\solver.py:819: SolverWarning:Your model has stalled three times and may be violating the bounds. In the future, turn on print_bound_enforce in your solver options here: 
OD0.nozz.staticMN.nonlinear_solver.linesearch.options['print_bound_enforce']=True. 
The bound(s) being violated now are:

C:\Users\MEO\Desktop\Projects\JetEngine\boomsonic_v0\.venv\Lib\site-packages\openmdao\solvers\linesearch\backtracking.py:35: SolverWarning:'OD0.nozz.staticMN.balance.T' exceeds upper bounds
  Val: [3314.97806681]
  Upper: [2500.]

C:\Users\MEO\Desktop\Projects\JetEngine\boomsonic_v0\.venv\Lib\site-packages\openmdao\solvers\solver.py:819: SolverWarning:Your model has stalled three times and may be violating the bounds. In the future, turn on print_bound_enforce in your solver options here: 
OD0.nozz.staticMN.nonlinear_solver.linesearch.options['print_bound_enforce']=True. 
The bound(s) being violated now are:

C:\Users\MEO\Desktop\Projects\JetEngine\boomsonic_v0\.venv\Lib\site-packages\openmdao\solvers\linesearch\backtracking.py:35: SolverWarning:'OD0.nozz.staticMN.balance.T' exceeds upper bounds
  Val: [3314.97806681]
  Upper: [2500.]

C:\Users\MEO\Desktop\Projects\JetEngine\boomsonic_v0\.venv\Lib\site-packages\openmdao\solvers\solver.py:819: SolverWarning:Your model has stalled three times and may be violating the bounds. In the future, turn on print_bound_enforce in your solver options here: 
OD0.nozz.staticMN.nonlinear_solver.linesearch.options['print_bound_enforce']=True. 
The bound(s) being violated now are:

C:\Users\MEO\Desktop\Projects\JetEngine\boomsonic_v0\.venv\Lib\site-packages\openmdao\solvers\linesearch\backtracking.py:35: SolverWarning:'OD0.nozz.staticMN.balance.T' exceeds upper bounds
  Val: [3314.97806681]
  Upper: [2500.]

C:\Users\MEO\Desktop\Projects\JetEngine\boomsonic_v0\.venv\Lib\site-packages\openmdao\solvers\solver.py:819: SolverWarning:Your model has stalled three times and may be violating the bounds. In the future, turn on print_bound_enforce in your solver options here: 
OD0.nozz.staticMN.nonlinear_solver.linesearch.options['print_bound_enforce']=True. 
The bound(s) being violated now are:

C:\Users\MEO\Desktop\Projects\JetEngine\boomsonic_v0\.venv\Lib\site-packages\openmdao\solvers\linesearch\backtracking.py:35: SolverWarning:'OD0.nozz.staticMN.balance.T' exceeds upper bounds
  Val: [3314.97806681]
  Upper: [2500.]

C:\Users\MEO\Desktop\Projects\JetEngine\boomsonic_v0\.venv\Lib\site-packages\pycycle\thermo\static_ps_resid.py:128: RuntimeWarning: invalid value encountered in sqrt
  Vsonic = (i['gamma']*i['R']*i['Ts'])**0.5
C:\Users\MEO\Desktop\Projects\JetEngine\boomsonic_v0\.venv\Lib\site-packages\openmdao\solvers\solver.py:819: SolverWarning:Your model has stalled three times and may be violating the bounds. In the future, turn on print_bound_enforce in your solver options here: 
OD0.burner.vitiated_flow.nonlinear_solver.linesearch.options['print_bound_enforce']=True. 
The bound(s) being violated now are:

C:\Users\MEO\Desktop\Projects\JetEngine\boomsonic_v0\.venv\Lib\site-packages\openmdao\solvers\linesearch\backtracking.py:35: SolverWarning:'OD0.burner.vitiated_flow.balance.T' exceeds upper bounds
  Val: [3413.69926903]
  Upper: [2500.]

C:\Users\MEO\Desktop\Projects\JetEngine\boomsonic_v0\.venv\Lib\site-packages\pycycle\thermo\static_ps_resid.py:128: RuntimeWarning: invalid value encountered in sqrt
  Vsonic = (i['gamma']*i['R']*i['Ts'])**0.5
C:\Users\MEO\Desktop\Projects\JetEngine\boomsonic_v0\.venv\Lib\site-packages\pycycle\thermo\static_ps_resid.py:128: RuntimeWarning: invalid value encountered in sqrt
  Vsonic = (i['gamma']*i['R']*i['Ts'])**0.5
C:\Users\MEO\Desktop\Projects\JetEngine\boomsonic_v0\.venv\Lib\site-packages\pycycle\thermo\static_ps_resid.py:128: RuntimeWarning: invalid value encountered in sqrt
  Vsonic = (i['gamma']*i['R']*i['Ts'])**0.5
C:\Users\MEO\Desktop\Projects\JetEngine\boomsonic_v0\.venv\Lib\site-packages\pycycle\thermo\static_ps_resid.py:128: RuntimeWarning: invalid value encountered in sqrt
  Vsonic = (i['gamma']*i['R']*i['Ts'])**0.5
C:\Users\MEO\Desktop\Projects\JetEngine\boomsonic_v0\.venv\Lib\site-packages\pycycle\thermo\static_ps_resid.py:128: RuntimeWarning: invalid value encountered in sqrt
  Vsonic = (i['gamma']*i['R']*i['Ts'])**0.5
C:\Users\MEO\Desktop\Projects\JetEngine\boomsonic_v0\.venv\Lib\site-packages\pycycle\thermo\static_ps_resid.py:128: RuntimeWarning: invalid value encountered in sqrt
  Vsonic = (i['gamma']*i['R']*i['Ts'])**0.5
C:\Users\MEO\Desktop\Projects\JetEngine\boomsonic_v0\.venv\Lib\site-packages\pycycle\thermo\static_ps_resid.py:128: RuntimeWarning: invalid value encountered in sqrt
  Vsonic = (i['gamma']*i['R']*i['Ts'])**0.5
C:\Users\MEO\Desktop\Projects\JetEngine\boomsonic_v0\.venv\Lib\site-packages\pycycle\thermo\static_ps_resid.py:128: RuntimeWarning: invalid value encountered in sqrt
  Vsonic = (i['gamma']*i['R']*i['Ts'])**0.5
C:\Users\MEO\Desktop\Projects\JetEngine\boomsonic_v0\.venv\Lib\site-packages\openmdao\solvers\solver.py:819: SolverWarning:Your model has stalled three times and may be violating the bounds. In the future, turn on print_bound_enforce in your solver options here: 
OD0.turb.real_flow_b4bld.nonlinear_solver.linesearch.options['print_bound_enforce']=True. 
The bound(s) being violated now are:

C:\Users\MEO\Desktop\Projects\JetEngine\boomsonic_v0\.venv\Lib\site-packages\openmdao\solvers\linesearch\backtracking.py:35: SolverWarning:'OD0.turb.real_flow_b4bld.balance.T' exceeds upper bounds
  Val: [2807.94547817]
  Upper: [2500.]

C:\Users\MEO\Desktop\Projects\JetEngine\boomsonic_v0\.venv\Lib\site-packages\openmdao\solvers\solver.py:819: SolverWarning:Your model has stalled three times and may be violating the bounds. In the future, turn on print_bound_enforce in your solver options here: 
OD0.turb.real_flow.nonlinear_solver.linesearch.options['print_bound_enforce']=True. 
The bound(s) being violated now are:

C:\Users\MEO\Desktop\Projects\JetEngine\boomsonic_v0\.venv\Lib\site-packages\openmdao\solvers\linesearch\backtracking.py:35: SolverWarning:'OD0.turb.real_flow.balance.T' exceeds upper bounds
  Val: [2807.94547817]
  Upper: [2500.]

C:\Users\MEO\Desktop\Projects\JetEngine\boomsonic_v0\.venv\Lib\site-packages\openmdao\solvers\solver.py:819: SolverWarning:Your model has stalled three times and may be violating the bounds. In the future, turn on print_bound_enforce in your solver options here: 
OD0.turb.out_stat.nonlinear_solver.linesearch.options['print_bound_enforce']=True. 
The bound(s) being violated now are:

C:\Users\MEO\Desktop\Projects\JetEngine\boomsonic_v0\.venv\Lib\site-packages\openmdao\solvers\linesearch\backtracking.py:35: SolverWarning:'OD0.turb.out_stat.balance.T' exceeds upper bounds
  Val: [3559.00508125]
  Upper: [2500.]

C:\Users\MEO\Desktop\Projects\JetEngine\boomsonic_v0\.venv\Lib\site-packages\openmdao\solvers\solver.py:819: SolverWarning:Your model has stalled three times and may be violating the bounds. In the future, turn on print_bound_enforce in your solver options here: 
OD0.nozz.throat_total.nonlinear_solver.linesearch.options['print_bound_enforce']=True. 
The bound(s) being violated now are:

C:\Users\MEO\Desktop\Projects\JetEngine\boomsonic_v0\.venv\Lib\site-packages\openmdao\solvers\linesearch\backtracking.py:35: SolverWarning:'OD0.nozz.throat_total.balance.T' exceeds upper bounds
  Val: [2807.94547817]
  Upper: [2500.]

C:\Users\MEO\Desktop\Projects\JetEngine\boomsonic_v0\.venv\Lib\site-packages\openmdao\solvers\solver.py:819: SolverWarning:Your model has stalled three times and may be violating the bounds. In the future, turn on print_bound_enforce in your solver options here: 
OD0.nozz.staticMN.nonlinear_solver.linesearch.options['print_bound_enforce']=True. 
The bound(s) being violated now are:

C:\Users\MEO\Desktop\Projects\JetEngine\boomsonic_v0\.venv\Lib\site-packages\openmdao\solvers\linesearch\backtracking.py:35: SolverWarning:'OD0.nozz.staticMN.balance.T' exceeds upper bounds
  Val: [3314.97806681]
  Upper: [2500.]

C:\Users\MEO\Desktop\Projects\JetEngine\boomsonic_v0\.venv\Lib\site-packages\openmdao\solvers\solver.py:819: SolverWarning:Your model has stalled three times and may be violating the bounds. In the future, turn on print_bound_enforce in your solver options here: 
OD0.nozz.staticMN.nonlinear_solver.linesearch.options['print_bound_enforce']=True. 
The bound(s) being violated now are:

C:\Users\MEO\Desktop\Projects\JetEngine\boomsonic_v0\.venv\Lib\site-packages\openmdao\solvers\linesearch\backtracking.py:35: SolverWarning:'OD0.nozz.staticMN.balance.T' exceeds upper bounds
  Val: [3314.97806681]
  Upper: [2500.]

C:\Users\MEO\Desktop\Projects\JetEngine\boomsonic_v0\.venv\Lib\site-packages\pycycle\thermo\static_ps_resid.py:128: RuntimeWarning: invalid value encountered in sqrt
  Vsonic = (i['gamma']*i['R']*i['Ts'])**0.5
C:\Users\MEO\Desktop\Projects\JetEngine\boomsonic_v0\.venv\Lib\site-packages\openmdao\solvers\solver.py:819: SolverWarning:Your model has stalled three times and may be violating the bounds. In the future, turn on print_bound_enforce in your solver options here: 
OD0.burner.vitiated_flow.nonlinear_solver.linesearch.options['print_bound_enforce']=True. 
The bound(s) being violated now are:

C:\Users\MEO\Desktop\Projects\JetEngine\boomsonic_v0\.venv\Lib\site-packages\openmdao\solvers\linesearch\backtracking.py:35: SolverWarning:'OD0.burner.vitiated_flow.balance.T' exceeds upper bounds
  Val: [3413.69926903]
  Upper: [2500.]

C:\Users\MEO\Desktop\Projects\JetEngine\boomsonic_v0\.venv\Lib\site-packages\pycycle\thermo\static_ps_resid.py:128: RuntimeWarning: invalid value encountered in sqrt
  Vsonic = (i['gamma']*i['R']*i['Ts'])**0.5
C:\Users\MEO\Desktop\Projects\JetEngine\boomsonic_v0\.venv\Lib\site-packages\pycycle\thermo\static_ps_resid.py:128: RuntimeWarning: invalid value encountered in sqrt
  Vsonic = (i['gamma']*i['R']*i['Ts'])**0.5
C:\Users\MEO\Desktop\Projects\JetEngine\boomsonic_v0\.venv\Lib\site-packages\pycycle\thermo\static_ps_resid.py:128: RuntimeWarning: invalid value encountered in sqrt
  Vsonic = (i['gamma']*i['R']*i['Ts'])**0.5
C:\Users\MEO\Desktop\Projects\JetEngine\boomsonic_v0\.venv\Lib\site-packages\pycycle\thermo\static_ps_resid.py:128: RuntimeWarning: invalid value encountered in sqrt
  Vsonic = (i['gamma']*i['R']*i['Ts'])**0.5
C:\Users\MEO\Desktop\Projects\JetEngine\boomsonic_v0\.venv\Lib\site-packages\openmdao\solvers\solver.py:819: SolverWarning:Your model has stalled three times and may be violating the bounds. In the future, turn on print_bound_enforce in your solver options here: 
OD0.turb.real_flow_b4bld.nonlinear_solver.linesearch.options['print_bound_enforce']=True. 
The bound(s) being violated now are:

C:\Users\MEO\Desktop\Projects\JetEngine\boomsonic_v0\.venv\Lib\site-packages\openmdao\solvers\linesearch\backtracking.py:35: SolverWarning:'OD0.turb.real_flow_b4bld.balance.T' exceeds upper bounds
  Val: [2807.94547817]
  Upper: [2500.]

C:\Users\MEO\Desktop\Projects\JetEngine\boomsonic_v0\.venv\Lib\site-packages\openmdao\solvers\solver.py:819: SolverWarning:Your model has stalled three times and may be violating the bounds. In the future, turn on print_bound_enforce in your solver options here: 
OD0.turb.real_flow.nonlinear_solver.linesearch.options['print_bound_enforce']=True. 
The bound(s) being violated now are:

C:\Users\MEO\Desktop\Projects\JetEngine\boomsonic_v0\.venv\Lib\site-packages\openmdao\solvers\linesearch\backtracking.py:35: SolverWarning:'OD0.turb.real_flow.balance.T' exceeds upper bounds
  Val: [2807.94547817]
  Upper: [2500.]

C:\Users\MEO\Desktop\Projects\JetEngine\boomsonic_v0\.venv\Lib\site-packages\openmdao\solvers\solver.py:819: SolverWarning:Your model has stalled three times and may be violating the bounds. In the future, turn on print_bound_enforce in your solver options here: 
OD0.turb.out_stat.nonlinear_solver.linesearch.options['print_bound_enforce']=True. 
The bound(s) being violated now are:

C:\Users\MEO\Desktop\Projects\JetEngine\boomsonic_v0\.venv\Lib\site-packages\openmdao\solvers\linesearch\backtracking.py:35: SolverWarning:'OD0.turb.out_stat.balance.T' exceeds upper bounds
  Val: [3559.00508125]
  Upper: [2500.]

C:\Users\MEO\Desktop\Projects\JetEngine\boomsonic_v0\.venv\Lib\site-packages\openmdao\solvers\solver.py:819: SolverWarning:Your model has stalled three times and may be violating the bounds. In the future, turn on print_bound_enforce in your solver options here: 
OD0.nozz.throat_total.nonlinear_solver.linesearch.options['print_bound_enforce']=True. 
The bound(s) being violated now are:

C:\Users\MEO\Desktop\Projects\JetEngine\boomsonic_v0\.venv\Lib\site-packages\openmdao\solvers\linesearch\backtracking.py:35: SolverWarning:'OD0.nozz.throat_total.balance.T' exceeds upper bounds
  Val: [2807.94547817]
  Upper: [2500.]

C:\Users\MEO\Desktop\Projects\JetEngine\boomsonic_v0\.venv\Lib\site-packages\openmdao\solvers\solver.py:819: SolverWarning:Your model has stalled three times and may be violating the bounds. In the future, turn on print_bound_enforce in your solver options here: 
OD0.nozz.staticMN.nonlinear_solver.linesearch.options['print_bound_enforce']=True. 
The bound(s) being violated now are:

C:\Users\MEO\Desktop\Projects\JetEngine\boomsonic_v0\.venv\Lib\site-packages\openmdao\solvers\linesearch\backtracking.py:35: SolverWarning:'OD0.nozz.staticMN.balance.T' exceeds upper bounds
  Val: [3314.97806681]
  Upper: [2500.]

C:\Users\MEO\Desktop\Projects\JetEngine\boomsonic_v0\.venv\Lib\site-packages\openmdao\solvers\solver.py:819: SolverWarning:Your model has stalled three times and may be violating the bounds. In the future, turn on print_bound_enforce in your solver options here: 
OD0.nozz.staticMN.nonlinear_solver.linesearch.options['print_bound_enforce']=True. 
The bound(s) being violated now are:

C:\Users\MEO\Desktop\Projects\JetEngine\boomsonic_v0\.venv\Lib\site-packages\openmdao\solvers\linesearch\backtracking.py:35: SolverWarning:'OD0.nozz.staticMN.balance.T' exceeds upper bounds
  Val: [3314.97806681]
  Upper: [2500.]

C:\Users\MEO\Desktop\Projects\JetEngine\boomsonic_v0\.venv\Lib\site-packages\pycycle\thermo\static_ps_resid.py:128: RuntimeWarning: invalid value encountered in sqrt
  Vsonic = (i['gamma']*i['R']*i['Ts'])**0.5
C:\Users\MEO\Desktop\Projects\JetEngine\boomsonic_v0\.venv\Lib\site-packages\pycycle\thermo\static_ps_resid.py:128: RuntimeWarning: invalid value encountered in sqrt
  Vsonic = (i['gamma']*i['R']*i['Ts'])**0.5
C:\Users\MEO\Desktop\Projects\JetEngine\boomsonic_v0\.venv\Lib\site-packages\pycycle\thermo\static_ps_resid.py:128: RuntimeWarning: invalid value encountered in sqrt
  Vsonic = (i['gamma']*i['R']*i['Ts'])**0.5
C:\Users\MEO\Desktop\Projects\JetEngine\boomsonic_v0\.venv\Lib\site-packages\pycycle\thermo\static_ps_resid.py:108: RuntimeWarning: invalid value encountered in sqrt
  Vsonic = (i['gamma']*i['R']*i['Ts'])**0.5
C:\Users\MEO\Desktop\Projects\JetEngine\boomsonic_v0\.venv\Lib\site-packages\pycycle\thermo\static_ps_calc.py:32: RuntimeWarning: invalid value encountered in sqrt
  outputs['Vsonic'] = Vsonic = np.sqrt(inputs['gamma'] * inputs['R'] * inputs['Ts'])
C:\Users\MEO\Desktop\Projects\JetEngine\boomsonic_v0\.venv\Lib\site-packages\openmdao\solvers\solver.py:819: SolverWarning:Your model has stalled three times and may be violating the bounds. In the future, turn on print_bound_enforce in your solver options here: 
OD0.burner.vitiated_flow.nonlinear_solver.linesearch.options['print_bound_enforce']=True. 
The bound(s) being violated now are:

C:\Users\MEO\Desktop\Projects\JetEngine\boomsonic_v0\.venv\Lib\site-packages\openmdao\solvers\linesearch\backtracking.py:35: SolverWarning:'OD0.burner.vitiated_flow.balance.T' exceeds upper bounds
  Val: [3816.24081032]
  Upper: [2500.]

C:\Users\MEO\Desktop\Projects\JetEngine\boomsonic_v0\.venv\Lib\site-packages\pycycle\thermo\static_ps_resid.py:128: RuntimeWarning: invalid value encountered in sqrt
  Vsonic = (i['gamma']*i['R']*i['Ts'])**0.5
C:\Users\MEO\Desktop\Projects\JetEngine\boomsonic_v0\.venv\Lib\site-packages\pycycle\thermo\static_ps_resid.py:94: RuntimeWarning: invalid value encountered in sqrt
  f2 = MN - inputs['W']*(R_UNIVERSAL_SI*inputs['Ts'])**0.5/(ps_guess*1.0e6*inputs['area']*gamt**0.5)
C:\Users\MEO\Desktop\Projects\JetEngine\boomsonic_v0\.venv\Lib\site-packages\pycycle\thermo\static_ps_resid.py:99: RuntimeWarning: The iteration is not making good progress, as measured by the 
 improvement from the last ten iterations.
  ps_guess, M_guess = fsolve(equations, (ps_guess, M_guess))
C:\Users\MEO\Desktop\Projects\JetEngine\boomsonic_v0\.venv\Lib\site-packages\openmdao\solvers\solver.py:819: SolverWarning:Your model has stalled three times and may be violating the bounds. In the future, turn on print_bound_enforce in your solver options here: 
OD0.turb.real_flow_b4bld.nonlinear_solver.linesearch.options['print_bound_enforce']=True. 
The bound(s) being violated now are:

C:\Users\MEO\Desktop\Projects\JetEngine\boomsonic_v0\.venv\Lib\site-packages\openmdao\solvers\linesearch\backtracking.py:35: SolverWarning:'OD0.turb.real_flow_b4bld.balance.T' exceeds upper bounds
  Val: [3242.70233746]
  Upper: [2500.]

C:\Users\MEO\Desktop\Projects\JetEngine\boomsonic_v0\.venv\Lib\site-packages\openmdao\solvers\solver.py:819: SolverWarning:Your model has stalled three times and may be violating the bounds. In the future, turn on print_bound_enforce in your solver options here: 
OD0.turb.real_flow.nonlinear_solver.linesearch.options['print_bound_enforce']=True. 
The bound(s) being violated now are:

C:\Users\MEO\Desktop\Projects\JetEngine\boomsonic_v0\.venv\Lib\site-packages\openmdao\solvers\linesearch\backtracking.py:35: SolverWarning:'OD0.turb.real_flow.balance.T' exceeds upper bounds
  Val: [3242.70233746]
  Upper: [2500.]

C:\Users\MEO\Desktop\Projects\JetEngine\boomsonic_v0\.venv\Lib\site-packages\pycycle\thermo\static_ps_resid.py:128: RuntimeWarning: invalid value encountered in sqrt
  Vsonic = (i['gamma']*i['R']*i['Ts'])**0.5
C:\Users\MEO\Desktop\Projects\JetEngine\boomsonic_v0\.venv\Lib\site-packages\pycycle\thermo\static_ps_resid.py:94: RuntimeWarning: invalid value encountered in sqrt
  f2 = MN - inputs['W']*(R_UNIVERSAL_SI*inputs['Ts'])**0.5/(ps_guess*1.0e6*inputs['area']*gamt**0.5)
C:\Users\MEO\Desktop\Projects\JetEngine\boomsonic_v0\.venv\Lib\site-packages\pycycle\thermo\static_ps_resid.py:99: RuntimeWarning: The iteration is not making good progress, as measured by the 
 improvement from the last ten iterations.
  ps_guess, M_guess = fsolve(equations, (ps_guess, M_guess))
C:\Users\MEO\Desktop\Projects\JetEngine\boomsonic_v0\.venv\Lib\site-packages\openmdao\solvers\solver.py:819: SolverWarning:Your model has stalled three times and may be violating the bounds. In the future, turn on print_bound_enforce in your solver options here: 
OD0.nozz.throat_total.nonlinear_solver.linesearch.options['print_bound_enforce']=True. 
The bound(s) being violated now are:

C:\Users\MEO\Desktop\Projects\JetEngine\boomsonic_v0\.venv\Lib\site-packages\openmdao\solvers\linesearch\backtracking.py:35: SolverWarning:'OD0.nozz.throat_total.balance.T' exceeds upper bounds
  Val: [3242.70233746]
  Upper: [2500.]

C:\Users\MEO\Desktop\Projects\JetEngine\boomsonic_v0\.venv\Lib\site-packages\pycycle\thermo\static_ps_resid.py:108: RuntimeWarning: invalid value encountered in sqrt
  Vsonic = (i['gamma']*i['R']*i['Ts'])**0.5
C:\Users\MEO\Desktop\Projects\JetEngine\boomsonic_v0\.venv\Lib\site-packages\pycycle\thermo\static_ps_resid.py:83: RuntimeWarning: invalid value encountered in power
  ps_guess = inputs['guess:Pt'] * (1 + (gamt-1)/2 * inputs['MN']**2)**(-gamt/(gamt-1))
C:\Users\MEO\Desktop\Projects\JetEngine\boomsonic_v0\.venv\Lib\site-packages\pycycle\thermo\static_ps_calc.py:32: RuntimeWarning: invalid value encountered in sqrt
  outputs['Vsonic'] = Vsonic = np.sqrt(inputs['gamma'] * inputs['R'] * inputs['Ts'])
C:\Users\MEO\Desktop\Projects\JetEngine\boomsonic_v0\.venv\Lib\site-packages\pycycle\thermo\static_ps_resid.py:128: RuntimeWarning: invalid value encountered in sqrt
  Vsonic = (i['gamma']*i['R']*i['Ts'])**0.5
C:\Users\MEO\Desktop\Projects\JetEngine\boomsonic_v0\.venv\Lib\site-packages\pycycle\thermo\static_ps_resid.py:94: RuntimeWarning: invalid value encountered in sqrt
  f2 = MN - inputs['W']*(R_UNIVERSAL_SI*inputs['Ts'])**0.5/(ps_guess*1.0e6*inputs['area']*gamt**0.5)
C:\Users\MEO\Desktop\Projects\JetEngine\boomsonic_v0\.venv\Lib\site-packages\pycycle\thermo\static_ps_resid.py:99: RuntimeWarning: The iteration is not making good progress, as measured by the 
 improvement from the last ten iterations.
  ps_guess, M_guess = fsolve(equations, (ps_guess, M_guess))
C:\Users\MEO\Desktop\Projects\JetEngine\boomsonic_v0\.venv\Lib\site-packages\openmdao\solvers\solver.py:819: SolverWarning:Your model has stalled three times and may be violating the bounds. In the future, turn on print_bound_enforce in your solver options here: 
OD0.burner.vitiated_flow.nonlinear_solver.linesearch.options['print_bound_enforce']=True. 
The bound(s) being violated now are:

C:\Users\MEO\Desktop\Projects\JetEngine\boomsonic_v0\.venv\Lib\site-packages\openmdao\solvers\linesearch\backtracking.py:35: SolverWarning:'OD0.burner.vitiated_flow.balance.T' exceeds upper bounds
  Val: [3816.24081032]
  Upper: [2500.]

C:\Users\MEO\Desktop\Projects\JetEngine\boomsonic_v0\.venv\Lib\site-packages\pycycle\thermo\static_ps_resid.py:128: RuntimeWarning: invalid value encountered in sqrt
  Vsonic = (i['gamma']*i['R']*i['Ts'])**0.5
C:\Users\MEO\Desktop\Projects\JetEngine\boomsonic_v0\.venv\Lib\site-packages\pycycle\thermo\static_ps_resid.py:94: RuntimeWarning: invalid value encountered in sqrt
  f2 = MN - inputs['W']*(R_UNIVERSAL_SI*inputs['Ts'])**0.5/(ps_guess*1.0e6*inputs['area']*gamt**0.5)
C:\Users\MEO\Desktop\Projects\JetEngine\boomsonic_v0\.venv\Lib\site-packages\pycycle\thermo\static_ps_resid.py:99: RuntimeWarning: The iteration is not making good progress, as measured by the 
 improvement from the last ten iterations.
  ps_guess, M_guess = fsolve(equations, (ps_guess, M_guess))
C:\Users\MEO\Desktop\Projects\JetEngine\boomsonic_v0\.venv\Lib\site-packages\openmdao\solvers\solver.py:819: SolverWarning:Your model has stalled three times and may be violating the bounds. In the future, turn on print_bound_enforce in your solver options here: 
OD0.turb.real_flow_b4bld.nonlinear_solver.linesearch.options['print_bound_enforce']=True. 
The bound(s) being violated now are:

C:\Users\MEO\Desktop\Projects\JetEngine\boomsonic_v0\.venv\Lib\site-packages\openmdao\solvers\linesearch\backtracking.py:35: SolverWarning:'OD0.turb.real_flow_b4bld.balance.T' exceeds upper bounds
  Val: [3242.70233746]
  Upper: [2500.]

C:\Users\MEO\Desktop\Projects\JetEngine\boomsonic_v0\.venv\Lib\site-packages\openmdao\solvers\solver.py:819: SolverWarning:Your model has stalled three times and may be violating the bounds. In the future, turn on print_bound_enforce in your solver options here: 
OD0.turb.real_flow.nonlinear_solver.linesearch.options['print_bound_enforce']=True. 
The bound(s) being violated now are:

C:\Users\MEO\Desktop\Projects\JetEngine\boomsonic_v0\.venv\Lib\site-packages\openmdao\solvers\linesearch\backtracking.py:35: SolverWarning:'OD0.turb.real_flow.balance.T' exceeds upper bounds
  Val: [3242.70233746]
  Upper: [2500.]

C:\Users\MEO\Desktop\Projects\JetEngine\boomsonic_v0\.venv\Lib\site-packages\pycycle\thermo\static_ps_resid.py:128: RuntimeWarning: invalid value encountered in sqrt
  Vsonic = (i['gamma']*i['R']*i['Ts'])**0.5
C:\Users\MEO\Desktop\Projects\JetEngine\boomsonic_v0\.venv\Lib\site-packages\pycycle\thermo\static_ps_resid.py:94: RuntimeWarning: invalid value encountered in sqrt
  f2 = MN - inputs['W']*(R_UNIVERSAL_SI*inputs['Ts'])**0.5/(ps_guess*1.0e6*inputs['area']*gamt**0.5)
C:\Users\MEO\Desktop\Projects\JetEngine\boomsonic_v0\.venv\Lib\site-packages\pycycle\thermo\static_ps_resid.py:99: RuntimeWarning: The iteration is not making good progress, as measured by the 
 improvement from the last ten iterations.
  ps_guess, M_guess = fsolve(equations, (ps_guess, M_guess))
C:\Users\MEO\Desktop\Projects\JetEngine\boomsonic_v0\.venv\Lib\site-packages\openmdao\solvers\solver.py:819: SolverWarning:Your model has stalled three times and may be violating the bounds. In the future, turn on print_bound_enforce in your solver options here: 
OD0.nozz.throat_total.nonlinear_solver.linesearch.options['print_bound_enforce']=True. 
The bound(s) being violated now are:

C:\Users\MEO\Desktop\Projects\JetEngine\boomsonic_v0\.venv\Lib\site-packages\openmdao\solvers\linesearch\backtracking.py:35: SolverWarning:'OD0.nozz.throat_total.balance.T' exceeds upper bounds
  Val: [3242.70233746]
  Upper: [2500.]

C:\Users\MEO\Desktop\Projects\JetEngine\boomsonic_v0\.venv\Lib\site-packages\pycycle\thermo\static_ps_resid.py:108: RuntimeWarning: invalid value encountered in sqrt
  Vsonic = (i['gamma']*i['R']*i['Ts'])**0.5
C:\Users\MEO\Desktop\Projects\JetEngine\boomsonic_v0\.venv\Lib\site-packages\pycycle\thermo\static_ps_resid.py:83: RuntimeWarning: invalid value encountered in power
  ps_guess = inputs['guess:Pt'] * (1 + (gamt-1)/2 * inputs['MN']**2)**(-gamt/(gamt-1))
C:\Users\MEO\Desktop\Projects\JetEngine\boomsonic_v0\.venv\Lib\site-packages\pycycle\thermo\static_ps_calc.py:32: RuntimeWarning: invalid value encountered in sqrt
  outputs['Vsonic'] = Vsonic = np.sqrt(inputs['gamma'] * inputs['R'] * inputs['Ts'])
C:\Users\MEO\Desktop\Projects\JetEngine\boomsonic_v0\.venv\Lib\site-packages\pycycle\thermo\static_ps_resid.py:128: RuntimeWarning: invalid value encountered in sqrt
  Vsonic = (i['gamma']*i['R']*i['Ts'])**0.5
C:\Users\MEO\Desktop\Projects\JetEngine\boomsonic_v0\.venv\Lib\site-packages\pycycle\thermo\static_ps_resid.py:94: RuntimeWarning: invalid value encountered in sqrt
  f2 = MN - inputs['W']*(R_UNIVERSAL_SI*inputs['Ts'])**0.5/(ps_guess*1.0e6*inputs['area']*gamt**0.5)
C:\Users\MEO\Desktop\Projects\JetEngine\boomsonic_v0\.venv\Lib\site-packages\pycycle\thermo\static_ps_resid.py:99: RuntimeWarning: The iteration is not making good progress, as measured by the 
 improvement from the last ten iterations.
  ps_guess, M_guess = fsolve(equations, (ps_guess, M_guess))
C:\Users\MEO\Desktop\Projects\JetEngine\boomsonic_v0\.venv\Lib\site-packages\openmdao\solvers\solver.py:819: SolverWarning:Your model has stalled three times and may be violating the bounds. In the future, turn on print_bound_enforce in your solver options here: 
OD0.burner.vitiated_flow.nonlinear_solver.linesearch.options['print_bound_enforce']=True. 
The bound(s) being violated now are:

C:\Users\MEO\Desktop\Projects\JetEngine\boomsonic_v0\.venv\Lib\site-packages\openmdao\solvers\linesearch\backtracking.py:35: SolverWarning:'OD0.burner.vitiated_flow.balance.T' exceeds upper bounds
  Val: [3816.24081032]
  Upper: [2500.]

C:\Users\MEO\Desktop\Projects\JetEngine\boomsonic_v0\.venv\Lib\site-packages\pycycle\thermo\static_ps_resid.py:128: RuntimeWarning: invalid value encountered in sqrt
  Vsonic = (i['gamma']*i['R']*i['Ts'])**0.5
C:\Users\MEO\Desktop\Projects\JetEngine\boomsonic_v0\.venv\Lib\site-packages\pycycle\thermo\static_ps_resid.py:94: RuntimeWarning: invalid value encountered in sqrt
  f2 = MN - inputs['W']*(R_UNIVERSAL_SI*inputs['Ts'])**0.5/(ps_guess*1.0e6*inputs['area']*gamt**0.5)
C:\Users\MEO\Desktop\Projects\JetEngine\boomsonic_v0\.venv\Lib\site-packages\pycycle\thermo\static_ps_resid.py:99: RuntimeWarning: The iteration is not making good progress, as measured by the 
 improvement from the last ten iterations.
  ps_guess, M_guess = fsolve(equations, (ps_guess, M_guess))
C:\Users\MEO\Desktop\Projects\JetEngine\boomsonic_v0\.venv\Lib\site-packages\openmdao\solvers\solver.py:819: SolverWarning:Your model has stalled three times and may be violating the bounds. In the future, turn on print_bound_enforce in your solver options here: 
OD0.turb.real_flow_b4bld.nonlinear_solver.linesearch.options['print_bound_enforce']=True. 
The bound(s) being violated now are:

C:\Users\MEO\Desktop\Projects\JetEngine\boomsonic_v0\.venv\Lib\site-packages\openmdao\solvers\linesearch\backtracking.py:35: SolverWarning:'OD0.turb.real_flow_b4bld.balance.T' exceeds upper bounds
  Val: [3242.70233746]
  Upper: [2500.]

C:\Users\MEO\Desktop\Projects\JetEngine\boomsonic_v0\.venv\Lib\site-packages\openmdao\solvers\solver.py:819: SolverWarning:Your model has stalled three times and may be violating the bounds. In the future, turn on print_bound_enforce in your solver options here: 
OD0.turb.real_flow.nonlinear_solver.linesearch.options['print_bound_enforce']=True. 
The bound(s) being violated now are:

C:\Users\MEO\Desktop\Projects\JetEngine\boomsonic_v0\.venv\Lib\site-packages\openmdao\solvers\linesearch\backtracking.py:35: SolverWarning:'OD0.turb.real_flow.balance.T' exceeds upper bounds
  Val: [3242.70233746]
  Upper: [2500.]

C:\Users\MEO\Desktop\Projects\JetEngine\boomsonic_v0\.venv\Lib\site-packages\pycycle\thermo\static_ps_resid.py:128: RuntimeWarning: invalid value encountered in sqrt
  Vsonic = (i['gamma']*i['R']*i['Ts'])**0.5
C:\Users\MEO\Desktop\Projects\JetEngine\boomsonic_v0\.venv\Lib\site-packages\pycycle\thermo\static_ps_resid.py:94: RuntimeWarning: invalid value encountered in sqrt
  f2 = MN - inputs['W']*(R_UNIVERSAL_SI*inputs['Ts'])**0.5/(ps_guess*1.0e6*inputs['area']*gamt**0.5)
C:\Users\MEO\Desktop\Projects\JetEngine\boomsonic_v0\.venv\Lib\site-packages\pycycle\thermo\static_ps_resid.py:99: RuntimeWarning: The iteration is not making good progress, as measured by the 
 improvement from the last ten iterations.
  ps_guess, M_guess = fsolve(equations, (ps_guess, M_guess))
C:\Users\MEO\Desktop\Projects\JetEngine\boomsonic_v0\.venv\Lib\site-packages\openmdao\solvers\solver.py:819: SolverWarning:Your model has stalled three times and may be violating the bounds. In the future, turn on print_bound_enforce in your solver options here: 
OD0.nozz.throat_total.nonlinear_solver.linesearch.options['print_bound_enforce']=True. 
The bound(s) being violated now are:

C:\Users\MEO\Desktop\Projects\JetEngine\boomsonic_v0\.venv\Lib\site-packages\openmdao\solvers\linesearch\backtracking.py:35: SolverWarning:'OD0.nozz.throat_total.balance.T' exceeds upper bounds
  Val: [3242.70233746]
  Upper: [2500.]

C:\Users\MEO\Desktop\Projects\JetEngine\boomsonic_v0\.venv\Lib\site-packages\pycycle\thermo\static_ps_resid.py:108: RuntimeWarning: invalid value encountered in sqrt
  Vsonic = (i['gamma']*i['R']*i['Ts'])**0.5
C:\Users\MEO\Desktop\Projects\JetEngine\boomsonic_v0\.venv\Lib\site-packages\pycycle\thermo\static_ps_resid.py:83: RuntimeWarning: invalid value encountered in power
  ps_guess = inputs['guess:Pt'] * (1 + (gamt-1)/2 * inputs['MN']**2)**(-gamt/(gamt-1))
C:\Users\MEO\Desktop\Projects\JetEngine\boomsonic_v0\.venv\Lib\site-packages\pycycle\thermo\static_ps_calc.py:32: RuntimeWarning: invalid value encountered in sqrt
  outputs['Vsonic'] = Vsonic = np.sqrt(inputs['gamma'] * inputs['R'] * inputs['Ts'])
C:\Users\MEO\Desktop\Projects\JetEngine\boomsonic_v0\.venv\Lib\site-packages\pycycle\thermo\static_ps_resid.py:128: RuntimeWarning: invalid value encountered in sqrt
  Vsonic = (i['gamma']*i['R']*i['Ts'])**0.5
C:\Users\MEO\Desktop\Projects\JetEngine\boomsonic_v0\.venv\Lib\site-packages\pycycle\thermo\static_ps_resid.py:94: RuntimeWarning: invalid value encountered in sqrt
  f2 = MN - inputs['W']*(R_UNIVERSAL_SI*inputs['Ts'])**0.5/(ps_guess*1.0e6*inputs['area']*gamt**0.5)
C:\Users\MEO\Desktop\Projects\JetEngine\boomsonic_v0\.venv\Lib\site-packages\pycycle\thermo\static_ps_resid.py:99: RuntimeWarning: The iteration is not making good progress, as measured by the 
 improvement from the last ten iterations.
  ps_guess, M_guess = fsolve(equations, (ps_guess, M_guess))
C:\Users\MEO\Desktop\Projects\JetEngine\boomsonic_v0\.venv\Lib\site-packages\pycycle\thermo\static_ps_resid.py:128: RuntimeWarning: invalid value encountered in sqrt
  Vsonic = (i['gamma']*i['R']*i['Ts'])**0.5
C:\Users\MEO\Desktop\Projects\JetEngine\boomsonic_v0\.venv\Lib\site-packages\pycycle\thermo\static_ps_resid.py:128: RuntimeWarning: invalid value encountered in sqrt
  Vsonic = (i['gamma']*i['R']*i['Ts'])**0.5
C:\Users\MEO\Desktop\Projects\JetEngine\boomsonic_v0\.venv\Lib\site-packages\pycycle\thermo\static_ps_resid.py:108: RuntimeWarning: invalid value encountered in sqrt
  Vsonic = (i['gamma']*i['R']*i['Ts'])**0.5
C:\Users\MEO\Desktop\Projects\JetEngine\boomsonic_v0\.venv\Lib\site-packages\pycycle\elements\turbine.py:89: RuntimeWarning: invalid value encountered in log
  outputs['eff_poly'] = 1 + (S_out-S_in)/(Rt*np.log(invPR))
C:\Users\MEO\Desktop\Projects\JetEngine\boomsonic_v0\.venv\Lib\site-packages\openmdao\solvers\solver.py:819: SolverWarning:Your model has stalled three times and may be violating the bounds. In the future, turn on print_bound_enforce in your solver options here: 
OD0.comp.real_flow.nonlinear_solver.linesearch.options['print_bound_enforce']=True. 
The bound(s) being violated now are:

C:\Users\MEO\Desktop\Projects\JetEngine\boomsonic_v0\.venv\Lib\site-packages\openmdao\solvers\linesearch\backtracking.py:39: SolverWarning:'OD0.comp.real_flow.balance.T' exceeds lower bounds
  Val: [123.9282485]
  Lower: [150.]

C:\Users\MEO\Desktop\Projects\JetEngine\boomsonic_v0\.venv\Lib\site-packages\openmdao\solvers\solver.py:819: SolverWarning:Your model has stalled three times and may be violating the bounds. In the future, turn on print_bound_enforce in your solver options here: 
OD0.comp.out_stat.nonlinear_solver.linesearch.options['print_bound_enforce']=True. 
The bound(s) being violated now are:

C:\Users\MEO\Desktop\Projects\JetEngine\boomsonic_v0\.venv\Lib\site-packages\openmdao\solvers\linesearch\backtracking.py:39: SolverWarning:'OD0.comp.out_stat.balance.T' exceeds lower bounds
  Val: [123.90972845]
  Lower: [150.]

C:\Users\MEO\Desktop\Projects\JetEngine\boomsonic_v0\.venv\Lib\site-packages\openmdao\solvers\solver.py:819: SolverWarning:Your model has stalled three times and may be violating the bounds. In the future, turn on print_bound_enforce in your solver options here: 
OD0.burner.vitiated_flow.nonlinear_solver.linesearch.options['print_bound_enforce']=True. 
The bound(s) being violated now are:

C:\Users\MEO\Desktop\Projects\JetEngine\boomsonic_v0\.venv\Lib\site-packages\openmdao\solvers\linesearch\backtracking.py:35: SolverWarning:'OD0.burner.vitiated_flow.balance.T' exceeds upper bounds
  Val: [3164.54128348]
  Upper: [2500.]

C:\Users\MEO\Desktop\Projects\JetEngine\boomsonic_v0\.venv\Lib\site-packages\openmdao\solvers\solver.py:819: SolverWarning:Your model has stalled three times and may be violating the bounds. In the future, turn on print_bound_enforce in your solver options here: 
OD0.burner.out_stat.nonlinear_solver.linesearch.options['print_bound_enforce']=True. 
The bound(s) being violated now are:

C:\Users\MEO\Desktop\Projects\JetEngine\boomsonic_v0\.venv\Lib\site-packages\openmdao\solvers\linesearch\backtracking.py:35: SolverWarning:'OD0.burner.out_stat.balance.T' exceeds upper bounds
  Val: [6763.3080735]
  Upper: [2500.]

C:\Users\MEO\Desktop\Projects\JetEngine\boomsonic_v0\.venv\Lib\site-packages\openmdao\solvers\linesearch\backtracking.py:39: SolverWarning:'OD0.burner.out_stat.ps_resid.MN' exceeds lower bounds
  Val: [-9.57907234e-06]
  Lower: [0.001]

C:\Users\MEO\Desktop\Projects\JetEngine\boomsonic_v0\.venv\Lib\site-packages\openmdao\solvers\solver.py:819: SolverWarning:Your model has stalled three times and may be violating the bounds. In the future, turn on print_bound_enforce in your solver options here: 
OD0.turb.real_flow_b4bld.nonlinear_solver.linesearch.options['print_bound_enforce']=True. 
The bound(s) being violated now are:

C:\Users\MEO\Desktop\Projects\JetEngine\boomsonic_v0\.venv\Lib\site-packages\openmdao\solvers\linesearch\backtracking.py:35: SolverWarning:'OD0.turb.real_flow_b4bld.balance.T' exceeds upper bounds
  Val: [2714.26791945]
  Upper: [2500.]

C:\Users\MEO\Desktop\Projects\JetEngine\boomsonic_v0\.venv\Lib\site-packages\openmdao\solvers\solver.py:819: SolverWarning:Your model has stalled three times and may be violating the bounds. In the future, turn on print_bound_enforce in your solver options here: 
OD0.turb.real_flow.nonlinear_solver.linesearch.options['print_bound_enforce']=True. 
The bound(s) being violated now are:

C:\Users\MEO\Desktop\Projects\JetEngine\boomsonic_v0\.venv\Lib\site-packages\openmdao\solvers\linesearch\backtracking.py:35: SolverWarning:'OD0.turb.real_flow.balance.T' exceeds upper bounds
  Val: [2714.26791945]
  Upper: [2500.]

C:\Users\MEO\Desktop\Projects\JetEngine\boomsonic_v0\.venv\Lib\site-packages\openmdao\solvers\solver.py:819: SolverWarning:Your model has stalled three times and may be violating the bounds. In the future, turn on print_bound_enforce in your solver options here: 
OD0.turb.out_stat.nonlinear_solver.linesearch.options['print_bound_enforce']=True. 
The bound(s) being violated now are:

C:\Users\MEO\Desktop\Projects\JetEngine\boomsonic_v0\.venv\Lib\site-packages\openmdao\solvers\linesearch\backtracking.py:35: SolverWarning:'OD0.turb.out_stat.balance.T' exceeds upper bounds
  Val: [3077.39623806]
  Upper: [2500.]

C:\Users\MEO\Desktop\Projects\JetEngine\boomsonic_v0\.venv\Lib\site-packages\openmdao\solvers\solver.py:819: SolverWarning:Your model has stalled three times and may be violating the bounds. In the future, turn on print_bound_enforce in your solver options here: 
OD0.nozz.throat_total.nonlinear_solver.linesearch.options['print_bound_enforce']=True. 
The bound(s) being violated now are:

C:\Users\MEO\Desktop\Projects\JetEngine\boomsonic_v0\.venv\Lib\site-packages\openmdao\solvers\linesearch\backtracking.py:35: SolverWarning:'OD0.nozz.throat_total.balance.T' exceeds upper bounds
  Val: [2714.26791945]
  Upper: [2500.]

C:\Users\MEO\Desktop\Projects\JetEngine\boomsonic_v0\.venv\Lib\site-packages\openmdao\solvers\solver.py:819: SolverWarning:Your model has stalled three times and may be violating the bounds. In the future, turn on print_bound_enforce in your solver options here: 
OD0.nozz.staticMN.nonlinear_solver.linesearch.options['print_bound_enforce']=True. 
The bound(s) being violated now are:

C:\Users\MEO\Desktop\Projects\JetEngine\boomsonic_v0\.venv\Lib\site-packages\openmdao\solvers\linesearch\backtracking.py:35: SolverWarning:'OD0.nozz.staticMN.balance.T' exceeds upper bounds
  Val: [2882.67866205]
  Upper: [2500.]

C:\Users\MEO\Desktop\Projects\JetEngine\boomsonic_v0\.venv\Lib\site-packages\openmdao\solvers\solver.py:819: SolverWarning:Your model has stalled three times and may be violating the bounds. In the future, turn on print_bound_enforce in your solver options here: 
OD0.nozz.staticMN.nonlinear_solver.linesearch.options['print_bound_enforce']=True. 
The bound(s) being violated now are:

C:\Users\MEO\Desktop\Projects\JetEngine\boomsonic_v0\.venv\Lib\site-packages\openmdao\solvers\linesearch\backtracking.py:35: SolverWarning:'OD0.nozz.staticMN.balance.T' exceeds upper bounds
  Val: [2882.67866205]
  Upper: [2500.]

C:\Users\MEO\Desktop\Projects\JetEngine\boomsonic_v0\.venv\Lib\site-packages\openmdao\solvers\solver.py:819: SolverWarning:Your model has stalled three times and may be violating the bounds. In the future, turn on print_bound_enforce in your solver options here: 
OD0.nozz.staticMN.nonlinear_solver.linesearch.options['print_bound_enforce']=True. 
The bound(s) being violated now are:

C:\Users\MEO\Desktop\Projects\JetEngine\boomsonic_v0\.venv\Lib\site-packages\openmdao\solvers\linesearch\backtracking.py:35: SolverWarning:'OD0.nozz.staticMN.balance.T' exceeds upper bounds
  Val: [2882.67866205]
  Upper: [2500.]

C:\Users\MEO\Desktop\Projects\JetEngine\boomsonic_v0\.venv\Lib\site-packages\openmdao\solvers\solver.py:819: SolverWarning:Your model has stalled three times and may be violating the bounds. In the future, turn on print_bound_enforce in your solver options here: 
OD0.nozz.staticMN.nonlinear_solver.linesearch.options['print_bound_enforce']=True. 
The bound(s) being violated now are:

C:\Users\MEO\Desktop\Projects\JetEngine\boomsonic_v0\.venv\Lib\site-packages\openmdao\solvers\linesearch\backtracking.py:35: SolverWarning:'OD0.nozz.staticMN.balance.T' exceeds upper bounds
  Val: [2882.67866205]
  Upper: [2500.]

C:\Users\MEO\Desktop\Projects\JetEngine\boomsonic_v0\.venv\Lib\site-packages\pycycle\thermo\static_ps_resid.py:128: RuntimeWarning: invalid value encountered in sqrt
  Vsonic = (i['gamma']*i['R']*i['Ts'])**0.5
C:\Users\MEO\Desktop\Projects\JetEngine\boomsonic_v0\.venv\Lib\site-packages\pycycle\thermo\static_ps_resid.py:108: RuntimeWarning: invalid value encountered in sqrt
  Vsonic = (i['gamma']*i['R']*i['Ts'])**0.5
C:\Users\MEO\Desktop\Projects\JetEngine\boomsonic_v0\.venv\Lib\site-packages\openmdao\solvers\solver.py:819: SolverWarning:Your model has stalled three times and may be violating the bounds. In the future, turn on print_bound_enforce in your solver options here: 
OD0.burner.vitiated_flow.nonlinear_solver.linesearch.options['print_bound_enforce']=True. 
The bound(s) being violated now are:

C:\Users\MEO\Desktop\Projects\JetEngine\boomsonic_v0\.venv\Lib\site-packages\openmdao\solvers\linesearch\backtracking.py:35: SolverWarning:'OD0.burner.vitiated_flow.balance.T' exceeds upper bounds
  Val: [3867.8386443]
  Upper: [2500.]

C:\Users\MEO\Desktop\Projects\JetEngine\boomsonic_v0\.venv\Lib\site-packages\pycycle\thermo\static_ps_resid.py:128: RuntimeWarning: invalid value encountered in sqrt
  Vsonic = (i['gamma']*i['R']*i['Ts'])**0.5
C:\Users\MEO\Desktop\Projects\JetEngine\boomsonic_v0\.venv\Lib\site-packages\pycycle\thermo\static_ps_resid.py:94: RuntimeWarning: invalid value encountered in sqrt
  f2 = MN - inputs['W']*(R_UNIVERSAL_SI*inputs['Ts'])**0.5/(ps_guess*1.0e6*inputs['area']*gamt**0.5)
C:\Users\MEO\Desktop\Projects\JetEngine\boomsonic_v0\.venv\Lib\site-packages\pycycle\thermo\static_ps_resid.py:99: RuntimeWarning: The iteration is not making good progress, as measured by the 
 improvement from the last ten iterations.
  ps_guess, M_guess = fsolve(equations, (ps_guess, M_guess))
C:\Users\MEO\Desktop\Projects\JetEngine\boomsonic_v0\.venv\Lib\site-packages\openmdao\solvers\solver.py:819: SolverWarning:Your model has stalled three times and may be violating the bounds. In the future, turn on print_bound_enforce in your solver options here: 
OD0.turb.real_flow_b4bld.nonlinear_solver.linesearch.options['print_bound_enforce']=True. 
The bound(s) being violated now are:

C:\Users\MEO\Desktop\Projects\JetEngine\boomsonic_v0\.venv\Lib\site-packages\openmdao\solvers\linesearch\backtracking.py:35: SolverWarning:'OD0.turb.real_flow_b4bld.balance.T' exceeds upper bounds
  Val: [3142.91275484]
  Upper: [2500.]

C:\Users\MEO\Desktop\Projects\JetEngine\boomsonic_v0\.venv\Lib\site-packages\openmdao\solvers\solver.py:819: SolverWarning:Your model has stalled three times and may be violating the bounds. In the future, turn on print_bound_enforce in your solver options here: 
OD0.turb.real_flow.nonlinear_solver.linesearch.options['print_bound_enforce']=True. 
The bound(s) being violated now are:

C:\Users\MEO\Desktop\Projects\JetEngine\boomsonic_v0\.venv\Lib\site-packages\openmdao\solvers\linesearch\backtracking.py:35: SolverWarning:'OD0.turb.real_flow.balance.T' exceeds upper bounds
  Val: [3142.91275484]
  Upper: [2500.]

C:\Users\MEO\Desktop\Projects\JetEngine\boomsonic_v0\.venv\Lib\site-packages\pycycle\thermo\static_ps_resid.py:128: RuntimeWarning: invalid value encountered in sqrt
  Vsonic = (i['gamma']*i['R']*i['Ts'])**0.5
C:\Users\MEO\Desktop\Projects\JetEngine\boomsonic_v0\.venv\Lib\site-packages\pycycle\thermo\static_ps_resid.py:94: RuntimeWarning: invalid value encountered in sqrt
  f2 = MN - inputs['W']*(R_UNIVERSAL_SI*inputs['Ts'])**0.5/(ps_guess*1.0e6*inputs['area']*gamt**0.5)
C:\Users\MEO\Desktop\Projects\JetEngine\boomsonic_v0\.venv\Lib\site-packages\pycycle\thermo\static_ps_resid.py:99: RuntimeWarning: The iteration is not making good progress, as measured by the 
 improvement from the last ten iterations.
  ps_guess, M_guess = fsolve(equations, (ps_guess, M_guess))
C:\Users\MEO\Desktop\Projects\JetEngine\boomsonic_v0\.venv\Lib\site-packages\openmdao\solvers\solver.py:819: SolverWarning:Your model has stalled three times and may be violating the bounds. In the future, turn on print_bound_enforce in your solver options here: 
OD0.nozz.throat_total.nonlinear_solver.linesearch.options['print_bound_enforce']=True. 
The bound(s) being violated now are:

C:\Users\MEO\Desktop\Projects\JetEngine\boomsonic_v0\.venv\Lib\site-packages\openmdao\solvers\linesearch\backtracking.py:35: SolverWarning:'OD0.nozz.throat_total.balance.T' exceeds upper bounds
  Val: [3142.91275484]
  Upper: [2500.]

C:\Users\MEO\Desktop\Projects\JetEngine\boomsonic_v0\.venv\Lib\site-packages\pycycle\thermo\static_ps_resid.py:108: RuntimeWarning: invalid value encountered in sqrt
  Vsonic = (i['gamma']*i['R']*i['Ts'])**0.5
C:\Users\MEO\Desktop\Projects\JetEngine\boomsonic_v0\.venv\Lib\site-packages\pycycle\thermo\static_ps_resid.py:83: RuntimeWarning: invalid value encountered in power
  ps_guess = inputs['guess:Pt'] * (1 + (gamt-1)/2 * inputs['MN']**2)**(-gamt/(gamt-1))
C:\Users\MEO\Desktop\Projects\JetEngine\boomsonic_v0\.venv\Lib\site-packages\pycycle\thermo\static_ps_resid.py:108: RuntimeWarning: invalid value encountered in sqrt
  Vsonic = (i['gamma']*i['R']*i['Ts'])**0.5
C:\Users\MEO\Desktop\Projects\JetEngine\boomsonic_v0\.venv\Lib\site-packages\pycycle\thermo\static_ps_resid.py:108: RuntimeWarning: invalid value encountered in sqrt
  Vsonic = (i['gamma']*i['R']*i['Ts'])**0.5
C:\Users\MEO\Desktop\Projects\JetEngine\boomsonic_v0\.venv\Lib\site-packages\pycycle\thermo\static_ps_calc.py:32: RuntimeWarning: invalid value encountered in sqrt
  outputs['Vsonic'] = Vsonic = np.sqrt(inputs['gamma'] * inputs['R'] * inputs['Ts'])
C:\Users\MEO\Desktop\Projects\JetEngine\boomsonic_v0\.venv\Lib\site-packages\pycycle\thermo\static_ps_resid.py:128: RuntimeWarning: invalid value encountered in sqrt
  Vsonic = (i['gamma']*i['R']*i['Ts'])**0.5
C:\Users\MEO\Desktop\Projects\JetEngine\boomsonic_v0\.venv\Lib\site-packages\pycycle\thermo\static_ps_resid.py:94: RuntimeWarning: invalid value encountered in sqrt
  f2 = MN - inputs['W']*(R_UNIVERSAL_SI*inputs['Ts'])**0.5/(ps_guess*1.0e6*inputs['area']*gamt**0.5)
C:\Users\MEO\Desktop\Projects\JetEngine\boomsonic_v0\.venv\Lib\site-packages\pycycle\thermo\static_ps_resid.py:99: RuntimeWarning: The iteration is not making good progress, as measured by the 
 improvement from the last ten iterations.
  ps_guess, M_guess = fsolve(equations, (ps_guess, M_guess))
C:\Users\MEO\Desktop\Projects\JetEngine\boomsonic_v0\.venv\Lib\site-packages\pycycle\thermo\static_ps_resid.py:83: RuntimeWarning: invalid value encountered in power
  ps_guess = inputs['guess:Pt'] * (1 + (gamt-1)/2 * inputs['MN']**2)**(-gamt/(gamt-1))
C:\Users\MEO\Desktop\Projects\JetEngine\boomsonic_v0\.venv\Lib\site-packages\openmdao\solvers\solver.py:819: SolverWarning:Your model has stalled three times and may be violating the bounds. In the future, turn on print_bound_enforce in your solver options here: 
OD0.burner.vitiated_flow.nonlinear_solver.linesearch.options['print_bound_enforce']=True. 
The bound(s) being violated now are:

C:\Users\MEO\Desktop\Projects\JetEngine\boomsonic_v0\.venv\Lib\site-packages\openmdao\solvers\linesearch\backtracking.py:35: SolverWarning:'OD0.burner.vitiated_flow.balance.T' exceeds upper bounds
  Val: [3867.8386443]
  Upper: [2500.]

C:\Users\MEO\Desktop\Projects\JetEngine\boomsonic_v0\.venv\Lib\site-packages\pycycle\thermo\static_ps_resid.py:128: RuntimeWarning: invalid value encountered in sqrt
  Vsonic = (i['gamma']*i['R']*i['Ts'])**0.5
C:\Users\MEO\Desktop\Projects\JetEngine\boomsonic_v0\.venv\Lib\site-packages\pycycle\thermo\static_ps_resid.py:94: RuntimeWarning: invalid value encountered in sqrt
  f2 = MN - inputs['W']*(R_UNIVERSAL_SI*inputs['Ts'])**0.5/(ps_guess*1.0e6*inputs['area']*gamt**0.5)
C:\Users\MEO\Desktop\Projects\JetEngine\boomsonic_v0\.venv\Lib\site-packages\pycycle\thermo\static_ps_resid.py:99: RuntimeWarning: The iteration is not making good progress, as measured by the 
 improvement from the last ten iterations.
  ps_guess, M_guess = fsolve(equations, (ps_guess, M_guess))
C:\Users\MEO\Desktop\Projects\JetEngine\boomsonic_v0\.venv\Lib\site-packages\openmdao\solvers\solver.py:819: SolverWarning:Your model has stalled three times and may be violating the bounds. In the future, turn on print_bound_enforce in your solver options here: 
OD0.turb.real_flow_b4bld.nonlinear_solver.linesearch.options['print_bound_enforce']=True. 
The bound(s) being violated now are:

C:\Users\MEO\Desktop\Projects\JetEngine\boomsonic_v0\.venv\Lib\site-packages\openmdao\solvers\linesearch\backtracking.py:35: SolverWarning:'OD0.turb.real_flow_b4bld.balance.T' exceeds upper bounds
  Val: [3142.91275484]
  Upper: [2500.]

C:\Users\MEO\Desktop\Projects\JetEngine\boomsonic_v0\.venv\Lib\site-packages\openmdao\solvers\solver.py:819: SolverWarning:Your model has stalled three times and may be violating the bounds. In the future, turn on print_bound_enforce in your solver options here: 
OD0.turb.real_flow.nonlinear_solver.linesearch.options['print_bound_enforce']=True. 
The bound(s) being violated now are:

C:\Users\MEO\Desktop\Projects\JetEngine\boomsonic_v0\.venv\Lib\site-packages\openmdao\solvers\linesearch\backtracking.py:35: SolverWarning:'OD0.turb.real_flow.balance.T' exceeds upper bounds
  Val: [3142.91275484]
  Upper: [2500.]

C:\Users\MEO\Desktop\Projects\JetEngine\boomsonic_v0\.venv\Lib\site-packages\pycycle\thermo\static_ps_resid.py:128: RuntimeWarning: invalid value encountered in sqrt
  Vsonic = (i['gamma']*i['R']*i['Ts'])**0.5
C:\Users\MEO\Desktop\Projects\JetEngine\boomsonic_v0\.venv\Lib\site-packages\pycycle\thermo\static_ps_resid.py:94: RuntimeWarning: invalid value encountered in sqrt
  f2 = MN - inputs['W']*(R_UNIVERSAL_SI*inputs['Ts'])**0.5/(ps_guess*1.0e6*inputs['area']*gamt**0.5)
C:\Users\MEO\Desktop\Projects\JetEngine\boomsonic_v0\.venv\Lib\site-packages\pycycle\thermo\static_ps_resid.py:99: RuntimeWarning: The iteration is not making good progress, as measured by the 
 improvement from the last ten iterations.
  ps_guess, M_guess = fsolve(equations, (ps_guess, M_guess))
C:\Users\MEO\Desktop\Projects\JetEngine\boomsonic_v0\.venv\Lib\site-packages\openmdao\solvers\solver.py:819: SolverWarning:Your model has stalled three times and may be violating the bounds. In the future, turn on print_bound_enforce in your solver options here: 
OD0.nozz.throat_total.nonlinear_solver.linesearch.options['print_bound_enforce']=True. 
The bound(s) being violated now are:

C:\Users\MEO\Desktop\Projects\JetEngine\boomsonic_v0\.venv\Lib\site-packages\openmdao\solvers\linesearch\backtracking.py:35: SolverWarning:'OD0.nozz.throat_total.balance.T' exceeds upper bounds
  Val: [3142.91275484]
  Upper: [2500.]

C:\Users\MEO\Desktop\Projects\JetEngine\boomsonic_v0\.venv\Lib\site-packages\pycycle\thermo\static_ps_resid.py:108: RuntimeWarning: invalid value encountered in sqrt
  Vsonic = (i['gamma']*i['R']*i['Ts'])**0.5
C:\Users\MEO\Desktop\Projects\JetEngine\boomsonic_v0\.venv\Lib\site-packages\pycycle\thermo\static_ps_resid.py:83: RuntimeWarning: invalid value encountered in power
  ps_guess = inputs['guess:Pt'] * (1 + (gamt-1)/2 * inputs['MN']**2)**(-gamt/(gamt-1))
C:\Users\MEO\Desktop\Projects\JetEngine\boomsonic_v0\.venv\Lib\site-packages\pycycle\thermo\static_ps_calc.py:32: RuntimeWarning: invalid value encountered in sqrt
  outputs['Vsonic'] = Vsonic = np.sqrt(inputs['gamma'] * inputs['R'] * inputs['Ts'])
C:\Users\MEO\Desktop\Projects\JetEngine\boomsonic_v0\.venv\Lib\site-packages\pycycle\thermo\static_ps_resid.py:128: RuntimeWarning: invalid value encountered in sqrt
  Vsonic = (i['gamma']*i['R']*i['Ts'])**0.5
C:\Users\MEO\Desktop\Projects\JetEngine\boomsonic_v0\.venv\Lib\site-packages\pycycle\thermo\static_ps_resid.py:94: RuntimeWarning: invalid value encountered in sqrt
  f2 = MN - inputs['W']*(R_UNIVERSAL_SI*inputs['Ts'])**0.5/(ps_guess*1.0e6*inputs['area']*gamt**0.5)
C:\Users\MEO\Desktop\Projects\JetEngine\boomsonic_v0\.venv\Lib\site-packages\pycycle\thermo\static_ps_resid.py:99: RuntimeWarning: The iteration is not making good progress, as measured by the 
 improvement from the last ten iterations.
  ps_guess, M_guess = fsolve(equations, (ps_guess, M_guess))
C:\Users\MEO\Desktop\Projects\JetEngine\boomsonic_v0\.venv\Lib\site-packages\openmdao\solvers\solver.py:819: SolverWarning:Your model has stalled three times and may be violating the bounds. In the future, turn on print_bound_enforce in your solver options here: 
OD0.burner.vitiated_flow.nonlinear_solver.linesearch.options['print_bound_enforce']=True. 
The bound(s) being violated now are:

C:\Users\MEO\Desktop\Projects\JetEngine\boomsonic_v0\.venv\Lib\site-packages\openmdao\solvers\linesearch\backtracking.py:35: SolverWarning:'OD0.burner.vitiated_flow.balance.T' exceeds upper bounds
  Val: [3867.8386443]
  Upper: [2500.]

C:\Users\MEO\Desktop\Projects\JetEngine\boomsonic_v0\.venv\Lib\site-packages\pycycle\thermo\static_ps_resid.py:128: RuntimeWarning: invalid value encountered in sqrt
  Vsonic = (i['gamma']*i['R']*i['Ts'])**0.5
C:\Users\MEO\Desktop\Projects\JetEngine\boomsonic_v0\.venv\Lib\site-packages\pycycle\thermo\static_ps_resid.py:94: RuntimeWarning: invalid value encountered in sqrt
  f2 = MN - inputs['W']*(R_UNIVERSAL_SI*inputs['Ts'])**0.5/(ps_guess*1.0e6*inputs['area']*gamt**0.5)
C:\Users\MEO\Desktop\Projects\JetEngine\boomsonic_v0\.venv\Lib\site-packages\pycycle\thermo\static_ps_resid.py:99: RuntimeWarning: The iteration is not making good progress, as measured by the 
 improvement from the last ten iterations.
  ps_guess, M_guess = fsolve(equations, (ps_guess, M_guess))
C:\Users\MEO\Desktop\Projects\JetEngine\boomsonic_v0\.venv\Lib\site-packages\openmdao\solvers\solver.py:819: SolverWarning:Your model has stalled three times and may be violating the bounds. In the future, turn on print_bound_enforce in your solver options here: 
OD0.turb.real_flow_b4bld.nonlinear_solver.linesearch.options['print_bound_enforce']=True. 
The bound(s) being violated now are:

C:\Users\MEO\Desktop\Projects\JetEngine\boomsonic_v0\.venv\Lib\site-packages\openmdao\solvers\linesearch\backtracking.py:35: SolverWarning:'OD0.turb.real_flow_b4bld.balance.T' exceeds upper bounds
  Val: [3142.91275484]
  Upper: [2500.]

C:\Users\MEO\Desktop\Projects\JetEngine\boomsonic_v0\.venv\Lib\site-packages\openmdao\solvers\solver.py:819: SolverWarning:Your model has stalled three times and may be violating the bounds. In the future, turn on print_bound_enforce in your solver options here: 
OD0.turb.real_flow.nonlinear_solver.linesearch.options['print_bound_enforce']=True. 
The bound(s) being violated now are:

C:\Users\MEO\Desktop\Projects\JetEngine\boomsonic_v0\.venv\Lib\site-packages\openmdao\solvers\linesearch\backtracking.py:35: SolverWarning:'OD0.turb.real_flow.balance.T' exceeds upper bounds
  Val: [3142.91275484]
  Upper: [2500.]

C:\Users\MEO\Desktop\Projects\JetEngine\boomsonic_v0\.venv\Lib\site-packages\pycycle\thermo\static_ps_resid.py:128: RuntimeWarning: invalid value encountered in sqrt
  Vsonic = (i['gamma']*i['R']*i['Ts'])**0.5
C:\Users\MEO\Desktop\Projects\JetEngine\boomsonic_v0\.venv\Lib\site-packages\pycycle\thermo\static_ps_resid.py:94: RuntimeWarning: invalid value encountered in sqrt
  f2 = MN - inputs['W']*(R_UNIVERSAL_SI*inputs['Ts'])**0.5/(ps_guess*1.0e6*inputs['area']*gamt**0.5)
C:\Users\MEO\Desktop\Projects\JetEngine\boomsonic_v0\.venv\Lib\site-packages\pycycle\thermo\static_ps_resid.py:99: RuntimeWarning: The iteration is not making good progress, as measured by the 
 improvement from the last ten iterations.
  ps_guess, M_guess = fsolve(equations, (ps_guess, M_guess))
C:\Users\MEO\Desktop\Projects\JetEngine\boomsonic_v0\.venv\Lib\site-packages\openmdao\solvers\solver.py:819: SolverWarning:Your model has stalled three times and may be violating the bounds. In the future, turn on print_bound_enforce in your solver options here: 
OD0.nozz.throat_total.nonlinear_solver.linesearch.options['print_bound_enforce']=True. 
The bound(s) being violated now are:

C:\Users\MEO\Desktop\Projects\JetEngine\boomsonic_v0\.venv\Lib\site-packages\openmdao\solvers\linesearch\backtracking.py:35: SolverWarning:'OD0.nozz.throat_total.balance.T' exceeds upper bounds
  Val: [3142.91275484]
  Upper: [2500.]

C:\Users\MEO\Desktop\Projects\JetEngine\boomsonic_v0\.venv\Lib\site-packages\pycycle\thermo\static_ps_resid.py:108: RuntimeWarning: invalid value encountered in sqrt
  Vsonic = (i['gamma']*i['R']*i['Ts'])**0.5
C:\Users\MEO\Desktop\Projects\JetEngine\boomsonic_v0\.venv\Lib\site-packages\pycycle\thermo\static_ps_resid.py:83: RuntimeWarning: invalid value encountered in power
  ps_guess = inputs['guess:Pt'] * (1 + (gamt-1)/2 * inputs['MN']**2)**(-gamt/(gamt-1))
C:\Users\MEO\Desktop\Projects\JetEngine\boomsonic_v0\.venv\Lib\site-packages\pycycle\thermo\static_ps_calc.py:32: RuntimeWarning: invalid value encountered in sqrt
  outputs['Vsonic'] = Vsonic = np.sqrt(inputs['gamma'] * inputs['R'] * inputs['Ts'])
C:\Users\MEO\Desktop\Projects\JetEngine\boomsonic_v0\.venv\Lib\site-packages\pycycle\thermo\static_ps_resid.py:128: RuntimeWarning: invalid value encountered in sqrt
  Vsonic = (i['gamma']*i['R']*i['Ts'])**0.5
C:\Users\MEO\Desktop\Projects\JetEngine\boomsonic_v0\.venv\Lib\site-packages\pycycle\thermo\static_ps_resid.py:94: RuntimeWarning: invalid value encountered in sqrt
  f2 = MN - inputs['W']*(R_UNIVERSAL_SI*inputs['Ts'])**0.5/(ps_guess*1.0e6*inputs['area']*gamt**0.5)
C:\Users\MEO\Desktop\Projects\JetEngine\boomsonic_v0\.venv\Lib\site-packages\pycycle\thermo\static_ps_resid.py:99: RuntimeWarning: The iteration is not making good progress, as measured by the 
 improvement from the last ten iterations.
  ps_guess, M_guess = fsolve(equations, (ps_guess, M_guess))
C:\Users\MEO\Desktop\Projects\JetEngine\boomsonic_v0\.venv\Lib\site-packages\pycycle\thermo\static_ps_resid.py:128: RuntimeWarning: invalid value encountered in sqrt
  Vsonic = (i['gamma']*i['R']*i['Ts'])**0.5
C:\Users\MEO\Desktop\Projects\JetEngine\boomsonic_v0\.venv\Lib\site-packages\pycycle\thermo\static_ps_resid.py:128: RuntimeWarning: invalid value encountered in sqrt
  Vsonic = (i['gamma']*i['R']*i['Ts'])**0.5
C:\Users\MEO\Desktop\Projects\JetEngine\boomsonic_v0\.venv\Lib\site-packages\pycycle\thermo\static_ps_resid.py:108: RuntimeWarning: invalid value encountered in sqrt
  Vsonic = (i['gamma']*i['R']*i['Ts'])**0.5
C:\Users\MEO\Desktop\Projects\JetEngine\boomsonic_v0\.venv\Lib\site-packages\openmdao\solvers\solver.py:819: SolverWarning:Your model has stalled three times and may be violating the bounds. In the future, turn on print_bound_enforce in your solver options here: 
OD0.comp.real_flow.nonlinear_solver.linesearch.options['print_bound_enforce']=True. 
The bound(s) being violated now are:

C:\Users\MEO\Desktop\Projects\JetEngine\boomsonic_v0\.venv\Lib\site-packages\openmdao\solvers\linesearch\backtracking.py:39: SolverWarning:'OD0.comp.real_flow.balance.T' exceeds lower bounds
  Val: [2.45125588]
  Lower: [150.]

C:\Users\MEO\Desktop\Projects\JetEngine\boomsonic_v0\.venv\Lib\site-packages\openmdao\solvers\solver.py:819: SolverWarning:Your model has stalled three times and may be violating the bounds. In the future, turn on print_bound_enforce in your solver options here: 
OD0.comp.sb_flow.nonlinear_solver.linesearch.options['print_bound_enforce']=True. 
The bound(s) being violated now are:

C:\Users\MEO\Desktop\Projects\JetEngine\boomsonic_v0\.venv\Lib\site-packages\openmdao\solvers\linesearch\backtracking.py:39: SolverWarning:'OD0.comp.sb_flow.balance.T' exceeds lower bounds
  Val: [146.17815138]
  Lower: [150.]

C:\Users\MEO\Desktop\Projects\JetEngine\boomsonic_v0\.venv\Lib\site-packages\openmdao\solvers\solver.py:819: SolverWarning:Your model has stalled three times and may be violating the bounds. In the future, turn on print_bound_enforce in your solver options here: 
OD0.comp.out_stat.nonlinear_solver.linesearch.options['print_bound_enforce']=True. 
The bound(s) being violated now are:

C:\Users\MEO\Desktop\Projects\JetEngine\boomsonic_v0\.venv\Lib\site-packages\openmdao\solvers\linesearch\backtracking.py:39: SolverWarning:'OD0.comp.out_stat.balance.T' exceeds lower bounds
  Val: [2.45182388]
  Lower: [150.]

C:\Users\MEO\Desktop\Projects\JetEngine\boomsonic_v0\.venv\Lib\site-packages\pycycle\elements\turbine.py:89: RuntimeWarning: invalid value encountered in log
  outputs['eff_poly'] = 1 + (S_out-S_in)/(Rt*np.log(invPR))
C:\Users\MEO\Desktop\Projects\JetEngine\boomsonic_v0\.venv\Lib\site-packages\openmdao\solvers\solver.py:819: SolverWarning:Your model has stalled three times and may be violating the bounds. In the future, turn on print_bound_enforce in your solver options here: 
OD0.burner.vitiated_flow.nonlinear_solver.linesearch.options['print_bound_enforce']=True. 
The bound(s) being violated now are:

C:\Users\MEO\Desktop\Projects\JetEngine\boomsonic_v0\.venv\Lib\site-packages\openmdao\solvers\linesearch\backtracking.py:35: SolverWarning:'OD0.burner.vitiated_flow.balance.T' exceeds upper bounds
  Val: [3024.11788423]
  Upper: [2500.]

C:\Users\MEO\Desktop\Projects\JetEngine\boomsonic_v0\.venv\Lib\site-packages\openmdao\solvers\solver.py:819: SolverWarning:Your model has stalled three times and may be violating the bounds. In the future, turn on print_bound_enforce in your solver options here: 
OD0.burner.out_stat.nonlinear_solver.linesearch.options['print_bound_enforce']=True. 
The bound(s) being violated now are:

C:\Users\MEO\Desktop\Projects\JetEngine\boomsonic_v0\.venv\Lib\site-packages\openmdao\solvers\linesearch\backtracking.py:35: SolverWarning:'OD0.burner.out_stat.balance.T' exceeds upper bounds
  Val: [3916.51193803]
  Upper: [2500.]

C:\Users\MEO\Desktop\Projects\JetEngine\boomsonic_v0\.venv\Lib\site-packages\openmdao\solvers\solver.py:819: SolverWarning:Your model has stalled three times and may be violating the bounds. In the future, turn on print_bound_enforce in your solver options here: 
OD0.turb.real_flow_b4bld.nonlinear_solver.linesearch.options['print_bound_enforce']=True. 
The bound(s) being violated now are:

C:\Users\MEO\Desktop\Projects\JetEngine\boomsonic_v0\.venv\Lib\site-packages\openmdao\solvers\linesearch\backtracking.py:35: SolverWarning:'OD0.turb.real_flow_b4bld.balance.T' exceeds upper bounds
  Val: [2668.36612071]
  Upper: [2500.]

C:\Users\MEO\Desktop\Projects\JetEngine\boomsonic_v0\.venv\Lib\site-packages\openmdao\solvers\solver.py:819: SolverWarning:Your model has stalled three times and may be violating the bounds. In the future, turn on print_bound_enforce in your solver options here: 
OD0.turb.real_flow.nonlinear_solver.linesearch.options['print_bound_enforce']=True. 
The bound(s) being violated now are:

C:\Users\MEO\Desktop\Projects\JetEngine\boomsonic_v0\.venv\Lib\site-packages\openmdao\solvers\linesearch\backtracking.py:35: SolverWarning:'OD0.turb.real_flow.balance.T' exceeds upper bounds
  Val: [2668.36612071]
  Upper: [2500.]

C:\Users\MEO\Desktop\Projects\JetEngine\boomsonic_v0\.venv\Lib\site-packages\openmdao\solvers\solver.py:819: SolverWarning:Your model has stalled three times and may be violating the bounds. In the future, turn on print_bound_enforce in your solver options here: 
OD0.turb.out_stat.nonlinear_solver.linesearch.options['print_bound_enforce']=True. 
The bound(s) being violated now are:

C:\Users\MEO\Desktop\Projects\JetEngine\boomsonic_v0\.venv\Lib\site-packages\openmdao\solvers\linesearch\backtracking.py:35: SolverWarning:'OD0.turb.out_stat.balance.T' exceeds upper bounds
  Val: [2802.85240947]
  Upper: [2500.]

C:\Users\MEO\Desktop\Projects\JetEngine\boomsonic_v0\.venv\Lib\site-packages\openmdao\solvers\solver.py:819: SolverWarning:Your model has stalled three times and may be violating the bounds. In the future, turn on print_bound_enforce in your solver options here: 
OD0.nozz.throat_total.nonlinear_solver.linesearch.options['print_bound_enforce']=True. 
The bound(s) being violated now are:

C:\Users\MEO\Desktop\Projects\JetEngine\boomsonic_v0\.venv\Lib\site-packages\openmdao\solvers\linesearch\backtracking.py:35: SolverWarning:'OD0.nozz.throat_total.balance.T' exceeds upper bounds
  Val: [2668.36612071]
  Upper: [2500.]

C:\Users\MEO\Desktop\Projects\JetEngine\boomsonic_v0\.venv\Lib\site-packages\openmdao\solvers\solver.py:819: SolverWarning:Your model has stalled three times and may be violating the bounds. In the future, turn on print_bound_enforce in your solver options here: 
OD0.nozz.staticMN.nonlinear_solver.linesearch.options['print_bound_enforce']=True. 
The bound(s) being violated now are:

C:\Users\MEO\Desktop\Projects\JetEngine\boomsonic_v0\.venv\Lib\site-packages\openmdao\solvers\linesearch\backtracking.py:35: SolverWarning:'OD0.nozz.staticMN.balance.T' exceeds upper bounds
  Val: [2640.69425966]
  Upper: [2500.]

C:\Users\MEO\Desktop\Projects\JetEngine\boomsonic_v0\.venv\Lib\site-packages\openmdao\solvers\solver.py:819: SolverWarning:Your model has stalled three times and may be violating the bounds. In the future, turn on print_bound_enforce in your solver options here: 
OD0.nozz.staticMN.nonlinear_solver.linesearch.options['print_bound_enforce']=True. 
The bound(s) being violated now are:

C:\Users\MEO\Desktop\Projects\JetEngine\boomsonic_v0\.venv\Lib\site-packages\openmdao\solvers\linesearch\backtracking.py:35: SolverWarning:'OD0.nozz.staticMN.balance.T' exceeds upper bounds
  Val: [2640.69425966]
  Upper: [2500.]

C:\Users\MEO\Desktop\Projects\JetEngine\boomsonic_v0\.venv\Lib\site-packages\pycycle\thermo\static_ps_resid.py:128: RuntimeWarning: invalid value encountered in sqrt
  Vsonic = (i['gamma']*i['R']*i['Ts'])**0.5
C:\Users\MEO\Desktop\Projects\JetEngine\boomsonic_v0\.venv\Lib\site-packages\pycycle\thermo\static_ps_resid.py:108: RuntimeWarning: invalid value encountered in sqrt
  Vsonic = (i['gamma']*i['R']*i['Ts'])**0.5
C:\Users\MEO\Desktop\Projects\JetEngine\boomsonic_v0\.venv\Lib\site-packages\pycycle\thermo\static_ps_calc.py:32: RuntimeWarning: invalid value encountered in sqrt
  outputs['Vsonic'] = Vsonic = np.sqrt(inputs['gamma'] * inputs['R'] * inputs['Ts'])
C:\Users\MEO\Desktop\Projects\JetEngine\boomsonic_v0\.venv\Lib\site-packages\openmdao\solvers\solver.py:819: SolverWarning:Your model has stalled three times and may be violating the bounds. In the future, turn on print_bound_enforce in your solver options here: 
OD0.burner.vitiated_flow.nonlinear_solver.linesearch.options['print_bound_enforce']=True. 
The bound(s) being violated now are:

C:\Users\MEO\Desktop\Projects\JetEngine\boomsonic_v0\.venv\Lib\site-packages\openmdao\solvers\linesearch\backtracking.py:35: SolverWarning:'OD0.burner.vitiated_flow.balance.T' exceeds upper bounds
  Val: [3840.15880212]
  Upper: [2500.]

C:\Users\MEO\Desktop\Projects\JetEngine\boomsonic_v0\.venv\Lib\site-packages\pycycle\thermo\static_ps_resid.py:128: RuntimeWarning: invalid value encountered in sqrt
  Vsonic = (i['gamma']*i['R']*i['Ts'])**0.5
C:\Users\MEO\Desktop\Projects\JetEngine\boomsonic_v0\.venv\Lib\site-packages\pycycle\thermo\static_ps_resid.py:94: RuntimeWarning: invalid value encountered in sqrt
  f2 = MN - inputs['W']*(R_UNIVERSAL_SI*inputs['Ts'])**0.5/(ps_guess*1.0e6*inputs['area']*gamt**0.5)
C:\Users\MEO\Desktop\Projects\JetEngine\boomsonic_v0\.venv\Lib\site-packages\pycycle\thermo\static_ps_resid.py:99: RuntimeWarning: The iteration is not making good progress, as measured by the 
 improvement from the last ten iterations.
  ps_guess, M_guess = fsolve(equations, (ps_guess, M_guess))
C:\Users\MEO\Desktop\Projects\JetEngine\boomsonic_v0\.venv\Lib\site-packages\openmdao\solvers\solver.py:819: SolverWarning:Your model has stalled three times and may be violating the bounds. In the future, turn on print_bound_enforce in your solver options here: 
OD0.turb.real_flow_b4bld.nonlinear_solver.linesearch.options['print_bound_enforce']=True. 
The bound(s) being violated now are:

C:\Users\MEO\Desktop\Projects\JetEngine\boomsonic_v0\.venv\Lib\site-packages\openmdao\solvers\linesearch\backtracking.py:35: SolverWarning:'OD0.turb.real_flow_b4bld.balance.T' exceeds upper bounds
  Val: [3239.58044491]
  Upper: [2500.]

C:\Users\MEO\Desktop\Projects\JetEngine\boomsonic_v0\.venv\Lib\site-packages\openmdao\solvers\solver.py:819: SolverWarning:Your model has stalled three times and may be violating the bounds. In the future, turn on print_bound_enforce in your solver options here: 
OD0.turb.real_flow.nonlinear_solver.linesearch.options['print_bound_enforce']=True. 
The bound(s) being violated now are:

C:\Users\MEO\Desktop\Projects\JetEngine\boomsonic_v0\.venv\Lib\site-packages\openmdao\solvers\linesearch\backtracking.py:35: SolverWarning:'OD0.turb.real_flow.balance.T' exceeds upper bounds
  Val: [3239.58044491]
  Upper: [2500.]

C:\Users\MEO\Desktop\Projects\JetEngine\boomsonic_v0\.venv\Lib\site-packages\pycycle\thermo\static_ps_resid.py:128: RuntimeWarning: invalid value encountered in sqrt
  Vsonic = (i['gamma']*i['R']*i['Ts'])**0.5
C:\Users\MEO\Desktop\Projects\JetEngine\boomsonic_v0\.venv\Lib\site-packages\pycycle\thermo\static_ps_resid.py:94: RuntimeWarning: invalid value encountered in sqrt
  f2 = MN - inputs['W']*(R_UNIVERSAL_SI*inputs['Ts'])**0.5/(ps_guess*1.0e6*inputs['area']*gamt**0.5)
C:\Users\MEO\Desktop\Projects\JetEngine\boomsonic_v0\.venv\Lib\site-packages\pycycle\thermo\static_ps_resid.py:99: RuntimeWarning: The iteration is not making good progress, as measured by the 
 improvement from the last ten iterations.
  ps_guess, M_guess = fsolve(equations, (ps_guess, M_guess))
C:\Users\MEO\Desktop\Projects\JetEngine\boomsonic_v0\.venv\Lib\site-packages\openmdao\solvers\solver.py:819: SolverWarning:Your model has stalled three times and may be violating the bounds. In the future, turn on print_bound_enforce in your solver options here: 
OD0.nozz.throat_total.nonlinear_solver.linesearch.options['print_bound_enforce']=True. 
The bound(s) being violated now are:

C:\Users\MEO\Desktop\Projects\JetEngine\boomsonic_v0\.venv\Lib\site-packages\openmdao\solvers\linesearch\backtracking.py:35: SolverWarning:'OD0.nozz.throat_total.balance.T' exceeds upper bounds
  Val: [3239.58044491]
  Upper: [2500.]

C:\Users\MEO\Desktop\Projects\JetEngine\boomsonic_v0\.venv\Lib\site-packages\pycycle\thermo\static_ps_resid.py:108: RuntimeWarning: invalid value encountered in sqrt
  Vsonic = (i['gamma']*i['R']*i['Ts'])**0.5
C:\Users\MEO\Desktop\Projects\JetEngine\boomsonic_v0\.venv\Lib\site-packages\pycycle\thermo\static_ps_resid.py:108: RuntimeWarning: invalid value encountered in sqrt
  Vsonic = (i['gamma']*i['R']*i['Ts'])**0.5
C:\Users\MEO\Desktop\Projects\JetEngine\boomsonic_v0\.venv\Lib\site-packages\pycycle\thermo\static_ps_resid.py:108: RuntimeWarning: invalid value encountered in sqrt
  Vsonic = (i['gamma']*i['R']*i['Ts'])**0.5
C:\Users\MEO\Desktop\Projects\JetEngine\boomsonic_v0\.venv\Lib\site-packages\pycycle\thermo\static_ps_calc.py:32: RuntimeWarning: invalid value encountered in sqrt
  outputs['Vsonic'] = Vsonic = np.sqrt(inputs['gamma'] * inputs['R'] * inputs['Ts'])
C:\Users\MEO\Desktop\Projects\JetEngine\boomsonic_v0\.venv\Lib\site-packages\pycycle\thermo\static_ps_resid.py:128: RuntimeWarning: invalid value encountered in sqrt
  Vsonic = (i['gamma']*i['R']*i['Ts'])**0.5
C:\Users\MEO\Desktop\Projects\JetEngine\boomsonic_v0\.venv\Lib\site-packages\pycycle\thermo\static_ps_resid.py:94: RuntimeWarning: invalid value encountered in sqrt
  f2 = MN - inputs['W']*(R_UNIVERSAL_SI*inputs['Ts'])**0.5/(ps_guess*1.0e6*inputs['area']*gamt**0.5)
C:\Users\MEO\Desktop\Projects\JetEngine\boomsonic_v0\.venv\Lib\site-packages\pycycle\thermo\static_ps_resid.py:99: RuntimeWarning: The iteration is not making good progress, as measured by the 
 improvement from the last ten iterations.
  ps_guess, M_guess = fsolve(equations, (ps_guess, M_guess))
C:\Users\MEO\Desktop\Projects\JetEngine\boomsonic_v0\.venv\Lib\site-packages\openmdao\solvers\solver.py:819: SolverWarning:Your model has stalled three times and may be violating the bounds. In the future, turn on print_bound_enforce in your solver options here: 
OD0.burner.vitiated_flow.nonlinear_solver.linesearch.options['print_bound_enforce']=True. 
The bound(s) being violated now are:

C:\Users\MEO\Desktop\Projects\JetEngine\boomsonic_v0\.venv\Lib\site-packages\openmdao\solvers\linesearch\backtracking.py:35: SolverWarning:'OD0.burner.vitiated_flow.balance.T' exceeds upper bounds
  Val: [3840.15880212]
  Upper: [2500.]

C:\Users\MEO\Desktop\Projects\JetEngine\boomsonic_v0\.venv\Lib\site-packages\pycycle\thermo\static_ps_resid.py:128: RuntimeWarning: invalid value encountered in sqrt
  Vsonic = (i['gamma']*i['R']*i['Ts'])**0.5
C:\Users\MEO\Desktop\Projects\JetEngine\boomsonic_v0\.venv\Lib\site-packages\pycycle\thermo\static_ps_resid.py:94: RuntimeWarning: invalid value encountered in sqrt
  f2 = MN - inputs['W']*(R_UNIVERSAL_SI*inputs['Ts'])**0.5/(ps_guess*1.0e6*inputs['area']*gamt**0.5)
C:\Users\MEO\Desktop\Projects\JetEngine\boomsonic_v0\.venv\Lib\site-packages\pycycle\thermo\static_ps_resid.py:99: RuntimeWarning: The iteration is not making good progress, as measured by the 
 improvement from the last ten iterations.
  ps_guess, M_guess = fsolve(equations, (ps_guess, M_guess))
C:\Users\MEO\Desktop\Projects\JetEngine\boomsonic_v0\.venv\Lib\site-packages\openmdao\solvers\solver.py:819: SolverWarning:Your model has stalled three times and may be violating the bounds. In the future, turn on print_bound_enforce in your solver options here: 
OD0.turb.real_flow_b4bld.nonlinear_solver.linesearch.options['print_bound_enforce']=True. 
The bound(s) being violated now are:

C:\Users\MEO\Desktop\Projects\JetEngine\boomsonic_v0\.venv\Lib\site-packages\openmdao\solvers\linesearch\backtracking.py:35: SolverWarning:'OD0.turb.real_flow_b4bld.balance.T' exceeds upper bounds
  Val: [3239.58044491]
  Upper: [2500.]

C:\Users\MEO\Desktop\Projects\JetEngine\boomsonic_v0\.venv\Lib\site-packages\openmdao\solvers\solver.py:819: SolverWarning:Your model has stalled three times and may be violating the bounds. In the future, turn on print_bound_enforce in your solver options here: 
OD0.turb.real_flow.nonlinear_solver.linesearch.options['print_bound_enforce']=True. 
The bound(s) being violated now are:

C:\Users\MEO\Desktop\Projects\JetEngine\boomsonic_v0\.venv\Lib\site-packages\openmdao\solvers\linesearch\backtracking.py:35: SolverWarning:'OD0.turb.real_flow.balance.T' exceeds upper bounds
  Val: [3239.58044491]
  Upper: [2500.]

C:\Users\MEO\Desktop\Projects\JetEngine\boomsonic_v0\.venv\Lib\site-packages\pycycle\thermo\static_ps_resid.py:128: RuntimeWarning: invalid value encountered in sqrt
  Vsonic = (i['gamma']*i['R']*i['Ts'])**0.5
C:\Users\MEO\Desktop\Projects\JetEngine\boomsonic_v0\.venv\Lib\site-packages\pycycle\thermo\static_ps_resid.py:94: RuntimeWarning: invalid value encountered in sqrt
  f2 = MN - inputs['W']*(R_UNIVERSAL_SI*inputs['Ts'])**0.5/(ps_guess*1.0e6*inputs['area']*gamt**0.5)
C:\Users\MEO\Desktop\Projects\JetEngine\boomsonic_v0\.venv\Lib\site-packages\pycycle\thermo\static_ps_resid.py:99: RuntimeWarning: The iteration is not making good progress, as measured by the 
 improvement from the last ten iterations.
  ps_guess, M_guess = fsolve(equations, (ps_guess, M_guess))
C:\Users\MEO\Desktop\Projects\JetEngine\boomsonic_v0\.venv\Lib\site-packages\openmdao\solvers\solver.py:819: SolverWarning:Your model has stalled three times and may be violating the bounds. In the future, turn on print_bound_enforce in your solver options here: 
OD0.nozz.throat_total.nonlinear_solver.linesearch.options['print_bound_enforce']=True. 
The bound(s) being violated now are:

C:\Users\MEO\Desktop\Projects\JetEngine\boomsonic_v0\.venv\Lib\site-packages\openmdao\solvers\linesearch\backtracking.py:35: SolverWarning:'OD0.nozz.throat_total.balance.T' exceeds upper bounds
  Val: [3239.58044491]
  Upper: [2500.]

C:\Users\MEO\Desktop\Projects\JetEngine\boomsonic_v0\.venv\Lib\site-packages\pycycle\thermo\static_ps_resid.py:108: RuntimeWarning: invalid value encountered in sqrt
  Vsonic = (i['gamma']*i['R']*i['Ts'])**0.5
C:\Users\MEO\Desktop\Projects\JetEngine\boomsonic_v0\.venv\Lib\site-packages\pycycle\thermo\static_ps_calc.py:32: RuntimeWarning: invalid value encountered in sqrt
  outputs['Vsonic'] = Vsonic = np.sqrt(inputs['gamma'] * inputs['R'] * inputs['Ts'])
C:\Users\MEO\Desktop\Projects\JetEngine\boomsonic_v0\.venv\Lib\site-packages\pycycle\thermo\static_ps_resid.py:128: RuntimeWarning: invalid value encountered in sqrt
  Vsonic = (i['gamma']*i['R']*i['Ts'])**0.5
C:\Users\MEO\Desktop\Projects\JetEngine\boomsonic_v0\.venv\Lib\site-packages\pycycle\thermo\static_ps_resid.py:94: RuntimeWarning: invalid value encountered in sqrt
  f2 = MN - inputs['W']*(R_UNIVERSAL_SI*inputs['Ts'])**0.5/(ps_guess*1.0e6*inputs['area']*gamt**0.5)
C:\Users\MEO\Desktop\Projects\JetEngine\boomsonic_v0\.venv\Lib\site-packages\pycycle\thermo\static_ps_resid.py:99: RuntimeWarning: The iteration is not making good progress, as measured by the 
 improvement from the last ten iterations.
  ps_guess, M_guess = fsolve(equations, (ps_guess, M_guess))
C:\Users\MEO\Desktop\Projects\JetEngine\boomsonic_v0\.venv\Lib\site-packages\openmdao\solvers\solver.py:819: SolverWarning:Your model has stalled three times and may be violating the bounds. In the future, turn on print_bound_enforce in your solver options here: 
OD0.burner.vitiated_flow.nonlinear_solver.linesearch.options['print_bound_enforce']=True. 
The bound(s) being violated now are:

C:\Users\MEO\Desktop\Projects\JetEngine\boomsonic_v0\.venv\Lib\site-packages\openmdao\solvers\linesearch\backtracking.py:35: SolverWarning:'OD0.burner.vitiated_flow.balance.T' exceeds upper bounds
  Val: [3840.15880212]
  Upper: [2500.]

C:\Users\MEO\Desktop\Projects\JetEngine\boomsonic_v0\.venv\Lib\site-packages\pycycle\thermo\static_ps_resid.py:128: RuntimeWarning: invalid value encountered in sqrt
  Vsonic = (i['gamma']*i['R']*i['Ts'])**0.5
C:\Users\MEO\Desktop\Projects\JetEngine\boomsonic_v0\.venv\Lib\site-packages\pycycle\thermo\static_ps_resid.py:94: RuntimeWarning: invalid value encountered in sqrt
  f2 = MN - inputs['W']*(R_UNIVERSAL_SI*inputs['Ts'])**0.5/(ps_guess*1.0e6*inputs['area']*gamt**0.5)
C:\Users\MEO\Desktop\Projects\JetEngine\boomsonic_v0\.venv\Lib\site-packages\pycycle\thermo\static_ps_resid.py:99: RuntimeWarning: The iteration is not making good progress, as measured by the 
 improvement from the last ten iterations.
  ps_guess, M_guess = fsolve(equations, (ps_guess, M_guess))
C:\Users\MEO\Desktop\Projects\JetEngine\boomsonic_v0\.venv\Lib\site-packages\openmdao\solvers\solver.py:819: SolverWarning:Your model has stalled three times and may be violating the bounds. In the future, turn on print_bound_enforce in your solver options here: 
OD0.turb.real_flow_b4bld.nonlinear_solver.linesearch.options['print_bound_enforce']=True. 
The bound(s) being violated now are:

C:\Users\MEO\Desktop\Projects\JetEngine\boomsonic_v0\.venv\Lib\site-packages\openmdao\solvers\linesearch\backtracking.py:35: SolverWarning:'OD0.turb.real_flow_b4bld.balance.T' exceeds upper bounds
  Val: [3239.58044491]
  Upper: [2500.]

C:\Users\MEO\Desktop\Projects\JetEngine\boomsonic_v0\.venv\Lib\site-packages\openmdao\solvers\solver.py:819: SolverWarning:Your model has stalled three times and may be violating the bounds. In the future, turn on print_bound_enforce in your solver options here: 
OD0.turb.real_flow.nonlinear_solver.linesearch.options['print_bound_enforce']=True. 
The bound(s) being violated now are:

C:\Users\MEO\Desktop\Projects\JetEngine\boomsonic_v0\.venv\Lib\site-packages\openmdao\solvers\linesearch\backtracking.py:35: SolverWarning:'OD0.turb.real_flow.balance.T' exceeds upper bounds
  Val: [3239.58044491]
  Upper: [2500.]

C:\Users\MEO\Desktop\Projects\JetEngine\boomsonic_v0\.venv\Lib\site-packages\pycycle\thermo\static_ps_resid.py:128: RuntimeWarning: invalid value encountered in sqrt
  Vsonic = (i['gamma']*i['R']*i['Ts'])**0.5
C:\Users\MEO\Desktop\Projects\JetEngine\boomsonic_v0\.venv\Lib\site-packages\pycycle\thermo\static_ps_resid.py:94: RuntimeWarning: invalid value encountered in sqrt
  f2 = MN - inputs['W']*(R_UNIVERSAL_SI*inputs['Ts'])**0.5/(ps_guess*1.0e6*inputs['area']*gamt**0.5)
C:\Users\MEO\Desktop\Projects\JetEngine\boomsonic_v0\.venv\Lib\site-packages\pycycle\thermo\static_ps_resid.py:99: RuntimeWarning: The iteration is not making good progress, as measured by the 
 improvement from the last ten iterations.
  ps_guess, M_guess = fsolve(equations, (ps_guess, M_guess))
C:\Users\MEO\Desktop\Projects\JetEngine\boomsonic_v0\.venv\Lib\site-packages\openmdao\solvers\solver.py:819: SolverWarning:Your model has stalled three times and may be violating the bounds. In the future, turn on print_bound_enforce in your solver options here: 
OD0.nozz.throat_total.nonlinear_solver.linesearch.options['print_bound_enforce']=True. 
The bound(s) being violated now are:

C:\Users\MEO\Desktop\Projects\JetEngine\boomsonic_v0\.venv\Lib\site-packages\openmdao\solvers\linesearch\backtracking.py:35: SolverWarning:'OD0.nozz.throat_total.balance.T' exceeds upper bounds
  Val: [3239.58044491]
  Upper: [2500.]

C:\Users\MEO\Desktop\Projects\JetEngine\boomsonic_v0\.venv\Lib\site-packages\pycycle\thermo\static_ps_resid.py:108: RuntimeWarning: invalid value encountered in sqrt
  Vsonic = (i['gamma']*i['R']*i['Ts'])**0.5
C:\Users\MEO\Desktop\Projects\JetEngine\boomsonic_v0\.venv\Lib\site-packages\pycycle\thermo\static_ps_calc.py:32: RuntimeWarning: invalid value encountered in sqrt
  outputs['Vsonic'] = Vsonic = np.sqrt(inputs['gamma'] * inputs['R'] * inputs['Ts'])
C:\Users\MEO\Desktop\Projects\JetEngine\boomsonic_v0\.venv\Lib\site-packages\pycycle\thermo\static_ps_resid.py:128: RuntimeWarning: invalid value encountered in sqrt
  Vsonic = (i['gamma']*i['R']*i['Ts'])**0.5
C:\Users\MEO\Desktop\Projects\JetEngine\boomsonic_v0\.venv\Lib\site-packages\pycycle\thermo\static_ps_resid.py:94: RuntimeWarning: invalid value encountered in sqrt
  f2 = MN - inputs['W']*(R_UNIVERSAL_SI*inputs['Ts'])**0.5/(ps_guess*1.0e6*inputs['area']*gamt**0.5)
C:\Users\MEO\Desktop\Projects\JetEngine\boomsonic_v0\.venv\Lib\site-packages\pycycle\thermo\static_ps_resid.py:99: RuntimeWarning: The iteration is not making good progress, as measured by the 
 improvement from the last ten iterations.
  ps_guess, M_guess = fsolve(equations, (ps_guess, M_guess))
C:\Users\MEO\Desktop\Projects\JetEngine\boomsonic_v0\.venv\Lib\site-packages\pycycle\thermo\static_ps_resid.py:128: RuntimeWarning: invalid value encountered in sqrt
  Vsonic = (i['gamma']*i['R']*i['Ts'])**0.5
C:\Users\MEO\Desktop\Projects\JetEngine\boomsonic_v0\.venv\Lib\site-packages\pycycle\thermo\static_ps_resid.py:128: RuntimeWarning: invalid value encountered in sqrt
  Vsonic = (i['gamma']*i['R']*i['Ts'])**0.5
C:\Users\MEO\Desktop\Projects\JetEngine\boomsonic_v0\.venv\Lib\site-packages\pycycle\thermo\static_ps_resid.py:108: RuntimeWarning: invalid value encountered in sqrt
  Vsonic = (i['gamma']*i['R']*i['Ts'])**0.5
C:\Users\MEO\Desktop\Projects\JetEngine\boomsonic_v0\.venv\Lib\site-packages\openmdao\solvers\solver.py:819: SolverWarning:Your model has stalled three times and may be violating the bounds. In the future, turn on print_bound_enforce in your solver options here: 
OD0.comp.real_flow.nonlinear_solver.linesearch.options['print_bound_enforce']=True. 
The bound(s) being violated now are:

C:\Users\MEO\Desktop\Projects\JetEngine\boomsonic_v0\.venv\Lib\site-packages\openmdao\solvers\linesearch\backtracking.py:39: SolverWarning:'OD0.comp.real_flow.balance.T' exceeds lower bounds
  Val: [-509.45441732]
  Lower: [150.]

C:\Users\MEO\Desktop\Projects\JetEngine\boomsonic_v0\.venv\Lib\site-packages\openmdao\solvers\solver.py:819: SolverWarning:Your model has stalled three times and may be violating the bounds. In the future, turn on print_bound_enforce in your solver options here: 
OD0.comp.sb_flow.nonlinear_solver.linesearch.options['print_bound_enforce']=True. 
The bound(s) being violated now are:

C:\Users\MEO\Desktop\Projects\JetEngine\boomsonic_v0\.venv\Lib\site-packages\openmdao\solvers\linesearch\backtracking.py:39: SolverWarning:'OD0.comp.sb_flow.balance.T' exceeds lower bounds
  Val: [-108.12702673]
  Lower: [150.]

C:\Users\MEO\Desktop\Projects\JetEngine\boomsonic_v0\.venv\Lib\site-packages\openmdao\solvers\solver.py:819: SolverWarning:Your model has stalled three times and may be violating the bounds. In the future, turn on print_bound_enforce in your solver options here: 
OD0.comp.out_stat.nonlinear_solver.linesearch.options['print_bound_enforce']=True. 
The bound(s) being violated now are:

C:\Users\MEO\Desktop\Projects\JetEngine\boomsonic_v0\.venv\Lib\site-packages\openmdao\solvers\linesearch\backtracking.py:39: SolverWarning:'OD0.comp.out_stat.balance.T' exceeds lower bounds
  Val: [-509.42617714]
  Lower: [150.]

C:\Users\MEO\Desktop\Projects\JetEngine\boomsonic_v0\.venv\Lib\site-packages\openmdao\solvers\solver.py:819: SolverWarning:Your model has stalled three times and may be violating the bounds. In the future, turn on print_bound_enforce in your solver options here: 
OD0.burner.vitiated_flow.nonlinear_solver.linesearch.options['print_bound_enforce']=True. 
The bound(s) being violated now are:

C:\Users\MEO\Desktop\Projects\JetEngine\boomsonic_v0\.venv\Lib\site-packages\openmdao\solvers\linesearch\backtracking.py:39: SolverWarning:'OD0.burner.vitiated_flow.balance.T' exceeds lower bounds
  Val: [-227.99605422]
  Lower: [150.]

C:\Users\MEO\Desktop\Projects\JetEngine\boomsonic_v0\.venv\Lib\site-packages\openmdao\solvers\solver.py:819: SolverWarning:Your model has stalled three times and may be violating the bounds. In the future, turn on print_bound_enforce in your solver options here: 
OD0.burner.out_stat.nonlinear_solver.linesearch.options['print_bound_enforce']=True. 
The bound(s) being violated now are:

C:\Users\MEO\Desktop\Projects\JetEngine\boomsonic_v0\.venv\Lib\site-packages\openmdao\solvers\linesearch\backtracking.py:39: SolverWarning:'OD0.burner.out_stat.balance.T' exceeds lower bounds
  Val: [-227.99519464]
  Lower: [150.]

C:\Users\MEO\Desktop\Projects\JetEngine\boomsonic_v0\.venv\Lib\site-packages\pycycle\elements\turbine.py:40: RuntimeWarning: invalid value encountered in sqrt
  outputs['Wp'] = inputs['W_in'] * inputs['Tt']**0.5 / inputs['Pt']
C:\Users\MEO\Desktop\Projects\JetEngine\boomsonic_v0\.venv\Lib\site-packages\pycycle\elements\turbine.py:41: RuntimeWarning: invalid value encountered in power
  outputs['Np'] = inputs['Nmech'] * inputs['Tt']**-0.5
C:\Users\MEO\Desktop\Projects\JetEngine\boomsonic_v0\.venv\Lib\site-packages\openmdao\solvers\solver.py:819: SolverWarning:Your model has stalled three times and may be violating the bounds. In the future, turn on print_bound_enforce in your solver options here: 
OD0.turb.ideal_flow.nonlinear_solver.linesearch.options['print_bound_enforce']=True. 
The bound(s) being violated now are:

C:\Users\MEO\Desktop\Projects\JetEngine\boomsonic_v0\.venv\Lib\site-packages\openmdao\solvers\linesearch\backtracking.py:39: SolverWarning:'OD0.turb.ideal_flow.balance.T' exceeds lower bounds
  Val: [-274.45175429]
  Lower: [150.]

C:\Users\MEO\Desktop\Projects\JetEngine\boomsonic_v0\.venv\Lib\site-packages\openmdao\solvers\solver.py:819: SolverWarning:Your model has stalled three times and may be violating the bounds. In the future, turn on print_bound_enforce in your solver options here: 
OD0.turb.real_flow_b4bld.nonlinear_solver.linesearch.options['print_bound_enforce']=True. 
The bound(s) being violated now are:

C:\Users\MEO\Desktop\Projects\JetEngine\boomsonic_v0\.venv\Lib\site-packages\openmdao\solvers\linesearch\backtracking.py:39: SolverWarning:'OD0.turb.real_flow_b4bld.balance.T' exceeds lower bounds
  Val: [-229.59022739]
  Lower: [150.]

C:\Users\MEO\Desktop\Projects\JetEngine\boomsonic_v0\.venv\Lib\site-packages\openmdao\solvers\solver.py:819: SolverWarning:Your model has stalled three times and may be violating the bounds. In the future, turn on print_bound_enforce in your solver options here: 
OD0.turb.real_flow.nonlinear_solver.linesearch.options['print_bound_enforce']=True. 
The bound(s) being violated now are:

C:\Users\MEO\Desktop\Projects\JetEngine\boomsonic_v0\.venv\Lib\site-packages\openmdao\solvers\linesearch\backtracking.py:39: SolverWarning:'OD0.turb.real_flow.balance.T' exceeds lower bounds
  Val: [-229.59022739]
  Lower: [150.]

C:\Users\MEO\Desktop\Projects\JetEngine\boomsonic_v0\.venv\Lib\site-packages\openmdao\solvers\solver.py:819: SolverWarning:Your model has stalled three times and may be violating the bounds. In the future, turn on print_bound_enforce in your solver options here: 
OD0.turb.out_stat.nonlinear_solver.linesearch.options['print_bound_enforce']=True. 
The bound(s) being violated now are:

C:\Users\MEO\Desktop\Projects\JetEngine\boomsonic_v0\.venv\Lib\site-packages\openmdao\solvers\linesearch\backtracking.py:39: SolverWarning:'OD0.turb.out_stat.balance.T' exceeds lower bounds
  Val: [-229.57547586]
  Lower: [150.]

C:\Users\MEO\Desktop\Projects\JetEngine\boomsonic_v0\.venv\Lib\site-packages\openmdao\solvers\solver.py:819: SolverWarning:Your model has stalled three times and may be violating the bounds. In the future, turn on print_bound_enforce in your solver options here: 
OD0.nozz.throat_total.nonlinear_solver.linesearch.options['print_bound_enforce']=True. 
The bound(s) being violated now are:

C:\Users\MEO\Desktop\Projects\JetEngine\boomsonic_v0\.venv\Lib\site-packages\openmdao\solvers\linesearch\backtracking.py:39: SolverWarning:'OD0.nozz.throat_total.balance.T' exceeds lower bounds
  Val: [-229.59022739]
  Lower: [150.]

C:\Users\MEO\Desktop\Projects\JetEngine\boomsonic_v0\.venv\Lib\site-packages\openmdao\solvers\solver.py:819: SolverWarning:Your model has stalled three times and may be violating the bounds. In the future, turn on print_bound_enforce in your solver options here: 
OD0.nozz.staticMN.nonlinear_solver.linesearch.options['print_bound_enforce']=True. 
The bound(s) being violated now are:

C:\Users\MEO\Desktop\Projects\JetEngine\boomsonic_v0\.venv\Lib\site-packages\openmdao\solvers\linesearch\backtracking.py:39: SolverWarning:'OD0.nozz.staticMN.balance.T' exceeds lower bounds
  Val: [-192.0854156]
  Lower: [150.]

C:\Users\MEO\Desktop\Projects\JetEngine\boomsonic_v0\.venv\Lib\site-packages\openmdao\solvers\solver.py:819: SolverWarning:Your model has stalled three times and may be violating the bounds. In the future, turn on print_bound_enforce in your solver options here: 
OD0.nozz.staticPs.nonlinear_solver.linesearch.options['print_bound_enforce']=True. 
The bound(s) being violated now are:

C:\Users\MEO\Desktop\Projects\JetEngine\boomsonic_v0\.venv\Lib\site-packages\openmdao\solvers\linesearch\backtracking.py:39: SolverWarning:'OD0.nozz.staticPs.balance.T' exceeds lower bounds
  Val: [-229.59026786]
  Lower: [150.]

C:\Users\MEO\Desktop\Projects\JetEngine\boomsonic_v0\.venv\Lib\site-packages\openmdao\solvers\solver.py:819: SolverWarning:Your model has stalled three times and may be violating the bounds. In the future, turn on print_bound_enforce in your solver options here: 
OD0.nozz.ideal_flow.nonlinear_solver.linesearch.options['print_bound_enforce']=True. 
The bound(s) being violated now are:

C:\Users\MEO\Desktop\Projects\JetEngine\boomsonic_v0\.venv\Lib\site-packages\openmdao\solvers\linesearch\backtracking.py:39: SolverWarning:'OD0.nozz.ideal_flow.balance.T' exceeds lower bounds
  Val: [-229.59026786]
  Lower: [150.]

C:\Users\MEO\Desktop\Projects\JetEngine\boomsonic_v0\.venv\Lib\site-packages\pycycle\elements\turbine.py:40: RuntimeWarning: invalid value encountered in sqrt
  outputs['Wp'] = inputs['W_in'] * inputs['Tt']**0.5 / inputs['Pt']
C:\Users\MEO\Desktop\Projects\JetEngine\boomsonic_v0\.venv\Lib\site-packages\pycycle\elements\turbine.py:41: RuntimeWarning: invalid value encountered in power
  outputs['Np'] = inputs['Nmech'] * inputs['Tt']**-0.5
C:\Users\MEO\Desktop\Projects\JetEngine\boomsonic_v0\.venv\Lib\site-packages\openmdao\solvers\solver.py:819: SolverWarning:Your model has stalled three times and may be violating the bounds. In the future, turn on print_bound_enforce in your solver options here: 
OD0.comp.real_flow.nonlinear_solver.linesearch.options['print_bound_enforce']=True. 
The bound(s) being violated now are:

C:\Users\MEO\Desktop\Projects\JetEngine\boomsonic_v0\.venv\Lib\site-packages\openmdao\solvers\linesearch\backtracking.py:39: SolverWarning:'OD0.comp.real_flow.balance.T' exceeds lower bounds
  Val: [-509.45441732]
  Lower: [150.]

C:\Users\MEO\Desktop\Projects\JetEngine\boomsonic_v0\.venv\Lib\site-packages\openmdao\solvers\solver.py:819: SolverWarning:Your model has stalled three times and may be violating the bounds. In the future, turn on print_bound_enforce in your solver options here: 
OD0.comp.sb_flow.nonlinear_solver.linesearch.options['print_bound_enforce']=True. 
The bound(s) being violated now are:

C:\Users\MEO\Desktop\Projects\JetEngine\boomsonic_v0\.venv\Lib\site-packages\openmdao\solvers\linesearch\backtracking.py:39: SolverWarning:'OD0.comp.sb_flow.balance.T' exceeds lower bounds
  Val: [-108.12702673]
  Lower: [150.]

C:\Users\MEO\Desktop\Projects\JetEngine\boomsonic_v0\.venv\Lib\site-packages\openmdao\solvers\solver.py:819: SolverWarning:Your model has stalled three times and may be violating the bounds. In the future, turn on print_bound_enforce in your solver options here: 
OD0.burner.vitiated_flow.nonlinear_solver.linesearch.options['print_bound_enforce']=True. 
The bound(s) being violated now are:

C:\Users\MEO\Desktop\Projects\JetEngine\boomsonic_v0\.venv\Lib\site-packages\openmdao\solvers\linesearch\backtracking.py:39: SolverWarning:'OD0.burner.vitiated_flow.balance.T' exceeds lower bounds
  Val: [-227.99605422]
  Lower: [150.]

C:\Users\MEO\Desktop\Projects\JetEngine\boomsonic_v0\.venv\Lib\site-packages\openmdao\solvers\solver.py:819: SolverWarning:Your model has stalled three times and may be violating the bounds. In the future, turn on print_bound_enforce in your solver options here: 
OD0.turb.ideal_flow.nonlinear_solver.linesearch.options['print_bound_enforce']=True. 
The bound(s) being violated now are:

C:\Users\MEO\Desktop\Projects\JetEngine\boomsonic_v0\.venv\Lib\site-packages\openmdao\solvers\linesearch\backtracking.py:39: SolverWarning:'OD0.turb.ideal_flow.balance.T' exceeds lower bounds
  Val: [103.54662041]
  Lower: [150.]

C:\Users\MEO\Desktop\Projects\JetEngine\boomsonic_v0\.venv\Lib\site-packages\openmdao\solvers\solver.py:819: SolverWarning:Your model has stalled three times and may be violating the bounds. In the future, turn on print_bound_enforce in your solver options here: 
OD0.turb.real_flow_b4bld.nonlinear_solver.linesearch.options['print_bound_enforce']=True. 
The bound(s) being violated now are:

C:\Users\MEO\Desktop\Projects\JetEngine\boomsonic_v0\.venv\Lib\site-packages\openmdao\solvers\linesearch\backtracking.py:39: SolverWarning:'OD0.turb.real_flow_b4bld.balance.T' exceeds lower bounds
  Val: [-215.02675623]
  Lower: [150.]

C:\Users\MEO\Desktop\Projects\JetEngine\boomsonic_v0\.venv\Lib\site-packages\openmdao\solvers\solver.py:819: SolverWarning:Your model has stalled three times and may be violating the bounds. In the future, turn on print_bound_enforce in your solver options here: 
OD0.turb.real_flow.nonlinear_solver.linesearch.options['print_bound_enforce']=True. 
The bound(s) being violated now are:

C:\Users\MEO\Desktop\Projects\JetEngine\boomsonic_v0\.venv\Lib\site-packages\openmdao\solvers\linesearch\backtracking.py:39: SolverWarning:'OD0.turb.real_flow.balance.T' exceeds lower bounds
  Val: [-215.02675623]
  Lower: [150.]

C:\Users\MEO\Desktop\Projects\JetEngine\boomsonic_v0\.venv\Lib\site-packages\pycycle\thermo\static_ps_resid.py:128: RuntimeWarning: invalid value encountered in sqrt
  Vsonic = (i['gamma']*i['R']*i['Ts'])**0.5
C:\Users\MEO\Desktop\Projects\JetEngine\boomsonic_v0\.venv\Lib\site-packages\openmdao\solvers\solver.py:819: SolverWarning:Your model has stalled three times and may be violating the bounds. In the future, turn on print_bound_enforce in your solver options here: 
OD0.nozz.throat_total.nonlinear_solver.linesearch.options['print_bound_enforce']=True. 
The bound(s) being violated now are:

C:\Users\MEO\Desktop\Projects\JetEngine\boomsonic_v0\.venv\Lib\site-packages\openmdao\solvers\linesearch\backtracking.py:39: SolverWarning:'OD0.nozz.throat_total.balance.T' exceeds lower bounds
  Val: [-215.02675623]
  Lower: [150.]

C:\Users\MEO\Desktop\Projects\JetEngine\boomsonic_v0\.venv\Lib\site-packages\openmdao\solvers\solver.py:819: SolverWarning:Your model has stalled three times and may be violating the bounds. In the future, turn on print_bound_enforce in your solver options here: 
OD0.nozz.staticMN.nonlinear_solver.linesearch.options['print_bound_enforce']=True. 
The bound(s) being violated now are:

C:\Users\MEO\Desktop\Projects\JetEngine\boomsonic_v0\.venv\Lib\site-packages\openmdao\solvers\linesearch\backtracking.py:39: SolverWarning:'OD0.nozz.staticMN.balance.T' exceeds lower bounds
  Val: [-179.88004156]
  Lower: [150.]

C:\Users\MEO\Desktop\Projects\JetEngine\boomsonic_v0\.venv\Lib\site-packages\openmdao\solvers\linesearch\backtracking.py:39: SolverWarning:'OD0.nozz.staticMN.ps_resid.Ps' exceeds lower bounds
  Val: [-0.00094926]
  Lower: [-0.0009009]

C:\Users\MEO\Desktop\Projects\JetEngine\boomsonic_v0\.venv\Lib\site-packages\openmdao\solvers\solver.py:819: SolverWarning:Your model has stalled three times and may be violating the bounds. In the future, turn on print_bound_enforce in your solver options here: 
OD0.nozz.staticPs.nonlinear_solver.linesearch.options['print_bound_enforce']=True. 
The bound(s) being violated now are:

C:\Users\MEO\Desktop\Projects\JetEngine\boomsonic_v0\.venv\Lib\site-packages\openmdao\solvers\linesearch\backtracking.py:39: SolverWarning:'OD0.nozz.staticPs.balance.T' exceeds lower bounds
  Val: [149.99995953]
  Lower: [150.]

C:\Users\MEO\Desktop\Projects\JetEngine\boomsonic_v0\.venv\Lib\site-packages\openmdao\solvers\solver.py:819: SolverWarning:Your model has stalled three times and may be violating the bounds. In the future, turn on print_bound_enforce in your solver options here: 
OD0.nozz.ideal_flow.nonlinear_solver.linesearch.options['print_bound_enforce']=True. 
The bound(s) being violated now are:

C:\Users\MEO\Desktop\Projects\JetEngine\boomsonic_v0\.venv\Lib\site-packages\openmdao\solvers\linesearch\backtracking.py:39: SolverWarning:'OD0.nozz.ideal_flow.balance.T' exceeds lower bounds
  Val: [149.99995953]
  Lower: [150.]

C:\Users\MEO\Desktop\Projects\JetEngine\boomsonic_v0\.venv\Lib\site-packages\pycycle\thermo\static_ps_resid.py:128: RuntimeWarning: invalid value encountered in sqrt
  Vsonic = (i['gamma']*i['R']*i['Ts'])**0.5
C:\Users\MEO\Desktop\Projects\JetEngine\boomsonic_v0\.venv\Lib\site-packages\openmdao\solvers\solver.py:819: SolverWarning:Your model has stalled three times and may be violating the bounds. In the future, turn on print_bound_enforce in your solver options here: 
OD0.comp.real_flow.nonlinear_solver.linesearch.options['print_bound_enforce']=True. 
The bound(s) being violated now are:

C:\Users\MEO\Desktop\Projects\JetEngine\boomsonic_v0\.venv\Lib\site-packages\openmdao\solvers\linesearch\backtracking.py:39: SolverWarning:'OD0.comp.real_flow.balance.T' exceeds lower bounds
  Val: [-509.45441732]
  Lower: [150.]

C:\Users\MEO\Desktop\Projects\JetEngine\boomsonic_v0\.venv\Lib\site-packages\openmdao\solvers\solver.py:819: SolverWarning:Your model has stalled three times and may be violating the bounds. In the future, turn on print_bound_enforce in your solver options here: 
OD0.comp.sb_flow.nonlinear_solver.linesearch.options['print_bound_enforce']=True. 
The bound(s) being violated now are:

C:\Users\MEO\Desktop\Projects\JetEngine\boomsonic_v0\.venv\Lib\site-packages\openmdao\solvers\linesearch\backtracking.py:39: SolverWarning:'OD0.comp.sb_flow.balance.T' exceeds lower bounds
  Val: [-108.12702673]
  Lower: [150.]

C:\Users\MEO\Desktop\Projects\JetEngine\boomsonic_v0\.venv\Lib\site-packages\openmdao\solvers\solver.py:819: SolverWarning:Your model has stalled three times and may be violating the bounds. In the future, turn on print_bound_enforce in your solver options here: 
OD0.burner.vitiated_flow.nonlinear_solver.linesearch.options['print_bound_enforce']=True. 
The bound(s) being violated now are:

C:\Users\MEO\Desktop\Projects\JetEngine\boomsonic_v0\.venv\Lib\site-packages\openmdao\solvers\linesearch\backtracking.py:39: SolverWarning:'OD0.burner.vitiated_flow.balance.T' exceeds lower bounds
  Val: [-227.99605422]
  Lower: [150.]

C:\Users\MEO\Desktop\Projects\JetEngine\boomsonic_v0\.venv\Lib\site-packages\openmdao\solvers\solver.py:819: SolverWarning:Your model has stalled three times and may be violating the bounds. In the future, turn on print_bound_enforce in your solver options here: 
OD0.turb.ideal_flow.nonlinear_solver.linesearch.options['print_bound_enforce']=True. 
The bound(s) being violated now are:

C:\Users\MEO\Desktop\Projects\JetEngine\boomsonic_v0\.venv\Lib\site-packages\openmdao\solvers\linesearch\backtracking.py:39: SolverWarning:'OD0.turb.ideal_flow.balance.T' exceeds lower bounds
  Val: [103.54662041]
  Lower: [150.]

C:\Users\MEO\Desktop\Projects\JetEngine\boomsonic_v0\.venv\Lib\site-packages\openmdao\solvers\solver.py:819: SolverWarning:Your model has stalled three times and may be violating the bounds. In the future, turn on print_bound_enforce in your solver options here: 
OD0.turb.real_flow_b4bld.nonlinear_solver.linesearch.options['print_bound_enforce']=True. 
The bound(s) being violated now are:

C:\Users\MEO\Desktop\Projects\JetEngine\boomsonic_v0\.venv\Lib\site-packages\openmdao\solvers\linesearch\backtracking.py:39: SolverWarning:'OD0.turb.real_flow_b4bld.balance.T' exceeds lower bounds
  Val: [-215.02675623]
  Lower: [150.]

C:\Users\MEO\Desktop\Projects\JetEngine\boomsonic_v0\.venv\Lib\site-packages\openmdao\solvers\solver.py:819: SolverWarning:Your model has stalled three times and may be violating the bounds. In the future, turn on print_bound_enforce in your solver options here: 
OD0.turb.real_flow.nonlinear_solver.linesearch.options['print_bound_enforce']=True. 
The bound(s) being violated now are:

C:\Users\MEO\Desktop\Projects\JetEngine\boomsonic_v0\.venv\Lib\site-packages\openmdao\solvers\linesearch\backtracking.py:39: SolverWarning:'OD0.turb.real_flow.balance.T' exceeds lower bounds
  Val: [-215.02675623]
  Lower: [150.]

C:\Users\MEO\Desktop\Projects\JetEngine\boomsonic_v0\.venv\Lib\site-packages\pycycle\thermo\static_ps_resid.py:128: RuntimeWarning: invalid value encountered in sqrt
  Vsonic = (i['gamma']*i['R']*i['Ts'])**0.5
C:\Users\MEO\Desktop\Projects\JetEngine\boomsonic_v0\.venv\Lib\site-packages\openmdao\solvers\solver.py:819: SolverWarning:Your model has stalled three times and may be violating the bounds. In the future, turn on print_bound_enforce in your solver options here: 
OD0.turb.out_stat.nonlinear_solver.linesearch.options['print_bound_enforce']=True. 
The bound(s) being violated now are:

C:\Users\MEO\Desktop\Projects\JetEngine\boomsonic_v0\.venv\Lib\site-packages\openmdao\solvers\linesearch\backtracking.py:39: SolverWarning:'OD0.turb.out_stat.balance.T' exceeds lower bounds
  Val: [-251.08552684]
  Lower: [150.]

C:\Users\MEO\Desktop\Projects\JetEngine\boomsonic_v0\.venv\Lib\site-packages\openmdao\solvers\linesearch\backtracking.py:39: SolverWarning:'OD0.turb.out_stat.ps_resid.Ps' exceeds lower bounds
  Val: [-0.00111327]
  Lower: [-0.0009009]

C:\Users\MEO\Desktop\Projects\JetEngine\boomsonic_v0\.venv\Lib\site-packages\openmdao\solvers\solver.py:819: SolverWarning:Your model has stalled three times and may be violating the bounds. In the future, turn on print_bound_enforce in your solver options here: 
OD0.nozz.throat_total.nonlinear_solver.linesearch.options['print_bound_enforce']=True. 
The bound(s) being violated now are:

C:\Users\MEO\Desktop\Projects\JetEngine\boomsonic_v0\.venv\Lib\site-packages\openmdao\solvers\linesearch\backtracking.py:39: SolverWarning:'OD0.nozz.throat_total.balance.T' exceeds lower bounds
  Val: [-215.02675623]
  Lower: [150.]

C:\Users\MEO\Desktop\Projects\JetEngine\boomsonic_v0\.venv\Lib\site-packages\openmdao\solvers\solver.py:819: SolverWarning:Your model has stalled three times and may be violating the bounds. In the future, turn on print_bound_enforce in your solver options here: 
OD0.nozz.staticMN.nonlinear_solver.linesearch.options['print_bound_enforce']=True. 
The bound(s) being violated now are:

C:\Users\MEO\Desktop\Projects\JetEngine\boomsonic_v0\.venv\Lib\site-packages\openmdao\solvers\linesearch\backtracking.py:39: SolverWarning:'OD0.nozz.staticMN.balance.T' exceeds lower bounds
  Val: [-178.83189845]
  Lower: [150.]

C:\Users\MEO\Desktop\Projects\JetEngine\boomsonic_v0\.venv\Lib\site-packages\openmdao\solvers\linesearch\backtracking.py:39: SolverWarning:'OD0.nozz.staticMN.ps_resid.Ps' exceeds lower bounds
  Val: [-0.00094684]
  Lower: [-0.0009009]

C:\Users\MEO\Desktop\Projects\JetEngine\boomsonic_v0\.venv\Lib\site-packages\openmdao\solvers\solver.py:819: SolverWarning:Your model has stalled three times and may be violating the bounds. In the future, turn on print_bound_enforce in your solver options here: 
OD0.nozz.staticPs.nonlinear_solver.linesearch.options['print_bound_enforce']=True. 
The bound(s) being violated now are:

C:\Users\MEO\Desktop\Projects\JetEngine\boomsonic_v0\.venv\Lib\site-packages\openmdao\solvers\linesearch\backtracking.py:39: SolverWarning:'OD0.nozz.staticPs.balance.T' exceeds lower bounds
  Val: [149.99995953]
  Lower: [150.]

C:\Users\MEO\Desktop\Projects\JetEngine\boomsonic_v0\.venv\Lib\site-packages\openmdao\solvers\solver.py:819: SolverWarning:Your model has stalled three times and may be violating the bounds. In the future, turn on print_bound_enforce in your solver options here: 
OD0.nozz.ideal_flow.nonlinear_solver.linesearch.options['print_bound_enforce']=True. 
The bound(s) being violated now are:

C:\Users\MEO\Desktop\Projects\JetEngine\boomsonic_v0\.venv\Lib\site-packages\openmdao\solvers\linesearch\backtracking.py:39: SolverWarning:'OD0.nozz.ideal_flow.balance.T' exceeds lower bounds
  Val: [149.99995953]
  Lower: [150.]

C:\Users\MEO\Desktop\Projects\JetEngine\boomsonic_v0\.venv\Lib\site-packages\pycycle\elements\turbine.py:40: RuntimeWarning: invalid value encountered in sqrt
  outputs['Wp'] = inputs['W_in'] * inputs['Tt']**0.5 / inputs['Pt']
C:\Users\MEO\Desktop\Projects\JetEngine\boomsonic_v0\.venv\Lib\site-packages\pycycle\elements\turbine.py:41: RuntimeWarning: invalid value encountered in power
  outputs['Np'] = inputs['Nmech'] * inputs['Tt']**-0.5
C:\Users\MEO\Desktop\Projects\JetEngine\boomsonic_v0\.venv\Lib\site-packages\pycycle\elements\turbine.py:89: RuntimeWarning: invalid value encountered in log
  outputs['eff_poly'] = 1 + (S_out-S_in)/(Rt*np.log(invPR))
C:\Users\MEO\Desktop\Projects\JetEngine\boomsonic_v0\.venv\Lib\site-packages\pycycle\thermo\static_ps_resid.py:128: RuntimeWarning: invalid value encountered in sqrt
  Vsonic = (i['gamma']*i['R']*i['Ts'])**0.5
C:\Users\MEO\Desktop\Projects\JetEngine\boomsonic_v0\.venv\Lib\site-packages\pycycle\thermo\static_ps_resid.py:108: RuntimeWarning: invalid value encountered in sqrt
  Vsonic = (i['gamma']*i['R']*i['Ts'])**0.5
C:\Users\MEO\Desktop\Projects\JetEngine\boomsonic_v0\.venv\Lib\site-packages\pycycle\thermo\static_ps_calc.py:32: RuntimeWarning: invalid value encountered in sqrt
  outputs['Vsonic'] = Vsonic = np.sqrt(inputs['gamma'] * inputs['R'] * inputs['Ts'])
C:\Users\MEO\Desktop\Projects\JetEngine\boomsonic_v0\.venv\Lib\site-packages\pycycle\thermo\static_ps_resid.py:128: RuntimeWarning: invalid value encountered in sqrt
  Vsonic = (i['gamma']*i['R']*i['Ts'])**0.5
C:\Users\MEO\Desktop\Projects\JetEngine\boomsonic_v0\.venv\Lib\site-packages\pycycle\thermo\static_ps_resid.py:128: RuntimeWarning: invalid value encountered in sqrt
  Vsonic = (i['gamma']*i['R']*i['Ts'])**0.5
C:\Users\MEO\Desktop\Projects\JetEngine\boomsonic_v0\.venv\Lib\site-packages\pycycle\thermo\static_ps_resid.py:128: RuntimeWarning: invalid value encountered in sqrt
  Vsonic = (i['gamma']*i['R']*i['Ts'])**0.5
C:\Users\MEO\Desktop\Projects\JetEngine\boomsonic_v0\.venv\Lib\site-packages\pycycle\thermo\static_ps_resid.py:128: RuntimeWarning: invalid value encountered in sqrt
  Vsonic = (i['gamma']*i['R']*i['Ts'])**0.5
C:\Users\MEO\Desktop\Projects\JetEngine\boomsonic_v0\.venv\Lib\site-packages\pycycle\thermo\static_ps_resid.py:128: RuntimeWarning: invalid value encountered in sqrt
  Vsonic = (i['gamma']*i['R']*i['Ts'])**0.5
C:\Users\MEO\Desktop\Projects\JetEngine\boomsonic_v0\.venv\Lib\site-packages\pycycle\thermo\static_ps_resid.py:128: RuntimeWarning: invalid value encountered in sqrt
  Vsonic = (i['gamma']*i['R']*i['Ts'])**0.5
C:\Users\MEO\Desktop\Projects\JetEngine\boomsonic_v0\.venv\Lib\site-packages\pycycle\thermo\static_ps_resid.py:128: RuntimeWarning: invalid value encountered in sqrt
  Vsonic = (i['gamma']*i['R']*i['Ts'])**0.5
C:\Users\MEO\Desktop\Projects\JetEngine\boomsonic_v0\.venv\Lib\site-packages\pycycle\thermo\static_ps_resid.py:128: RuntimeWarning: invalid value encountered in sqrt
  Vsonic = (i['gamma']*i['R']*i['Ts'])**0.5
C:\Users\MEO\Desktop\Projects\JetEngine\boomsonic_v0\.venv\Lib\site-packages\pycycle\thermo\static_ps_resid.py:128: RuntimeWarning: invalid value encountered in sqrt
  Vsonic = (i['gamma']*i['R']*i['Ts'])**0.5
C:\Users\MEO\Desktop\Projects\JetEngine\boomsonic_v0\.venv\Lib\site-packages\pycycle\thermo\static_ps_resid.py:108: RuntimeWarning: invalid value encountered in sqrt
  Vsonic = (i['gamma']*i['R']*i['Ts'])**0.5
C:\Users\MEO\Desktop\Projects\JetEngine\boomsonic_v0\.venv\Lib\site-packages\openmdao\solvers\solver.py:819: SolverWarning:Your model has stalled three times and may be violating the bounds. In the future, turn on print_bound_enforce in your solver options here: 
OD0.nozz.staticPs.nonlinear_solver.linesearch.options['print_bound_enforce']=True. 
The bound(s) being violated now are:

C:\Users\MEO\Desktop\Projects\JetEngine\boomsonic_v0\.venv\Lib\site-packages\openmdao\solvers\linesearch\backtracking.py:39: SolverWarning:'OD0.nozz.staticPs.balance.T' exceeds lower bounds
  Val: [-59.05353974]
  Lower: [150.]

C:\Users\MEO\Desktop\Projects\JetEngine\boomsonic_v0\.venv\Lib\site-packages\openmdao\solvers\solver.py:819: SolverWarning:Your model has stalled three times and may be violating the bounds. In the future, turn on print_bound_enforce in your solver options here: 
OD0.nozz.ideal_flow.nonlinear_solver.linesearch.options['print_bound_enforce']=True. 
The bound(s) being violated now are:

C:\Users\MEO\Desktop\Projects\JetEngine\boomsonic_v0\.venv\Lib\site-packages\openmdao\solvers\linesearch\backtracking.py:39: SolverWarning:'OD0.nozz.ideal_flow.balance.T' exceeds lower bounds
  Val: [-59.05353974]
  Lower: [150.]

C:\Users\MEO\Desktop\Projects\JetEngine\boomsonic_v0\.venv\Lib\site-packages\pycycle\thermo\static_ps_resid.py:128: RuntimeWarning: invalid value encountered in sqrt
  Vsonic = (i['gamma']*i['R']*i['Ts'])**0.5
C:\Users\MEO\Desktop\Projects\JetEngine\boomsonic_v0\.venv\Lib\site-packages\pycycle\thermo\static_ps_resid.py:128: RuntimeWarning: invalid value encountered in sqrt
  Vsonic = (i['gamma']*i['R']*i['Ts'])**0.5
C:\Users\MEO\Desktop\Projects\JetEngine\boomsonic_v0\.venv\Lib\site-packages\pycycle\thermo\static_ps_resid.py:128: RuntimeWarning: invalid value encountered in sqrt
  Vsonic = (i['gamma']*i['R']*i['Ts'])**0.5
C:\Users\MEO\Desktop\Projects\JetEngine\boomsonic_v0\.venv\Lib\site-packages\pycycle\thermo\static_ps_resid.py:128: RuntimeWarning: invalid value encountered in sqrt
  Vsonic = (i['gamma']*i['R']*i['Ts'])**0.5
C:\Users\MEO\Desktop\Projects\JetEngine\boomsonic_v0\.venv\Lib\site-packages\pycycle\thermo\static_ps_resid.py:128: RuntimeWarning: invalid value encountered in sqrt
  Vsonic = (i['gamma']*i['R']*i['Ts'])**0.5
C:\Users\MEO\Desktop\Projects\JetEngine\boomsonic_v0\.venv\Lib\site-packages\openmdao\solvers\solver.py:819: SolverWarning:Your model has stalled three times and may be violating the bounds. In the future, turn on print_bound_enforce in your solver options here: 
OD0.comp.real_flow.nonlinear_solver.linesearch.options['print_bound_enforce']=True. 
The bound(s) being violated now are:

C:\Users\MEO\Desktop\Projects\JetEngine\boomsonic_v0\.venv\Lib\site-packages\openmdao\solvers\linesearch\backtracking.py:39: SolverWarning:'OD0.comp.real_flow.balance.T' exceeds lower bounds
  Val: [-80730.13399451]
  Lower: [150.]

C:\Users\MEO\Desktop\Projects\JetEngine\boomsonic_v0\.venv\Lib\site-packages\openmdao\solvers\solver.py:819: SolverWarning:Your model has stalled three times and may be violating the bounds. In the future, turn on print_bound_enforce in your solver options here: 
OD0.comp.sb_flow.nonlinear_solver.linesearch.options['print_bound_enforce']=True. 
The bound(s) being violated now are:

C:\Users\MEO\Desktop\Projects\JetEngine\boomsonic_v0\.venv\Lib\site-packages\openmdao\solvers\linesearch\backtracking.py:39: SolverWarning:'OD0.comp.sb_flow.balance.T' exceeds lower bounds
  Val: [-39960.26244197]
  Lower: [150.]

C:\Users\MEO\Desktop\Projects\JetEngine\boomsonic_v0\.venv\Lib\site-packages\pycycle\thermo\static_ps_resid.py:94: RuntimeWarning: invalid value encountered in sqrt
  f2 = MN - inputs['W']*(R_UNIVERSAL_SI*inputs['Ts'])**0.5/(ps_guess*1.0e6*inputs['area']*gamt**0.5)
C:\Users\MEO\Desktop\Projects\JetEngine\boomsonic_v0\.venv\Lib\site-packages\pycycle\thermo\static_ps_resid.py:99: RuntimeWarning: The iteration is not making good progress, as measured by the 
 improvement from the last ten iterations.
  ps_guess, M_guess = fsolve(equations, (ps_guess, M_guess))
C:\Users\MEO\Desktop\Projects\JetEngine\boomsonic_v0\.venv\Lib\site-packages\pycycle\thermo\static_ps_resid.py:128: RuntimeWarning: invalid value encountered in sqrt
  Vsonic = (i['gamma']*i['R']*i['Ts'])**0.5
C:\Users\MEO\Desktop\Projects\JetEngine\boomsonic_v0\.venv\Lib\site-packages\pycycle\thermo\static_ps_resid.py:128: RuntimeWarning: invalid value encountered in sqrt
  Vsonic = (i['gamma']*i['R']*i['Ts'])**0.5
C:\Users\MEO\Desktop\Projects\JetEngine\boomsonic_v0\.venv\Lib\site-packages\pycycle\thermo\static_ps_resid.py:128: RuntimeWarning: invalid value encountered in sqrt
  Vsonic = (i['gamma']*i['R']*i['Ts'])**0.5
C:\Users\MEO\Desktop\Projects\JetEngine\boomsonic_v0\.venv\Lib\site-packages\pycycle\thermo\static_ps_resid.py:128: RuntimeWarning: invalid value encountered in sqrt
  Vsonic = (i['gamma']*i['R']*i['Ts'])**0.5
C:\Users\MEO\Desktop\Projects\JetEngine\boomsonic_v0\.venv\Lib\site-packages\pycycle\thermo\static_ps_resid.py:128: RuntimeWarning: invalid value encountered in sqrt
  Vsonic = (i['gamma']*i['R']*i['Ts'])**0.5
C:\Users\MEO\Desktop\Projects\JetEngine\boomsonic_v0\.venv\Lib\site-packages\pycycle\thermo\static_ps_resid.py:128: RuntimeWarning: invalid value encountered in sqrt
  Vsonic = (i['gamma']*i['R']*i['Ts'])**0.5
C:\Users\MEO\Desktop\Projects\JetEngine\boomsonic_v0\.venv\Lib\site-packages\pycycle\thermo\static_ps_resid.py:128: RuntimeWarning: invalid value encountered in sqrt
  Vsonic = (i['gamma']*i['R']*i['Ts'])**0.5
C:\Users\MEO\Desktop\Projects\JetEngine\boomsonic_v0\.venv\Lib\site-packages\openmdao\solvers\solver.py:819: SolverWarning:Your model has stalled three times and may be violating the bounds. In the future, turn on print_bound_enforce in your solver options here: 
OD0.burner.vitiated_flow.nonlinear_solver.linesearch.options['print_bound_enforce']=True. 
The bound(s) being violated now are:

C:\Users\MEO\Desktop\Projects\JetEngine\boomsonic_v0\.venv\Lib\site-packages\openmdao\solvers\linesearch\backtracking.py:39: SolverWarning:'OD0.burner.vitiated_flow.balance.T' exceeds lower bounds
  Val: [-79801.69012649]
  Lower: [150.]

C:\Users\MEO\Desktop\Projects\JetEngine\boomsonic_v0\.venv\Lib\site-packages\pycycle\thermo\static_ps_resid.py:94: RuntimeWarning: invalid value encountered in sqrt
  f2 = MN - inputs['W']*(R_UNIVERSAL_SI*inputs['Ts'])**0.5/(ps_guess*1.0e6*inputs['area']*gamt**0.5)
C:\Users\MEO\Desktop\Projects\JetEngine\boomsonic_v0\.venv\Lib\site-packages\pycycle\thermo\static_ps_resid.py:99: RuntimeWarning: The iteration is not making good progress, as measured by the 
 improvement from the last ten iterations.
  ps_guess, M_guess = fsolve(equations, (ps_guess, M_guess))
C:\Users\MEO\Desktop\Projects\JetEngine\boomsonic_v0\.venv\Lib\site-packages\pycycle\thermo\static_ps_resid.py:128: RuntimeWarning: invalid value encountered in sqrt
  Vsonic = (i['gamma']*i['R']*i['Ts'])**0.5
C:\Users\MEO\Desktop\Projects\JetEngine\boomsonic_v0\.venv\Lib\site-packages\pycycle\thermo\static_ps_resid.py:128: RuntimeWarning: invalid value encountered in sqrt
  Vsonic = (i['gamma']*i['R']*i['Ts'])**0.5
C:\Users\MEO\Desktop\Projects\JetEngine\boomsonic_v0\.venv\Lib\site-packages\pycycle\thermo\static_ps_resid.py:128: RuntimeWarning: invalid value encountered in sqrt
  Vsonic = (i['gamma']*i['R']*i['Ts'])**0.5
C:\Users\MEO\Desktop\Projects\JetEngine\boomsonic_v0\.venv\Lib\site-packages\pycycle\thermo\static_ps_resid.py:128: RuntimeWarning: invalid value encountered in sqrt
  Vsonic = (i['gamma']*i['R']*i['Ts'])**0.5
C:\Users\MEO\Desktop\Projects\JetEngine\boomsonic_v0\.venv\Lib\site-packages\pycycle\thermo\static_ps_resid.py:128: RuntimeWarning: invalid value encountered in sqrt
  Vsonic = (i['gamma']*i['R']*i['Ts'])**0.5
C:\Users\MEO\Desktop\Projects\JetEngine\boomsonic_v0\.venv\Lib\site-packages\pycycle\thermo\static_ps_resid.py:128: RuntimeWarning: invalid value encountered in sqrt
  Vsonic = (i['gamma']*i['R']*i['Ts'])**0.5
C:\Users\MEO\Desktop\Projects\JetEngine\boomsonic_v0\.venv\Lib\site-packages\pycycle\elements\turbine.py:40: RuntimeWarning: invalid value encountered in sqrt
  outputs['Wp'] = inputs['W_in'] * inputs['Tt']**0.5 / inputs['Pt']
C:\Users\MEO\Desktop\Projects\JetEngine\boomsonic_v0\.venv\Lib\site-packages\pycycle\elements\turbine.py:41: RuntimeWarning: invalid value encountered in power
  outputs['Np'] = inputs['Nmech'] * inputs['Tt']**-0.5
C:\Users\MEO\Desktop\Projects\JetEngine\boomsonic_v0\.venv\Lib\site-packages\openmdao\solvers\solver.py:819: SolverWarning:Your model has stalled three times and may be violating the bounds. In the future, turn on print_bound_enforce in your solver options here: 
OD0.turb.ideal_flow.nonlinear_solver.linesearch.options['print_bound_enforce']=True. 
The bound(s) being violated now are:

C:\Users\MEO\Desktop\Projects\JetEngine\boomsonic_v0\.venv\Lib\site-packages\openmdao\solvers\linesearch\backtracking.py:39: SolverWarning:'OD0.turb.ideal_flow.balance.T' exceeds lower bounds
  Val: [-79848.32144949]
  Lower: [150.]

C:\Users\MEO\Desktop\Projects\JetEngine\boomsonic_v0\.venv\Lib\site-packages\openmdao\solvers\solver.py:819: SolverWarning:Your model has stalled three times and may be violating the bounds. In the future, turn on print_bound_enforce in your solver options here: 
OD0.turb.real_flow_b4bld.nonlinear_solver.linesearch.options['print_bound_enforce']=True. 
The bound(s) being violated now are:

C:\Users\MEO\Desktop\Projects\JetEngine\boomsonic_v0\.venv\Lib\site-packages\openmdao\solvers\linesearch\backtracking.py:39: SolverWarning:'OD0.turb.real_flow_b4bld.balance.T' exceeds lower bounds
  Val: [-79803.48556433]
  Lower: [150.]

C:\Users\MEO\Desktop\Projects\JetEngine\boomsonic_v0\.venv\Lib\site-packages\openmdao\solvers\solver.py:819: SolverWarning:Your model has stalled three times and may be violating the bounds. In the future, turn on print_bound_enforce in your solver options here: 
OD0.turb.real_flow.nonlinear_solver.linesearch.options['print_bound_enforce']=True. 
The bound(s) being violated now are:

C:\Users\MEO\Desktop\Projects\JetEngine\boomsonic_v0\.venv\Lib\site-packages\openmdao\solvers\linesearch\backtracking.py:39: SolverWarning:'OD0.turb.real_flow.balance.T' exceeds lower bounds
  Val: [-79803.48556433]
  Lower: [150.]

C:\Users\MEO\Desktop\Projects\JetEngine\boomsonic_v0\.venv\Lib\site-packages\pycycle\thermo\static_ps_resid.py:94: RuntimeWarning: invalid value encountered in sqrt
  f2 = MN - inputs['W']*(R_UNIVERSAL_SI*inputs['Ts'])**0.5/(ps_guess*1.0e6*inputs['area']*gamt**0.5)
C:\Users\MEO\Desktop\Projects\JetEngine\boomsonic_v0\.venv\Lib\site-packages\pycycle\thermo\static_ps_resid.py:99: RuntimeWarning: The iteration is not making good progress, as measured by the 
 improvement from the last ten iterations.
  ps_guess, M_guess = fsolve(equations, (ps_guess, M_guess))
C:\Users\MEO\Desktop\Projects\JetEngine\boomsonic_v0\.venv\Lib\site-packages\pycycle\thermo\static_ps_resid.py:128: RuntimeWarning: invalid value encountered in sqrt
  Vsonic = (i['gamma']*i['R']*i['Ts'])**0.5
C:\Users\MEO\Desktop\Projects\JetEngine\boomsonic_v0\.venv\Lib\site-packages\pycycle\thermo\static_ps_resid.py:128: RuntimeWarning: invalid value encountered in sqrt
  Vsonic = (i['gamma']*i['R']*i['Ts'])**0.5
C:\Users\MEO\Desktop\Projects\JetEngine\boomsonic_v0\.venv\Lib\site-packages\pycycle\thermo\static_ps_resid.py:128: RuntimeWarning: invalid value encountered in sqrt
  Vsonic = (i['gamma']*i['R']*i['Ts'])**0.5
C:\Users\MEO\Desktop\Projects\JetEngine\boomsonic_v0\.venv\Lib\site-packages\pycycle\thermo\static_ps_resid.py:128: RuntimeWarning: invalid value encountered in sqrt
  Vsonic = (i['gamma']*i['R']*i['Ts'])**0.5
C:\Users\MEO\Desktop\Projects\JetEngine\boomsonic_v0\.venv\Lib\site-packages\pycycle\thermo\static_ps_resid.py:128: RuntimeWarning: invalid value encountered in sqrt
  Vsonic = (i['gamma']*i['R']*i['Ts'])**0.5
C:\Users\MEO\Desktop\Projects\JetEngine\boomsonic_v0\.venv\Lib\site-packages\pycycle\thermo\static_ps_resid.py:128: RuntimeWarning: invalid value encountered in sqrt
  Vsonic = (i['gamma']*i['R']*i['Ts'])**0.5
C:\Users\MEO\Desktop\Projects\JetEngine\boomsonic_v0\.venv\Lib\site-packages\openmdao\solvers\solver.py:819: SolverWarning:Your model has stalled three times and may be violating the bounds. In the future, turn on print_bound_enforce in your solver options here: 
OD0.nozz.throat_total.nonlinear_solver.linesearch.options['print_bound_enforce']=True. 
The bound(s) being violated now are:

C:\Users\MEO\Desktop\Projects\JetEngine\boomsonic_v0\.venv\Lib\site-packages\openmdao\solvers\linesearch\backtracking.py:39: SolverWarning:'OD0.nozz.throat_total.balance.T' exceeds lower bounds
  Val: [-79803.48556433]
  Lower: [150.]

C:\Users\MEO\Desktop\Projects\JetEngine\boomsonic_v0\.venv\Lib\site-packages\pycycle\thermo\static_ps_resid.py:83: RuntimeWarning: invalid value encountered in power
  ps_guess = inputs['guess:Pt'] * (1 + (gamt-1)/2 * inputs['MN']**2)**(-gamt/(gamt-1))
C:\Users\MEO\Desktop\Projects\JetEngine\boomsonic_v0\.venv\Lib\site-packages\pycycle\thermo\static_ps_resid.py:108: RuntimeWarning: invalid value encountered in sqrt
  Vsonic = (i['gamma']*i['R']*i['Ts'])**0.5
C:\Users\MEO\Desktop\Projects\JetEngine\boomsonic_v0\.venv\Lib\site-packages\pycycle\thermo\static_ps_resid.py:108: RuntimeWarning: invalid value encountered in sqrt
  Vsonic = (i['gamma']*i['R']*i['Ts'])**0.5
C:\Users\MEO\Desktop\Projects\JetEngine\boomsonic_v0\.venv\Lib\site-packages\pycycle\thermo\static_ps_resid.py:108: RuntimeWarning: invalid value encountered in sqrt
  Vsonic = (i['gamma']*i['R']*i['Ts'])**0.5
C:\Users\MEO\Desktop\Projects\JetEngine\boomsonic_v0\.venv\Lib\site-packages\pycycle\thermo\static_ps_resid.py:108: RuntimeWarning: invalid value encountered in sqrt
  Vsonic = (i['gamma']*i['R']*i['Ts'])**0.5
C:\Users\MEO\Desktop\Projects\JetEngine\boomsonic_v0\.venv\Lib\site-packages\pycycle\thermo\static_ps_resid.py:108: RuntimeWarning: invalid value encountered in sqrt
  Vsonic = (i['gamma']*i['R']*i['Ts'])**0.5
C:\Users\MEO\Desktop\Projects\JetEngine\boomsonic_v0\.venv\Lib\site-packages\pycycle\thermo\static_ps_resid.py:108: RuntimeWarning: invalid value encountered in sqrt
  Vsonic = (i['gamma']*i['R']*i['Ts'])**0.5
C:\Users\MEO\Desktop\Projects\JetEngine\boomsonic_v0\.venv\Lib\site-packages\pycycle\thermo\static_ps_calc.py:32: RuntimeWarning: invalid value encountered in sqrt
  outputs['Vsonic'] = Vsonic = np.sqrt(inputs['gamma'] * inputs['R'] * inputs['Ts'])
C:\Users\MEO\Desktop\Projects\JetEngine\boomsonic_v0\.venv\Lib\site-packages\pycycle\thermo\static_ps_calc.py:32: RuntimeWarning: invalid value encountered in sqrt
  outputs['Vsonic'] = Vsonic = np.sqrt(inputs['gamma'] * inputs['R'] * inputs['Ts'])
C:\Users\MEO\Desktop\Projects\JetEngine\boomsonic_v0\.venv\Lib\site-packages\pycycle\thermo\static_ps_calc.py:32: RuntimeWarning: invalid value encountered in sqrt
  outputs['Vsonic'] = Vsonic = np.sqrt(inputs['gamma'] * inputs['R'] * inputs['Ts'])
C:\Users\MEO\Desktop\Projects\JetEngine\boomsonic_v0\.venv\Lib\site-packages\pycycle\thermo\static_ps_calc.py:32: RuntimeWarning: invalid value encountered in sqrt
  outputs['Vsonic'] = Vsonic = np.sqrt(inputs['gamma'] * inputs['R'] * inputs['Ts'])
C:\Users\MEO\Desktop\Projects\JetEngine\boomsonic_v0\.venv\Lib\site-packages\pycycle\thermo\static_ps_calc.py:32: RuntimeWarning: invalid value encountered in sqrt
  outputs['Vsonic'] = Vsonic = np.sqrt(inputs['gamma'] * inputs['R'] * inputs['Ts'])
C:\Users\MEO\Desktop\Projects\JetEngine\boomsonic_v0\.venv\Lib\site-packages\pycycle\thermo\static_ps_calc.py:32: RuntimeWarning: invalid value encountered in sqrt
  outputs['Vsonic'] = Vsonic = np.sqrt(inputs['gamma'] * inputs['R'] * inputs['Ts'])
C:\Users\MEO\Desktop\Projects\JetEngine\boomsonic_v0\.venv\Lib\site-packages\pycycle\thermo\static_ps_calc.py:32: RuntimeWarning: invalid value encountered in sqrt
  outputs['Vsonic'] = Vsonic = np.sqrt(inputs['gamma'] * inputs['R'] * inputs['Ts'])
C:\Users\MEO\Desktop\Projects\JetEngine\boomsonic_v0\.venv\Lib\site-packages\pycycle\thermo\static_ps_calc.py:32: RuntimeWarning: invalid value encountered in sqrt
  outputs['Vsonic'] = Vsonic = np.sqrt(inputs['gamma'] * inputs['R'] * inputs['Ts'])
C:\Users\MEO\Desktop\Projects\JetEngine\boomsonic_v0\.venv\Lib\site-packages\pycycle\thermo\static_ps_calc.py:32: RuntimeWarning: invalid value encountered in sqrt
  outputs['Vsonic'] = Vsonic = np.sqrt(inputs['gamma'] * inputs['R'] * inputs['Ts'])
C:\Users\MEO\Desktop\Projects\JetEngine\boomsonic_v0\.venv\Lib\site-packages\pycycle\thermo\static_ps_calc.py:32: RuntimeWarning: invalid value encountered in sqrt
  outputs['Vsonic'] = Vsonic = np.sqrt(inputs['gamma'] * inputs['R'] * inputs['Ts'])
C:\Users\MEO\Desktop\Projects\JetEngine\boomsonic_v0\.venv\Lib\site-packages\pycycle\thermo\static_ps_resid.py:128: RuntimeWarning: invalid value encountered in sqrt
  Vsonic = (i['gamma']*i['R']*i['Ts'])**0.5
C:\Users\MEO\Desktop\Projects\JetEngine\boomsonic_v0\.venv\Lib\site-packages\pycycle\elements\turbine.py:40: RuntimeWarning: invalid value encountered in sqrt
  outputs['Wp'] = inputs['W_in'] * inputs['Tt']**0.5 / inputs['Pt']
C:\Users\MEO\Desktop\Projects\JetEngine\boomsonic_v0\.venv\Lib\site-packages\pycycle\elements\turbine.py:41: RuntimeWarning: invalid value encountered in power
  outputs['Np'] = inputs['Nmech'] * inputs['Tt']**-0.5
C:\Users\MEO\Desktop\Projects\JetEngine\boomsonic_v0\.venv\Lib\site-packages\pycycle\thermo\static_ps_resid.py:108: RuntimeWarning: invalid value encountered in sqrt
  Vsonic = (i['gamma']*i['R']*i['Ts'])**0.5
