C:\Users\MEO\Desktop\Projects\JetEngine\boomsonic_v0\.venv\Lib\site-packages\pycycle\elements\turbine.py:40: RuntimeWarning: invalid value encountered in sqrt
  outputs['Wp'] = inputs['W_in'] * inputs['Tt']**0.5 / inputs['Pt']
C:\Users\MEO\Desktop\Projects\JetEngine\boomsonic_v0\.venv\Lib\site-packages\pycycle\elements\turbine.py:41: RuntimeWarning: invalid value encountered in power
  outputs['Np'] = inputs['Nmech'] * inputs['Tt']**-0.5
C:\Users\MEO\Desktop\Projects\JetEngine\boomsonic_v0\.venv\Lib\site-packages\openmdao\solvers\solver.py:819: SolverWarning:Your model has stalled three times and may be violating the bounds. In the future, turn on print_bound_enforce in your solver options here: 
OD0.inlet.out_stat.nonlinear_solver.linesearch.options['print_bound_enforce']=True. 
The bound(s) being violated now are:

C:\Users\MEO\Desktop\Projects\JetEngine\boomsonic_v0\.venv\Lib\site-packages\openmdao\solvers\linesearch\backtracking.py:39: SolverWarning:'OD0.inlet.out_stat.balance.T' exceeds lower bounds
  Val: [-224.71974773]
  Lower: [150.]

C:\Users\MEO\Desktop\Projects\JetEngine\boomsonic_v0\.venv\Lib\site-packages\openmdao\solvers\linesearch\backtracking.py:39: SolverWarning:'OD0.inlet.out_stat.ps_resid.Ps' exceeds lower bounds
  Val: [-0.00109596]
  Lower: [-0.0009009]

C:\Users\MEO\Desktop\Projects\JetEngine\boomsonic_v0\.venv\Lib\site-packages\openmdao\solvers\solver.py:819: SolverWarning:Your model has stalled three times and may be violating the bounds. In the future, turn on print_bound_enforce in your solver options here: 
OD0.duct.out_stat.nonlinear_solver.linesearch.options['print_bound_enforce']=True. 
The bound(s) being violated now are:

C:\Users\MEO\Desktop\Projects\JetEngine\boomsonic_v0\.venv\Lib\site-packages\openmdao\solvers\linesearch\backtracking.py:39: SolverWarning:'OD0.duct.out_stat.balance.T' exceeds lower bounds
  Val: [-222.75125009]
  Lower: [150.]

C:\Users\MEO\Desktop\Projects\JetEngine\boomsonic_v0\.venv\Lib\site-packages\openmdao\solvers\linesearch\backtracking.py:39: SolverWarning:'OD0.duct.out_stat.ps_resid.Ps' exceeds lower bounds
  Val: [-0.00109467]
  Lower: [-0.0009009]

C:\Users\MEO\Desktop\Projects\JetEngine\boomsonic_v0\.venv\Lib\site-packages\openmdao\solvers\solver.py:819: SolverWarning:Your model has stalled three times and may be violating the bounds. In the future, turn on print_bound_enforce in your solver options here: 
OD0.comp.ideal_flow.nonlinear_solver.linesearch.options['print_bound_enforce']=True. 
The bound(s) being violated now are:

C:\Users\MEO\Desktop\Projects\JetEngine\boomsonic_v0\.venv\Lib\site-packages\openmdao\solvers\linesearch\backtracking.py:39: SolverWarning:'OD0.comp.ideal_flow.balance.T' exceeds lower bounds
  Val: [-3.03258293e+10]
  Lower: [150.]

C:\Users\MEO\Desktop\Projects\JetEngine\boomsonic_v0\.venv\Lib\site-packages\pycycle\elements\compressor.py:75: RuntimeWarning: invalid value encountered in log
  outputs['eff_poly'] = Rt * np.log(PR) / ( Rt*np.log(PR) + S_out - S_in )
C:\Users\MEO\Desktop\Projects\JetEngine\boomsonic_v0\.venv\Lib\site-packages\pycycle\thermo\static_ps_resid.py:128: RuntimeWarning: invalid value encountered in sqrt
  Vsonic = (i['gamma']*i['R']*i['Ts'])**0.5
C:\Users\MEO\Desktop\Projects\JetEngine\boomsonic_v0\.venv\Lib\site-packages\pycycle\thermo\static_ps_resid.py:128: RuntimeWarning: invalid value encountered in sqrt
  Vsonic = (i['gamma']*i['R']*i['Ts'])**0.5
C:\Users\MEO\Desktop\Projects\JetEngine\boomsonic_v0\.venv\Lib\site-packages\pycycle\thermo\static_ps_resid.py:98: RuntimeWarning: invalid value encountered in power
  ps_guess = inputs['guess:Pt'] * (1 + (gamt-1)/2 * M_guess**2)**(-gamt/(gamt-1))
C:\Users\MEO\Desktop\Projects\JetEngine\boomsonic_v0\.venv\Lib\site-packages\pycycle\thermo\static_ps_resid.py:93: RuntimeWarning: invalid value encountered in power
  f1 = ps - inputs['guess:Pt'] * (1 + (gamt-1)/2 * M_guess**2)**(-gamt/(gamt-1))
C:\Users\MEO\Desktop\Projects\JetEngine\boomsonic_v0\.venv\Lib\site-packages\pycycle\thermo\static_ps_resid.py:94: RuntimeWarning: invalid value encountered in sqrt
  f2 = MN - inputs['W']*(R_UNIVERSAL_SI*inputs['Ts'])**0.5/(ps_guess*1.0e6*inputs['area']*gamt**0.5)
C:\Users\MEO\Desktop\Projects\JetEngine\boomsonic_v0\.venv\Lib\site-packages\pycycle\thermo\static_ps_resid.py:99: RuntimeWarning: The iteration is not making good progress, as measured by the 
 improvement from the last ten iterations.
  ps_guess, M_guess = fsolve(equations, (ps_guess, M_guess))
C:\Users\MEO\Desktop\Projects\JetEngine\boomsonic_v0\.venv\Lib\site-packages\pycycle\thermo\static_ps_resid.py:128: RuntimeWarning: invalid value encountered in sqrt
  Vsonic = (i['gamma']*i['R']*i['Ts'])**0.5
C:\Users\MEO\Desktop\Projects\JetEngine\boomsonic_v0\.venv\Lib\site-packages\pycycle\thermo\static_ps_resid.py:128: RuntimeWarning: invalid value encountered in sqrt
  Vsonic = (i['gamma']*i['R']*i['Ts'])**0.5
C:\Users\MEO\Desktop\Projects\JetEngine\boomsonic_v0\.venv\Lib\site-packages\pycycle\thermo\static_ps_resid.py:128: RuntimeWarning: invalid value encountered in sqrt
  Vsonic = (i['gamma']*i['R']*i['Ts'])**0.5
C:\Users\MEO\Desktop\Projects\JetEngine\boomsonic_v0\.venv\Lib\site-packages\pycycle\thermo\static_ps_resid.py:128: RuntimeWarning: invalid value encountered in sqrt
  Vsonic = (i['gamma']*i['R']*i['Ts'])**0.5
C:\Users\MEO\Desktop\Projects\JetEngine\boomsonic_v0\.venv\Lib\site-packages\pycycle\thermo\static_ps_resid.py:128: RuntimeWarning: invalid value encountered in sqrt
  Vsonic = (i['gamma']*i['R']*i['Ts'])**0.5
C:\Users\MEO\Desktop\Projects\JetEngine\boomsonic_v0\.venv\Lib\site-packages\pycycle\thermo\static_ps_resid.py:128: RuntimeWarning: invalid value encountered in sqrt
  Vsonic = (i['gamma']*i['R']*i['Ts'])**0.5
C:\Users\MEO\Desktop\Projects\JetEngine\boomsonic_v0\.venv\Lib\site-packages\pycycle\thermo\static_ps_resid.py:128: RuntimeWarning: invalid value encountered in sqrt
  Vsonic = (i['gamma']*i['R']*i['Ts'])**0.5
C:\Users\MEO\Desktop\Projects\JetEngine\boomsonic_v0\.venv\Lib\site-packages\pycycle\thermo\static_ps_resid.py:83: RuntimeWarning: invalid value encountered in power
  ps_guess = inputs['guess:Pt'] * (1 + (gamt-1)/2 * inputs['MN']**2)**(-gamt/(gamt-1))
C:\Users\MEO\Desktop\Projects\JetEngine\boomsonic_v0\.venv\Lib\site-packages\pycycle\thermo\static_ps_resid.py:108: RuntimeWarning: invalid value encountered in sqrt
  Vsonic = (i['gamma']*i['R']*i['Ts'])**0.5
C:\Users\MEO\Desktop\Projects\JetEngine\boomsonic_v0\.venv\Lib\site-packages\pycycle\thermo\static_ps_resid.py:108: RuntimeWarning: invalid value encountered in sqrt
  Vsonic = (i['gamma']*i['R']*i['Ts'])**0.5
C:\Users\MEO\Desktop\Projects\JetEngine\boomsonic_v0\.venv\Lib\site-packages\pycycle\thermo\static_ps_resid.py:108: RuntimeWarning: invalid value encountered in sqrt
  Vsonic = (i['gamma']*i['R']*i['Ts'])**0.5
C:\Users\MEO\Desktop\Projects\JetEngine\boomsonic_v0\.venv\Lib\site-packages\pycycle\thermo\static_ps_resid.py:108: RuntimeWarning: invalid value encountered in sqrt
  Vsonic = (i['gamma']*i['R']*i['Ts'])**0.5
C:\Users\MEO\Desktop\Projects\JetEngine\boomsonic_v0\.venv\Lib\site-packages\pycycle\thermo\static_ps_resid.py:108: RuntimeWarning: invalid value encountered in sqrt
  Vsonic = (i['gamma']*i['R']*i['Ts'])**0.5
C:\Users\MEO\Desktop\Projects\JetEngine\boomsonic_v0\.venv\Lib\site-packages\pycycle\thermo\static_ps_resid.py:108: RuntimeWarning: invalid value encountered in sqrt
  Vsonic = (i['gamma']*i['R']*i['Ts'])**0.5
C:\Users\MEO\Desktop\Projects\JetEngine\boomsonic_v0\.venv\Lib\site-packages\pycycle\thermo\static_ps_resid.py:108: RuntimeWarning: invalid value encountered in sqrt
  Vsonic = (i['gamma']*i['R']*i['Ts'])**0.5
C:\Users\MEO\Desktop\Projects\JetEngine\boomsonic_v0\.venv\Lib\site-packages\pycycle\thermo\static_ps_calc.py:32: RuntimeWarning: invalid value encountered in sqrt
  outputs['Vsonic'] = Vsonic = np.sqrt(inputs['gamma'] * inputs['R'] * inputs['Ts'])
C:\Users\MEO\Desktop\Projects\JetEngine\boomsonic_v0\.venv\Lib\site-packages\pycycle\thermo\static_ps_calc.py:32: RuntimeWarning: invalid value encountered in sqrt
  outputs['Vsonic'] = Vsonic = np.sqrt(inputs['gamma'] * inputs['R'] * inputs['Ts'])
C:\Users\MEO\Desktop\Projects\JetEngine\boomsonic_v0\.venv\Lib\site-packages\pycycle\elements\compressor.py:75: RuntimeWarning: invalid value encountered in log
  outputs['eff_poly'] = Rt * np.log(PR) / ( Rt*np.log(PR) + S_out - S_in )
C:\Users\MEO\Desktop\Projects\JetEngine\boomsonic_v0\.venv\Lib\site-packages\pycycle\thermo\static_ps_resid.py:128: RuntimeWarning: invalid value encountered in sqrt
  Vsonic = (i['gamma']*i['R']*i['Ts'])**0.5
C:\Users\MEO\Desktop\Projects\JetEngine\boomsonic_v0\.venv\Lib\site-packages\pycycle\thermo\static_ps_resid.py:108: RuntimeWarning: invalid value encountered in sqrt
  Vsonic = (i['gamma']*i['R']*i['Ts'])**0.5
C:\Users\MEO\Desktop\Projects\JetEngine\boomsonic_v0\.venv\Lib\site-packages\pycycle\thermo\static_ps_resid.py:128: RuntimeWarning: invalid value encountered in sqrt
  Vsonic = (i['gamma']*i['R']*i['Ts'])**0.5
C:\Users\MEO\Desktop\Projects\JetEngine\boomsonic_v0\.venv\Lib\site-packages\pycycle\thermo\static_ps_resid.py:98: RuntimeWarning: invalid value encountered in power
  ps_guess = inputs['guess:Pt'] * (1 + (gamt-1)/2 * M_guess**2)**(-gamt/(gamt-1))
C:\Users\MEO\Desktop\Projects\JetEngine\boomsonic_v0\.venv\Lib\site-packages\pycycle\thermo\static_ps_resid.py:93: RuntimeWarning: invalid value encountered in power
  f1 = ps - inputs['guess:Pt'] * (1 + (gamt-1)/2 * M_guess**2)**(-gamt/(gamt-1))
C:\Users\MEO\Desktop\Projects\JetEngine\boomsonic_v0\.venv\Lib\site-packages\pycycle\thermo\static_ps_resid.py:94: RuntimeWarning: invalid value encountered in sqrt
  f2 = MN - inputs['W']*(R_UNIVERSAL_SI*inputs['Ts'])**0.5/(ps_guess*1.0e6*inputs['area']*gamt**0.5)
C:\Users\MEO\Desktop\Projects\JetEngine\boomsonic_v0\.venv\Lib\site-packages\pycycle\thermo\static_ps_resid.py:99: RuntimeWarning: The iteration is not making good progress, as measured by the 
 improvement from the last ten iterations.
  ps_guess, M_guess = fsolve(equations, (ps_guess, M_guess))
C:\Users\MEO\Desktop\Projects\JetEngine\boomsonic_v0\.venv\Lib\site-packages\pycycle\thermo\static_ps_resid.py:108: RuntimeWarning: invalid value encountered in sqrt
  Vsonic = (i['gamma']*i['R']*i['Ts'])**0.5
C:\Users\MEO\Desktop\Projects\JetEngine\boomsonic_v0\.venv\Lib\site-packages\pycycle\thermo\static_ps_resid.py:83: RuntimeWarning: invalid value encountered in power
  ps_guess = inputs['guess:Pt'] * (1 + (gamt-1)/2 * inputs['MN']**2)**(-gamt/(gamt-1))
C:\Users\MEO\Desktop\Projects\JetEngine\boomsonic_v0\.venv\Lib\site-packages\openmdao\solvers\solver.py:819: SolverWarning:Your model has stalled three times and may be violating the bounds. In the future, turn on print_bound_enforce in your solver options here: 
OD0.inlet.out_stat.nonlinear_solver.linesearch.options['print_bound_enforce']=True. 
The bound(s) being violated now are:

C:\Users\MEO\Desktop\Projects\JetEngine\boomsonic_v0\.venv\Lib\site-packages\openmdao\solvers\linesearch\backtracking.py:39: SolverWarning:'OD0.inlet.out_stat.balance.T' exceeds lower bounds
  Val: [-224.7197476]
  Lower: [150.]

C:\Users\MEO\Desktop\Projects\JetEngine\boomsonic_v0\.venv\Lib\site-packages\openmdao\solvers\linesearch\backtracking.py:39: SolverWarning:'OD0.inlet.out_stat.ps_resid.Ps' exceeds lower bounds
  Val: [-0.00109596]
  Lower: [-0.0009009]

C:\Users\MEO\Desktop\Projects\JetEngine\boomsonic_v0\.venv\Lib\site-packages\openmdao\solvers\solver.py:819: SolverWarning:Your model has stalled three times and may be violating the bounds. In the future, turn on print_bound_enforce in your solver options here: 
OD0.duct.out_stat.nonlinear_solver.linesearch.options['print_bound_enforce']=True. 
The bound(s) being violated now are:

C:\Users\MEO\Desktop\Projects\JetEngine\boomsonic_v0\.venv\Lib\site-packages\openmdao\solvers\linesearch\backtracking.py:39: SolverWarning:'OD0.duct.out_stat.balance.T' exceeds lower bounds
  Val: [-222.75124996]
  Lower: [150.]

C:\Users\MEO\Desktop\Projects\JetEngine\boomsonic_v0\.venv\Lib\site-packages\openmdao\solvers\linesearch\backtracking.py:39: SolverWarning:'OD0.duct.out_stat.ps_resid.Ps' exceeds lower bounds
  Val: [-0.00109467]
  Lower: [-0.0009009]

C:\Users\MEO\Desktop\Projects\JetEngine\boomsonic_v0\.venv\Lib\site-packages\openmdao\solvers\solver.py:819: SolverWarning:Your model has stalled three times and may be violating the bounds. In the future, turn on print_bound_enforce in your solver options here: 
OD0.comp.ideal_flow.nonlinear_solver.linesearch.options['print_bound_enforce']=True. 
The bound(s) being violated now are:

C:\Users\MEO\Desktop\Projects\JetEngine\boomsonic_v0\.venv\Lib\site-packages\openmdao\solvers\linesearch\backtracking.py:39: SolverWarning:'OD0.comp.ideal_flow.balance.T' exceeds lower bounds
  Val: [-3.03258293e+10]
  Lower: [150.]

C:\Users\MEO\Desktop\Projects\JetEngine\boomsonic_v0\.venv\Lib\site-packages\pycycle\elements\compressor.py:75: RuntimeWarning: invalid value encountered in log
  outputs['eff_poly'] = Rt * np.log(PR) / ( Rt*np.log(PR) + S_out - S_in )
C:\Users\MEO\Desktop\Projects\JetEngine\boomsonic_v0\.venv\Lib\site-packages\pycycle\thermo\static_ps_resid.py:128: RuntimeWarning: invalid value encountered in sqrt
  Vsonic = (i['gamma']*i['R']*i['Ts'])**0.5
C:\Users\MEO\Desktop\Projects\JetEngine\boomsonic_v0\.venv\Lib\site-packages\pycycle\thermo\static_ps_resid.py:128: RuntimeWarning: invalid value encountered in sqrt
  Vsonic = (i['gamma']*i['R']*i['Ts'])**0.5
C:\Users\MEO\Desktop\Projects\JetEngine\boomsonic_v0\.venv\Lib\site-packages\pycycle\thermo\static_ps_resid.py:98: RuntimeWarning: invalid value encountered in power
  ps_guess = inputs['guess:Pt'] * (1 + (gamt-1)/2 * M_guess**2)**(-gamt/(gamt-1))
C:\Users\MEO\Desktop\Projects\JetEngine\boomsonic_v0\.venv\Lib\site-packages\pycycle\thermo\static_ps_resid.py:93: RuntimeWarning: invalid value encountered in power
  f1 = ps - inputs['guess:Pt'] * (1 + (gamt-1)/2 * M_guess**2)**(-gamt/(gamt-1))
C:\Users\MEO\Desktop\Projects\JetEngine\boomsonic_v0\.venv\Lib\site-packages\pycycle\thermo\static_ps_resid.py:94: RuntimeWarning: invalid value encountered in sqrt
  f2 = MN - inputs['W']*(R_UNIVERSAL_SI*inputs['Ts'])**0.5/(ps_guess*1.0e6*inputs['area']*gamt**0.5)
C:\Users\MEO\Desktop\Projects\JetEngine\boomsonic_v0\.venv\Lib\site-packages\pycycle\thermo\static_ps_resid.py:99: RuntimeWarning: The iteration is not making good progress, as measured by the 
 improvement from the last ten iterations.
  ps_guess, M_guess = fsolve(equations, (ps_guess, M_guess))
C:\Users\MEO\Desktop\Projects\JetEngine\boomsonic_v0\.venv\Lib\site-packages\pycycle\thermo\static_ps_resid.py:128: RuntimeWarning: invalid value encountered in sqrt
  Vsonic = (i['gamma']*i['R']*i['Ts'])**0.5
C:\Users\MEO\Desktop\Projects\JetEngine\boomsonic_v0\.venv\Lib\site-packages\pycycle\thermo\static_ps_resid.py:128: RuntimeWarning: invalid value encountered in sqrt
  Vsonic = (i['gamma']*i['R']*i['Ts'])**0.5
C:\Users\MEO\Desktop\Projects\JetEngine\boomsonic_v0\.venv\Lib\site-packages\pycycle\thermo\static_ps_resid.py:128: RuntimeWarning: invalid value encountered in sqrt
  Vsonic = (i['gamma']*i['R']*i['Ts'])**0.5
C:\Users\MEO\Desktop\Projects\JetEngine\boomsonic_v0\.venv\Lib\site-packages\openmdao\solvers\solver.py:819: SolverWarning:Your model has stalled three times and may be violating the bounds. In the future, turn on print_bound_enforce in your solver options here: 
OD0.turb.out_stat.nonlinear_solver.linesearch.options['print_bound_enforce']=True. 
The bound(s) being violated now are:

C:\Users\MEO\Desktop\Projects\JetEngine\boomsonic_v0\.venv\Lib\site-packages\openmdao\solvers\linesearch\backtracking.py:35: SolverWarning:'OD0.turb.out_stat.balance.T' exceeds upper bounds
  Val: [7.22645482e+10]
  Upper: [2500.]

C:\Users\MEO\Desktop\Projects\JetEngine\boomsonic_v0\.venv\Lib\site-packages\openmdao\solvers\linesearch\backtracking.py:39: SolverWarning:'OD0.turb.out_stat.ps_resid.Ps' exceeds lower bounds
  Val: [-4.58837532e+10]
  Lower: [-0.0009009]

C:\Users\MEO\Desktop\Projects\JetEngine\boomsonic_v0\.venv\Lib\site-packages\pycycle\thermo\static_ps_resid.py:128: RuntimeWarning: invalid value encountered in sqrt
  Vsonic = (i['gamma']*i['R']*i['Ts'])**0.5
C:\Users\MEO\Desktop\Projects\JetEngine\boomsonic_v0\.venv\Lib\site-packages\pycycle\thermo\static_ps_resid.py:108: RuntimeWarning: invalid value encountered in sqrt
  Vsonic = (i['gamma']*i['R']*i['Ts'])**0.5
C:\Users\MEO\Desktop\Projects\JetEngine\boomsonic_v0\.venv\Lib\site-packages\pycycle\thermo\static_ps_resid.py:83: RuntimeWarning: invalid value encountered in power
  ps_guess = inputs['guess:Pt'] * (1 + (gamt-1)/2 * inputs['MN']**2)**(-gamt/(gamt-1))
C:\Users\MEO\Desktop\Projects\JetEngine\boomsonic_v0\.venv\Lib\site-packages\pycycle\thermo\static_ps_resid.py:108: RuntimeWarning: invalid value encountered in sqrt
  Vsonic = (i['gamma']*i['R']*i['Ts'])**0.5
C:\Users\MEO\Desktop\Projects\JetEngine\boomsonic_v0\.venv\Lib\site-packages\pycycle\thermo\static_ps_resid.py:108: RuntimeWarning: invalid value encountered in sqrt
  Vsonic = (i['gamma']*i['R']*i['Ts'])**0.5
C:\Users\MEO\Desktop\Projects\JetEngine\boomsonic_v0\.venv\Lib\site-packages\pycycle\thermo\static_ps_resid.py:108: RuntimeWarning: invalid value encountered in sqrt
  Vsonic = (i['gamma']*i['R']*i['Ts'])**0.5
C:\Users\MEO\Desktop\Projects\JetEngine\boomsonic_v0\.venv\Lib\site-packages\pycycle\thermo\static_ps_resid.py:108: RuntimeWarning: invalid value encountered in sqrt
  Vsonic = (i['gamma']*i['R']*i['Ts'])**0.5
C:\Users\MEO\Desktop\Projects\JetEngine\boomsonic_v0\.venv\Lib\site-packages\pycycle\thermo\static_ps_resid.py:108: RuntimeWarning: invalid value encountered in sqrt
  Vsonic = (i['gamma']*i['R']*i['Ts'])**0.5
C:\Users\MEO\Desktop\Projects\JetEngine\boomsonic_v0\.venv\Lib\site-packages\pycycle\thermo\static_ps_resid.py:108: RuntimeWarning: invalid value encountered in sqrt
  Vsonic = (i['gamma']*i['R']*i['Ts'])**0.5
C:\Users\MEO\Desktop\Projects\JetEngine\boomsonic_v0\.venv\Lib\site-packages\pycycle\thermo\static_ps_resid.py:108: RuntimeWarning: invalid value encountered in sqrt
  Vsonic = (i['gamma']*i['R']*i['Ts'])**0.5
C:\Users\MEO\Desktop\Projects\JetEngine\boomsonic_v0\.venv\Lib\site-packages\pycycle\thermo\static_ps_resid.py:108: RuntimeWarning: invalid value encountered in sqrt
  Vsonic = (i['gamma']*i['R']*i['Ts'])**0.5
C:\Users\MEO\Desktop\Projects\JetEngine\boomsonic_v0\.venv\Lib\site-packages\pycycle\thermo\static_ps_resid.py:108: RuntimeWarning: invalid value encountered in sqrt
  Vsonic = (i['gamma']*i['R']*i['Ts'])**0.5
C:\Users\MEO\Desktop\Projects\JetEngine\boomsonic_v0\.venv\Lib\site-packages\pycycle\thermo\static_ps_resid.py:108: RuntimeWarning: invalid value encountered in sqrt
  Vsonic = (i['gamma']*i['R']*i['Ts'])**0.5
C:\Users\MEO\Desktop\Projects\JetEngine\boomsonic_v0\.venv\Lib\site-packages\pycycle\thermo\static_ps_resid.py:108: RuntimeWarning: invalid value encountered in sqrt
  Vsonic = (i['gamma']*i['R']*i['Ts'])**0.5
C:\Users\MEO\Desktop\Projects\JetEngine\boomsonic_v0\.venv\Lib\site-packages\pycycle\thermo\static_ps_calc.py:32: RuntimeWarning: invalid value encountered in sqrt
  outputs['Vsonic'] = Vsonic = np.sqrt(inputs['gamma'] * inputs['R'] * inputs['Ts'])
C:\Users\MEO\Desktop\Projects\JetEngine\boomsonic_v0\.venv\Lib\site-packages\pycycle\elements\compressor.py:75: RuntimeWarning: invalid value encountered in log
  outputs['eff_poly'] = Rt * np.log(PR) / ( Rt*np.log(PR) + S_out - S_in )
C:\Users\MEO\Desktop\Projects\JetEngine\boomsonic_v0\.venv\Lib\site-packages\pycycle\thermo\static_ps_resid.py:128: RuntimeWarning: invalid value encountered in sqrt
  Vsonic = (i['gamma']*i['R']*i['Ts'])**0.5
C:\Users\MEO\Desktop\Projects\JetEngine\boomsonic_v0\.venv\Lib\site-packages\pycycle\thermo\static_ps_resid.py:128: RuntimeWarning: invalid value encountered in sqrt
  Vsonic = (i['gamma']*i['R']*i['Ts'])**0.5
C:\Users\MEO\Desktop\Projects\JetEngine\boomsonic_v0\.venv\Lib\site-packages\pycycle\thermo\static_ps_resid.py:98: RuntimeWarning: invalid value encountered in power
  ps_guess = inputs['guess:Pt'] * (1 + (gamt-1)/2 * M_guess**2)**(-gamt/(gamt-1))
C:\Users\MEO\Desktop\Projects\JetEngine\boomsonic_v0\.venv\Lib\site-packages\pycycle\thermo\static_ps_resid.py:93: RuntimeWarning: invalid value encountered in power
  f1 = ps - inputs['guess:Pt'] * (1 + (gamt-1)/2 * M_guess**2)**(-gamt/(gamt-1))
C:\Users\MEO\Desktop\Projects\JetEngine\boomsonic_v0\.venv\Lib\site-packages\pycycle\thermo\static_ps_resid.py:94: RuntimeWarning: invalid value encountered in sqrt
  f2 = MN - inputs['W']*(R_UNIVERSAL_SI*inputs['Ts'])**0.5/(ps_guess*1.0e6*inputs['area']*gamt**0.5)
C:\Users\MEO\Desktop\Projects\JetEngine\boomsonic_v0\.venv\Lib\site-packages\pycycle\thermo\static_ps_resid.py:99: RuntimeWarning: The iteration is not making good progress, as measured by the 
 improvement from the last ten iterations.
  ps_guess, M_guess = fsolve(equations, (ps_guess, M_guess))
C:\Users\MEO\Desktop\Projects\JetEngine\boomsonic_v0\.venv\Lib\site-packages\pycycle\thermo\static_ps_resid.py:108: RuntimeWarning: invalid value encountered in sqrt
  Vsonic = (i['gamma']*i['R']*i['Ts'])**0.5
C:\Users\MEO\Desktop\Projects\JetEngine\boomsonic_v0\.venv\Lib\site-packages\pycycle\thermo\static_ps_resid.py:83: RuntimeWarning: invalid value encountered in power
  ps_guess = inputs['guess:Pt'] * (1 + (gamt-1)/2 * inputs['MN']**2)**(-gamt/(gamt-1))
C:\Users\MEO\Desktop\Projects\JetEngine\boomsonic_v0\.venv\Lib\site-packages\openmdao\solvers\solver.py:819: SolverWarning:Your model has stalled three times and may be violating the bounds. In the future, turn on print_bound_enforce in your solver options here: 
OD0.inlet.out_stat.nonlinear_solver.linesearch.options['print_bound_enforce']=True. 
The bound(s) being violated now are:

C:\Users\MEO\Desktop\Projects\JetEngine\boomsonic_v0\.venv\Lib\site-packages\openmdao\solvers\linesearch\backtracking.py:39: SolverWarning:'OD0.inlet.out_stat.balance.T' exceeds lower bounds
  Val: [-224.71974758]
  Lower: [150.]

C:\Users\MEO\Desktop\Projects\JetEngine\boomsonic_v0\.venv\Lib\site-packages\openmdao\solvers\linesearch\backtracking.py:39: SolverWarning:'OD0.inlet.out_stat.ps_resid.Ps' exceeds lower bounds
  Val: [-0.00109596]
  Lower: [-0.0009009]

C:\Users\MEO\Desktop\Projects\JetEngine\boomsonic_v0\.venv\Lib\site-packages\openmdao\solvers\solver.py:819: SolverWarning:Your model has stalled three times and may be violating the bounds. In the future, turn on print_bound_enforce in your solver options here: 
OD0.duct.out_stat.nonlinear_solver.linesearch.options['print_bound_enforce']=True. 
The bound(s) being violated now are:

C:\Users\MEO\Desktop\Projects\JetEngine\boomsonic_v0\.venv\Lib\site-packages\openmdao\solvers\linesearch\backtracking.py:39: SolverWarning:'OD0.duct.out_stat.balance.T' exceeds lower bounds
  Val: [-222.75124993]
  Lower: [150.]

C:\Users\MEO\Desktop\Projects\JetEngine\boomsonic_v0\.venv\Lib\site-packages\openmdao\solvers\linesearch\backtracking.py:39: SolverWarning:'OD0.duct.out_stat.ps_resid.Ps' exceeds lower bounds
  Val: [-0.00109467]
  Lower: [-0.0009009]

C:\Users\MEO\Desktop\Projects\JetEngine\boomsonic_v0\.venv\Lib\site-packages\openmdao\solvers\solver.py:819: SolverWarning:Your model has stalled three times and may be violating the bounds. In the future, turn on print_bound_enforce in your solver options here: 
OD0.comp.ideal_flow.nonlinear_solver.linesearch.options['print_bound_enforce']=True. 
The bound(s) being violated now are:

C:\Users\MEO\Desktop\Projects\JetEngine\boomsonic_v0\.venv\Lib\site-packages\openmdao\solvers\linesearch\backtracking.py:39: SolverWarning:'OD0.comp.ideal_flow.balance.T' exceeds lower bounds
  Val: [-3.03258293e+10]
  Lower: [150.]

C:\Users\MEO\Desktop\Projects\JetEngine\boomsonic_v0\.venv\Lib\site-packages\pycycle\elements\compressor.py:75: RuntimeWarning: invalid value encountered in log
  outputs['eff_poly'] = Rt * np.log(PR) / ( Rt*np.log(PR) + S_out - S_in )
C:\Users\MEO\Desktop\Projects\JetEngine\boomsonic_v0\.venv\Lib\site-packages\pycycle\thermo\static_ps_resid.py:128: RuntimeWarning: invalid value encountered in sqrt
  Vsonic = (i['gamma']*i['R']*i['Ts'])**0.5
C:\Users\MEO\Desktop\Projects\JetEngine\boomsonic_v0\.venv\Lib\site-packages\pycycle\thermo\static_ps_resid.py:98: RuntimeWarning: invalid value encountered in power
  ps_guess = inputs['guess:Pt'] * (1 + (gamt-1)/2 * M_guess**2)**(-gamt/(gamt-1))
C:\Users\MEO\Desktop\Projects\JetEngine\boomsonic_v0\.venv\Lib\site-packages\pycycle\thermo\static_ps_resid.py:93: RuntimeWarning: invalid value encountered in power
  f1 = ps - inputs['guess:Pt'] * (1 + (gamt-1)/2 * M_guess**2)**(-gamt/(gamt-1))
C:\Users\MEO\Desktop\Projects\JetEngine\boomsonic_v0\.venv\Lib\site-packages\pycycle\thermo\static_ps_resid.py:94: RuntimeWarning: invalid value encountered in sqrt
  f2 = MN - inputs['W']*(R_UNIVERSAL_SI*inputs['Ts'])**0.5/(ps_guess*1.0e6*inputs['area']*gamt**0.5)
C:\Users\MEO\Desktop\Projects\JetEngine\boomsonic_v0\.venv\Lib\site-packages\pycycle\thermo\static_ps_resid.py:99: RuntimeWarning: The iteration is not making good progress, as measured by the 
 improvement from the last ten iterations.
  ps_guess, M_guess = fsolve(equations, (ps_guess, M_guess))
C:\Users\MEO\Desktop\Projects\JetEngine\boomsonic_v0\.venv\Lib\site-packages\pycycle\thermo\static_ps_resid.py:128: RuntimeWarning: invalid value encountered in sqrt
  Vsonic = (i['gamma']*i['R']*i['Ts'])**0.5
C:\Users\MEO\Desktop\Projects\JetEngine\boomsonic_v0\.venv\Lib\site-packages\pycycle\thermo\static_ps_resid.py:128: RuntimeWarning: invalid value encountered in sqrt
  Vsonic = (i['gamma']*i['R']*i['Ts'])**0.5
C:\Users\MEO\Desktop\Projects\JetEngine\boomsonic_v0\.venv\Lib\site-packages\pycycle\thermo\static_ps_resid.py:128: RuntimeWarning: invalid value encountered in sqrt
  Vsonic = (i['gamma']*i['R']*i['Ts'])**0.5
C:\Users\MEO\Desktop\Projects\JetEngine\boomsonic_v0\.venv\Lib\site-packages\pycycle\thermo\static_ps_resid.py:128: RuntimeWarning: invalid value encountered in sqrt
  Vsonic = (i['gamma']*i['R']*i['Ts'])**0.5
C:\Users\MEO\Desktop\Projects\JetEngine\boomsonic_v0\.venv\Lib\site-packages\pycycle\thermo\static_ps_resid.py:128: RuntimeWarning: invalid value encountered in sqrt
  Vsonic = (i['gamma']*i['R']*i['Ts'])**0.5
C:\Users\MEO\Desktop\Projects\JetEngine\boomsonic_v0\.venv\Lib\site-packages\pycycle\thermo\static_ps_resid.py:128: RuntimeWarning: invalid value encountered in sqrt
  Vsonic = (i['gamma']*i['R']*i['Ts'])**0.5
C:\Users\MEO\Desktop\Projects\JetEngine\boomsonic_v0\.venv\Lib\site-packages\pycycle\thermo\static_ps_resid.py:128: RuntimeWarning: invalid value encountered in sqrt
  Vsonic = (i['gamma']*i['R']*i['Ts'])**0.5
C:\Users\MEO\Desktop\Projects\JetEngine\boomsonic_v0\.venv\Lib\site-packages\pycycle\thermo\static_ps_resid.py:128: RuntimeWarning: invalid value encountered in sqrt
  Vsonic = (i['gamma']*i['R']*i['Ts'])**0.5
C:\Users\MEO\Desktop\Projects\JetEngine\boomsonic_v0\.venv\Lib\site-packages\pycycle\thermo\static_ps_resid.py:128: RuntimeWarning: invalid value encountered in sqrt
  Vsonic = (i['gamma']*i['R']*i['Ts'])**0.5
C:\Users\MEO\Desktop\Projects\JetEngine\boomsonic_v0\.venv\Lib\site-packages\pycycle\thermo\static_ps_resid.py:108: RuntimeWarning: invalid value encountered in sqrt
  Vsonic = (i['gamma']*i['R']*i['Ts'])**0.5
C:\Users\MEO\Desktop\Projects\JetEngine\boomsonic_v0\.venv\Lib\site-packages\pycycle\thermo\static_ps_resid.py:83: RuntimeWarning: invalid value encountered in power
  ps_guess = inputs['guess:Pt'] * (1 + (gamt-1)/2 * inputs['MN']**2)**(-gamt/(gamt-1))
C:\Users\MEO\Desktop\Projects\JetEngine\boomsonic_v0\.venv\Lib\site-packages\pycycle\thermo\static_ps_resid.py:108: RuntimeWarning: invalid value encountered in sqrt
  Vsonic = (i['gamma']*i['R']*i['Ts'])**0.5
C:\Users\MEO\Desktop\Projects\JetEngine\boomsonic_v0\.venv\Lib\site-packages\pycycle\thermo\static_ps_resid.py:108: RuntimeWarning: invalid value encountered in sqrt
  Vsonic = (i['gamma']*i['R']*i['Ts'])**0.5
C:\Users\MEO\Desktop\Projects\JetEngine\boomsonic_v0\.venv\Lib\site-packages\pycycle\thermo\static_ps_resid.py:108: RuntimeWarning: invalid value encountered in sqrt
  Vsonic = (i['gamma']*i['R']*i['Ts'])**0.5
C:\Users\MEO\Desktop\Projects\JetEngine\boomsonic_v0\.venv\Lib\site-packages\pycycle\thermo\static_ps_resid.py:108: RuntimeWarning: invalid value encountered in sqrt
  Vsonic = (i['gamma']*i['R']*i['Ts'])**0.5
C:\Users\MEO\Desktop\Projects\JetEngine\boomsonic_v0\.venv\Lib\site-packages\pycycle\thermo\static_ps_resid.py:108: RuntimeWarning: invalid value encountered in sqrt
  Vsonic = (i['gamma']*i['R']*i['Ts'])**0.5
C:\Users\MEO\Desktop\Projects\JetEngine\boomsonic_v0\.venv\Lib\site-packages\pycycle\thermo\static_ps_resid.py:108: RuntimeWarning: invalid value encountered in sqrt
  Vsonic = (i['gamma']*i['R']*i['Ts'])**0.5
C:\Users\MEO\Desktop\Projects\JetEngine\boomsonic_v0\.venv\Lib\site-packages\pycycle\thermo\static_ps_resid.py:108: RuntimeWarning: invalid value encountered in sqrt
  Vsonic = (i['gamma']*i['R']*i['Ts'])**0.5
C:\Users\MEO\Desktop\Projects\JetEngine\boomsonic_v0\.venv\Lib\site-packages\pycycle\thermo\static_ps_resid.py:108: RuntimeWarning: invalid value encountered in sqrt
  Vsonic = (i['gamma']*i['R']*i['Ts'])**0.5
C:\Users\MEO\Desktop\Projects\JetEngine\boomsonic_v0\.venv\Lib\site-packages\pycycle\thermo\static_ps_calc.py:32: RuntimeWarning: invalid value encountered in sqrt
  outputs['Vsonic'] = Vsonic = np.sqrt(inputs['gamma'] * inputs['R'] * inputs['Ts'])
C:\Users\MEO\Desktop\Projects\JetEngine\boomsonic_v0\.venv\Lib\site-packages\pycycle\elements\compressor.py:75: RuntimeWarning: invalid value encountered in log
  outputs['eff_poly'] = Rt * np.log(PR) / ( Rt*np.log(PR) + S_out - S_in )
C:\Users\MEO\Desktop\Projects\JetEngine\boomsonic_v0\.venv\Lib\site-packages\pycycle\thermo\static_ps_resid.py:128: RuntimeWarning: invalid value encountered in sqrt
  Vsonic = (i['gamma']*i['R']*i['Ts'])**0.5
C:\Users\MEO\Desktop\Projects\JetEngine\boomsonic_v0\.venv\Lib\site-packages\pycycle\thermo\static_ps_resid.py:128: RuntimeWarning: invalid value encountered in sqrt
  Vsonic = (i['gamma']*i['R']*i['Ts'])**0.5
C:\Users\MEO\Desktop\Projects\JetEngine\boomsonic_v0\.venv\Lib\site-packages\pycycle\thermo\static_ps_resid.py:98: RuntimeWarning: invalid value encountered in power
  ps_guess = inputs['guess:Pt'] * (1 + (gamt-1)/2 * M_guess**2)**(-gamt/(gamt-1))
C:\Users\MEO\Desktop\Projects\JetEngine\boomsonic_v0\.venv\Lib\site-packages\pycycle\thermo\static_ps_resid.py:93: RuntimeWarning: invalid value encountered in power
  f1 = ps - inputs['guess:Pt'] * (1 + (gamt-1)/2 * M_guess**2)**(-gamt/(gamt-1))
C:\Users\MEO\Desktop\Projects\JetEngine\boomsonic_v0\.venv\Lib\site-packages\pycycle\thermo\static_ps_resid.py:94: RuntimeWarning: invalid value encountered in sqrt
  f2 = MN - inputs['W']*(R_UNIVERSAL_SI*inputs['Ts'])**0.5/(ps_guess*1.0e6*inputs['area']*gamt**0.5)
C:\Users\MEO\Desktop\Projects\JetEngine\boomsonic_v0\.venv\Lib\site-packages\pycycle\thermo\static_ps_resid.py:99: RuntimeWarning: The iteration is not making good progress, as measured by the 
 improvement from the last ten iterations.
  ps_guess, M_guess = fsolve(equations, (ps_guess, M_guess))
C:\Users\MEO\Desktop\Projects\JetEngine\boomsonic_v0\.venv\Lib\site-packages\pycycle\thermo\static_ps_resid.py:108: RuntimeWarning: invalid value encountered in sqrt
  Vsonic = (i['gamma']*i['R']*i['Ts'])**0.5
C:\Users\MEO\Desktop\Projects\JetEngine\boomsonic_v0\.venv\Lib\site-packages\pycycle\thermo\static_ps_resid.py:83: RuntimeWarning: invalid value encountered in power
  ps_guess = inputs['guess:Pt'] * (1 + (gamt-1)/2 * inputs['MN']**2)**(-gamt/(gamt-1))
C:\Users\MEO\Desktop\Projects\JetEngine\boomsonic_v0\.venv\Lib\site-packages\openmdao\solvers\solver.py:819: SolverWarning:Your model has stalled three times and may be violating the bounds. In the future, turn on print_bound_enforce in your solver options here: 
OD0.inlet.out_stat.nonlinear_solver.linesearch.options['print_bound_enforce']=True. 
The bound(s) being violated now are:

C:\Users\MEO\Desktop\Projects\JetEngine\boomsonic_v0\.venv\Lib\site-packages\openmdao\solvers\linesearch\backtracking.py:39: SolverWarning:'OD0.inlet.out_stat.balance.T' exceeds lower bounds
  Val: [-224.71974758]
  Lower: [150.]

C:\Users\MEO\Desktop\Projects\JetEngine\boomsonic_v0\.venv\Lib\site-packages\openmdao\solvers\linesearch\backtracking.py:39: SolverWarning:'OD0.inlet.out_stat.ps_resid.Ps' exceeds lower bounds
  Val: [-0.00109596]
  Lower: [-0.0009009]

C:\Users\MEO\Desktop\Projects\JetEngine\boomsonic_v0\.venv\Lib\site-packages\openmdao\solvers\solver.py:819: SolverWarning:Your model has stalled three times and may be violating the bounds. In the future, turn on print_bound_enforce in your solver options here: 
OD0.duct.out_stat.nonlinear_solver.linesearch.options['print_bound_enforce']=True. 
The bound(s) being violated now are:

C:\Users\MEO\Desktop\Projects\JetEngine\boomsonic_v0\.venv\Lib\site-packages\openmdao\solvers\linesearch\backtracking.py:39: SolverWarning:'OD0.duct.out_stat.balance.T' exceeds lower bounds
  Val: [-222.75124993]
  Lower: [150.]

C:\Users\MEO\Desktop\Projects\JetEngine\boomsonic_v0\.venv\Lib\site-packages\openmdao\solvers\linesearch\backtracking.py:39: SolverWarning:'OD0.duct.out_stat.ps_resid.Ps' exceeds lower bounds
  Val: [-0.00109467]
  Lower: [-0.0009009]

C:\Users\MEO\Desktop\Projects\JetEngine\boomsonic_v0\.venv\Lib\site-packages\openmdao\solvers\solver.py:819: SolverWarning:Your model has stalled three times and may be violating the bounds. In the future, turn on print_bound_enforce in your solver options here: 
OD0.comp.ideal_flow.nonlinear_solver.linesearch.options['print_bound_enforce']=True. 
The bound(s) being violated now are:

C:\Users\MEO\Desktop\Projects\JetEngine\boomsonic_v0\.venv\Lib\site-packages\openmdao\solvers\linesearch\backtracking.py:39: SolverWarning:'OD0.comp.ideal_flow.balance.T' exceeds lower bounds
  Val: [-3.03258293e+10]
  Lower: [150.]

C:\Users\MEO\Desktop\Projects\JetEngine\boomsonic_v0\.venv\Lib\site-packages\pycycle\elements\compressor.py:75: RuntimeWarning: invalid value encountered in log
  outputs['eff_poly'] = Rt * np.log(PR) / ( Rt*np.log(PR) + S_out - S_in )
C:\Users\MEO\Desktop\Projects\JetEngine\boomsonic_v0\.venv\Lib\site-packages\pycycle\thermo\static_ps_resid.py:128: RuntimeWarning: invalid value encountered in sqrt
  Vsonic = (i['gamma']*i['R']*i['Ts'])**0.5
C:\Users\MEO\Desktop\Projects\JetEngine\boomsonic_v0\.venv\Lib\site-packages\pycycle\thermo\static_ps_resid.py:128: RuntimeWarning: invalid value encountered in sqrt
  Vsonic = (i['gamma']*i['R']*i['Ts'])**0.5
C:\Users\MEO\Desktop\Projects\JetEngine\boomsonic_v0\.venv\Lib\site-packages\pycycle\thermo\static_ps_resid.py:98: RuntimeWarning: invalid value encountered in power
  ps_guess = inputs['guess:Pt'] * (1 + (gamt-1)/2 * M_guess**2)**(-gamt/(gamt-1))
C:\Users\MEO\Desktop\Projects\JetEngine\boomsonic_v0\.venv\Lib\site-packages\pycycle\thermo\static_ps_resid.py:93: RuntimeWarning: invalid value encountered in power
  f1 = ps - inputs['guess:Pt'] * (1 + (gamt-1)/2 * M_guess**2)**(-gamt/(gamt-1))
C:\Users\MEO\Desktop\Projects\JetEngine\boomsonic_v0\.venv\Lib\site-packages\pycycle\thermo\static_ps_resid.py:94: RuntimeWarning: invalid value encountered in sqrt
  f2 = MN - inputs['W']*(R_UNIVERSAL_SI*inputs['Ts'])**0.5/(ps_guess*1.0e6*inputs['area']*gamt**0.5)
C:\Users\MEO\Desktop\Projects\JetEngine\boomsonic_v0\.venv\Lib\site-packages\pycycle\thermo\static_ps_resid.py:99: RuntimeWarning: The iteration is not making good progress, as measured by the 
 improvement from the last ten iterations.
  ps_guess, M_guess = fsolve(equations, (ps_guess, M_guess))
C:\Users\MEO\Desktop\Projects\JetEngine\boomsonic_v0\.venv\Lib\site-packages\pycycle\thermo\static_ps_resid.py:128: RuntimeWarning: invalid value encountered in sqrt
  Vsonic = (i['gamma']*i['R']*i['Ts'])**0.5
C:\Users\MEO\Desktop\Projects\JetEngine\boomsonic_v0\.venv\Lib\site-packages\pycycle\thermo\static_ps_resid.py:128: RuntimeWarning: invalid value encountered in sqrt
  Vsonic = (i['gamma']*i['R']*i['Ts'])**0.5
C:\Users\MEO\Desktop\Projects\JetEngine\boomsonic_v0\.venv\Lib\site-packages\pycycle\thermo\static_ps_resid.py:128: RuntimeWarning: invalid value encountered in sqrt
  Vsonic = (i['gamma']*i['R']*i['Ts'])**0.5
C:\Users\MEO\Desktop\Projects\JetEngine\boomsonic_v0\.venv\Lib\site-packages\openmdao\solvers\solver.py:819: SolverWarning:Your model has stalled three times and may be violating the bounds. In the future, turn on print_bound_enforce in your solver options here: 
OD0.turb.out_stat.nonlinear_solver.linesearch.options['print_bound_enforce']=True. 
The bound(s) being violated now are:

C:\Users\MEO\Desktop\Projects\JetEngine\boomsonic_v0\.venv\Lib\site-packages\openmdao\solvers\linesearch\backtracking.py:35: SolverWarning:'OD0.turb.out_stat.balance.T' exceeds upper bounds
  Val: [1.06772605e+11]
  Upper: [2500.]

C:\Users\MEO\Desktop\Projects\JetEngine\boomsonic_v0\.venv\Lib\site-packages\openmdao\solvers\linesearch\backtracking.py:39: SolverWarning:'OD0.turb.out_stat.ps_resid.Ps' exceeds lower bounds
  Val: [-2.23736864e+10]
  Lower: [-0.0009009]

C:\Users\MEO\Desktop\Projects\JetEngine\boomsonic_v0\.venv\Lib\site-packages\pycycle\thermo\static_ps_resid.py:108: RuntimeWarning: invalid value encountered in sqrt
  Vsonic = (i['gamma']*i['R']*i['Ts'])**0.5
C:\Users\MEO\Desktop\Projects\JetEngine\boomsonic_v0\.venv\Lib\site-packages\pycycle\thermo\static_ps_resid.py:83: RuntimeWarning: invalid value encountered in power
  ps_guess = inputs['guess:Pt'] * (1 + (gamt-1)/2 * inputs['MN']**2)**(-gamt/(gamt-1))
C:\Users\MEO\Desktop\Projects\JetEngine\boomsonic_v0\.venv\Lib\site-packages\pycycle\thermo\static_ps_resid.py:108: RuntimeWarning: invalid value encountered in sqrt
  Vsonic = (i['gamma']*i['R']*i['Ts'])**0.5
C:\Users\MEO\Desktop\Projects\JetEngine\boomsonic_v0\.venv\Lib\site-packages\pycycle\thermo\static_ps_resid.py:108: RuntimeWarning: invalid value encountered in sqrt
  Vsonic = (i['gamma']*i['R']*i['Ts'])**0.5
C:\Users\MEO\Desktop\Projects\JetEngine\boomsonic_v0\.venv\Lib\site-packages\pycycle\thermo\static_ps_resid.py:108: RuntimeWarning: invalid value encountered in sqrt
  Vsonic = (i['gamma']*i['R']*i['Ts'])**0.5
C:\Users\MEO\Desktop\Projects\JetEngine\boomsonic_v0\.venv\Lib\site-packages\pycycle\thermo\static_ps_calc.py:32: RuntimeWarning: invalid value encountered in sqrt
  outputs['Vsonic'] = Vsonic = np.sqrt(inputs['gamma'] * inputs['R'] * inputs['Ts'])
C:\Users\MEO\Desktop\Projects\JetEngine\boomsonic_v0\.venv\Lib\site-packages\pycycle\elements\compressor.py:75: RuntimeWarning: invalid value encountered in log
  outputs['eff_poly'] = Rt * np.log(PR) / ( Rt*np.log(PR) + S_out - S_in )
C:\Users\MEO\Desktop\Projects\JetEngine\boomsonic_v0\.venv\Lib\site-packages\pycycle\thermo\static_ps_resid.py:128: RuntimeWarning: invalid value encountered in sqrt
  Vsonic = (i['gamma']*i['R']*i['Ts'])**0.5
C:\Users\MEO\Desktop\Projects\JetEngine\boomsonic_v0\.venv\Lib\site-packages\pycycle\thermo\static_ps_resid.py:128: RuntimeWarning: invalid value encountered in sqrt
  Vsonic = (i['gamma']*i['R']*i['Ts'])**0.5
C:\Users\MEO\Desktop\Projects\JetEngine\boomsonic_v0\.venv\Lib\site-packages\pycycle\thermo\static_ps_resid.py:98: RuntimeWarning: invalid value encountered in power
  ps_guess = inputs['guess:Pt'] * (1 + (gamt-1)/2 * M_guess**2)**(-gamt/(gamt-1))
C:\Users\MEO\Desktop\Projects\JetEngine\boomsonic_v0\.venv\Lib\site-packages\pycycle\thermo\static_ps_resid.py:93: RuntimeWarning: invalid value encountered in power
  f1 = ps - inputs['guess:Pt'] * (1 + (gamt-1)/2 * M_guess**2)**(-gamt/(gamt-1))
C:\Users\MEO\Desktop\Projects\JetEngine\boomsonic_v0\.venv\Lib\site-packages\pycycle\thermo\static_ps_resid.py:94: RuntimeWarning: invalid value encountered in sqrt
  f2 = MN - inputs['W']*(R_UNIVERSAL_SI*inputs['Ts'])**0.5/(ps_guess*1.0e6*inputs['area']*gamt**0.5)
C:\Users\MEO\Desktop\Projects\JetEngine\boomsonic_v0\.venv\Lib\site-packages\pycycle\thermo\static_ps_resid.py:99: RuntimeWarning: The iteration is not making good progress, as measured by the 
 improvement from the last ten iterations.
  ps_guess, M_guess = fsolve(equations, (ps_guess, M_guess))
C:\Users\MEO\Desktop\Projects\JetEngine\boomsonic_v0\.venv\Lib\site-packages\pycycle\thermo\static_ps_resid.py:108: RuntimeWarning: invalid value encountered in sqrt
  Vsonic = (i['gamma']*i['R']*i['Ts'])**0.5
C:\Users\MEO\Desktop\Projects\JetEngine\boomsonic_v0\.venv\Lib\site-packages\pycycle\thermo\static_ps_resid.py:83: RuntimeWarning: invalid value encountered in power
  ps_guess = inputs['guess:Pt'] * (1 + (gamt-1)/2 * inputs['MN']**2)**(-gamt/(gamt-1))
C:\Users\MEO\Desktop\Projects\JetEngine\boomsonic_v0\.venv\Lib\site-packages\openmdao\solvers\solver.py:819: SolverWarning:Your model has stalled three times and may be violating the bounds. In the future, turn on print_bound_enforce in your solver options here: 
OD0.inlet.out_stat.nonlinear_solver.linesearch.options['print_bound_enforce']=True. 
The bound(s) being violated now are:

C:\Users\MEO\Desktop\Projects\JetEngine\boomsonic_v0\.venv\Lib\site-packages\openmdao\solvers\linesearch\backtracking.py:39: SolverWarning:'OD0.inlet.out_stat.balance.T' exceeds lower bounds
  Val: [-224.71977394]
  Lower: [150.]

C:\Users\MEO\Desktop\Projects\JetEngine\boomsonic_v0\.venv\Lib\site-packages\openmdao\solvers\linesearch\backtracking.py:39: SolverWarning:'OD0.inlet.out_stat.ps_resid.Ps' exceeds lower bounds
  Val: [-0.00109596]
  Lower: [-0.0009009]

C:\Users\MEO\Desktop\Projects\JetEngine\boomsonic_v0\.venv\Lib\site-packages\openmdao\solvers\solver.py:819: SolverWarning:Your model has stalled three times and may be violating the bounds. In the future, turn on print_bound_enforce in your solver options here: 
OD0.duct.out_stat.nonlinear_solver.linesearch.options['print_bound_enforce']=True. 
The bound(s) being violated now are:

C:\Users\MEO\Desktop\Projects\JetEngine\boomsonic_v0\.venv\Lib\site-packages\openmdao\solvers\linesearch\backtracking.py:39: SolverWarning:'OD0.duct.out_stat.balance.T' exceeds lower bounds
  Val: [-222.75127807]
  Lower: [150.]

C:\Users\MEO\Desktop\Projects\JetEngine\boomsonic_v0\.venv\Lib\site-packages\openmdao\solvers\linesearch\backtracking.py:39: SolverWarning:'OD0.duct.out_stat.ps_resid.Ps' exceeds lower bounds
  Val: [-0.00109467]
  Lower: [-0.0009009]

C:\Users\MEO\Desktop\Projects\JetEngine\boomsonic_v0\.venv\Lib\site-packages\openmdao\solvers\solver.py:819: SolverWarning:Your model has stalled three times and may be violating the bounds. In the future, turn on print_bound_enforce in your solver options here: 
OD0.comp.ideal_flow.nonlinear_solver.linesearch.options['print_bound_enforce']=True. 
The bound(s) being violated now are:

C:\Users\MEO\Desktop\Projects\JetEngine\boomsonic_v0\.venv\Lib\site-packages\openmdao\solvers\linesearch\backtracking.py:39: SolverWarning:'OD0.comp.ideal_flow.balance.T' exceeds lower bounds
  Val: [-3.03258293e+10]
  Lower: [150.]

C:\Users\MEO\Desktop\Projects\JetEngine\boomsonic_v0\.venv\Lib\site-packages\pycycle\elements\compressor.py:75: RuntimeWarning: invalid value encountered in log
  outputs['eff_poly'] = Rt * np.log(PR) / ( Rt*np.log(PR) + S_out - S_in )
C:\Users\MEO\Desktop\Projects\JetEngine\boomsonic_v0\.venv\Lib\site-packages\pycycle\thermo\static_ps_resid.py:128: RuntimeWarning: invalid value encountered in sqrt
  Vsonic = (i['gamma']*i['R']*i['Ts'])**0.5
C:\Users\MEO\Desktop\Projects\JetEngine\boomsonic_v0\.venv\Lib\site-packages\pycycle\thermo\static_ps_resid.py:98: RuntimeWarning: invalid value encountered in power
  ps_guess = inputs['guess:Pt'] * (1 + (gamt-1)/2 * M_guess**2)**(-gamt/(gamt-1))
C:\Users\MEO\Desktop\Projects\JetEngine\boomsonic_v0\.venv\Lib\site-packages\pycycle\thermo\static_ps_resid.py:93: RuntimeWarning: invalid value encountered in power
  f1 = ps - inputs['guess:Pt'] * (1 + (gamt-1)/2 * M_guess**2)**(-gamt/(gamt-1))
C:\Users\MEO\Desktop\Projects\JetEngine\boomsonic_v0\.venv\Lib\site-packages\pycycle\thermo\static_ps_resid.py:94: RuntimeWarning: invalid value encountered in sqrt
  f2 = MN - inputs['W']*(R_UNIVERSAL_SI*inputs['Ts'])**0.5/(ps_guess*1.0e6*inputs['area']*gamt**0.5)
C:\Users\MEO\Desktop\Projects\JetEngine\boomsonic_v0\.venv\Lib\site-packages\pycycle\thermo\static_ps_resid.py:99: RuntimeWarning: The iteration is not making good progress, as measured by the 
 improvement from the last ten iterations.
  ps_guess, M_guess = fsolve(equations, (ps_guess, M_guess))
C:\Users\MEO\Desktop\Projects\JetEngine\boomsonic_v0\.venv\Lib\site-packages\pycycle\thermo\static_ps_resid.py:128: RuntimeWarning: invalid value encountered in sqrt
  Vsonic = (i['gamma']*i['R']*i['Ts'])**0.5
C:\Users\MEO\Desktop\Projects\JetEngine\boomsonic_v0\.venv\Lib\site-packages\pycycle\thermo\static_ps_resid.py:128: RuntimeWarning: invalid value encountered in sqrt
  Vsonic = (i['gamma']*i['R']*i['Ts'])**0.5
C:\Users\MEO\Desktop\Projects\JetEngine\boomsonic_v0\.venv\Lib\site-packages\pycycle\thermo\static_ps_resid.py:128: RuntimeWarning: invalid value encountered in sqrt
  Vsonic = (i['gamma']*i['R']*i['Ts'])**0.5
C:\Users\MEO\Desktop\Projects\JetEngine\boomsonic_v0\.venv\Lib\site-packages\pycycle\thermo\static_ps_resid.py:128: RuntimeWarning: invalid value encountered in sqrt
  Vsonic = (i['gamma']*i['R']*i['Ts'])**0.5
C:\Users\MEO\Desktop\Projects\JetEngine\boomsonic_v0\.venv\Lib\site-packages\pycycle\thermo\static_ps_resid.py:128: RuntimeWarning: invalid value encountered in sqrt
  Vsonic = (i['gamma']*i['R']*i['Ts'])**0.5
C:\Users\MEO\Desktop\Projects\JetEngine\boomsonic_v0\.venv\Lib\site-packages\pycycle\thermo\static_ps_resid.py:128: RuntimeWarning: invalid value encountered in sqrt
  Vsonic = (i['gamma']*i['R']*i['Ts'])**0.5
C:\Users\MEO\Desktop\Projects\JetEngine\boomsonic_v0\.venv\Lib\site-packages\pycycle\thermo\static_ps_resid.py:128: RuntimeWarning: invalid value encountered in sqrt
  Vsonic = (i['gamma']*i['R']*i['Ts'])**0.5
C:\Users\MEO\Desktop\Projects\JetEngine\boomsonic_v0\.venv\Lib\site-packages\pycycle\thermo\static_ps_resid.py:128: RuntimeWarning: invalid value encountered in sqrt
  Vsonic = (i['gamma']*i['R']*i['Ts'])**0.5
C:\Users\MEO\Desktop\Projects\JetEngine\boomsonic_v0\.venv\Lib\site-packages\pycycle\thermo\static_ps_resid.py:128: RuntimeWarning: invalid value encountered in sqrt
  Vsonic = (i['gamma']*i['R']*i['Ts'])**0.5
C:\Users\MEO\Desktop\Projects\JetEngine\boomsonic_v0\.venv\Lib\site-packages\pycycle\thermo\static_ps_resid.py:128: RuntimeWarning: invalid value encountered in sqrt
  Vsonic = (i['gamma']*i['R']*i['Ts'])**0.5
C:\Users\MEO\Desktop\Projects\JetEngine\boomsonic_v0\.venv\Lib\site-packages\pycycle\thermo\static_ps_resid.py:128: RuntimeWarning: invalid value encountered in sqrt
  Vsonic = (i['gamma']*i['R']*i['Ts'])**0.5
C:\Users\MEO\Desktop\Projects\JetEngine\boomsonic_v0\.venv\Lib\site-packages\pycycle\thermo\static_ps_resid.py:128: RuntimeWarning: invalid value encountered in sqrt
  Vsonic = (i['gamma']*i['R']*i['Ts'])**0.5
C:\Users\MEO\Desktop\Projects\JetEngine\boomsonic_v0\.venv\Lib\site-packages\pycycle\thermo\static_ps_resid.py:108: RuntimeWarning: invalid value encountered in sqrt
  Vsonic = (i['gamma']*i['R']*i['Ts'])**0.5
C:\Users\MEO\Desktop\Projects\JetEngine\boomsonic_v0\.venv\Lib\site-packages\pycycle\thermo\static_ps_resid.py:83: RuntimeWarning: invalid value encountered in power
  ps_guess = inputs['guess:Pt'] * (1 + (gamt-1)/2 * inputs['MN']**2)**(-gamt/(gamt-1))
C:\Users\MEO\Desktop\Projects\JetEngine\boomsonic_v0\.venv\Lib\site-packages\pycycle\thermo\static_ps_resid.py:108: RuntimeWarning: invalid value encountered in sqrt
  Vsonic = (i['gamma']*i['R']*i['Ts'])**0.5
C:\Users\MEO\Desktop\Projects\JetEngine\boomsonic_v0\.venv\Lib\site-packages\openmdao\solvers\solver.py:819: SolverWarning:Your model has stalled three times and may be violating the bounds. In the future, turn on print_bound_enforce in your solver options here: 
OD0.nozz.staticMN.nonlinear_solver.linesearch.options['print_bound_enforce']=True. 
The bound(s) being violated now are:

C:\Users\MEO\Desktop\Projects\JetEngine\boomsonic_v0\.venv\Lib\site-packages\openmdao\solvers\linesearch\backtracking.py:35: SolverWarning:'OD0.nozz.staticMN.balance.T' exceeds upper bounds
  Val: [3.05890502e+10]
  Upper: [2500.]

C:\Users\MEO\Desktop\Projects\JetEngine\boomsonic_v0\.venv\Lib\site-packages\openmdao\solvers\linesearch\backtracking.py:39: SolverWarning:'OD0.nozz.staticMN.ps_resid.Ps' exceeds lower bounds
  Val: [-19243.73637705]
  Lower: [-0.0009009]

C:\Users\MEO\Desktop\Projects\JetEngine\boomsonic_v0\.venv\Lib\site-packages\pycycle\thermo\static_ps_resid.py:108: RuntimeWarning: invalid value encountered in sqrt
  Vsonic = (i['gamma']*i['R']*i['Ts'])**0.5
C:\Users\MEO\Desktop\Projects\JetEngine\boomsonic_v0\.venv\Lib\site-packages\pycycle\thermo\static_ps_resid.py:108: RuntimeWarning: invalid value encountered in sqrt
  Vsonic = (i['gamma']*i['R']*i['Ts'])**0.5
C:\Users\MEO\Desktop\Projects\JetEngine\boomsonic_v0\.venv\Lib\site-packages\pycycle\thermo\static_ps_calc.py:32: RuntimeWarning: invalid value encountered in sqrt
  outputs['Vsonic'] = Vsonic = np.sqrt(inputs['gamma'] * inputs['R'] * inputs['Ts'])
C:\Users\MEO\Desktop\Projects\JetEngine\boomsonic_v0\.venv\Lib\site-packages\pycycle\elements\compressor.py:75: RuntimeWarning: invalid value encountered in log
  outputs['eff_poly'] = Rt * np.log(PR) / ( Rt*np.log(PR) + S_out - S_in )
C:\Users\MEO\Desktop\Projects\JetEngine\boomsonic_v0\.venv\Lib\site-packages\pycycle\thermo\static_ps_resid.py:128: RuntimeWarning: invalid value encountered in sqrt
  Vsonic = (i['gamma']*i['R']*i['Ts'])**0.5
C:\Users\MEO\Desktop\Projects\JetEngine\boomsonic_v0\.venv\Lib\site-packages\pycycle\thermo\static_ps_calc.py:32: RuntimeWarning: invalid value encountered in sqrt
  outputs['Vsonic'] = Vsonic = np.sqrt(inputs['gamma'] * inputs['R'] * inputs['Ts'])
C:\Users\MEO\Desktop\Projects\JetEngine\boomsonic_v0\.venv\Lib\site-packages\pycycle\thermo\static_ps_resid.py:128: RuntimeWarning: invalid value encountered in sqrt
  Vsonic = (i['gamma']*i['R']*i['Ts'])**0.5
C:\Users\MEO\Desktop\Projects\JetEngine\boomsonic_v0\.venv\Lib\site-packages\pycycle\thermo\static_ps_resid.py:98: RuntimeWarning: invalid value encountered in power
  ps_guess = inputs['guess:Pt'] * (1 + (gamt-1)/2 * M_guess**2)**(-gamt/(gamt-1))
C:\Users\MEO\Desktop\Projects\JetEngine\boomsonic_v0\.venv\Lib\site-packages\pycycle\thermo\static_ps_resid.py:93: RuntimeWarning: invalid value encountered in power
  f1 = ps - inputs['guess:Pt'] * (1 + (gamt-1)/2 * M_guess**2)**(-gamt/(gamt-1))
C:\Users\MEO\Desktop\Projects\JetEngine\boomsonic_v0\.venv\Lib\site-packages\pycycle\thermo\static_ps_resid.py:94: RuntimeWarning: invalid value encountered in sqrt
  f2 = MN - inputs['W']*(R_UNIVERSAL_SI*inputs['Ts'])**0.5/(ps_guess*1.0e6*inputs['area']*gamt**0.5)
C:\Users\MEO\Desktop\Projects\JetEngine\boomsonic_v0\.venv\Lib\site-packages\pycycle\thermo\static_ps_resid.py:99: RuntimeWarning: The iteration is not making good progress, as measured by the 
 improvement from the last ten iterations.
  ps_guess, M_guess = fsolve(equations, (ps_guess, M_guess))
C:\Users\MEO\Desktop\Projects\JetEngine\boomsonic_v0\.venv\Lib\site-packages\pycycle\thermo\static_ps_resid.py:108: RuntimeWarning: invalid value encountered in sqrt
  Vsonic = (i['gamma']*i['R']*i['Ts'])**0.5
C:\Users\MEO\Desktop\Projects\JetEngine\boomsonic_v0\.venv\Lib\site-packages\pycycle\thermo\static_ps_resid.py:83: RuntimeWarning: invalid value encountered in power
  ps_guess = inputs['guess:Pt'] * (1 + (gamt-1)/2 * inputs['MN']**2)**(-gamt/(gamt-1))
C:\Users\MEO\Desktop\Projects\JetEngine\boomsonic_v0\.venv\Lib\site-packages\openmdao\solvers\solver.py:819: SolverWarning:Your model has stalled three times and may be violating the bounds. In the future, turn on print_bound_enforce in your solver options here: 
OD0.inlet.out_stat.nonlinear_solver.linesearch.options['print_bound_enforce']=True. 
The bound(s) being violated now are:

C:\Users\MEO\Desktop\Projects\JetEngine\boomsonic_v0\.venv\Lib\site-packages\openmdao\solvers\linesearch\backtracking.py:39: SolverWarning:'OD0.inlet.out_stat.balance.T' exceeds lower bounds
  Val: [-224.7197476]
  Lower: [150.]

C:\Users\MEO\Desktop\Projects\JetEngine\boomsonic_v0\.venv\Lib\site-packages\openmdao\solvers\linesearch\backtracking.py:39: SolverWarning:'OD0.inlet.out_stat.ps_resid.Ps' exceeds lower bounds
  Val: [-0.00109596]
  Lower: [-0.0009009]

C:\Users\MEO\Desktop\Projects\JetEngine\boomsonic_v0\.venv\Lib\site-packages\openmdao\solvers\solver.py:819: SolverWarning:Your model has stalled three times and may be violating the bounds. In the future, turn on print_bound_enforce in your solver options here: 
OD0.duct.out_stat.nonlinear_solver.linesearch.options['print_bound_enforce']=True. 
The bound(s) being violated now are:

C:\Users\MEO\Desktop\Projects\JetEngine\boomsonic_v0\.venv\Lib\site-packages\openmdao\solvers\linesearch\backtracking.py:39: SolverWarning:'OD0.duct.out_stat.balance.T' exceeds lower bounds
  Val: [-222.75124996]
  Lower: [150.]

C:\Users\MEO\Desktop\Projects\JetEngine\boomsonic_v0\.venv\Lib\site-packages\openmdao\solvers\linesearch\backtracking.py:39: SolverWarning:'OD0.duct.out_stat.ps_resid.Ps' exceeds lower bounds
  Val: [-0.00109467]
  Lower: [-0.0009009]

C:\Users\MEO\Desktop\Projects\JetEngine\boomsonic_v0\.venv\Lib\site-packages\openmdao\solvers\solver.py:819: SolverWarning:Your model has stalled three times and may be violating the bounds. In the future, turn on print_bound_enforce in your solver options here: 
OD0.comp.ideal_flow.nonlinear_solver.linesearch.options['print_bound_enforce']=True. 
The bound(s) being violated now are:

C:\Users\MEO\Desktop\Projects\JetEngine\boomsonic_v0\.venv\Lib\site-packages\openmdao\solvers\linesearch\backtracking.py:39: SolverWarning:'OD0.comp.ideal_flow.balance.T' exceeds lower bounds
  Val: [-3.03258293e+10]
  Lower: [150.]

C:\Users\MEO\Desktop\Projects\JetEngine\boomsonic_v0\.venv\Lib\site-packages\pycycle\elements\compressor.py:75: RuntimeWarning: invalid value encountered in log
  outputs['eff_poly'] = Rt * np.log(PR) / ( Rt*np.log(PR) + S_out - S_in )
C:\Users\MEO\Desktop\Projects\JetEngine\boomsonic_v0\.venv\Lib\site-packages\pycycle\thermo\static_ps_resid.py:128: RuntimeWarning: invalid value encountered in sqrt
  Vsonic = (i['gamma']*i['R']*i['Ts'])**0.5
C:\Users\MEO\Desktop\Projects\JetEngine\boomsonic_v0\.venv\Lib\site-packages\openmdao\solvers\solver.py:819: SolverWarning:Your model has stalled three times and may be violating the bounds. In the future, turn on print_bound_enforce in your solver options here: 
OD0.turb.real_flow_b4bld.nonlinear_solver.linesearch.options['print_bound_enforce']=True. 
The bound(s) being violated now are:

C:\Users\MEO\Desktop\Projects\JetEngine\boomsonic_v0\.venv\Lib\site-packages\openmdao\solvers\solver.py:819: SolverWarning:Your model has stalled three times and may be violating the bounds. In the future, turn on print_bound_enforce in your solver options here: 
OD0.turb.real_flow.nonlinear_solver.linesearch.options['print_bound_enforce']=True. 
The bound(s) being violated now are:

C:\Users\MEO\Desktop\Projects\JetEngine\boomsonic_v0\.venv\Lib\site-packages\pycycle\thermo\static_ps_resid.py:128: RuntimeWarning: invalid value encountered in sqrt
  Vsonic = (i['gamma']*i['R']*i['Ts'])**0.5
C:\Users\MEO\Desktop\Projects\JetEngine\boomsonic_v0\.venv\Lib\site-packages\pycycle\thermo\static_ps_resid.py:98: RuntimeWarning: invalid value encountered in power
  ps_guess = inputs['guess:Pt'] * (1 + (gamt-1)/2 * M_guess**2)**(-gamt/(gamt-1))
C:\Users\MEO\Desktop\Projects\JetEngine\boomsonic_v0\.venv\Lib\site-packages\pycycle\thermo\static_ps_resid.py:93: RuntimeWarning: invalid value encountered in power
  f1 = ps - inputs['guess:Pt'] * (1 + (gamt-1)/2 * M_guess**2)**(-gamt/(gamt-1))
C:\Users\MEO\Desktop\Projects\JetEngine\boomsonic_v0\.venv\Lib\site-packages\pycycle\thermo\static_ps_resid.py:94: RuntimeWarning: invalid value encountered in sqrt
  f2 = MN - inputs['W']*(R_UNIVERSAL_SI*inputs['Ts'])**0.5/(ps_guess*1.0e6*inputs['area']*gamt**0.5)
C:\Users\MEO\Desktop\Projects\JetEngine\boomsonic_v0\.venv\Lib\site-packages\pycycle\thermo\static_ps_resid.py:99: RuntimeWarning: The iteration is not making good progress, as measured by the 
 improvement from the last ten iterations.
  ps_guess, M_guess = fsolve(equations, (ps_guess, M_guess))
C:\Users\MEO\Desktop\Projects\JetEngine\boomsonic_v0\.venv\Lib\site-packages\pycycle\thermo\static_ps_resid.py:128: RuntimeWarning: invalid value encountered in sqrt
  Vsonic = (i['gamma']*i['R']*i['Ts'])**0.5
C:\Users\MEO\Desktop\Projects\JetEngine\boomsonic_v0\.venv\Lib\site-packages\pycycle\thermo\static_ps_resid.py:128: RuntimeWarning: invalid value encountered in sqrt
  Vsonic = (i['gamma']*i['R']*i['Ts'])**0.5
C:\Users\MEO\Desktop\Projects\JetEngine\boomsonic_v0\.venv\Lib\site-packages\pycycle\thermo\static_ps_resid.py:128: RuntimeWarning: invalid value encountered in sqrt
  Vsonic = (i['gamma']*i['R']*i['Ts'])**0.5
C:\Users\MEO\Desktop\Projects\JetEngine\boomsonic_v0\.venv\Lib\site-packages\openmdao\solvers\solver.py:819: SolverWarning:Your model has stalled three times and may be violating the bounds. In the future, turn on print_bound_enforce in your solver options here: 
OD0.turb.out_stat.nonlinear_solver.linesearch.options['print_bound_enforce']=True. 
The bound(s) being violated now are:

C:\Users\MEO\Desktop\Projects\JetEngine\boomsonic_v0\.venv\Lib\site-packages\openmdao\solvers\linesearch\backtracking.py:35: SolverWarning:'OD0.turb.out_stat.balance.T' exceeds upper bounds
  Val: [7.53646525e+10]
  Upper: [2500.]

C:\Users\MEO\Desktop\Projects\JetEngine\boomsonic_v0\.venv\Lib\site-packages\openmdao\solvers\linesearch\backtracking.py:39: SolverWarning:'OD0.turb.out_stat.ps_resid.Ps' exceeds lower bounds
  Val: [-4.53615168e+10]
  Lower: [-0.0009009]

C:\Users\MEO\Desktop\Projects\JetEngine\boomsonic_v0\.venv\Lib\site-packages\pycycle\thermo\static_ps_resid.py:128: RuntimeWarning: invalid value encountered in sqrt
  Vsonic = (i['gamma']*i['R']*i['Ts'])**0.5
C:\Users\MEO\Desktop\Projects\JetEngine\boomsonic_v0\.venv\Lib\site-packages\openmdao\solvers\solver.py:819: SolverWarning:Your model has stalled three times and may be violating the bounds. In the future, turn on print_bound_enforce in your solver options here: 
OD0.nozz.throat_total.nonlinear_solver.linesearch.options['print_bound_enforce']=True. 
The bound(s) being violated now are:

C:\Users\MEO\Desktop\Projects\JetEngine\boomsonic_v0\.venv\Lib\site-packages\pycycle\thermo\static_ps_resid.py:108: RuntimeWarning: invalid value encountered in sqrt
  Vsonic = (i['gamma']*i['R']*i['Ts'])**0.5
C:\Users\MEO\Desktop\Projects\JetEngine\boomsonic_v0\.venv\Lib\site-packages\pycycle\thermo\static_ps_resid.py:83: RuntimeWarning: invalid value encountered in power
  ps_guess = inputs['guess:Pt'] * (1 + (gamt-1)/2 * inputs['MN']**2)**(-gamt/(gamt-1))
C:\Users\MEO\Desktop\Projects\JetEngine\boomsonic_v0\.venv\Lib\site-packages\pycycle\thermo\static_ps_resid.py:108: RuntimeWarning: invalid value encountered in sqrt
  Vsonic = (i['gamma']*i['R']*i['Ts'])**0.5
C:\Users\MEO\Desktop\Projects\JetEngine\boomsonic_v0\.venv\Lib\site-packages\pycycle\thermo\static_ps_resid.py:108: RuntimeWarning: invalid value encountered in sqrt
  Vsonic = (i['gamma']*i['R']*i['Ts'])**0.5
C:\Users\MEO\Desktop\Projects\JetEngine\boomsonic_v0\.venv\Lib\site-packages\pycycle\thermo\static_ps_resid.py:108: RuntimeWarning: invalid value encountered in sqrt
  Vsonic = (i['gamma']*i['R']*i['Ts'])**0.5
C:\Users\MEO\Desktop\Projects\JetEngine\boomsonic_v0\.venv\Lib\site-packages\pycycle\thermo\static_ps_resid.py:108: RuntimeWarning: invalid value encountered in sqrt
  Vsonic = (i['gamma']*i['R']*i['Ts'])**0.5
C:\Users\MEO\Desktop\Projects\JetEngine\boomsonic_v0\.venv\Lib\site-packages\pycycle\thermo\static_ps_resid.py:108: RuntimeWarning: invalid value encountered in sqrt
  Vsonic = (i['gamma']*i['R']*i['Ts'])**0.5
C:\Users\MEO\Desktop\Projects\JetEngine\boomsonic_v0\.venv\Lib\site-packages\pycycle\thermo\static_ps_resid.py:108: RuntimeWarning: invalid value encountered in sqrt
  Vsonic = (i['gamma']*i['R']*i['Ts'])**0.5
C:\Users\MEO\Desktop\Projects\JetEngine\boomsonic_v0\.venv\Lib\site-packages\pycycle\thermo\static_ps_resid.py:108: RuntimeWarning: invalid value encountered in sqrt
  Vsonic = (i['gamma']*i['R']*i['Ts'])**0.5
C:\Users\MEO\Desktop\Projects\JetEngine\boomsonic_v0\.venv\Lib\site-packages\pycycle\thermo\static_ps_resid.py:108: RuntimeWarning: invalid value encountered in sqrt
  Vsonic = (i['gamma']*i['R']*i['Ts'])**0.5
C:\Users\MEO\Desktop\Projects\JetEngine\boomsonic_v0\.venv\Lib\site-packages\pycycle\thermo\static_ps_resid.py:108: RuntimeWarning: invalid value encountered in sqrt
  Vsonic = (i['gamma']*i['R']*i['Ts'])**0.5
C:\Users\MEO\Desktop\Projects\JetEngine\boomsonic_v0\.venv\Lib\site-packages\pycycle\thermo\static_ps_resid.py:108: RuntimeWarning: invalid value encountered in sqrt
  Vsonic = (i['gamma']*i['R']*i['Ts'])**0.5
C:\Users\MEO\Desktop\Projects\JetEngine\boomsonic_v0\.venv\Lib\site-packages\pycycle\thermo\static_ps_resid.py:108: RuntimeWarning: invalid value encountered in sqrt
  Vsonic = (i['gamma']*i['R']*i['Ts'])**0.5
C:\Users\MEO\Desktop\Projects\JetEngine\boomsonic_v0\.venv\Lib\site-packages\pycycle\thermo\static_ps_calc.py:32: RuntimeWarning: invalid value encountered in sqrt
  outputs['Vsonic'] = Vsonic = np.sqrt(inputs['gamma'] * inputs['R'] * inputs['Ts'])
C:\Users\MEO\Desktop\Projects\JetEngine\boomsonic_v0\.venv\Lib\site-packages\pycycle\elements\compressor.py:75: RuntimeWarning: invalid value encountered in log
  outputs['eff_poly'] = Rt * np.log(PR) / ( Rt*np.log(PR) + S_out - S_in )
C:\Users\MEO\Desktop\Projects\JetEngine\boomsonic_v0\.venv\Lib\site-packages\pycycle\thermo\static_ps_resid.py:128: RuntimeWarning: invalid value encountered in sqrt
  Vsonic = (i['gamma']*i['R']*i['Ts'])**0.5
C:\Users\MEO\Desktop\Projects\JetEngine\boomsonic_v0\.venv\Lib\site-packages\pycycle\thermo\static_ps_resid.py:128: RuntimeWarning: invalid value encountered in sqrt
  Vsonic = (i['gamma']*i['R']*i['Ts'])**0.5
C:\Users\MEO\Desktop\Projects\JetEngine\boomsonic_v0\.venv\Lib\site-packages\pycycle\thermo\static_ps_resid.py:98: RuntimeWarning: invalid value encountered in power
  ps_guess = inputs['guess:Pt'] * (1 + (gamt-1)/2 * M_guess**2)**(-gamt/(gamt-1))
C:\Users\MEO\Desktop\Projects\JetEngine\boomsonic_v0\.venv\Lib\site-packages\pycycle\thermo\static_ps_resid.py:93: RuntimeWarning: invalid value encountered in power
  f1 = ps - inputs['guess:Pt'] * (1 + (gamt-1)/2 * M_guess**2)**(-gamt/(gamt-1))
C:\Users\MEO\Desktop\Projects\JetEngine\boomsonic_v0\.venv\Lib\site-packages\pycycle\thermo\static_ps_resid.py:94: RuntimeWarning: invalid value encountered in sqrt
  f2 = MN - inputs['W']*(R_UNIVERSAL_SI*inputs['Ts'])**0.5/(ps_guess*1.0e6*inputs['area']*gamt**0.5)
C:\Users\MEO\Desktop\Projects\JetEngine\boomsonic_v0\.venv\Lib\site-packages\pycycle\thermo\static_ps_resid.py:99: RuntimeWarning: The iteration is not making good progress, as measured by the 
 improvement from the last ten iterations.
  ps_guess, M_guess = fsolve(equations, (ps_guess, M_guess))
C:\Users\MEO\Desktop\Projects\JetEngine\boomsonic_v0\.venv\Lib\site-packages\pycycle\thermo\static_ps_resid.py:108: RuntimeWarning: invalid value encountered in sqrt
  Vsonic = (i['gamma']*i['R']*i['Ts'])**0.5
C:\Users\MEO\Desktop\Projects\JetEngine\boomsonic_v0\.venv\Lib\site-packages\pycycle\thermo\static_ps_resid.py:83: RuntimeWarning: invalid value encountered in power
  ps_guess = inputs['guess:Pt'] * (1 + (gamt-1)/2 * inputs['MN']**2)**(-gamt/(gamt-1))
C:\Users\MEO\Desktop\Projects\JetEngine\boomsonic_v0\.venv\Lib\site-packages\openmdao\solvers\solver.py:819: SolverWarning:Your model has stalled three times and may be violating the bounds. In the future, turn on print_bound_enforce in your solver options here: 
OD0.inlet.out_stat.nonlinear_solver.linesearch.options['print_bound_enforce']=True. 
The bound(s) being violated now are:

C:\Users\MEO\Desktop\Projects\JetEngine\boomsonic_v0\.venv\Lib\site-packages\openmdao\solvers\linesearch\backtracking.py:39: SolverWarning:'OD0.inlet.out_stat.balance.T' exceeds lower bounds
  Val: [-224.71974758]
  Lower: [150.]

C:\Users\MEO\Desktop\Projects\JetEngine\boomsonic_v0\.venv\Lib\site-packages\openmdao\solvers\linesearch\backtracking.py:39: SolverWarning:'OD0.inlet.out_stat.ps_resid.Ps' exceeds lower bounds
  Val: [-0.00109596]
  Lower: [-0.0009009]

C:\Users\MEO\Desktop\Projects\JetEngine\boomsonic_v0\.venv\Lib\site-packages\openmdao\solvers\solver.py:819: SolverWarning:Your model has stalled three times and may be violating the bounds. In the future, turn on print_bound_enforce in your solver options here: 
OD0.comp.ideal_flow.nonlinear_solver.linesearch.options['print_bound_enforce']=True. 
The bound(s) being violated now are:

C:\Users\MEO\Desktop\Projects\JetEngine\boomsonic_v0\.venv\Lib\site-packages\openmdao\solvers\linesearch\backtracking.py:39: SolverWarning:'OD0.comp.ideal_flow.balance.T' exceeds lower bounds
  Val: [-2.95292247e+10]
  Lower: [150.]

C:\Users\MEO\Desktop\Projects\JetEngine\boomsonic_v0\.venv\Lib\site-packages\pycycle\elements\compressor.py:75: RuntimeWarning: invalid value encountered in log
  outputs['eff_poly'] = Rt * np.log(PR) / ( Rt*np.log(PR) + S_out - S_in )
C:\Users\MEO\Desktop\Projects\JetEngine\boomsonic_v0\.venv\Lib\site-packages\pycycle\thermo\static_ps_resid.py:128: RuntimeWarning: invalid value encountered in sqrt
  Vsonic = (i['gamma']*i['R']*i['Ts'])**0.5
C:\Users\MEO\Desktop\Projects\JetEngine\boomsonic_v0\.venv\Lib\site-packages\pycycle\thermo\static_ps_resid.py:128: RuntimeWarning: invalid value encountered in sqrt
  Vsonic = (i['gamma']*i['R']*i['Ts'])**0.5
C:\Users\MEO\Desktop\Projects\JetEngine\boomsonic_v0\.venv\Lib\site-packages\pycycle\thermo\static_ps_resid.py:98: RuntimeWarning: invalid value encountered in power
  ps_guess = inputs['guess:Pt'] * (1 + (gamt-1)/2 * M_guess**2)**(-gamt/(gamt-1))
C:\Users\MEO\Desktop\Projects\JetEngine\boomsonic_v0\.venv\Lib\site-packages\pycycle\thermo\static_ps_resid.py:93: RuntimeWarning: invalid value encountered in power
  f1 = ps - inputs['guess:Pt'] * (1 + (gamt-1)/2 * M_guess**2)**(-gamt/(gamt-1))
C:\Users\MEO\Desktop\Projects\JetEngine\boomsonic_v0\.venv\Lib\site-packages\pycycle\thermo\static_ps_resid.py:94: RuntimeWarning: invalid value encountered in sqrt
  f2 = MN - inputs['W']*(R_UNIVERSAL_SI*inputs['Ts'])**0.5/(ps_guess*1.0e6*inputs['area']*gamt**0.5)
C:\Users\MEO\Desktop\Projects\JetEngine\boomsonic_v0\.venv\Lib\site-packages\pycycle\thermo\static_ps_resid.py:99: RuntimeWarning: The iteration is not making good progress, as measured by the 
 improvement from the last ten iterations.
  ps_guess, M_guess = fsolve(equations, (ps_guess, M_guess))
C:\Users\MEO\Desktop\Projects\JetEngine\boomsonic_v0\.venv\Lib\site-packages\pycycle\thermo\static_ps_resid.py:128: RuntimeWarning: invalid value encountered in sqrt
  Vsonic = (i['gamma']*i['R']*i['Ts'])**0.5
C:\Users\MEO\Desktop\Projects\JetEngine\boomsonic_v0\.venv\Lib\site-packages\pycycle\thermo\static_ps_resid.py:128: RuntimeWarning: invalid value encountered in sqrt
  Vsonic = (i['gamma']*i['R']*i['Ts'])**0.5
C:\Users\MEO\Desktop\Projects\JetEngine\boomsonic_v0\.venv\Lib\site-packages\pycycle\thermo\static_ps_resid.py:128: RuntimeWarning: invalid value encountered in sqrt
  Vsonic = (i['gamma']*i['R']*i['Ts'])**0.5
C:\Users\MEO\Desktop\Projects\JetEngine\boomsonic_v0\.venv\Lib\site-packages\pycycle\thermo\static_ps_resid.py:128: RuntimeWarning: invalid value encountered in sqrt
  Vsonic = (i['gamma']*i['R']*i['Ts'])**0.5
C:\Users\MEO\Desktop\Projects\JetEngine\boomsonic_v0\.venv\Lib\site-packages\pycycle\thermo\static_ps_resid.py:128: RuntimeWarning: invalid value encountered in sqrt
  Vsonic = (i['gamma']*i['R']*i['Ts'])**0.5
C:\Users\MEO\Desktop\Projects\JetEngine\boomsonic_v0\.venv\Lib\site-packages\pycycle\thermo\static_ps_resid.py:128: RuntimeWarning: invalid value encountered in sqrt
  Vsonic = (i['gamma']*i['R']*i['Ts'])**0.5
C:\Users\MEO\Desktop\Projects\JetEngine\boomsonic_v0\.venv\Lib\site-packages\pycycle\thermo\static_ps_resid.py:128: RuntimeWarning: invalid value encountered in sqrt
  Vsonic = (i['gamma']*i['R']*i['Ts'])**0.5
C:\Users\MEO\Desktop\Projects\JetEngine\boomsonic_v0\.venv\Lib\site-packages\pycycle\thermo\static_ps_resid.py:128: RuntimeWarning: invalid value encountered in sqrt
  Vsonic = (i['gamma']*i['R']*i['Ts'])**0.5
C:\Users\MEO\Desktop\Projects\JetEngine\boomsonic_v0\.venv\Lib\site-packages\pycycle\thermo\static_ps_resid.py:128: RuntimeWarning: invalid value encountered in sqrt
  Vsonic = (i['gamma']*i['R']*i['Ts'])**0.5
C:\Users\MEO\Desktop\Projects\JetEngine\boomsonic_v0\.venv\Lib\site-packages\pycycle\thermo\static_ps_resid.py:108: RuntimeWarning: invalid value encountered in sqrt
  Vsonic = (i['gamma']*i['R']*i['Ts'])**0.5
C:\Users\MEO\Desktop\Projects\JetEngine\boomsonic_v0\.venv\Lib\site-packages\pycycle\thermo\static_ps_resid.py:83: RuntimeWarning: invalid value encountered in power
  ps_guess = inputs['guess:Pt'] * (1 + (gamt-1)/2 * inputs['MN']**2)**(-gamt/(gamt-1))
C:\Users\MEO\Desktop\Projects\JetEngine\boomsonic_v0\.venv\Lib\site-packages\pycycle\thermo\static_ps_resid.py:108: RuntimeWarning: invalid value encountered in sqrt
  Vsonic = (i['gamma']*i['R']*i['Ts'])**0.5
C:\Users\MEO\Desktop\Projects\JetEngine\boomsonic_v0\.venv\Lib\site-packages\pycycle\thermo\static_ps_resid.py:108: RuntimeWarning: invalid value encountered in sqrt
  Vsonic = (i['gamma']*i['R']*i['Ts'])**0.5
C:\Users\MEO\Desktop\Projects\JetEngine\boomsonic_v0\.venv\Lib\site-packages\pycycle\thermo\static_ps_resid.py:108: RuntimeWarning: invalid value encountered in sqrt
  Vsonic = (i['gamma']*i['R']*i['Ts'])**0.5
C:\Users\MEO\Desktop\Projects\JetEngine\boomsonic_v0\.venv\Lib\site-packages\pycycle\thermo\static_ps_resid.py:108: RuntimeWarning: invalid value encountered in sqrt
  Vsonic = (i['gamma']*i['R']*i['Ts'])**0.5
C:\Users\MEO\Desktop\Projects\JetEngine\boomsonic_v0\.venv\Lib\site-packages\pycycle\thermo\static_ps_calc.py:32: RuntimeWarning: invalid value encountered in sqrt
  outputs['Vsonic'] = Vsonic = np.sqrt(inputs['gamma'] * inputs['R'] * inputs['Ts'])
C:\Users\MEO\Desktop\Projects\JetEngine\boomsonic_v0\.venv\Lib\site-packages\pycycle\elements\compressor.py:75: RuntimeWarning: invalid value encountered in log
  outputs['eff_poly'] = Rt * np.log(PR) / ( Rt*np.log(PR) + S_out - S_in )
C:\Users\MEO\Desktop\Projects\JetEngine\boomsonic_v0\.venv\Lib\site-packages\pycycle\thermo\static_ps_resid.py:128: RuntimeWarning: invalid value encountered in sqrt
  Vsonic = (i['gamma']*i['R']*i['Ts'])**0.5
C:\Users\MEO\Desktop\Projects\JetEngine\boomsonic_v0\.venv\Lib\site-packages\pycycle\thermo\static_ps_calc.py:32: RuntimeWarning: invalid value encountered in sqrt
  outputs['Vsonic'] = Vsonic = np.sqrt(inputs['gamma'] * inputs['R'] * inputs['Ts'])
C:\Users\MEO\Desktop\Projects\JetEngine\boomsonic_v0\.venv\Lib\site-packages\pycycle\thermo\static_ps_resid.py:128: RuntimeWarning: invalid value encountered in sqrt
  Vsonic = (i['gamma']*i['R']*i['Ts'])**0.5
C:\Users\MEO\Desktop\Projects\JetEngine\boomsonic_v0\.venv\Lib\site-packages\pycycle\thermo\static_ps_resid.py:98: RuntimeWarning: invalid value encountered in power
  ps_guess = inputs['guess:Pt'] * (1 + (gamt-1)/2 * M_guess**2)**(-gamt/(gamt-1))
C:\Users\MEO\Desktop\Projects\JetEngine\boomsonic_v0\.venv\Lib\site-packages\pycycle\thermo\static_ps_resid.py:93: RuntimeWarning: invalid value encountered in power
  f1 = ps - inputs['guess:Pt'] * (1 + (gamt-1)/2 * M_guess**2)**(-gamt/(gamt-1))
C:\Users\MEO\Desktop\Projects\JetEngine\boomsonic_v0\.venv\Lib\site-packages\pycycle\thermo\static_ps_resid.py:94: RuntimeWarning: invalid value encountered in sqrt
  f2 = MN - inputs['W']*(R_UNIVERSAL_SI*inputs['Ts'])**0.5/(ps_guess*1.0e6*inputs['area']*gamt**0.5)
C:\Users\MEO\Desktop\Projects\JetEngine\boomsonic_v0\.venv\Lib\site-packages\pycycle\thermo\static_ps_resid.py:99: RuntimeWarning: The iteration is not making good progress, as measured by the 
 improvement from the last ten iterations.
  ps_guess, M_guess = fsolve(equations, (ps_guess, M_guess))
C:\Users\MEO\Desktop\Projects\JetEngine\boomsonic_v0\.venv\Lib\site-packages\pycycle\thermo\static_ps_resid.py:108: RuntimeWarning: invalid value encountered in sqrt
  Vsonic = (i['gamma']*i['R']*i['Ts'])**0.5
C:\Users\MEO\Desktop\Projects\JetEngine\boomsonic_v0\.venv\Lib\site-packages\pycycle\thermo\static_ps_resid.py:83: RuntimeWarning: invalid value encountered in power
  ps_guess = inputs['guess:Pt'] * (1 + (gamt-1)/2 * inputs['MN']**2)**(-gamt/(gamt-1))
C:\Users\MEO\Desktop\Projects\JetEngine\boomsonic_v0\.venv\Lib\site-packages\openmdao\solvers\solver.py:819: SolverWarning:Your model has stalled three times and may be violating the bounds. In the future, turn on print_bound_enforce in your solver options here: 
OD0.inlet.out_stat.nonlinear_solver.linesearch.options['print_bound_enforce']=True. 
The bound(s) being violated now are:

C:\Users\MEO\Desktop\Projects\JetEngine\boomsonic_v0\.venv\Lib\site-packages\openmdao\solvers\linesearch\backtracking.py:39: SolverWarning:'OD0.inlet.out_stat.balance.T' exceeds lower bounds
  Val: [-224.71974773]
  Lower: [150.]

C:\Users\MEO\Desktop\Projects\JetEngine\boomsonic_v0\.venv\Lib\site-packages\openmdao\solvers\linesearch\backtracking.py:39: SolverWarning:'OD0.inlet.out_stat.ps_resid.Ps' exceeds lower bounds
  Val: [-0.00109596]
  Lower: [-0.0009009]

C:\Users\MEO\Desktop\Projects\JetEngine\boomsonic_v0\.venv\Lib\site-packages\openmdao\solvers\solver.py:819: SolverWarning:Your model has stalled three times and may be violating the bounds. In the future, turn on print_bound_enforce in your solver options here: 
OD0.comp.ideal_flow.nonlinear_solver.linesearch.options['print_bound_enforce']=True. 
The bound(s) being violated now are:

C:\Users\MEO\Desktop\Projects\JetEngine\boomsonic_v0\.venv\Lib\site-packages\openmdao\solvers\linesearch\backtracking.py:39: SolverWarning:'OD0.comp.ideal_flow.balance.T' exceeds lower bounds
  Val: [-2.95292247e+10]
  Lower: [150.]

C:\Users\MEO\Desktop\Projects\JetEngine\boomsonic_v0\.venv\Lib\site-packages\pycycle\elements\compressor.py:75: RuntimeWarning: invalid value encountered in log
  outputs['eff_poly'] = Rt * np.log(PR) / ( Rt*np.log(PR) + S_out - S_in )
C:\Users\MEO\Desktop\Projects\JetEngine\boomsonic_v0\.venv\Lib\site-packages\pycycle\thermo\static_ps_resid.py:128: RuntimeWarning: invalid value encountered in sqrt
  Vsonic = (i['gamma']*i['R']*i['Ts'])**0.5
C:\Users\MEO\Desktop\Projects\JetEngine\boomsonic_v0\.venv\Lib\site-packages\pycycle\thermo\static_ps_resid.py:128: RuntimeWarning: invalid value encountered in sqrt
  Vsonic = (i['gamma']*i['R']*i['Ts'])**0.5
C:\Users\MEO\Desktop\Projects\JetEngine\boomsonic_v0\.venv\Lib\site-packages\pycycle\thermo\static_ps_resid.py:98: RuntimeWarning: invalid value encountered in power
  ps_guess = inputs['guess:Pt'] * (1 + (gamt-1)/2 * M_guess**2)**(-gamt/(gamt-1))
C:\Users\MEO\Desktop\Projects\JetEngine\boomsonic_v0\.venv\Lib\site-packages\pycycle\thermo\static_ps_resid.py:93: RuntimeWarning: invalid value encountered in power
  f1 = ps - inputs['guess:Pt'] * (1 + (gamt-1)/2 * M_guess**2)**(-gamt/(gamt-1))
C:\Users\MEO\Desktop\Projects\JetEngine\boomsonic_v0\.venv\Lib\site-packages\pycycle\thermo\static_ps_resid.py:94: RuntimeWarning: invalid value encountered in sqrt
  f2 = MN - inputs['W']*(R_UNIVERSAL_SI*inputs['Ts'])**0.5/(ps_guess*1.0e6*inputs['area']*gamt**0.5)
C:\Users\MEO\Desktop\Projects\JetEngine\boomsonic_v0\.venv\Lib\site-packages\pycycle\thermo\static_ps_resid.py:99: RuntimeWarning: The iteration is not making good progress, as measured by the 
 improvement from the last ten iterations.
  ps_guess, M_guess = fsolve(equations, (ps_guess, M_guess))
C:\Users\MEO\Desktop\Projects\JetEngine\boomsonic_v0\.venv\Lib\site-packages\pycycle\thermo\static_ps_resid.py:128: RuntimeWarning: invalid value encountered in sqrt
  Vsonic = (i['gamma']*i['R']*i['Ts'])**0.5
C:\Users\MEO\Desktop\Projects\JetEngine\boomsonic_v0\.venv\Lib\site-packages\pycycle\thermo\static_ps_resid.py:128: RuntimeWarning: invalid value encountered in sqrt
  Vsonic = (i['gamma']*i['R']*i['Ts'])**0.5
C:\Users\MEO\Desktop\Projects\JetEngine\boomsonic_v0\.venv\Lib\site-packages\pycycle\thermo\static_ps_resid.py:128: RuntimeWarning: invalid value encountered in sqrt
  Vsonic = (i['gamma']*i['R']*i['Ts'])**0.5
C:\Users\MEO\Desktop\Projects\JetEngine\boomsonic_v0\.venv\Lib\site-packages\pycycle\thermo\static_ps_resid.py:128: RuntimeWarning: invalid value encountered in sqrt
  Vsonic = (i['gamma']*i['R']*i['Ts'])**0.5
C:\Users\MEO\Desktop\Projects\JetEngine\boomsonic_v0\.venv\Lib\site-packages\pycycle\thermo\static_ps_resid.py:128: RuntimeWarning: invalid value encountered in sqrt
  Vsonic = (i['gamma']*i['R']*i['Ts'])**0.5
C:\Users\MEO\Desktop\Projects\JetEngine\boomsonic_v0\.venv\Lib\site-packages\pycycle\thermo\static_ps_resid.py:128: RuntimeWarning: invalid value encountered in sqrt
  Vsonic = (i['gamma']*i['R']*i['Ts'])**0.5
C:\Users\MEO\Desktop\Projects\JetEngine\boomsonic_v0\.venv\Lib\site-packages\pycycle\thermo\static_ps_resid.py:128: RuntimeWarning: invalid value encountered in sqrt
  Vsonic = (i['gamma']*i['R']*i['Ts'])**0.5
C:\Users\MEO\Desktop\Projects\JetEngine\boomsonic_v0\.venv\Lib\site-packages\pycycle\thermo\static_ps_resid.py:128: RuntimeWarning: invalid value encountered in sqrt
  Vsonic = (i['gamma']*i['R']*i['Ts'])**0.5
C:\Users\MEO\Desktop\Projects\JetEngine\boomsonic_v0\.venv\Lib\site-packages\pycycle\thermo\static_ps_resid.py:128: RuntimeWarning: invalid value encountered in sqrt
  Vsonic = (i['gamma']*i['R']*i['Ts'])**0.5
C:\Users\MEO\Desktop\Projects\JetEngine\boomsonic_v0\.venv\Lib\site-packages\pycycle\thermo\static_ps_resid.py:108: RuntimeWarning: invalid value encountered in sqrt
  Vsonic = (i['gamma']*i['R']*i['Ts'])**0.5
C:\Users\MEO\Desktop\Projects\JetEngine\boomsonic_v0\.venv\Lib\site-packages\pycycle\thermo\static_ps_resid.py:83: RuntimeWarning: invalid value encountered in power
  ps_guess = inputs['guess:Pt'] * (1 + (gamt-1)/2 * inputs['MN']**2)**(-gamt/(gamt-1))
C:\Users\MEO\Desktop\Projects\JetEngine\boomsonic_v0\.venv\Lib\site-packages\pycycle\thermo\static_ps_resid.py:108: RuntimeWarning: invalid value encountered in sqrt
  Vsonic = (i['gamma']*i['R']*i['Ts'])**0.5
C:\Users\MEO\Desktop\Projects\JetEngine\boomsonic_v0\.venv\Lib\site-packages\pycycle\thermo\static_ps_resid.py:108: RuntimeWarning: invalid value encountered in sqrt
  Vsonic = (i['gamma']*i['R']*i['Ts'])**0.5
C:\Users\MEO\Desktop\Projects\JetEngine\boomsonic_v0\.venv\Lib\site-packages\pycycle\thermo\static_ps_resid.py:108: RuntimeWarning: invalid value encountered in sqrt
  Vsonic = (i['gamma']*i['R']*i['Ts'])**0.5
C:\Users\MEO\Desktop\Projects\JetEngine\boomsonic_v0\.venv\Lib\site-packages\pycycle\thermo\static_ps_calc.py:32: RuntimeWarning: invalid value encountered in sqrt
  outputs['Vsonic'] = Vsonic = np.sqrt(inputs['gamma'] * inputs['R'] * inputs['Ts'])
C:\Users\MEO\Desktop\Projects\JetEngine\boomsonic_v0\.venv\Lib\site-packages\pycycle\elements\compressor.py:75: RuntimeWarning: invalid value encountered in log
  outputs['eff_poly'] = Rt * np.log(PR) / ( Rt*np.log(PR) + S_out - S_in )
C:\Users\MEO\Desktop\Projects\JetEngine\boomsonic_v0\.venv\Lib\site-packages\pycycle\thermo\static_ps_resid.py:128: RuntimeWarning: invalid value encountered in sqrt
  Vsonic = (i['gamma']*i['R']*i['Ts'])**0.5
C:\Users\MEO\Desktop\Projects\JetEngine\boomsonic_v0\.venv\Lib\site-packages\pycycle\thermo\static_ps_resid.py:128: RuntimeWarning: invalid value encountered in sqrt
  Vsonic = (i['gamma']*i['R']*i['Ts'])**0.5
C:\Users\MEO\Desktop\Projects\JetEngine\boomsonic_v0\.venv\Lib\site-packages\pycycle\thermo\static_ps_resid.py:98: RuntimeWarning: invalid value encountered in power
  ps_guess = inputs['guess:Pt'] * (1 + (gamt-1)/2 * M_guess**2)**(-gamt/(gamt-1))
C:\Users\MEO\Desktop\Projects\JetEngine\boomsonic_v0\.venv\Lib\site-packages\pycycle\thermo\static_ps_resid.py:93: RuntimeWarning: invalid value encountered in power
  f1 = ps - inputs['guess:Pt'] * (1 + (gamt-1)/2 * M_guess**2)**(-gamt/(gamt-1))
C:\Users\MEO\Desktop\Projects\JetEngine\boomsonic_v0\.venv\Lib\site-packages\pycycle\thermo\static_ps_resid.py:94: RuntimeWarning: invalid value encountered in sqrt
  f2 = MN - inputs['W']*(R_UNIVERSAL_SI*inputs['Ts'])**0.5/(ps_guess*1.0e6*inputs['area']*gamt**0.5)
C:\Users\MEO\Desktop\Projects\JetEngine\boomsonic_v0\.venv\Lib\site-packages\pycycle\thermo\static_ps_resid.py:99: RuntimeWarning: The iteration is not making good progress, as measured by the 
 improvement from the last ten iterations.
  ps_guess, M_guess = fsolve(equations, (ps_guess, M_guess))
C:\Users\MEO\Desktop\Projects\JetEngine\boomsonic_v0\.venv\Lib\site-packages\pycycle\thermo\static_ps_resid.py:108: RuntimeWarning: invalid value encountered in sqrt
  Vsonic = (i['gamma']*i['R']*i['Ts'])**0.5
C:\Users\MEO\Desktop\Projects\JetEngine\boomsonic_v0\.venv\Lib\site-packages\pycycle\thermo\static_ps_resid.py:83: RuntimeWarning: invalid value encountered in power
  ps_guess = inputs['guess:Pt'] * (1 + (gamt-1)/2 * inputs['MN']**2)**(-gamt/(gamt-1))
C:\Users\MEO\Desktop\Projects\JetEngine\boomsonic_v0\.venv\Lib\site-packages\openmdao\solvers\solver.py:819: SolverWarning:Your model has stalled three times and may be violating the bounds. In the future, turn on print_bound_enforce in your solver options here: 
OD0.inlet.out_stat.nonlinear_solver.linesearch.options['print_bound_enforce']=True. 
The bound(s) being violated now are:

C:\Users\MEO\Desktop\Projects\JetEngine\boomsonic_v0\.venv\Lib\site-packages\openmdao\solvers\linesearch\backtracking.py:39: SolverWarning:'OD0.inlet.out_stat.balance.T' exceeds lower bounds
  Val: [-224.7197476]
  Lower: [150.]

C:\Users\MEO\Desktop\Projects\JetEngine\boomsonic_v0\.venv\Lib\site-packages\openmdao\solvers\linesearch\backtracking.py:39: SolverWarning:'OD0.inlet.out_stat.ps_resid.Ps' exceeds lower bounds
  Val: [-0.00109596]
  Lower: [-0.0009009]

C:\Users\MEO\Desktop\Projects\JetEngine\boomsonic_v0\.venv\Lib\site-packages\pycycle\thermo\static_ps_resid.py:128: RuntimeWarning: invalid value encountered in sqrt
  Vsonic = (i['gamma']*i['R']*i['Ts'])**0.5
C:\Users\MEO\Desktop\Projects\JetEngine\boomsonic_v0\.venv\Lib\site-packages\openmdao\solvers\solver.py:819: SolverWarning:Your model has stalled three times and may be violating the bounds. In the future, turn on print_bound_enforce in your solver options here: 
OD0.comp.ideal_flow.nonlinear_solver.linesearch.options['print_bound_enforce']=True. 
The bound(s) being violated now are:

C:\Users\MEO\Desktop\Projects\JetEngine\boomsonic_v0\.venv\Lib\site-packages\openmdao\solvers\linesearch\backtracking.py:39: SolverWarning:'OD0.comp.ideal_flow.balance.T' exceeds lower bounds
  Val: [-2.95292247e+10]
  Lower: [150.]

C:\Users\MEO\Desktop\Projects\JetEngine\boomsonic_v0\.venv\Lib\site-packages\pycycle\elements\compressor.py:75: RuntimeWarning: invalid value encountered in log
  outputs['eff_poly'] = Rt * np.log(PR) / ( Rt*np.log(PR) + S_out - S_in )
C:\Users\MEO\Desktop\Projects\JetEngine\boomsonic_v0\.venv\Lib\site-packages\pycycle\thermo\static_ps_resid.py:128: RuntimeWarning: invalid value encountered in sqrt
  Vsonic = (i['gamma']*i['R']*i['Ts'])**0.5
C:\Users\MEO\Desktop\Projects\JetEngine\boomsonic_v0\.venv\Lib\site-packages\pycycle\thermo\static_ps_resid.py:128: RuntimeWarning: invalid value encountered in sqrt
  Vsonic = (i['gamma']*i['R']*i['Ts'])**0.5
C:\Users\MEO\Desktop\Projects\JetEngine\boomsonic_v0\.venv\Lib\site-packages\pycycle\thermo\static_ps_resid.py:98: RuntimeWarning: invalid value encountered in power
  ps_guess = inputs['guess:Pt'] * (1 + (gamt-1)/2 * M_guess**2)**(-gamt/(gamt-1))
C:\Users\MEO\Desktop\Projects\JetEngine\boomsonic_v0\.venv\Lib\site-packages\pycycle\thermo\static_ps_resid.py:93: RuntimeWarning: invalid value encountered in power
  f1 = ps - inputs['guess:Pt'] * (1 + (gamt-1)/2 * M_guess**2)**(-gamt/(gamt-1))
C:\Users\MEO\Desktop\Projects\JetEngine\boomsonic_v0\.venv\Lib\site-packages\pycycle\thermo\static_ps_resid.py:94: RuntimeWarning: invalid value encountered in sqrt
  f2 = MN - inputs['W']*(R_UNIVERSAL_SI*inputs['Ts'])**0.5/(ps_guess*1.0e6*inputs['area']*gamt**0.5)
C:\Users\MEO\Desktop\Projects\JetEngine\boomsonic_v0\.venv\Lib\site-packages\pycycle\thermo\static_ps_resid.py:99: RuntimeWarning: The iteration is not making good progress, as measured by the 
 improvement from the last ten iterations.
  ps_guess, M_guess = fsolve(equations, (ps_guess, M_guess))
C:\Users\MEO\Desktop\Projects\JetEngine\boomsonic_v0\.venv\Lib\site-packages\pycycle\thermo\static_ps_resid.py:128: RuntimeWarning: invalid value encountered in sqrt
  Vsonic = (i['gamma']*i['R']*i['Ts'])**0.5
C:\Users\MEO\Desktop\Projects\JetEngine\boomsonic_v0\.venv\Lib\site-packages\pycycle\thermo\static_ps_resid.py:128: RuntimeWarning: invalid value encountered in sqrt
  Vsonic = (i['gamma']*i['R']*i['Ts'])**0.5
C:\Users\MEO\Desktop\Projects\JetEngine\boomsonic_v0\.venv\Lib\site-packages\pycycle\thermo\static_ps_resid.py:128: RuntimeWarning: invalid value encountered in sqrt
  Vsonic = (i['gamma']*i['R']*i['Ts'])**0.5
C:\Users\MEO\Desktop\Projects\JetEngine\boomsonic_v0\.venv\Lib\site-packages\pycycle\thermo\static_ps_resid.py:128: RuntimeWarning: invalid value encountered in sqrt
  Vsonic = (i['gamma']*i['R']*i['Ts'])**0.5
C:\Users\MEO\Desktop\Projects\JetEngine\boomsonic_v0\.venv\Lib\site-packages\pycycle\thermo\static_ps_resid.py:128: RuntimeWarning: invalid value encountered in sqrt
  Vsonic = (i['gamma']*i['R']*i['Ts'])**0.5
C:\Users\MEO\Desktop\Projects\JetEngine\boomsonic_v0\.venv\Lib\site-packages\pycycle\thermo\static_ps_resid.py:108: RuntimeWarning: invalid value encountered in sqrt
  Vsonic = (i['gamma']*i['R']*i['Ts'])**0.5
C:\Users\MEO\Desktop\Projects\JetEngine\boomsonic_v0\.venv\Lib\site-packages\pycycle\thermo\static_ps_resid.py:83: RuntimeWarning: invalid value encountered in power
  ps_guess = inputs['guess:Pt'] * (1 + (gamt-1)/2 * inputs['MN']**2)**(-gamt/(gamt-1))
C:\Users\MEO\Desktop\Projects\JetEngine\boomsonic_v0\.venv\Lib\site-packages\pycycle\thermo\static_ps_resid.py:108: RuntimeWarning: invalid value encountered in sqrt
  Vsonic = (i['gamma']*i['R']*i['Ts'])**0.5
C:\Users\MEO\Desktop\Projects\JetEngine\boomsonic_v0\.venv\Lib\site-packages\pycycle\thermo\static_ps_resid.py:108: RuntimeWarning: invalid value encountered in sqrt
  Vsonic = (i['gamma']*i['R']*i['Ts'])**0.5
C:\Users\MEO\Desktop\Projects\JetEngine\boomsonic_v0\.venv\Lib\site-packages\pycycle\thermo\static_ps_resid.py:108: RuntimeWarning: invalid value encountered in sqrt
  Vsonic = (i['gamma']*i['R']*i['Ts'])**0.5
C:\Users\MEO\Desktop\Projects\JetEngine\boomsonic_v0\.venv\Lib\site-packages\pycycle\thermo\static_ps_resid.py:108: RuntimeWarning: invalid value encountered in sqrt
  Vsonic = (i['gamma']*i['R']*i['Ts'])**0.5
C:\Users\MEO\Desktop\Projects\JetEngine\boomsonic_v0\.venv\Lib\site-packages\pycycle\thermo\static_ps_resid.py:108: RuntimeWarning: invalid value encountered in sqrt
  Vsonic = (i['gamma']*i['R']*i['Ts'])**0.5
C:\Users\MEO\Desktop\Projects\JetEngine\boomsonic_v0\.venv\Lib\site-packages\pycycle\thermo\static_ps_resid.py:108: RuntimeWarning: invalid value encountered in sqrt
  Vsonic = (i['gamma']*i['R']*i['Ts'])**0.5
C:\Users\MEO\Desktop\Projects\JetEngine\boomsonic_v0\.venv\Lib\site-packages\pycycle\thermo\static_ps_resid.py:108: RuntimeWarning: invalid value encountered in sqrt
  Vsonic = (i['gamma']*i['R']*i['Ts'])**0.5
C:\Users\MEO\Desktop\Projects\JetEngine\boomsonic_v0\.venv\Lib\site-packages\pycycle\thermo\static_ps_resid.py:108: RuntimeWarning: invalid value encountered in sqrt
  Vsonic = (i['gamma']*i['R']*i['Ts'])**0.5
C:\Users\MEO\Desktop\Projects\JetEngine\boomsonic_v0\.venv\Lib\site-packages\pycycle\thermo\static_ps_resid.py:108: RuntimeWarning: invalid value encountered in sqrt
  Vsonic = (i['gamma']*i['R']*i['Ts'])**0.5
C:\Users\MEO\Desktop\Projects\JetEngine\boomsonic_v0\.venv\Lib\site-packages\pycycle\thermo\static_ps_resid.py:108: RuntimeWarning: invalid value encountered in sqrt
  Vsonic = (i['gamma']*i['R']*i['Ts'])**0.5
C:\Users\MEO\Desktop\Projects\JetEngine\boomsonic_v0\.venv\Lib\site-packages\pycycle\thermo\static_ps_resid.py:108: RuntimeWarning: invalid value encountered in sqrt
  Vsonic = (i['gamma']*i['R']*i['Ts'])**0.5
C:\Users\MEO\Desktop\Projects\JetEngine\boomsonic_v0\.venv\Lib\site-packages\pycycle\thermo\static_ps_calc.py:32: RuntimeWarning: invalid value encountered in sqrt
  outputs['Vsonic'] = Vsonic = np.sqrt(inputs['gamma'] * inputs['R'] * inputs['Ts'])
C:\Users\MEO\Desktop\Projects\JetEngine\boomsonic_v0\.venv\Lib\site-packages\pycycle\elements\compressor.py:75: RuntimeWarning: invalid value encountered in log
  outputs['eff_poly'] = Rt * np.log(PR) / ( Rt*np.log(PR) + S_out - S_in )
C:\Users\MEO\Desktop\Projects\JetEngine\boomsonic_v0\.venv\Lib\site-packages\pycycle\thermo\static_ps_resid.py:128: RuntimeWarning: invalid value encountered in sqrt
  Vsonic = (i['gamma']*i['R']*i['Ts'])**0.5
C:\Users\MEO\Desktop\Projects\JetEngine\boomsonic_v0\.venv\Lib\site-packages\pycycle\thermo\static_ps_resid.py:128: RuntimeWarning: invalid value encountered in sqrt
  Vsonic = (i['gamma']*i['R']*i['Ts'])**0.5
C:\Users\MEO\Desktop\Projects\JetEngine\boomsonic_v0\.venv\Lib\site-packages\pycycle\thermo\static_ps_resid.py:98: RuntimeWarning: invalid value encountered in power
  ps_guess = inputs['guess:Pt'] * (1 + (gamt-1)/2 * M_guess**2)**(-gamt/(gamt-1))
C:\Users\MEO\Desktop\Projects\JetEngine\boomsonic_v0\.venv\Lib\site-packages\pycycle\thermo\static_ps_resid.py:93: RuntimeWarning: invalid value encountered in power
  f1 = ps - inputs['guess:Pt'] * (1 + (gamt-1)/2 * M_guess**2)**(-gamt/(gamt-1))
C:\Users\MEO\Desktop\Projects\JetEngine\boomsonic_v0\.venv\Lib\site-packages\pycycle\thermo\static_ps_resid.py:94: RuntimeWarning: invalid value encountered in sqrt
  f2 = MN - inputs['W']*(R_UNIVERSAL_SI*inputs['Ts'])**0.5/(ps_guess*1.0e6*inputs['area']*gamt**0.5)
C:\Users\MEO\Desktop\Projects\JetEngine\boomsonic_v0\.venv\Lib\site-packages\pycycle\thermo\static_ps_resid.py:99: RuntimeWarning: The iteration is not making good progress, as measured by the 
 improvement from the last ten iterations.
  ps_guess, M_guess = fsolve(equations, (ps_guess, M_guess))
C:\Users\MEO\Desktop\Projects\JetEngine\boomsonic_v0\.venv\Lib\site-packages\pycycle\thermo\static_ps_resid.py:108: RuntimeWarning: invalid value encountered in sqrt
  Vsonic = (i['gamma']*i['R']*i['Ts'])**0.5
C:\Users\MEO\Desktop\Projects\JetEngine\boomsonic_v0\.venv\Lib\site-packages\pycycle\thermo\static_ps_resid.py:83: RuntimeWarning: invalid value encountered in power
  ps_guess = inputs['guess:Pt'] * (1 + (gamt-1)/2 * inputs['MN']**2)**(-gamt/(gamt-1))
C:\Users\MEO\Desktop\Projects\JetEngine\boomsonic_v0\.venv\Lib\site-packages\openmdao\solvers\solver.py:819: SolverWarning:Your model has stalled three times and may be violating the bounds. In the future, turn on print_bound_enforce in your solver options here: 
OD0.inlet.out_stat.nonlinear_solver.linesearch.options['print_bound_enforce']=True. 
The bound(s) being violated now are:

C:\Users\MEO\Desktop\Projects\JetEngine\boomsonic_v0\.venv\Lib\site-packages\openmdao\solvers\linesearch\backtracking.py:39: SolverWarning:'OD0.inlet.out_stat.balance.T' exceeds lower bounds
  Val: [-224.71974758]
  Lower: [150.]

C:\Users\MEO\Desktop\Projects\JetEngine\boomsonic_v0\.venv\Lib\site-packages\openmdao\solvers\linesearch\backtracking.py:39: SolverWarning:'OD0.inlet.out_stat.ps_resid.Ps' exceeds lower bounds
  Val: [-0.00109596]
  Lower: [-0.0009009]

C:\Users\MEO\Desktop\Projects\JetEngine\boomsonic_v0\.venv\Lib\site-packages\pycycle\thermo\static_ps_resid.py:128: RuntimeWarning: invalid value encountered in sqrt
  Vsonic = (i['gamma']*i['R']*i['Ts'])**0.5
C:\Users\MEO\Desktop\Projects\JetEngine\boomsonic_v0\.venv\Lib\site-packages\openmdao\solvers\solver.py:819: SolverWarning:Your model has stalled three times and may be violating the bounds. In the future, turn on print_bound_enforce in your solver options here: 
OD0.comp.ideal_flow.nonlinear_solver.linesearch.options['print_bound_enforce']=True. 
The bound(s) being violated now are:

C:\Users\MEO\Desktop\Projects\JetEngine\boomsonic_v0\.venv\Lib\site-packages\openmdao\solvers\linesearch\backtracking.py:39: SolverWarning:'OD0.comp.ideal_flow.balance.T' exceeds lower bounds
  Val: [-2.95292247e+10]
  Lower: [150.]

C:\Users\MEO\Desktop\Projects\JetEngine\boomsonic_v0\.venv\Lib\site-packages\pycycle\elements\compressor.py:75: RuntimeWarning: invalid value encountered in log
  outputs['eff_poly'] = Rt * np.log(PR) / ( Rt*np.log(PR) + S_out - S_in )
C:\Users\MEO\Desktop\Projects\JetEngine\boomsonic_v0\.venv\Lib\site-packages\pycycle\thermo\static_ps_resid.py:128: RuntimeWarning: invalid value encountered in sqrt
  Vsonic = (i['gamma']*i['R']*i['Ts'])**0.5
C:\Users\MEO\Desktop\Projects\JetEngine\boomsonic_v0\.venv\Lib\site-packages\pycycle\thermo\static_ps_resid.py:128: RuntimeWarning: invalid value encountered in sqrt
  Vsonic = (i['gamma']*i['R']*i['Ts'])**0.5
C:\Users\MEO\Desktop\Projects\JetEngine\boomsonic_v0\.venv\Lib\site-packages\pycycle\thermo\static_ps_resid.py:98: RuntimeWarning: invalid value encountered in power
  ps_guess = inputs['guess:Pt'] * (1 + (gamt-1)/2 * M_guess**2)**(-gamt/(gamt-1))
C:\Users\MEO\Desktop\Projects\JetEngine\boomsonic_v0\.venv\Lib\site-packages\pycycle\thermo\static_ps_resid.py:93: RuntimeWarning: invalid value encountered in power
  f1 = ps - inputs['guess:Pt'] * (1 + (gamt-1)/2 * M_guess**2)**(-gamt/(gamt-1))
C:\Users\MEO\Desktop\Projects\JetEngine\boomsonic_v0\.venv\Lib\site-packages\pycycle\thermo\static_ps_resid.py:94: RuntimeWarning: invalid value encountered in sqrt
  f2 = MN - inputs['W']*(R_UNIVERSAL_SI*inputs['Ts'])**0.5/(ps_guess*1.0e6*inputs['area']*gamt**0.5)
C:\Users\MEO\Desktop\Projects\JetEngine\boomsonic_v0\.venv\Lib\site-packages\pycycle\thermo\static_ps_resid.py:99: RuntimeWarning: The iteration is not making good progress, as measured by the 
 improvement from the last ten iterations.
  ps_guess, M_guess = fsolve(equations, (ps_guess, M_guess))
C:\Users\MEO\Desktop\Projects\JetEngine\boomsonic_v0\.venv\Lib\site-packages\pycycle\thermo\static_ps_resid.py:128: RuntimeWarning: invalid value encountered in sqrt
  Vsonic = (i['gamma']*i['R']*i['Ts'])**0.5
C:\Users\MEO\Desktop\Projects\JetEngine\boomsonic_v0\.venv\Lib\site-packages\pycycle\thermo\static_ps_resid.py:128: RuntimeWarning: invalid value encountered in sqrt
  Vsonic = (i['gamma']*i['R']*i['Ts'])**0.5
C:\Users\MEO\Desktop\Projects\JetEngine\boomsonic_v0\.venv\Lib\site-packages\pycycle\thermo\static_ps_resid.py:128: RuntimeWarning: invalid value encountered in sqrt
  Vsonic = (i['gamma']*i['R']*i['Ts'])**0.5
C:\Users\MEO\Desktop\Projects\JetEngine\boomsonic_v0\.venv\Lib\site-packages\pycycle\thermo\static_ps_resid.py:128: RuntimeWarning: invalid value encountered in sqrt
  Vsonic = (i['gamma']*i['R']*i['Ts'])**0.5
C:\Users\MEO\Desktop\Projects\JetEngine\boomsonic_v0\.venv\Lib\site-packages\pycycle\thermo\static_ps_resid.py:128: RuntimeWarning: invalid value encountered in sqrt
  Vsonic = (i['gamma']*i['R']*i['Ts'])**0.5
C:\Users\MEO\Desktop\Projects\JetEngine\boomsonic_v0\.venv\Lib\site-packages\pycycle\thermo\static_ps_resid.py:128: RuntimeWarning: invalid value encountered in sqrt
  Vsonic = (i['gamma']*i['R']*i['Ts'])**0.5
C:\Users\MEO\Desktop\Projects\JetEngine\boomsonic_v0\.venv\Lib\site-packages\pycycle\thermo\static_ps_resid.py:128: RuntimeWarning: invalid value encountered in sqrt
  Vsonic = (i['gamma']*i['R']*i['Ts'])**0.5
C:\Users\MEO\Desktop\Projects\JetEngine\boomsonic_v0\.venv\Lib\site-packages\pycycle\thermo\static_ps_resid.py:128: RuntimeWarning: invalid value encountered in sqrt
  Vsonic = (i['gamma']*i['R']*i['Ts'])**0.5
C:\Users\MEO\Desktop\Projects\JetEngine\boomsonic_v0\.venv\Lib\site-packages\pycycle\thermo\static_ps_resid.py:108: RuntimeWarning: invalid value encountered in sqrt
  Vsonic = (i['gamma']*i['R']*i['Ts'])**0.5
C:\Users\MEO\Desktop\Projects\JetEngine\boomsonic_v0\.venv\Lib\site-packages\pycycle\thermo\static_ps_resid.py:83: RuntimeWarning: invalid value encountered in power
  ps_guess = inputs['guess:Pt'] * (1 + (gamt-1)/2 * inputs['MN']**2)**(-gamt/(gamt-1))
C:\Users\MEO\Desktop\Projects\JetEngine\boomsonic_v0\.venv\Lib\site-packages\pycycle\thermo\static_ps_resid.py:108: RuntimeWarning: invalid value encountered in sqrt
  Vsonic = (i['gamma']*i['R']*i['Ts'])**0.5
C:\Users\MEO\Desktop\Projects\JetEngine\boomsonic_v0\.venv\Lib\site-packages\pycycle\thermo\static_ps_resid.py:108: RuntimeWarning: invalid value encountered in sqrt
  Vsonic = (i['gamma']*i['R']*i['Ts'])**0.5
C:\Users\MEO\Desktop\Projects\JetEngine\boomsonic_v0\.venv\Lib\site-packages\pycycle\thermo\static_ps_resid.py:108: RuntimeWarning: invalid value encountered in sqrt
  Vsonic = (i['gamma']*i['R']*i['Ts'])**0.5
C:\Users\MEO\Desktop\Projects\JetEngine\boomsonic_v0\.venv\Lib\site-packages\pycycle\thermo\static_ps_resid.py:108: RuntimeWarning: invalid value encountered in sqrt
  Vsonic = (i['gamma']*i['R']*i['Ts'])**0.5
C:\Users\MEO\Desktop\Projects\JetEngine\boomsonic_v0\.venv\Lib\site-packages\pycycle\thermo\static_ps_calc.py:32: RuntimeWarning: invalid value encountered in sqrt
  outputs['Vsonic'] = Vsonic = np.sqrt(inputs['gamma'] * inputs['R'] * inputs['Ts'])
C:\Users\MEO\Desktop\Projects\JetEngine\boomsonic_v0\.venv\Lib\site-packages\pycycle\thermo\static_ps_resid.py:128: RuntimeWarning: invalid value encountered in sqrt
  Vsonic = (i['gamma']*i['R']*i['Ts'])**0.5
C:\Users\MEO\Desktop\Projects\JetEngine\boomsonic_v0\.venv\Lib\site-packages\pycycle\elements\compressor.py:75: RuntimeWarning: invalid value encountered in log
  outputs['eff_poly'] = Rt * np.log(PR) / ( Rt*np.log(PR) + S_out - S_in )
C:\Users\MEO\Desktop\Projects\JetEngine\boomsonic_v0\.venv\Lib\site-packages\pycycle\thermo\static_ps_resid.py:128: RuntimeWarning: invalid value encountered in sqrt
  Vsonic = (i['gamma']*i['R']*i['Ts'])**0.5
C:\Users\MEO\Desktop\Projects\JetEngine\boomsonic_v0\.venv\Lib\site-packages\pycycle\thermo\static_ps_resid.py:98: RuntimeWarning: invalid value encountered in power
  ps_guess = inputs['guess:Pt'] * (1 + (gamt-1)/2 * M_guess**2)**(-gamt/(gamt-1))
C:\Users\MEO\Desktop\Projects\JetEngine\boomsonic_v0\.venv\Lib\site-packages\pycycle\thermo\static_ps_resid.py:93: RuntimeWarning: invalid value encountered in power
  f1 = ps - inputs['guess:Pt'] * (1 + (gamt-1)/2 * M_guess**2)**(-gamt/(gamt-1))
C:\Users\MEO\Desktop\Projects\JetEngine\boomsonic_v0\.venv\Lib\site-packages\pycycle\thermo\static_ps_resid.py:94: RuntimeWarning: invalid value encountered in sqrt
  f2 = MN - inputs['W']*(R_UNIVERSAL_SI*inputs['Ts'])**0.5/(ps_guess*1.0e6*inputs['area']*gamt**0.5)
C:\Users\MEO\Desktop\Projects\JetEngine\boomsonic_v0\.venv\Lib\site-packages\pycycle\thermo\static_ps_resid.py:99: RuntimeWarning: The iteration is not making good progress, as measured by the 
 improvement from the last ten iterations.
  ps_guess, M_guess = fsolve(equations, (ps_guess, M_guess))
C:\Users\MEO\Desktop\Projects\JetEngine\boomsonic_v0\.venv\Lib\site-packages\pycycle\thermo\static_ps_resid.py:108: RuntimeWarning: invalid value encountered in sqrt
  Vsonic = (i['gamma']*i['R']*i['Ts'])**0.5
C:\Users\MEO\Desktop\Projects\JetEngine\boomsonic_v0\.venv\Lib\site-packages\pycycle\thermo\static_ps_resid.py:83: RuntimeWarning: invalid value encountered in power
  ps_guess = inputs['guess:Pt'] * (1 + (gamt-1)/2 * inputs['MN']**2)**(-gamt/(gamt-1))
C:\Users\MEO\Desktop\Projects\JetEngine\boomsonic_v0\.venv\Lib\site-packages\openmdao\solvers\solver.py:819: SolverWarning:Your model has stalled three times and may be violating the bounds. In the future, turn on print_bound_enforce in your solver options here: 
OD0.inlet.out_stat.nonlinear_solver.linesearch.options['print_bound_enforce']=True. 
The bound(s) being violated now are:

C:\Users\MEO\Desktop\Projects\JetEngine\boomsonic_v0\.venv\Lib\site-packages\openmdao\solvers\linesearch\backtracking.py:39: SolverWarning:'OD0.inlet.out_stat.balance.T' exceeds lower bounds
  Val: [-224.71974794]
  Lower: [150.]

C:\Users\MEO\Desktop\Projects\JetEngine\boomsonic_v0\.venv\Lib\site-packages\openmdao\solvers\linesearch\backtracking.py:39: SolverWarning:'OD0.inlet.out_stat.ps_resid.Ps' exceeds lower bounds
  Val: [-0.00109596]
  Lower: [-0.0009009]

C:\Users\MEO\Desktop\Projects\JetEngine\boomsonic_v0\.venv\Lib\site-packages\pycycle\thermo\static_ps_resid.py:128: RuntimeWarning: invalid value encountered in sqrt
  Vsonic = (i['gamma']*i['R']*i['Ts'])**0.5
C:\Users\MEO\Desktop\Projects\JetEngine\boomsonic_v0\.venv\Lib\site-packages\pycycle\thermo\static_ps_resid.py:128: RuntimeWarning: invalid value encountered in sqrt
  Vsonic = (i['gamma']*i['R']*i['Ts'])**0.5
C:\Users\MEO\Desktop\Projects\JetEngine\boomsonic_v0\.venv\Lib\site-packages\openmdao\solvers\solver.py:819: SolverWarning:Your model has stalled three times and may be violating the bounds. In the future, turn on print_bound_enforce in your solver options here: 
OD0.comp.ideal_flow.nonlinear_solver.linesearch.options['print_bound_enforce']=True. 
The bound(s) being violated now are:

C:\Users\MEO\Desktop\Projects\JetEngine\boomsonic_v0\.venv\Lib\site-packages\openmdao\solvers\linesearch\backtracking.py:39: SolverWarning:'OD0.comp.ideal_flow.balance.T' exceeds lower bounds
  Val: [-2.95292247e+10]
  Lower: [150.]

C:\Users\MEO\Desktop\Projects\JetEngine\boomsonic_v0\.venv\Lib\site-packages\pycycle\elements\compressor.py:75: RuntimeWarning: invalid value encountered in log
  outputs['eff_poly'] = Rt * np.log(PR) / ( Rt*np.log(PR) + S_out - S_in )
C:\Users\MEO\Desktop\Projects\JetEngine\boomsonic_v0\.venv\Lib\site-packages\pycycle\thermo\static_ps_resid.py:128: RuntimeWarning: invalid value encountered in sqrt
  Vsonic = (i['gamma']*i['R']*i['Ts'])**0.5
C:\Users\MEO\Desktop\Projects\JetEngine\boomsonic_v0\.venv\Lib\site-packages\pycycle\thermo\static_ps_resid.py:128: RuntimeWarning: invalid value encountered in sqrt
  Vsonic = (i['gamma']*i['R']*i['Ts'])**0.5
C:\Users\MEO\Desktop\Projects\JetEngine\boomsonic_v0\.venv\Lib\site-packages\pycycle\thermo\static_ps_resid.py:98: RuntimeWarning: invalid value encountered in power
  ps_guess = inputs['guess:Pt'] * (1 + (gamt-1)/2 * M_guess**2)**(-gamt/(gamt-1))
C:\Users\MEO\Desktop\Projects\JetEngine\boomsonic_v0\.venv\Lib\site-packages\pycycle\thermo\static_ps_resid.py:93: RuntimeWarning: invalid value encountered in power
  f1 = ps - inputs['guess:Pt'] * (1 + (gamt-1)/2 * M_guess**2)**(-gamt/(gamt-1))
C:\Users\MEO\Desktop\Projects\JetEngine\boomsonic_v0\.venv\Lib\site-packages\pycycle\thermo\static_ps_resid.py:94: RuntimeWarning: invalid value encountered in sqrt
  f2 = MN - inputs['W']*(R_UNIVERSAL_SI*inputs['Ts'])**0.5/(ps_guess*1.0e6*inputs['area']*gamt**0.5)
C:\Users\MEO\Desktop\Projects\JetEngine\boomsonic_v0\.venv\Lib\site-packages\pycycle\thermo\static_ps_resid.py:99: RuntimeWarning: The iteration is not making good progress, as measured by the 
 improvement from the last ten iterations.
  ps_guess, M_guess = fsolve(equations, (ps_guess, M_guess))
C:\Users\MEO\Desktop\Projects\JetEngine\boomsonic_v0\.venv\Lib\site-packages\pycycle\thermo\static_ps_resid.py:128: RuntimeWarning: invalid value encountered in sqrt
  Vsonic = (i['gamma']*i['R']*i['Ts'])**0.5
C:\Users\MEO\Desktop\Projects\JetEngine\boomsonic_v0\.venv\Lib\site-packages\pycycle\thermo\static_ps_resid.py:128: RuntimeWarning: invalid value encountered in sqrt
  Vsonic = (i['gamma']*i['R']*i['Ts'])**0.5
C:\Users\MEO\Desktop\Projects\JetEngine\boomsonic_v0\.venv\Lib\site-packages\pycycle\thermo\static_ps_resid.py:128: RuntimeWarning: invalid value encountered in sqrt
  Vsonic = (i['gamma']*i['R']*i['Ts'])**0.5
C:\Users\MEO\Desktop\Projects\JetEngine\boomsonic_v0\.venv\Lib\site-packages\pycycle\thermo\static_ps_resid.py:128: RuntimeWarning: invalid value encountered in sqrt
  Vsonic = (i['gamma']*i['R']*i['Ts'])**0.5
C:\Users\MEO\Desktop\Projects\JetEngine\boomsonic_v0\.venv\Lib\site-packages\pycycle\thermo\static_ps_resid.py:128: RuntimeWarning: invalid value encountered in sqrt
  Vsonic = (i['gamma']*i['R']*i['Ts'])**0.5
C:\Users\MEO\Desktop\Projects\JetEngine\boomsonic_v0\.venv\Lib\site-packages\pycycle\thermo\static_ps_resid.py:128: RuntimeWarning: invalid value encountered in sqrt
  Vsonic = (i['gamma']*i['R']*i['Ts'])**0.5
C:\Users\MEO\Desktop\Projects\JetEngine\boomsonic_v0\.venv\Lib\site-packages\pycycle\thermo\static_ps_resid.py:128: RuntimeWarning: invalid value encountered in sqrt
  Vsonic = (i['gamma']*i['R']*i['Ts'])**0.5
C:\Users\MEO\Desktop\Projects\JetEngine\boomsonic_v0\.venv\Lib\site-packages\pycycle\thermo\static_ps_resid.py:128: RuntimeWarning: invalid value encountered in sqrt
  Vsonic = (i['gamma']*i['R']*i['Ts'])**0.5
C:\Users\MEO\Desktop\Projects\JetEngine\boomsonic_v0\.venv\Lib\site-packages\pycycle\thermo\static_ps_resid.py:128: RuntimeWarning: invalid value encountered in sqrt
  Vsonic = (i['gamma']*i['R']*i['Ts'])**0.5
C:\Users\MEO\Desktop\Projects\JetEngine\boomsonic_v0\.venv\Lib\site-packages\pycycle\thermo\static_ps_resid.py:108: RuntimeWarning: invalid value encountered in sqrt
  Vsonic = (i['gamma']*i['R']*i['Ts'])**0.5
C:\Users\MEO\Desktop\Projects\JetEngine\boomsonic_v0\.venv\Lib\site-packages\pycycle\thermo\static_ps_resid.py:83: RuntimeWarning: invalid value encountered in power
  ps_guess = inputs['guess:Pt'] * (1 + (gamt-1)/2 * inputs['MN']**2)**(-gamt/(gamt-1))
C:\Users\MEO\Desktop\Projects\JetEngine\boomsonic_v0\.venv\Lib\site-packages\pycycle\thermo\static_ps_resid.py:108: RuntimeWarning: invalid value encountered in sqrt
  Vsonic = (i['gamma']*i['R']*i['Ts'])**0.5
C:\Users\MEO\Desktop\Projects\JetEngine\boomsonic_v0\.venv\Lib\site-packages\openmdao\solvers\solver.py:819: SolverWarning:Your model has stalled three times and may be violating the bounds. In the future, turn on print_bound_enforce in your solver options here: 
OD0.nozz.staticMN.nonlinear_solver.linesearch.options['print_bound_enforce']=True. 
The bound(s) being violated now are:

C:\Users\MEO\Desktop\Projects\JetEngine\boomsonic_v0\.venv\Lib\site-packages\openmdao\solvers\linesearch\backtracking.py:35: SolverWarning:'OD0.nozz.staticMN.balance.T' exceeds upper bounds
  Val: [2.97619617e+10]
  Upper: [2500.]

C:\Users\MEO\Desktop\Projects\JetEngine\boomsonic_v0\.venv\Lib\site-packages\openmdao\solvers\linesearch\backtracking.py:39: SolverWarning:'OD0.nozz.staticMN.ps_resid.Ps' exceeds lower bounds
  Val: [-18749.17208212]
  Lower: [-0.0009009]

C:\Users\MEO\Desktop\Projects\JetEngine\boomsonic_v0\.venv\Lib\site-packages\pycycle\thermo\static_ps_resid.py:108: RuntimeWarning: invalid value encountered in sqrt
  Vsonic = (i['gamma']*i['R']*i['Ts'])**0.5
C:\Users\MEO\Desktop\Projects\JetEngine\boomsonic_v0\.venv\Lib\site-packages\pycycle\thermo\static_ps_resid.py:108: RuntimeWarning: invalid value encountered in sqrt
  Vsonic = (i['gamma']*i['R']*i['Ts'])**0.5
C:\Users\MEO\Desktop\Projects\JetEngine\boomsonic_v0\.venv\Lib\site-packages\pycycle\thermo\static_ps_calc.py:32: RuntimeWarning: invalid value encountered in sqrt
  outputs['Vsonic'] = Vsonic = np.sqrt(inputs['gamma'] * inputs['R'] * inputs['Ts'])
C:\Users\MEO\Desktop\Projects\JetEngine\boomsonic_v0\.venv\Lib\site-packages\pycycle\elements\compressor.py:75: RuntimeWarning: invalid value encountered in log
  outputs['eff_poly'] = Rt * np.log(PR) / ( Rt*np.log(PR) + S_out - S_in )
C:\Users\MEO\Desktop\Projects\JetEngine\boomsonic_v0\.venv\Lib\site-packages\pycycle\thermo\static_ps_resid.py:128: RuntimeWarning: invalid value encountered in sqrt
  Vsonic = (i['gamma']*i['R']*i['Ts'])**0.5
C:\Users\MEO\Desktop\Projects\JetEngine\boomsonic_v0\.venv\Lib\site-packages\pycycle\thermo\static_ps_resid.py:128: RuntimeWarning: invalid value encountered in sqrt
  Vsonic = (i['gamma']*i['R']*i['Ts'])**0.5
C:\Users\MEO\Desktop\Projects\JetEngine\boomsonic_v0\.venv\Lib\site-packages\pycycle\thermo\static_ps_resid.py:98: RuntimeWarning: invalid value encountered in power
  ps_guess = inputs['guess:Pt'] * (1 + (gamt-1)/2 * M_guess**2)**(-gamt/(gamt-1))
C:\Users\MEO\Desktop\Projects\JetEngine\boomsonic_v0\.venv\Lib\site-packages\pycycle\thermo\static_ps_resid.py:93: RuntimeWarning: invalid value encountered in power
  f1 = ps - inputs['guess:Pt'] * (1 + (gamt-1)/2 * M_guess**2)**(-gamt/(gamt-1))
C:\Users\MEO\Desktop\Projects\JetEngine\boomsonic_v0\.venv\Lib\site-packages\pycycle\thermo\static_ps_resid.py:94: RuntimeWarning: invalid value encountered in sqrt
  f2 = MN - inputs['W']*(R_UNIVERSAL_SI*inputs['Ts'])**0.5/(ps_guess*1.0e6*inputs['area']*gamt**0.5)
C:\Users\MEO\Desktop\Projects\JetEngine\boomsonic_v0\.venv\Lib\site-packages\pycycle\thermo\static_ps_resid.py:99: RuntimeWarning: The iteration is not making good progress, as measured by the 
 improvement from the last ten iterations.
  ps_guess, M_guess = fsolve(equations, (ps_guess, M_guess))
C:\Users\MEO\Desktop\Projects\JetEngine\boomsonic_v0\.venv\Lib\site-packages\pycycle\thermo\static_ps_resid.py:108: RuntimeWarning: invalid value encountered in sqrt
  Vsonic = (i['gamma']*i['R']*i['Ts'])**0.5
C:\Users\MEO\Desktop\Projects\JetEngine\boomsonic_v0\.venv\Lib\site-packages\pycycle\thermo\static_ps_resid.py:83: RuntimeWarning: invalid value encountered in power
  ps_guess = inputs['guess:Pt'] * (1 + (gamt-1)/2 * inputs['MN']**2)**(-gamt/(gamt-1))
C:\Users\MEO\Desktop\Projects\JetEngine\boomsonic_v0\.venv\Lib\site-packages\openmdao\solvers\solver.py:819: SolverWarning:Your model has stalled three times and may be violating the bounds. In the future, turn on print_bound_enforce in your solver options here: 
OD0.inlet.out_stat.nonlinear_solver.linesearch.options['print_bound_enforce']=True. 
The bound(s) being violated now are:

C:\Users\MEO\Desktop\Projects\JetEngine\boomsonic_v0\.venv\Lib\site-packages\openmdao\solvers\linesearch\backtracking.py:39: SolverWarning:'OD0.inlet.out_stat.balance.T' exceeds lower bounds
  Val: [-224.71974792]
  Lower: [150.]

C:\Users\MEO\Desktop\Projects\JetEngine\boomsonic_v0\.venv\Lib\site-packages\openmdao\solvers\linesearch\backtracking.py:39: SolverWarning:'OD0.inlet.out_stat.ps_resid.Ps' exceeds lower bounds
  Val: [-0.00109596]
  Lower: [-0.0009009]

C:\Users\MEO\Desktop\Projects\JetEngine\boomsonic_v0\.venv\Lib\site-packages\pycycle\thermo\static_ps_resid.py:128: RuntimeWarning: invalid value encountered in sqrt
  Vsonic = (i['gamma']*i['R']*i['Ts'])**0.5
C:\Users\MEO\Desktop\Projects\JetEngine\boomsonic_v0\.venv\Lib\site-packages\openmdao\solvers\solver.py:819: SolverWarning:Your model has stalled three times and may be violating the bounds. In the future, turn on print_bound_enforce in your solver options here: 
OD0.comp.ideal_flow.nonlinear_solver.linesearch.options['print_bound_enforce']=True. 
The bound(s) being violated now are:

C:\Users\MEO\Desktop\Projects\JetEngine\boomsonic_v0\.venv\Lib\site-packages\openmdao\solvers\linesearch\backtracking.py:39: SolverWarning:'OD0.comp.ideal_flow.balance.T' exceeds lower bounds
  Val: [-3.04453576e+10]
  Lower: [150.]

C:\Users\MEO\Desktop\Projects\JetEngine\boomsonic_v0\.venv\Lib\site-packages\pycycle\elements\compressor.py:75: RuntimeWarning: invalid value encountered in log
  outputs['eff_poly'] = Rt * np.log(PR) / ( Rt*np.log(PR) + S_out - S_in )
C:\Users\MEO\Desktop\Projects\JetEngine\boomsonic_v0\.venv\Lib\site-packages\pycycle\thermo\static_ps_resid.py:128: RuntimeWarning: invalid value encountered in sqrt
  Vsonic = (i['gamma']*i['R']*i['Ts'])**0.5
C:\Users\MEO\Desktop\Projects\JetEngine\boomsonic_v0\.venv\Lib\site-packages\pycycle\thermo\static_ps_resid.py:128: RuntimeWarning: invalid value encountered in sqrt
  Vsonic = (i['gamma']*i['R']*i['Ts'])**0.5
C:\Users\MEO\Desktop\Projects\JetEngine\boomsonic_v0\.venv\Lib\site-packages\pycycle\thermo\static_ps_resid.py:128: RuntimeWarning: invalid value encountered in sqrt
  Vsonic = (i['gamma']*i['R']*i['Ts'])**0.5
C:\Users\MEO\Desktop\Projects\JetEngine\boomsonic_v0\.venv\Lib\site-packages\pycycle\thermo\static_ps_resid.py:98: RuntimeWarning: invalid value encountered in power
  ps_guess = inputs['guess:Pt'] * (1 + (gamt-1)/2 * M_guess**2)**(-gamt/(gamt-1))
C:\Users\MEO\Desktop\Projects\JetEngine\boomsonic_v0\.venv\Lib\site-packages\pycycle\thermo\static_ps_resid.py:93: RuntimeWarning: invalid value encountered in power
  f1 = ps - inputs['guess:Pt'] * (1 + (gamt-1)/2 * M_guess**2)**(-gamt/(gamt-1))
C:\Users\MEO\Desktop\Projects\JetEngine\boomsonic_v0\.venv\Lib\site-packages\pycycle\thermo\static_ps_resid.py:94: RuntimeWarning: invalid value encountered in sqrt
  f2 = MN - inputs['W']*(R_UNIVERSAL_SI*inputs['Ts'])**0.5/(ps_guess*1.0e6*inputs['area']*gamt**0.5)
C:\Users\MEO\Desktop\Projects\JetEngine\boomsonic_v0\.venv\Lib\site-packages\pycycle\thermo\static_ps_resid.py:99: RuntimeWarning: The iteration is not making good progress, as measured by the 
 improvement from the last ten iterations.
  ps_guess, M_guess = fsolve(equations, (ps_guess, M_guess))
C:\Users\MEO\Desktop\Projects\JetEngine\boomsonic_v0\.venv\Lib\site-packages\pycycle\thermo\static_ps_resid.py:128: RuntimeWarning: invalid value encountered in sqrt
  Vsonic = (i['gamma']*i['R']*i['Ts'])**0.5
C:\Users\MEO\Desktop\Projects\JetEngine\boomsonic_v0\.venv\Lib\site-packages\pycycle\thermo\static_ps_resid.py:128: RuntimeWarning: invalid value encountered in sqrt
  Vsonic = (i['gamma']*i['R']*i['Ts'])**0.5
C:\Users\MEO\Desktop\Projects\JetEngine\boomsonic_v0\.venv\Lib\site-packages\pycycle\thermo\static_ps_resid.py:128: RuntimeWarning: invalid value encountered in sqrt
  Vsonic = (i['gamma']*i['R']*i['Ts'])**0.5
C:\Users\MEO\Desktop\Projects\JetEngine\boomsonic_v0\.venv\Lib\site-packages\pycycle\thermo\static_ps_resid.py:128: RuntimeWarning: invalid value encountered in sqrt
  Vsonic = (i['gamma']*i['R']*i['Ts'])**0.5
C:\Users\MEO\Desktop\Projects\JetEngine\boomsonic_v0\.venv\Lib\site-packages\pycycle\thermo\static_ps_resid.py:128: RuntimeWarning: invalid value encountered in sqrt
  Vsonic = (i['gamma']*i['R']*i['Ts'])**0.5
C:\Users\MEO\Desktop\Projects\JetEngine\boomsonic_v0\.venv\Lib\site-packages\pycycle\thermo\static_ps_resid.py:128: RuntimeWarning: invalid value encountered in sqrt
  Vsonic = (i['gamma']*i['R']*i['Ts'])**0.5
C:\Users\MEO\Desktop\Projects\JetEngine\boomsonic_v0\.venv\Lib\site-packages\pycycle\thermo\static_ps_resid.py:128: RuntimeWarning: invalid value encountered in sqrt
  Vsonic = (i['gamma']*i['R']*i['Ts'])**0.5
C:\Users\MEO\Desktop\Projects\JetEngine\boomsonic_v0\.venv\Lib\site-packages\pycycle\thermo\static_ps_resid.py:128: RuntimeWarning: invalid value encountered in sqrt
  Vsonic = (i['gamma']*i['R']*i['Ts'])**0.5
C:\Users\MEO\Desktop\Projects\JetEngine\boomsonic_v0\.venv\Lib\site-packages\pycycle\thermo\static_ps_resid.py:128: RuntimeWarning: invalid value encountered in sqrt
  Vsonic = (i['gamma']*i['R']*i['Ts'])**0.5
C:\Users\MEO\Desktop\Projects\JetEngine\boomsonic_v0\.venv\Lib\site-packages\pycycle\thermo\static_ps_resid.py:108: RuntimeWarning: invalid value encountered in sqrt
  Vsonic = (i['gamma']*i['R']*i['Ts'])**0.5
C:\Users\MEO\Desktop\Projects\JetEngine\boomsonic_v0\.venv\Lib\site-packages\pycycle\thermo\static_ps_resid.py:83: RuntimeWarning: invalid value encountered in power
  ps_guess = inputs['guess:Pt'] * (1 + (gamt-1)/2 * inputs['MN']**2)**(-gamt/(gamt-1))
C:\Users\MEO\Desktop\Projects\JetEngine\boomsonic_v0\.venv\Lib\site-packages\pycycle\thermo\static_ps_resid.py:108: RuntimeWarning: invalid value encountered in sqrt
  Vsonic = (i['gamma']*i['R']*i['Ts'])**0.5
C:\Users\MEO\Desktop\Projects\JetEngine\boomsonic_v0\.venv\Lib\site-packages\pycycle\thermo\static_ps_resid.py:108: RuntimeWarning: invalid value encountered in sqrt
  Vsonic = (i['gamma']*i['R']*i['Ts'])**0.5
C:\Users\MEO\Desktop\Projects\JetEngine\boomsonic_v0\.venv\Lib\site-packages\pycycle\thermo\static_ps_resid.py:108: RuntimeWarning: invalid value encountered in sqrt
  Vsonic = (i['gamma']*i['R']*i['Ts'])**0.5
C:\Users\MEO\Desktop\Projects\JetEngine\boomsonic_v0\.venv\Lib\site-packages\pycycle\thermo\static_ps_calc.py:32: RuntimeWarning: invalid value encountered in sqrt
  outputs['Vsonic'] = Vsonic = np.sqrt(inputs['gamma'] * inputs['R'] * inputs['Ts'])
C:\Users\MEO\Desktop\Projects\JetEngine\boomsonic_v0\.venv\Lib\site-packages\pycycle\thermo\static_ps_resid.py:128: RuntimeWarning: invalid value encountered in sqrt
  Vsonic = (i['gamma']*i['R']*i['Ts'])**0.5
C:\Users\MEO\Desktop\Projects\JetEngine\boomsonic_v0\.venv\Lib\site-packages\pycycle\elements\compressor.py:75: RuntimeWarning: invalid value encountered in log
  outputs['eff_poly'] = Rt * np.log(PR) / ( Rt*np.log(PR) + S_out - S_in )
C:\Users\MEO\Desktop\Projects\JetEngine\boomsonic_v0\.venv\Lib\site-packages\pycycle\thermo\static_ps_resid.py:128: RuntimeWarning: invalid value encountered in sqrt
  Vsonic = (i['gamma']*i['R']*i['Ts'])**0.5
C:\Users\MEO\Desktop\Projects\JetEngine\boomsonic_v0\.venv\Lib\site-packages\pycycle\thermo\static_ps_resid.py:98: RuntimeWarning: invalid value encountered in power
  ps_guess = inputs['guess:Pt'] * (1 + (gamt-1)/2 * M_guess**2)**(-gamt/(gamt-1))
C:\Users\MEO\Desktop\Projects\JetEngine\boomsonic_v0\.venv\Lib\site-packages\pycycle\thermo\static_ps_resid.py:93: RuntimeWarning: invalid value encountered in power
  f1 = ps - inputs['guess:Pt'] * (1 + (gamt-1)/2 * M_guess**2)**(-gamt/(gamt-1))
C:\Users\MEO\Desktop\Projects\JetEngine\boomsonic_v0\.venv\Lib\site-packages\pycycle\thermo\static_ps_resid.py:94: RuntimeWarning: invalid value encountered in sqrt
  f2 = MN - inputs['W']*(R_UNIVERSAL_SI*inputs['Ts'])**0.5/(ps_guess*1.0e6*inputs['area']*gamt**0.5)
C:\Users\MEO\Desktop\Projects\JetEngine\boomsonic_v0\.venv\Lib\site-packages\pycycle\thermo\static_ps_resid.py:99: RuntimeWarning: The iteration is not making good progress, as measured by the 
 improvement from the last ten iterations.
  ps_guess, M_guess = fsolve(equations, (ps_guess, M_guess))
C:\Users\MEO\Desktop\Projects\JetEngine\boomsonic_v0\.venv\Lib\site-packages\pycycle\thermo\static_ps_resid.py:108: RuntimeWarning: invalid value encountered in sqrt
  Vsonic = (i['gamma']*i['R']*i['Ts'])**0.5
C:\Users\MEO\Desktop\Projects\JetEngine\boomsonic_v0\.venv\Lib\site-packages\pycycle\thermo\static_ps_resid.py:83: RuntimeWarning: invalid value encountered in power
  ps_guess = inputs['guess:Pt'] * (1 + (gamt-1)/2 * inputs['MN']**2)**(-gamt/(gamt-1))
C:\Users\MEO\Desktop\Projects\JetEngine\boomsonic_v0\.venv\Lib\site-packages\openmdao\solvers\solver.py:819: SolverWarning:Your model has stalled three times and may be violating the bounds. In the future, turn on print_bound_enforce in your solver options here: 
OD0.inlet.out_stat.nonlinear_solver.linesearch.options['print_bound_enforce']=True. 
The bound(s) being violated now are:

C:\Users\MEO\Desktop\Projects\JetEngine\boomsonic_v0\.venv\Lib\site-packages\openmdao\solvers\linesearch\backtracking.py:39: SolverWarning:'OD0.inlet.out_stat.balance.T' exceeds lower bounds
  Val: [-224.71974792]
  Lower: [150.]

C:\Users\MEO\Desktop\Projects\JetEngine\boomsonic_v0\.venv\Lib\site-packages\openmdao\solvers\linesearch\backtracking.py:39: SolverWarning:'OD0.inlet.out_stat.ps_resid.Ps' exceeds lower bounds
  Val: [-0.00109596]
  Lower: [-0.0009009]

C:\Users\MEO\Desktop\Projects\JetEngine\boomsonic_v0\.venv\Lib\site-packages\pycycle\thermo\static_ps_resid.py:128: RuntimeWarning: invalid value encountered in sqrt
  Vsonic = (i['gamma']*i['R']*i['Ts'])**0.5
C:\Users\MEO\Desktop\Projects\JetEngine\boomsonic_v0\.venv\Lib\site-packages\openmdao\solvers\solver.py:819: SolverWarning:Your model has stalled three times and may be violating the bounds. In the future, turn on print_bound_enforce in your solver options here: 
OD0.comp.ideal_flow.nonlinear_solver.linesearch.options['print_bound_enforce']=True. 
The bound(s) being violated now are:

C:\Users\MEO\Desktop\Projects\JetEngine\boomsonic_v0\.venv\Lib\site-packages\openmdao\solvers\linesearch\backtracking.py:39: SolverWarning:'OD0.comp.ideal_flow.balance.T' exceeds lower bounds
  Val: [-3.04337134e+10]
  Lower: [150.]

C:\Users\MEO\Desktop\Projects\JetEngine\boomsonic_v0\.venv\Lib\site-packages\pycycle\elements\compressor.py:75: RuntimeWarning: invalid value encountered in log
  outputs['eff_poly'] = Rt * np.log(PR) / ( Rt*np.log(PR) + S_out - S_in )
C:\Users\MEO\Desktop\Projects\JetEngine\boomsonic_v0\.venv\Lib\site-packages\pycycle\thermo\static_ps_resid.py:128: RuntimeWarning: invalid value encountered in sqrt
  Vsonic = (i['gamma']*i['R']*i['Ts'])**0.5
C:\Users\MEO\Desktop\Projects\JetEngine\boomsonic_v0\.venv\Lib\site-packages\pycycle\thermo\static_ps_resid.py:128: RuntimeWarning: invalid value encountered in sqrt
  Vsonic = (i['gamma']*i['R']*i['Ts'])**0.5
C:\Users\MEO\Desktop\Projects\JetEngine\boomsonic_v0\.venv\Lib\site-packages\pycycle\thermo\static_ps_resid.py:128: RuntimeWarning: invalid value encountered in sqrt
  Vsonic = (i['gamma']*i['R']*i['Ts'])**0.5
C:\Users\MEO\Desktop\Projects\JetEngine\boomsonic_v0\.venv\Lib\site-packages\pycycle\thermo\static_ps_resid.py:98: RuntimeWarning: invalid value encountered in power
  ps_guess = inputs['guess:Pt'] * (1 + (gamt-1)/2 * M_guess**2)**(-gamt/(gamt-1))
C:\Users\MEO\Desktop\Projects\JetEngine\boomsonic_v0\.venv\Lib\site-packages\pycycle\thermo\static_ps_resid.py:93: RuntimeWarning: invalid value encountered in power
  f1 = ps - inputs['guess:Pt'] * (1 + (gamt-1)/2 * M_guess**2)**(-gamt/(gamt-1))
C:\Users\MEO\Desktop\Projects\JetEngine\boomsonic_v0\.venv\Lib\site-packages\pycycle\thermo\static_ps_resid.py:94: RuntimeWarning: invalid value encountered in sqrt
  f2 = MN - inputs['W']*(R_UNIVERSAL_SI*inputs['Ts'])**0.5/(ps_guess*1.0e6*inputs['area']*gamt**0.5)
C:\Users\MEO\Desktop\Projects\JetEngine\boomsonic_v0\.venv\Lib\site-packages\pycycle\thermo\static_ps_resid.py:99: RuntimeWarning: The iteration is not making good progress, as measured by the 
 improvement from the last ten iterations.
  ps_guess, M_guess = fsolve(equations, (ps_guess, M_guess))
C:\Users\MEO\Desktop\Projects\JetEngine\boomsonic_v0\.venv\Lib\site-packages\pycycle\thermo\static_ps_resid.py:128: RuntimeWarning: invalid value encountered in sqrt
  Vsonic = (i['gamma']*i['R']*i['Ts'])**0.5
C:\Users\MEO\Desktop\Projects\JetEngine\boomsonic_v0\.venv\Lib\site-packages\pycycle\thermo\static_ps_resid.py:128: RuntimeWarning: invalid value encountered in sqrt
  Vsonic = (i['gamma']*i['R']*i['Ts'])**0.5
C:\Users\MEO\Desktop\Projects\JetEngine\boomsonic_v0\.venv\Lib\site-packages\pycycle\thermo\static_ps_resid.py:128: RuntimeWarning: invalid value encountered in sqrt
  Vsonic = (i['gamma']*i['R']*i['Ts'])**0.5
C:\Users\MEO\Desktop\Projects\JetEngine\boomsonic_v0\.venv\Lib\site-packages\pycycle\thermo\static_ps_resid.py:128: RuntimeWarning: invalid value encountered in sqrt
  Vsonic = (i['gamma']*i['R']*i['Ts'])**0.5
C:\Users\MEO\Desktop\Projects\JetEngine\boomsonic_v0\.venv\Lib\site-packages\pycycle\thermo\static_ps_resid.py:128: RuntimeWarning: invalid value encountered in sqrt
  Vsonic = (i['gamma']*i['R']*i['Ts'])**0.5
C:\Users\MEO\Desktop\Projects\JetEngine\boomsonic_v0\.venv\Lib\site-packages\pycycle\thermo\static_ps_resid.py:128: RuntimeWarning: invalid value encountered in sqrt
  Vsonic = (i['gamma']*i['R']*i['Ts'])**0.5
C:\Users\MEO\Desktop\Projects\JetEngine\boomsonic_v0\.venv\Lib\site-packages\pycycle\thermo\static_ps_resid.py:128: RuntimeWarning: invalid value encountered in sqrt
  Vsonic = (i['gamma']*i['R']*i['Ts'])**0.5
C:\Users\MEO\Desktop\Projects\JetEngine\boomsonic_v0\.venv\Lib\site-packages\pycycle\thermo\static_ps_resid.py:128: RuntimeWarning: invalid value encountered in sqrt
  Vsonic = (i['gamma']*i['R']*i['Ts'])**0.5
C:\Users\MEO\Desktop\Projects\JetEngine\boomsonic_v0\.venv\Lib\site-packages\pycycle\thermo\static_ps_resid.py:128: RuntimeWarning: invalid value encountered in sqrt
  Vsonic = (i['gamma']*i['R']*i['Ts'])**0.5
C:\Users\MEO\Desktop\Projects\JetEngine\boomsonic_v0\.venv\Lib\site-packages\pycycle\thermo\static_ps_resid.py:108: RuntimeWarning: invalid value encountered in sqrt
  Vsonic = (i['gamma']*i['R']*i['Ts'])**0.5
C:\Users\MEO\Desktop\Projects\JetEngine\boomsonic_v0\.venv\Lib\site-packages\pycycle\thermo\static_ps_resid.py:83: RuntimeWarning: invalid value encountered in power
  ps_guess = inputs['guess:Pt'] * (1 + (gamt-1)/2 * inputs['MN']**2)**(-gamt/(gamt-1))
C:\Users\MEO\Desktop\Projects\JetEngine\boomsonic_v0\.venv\Lib\site-packages\pycycle\thermo\static_ps_resid.py:108: RuntimeWarning: invalid value encountered in sqrt
  Vsonic = (i['gamma']*i['R']*i['Ts'])**0.5
C:\Users\MEO\Desktop\Projects\JetEngine\boomsonic_v0\.venv\Lib\site-packages\openmdao\solvers\solver.py:819: SolverWarning:Your model has stalled three times and may be violating the bounds. In the future, turn on print_bound_enforce in your solver options here: 
OD0.nozz.staticMN.nonlinear_solver.linesearch.options['print_bound_enforce']=True. 
The bound(s) being violated now are:

C:\Users\MEO\Desktop\Projects\JetEngine\boomsonic_v0\.venv\Lib\site-packages\openmdao\solvers\linesearch\backtracking.py:35: SolverWarning:'OD0.nozz.staticMN.balance.T' exceeds upper bounds
  Val: [3.0673531e+10]
  Upper: [2500.]

C:\Users\MEO\Desktop\Projects\JetEngine\boomsonic_v0\.venv\Lib\site-packages\openmdao\solvers\linesearch\backtracking.py:39: SolverWarning:'OD0.nozz.staticMN.ps_resid.Ps' exceeds lower bounds
  Val: [-19323.43009592]
  Lower: [-0.0009009]

C:\Users\MEO\Desktop\Projects\JetEngine\boomsonic_v0\.venv\Lib\site-packages\pycycle\thermo\static_ps_resid.py:108: RuntimeWarning: invalid value encountered in sqrt
  Vsonic = (i['gamma']*i['R']*i['Ts'])**0.5
C:\Users\MEO\Desktop\Projects\JetEngine\boomsonic_v0\.venv\Lib\site-packages\pycycle\thermo\static_ps_resid.py:108: RuntimeWarning: invalid value encountered in sqrt
  Vsonic = (i['gamma']*i['R']*i['Ts'])**0.5
C:\Users\MEO\Desktop\Projects\JetEngine\boomsonic_v0\.venv\Lib\site-packages\pycycle\thermo\static_ps_calc.py:32: RuntimeWarning: invalid value encountered in sqrt
  outputs['Vsonic'] = Vsonic = np.sqrt(inputs['gamma'] * inputs['R'] * inputs['Ts'])
C:\Users\MEO\Desktop\Projects\JetEngine\boomsonic_v0\.venv\Lib\site-packages\pycycle\elements\compressor.py:75: RuntimeWarning: invalid value encountered in log
  outputs['eff_poly'] = Rt * np.log(PR) / ( Rt*np.log(PR) + S_out - S_in )
C:\Users\MEO\Desktop\Projects\JetEngine\boomsonic_v0\.venv\Lib\site-packages\pycycle\thermo\static_ps_resid.py:128: RuntimeWarning: invalid value encountered in sqrt
  Vsonic = (i['gamma']*i['R']*i['Ts'])**0.5
C:\Users\MEO\Desktop\Projects\JetEngine\boomsonic_v0\.venv\Lib\site-packages\pycycle\thermo\static_ps_resid.py:128: RuntimeWarning: invalid value encountered in sqrt
  Vsonic = (i['gamma']*i['R']*i['Ts'])**0.5
C:\Users\MEO\Desktop\Projects\JetEngine\boomsonic_v0\.venv\Lib\site-packages\pycycle\thermo\static_ps_resid.py:98: RuntimeWarning: invalid value encountered in power
  ps_guess = inputs['guess:Pt'] * (1 + (gamt-1)/2 * M_guess**2)**(-gamt/(gamt-1))
C:\Users\MEO\Desktop\Projects\JetEngine\boomsonic_v0\.venv\Lib\site-packages\pycycle\thermo\static_ps_resid.py:93: RuntimeWarning: invalid value encountered in power
  f1 = ps - inputs['guess:Pt'] * (1 + (gamt-1)/2 * M_guess**2)**(-gamt/(gamt-1))
C:\Users\MEO\Desktop\Projects\JetEngine\boomsonic_v0\.venv\Lib\site-packages\pycycle\thermo\static_ps_resid.py:94: RuntimeWarning: invalid value encountered in sqrt
  f2 = MN - inputs['W']*(R_UNIVERSAL_SI*inputs['Ts'])**0.5/(ps_guess*1.0e6*inputs['area']*gamt**0.5)
C:\Users\MEO\Desktop\Projects\JetEngine\boomsonic_v0\.venv\Lib\site-packages\pycycle\thermo\static_ps_resid.py:99: RuntimeWarning: The iteration is not making good progress, as measured by the 
 improvement from the last ten iterations.
  ps_guess, M_guess = fsolve(equations, (ps_guess, M_guess))
C:\Users\MEO\Desktop\Projects\JetEngine\boomsonic_v0\.venv\Lib\site-packages\pycycle\thermo\static_ps_resid.py:108: RuntimeWarning: invalid value encountered in sqrt
  Vsonic = (i['gamma']*i['R']*i['Ts'])**0.5
C:\Users\MEO\Desktop\Projects\JetEngine\boomsonic_v0\.venv\Lib\site-packages\pycycle\thermo\static_ps_resid.py:83: RuntimeWarning: invalid value encountered in power
  ps_guess = inputs['guess:Pt'] * (1 + (gamt-1)/2 * inputs['MN']**2)**(-gamt/(gamt-1))
C:\Users\MEO\Desktop\Projects\JetEngine\boomsonic_v0\.venv\Lib\site-packages\openmdao\solvers\solver.py:819: SolverWarning:Your model has stalled three times and may be violating the bounds. In the future, turn on print_bound_enforce in your solver options here: 
OD0.inlet.out_stat.nonlinear_solver.linesearch.options['print_bound_enforce']=True. 
The bound(s) being violated now are:

C:\Users\MEO\Desktop\Projects\JetEngine\boomsonic_v0\.venv\Lib\site-packages\openmdao\solvers\linesearch\backtracking.py:39: SolverWarning:'OD0.inlet.out_stat.balance.T' exceeds lower bounds
  Val: [-224.71989279]
  Lower: [150.]

C:\Users\MEO\Desktop\Projects\JetEngine\boomsonic_v0\.venv\Lib\site-packages\openmdao\solvers\linesearch\backtracking.py:39: SolverWarning:'OD0.inlet.out_stat.ps_resid.Ps' exceeds lower bounds
  Val: [-0.00109596]
  Lower: [-0.0009009]

C:\Users\MEO\Desktop\Projects\JetEngine\boomsonic_v0\.venv\Lib\site-packages\openmdao\solvers\solver.py:819: SolverWarning:Your model has stalled three times and may be violating the bounds. In the future, turn on print_bound_enforce in your solver options here: 
OD0.comp.ideal_flow.nonlinear_solver.linesearch.options['print_bound_enforce']=True. 
The bound(s) being violated now are:

C:\Users\MEO\Desktop\Projects\JetEngine\boomsonic_v0\.venv\Lib\site-packages\openmdao\solvers\linesearch\backtracking.py:39: SolverWarning:'OD0.comp.ideal_flow.balance.T' exceeds lower bounds
  Val: [-3.04337134e+10]
  Lower: [150.]

C:\Users\MEO\Desktop\Projects\JetEngine\boomsonic_v0\.venv\Lib\site-packages\pycycle\elements\compressor.py:75: RuntimeWarning: invalid value encountered in log
  outputs['eff_poly'] = Rt * np.log(PR) / ( Rt*np.log(PR) + S_out - S_in )
C:\Users\MEO\Desktop\Projects\JetEngine\boomsonic_v0\.venv\Lib\site-packages\pycycle\thermo\static_ps_resid.py:128: RuntimeWarning: invalid value encountered in sqrt
  Vsonic = (i['gamma']*i['R']*i['Ts'])**0.5
C:\Users\MEO\Desktop\Projects\JetEngine\boomsonic_v0\.venv\Lib\site-packages\pycycle\thermo\static_ps_resid.py:128: RuntimeWarning: invalid value encountered in sqrt
  Vsonic = (i['gamma']*i['R']*i['Ts'])**0.5
C:\Users\MEO\Desktop\Projects\JetEngine\boomsonic_v0\.venv\Lib\site-packages\pycycle\thermo\static_ps_resid.py:128: RuntimeWarning: invalid value encountered in sqrt
  Vsonic = (i['gamma']*i['R']*i['Ts'])**0.5
C:\Users\MEO\Desktop\Projects\JetEngine\boomsonic_v0\.venv\Lib\site-packages\pycycle\thermo\static_ps_resid.py:98: RuntimeWarning: invalid value encountered in power
  ps_guess = inputs['guess:Pt'] * (1 + (gamt-1)/2 * M_guess**2)**(-gamt/(gamt-1))
C:\Users\MEO\Desktop\Projects\JetEngine\boomsonic_v0\.venv\Lib\site-packages\pycycle\thermo\static_ps_resid.py:93: RuntimeWarning: invalid value encountered in power
  f1 = ps - inputs['guess:Pt'] * (1 + (gamt-1)/2 * M_guess**2)**(-gamt/(gamt-1))
C:\Users\MEO\Desktop\Projects\JetEngine\boomsonic_v0\.venv\Lib\site-packages\pycycle\thermo\static_ps_resid.py:94: RuntimeWarning: invalid value encountered in sqrt
  f2 = MN - inputs['W']*(R_UNIVERSAL_SI*inputs['Ts'])**0.5/(ps_guess*1.0e6*inputs['area']*gamt**0.5)
C:\Users\MEO\Desktop\Projects\JetEngine\boomsonic_v0\.venv\Lib\site-packages\pycycle\thermo\static_ps_resid.py:99: RuntimeWarning: The iteration is not making good progress, as measured by the 
 improvement from the last ten iterations.
  ps_guess, M_guess = fsolve(equations, (ps_guess, M_guess))
C:\Users\MEO\Desktop\Projects\JetEngine\boomsonic_v0\.venv\Lib\site-packages\pycycle\thermo\static_ps_resid.py:128: RuntimeWarning: invalid value encountered in sqrt
  Vsonic = (i['gamma']*i['R']*i['Ts'])**0.5
C:\Users\MEO\Desktop\Projects\JetEngine\boomsonic_v0\.venv\Lib\site-packages\pycycle\thermo\static_ps_resid.py:128: RuntimeWarning: invalid value encountered in sqrt
  Vsonic = (i['gamma']*i['R']*i['Ts'])**0.5
C:\Users\MEO\Desktop\Projects\JetEngine\boomsonic_v0\.venv\Lib\site-packages\pycycle\thermo\static_ps_resid.py:128: RuntimeWarning: invalid value encountered in sqrt
  Vsonic = (i['gamma']*i['R']*i['Ts'])**0.5
C:\Users\MEO\Desktop\Projects\JetEngine\boomsonic_v0\.venv\Lib\site-packages\pycycle\thermo\static_ps_resid.py:128: RuntimeWarning: invalid value encountered in sqrt
  Vsonic = (i['gamma']*i['R']*i['Ts'])**0.5
C:\Users\MEO\Desktop\Projects\JetEngine\boomsonic_v0\.venv\Lib\site-packages\pycycle\thermo\static_ps_resid.py:128: RuntimeWarning: invalid value encountered in sqrt
  Vsonic = (i['gamma']*i['R']*i['Ts'])**0.5
C:\Users\MEO\Desktop\Projects\JetEngine\boomsonic_v0\.venv\Lib\site-packages\pycycle\thermo\static_ps_resid.py:128: RuntimeWarning: invalid value encountered in sqrt
  Vsonic = (i['gamma']*i['R']*i['Ts'])**0.5
C:\Users\MEO\Desktop\Projects\JetEngine\boomsonic_v0\.venv\Lib\site-packages\pycycle\thermo\static_ps_resid.py:128: RuntimeWarning: invalid value encountered in sqrt
  Vsonic = (i['gamma']*i['R']*i['Ts'])**0.5
C:\Users\MEO\Desktop\Projects\JetEngine\boomsonic_v0\.venv\Lib\site-packages\pycycle\thermo\static_ps_resid.py:128: RuntimeWarning: invalid value encountered in sqrt
  Vsonic = (i['gamma']*i['R']*i['Ts'])**0.5
C:\Users\MEO\Desktop\Projects\JetEngine\boomsonic_v0\.venv\Lib\site-packages\pycycle\thermo\static_ps_resid.py:128: RuntimeWarning: invalid value encountered in sqrt
  Vsonic = (i['gamma']*i['R']*i['Ts'])**0.5
C:\Users\MEO\Desktop\Projects\JetEngine\boomsonic_v0\.venv\Lib\site-packages\pycycle\thermo\static_ps_resid.py:128: RuntimeWarning: invalid value encountered in sqrt
  Vsonic = (i['gamma']*i['R']*i['Ts'])**0.5
C:\Users\MEO\Desktop\Projects\JetEngine\boomsonic_v0\.venv\Lib\site-packages\pycycle\thermo\static_ps_resid.py:108: RuntimeWarning: invalid value encountered in sqrt
  Vsonic = (i['gamma']*i['R']*i['Ts'])**0.5
C:\Users\MEO\Desktop\Projects\JetEngine\boomsonic_v0\.venv\Lib\site-packages\pycycle\thermo\static_ps_resid.py:83: RuntimeWarning: invalid value encountered in power
  ps_guess = inputs['guess:Pt'] * (1 + (gamt-1)/2 * inputs['MN']**2)**(-gamt/(gamt-1))
C:\Users\MEO\Desktop\Projects\JetEngine\boomsonic_v0\.venv\Lib\site-packages\pycycle\thermo\static_ps_resid.py:108: RuntimeWarning: invalid value encountered in sqrt
  Vsonic = (i['gamma']*i['R']*i['Ts'])**0.5
C:\Users\MEO\Desktop\Projects\JetEngine\boomsonic_v0\.venv\Lib\site-packages\openmdao\solvers\solver.py:819: SolverWarning:Your model has stalled three times and may be violating the bounds. In the future, turn on print_bound_enforce in your solver options here: 
OD0.nozz.staticMN.nonlinear_solver.linesearch.options['print_bound_enforce']=True. 
The bound(s) being violated now are:

C:\Users\MEO\Desktop\Projects\JetEngine\boomsonic_v0\.venv\Lib\site-packages\openmdao\solvers\linesearch\backtracking.py:35: SolverWarning:'OD0.nozz.staticMN.balance.T' exceeds upper bounds
  Val: [3.50788765e+10]
  Upper: [2500.]

C:\Users\MEO\Desktop\Projects\JetEngine\boomsonic_v0\.venv\Lib\site-packages\openmdao\solvers\linesearch\backtracking.py:39: SolverWarning:'OD0.nozz.staticMN.ps_resid.Ps' exceeds lower bounds
  Val: [-14757.7480468]
  Lower: [-0.0009009]

C:\Users\MEO\Desktop\Projects\JetEngine\boomsonic_v0\.venv\Lib\site-packages\pycycle\thermo\static_ps_resid.py:108: RuntimeWarning: invalid value encountered in sqrt
  Vsonic = (i['gamma']*i['R']*i['Ts'])**0.5
C:\Users\MEO\Desktop\Projects\JetEngine\boomsonic_v0\.venv\Lib\site-packages\pycycle\thermo\static_ps_resid.py:108: RuntimeWarning: invalid value encountered in sqrt
  Vsonic = (i['gamma']*i['R']*i['Ts'])**0.5
C:\Users\MEO\Desktop\Projects\JetEngine\boomsonic_v0\.venv\Lib\site-packages\pycycle\thermo\static_ps_calc.py:32: RuntimeWarning: invalid value encountered in sqrt
  outputs['Vsonic'] = Vsonic = np.sqrt(inputs['gamma'] * inputs['R'] * inputs['Ts'])
C:\Users\MEO\Desktop\Projects\JetEngine\boomsonic_v0\.venv\Lib\site-packages\pycycle\elements\compressor.py:75: RuntimeWarning: invalid value encountered in log
  outputs['eff_poly'] = Rt * np.log(PR) / ( Rt*np.log(PR) + S_out - S_in )
C:\Users\MEO\Desktop\Projects\JetEngine\boomsonic_v0\.venv\Lib\site-packages\pycycle\thermo\static_ps_resid.py:128: RuntimeWarning: invalid value encountered in sqrt
  Vsonic = (i['gamma']*i['R']*i['Ts'])**0.5
C:\Users\MEO\Desktop\Projects\JetEngine\boomsonic_v0\.venv\Lib\site-packages\pycycle\thermo\static_ps_resid.py:98: RuntimeWarning: invalid value encountered in power
  ps_guess = inputs['guess:Pt'] * (1 + (gamt-1)/2 * M_guess**2)**(-gamt/(gamt-1))
C:\Users\MEO\Desktop\Projects\JetEngine\boomsonic_v0\.venv\Lib\site-packages\pycycle\thermo\static_ps_resid.py:93: RuntimeWarning: invalid value encountered in power
  f1 = ps - inputs['guess:Pt'] * (1 + (gamt-1)/2 * M_guess**2)**(-gamt/(gamt-1))
C:\Users\MEO\Desktop\Projects\JetEngine\boomsonic_v0\.venv\Lib\site-packages\pycycle\thermo\static_ps_resid.py:94: RuntimeWarning: invalid value encountered in sqrt
  f2 = MN - inputs['W']*(R_UNIVERSAL_SI*inputs['Ts'])**0.5/(ps_guess*1.0e6*inputs['area']*gamt**0.5)
C:\Users\MEO\Desktop\Projects\JetEngine\boomsonic_v0\.venv\Lib\site-packages\pycycle\thermo\static_ps_resid.py:99: RuntimeWarning: The iteration is not making good progress, as measured by the 
 improvement from the last ten iterations.
  ps_guess, M_guess = fsolve(equations, (ps_guess, M_guess))
C:\Users\MEO\Desktop\Projects\JetEngine\boomsonic_v0\.venv\Lib\site-packages\pycycle\thermo\static_ps_resid.py:83: RuntimeWarning: invalid value encountered in power
  ps_guess = inputs['guess:Pt'] * (1 + (gamt-1)/2 * inputs['MN']**2)**(-gamt/(gamt-1))
C:\Users\MEO\Desktop\Projects\JetEngine\boomsonic_v0\.venv\Lib\site-packages\pycycle\thermo\static_ps_resid.py:128: RuntimeWarning: invalid value encountered in sqrt
  Vsonic = (i['gamma']*i['R']*i['Ts'])**0.5
C:\Users\MEO\Desktop\Projects\JetEngine\boomsonic_v0\.venv\Lib\site-packages\pycycle\thermo\static_ps_resid.py:128: RuntimeWarning: invalid value encountered in sqrt
  Vsonic = (i['gamma']*i['R']*i['Ts'])**0.5
C:\Users\MEO\Desktop\Projects\JetEngine\boomsonic_v0\.venv\Lib\site-packages\pycycle\thermo\static_ps_resid.py:108: RuntimeWarning: invalid value encountered in sqrt
  Vsonic = (i['gamma']*i['R']*i['Ts'])**0.5
C:\Users\MEO\Desktop\Projects\JetEngine\boomsonic_v0\.venv\Lib\site-packages\openmdao\solvers\solver.py:819: SolverWarning:Your model has stalled three times and may be violating the bounds. In the future, turn on print_bound_enforce in your solver options here: 
OD0.burner.vitiated_flow.nonlinear_solver.linesearch.options['print_bound_enforce']=True. 
The bound(s) being violated now are:

C:\Users\MEO\Desktop\Projects\JetEngine\boomsonic_v0\.venv\Lib\site-packages\openmdao\solvers\linesearch\backtracking.py:35: SolverWarning:'OD0.burner.vitiated_flow.balance.T' exceeds upper bounds
  Val: [3584.41914716]
  Upper: [2500.]

C:\Users\MEO\Desktop\Projects\JetEngine\boomsonic_v0\.venv\Lib\site-packages\pycycle\thermo\static_ps_resid.py:128: RuntimeWarning: invalid value encountered in sqrt
  Vsonic = (i['gamma']*i['R']*i['Ts'])**0.5
C:\Users\MEO\Desktop\Projects\JetEngine\boomsonic_v0\.venv\Lib\site-packages\pycycle\thermo\static_ps_resid.py:128: RuntimeWarning: invalid value encountered in sqrt
  Vsonic = (i['gamma']*i['R']*i['Ts'])**0.5
C:\Users\MEO\Desktop\Projects\JetEngine\boomsonic_v0\.venv\Lib\site-packages\pycycle\thermo\static_ps_resid.py:128: RuntimeWarning: invalid value encountered in sqrt
  Vsonic = (i['gamma']*i['R']*i['Ts'])**0.5
C:\Users\MEO\Desktop\Projects\JetEngine\boomsonic_v0\.venv\Lib\site-packages\pycycle\thermo\static_ps_resid.py:128: RuntimeWarning: invalid value encountered in sqrt
  Vsonic = (i['gamma']*i['R']*i['Ts'])**0.5
C:\Users\MEO\Desktop\Projects\JetEngine\boomsonic_v0\.venv\Lib\site-packages\pycycle\thermo\static_ps_resid.py:128: RuntimeWarning: invalid value encountered in sqrt
  Vsonic = (i['gamma']*i['R']*i['Ts'])**0.5
C:\Users\MEO\Desktop\Projects\JetEngine\boomsonic_v0\.venv\Lib\site-packages\openmdao\solvers\solver.py:819: SolverWarning:Your model has stalled three times and may be violating the bounds. In the future, turn on print_bound_enforce in your solver options here: 
OD0.turb.real_flow_b4bld.nonlinear_solver.linesearch.options['print_bound_enforce']=True. 
The bound(s) being violated now are:

C:\Users\MEO\Desktop\Projects\JetEngine\boomsonic_v0\.venv\Lib\site-packages\openmdao\solvers\linesearch\backtracking.py:35: SolverWarning:'OD0.turb.real_flow_b4bld.balance.T' exceeds upper bounds
  Val: [3049.92084937]
  Upper: [2500.]

C:\Users\MEO\Desktop\Projects\JetEngine\boomsonic_v0\.venv\Lib\site-packages\openmdao\solvers\solver.py:819: SolverWarning:Your model has stalled three times and may be violating the bounds. In the future, turn on print_bound_enforce in your solver options here: 
OD0.turb.real_flow.nonlinear_solver.linesearch.options['print_bound_enforce']=True. 
The bound(s) being violated now are:

C:\Users\MEO\Desktop\Projects\JetEngine\boomsonic_v0\.venv\Lib\site-packages\openmdao\solvers\linesearch\backtracking.py:35: SolverWarning:'OD0.turb.real_flow.balance.T' exceeds upper bounds
  Val: [3049.92084937]
  Upper: [2500.]

C:\Users\MEO\Desktop\Projects\JetEngine\boomsonic_v0\.venv\Lib\site-packages\openmdao\solvers\solver.py:819: SolverWarning:Your model has stalled three times and may be violating the bounds. In the future, turn on print_bound_enforce in your solver options here: 
OD0.turb.out_stat.nonlinear_solver.linesearch.options['print_bound_enforce']=True. 
The bound(s) being violated now are:

C:\Users\MEO\Desktop\Projects\JetEngine\boomsonic_v0\.venv\Lib\site-packages\openmdao\solvers\linesearch\backtracking.py:35: SolverWarning:'OD0.turb.out_stat.balance.T' exceeds upper bounds
  Val: [4954.44224608]
  Upper: [2500.]

C:\Users\MEO\Desktop\Projects\JetEngine\boomsonic_v0\.venv\Lib\site-packages\openmdao\solvers\linesearch\backtracking.py:39: SolverWarning:'OD0.turb.out_stat.ps_resid.MN' exceeds lower bounds
  Val: [-0.0170469]
  Lower: [0.001]

C:\Users\MEO\Desktop\Projects\JetEngine\boomsonic_v0\.venv\Lib\site-packages\openmdao\solvers\solver.py:819: SolverWarning:Your model has stalled three times and may be violating the bounds. In the future, turn on print_bound_enforce in your solver options here: 
OD0.nozz.throat_total.nonlinear_solver.linesearch.options['print_bound_enforce']=True. 
The bound(s) being violated now are:

C:\Users\MEO\Desktop\Projects\JetEngine\boomsonic_v0\.venv\Lib\site-packages\openmdao\solvers\linesearch\backtracking.py:35: SolverWarning:'OD0.nozz.throat_total.balance.T' exceeds upper bounds
  Val: [3049.92084937]
  Upper: [2500.]

C:\Users\MEO\Desktop\Projects\JetEngine\boomsonic_v0\.venv\Lib\site-packages\openmdao\solvers\solver.py:819: SolverWarning:Your model has stalled three times and may be violating the bounds. In the future, turn on print_bound_enforce in your solver options here: 
OD0.nozz.staticMN.nonlinear_solver.linesearch.options['print_bound_enforce']=True. 
The bound(s) being violated now are:

C:\Users\MEO\Desktop\Projects\JetEngine\boomsonic_v0\.venv\Lib\site-packages\openmdao\solvers\linesearch\backtracking.py:35: SolverWarning:'OD0.nozz.staticMN.balance.T' exceeds upper bounds
  Val: [4474.79806527]
  Upper: [2500.]

C:\Users\MEO\Desktop\Projects\JetEngine\boomsonic_v0\.venv\Lib\site-packages\pycycle\thermo\static_ps_resid.py:128: RuntimeWarning: invalid value encountered in sqrt
  Vsonic = (i['gamma']*i['R']*i['Ts'])**0.5
C:\Users\MEO\Desktop\Projects\JetEngine\boomsonic_v0\.venv\Lib\site-packages\openmdao\solvers\solver.py:819: SolverWarning:Your model has stalled three times and may be violating the bounds. In the future, turn on print_bound_enforce in your solver options here: 
OD0.burner.vitiated_flow.nonlinear_solver.linesearch.options['print_bound_enforce']=True. 
The bound(s) being violated now are:

C:\Users\MEO\Desktop\Projects\JetEngine\boomsonic_v0\.venv\Lib\site-packages\openmdao\solvers\linesearch\backtracking.py:35: SolverWarning:'OD0.burner.vitiated_flow.balance.T' exceeds upper bounds
  Val: [3584.41914716]
  Upper: [2500.]

C:\Users\MEO\Desktop\Projects\JetEngine\boomsonic_v0\.venv\Lib\site-packages\pycycle\thermo\static_ps_resid.py:128: RuntimeWarning: invalid value encountered in sqrt
  Vsonic = (i['gamma']*i['R']*i['Ts'])**0.5
C:\Users\MEO\Desktop\Projects\JetEngine\boomsonic_v0\.venv\Lib\site-packages\pycycle\thermo\static_ps_resid.py:128: RuntimeWarning: invalid value encountered in sqrt
  Vsonic = (i['gamma']*i['R']*i['Ts'])**0.5
C:\Users\MEO\Desktop\Projects\JetEngine\boomsonic_v0\.venv\Lib\site-packages\pycycle\thermo\static_ps_resid.py:128: RuntimeWarning: invalid value encountered in sqrt
  Vsonic = (i['gamma']*i['R']*i['Ts'])**0.5
C:\Users\MEO\Desktop\Projects\JetEngine\boomsonic_v0\.venv\Lib\site-packages\pycycle\thermo\static_ps_resid.py:128: RuntimeWarning: invalid value encountered in sqrt
  Vsonic = (i['gamma']*i['R']*i['Ts'])**0.5
C:\Users\MEO\Desktop\Projects\JetEngine\boomsonic_v0\.venv\Lib\site-packages\pycycle\thermo\static_ps_resid.py:128: RuntimeWarning: invalid value encountered in sqrt
  Vsonic = (i['gamma']*i['R']*i['Ts'])**0.5
C:\Users\MEO\Desktop\Projects\JetEngine\boomsonic_v0\.venv\Lib\site-packages\pycycle\thermo\static_ps_resid.py:128: RuntimeWarning: invalid value encountered in sqrt
  Vsonic = (i['gamma']*i['R']*i['Ts'])**0.5
C:\Users\MEO\Desktop\Projects\JetEngine\boomsonic_v0\.venv\Lib\site-packages\pycycle\thermo\static_ps_resid.py:128: RuntimeWarning: invalid value encountered in sqrt
  Vsonic = (i['gamma']*i['R']*i['Ts'])**0.5
C:\Users\MEO\Desktop\Projects\JetEngine\boomsonic_v0\.venv\Lib\site-packages\pycycle\thermo\static_ps_resid.py:128: RuntimeWarning: invalid value encountered in sqrt
  Vsonic = (i['gamma']*i['R']*i['Ts'])**0.5
C:\Users\MEO\Desktop\Projects\JetEngine\boomsonic_v0\.venv\Lib\site-packages\pycycle\thermo\static_ps_resid.py:128: RuntimeWarning: invalid value encountered in sqrt
  Vsonic = (i['gamma']*i['R']*i['Ts'])**0.5
C:\Users\MEO\Desktop\Projects\JetEngine\boomsonic_v0\.venv\Lib\site-packages\pycycle\thermo\static_ps_resid.py:128: RuntimeWarning: invalid value encountered in sqrt
  Vsonic = (i['gamma']*i['R']*i['Ts'])**0.5
C:\Users\MEO\Desktop\Projects\JetEngine\boomsonic_v0\.venv\Lib\site-packages\pycycle\thermo\static_ps_resid.py:128: RuntimeWarning: invalid value encountered in sqrt
  Vsonic = (i['gamma']*i['R']*i['Ts'])**0.5
C:\Users\MEO\Desktop\Projects\JetEngine\boomsonic_v0\.venv\Lib\site-packages\pycycle\thermo\static_ps_resid.py:128: RuntimeWarning: invalid value encountered in sqrt
  Vsonic = (i['gamma']*i['R']*i['Ts'])**0.5
C:\Users\MEO\Desktop\Projects\JetEngine\boomsonic_v0\.venv\Lib\site-packages\openmdao\solvers\solver.py:819: SolverWarning:Your model has stalled three times and may be violating the bounds. In the future, turn on print_bound_enforce in your solver options here: 
OD0.turb.real_flow_b4bld.nonlinear_solver.linesearch.options['print_bound_enforce']=True. 
The bound(s) being violated now are:

C:\Users\MEO\Desktop\Projects\JetEngine\boomsonic_v0\.venv\Lib\site-packages\openmdao\solvers\linesearch\backtracking.py:35: SolverWarning:'OD0.turb.real_flow_b4bld.balance.T' exceeds upper bounds
  Val: [3049.92084937]
  Upper: [2500.]

C:\Users\MEO\Desktop\Projects\JetEngine\boomsonic_v0\.venv\Lib\site-packages\openmdao\solvers\solver.py:819: SolverWarning:Your model has stalled three times and may be violating the bounds. In the future, turn on print_bound_enforce in your solver options here: 
OD0.turb.real_flow.nonlinear_solver.linesearch.options['print_bound_enforce']=True. 
The bound(s) being violated now are:

C:\Users\MEO\Desktop\Projects\JetEngine\boomsonic_v0\.venv\Lib\site-packages\openmdao\solvers\linesearch\backtracking.py:35: SolverWarning:'OD0.turb.real_flow.balance.T' exceeds upper bounds
  Val: [3049.92084937]
  Upper: [2500.]

C:\Users\MEO\Desktop\Projects\JetEngine\boomsonic_v0\.venv\Lib\site-packages\openmdao\solvers\solver.py:819: SolverWarning:Your model has stalled three times and may be violating the bounds. In the future, turn on print_bound_enforce in your solver options here: 
OD0.turb.out_stat.nonlinear_solver.linesearch.options['print_bound_enforce']=True. 
The bound(s) being violated now are:

C:\Users\MEO\Desktop\Projects\JetEngine\boomsonic_v0\.venv\Lib\site-packages\openmdao\solvers\linesearch\backtracking.py:35: SolverWarning:'OD0.turb.out_stat.balance.T' exceeds upper bounds
  Val: [4954.44224608]
  Upper: [2500.]

C:\Users\MEO\Desktop\Projects\JetEngine\boomsonic_v0\.venv\Lib\site-packages\openmdao\solvers\linesearch\backtracking.py:39: SolverWarning:'OD0.turb.out_stat.ps_resid.MN' exceeds lower bounds
  Val: [-0.0170469]
  Lower: [0.001]

C:\Users\MEO\Desktop\Projects\JetEngine\boomsonic_v0\.venv\Lib\site-packages\openmdao\solvers\solver.py:819: SolverWarning:Your model has stalled three times and may be violating the bounds. In the future, turn on print_bound_enforce in your solver options here: 
OD0.nozz.throat_total.nonlinear_solver.linesearch.options['print_bound_enforce']=True. 
The bound(s) being violated now are:

C:\Users\MEO\Desktop\Projects\JetEngine\boomsonic_v0\.venv\Lib\site-packages\openmdao\solvers\linesearch\backtracking.py:35: SolverWarning:'OD0.nozz.throat_total.balance.T' exceeds upper bounds
  Val: [3049.92084937]
  Upper: [2500.]

C:\Users\MEO\Desktop\Projects\JetEngine\boomsonic_v0\.venv\Lib\site-packages\openmdao\solvers\solver.py:819: SolverWarning:Your model has stalled three times and may be violating the bounds. In the future, turn on print_bound_enforce in your solver options here: 
OD0.nozz.staticMN.nonlinear_solver.linesearch.options['print_bound_enforce']=True. 
The bound(s) being violated now are:

C:\Users\MEO\Desktop\Projects\JetEngine\boomsonic_v0\.venv\Lib\site-packages\openmdao\solvers\linesearch\backtracking.py:35: SolverWarning:'OD0.nozz.staticMN.balance.T' exceeds upper bounds
  Val: [4474.79806527]
  Upper: [2500.]

C:\Users\MEO\Desktop\Projects\JetEngine\boomsonic_v0\.venv\Lib\site-packages\pycycle\thermo\static_ps_resid.py:128: RuntimeWarning: invalid value encountered in sqrt
  Vsonic = (i['gamma']*i['R']*i['Ts'])**0.5
C:\Users\MEO\Desktop\Projects\JetEngine\boomsonic_v0\.venv\Lib\site-packages\openmdao\solvers\solver.py:819: SolverWarning:Your model has stalled three times and may be violating the bounds. In the future, turn on print_bound_enforce in your solver options here: 
OD0.burner.vitiated_flow.nonlinear_solver.linesearch.options['print_bound_enforce']=True. 
The bound(s) being violated now are:

C:\Users\MEO\Desktop\Projects\JetEngine\boomsonic_v0\.venv\Lib\site-packages\openmdao\solvers\linesearch\backtracking.py:35: SolverWarning:'OD0.burner.vitiated_flow.balance.T' exceeds upper bounds
  Val: [3584.41914716]
  Upper: [2500.]

C:\Users\MEO\Desktop\Projects\JetEngine\boomsonic_v0\.venv\Lib\site-packages\pycycle\thermo\static_ps_resid.py:128: RuntimeWarning: invalid value encountered in sqrt
  Vsonic = (i['gamma']*i['R']*i['Ts'])**0.5
C:\Users\MEO\Desktop\Projects\JetEngine\boomsonic_v0\.venv\Lib\site-packages\pycycle\thermo\static_ps_resid.py:128: RuntimeWarning: invalid value encountered in sqrt
  Vsonic = (i['gamma']*i['R']*i['Ts'])**0.5
C:\Users\MEO\Desktop\Projects\JetEngine\boomsonic_v0\.venv\Lib\site-packages\pycycle\thermo\static_ps_resid.py:128: RuntimeWarning: invalid value encountered in sqrt
  Vsonic = (i['gamma']*i['R']*i['Ts'])**0.5
C:\Users\MEO\Desktop\Projects\JetEngine\boomsonic_v0\.venv\Lib\site-packages\pycycle\thermo\static_ps_resid.py:128: RuntimeWarning: invalid value encountered in sqrt
  Vsonic = (i['gamma']*i['R']*i['Ts'])**0.5
C:\Users\MEO\Desktop\Projects\JetEngine\boomsonic_v0\.venv\Lib\site-packages\pycycle\thermo\static_ps_resid.py:128: RuntimeWarning: invalid value encountered in sqrt
  Vsonic = (i['gamma']*i['R']*i['Ts'])**0.5
C:\Users\MEO\Desktop\Projects\JetEngine\boomsonic_v0\.venv\Lib\site-packages\pycycle\thermo\static_ps_resid.py:128: RuntimeWarning: invalid value encountered in sqrt
  Vsonic = (i['gamma']*i['R']*i['Ts'])**0.5
C:\Users\MEO\Desktop\Projects\JetEngine\boomsonic_v0\.venv\Lib\site-packages\pycycle\thermo\static_ps_resid.py:128: RuntimeWarning: invalid value encountered in sqrt
  Vsonic = (i['gamma']*i['R']*i['Ts'])**0.5
C:\Users\MEO\Desktop\Projects\JetEngine\boomsonic_v0\.venv\Lib\site-packages\pycycle\thermo\static_ps_resid.py:128: RuntimeWarning: invalid value encountered in sqrt
  Vsonic = (i['gamma']*i['R']*i['Ts'])**0.5
C:\Users\MEO\Desktop\Projects\JetEngine\boomsonic_v0\.venv\Lib\site-packages\pycycle\thermo\static_ps_resid.py:128: RuntimeWarning: invalid value encountered in sqrt
  Vsonic = (i['gamma']*i['R']*i['Ts'])**0.5
C:\Users\MEO\Desktop\Projects\JetEngine\boomsonic_v0\.venv\Lib\site-packages\pycycle\thermo\static_ps_resid.py:128: RuntimeWarning: invalid value encountered in sqrt
  Vsonic = (i['gamma']*i['R']*i['Ts'])**0.5
C:\Users\MEO\Desktop\Projects\JetEngine\boomsonic_v0\.venv\Lib\site-packages\pycycle\thermo\static_ps_resid.py:128: RuntimeWarning: invalid value encountered in sqrt
  Vsonic = (i['gamma']*i['R']*i['Ts'])**0.5
C:\Users\MEO\Desktop\Projects\JetEngine\boomsonic_v0\.venv\Lib\site-packages\pycycle\thermo\static_ps_resid.py:128: RuntimeWarning: invalid value encountered in sqrt
  Vsonic = (i['gamma']*i['R']*i['Ts'])**0.5
C:\Users\MEO\Desktop\Projects\JetEngine\boomsonic_v0\.venv\Lib\site-packages\openmdao\solvers\solver.py:819: SolverWarning:Your model has stalled three times and may be violating the bounds. In the future, turn on print_bound_enforce in your solver options here: 
OD0.turb.real_flow_b4bld.nonlinear_solver.linesearch.options['print_bound_enforce']=True. 
The bound(s) being violated now are:

C:\Users\MEO\Desktop\Projects\JetEngine\boomsonic_v0\.venv\Lib\site-packages\openmdao\solvers\linesearch\backtracking.py:35: SolverWarning:'OD0.turb.real_flow_b4bld.balance.T' exceeds upper bounds
  Val: [3049.92084937]
  Upper: [2500.]

C:\Users\MEO\Desktop\Projects\JetEngine\boomsonic_v0\.venv\Lib\site-packages\openmdao\solvers\solver.py:819: SolverWarning:Your model has stalled three times and may be violating the bounds. In the future, turn on print_bound_enforce in your solver options here: 
OD0.turb.real_flow.nonlinear_solver.linesearch.options['print_bound_enforce']=True. 
The bound(s) being violated now are:

C:\Users\MEO\Desktop\Projects\JetEngine\boomsonic_v0\.venv\Lib\site-packages\openmdao\solvers\linesearch\backtracking.py:35: SolverWarning:'OD0.turb.real_flow.balance.T' exceeds upper bounds
  Val: [3049.92084937]
  Upper: [2500.]

C:\Users\MEO\Desktop\Projects\JetEngine\boomsonic_v0\.venv\Lib\site-packages\openmdao\solvers\solver.py:819: SolverWarning:Your model has stalled three times and may be violating the bounds. In the future, turn on print_bound_enforce in your solver options here: 
OD0.turb.out_stat.nonlinear_solver.linesearch.options['print_bound_enforce']=True. 
The bound(s) being violated now are:

C:\Users\MEO\Desktop\Projects\JetEngine\boomsonic_v0\.venv\Lib\site-packages\openmdao\solvers\linesearch\backtracking.py:35: SolverWarning:'OD0.turb.out_stat.balance.T' exceeds upper bounds
  Val: [4954.44224608]
  Upper: [2500.]

C:\Users\MEO\Desktop\Projects\JetEngine\boomsonic_v0\.venv\Lib\site-packages\openmdao\solvers\linesearch\backtracking.py:39: SolverWarning:'OD0.turb.out_stat.ps_resid.MN' exceeds lower bounds
  Val: [-0.0170469]
  Lower: [0.001]

C:\Users\MEO\Desktop\Projects\JetEngine\boomsonic_v0\.venv\Lib\site-packages\openmdao\solvers\solver.py:819: SolverWarning:Your model has stalled three times and may be violating the bounds. In the future, turn on print_bound_enforce in your solver options here: 
OD0.nozz.throat_total.nonlinear_solver.linesearch.options['print_bound_enforce']=True. 
The bound(s) being violated now are:

C:\Users\MEO\Desktop\Projects\JetEngine\boomsonic_v0\.venv\Lib\site-packages\openmdao\solvers\linesearch\backtracking.py:35: SolverWarning:'OD0.nozz.throat_total.balance.T' exceeds upper bounds
  Val: [3049.92084937]
  Upper: [2500.]

C:\Users\MEO\Desktop\Projects\JetEngine\boomsonic_v0\.venv\Lib\site-packages\openmdao\solvers\solver.py:819: SolverWarning:Your model has stalled three times and may be violating the bounds. In the future, turn on print_bound_enforce in your solver options here: 
OD0.nozz.staticMN.nonlinear_solver.linesearch.options['print_bound_enforce']=True. 
The bound(s) being violated now are:

C:\Users\MEO\Desktop\Projects\JetEngine\boomsonic_v0\.venv\Lib\site-packages\openmdao\solvers\linesearch\backtracking.py:35: SolverWarning:'OD0.nozz.staticMN.balance.T' exceeds upper bounds
  Val: [4474.79806527]
  Upper: [2500.]

C:\Users\MEO\Desktop\Projects\JetEngine\boomsonic_v0\.venv\Lib\site-packages\pycycle\thermo\static_ps_resid.py:128: RuntimeWarning: invalid value encountered in sqrt
  Vsonic = (i['gamma']*i['R']*i['Ts'])**0.5
C:\Users\MEO\Desktop\Projects\JetEngine\boomsonic_v0\.venv\Lib\site-packages\openmdao\solvers\solver.py:819: SolverWarning:Your model has stalled three times and may be violating the bounds. In the future, turn on print_bound_enforce in your solver options here: 
OD0.burner.vitiated_flow.nonlinear_solver.linesearch.options['print_bound_enforce']=True. 
The bound(s) being violated now are:

C:\Users\MEO\Desktop\Projects\JetEngine\boomsonic_v0\.venv\Lib\site-packages\openmdao\solvers\linesearch\backtracking.py:35: SolverWarning:'OD0.burner.vitiated_flow.balance.T' exceeds upper bounds
  Val: [3584.41914716]
  Upper: [2500.]

C:\Users\MEO\Desktop\Projects\JetEngine\boomsonic_v0\.venv\Lib\site-packages\pycycle\thermo\static_ps_resid.py:128: RuntimeWarning: invalid value encountered in sqrt
  Vsonic = (i['gamma']*i['R']*i['Ts'])**0.5
C:\Users\MEO\Desktop\Projects\JetEngine\boomsonic_v0\.venv\Lib\site-packages\pycycle\thermo\static_ps_resid.py:128: RuntimeWarning: invalid value encountered in sqrt
  Vsonic = (i['gamma']*i['R']*i['Ts'])**0.5
C:\Users\MEO\Desktop\Projects\JetEngine\boomsonic_v0\.venv\Lib\site-packages\pycycle\thermo\static_ps_resid.py:128: RuntimeWarning: invalid value encountered in sqrt
  Vsonic = (i['gamma']*i['R']*i['Ts'])**0.5
C:\Users\MEO\Desktop\Projects\JetEngine\boomsonic_v0\.venv\Lib\site-packages\pycycle\thermo\static_ps_resid.py:128: RuntimeWarning: invalid value encountered in sqrt
  Vsonic = (i['gamma']*i['R']*i['Ts'])**0.5
C:\Users\MEO\Desktop\Projects\JetEngine\boomsonic_v0\.venv\Lib\site-packages\pycycle\thermo\static_ps_resid.py:128: RuntimeWarning: invalid value encountered in sqrt
  Vsonic = (i['gamma']*i['R']*i['Ts'])**0.5
C:\Users\MEO\Desktop\Projects\JetEngine\boomsonic_v0\.venv\Lib\site-packages\openmdao\solvers\solver.py:819: SolverWarning:Your model has stalled three times and may be violating the bounds. In the future, turn on print_bound_enforce in your solver options here: 
OD0.burner.out_stat.nonlinear_solver.linesearch.options['print_bound_enforce']=True. 
The bound(s) being violated now are:

C:\Users\MEO\Desktop\Projects\JetEngine\boomsonic_v0\.venv\Lib\site-packages\openmdao\solvers\linesearch\backtracking.py:35: SolverWarning:'OD0.burner.out_stat.balance.T' exceeds upper bounds
  Val: [35835.88737239]
  Upper: [2500.]

C:\Users\MEO\Desktop\Projects\JetEngine\boomsonic_v0\.venv\Lib\site-packages\pycycle\thermo\static_ps_resid.py:128: RuntimeWarning: invalid value encountered in sqrt
  Vsonic = (i['gamma']*i['R']*i['Ts'])**0.5
C:\Users\MEO\Desktop\Projects\JetEngine\boomsonic_v0\.venv\Lib\site-packages\openmdao\solvers\solver.py:819: SolverWarning:Your model has stalled three times and may be violating the bounds. In the future, turn on print_bound_enforce in your solver options here: 
OD0.turb.real_flow_b4bld.nonlinear_solver.linesearch.options['print_bound_enforce']=True. 
The bound(s) being violated now are:

C:\Users\MEO\Desktop\Projects\JetEngine\boomsonic_v0\.venv\Lib\site-packages\openmdao\solvers\linesearch\backtracking.py:35: SolverWarning:'OD0.turb.real_flow_b4bld.balance.T' exceeds upper bounds
  Val: [3049.92084937]
  Upper: [2500.]

C:\Users\MEO\Desktop\Projects\JetEngine\boomsonic_v0\.venv\Lib\site-packages\openmdao\solvers\solver.py:819: SolverWarning:Your model has stalled three times and may be violating the bounds. In the future, turn on print_bound_enforce in your solver options here: 
OD0.turb.real_flow.nonlinear_solver.linesearch.options['print_bound_enforce']=True. 
The bound(s) being violated now are:

C:\Users\MEO\Desktop\Projects\JetEngine\boomsonic_v0\.venv\Lib\site-packages\openmdao\solvers\linesearch\backtracking.py:35: SolverWarning:'OD0.turb.real_flow.balance.T' exceeds upper bounds
  Val: [3049.92084937]
  Upper: [2500.]

C:\Users\MEO\Desktop\Projects\JetEngine\boomsonic_v0\.venv\Lib\site-packages\openmdao\solvers\solver.py:819: SolverWarning:Your model has stalled three times and may be violating the bounds. In the future, turn on print_bound_enforce in your solver options here: 
OD0.turb.out_stat.nonlinear_solver.linesearch.options['print_bound_enforce']=True. 
The bound(s) being violated now are:

C:\Users\MEO\Desktop\Projects\JetEngine\boomsonic_v0\.venv\Lib\site-packages\openmdao\solvers\linesearch\backtracking.py:35: SolverWarning:'OD0.turb.out_stat.balance.T' exceeds upper bounds
  Val: [4954.44224608]
  Upper: [2500.]

C:\Users\MEO\Desktop\Projects\JetEngine\boomsonic_v0\.venv\Lib\site-packages\openmdao\solvers\linesearch\backtracking.py:39: SolverWarning:'OD0.turb.out_stat.ps_resid.MN' exceeds lower bounds
  Val: [-0.0170469]
  Lower: [0.001]

C:\Users\MEO\Desktop\Projects\JetEngine\boomsonic_v0\.venv\Lib\site-packages\openmdao\solvers\solver.py:819: SolverWarning:Your model has stalled three times and may be violating the bounds. In the future, turn on print_bound_enforce in your solver options here: 
OD0.nozz.throat_total.nonlinear_solver.linesearch.options['print_bound_enforce']=True. 
The bound(s) being violated now are:

C:\Users\MEO\Desktop\Projects\JetEngine\boomsonic_v0\.venv\Lib\site-packages\openmdao\solvers\linesearch\backtracking.py:35: SolverWarning:'OD0.nozz.throat_total.balance.T' exceeds upper bounds
  Val: [3049.92084937]
  Upper: [2500.]

C:\Users\MEO\Desktop\Projects\JetEngine\boomsonic_v0\.venv\Lib\site-packages\openmdao\solvers\solver.py:819: SolverWarning:Your model has stalled three times and may be violating the bounds. In the future, turn on print_bound_enforce in your solver options here: 
OD0.nozz.staticMN.nonlinear_solver.linesearch.options['print_bound_enforce']=True. 
The bound(s) being violated now are:

C:\Users\MEO\Desktop\Projects\JetEngine\boomsonic_v0\.venv\Lib\site-packages\openmdao\solvers\linesearch\backtracking.py:35: SolverWarning:'OD0.nozz.staticMN.balance.T' exceeds upper bounds
  Val: [4474.79806527]
  Upper: [2500.]

C:\Users\MEO\Desktop\Projects\JetEngine\boomsonic_v0\.venv\Lib\site-packages\pycycle\thermo\static_ps_resid.py:128: RuntimeWarning: invalid value encountered in sqrt
  Vsonic = (i['gamma']*i['R']*i['Ts'])**0.5
C:\Users\MEO\Desktop\Projects\JetEngine\boomsonic_v0\.venv\Lib\site-packages\pycycle\elements\turbine.py:40: RuntimeWarning: invalid value encountered in sqrt
  outputs['Wp'] = inputs['W_in'] * inputs['Tt']**0.5 / inputs['Pt']
C:\Users\MEO\Desktop\Projects\JetEngine\boomsonic_v0\.venv\Lib\site-packages\pycycle\elements\turbine.py:41: RuntimeWarning: invalid value encountered in power
  outputs['Np'] = inputs['Nmech'] * inputs['Tt']**-0.5
C:\Users\MEO\Desktop\Projects\JetEngine\boomsonic_v0\.venv\Lib\site-packages\pycycle\thermo\static_ps_calc.py:32: RuntimeWarning: invalid value encountered in sqrt
  outputs['Vsonic'] = Vsonic = np.sqrt(inputs['gamma'] * inputs['R'] * inputs['Ts'])
C:\Users\MEO\Desktop\Projects\JetEngine\boomsonic_v0\.venv\Lib\site-packages\openmdao\solvers\solver.py:819: SolverWarning:Your model has stalled three times and may be violating the bounds. In the future, turn on print_bound_enforce in your solver options here: 
OD0.comp.ideal_flow.nonlinear_solver.linesearch.options['print_bound_enforce']=True. 
The bound(s) being violated now are:

C:\Users\MEO\Desktop\Projects\JetEngine\boomsonic_v0\.venv\Lib\site-packages\openmdao\solvers\linesearch\backtracking.py:39: SolverWarning:'OD0.comp.ideal_flow.balance.T' exceeds lower bounds
  Val: [-74377997.82081154]
  Lower: [150.]

C:\Users\MEO\Desktop\Projects\JetEngine\boomsonic_v0\.venv\Lib\site-packages\pycycle\elements\compressor.py:75: RuntimeWarning: invalid value encountered in log
  outputs['eff_poly'] = Rt * np.log(PR) / ( Rt*np.log(PR) + S_out - S_in )
C:\Users\MEO\Desktop\Projects\JetEngine\boomsonic_v0\.venv\Lib\site-packages\pycycle\thermo\static_ps_resid.py:98: RuntimeWarning: invalid value encountered in power
  ps_guess = inputs['guess:Pt'] * (1 + (gamt-1)/2 * M_guess**2)**(-gamt/(gamt-1))
C:\Users\MEO\Desktop\Projects\JetEngine\boomsonic_v0\.venv\Lib\site-packages\pycycle\thermo\static_ps_resid.py:93: RuntimeWarning: invalid value encountered in power
  f1 = ps - inputs['guess:Pt'] * (1 + (gamt-1)/2 * M_guess**2)**(-gamt/(gamt-1))
C:\Users\MEO\Desktop\Projects\JetEngine\boomsonic_v0\.venv\Lib\site-packages\pycycle\thermo\static_ps_resid.py:94: RuntimeWarning: invalid value encountered in sqrt
  f2 = MN - inputs['W']*(R_UNIVERSAL_SI*inputs['Ts'])**0.5/(ps_guess*1.0e6*inputs['area']*gamt**0.5)
C:\Users\MEO\Desktop\Projects\JetEngine\boomsonic_v0\.venv\Lib\site-packages\pycycle\thermo\static_ps_resid.py:99: RuntimeWarning: The iteration is not making good progress, as measured by the 
 improvement from the last ten iterations.
  ps_guess, M_guess = fsolve(equations, (ps_guess, M_guess))
C:\Users\MEO\Desktop\Projects\JetEngine\boomsonic_v0\.venv\Lib\site-packages\pycycle\thermo\static_ps_resid.py:128: RuntimeWarning: invalid value encountered in sqrt
  Vsonic = (i['gamma']*i['R']*i['Ts'])**0.5
C:\Users\MEO\Desktop\Projects\JetEngine\boomsonic_v0\.venv\Lib\site-packages\pycycle\thermo\static_ps_resid.py:128: RuntimeWarning: invalid value encountered in sqrt
  Vsonic = (i['gamma']*i['R']*i['Ts'])**0.5
C:\Users\MEO\Desktop\Projects\JetEngine\boomsonic_v0\.venv\Lib\site-packages\pycycle\thermo\static_ps_resid.py:128: RuntimeWarning: invalid value encountered in sqrt
  Vsonic = (i['gamma']*i['R']*i['Ts'])**0.5
C:\Users\MEO\Desktop\Projects\JetEngine\boomsonic_v0\.venv\Lib\site-packages\pycycle\thermo\static_ps_resid.py:128: RuntimeWarning: invalid value encountered in sqrt
  Vsonic = (i['gamma']*i['R']*i['Ts'])**0.5
C:\Users\MEO\Desktop\Projects\JetEngine\boomsonic_v0\.venv\Lib\site-packages\pycycle\thermo\static_ps_resid.py:128: RuntimeWarning: invalid value encountered in sqrt
  Vsonic = (i['gamma']*i['R']*i['Ts'])**0.5
C:\Users\MEO\Desktop\Projects\JetEngine\boomsonic_v0\.venv\Lib\site-packages\pycycle\thermo\static_ps_resid.py:128: RuntimeWarning: invalid value encountered in sqrt
  Vsonic = (i['gamma']*i['R']*i['Ts'])**0.5
C:\Users\MEO\Desktop\Projects\JetEngine\boomsonic_v0\.venv\Lib\site-packages\pycycle\thermo\static_ps_resid.py:128: RuntimeWarning: invalid value encountered in sqrt
  Vsonic = (i['gamma']*i['R']*i['Ts'])**0.5
C:\Users\MEO\Desktop\Projects\JetEngine\boomsonic_v0\.venv\Lib\site-packages\pycycle\thermo\static_ps_resid.py:128: RuntimeWarning: invalid value encountered in sqrt
  Vsonic = (i['gamma']*i['R']*i['Ts'])**0.5
C:\Users\MEO\Desktop\Projects\JetEngine\boomsonic_v0\.venv\Lib\site-packages\openmdao\solvers\solver.py:819: SolverWarning:Your model has stalled three times and may be violating the bounds. In the future, turn on print_bound_enforce in your solver options here: 
OD0.burner.vitiated_flow.nonlinear_solver.linesearch.options['print_bound_enforce']=True. 
The bound(s) being violated now are:

C:\Users\MEO\Desktop\Projects\JetEngine\boomsonic_v0\.venv\Lib\site-packages\pycycle\thermo\static_ps_resid.py:128: RuntimeWarning: invalid value encountered in sqrt
  Vsonic = (i['gamma']*i['R']*i['Ts'])**0.5
C:\Users\MEO\Desktop\Projects\JetEngine\boomsonic_v0\.venv\Lib\site-packages\pycycle\thermo\static_ps_resid.py:98: RuntimeWarning: invalid value encountered in power
  ps_guess = inputs['guess:Pt'] * (1 + (gamt-1)/2 * M_guess**2)**(-gamt/(gamt-1))
C:\Users\MEO\Desktop\Projects\JetEngine\boomsonic_v0\.venv\Lib\site-packages\pycycle\thermo\static_ps_resid.py:93: RuntimeWarning: invalid value encountered in power
  f1 = ps - inputs['guess:Pt'] * (1 + (gamt-1)/2 * M_guess**2)**(-gamt/(gamt-1))
C:\Users\MEO\Desktop\Projects\JetEngine\boomsonic_v0\.venv\Lib\site-packages\pycycle\thermo\static_ps_resid.py:94: RuntimeWarning: invalid value encountered in sqrt
  f2 = MN - inputs['W']*(R_UNIVERSAL_SI*inputs['Ts'])**0.5/(ps_guess*1.0e6*inputs['area']*gamt**0.5)
C:\Users\MEO\Desktop\Projects\JetEngine\boomsonic_v0\.venv\Lib\site-packages\pycycle\thermo\static_ps_resid.py:99: RuntimeWarning: The iteration is not making good progress, as measured by the 
 improvement from the last ten iterations.
  ps_guess, M_guess = fsolve(equations, (ps_guess, M_guess))
C:\Users\MEO\Desktop\Projects\JetEngine\boomsonic_v0\.venv\Lib\site-packages\pycycle\thermo\static_ps_resid.py:128: RuntimeWarning: invalid value encountered in sqrt
  Vsonic = (i['gamma']*i['R']*i['Ts'])**0.5
C:\Users\MEO\Desktop\Projects\JetEngine\boomsonic_v0\.venv\Lib\site-packages\pycycle\thermo\static_ps_resid.py:128: RuntimeWarning: invalid value encountered in sqrt
  Vsonic = (i['gamma']*i['R']*i['Ts'])**0.5
C:\Users\MEO\Desktop\Projects\JetEngine\boomsonic_v0\.venv\Lib\site-packages\pycycle\thermo\static_ps_resid.py:128: RuntimeWarning: invalid value encountered in sqrt
  Vsonic = (i['gamma']*i['R']*i['Ts'])**0.5
C:\Users\MEO\Desktop\Projects\JetEngine\boomsonic_v0\.venv\Lib\site-packages\pycycle\thermo\static_ps_resid.py:128: RuntimeWarning: invalid value encountered in sqrt
  Vsonic = (i['gamma']*i['R']*i['Ts'])**0.5
C:\Users\MEO\Desktop\Projects\JetEngine\boomsonic_v0\.venv\Lib\site-packages\pycycle\thermo\static_ps_resid.py:98: RuntimeWarning: invalid value encountered in power
  ps_guess = inputs['guess:Pt'] * (1 + (gamt-1)/2 * M_guess**2)**(-gamt/(gamt-1))
C:\Users\MEO\Desktop\Projects\JetEngine\boomsonic_v0\.venv\Lib\site-packages\pycycle\thermo\static_ps_resid.py:93: RuntimeWarning: invalid value encountered in power
  f1 = ps - inputs['guess:Pt'] * (1 + (gamt-1)/2 * M_guess**2)**(-gamt/(gamt-1))
C:\Users\MEO\Desktop\Projects\JetEngine\boomsonic_v0\.venv\Lib\site-packages\pycycle\thermo\static_ps_resid.py:94: RuntimeWarning: invalid value encountered in sqrt
  f2 = MN - inputs['W']*(R_UNIVERSAL_SI*inputs['Ts'])**0.5/(ps_guess*1.0e6*inputs['area']*gamt**0.5)
C:\Users\MEO\Desktop\Projects\JetEngine\boomsonic_v0\.venv\Lib\site-packages\pycycle\thermo\static_ps_resid.py:99: RuntimeWarning: The iteration is not making good progress, as measured by the 
 improvement from the last ten iterations.
  ps_guess, M_guess = fsolve(equations, (ps_guess, M_guess))
C:\Users\MEO\Desktop\Projects\JetEngine\boomsonic_v0\.venv\Lib\site-packages\pycycle\thermo\static_ps_resid.py:128: RuntimeWarning: invalid value encountered in sqrt
  Vsonic = (i['gamma']*i['R']*i['Ts'])**0.5
C:\Users\MEO\Desktop\Projects\JetEngine\boomsonic_v0\.venv\Lib\site-packages\pycycle\thermo\static_ps_resid.py:128: RuntimeWarning: invalid value encountered in sqrt
  Vsonic = (i['gamma']*i['R']*i['Ts'])**0.5
C:\Users\MEO\Desktop\Projects\JetEngine\boomsonic_v0\.venv\Lib\site-packages\pycycle\thermo\static_ps_resid.py:128: RuntimeWarning: invalid value encountered in sqrt
  Vsonic = (i['gamma']*i['R']*i['Ts'])**0.5
C:\Users\MEO\Desktop\Projects\JetEngine\boomsonic_v0\.venv\Lib\site-packages\pycycle\thermo\static_ps_resid.py:128: RuntimeWarning: invalid value encountered in sqrt
  Vsonic = (i['gamma']*i['R']*i['Ts'])**0.5
C:\Users\MEO\Desktop\Projects\JetEngine\boomsonic_v0\.venv\Lib\site-packages\pycycle\thermo\static_ps_resid.py:128: RuntimeWarning: invalid value encountered in sqrt
  Vsonic = (i['gamma']*i['R']*i['Ts'])**0.5
C:\Users\MEO\Desktop\Projects\JetEngine\boomsonic_v0\.venv\Lib\site-packages\pycycle\thermo\static_ps_resid.py:128: RuntimeWarning: invalid value encountered in sqrt
  Vsonic = (i['gamma']*i['R']*i['Ts'])**0.5
C:\Users\MEO\Desktop\Projects\JetEngine\boomsonic_v0\.venv\Lib\site-packages\pycycle\thermo\static_ps_resid.py:128: RuntimeWarning: invalid value encountered in sqrt
  Vsonic = (i['gamma']*i['R']*i['Ts'])**0.5
C:\Users\MEO\Desktop\Projects\JetEngine\boomsonic_v0\.venv\Lib\site-packages\pycycle\thermo\static_ps_resid.py:128: RuntimeWarning: invalid value encountered in sqrt
  Vsonic = (i['gamma']*i['R']*i['Ts'])**0.5
C:\Users\MEO\Desktop\Projects\JetEngine\boomsonic_v0\.venv\Lib\site-packages\pycycle\thermo\static_ps_resid.py:83: RuntimeWarning: invalid value encountered in power
  ps_guess = inputs['guess:Pt'] * (1 + (gamt-1)/2 * inputs['MN']**2)**(-gamt/(gamt-1))
C:\Users\MEO\Desktop\Projects\JetEngine\boomsonic_v0\.venv\Lib\site-packages\pycycle\thermo\static_ps_resid.py:108: RuntimeWarning: invalid value encountered in sqrt
  Vsonic = (i['gamma']*i['R']*i['Ts'])**0.5
C:\Users\MEO\Desktop\Projects\JetEngine\boomsonic_v0\.venv\Lib\site-packages\pycycle\thermo\static_ps_resid.py:108: RuntimeWarning: invalid value encountered in sqrt
  Vsonic = (i['gamma']*i['R']*i['Ts'])**0.5
C:\Users\MEO\Desktop\Projects\JetEngine\boomsonic_v0\.venv\Lib\site-packages\pycycle\thermo\static_ps_resid.py:108: RuntimeWarning: invalid value encountered in sqrt
  Vsonic = (i['gamma']*i['R']*i['Ts'])**0.5
C:\Users\MEO\Desktop\Projects\JetEngine\boomsonic_v0\.venv\Lib\site-packages\pycycle\thermo\static_ps_resid.py:108: RuntimeWarning: invalid value encountered in sqrt
  Vsonic = (i['gamma']*i['R']*i['Ts'])**0.5
C:\Users\MEO\Desktop\Projects\JetEngine\boomsonic_v0\.venv\Lib\site-packages\pycycle\thermo\static_ps_resid.py:108: RuntimeWarning: invalid value encountered in sqrt
  Vsonic = (i['gamma']*i['R']*i['Ts'])**0.5
C:\Users\MEO\Desktop\Projects\JetEngine\boomsonic_v0\.venv\Lib\site-packages\pycycle\thermo\static_ps_resid.py:108: RuntimeWarning: invalid value encountered in sqrt
  Vsonic = (i['gamma']*i['R']*i['Ts'])**0.5
C:\Users\MEO\Desktop\Projects\JetEngine\boomsonic_v0\.venv\Lib\site-packages\pycycle\thermo\static_ps_resid.py:108: RuntimeWarning: invalid value encountered in sqrt
  Vsonic = (i['gamma']*i['R']*i['Ts'])**0.5
C:\Users\MEO\Desktop\Projects\JetEngine\boomsonic_v0\.venv\Lib\site-packages\pycycle\thermo\static_ps_resid.py:108: RuntimeWarning: invalid value encountered in sqrt
  Vsonic = (i['gamma']*i['R']*i['Ts'])**0.5
C:\Users\MEO\Desktop\Projects\JetEngine\boomsonic_v0\.venv\Lib\site-packages\pycycle\thermo\static_ps_resid.py:108: RuntimeWarning: invalid value encountered in sqrt
  Vsonic = (i['gamma']*i['R']*i['Ts'])**0.5
C:\Users\MEO\Desktop\Projects\JetEngine\boomsonic_v0\.venv\Lib\site-packages\pycycle\thermo\static_ps_calc.py:32: RuntimeWarning: invalid value encountered in sqrt
  outputs['Vsonic'] = Vsonic = np.sqrt(inputs['gamma'] * inputs['R'] * inputs['Ts'])
C:\Users\MEO\Desktop\Projects\JetEngine\boomsonic_v0\.venv\Lib\site-packages\pycycle\thermo\static_ps_calc.py:32: RuntimeWarning: invalid value encountered in sqrt
  outputs['Vsonic'] = Vsonic = np.sqrt(inputs['gamma'] * inputs['R'] * inputs['Ts'])
C:\Users\MEO\Desktop\Projects\JetEngine\boomsonic_v0\.venv\Lib\site-packages\pycycle\elements\compressor.py:75: RuntimeWarning: invalid value encountered in log
  outputs['eff_poly'] = Rt * np.log(PR) / ( Rt*np.log(PR) + S_out - S_in )
C:\Users\MEO\Desktop\Projects\JetEngine\boomsonic_v0\.venv\Lib\site-packages\pycycle\thermo\static_ps_resid.py:128: RuntimeWarning: invalid value encountered in sqrt
  Vsonic = (i['gamma']*i['R']*i['Ts'])**0.5
C:\Users\MEO\Desktop\Projects\JetEngine\boomsonic_v0\.venv\Lib\site-packages\pycycle\thermo\static_ps_resid.py:108: RuntimeWarning: invalid value encountered in sqrt
  Vsonic = (i['gamma']*i['R']*i['Ts'])**0.5
C:\Users\MEO\Desktop\Projects\JetEngine\boomsonic_v0\.venv\Lib\site-packages\pycycle\thermo\static_ps_resid.py:98: RuntimeWarning: invalid value encountered in power
  ps_guess = inputs['guess:Pt'] * (1 + (gamt-1)/2 * M_guess**2)**(-gamt/(gamt-1))
C:\Users\MEO\Desktop\Projects\JetEngine\boomsonic_v0\.venv\Lib\site-packages\pycycle\thermo\static_ps_resid.py:93: RuntimeWarning: invalid value encountered in power
  f1 = ps - inputs['guess:Pt'] * (1 + (gamt-1)/2 * M_guess**2)**(-gamt/(gamt-1))
C:\Users\MEO\Desktop\Projects\JetEngine\boomsonic_v0\.venv\Lib\site-packages\pycycle\thermo\static_ps_resid.py:94: RuntimeWarning: invalid value encountered in sqrt
  f2 = MN - inputs['W']*(R_UNIVERSAL_SI*inputs['Ts'])**0.5/(ps_guess*1.0e6*inputs['area']*gamt**0.5)
C:\Users\MEO\Desktop\Projects\JetEngine\boomsonic_v0\.venv\Lib\site-packages\pycycle\thermo\static_ps_resid.py:99: RuntimeWarning: The iteration is not making good progress, as measured by the 
 improvement from the last ten iterations.
  ps_guess, M_guess = fsolve(equations, (ps_guess, M_guess))
C:\Users\MEO\Desktop\Projects\JetEngine\boomsonic_v0\.venv\Lib\site-packages\pycycle\thermo\static_ps_resid.py:83: RuntimeWarning: invalid value encountered in power
  ps_guess = inputs['guess:Pt'] * (1 + (gamt-1)/2 * inputs['MN']**2)**(-gamt/(gamt-1))
C:\Users\MEO\Desktop\Projects\JetEngine\boomsonic_v0\.venv\Lib\site-packages\openmdao\solvers\solver.py:819: SolverWarning:Your model has stalled three times and may be violating the bounds. In the future, turn on print_bound_enforce in your solver options here: 
OD0.comp.ideal_flow.nonlinear_solver.linesearch.options['print_bound_enforce']=True. 
The bound(s) being violated now are:

C:\Users\MEO\Desktop\Projects\JetEngine\boomsonic_v0\.venv\Lib\site-packages\openmdao\solvers\linesearch\backtracking.py:39: SolverWarning:'OD0.comp.ideal_flow.balance.T' exceeds lower bounds
  Val: [-74377997.8208115]
  Lower: [150.]

C:\Users\MEO\Desktop\Projects\JetEngine\boomsonic_v0\.venv\Lib\site-packages\pycycle\elements\compressor.py:75: RuntimeWarning: invalid value encountered in log
  outputs['eff_poly'] = Rt * np.log(PR) / ( Rt*np.log(PR) + S_out - S_in )
C:\Users\MEO\Desktop\Projects\JetEngine\boomsonic_v0\.venv\Lib\site-packages\pycycle\thermo\static_ps_resid.py:128: RuntimeWarning: invalid value encountered in sqrt
  Vsonic = (i['gamma']*i['R']*i['Ts'])**0.5
C:\Users\MEO\Desktop\Projects\JetEngine\boomsonic_v0\.venv\Lib\site-packages\pycycle\thermo\static_ps_resid.py:128: RuntimeWarning: invalid value encountered in sqrt
  Vsonic = (i['gamma']*i['R']*i['Ts'])**0.5
C:\Users\MEO\Desktop\Projects\JetEngine\boomsonic_v0\.venv\Lib\site-packages\pycycle\thermo\static_ps_resid.py:128: RuntimeWarning: invalid value encountered in sqrt
  Vsonic = (i['gamma']*i['R']*i['Ts'])**0.5
C:\Users\MEO\Desktop\Projects\JetEngine\boomsonic_v0\.venv\Lib\site-packages\pycycle\thermo\static_ps_resid.py:128: RuntimeWarning: invalid value encountered in sqrt
  Vsonic = (i['gamma']*i['R']*i['Ts'])**0.5
C:\Users\MEO\Desktop\Projects\JetEngine\boomsonic_v0\.venv\Lib\site-packages\pycycle\thermo\static_ps_resid.py:128: RuntimeWarning: invalid value encountered in sqrt
  Vsonic = (i['gamma']*i['R']*i['Ts'])**0.5
C:\Users\MEO\Desktop\Projects\JetEngine\boomsonic_v0\.venv\Lib\site-packages\pycycle\thermo\static_ps_resid.py:128: RuntimeWarning: invalid value encountered in sqrt
  Vsonic = (i['gamma']*i['R']*i['Ts'])**0.5
C:\Users\MEO\Desktop\Projects\JetEngine\boomsonic_v0\.venv\Lib\site-packages\pycycle\thermo\static_ps_resid.py:128: RuntimeWarning: invalid value encountered in sqrt
  Vsonic = (i['gamma']*i['R']*i['Ts'])**0.5
C:\Users\MEO\Desktop\Projects\JetEngine\boomsonic_v0\.venv\Lib\site-packages\pycycle\thermo\static_ps_resid.py:128: RuntimeWarning: invalid value encountered in sqrt
  Vsonic = (i['gamma']*i['R']*i['Ts'])**0.5
C:\Users\MEO\Desktop\Projects\JetEngine\boomsonic_v0\.venv\Lib\site-packages\pycycle\thermo\static_ps_resid.py:128: RuntimeWarning: invalid value encountered in sqrt
  Vsonic = (i['gamma']*i['R']*i['Ts'])**0.5
C:\Users\MEO\Desktop\Projects\JetEngine\boomsonic_v0\.venv\Lib\site-packages\pycycle\thermo\static_ps_resid.py:128: RuntimeWarning: invalid value encountered in sqrt
  Vsonic = (i['gamma']*i['R']*i['Ts'])**0.5
C:\Users\MEO\Desktop\Projects\JetEngine\boomsonic_v0\.venv\Lib\site-packages\pycycle\thermo\static_ps_resid.py:128: RuntimeWarning: invalid value encountered in sqrt
  Vsonic = (i['gamma']*i['R']*i['Ts'])**0.5
C:\Users\MEO\Desktop\Projects\JetEngine\boomsonic_v0\.venv\Lib\site-packages\pycycle\thermo\static_ps_resid.py:128: RuntimeWarning: invalid value encountered in sqrt
  Vsonic = (i['gamma']*i['R']*i['Ts'])**0.5
C:\Users\MEO\Desktop\Projects\JetEngine\boomsonic_v0\.venv\Lib\site-packages\pycycle\thermo\static_ps_resid.py:128: RuntimeWarning: invalid value encountered in sqrt
  Vsonic = (i['gamma']*i['R']*i['Ts'])**0.5
C:\Users\MEO\Desktop\Projects\JetEngine\boomsonic_v0\.venv\Lib\site-packages\pycycle\thermo\static_ps_resid.py:108: RuntimeWarning: invalid value encountered in sqrt
  Vsonic = (i['gamma']*i['R']*i['Ts'])**0.5
C:\Users\MEO\Desktop\Projects\JetEngine\boomsonic_v0\.venv\Lib\site-packages\pycycle\thermo\static_ps_resid.py:108: RuntimeWarning: invalid value encountered in sqrt
  Vsonic = (i['gamma']*i['R']*i['Ts'])**0.5
C:\Users\MEO\Desktop\Projects\JetEngine\boomsonic_v0\.venv\Lib\site-packages\pycycle\thermo\static_ps_resid.py:108: RuntimeWarning: invalid value encountered in sqrt
  Vsonic = (i['gamma']*i['R']*i['Ts'])**0.5
C:\Users\MEO\Desktop\Projects\JetEngine\boomsonic_v0\.venv\Lib\site-packages\pycycle\thermo\static_ps_resid.py:108: RuntimeWarning: invalid value encountered in sqrt
  Vsonic = (i['gamma']*i['R']*i['Ts'])**0.5
C:\Users\MEO\Desktop\Projects\JetEngine\boomsonic_v0\.venv\Lib\site-packages\pycycle\thermo\static_ps_resid.py:108: RuntimeWarning: invalid value encountered in sqrt
  Vsonic = (i['gamma']*i['R']*i['Ts'])**0.5
C:\Users\MEO\Desktop\Projects\JetEngine\boomsonic_v0\.venv\Lib\site-packages\pycycle\thermo\static_ps_resid.py:108: RuntimeWarning: invalid value encountered in sqrt
  Vsonic = (i['gamma']*i['R']*i['Ts'])**0.5
C:\Users\MEO\Desktop\Projects\JetEngine\boomsonic_v0\.venv\Lib\site-packages\pycycle\thermo\static_ps_resid.py:108: RuntimeWarning: invalid value encountered in sqrt
  Vsonic = (i['gamma']*i['R']*i['Ts'])**0.5
C:\Users\MEO\Desktop\Projects\JetEngine\boomsonic_v0\.venv\Lib\site-packages\pycycle\thermo\static_ps_resid.py:108: RuntimeWarning: invalid value encountered in sqrt
  Vsonic = (i['gamma']*i['R']*i['Ts'])**0.5
C:\Users\MEO\Desktop\Projects\JetEngine\boomsonic_v0\.venv\Lib\site-packages\pycycle\thermo\static_ps_resid.py:108: RuntimeWarning: invalid value encountered in sqrt
  Vsonic = (i['gamma']*i['R']*i['Ts'])**0.5
C:\Users\MEO\Desktop\Projects\JetEngine\boomsonic_v0\.venv\Lib\site-packages\pycycle\thermo\static_ps_resid.py:108: RuntimeWarning: invalid value encountered in sqrt
  Vsonic = (i['gamma']*i['R']*i['Ts'])**0.5
C:\Users\MEO\Desktop\Projects\JetEngine\boomsonic_v0\.venv\Lib\site-packages\pycycle\thermo\static_ps_resid.py:108: RuntimeWarning: invalid value encountered in sqrt
  Vsonic = (i['gamma']*i['R']*i['Ts'])**0.5
C:\Users\MEO\Desktop\Projects\JetEngine\boomsonic_v0\.venv\Lib\site-packages\pycycle\thermo\static_ps_resid.py:108: RuntimeWarning: invalid value encountered in sqrt
  Vsonic = (i['gamma']*i['R']*i['Ts'])**0.5
C:\Users\MEO\Desktop\Projects\JetEngine\boomsonic_v0\.venv\Lib\site-packages\pycycle\thermo\static_ps_calc.py:32: RuntimeWarning: invalid value encountered in sqrt
  outputs['Vsonic'] = Vsonic = np.sqrt(inputs['gamma'] * inputs['R'] * inputs['Ts'])
C:\Users\MEO\Desktop\Projects\JetEngine\boomsonic_v0\.venv\Lib\site-packages\pycycle\elements\compressor.py:75: RuntimeWarning: invalid value encountered in log
  outputs['eff_poly'] = Rt * np.log(PR) / ( Rt*np.log(PR) + S_out - S_in )
C:\Users\MEO\Desktop\Projects\JetEngine\boomsonic_v0\.venv\Lib\site-packages\pycycle\thermo\static_ps_resid.py:128: RuntimeWarning: invalid value encountered in sqrt
  Vsonic = (i['gamma']*i['R']*i['Ts'])**0.5
C:\Users\MEO\Desktop\Projects\JetEngine\boomsonic_v0\.venv\Lib\site-packages\openmdao\solvers\solver.py:819: SolverWarning:Your model has stalled three times and may be violating the bounds. In the future, turn on print_bound_enforce in your solver options here: 
OD0.comp.ideal_flow.nonlinear_solver.linesearch.options['print_bound_enforce']=True. 
The bound(s) being violated now are:

C:\Users\MEO\Desktop\Projects\JetEngine\boomsonic_v0\.venv\Lib\site-packages\openmdao\solvers\linesearch\backtracking.py:39: SolverWarning:'OD0.comp.ideal_flow.balance.T' exceeds lower bounds
  Val: [-74377997.8208115]
  Lower: [150.]

C:\Users\MEO\Desktop\Projects\JetEngine\boomsonic_v0\.venv\Lib\site-packages\pycycle\elements\compressor.py:75: RuntimeWarning: invalid value encountered in log
  outputs['eff_poly'] = Rt * np.log(PR) / ( Rt*np.log(PR) + S_out - S_in )
C:\Users\MEO\Desktop\Projects\JetEngine\boomsonic_v0\.venv\Lib\site-packages\pycycle\thermo\static_ps_resid.py:128: RuntimeWarning: invalid value encountered in sqrt
  Vsonic = (i['gamma']*i['R']*i['Ts'])**0.5
C:\Users\MEO\Desktop\Projects\JetEngine\boomsonic_v0\.venv\Lib\site-packages\pycycle\thermo\static_ps_resid.py:128: RuntimeWarning: invalid value encountered in sqrt
  Vsonic = (i['gamma']*i['R']*i['Ts'])**0.5
C:\Users\MEO\Desktop\Projects\JetEngine\boomsonic_v0\.venv\Lib\site-packages\pycycle\thermo\static_ps_resid.py:128: RuntimeWarning: invalid value encountered in sqrt
  Vsonic = (i['gamma']*i['R']*i['Ts'])**0.5
C:\Users\MEO\Desktop\Projects\JetEngine\boomsonic_v0\.venv\Lib\site-packages\pycycle\thermo\static_ps_resid.py:128: RuntimeWarning: invalid value encountered in sqrt
  Vsonic = (i['gamma']*i['R']*i['Ts'])**0.5
C:\Users\MEO\Desktop\Projects\JetEngine\boomsonic_v0\.venv\Lib\site-packages\pycycle\thermo\static_ps_resid.py:128: RuntimeWarning: invalid value encountered in sqrt
  Vsonic = (i['gamma']*i['R']*i['Ts'])**0.5
C:\Users\MEO\Desktop\Projects\JetEngine\boomsonic_v0\.venv\Lib\site-packages\pycycle\thermo\static_ps_resid.py:128: RuntimeWarning: invalid value encountered in sqrt
  Vsonic = (i['gamma']*i['R']*i['Ts'])**0.5
C:\Users\MEO\Desktop\Projects\JetEngine\boomsonic_v0\.venv\Lib\site-packages\pycycle\thermo\static_ps_resid.py:128: RuntimeWarning: invalid value encountered in sqrt
  Vsonic = (i['gamma']*i['R']*i['Ts'])**0.5
C:\Users\MEO\Desktop\Projects\JetEngine\boomsonic_v0\.venv\Lib\site-packages\pycycle\thermo\static_ps_resid.py:128: RuntimeWarning: invalid value encountered in sqrt
  Vsonic = (i['gamma']*i['R']*i['Ts'])**0.5
C:\Users\MEO\Desktop\Projects\JetEngine\boomsonic_v0\.venv\Lib\site-packages\pycycle\thermo\static_ps_resid.py:128: RuntimeWarning: invalid value encountered in sqrt
  Vsonic = (i['gamma']*i['R']*i['Ts'])**0.5
C:\Users\MEO\Desktop\Projects\JetEngine\boomsonic_v0\.venv\Lib\site-packages\pycycle\thermo\static_ps_resid.py:128: RuntimeWarning: invalid value encountered in sqrt
  Vsonic = (i['gamma']*i['R']*i['Ts'])**0.5
C:\Users\MEO\Desktop\Projects\JetEngine\boomsonic_v0\.venv\Lib\site-packages\pycycle\thermo\static_ps_resid.py:128: RuntimeWarning: invalid value encountered in sqrt
  Vsonic = (i['gamma']*i['R']*i['Ts'])**0.5
C:\Users\MEO\Desktop\Projects\JetEngine\boomsonic_v0\.venv\Lib\site-packages\pycycle\thermo\static_ps_resid.py:108: RuntimeWarning: invalid value encountered in sqrt
  Vsonic = (i['gamma']*i['R']*i['Ts'])**0.5
C:\Users\MEO\Desktop\Projects\JetEngine\boomsonic_v0\.venv\Lib\site-packages\pycycle\thermo\static_ps_resid.py:108: RuntimeWarning: invalid value encountered in sqrt
  Vsonic = (i['gamma']*i['R']*i['Ts'])**0.5
C:\Users\MEO\Desktop\Projects\JetEngine\boomsonic_v0\.venv\Lib\site-packages\pycycle\thermo\static_ps_resid.py:108: RuntimeWarning: invalid value encountered in sqrt
  Vsonic = (i['gamma']*i['R']*i['Ts'])**0.5
C:\Users\MEO\Desktop\Projects\JetEngine\boomsonic_v0\.venv\Lib\site-packages\pycycle\thermo\static_ps_resid.py:108: RuntimeWarning: invalid value encountered in sqrt
  Vsonic = (i['gamma']*i['R']*i['Ts'])**0.5
C:\Users\MEO\Desktop\Projects\JetEngine\boomsonic_v0\.venv\Lib\site-packages\pycycle\thermo\static_ps_resid.py:108: RuntimeWarning: invalid value encountered in sqrt
  Vsonic = (i['gamma']*i['R']*i['Ts'])**0.5
C:\Users\MEO\Desktop\Projects\JetEngine\boomsonic_v0\.venv\Lib\site-packages\pycycle\thermo\static_ps_resid.py:108: RuntimeWarning: invalid value encountered in sqrt
  Vsonic = (i['gamma']*i['R']*i['Ts'])**0.5
C:\Users\MEO\Desktop\Projects\JetEngine\boomsonic_v0\.venv\Lib\site-packages\pycycle\thermo\static_ps_resid.py:108: RuntimeWarning: invalid value encountered in sqrt
  Vsonic = (i['gamma']*i['R']*i['Ts'])**0.5
C:\Users\MEO\Desktop\Projects\JetEngine\boomsonic_v0\.venv\Lib\site-packages\pycycle\thermo\static_ps_resid.py:108: RuntimeWarning: invalid value encountered in sqrt
  Vsonic = (i['gamma']*i['R']*i['Ts'])**0.5
C:\Users\MEO\Desktop\Projects\JetEngine\boomsonic_v0\.venv\Lib\site-packages\pycycle\thermo\static_ps_resid.py:108: RuntimeWarning: invalid value encountered in sqrt
  Vsonic = (i['gamma']*i['R']*i['Ts'])**0.5
C:\Users\MEO\Desktop\Projects\JetEngine\boomsonic_v0\.venv\Lib\site-packages\pycycle\thermo\static_ps_resid.py:108: RuntimeWarning: invalid value encountered in sqrt
  Vsonic = (i['gamma']*i['R']*i['Ts'])**0.5
C:\Users\MEO\Desktop\Projects\JetEngine\boomsonic_v0\.venv\Lib\site-packages\pycycle\thermo\static_ps_resid.py:108: RuntimeWarning: invalid value encountered in sqrt
  Vsonic = (i['gamma']*i['R']*i['Ts'])**0.5
C:\Users\MEO\Desktop\Projects\JetEngine\boomsonic_v0\.venv\Lib\site-packages\pycycle\thermo\static_ps_resid.py:108: RuntimeWarning: invalid value encountered in sqrt
  Vsonic = (i['gamma']*i['R']*i['Ts'])**0.5
C:\Users\MEO\Desktop\Projects\JetEngine\boomsonic_v0\.venv\Lib\site-packages\pycycle\thermo\static_ps_calc.py:32: RuntimeWarning: invalid value encountered in sqrt
  outputs['Vsonic'] = Vsonic = np.sqrt(inputs['gamma'] * inputs['R'] * inputs['Ts'])
C:\Users\MEO\Desktop\Projects\JetEngine\boomsonic_v0\.venv\Lib\site-packages\pycycle\elements\compressor.py:75: RuntimeWarning: invalid value encountered in log
  outputs['eff_poly'] = Rt * np.log(PR) / ( Rt*np.log(PR) + S_out - S_in )
C:\Users\MEO\Desktop\Projects\JetEngine\boomsonic_v0\.venv\Lib\site-packages\pycycle\thermo\static_ps_resid.py:128: RuntimeWarning: invalid value encountered in sqrt
  Vsonic = (i['gamma']*i['R']*i['Ts'])**0.5
C:\Users\MEO\Desktop\Projects\JetEngine\boomsonic_v0\.venv\Lib\site-packages\openmdao\solvers\solver.py:819: SolverWarning:Your model has stalled three times and may be violating the bounds. In the future, turn on print_bound_enforce in your solver options here: 
OD0.comp.ideal_flow.nonlinear_solver.linesearch.options['print_bound_enforce']=True. 
The bound(s) being violated now are:

C:\Users\MEO\Desktop\Projects\JetEngine\boomsonic_v0\.venv\Lib\site-packages\openmdao\solvers\linesearch\backtracking.py:39: SolverWarning:'OD0.comp.ideal_flow.balance.T' exceeds lower bounds
  Val: [-74377997.8208115]
  Lower: [150.]

C:\Users\MEO\Desktop\Projects\JetEngine\boomsonic_v0\.venv\Lib\site-packages\pycycle\elements\compressor.py:75: RuntimeWarning: invalid value encountered in log
  outputs['eff_poly'] = Rt * np.log(PR) / ( Rt*np.log(PR) + S_out - S_in )
C:\Users\MEO\Desktop\Projects\JetEngine\boomsonic_v0\.venv\Lib\site-packages\pycycle\thermo\static_ps_resid.py:128: RuntimeWarning: invalid value encountered in sqrt
  Vsonic = (i['gamma']*i['R']*i['Ts'])**0.5
C:\Users\MEO\Desktop\Projects\JetEngine\boomsonic_v0\.venv\Lib\site-packages\pycycle\thermo\static_ps_resid.py:128: RuntimeWarning: invalid value encountered in sqrt
  Vsonic = (i['gamma']*i['R']*i['Ts'])**0.5
C:\Users\MEO\Desktop\Projects\JetEngine\boomsonic_v0\.venv\Lib\site-packages\pycycle\thermo\static_ps_resid.py:128: RuntimeWarning: invalid value encountered in sqrt
  Vsonic = (i['gamma']*i['R']*i['Ts'])**0.5
C:\Users\MEO\Desktop\Projects\JetEngine\boomsonic_v0\.venv\Lib\site-packages\pycycle\thermo\static_ps_resid.py:108: RuntimeWarning: invalid value encountered in sqrt
  Vsonic = (i['gamma']*i['R']*i['Ts'])**0.5
C:\Users\MEO\Desktop\Projects\JetEngine\boomsonic_v0\.venv\Lib\site-packages\pycycle\thermo\static_ps_resid.py:108: RuntimeWarning: invalid value encountered in sqrt
  Vsonic = (i['gamma']*i['R']*i['Ts'])**0.5
C:\Users\MEO\Desktop\Projects\JetEngine\boomsonic_v0\.venv\Lib\site-packages\pycycle\thermo\static_ps_resid.py:108: RuntimeWarning: invalid value encountered in sqrt
  Vsonic = (i['gamma']*i['R']*i['Ts'])**0.5
C:\Users\MEO\Desktop\Projects\JetEngine\boomsonic_v0\.venv\Lib\site-packages\pycycle\thermo\static_ps_resid.py:108: RuntimeWarning: invalid value encountered in sqrt
  Vsonic = (i['gamma']*i['R']*i['Ts'])**0.5
C:\Users\MEO\Desktop\Projects\JetEngine\boomsonic_v0\.venv\Lib\site-packages\pycycle\thermo\static_ps_resid.py:108: RuntimeWarning: invalid value encountered in sqrt
  Vsonic = (i['gamma']*i['R']*i['Ts'])**0.5
C:\Users\MEO\Desktop\Projects\JetEngine\boomsonic_v0\.venv\Lib\site-packages\pycycle\thermo\static_ps_resid.py:108: RuntimeWarning: invalid value encountered in sqrt
  Vsonic = (i['gamma']*i['R']*i['Ts'])**0.5
C:\Users\MEO\Desktop\Projects\JetEngine\boomsonic_v0\.venv\Lib\site-packages\pycycle\thermo\static_ps_resid.py:108: RuntimeWarning: invalid value encountered in sqrt
  Vsonic = (i['gamma']*i['R']*i['Ts'])**0.5
C:\Users\MEO\Desktop\Projects\JetEngine\boomsonic_v0\.venv\Lib\site-packages\pycycle\thermo\static_ps_resid.py:108: RuntimeWarning: invalid value encountered in sqrt
  Vsonic = (i['gamma']*i['R']*i['Ts'])**0.5
C:\Users\MEO\Desktop\Projects\JetEngine\boomsonic_v0\.venv\Lib\site-packages\pycycle\thermo\static_ps_resid.py:108: RuntimeWarning: invalid value encountered in sqrt
  Vsonic = (i['gamma']*i['R']*i['Ts'])**0.5
C:\Users\MEO\Desktop\Projects\JetEngine\boomsonic_v0\.venv\Lib\site-packages\pycycle\thermo\static_ps_resid.py:108: RuntimeWarning: invalid value encountered in sqrt
  Vsonic = (i['gamma']*i['R']*i['Ts'])**0.5
C:\Users\MEO\Desktop\Projects\JetEngine\boomsonic_v0\.venv\Lib\site-packages\pycycle\thermo\static_ps_resid.py:108: RuntimeWarning: invalid value encountered in sqrt
  Vsonic = (i['gamma']*i['R']*i['Ts'])**0.5
C:\Users\MEO\Desktop\Projects\JetEngine\boomsonic_v0\.venv\Lib\site-packages\pycycle\thermo\static_ps_resid.py:108: RuntimeWarning: invalid value encountered in sqrt
  Vsonic = (i['gamma']*i['R']*i['Ts'])**0.5
C:\Users\MEO\Desktop\Projects\JetEngine\boomsonic_v0\.venv\Lib\site-packages\pycycle\thermo\static_ps_calc.py:32: RuntimeWarning: invalid value encountered in sqrt
  outputs['Vsonic'] = Vsonic = np.sqrt(inputs['gamma'] * inputs['R'] * inputs['Ts'])
C:\Users\MEO\Desktop\Projects\JetEngine\boomsonic_v0\.venv\Lib\site-packages\pycycle\elements\compressor.py:75: RuntimeWarning: invalid value encountered in log
  outputs['eff_poly'] = Rt * np.log(PR) / ( Rt*np.log(PR) + S_out - S_in )
C:\Users\MEO\Desktop\Projects\JetEngine\boomsonic_v0\.venv\Lib\site-packages\pycycle\thermo\static_ps_resid.py:128: RuntimeWarning: invalid value encountered in sqrt
  Vsonic = (i['gamma']*i['R']*i['Ts'])**0.5
C:\Users\MEO\Desktop\Projects\JetEngine\boomsonic_v0\.venv\Lib\site-packages\openmdao\solvers\solver.py:819: SolverWarning:Your model has stalled three times and may be violating the bounds. In the future, turn on print_bound_enforce in your solver options here: 
OD0.comp.ideal_flow.nonlinear_solver.linesearch.options['print_bound_enforce']=True. 
The bound(s) being violated now are:

C:\Users\MEO\Desktop\Projects\JetEngine\boomsonic_v0\.venv\Lib\site-packages\openmdao\solvers\linesearch\backtracking.py:39: SolverWarning:'OD0.comp.ideal_flow.balance.T' exceeds lower bounds
  Val: [-74377997.8208115]
  Lower: [150.]

C:\Users\MEO\Desktop\Projects\JetEngine\boomsonic_v0\.venv\Lib\site-packages\pycycle\elements\compressor.py:75: RuntimeWarning: invalid value encountered in log
  outputs['eff_poly'] = Rt * np.log(PR) / ( Rt*np.log(PR) + S_out - S_in )
C:\Users\MEO\Desktop\Projects\JetEngine\boomsonic_v0\.venv\Lib\site-packages\pycycle\thermo\static_ps_resid.py:128: RuntimeWarning: invalid value encountered in sqrt
  Vsonic = (i['gamma']*i['R']*i['Ts'])**0.5
C:\Users\MEO\Desktop\Projects\JetEngine\boomsonic_v0\.venv\Lib\site-packages\pycycle\thermo\static_ps_resid.py:128: RuntimeWarning: invalid value encountered in sqrt
  Vsonic = (i['gamma']*i['R']*i['Ts'])**0.5
C:\Users\MEO\Desktop\Projects\JetEngine\boomsonic_v0\.venv\Lib\site-packages\pycycle\thermo\static_ps_resid.py:108: RuntimeWarning: invalid value encountered in sqrt
  Vsonic = (i['gamma']*i['R']*i['Ts'])**0.5
C:\Users\MEO\Desktop\Projects\JetEngine\boomsonic_v0\.venv\Lib\site-packages\pycycle\thermo\static_ps_resid.py:108: RuntimeWarning: invalid value encountered in sqrt
  Vsonic = (i['gamma']*i['R']*i['Ts'])**0.5
C:\Users\MEO\Desktop\Projects\JetEngine\boomsonic_v0\.venv\Lib\site-packages\pycycle\thermo\static_ps_resid.py:108: RuntimeWarning: invalid value encountered in sqrt
  Vsonic = (i['gamma']*i['R']*i['Ts'])**0.5
C:\Users\MEO\Desktop\Projects\JetEngine\boomsonic_v0\.venv\Lib\site-packages\pycycle\thermo\static_ps_resid.py:108: RuntimeWarning: invalid value encountered in sqrt
  Vsonic = (i['gamma']*i['R']*i['Ts'])**0.5
C:\Users\MEO\Desktop\Projects\JetEngine\boomsonic_v0\.venv\Lib\site-packages\pycycle\thermo\static_ps_resid.py:108: RuntimeWarning: invalid value encountered in sqrt
  Vsonic = (i['gamma']*i['R']*i['Ts'])**0.5
C:\Users\MEO\Desktop\Projects\JetEngine\boomsonic_v0\.venv\Lib\site-packages\pycycle\thermo\static_ps_resid.py:108: RuntimeWarning: invalid value encountered in sqrt
  Vsonic = (i['gamma']*i['R']*i['Ts'])**0.5
C:\Users\MEO\Desktop\Projects\JetEngine\boomsonic_v0\.venv\Lib\site-packages\pycycle\thermo\static_ps_resid.py:108: RuntimeWarning: invalid value encountered in sqrt
  Vsonic = (i['gamma']*i['R']*i['Ts'])**0.5
C:\Users\MEO\Desktop\Projects\JetEngine\boomsonic_v0\.venv\Lib\site-packages\pycycle\thermo\static_ps_resid.py:108: RuntimeWarning: invalid value encountered in sqrt
  Vsonic = (i['gamma']*i['R']*i['Ts'])**0.5
C:\Users\MEO\Desktop\Projects\JetEngine\boomsonic_v0\.venv\Lib\site-packages\pycycle\thermo\static_ps_resid.py:108: RuntimeWarning: invalid value encountered in sqrt
  Vsonic = (i['gamma']*i['R']*i['Ts'])**0.5
C:\Users\MEO\Desktop\Projects\JetEngine\boomsonic_v0\.venv\Lib\site-packages\pycycle\thermo\static_ps_resid.py:108: RuntimeWarning: invalid value encountered in sqrt
  Vsonic = (i['gamma']*i['R']*i['Ts'])**0.5
C:\Users\MEO\Desktop\Projects\JetEngine\boomsonic_v0\.venv\Lib\site-packages\pycycle\thermo\static_ps_resid.py:108: RuntimeWarning: invalid value encountered in sqrt
  Vsonic = (i['gamma']*i['R']*i['Ts'])**0.5
C:\Users\MEO\Desktop\Projects\JetEngine\boomsonic_v0\.venv\Lib\site-packages\pycycle\thermo\static_ps_resid.py:108: RuntimeWarning: invalid value encountered in sqrt
  Vsonic = (i['gamma']*i['R']*i['Ts'])**0.5
C:\Users\MEO\Desktop\Projects\JetEngine\boomsonic_v0\.venv\Lib\site-packages\pycycle\thermo\static_ps_calc.py:32: RuntimeWarning: invalid value encountered in sqrt
  outputs['Vsonic'] = Vsonic = np.sqrt(inputs['gamma'] * inputs['R'] * inputs['Ts'])
C:\Users\MEO\Desktop\Projects\JetEngine\boomsonic_v0\.venv\Lib\site-packages\pycycle\elements\compressor.py:75: RuntimeWarning: invalid value encountered in log
  outputs['eff_poly'] = Rt * np.log(PR) / ( Rt*np.log(PR) + S_out - S_in )
C:\Users\MEO\Desktop\Projects\JetEngine\boomsonic_v0\.venv\Lib\site-packages\pycycle\thermo\static_ps_resid.py:128: RuntimeWarning: invalid value encountered in sqrt
  Vsonic = (i['gamma']*i['R']*i['Ts'])**0.5
C:\Users\MEO\Desktop\Projects\JetEngine\boomsonic_v0\.venv\Lib\site-packages\pycycle\thermo\static_ps_resid.py:128: RuntimeWarning: invalid value encountered in sqrt
  Vsonic = (i['gamma']*i['R']*i['Ts'])**0.5
C:\Users\MEO\Desktop\Projects\JetEngine\boomsonic_v0\.venv\Lib\site-packages\pycycle\thermo\static_ps_resid.py:128: RuntimeWarning: invalid value encountered in sqrt
  Vsonic = (i['gamma']*i['R']*i['Ts'])**0.5
C:\Users\MEO\Desktop\Projects\JetEngine\boomsonic_v0\.venv\Lib\site-packages\pycycle\thermo\static_ps_resid.py:128: RuntimeWarning: invalid value encountered in sqrt
  Vsonic = (i['gamma']*i['R']*i['Ts'])**0.5
C:\Users\MEO\Desktop\Projects\JetEngine\boomsonic_v0\.venv\Lib\site-packages\pycycle\thermo\static_ps_resid.py:108: RuntimeWarning: invalid value encountered in sqrt
  Vsonic = (i['gamma']*i['R']*i['Ts'])**0.5
C:\Users\MEO\Desktop\Projects\JetEngine\boomsonic_v0\.venv\Lib\site-packages\pycycle\elements\turbine.py:89: RuntimeWarning: invalid value encountered in log
  outputs['eff_poly'] = 1 + (S_out-S_in)/(Rt*np.log(invPR))
C:\Users\MEO\Desktop\Projects\JetEngine\boomsonic_v0\.venv\Lib\site-packages\openmdao\solvers\solver.py:819: SolverWarning:Your model has stalled three times and may be violating the bounds. In the future, turn on print_bound_enforce in your solver options here: 
OD0.burner.vitiated_flow.nonlinear_solver.linesearch.options['print_bound_enforce']=True. 
The bound(s) being violated now are:

C:\Users\MEO\Desktop\Projects\JetEngine\boomsonic_v0\.venv\Lib\site-packages\openmdao\solvers\linesearch\backtracking.py:35: SolverWarning:'OD0.burner.vitiated_flow.balance.T' exceeds upper bounds
  Val: [3332.33485163]
  Upper: [2500.]

C:\Users\MEO\Desktop\Projects\JetEngine\boomsonic_v0\.venv\Lib\site-packages\openmdao\solvers\solver.py:819: SolverWarning:Your model has stalled three times and may be violating the bounds. In the future, turn on print_bound_enforce in your solver options here: 
OD0.burner.out_stat.nonlinear_solver.linesearch.options['print_bound_enforce']=True. 
The bound(s) being violated now are:

C:\Users\MEO\Desktop\Projects\JetEngine\boomsonic_v0\.venv\Lib\site-packages\openmdao\solvers\linesearch\backtracking.py:35: SolverWarning:'OD0.burner.out_stat.balance.T' exceeds upper bounds
  Val: [5295.74971069]
  Upper: [2500.]

C:\Users\MEO\Desktop\Projects\JetEngine\boomsonic_v0\.venv\Lib\site-packages\openmdao\solvers\linesearch\backtracking.py:39: SolverWarning:'OD0.burner.out_stat.ps_resid.MN' exceeds lower bounds
  Val: [-0.00246511]
  Lower: [0.001]

C:\Users\MEO\Desktop\Projects\JetEngine\boomsonic_v0\.venv\Lib\site-packages\openmdao\solvers\solver.py:819: SolverWarning:Your model has stalled three times and may be violating the bounds. In the future, turn on print_bound_enforce in your solver options here: 
OD0.turb.real_flow_b4bld.nonlinear_solver.linesearch.options['print_bound_enforce']=True. 
The bound(s) being violated now are:

C:\Users\MEO\Desktop\Projects\JetEngine\boomsonic_v0\.venv\Lib\site-packages\openmdao\solvers\linesearch\backtracking.py:35: SolverWarning:'OD0.turb.real_flow_b4bld.balance.T' exceeds upper bounds
  Val: [2853.12444106]
  Upper: [2500.]

C:\Users\MEO\Desktop\Projects\JetEngine\boomsonic_v0\.venv\Lib\site-packages\openmdao\solvers\solver.py:819: SolverWarning:Your model has stalled three times and may be violating the bounds. In the future, turn on print_bound_enforce in your solver options here: 
OD0.turb.real_flow.nonlinear_solver.linesearch.options['print_bound_enforce']=True. 
The bound(s) being violated now are:

C:\Users\MEO\Desktop\Projects\JetEngine\boomsonic_v0\.venv\Lib\site-packages\openmdao\solvers\linesearch\backtracking.py:35: SolverWarning:'OD0.turb.real_flow.balance.T' exceeds upper bounds
  Val: [2853.12444106]
  Upper: [2500.]

C:\Users\MEO\Desktop\Projects\JetEngine\boomsonic_v0\.venv\Lib\site-packages\openmdao\solvers\solver.py:819: SolverWarning:Your model has stalled three times and may be violating the bounds. In the future, turn on print_bound_enforce in your solver options here: 
OD0.turb.out_stat.nonlinear_solver.linesearch.options['print_bound_enforce']=True. 
The bound(s) being violated now are:

C:\Users\MEO\Desktop\Projects\JetEngine\boomsonic_v0\.venv\Lib\site-packages\openmdao\solvers\linesearch\backtracking.py:35: SolverWarning:'OD0.turb.out_stat.balance.T' exceeds upper bounds
  Val: [3376.58239285]
  Upper: [2500.]

C:\Users\MEO\Desktop\Projects\JetEngine\boomsonic_v0\.venv\Lib\site-packages\openmdao\solvers\solver.py:819: SolverWarning:Your model has stalled three times and may be violating the bounds. In the future, turn on print_bound_enforce in your solver options here: 
OD0.nozz.throat_total.nonlinear_solver.linesearch.options['print_bound_enforce']=True. 
The bound(s) being violated now are:

C:\Users\MEO\Desktop\Projects\JetEngine\boomsonic_v0\.venv\Lib\site-packages\openmdao\solvers\linesearch\backtracking.py:35: SolverWarning:'OD0.nozz.throat_total.balance.T' exceeds upper bounds
  Val: [2853.12444106]
  Upper: [2500.]

C:\Users\MEO\Desktop\Projects\JetEngine\boomsonic_v0\.venv\Lib\site-packages\openmdao\solvers\solver.py:819: SolverWarning:Your model has stalled three times and may be violating the bounds. In the future, turn on print_bound_enforce in your solver options here: 
OD0.nozz.staticMN.nonlinear_solver.linesearch.options['print_bound_enforce']=True. 
The bound(s) being violated now are:

C:\Users\MEO\Desktop\Projects\JetEngine\boomsonic_v0\.venv\Lib\site-packages\openmdao\solvers\linesearch\backtracking.py:35: SolverWarning:'OD0.nozz.staticMN.balance.T' exceeds upper bounds
  Val: [3110.99347683]
  Upper: [2500.]

C:\Users\MEO\Desktop\Projects\JetEngine\boomsonic_v0\.venv\Lib\site-packages\pycycle\thermo\static_ps_resid.py:128: RuntimeWarning: invalid value encountered in sqrt
  Vsonic = (i['gamma']*i['R']*i['Ts'])**0.5
C:\Users\MEO\Desktop\Projects\JetEngine\boomsonic_v0\.venv\Lib\site-packages\pycycle\elements\turbine.py:89: RuntimeWarning: invalid value encountered in log
  outputs['eff_poly'] = 1 + (S_out-S_in)/(Rt*np.log(invPR))
C:\Users\MEO\Desktop\Projects\JetEngine\boomsonic_v0\.venv\Lib\site-packages\pycycle\thermo\static_ps_resid.py:108: RuntimeWarning: invalid value encountered in sqrt
  Vsonic = (i['gamma']*i['R']*i['Ts'])**0.5
C:\Users\MEO\Desktop\Projects\JetEngine\boomsonic_v0\.venv\Lib\site-packages\pycycle\thermo\static_ps_calc.py:32: RuntimeWarning: invalid value encountered in sqrt
  outputs['Vsonic'] = Vsonic = np.sqrt(inputs['gamma'] * inputs['R'] * inputs['Ts'])
C:\Users\MEO\Desktop\Projects\JetEngine\boomsonic_v0\.venv\Lib\site-packages\openmdao\solvers\solver.py:819: SolverWarning:Your model has stalled three times and may be violating the bounds. In the future, turn on print_bound_enforce in your solver options here: 
OD0.burner.vitiated_flow.nonlinear_solver.linesearch.options['print_bound_enforce']=True. 
The bound(s) being violated now are:

C:\Users\MEO\Desktop\Projects\JetEngine\boomsonic_v0\.venv\Lib\site-packages\openmdao\solvers\linesearch\backtracking.py:35: SolverWarning:'OD0.burner.vitiated_flow.balance.T' exceeds upper bounds
  Val: [4288.90922441]
  Upper: [2500.]

C:\Users\MEO\Desktop\Projects\JetEngine\boomsonic_v0\.venv\Lib\site-packages\pycycle\thermo\static_ps_resid.py:128: RuntimeWarning: invalid value encountered in sqrt
  Vsonic = (i['gamma']*i['R']*i['Ts'])**0.5
C:\Users\MEO\Desktop\Projects\JetEngine\boomsonic_v0\.venv\Lib\site-packages\pycycle\thermo\static_ps_resid.py:94: RuntimeWarning: invalid value encountered in sqrt
  f2 = MN - inputs['W']*(R_UNIVERSAL_SI*inputs['Ts'])**0.5/(ps_guess*1.0e6*inputs['area']*gamt**0.5)
C:\Users\MEO\Desktop\Projects\JetEngine\boomsonic_v0\.venv\Lib\site-packages\pycycle\thermo\static_ps_resid.py:99: RuntimeWarning: The iteration is not making good progress, as measured by the 
 improvement from the last ten iterations.
  ps_guess, M_guess = fsolve(equations, (ps_guess, M_guess))
C:\Users\MEO\Desktop\Projects\JetEngine\boomsonic_v0\.venv\Lib\site-packages\openmdao\solvers\solver.py:819: SolverWarning:Your model has stalled three times and may be violating the bounds. In the future, turn on print_bound_enforce in your solver options here: 
OD0.turb.real_flow_b4bld.nonlinear_solver.linesearch.options['print_bound_enforce']=True. 
The bound(s) being violated now are:

C:\Users\MEO\Desktop\Projects\JetEngine\boomsonic_v0\.venv\Lib\site-packages\openmdao\solvers\linesearch\backtracking.py:35: SolverWarning:'OD0.turb.real_flow_b4bld.balance.T' exceeds upper bounds
  Val: [3080.04392583]
  Upper: [2500.]

C:\Users\MEO\Desktop\Projects\JetEngine\boomsonic_v0\.venv\Lib\site-packages\openmdao\solvers\solver.py:819: SolverWarning:Your model has stalled three times and may be violating the bounds. In the future, turn on print_bound_enforce in your solver options here: 
OD0.turb.real_flow.nonlinear_solver.linesearch.options['print_bound_enforce']=True. 
The bound(s) being violated now are:

C:\Users\MEO\Desktop\Projects\JetEngine\boomsonic_v0\.venv\Lib\site-packages\openmdao\solvers\linesearch\backtracking.py:35: SolverWarning:'OD0.turb.real_flow.balance.T' exceeds upper bounds
  Val: [3080.04392583]
  Upper: [2500.]

C:\Users\MEO\Desktop\Projects\JetEngine\boomsonic_v0\.venv\Lib\site-packages\pycycle\thermo\static_ps_resid.py:128: RuntimeWarning: invalid value encountered in sqrt
  Vsonic = (i['gamma']*i['R']*i['Ts'])**0.5
C:\Users\MEO\Desktop\Projects\JetEngine\boomsonic_v0\.venv\Lib\site-packages\pycycle\thermo\static_ps_resid.py:94: RuntimeWarning: invalid value encountered in sqrt
  f2 = MN - inputs['W']*(R_UNIVERSAL_SI*inputs['Ts'])**0.5/(ps_guess*1.0e6*inputs['area']*gamt**0.5)
C:\Users\MEO\Desktop\Projects\JetEngine\boomsonic_v0\.venv\Lib\site-packages\pycycle\thermo\static_ps_resid.py:99: RuntimeWarning: The iteration is not making good progress, as measured by the 
 improvement from the last ten iterations.
  ps_guess, M_guess = fsolve(equations, (ps_guess, M_guess))
C:\Users\MEO\Desktop\Projects\JetEngine\boomsonic_v0\.venv\Lib\site-packages\openmdao\solvers\solver.py:819: SolverWarning:Your model has stalled three times and may be violating the bounds. In the future, turn on print_bound_enforce in your solver options here: 
OD0.nozz.throat_total.nonlinear_solver.linesearch.options['print_bound_enforce']=True. 
The bound(s) being violated now are:

C:\Users\MEO\Desktop\Projects\JetEngine\boomsonic_v0\.venv\Lib\site-packages\openmdao\solvers\linesearch\backtracking.py:35: SolverWarning:'OD0.nozz.throat_total.balance.T' exceeds upper bounds
  Val: [3080.04392583]
  Upper: [2500.]

C:\Users\MEO\Desktop\Projects\JetEngine\boomsonic_v0\.venv\Lib\site-packages\pycycle\thermo\static_ps_resid.py:108: RuntimeWarning: invalid value encountered in sqrt
  Vsonic = (i['gamma']*i['R']*i['Ts'])**0.5
C:\Users\MEO\Desktop\Projects\JetEngine\boomsonic_v0\.venv\Lib\site-packages\pycycle\thermo\static_ps_resid.py:83: RuntimeWarning: invalid value encountered in power
  ps_guess = inputs['guess:Pt'] * (1 + (gamt-1)/2 * inputs['MN']**2)**(-gamt/(gamt-1))
C:\Users\MEO\Desktop\Projects\JetEngine\boomsonic_v0\.venv\Lib\site-packages\pycycle\thermo\static_ps_calc.py:32: RuntimeWarning: invalid value encountered in sqrt
  outputs['Vsonic'] = Vsonic = np.sqrt(inputs['gamma'] * inputs['R'] * inputs['Ts'])
C:\Users\MEO\Desktop\Projects\JetEngine\boomsonic_v0\.venv\Lib\site-packages\pycycle\thermo\static_ps_resid.py:128: RuntimeWarning: invalid value encountered in sqrt
  Vsonic = (i['gamma']*i['R']*i['Ts'])**0.5
C:\Users\MEO\Desktop\Projects\JetEngine\boomsonic_v0\.venv\Lib\site-packages\pycycle\thermo\static_ps_resid.py:94: RuntimeWarning: invalid value encountered in sqrt
  f2 = MN - inputs['W']*(R_UNIVERSAL_SI*inputs['Ts'])**0.5/(ps_guess*1.0e6*inputs['area']*gamt**0.5)
C:\Users\MEO\Desktop\Projects\JetEngine\boomsonic_v0\.venv\Lib\site-packages\pycycle\thermo\static_ps_resid.py:99: RuntimeWarning: The iteration is not making good progress, as measured by the 
 improvement from the last ten iterations.
  ps_guess, M_guess = fsolve(equations, (ps_guess, M_guess))
C:\Users\MEO\Desktop\Projects\JetEngine\boomsonic_v0\.venv\Lib\site-packages\openmdao\solvers\solver.py:819: SolverWarning:Your model has stalled three times and may be violating the bounds. In the future, turn on print_bound_enforce in your solver options here: 
OD0.burner.vitiated_flow.nonlinear_solver.linesearch.options['print_bound_enforce']=True. 
The bound(s) being violated now are:

C:\Users\MEO\Desktop\Projects\JetEngine\boomsonic_v0\.venv\Lib\site-packages\openmdao\solvers\linesearch\backtracking.py:35: SolverWarning:'OD0.burner.vitiated_flow.balance.T' exceeds upper bounds
  Val: [4288.90922441]
  Upper: [2500.]

C:\Users\MEO\Desktop\Projects\JetEngine\boomsonic_v0\.venv\Lib\site-packages\pycycle\thermo\static_ps_resid.py:128: RuntimeWarning: invalid value encountered in sqrt
  Vsonic = (i['gamma']*i['R']*i['Ts'])**0.5
C:\Users\MEO\Desktop\Projects\JetEngine\boomsonic_v0\.venv\Lib\site-packages\pycycle\thermo\static_ps_resid.py:94: RuntimeWarning: invalid value encountered in sqrt
  f2 = MN - inputs['W']*(R_UNIVERSAL_SI*inputs['Ts'])**0.5/(ps_guess*1.0e6*inputs['area']*gamt**0.5)
C:\Users\MEO\Desktop\Projects\JetEngine\boomsonic_v0\.venv\Lib\site-packages\pycycle\thermo\static_ps_resid.py:99: RuntimeWarning: The iteration is not making good progress, as measured by the 
 improvement from the last ten iterations.
  ps_guess, M_guess = fsolve(equations, (ps_guess, M_guess))
C:\Users\MEO\Desktop\Projects\JetEngine\boomsonic_v0\.venv\Lib\site-packages\openmdao\solvers\solver.py:819: SolverWarning:Your model has stalled three times and may be violating the bounds. In the future, turn on print_bound_enforce in your solver options here: 
OD0.turb.real_flow_b4bld.nonlinear_solver.linesearch.options['print_bound_enforce']=True. 
The bound(s) being violated now are:

C:\Users\MEO\Desktop\Projects\JetEngine\boomsonic_v0\.venv\Lib\site-packages\openmdao\solvers\linesearch\backtracking.py:35: SolverWarning:'OD0.turb.real_flow_b4bld.balance.T' exceeds upper bounds
  Val: [3080.04392583]
  Upper: [2500.]

C:\Users\MEO\Desktop\Projects\JetEngine\boomsonic_v0\.venv\Lib\site-packages\openmdao\solvers\solver.py:819: SolverWarning:Your model has stalled three times and may be violating the bounds. In the future, turn on print_bound_enforce in your solver options here: 
OD0.turb.real_flow.nonlinear_solver.linesearch.options['print_bound_enforce']=True. 
The bound(s) being violated now are:

C:\Users\MEO\Desktop\Projects\JetEngine\boomsonic_v0\.venv\Lib\site-packages\openmdao\solvers\linesearch\backtracking.py:35: SolverWarning:'OD0.turb.real_flow.balance.T' exceeds upper bounds
  Val: [3080.04392583]
  Upper: [2500.]

C:\Users\MEO\Desktop\Projects\JetEngine\boomsonic_v0\.venv\Lib\site-packages\pycycle\thermo\static_ps_resid.py:128: RuntimeWarning: invalid value encountered in sqrt
  Vsonic = (i['gamma']*i['R']*i['Ts'])**0.5
C:\Users\MEO\Desktop\Projects\JetEngine\boomsonic_v0\.venv\Lib\site-packages\pycycle\thermo\static_ps_resid.py:94: RuntimeWarning: invalid value encountered in sqrt
  f2 = MN - inputs['W']*(R_UNIVERSAL_SI*inputs['Ts'])**0.5/(ps_guess*1.0e6*inputs['area']*gamt**0.5)
C:\Users\MEO\Desktop\Projects\JetEngine\boomsonic_v0\.venv\Lib\site-packages\pycycle\thermo\static_ps_resid.py:99: RuntimeWarning: The iteration is not making good progress, as measured by the 
 improvement from the last ten iterations.
  ps_guess, M_guess = fsolve(equations, (ps_guess, M_guess))
C:\Users\MEO\Desktop\Projects\JetEngine\boomsonic_v0\.venv\Lib\site-packages\openmdao\solvers\solver.py:819: SolverWarning:Your model has stalled three times and may be violating the bounds. In the future, turn on print_bound_enforce in your solver options here: 
OD0.nozz.throat_total.nonlinear_solver.linesearch.options['print_bound_enforce']=True. 
The bound(s) being violated now are:

C:\Users\MEO\Desktop\Projects\JetEngine\boomsonic_v0\.venv\Lib\site-packages\openmdao\solvers\linesearch\backtracking.py:35: SolverWarning:'OD0.nozz.throat_total.balance.T' exceeds upper bounds
  Val: [3080.04392583]
  Upper: [2500.]

C:\Users\MEO\Desktop\Projects\JetEngine\boomsonic_v0\.venv\Lib\site-packages\pycycle\thermo\static_ps_resid.py:108: RuntimeWarning: invalid value encountered in sqrt
  Vsonic = (i['gamma']*i['R']*i['Ts'])**0.5
C:\Users\MEO\Desktop\Projects\JetEngine\boomsonic_v0\.venv\Lib\site-packages\pycycle\thermo\static_ps_resid.py:83: RuntimeWarning: invalid value encountered in power
  ps_guess = inputs['guess:Pt'] * (1 + (gamt-1)/2 * inputs['MN']**2)**(-gamt/(gamt-1))
C:\Users\MEO\Desktop\Projects\JetEngine\boomsonic_v0\.venv\Lib\site-packages\pycycle\thermo\static_ps_calc.py:32: RuntimeWarning: invalid value encountered in sqrt
  outputs['Vsonic'] = Vsonic = np.sqrt(inputs['gamma'] * inputs['R'] * inputs['Ts'])
C:\Users\MEO\Desktop\Projects\JetEngine\boomsonic_v0\.venv\Lib\site-packages\pycycle\thermo\static_ps_resid.py:128: RuntimeWarning: invalid value encountered in sqrt
  Vsonic = (i['gamma']*i['R']*i['Ts'])**0.5
C:\Users\MEO\Desktop\Projects\JetEngine\boomsonic_v0\.venv\Lib\site-packages\pycycle\thermo\static_ps_resid.py:94: RuntimeWarning: invalid value encountered in sqrt
  f2 = MN - inputs['W']*(R_UNIVERSAL_SI*inputs['Ts'])**0.5/(ps_guess*1.0e6*inputs['area']*gamt**0.5)
C:\Users\MEO\Desktop\Projects\JetEngine\boomsonic_v0\.venv\Lib\site-packages\pycycle\thermo\static_ps_resid.py:99: RuntimeWarning: The iteration is not making good progress, as measured by the 
 improvement from the last ten iterations.
  ps_guess, M_guess = fsolve(equations, (ps_guess, M_guess))
C:\Users\MEO\Desktop\Projects\JetEngine\boomsonic_v0\.venv\Lib\site-packages\openmdao\solvers\solver.py:819: SolverWarning:Your model has stalled three times and may be violating the bounds. In the future, turn on print_bound_enforce in your solver options here: 
OD0.burner.vitiated_flow.nonlinear_solver.linesearch.options['print_bound_enforce']=True. 
The bound(s) being violated now are:

C:\Users\MEO\Desktop\Projects\JetEngine\boomsonic_v0\.venv\Lib\site-packages\openmdao\solvers\linesearch\backtracking.py:35: SolverWarning:'OD0.burner.vitiated_flow.balance.T' exceeds upper bounds
  Val: [4288.90922441]
  Upper: [2500.]

C:\Users\MEO\Desktop\Projects\JetEngine\boomsonic_v0\.venv\Lib\site-packages\pycycle\thermo\static_ps_resid.py:128: RuntimeWarning: invalid value encountered in sqrt
  Vsonic = (i['gamma']*i['R']*i['Ts'])**0.5
C:\Users\MEO\Desktop\Projects\JetEngine\boomsonic_v0\.venv\Lib\site-packages\pycycle\thermo\static_ps_resid.py:94: RuntimeWarning: invalid value encountered in sqrt
  f2 = MN - inputs['W']*(R_UNIVERSAL_SI*inputs['Ts'])**0.5/(ps_guess*1.0e6*inputs['area']*gamt**0.5)
C:\Users\MEO\Desktop\Projects\JetEngine\boomsonic_v0\.venv\Lib\site-packages\pycycle\thermo\static_ps_resid.py:99: RuntimeWarning: The iteration is not making good progress, as measured by the 
 improvement from the last ten iterations.
  ps_guess, M_guess = fsolve(equations, (ps_guess, M_guess))
C:\Users\MEO\Desktop\Projects\JetEngine\boomsonic_v0\.venv\Lib\site-packages\openmdao\solvers\solver.py:819: SolverWarning:Your model has stalled three times and may be violating the bounds. In the future, turn on print_bound_enforce in your solver options here: 
OD0.turb.real_flow_b4bld.nonlinear_solver.linesearch.options['print_bound_enforce']=True. 
The bound(s) being violated now are:

C:\Users\MEO\Desktop\Projects\JetEngine\boomsonic_v0\.venv\Lib\site-packages\openmdao\solvers\linesearch\backtracking.py:35: SolverWarning:'OD0.turb.real_flow_b4bld.balance.T' exceeds upper bounds
  Val: [3080.04392583]
  Upper: [2500.]

C:\Users\MEO\Desktop\Projects\JetEngine\boomsonic_v0\.venv\Lib\site-packages\openmdao\solvers\solver.py:819: SolverWarning:Your model has stalled three times and may be violating the bounds. In the future, turn on print_bound_enforce in your solver options here: 
OD0.turb.real_flow.nonlinear_solver.linesearch.options['print_bound_enforce']=True. 
The bound(s) being violated now are:

C:\Users\MEO\Desktop\Projects\JetEngine\boomsonic_v0\.venv\Lib\site-packages\openmdao\solvers\linesearch\backtracking.py:35: SolverWarning:'OD0.turb.real_flow.balance.T' exceeds upper bounds
  Val: [3080.04392583]
  Upper: [2500.]

C:\Users\MEO\Desktop\Projects\JetEngine\boomsonic_v0\.venv\Lib\site-packages\pycycle\thermo\static_ps_resid.py:128: RuntimeWarning: invalid value encountered in sqrt
  Vsonic = (i['gamma']*i['R']*i['Ts'])**0.5
C:\Users\MEO\Desktop\Projects\JetEngine\boomsonic_v0\.venv\Lib\site-packages\pycycle\thermo\static_ps_resid.py:94: RuntimeWarning: invalid value encountered in sqrt
  f2 = MN - inputs['W']*(R_UNIVERSAL_SI*inputs['Ts'])**0.5/(ps_guess*1.0e6*inputs['area']*gamt**0.5)
C:\Users\MEO\Desktop\Projects\JetEngine\boomsonic_v0\.venv\Lib\site-packages\pycycle\thermo\static_ps_resid.py:99: RuntimeWarning: The iteration is not making good progress, as measured by the 
 improvement from the last ten iterations.
  ps_guess, M_guess = fsolve(equations, (ps_guess, M_guess))
C:\Users\MEO\Desktop\Projects\JetEngine\boomsonic_v0\.venv\Lib\site-packages\openmdao\solvers\solver.py:819: SolverWarning:Your model has stalled three times and may be violating the bounds. In the future, turn on print_bound_enforce in your solver options here: 
OD0.nozz.throat_total.nonlinear_solver.linesearch.options['print_bound_enforce']=True. 
The bound(s) being violated now are:

C:\Users\MEO\Desktop\Projects\JetEngine\boomsonic_v0\.venv\Lib\site-packages\openmdao\solvers\linesearch\backtracking.py:35: SolverWarning:'OD0.nozz.throat_total.balance.T' exceeds upper bounds
  Val: [3080.04392583]
  Upper: [2500.]

C:\Users\MEO\Desktop\Projects\JetEngine\boomsonic_v0\.venv\Lib\site-packages\pycycle\thermo\static_ps_resid.py:108: RuntimeWarning: invalid value encountered in sqrt
  Vsonic = (i['gamma']*i['R']*i['Ts'])**0.5
C:\Users\MEO\Desktop\Projects\JetEngine\boomsonic_v0\.venv\Lib\site-packages\pycycle\thermo\static_ps_resid.py:83: RuntimeWarning: invalid value encountered in power
  ps_guess = inputs['guess:Pt'] * (1 + (gamt-1)/2 * inputs['MN']**2)**(-gamt/(gamt-1))
C:\Users\MEO\Desktop\Projects\JetEngine\boomsonic_v0\.venv\Lib\site-packages\pycycle\thermo\static_ps_calc.py:32: RuntimeWarning: invalid value encountered in sqrt
  outputs['Vsonic'] = Vsonic = np.sqrt(inputs['gamma'] * inputs['R'] * inputs['Ts'])
C:\Users\MEO\Desktop\Projects\JetEngine\boomsonic_v0\.venv\Lib\site-packages\pycycle\thermo\static_ps_resid.py:128: RuntimeWarning: invalid value encountered in sqrt
  Vsonic = (i['gamma']*i['R']*i['Ts'])**0.5
C:\Users\MEO\Desktop\Projects\JetEngine\boomsonic_v0\.venv\Lib\site-packages\pycycle\thermo\static_ps_resid.py:94: RuntimeWarning: invalid value encountered in sqrt
  f2 = MN - inputs['W']*(R_UNIVERSAL_SI*inputs['Ts'])**0.5/(ps_guess*1.0e6*inputs['area']*gamt**0.5)
C:\Users\MEO\Desktop\Projects\JetEngine\boomsonic_v0\.venv\Lib\site-packages\pycycle\thermo\static_ps_resid.py:99: RuntimeWarning: The iteration is not making good progress, as measured by the 
 improvement from the last ten iterations.
  ps_guess, M_guess = fsolve(equations, (ps_guess, M_guess))
C:\Users\MEO\Desktop\Projects\JetEngine\boomsonic_v0\.venv\Lib\site-packages\openmdao\solvers\solver.py:819: SolverWarning:Your model has stalled three times and may be violating the bounds. In the future, turn on print_bound_enforce in your solver options here: 
OD0.burner.vitiated_flow.nonlinear_solver.linesearch.options['print_bound_enforce']=True. 
The bound(s) being violated now are:

C:\Users\MEO\Desktop\Projects\JetEngine\boomsonic_v0\.venv\Lib\site-packages\openmdao\solvers\linesearch\backtracking.py:35: SolverWarning:'OD0.burner.vitiated_flow.balance.T' exceeds upper bounds
  Val: [4288.90922441]
  Upper: [2500.]

C:\Users\MEO\Desktop\Projects\JetEngine\boomsonic_v0\.venv\Lib\site-packages\pycycle\thermo\static_ps_resid.py:128: RuntimeWarning: invalid value encountered in sqrt
  Vsonic = (i['gamma']*i['R']*i['Ts'])**0.5
C:\Users\MEO\Desktop\Projects\JetEngine\boomsonic_v0\.venv\Lib\site-packages\pycycle\thermo\static_ps_resid.py:94: RuntimeWarning: invalid value encountered in sqrt
  f2 = MN - inputs['W']*(R_UNIVERSAL_SI*inputs['Ts'])**0.5/(ps_guess*1.0e6*inputs['area']*gamt**0.5)
C:\Users\MEO\Desktop\Projects\JetEngine\boomsonic_v0\.venv\Lib\site-packages\pycycle\thermo\static_ps_resid.py:99: RuntimeWarning: The iteration is not making good progress, as measured by the 
 improvement from the last ten iterations.
  ps_guess, M_guess = fsolve(equations, (ps_guess, M_guess))
C:\Users\MEO\Desktop\Projects\JetEngine\boomsonic_v0\.venv\Lib\site-packages\openmdao\solvers\solver.py:819: SolverWarning:Your model has stalled three times and may be violating the bounds. In the future, turn on print_bound_enforce in your solver options here: 
OD0.turb.real_flow_b4bld.nonlinear_solver.linesearch.options['print_bound_enforce']=True. 
The bound(s) being violated now are:

C:\Users\MEO\Desktop\Projects\JetEngine\boomsonic_v0\.venv\Lib\site-packages\openmdao\solvers\linesearch\backtracking.py:35: SolverWarning:'OD0.turb.real_flow_b4bld.balance.T' exceeds upper bounds
  Val: [3080.04392583]
  Upper: [2500.]

C:\Users\MEO\Desktop\Projects\JetEngine\boomsonic_v0\.venv\Lib\site-packages\openmdao\solvers\solver.py:819: SolverWarning:Your model has stalled three times and may be violating the bounds. In the future, turn on print_bound_enforce in your solver options here: 
OD0.turb.real_flow.nonlinear_solver.linesearch.options['print_bound_enforce']=True. 
The bound(s) being violated now are:

C:\Users\MEO\Desktop\Projects\JetEngine\boomsonic_v0\.venv\Lib\site-packages\openmdao\solvers\linesearch\backtracking.py:35: SolverWarning:'OD0.turb.real_flow.balance.T' exceeds upper bounds
  Val: [3080.04392583]
  Upper: [2500.]

C:\Users\MEO\Desktop\Projects\JetEngine\boomsonic_v0\.venv\Lib\site-packages\pycycle\thermo\static_ps_resid.py:128: RuntimeWarning: invalid value encountered in sqrt
  Vsonic = (i['gamma']*i['R']*i['Ts'])**0.5
C:\Users\MEO\Desktop\Projects\JetEngine\boomsonic_v0\.venv\Lib\site-packages\pycycle\thermo\static_ps_resid.py:94: RuntimeWarning: invalid value encountered in sqrt
  f2 = MN - inputs['W']*(R_UNIVERSAL_SI*inputs['Ts'])**0.5/(ps_guess*1.0e6*inputs['area']*gamt**0.5)
C:\Users\MEO\Desktop\Projects\JetEngine\boomsonic_v0\.venv\Lib\site-packages\pycycle\thermo\static_ps_resid.py:99: RuntimeWarning: The iteration is not making good progress, as measured by the 
 improvement from the last ten iterations.
  ps_guess, M_guess = fsolve(equations, (ps_guess, M_guess))
C:\Users\MEO\Desktop\Projects\JetEngine\boomsonic_v0\.venv\Lib\site-packages\openmdao\solvers\solver.py:819: SolverWarning:Your model has stalled three times and may be violating the bounds. In the future, turn on print_bound_enforce in your solver options here: 
OD0.nozz.throat_total.nonlinear_solver.linesearch.options['print_bound_enforce']=True. 
The bound(s) being violated now are:

C:\Users\MEO\Desktop\Projects\JetEngine\boomsonic_v0\.venv\Lib\site-packages\openmdao\solvers\linesearch\backtracking.py:35: SolverWarning:'OD0.nozz.throat_total.balance.T' exceeds upper bounds
  Val: [3080.04392583]
  Upper: [2500.]

C:\Users\MEO\Desktop\Projects\JetEngine\boomsonic_v0\.venv\Lib\site-packages\pycycle\thermo\static_ps_resid.py:108: RuntimeWarning: invalid value encountered in sqrt
  Vsonic = (i['gamma']*i['R']*i['Ts'])**0.5
C:\Users\MEO\Desktop\Projects\JetEngine\boomsonic_v0\.venv\Lib\site-packages\pycycle\thermo\static_ps_resid.py:83: RuntimeWarning: invalid value encountered in power
  ps_guess = inputs['guess:Pt'] * (1 + (gamt-1)/2 * inputs['MN']**2)**(-gamt/(gamt-1))
C:\Users\MEO\Desktop\Projects\JetEngine\boomsonic_v0\.venv\Lib\site-packages\pycycle\thermo\static_ps_calc.py:32: RuntimeWarning: invalid value encountered in sqrt
  outputs['Vsonic'] = Vsonic = np.sqrt(inputs['gamma'] * inputs['R'] * inputs['Ts'])
C:\Users\MEO\Desktop\Projects\JetEngine\boomsonic_v0\.venv\Lib\site-packages\pycycle\thermo\static_ps_resid.py:128: RuntimeWarning: invalid value encountered in sqrt
  Vsonic = (i['gamma']*i['R']*i['Ts'])**0.5
C:\Users\MEO\Desktop\Projects\JetEngine\boomsonic_v0\.venv\Lib\site-packages\pycycle\thermo\static_ps_resid.py:94: RuntimeWarning: invalid value encountered in sqrt
  f2 = MN - inputs['W']*(R_UNIVERSAL_SI*inputs['Ts'])**0.5/(ps_guess*1.0e6*inputs['area']*gamt**0.5)
C:\Users\MEO\Desktop\Projects\JetEngine\boomsonic_v0\.venv\Lib\site-packages\pycycle\thermo\static_ps_resid.py:99: RuntimeWarning: The iteration is not making good progress, as measured by the 
 improvement from the last ten iterations.
  ps_guess, M_guess = fsolve(equations, (ps_guess, M_guess))
C:\Users\MEO\Desktop\Projects\JetEngine\boomsonic_v0\.venv\Lib\site-packages\openmdao\solvers\solver.py:819: SolverWarning:Your model has stalled three times and may be violating the bounds. In the future, turn on print_bound_enforce in your solver options here: 
OD0.burner.vitiated_flow.nonlinear_solver.linesearch.options['print_bound_enforce']=True. 
The bound(s) being violated now are:

C:\Users\MEO\Desktop\Projects\JetEngine\boomsonic_v0\.venv\Lib\site-packages\openmdao\solvers\linesearch\backtracking.py:35: SolverWarning:'OD0.burner.vitiated_flow.balance.T' exceeds upper bounds
  Val: [4288.90922441]
  Upper: [2500.]

C:\Users\MEO\Desktop\Projects\JetEngine\boomsonic_v0\.venv\Lib\site-packages\pycycle\thermo\static_ps_resid.py:128: RuntimeWarning: invalid value encountered in sqrt
  Vsonic = (i['gamma']*i['R']*i['Ts'])**0.5
C:\Users\MEO\Desktop\Projects\JetEngine\boomsonic_v0\.venv\Lib\site-packages\pycycle\thermo\static_ps_resid.py:94: RuntimeWarning: invalid value encountered in sqrt
  f2 = MN - inputs['W']*(R_UNIVERSAL_SI*inputs['Ts'])**0.5/(ps_guess*1.0e6*inputs['area']*gamt**0.5)
C:\Users\MEO\Desktop\Projects\JetEngine\boomsonic_v0\.venv\Lib\site-packages\pycycle\thermo\static_ps_resid.py:99: RuntimeWarning: The iteration is not making good progress, as measured by the 
 improvement from the last ten iterations.
  ps_guess, M_guess = fsolve(equations, (ps_guess, M_guess))
C:\Users\MEO\Desktop\Projects\JetEngine\boomsonic_v0\.venv\Lib\site-packages\openmdao\solvers\solver.py:819: SolverWarning:Your model has stalled three times and may be violating the bounds. In the future, turn on print_bound_enforce in your solver options here: 
OD0.turb.real_flow_b4bld.nonlinear_solver.linesearch.options['print_bound_enforce']=True. 
The bound(s) being violated now are:

C:\Users\MEO\Desktop\Projects\JetEngine\boomsonic_v0\.venv\Lib\site-packages\openmdao\solvers\linesearch\backtracking.py:35: SolverWarning:'OD0.turb.real_flow_b4bld.balance.T' exceeds upper bounds
  Val: [3080.04392583]
  Upper: [2500.]

C:\Users\MEO\Desktop\Projects\JetEngine\boomsonic_v0\.venv\Lib\site-packages\openmdao\solvers\solver.py:819: SolverWarning:Your model has stalled three times and may be violating the bounds. In the future, turn on print_bound_enforce in your solver options here: 
OD0.turb.real_flow.nonlinear_solver.linesearch.options['print_bound_enforce']=True. 
The bound(s) being violated now are:

C:\Users\MEO\Desktop\Projects\JetEngine\boomsonic_v0\.venv\Lib\site-packages\openmdao\solvers\linesearch\backtracking.py:35: SolverWarning:'OD0.turb.real_flow.balance.T' exceeds upper bounds
  Val: [3080.04392583]
  Upper: [2500.]

C:\Users\MEO\Desktop\Projects\JetEngine\boomsonic_v0\.venv\Lib\site-packages\pycycle\thermo\static_ps_resid.py:128: RuntimeWarning: invalid value encountered in sqrt
  Vsonic = (i['gamma']*i['R']*i['Ts'])**0.5
C:\Users\MEO\Desktop\Projects\JetEngine\boomsonic_v0\.venv\Lib\site-packages\pycycle\thermo\static_ps_resid.py:94: RuntimeWarning: invalid value encountered in sqrt
  f2 = MN - inputs['W']*(R_UNIVERSAL_SI*inputs['Ts'])**0.5/(ps_guess*1.0e6*inputs['area']*gamt**0.5)
C:\Users\MEO\Desktop\Projects\JetEngine\boomsonic_v0\.venv\Lib\site-packages\pycycle\thermo\static_ps_resid.py:99: RuntimeWarning: The iteration is not making good progress, as measured by the 
 improvement from the last ten iterations.
  ps_guess, M_guess = fsolve(equations, (ps_guess, M_guess))
C:\Users\MEO\Desktop\Projects\JetEngine\boomsonic_v0\.venv\Lib\site-packages\openmdao\solvers\solver.py:819: SolverWarning:Your model has stalled three times and may be violating the bounds. In the future, turn on print_bound_enforce in your solver options here: 
OD0.nozz.throat_total.nonlinear_solver.linesearch.options['print_bound_enforce']=True. 
The bound(s) being violated now are:

C:\Users\MEO\Desktop\Projects\JetEngine\boomsonic_v0\.venv\Lib\site-packages\openmdao\solvers\linesearch\backtracking.py:35: SolverWarning:'OD0.nozz.throat_total.balance.T' exceeds upper bounds
  Val: [3080.04392583]
  Upper: [2500.]

C:\Users\MEO\Desktop\Projects\JetEngine\boomsonic_v0\.venv\Lib\site-packages\pycycle\thermo\static_ps_resid.py:108: RuntimeWarning: invalid value encountered in sqrt
  Vsonic = (i['gamma']*i['R']*i['Ts'])**0.5
C:\Users\MEO\Desktop\Projects\JetEngine\boomsonic_v0\.venv\Lib\site-packages\pycycle\thermo\static_ps_resid.py:83: RuntimeWarning: invalid value encountered in power
  ps_guess = inputs['guess:Pt'] * (1 + (gamt-1)/2 * inputs['MN']**2)**(-gamt/(gamt-1))
C:\Users\MEO\Desktop\Projects\JetEngine\boomsonic_v0\.venv\Lib\site-packages\pycycle\thermo\static_ps_calc.py:32: RuntimeWarning: invalid value encountered in sqrt
  outputs['Vsonic'] = Vsonic = np.sqrt(inputs['gamma'] * inputs['R'] * inputs['Ts'])
C:\Users\MEO\Desktop\Projects\JetEngine\boomsonic_v0\.venv\Lib\site-packages\pycycle\thermo\static_ps_resid.py:128: RuntimeWarning: invalid value encountered in sqrt
  Vsonic = (i['gamma']*i['R']*i['Ts'])**0.5
C:\Users\MEO\Desktop\Projects\JetEngine\boomsonic_v0\.venv\Lib\site-packages\pycycle\thermo\static_ps_resid.py:94: RuntimeWarning: invalid value encountered in sqrt
  f2 = MN - inputs['W']*(R_UNIVERSAL_SI*inputs['Ts'])**0.5/(ps_guess*1.0e6*inputs['area']*gamt**0.5)
C:\Users\MEO\Desktop\Projects\JetEngine\boomsonic_v0\.venv\Lib\site-packages\pycycle\thermo\static_ps_resid.py:99: RuntimeWarning: The iteration is not making good progress, as measured by the 
 improvement from the last ten iterations.
  ps_guess, M_guess = fsolve(equations, (ps_guess, M_guess))
C:\Users\MEO\Desktop\Projects\JetEngine\boomsonic_v0\.venv\Lib\site-packages\openmdao\solvers\solver.py:819: SolverWarning:Your model has stalled three times and may be violating the bounds. In the future, turn on print_bound_enforce in your solver options here: 
OD0.burner.vitiated_flow.nonlinear_solver.linesearch.options['print_bound_enforce']=True. 
The bound(s) being violated now are:

C:\Users\MEO\Desktop\Projects\JetEngine\boomsonic_v0\.venv\Lib\site-packages\openmdao\solvers\linesearch\backtracking.py:35: SolverWarning:'OD0.burner.vitiated_flow.balance.T' exceeds upper bounds
  Val: [4288.90922441]
  Upper: [2500.]

C:\Users\MEO\Desktop\Projects\JetEngine\boomsonic_v0\.venv\Lib\site-packages\pycycle\thermo\static_ps_resid.py:128: RuntimeWarning: invalid value encountered in sqrt
  Vsonic = (i['gamma']*i['R']*i['Ts'])**0.5
C:\Users\MEO\Desktop\Projects\JetEngine\boomsonic_v0\.venv\Lib\site-packages\pycycle\thermo\static_ps_resid.py:94: RuntimeWarning: invalid value encountered in sqrt
  f2 = MN - inputs['W']*(R_UNIVERSAL_SI*inputs['Ts'])**0.5/(ps_guess*1.0e6*inputs['area']*gamt**0.5)
C:\Users\MEO\Desktop\Projects\JetEngine\boomsonic_v0\.venv\Lib\site-packages\pycycle\thermo\static_ps_resid.py:99: RuntimeWarning: The iteration is not making good progress, as measured by the 
 improvement from the last ten iterations.
  ps_guess, M_guess = fsolve(equations, (ps_guess, M_guess))
C:\Users\MEO\Desktop\Projects\JetEngine\boomsonic_v0\.venv\Lib\site-packages\openmdao\solvers\solver.py:819: SolverWarning:Your model has stalled three times and may be violating the bounds. In the future, turn on print_bound_enforce in your solver options here: 
OD0.turb.real_flow_b4bld.nonlinear_solver.linesearch.options['print_bound_enforce']=True. 
The bound(s) being violated now are:

C:\Users\MEO\Desktop\Projects\JetEngine\boomsonic_v0\.venv\Lib\site-packages\openmdao\solvers\linesearch\backtracking.py:35: SolverWarning:'OD0.turb.real_flow_b4bld.balance.T' exceeds upper bounds
  Val: [3080.04392583]
  Upper: [2500.]

C:\Users\MEO\Desktop\Projects\JetEngine\boomsonic_v0\.venv\Lib\site-packages\openmdao\solvers\solver.py:819: SolverWarning:Your model has stalled three times and may be violating the bounds. In the future, turn on print_bound_enforce in your solver options here: 
OD0.turb.real_flow.nonlinear_solver.linesearch.options['print_bound_enforce']=True. 
The bound(s) being violated now are:

C:\Users\MEO\Desktop\Projects\JetEngine\boomsonic_v0\.venv\Lib\site-packages\openmdao\solvers\linesearch\backtracking.py:35: SolverWarning:'OD0.turb.real_flow.balance.T' exceeds upper bounds
  Val: [3080.04392583]
  Upper: [2500.]

C:\Users\MEO\Desktop\Projects\JetEngine\boomsonic_v0\.venv\Lib\site-packages\pycycle\thermo\static_ps_resid.py:128: RuntimeWarning: invalid value encountered in sqrt
  Vsonic = (i['gamma']*i['R']*i['Ts'])**0.5
C:\Users\MEO\Desktop\Projects\JetEngine\boomsonic_v0\.venv\Lib\site-packages\pycycle\thermo\static_ps_resid.py:94: RuntimeWarning: invalid value encountered in sqrt
  f2 = MN - inputs['W']*(R_UNIVERSAL_SI*inputs['Ts'])**0.5/(ps_guess*1.0e6*inputs['area']*gamt**0.5)
C:\Users\MEO\Desktop\Projects\JetEngine\boomsonic_v0\.venv\Lib\site-packages\pycycle\thermo\static_ps_resid.py:99: RuntimeWarning: The iteration is not making good progress, as measured by the 
 improvement from the last ten iterations.
  ps_guess, M_guess = fsolve(equations, (ps_guess, M_guess))
C:\Users\MEO\Desktop\Projects\JetEngine\boomsonic_v0\.venv\Lib\site-packages\openmdao\solvers\solver.py:819: SolverWarning:Your model has stalled three times and may be violating the bounds. In the future, turn on print_bound_enforce in your solver options here: 
OD0.nozz.throat_total.nonlinear_solver.linesearch.options['print_bound_enforce']=True. 
The bound(s) being violated now are:

C:\Users\MEO\Desktop\Projects\JetEngine\boomsonic_v0\.venv\Lib\site-packages\openmdao\solvers\linesearch\backtracking.py:35: SolverWarning:'OD0.nozz.throat_total.balance.T' exceeds upper bounds
  Val: [3080.04392583]
  Upper: [2500.]

C:\Users\MEO\Desktop\Projects\JetEngine\boomsonic_v0\.venv\Lib\site-packages\pycycle\thermo\static_ps_resid.py:108: RuntimeWarning: invalid value encountered in sqrt
  Vsonic = (i['gamma']*i['R']*i['Ts'])**0.5
C:\Users\MEO\Desktop\Projects\JetEngine\boomsonic_v0\.venv\Lib\site-packages\pycycle\thermo\static_ps_resid.py:83: RuntimeWarning: invalid value encountered in power
  ps_guess = inputs['guess:Pt'] * (1 + (gamt-1)/2 * inputs['MN']**2)**(-gamt/(gamt-1))
C:\Users\MEO\Desktop\Projects\JetEngine\boomsonic_v0\.venv\Lib\site-packages\pycycle\thermo\static_ps_calc.py:32: RuntimeWarning: invalid value encountered in sqrt
  outputs['Vsonic'] = Vsonic = np.sqrt(inputs['gamma'] * inputs['R'] * inputs['Ts'])
C:\Users\MEO\Desktop\Projects\JetEngine\boomsonic_v0\.venv\Lib\site-packages\pycycle\thermo\static_ps_resid.py:128: RuntimeWarning: invalid value encountered in sqrt
  Vsonic = (i['gamma']*i['R']*i['Ts'])**0.5
C:\Users\MEO\Desktop\Projects\JetEngine\boomsonic_v0\.venv\Lib\site-packages\pycycle\thermo\static_ps_resid.py:94: RuntimeWarning: invalid value encountered in sqrt
  f2 = MN - inputs['W']*(R_UNIVERSAL_SI*inputs['Ts'])**0.5/(ps_guess*1.0e6*inputs['area']*gamt**0.5)
C:\Users\MEO\Desktop\Projects\JetEngine\boomsonic_v0\.venv\Lib\site-packages\pycycle\thermo\static_ps_resid.py:99: RuntimeWarning: The iteration is not making good progress, as measured by the 
 improvement from the last ten iterations.
  ps_guess, M_guess = fsolve(equations, (ps_guess, M_guess))
C:\Users\MEO\Desktop\Projects\JetEngine\boomsonic_v0\.venv\Lib\site-packages\openmdao\solvers\solver.py:819: SolverWarning:Your model has stalled three times and may be violating the bounds. In the future, turn on print_bound_enforce in your solver options here: 
OD0.burner.vitiated_flow.nonlinear_solver.linesearch.options['print_bound_enforce']=True. 
The bound(s) being violated now are:

C:\Users\MEO\Desktop\Projects\JetEngine\boomsonic_v0\.venv\Lib\site-packages\openmdao\solvers\linesearch\backtracking.py:35: SolverWarning:'OD0.burner.vitiated_flow.balance.T' exceeds upper bounds
  Val: [4288.90922441]
  Upper: [2500.]

C:\Users\MEO\Desktop\Projects\JetEngine\boomsonic_v0\.venv\Lib\site-packages\pycycle\thermo\static_ps_resid.py:128: RuntimeWarning: invalid value encountered in sqrt
  Vsonic = (i['gamma']*i['R']*i['Ts'])**0.5
C:\Users\MEO\Desktop\Projects\JetEngine\boomsonic_v0\.venv\Lib\site-packages\pycycle\thermo\static_ps_resid.py:94: RuntimeWarning: invalid value encountered in sqrt
  f2 = MN - inputs['W']*(R_UNIVERSAL_SI*inputs['Ts'])**0.5/(ps_guess*1.0e6*inputs['area']*gamt**0.5)
C:\Users\MEO\Desktop\Projects\JetEngine\boomsonic_v0\.venv\Lib\site-packages\pycycle\thermo\static_ps_resid.py:99: RuntimeWarning: The iteration is not making good progress, as measured by the 
 improvement from the last ten iterations.
  ps_guess, M_guess = fsolve(equations, (ps_guess, M_guess))
C:\Users\MEO\Desktop\Projects\JetEngine\boomsonic_v0\.venv\Lib\site-packages\openmdao\solvers\solver.py:819: SolverWarning:Your model has stalled three times and may be violating the bounds. In the future, turn on print_bound_enforce in your solver options here: 
OD0.turb.real_flow_b4bld.nonlinear_solver.linesearch.options['print_bound_enforce']=True. 
The bound(s) being violated now are:

C:\Users\MEO\Desktop\Projects\JetEngine\boomsonic_v0\.venv\Lib\site-packages\openmdao\solvers\linesearch\backtracking.py:35: SolverWarning:'OD0.turb.real_flow_b4bld.balance.T' exceeds upper bounds
  Val: [3080.04392583]
  Upper: [2500.]

C:\Users\MEO\Desktop\Projects\JetEngine\boomsonic_v0\.venv\Lib\site-packages\openmdao\solvers\solver.py:819: SolverWarning:Your model has stalled three times and may be violating the bounds. In the future, turn on print_bound_enforce in your solver options here: 
OD0.turb.real_flow.nonlinear_solver.linesearch.options['print_bound_enforce']=True. 
The bound(s) being violated now are:

C:\Users\MEO\Desktop\Projects\JetEngine\boomsonic_v0\.venv\Lib\site-packages\openmdao\solvers\linesearch\backtracking.py:35: SolverWarning:'OD0.turb.real_flow.balance.T' exceeds upper bounds
  Val: [3080.04392583]
  Upper: [2500.]

C:\Users\MEO\Desktop\Projects\JetEngine\boomsonic_v0\.venv\Lib\site-packages\pycycle\thermo\static_ps_resid.py:128: RuntimeWarning: invalid value encountered in sqrt
  Vsonic = (i['gamma']*i['R']*i['Ts'])**0.5
C:\Users\MEO\Desktop\Projects\JetEngine\boomsonic_v0\.venv\Lib\site-packages\pycycle\thermo\static_ps_resid.py:94: RuntimeWarning: invalid value encountered in sqrt
  f2 = MN - inputs['W']*(R_UNIVERSAL_SI*inputs['Ts'])**0.5/(ps_guess*1.0e6*inputs['area']*gamt**0.5)
C:\Users\MEO\Desktop\Projects\JetEngine\boomsonic_v0\.venv\Lib\site-packages\pycycle\thermo\static_ps_resid.py:99: RuntimeWarning: The iteration is not making good progress, as measured by the 
 improvement from the last ten iterations.
  ps_guess, M_guess = fsolve(equations, (ps_guess, M_guess))
C:\Users\MEO\Desktop\Projects\JetEngine\boomsonic_v0\.venv\Lib\site-packages\openmdao\solvers\solver.py:819: SolverWarning:Your model has stalled three times and may be violating the bounds. In the future, turn on print_bound_enforce in your solver options here: 
OD0.nozz.throat_total.nonlinear_solver.linesearch.options['print_bound_enforce']=True. 
The bound(s) being violated now are:

C:\Users\MEO\Desktop\Projects\JetEngine\boomsonic_v0\.venv\Lib\site-packages\openmdao\solvers\linesearch\backtracking.py:35: SolverWarning:'OD0.nozz.throat_total.balance.T' exceeds upper bounds
  Val: [3080.04392583]
  Upper: [2500.]

C:\Users\MEO\Desktop\Projects\JetEngine\boomsonic_v0\.venv\Lib\site-packages\pycycle\thermo\static_ps_resid.py:108: RuntimeWarning: invalid value encountered in sqrt
  Vsonic = (i['gamma']*i['R']*i['Ts'])**0.5
C:\Users\MEO\Desktop\Projects\JetEngine\boomsonic_v0\.venv\Lib\site-packages\pycycle\thermo\static_ps_resid.py:83: RuntimeWarning: invalid value encountered in power
  ps_guess = inputs['guess:Pt'] * (1 + (gamt-1)/2 * inputs['MN']**2)**(-gamt/(gamt-1))
C:\Users\MEO\Desktop\Projects\JetEngine\boomsonic_v0\.venv\Lib\site-packages\pycycle\thermo\static_ps_calc.py:32: RuntimeWarning: invalid value encountered in sqrt
  outputs['Vsonic'] = Vsonic = np.sqrt(inputs['gamma'] * inputs['R'] * inputs['Ts'])
C:\Users\MEO\Desktop\Projects\JetEngine\boomsonic_v0\.venv\Lib\site-packages\pycycle\thermo\static_ps_resid.py:128: RuntimeWarning: invalid value encountered in sqrt
  Vsonic = (i['gamma']*i['R']*i['Ts'])**0.5
C:\Users\MEO\Desktop\Projects\JetEngine\boomsonic_v0\.venv\Lib\site-packages\pycycle\thermo\static_ps_resid.py:94: RuntimeWarning: invalid value encountered in sqrt
  f2 = MN - inputs['W']*(R_UNIVERSAL_SI*inputs['Ts'])**0.5/(ps_guess*1.0e6*inputs['area']*gamt**0.5)
C:\Users\MEO\Desktop\Projects\JetEngine\boomsonic_v0\.venv\Lib\site-packages\pycycle\thermo\static_ps_resid.py:99: RuntimeWarning: The iteration is not making good progress, as measured by the 
 improvement from the last ten iterations.
  ps_guess, M_guess = fsolve(equations, (ps_guess, M_guess))
C:\Users\MEO\Desktop\Projects\JetEngine\boomsonic_v0\.venv\Lib\site-packages\openmdao\solvers\solver.py:819: SolverWarning:Your model has stalled three times and may be violating the bounds. In the future, turn on print_bound_enforce in your solver options here: 
OD0.burner.vitiated_flow.nonlinear_solver.linesearch.options['print_bound_enforce']=True. 
The bound(s) being violated now are:

C:\Users\MEO\Desktop\Projects\JetEngine\boomsonic_v0\.venv\Lib\site-packages\openmdao\solvers\linesearch\backtracking.py:35: SolverWarning:'OD0.burner.vitiated_flow.balance.T' exceeds upper bounds
  Val: [4288.90922441]
  Upper: [2500.]

C:\Users\MEO\Desktop\Projects\JetEngine\boomsonic_v0\.venv\Lib\site-packages\pycycle\thermo\static_ps_resid.py:128: RuntimeWarning: invalid value encountered in sqrt
  Vsonic = (i['gamma']*i['R']*i['Ts'])**0.5
C:\Users\MEO\Desktop\Projects\JetEngine\boomsonic_v0\.venv\Lib\site-packages\pycycle\thermo\static_ps_resid.py:94: RuntimeWarning: invalid value encountered in sqrt
  f2 = MN - inputs['W']*(R_UNIVERSAL_SI*inputs['Ts'])**0.5/(ps_guess*1.0e6*inputs['area']*gamt**0.5)
C:\Users\MEO\Desktop\Projects\JetEngine\boomsonic_v0\.venv\Lib\site-packages\pycycle\thermo\static_ps_resid.py:99: RuntimeWarning: The iteration is not making good progress, as measured by the 
 improvement from the last ten iterations.
  ps_guess, M_guess = fsolve(equations, (ps_guess, M_guess))
C:\Users\MEO\Desktop\Projects\JetEngine\boomsonic_v0\.venv\Lib\site-packages\openmdao\solvers\solver.py:819: SolverWarning:Your model has stalled three times and may be violating the bounds. In the future, turn on print_bound_enforce in your solver options here: 
OD0.turb.real_flow_b4bld.nonlinear_solver.linesearch.options['print_bound_enforce']=True. 
The bound(s) being violated now are:

C:\Users\MEO\Desktop\Projects\JetEngine\boomsonic_v0\.venv\Lib\site-packages\openmdao\solvers\linesearch\backtracking.py:35: SolverWarning:'OD0.turb.real_flow_b4bld.balance.T' exceeds upper bounds
  Val: [3080.04392583]
  Upper: [2500.]

C:\Users\MEO\Desktop\Projects\JetEngine\boomsonic_v0\.venv\Lib\site-packages\openmdao\solvers\solver.py:819: SolverWarning:Your model has stalled three times and may be violating the bounds. In the future, turn on print_bound_enforce in your solver options here: 
OD0.turb.real_flow.nonlinear_solver.linesearch.options['print_bound_enforce']=True. 
The bound(s) being violated now are:

C:\Users\MEO\Desktop\Projects\JetEngine\boomsonic_v0\.venv\Lib\site-packages\openmdao\solvers\linesearch\backtracking.py:35: SolverWarning:'OD0.turb.real_flow.balance.T' exceeds upper bounds
  Val: [3080.04392583]
  Upper: [2500.]

C:\Users\MEO\Desktop\Projects\JetEngine\boomsonic_v0\.venv\Lib\site-packages\pycycle\thermo\static_ps_resid.py:128: RuntimeWarning: invalid value encountered in sqrt
  Vsonic = (i['gamma']*i['R']*i['Ts'])**0.5
C:\Users\MEO\Desktop\Projects\JetEngine\boomsonic_v0\.venv\Lib\site-packages\pycycle\thermo\static_ps_resid.py:94: RuntimeWarning: invalid value encountered in sqrt
  f2 = MN - inputs['W']*(R_UNIVERSAL_SI*inputs['Ts'])**0.5/(ps_guess*1.0e6*inputs['area']*gamt**0.5)
C:\Users\MEO\Desktop\Projects\JetEngine\boomsonic_v0\.venv\Lib\site-packages\pycycle\thermo\static_ps_resid.py:99: RuntimeWarning: The iteration is not making good progress, as measured by the 
 improvement from the last ten iterations.
  ps_guess, M_guess = fsolve(equations, (ps_guess, M_guess))
C:\Users\MEO\Desktop\Projects\JetEngine\boomsonic_v0\.venv\Lib\site-packages\openmdao\solvers\solver.py:819: SolverWarning:Your model has stalled three times and may be violating the bounds. In the future, turn on print_bound_enforce in your solver options here: 
OD0.nozz.throat_total.nonlinear_solver.linesearch.options['print_bound_enforce']=True. 
The bound(s) being violated now are:

C:\Users\MEO\Desktop\Projects\JetEngine\boomsonic_v0\.venv\Lib\site-packages\openmdao\solvers\linesearch\backtracking.py:35: SolverWarning:'OD0.nozz.throat_total.balance.T' exceeds upper bounds
  Val: [3080.04392583]
  Upper: [2500.]

C:\Users\MEO\Desktop\Projects\JetEngine\boomsonic_v0\.venv\Lib\site-packages\pycycle\thermo\static_ps_resid.py:108: RuntimeWarning: invalid value encountered in sqrt
  Vsonic = (i['gamma']*i['R']*i['Ts'])**0.5
C:\Users\MEO\Desktop\Projects\JetEngine\boomsonic_v0\.venv\Lib\site-packages\pycycle\thermo\static_ps_resid.py:83: RuntimeWarning: invalid value encountered in power
  ps_guess = inputs['guess:Pt'] * (1 + (gamt-1)/2 * inputs['MN']**2)**(-gamt/(gamt-1))
C:\Users\MEO\Desktop\Projects\JetEngine\boomsonic_v0\.venv\Lib\site-packages\pycycle\thermo\static_ps_calc.py:32: RuntimeWarning: invalid value encountered in sqrt
  outputs['Vsonic'] = Vsonic = np.sqrt(inputs['gamma'] * inputs['R'] * inputs['Ts'])
C:\Users\MEO\Desktop\Projects\JetEngine\boomsonic_v0\.venv\Lib\site-packages\pycycle\thermo\static_ps_resid.py:128: RuntimeWarning: invalid value encountered in sqrt
  Vsonic = (i['gamma']*i['R']*i['Ts'])**0.5
C:\Users\MEO\Desktop\Projects\JetEngine\boomsonic_v0\.venv\Lib\site-packages\pycycle\thermo\static_ps_resid.py:94: RuntimeWarning: invalid value encountered in sqrt
  f2 = MN - inputs['W']*(R_UNIVERSAL_SI*inputs['Ts'])**0.5/(ps_guess*1.0e6*inputs['area']*gamt**0.5)
C:\Users\MEO\Desktop\Projects\JetEngine\boomsonic_v0\.venv\Lib\site-packages\pycycle\thermo\static_ps_resid.py:99: RuntimeWarning: The iteration is not making good progress, as measured by the 
 improvement from the last ten iterations.
  ps_guess, M_guess = fsolve(equations, (ps_guess, M_guess))
C:\Users\MEO\Desktop\Projects\JetEngine\boomsonic_v0\.venv\Lib\site-packages\pycycle\thermo\static_ps_resid.py:128: RuntimeWarning: invalid value encountered in sqrt
  Vsonic = (i['gamma']*i['R']*i['Ts'])**0.5
C:\Users\MEO\Desktop\Projects\JetEngine\boomsonic_v0\.venv\Lib\site-packages\pycycle\thermo\static_ps_resid.py:128: RuntimeWarning: invalid value encountered in sqrt
  Vsonic = (i['gamma']*i['R']*i['Ts'])**0.5
C:\Users\MEO\Desktop\Projects\JetEngine\boomsonic_v0\.venv\Lib\site-packages\pycycle\thermo\static_ps_resid.py:108: RuntimeWarning: invalid value encountered in sqrt
  Vsonic = (i['gamma']*i['R']*i['Ts'])**0.5
C:\Users\MEO\Desktop\Projects\JetEngine\boomsonic_v0\.venv\Lib\site-packages\pycycle\elements\turbine.py:89: RuntimeWarning: invalid value encountered in log
  outputs['eff_poly'] = 1 + (S_out-S_in)/(Rt*np.log(invPR))
C:\Users\MEO\Desktop\Projects\JetEngine\boomsonic_v0\.venv\Lib\site-packages\openmdao\solvers\solver.py:819: SolverWarning:Your model has stalled three times and may be violating the bounds. In the future, turn on print_bound_enforce in your solver options here: 
OD0.burner.vitiated_flow.nonlinear_solver.linesearch.options['print_bound_enforce']=True. 
The bound(s) being violated now are:

C:\Users\MEO\Desktop\Projects\JetEngine\boomsonic_v0\.venv\Lib\site-packages\openmdao\solvers\linesearch\backtracking.py:35: SolverWarning:'OD0.burner.vitiated_flow.balance.T' exceeds upper bounds
  Val: [2627.99383183]
  Upper: [2500.]

C:\Users\MEO\Desktop\Projects\JetEngine\boomsonic_v0\.venv\Lib\site-packages\openmdao\solvers\solver.py:819: SolverWarning:Your model has stalled three times and may be violating the bounds. In the future, turn on print_bound_enforce in your solver options here: 
OD0.burner.out_stat.nonlinear_solver.linesearch.options['print_bound_enforce']=True. 
The bound(s) being violated now are:

C:\Users\MEO\Desktop\Projects\JetEngine\boomsonic_v0\.venv\Lib\site-packages\openmdao\solvers\linesearch\backtracking.py:35: SolverWarning:'OD0.burner.out_stat.balance.T' exceeds upper bounds
  Val: [2664.19720538]
  Upper: [2500.]

C:\Users\MEO\Desktop\Projects\JetEngine\boomsonic_v0\.venv\Lib\site-packages\openmdao\solvers\solver.py:819: SolverWarning:Your model has stalled three times and may be violating the bounds. In the future, turn on print_bound_enforce in your solver options here: 
OD0.turb.real_flow_b4bld.nonlinear_solver.linesearch.options['print_bound_enforce']=True. 
The bound(s) being violated now are:

C:\Users\MEO\Desktop\Projects\JetEngine\boomsonic_v0\.venv\Lib\site-packages\openmdao\solvers\linesearch\backtracking.py:35: SolverWarning:'OD0.turb.real_flow_b4bld.balance.T' exceeds upper bounds
  Val: [2519.81763485]
  Upper: [2500.]

C:\Users\MEO\Desktop\Projects\JetEngine\boomsonic_v0\.venv\Lib\site-packages\openmdao\solvers\solver.py:819: SolverWarning:Your model has stalled three times and may be violating the bounds. In the future, turn on print_bound_enforce in your solver options here: 
OD0.turb.real_flow.nonlinear_solver.linesearch.options['print_bound_enforce']=True. 
The bound(s) being violated now are:

C:\Users\MEO\Desktop\Projects\JetEngine\boomsonic_v0\.venv\Lib\site-packages\openmdao\solvers\linesearch\backtracking.py:35: SolverWarning:'OD0.turb.real_flow.balance.T' exceeds upper bounds
  Val: [2519.81763485]
  Upper: [2500.]

C:\Users\MEO\Desktop\Projects\JetEngine\boomsonic_v0\.venv\Lib\site-packages\openmdao\solvers\solver.py:819: SolverWarning:Your model has stalled three times and may be violating the bounds. In the future, turn on print_bound_enforce in your solver options here: 
OD0.turb.out_stat.nonlinear_solver.linesearch.options['print_bound_enforce']=True. 
The bound(s) being violated now are:

C:\Users\MEO\Desktop\Projects\JetEngine\boomsonic_v0\.venv\Lib\site-packages\openmdao\solvers\linesearch\backtracking.py:35: SolverWarning:'OD0.turb.out_stat.balance.T' exceeds upper bounds
  Val: [2524.56500352]
  Upper: [2500.]

C:\Users\MEO\Desktop\Projects\JetEngine\boomsonic_v0\.venv\Lib\site-packages\openmdao\solvers\solver.py:819: SolverWarning:Your model has stalled three times and may be violating the bounds. In the future, turn on print_bound_enforce in your solver options here: 
OD0.nozz.throat_total.nonlinear_solver.linesearch.options['print_bound_enforce']=True. 
The bound(s) being violated now are:

C:\Users\MEO\Desktop\Projects\JetEngine\boomsonic_v0\.venv\Lib\site-packages\openmdao\solvers\linesearch\backtracking.py:35: SolverWarning:'OD0.nozz.throat_total.balance.T' exceeds upper bounds
  Val: [2519.81763485]
  Upper: [2500.]

C:\Users\MEO\Desktop\Projects\JetEngine\boomsonic_v0\.venv\Lib\site-packages\pycycle\thermo\static_ps_resid.py:128: RuntimeWarning: invalid value encountered in sqrt
  Vsonic = (i['gamma']*i['R']*i['Ts'])**0.5
C:\Users\MEO\Desktop\Projects\JetEngine\boomsonic_v0\.venv\Lib\site-packages\pycycle\elements\turbine.py:40: RuntimeWarning: invalid value encountered in sqrt
  outputs['Wp'] = inputs['W_in'] * inputs['Tt']**0.5 / inputs['Pt']
C:\Users\MEO\Desktop\Projects\JetEngine\boomsonic_v0\.venv\Lib\site-packages\pycycle\elements\turbine.py:41: RuntimeWarning: invalid value encountered in power
  outputs['Np'] = inputs['Nmech'] * inputs['Tt']**-0.5
C:\Users\MEO\Desktop\Projects\JetEngine\boomsonic_v0\.venv\Lib\site-packages\pycycle\thermo\static_ps_resid.py:108: RuntimeWarning: invalid value encountered in sqrt
  Vsonic = (i['gamma']*i['R']*i['Ts'])**0.5
C:\Users\MEO\Desktop\Projects\JetEngine\boomsonic_v0\.venv\Lib\site-packages\pycycle\thermo\static_ps_calc.py:32: RuntimeWarning: invalid value encountered in sqrt
  outputs['Vsonic'] = Vsonic = np.sqrt(inputs['gamma'] * inputs['R'] * inputs['Ts'])
C:\Users\MEO\Desktop\Projects\JetEngine\boomsonic_v0\.venv\Lib\site-packages\pycycle\thermo\static_ps_resid.py:128: RuntimeWarning: invalid value encountered in sqrt
  Vsonic = (i['gamma']*i['R']*i['Ts'])**0.5
C:\Users\MEO\Desktop\Projects\JetEngine\boomsonic_v0\.venv\Lib\site-packages\pycycle\thermo\static_ps_resid.py:128: RuntimeWarning: invalid value encountered in sqrt
  Vsonic = (i['gamma']*i['R']*i['Ts'])**0.5
C:\Users\MEO\Desktop\Projects\JetEngine\boomsonic_v0\.venv\Lib\site-packages\pycycle\thermo\static_ps_resid.py:108: RuntimeWarning: invalid value encountered in sqrt
  Vsonic = (i['gamma']*i['R']*i['Ts'])**0.5
C:\Users\MEO\Desktop\Projects\JetEngine\boomsonic_v0\.venv\Lib\site-packages\openmdao\solvers\solver.py:819: SolverWarning:Your model has stalled three times and may be violating the bounds. In the future, turn on print_bound_enforce in your solver options here: 
OD0.burner.out_stat.nonlinear_solver.linesearch.options['print_bound_enforce']=True. 
The bound(s) being violated now are:

C:\Users\MEO\Desktop\Projects\JetEngine\boomsonic_v0\.venv\Lib\site-packages\pycycle\elements\turbine.py:89: RuntimeWarning: invalid value encountered in log
  outputs['eff_poly'] = 1 + (S_out-S_in)/(Rt*np.log(invPR))
C:\Users\MEO\Desktop\Projects\JetEngine\boomsonic_v0\.venv\Lib\site-packages\openmdao\solvers\solver.py:819: SolverWarning:Your model has stalled three times and may be violating the bounds. In the future, turn on print_bound_enforce in your solver options here: 
OD0.burner.vitiated_flow.nonlinear_solver.linesearch.options['print_bound_enforce']=True. 
The bound(s) being violated now are:

C:\Users\MEO\Desktop\Projects\JetEngine\boomsonic_v0\.venv\Lib\site-packages\openmdao\solvers\linesearch\backtracking.py:35: SolverWarning:'OD0.burner.vitiated_flow.balance.T' exceeds upper bounds
  Val: [3104.4713748]
  Upper: [2500.]

C:\Users\MEO\Desktop\Projects\JetEngine\boomsonic_v0\.venv\Lib\site-packages\openmdao\solvers\solver.py:819: SolverWarning:Your model has stalled three times and may be violating the bounds. In the future, turn on print_bound_enforce in your solver options here: 
OD0.burner.out_stat.nonlinear_solver.linesearch.options['print_bound_enforce']=True. 
The bound(s) being violated now are:

C:\Users\MEO\Desktop\Projects\JetEngine\boomsonic_v0\.venv\Lib\site-packages\openmdao\solvers\linesearch\backtracking.py:35: SolverWarning:'OD0.burner.out_stat.balance.T' exceeds upper bounds
  Val: [3894.69182255]
  Upper: [2500.]

C:\Users\MEO\Desktop\Projects\JetEngine\boomsonic_v0\.venv\Lib\site-packages\openmdao\solvers\linesearch\backtracking.py:39: SolverWarning:'OD0.burner.out_stat.ps_resid.MN' exceeds lower bounds
  Val: [0.00048368]
  Lower: [0.001]

C:\Users\MEO\Desktop\Projects\JetEngine\boomsonic_v0\.venv\Lib\site-packages\openmdao\solvers\solver.py:819: SolverWarning:Your model has stalled three times and may be violating the bounds. In the future, turn on print_bound_enforce in your solver options here: 
OD0.turb.real_flow_b4bld.nonlinear_solver.linesearch.options['print_bound_enforce']=True. 
The bound(s) being violated now are:

C:\Users\MEO\Desktop\Projects\JetEngine\boomsonic_v0\.venv\Lib\site-packages\openmdao\solvers\linesearch\backtracking.py:35: SolverWarning:'OD0.turb.real_flow_b4bld.balance.T' exceeds upper bounds
  Val: [2826.75435498]
  Upper: [2500.]

C:\Users\MEO\Desktop\Projects\JetEngine\boomsonic_v0\.venv\Lib\site-packages\openmdao\solvers\solver.py:819: SolverWarning:Your model has stalled three times and may be violating the bounds. In the future, turn on print_bound_enforce in your solver options here: 
OD0.turb.real_flow.nonlinear_solver.linesearch.options['print_bound_enforce']=True. 
The bound(s) being violated now are:

C:\Users\MEO\Desktop\Projects\JetEngine\boomsonic_v0\.venv\Lib\site-packages\openmdao\solvers\linesearch\backtracking.py:35: SolverWarning:'OD0.turb.real_flow.balance.T' exceeds upper bounds
  Val: [2826.75435498]
  Upper: [2500.]

C:\Users\MEO\Desktop\Projects\JetEngine\boomsonic_v0\.venv\Lib\site-packages\openmdao\solvers\solver.py:819: SolverWarning:Your model has stalled three times and may be violating the bounds. In the future, turn on print_bound_enforce in your solver options here: 
OD0.turb.out_stat.nonlinear_solver.linesearch.options['print_bound_enforce']=True. 
The bound(s) being violated now are:

C:\Users\MEO\Desktop\Projects\JetEngine\boomsonic_v0\.venv\Lib\site-packages\openmdao\solvers\linesearch\backtracking.py:35: SolverWarning:'OD0.turb.out_stat.balance.T' exceeds upper bounds
  Val: [3148.92999618]
  Upper: [2500.]

C:\Users\MEO\Desktop\Projects\JetEngine\boomsonic_v0\.venv\Lib\site-packages\openmdao\solvers\solver.py:819: SolverWarning:Your model has stalled three times and may be violating the bounds. In the future, turn on print_bound_enforce in your solver options here: 
OD0.nozz.throat_total.nonlinear_solver.linesearch.options['print_bound_enforce']=True. 
The bound(s) being violated now are:

C:\Users\MEO\Desktop\Projects\JetEngine\boomsonic_v0\.venv\Lib\site-packages\openmdao\solvers\linesearch\backtracking.py:35: SolverWarning:'OD0.nozz.throat_total.balance.T' exceeds upper bounds
  Val: [2826.75435498]
  Upper: [2500.]

C:\Users\MEO\Desktop\Projects\JetEngine\boomsonic_v0\.venv\Lib\site-packages\pycycle\thermo\static_ps_resid.py:128: RuntimeWarning: invalid value encountered in sqrt
  Vsonic = (i['gamma']*i['R']*i['Ts'])**0.5
C:\Users\MEO\Desktop\Projects\JetEngine\boomsonic_v0\.venv\Lib\site-packages\pycycle\elements\turbine.py:89: RuntimeWarning: invalid value encountered in log
  outputs['eff_poly'] = 1 + (S_out-S_in)/(Rt*np.log(invPR))
C:\Users\MEO\Desktop\Projects\JetEngine\boomsonic_v0\.venv\Lib\site-packages\pycycle\thermo\static_ps_resid.py:108: RuntimeWarning: invalid value encountered in sqrt
  Vsonic = (i['gamma']*i['R']*i['Ts'])**0.5
C:\Users\MEO\Desktop\Projects\JetEngine\boomsonic_v0\.venv\Lib\site-packages\pycycle\thermo\static_ps_calc.py:32: RuntimeWarning: invalid value encountered in sqrt
  outputs['Vsonic'] = Vsonic = np.sqrt(inputs['gamma'] * inputs['R'] * inputs['Ts'])
C:\Users\MEO\Desktop\Projects\JetEngine\boomsonic_v0\.venv\Lib\site-packages\openmdao\solvers\solver.py:819: SolverWarning:Your model has stalled three times and may be violating the bounds. In the future, turn on print_bound_enforce in your solver options here: 
OD0.burner.vitiated_flow.nonlinear_solver.linesearch.options['print_bound_enforce']=True. 
The bound(s) being violated now are:

C:\Users\MEO\Desktop\Projects\JetEngine\boomsonic_v0\.venv\Lib\site-packages\openmdao\solvers\linesearch\backtracking.py:35: SolverWarning:'OD0.burner.vitiated_flow.balance.T' exceeds upper bounds
  Val: [4248.36741261]
  Upper: [2500.]

C:\Users\MEO\Desktop\Projects\JetEngine\boomsonic_v0\.venv\Lib\site-packages\pycycle\thermo\static_ps_resid.py:128: RuntimeWarning: invalid value encountered in sqrt
  Vsonic = (i['gamma']*i['R']*i['Ts'])**0.5
C:\Users\MEO\Desktop\Projects\JetEngine\boomsonic_v0\.venv\Lib\site-packages\pycycle\thermo\static_ps_resid.py:98: RuntimeWarning: invalid value encountered in power
  ps_guess = inputs['guess:Pt'] * (1 + (gamt-1)/2 * M_guess**2)**(-gamt/(gamt-1))
C:\Users\MEO\Desktop\Projects\JetEngine\boomsonic_v0\.venv\Lib\site-packages\pycycle\thermo\static_ps_resid.py:93: RuntimeWarning: invalid value encountered in power
  f1 = ps - inputs['guess:Pt'] * (1 + (gamt-1)/2 * M_guess**2)**(-gamt/(gamt-1))
C:\Users\MEO\Desktop\Projects\JetEngine\boomsonic_v0\.venv\Lib\site-packages\pycycle\thermo\static_ps_resid.py:94: RuntimeWarning: invalid value encountered in sqrt
  f2 = MN - inputs['W']*(R_UNIVERSAL_SI*inputs['Ts'])**0.5/(ps_guess*1.0e6*inputs['area']*gamt**0.5)
C:\Users\MEO\Desktop\Projects\JetEngine\boomsonic_v0\.venv\Lib\site-packages\pycycle\thermo\static_ps_resid.py:99: RuntimeWarning: The iteration is not making good progress, as measured by the 
 improvement from the last ten iterations.
  ps_guess, M_guess = fsolve(equations, (ps_guess, M_guess))
C:\Users\MEO\Desktop\Projects\JetEngine\boomsonic_v0\.venv\Lib\site-packages\pycycle\thermo\static_ps_resid.py:128: RuntimeWarning: invalid value encountered in sqrt
  Vsonic = (i['gamma']*i['R']*i['Ts'])**0.5
C:\Users\MEO\Desktop\Projects\JetEngine\boomsonic_v0\.venv\Lib\site-packages\openmdao\solvers\solver.py:819: SolverWarning:Your model has stalled three times and may be violating the bounds. In the future, turn on print_bound_enforce in your solver options here: 
OD0.turb.real_flow_b4bld.nonlinear_solver.linesearch.options['print_bound_enforce']=True. 
The bound(s) being violated now are:

C:\Users\MEO\Desktop\Projects\JetEngine\boomsonic_v0\.venv\Lib\site-packages\openmdao\solvers\linesearch\backtracking.py:35: SolverWarning:'OD0.turb.real_flow_b4bld.balance.T' exceeds upper bounds
  Val: [3066.5818802]
  Upper: [2500.]

C:\Users\MEO\Desktop\Projects\JetEngine\boomsonic_v0\.venv\Lib\site-packages\openmdao\solvers\solver.py:819: SolverWarning:Your model has stalled three times and may be violating the bounds. In the future, turn on print_bound_enforce in your solver options here: 
OD0.turb.real_flow.nonlinear_solver.linesearch.options['print_bound_enforce']=True. 
The bound(s) being violated now are:

C:\Users\MEO\Desktop\Projects\JetEngine\boomsonic_v0\.venv\Lib\site-packages\openmdao\solvers\linesearch\backtracking.py:35: SolverWarning:'OD0.turb.real_flow.balance.T' exceeds upper bounds
  Val: [3066.5818802]
  Upper: [2500.]

C:\Users\MEO\Desktop\Projects\JetEngine\boomsonic_v0\.venv\Lib\site-packages\pycycle\thermo\static_ps_resid.py:128: RuntimeWarning: invalid value encountered in sqrt
  Vsonic = (i['gamma']*i['R']*i['Ts'])**0.5
C:\Users\MEO\Desktop\Projects\JetEngine\boomsonic_v0\.venv\Lib\site-packages\pycycle\thermo\static_ps_resid.py:98: RuntimeWarning: invalid value encountered in power
  ps_guess = inputs['guess:Pt'] * (1 + (gamt-1)/2 * M_guess**2)**(-gamt/(gamt-1))
C:\Users\MEO\Desktop\Projects\JetEngine\boomsonic_v0\.venv\Lib\site-packages\pycycle\thermo\static_ps_resid.py:93: RuntimeWarning: invalid value encountered in power
  f1 = ps - inputs['guess:Pt'] * (1 + (gamt-1)/2 * M_guess**2)**(-gamt/(gamt-1))
C:\Users\MEO\Desktop\Projects\JetEngine\boomsonic_v0\.venv\Lib\site-packages\pycycle\thermo\static_ps_resid.py:94: RuntimeWarning: invalid value encountered in sqrt
  f2 = MN - inputs['W']*(R_UNIVERSAL_SI*inputs['Ts'])**0.5/(ps_guess*1.0e6*inputs['area']*gamt**0.5)
C:\Users\MEO\Desktop\Projects\JetEngine\boomsonic_v0\.venv\Lib\site-packages\pycycle\thermo\static_ps_resid.py:99: RuntimeWarning: The iteration is not making good progress, as measured by the 
 improvement from the last ten iterations.
  ps_guess, M_guess = fsolve(equations, (ps_guess, M_guess))
C:\Users\MEO\Desktop\Projects\JetEngine\boomsonic_v0\.venv\Lib\site-packages\openmdao\solvers\solver.py:819: SolverWarning:Your model has stalled three times and may be violating the bounds. In the future, turn on print_bound_enforce in your solver options here: 
OD0.nozz.throat_total.nonlinear_solver.linesearch.options['print_bound_enforce']=True. 
The bound(s) being violated now are:

C:\Users\MEO\Desktop\Projects\JetEngine\boomsonic_v0\.venv\Lib\site-packages\openmdao\solvers\linesearch\backtracking.py:35: SolverWarning:'OD0.nozz.throat_total.balance.T' exceeds upper bounds
  Val: [3066.5818802]
  Upper: [2500.]

C:\Users\MEO\Desktop\Projects\JetEngine\boomsonic_v0\.venv\Lib\site-packages\pycycle\thermo\static_ps_resid.py:108: RuntimeWarning: invalid value encountered in sqrt
  Vsonic = (i['gamma']*i['R']*i['Ts'])**0.5
C:\Users\MEO\Desktop\Projects\JetEngine\boomsonic_v0\.venv\Lib\site-packages\pycycle\thermo\static_ps_resid.py:83: RuntimeWarning: invalid value encountered in power
  ps_guess = inputs['guess:Pt'] * (1 + (gamt-1)/2 * inputs['MN']**2)**(-gamt/(gamt-1))
C:\Users\MEO\Desktop\Projects\JetEngine\boomsonic_v0\.venv\Lib\site-packages\pycycle\thermo\static_ps_calc.py:32: RuntimeWarning: invalid value encountered in sqrt
  outputs['Vsonic'] = Vsonic = np.sqrt(inputs['gamma'] * inputs['R'] * inputs['Ts'])
C:\Users\MEO\Desktop\Projects\JetEngine\boomsonic_v0\.venv\Lib\site-packages\pycycle\thermo\static_ps_resid.py:128: RuntimeWarning: invalid value encountered in sqrt
  Vsonic = (i['gamma']*i['R']*i['Ts'])**0.5
C:\Users\MEO\Desktop\Projects\JetEngine\boomsonic_v0\.venv\Lib\site-packages\pycycle\thermo\static_ps_resid.py:98: RuntimeWarning: invalid value encountered in power
  ps_guess = inputs['guess:Pt'] * (1 + (gamt-1)/2 * M_guess**2)**(-gamt/(gamt-1))
C:\Users\MEO\Desktop\Projects\JetEngine\boomsonic_v0\.venv\Lib\site-packages\pycycle\thermo\static_ps_resid.py:93: RuntimeWarning: invalid value encountered in power
  f1 = ps - inputs['guess:Pt'] * (1 + (gamt-1)/2 * M_guess**2)**(-gamt/(gamt-1))
C:\Users\MEO\Desktop\Projects\JetEngine\boomsonic_v0\.venv\Lib\site-packages\pycycle\thermo\static_ps_resid.py:94: RuntimeWarning: invalid value encountered in sqrt
  f2 = MN - inputs['W']*(R_UNIVERSAL_SI*inputs['Ts'])**0.5/(ps_guess*1.0e6*inputs['area']*gamt**0.5)
C:\Users\MEO\Desktop\Projects\JetEngine\boomsonic_v0\.venv\Lib\site-packages\pycycle\thermo\static_ps_resid.py:99: RuntimeWarning: The iteration is not making good progress, as measured by the 
 improvement from the last ten iterations.
  ps_guess, M_guess = fsolve(equations, (ps_guess, M_guess))
C:\Users\MEO\Desktop\Projects\JetEngine\boomsonic_v0\.venv\Lib\site-packages\openmdao\solvers\solver.py:819: SolverWarning:Your model has stalled three times and may be violating the bounds. In the future, turn on print_bound_enforce in your solver options here: 
OD0.burner.vitiated_flow.nonlinear_solver.linesearch.options['print_bound_enforce']=True. 
The bound(s) being violated now are:

C:\Users\MEO\Desktop\Projects\JetEngine\boomsonic_v0\.venv\Lib\site-packages\openmdao\solvers\linesearch\backtracking.py:35: SolverWarning:'OD0.burner.vitiated_flow.balance.T' exceeds upper bounds
  Val: [4248.36741261]
  Upper: [2500.]

C:\Users\MEO\Desktop\Projects\JetEngine\boomsonic_v0\.venv\Lib\site-packages\pycycle\thermo\static_ps_resid.py:128: RuntimeWarning: invalid value encountered in sqrt
  Vsonic = (i['gamma']*i['R']*i['Ts'])**0.5
C:\Users\MEO\Desktop\Projects\JetEngine\boomsonic_v0\.venv\Lib\site-packages\pycycle\thermo\static_ps_resid.py:98: RuntimeWarning: invalid value encountered in power
  ps_guess = inputs['guess:Pt'] * (1 + (gamt-1)/2 * M_guess**2)**(-gamt/(gamt-1))
C:\Users\MEO\Desktop\Projects\JetEngine\boomsonic_v0\.venv\Lib\site-packages\pycycle\thermo\static_ps_resid.py:93: RuntimeWarning: invalid value encountered in power
  f1 = ps - inputs['guess:Pt'] * (1 + (gamt-1)/2 * M_guess**2)**(-gamt/(gamt-1))
C:\Users\MEO\Desktop\Projects\JetEngine\boomsonic_v0\.venv\Lib\site-packages\pycycle\thermo\static_ps_resid.py:94: RuntimeWarning: invalid value encountered in sqrt
  f2 = MN - inputs['W']*(R_UNIVERSAL_SI*inputs['Ts'])**0.5/(ps_guess*1.0e6*inputs['area']*gamt**0.5)
C:\Users\MEO\Desktop\Projects\JetEngine\boomsonic_v0\.venv\Lib\site-packages\pycycle\thermo\static_ps_resid.py:99: RuntimeWarning: The iteration is not making good progress, as measured by the 
 improvement from the last ten iterations.
  ps_guess, M_guess = fsolve(equations, (ps_guess, M_guess))
C:\Users\MEO\Desktop\Projects\JetEngine\boomsonic_v0\.venv\Lib\site-packages\openmdao\solvers\solver.py:819: SolverWarning:Your model has stalled three times and may be violating the bounds. In the future, turn on print_bound_enforce in your solver options here: 
OD0.turb.real_flow_b4bld.nonlinear_solver.linesearch.options['print_bound_enforce']=True. 
The bound(s) being violated now are:

C:\Users\MEO\Desktop\Projects\JetEngine\boomsonic_v0\.venv\Lib\site-packages\openmdao\solvers\linesearch\backtracking.py:35: SolverWarning:'OD0.turb.real_flow_b4bld.balance.T' exceeds upper bounds
  Val: [3066.5818802]
  Upper: [2500.]

C:\Users\MEO\Desktop\Projects\JetEngine\boomsonic_v0\.venv\Lib\site-packages\openmdao\solvers\solver.py:819: SolverWarning:Your model has stalled three times and may be violating the bounds. In the future, turn on print_bound_enforce in your solver options here: 
OD0.turb.real_flow.nonlinear_solver.linesearch.options['print_bound_enforce']=True. 
The bound(s) being violated now are:

C:\Users\MEO\Desktop\Projects\JetEngine\boomsonic_v0\.venv\Lib\site-packages\openmdao\solvers\linesearch\backtracking.py:35: SolverWarning:'OD0.turb.real_flow.balance.T' exceeds upper bounds
  Val: [3066.5818802]
  Upper: [2500.]

C:\Users\MEO\Desktop\Projects\JetEngine\boomsonic_v0\.venv\Lib\site-packages\pycycle\thermo\static_ps_resid.py:128: RuntimeWarning: invalid value encountered in sqrt
  Vsonic = (i['gamma']*i['R']*i['Ts'])**0.5
C:\Users\MEO\Desktop\Projects\JetEngine\boomsonic_v0\.venv\Lib\site-packages\pycycle\thermo\static_ps_resid.py:98: RuntimeWarning: invalid value encountered in power
  ps_guess = inputs['guess:Pt'] * (1 + (gamt-1)/2 * M_guess**2)**(-gamt/(gamt-1))
C:\Users\MEO\Desktop\Projects\JetEngine\boomsonic_v0\.venv\Lib\site-packages\pycycle\thermo\static_ps_resid.py:93: RuntimeWarning: invalid value encountered in power
  f1 = ps - inputs['guess:Pt'] * (1 + (gamt-1)/2 * M_guess**2)**(-gamt/(gamt-1))
C:\Users\MEO\Desktop\Projects\JetEngine\boomsonic_v0\.venv\Lib\site-packages\pycycle\thermo\static_ps_resid.py:94: RuntimeWarning: invalid value encountered in sqrt
  f2 = MN - inputs['W']*(R_UNIVERSAL_SI*inputs['Ts'])**0.5/(ps_guess*1.0e6*inputs['area']*gamt**0.5)
C:\Users\MEO\Desktop\Projects\JetEngine\boomsonic_v0\.venv\Lib\site-packages\pycycle\thermo\static_ps_resid.py:99: RuntimeWarning: The iteration is not making good progress, as measured by the 
 improvement from the last ten iterations.
  ps_guess, M_guess = fsolve(equations, (ps_guess, M_guess))
C:\Users\MEO\Desktop\Projects\JetEngine\boomsonic_v0\.venv\Lib\site-packages\openmdao\solvers\solver.py:819: SolverWarning:Your model has stalled three times and may be violating the bounds. In the future, turn on print_bound_enforce in your solver options here: 
OD0.nozz.throat_total.nonlinear_solver.linesearch.options['print_bound_enforce']=True. 
The bound(s) being violated now are:

C:\Users\MEO\Desktop\Projects\JetEngine\boomsonic_v0\.venv\Lib\site-packages\openmdao\solvers\linesearch\backtracking.py:35: SolverWarning:'OD0.nozz.throat_total.balance.T' exceeds upper bounds
  Val: [3066.5818802]
  Upper: [2500.]

C:\Users\MEO\Desktop\Projects\JetEngine\boomsonic_v0\.venv\Lib\site-packages\pycycle\thermo\static_ps_resid.py:108: RuntimeWarning: invalid value encountered in sqrt
  Vsonic = (i['gamma']*i['R']*i['Ts'])**0.5
C:\Users\MEO\Desktop\Projects\JetEngine\boomsonic_v0\.venv\Lib\site-packages\pycycle\thermo\static_ps_resid.py:83: RuntimeWarning: invalid value encountered in power
  ps_guess = inputs['guess:Pt'] * (1 + (gamt-1)/2 * inputs['MN']**2)**(-gamt/(gamt-1))
C:\Users\MEO\Desktop\Projects\JetEngine\boomsonic_v0\.venv\Lib\site-packages\pycycle\thermo\static_ps_calc.py:32: RuntimeWarning: invalid value encountered in sqrt
  outputs['Vsonic'] = Vsonic = np.sqrt(inputs['gamma'] * inputs['R'] * inputs['Ts'])
C:\Users\MEO\Desktop\Projects\JetEngine\boomsonic_v0\.venv\Lib\site-packages\pycycle\thermo\static_ps_resid.py:128: RuntimeWarning: invalid value encountered in sqrt
  Vsonic = (i['gamma']*i['R']*i['Ts'])**0.5
C:\Users\MEO\Desktop\Projects\JetEngine\boomsonic_v0\.venv\Lib\site-packages\pycycle\thermo\static_ps_resid.py:98: RuntimeWarning: invalid value encountered in power
  ps_guess = inputs['guess:Pt'] * (1 + (gamt-1)/2 * M_guess**2)**(-gamt/(gamt-1))
C:\Users\MEO\Desktop\Projects\JetEngine\boomsonic_v0\.venv\Lib\site-packages\pycycle\thermo\static_ps_resid.py:93: RuntimeWarning: invalid value encountered in power
  f1 = ps - inputs['guess:Pt'] * (1 + (gamt-1)/2 * M_guess**2)**(-gamt/(gamt-1))
C:\Users\MEO\Desktop\Projects\JetEngine\boomsonic_v0\.venv\Lib\site-packages\pycycle\thermo\static_ps_resid.py:94: RuntimeWarning: invalid value encountered in sqrt
  f2 = MN - inputs['W']*(R_UNIVERSAL_SI*inputs['Ts'])**0.5/(ps_guess*1.0e6*inputs['area']*gamt**0.5)
C:\Users\MEO\Desktop\Projects\JetEngine\boomsonic_v0\.venv\Lib\site-packages\pycycle\thermo\static_ps_resid.py:99: RuntimeWarning: The iteration is not making good progress, as measured by the 
 improvement from the last ten iterations.
  ps_guess, M_guess = fsolve(equations, (ps_guess, M_guess))
C:\Users\MEO\Desktop\Projects\JetEngine\boomsonic_v0\.venv\Lib\site-packages\openmdao\solvers\solver.py:819: SolverWarning:Your model has stalled three times and may be violating the bounds. In the future, turn on print_bound_enforce in your solver options here: 
OD0.burner.vitiated_flow.nonlinear_solver.linesearch.options['print_bound_enforce']=True. 
The bound(s) being violated now are:

C:\Users\MEO\Desktop\Projects\JetEngine\boomsonic_v0\.venv\Lib\site-packages\openmdao\solvers\linesearch\backtracking.py:35: SolverWarning:'OD0.burner.vitiated_flow.balance.T' exceeds upper bounds
  Val: [4248.36741261]
  Upper: [2500.]

C:\Users\MEO\Desktop\Projects\JetEngine\boomsonic_v0\.venv\Lib\site-packages\pycycle\thermo\static_ps_resid.py:128: RuntimeWarning: invalid value encountered in sqrt
  Vsonic = (i['gamma']*i['R']*i['Ts'])**0.5
C:\Users\MEO\Desktop\Projects\JetEngine\boomsonic_v0\.venv\Lib\site-packages\pycycle\thermo\static_ps_resid.py:98: RuntimeWarning: invalid value encountered in power
  ps_guess = inputs['guess:Pt'] * (1 + (gamt-1)/2 * M_guess**2)**(-gamt/(gamt-1))
C:\Users\MEO\Desktop\Projects\JetEngine\boomsonic_v0\.venv\Lib\site-packages\pycycle\thermo\static_ps_resid.py:93: RuntimeWarning: invalid value encountered in power
  f1 = ps - inputs['guess:Pt'] * (1 + (gamt-1)/2 * M_guess**2)**(-gamt/(gamt-1))
C:\Users\MEO\Desktop\Projects\JetEngine\boomsonic_v0\.venv\Lib\site-packages\pycycle\thermo\static_ps_resid.py:94: RuntimeWarning: invalid value encountered in sqrt
  f2 = MN - inputs['W']*(R_UNIVERSAL_SI*inputs['Ts'])**0.5/(ps_guess*1.0e6*inputs['area']*gamt**0.5)
C:\Users\MEO\Desktop\Projects\JetEngine\boomsonic_v0\.venv\Lib\site-packages\pycycle\thermo\static_ps_resid.py:99: RuntimeWarning: The iteration is not making good progress, as measured by the 
 improvement from the last ten iterations.
  ps_guess, M_guess = fsolve(equations, (ps_guess, M_guess))
C:\Users\MEO\Desktop\Projects\JetEngine\boomsonic_v0\.venv\Lib\site-packages\openmdao\solvers\solver.py:819: SolverWarning:Your model has stalled three times and may be violating the bounds. In the future, turn on print_bound_enforce in your solver options here: 
OD0.turb.real_flow_b4bld.nonlinear_solver.linesearch.options['print_bound_enforce']=True. 
The bound(s) being violated now are:

C:\Users\MEO\Desktop\Projects\JetEngine\boomsonic_v0\.venv\Lib\site-packages\openmdao\solvers\linesearch\backtracking.py:35: SolverWarning:'OD0.turb.real_flow_b4bld.balance.T' exceeds upper bounds
  Val: [3066.5818802]
  Upper: [2500.]

C:\Users\MEO\Desktop\Projects\JetEngine\boomsonic_v0\.venv\Lib\site-packages\openmdao\solvers\solver.py:819: SolverWarning:Your model has stalled three times and may be violating the bounds. In the future, turn on print_bound_enforce in your solver options here: 
OD0.turb.real_flow.nonlinear_solver.linesearch.options['print_bound_enforce']=True. 
The bound(s) being violated now are:

C:\Users\MEO\Desktop\Projects\JetEngine\boomsonic_v0\.venv\Lib\site-packages\openmdao\solvers\linesearch\backtracking.py:35: SolverWarning:'OD0.turb.real_flow.balance.T' exceeds upper bounds
  Val: [3066.5818802]
  Upper: [2500.]

C:\Users\MEO\Desktop\Projects\JetEngine\boomsonic_v0\.venv\Lib\site-packages\pycycle\thermo\static_ps_resid.py:128: RuntimeWarning: invalid value encountered in sqrt
  Vsonic = (i['gamma']*i['R']*i['Ts'])**0.5
C:\Users\MEO\Desktop\Projects\JetEngine\boomsonic_v0\.venv\Lib\site-packages\pycycle\thermo\static_ps_resid.py:98: RuntimeWarning: invalid value encountered in power
  ps_guess = inputs['guess:Pt'] * (1 + (gamt-1)/2 * M_guess**2)**(-gamt/(gamt-1))
C:\Users\MEO\Desktop\Projects\JetEngine\boomsonic_v0\.venv\Lib\site-packages\pycycle\thermo\static_ps_resid.py:93: RuntimeWarning: invalid value encountered in power
  f1 = ps - inputs['guess:Pt'] * (1 + (gamt-1)/2 * M_guess**2)**(-gamt/(gamt-1))
C:\Users\MEO\Desktop\Projects\JetEngine\boomsonic_v0\.venv\Lib\site-packages\pycycle\thermo\static_ps_resid.py:94: RuntimeWarning: invalid value encountered in sqrt
  f2 = MN - inputs['W']*(R_UNIVERSAL_SI*inputs['Ts'])**0.5/(ps_guess*1.0e6*inputs['area']*gamt**0.5)
C:\Users\MEO\Desktop\Projects\JetEngine\boomsonic_v0\.venv\Lib\site-packages\pycycle\thermo\static_ps_resid.py:99: RuntimeWarning: The iteration is not making good progress, as measured by the 
 improvement from the last ten iterations.
  ps_guess, M_guess = fsolve(equations, (ps_guess, M_guess))
C:\Users\MEO\Desktop\Projects\JetEngine\boomsonic_v0\.venv\Lib\site-packages\openmdao\solvers\solver.py:819: SolverWarning:Your model has stalled three times and may be violating the bounds. In the future, turn on print_bound_enforce in your solver options here: 
OD0.nozz.throat_total.nonlinear_solver.linesearch.options['print_bound_enforce']=True. 
The bound(s) being violated now are:

C:\Users\MEO\Desktop\Projects\JetEngine\boomsonic_v0\.venv\Lib\site-packages\openmdao\solvers\linesearch\backtracking.py:35: SolverWarning:'OD0.nozz.throat_total.balance.T' exceeds upper bounds
  Val: [3066.5818802]
  Upper: [2500.]

C:\Users\MEO\Desktop\Projects\JetEngine\boomsonic_v0\.venv\Lib\site-packages\pycycle\thermo\static_ps_resid.py:108: RuntimeWarning: invalid value encountered in sqrt
  Vsonic = (i['gamma']*i['R']*i['Ts'])**0.5
C:\Users\MEO\Desktop\Projects\JetEngine\boomsonic_v0\.venv\Lib\site-packages\pycycle\thermo\static_ps_resid.py:83: RuntimeWarning: invalid value encountered in power
  ps_guess = inputs['guess:Pt'] * (1 + (gamt-1)/2 * inputs['MN']**2)**(-gamt/(gamt-1))
C:\Users\MEO\Desktop\Projects\JetEngine\boomsonic_v0\.venv\Lib\site-packages\pycycle\thermo\static_ps_calc.py:32: RuntimeWarning: invalid value encountered in sqrt
  outputs['Vsonic'] = Vsonic = np.sqrt(inputs['gamma'] * inputs['R'] * inputs['Ts'])
C:\Users\MEO\Desktop\Projects\JetEngine\boomsonic_v0\.venv\Lib\site-packages\pycycle\thermo\static_ps_resid.py:128: RuntimeWarning: invalid value encountered in sqrt
  Vsonic = (i['gamma']*i['R']*i['Ts'])**0.5
C:\Users\MEO\Desktop\Projects\JetEngine\boomsonic_v0\.venv\Lib\site-packages\pycycle\thermo\static_ps_resid.py:98: RuntimeWarning: invalid value encountered in power
  ps_guess = inputs['guess:Pt'] * (1 + (gamt-1)/2 * M_guess**2)**(-gamt/(gamt-1))
C:\Users\MEO\Desktop\Projects\JetEngine\boomsonic_v0\.venv\Lib\site-packages\pycycle\thermo\static_ps_resid.py:93: RuntimeWarning: invalid value encountered in power
  f1 = ps - inputs['guess:Pt'] * (1 + (gamt-1)/2 * M_guess**2)**(-gamt/(gamt-1))
C:\Users\MEO\Desktop\Projects\JetEngine\boomsonic_v0\.venv\Lib\site-packages\pycycle\thermo\static_ps_resid.py:94: RuntimeWarning: invalid value encountered in sqrt
  f2 = MN - inputs['W']*(R_UNIVERSAL_SI*inputs['Ts'])**0.5/(ps_guess*1.0e6*inputs['area']*gamt**0.5)
C:\Users\MEO\Desktop\Projects\JetEngine\boomsonic_v0\.venv\Lib\site-packages\pycycle\thermo\static_ps_resid.py:99: RuntimeWarning: The iteration is not making good progress, as measured by the 
 improvement from the last ten iterations.
  ps_guess, M_guess = fsolve(equations, (ps_guess, M_guess))
C:\Users\MEO\Desktop\Projects\JetEngine\boomsonic_v0\.venv\Lib\site-packages\openmdao\solvers\solver.py:819: SolverWarning:Your model has stalled three times and may be violating the bounds. In the future, turn on print_bound_enforce in your solver options here: 
OD0.burner.vitiated_flow.nonlinear_solver.linesearch.options['print_bound_enforce']=True. 
The bound(s) being violated now are:

C:\Users\MEO\Desktop\Projects\JetEngine\boomsonic_v0\.venv\Lib\site-packages\openmdao\solvers\linesearch\backtracking.py:35: SolverWarning:'OD0.burner.vitiated_flow.balance.T' exceeds upper bounds
  Val: [4248.36741261]
  Upper: [2500.]

C:\Users\MEO\Desktop\Projects\JetEngine\boomsonic_v0\.venv\Lib\site-packages\pycycle\thermo\static_ps_resid.py:128: RuntimeWarning: invalid value encountered in sqrt
  Vsonic = (i['gamma']*i['R']*i['Ts'])**0.5
C:\Users\MEO\Desktop\Projects\JetEngine\boomsonic_v0\.venv\Lib\site-packages\pycycle\thermo\static_ps_resid.py:98: RuntimeWarning: invalid value encountered in power
  ps_guess = inputs['guess:Pt'] * (1 + (gamt-1)/2 * M_guess**2)**(-gamt/(gamt-1))
C:\Users\MEO\Desktop\Projects\JetEngine\boomsonic_v0\.venv\Lib\site-packages\pycycle\thermo\static_ps_resid.py:93: RuntimeWarning: invalid value encountered in power
  f1 = ps - inputs['guess:Pt'] * (1 + (gamt-1)/2 * M_guess**2)**(-gamt/(gamt-1))
C:\Users\MEO\Desktop\Projects\JetEngine\boomsonic_v0\.venv\Lib\site-packages\pycycle\thermo\static_ps_resid.py:94: RuntimeWarning: invalid value encountered in sqrt
  f2 = MN - inputs['W']*(R_UNIVERSAL_SI*inputs['Ts'])**0.5/(ps_guess*1.0e6*inputs['area']*gamt**0.5)
C:\Users\MEO\Desktop\Projects\JetEngine\boomsonic_v0\.venv\Lib\site-packages\pycycle\thermo\static_ps_resid.py:99: RuntimeWarning: The iteration is not making good progress, as measured by the 
 improvement from the last ten iterations.
  ps_guess, M_guess = fsolve(equations, (ps_guess, M_guess))
C:\Users\MEO\Desktop\Projects\JetEngine\boomsonic_v0\.venv\Lib\site-packages\openmdao\solvers\solver.py:819: SolverWarning:Your model has stalled three times and may be violating the bounds. In the future, turn on print_bound_enforce in your solver options here: 
OD0.turb.real_flow_b4bld.nonlinear_solver.linesearch.options['print_bound_enforce']=True. 
The bound(s) being violated now are:

C:\Users\MEO\Desktop\Projects\JetEngine\boomsonic_v0\.venv\Lib\site-packages\openmdao\solvers\linesearch\backtracking.py:35: SolverWarning:'OD0.turb.real_flow_b4bld.balance.T' exceeds upper bounds
  Val: [3066.5818802]
  Upper: [2500.]

C:\Users\MEO\Desktop\Projects\JetEngine\boomsonic_v0\.venv\Lib\site-packages\openmdao\solvers\solver.py:819: SolverWarning:Your model has stalled three times and may be violating the bounds. In the future, turn on print_bound_enforce in your solver options here: 
OD0.turb.real_flow.nonlinear_solver.linesearch.options['print_bound_enforce']=True. 
The bound(s) being violated now are:

C:\Users\MEO\Desktop\Projects\JetEngine\boomsonic_v0\.venv\Lib\site-packages\openmdao\solvers\linesearch\backtracking.py:35: SolverWarning:'OD0.turb.real_flow.balance.T' exceeds upper bounds
  Val: [3066.5818802]
  Upper: [2500.]

C:\Users\MEO\Desktop\Projects\JetEngine\boomsonic_v0\.venv\Lib\site-packages\pycycle\thermo\static_ps_resid.py:128: RuntimeWarning: invalid value encountered in sqrt
  Vsonic = (i['gamma']*i['R']*i['Ts'])**0.5
C:\Users\MEO\Desktop\Projects\JetEngine\boomsonic_v0\.venv\Lib\site-packages\pycycle\thermo\static_ps_resid.py:98: RuntimeWarning: invalid value encountered in power
  ps_guess = inputs['guess:Pt'] * (1 + (gamt-1)/2 * M_guess**2)**(-gamt/(gamt-1))
C:\Users\MEO\Desktop\Projects\JetEngine\boomsonic_v0\.venv\Lib\site-packages\pycycle\thermo\static_ps_resid.py:93: RuntimeWarning: invalid value encountered in power
  f1 = ps - inputs['guess:Pt'] * (1 + (gamt-1)/2 * M_guess**2)**(-gamt/(gamt-1))
C:\Users\MEO\Desktop\Projects\JetEngine\boomsonic_v0\.venv\Lib\site-packages\pycycle\thermo\static_ps_resid.py:94: RuntimeWarning: invalid value encountered in sqrt
  f2 = MN - inputs['W']*(R_UNIVERSAL_SI*inputs['Ts'])**0.5/(ps_guess*1.0e6*inputs['area']*gamt**0.5)
C:\Users\MEO\Desktop\Projects\JetEngine\boomsonic_v0\.venv\Lib\site-packages\pycycle\thermo\static_ps_resid.py:99: RuntimeWarning: The iteration is not making good progress, as measured by the 
 improvement from the last ten iterations.
  ps_guess, M_guess = fsolve(equations, (ps_guess, M_guess))
C:\Users\MEO\Desktop\Projects\JetEngine\boomsonic_v0\.venv\Lib\site-packages\openmdao\solvers\solver.py:819: SolverWarning:Your model has stalled three times and may be violating the bounds. In the future, turn on print_bound_enforce in your solver options here: 
OD0.nozz.throat_total.nonlinear_solver.linesearch.options['print_bound_enforce']=True. 
The bound(s) being violated now are:

C:\Users\MEO\Desktop\Projects\JetEngine\boomsonic_v0\.venv\Lib\site-packages\openmdao\solvers\linesearch\backtracking.py:35: SolverWarning:'OD0.nozz.throat_total.balance.T' exceeds upper bounds
  Val: [3066.5818802]
  Upper: [2500.]

C:\Users\MEO\Desktop\Projects\JetEngine\boomsonic_v0\.venv\Lib\site-packages\pycycle\thermo\static_ps_resid.py:108: RuntimeWarning: invalid value encountered in sqrt
  Vsonic = (i['gamma']*i['R']*i['Ts'])**0.5
C:\Users\MEO\Desktop\Projects\JetEngine\boomsonic_v0\.venv\Lib\site-packages\pycycle\thermo\static_ps_resid.py:83: RuntimeWarning: invalid value encountered in power
  ps_guess = inputs['guess:Pt'] * (1 + (gamt-1)/2 * inputs['MN']**2)**(-gamt/(gamt-1))
C:\Users\MEO\Desktop\Projects\JetEngine\boomsonic_v0\.venv\Lib\site-packages\pycycle\thermo\static_ps_calc.py:32: RuntimeWarning: invalid value encountered in sqrt
  outputs['Vsonic'] = Vsonic = np.sqrt(inputs['gamma'] * inputs['R'] * inputs['Ts'])
C:\Users\MEO\Desktop\Projects\JetEngine\boomsonic_v0\.venv\Lib\site-packages\pycycle\thermo\static_ps_resid.py:128: RuntimeWarning: invalid value encountered in sqrt
  Vsonic = (i['gamma']*i['R']*i['Ts'])**0.5
C:\Users\MEO\Desktop\Projects\JetEngine\boomsonic_v0\.venv\Lib\site-packages\pycycle\thermo\static_ps_resid.py:98: RuntimeWarning: invalid value encountered in power
  ps_guess = inputs['guess:Pt'] * (1 + (gamt-1)/2 * M_guess**2)**(-gamt/(gamt-1))
C:\Users\MEO\Desktop\Projects\JetEngine\boomsonic_v0\.venv\Lib\site-packages\pycycle\thermo\static_ps_resid.py:93: RuntimeWarning: invalid value encountered in power
  f1 = ps - inputs['guess:Pt'] * (1 + (gamt-1)/2 * M_guess**2)**(-gamt/(gamt-1))
C:\Users\MEO\Desktop\Projects\JetEngine\boomsonic_v0\.venv\Lib\site-packages\pycycle\thermo\static_ps_resid.py:94: RuntimeWarning: invalid value encountered in sqrt
  f2 = MN - inputs['W']*(R_UNIVERSAL_SI*inputs['Ts'])**0.5/(ps_guess*1.0e6*inputs['area']*gamt**0.5)
C:\Users\MEO\Desktop\Projects\JetEngine\boomsonic_v0\.venv\Lib\site-packages\pycycle\thermo\static_ps_resid.py:99: RuntimeWarning: The iteration is not making good progress, as measured by the 
 improvement from the last ten iterations.
  ps_guess, M_guess = fsolve(equations, (ps_guess, M_guess))
C:\Users\MEO\Desktop\Projects\JetEngine\boomsonic_v0\.venv\Lib\site-packages\openmdao\solvers\solver.py:819: SolverWarning:Your model has stalled three times and may be violating the bounds. In the future, turn on print_bound_enforce in your solver options here: 
OD0.burner.vitiated_flow.nonlinear_solver.linesearch.options['print_bound_enforce']=True. 
The bound(s) being violated now are:

C:\Users\MEO\Desktop\Projects\JetEngine\boomsonic_v0\.venv\Lib\site-packages\openmdao\solvers\linesearch\backtracking.py:35: SolverWarning:'OD0.burner.vitiated_flow.balance.T' exceeds upper bounds
  Val: [4248.36741261]
  Upper: [2500.]

C:\Users\MEO\Desktop\Projects\JetEngine\boomsonic_v0\.venv\Lib\site-packages\pycycle\thermo\static_ps_resid.py:128: RuntimeWarning: invalid value encountered in sqrt
  Vsonic = (i['gamma']*i['R']*i['Ts'])**0.5
C:\Users\MEO\Desktop\Projects\JetEngine\boomsonic_v0\.venv\Lib\site-packages\pycycle\thermo\static_ps_resid.py:98: RuntimeWarning: invalid value encountered in power
  ps_guess = inputs['guess:Pt'] * (1 + (gamt-1)/2 * M_guess**2)**(-gamt/(gamt-1))
C:\Users\MEO\Desktop\Projects\JetEngine\boomsonic_v0\.venv\Lib\site-packages\pycycle\thermo\static_ps_resid.py:93: RuntimeWarning: invalid value encountered in power
  f1 = ps - inputs['guess:Pt'] * (1 + (gamt-1)/2 * M_guess**2)**(-gamt/(gamt-1))
C:\Users\MEO\Desktop\Projects\JetEngine\boomsonic_v0\.venv\Lib\site-packages\pycycle\thermo\static_ps_resid.py:94: RuntimeWarning: invalid value encountered in sqrt
  f2 = MN - inputs['W']*(R_UNIVERSAL_SI*inputs['Ts'])**0.5/(ps_guess*1.0e6*inputs['area']*gamt**0.5)
C:\Users\MEO\Desktop\Projects\JetEngine\boomsonic_v0\.venv\Lib\site-packages\pycycle\thermo\static_ps_resid.py:99: RuntimeWarning: The iteration is not making good progress, as measured by the 
 improvement from the last ten iterations.
  ps_guess, M_guess = fsolve(equations, (ps_guess, M_guess))
C:\Users\MEO\Desktop\Projects\JetEngine\boomsonic_v0\.venv\Lib\site-packages\openmdao\solvers\solver.py:819: SolverWarning:Your model has stalled three times and may be violating the bounds. In the future, turn on print_bound_enforce in your solver options here: 
OD0.turb.real_flow_b4bld.nonlinear_solver.linesearch.options['print_bound_enforce']=True. 
The bound(s) being violated now are:

C:\Users\MEO\Desktop\Projects\JetEngine\boomsonic_v0\.venv\Lib\site-packages\openmdao\solvers\linesearch\backtracking.py:35: SolverWarning:'OD0.turb.real_flow_b4bld.balance.T' exceeds upper bounds
  Val: [3066.5818802]
  Upper: [2500.]

C:\Users\MEO\Desktop\Projects\JetEngine\boomsonic_v0\.venv\Lib\site-packages\openmdao\solvers\solver.py:819: SolverWarning:Your model has stalled three times and may be violating the bounds. In the future, turn on print_bound_enforce in your solver options here: 
OD0.turb.real_flow.nonlinear_solver.linesearch.options['print_bound_enforce']=True. 
The bound(s) being violated now are:

C:\Users\MEO\Desktop\Projects\JetEngine\boomsonic_v0\.venv\Lib\site-packages\openmdao\solvers\linesearch\backtracking.py:35: SolverWarning:'OD0.turb.real_flow.balance.T' exceeds upper bounds
  Val: [3066.5818802]
  Upper: [2500.]

C:\Users\MEO\Desktop\Projects\JetEngine\boomsonic_v0\.venv\Lib\site-packages\pycycle\thermo\static_ps_resid.py:128: RuntimeWarning: invalid value encountered in sqrt
  Vsonic = (i['gamma']*i['R']*i['Ts'])**0.5
C:\Users\MEO\Desktop\Projects\JetEngine\boomsonic_v0\.venv\Lib\site-packages\pycycle\thermo\static_ps_resid.py:98: RuntimeWarning: invalid value encountered in power
  ps_guess = inputs['guess:Pt'] * (1 + (gamt-1)/2 * M_guess**2)**(-gamt/(gamt-1))
C:\Users\MEO\Desktop\Projects\JetEngine\boomsonic_v0\.venv\Lib\site-packages\pycycle\thermo\static_ps_resid.py:93: RuntimeWarning: invalid value encountered in power
  f1 = ps - inputs['guess:Pt'] * (1 + (gamt-1)/2 * M_guess**2)**(-gamt/(gamt-1))
C:\Users\MEO\Desktop\Projects\JetEngine\boomsonic_v0\.venv\Lib\site-packages\pycycle\thermo\static_ps_resid.py:94: RuntimeWarning: invalid value encountered in sqrt
  f2 = MN - inputs['W']*(R_UNIVERSAL_SI*inputs['Ts'])**0.5/(ps_guess*1.0e6*inputs['area']*gamt**0.5)
C:\Users\MEO\Desktop\Projects\JetEngine\boomsonic_v0\.venv\Lib\site-packages\pycycle\thermo\static_ps_resid.py:99: RuntimeWarning: The iteration is not making good progress, as measured by the 
 improvement from the last ten iterations.
  ps_guess, M_guess = fsolve(equations, (ps_guess, M_guess))
C:\Users\MEO\Desktop\Projects\JetEngine\boomsonic_v0\.venv\Lib\site-packages\openmdao\solvers\solver.py:819: SolverWarning:Your model has stalled three times and may be violating the bounds. In the future, turn on print_bound_enforce in your solver options here: 
OD0.nozz.throat_total.nonlinear_solver.linesearch.options['print_bound_enforce']=True. 
The bound(s) being violated now are:

C:\Users\MEO\Desktop\Projects\JetEngine\boomsonic_v0\.venv\Lib\site-packages\openmdao\solvers\linesearch\backtracking.py:35: SolverWarning:'OD0.nozz.throat_total.balance.T' exceeds upper bounds
  Val: [3066.5818802]
  Upper: [2500.]

C:\Users\MEO\Desktop\Projects\JetEngine\boomsonic_v0\.venv\Lib\site-packages\pycycle\thermo\static_ps_resid.py:108: RuntimeWarning: invalid value encountered in sqrt
  Vsonic = (i['gamma']*i['R']*i['Ts'])**0.5
C:\Users\MEO\Desktop\Projects\JetEngine\boomsonic_v0\.venv\Lib\site-packages\pycycle\thermo\static_ps_resid.py:83: RuntimeWarning: invalid value encountered in power
  ps_guess = inputs['guess:Pt'] * (1 + (gamt-1)/2 * inputs['MN']**2)**(-gamt/(gamt-1))
C:\Users\MEO\Desktop\Projects\JetEngine\boomsonic_v0\.venv\Lib\site-packages\pycycle\thermo\static_ps_calc.py:32: RuntimeWarning: invalid value encountered in sqrt
  outputs['Vsonic'] = Vsonic = np.sqrt(inputs['gamma'] * inputs['R'] * inputs['Ts'])
C:\Users\MEO\Desktop\Projects\JetEngine\boomsonic_v0\.venv\Lib\site-packages\pycycle\thermo\static_ps_resid.py:128: RuntimeWarning: invalid value encountered in sqrt
  Vsonic = (i['gamma']*i['R']*i['Ts'])**0.5
C:\Users\MEO\Desktop\Projects\JetEngine\boomsonic_v0\.venv\Lib\site-packages\pycycle\thermo\static_ps_resid.py:98: RuntimeWarning: invalid value encountered in power
  ps_guess = inputs['guess:Pt'] * (1 + (gamt-1)/2 * M_guess**2)**(-gamt/(gamt-1))
C:\Users\MEO\Desktop\Projects\JetEngine\boomsonic_v0\.venv\Lib\site-packages\pycycle\thermo\static_ps_resid.py:93: RuntimeWarning: invalid value encountered in power
  f1 = ps - inputs['guess:Pt'] * (1 + (gamt-1)/2 * M_guess**2)**(-gamt/(gamt-1))
C:\Users\MEO\Desktop\Projects\JetEngine\boomsonic_v0\.venv\Lib\site-packages\pycycle\thermo\static_ps_resid.py:94: RuntimeWarning: invalid value encountered in sqrt
  f2 = MN - inputs['W']*(R_UNIVERSAL_SI*inputs['Ts'])**0.5/(ps_guess*1.0e6*inputs['area']*gamt**0.5)
C:\Users\MEO\Desktop\Projects\JetEngine\boomsonic_v0\.venv\Lib\site-packages\pycycle\thermo\static_ps_resid.py:99: RuntimeWarning: The iteration is not making good progress, as measured by the 
 improvement from the last ten iterations.
  ps_guess, M_guess = fsolve(equations, (ps_guess, M_guess))
C:\Users\MEO\Desktop\Projects\JetEngine\boomsonic_v0\.venv\Lib\site-packages\openmdao\solvers\solver.py:819: SolverWarning:Your model has stalled three times and may be violating the bounds. In the future, turn on print_bound_enforce in your solver options here: 
OD0.burner.vitiated_flow.nonlinear_solver.linesearch.options['print_bound_enforce']=True. 
The bound(s) being violated now are:

C:\Users\MEO\Desktop\Projects\JetEngine\boomsonic_v0\.venv\Lib\site-packages\openmdao\solvers\linesearch\backtracking.py:35: SolverWarning:'OD0.burner.vitiated_flow.balance.T' exceeds upper bounds
  Val: [4248.36741261]
  Upper: [2500.]

C:\Users\MEO\Desktop\Projects\JetEngine\boomsonic_v0\.venv\Lib\site-packages\pycycle\thermo\static_ps_resid.py:128: RuntimeWarning: invalid value encountered in sqrt
  Vsonic = (i['gamma']*i['R']*i['Ts'])**0.5
C:\Users\MEO\Desktop\Projects\JetEngine\boomsonic_v0\.venv\Lib\site-packages\pycycle\thermo\static_ps_resid.py:98: RuntimeWarning: invalid value encountered in power
  ps_guess = inputs['guess:Pt'] * (1 + (gamt-1)/2 * M_guess**2)**(-gamt/(gamt-1))
C:\Users\MEO\Desktop\Projects\JetEngine\boomsonic_v0\.venv\Lib\site-packages\pycycle\thermo\static_ps_resid.py:93: RuntimeWarning: invalid value encountered in power
  f1 = ps - inputs['guess:Pt'] * (1 + (gamt-1)/2 * M_guess**2)**(-gamt/(gamt-1))
C:\Users\MEO\Desktop\Projects\JetEngine\boomsonic_v0\.venv\Lib\site-packages\pycycle\thermo\static_ps_resid.py:94: RuntimeWarning: invalid value encountered in sqrt
  f2 = MN - inputs['W']*(R_UNIVERSAL_SI*inputs['Ts'])**0.5/(ps_guess*1.0e6*inputs['area']*gamt**0.5)
C:\Users\MEO\Desktop\Projects\JetEngine\boomsonic_v0\.venv\Lib\site-packages\pycycle\thermo\static_ps_resid.py:99: RuntimeWarning: The iteration is not making good progress, as measured by the 
 improvement from the last ten iterations.
  ps_guess, M_guess = fsolve(equations, (ps_guess, M_guess))
C:\Users\MEO\Desktop\Projects\JetEngine\boomsonic_v0\.venv\Lib\site-packages\openmdao\solvers\solver.py:819: SolverWarning:Your model has stalled three times and may be violating the bounds. In the future, turn on print_bound_enforce in your solver options here: 
OD0.turb.real_flow_b4bld.nonlinear_solver.linesearch.options['print_bound_enforce']=True. 
The bound(s) being violated now are:

C:\Users\MEO\Desktop\Projects\JetEngine\boomsonic_v0\.venv\Lib\site-packages\openmdao\solvers\linesearch\backtracking.py:35: SolverWarning:'OD0.turb.real_flow_b4bld.balance.T' exceeds upper bounds
  Val: [3066.5818802]
  Upper: [2500.]

C:\Users\MEO\Desktop\Projects\JetEngine\boomsonic_v0\.venv\Lib\site-packages\openmdao\solvers\solver.py:819: SolverWarning:Your model has stalled three times and may be violating the bounds. In the future, turn on print_bound_enforce in your solver options here: 
OD0.turb.real_flow.nonlinear_solver.linesearch.options['print_bound_enforce']=True. 
The bound(s) being violated now are:

C:\Users\MEO\Desktop\Projects\JetEngine\boomsonic_v0\.venv\Lib\site-packages\openmdao\solvers\linesearch\backtracking.py:35: SolverWarning:'OD0.turb.real_flow.balance.T' exceeds upper bounds
  Val: [3066.5818802]
  Upper: [2500.]

C:\Users\MEO\Desktop\Projects\JetEngine\boomsonic_v0\.venv\Lib\site-packages\pycycle\thermo\static_ps_resid.py:128: RuntimeWarning: invalid value encountered in sqrt
  Vsonic = (i['gamma']*i['R']*i['Ts'])**0.5
C:\Users\MEO\Desktop\Projects\JetEngine\boomsonic_v0\.venv\Lib\site-packages\pycycle\thermo\static_ps_resid.py:98: RuntimeWarning: invalid value encountered in power
  ps_guess = inputs['guess:Pt'] * (1 + (gamt-1)/2 * M_guess**2)**(-gamt/(gamt-1))
C:\Users\MEO\Desktop\Projects\JetEngine\boomsonic_v0\.venv\Lib\site-packages\pycycle\thermo\static_ps_resid.py:93: RuntimeWarning: invalid value encountered in power
  f1 = ps - inputs['guess:Pt'] * (1 + (gamt-1)/2 * M_guess**2)**(-gamt/(gamt-1))
C:\Users\MEO\Desktop\Projects\JetEngine\boomsonic_v0\.venv\Lib\site-packages\pycycle\thermo\static_ps_resid.py:94: RuntimeWarning: invalid value encountered in sqrt
  f2 = MN - inputs['W']*(R_UNIVERSAL_SI*inputs['Ts'])**0.5/(ps_guess*1.0e6*inputs['area']*gamt**0.5)
C:\Users\MEO\Desktop\Projects\JetEngine\boomsonic_v0\.venv\Lib\site-packages\pycycle\thermo\static_ps_resid.py:99: RuntimeWarning: The iteration is not making good progress, as measured by the 
 improvement from the last ten iterations.
  ps_guess, M_guess = fsolve(equations, (ps_guess, M_guess))
C:\Users\MEO\Desktop\Projects\JetEngine\boomsonic_v0\.venv\Lib\site-packages\openmdao\solvers\solver.py:819: SolverWarning:Your model has stalled three times and may be violating the bounds. In the future, turn on print_bound_enforce in your solver options here: 
OD0.nozz.throat_total.nonlinear_solver.linesearch.options['print_bound_enforce']=True. 
The bound(s) being violated now are:

C:\Users\MEO\Desktop\Projects\JetEngine\boomsonic_v0\.venv\Lib\site-packages\openmdao\solvers\linesearch\backtracking.py:35: SolverWarning:'OD0.nozz.throat_total.balance.T' exceeds upper bounds
  Val: [3066.5818802]
  Upper: [2500.]

C:\Users\MEO\Desktop\Projects\JetEngine\boomsonic_v0\.venv\Lib\site-packages\pycycle\thermo\static_ps_resid.py:108: RuntimeWarning: invalid value encountered in sqrt
  Vsonic = (i['gamma']*i['R']*i['Ts'])**0.5
C:\Users\MEO\Desktop\Projects\JetEngine\boomsonic_v0\.venv\Lib\site-packages\pycycle\thermo\static_ps_resid.py:83: RuntimeWarning: invalid value encountered in power
  ps_guess = inputs['guess:Pt'] * (1 + (gamt-1)/2 * inputs['MN']**2)**(-gamt/(gamt-1))
C:\Users\MEO\Desktop\Projects\JetEngine\boomsonic_v0\.venv\Lib\site-packages\pycycle\thermo\static_ps_calc.py:32: RuntimeWarning: invalid value encountered in sqrt
  outputs['Vsonic'] = Vsonic = np.sqrt(inputs['gamma'] * inputs['R'] * inputs['Ts'])
C:\Users\MEO\Desktop\Projects\JetEngine\boomsonic_v0\.venv\Lib\site-packages\pycycle\thermo\static_ps_resid.py:128: RuntimeWarning: invalid value encountered in sqrt
  Vsonic = (i['gamma']*i['R']*i['Ts'])**0.5
C:\Users\MEO\Desktop\Projects\JetEngine\boomsonic_v0\.venv\Lib\site-packages\pycycle\thermo\static_ps_resid.py:98: RuntimeWarning: invalid value encountered in power
  ps_guess = inputs['guess:Pt'] * (1 + (gamt-1)/2 * M_guess**2)**(-gamt/(gamt-1))
C:\Users\MEO\Desktop\Projects\JetEngine\boomsonic_v0\.venv\Lib\site-packages\pycycle\thermo\static_ps_resid.py:93: RuntimeWarning: invalid value encountered in power
  f1 = ps - inputs['guess:Pt'] * (1 + (gamt-1)/2 * M_guess**2)**(-gamt/(gamt-1))
C:\Users\MEO\Desktop\Projects\JetEngine\boomsonic_v0\.venv\Lib\site-packages\pycycle\thermo\static_ps_resid.py:94: RuntimeWarning: invalid value encountered in sqrt
  f2 = MN - inputs['W']*(R_UNIVERSAL_SI*inputs['Ts'])**0.5/(ps_guess*1.0e6*inputs['area']*gamt**0.5)
C:\Users\MEO\Desktop\Projects\JetEngine\boomsonic_v0\.venv\Lib\site-packages\pycycle\thermo\static_ps_resid.py:99: RuntimeWarning: The iteration is not making good progress, as measured by the 
 improvement from the last ten iterations.
  ps_guess, M_guess = fsolve(equations, (ps_guess, M_guess))
C:\Users\MEO\Desktop\Projects\JetEngine\boomsonic_v0\.venv\Lib\site-packages\openmdao\solvers\solver.py:819: SolverWarning:Your model has stalled three times and may be violating the bounds. In the future, turn on print_bound_enforce in your solver options here: 
OD0.burner.vitiated_flow.nonlinear_solver.linesearch.options['print_bound_enforce']=True. 
The bound(s) being violated now are:

C:\Users\MEO\Desktop\Projects\JetEngine\boomsonic_v0\.venv\Lib\site-packages\openmdao\solvers\linesearch\backtracking.py:35: SolverWarning:'OD0.burner.vitiated_flow.balance.T' exceeds upper bounds
  Val: [4248.36741261]
  Upper: [2500.]

C:\Users\MEO\Desktop\Projects\JetEngine\boomsonic_v0\.venv\Lib\site-packages\pycycle\thermo\static_ps_resid.py:128: RuntimeWarning: invalid value encountered in sqrt
  Vsonic = (i['gamma']*i['R']*i['Ts'])**0.5
C:\Users\MEO\Desktop\Projects\JetEngine\boomsonic_v0\.venv\Lib\site-packages\pycycle\thermo\static_ps_resid.py:98: RuntimeWarning: invalid value encountered in power
  ps_guess = inputs['guess:Pt'] * (1 + (gamt-1)/2 * M_guess**2)**(-gamt/(gamt-1))
C:\Users\MEO\Desktop\Projects\JetEngine\boomsonic_v0\.venv\Lib\site-packages\pycycle\thermo\static_ps_resid.py:93: RuntimeWarning: invalid value encountered in power
  f1 = ps - inputs['guess:Pt'] * (1 + (gamt-1)/2 * M_guess**2)**(-gamt/(gamt-1))
C:\Users\MEO\Desktop\Projects\JetEngine\boomsonic_v0\.venv\Lib\site-packages\pycycle\thermo\static_ps_resid.py:94: RuntimeWarning: invalid value encountered in sqrt
  f2 = MN - inputs['W']*(R_UNIVERSAL_SI*inputs['Ts'])**0.5/(ps_guess*1.0e6*inputs['area']*gamt**0.5)
C:\Users\MEO\Desktop\Projects\JetEngine\boomsonic_v0\.venv\Lib\site-packages\pycycle\thermo\static_ps_resid.py:99: RuntimeWarning: The iteration is not making good progress, as measured by the 
 improvement from the last ten iterations.
  ps_guess, M_guess = fsolve(equations, (ps_guess, M_guess))
C:\Users\MEO\Desktop\Projects\JetEngine\boomsonic_v0\.venv\Lib\site-packages\openmdao\solvers\solver.py:819: SolverWarning:Your model has stalled three times and may be violating the bounds. In the future, turn on print_bound_enforce in your solver options here: 
OD0.turb.real_flow_b4bld.nonlinear_solver.linesearch.options['print_bound_enforce']=True. 
The bound(s) being violated now are:

C:\Users\MEO\Desktop\Projects\JetEngine\boomsonic_v0\.venv\Lib\site-packages\openmdao\solvers\linesearch\backtracking.py:35: SolverWarning:'OD0.turb.real_flow_b4bld.balance.T' exceeds upper bounds
  Val: [3066.5818802]
  Upper: [2500.]

C:\Users\MEO\Desktop\Projects\JetEngine\boomsonic_v0\.venv\Lib\site-packages\openmdao\solvers\solver.py:819: SolverWarning:Your model has stalled three times and may be violating the bounds. In the future, turn on print_bound_enforce in your solver options here: 
OD0.turb.real_flow.nonlinear_solver.linesearch.options['print_bound_enforce']=True. 
The bound(s) being violated now are:

C:\Users\MEO\Desktop\Projects\JetEngine\boomsonic_v0\.venv\Lib\site-packages\openmdao\solvers\linesearch\backtracking.py:35: SolverWarning:'OD0.turb.real_flow.balance.T' exceeds upper bounds
  Val: [3066.5818802]
  Upper: [2500.]

C:\Users\MEO\Desktop\Projects\JetEngine\boomsonic_v0\.venv\Lib\site-packages\pycycle\thermo\static_ps_resid.py:128: RuntimeWarning: invalid value encountered in sqrt
  Vsonic = (i['gamma']*i['R']*i['Ts'])**0.5
C:\Users\MEO\Desktop\Projects\JetEngine\boomsonic_v0\.venv\Lib\site-packages\pycycle\thermo\static_ps_resid.py:98: RuntimeWarning: invalid value encountered in power
  ps_guess = inputs['guess:Pt'] * (1 + (gamt-1)/2 * M_guess**2)**(-gamt/(gamt-1))
C:\Users\MEO\Desktop\Projects\JetEngine\boomsonic_v0\.venv\Lib\site-packages\pycycle\thermo\static_ps_resid.py:93: RuntimeWarning: invalid value encountered in power
  f1 = ps - inputs['guess:Pt'] * (1 + (gamt-1)/2 * M_guess**2)**(-gamt/(gamt-1))
C:\Users\MEO\Desktop\Projects\JetEngine\boomsonic_v0\.venv\Lib\site-packages\pycycle\thermo\static_ps_resid.py:94: RuntimeWarning: invalid value encountered in sqrt
  f2 = MN - inputs['W']*(R_UNIVERSAL_SI*inputs['Ts'])**0.5/(ps_guess*1.0e6*inputs['area']*gamt**0.5)
C:\Users\MEO\Desktop\Projects\JetEngine\boomsonic_v0\.venv\Lib\site-packages\pycycle\thermo\static_ps_resid.py:99: RuntimeWarning: The iteration is not making good progress, as measured by the 
 improvement from the last ten iterations.
  ps_guess, M_guess = fsolve(equations, (ps_guess, M_guess))
C:\Users\MEO\Desktop\Projects\JetEngine\boomsonic_v0\.venv\Lib\site-packages\openmdao\solvers\solver.py:819: SolverWarning:Your model has stalled three times and may be violating the bounds. In the future, turn on print_bound_enforce in your solver options here: 
OD0.nozz.throat_total.nonlinear_solver.linesearch.options['print_bound_enforce']=True. 
The bound(s) being violated now are:

C:\Users\MEO\Desktop\Projects\JetEngine\boomsonic_v0\.venv\Lib\site-packages\openmdao\solvers\linesearch\backtracking.py:35: SolverWarning:'OD0.nozz.throat_total.balance.T' exceeds upper bounds
  Val: [3066.5818802]
  Upper: [2500.]

C:\Users\MEO\Desktop\Projects\JetEngine\boomsonic_v0\.venv\Lib\site-packages\pycycle\thermo\static_ps_resid.py:108: RuntimeWarning: invalid value encountered in sqrt
  Vsonic = (i['gamma']*i['R']*i['Ts'])**0.5
C:\Users\MEO\Desktop\Projects\JetEngine\boomsonic_v0\.venv\Lib\site-packages\pycycle\thermo\static_ps_resid.py:83: RuntimeWarning: invalid value encountered in power
  ps_guess = inputs['guess:Pt'] * (1 + (gamt-1)/2 * inputs['MN']**2)**(-gamt/(gamt-1))
C:\Users\MEO\Desktop\Projects\JetEngine\boomsonic_v0\.venv\Lib\site-packages\pycycle\thermo\static_ps_calc.py:32: RuntimeWarning: invalid value encountered in sqrt
  outputs['Vsonic'] = Vsonic = np.sqrt(inputs['gamma'] * inputs['R'] * inputs['Ts'])
C:\Users\MEO\Desktop\Projects\JetEngine\boomsonic_v0\.venv\Lib\site-packages\pycycle\thermo\static_ps_resid.py:128: RuntimeWarning: invalid value encountered in sqrt
  Vsonic = (i['gamma']*i['R']*i['Ts'])**0.5
C:\Users\MEO\Desktop\Projects\JetEngine\boomsonic_v0\.venv\Lib\site-packages\pycycle\thermo\static_ps_resid.py:98: RuntimeWarning: invalid value encountered in power
  ps_guess = inputs['guess:Pt'] * (1 + (gamt-1)/2 * M_guess**2)**(-gamt/(gamt-1))
C:\Users\MEO\Desktop\Projects\JetEngine\boomsonic_v0\.venv\Lib\site-packages\pycycle\thermo\static_ps_resid.py:93: RuntimeWarning: invalid value encountered in power
  f1 = ps - inputs['guess:Pt'] * (1 + (gamt-1)/2 * M_guess**2)**(-gamt/(gamt-1))
C:\Users\MEO\Desktop\Projects\JetEngine\boomsonic_v0\.venv\Lib\site-packages\pycycle\thermo\static_ps_resid.py:94: RuntimeWarning: invalid value encountered in sqrt
  f2 = MN - inputs['W']*(R_UNIVERSAL_SI*inputs['Ts'])**0.5/(ps_guess*1.0e6*inputs['area']*gamt**0.5)
C:\Users\MEO\Desktop\Projects\JetEngine\boomsonic_v0\.venv\Lib\site-packages\pycycle\thermo\static_ps_resid.py:99: RuntimeWarning: The iteration is not making good progress, as measured by the 
 improvement from the last ten iterations.
  ps_guess, M_guess = fsolve(equations, (ps_guess, M_guess))
C:\Users\MEO\Desktop\Projects\JetEngine\boomsonic_v0\.venv\Lib\site-packages\openmdao\solvers\solver.py:819: SolverWarning:Your model has stalled three times and may be violating the bounds. In the future, turn on print_bound_enforce in your solver options here: 
OD0.burner.vitiated_flow.nonlinear_solver.linesearch.options['print_bound_enforce']=True. 
The bound(s) being violated now are:

C:\Users\MEO\Desktop\Projects\JetEngine\boomsonic_v0\.venv\Lib\site-packages\openmdao\solvers\linesearch\backtracking.py:35: SolverWarning:'OD0.burner.vitiated_flow.balance.T' exceeds upper bounds
  Val: [4248.36741261]
  Upper: [2500.]

C:\Users\MEO\Desktop\Projects\JetEngine\boomsonic_v0\.venv\Lib\site-packages\pycycle\thermo\static_ps_resid.py:128: RuntimeWarning: invalid value encountered in sqrt
  Vsonic = (i['gamma']*i['R']*i['Ts'])**0.5
C:\Users\MEO\Desktop\Projects\JetEngine\boomsonic_v0\.venv\Lib\site-packages\pycycle\thermo\static_ps_resid.py:98: RuntimeWarning: invalid value encountered in power
  ps_guess = inputs['guess:Pt'] * (1 + (gamt-1)/2 * M_guess**2)**(-gamt/(gamt-1))
C:\Users\MEO\Desktop\Projects\JetEngine\boomsonic_v0\.venv\Lib\site-packages\pycycle\thermo\static_ps_resid.py:93: RuntimeWarning: invalid value encountered in power
  f1 = ps - inputs['guess:Pt'] * (1 + (gamt-1)/2 * M_guess**2)**(-gamt/(gamt-1))
C:\Users\MEO\Desktop\Projects\JetEngine\boomsonic_v0\.venv\Lib\site-packages\pycycle\thermo\static_ps_resid.py:94: RuntimeWarning: invalid value encountered in sqrt
  f2 = MN - inputs['W']*(R_UNIVERSAL_SI*inputs['Ts'])**0.5/(ps_guess*1.0e6*inputs['area']*gamt**0.5)
C:\Users\MEO\Desktop\Projects\JetEngine\boomsonic_v0\.venv\Lib\site-packages\pycycle\thermo\static_ps_resid.py:99: RuntimeWarning: The iteration is not making good progress, as measured by the 
 improvement from the last ten iterations.
  ps_guess, M_guess = fsolve(equations, (ps_guess, M_guess))
C:\Users\MEO\Desktop\Projects\JetEngine\boomsonic_v0\.venv\Lib\site-packages\openmdao\solvers\solver.py:819: SolverWarning:Your model has stalled three times and may be violating the bounds. In the future, turn on print_bound_enforce in your solver options here: 
OD0.turb.real_flow_b4bld.nonlinear_solver.linesearch.options['print_bound_enforce']=True. 
The bound(s) being violated now are:

C:\Users\MEO\Desktop\Projects\JetEngine\boomsonic_v0\.venv\Lib\site-packages\openmdao\solvers\linesearch\backtracking.py:35: SolverWarning:'OD0.turb.real_flow_b4bld.balance.T' exceeds upper bounds
  Val: [3066.5818802]
  Upper: [2500.]

C:\Users\MEO\Desktop\Projects\JetEngine\boomsonic_v0\.venv\Lib\site-packages\openmdao\solvers\solver.py:819: SolverWarning:Your model has stalled three times and may be violating the bounds. In the future, turn on print_bound_enforce in your solver options here: 
OD0.turb.real_flow.nonlinear_solver.linesearch.options['print_bound_enforce']=True. 
The bound(s) being violated now are:

C:\Users\MEO\Desktop\Projects\JetEngine\boomsonic_v0\.venv\Lib\site-packages\openmdao\solvers\linesearch\backtracking.py:35: SolverWarning:'OD0.turb.real_flow.balance.T' exceeds upper bounds
  Val: [3066.5818802]
  Upper: [2500.]

C:\Users\MEO\Desktop\Projects\JetEngine\boomsonic_v0\.venv\Lib\site-packages\pycycle\thermo\static_ps_resid.py:128: RuntimeWarning: invalid value encountered in sqrt
  Vsonic = (i['gamma']*i['R']*i['Ts'])**0.5
C:\Users\MEO\Desktop\Projects\JetEngine\boomsonic_v0\.venv\Lib\site-packages\pycycle\thermo\static_ps_resid.py:98: RuntimeWarning: invalid value encountered in power
  ps_guess = inputs['guess:Pt'] * (1 + (gamt-1)/2 * M_guess**2)**(-gamt/(gamt-1))
C:\Users\MEO\Desktop\Projects\JetEngine\boomsonic_v0\.venv\Lib\site-packages\pycycle\thermo\static_ps_resid.py:93: RuntimeWarning: invalid value encountered in power
  f1 = ps - inputs['guess:Pt'] * (1 + (gamt-1)/2 * M_guess**2)**(-gamt/(gamt-1))
C:\Users\MEO\Desktop\Projects\JetEngine\boomsonic_v0\.venv\Lib\site-packages\pycycle\thermo\static_ps_resid.py:94: RuntimeWarning: invalid value encountered in sqrt
  f2 = MN - inputs['W']*(R_UNIVERSAL_SI*inputs['Ts'])**0.5/(ps_guess*1.0e6*inputs['area']*gamt**0.5)
C:\Users\MEO\Desktop\Projects\JetEngine\boomsonic_v0\.venv\Lib\site-packages\pycycle\thermo\static_ps_resid.py:99: RuntimeWarning: The iteration is not making good progress, as measured by the 
 improvement from the last ten iterations.
  ps_guess, M_guess = fsolve(equations, (ps_guess, M_guess))
C:\Users\MEO\Desktop\Projects\JetEngine\boomsonic_v0\.venv\Lib\site-packages\openmdao\solvers\solver.py:819: SolverWarning:Your model has stalled three times and may be violating the bounds. In the future, turn on print_bound_enforce in your solver options here: 
OD0.nozz.throat_total.nonlinear_solver.linesearch.options['print_bound_enforce']=True. 
The bound(s) being violated now are:

C:\Users\MEO\Desktop\Projects\JetEngine\boomsonic_v0\.venv\Lib\site-packages\openmdao\solvers\linesearch\backtracking.py:35: SolverWarning:'OD0.nozz.throat_total.balance.T' exceeds upper bounds
  Val: [3066.5818802]
  Upper: [2500.]

C:\Users\MEO\Desktop\Projects\JetEngine\boomsonic_v0\.venv\Lib\site-packages\pycycle\thermo\static_ps_resid.py:108: RuntimeWarning: invalid value encountered in sqrt
  Vsonic = (i['gamma']*i['R']*i['Ts'])**0.5
C:\Users\MEO\Desktop\Projects\JetEngine\boomsonic_v0\.venv\Lib\site-packages\pycycle\thermo\static_ps_resid.py:83: RuntimeWarning: invalid value encountered in power
  ps_guess = inputs['guess:Pt'] * (1 + (gamt-1)/2 * inputs['MN']**2)**(-gamt/(gamt-1))
C:\Users\MEO\Desktop\Projects\JetEngine\boomsonic_v0\.venv\Lib\site-packages\pycycle\thermo\static_ps_calc.py:32: RuntimeWarning: invalid value encountered in sqrt
  outputs['Vsonic'] = Vsonic = np.sqrt(inputs['gamma'] * inputs['R'] * inputs['Ts'])
C:\Users\MEO\Desktop\Projects\JetEngine\boomsonic_v0\.venv\Lib\site-packages\pycycle\thermo\static_ps_resid.py:128: RuntimeWarning: invalid value encountered in sqrt
  Vsonic = (i['gamma']*i['R']*i['Ts'])**0.5
C:\Users\MEO\Desktop\Projects\JetEngine\boomsonic_v0\.venv\Lib\site-packages\pycycle\thermo\static_ps_resid.py:98: RuntimeWarning: invalid value encountered in power
  ps_guess = inputs['guess:Pt'] * (1 + (gamt-1)/2 * M_guess**2)**(-gamt/(gamt-1))
C:\Users\MEO\Desktop\Projects\JetEngine\boomsonic_v0\.venv\Lib\site-packages\pycycle\thermo\static_ps_resid.py:93: RuntimeWarning: invalid value encountered in power
  f1 = ps - inputs['guess:Pt'] * (1 + (gamt-1)/2 * M_guess**2)**(-gamt/(gamt-1))
C:\Users\MEO\Desktop\Projects\JetEngine\boomsonic_v0\.venv\Lib\site-packages\pycycle\thermo\static_ps_resid.py:94: RuntimeWarning: invalid value encountered in sqrt
  f2 = MN - inputs['W']*(R_UNIVERSAL_SI*inputs['Ts'])**0.5/(ps_guess*1.0e6*inputs['area']*gamt**0.5)
C:\Users\MEO\Desktop\Projects\JetEngine\boomsonic_v0\.venv\Lib\site-packages\pycycle\thermo\static_ps_resid.py:99: RuntimeWarning: The iteration is not making good progress, as measured by the 
 improvement from the last ten iterations.
  ps_guess, M_guess = fsolve(equations, (ps_guess, M_guess))
C:\Users\MEO\Desktop\Projects\JetEngine\boomsonic_v0\.venv\Lib\site-packages\pycycle\thermo\static_ps_resid.py:128: RuntimeWarning: invalid value encountered in sqrt
  Vsonic = (i['gamma']*i['R']*i['Ts'])**0.5
C:\Users\MEO\Desktop\Projects\JetEngine\boomsonic_v0\.venv\Lib\site-packages\pycycle\thermo\static_ps_resid.py:128: RuntimeWarning: invalid value encountered in sqrt
  Vsonic = (i['gamma']*i['R']*i['Ts'])**0.5
C:\Users\MEO\Desktop\Projects\JetEngine\boomsonic_v0\.venv\Lib\site-packages\pycycle\thermo\static_ps_resid.py:108: RuntimeWarning: invalid value encountered in sqrt
  Vsonic = (i['gamma']*i['R']*i['Ts'])**0.5
C:\Users\MEO\Desktop\Projects\JetEngine\boomsonic_v0\.venv\Lib\site-packages\pycycle\elements\turbine.py:89: RuntimeWarning: invalid value encountered in log
  outputs['eff_poly'] = 1 + (S_out-S_in)/(Rt*np.log(invPR))
C:\Users\MEO\Desktop\Projects\JetEngine\boomsonic_v0\.venv\Lib\site-packages\openmdao\solvers\solver.py:819: SolverWarning:Your model has stalled three times and may be violating the bounds. In the future, turn on print_bound_enforce in your solver options here: 
OD0.nozz.ideal_flow.nonlinear_solver.linesearch.options['print_bound_enforce']=True. 
The bound(s) being violated now are:

C:\Users\MEO\Desktop\Projects\JetEngine\boomsonic_v0\.venv\Lib\site-packages\pycycle\elements\turbine.py:89: RuntimeWarning: invalid value encountered in log
  outputs['eff_poly'] = 1 + (S_out-S_in)/(Rt*np.log(invPR))
C:\Users\MEO\Desktop\Projects\JetEngine\boomsonic_v0\.venv\Lib\site-packages\openmdao\solvers\solver.py:819: SolverWarning:Your model has stalled three times and may be violating the bounds. In the future, turn on print_bound_enforce in your solver options here: 
OD0.burner.vitiated_flow.nonlinear_solver.linesearch.options['print_bound_enforce']=True. 
The bound(s) being violated now are:

C:\Users\MEO\Desktop\Projects\JetEngine\boomsonic_v0\.venv\Lib\site-packages\openmdao\solvers\linesearch\backtracking.py:35: SolverWarning:'OD0.burner.vitiated_flow.balance.T' exceeds upper bounds
  Val: [2573.62064511]
  Upper: [2500.]

C:\Users\MEO\Desktop\Projects\JetEngine\boomsonic_v0\.venv\Lib\site-packages\openmdao\solvers\solver.py:819: SolverWarning:Your model has stalled three times and may be violating the bounds. In the future, turn on print_bound_enforce in your solver options here: 
OD0.burner.out_stat.nonlinear_solver.linesearch.options['print_bound_enforce']=True. 
The bound(s) being violated now are:

C:\Users\MEO\Desktop\Projects\JetEngine\boomsonic_v0\.venv\Lib\site-packages\openmdao\solvers\linesearch\backtracking.py:35: SolverWarning:'OD0.burner.out_stat.balance.T' exceeds upper bounds
  Val: [2592.27508886]
  Upper: [2500.]

C:\Users\MEO\Desktop\Projects\JetEngine\boomsonic_v0\.venv\Lib\site-packages\pycycle\thermo\static_ps_resid.py:128: RuntimeWarning: invalid value encountered in sqrt
  Vsonic = (i['gamma']*i['R']*i['Ts'])**0.5
C:\Users\MEO\Desktop\Projects\JetEngine\boomsonic_v0\.venv\Lib\site-packages\pycycle\elements\turbine.py:40: RuntimeWarning: invalid value encountered in sqrt
  outputs['Wp'] = inputs['W_in'] * inputs['Tt']**0.5 / inputs['Pt']
C:\Users\MEO\Desktop\Projects\JetEngine\boomsonic_v0\.venv\Lib\site-packages\pycycle\elements\turbine.py:41: RuntimeWarning: invalid value encountered in power
  outputs['Np'] = inputs['Nmech'] * inputs['Tt']**-0.5
C:\Users\MEO\Desktop\Projects\JetEngine\boomsonic_v0\.venv\Lib\site-packages\pycycle\thermo\static_ps_resid.py:108: RuntimeWarning: invalid value encountered in sqrt
  Vsonic = (i['gamma']*i['R']*i['Ts'])**0.5
C:\Users\MEO\Desktop\Projects\JetEngine\boomsonic_v0\.venv\Lib\site-packages\pycycle\thermo\static_ps_calc.py:32: RuntimeWarning: invalid value encountered in sqrt
  outputs['Vsonic'] = Vsonic = np.sqrt(inputs['gamma'] * inputs['R'] * inputs['Ts'])
C:\Users\MEO\Desktop\Projects\JetEngine\boomsonic_v0\.venv\Lib\site-packages\openmdao\solvers\solver.py:819: SolverWarning:Your model has stalled three times and may be violating the bounds. In the future, turn on print_bound_enforce in your solver options here: 
OD0.comp.ideal_flow.nonlinear_solver.linesearch.options['print_bound_enforce']=True. 
The bound(s) being violated now are:

C:\Users\MEO\Desktop\Projects\JetEngine\boomsonic_v0\.venv\Lib\site-packages\openmdao\solvers\linesearch\backtracking.py:39: SolverWarning:'OD0.comp.ideal_flow.balance.T' exceeds lower bounds
  Val: [-2214615.87841541]
  Lower: [150.]

C:\Users\MEO\Desktop\Projects\JetEngine\boomsonic_v0\.venv\Lib\site-packages\pycycle\elements\compressor.py:75: RuntimeWarning: invalid value encountered in log
  outputs['eff_poly'] = Rt * np.log(PR) / ( Rt*np.log(PR) + S_out - S_in )
C:\Users\MEO\Desktop\Projects\JetEngine\boomsonic_v0\.venv\Lib\site-packages\pycycle\thermo\static_ps_resid.py:98: RuntimeWarning: invalid value encountered in power
  ps_guess = inputs['guess:Pt'] * (1 + (gamt-1)/2 * M_guess**2)**(-gamt/(gamt-1))
C:\Users\MEO\Desktop\Projects\JetEngine\boomsonic_v0\.venv\Lib\site-packages\pycycle\thermo\static_ps_resid.py:93: RuntimeWarning: invalid value encountered in power
  f1 = ps - inputs['guess:Pt'] * (1 + (gamt-1)/2 * M_guess**2)**(-gamt/(gamt-1))
C:\Users\MEO\Desktop\Projects\JetEngine\boomsonic_v0\.venv\Lib\site-packages\pycycle\thermo\static_ps_resid.py:94: RuntimeWarning: invalid value encountered in sqrt
  f2 = MN - inputs['W']*(R_UNIVERSAL_SI*inputs['Ts'])**0.5/(ps_guess*1.0e6*inputs['area']*gamt**0.5)
C:\Users\MEO\Desktop\Projects\JetEngine\boomsonic_v0\.venv\Lib\site-packages\pycycle\thermo\static_ps_resid.py:99: RuntimeWarning: The iteration is not making good progress, as measured by the 
 improvement from the last ten iterations.
  ps_guess, M_guess = fsolve(equations, (ps_guess, M_guess))
C:\Users\MEO\Desktop\Projects\JetEngine\boomsonic_v0\.venv\Lib\site-packages\pycycle\thermo\static_ps_resid.py:128: RuntimeWarning: invalid value encountered in sqrt
  Vsonic = (i['gamma']*i['R']*i['Ts'])**0.5
C:\Users\MEO\Desktop\Projects\JetEngine\boomsonic_v0\.venv\Lib\site-packages\pycycle\thermo\static_ps_resid.py:128: RuntimeWarning: invalid value encountered in sqrt
  Vsonic = (i['gamma']*i['R']*i['Ts'])**0.5
C:\Users\MEO\Desktop\Projects\JetEngine\boomsonic_v0\.venv\Lib\site-packages\pycycle\thermo\static_ps_resid.py:128: RuntimeWarning: invalid value encountered in sqrt
  Vsonic = (i['gamma']*i['R']*i['Ts'])**0.5
C:\Users\MEO\Desktop\Projects\JetEngine\boomsonic_v0\.venv\Lib\site-packages\pycycle\thermo\static_ps_resid.py:128: RuntimeWarning: invalid value encountered in sqrt
  Vsonic = (i['gamma']*i['R']*i['Ts'])**0.5
C:\Users\MEO\Desktop\Projects\JetEngine\boomsonic_v0\.venv\Lib\site-packages\pycycle\thermo\static_ps_resid.py:128: RuntimeWarning: invalid value encountered in sqrt
  Vsonic = (i['gamma']*i['R']*i['Ts'])**0.5
C:\Users\MEO\Desktop\Projects\JetEngine\boomsonic_v0\.venv\Lib\site-packages\pycycle\thermo\static_ps_resid.py:128: RuntimeWarning: invalid value encountered in sqrt
  Vsonic = (i['gamma']*i['R']*i['Ts'])**0.5
C:\Users\MEO\Desktop\Projects\JetEngine\boomsonic_v0\.venv\Lib\site-packages\pycycle\thermo\static_ps_resid.py:128: RuntimeWarning: invalid value encountered in sqrt
  Vsonic = (i['gamma']*i['R']*i['Ts'])**0.5
C:\Users\MEO\Desktop\Projects\JetEngine\boomsonic_v0\.venv\Lib\site-packages\pycycle\thermo\static_ps_resid.py:128: RuntimeWarning: invalid value encountered in sqrt
  Vsonic = (i['gamma']*i['R']*i['Ts'])**0.5
C:\Users\MEO\Desktop\Projects\JetEngine\boomsonic_v0\.venv\Lib\site-packages\pycycle\thermo\static_ps_resid.py:128: RuntimeWarning: invalid value encountered in sqrt
  Vsonic = (i['gamma']*i['R']*i['Ts'])**0.5
C:\Users\MEO\Desktop\Projects\JetEngine\boomsonic_v0\.venv\Lib\site-packages\pycycle\thermo\static_ps_resid.py:128: RuntimeWarning: invalid value encountered in sqrt
  Vsonic = (i['gamma']*i['R']*i['Ts'])**0.5
C:\Users\MEO\Desktop\Projects\JetEngine\boomsonic_v0\.venv\Lib\site-packages\pycycle\thermo\static_ps_resid.py:128: RuntimeWarning: invalid value encountered in sqrt
  Vsonic = (i['gamma']*i['R']*i['Ts'])**0.5
C:\Users\MEO\Desktop\Projects\JetEngine\boomsonic_v0\.venv\Lib\site-packages\pycycle\thermo\static_ps_resid.py:98: RuntimeWarning: invalid value encountered in power
  ps_guess = inputs['guess:Pt'] * (1 + (gamt-1)/2 * M_guess**2)**(-gamt/(gamt-1))
C:\Users\MEO\Desktop\Projects\JetEngine\boomsonic_v0\.venv\Lib\site-packages\pycycle\thermo\static_ps_resid.py:93: RuntimeWarning: invalid value encountered in power
  f1 = ps - inputs['guess:Pt'] * (1 + (gamt-1)/2 * M_guess**2)**(-gamt/(gamt-1))
C:\Users\MEO\Desktop\Projects\JetEngine\boomsonic_v0\.venv\Lib\site-packages\pycycle\thermo\static_ps_resid.py:94: RuntimeWarning: invalid value encountered in sqrt
  f2 = MN - inputs['W']*(R_UNIVERSAL_SI*inputs['Ts'])**0.5/(ps_guess*1.0e6*inputs['area']*gamt**0.5)
C:\Users\MEO\Desktop\Projects\JetEngine\boomsonic_v0\.venv\Lib\site-packages\pycycle\thermo\static_ps_resid.py:99: RuntimeWarning: The iteration is not making good progress, as measured by the 
 improvement from the last ten iterations.
  ps_guess, M_guess = fsolve(equations, (ps_guess, M_guess))
C:\Users\MEO\Desktop\Projects\JetEngine\boomsonic_v0\.venv\Lib\site-packages\pycycle\thermo\static_ps_resid.py:128: RuntimeWarning: invalid value encountered in sqrt
  Vsonic = (i['gamma']*i['R']*i['Ts'])**0.5
C:\Users\MEO\Desktop\Projects\JetEngine\boomsonic_v0\.venv\Lib\site-packages\pycycle\thermo\static_ps_resid.py:128: RuntimeWarning: invalid value encountered in sqrt
  Vsonic = (i['gamma']*i['R']*i['Ts'])**0.5
C:\Users\MEO\Desktop\Projects\JetEngine\boomsonic_v0\.venv\Lib\site-packages\pycycle\thermo\static_ps_resid.py:128: RuntimeWarning: invalid value encountered in sqrt
  Vsonic = (i['gamma']*i['R']*i['Ts'])**0.5
C:\Users\MEO\Desktop\Projects\JetEngine\boomsonic_v0\.venv\Lib\site-packages\pycycle\thermo\static_ps_resid.py:128: RuntimeWarning: invalid value encountered in sqrt
  Vsonic = (i['gamma']*i['R']*i['Ts'])**0.5
C:\Users\MEO\Desktop\Projects\JetEngine\boomsonic_v0\.venv\Lib\site-packages\pycycle\thermo\static_ps_resid.py:128: RuntimeWarning: invalid value encountered in sqrt
  Vsonic = (i['gamma']*i['R']*i['Ts'])**0.5
C:\Users\MEO\Desktop\Projects\JetEngine\boomsonic_v0\.venv\Lib\site-packages\pycycle\thermo\static_ps_resid.py:128: RuntimeWarning: invalid value encountered in sqrt
  Vsonic = (i['gamma']*i['R']*i['Ts'])**0.5
C:\Users\MEO\Desktop\Projects\JetEngine\boomsonic_v0\.venv\Lib\site-packages\pycycle\thermo\static_ps_resid.py:128: RuntimeWarning: invalid value encountered in sqrt
  Vsonic = (i['gamma']*i['R']*i['Ts'])**0.5
C:\Users\MEO\Desktop\Projects\JetEngine\boomsonic_v0\.venv\Lib\site-packages\pycycle\thermo\static_ps_resid.py:128: RuntimeWarning: invalid value encountered in sqrt
  Vsonic = (i['gamma']*i['R']*i['Ts'])**0.5
C:\Users\MEO\Desktop\Projects\JetEngine\boomsonic_v0\.venv\Lib\site-packages\pycycle\thermo\static_ps_resid.py:98: RuntimeWarning: invalid value encountered in power
  ps_guess = inputs['guess:Pt'] * (1 + (gamt-1)/2 * M_guess**2)**(-gamt/(gamt-1))
C:\Users\MEO\Desktop\Projects\JetEngine\boomsonic_v0\.venv\Lib\site-packages\pycycle\thermo\static_ps_resid.py:93: RuntimeWarning: invalid value encountered in power
  f1 = ps - inputs['guess:Pt'] * (1 + (gamt-1)/2 * M_guess**2)**(-gamt/(gamt-1))
C:\Users\MEO\Desktop\Projects\JetEngine\boomsonic_v0\.venv\Lib\site-packages\pycycle\thermo\static_ps_resid.py:94: RuntimeWarning: invalid value encountered in sqrt
  f2 = MN - inputs['W']*(R_UNIVERSAL_SI*inputs['Ts'])**0.5/(ps_guess*1.0e6*inputs['area']*gamt**0.5)
C:\Users\MEO\Desktop\Projects\JetEngine\boomsonic_v0\.venv\Lib\site-packages\pycycle\thermo\static_ps_resid.py:99: RuntimeWarning: The iteration is not making good progress, as measured by the 
 improvement from the last ten iterations.
  ps_guess, M_guess = fsolve(equations, (ps_guess, M_guess))
C:\Users\MEO\Desktop\Projects\JetEngine\boomsonic_v0\.venv\Lib\site-packages\pycycle\thermo\static_ps_resid.py:128: RuntimeWarning: invalid value encountered in sqrt
  Vsonic = (i['gamma']*i['R']*i['Ts'])**0.5
C:\Users\MEO\Desktop\Projects\JetEngine\boomsonic_v0\.venv\Lib\site-packages\pycycle\thermo\static_ps_resid.py:128: RuntimeWarning: invalid value encountered in sqrt
  Vsonic = (i['gamma']*i['R']*i['Ts'])**0.5
C:\Users\MEO\Desktop\Projects\JetEngine\boomsonic_v0\.venv\Lib\site-packages\pycycle\thermo\static_ps_resid.py:128: RuntimeWarning: invalid value encountered in sqrt
  Vsonic = (i['gamma']*i['R']*i['Ts'])**0.5
C:\Users\MEO\Desktop\Projects\JetEngine\boomsonic_v0\.venv\Lib\site-packages\pycycle\thermo\static_ps_resid.py:128: RuntimeWarning: invalid value encountered in sqrt
  Vsonic = (i['gamma']*i['R']*i['Ts'])**0.5
C:\Users\MEO\Desktop\Projects\JetEngine\boomsonic_v0\.venv\Lib\site-packages\pycycle\thermo\static_ps_resid.py:128: RuntimeWarning: invalid value encountered in sqrt
  Vsonic = (i['gamma']*i['R']*i['Ts'])**0.5
C:\Users\MEO\Desktop\Projects\JetEngine\boomsonic_v0\.venv\Lib\site-packages\pycycle\thermo\static_ps_resid.py:128: RuntimeWarning: invalid value encountered in sqrt
  Vsonic = (i['gamma']*i['R']*i['Ts'])**0.5
C:\Users\MEO\Desktop\Projects\JetEngine\boomsonic_v0\.venv\Lib\site-packages\pycycle\thermo\static_ps_resid.py:128: RuntimeWarning: invalid value encountered in sqrt
  Vsonic = (i['gamma']*i['R']*i['Ts'])**0.5
C:\Users\MEO\Desktop\Projects\JetEngine\boomsonic_v0\.venv\Lib\site-packages\pycycle\thermo\static_ps_resid.py:128: RuntimeWarning: invalid value encountered in sqrt
  Vsonic = (i['gamma']*i['R']*i['Ts'])**0.5
C:\Users\MEO\Desktop\Projects\JetEngine\boomsonic_v0\.venv\Lib\site-packages\pycycle\thermo\static_ps_resid.py:108: RuntimeWarning: invalid value encountered in sqrt
  Vsonic = (i['gamma']*i['R']*i['Ts'])**0.5
C:\Users\MEO\Desktop\Projects\JetEngine\boomsonic_v0\.venv\Lib\site-packages\pycycle\thermo\static_ps_resid.py:83: RuntimeWarning: invalid value encountered in power
  ps_guess = inputs['guess:Pt'] * (1 + (gamt-1)/2 * inputs['MN']**2)**(-gamt/(gamt-1))
C:\Users\MEO\Desktop\Projects\JetEngine\boomsonic_v0\.venv\Lib\site-packages\pycycle\thermo\static_ps_resid.py:108: RuntimeWarning: invalid value encountered in sqrt
  Vsonic = (i['gamma']*i['R']*i['Ts'])**0.5
C:\Users\MEO\Desktop\Projects\JetEngine\boomsonic_v0\.venv\Lib\site-packages\pycycle\thermo\static_ps_resid.py:108: RuntimeWarning: invalid value encountered in sqrt
  Vsonic = (i['gamma']*i['R']*i['Ts'])**0.5
C:\Users\MEO\Desktop\Projects\JetEngine\boomsonic_v0\.venv\Lib\site-packages\pycycle\thermo\static_ps_resid.py:108: RuntimeWarning: invalid value encountered in sqrt
  Vsonic = (i['gamma']*i['R']*i['Ts'])**0.5
C:\Users\MEO\Desktop\Projects\JetEngine\boomsonic_v0\.venv\Lib\site-packages\pycycle\thermo\static_ps_resid.py:108: RuntimeWarning: invalid value encountered in sqrt
  Vsonic = (i['gamma']*i['R']*i['Ts'])**0.5
C:\Users\MEO\Desktop\Projects\JetEngine\boomsonic_v0\.venv\Lib\site-packages\pycycle\thermo\static_ps_resid.py:108: RuntimeWarning: invalid value encountered in sqrt
  Vsonic = (i['gamma']*i['R']*i['Ts'])**0.5
C:\Users\MEO\Desktop\Projects\JetEngine\boomsonic_v0\.venv\Lib\site-packages\pycycle\thermo\static_ps_resid.py:108: RuntimeWarning: invalid value encountered in sqrt
  Vsonic = (i['gamma']*i['R']*i['Ts'])**0.5
C:\Users\MEO\Desktop\Projects\JetEngine\boomsonic_v0\.venv\Lib\site-packages\pycycle\thermo\static_ps_resid.py:108: RuntimeWarning: invalid value encountered in sqrt
  Vsonic = (i['gamma']*i['R']*i['Ts'])**0.5
C:\Users\MEO\Desktop\Projects\JetEngine\boomsonic_v0\.venv\Lib\site-packages\pycycle\thermo\static_ps_resid.py:108: RuntimeWarning: invalid value encountered in sqrt
  Vsonic = (i['gamma']*i['R']*i['Ts'])**0.5
C:\Users\MEO\Desktop\Projects\JetEngine\boomsonic_v0\.venv\Lib\site-packages\pycycle\thermo\static_ps_resid.py:108: RuntimeWarning: invalid value encountered in sqrt
  Vsonic = (i['gamma']*i['R']*i['Ts'])**0.5
C:\Users\MEO\Desktop\Projects\JetEngine\boomsonic_v0\.venv\Lib\site-packages\pycycle\thermo\static_ps_resid.py:108: RuntimeWarning: invalid value encountered in sqrt
  Vsonic = (i['gamma']*i['R']*i['Ts'])**0.5
C:\Users\MEO\Desktop\Projects\JetEngine\boomsonic_v0\.venv\Lib\site-packages\pycycle\thermo\static_ps_calc.py:32: RuntimeWarning: invalid value encountered in sqrt
  outputs['Vsonic'] = Vsonic = np.sqrt(inputs['gamma'] * inputs['R'] * inputs['Ts'])
C:\Users\MEO\Desktop\Projects\JetEngine\boomsonic_v0\.venv\Lib\site-packages\pycycle\thermo\static_ps_calc.py:32: RuntimeWarning: invalid value encountered in sqrt
  outputs['Vsonic'] = Vsonic = np.sqrt(inputs['gamma'] * inputs['R'] * inputs['Ts'])
C:\Users\MEO\Desktop\Projects\JetEngine\boomsonic_v0\.venv\Lib\site-packages\pycycle\elements\compressor.py:75: RuntimeWarning: invalid value encountered in log
  outputs['eff_poly'] = Rt * np.log(PR) / ( Rt*np.log(PR) + S_out - S_in )
C:\Users\MEO\Desktop\Projects\JetEngine\boomsonic_v0\.venv\Lib\site-packages\pycycle\thermo\static_ps_resid.py:128: RuntimeWarning: invalid value encountered in sqrt
  Vsonic = (i['gamma']*i['R']*i['Ts'])**0.5
C:\Users\MEO\Desktop\Projects\JetEngine\boomsonic_v0\.venv\Lib\site-packages\pycycle\thermo\static_ps_resid.py:108: RuntimeWarning: invalid value encountered in sqrt
  Vsonic = (i['gamma']*i['R']*i['Ts'])**0.5
C:\Users\MEO\Desktop\Projects\JetEngine\boomsonic_v0\.venv\Lib\site-packages\pycycle\thermo\static_ps_resid.py:98: RuntimeWarning: invalid value encountered in power
  ps_guess = inputs['guess:Pt'] * (1 + (gamt-1)/2 * M_guess**2)**(-gamt/(gamt-1))
C:\Users\MEO\Desktop\Projects\JetEngine\boomsonic_v0\.venv\Lib\site-packages\pycycle\thermo\static_ps_resid.py:93: RuntimeWarning: invalid value encountered in power
  f1 = ps - inputs['guess:Pt'] * (1 + (gamt-1)/2 * M_guess**2)**(-gamt/(gamt-1))
C:\Users\MEO\Desktop\Projects\JetEngine\boomsonic_v0\.venv\Lib\site-packages\pycycle\thermo\static_ps_resid.py:94: RuntimeWarning: invalid value encountered in sqrt
  f2 = MN - inputs['W']*(R_UNIVERSAL_SI*inputs['Ts'])**0.5/(ps_guess*1.0e6*inputs['area']*gamt**0.5)
C:\Users\MEO\Desktop\Projects\JetEngine\boomsonic_v0\.venv\Lib\site-packages\pycycle\thermo\static_ps_resid.py:99: RuntimeWarning: The iteration is not making good progress, as measured by the 
 improvement from the last ten iterations.
  ps_guess, M_guess = fsolve(equations, (ps_guess, M_guess))
C:\Users\MEO\Desktop\Projects\JetEngine\boomsonic_v0\.venv\Lib\site-packages\pycycle\thermo\static_ps_resid.py:83: RuntimeWarning: invalid value encountered in power
  ps_guess = inputs['guess:Pt'] * (1 + (gamt-1)/2 * inputs['MN']**2)**(-gamt/(gamt-1))
C:\Users\MEO\Desktop\Projects\JetEngine\boomsonic_v0\.venv\Lib\site-packages\openmdao\solvers\solver.py:819: SolverWarning:Your model has stalled three times and may be violating the bounds. In the future, turn on print_bound_enforce in your solver options here: 
OD0.comp.ideal_flow.nonlinear_solver.linesearch.options['print_bound_enforce']=True. 
The bound(s) being violated now are:

C:\Users\MEO\Desktop\Projects\JetEngine\boomsonic_v0\.venv\Lib\site-packages\openmdao\solvers\linesearch\backtracking.py:39: SolverWarning:'OD0.comp.ideal_flow.balance.T' exceeds lower bounds
  Val: [-2214615.87841541]
  Lower: [150.]

C:\Users\MEO\Desktop\Projects\JetEngine\boomsonic_v0\.venv\Lib\site-packages\pycycle\elements\compressor.py:75: RuntimeWarning: invalid value encountered in log
  outputs['eff_poly'] = Rt * np.log(PR) / ( Rt*np.log(PR) + S_out - S_in )
C:\Users\MEO\Desktop\Projects\JetEngine\boomsonic_v0\.venv\Lib\site-packages\pycycle\thermo\static_ps_resid.py:128: RuntimeWarning: invalid value encountered in sqrt
  Vsonic = (i['gamma']*i['R']*i['Ts'])**0.5
C:\Users\MEO\Desktop\Projects\JetEngine\boomsonic_v0\.venv\Lib\site-packages\pycycle\thermo\static_ps_resid.py:128: RuntimeWarning: invalid value encountered in sqrt
  Vsonic = (i['gamma']*i['R']*i['Ts'])**0.5
C:\Users\MEO\Desktop\Projects\JetEngine\boomsonic_v0\.venv\Lib\site-packages\pycycle\thermo\static_ps_resid.py:128: RuntimeWarning: invalid value encountered in sqrt
  Vsonic = (i['gamma']*i['R']*i['Ts'])**0.5
C:\Users\MEO\Desktop\Projects\JetEngine\boomsonic_v0\.venv\Lib\site-packages\pycycle\thermo\static_ps_resid.py:128: RuntimeWarning: invalid value encountered in sqrt
  Vsonic = (i['gamma']*i['R']*i['Ts'])**0.5
C:\Users\MEO\Desktop\Projects\JetEngine\boomsonic_v0\.venv\Lib\site-packages\pycycle\thermo\static_ps_resid.py:128: RuntimeWarning: invalid value encountered in sqrt
  Vsonic = (i['gamma']*i['R']*i['Ts'])**0.5
C:\Users\MEO\Desktop\Projects\JetEngine\boomsonic_v0\.venv\Lib\site-packages\pycycle\thermo\static_ps_resid.py:128: RuntimeWarning: invalid value encountered in sqrt
  Vsonic = (i['gamma']*i['R']*i['Ts'])**0.5
C:\Users\MEO\Desktop\Projects\JetEngine\boomsonic_v0\.venv\Lib\site-packages\pycycle\thermo\static_ps_resid.py:128: RuntimeWarning: invalid value encountered in sqrt
  Vsonic = (i['gamma']*i['R']*i['Ts'])**0.5
C:\Users\MEO\Desktop\Projects\JetEngine\boomsonic_v0\.venv\Lib\site-packages\pycycle\thermo\static_ps_resid.py:98: RuntimeWarning: invalid value encountered in power
  ps_guess = inputs['guess:Pt'] * (1 + (gamt-1)/2 * M_guess**2)**(-gamt/(gamt-1))
C:\Users\MEO\Desktop\Projects\JetEngine\boomsonic_v0\.venv\Lib\site-packages\pycycle\thermo\static_ps_resid.py:93: RuntimeWarning: invalid value encountered in power
  f1 = ps - inputs['guess:Pt'] * (1 + (gamt-1)/2 * M_guess**2)**(-gamt/(gamt-1))
C:\Users\MEO\Desktop\Projects\JetEngine\boomsonic_v0\.venv\Lib\site-packages\pycycle\thermo\static_ps_resid.py:94: RuntimeWarning: invalid value encountered in sqrt
  f2 = MN - inputs['W']*(R_UNIVERSAL_SI*inputs['Ts'])**0.5/(ps_guess*1.0e6*inputs['area']*gamt**0.5)
C:\Users\MEO\Desktop\Projects\JetEngine\boomsonic_v0\.venv\Lib\site-packages\pycycle\thermo\static_ps_resid.py:99: RuntimeWarning: The iteration is not making good progress, as measured by the 
 improvement from the last ten iterations.
  ps_guess, M_guess = fsolve(equations, (ps_guess, M_guess))
C:\Users\MEO\Desktop\Projects\JetEngine\boomsonic_v0\.venv\Lib\site-packages\pycycle\thermo\static_ps_resid.py:128: RuntimeWarning: invalid value encountered in sqrt
  Vsonic = (i['gamma']*i['R']*i['Ts'])**0.5
C:\Users\MEO\Desktop\Projects\JetEngine\boomsonic_v0\.venv\Lib\site-packages\pycycle\thermo\static_ps_resid.py:128: RuntimeWarning: invalid value encountered in sqrt
  Vsonic = (i['gamma']*i['R']*i['Ts'])**0.5
C:\Users\MEO\Desktop\Projects\JetEngine\boomsonic_v0\.venv\Lib\site-packages\pycycle\thermo\static_ps_resid.py:128: RuntimeWarning: invalid value encountered in sqrt
  Vsonic = (i['gamma']*i['R']*i['Ts'])**0.5
C:\Users\MEO\Desktop\Projects\JetEngine\boomsonic_v0\.venv\Lib\site-packages\pycycle\thermo\static_ps_resid.py:128: RuntimeWarning: invalid value encountered in sqrt
  Vsonic = (i['gamma']*i['R']*i['Ts'])**0.5
C:\Users\MEO\Desktop\Projects\JetEngine\boomsonic_v0\.venv\Lib\site-packages\pycycle\thermo\static_ps_resid.py:128: RuntimeWarning: invalid value encountered in sqrt
  Vsonic = (i['gamma']*i['R']*i['Ts'])**0.5
C:\Users\MEO\Desktop\Projects\JetEngine\boomsonic_v0\.venv\Lib\site-packages\pycycle\thermo\static_ps_resid.py:128: RuntimeWarning: invalid value encountered in sqrt
  Vsonic = (i['gamma']*i['R']*i['Ts'])**0.5
C:\Users\MEO\Desktop\Projects\JetEngine\boomsonic_v0\.venv\Lib\site-packages\pycycle\thermo\static_ps_resid.py:128: RuntimeWarning: invalid value encountered in sqrt
  Vsonic = (i['gamma']*i['R']*i['Ts'])**0.5
C:\Users\MEO\Desktop\Projects\JetEngine\boomsonic_v0\.venv\Lib\site-packages\pycycle\thermo\static_ps_resid.py:128: RuntimeWarning: invalid value encountered in sqrt
  Vsonic = (i['gamma']*i['R']*i['Ts'])**0.5
C:\Users\MEO\Desktop\Projects\JetEngine\boomsonic_v0\.venv\Lib\site-packages\pycycle\thermo\static_ps_resid.py:108: RuntimeWarning: invalid value encountered in sqrt
  Vsonic = (i['gamma']*i['R']*i['Ts'])**0.5
C:\Users\MEO\Desktop\Projects\JetEngine\boomsonic_v0\.venv\Lib\site-packages\pycycle\thermo\static_ps_resid.py:83: RuntimeWarning: invalid value encountered in power
  ps_guess = inputs['guess:Pt'] * (1 + (gamt-1)/2 * inputs['MN']**2)**(-gamt/(gamt-1))
C:\Users\MEO\Desktop\Projects\JetEngine\boomsonic_v0\.venv\Lib\site-packages\pycycle\thermo\static_ps_resid.py:108: RuntimeWarning: invalid value encountered in sqrt
  Vsonic = (i['gamma']*i['R']*i['Ts'])**0.5
C:\Users\MEO\Desktop\Projects\JetEngine\boomsonic_v0\.venv\Lib\site-packages\pycycle\thermo\static_ps_resid.py:108: RuntimeWarning: invalid value encountered in sqrt
  Vsonic = (i['gamma']*i['R']*i['Ts'])**0.5
C:\Users\MEO\Desktop\Projects\JetEngine\boomsonic_v0\.venv\Lib\site-packages\pycycle\thermo\static_ps_resid.py:108: RuntimeWarning: invalid value encountered in sqrt
  Vsonic = (i['gamma']*i['R']*i['Ts'])**0.5
C:\Users\MEO\Desktop\Projects\JetEngine\boomsonic_v0\.venv\Lib\site-packages\pycycle\thermo\static_ps_resid.py:108: RuntimeWarning: invalid value encountered in sqrt
  Vsonic = (i['gamma']*i['R']*i['Ts'])**0.5
C:\Users\MEO\Desktop\Projects\JetEngine\boomsonic_v0\.venv\Lib\site-packages\pycycle\thermo\static_ps_resid.py:108: RuntimeWarning: invalid value encountered in sqrt
  Vsonic = (i['gamma']*i['R']*i['Ts'])**0.5
C:\Users\MEO\Desktop\Projects\JetEngine\boomsonic_v0\.venv\Lib\site-packages\pycycle\thermo\static_ps_resid.py:108: RuntimeWarning: invalid value encountered in sqrt
  Vsonic = (i['gamma']*i['R']*i['Ts'])**0.5
C:\Users\MEO\Desktop\Projects\JetEngine\boomsonic_v0\.venv\Lib\site-packages\pycycle\thermo\static_ps_resid.py:108: RuntimeWarning: invalid value encountered in sqrt
  Vsonic = (i['gamma']*i['R']*i['Ts'])**0.5
C:\Users\MEO\Desktop\Projects\JetEngine\boomsonic_v0\.venv\Lib\site-packages\pycycle\thermo\static_ps_resid.py:108: RuntimeWarning: invalid value encountered in sqrt
  Vsonic = (i['gamma']*i['R']*i['Ts'])**0.5
C:\Users\MEO\Desktop\Projects\JetEngine\boomsonic_v0\.venv\Lib\site-packages\pycycle\thermo\static_ps_resid.py:108: RuntimeWarning: invalid value encountered in sqrt
  Vsonic = (i['gamma']*i['R']*i['Ts'])**0.5
C:\Users\MEO\Desktop\Projects\JetEngine\boomsonic_v0\.venv\Lib\site-packages\pycycle\thermo\static_ps_resid.py:108: RuntimeWarning: invalid value encountered in sqrt
  Vsonic = (i['gamma']*i['R']*i['Ts'])**0.5
C:\Users\MEO\Desktop\Projects\JetEngine\boomsonic_v0\.venv\Lib\site-packages\pycycle\thermo\static_ps_resid.py:108: RuntimeWarning: invalid value encountered in sqrt
  Vsonic = (i['gamma']*i['R']*i['Ts'])**0.5
C:\Users\MEO\Desktop\Projects\JetEngine\boomsonic_v0\.venv\Lib\site-packages\pycycle\thermo\static_ps_calc.py:32: RuntimeWarning: invalid value encountered in sqrt
  outputs['Vsonic'] = Vsonic = np.sqrt(inputs['gamma'] * inputs['R'] * inputs['Ts'])
C:\Users\MEO\Desktop\Projects\JetEngine\boomsonic_v0\.venv\Lib\site-packages\pycycle\elements\compressor.py:75: RuntimeWarning: invalid value encountered in log
  outputs['eff_poly'] = Rt * np.log(PR) / ( Rt*np.log(PR) + S_out - S_in )
C:\Users\MEO\Desktop\Projects\JetEngine\boomsonic_v0\.venv\Lib\site-packages\pycycle\thermo\static_ps_resid.py:128: RuntimeWarning: invalid value encountered in sqrt
  Vsonic = (i['gamma']*i['R']*i['Ts'])**0.5
C:\Users\MEO\Desktop\Projects\JetEngine\boomsonic_v0\.venv\Lib\site-packages\pycycle\thermo\static_ps_resid.py:98: RuntimeWarning: invalid value encountered in power
  ps_guess = inputs['guess:Pt'] * (1 + (gamt-1)/2 * M_guess**2)**(-gamt/(gamt-1))
C:\Users\MEO\Desktop\Projects\JetEngine\boomsonic_v0\.venv\Lib\site-packages\pycycle\thermo\static_ps_resid.py:93: RuntimeWarning: invalid value encountered in power
  f1 = ps - inputs['guess:Pt'] * (1 + (gamt-1)/2 * M_guess**2)**(-gamt/(gamt-1))
C:\Users\MEO\Desktop\Projects\JetEngine\boomsonic_v0\.venv\Lib\site-packages\pycycle\thermo\static_ps_resid.py:94: RuntimeWarning: invalid value encountered in sqrt
  f2 = MN - inputs['W']*(R_UNIVERSAL_SI*inputs['Ts'])**0.5/(ps_guess*1.0e6*inputs['area']*gamt**0.5)
C:\Users\MEO\Desktop\Projects\JetEngine\boomsonic_v0\.venv\Lib\site-packages\pycycle\thermo\static_ps_resid.py:99: RuntimeWarning: The iteration is not making good progress, as measured by the 
 improvement from the last ten iterations.
  ps_guess, M_guess = fsolve(equations, (ps_guess, M_guess))
C:\Users\MEO\Desktop\Projects\JetEngine\boomsonic_v0\.venv\Lib\site-packages\pycycle\thermo\static_ps_resid.py:83: RuntimeWarning: invalid value encountered in power
  ps_guess = inputs['guess:Pt'] * (1 + (gamt-1)/2 * inputs['MN']**2)**(-gamt/(gamt-1))
C:\Users\MEO\Desktop\Projects\JetEngine\boomsonic_v0\.venv\Lib\site-packages\openmdao\solvers\solver.py:819: SolverWarning:Your model has stalled three times and may be violating the bounds. In the future, turn on print_bound_enforce in your solver options here: 
OD0.comp.ideal_flow.nonlinear_solver.linesearch.options['print_bound_enforce']=True. 
The bound(s) being violated now are:

C:\Users\MEO\Desktop\Projects\JetEngine\boomsonic_v0\.venv\Lib\site-packages\openmdao\solvers\linesearch\backtracking.py:39: SolverWarning:'OD0.comp.ideal_flow.balance.T' exceeds lower bounds
  Val: [-2214615.87841541]
  Lower: [150.]

C:\Users\MEO\Desktop\Projects\JetEngine\boomsonic_v0\.venv\Lib\site-packages\pycycle\elements\compressor.py:75: RuntimeWarning: invalid value encountered in log
  outputs['eff_poly'] = Rt * np.log(PR) / ( Rt*np.log(PR) + S_out - S_in )
C:\Users\MEO\Desktop\Projects\JetEngine\boomsonic_v0\.venv\Lib\site-packages\pycycle\thermo\static_ps_resid.py:128: RuntimeWarning: invalid value encountered in sqrt
  Vsonic = (i['gamma']*i['R']*i['Ts'])**0.5
C:\Users\MEO\Desktop\Projects\JetEngine\boomsonic_v0\.venv\Lib\site-packages\pycycle\thermo\static_ps_resid.py:98: RuntimeWarning: invalid value encountered in power
  ps_guess = inputs['guess:Pt'] * (1 + (gamt-1)/2 * M_guess**2)**(-gamt/(gamt-1))
C:\Users\MEO\Desktop\Projects\JetEngine\boomsonic_v0\.venv\Lib\site-packages\pycycle\thermo\static_ps_resid.py:93: RuntimeWarning: invalid value encountered in power
  f1 = ps - inputs['guess:Pt'] * (1 + (gamt-1)/2 * M_guess**2)**(-gamt/(gamt-1))
C:\Users\MEO\Desktop\Projects\JetEngine\boomsonic_v0\.venv\Lib\site-packages\pycycle\thermo\static_ps_resid.py:94: RuntimeWarning: invalid value encountered in sqrt
  f2 = MN - inputs['W']*(R_UNIVERSAL_SI*inputs['Ts'])**0.5/(ps_guess*1.0e6*inputs['area']*gamt**0.5)
C:\Users\MEO\Desktop\Projects\JetEngine\boomsonic_v0\.venv\Lib\site-packages\pycycle\thermo\static_ps_resid.py:99: RuntimeWarning: The iteration is not making good progress, as measured by the 
 improvement from the last ten iterations.
  ps_guess, M_guess = fsolve(equations, (ps_guess, M_guess))
C:\Users\MEO\Desktop\Projects\JetEngine\boomsonic_v0\.venv\Lib\site-packages\pycycle\thermo\static_ps_resid.py:128: RuntimeWarning: invalid value encountered in sqrt
  Vsonic = (i['gamma']*i['R']*i['Ts'])**0.5
C:\Users\MEO\Desktop\Projects\JetEngine\boomsonic_v0\.venv\Lib\site-packages\pycycle\thermo\static_ps_resid.py:128: RuntimeWarning: invalid value encountered in sqrt
  Vsonic = (i['gamma']*i['R']*i['Ts'])**0.5
C:\Users\MEO\Desktop\Projects\JetEngine\boomsonic_v0\.venv\Lib\site-packages\pycycle\thermo\static_ps_resid.py:128: RuntimeWarning: invalid value encountered in sqrt
  Vsonic = (i['gamma']*i['R']*i['Ts'])**0.5
C:\Users\MEO\Desktop\Projects\JetEngine\boomsonic_v0\.venv\Lib\site-packages\pycycle\thermo\static_ps_resid.py:128: RuntimeWarning: invalid value encountered in sqrt
  Vsonic = (i['gamma']*i['R']*i['Ts'])**0.5
C:\Users\MEO\Desktop\Projects\JetEngine\boomsonic_v0\.venv\Lib\site-packages\pycycle\thermo\static_ps_resid.py:128: RuntimeWarning: invalid value encountered in sqrt
  Vsonic = (i['gamma']*i['R']*i['Ts'])**0.5
C:\Users\MEO\Desktop\Projects\JetEngine\boomsonic_v0\.venv\Lib\site-packages\pycycle\thermo\static_ps_resid.py:128: RuntimeWarning: invalid value encountered in sqrt
  Vsonic = (i['gamma']*i['R']*i['Ts'])**0.5
C:\Users\MEO\Desktop\Projects\JetEngine\boomsonic_v0\.venv\Lib\site-packages\pycycle\thermo\static_ps_resid.py:128: RuntimeWarning: invalid value encountered in sqrt
  Vsonic = (i['gamma']*i['R']*i['Ts'])**0.5
C:\Users\MEO\Desktop\Projects\JetEngine\boomsonic_v0\.venv\Lib\site-packages\pycycle\thermo\static_ps_resid.py:128: RuntimeWarning: invalid value encountered in sqrt
  Vsonic = (i['gamma']*i['R']*i['Ts'])**0.5
C:\Users\MEO\Desktop\Projects\JetEngine\boomsonic_v0\.venv\Lib\site-packages\pycycle\thermo\static_ps_resid.py:128: RuntimeWarning: invalid value encountered in sqrt
  Vsonic = (i['gamma']*i['R']*i['Ts'])**0.5
C:\Users\MEO\Desktop\Projects\JetEngine\boomsonic_v0\.venv\Lib\site-packages\pycycle\thermo\static_ps_resid.py:128: RuntimeWarning: invalid value encountered in sqrt
  Vsonic = (i['gamma']*i['R']*i['Ts'])**0.5
C:\Users\MEO\Desktop\Projects\JetEngine\boomsonic_v0\.venv\Lib\site-packages\pycycle\thermo\static_ps_resid.py:108: RuntimeWarning: invalid value encountered in sqrt
  Vsonic = (i['gamma']*i['R']*i['Ts'])**0.5
C:\Users\MEO\Desktop\Projects\JetEngine\boomsonic_v0\.venv\Lib\site-packages\pycycle\thermo\static_ps_resid.py:83: RuntimeWarning: invalid value encountered in power
  ps_guess = inputs['guess:Pt'] * (1 + (gamt-1)/2 * inputs['MN']**2)**(-gamt/(gamt-1))
C:\Users\MEO\Desktop\Projects\JetEngine\boomsonic_v0\.venv\Lib\site-packages\pycycle\thermo\static_ps_resid.py:108: RuntimeWarning: invalid value encountered in sqrt
  Vsonic = (i['gamma']*i['R']*i['Ts'])**0.5
C:\Users\MEO\Desktop\Projects\JetEngine\boomsonic_v0\.venv\Lib\site-packages\pycycle\thermo\static_ps_resid.py:108: RuntimeWarning: invalid value encountered in sqrt
  Vsonic = (i['gamma']*i['R']*i['Ts'])**0.5
C:\Users\MEO\Desktop\Projects\JetEngine\boomsonic_v0\.venv\Lib\site-packages\pycycle\thermo\static_ps_resid.py:108: RuntimeWarning: invalid value encountered in sqrt
  Vsonic = (i['gamma']*i['R']*i['Ts'])**0.5
C:\Users\MEO\Desktop\Projects\JetEngine\boomsonic_v0\.venv\Lib\site-packages\pycycle\thermo\static_ps_resid.py:108: RuntimeWarning: invalid value encountered in sqrt
  Vsonic = (i['gamma']*i['R']*i['Ts'])**0.5
C:\Users\MEO\Desktop\Projects\JetEngine\boomsonic_v0\.venv\Lib\site-packages\pycycle\thermo\static_ps_resid.py:108: RuntimeWarning: invalid value encountered in sqrt
  Vsonic = (i['gamma']*i['R']*i['Ts'])**0.5
C:\Users\MEO\Desktop\Projects\JetEngine\boomsonic_v0\.venv\Lib\site-packages\pycycle\thermo\static_ps_resid.py:108: RuntimeWarning: invalid value encountered in sqrt
  Vsonic = (i['gamma']*i['R']*i['Ts'])**0.5
C:\Users\MEO\Desktop\Projects\JetEngine\boomsonic_v0\.venv\Lib\site-packages\pycycle\thermo\static_ps_resid.py:108: RuntimeWarning: invalid value encountered in sqrt
  Vsonic = (i['gamma']*i['R']*i['Ts'])**0.5
C:\Users\MEO\Desktop\Projects\JetEngine\boomsonic_v0\.venv\Lib\site-packages\pycycle\thermo\static_ps_resid.py:108: RuntimeWarning: invalid value encountered in sqrt
  Vsonic = (i['gamma']*i['R']*i['Ts'])**0.5
C:\Users\MEO\Desktop\Projects\JetEngine\boomsonic_v0\.venv\Lib\site-packages\pycycle\thermo\static_ps_resid.py:108: RuntimeWarning: invalid value encountered in sqrt
  Vsonic = (i['gamma']*i['R']*i['Ts'])**0.5
C:\Users\MEO\Desktop\Projects\JetEngine\boomsonic_v0\.venv\Lib\site-packages\pycycle\thermo\static_ps_resid.py:108: RuntimeWarning: invalid value encountered in sqrt
  Vsonic = (i['gamma']*i['R']*i['Ts'])**0.5
C:\Users\MEO\Desktop\Projects\JetEngine\boomsonic_v0\.venv\Lib\site-packages\pycycle\thermo\static_ps_resid.py:108: RuntimeWarning: invalid value encountered in sqrt
  Vsonic = (i['gamma']*i['R']*i['Ts'])**0.5
C:\Users\MEO\Desktop\Projects\JetEngine\boomsonic_v0\.venv\Lib\site-packages\pycycle\thermo\static_ps_calc.py:32: RuntimeWarning: invalid value encountered in sqrt
  outputs['Vsonic'] = Vsonic = np.sqrt(inputs['gamma'] * inputs['R'] * inputs['Ts'])
C:\Users\MEO\Desktop\Projects\JetEngine\boomsonic_v0\.venv\Lib\site-packages\pycycle\elements\compressor.py:75: RuntimeWarning: invalid value encountered in log
  outputs['eff_poly'] = Rt * np.log(PR) / ( Rt*np.log(PR) + S_out - S_in )
C:\Users\MEO\Desktop\Projects\JetEngine\boomsonic_v0\.venv\Lib\site-packages\pycycle\thermo\static_ps_resid.py:128: RuntimeWarning: invalid value encountered in sqrt
  Vsonic = (i['gamma']*i['R']*i['Ts'])**0.5
C:\Users\MEO\Desktop\Projects\JetEngine\boomsonic_v0\.venv\Lib\site-packages\pycycle\thermo\static_ps_resid.py:98: RuntimeWarning: invalid value encountered in power
  ps_guess = inputs['guess:Pt'] * (1 + (gamt-1)/2 * M_guess**2)**(-gamt/(gamt-1))
C:\Users\MEO\Desktop\Projects\JetEngine\boomsonic_v0\.venv\Lib\site-packages\pycycle\thermo\static_ps_resid.py:93: RuntimeWarning: invalid value encountered in power
  f1 = ps - inputs['guess:Pt'] * (1 + (gamt-1)/2 * M_guess**2)**(-gamt/(gamt-1))
C:\Users\MEO\Desktop\Projects\JetEngine\boomsonic_v0\.venv\Lib\site-packages\pycycle\thermo\static_ps_resid.py:94: RuntimeWarning: invalid value encountered in sqrt
  f2 = MN - inputs['W']*(R_UNIVERSAL_SI*inputs['Ts'])**0.5/(ps_guess*1.0e6*inputs['area']*gamt**0.5)
C:\Users\MEO\Desktop\Projects\JetEngine\boomsonic_v0\.venv\Lib\site-packages\pycycle\thermo\static_ps_resid.py:99: RuntimeWarning: The iteration is not making good progress, as measured by the 
 improvement from the last ten iterations.
  ps_guess, M_guess = fsolve(equations, (ps_guess, M_guess))
C:\Users\MEO\Desktop\Projects\JetEngine\boomsonic_v0\.venv\Lib\site-packages\pycycle\thermo\static_ps_resid.py:83: RuntimeWarning: invalid value encountered in power
  ps_guess = inputs['guess:Pt'] * (1 + (gamt-1)/2 * inputs['MN']**2)**(-gamt/(gamt-1))
C:\Users\MEO\Desktop\Projects\JetEngine\boomsonic_v0\.venv\Lib\site-packages\openmdao\solvers\solver.py:819: SolverWarning:Your model has stalled three times and may be violating the bounds. In the future, turn on print_bound_enforce in your solver options here: 
OD0.comp.ideal_flow.nonlinear_solver.linesearch.options['print_bound_enforce']=True. 
The bound(s) being violated now are:

C:\Users\MEO\Desktop\Projects\JetEngine\boomsonic_v0\.venv\Lib\site-packages\openmdao\solvers\linesearch\backtracking.py:39: SolverWarning:'OD0.comp.ideal_flow.balance.T' exceeds lower bounds
  Val: [-2214615.87841541]
  Lower: [150.]

C:\Users\MEO\Desktop\Projects\JetEngine\boomsonic_v0\.venv\Lib\site-packages\pycycle\elements\compressor.py:75: RuntimeWarning: invalid value encountered in log
  outputs['eff_poly'] = Rt * np.log(PR) / ( Rt*np.log(PR) + S_out - S_in )
C:\Users\MEO\Desktop\Projects\JetEngine\boomsonic_v0\.venv\Lib\site-packages\pycycle\thermo\static_ps_resid.py:128: RuntimeWarning: invalid value encountered in sqrt
  Vsonic = (i['gamma']*i['R']*i['Ts'])**0.5
C:\Users\MEO\Desktop\Projects\JetEngine\boomsonic_v0\.venv\Lib\site-packages\pycycle\thermo\static_ps_resid.py:98: RuntimeWarning: invalid value encountered in power
  ps_guess = inputs['guess:Pt'] * (1 + (gamt-1)/2 * M_guess**2)**(-gamt/(gamt-1))
C:\Users\MEO\Desktop\Projects\JetEngine\boomsonic_v0\.venv\Lib\site-packages\pycycle\thermo\static_ps_resid.py:93: RuntimeWarning: invalid value encountered in power
  f1 = ps - inputs['guess:Pt'] * (1 + (gamt-1)/2 * M_guess**2)**(-gamt/(gamt-1))
C:\Users\MEO\Desktop\Projects\JetEngine\boomsonic_v0\.venv\Lib\site-packages\pycycle\thermo\static_ps_resid.py:94: RuntimeWarning: invalid value encountered in sqrt
  f2 = MN - inputs['W']*(R_UNIVERSAL_SI*inputs['Ts'])**0.5/(ps_guess*1.0e6*inputs['area']*gamt**0.5)
C:\Users\MEO\Desktop\Projects\JetEngine\boomsonic_v0\.venv\Lib\site-packages\pycycle\thermo\static_ps_resid.py:99: RuntimeWarning: The iteration is not making good progress, as measured by the 
 improvement from the last ten iterations.
  ps_guess, M_guess = fsolve(equations, (ps_guess, M_guess))
C:\Users\MEO\Desktop\Projects\JetEngine\boomsonic_v0\.venv\Lib\site-packages\pycycle\thermo\static_ps_resid.py:128: RuntimeWarning: invalid value encountered in sqrt
  Vsonic = (i['gamma']*i['R']*i['Ts'])**0.5
C:\Users\MEO\Desktop\Projects\JetEngine\boomsonic_v0\.venv\Lib\site-packages\pycycle\thermo\static_ps_resid.py:128: RuntimeWarning: invalid value encountered in sqrt
  Vsonic = (i['gamma']*i['R']*i['Ts'])**0.5
C:\Users\MEO\Desktop\Projects\JetEngine\boomsonic_v0\.venv\Lib\site-packages\pycycle\thermo\static_ps_resid.py:128: RuntimeWarning: invalid value encountered in sqrt
  Vsonic = (i['gamma']*i['R']*i['Ts'])**0.5
C:\Users\MEO\Desktop\Projects\JetEngine\boomsonic_v0\.venv\Lib\site-packages\pycycle\thermo\static_ps_resid.py:128: RuntimeWarning: invalid value encountered in sqrt
  Vsonic = (i['gamma']*i['R']*i['Ts'])**0.5
C:\Users\MEO\Desktop\Projects\JetEngine\boomsonic_v0\.venv\Lib\site-packages\pycycle\thermo\static_ps_resid.py:128: RuntimeWarning: invalid value encountered in sqrt
  Vsonic = (i['gamma']*i['R']*i['Ts'])**0.5
C:\Users\MEO\Desktop\Projects\JetEngine\boomsonic_v0\.venv\Lib\site-packages\pycycle\thermo\static_ps_resid.py:128: RuntimeWarning: invalid value encountered in sqrt
  Vsonic = (i['gamma']*i['R']*i['Ts'])**0.5
C:\Users\MEO\Desktop\Projects\JetEngine\boomsonic_v0\.venv\Lib\site-packages\pycycle\thermo\static_ps_resid.py:128: RuntimeWarning: invalid value encountered in sqrt
  Vsonic = (i['gamma']*i['R']*i['Ts'])**0.5
C:\Users\MEO\Desktop\Projects\JetEngine\boomsonic_v0\.venv\Lib\site-packages\pycycle\thermo\static_ps_resid.py:128: RuntimeWarning: invalid value encountered in sqrt
  Vsonic = (i['gamma']*i['R']*i['Ts'])**0.5
C:\Users\MEO\Desktop\Projects\JetEngine\boomsonic_v0\.venv\Lib\site-packages\pycycle\thermo\static_ps_resid.py:128: RuntimeWarning: invalid value encountered in sqrt
  Vsonic = (i['gamma']*i['R']*i['Ts'])**0.5
C:\Users\MEO\Desktop\Projects\JetEngine\boomsonic_v0\.venv\Lib\site-packages\pycycle\thermo\static_ps_resid.py:108: RuntimeWarning: invalid value encountered in sqrt
  Vsonic = (i['gamma']*i['R']*i['Ts'])**0.5
C:\Users\MEO\Desktop\Projects\JetEngine\boomsonic_v0\.venv\Lib\site-packages\pycycle\thermo\static_ps_resid.py:83: RuntimeWarning: invalid value encountered in power
  ps_guess = inputs['guess:Pt'] * (1 + (gamt-1)/2 * inputs['MN']**2)**(-gamt/(gamt-1))
C:\Users\MEO\Desktop\Projects\JetEngine\boomsonic_v0\.venv\Lib\site-packages\pycycle\thermo\static_ps_resid.py:108: RuntimeWarning: invalid value encountered in sqrt
  Vsonic = (i['gamma']*i['R']*i['Ts'])**0.5
C:\Users\MEO\Desktop\Projects\JetEngine\boomsonic_v0\.venv\Lib\site-packages\pycycle\thermo\static_ps_resid.py:108: RuntimeWarning: invalid value encountered in sqrt
  Vsonic = (i['gamma']*i['R']*i['Ts'])**0.5
C:\Users\MEO\Desktop\Projects\JetEngine\boomsonic_v0\.venv\Lib\site-packages\pycycle\thermo\static_ps_resid.py:108: RuntimeWarning: invalid value encountered in sqrt
  Vsonic = (i['gamma']*i['R']*i['Ts'])**0.5
C:\Users\MEO\Desktop\Projects\JetEngine\boomsonic_v0\.venv\Lib\site-packages\pycycle\thermo\static_ps_resid.py:108: RuntimeWarning: invalid value encountered in sqrt
  Vsonic = (i['gamma']*i['R']*i['Ts'])**0.5
C:\Users\MEO\Desktop\Projects\JetEngine\boomsonic_v0\.venv\Lib\site-packages\pycycle\thermo\static_ps_resid.py:108: RuntimeWarning: invalid value encountered in sqrt
  Vsonic = (i['gamma']*i['R']*i['Ts'])**0.5
C:\Users\MEO\Desktop\Projects\JetEngine\boomsonic_v0\.venv\Lib\site-packages\pycycle\thermo\static_ps_resid.py:108: RuntimeWarning: invalid value encountered in sqrt
  Vsonic = (i['gamma']*i['R']*i['Ts'])**0.5
C:\Users\MEO\Desktop\Projects\JetEngine\boomsonic_v0\.venv\Lib\site-packages\pycycle\thermo\static_ps_resid.py:108: RuntimeWarning: invalid value encountered in sqrt
  Vsonic = (i['gamma']*i['R']*i['Ts'])**0.5
C:\Users\MEO\Desktop\Projects\JetEngine\boomsonic_v0\.venv\Lib\site-packages\pycycle\thermo\static_ps_resid.py:108: RuntimeWarning: invalid value encountered in sqrt
  Vsonic = (i['gamma']*i['R']*i['Ts'])**0.5
C:\Users\MEO\Desktop\Projects\JetEngine\boomsonic_v0\.venv\Lib\site-packages\pycycle\thermo\static_ps_resid.py:108: RuntimeWarning: invalid value encountered in sqrt
  Vsonic = (i['gamma']*i['R']*i['Ts'])**0.5
C:\Users\MEO\Desktop\Projects\JetEngine\boomsonic_v0\.venv\Lib\site-packages\pycycle\thermo\static_ps_resid.py:108: RuntimeWarning: invalid value encountered in sqrt
  Vsonic = (i['gamma']*i['R']*i['Ts'])**0.5
C:\Users\MEO\Desktop\Projects\JetEngine\boomsonic_v0\.venv\Lib\site-packages\pycycle\thermo\static_ps_resid.py:108: RuntimeWarning: invalid value encountered in sqrt
  Vsonic = (i['gamma']*i['R']*i['Ts'])**0.5
C:\Users\MEO\Desktop\Projects\JetEngine\boomsonic_v0\.venv\Lib\site-packages\pycycle\thermo\static_ps_calc.py:32: RuntimeWarning: invalid value encountered in sqrt
  outputs['Vsonic'] = Vsonic = np.sqrt(inputs['gamma'] * inputs['R'] * inputs['Ts'])
C:\Users\MEO\Desktop\Projects\JetEngine\boomsonic_v0\.venv\Lib\site-packages\pycycle\elements\compressor.py:75: RuntimeWarning: invalid value encountered in log
  outputs['eff_poly'] = Rt * np.log(PR) / ( Rt*np.log(PR) + S_out - S_in )
C:\Users\MEO\Desktop\Projects\JetEngine\boomsonic_v0\.venv\Lib\site-packages\pycycle\thermo\static_ps_resid.py:128: RuntimeWarning: invalid value encountered in sqrt
  Vsonic = (i['gamma']*i['R']*i['Ts'])**0.5
C:\Users\MEO\Desktop\Projects\JetEngine\boomsonic_v0\.venv\Lib\site-packages\pycycle\thermo\static_ps_resid.py:98: RuntimeWarning: invalid value encountered in power
  ps_guess = inputs['guess:Pt'] * (1 + (gamt-1)/2 * M_guess**2)**(-gamt/(gamt-1))
C:\Users\MEO\Desktop\Projects\JetEngine\boomsonic_v0\.venv\Lib\site-packages\pycycle\thermo\static_ps_resid.py:93: RuntimeWarning: invalid value encountered in power
  f1 = ps - inputs['guess:Pt'] * (1 + (gamt-1)/2 * M_guess**2)**(-gamt/(gamt-1))
C:\Users\MEO\Desktop\Projects\JetEngine\boomsonic_v0\.venv\Lib\site-packages\pycycle\thermo\static_ps_resid.py:94: RuntimeWarning: invalid value encountered in sqrt
  f2 = MN - inputs['W']*(R_UNIVERSAL_SI*inputs['Ts'])**0.5/(ps_guess*1.0e6*inputs['area']*gamt**0.5)
C:\Users\MEO\Desktop\Projects\JetEngine\boomsonic_v0\.venv\Lib\site-packages\pycycle\thermo\static_ps_resid.py:99: RuntimeWarning: The iteration is not making good progress, as measured by the 
 improvement from the last ten iterations.
  ps_guess, M_guess = fsolve(equations, (ps_guess, M_guess))
C:\Users\MEO\Desktop\Projects\JetEngine\boomsonic_v0\.venv\Lib\site-packages\pycycle\thermo\static_ps_resid.py:83: RuntimeWarning: invalid value encountered in power
  ps_guess = inputs['guess:Pt'] * (1 + (gamt-1)/2 * inputs['MN']**2)**(-gamt/(gamt-1))
C:\Users\MEO\Desktop\Projects\JetEngine\boomsonic_v0\.venv\Lib\site-packages\openmdao\solvers\solver.py:819: SolverWarning:Your model has stalled three times and may be violating the bounds. In the future, turn on print_bound_enforce in your solver options here: 
OD0.comp.ideal_flow.nonlinear_solver.linesearch.options['print_bound_enforce']=True. 
The bound(s) being violated now are:

C:\Users\MEO\Desktop\Projects\JetEngine\boomsonic_v0\.venv\Lib\site-packages\openmdao\solvers\linesearch\backtracking.py:39: SolverWarning:'OD0.comp.ideal_flow.balance.T' exceeds lower bounds
  Val: [-2214615.87841541]
  Lower: [150.]

C:\Users\MEO\Desktop\Projects\JetEngine\boomsonic_v0\.venv\Lib\site-packages\pycycle\elements\compressor.py:75: RuntimeWarning: invalid value encountered in log
  outputs['eff_poly'] = Rt * np.log(PR) / ( Rt*np.log(PR) + S_out - S_in )
C:\Users\MEO\Desktop\Projects\JetEngine\boomsonic_v0\.venv\Lib\site-packages\pycycle\thermo\static_ps_resid.py:128: RuntimeWarning: invalid value encountered in sqrt
  Vsonic = (i['gamma']*i['R']*i['Ts'])**0.5
C:\Users\MEO\Desktop\Projects\JetEngine\boomsonic_v0\.venv\Lib\site-packages\pycycle\thermo\static_ps_resid.py:98: RuntimeWarning: invalid value encountered in power
  ps_guess = inputs['guess:Pt'] * (1 + (gamt-1)/2 * M_guess**2)**(-gamt/(gamt-1))
C:\Users\MEO\Desktop\Projects\JetEngine\boomsonic_v0\.venv\Lib\site-packages\pycycle\thermo\static_ps_resid.py:93: RuntimeWarning: invalid value encountered in power
  f1 = ps - inputs['guess:Pt'] * (1 + (gamt-1)/2 * M_guess**2)**(-gamt/(gamt-1))
C:\Users\MEO\Desktop\Projects\JetEngine\boomsonic_v0\.venv\Lib\site-packages\pycycle\thermo\static_ps_resid.py:94: RuntimeWarning: invalid value encountered in sqrt
  f2 = MN - inputs['W']*(R_UNIVERSAL_SI*inputs['Ts'])**0.5/(ps_guess*1.0e6*inputs['area']*gamt**0.5)
C:\Users\MEO\Desktop\Projects\JetEngine\boomsonic_v0\.venv\Lib\site-packages\pycycle\thermo\static_ps_resid.py:99: RuntimeWarning: The iteration is not making good progress, as measured by the 
 improvement from the last ten iterations.
  ps_guess, M_guess = fsolve(equations, (ps_guess, M_guess))
C:\Users\MEO\Desktop\Projects\JetEngine\boomsonic_v0\.venv\Lib\site-packages\pycycle\thermo\static_ps_resid.py:128: RuntimeWarning: invalid value encountered in sqrt
  Vsonic = (i['gamma']*i['R']*i['Ts'])**0.5
C:\Users\MEO\Desktop\Projects\JetEngine\boomsonic_v0\.venv\Lib\site-packages\pycycle\thermo\static_ps_resid.py:128: RuntimeWarning: invalid value encountered in sqrt
  Vsonic = (i['gamma']*i['R']*i['Ts'])**0.5
C:\Users\MEO\Desktop\Projects\JetEngine\boomsonic_v0\.venv\Lib\site-packages\pycycle\thermo\static_ps_resid.py:128: RuntimeWarning: invalid value encountered in sqrt
  Vsonic = (i['gamma']*i['R']*i['Ts'])**0.5
C:\Users\MEO\Desktop\Projects\JetEngine\boomsonic_v0\.venv\Lib\site-packages\pycycle\thermo\static_ps_resid.py:128: RuntimeWarning: invalid value encountered in sqrt
  Vsonic = (i['gamma']*i['R']*i['Ts'])**0.5
C:\Users\MEO\Desktop\Projects\JetEngine\boomsonic_v0\.venv\Lib\site-packages\pycycle\thermo\static_ps_resid.py:128: RuntimeWarning: invalid value encountered in sqrt
  Vsonic = (i['gamma']*i['R']*i['Ts'])**0.5
C:\Users\MEO\Desktop\Projects\JetEngine\boomsonic_v0\.venv\Lib\site-packages\pycycle\thermo\static_ps_resid.py:128: RuntimeWarning: invalid value encountered in sqrt
  Vsonic = (i['gamma']*i['R']*i['Ts'])**0.5
C:\Users\MEO\Desktop\Projects\JetEngine\boomsonic_v0\.venv\Lib\site-packages\pycycle\thermo\static_ps_resid.py:128: RuntimeWarning: invalid value encountered in sqrt
  Vsonic = (i['gamma']*i['R']*i['Ts'])**0.5
C:\Users\MEO\Desktop\Projects\JetEngine\boomsonic_v0\.venv\Lib\site-packages\pycycle\thermo\static_ps_resid.py:128: RuntimeWarning: invalid value encountered in sqrt
  Vsonic = (i['gamma']*i['R']*i['Ts'])**0.5
C:\Users\MEO\Desktop\Projects\JetEngine\boomsonic_v0\.venv\Lib\site-packages\pycycle\thermo\static_ps_resid.py:128: RuntimeWarning: invalid value encountered in sqrt
  Vsonic = (i['gamma']*i['R']*i['Ts'])**0.5
C:\Users\MEO\Desktop\Projects\JetEngine\boomsonic_v0\.venv\Lib\site-packages\pycycle\thermo\static_ps_resid.py:128: RuntimeWarning: invalid value encountered in sqrt
  Vsonic = (i['gamma']*i['R']*i['Ts'])**0.5
C:\Users\MEO\Desktop\Projects\JetEngine\boomsonic_v0\.venv\Lib\site-packages\pycycle\thermo\static_ps_resid.py:108: RuntimeWarning: invalid value encountered in sqrt
  Vsonic = (i['gamma']*i['R']*i['Ts'])**0.5
C:\Users\MEO\Desktop\Projects\JetEngine\boomsonic_v0\.venv\Lib\site-packages\pycycle\thermo\static_ps_resid.py:83: RuntimeWarning: invalid value encountered in power
  ps_guess = inputs['guess:Pt'] * (1 + (gamt-1)/2 * inputs['MN']**2)**(-gamt/(gamt-1))
C:\Users\MEO\Desktop\Projects\JetEngine\boomsonic_v0\.venv\Lib\site-packages\pycycle\thermo\static_ps_resid.py:108: RuntimeWarning: invalid value encountered in sqrt
  Vsonic = (i['gamma']*i['R']*i['Ts'])**0.5
C:\Users\MEO\Desktop\Projects\JetEngine\boomsonic_v0\.venv\Lib\site-packages\pycycle\thermo\static_ps_resid.py:108: RuntimeWarning: invalid value encountered in sqrt
  Vsonic = (i['gamma']*i['R']*i['Ts'])**0.5
C:\Users\MEO\Desktop\Projects\JetEngine\boomsonic_v0\.venv\Lib\site-packages\pycycle\thermo\static_ps_resid.py:108: RuntimeWarning: invalid value encountered in sqrt
  Vsonic = (i['gamma']*i['R']*i['Ts'])**0.5
C:\Users\MEO\Desktop\Projects\JetEngine\boomsonic_v0\.venv\Lib\site-packages\pycycle\thermo\static_ps_resid.py:108: RuntimeWarning: invalid value encountered in sqrt
  Vsonic = (i['gamma']*i['R']*i['Ts'])**0.5
C:\Users\MEO\Desktop\Projects\JetEngine\boomsonic_v0\.venv\Lib\site-packages\pycycle\thermo\static_ps_resid.py:108: RuntimeWarning: invalid value encountered in sqrt
  Vsonic = (i['gamma']*i['R']*i['Ts'])**0.5
C:\Users\MEO\Desktop\Projects\JetEngine\boomsonic_v0\.venv\Lib\site-packages\pycycle\thermo\static_ps_resid.py:108: RuntimeWarning: invalid value encountered in sqrt
  Vsonic = (i['gamma']*i['R']*i['Ts'])**0.5
C:\Users\MEO\Desktop\Projects\JetEngine\boomsonic_v0\.venv\Lib\site-packages\pycycle\thermo\static_ps_resid.py:108: RuntimeWarning: invalid value encountered in sqrt
  Vsonic = (i['gamma']*i['R']*i['Ts'])**0.5
C:\Users\MEO\Desktop\Projects\JetEngine\boomsonic_v0\.venv\Lib\site-packages\pycycle\thermo\static_ps_resid.py:108: RuntimeWarning: invalid value encountered in sqrt
  Vsonic = (i['gamma']*i['R']*i['Ts'])**0.5
C:\Users\MEO\Desktop\Projects\JetEngine\boomsonic_v0\.venv\Lib\site-packages\pycycle\thermo\static_ps_resid.py:108: RuntimeWarning: invalid value encountered in sqrt
  Vsonic = (i['gamma']*i['R']*i['Ts'])**0.5
C:\Users\MEO\Desktop\Projects\JetEngine\boomsonic_v0\.venv\Lib\site-packages\pycycle\thermo\static_ps_resid.py:108: RuntimeWarning: invalid value encountered in sqrt
  Vsonic = (i['gamma']*i['R']*i['Ts'])**0.5
C:\Users\MEO\Desktop\Projects\JetEngine\boomsonic_v0\.venv\Lib\site-packages\pycycle\thermo\static_ps_resid.py:108: RuntimeWarning: invalid value encountered in sqrt
  Vsonic = (i['gamma']*i['R']*i['Ts'])**0.5
C:\Users\MEO\Desktop\Projects\JetEngine\boomsonic_v0\.venv\Lib\site-packages\pycycle\thermo\static_ps_calc.py:32: RuntimeWarning: invalid value encountered in sqrt
  outputs['Vsonic'] = Vsonic = np.sqrt(inputs['gamma'] * inputs['R'] * inputs['Ts'])
C:\Users\MEO\Desktop\Projects\JetEngine\boomsonic_v0\.venv\Lib\site-packages\pycycle\elements\compressor.py:75: RuntimeWarning: invalid value encountered in log
  outputs['eff_poly'] = Rt * np.log(PR) / ( Rt*np.log(PR) + S_out - S_in )
C:\Users\MEO\Desktop\Projects\JetEngine\boomsonic_v0\.venv\Lib\site-packages\pycycle\thermo\static_ps_resid.py:128: RuntimeWarning: invalid value encountered in sqrt
  Vsonic = (i['gamma']*i['R']*i['Ts'])**0.5
C:\Users\MEO\Desktop\Projects\JetEngine\boomsonic_v0\.venv\Lib\site-packages\pycycle\thermo\static_ps_resid.py:98: RuntimeWarning: invalid value encountered in power
  ps_guess = inputs['guess:Pt'] * (1 + (gamt-1)/2 * M_guess**2)**(-gamt/(gamt-1))
C:\Users\MEO\Desktop\Projects\JetEngine\boomsonic_v0\.venv\Lib\site-packages\pycycle\thermo\static_ps_resid.py:93: RuntimeWarning: invalid value encountered in power
  f1 = ps - inputs['guess:Pt'] * (1 + (gamt-1)/2 * M_guess**2)**(-gamt/(gamt-1))
C:\Users\MEO\Desktop\Projects\JetEngine\boomsonic_v0\.venv\Lib\site-packages\pycycle\thermo\static_ps_resid.py:94: RuntimeWarning: invalid value encountered in sqrt
  f2 = MN - inputs['W']*(R_UNIVERSAL_SI*inputs['Ts'])**0.5/(ps_guess*1.0e6*inputs['area']*gamt**0.5)
C:\Users\MEO\Desktop\Projects\JetEngine\boomsonic_v0\.venv\Lib\site-packages\pycycle\thermo\static_ps_resid.py:99: RuntimeWarning: The iteration is not making good progress, as measured by the 
 improvement from the last ten iterations.
  ps_guess, M_guess = fsolve(equations, (ps_guess, M_guess))
C:\Users\MEO\Desktop\Projects\JetEngine\boomsonic_v0\.venv\Lib\site-packages\pycycle\thermo\static_ps_resid.py:83: RuntimeWarning: invalid value encountered in power
  ps_guess = inputs['guess:Pt'] * (1 + (gamt-1)/2 * inputs['MN']**2)**(-gamt/(gamt-1))
C:\Users\MEO\Desktop\Projects\JetEngine\boomsonic_v0\.venv\Lib\site-packages\openmdao\solvers\solver.py:819: SolverWarning:Your model has stalled three times and may be violating the bounds. In the future, turn on print_bound_enforce in your solver options here: 
OD0.comp.ideal_flow.nonlinear_solver.linesearch.options['print_bound_enforce']=True. 
The bound(s) being violated now are:

C:\Users\MEO\Desktop\Projects\JetEngine\boomsonic_v0\.venv\Lib\site-packages\openmdao\solvers\linesearch\backtracking.py:39: SolverWarning:'OD0.comp.ideal_flow.balance.T' exceeds lower bounds
  Val: [-2214615.87841541]
  Lower: [150.]

C:\Users\MEO\Desktop\Projects\JetEngine\boomsonic_v0\.venv\Lib\site-packages\pycycle\elements\compressor.py:75: RuntimeWarning: invalid value encountered in log
  outputs['eff_poly'] = Rt * np.log(PR) / ( Rt*np.log(PR) + S_out - S_in )
C:\Users\MEO\Desktop\Projects\JetEngine\boomsonic_v0\.venv\Lib\site-packages\pycycle\thermo\static_ps_resid.py:128: RuntimeWarning: invalid value encountered in sqrt
  Vsonic = (i['gamma']*i['R']*i['Ts'])**0.5
C:\Users\MEO\Desktop\Projects\JetEngine\boomsonic_v0\.venv\Lib\site-packages\pycycle\thermo\static_ps_resid.py:98: RuntimeWarning: invalid value encountered in power
  ps_guess = inputs['guess:Pt'] * (1 + (gamt-1)/2 * M_guess**2)**(-gamt/(gamt-1))
C:\Users\MEO\Desktop\Projects\JetEngine\boomsonic_v0\.venv\Lib\site-packages\pycycle\thermo\static_ps_resid.py:93: RuntimeWarning: invalid value encountered in power
  f1 = ps - inputs['guess:Pt'] * (1 + (gamt-1)/2 * M_guess**2)**(-gamt/(gamt-1))
C:\Users\MEO\Desktop\Projects\JetEngine\boomsonic_v0\.venv\Lib\site-packages\pycycle\thermo\static_ps_resid.py:94: RuntimeWarning: invalid value encountered in sqrt
  f2 = MN - inputs['W']*(R_UNIVERSAL_SI*inputs['Ts'])**0.5/(ps_guess*1.0e6*inputs['area']*gamt**0.5)
C:\Users\MEO\Desktop\Projects\JetEngine\boomsonic_v0\.venv\Lib\site-packages\pycycle\thermo\static_ps_resid.py:99: RuntimeWarning: The iteration is not making good progress, as measured by the 
 improvement from the last ten iterations.
  ps_guess, M_guess = fsolve(equations, (ps_guess, M_guess))
C:\Users\MEO\Desktop\Projects\JetEngine\boomsonic_v0\.venv\Lib\site-packages\pycycle\thermo\static_ps_resid.py:128: RuntimeWarning: invalid value encountered in sqrt
  Vsonic = (i['gamma']*i['R']*i['Ts'])**0.5
C:\Users\MEO\Desktop\Projects\JetEngine\boomsonic_v0\.venv\Lib\site-packages\pycycle\thermo\static_ps_resid.py:128: RuntimeWarning: invalid value encountered in sqrt
  Vsonic = (i['gamma']*i['R']*i['Ts'])**0.5
C:\Users\MEO\Desktop\Projects\JetEngine\boomsonic_v0\.venv\Lib\site-packages\pycycle\thermo\static_ps_resid.py:128: RuntimeWarning: invalid value encountered in sqrt
  Vsonic = (i['gamma']*i['R']*i['Ts'])**0.5
C:\Users\MEO\Desktop\Projects\JetEngine\boomsonic_v0\.venv\Lib\site-packages\pycycle\thermo\static_ps_resid.py:128: RuntimeWarning: invalid value encountered in sqrt
  Vsonic = (i['gamma']*i['R']*i['Ts'])**0.5
C:\Users\MEO\Desktop\Projects\JetEngine\boomsonic_v0\.venv\Lib\site-packages\pycycle\thermo\static_ps_resid.py:128: RuntimeWarning: invalid value encountered in sqrt
  Vsonic = (i['gamma']*i['R']*i['Ts'])**0.5
C:\Users\MEO\Desktop\Projects\JetEngine\boomsonic_v0\.venv\Lib\site-packages\pycycle\thermo\static_ps_resid.py:128: RuntimeWarning: invalid value encountered in sqrt
  Vsonic = (i['gamma']*i['R']*i['Ts'])**0.5
C:\Users\MEO\Desktop\Projects\JetEngine\boomsonic_v0\.venv\Lib\site-packages\pycycle\thermo\static_ps_resid.py:128: RuntimeWarning: invalid value encountered in sqrt
  Vsonic = (i['gamma']*i['R']*i['Ts'])**0.5
C:\Users\MEO\Desktop\Projects\JetEngine\boomsonic_v0\.venv\Lib\site-packages\pycycle\thermo\static_ps_resid.py:128: RuntimeWarning: invalid value encountered in sqrt
  Vsonic = (i['gamma']*i['R']*i['Ts'])**0.5
C:\Users\MEO\Desktop\Projects\JetEngine\boomsonic_v0\.venv\Lib\site-packages\pycycle\thermo\static_ps_resid.py:128: RuntimeWarning: invalid value encountered in sqrt
  Vsonic = (i['gamma']*i['R']*i['Ts'])**0.5
C:\Users\MEO\Desktop\Projects\JetEngine\boomsonic_v0\.venv\Lib\site-packages\pycycle\thermo\static_ps_resid.py:128: RuntimeWarning: invalid value encountered in sqrt
  Vsonic = (i['gamma']*i['R']*i['Ts'])**0.5
C:\Users\MEO\Desktop\Projects\JetEngine\boomsonic_v0\.venv\Lib\site-packages\pycycle\thermo\static_ps_resid.py:108: RuntimeWarning: invalid value encountered in sqrt
  Vsonic = (i['gamma']*i['R']*i['Ts'])**0.5
C:\Users\MEO\Desktop\Projects\JetEngine\boomsonic_v0\.venv\Lib\site-packages\pycycle\thermo\static_ps_resid.py:83: RuntimeWarning: invalid value encountered in power
  ps_guess = inputs['guess:Pt'] * (1 + (gamt-1)/2 * inputs['MN']**2)**(-gamt/(gamt-1))
C:\Users\MEO\Desktop\Projects\JetEngine\boomsonic_v0\.venv\Lib\site-packages\pycycle\thermo\static_ps_resid.py:108: RuntimeWarning: invalid value encountered in sqrt
  Vsonic = (i['gamma']*i['R']*i['Ts'])**0.5
C:\Users\MEO\Desktop\Projects\JetEngine\boomsonic_v0\.venv\Lib\site-packages\pycycle\thermo\static_ps_resid.py:108: RuntimeWarning: invalid value encountered in sqrt
  Vsonic = (i['gamma']*i['R']*i['Ts'])**0.5
C:\Users\MEO\Desktop\Projects\JetEngine\boomsonic_v0\.venv\Lib\site-packages\pycycle\thermo\static_ps_resid.py:108: RuntimeWarning: invalid value encountered in sqrt
  Vsonic = (i['gamma']*i['R']*i['Ts'])**0.5
C:\Users\MEO\Desktop\Projects\JetEngine\boomsonic_v0\.venv\Lib\site-packages\pycycle\thermo\static_ps_resid.py:108: RuntimeWarning: invalid value encountered in sqrt
  Vsonic = (i['gamma']*i['R']*i['Ts'])**0.5
C:\Users\MEO\Desktop\Projects\JetEngine\boomsonic_v0\.venv\Lib\site-packages\pycycle\thermo\static_ps_resid.py:108: RuntimeWarning: invalid value encountered in sqrt
  Vsonic = (i['gamma']*i['R']*i['Ts'])**0.5
C:\Users\MEO\Desktop\Projects\JetEngine\boomsonic_v0\.venv\Lib\site-packages\pycycle\thermo\static_ps_resid.py:108: RuntimeWarning: invalid value encountered in sqrt
  Vsonic = (i['gamma']*i['R']*i['Ts'])**0.5
C:\Users\MEO\Desktop\Projects\JetEngine\boomsonic_v0\.venv\Lib\site-packages\pycycle\thermo\static_ps_resid.py:108: RuntimeWarning: invalid value encountered in sqrt
  Vsonic = (i['gamma']*i['R']*i['Ts'])**0.5
C:\Users\MEO\Desktop\Projects\JetEngine\boomsonic_v0\.venv\Lib\site-packages\pycycle\thermo\static_ps_resid.py:108: RuntimeWarning: invalid value encountered in sqrt
  Vsonic = (i['gamma']*i['R']*i['Ts'])**0.5
C:\Users\MEO\Desktop\Projects\JetEngine\boomsonic_v0\.venv\Lib\site-packages\pycycle\thermo\static_ps_resid.py:108: RuntimeWarning: invalid value encountered in sqrt
  Vsonic = (i['gamma']*i['R']*i['Ts'])**0.5
C:\Users\MEO\Desktop\Projects\JetEngine\boomsonic_v0\.venv\Lib\site-packages\pycycle\thermo\static_ps_resid.py:108: RuntimeWarning: invalid value encountered in sqrt
  Vsonic = (i['gamma']*i['R']*i['Ts'])**0.5
C:\Users\MEO\Desktop\Projects\JetEngine\boomsonic_v0\.venv\Lib\site-packages\pycycle\thermo\static_ps_resid.py:108: RuntimeWarning: invalid value encountered in sqrt
  Vsonic = (i['gamma']*i['R']*i['Ts'])**0.5
C:\Users\MEO\Desktop\Projects\JetEngine\boomsonic_v0\.venv\Lib\site-packages\pycycle\thermo\static_ps_calc.py:32: RuntimeWarning: invalid value encountered in sqrt
  outputs['Vsonic'] = Vsonic = np.sqrt(inputs['gamma'] * inputs['R'] * inputs['Ts'])
C:\Users\MEO\Desktop\Projects\JetEngine\boomsonic_v0\.venv\Lib\site-packages\pycycle\elements\compressor.py:75: RuntimeWarning: invalid value encountered in log
  outputs['eff_poly'] = Rt * np.log(PR) / ( Rt*np.log(PR) + S_out - S_in )
C:\Users\MEO\Desktop\Projects\JetEngine\boomsonic_v0\.venv\Lib\site-packages\pycycle\thermo\static_ps_resid.py:128: RuntimeWarning: invalid value encountered in sqrt
  Vsonic = (i['gamma']*i['R']*i['Ts'])**0.5
C:\Users\MEO\Desktop\Projects\JetEngine\boomsonic_v0\.venv\Lib\site-packages\pycycle\thermo\static_ps_resid.py:98: RuntimeWarning: invalid value encountered in power
  ps_guess = inputs['guess:Pt'] * (1 + (gamt-1)/2 * M_guess**2)**(-gamt/(gamt-1))
C:\Users\MEO\Desktop\Projects\JetEngine\boomsonic_v0\.venv\Lib\site-packages\pycycle\thermo\static_ps_resid.py:93: RuntimeWarning: invalid value encountered in power
  f1 = ps - inputs['guess:Pt'] * (1 + (gamt-1)/2 * M_guess**2)**(-gamt/(gamt-1))
C:\Users\MEO\Desktop\Projects\JetEngine\boomsonic_v0\.venv\Lib\site-packages\pycycle\thermo\static_ps_resid.py:94: RuntimeWarning: invalid value encountered in sqrt
  f2 = MN - inputs['W']*(R_UNIVERSAL_SI*inputs['Ts'])**0.5/(ps_guess*1.0e6*inputs['area']*gamt**0.5)
C:\Users\MEO\Desktop\Projects\JetEngine\boomsonic_v0\.venv\Lib\site-packages\pycycle\thermo\static_ps_resid.py:99: RuntimeWarning: The iteration is not making good progress, as measured by the 
 improvement from the last ten iterations.
  ps_guess, M_guess = fsolve(equations, (ps_guess, M_guess))
C:\Users\MEO\Desktop\Projects\JetEngine\boomsonic_v0\.venv\Lib\site-packages\pycycle\thermo\static_ps_resid.py:83: RuntimeWarning: invalid value encountered in power
  ps_guess = inputs['guess:Pt'] * (1 + (gamt-1)/2 * inputs['MN']**2)**(-gamt/(gamt-1))
C:\Users\MEO\Desktop\Projects\JetEngine\boomsonic_v0\.venv\Lib\site-packages\openmdao\solvers\solver.py:819: SolverWarning:Your model has stalled three times and may be violating the bounds. In the future, turn on print_bound_enforce in your solver options here: 
OD0.comp.ideal_flow.nonlinear_solver.linesearch.options['print_bound_enforce']=True. 
The bound(s) being violated now are:

C:\Users\MEO\Desktop\Projects\JetEngine\boomsonic_v0\.venv\Lib\site-packages\openmdao\solvers\linesearch\backtracking.py:39: SolverWarning:'OD0.comp.ideal_flow.balance.T' exceeds lower bounds
  Val: [-2214615.87841541]
  Lower: [150.]

C:\Users\MEO\Desktop\Projects\JetEngine\boomsonic_v0\.venv\Lib\site-packages\pycycle\elements\compressor.py:75: RuntimeWarning: invalid value encountered in log
  outputs['eff_poly'] = Rt * np.log(PR) / ( Rt*np.log(PR) + S_out - S_in )
C:\Users\MEO\Desktop\Projects\JetEngine\boomsonic_v0\.venv\Lib\site-packages\pycycle\thermo\static_ps_resid.py:128: RuntimeWarning: invalid value encountered in sqrt
  Vsonic = (i['gamma']*i['R']*i['Ts'])**0.5
C:\Users\MEO\Desktop\Projects\JetEngine\boomsonic_v0\.venv\Lib\site-packages\pycycle\thermo\static_ps_resid.py:98: RuntimeWarning: invalid value encountered in power
  ps_guess = inputs['guess:Pt'] * (1 + (gamt-1)/2 * M_guess**2)**(-gamt/(gamt-1))
C:\Users\MEO\Desktop\Projects\JetEngine\boomsonic_v0\.venv\Lib\site-packages\pycycle\thermo\static_ps_resid.py:93: RuntimeWarning: invalid value encountered in power
  f1 = ps - inputs['guess:Pt'] * (1 + (gamt-1)/2 * M_guess**2)**(-gamt/(gamt-1))
C:\Users\MEO\Desktop\Projects\JetEngine\boomsonic_v0\.venv\Lib\site-packages\pycycle\thermo\static_ps_resid.py:94: RuntimeWarning: invalid value encountered in sqrt
  f2 = MN - inputs['W']*(R_UNIVERSAL_SI*inputs['Ts'])**0.5/(ps_guess*1.0e6*inputs['area']*gamt**0.5)
C:\Users\MEO\Desktop\Projects\JetEngine\boomsonic_v0\.venv\Lib\site-packages\pycycle\thermo\static_ps_resid.py:99: RuntimeWarning: The iteration is not making good progress, as measured by the 
 improvement from the last ten iterations.
  ps_guess, M_guess = fsolve(equations, (ps_guess, M_guess))
C:\Users\MEO\Desktop\Projects\JetEngine\boomsonic_v0\.venv\Lib\site-packages\pycycle\thermo\static_ps_resid.py:128: RuntimeWarning: invalid value encountered in sqrt
  Vsonic = (i['gamma']*i['R']*i['Ts'])**0.5
C:\Users\MEO\Desktop\Projects\JetEngine\boomsonic_v0\.venv\Lib\site-packages\pycycle\thermo\static_ps_resid.py:128: RuntimeWarning: invalid value encountered in sqrt
  Vsonic = (i['gamma']*i['R']*i['Ts'])**0.5
C:\Users\MEO\Desktop\Projects\JetEngine\boomsonic_v0\.venv\Lib\site-packages\pycycle\thermo\static_ps_resid.py:128: RuntimeWarning: invalid value encountered in sqrt
  Vsonic = (i['gamma']*i['R']*i['Ts'])**0.5
C:\Users\MEO\Desktop\Projects\JetEngine\boomsonic_v0\.venv\Lib\site-packages\pycycle\thermo\static_ps_resid.py:128: RuntimeWarning: invalid value encountered in sqrt
  Vsonic = (i['gamma']*i['R']*i['Ts'])**0.5
C:\Users\MEO\Desktop\Projects\JetEngine\boomsonic_v0\.venv\Lib\site-packages\pycycle\thermo\static_ps_resid.py:128: RuntimeWarning: invalid value encountered in sqrt
  Vsonic = (i['gamma']*i['R']*i['Ts'])**0.5
C:\Users\MEO\Desktop\Projects\JetEngine\boomsonic_v0\.venv\Lib\site-packages\pycycle\thermo\static_ps_resid.py:128: RuntimeWarning: invalid value encountered in sqrt
  Vsonic = (i['gamma']*i['R']*i['Ts'])**0.5
C:\Users\MEO\Desktop\Projects\JetEngine\boomsonic_v0\.venv\Lib\site-packages\pycycle\thermo\static_ps_resid.py:128: RuntimeWarning: invalid value encountered in sqrt
  Vsonic = (i['gamma']*i['R']*i['Ts'])**0.5
C:\Users\MEO\Desktop\Projects\JetEngine\boomsonic_v0\.venv\Lib\site-packages\pycycle\thermo\static_ps_resid.py:128: RuntimeWarning: invalid value encountered in sqrt
  Vsonic = (i['gamma']*i['R']*i['Ts'])**0.5
C:\Users\MEO\Desktop\Projects\JetEngine\boomsonic_v0\.venv\Lib\site-packages\pycycle\thermo\static_ps_resid.py:128: RuntimeWarning: invalid value encountered in sqrt
  Vsonic = (i['gamma']*i['R']*i['Ts'])**0.5
C:\Users\MEO\Desktop\Projects\JetEngine\boomsonic_v0\.venv\Lib\site-packages\pycycle\thermo\static_ps_resid.py:128: RuntimeWarning: invalid value encountered in sqrt
  Vsonic = (i['gamma']*i['R']*i['Ts'])**0.5
C:\Users\MEO\Desktop\Projects\JetEngine\boomsonic_v0\.venv\Lib\site-packages\pycycle\thermo\static_ps_resid.py:108: RuntimeWarning: invalid value encountered in sqrt
  Vsonic = (i['gamma']*i['R']*i['Ts'])**0.5
C:\Users\MEO\Desktop\Projects\JetEngine\boomsonic_v0\.venv\Lib\site-packages\pycycle\thermo\static_ps_resid.py:83: RuntimeWarning: invalid value encountered in power
  ps_guess = inputs['guess:Pt'] * (1 + (gamt-1)/2 * inputs['MN']**2)**(-gamt/(gamt-1))
C:\Users\MEO\Desktop\Projects\JetEngine\boomsonic_v0\.venv\Lib\site-packages\pycycle\thermo\static_ps_resid.py:108: RuntimeWarning: invalid value encountered in sqrt
  Vsonic = (i['gamma']*i['R']*i['Ts'])**0.5
C:\Users\MEO\Desktop\Projects\JetEngine\boomsonic_v0\.venv\Lib\site-packages\pycycle\thermo\static_ps_resid.py:108: RuntimeWarning: invalid value encountered in sqrt
  Vsonic = (i['gamma']*i['R']*i['Ts'])**0.5
C:\Users\MEO\Desktop\Projects\JetEngine\boomsonic_v0\.venv\Lib\site-packages\pycycle\thermo\static_ps_resid.py:108: RuntimeWarning: invalid value encountered in sqrt
  Vsonic = (i['gamma']*i['R']*i['Ts'])**0.5
C:\Users\MEO\Desktop\Projects\JetEngine\boomsonic_v0\.venv\Lib\site-packages\pycycle\thermo\static_ps_resid.py:108: RuntimeWarning: invalid value encountered in sqrt
  Vsonic = (i['gamma']*i['R']*i['Ts'])**0.5
C:\Users\MEO\Desktop\Projects\JetEngine\boomsonic_v0\.venv\Lib\site-packages\pycycle\thermo\static_ps_resid.py:108: RuntimeWarning: invalid value encountered in sqrt
  Vsonic = (i['gamma']*i['R']*i['Ts'])**0.5
C:\Users\MEO\Desktop\Projects\JetEngine\boomsonic_v0\.venv\Lib\site-packages\pycycle\thermo\static_ps_resid.py:108: RuntimeWarning: invalid value encountered in sqrt
  Vsonic = (i['gamma']*i['R']*i['Ts'])**0.5
C:\Users\MEO\Desktop\Projects\JetEngine\boomsonic_v0\.venv\Lib\site-packages\pycycle\thermo\static_ps_resid.py:108: RuntimeWarning: invalid value encountered in sqrt
  Vsonic = (i['gamma']*i['R']*i['Ts'])**0.5
C:\Users\MEO\Desktop\Projects\JetEngine\boomsonic_v0\.venv\Lib\site-packages\pycycle\thermo\static_ps_resid.py:108: RuntimeWarning: invalid value encountered in sqrt
  Vsonic = (i['gamma']*i['R']*i['Ts'])**0.5
C:\Users\MEO\Desktop\Projects\JetEngine\boomsonic_v0\.venv\Lib\site-packages\pycycle\thermo\static_ps_resid.py:108: RuntimeWarning: invalid value encountered in sqrt
  Vsonic = (i['gamma']*i['R']*i['Ts'])**0.5
C:\Users\MEO\Desktop\Projects\JetEngine\boomsonic_v0\.venv\Lib\site-packages\pycycle\thermo\static_ps_resid.py:108: RuntimeWarning: invalid value encountered in sqrt
  Vsonic = (i['gamma']*i['R']*i['Ts'])**0.5
C:\Users\MEO\Desktop\Projects\JetEngine\boomsonic_v0\.venv\Lib\site-packages\pycycle\thermo\static_ps_resid.py:108: RuntimeWarning: invalid value encountered in sqrt
  Vsonic = (i['gamma']*i['R']*i['Ts'])**0.5
C:\Users\MEO\Desktop\Projects\JetEngine\boomsonic_v0\.venv\Lib\site-packages\pycycle\thermo\static_ps_calc.py:32: RuntimeWarning: invalid value encountered in sqrt
  outputs['Vsonic'] = Vsonic = np.sqrt(inputs['gamma'] * inputs['R'] * inputs['Ts'])
C:\Users\MEO\Desktop\Projects\JetEngine\boomsonic_v0\.venv\Lib\site-packages\pycycle\elements\compressor.py:75: RuntimeWarning: invalid value encountered in log
  outputs['eff_poly'] = Rt * np.log(PR) / ( Rt*np.log(PR) + S_out - S_in )
C:\Users\MEO\Desktop\Projects\JetEngine\boomsonic_v0\.venv\Lib\site-packages\pycycle\thermo\static_ps_resid.py:128: RuntimeWarning: invalid value encountered in sqrt
  Vsonic = (i['gamma']*i['R']*i['Ts'])**0.5
C:\Users\MEO\Desktop\Projects\JetEngine\boomsonic_v0\.venv\Lib\site-packages\pycycle\thermo\static_ps_resid.py:98: RuntimeWarning: invalid value encountered in power
  ps_guess = inputs['guess:Pt'] * (1 + (gamt-1)/2 * M_guess**2)**(-gamt/(gamt-1))
C:\Users\MEO\Desktop\Projects\JetEngine\boomsonic_v0\.venv\Lib\site-packages\pycycle\thermo\static_ps_resid.py:93: RuntimeWarning: invalid value encountered in power
  f1 = ps - inputs['guess:Pt'] * (1 + (gamt-1)/2 * M_guess**2)**(-gamt/(gamt-1))
C:\Users\MEO\Desktop\Projects\JetEngine\boomsonic_v0\.venv\Lib\site-packages\pycycle\thermo\static_ps_resid.py:94: RuntimeWarning: invalid value encountered in sqrt
  f2 = MN - inputs['W']*(R_UNIVERSAL_SI*inputs['Ts'])**0.5/(ps_guess*1.0e6*inputs['area']*gamt**0.5)
C:\Users\MEO\Desktop\Projects\JetEngine\boomsonic_v0\.venv\Lib\site-packages\pycycle\thermo\static_ps_resid.py:99: RuntimeWarning: The iteration is not making good progress, as measured by the 
 improvement from the last ten iterations.
  ps_guess, M_guess = fsolve(equations, (ps_guess, M_guess))
C:\Users\MEO\Desktop\Projects\JetEngine\boomsonic_v0\.venv\Lib\site-packages\pycycle\thermo\static_ps_resid.py:83: RuntimeWarning: invalid value encountered in power
  ps_guess = inputs['guess:Pt'] * (1 + (gamt-1)/2 * inputs['MN']**2)**(-gamt/(gamt-1))
C:\Users\MEO\Desktop\Projects\JetEngine\boomsonic_v0\.venv\Lib\site-packages\openmdao\solvers\solver.py:819: SolverWarning:Your model has stalled three times and may be violating the bounds. In the future, turn on print_bound_enforce in your solver options here: 
OD0.comp.ideal_flow.nonlinear_solver.linesearch.options['print_bound_enforce']=True. 
The bound(s) being violated now are:

C:\Users\MEO\Desktop\Projects\JetEngine\boomsonic_v0\.venv\Lib\site-packages\openmdao\solvers\linesearch\backtracking.py:39: SolverWarning:'OD0.comp.ideal_flow.balance.T' exceeds lower bounds
  Val: [-2214615.87841541]
  Lower: [150.]

C:\Users\MEO\Desktop\Projects\JetEngine\boomsonic_v0\.venv\Lib\site-packages\pycycle\elements\compressor.py:75: RuntimeWarning: invalid value encountered in log
  outputs['eff_poly'] = Rt * np.log(PR) / ( Rt*np.log(PR) + S_out - S_in )
C:\Users\MEO\Desktop\Projects\JetEngine\boomsonic_v0\.venv\Lib\site-packages\pycycle\thermo\static_ps_resid.py:128: RuntimeWarning: invalid value encountered in sqrt
  Vsonic = (i['gamma']*i['R']*i['Ts'])**0.5
C:\Users\MEO\Desktop\Projects\JetEngine\boomsonic_v0\.venv\Lib\site-packages\pycycle\thermo\static_ps_resid.py:98: RuntimeWarning: invalid value encountered in power
  ps_guess = inputs['guess:Pt'] * (1 + (gamt-1)/2 * M_guess**2)**(-gamt/(gamt-1))
C:\Users\MEO\Desktop\Projects\JetEngine\boomsonic_v0\.venv\Lib\site-packages\pycycle\thermo\static_ps_resid.py:93: RuntimeWarning: invalid value encountered in power
  f1 = ps - inputs['guess:Pt'] * (1 + (gamt-1)/2 * M_guess**2)**(-gamt/(gamt-1))
C:\Users\MEO\Desktop\Projects\JetEngine\boomsonic_v0\.venv\Lib\site-packages\pycycle\thermo\static_ps_resid.py:94: RuntimeWarning: invalid value encountered in sqrt
  f2 = MN - inputs['W']*(R_UNIVERSAL_SI*inputs['Ts'])**0.5/(ps_guess*1.0e6*inputs['area']*gamt**0.5)
C:\Users\MEO\Desktop\Projects\JetEngine\boomsonic_v0\.venv\Lib\site-packages\pycycle\thermo\static_ps_resid.py:99: RuntimeWarning: The iteration is not making good progress, as measured by the 
 improvement from the last ten iterations.
  ps_guess, M_guess = fsolve(equations, (ps_guess, M_guess))
C:\Users\MEO\Desktop\Projects\JetEngine\boomsonic_v0\.venv\Lib\site-packages\pycycle\thermo\static_ps_resid.py:128: RuntimeWarning: invalid value encountered in sqrt
  Vsonic = (i['gamma']*i['R']*i['Ts'])**0.5
C:\Users\MEO\Desktop\Projects\JetEngine\boomsonic_v0\.venv\Lib\site-packages\pycycle\thermo\static_ps_resid.py:128: RuntimeWarning: invalid value encountered in sqrt
  Vsonic = (i['gamma']*i['R']*i['Ts'])**0.5
C:\Users\MEO\Desktop\Projects\JetEngine\boomsonic_v0\.venv\Lib\site-packages\pycycle\thermo\static_ps_resid.py:128: RuntimeWarning: invalid value encountered in sqrt
  Vsonic = (i['gamma']*i['R']*i['Ts'])**0.5
C:\Users\MEO\Desktop\Projects\JetEngine\boomsonic_v0\.venv\Lib\site-packages\pycycle\thermo\static_ps_resid.py:128: RuntimeWarning: invalid value encountered in sqrt
  Vsonic = (i['gamma']*i['R']*i['Ts'])**0.5
C:\Users\MEO\Desktop\Projects\JetEngine\boomsonic_v0\.venv\Lib\site-packages\pycycle\thermo\static_ps_resid.py:128: RuntimeWarning: invalid value encountered in sqrt
  Vsonic = (i['gamma']*i['R']*i['Ts'])**0.5
C:\Users\MEO\Desktop\Projects\JetEngine\boomsonic_v0\.venv\Lib\site-packages\pycycle\thermo\static_ps_resid.py:128: RuntimeWarning: invalid value encountered in sqrt
  Vsonic = (i['gamma']*i['R']*i['Ts'])**0.5
C:\Users\MEO\Desktop\Projects\JetEngine\boomsonic_v0\.venv\Lib\site-packages\pycycle\thermo\static_ps_resid.py:128: RuntimeWarning: invalid value encountered in sqrt
  Vsonic = (i['gamma']*i['R']*i['Ts'])**0.5
C:\Users\MEO\Desktop\Projects\JetEngine\boomsonic_v0\.venv\Lib\site-packages\pycycle\thermo\static_ps_resid.py:128: RuntimeWarning: invalid value encountered in sqrt
  Vsonic = (i['gamma']*i['R']*i['Ts'])**0.5
C:\Users\MEO\Desktop\Projects\JetEngine\boomsonic_v0\.venv\Lib\site-packages\pycycle\thermo\static_ps_resid.py:108: RuntimeWarning: invalid value encountered in sqrt
  Vsonic = (i['gamma']*i['R']*i['Ts'])**0.5
C:\Users\MEO\Desktop\Projects\JetEngine\boomsonic_v0\.venv\Lib\site-packages\pycycle\thermo\static_ps_resid.py:83: RuntimeWarning: invalid value encountered in power
  ps_guess = inputs['guess:Pt'] * (1 + (gamt-1)/2 * inputs['MN']**2)**(-gamt/(gamt-1))
C:\Users\MEO\Desktop\Projects\JetEngine\boomsonic_v0\.venv\Lib\site-packages\pycycle\thermo\static_ps_resid.py:108: RuntimeWarning: invalid value encountered in sqrt
  Vsonic = (i['gamma']*i['R']*i['Ts'])**0.5
C:\Users\MEO\Desktop\Projects\JetEngine\boomsonic_v0\.venv\Lib\site-packages\pycycle\thermo\static_ps_resid.py:108: RuntimeWarning: invalid value encountered in sqrt
  Vsonic = (i['gamma']*i['R']*i['Ts'])**0.5
C:\Users\MEO\Desktop\Projects\JetEngine\boomsonic_v0\.venv\Lib\site-packages\pycycle\thermo\static_ps_resid.py:108: RuntimeWarning: invalid value encountered in sqrt
  Vsonic = (i['gamma']*i['R']*i['Ts'])**0.5
C:\Users\MEO\Desktop\Projects\JetEngine\boomsonic_v0\.venv\Lib\site-packages\pycycle\thermo\static_ps_resid.py:108: RuntimeWarning: invalid value encountered in sqrt
  Vsonic = (i['gamma']*i['R']*i['Ts'])**0.5
C:\Users\MEO\Desktop\Projects\JetEngine\boomsonic_v0\.venv\Lib\site-packages\pycycle\thermo\static_ps_resid.py:108: RuntimeWarning: invalid value encountered in sqrt
  Vsonic = (i['gamma']*i['R']*i['Ts'])**0.5
C:\Users\MEO\Desktop\Projects\JetEngine\boomsonic_v0\.venv\Lib\site-packages\pycycle\thermo\static_ps_resid.py:108: RuntimeWarning: invalid value encountered in sqrt
  Vsonic = (i['gamma']*i['R']*i['Ts'])**0.5
C:\Users\MEO\Desktop\Projects\JetEngine\boomsonic_v0\.venv\Lib\site-packages\pycycle\thermo\static_ps_resid.py:108: RuntimeWarning: invalid value encountered in sqrt
  Vsonic = (i['gamma']*i['R']*i['Ts'])**0.5
C:\Users\MEO\Desktop\Projects\JetEngine\boomsonic_v0\.venv\Lib\site-packages\pycycle\thermo\static_ps_resid.py:108: RuntimeWarning: invalid value encountered in sqrt
  Vsonic = (i['gamma']*i['R']*i['Ts'])**0.5
C:\Users\MEO\Desktop\Projects\JetEngine\boomsonic_v0\.venv\Lib\site-packages\pycycle\thermo\static_ps_resid.py:108: RuntimeWarning: invalid value encountered in sqrt
  Vsonic = (i['gamma']*i['R']*i['Ts'])**0.5
C:\Users\MEO\Desktop\Projects\JetEngine\boomsonic_v0\.venv\Lib\site-packages\pycycle\thermo\static_ps_resid.py:108: RuntimeWarning: invalid value encountered in sqrt
  Vsonic = (i['gamma']*i['R']*i['Ts'])**0.5
C:\Users\MEO\Desktop\Projects\JetEngine\boomsonic_v0\.venv\Lib\site-packages\pycycle\thermo\static_ps_resid.py:108: RuntimeWarning: invalid value encountered in sqrt
  Vsonic = (i['gamma']*i['R']*i['Ts'])**0.5
C:\Users\MEO\Desktop\Projects\JetEngine\boomsonic_v0\.venv\Lib\site-packages\pycycle\thermo\static_ps_calc.py:32: RuntimeWarning: invalid value encountered in sqrt
  outputs['Vsonic'] = Vsonic = np.sqrt(inputs['gamma'] * inputs['R'] * inputs['Ts'])
C:\Users\MEO\Desktop\Projects\JetEngine\boomsonic_v0\.venv\Lib\site-packages\pycycle\elements\compressor.py:75: RuntimeWarning: invalid value encountered in log
  outputs['eff_poly'] = Rt * np.log(PR) / ( Rt*np.log(PR) + S_out - S_in )
C:\Users\MEO\Desktop\Projects\JetEngine\boomsonic_v0\.venv\Lib\site-packages\pycycle\thermo\static_ps_resid.py:128: RuntimeWarning: invalid value encountered in sqrt
  Vsonic = (i['gamma']*i['R']*i['Ts'])**0.5
C:\Users\MEO\Desktop\Projects\JetEngine\boomsonic_v0\.venv\Lib\site-packages\pycycle\thermo\static_ps_resid.py:98: RuntimeWarning: invalid value encountered in power
  ps_guess = inputs['guess:Pt'] * (1 + (gamt-1)/2 * M_guess**2)**(-gamt/(gamt-1))
C:\Users\MEO\Desktop\Projects\JetEngine\boomsonic_v0\.venv\Lib\site-packages\pycycle\thermo\static_ps_resid.py:93: RuntimeWarning: invalid value encountered in power
  f1 = ps - inputs['guess:Pt'] * (1 + (gamt-1)/2 * M_guess**2)**(-gamt/(gamt-1))
C:\Users\MEO\Desktop\Projects\JetEngine\boomsonic_v0\.venv\Lib\site-packages\pycycle\thermo\static_ps_resid.py:94: RuntimeWarning: invalid value encountered in sqrt
  f2 = MN - inputs['W']*(R_UNIVERSAL_SI*inputs['Ts'])**0.5/(ps_guess*1.0e6*inputs['area']*gamt**0.5)
C:\Users\MEO\Desktop\Projects\JetEngine\boomsonic_v0\.venv\Lib\site-packages\pycycle\thermo\static_ps_resid.py:99: RuntimeWarning: The iteration is not making good progress, as measured by the 
 improvement from the last ten iterations.
  ps_guess, M_guess = fsolve(equations, (ps_guess, M_guess))
C:\Users\MEO\Desktop\Projects\JetEngine\boomsonic_v0\.venv\Lib\site-packages\pycycle\thermo\static_ps_resid.py:83: RuntimeWarning: invalid value encountered in power
  ps_guess = inputs['guess:Pt'] * (1 + (gamt-1)/2 * inputs['MN']**2)**(-gamt/(gamt-1))
C:\Users\MEO\Desktop\Projects\JetEngine\boomsonic_v0\.venv\Lib\site-packages\pycycle\thermo\static_ps_resid.py:128: RuntimeWarning: invalid value encountered in sqrt
  Vsonic = (i['gamma']*i['R']*i['Ts'])**0.5
C:\Users\MEO\Desktop\Projects\JetEngine\boomsonic_v0\.venv\Lib\site-packages\pycycle\thermo\static_ps_resid.py:128: RuntimeWarning: invalid value encountered in sqrt
  Vsonic = (i['gamma']*i['R']*i['Ts'])**0.5
C:\Users\MEO\Desktop\Projects\JetEngine\boomsonic_v0\.venv\Lib\site-packages\pycycle\thermo\static_ps_resid.py:128: RuntimeWarning: invalid value encountered in sqrt
  Vsonic = (i['gamma']*i['R']*i['Ts'])**0.5
C:\Users\MEO\Desktop\Projects\JetEngine\boomsonic_v0\.venv\Lib\site-packages\pycycle\thermo\static_ps_resid.py:108: RuntimeWarning: invalid value encountered in sqrt
  Vsonic = (i['gamma']*i['R']*i['Ts'])**0.5
C:\Users\MEO\Desktop\Projects\JetEngine\boomsonic_v0\.venv\Lib\site-packages\pycycle\elements\turbine.py:40: RuntimeWarning: invalid value encountered in sqrt
  outputs['Wp'] = inputs['W_in'] * inputs['Tt']**0.5 / inputs['Pt']
C:\Users\MEO\Desktop\Projects\JetEngine\boomsonic_v0\.venv\Lib\site-packages\pycycle\elements\turbine.py:41: RuntimeWarning: invalid value encountered in power
  outputs['Np'] = inputs['Nmech'] * inputs['Tt']**-0.5
C:\Users\MEO\Desktop\Projects\JetEngine\boomsonic_v0\.venv\Lib\site-packages\pycycle\elements\turbine.py:89: RuntimeWarning: invalid value encountered in log
  outputs['eff_poly'] = 1 + (S_out-S_in)/(Rt*np.log(invPR))
C:\Users\MEO\Desktop\Projects\JetEngine\boomsonic_v0\.venv\Lib\site-packages\pycycle\elements\turbine.py:40: RuntimeWarning: invalid value encountered in sqrt
  outputs['Wp'] = inputs['W_in'] * inputs['Tt']**0.5 / inputs['Pt']
C:\Users\MEO\Desktop\Projects\JetEngine\boomsonic_v0\.venv\Lib\site-packages\pycycle\elements\turbine.py:41: RuntimeWarning: invalid value encountered in power
  outputs['Np'] = inputs['Nmech'] * inputs['Tt']**-0.5
C:\Users\MEO\Desktop\Projects\JetEngine\boomsonic_v0\.venv\Lib\site-packages\pycycle\elements\turbine.py:40: RuntimeWarning: invalid value encountered in sqrt
  outputs['Wp'] = inputs['W_in'] * inputs['Tt']**0.5 / inputs['Pt']
C:\Users\MEO\Desktop\Projects\JetEngine\boomsonic_v0\.venv\Lib\site-packages\pycycle\elements\turbine.py:41: RuntimeWarning: invalid value encountered in power
  outputs['Np'] = inputs['Nmech'] * inputs['Tt']**-0.5
C:\Users\MEO\Desktop\Projects\JetEngine\boomsonic_v0\.venv\Lib\site-packages\pycycle\elements\turbine.py:89: RuntimeWarning: invalid value encountered in log
  outputs['eff_poly'] = 1 + (S_out-S_in)/(Rt*np.log(invPR))
C:\Users\MEO\Desktop\Projects\JetEngine\boomsonic_v0\.venv\Lib\site-packages\pycycle\elements\turbine.py:40: RuntimeWarning: invalid value encountered in sqrt
  outputs['Wp'] = inputs['W_in'] * inputs['Tt']**0.5 / inputs['Pt']
C:\Users\MEO\Desktop\Projects\JetEngine\boomsonic_v0\.venv\Lib\site-packages\pycycle\elements\turbine.py:41: RuntimeWarning: invalid value encountered in power
  outputs['Np'] = inputs['Nmech'] * inputs['Tt']**-0.5
C:\Users\MEO\Desktop\Projects\JetEngine\boomsonic_v0\.venv\Lib\site-packages\openmdao\solvers\solver.py:819: SolverWarning:Your model has stalled three times and may be violating the bounds. In the future, turn on print_bound_enforce in your solver options here: 
OD0.comp.ideal_flow.nonlinear_solver.linesearch.options['print_bound_enforce']=True. 
The bound(s) being violated now are:

C:\Users\MEO\Desktop\Projects\JetEngine\boomsonic_v0\.venv\Lib\site-packages\openmdao\solvers\linesearch\backtracking.py:39: SolverWarning:'OD0.comp.ideal_flow.balance.T' exceeds lower bounds
  Val: [-87062111.89157398]
  Lower: [150.]

C:\Users\MEO\Desktop\Projects\JetEngine\boomsonic_v0\.venv\Lib\site-packages\pycycle\elements\compressor.py:75: RuntimeWarning: invalid value encountered in log
  outputs['eff_poly'] = Rt * np.log(PR) / ( Rt*np.log(PR) + S_out - S_in )
C:\Users\MEO\Desktop\Projects\JetEngine\boomsonic_v0\.venv\Lib\site-packages\pycycle\thermo\static_ps_resid.py:98: RuntimeWarning: invalid value encountered in power
  ps_guess = inputs['guess:Pt'] * (1 + (gamt-1)/2 * M_guess**2)**(-gamt/(gamt-1))
C:\Users\MEO\Desktop\Projects\JetEngine\boomsonic_v0\.venv\Lib\site-packages\pycycle\thermo\static_ps_resid.py:93: RuntimeWarning: invalid value encountered in power
  f1 = ps - inputs['guess:Pt'] * (1 + (gamt-1)/2 * M_guess**2)**(-gamt/(gamt-1))
C:\Users\MEO\Desktop\Projects\JetEngine\boomsonic_v0\.venv\Lib\site-packages\pycycle\thermo\static_ps_resid.py:94: RuntimeWarning: invalid value encountered in sqrt
  f2 = MN - inputs['W']*(R_UNIVERSAL_SI*inputs['Ts'])**0.5/(ps_guess*1.0e6*inputs['area']*gamt**0.5)
C:\Users\MEO\Desktop\Projects\JetEngine\boomsonic_v0\.venv\Lib\site-packages\pycycle\thermo\static_ps_resid.py:99: RuntimeWarning: The iteration is not making good progress, as measured by the 
 improvement from the last ten iterations.
  ps_guess, M_guess = fsolve(equations, (ps_guess, M_guess))
C:\Users\MEO\Desktop\Projects\JetEngine\boomsonic_v0\.venv\Lib\site-packages\pycycle\thermo\static_ps_resid.py:128: RuntimeWarning: invalid value encountered in sqrt
  Vsonic = (i['gamma']*i['R']*i['Ts'])**0.5
C:\Users\MEO\Desktop\Projects\JetEngine\boomsonic_v0\.venv\Lib\site-packages\pycycle\thermo\static_ps_resid.py:128: RuntimeWarning: invalid value encountered in sqrt
  Vsonic = (i['gamma']*i['R']*i['Ts'])**0.5
C:\Users\MEO\Desktop\Projects\JetEngine\boomsonic_v0\.venv\Lib\site-packages\pycycle\thermo\static_ps_resid.py:98: RuntimeWarning: invalid value encountered in power
  ps_guess = inputs['guess:Pt'] * (1 + (gamt-1)/2 * M_guess**2)**(-gamt/(gamt-1))
C:\Users\MEO\Desktop\Projects\JetEngine\boomsonic_v0\.venv\Lib\site-packages\pycycle\thermo\static_ps_resid.py:93: RuntimeWarning: invalid value encountered in power
  f1 = ps - inputs['guess:Pt'] * (1 + (gamt-1)/2 * M_guess**2)**(-gamt/(gamt-1))
C:\Users\MEO\Desktop\Projects\JetEngine\boomsonic_v0\.venv\Lib\site-packages\pycycle\thermo\static_ps_resid.py:94: RuntimeWarning: invalid value encountered in sqrt
  f2 = MN - inputs['W']*(R_UNIVERSAL_SI*inputs['Ts'])**0.5/(ps_guess*1.0e6*inputs['area']*gamt**0.5)
C:\Users\MEO\Desktop\Projects\JetEngine\boomsonic_v0\.venv\Lib\site-packages\pycycle\thermo\static_ps_resid.py:99: RuntimeWarning: The iteration is not making good progress, as measured by the 
 improvement from the last ten iterations.
  ps_guess, M_guess = fsolve(equations, (ps_guess, M_guess))
C:\Users\MEO\Desktop\Projects\JetEngine\boomsonic_v0\.venv\Lib\site-packages\pycycle\thermo\static_ps_resid.py:128: RuntimeWarning: invalid value encountered in sqrt
  Vsonic = (i['gamma']*i['R']*i['Ts'])**0.5
C:\Users\MEO\Desktop\Projects\JetEngine\boomsonic_v0\.venv\Lib\site-packages\pycycle\thermo\static_ps_resid.py:128: RuntimeWarning: invalid value encountered in sqrt
  Vsonic = (i['gamma']*i['R']*i['Ts'])**0.5
C:\Users\MEO\Desktop\Projects\JetEngine\boomsonic_v0\.venv\Lib\site-packages\pycycle\thermo\static_ps_resid.py:128: RuntimeWarning: invalid value encountered in sqrt
  Vsonic = (i['gamma']*i['R']*i['Ts'])**0.5
C:\Users\MEO\Desktop\Projects\JetEngine\boomsonic_v0\.venv\Lib\site-packages\pycycle\thermo\static_ps_resid.py:128: RuntimeWarning: invalid value encountered in sqrt
  Vsonic = (i['gamma']*i['R']*i['Ts'])**0.5
C:\Users\MEO\Desktop\Projects\JetEngine\boomsonic_v0\.venv\Lib\site-packages\pycycle\thermo\static_ps_resid.py:128: RuntimeWarning: invalid value encountered in sqrt
  Vsonic = (i['gamma']*i['R']*i['Ts'])**0.5
C:\Users\MEO\Desktop\Projects\JetEngine\boomsonic_v0\.venv\Lib\site-packages\pycycle\thermo\static_ps_resid.py:128: RuntimeWarning: invalid value encountered in sqrt
  Vsonic = (i['gamma']*i['R']*i['Ts'])**0.5
C:\Users\MEO\Desktop\Projects\JetEngine\boomsonic_v0\.venv\Lib\site-packages\pycycle\thermo\static_ps_resid.py:128: RuntimeWarning: invalid value encountered in sqrt
  Vsonic = (i['gamma']*i['R']*i['Ts'])**0.5
C:\Users\MEO\Desktop\Projects\JetEngine\boomsonic_v0\.venv\Lib\site-packages\pycycle\thermo\static_ps_resid.py:128: RuntimeWarning: invalid value encountered in sqrt
  Vsonic = (i['gamma']*i['R']*i['Ts'])**0.5
C:\Users\MEO\Desktop\Projects\JetEngine\boomsonic_v0\.venv\Lib\site-packages\pycycle\thermo\static_ps_resid.py:98: RuntimeWarning: invalid value encountered in power
  ps_guess = inputs['guess:Pt'] * (1 + (gamt-1)/2 * M_guess**2)**(-gamt/(gamt-1))
C:\Users\MEO\Desktop\Projects\JetEngine\boomsonic_v0\.venv\Lib\site-packages\pycycle\thermo\static_ps_resid.py:93: RuntimeWarning: invalid value encountered in power
  f1 = ps - inputs['guess:Pt'] * (1 + (gamt-1)/2 * M_guess**2)**(-gamt/(gamt-1))
C:\Users\MEO\Desktop\Projects\JetEngine\boomsonic_v0\.venv\Lib\site-packages\pycycle\thermo\static_ps_resid.py:94: RuntimeWarning: invalid value encountered in sqrt
  f2 = MN - inputs['W']*(R_UNIVERSAL_SI*inputs['Ts'])**0.5/(ps_guess*1.0e6*inputs['area']*gamt**0.5)
C:\Users\MEO\Desktop\Projects\JetEngine\boomsonic_v0\.venv\Lib\site-packages\pycycle\thermo\static_ps_resid.py:99: RuntimeWarning: The iteration is not making good progress, as measured by the 
 improvement from the last ten iterations.
  ps_guess, M_guess = fsolve(equations, (ps_guess, M_guess))
C:\Users\MEO\Desktop\Projects\JetEngine\boomsonic_v0\.venv\Lib\site-packages\pycycle\thermo\static_ps_resid.py:128: RuntimeWarning: invalid value encountered in sqrt
  Vsonic = (i['gamma']*i['R']*i['Ts'])**0.5
C:\Users\MEO\Desktop\Projects\JetEngine\boomsonic_v0\.venv\Lib\site-packages\pycycle\thermo\static_ps_resid.py:128: RuntimeWarning: invalid value encountered in sqrt
  Vsonic = (i['gamma']*i['R']*i['Ts'])**0.5
C:\Users\MEO\Desktop\Projects\JetEngine\boomsonic_v0\.venv\Lib\site-packages\pycycle\thermo\static_ps_resid.py:128: RuntimeWarning: invalid value encountered in sqrt
  Vsonic = (i['gamma']*i['R']*i['Ts'])**0.5
C:\Users\MEO\Desktop\Projects\JetEngine\boomsonic_v0\.venv\Lib\site-packages\pycycle\thermo\static_ps_resid.py:128: RuntimeWarning: invalid value encountered in sqrt
  Vsonic = (i['gamma']*i['R']*i['Ts'])**0.5
C:\Users\MEO\Desktop\Projects\JetEngine\boomsonic_v0\.venv\Lib\site-packages\pycycle\thermo\static_ps_resid.py:128: RuntimeWarning: invalid value encountered in sqrt
  Vsonic = (i['gamma']*i['R']*i['Ts'])**0.5
C:\Users\MEO\Desktop\Projects\JetEngine\boomsonic_v0\.venv\Lib\site-packages\pycycle\thermo\static_ps_resid.py:128: RuntimeWarning: invalid value encountered in sqrt
  Vsonic = (i['gamma']*i['R']*i['Ts'])**0.5
C:\Users\MEO\Desktop\Projects\JetEngine\boomsonic_v0\.venv\Lib\site-packages\pycycle\thermo\static_ps_resid.py:128: RuntimeWarning: invalid value encountered in sqrt
  Vsonic = (i['gamma']*i['R']*i['Ts'])**0.5
C:\Users\MEO\Desktop\Projects\JetEngine\boomsonic_v0\.venv\Lib\site-packages\pycycle\thermo\static_ps_resid.py:128: RuntimeWarning: invalid value encountered in sqrt
  Vsonic = (i['gamma']*i['R']*i['Ts'])**0.5
C:\Users\MEO\Desktop\Projects\JetEngine\boomsonic_v0\.venv\Lib\site-packages\pycycle\thermo\static_ps_resid.py:128: RuntimeWarning: invalid value encountered in sqrt
  Vsonic = (i['gamma']*i['R']*i['Ts'])**0.5
C:\Users\MEO\Desktop\Projects\JetEngine\boomsonic_v0\.venv\Lib\site-packages\pycycle\thermo\static_ps_resid.py:83: RuntimeWarning: invalid value encountered in power
  ps_guess = inputs['guess:Pt'] * (1 + (gamt-1)/2 * inputs['MN']**2)**(-gamt/(gamt-1))
C:\Users\MEO\Desktop\Projects\JetEngine\boomsonic_v0\.venv\Lib\site-packages\pycycle\thermo\static_ps_resid.py:108: RuntimeWarning: invalid value encountered in sqrt
  Vsonic = (i['gamma']*i['R']*i['Ts'])**0.5
C:\Users\MEO\Desktop\Projects\JetEngine\boomsonic_v0\.venv\Lib\site-packages\pycycle\thermo\static_ps_resid.py:108: RuntimeWarning: invalid value encountered in sqrt
  Vsonic = (i['gamma']*i['R']*i['Ts'])**0.5
C:\Users\MEO\Desktop\Projects\JetEngine\boomsonic_v0\.venv\Lib\site-packages\pycycle\thermo\static_ps_resid.py:108: RuntimeWarning: invalid value encountered in sqrt
  Vsonic = (i['gamma']*i['R']*i['Ts'])**0.5
C:\Users\MEO\Desktop\Projects\JetEngine\boomsonic_v0\.venv\Lib\site-packages\pycycle\thermo\static_ps_resid.py:108: RuntimeWarning: invalid value encountered in sqrt
  Vsonic = (i['gamma']*i['R']*i['Ts'])**0.5
C:\Users\MEO\Desktop\Projects\JetEngine\boomsonic_v0\.venv\Lib\site-packages\pycycle\thermo\static_ps_resid.py:108: RuntimeWarning: invalid value encountered in sqrt
  Vsonic = (i['gamma']*i['R']*i['Ts'])**0.5
C:\Users\MEO\Desktop\Projects\JetEngine\boomsonic_v0\.venv\Lib\site-packages\pycycle\thermo\static_ps_resid.py:108: RuntimeWarning: invalid value encountered in sqrt
  Vsonic = (i['gamma']*i['R']*i['Ts'])**0.5
C:\Users\MEO\Desktop\Projects\JetEngine\boomsonic_v0\.venv\Lib\site-packages\pycycle\thermo\static_ps_resid.py:108: RuntimeWarning: invalid value encountered in sqrt
  Vsonic = (i['gamma']*i['R']*i['Ts'])**0.5
C:\Users\MEO\Desktop\Projects\JetEngine\boomsonic_v0\.venv\Lib\site-packages\pycycle\thermo\static_ps_resid.py:108: RuntimeWarning: invalid value encountered in sqrt
  Vsonic = (i['gamma']*i['R']*i['Ts'])**0.5
C:\Users\MEO\Desktop\Projects\JetEngine\boomsonic_v0\.venv\Lib\site-packages\pycycle\thermo\static_ps_resid.py:108: RuntimeWarning: invalid value encountered in sqrt
  Vsonic = (i['gamma']*i['R']*i['Ts'])**0.5
C:\Users\MEO\Desktop\Projects\JetEngine\boomsonic_v0\.venv\Lib\site-packages\pycycle\thermo\static_ps_resid.py:108: RuntimeWarning: invalid value encountered in sqrt
  Vsonic = (i['gamma']*i['R']*i['Ts'])**0.5
C:\Users\MEO\Desktop\Projects\JetEngine\boomsonic_v0\.venv\Lib\site-packages\pycycle\thermo\static_ps_calc.py:32: RuntimeWarning: invalid value encountered in sqrt
  outputs['Vsonic'] = Vsonic = np.sqrt(inputs['gamma'] * inputs['R'] * inputs['Ts'])
C:\Users\MEO\Desktop\Projects\JetEngine\boomsonic_v0\.venv\Lib\site-packages\pycycle\thermo\static_ps_calc.py:32: RuntimeWarning: invalid value encountered in sqrt
  outputs['Vsonic'] = Vsonic = np.sqrt(inputs['gamma'] * inputs['R'] * inputs['Ts'])
C:\Users\MEO\Desktop\Projects\JetEngine\boomsonic_v0\.venv\Lib\site-packages\pycycle\elements\compressor.py:75: RuntimeWarning: invalid value encountered in log
  outputs['eff_poly'] = Rt * np.log(PR) / ( Rt*np.log(PR) + S_out - S_in )
C:\Users\MEO\Desktop\Projects\JetEngine\boomsonic_v0\.venv\Lib\site-packages\pycycle\thermo\static_ps_resid.py:128: RuntimeWarning: invalid value encountered in sqrt
  Vsonic = (i['gamma']*i['R']*i['Ts'])**0.5
C:\Users\MEO\Desktop\Projects\JetEngine\boomsonic_v0\.venv\Lib\site-packages\pycycle\thermo\static_ps_resid.py:108: RuntimeWarning: invalid value encountered in sqrt
  Vsonic = (i['gamma']*i['R']*i['Ts'])**0.5
C:\Users\MEO\Desktop\Projects\JetEngine\boomsonic_v0\.venv\Lib\site-packages\pycycle\thermo\static_ps_resid.py:98: RuntimeWarning: invalid value encountered in power
  ps_guess = inputs['guess:Pt'] * (1 + (gamt-1)/2 * M_guess**2)**(-gamt/(gamt-1))
C:\Users\MEO\Desktop\Projects\JetEngine\boomsonic_v0\.venv\Lib\site-packages\pycycle\thermo\static_ps_resid.py:93: RuntimeWarning: invalid value encountered in power
  f1 = ps - inputs['guess:Pt'] * (1 + (gamt-1)/2 * M_guess**2)**(-gamt/(gamt-1))
C:\Users\MEO\Desktop\Projects\JetEngine\boomsonic_v0\.venv\Lib\site-packages\pycycle\thermo\static_ps_resid.py:94: RuntimeWarning: invalid value encountered in sqrt
  f2 = MN - inputs['W']*(R_UNIVERSAL_SI*inputs['Ts'])**0.5/(ps_guess*1.0e6*inputs['area']*gamt**0.5)
C:\Users\MEO\Desktop\Projects\JetEngine\boomsonic_v0\.venv\Lib\site-packages\pycycle\thermo\static_ps_resid.py:99: RuntimeWarning: The iteration is not making good progress, as measured by the 
 improvement from the last ten iterations.
  ps_guess, M_guess = fsolve(equations, (ps_guess, M_guess))
C:\Users\MEO\Desktop\Projects\JetEngine\boomsonic_v0\.venv\Lib\site-packages\pycycle\thermo\static_ps_resid.py:83: RuntimeWarning: invalid value encountered in power
  ps_guess = inputs['guess:Pt'] * (1 + (gamt-1)/2 * inputs['MN']**2)**(-gamt/(gamt-1))
C:\Users\MEO\Desktop\Projects\JetEngine\boomsonic_v0\.venv\Lib\site-packages\openmdao\solvers\solver.py:819: SolverWarning:Your model has stalled three times and may be violating the bounds. In the future, turn on print_bound_enforce in your solver options here: 
OD0.inlet.out_stat.nonlinear_solver.linesearch.options['print_bound_enforce']=True. 
The bound(s) being violated now are:

C:\Users\MEO\Desktop\Projects\JetEngine\boomsonic_v0\.venv\Lib\site-packages\openmdao\solvers\linesearch\backtracking.py:39: SolverWarning:'OD0.inlet.out_stat.balance.T' exceeds lower bounds
  Val: [-237.4207568]
  Lower: [150.]

C:\Users\MEO\Desktop\Projects\JetEngine\boomsonic_v0\.venv\Lib\site-packages\openmdao\solvers\linesearch\backtracking.py:39: SolverWarning:'OD0.inlet.out_stat.ps_resid.Ps' exceeds lower bounds
  Val: [-0.00110427]
  Lower: [-0.0009009]

C:\Users\MEO\Desktop\Projects\JetEngine\boomsonic_v0\.venv\Lib\site-packages\openmdao\solvers\solver.py:819: SolverWarning:Your model has stalled three times and may be violating the bounds. In the future, turn on print_bound_enforce in your solver options here: 
OD0.comp.ideal_flow.nonlinear_solver.linesearch.options['print_bound_enforce']=True. 
The bound(s) being violated now are:

C:\Users\MEO\Desktop\Projects\JetEngine\boomsonic_v0\.venv\Lib\site-packages\openmdao\solvers\linesearch\backtracking.py:39: SolverWarning:'OD0.comp.ideal_flow.balance.T' exceeds lower bounds
  Val: [-87062111.89157397]
  Lower: [150.]

C:\Users\MEO\Desktop\Projects\JetEngine\boomsonic_v0\.venv\Lib\site-packages\pycycle\elements\compressor.py:75: RuntimeWarning: invalid value encountered in log
  outputs['eff_poly'] = Rt * np.log(PR) / ( Rt*np.log(PR) + S_out - S_in )
C:\Users\MEO\Desktop\Projects\JetEngine\boomsonic_v0\.venv\Lib\site-packages\pycycle\thermo\static_ps_resid.py:128: RuntimeWarning: invalid value encountered in sqrt
  Vsonic = (i['gamma']*i['R']*i['Ts'])**0.5
C:\Users\MEO\Desktop\Projects\JetEngine\boomsonic_v0\.venv\Lib\site-packages\pycycle\thermo\static_ps_resid.py:128: RuntimeWarning: invalid value encountered in sqrt
  Vsonic = (i['gamma']*i['R']*i['Ts'])**0.5
C:\Users\MEO\Desktop\Projects\JetEngine\boomsonic_v0\.venv\Lib\site-packages\pycycle\thermo\static_ps_resid.py:128: RuntimeWarning: invalid value encountered in sqrt
  Vsonic = (i['gamma']*i['R']*i['Ts'])**0.5
C:\Users\MEO\Desktop\Projects\JetEngine\boomsonic_v0\.venv\Lib\site-packages\pycycle\thermo\static_ps_resid.py:128: RuntimeWarning: invalid value encountered in sqrt
  Vsonic = (i['gamma']*i['R']*i['Ts'])**0.5
C:\Users\MEO\Desktop\Projects\JetEngine\boomsonic_v0\.venv\Lib\site-packages\pycycle\thermo\static_ps_resid.py:128: RuntimeWarning: invalid value encountered in sqrt
  Vsonic = (i['gamma']*i['R']*i['Ts'])**0.5
C:\Users\MEO\Desktop\Projects\JetEngine\boomsonic_v0\.venv\Lib\site-packages\pycycle\thermo\static_ps_resid.py:98: RuntimeWarning: invalid value encountered in power
  ps_guess = inputs['guess:Pt'] * (1 + (gamt-1)/2 * M_guess**2)**(-gamt/(gamt-1))
C:\Users\MEO\Desktop\Projects\JetEngine\boomsonic_v0\.venv\Lib\site-packages\pycycle\thermo\static_ps_resid.py:93: RuntimeWarning: invalid value encountered in power
  f1 = ps - inputs['guess:Pt'] * (1 + (gamt-1)/2 * M_guess**2)**(-gamt/(gamt-1))
C:\Users\MEO\Desktop\Projects\JetEngine\boomsonic_v0\.venv\Lib\site-packages\pycycle\thermo\static_ps_resid.py:94: RuntimeWarning: invalid value encountered in sqrt
  f2 = MN - inputs['W']*(R_UNIVERSAL_SI*inputs['Ts'])**0.5/(ps_guess*1.0e6*inputs['area']*gamt**0.5)
C:\Users\MEO\Desktop\Projects\JetEngine\boomsonic_v0\.venv\Lib\site-packages\pycycle\thermo\static_ps_resid.py:99: RuntimeWarning: The iteration is not making good progress, as measured by the 
 improvement from the last ten iterations.
  ps_guess, M_guess = fsolve(equations, (ps_guess, M_guess))
C:\Users\MEO\Desktop\Projects\JetEngine\boomsonic_v0\.venv\Lib\site-packages\pycycle\thermo\static_ps_resid.py:128: RuntimeWarning: invalid value encountered in sqrt
  Vsonic = (i['gamma']*i['R']*i['Ts'])**0.5
C:\Users\MEO\Desktop\Projects\JetEngine\boomsonic_v0\.venv\Lib\site-packages\pycycle\thermo\static_ps_resid.py:128: RuntimeWarning: invalid value encountered in sqrt
  Vsonic = (i['gamma']*i['R']*i['Ts'])**0.5
C:\Users\MEO\Desktop\Projects\JetEngine\boomsonic_v0\.venv\Lib\site-packages\pycycle\thermo\static_ps_resid.py:128: RuntimeWarning: invalid value encountered in sqrt
  Vsonic = (i['gamma']*i['R']*i['Ts'])**0.5
C:\Users\MEO\Desktop\Projects\JetEngine\boomsonic_v0\.venv\Lib\site-packages\pycycle\thermo\static_ps_resid.py:128: RuntimeWarning: invalid value encountered in sqrt
  Vsonic = (i['gamma']*i['R']*i['Ts'])**0.5
C:\Users\MEO\Desktop\Projects\JetEngine\boomsonic_v0\.venv\Lib\site-packages\pycycle\thermo\static_ps_resid.py:128: RuntimeWarning: invalid value encountered in sqrt
  Vsonic = (i['gamma']*i['R']*i['Ts'])**0.5
C:\Users\MEO\Desktop\Projects\JetEngine\boomsonic_v0\.venv\Lib\site-packages\pycycle\thermo\static_ps_resid.py:128: RuntimeWarning: invalid value encountered in sqrt
  Vsonic = (i['gamma']*i['R']*i['Ts'])**0.5
C:\Users\MEO\Desktop\Projects\JetEngine\boomsonic_v0\.venv\Lib\site-packages\pycycle\thermo\static_ps_resid.py:128: RuntimeWarning: invalid value encountered in sqrt
  Vsonic = (i['gamma']*i['R']*i['Ts'])**0.5
C:\Users\MEO\Desktop\Projects\JetEngine\boomsonic_v0\.venv\Lib\site-packages\pycycle\thermo\static_ps_resid.py:108: RuntimeWarning: invalid value encountered in sqrt
  Vsonic = (i['gamma']*i['R']*i['Ts'])**0.5
C:\Users\MEO\Desktop\Projects\JetEngine\boomsonic_v0\.venv\Lib\site-packages\pycycle\thermo\static_ps_resid.py:83: RuntimeWarning: invalid value encountered in power
  ps_guess = inputs['guess:Pt'] * (1 + (gamt-1)/2 * inputs['MN']**2)**(-gamt/(gamt-1))
C:\Users\MEO\Desktop\Projects\JetEngine\boomsonic_v0\.venv\Lib\site-packages\pycycle\thermo\static_ps_resid.py:108: RuntimeWarning: invalid value encountered in sqrt
  Vsonic = (i['gamma']*i['R']*i['Ts'])**0.5
C:\Users\MEO\Desktop\Projects\JetEngine\boomsonic_v0\.venv\Lib\site-packages\pycycle\thermo\static_ps_resid.py:108: RuntimeWarning: invalid value encountered in sqrt
  Vsonic = (i['gamma']*i['R']*i['Ts'])**0.5
C:\Users\MEO\Desktop\Projects\JetEngine\boomsonic_v0\.venv\Lib\site-packages\pycycle\thermo\static_ps_resid.py:108: RuntimeWarning: invalid value encountered in sqrt
  Vsonic = (i['gamma']*i['R']*i['Ts'])**0.5
C:\Users\MEO\Desktop\Projects\JetEngine\boomsonic_v0\.venv\Lib\site-packages\pycycle\thermo\static_ps_resid.py:108: RuntimeWarning: invalid value encountered in sqrt
  Vsonic = (i['gamma']*i['R']*i['Ts'])**0.5
C:\Users\MEO\Desktop\Projects\JetEngine\boomsonic_v0\.venv\Lib\site-packages\pycycle\thermo\static_ps_resid.py:108: RuntimeWarning: invalid value encountered in sqrt
  Vsonic = (i['gamma']*i['R']*i['Ts'])**0.5
C:\Users\MEO\Desktop\Projects\JetEngine\boomsonic_v0\.venv\Lib\site-packages\pycycle\thermo\static_ps_resid.py:108: RuntimeWarning: invalid value encountered in sqrt
  Vsonic = (i['gamma']*i['R']*i['Ts'])**0.5
C:\Users\MEO\Desktop\Projects\JetEngine\boomsonic_v0\.venv\Lib\site-packages\pycycle\thermo\static_ps_resid.py:108: RuntimeWarning: invalid value encountered in sqrt
  Vsonic = (i['gamma']*i['R']*i['Ts'])**0.5
C:\Users\MEO\Desktop\Projects\JetEngine\boomsonic_v0\.venv\Lib\site-packages\pycycle\thermo\static_ps_resid.py:108: RuntimeWarning: invalid value encountered in sqrt
  Vsonic = (i['gamma']*i['R']*i['Ts'])**0.5
C:\Users\MEO\Desktop\Projects\JetEngine\boomsonic_v0\.venv\Lib\site-packages\pycycle\thermo\static_ps_resid.py:108: RuntimeWarning: invalid value encountered in sqrt
  Vsonic = (i['gamma']*i['R']*i['Ts'])**0.5
C:\Users\MEO\Desktop\Projects\JetEngine\boomsonic_v0\.venv\Lib\site-packages\pycycle\thermo\static_ps_resid.py:108: RuntimeWarning: invalid value encountered in sqrt
  Vsonic = (i['gamma']*i['R']*i['Ts'])**0.5
C:\Users\MEO\Desktop\Projects\JetEngine\boomsonic_v0\.venv\Lib\site-packages\pycycle\thermo\static_ps_resid.py:108: RuntimeWarning: invalid value encountered in sqrt
  Vsonic = (i['gamma']*i['R']*i['Ts'])**0.5
C:\Users\MEO\Desktop\Projects\JetEngine\boomsonic_v0\.venv\Lib\site-packages\pycycle\thermo\static_ps_calc.py:32: RuntimeWarning: invalid value encountered in sqrt
  outputs['Vsonic'] = Vsonic = np.sqrt(inputs['gamma'] * inputs['R'] * inputs['Ts'])
C:\Users\MEO\Desktop\Projects\JetEngine\boomsonic_v0\.venv\Lib\site-packages\pycycle\elements\compressor.py:75: RuntimeWarning: invalid value encountered in log
  outputs['eff_poly'] = Rt * np.log(PR) / ( Rt*np.log(PR) + S_out - S_in )
C:\Users\MEO\Desktop\Projects\JetEngine\boomsonic_v0\.venv\Lib\site-packages\pycycle\thermo\static_ps_resid.py:128: RuntimeWarning: invalid value encountered in sqrt
  Vsonic = (i['gamma']*i['R']*i['Ts'])**0.5
C:\Users\MEO\Desktop\Projects\JetEngine\boomsonic_v0\.venv\Lib\site-packages\pycycle\thermo\static_ps_resid.py:98: RuntimeWarning: invalid value encountered in power
  ps_guess = inputs['guess:Pt'] * (1 + (gamt-1)/2 * M_guess**2)**(-gamt/(gamt-1))
C:\Users\MEO\Desktop\Projects\JetEngine\boomsonic_v0\.venv\Lib\site-packages\pycycle\thermo\static_ps_resid.py:93: RuntimeWarning: invalid value encountered in power
  f1 = ps - inputs['guess:Pt'] * (1 + (gamt-1)/2 * M_guess**2)**(-gamt/(gamt-1))
C:\Users\MEO\Desktop\Projects\JetEngine\boomsonic_v0\.venv\Lib\site-packages\pycycle\thermo\static_ps_resid.py:94: RuntimeWarning: invalid value encountered in sqrt
  f2 = MN - inputs['W']*(R_UNIVERSAL_SI*inputs['Ts'])**0.5/(ps_guess*1.0e6*inputs['area']*gamt**0.5)
C:\Users\MEO\Desktop\Projects\JetEngine\boomsonic_v0\.venv\Lib\site-packages\pycycle\thermo\static_ps_resid.py:99: RuntimeWarning: The iteration is not making good progress, as measured by the 
 improvement from the last ten iterations.
  ps_guess, M_guess = fsolve(equations, (ps_guess, M_guess))
C:\Users\MEO\Desktop\Projects\JetEngine\boomsonic_v0\.venv\Lib\site-packages\pycycle\thermo\static_ps_resid.py:83: RuntimeWarning: invalid value encountered in power
  ps_guess = inputs['guess:Pt'] * (1 + (gamt-1)/2 * inputs['MN']**2)**(-gamt/(gamt-1))
C:\Users\MEO\Desktop\Projects\JetEngine\boomsonic_v0\.venv\Lib\site-packages\openmdao\solvers\solver.py:819: SolverWarning:Your model has stalled three times and may be violating the bounds. In the future, turn on print_bound_enforce in your solver options here: 
OD0.inlet.out_stat.nonlinear_solver.linesearch.options['print_bound_enforce']=True. 
The bound(s) being violated now are:

C:\Users\MEO\Desktop\Projects\JetEngine\boomsonic_v0\.venv\Lib\site-packages\openmdao\solvers\linesearch\backtracking.py:39: SolverWarning:'OD0.inlet.out_stat.balance.T' exceeds lower bounds
  Val: [-237.4207568]
  Lower: [150.]

C:\Users\MEO\Desktop\Projects\JetEngine\boomsonic_v0\.venv\Lib\site-packages\openmdao\solvers\linesearch\backtracking.py:39: SolverWarning:'OD0.inlet.out_stat.ps_resid.Ps' exceeds lower bounds
  Val: [-0.00110427]
  Lower: [-0.0009009]

C:\Users\MEO\Desktop\Projects\JetEngine\boomsonic_v0\.venv\Lib\site-packages\openmdao\solvers\solver.py:819: SolverWarning:Your model has stalled three times and may be violating the bounds. In the future, turn on print_bound_enforce in your solver options here: 
OD0.duct.out_stat.nonlinear_solver.linesearch.options['print_bound_enforce']=True. 
The bound(s) being violated now are:

C:\Users\MEO\Desktop\Projects\JetEngine\boomsonic_v0\.venv\Lib\site-packages\openmdao\solvers\linesearch\backtracking.py:39: SolverWarning:'OD0.duct.out_stat.balance.T' exceeds lower bounds
  Val: [-235.48065795]
  Lower: [150.]

C:\Users\MEO\Desktop\Projects\JetEngine\boomsonic_v0\.venv\Lib\site-packages\openmdao\solvers\linesearch\backtracking.py:39: SolverWarning:'OD0.duct.out_stat.ps_resid.Ps' exceeds lower bounds
  Val: [-0.001103]
  Lower: [-0.0009009]

C:\Users\MEO\Desktop\Projects\JetEngine\boomsonic_v0\.venv\Lib\site-packages\openmdao\solvers\solver.py:819: SolverWarning:Your model has stalled three times and may be violating the bounds. In the future, turn on print_bound_enforce in your solver options here: 
OD0.comp.ideal_flow.nonlinear_solver.linesearch.options['print_bound_enforce']=True. 
The bound(s) being violated now are:

C:\Users\MEO\Desktop\Projects\JetEngine\boomsonic_v0\.venv\Lib\site-packages\openmdao\solvers\linesearch\backtracking.py:39: SolverWarning:'OD0.comp.ideal_flow.balance.T' exceeds lower bounds
  Val: [-87062111.89157397]
  Lower: [150.]

C:\Users\MEO\Desktop\Projects\JetEngine\boomsonic_v0\.venv\Lib\site-packages\pycycle\elements\compressor.py:75: RuntimeWarning: invalid value encountered in log
  outputs['eff_poly'] = Rt * np.log(PR) / ( Rt*np.log(PR) + S_out - S_in )
C:\Users\MEO\Desktop\Projects\JetEngine\boomsonic_v0\.venv\Lib\site-packages\pycycle\thermo\static_ps_resid.py:128: RuntimeWarning: invalid value encountered in sqrt
  Vsonic = (i['gamma']*i['R']*i['Ts'])**0.5
C:\Users\MEO\Desktop\Projects\JetEngine\boomsonic_v0\.venv\Lib\site-packages\pycycle\thermo\static_ps_resid.py:98: RuntimeWarning: invalid value encountered in power
  ps_guess = inputs['guess:Pt'] * (1 + (gamt-1)/2 * M_guess**2)**(-gamt/(gamt-1))
C:\Users\MEO\Desktop\Projects\JetEngine\boomsonic_v0\.venv\Lib\site-packages\pycycle\thermo\static_ps_resid.py:93: RuntimeWarning: invalid value encountered in power
  f1 = ps - inputs['guess:Pt'] * (1 + (gamt-1)/2 * M_guess**2)**(-gamt/(gamt-1))
C:\Users\MEO\Desktop\Projects\JetEngine\boomsonic_v0\.venv\Lib\site-packages\pycycle\thermo\static_ps_resid.py:94: RuntimeWarning: invalid value encountered in sqrt
  f2 = MN - inputs['W']*(R_UNIVERSAL_SI*inputs['Ts'])**0.5/(ps_guess*1.0e6*inputs['area']*gamt**0.5)
C:\Users\MEO\Desktop\Projects\JetEngine\boomsonic_v0\.venv\Lib\site-packages\pycycle\thermo\static_ps_resid.py:99: RuntimeWarning: The iteration is not making good progress, as measured by the 
 improvement from the last ten iterations.
  ps_guess, M_guess = fsolve(equations, (ps_guess, M_guess))
C:\Users\MEO\Desktop\Projects\JetEngine\boomsonic_v0\.venv\Lib\site-packages\pycycle\thermo\static_ps_resid.py:128: RuntimeWarning: invalid value encountered in sqrt
  Vsonic = (i['gamma']*i['R']*i['Ts'])**0.5
C:\Users\MEO\Desktop\Projects\JetEngine\boomsonic_v0\.venv\Lib\site-packages\pycycle\thermo\static_ps_resid.py:128: RuntimeWarning: invalid value encountered in sqrt
  Vsonic = (i['gamma']*i['R']*i['Ts'])**0.5
C:\Users\MEO\Desktop\Projects\JetEngine\boomsonic_v0\.venv\Lib\site-packages\pycycle\thermo\static_ps_resid.py:128: RuntimeWarning: invalid value encountered in sqrt
  Vsonic = (i['gamma']*i['R']*i['Ts'])**0.5
C:\Users\MEO\Desktop\Projects\JetEngine\boomsonic_v0\.venv\Lib\site-packages\pycycle\thermo\static_ps_resid.py:128: RuntimeWarning: invalid value encountered in sqrt
  Vsonic = (i['gamma']*i['R']*i['Ts'])**0.5
C:\Users\MEO\Desktop\Projects\JetEngine\boomsonic_v0\.venv\Lib\site-packages\pycycle\thermo\static_ps_resid.py:128: RuntimeWarning: invalid value encountered in sqrt
  Vsonic = (i['gamma']*i['R']*i['Ts'])**0.5
C:\Users\MEO\Desktop\Projects\JetEngine\boomsonic_v0\.venv\Lib\site-packages\pycycle\thermo\static_ps_resid.py:128: RuntimeWarning: invalid value encountered in sqrt
  Vsonic = (i['gamma']*i['R']*i['Ts'])**0.5
C:\Users\MEO\Desktop\Projects\JetEngine\boomsonic_v0\.venv\Lib\site-packages\pycycle\thermo\static_ps_resid.py:128: RuntimeWarning: invalid value encountered in sqrt
  Vsonic = (i['gamma']*i['R']*i['Ts'])**0.5
C:\Users\MEO\Desktop\Projects\JetEngine\boomsonic_v0\.venv\Lib\site-packages\pycycle\thermo\static_ps_resid.py:128: RuntimeWarning: invalid value encountered in sqrt
  Vsonic = (i['gamma']*i['R']*i['Ts'])**0.5
C:\Users\MEO\Desktop\Projects\JetEngine\boomsonic_v0\.venv\Lib\site-packages\pycycle\thermo\static_ps_resid.py:108: RuntimeWarning: invalid value encountered in sqrt
  Vsonic = (i['gamma']*i['R']*i['Ts'])**0.5
C:\Users\MEO\Desktop\Projects\JetEngine\boomsonic_v0\.venv\Lib\site-packages\pycycle\thermo\static_ps_resid.py:83: RuntimeWarning: invalid value encountered in power
  ps_guess = inputs['guess:Pt'] * (1 + (gamt-1)/2 * inputs['MN']**2)**(-gamt/(gamt-1))
C:\Users\MEO\Desktop\Projects\JetEngine\boomsonic_v0\.venv\Lib\site-packages\pycycle\thermo\static_ps_resid.py:108: RuntimeWarning: invalid value encountered in sqrt
  Vsonic = (i['gamma']*i['R']*i['Ts'])**0.5
C:\Users\MEO\Desktop\Projects\JetEngine\boomsonic_v0\.venv\Lib\site-packages\pycycle\thermo\static_ps_resid.py:108: RuntimeWarning: invalid value encountered in sqrt
  Vsonic = (i['gamma']*i['R']*i['Ts'])**0.5
C:\Users\MEO\Desktop\Projects\JetEngine\boomsonic_v0\.venv\Lib\site-packages\pycycle\thermo\static_ps_resid.py:108: RuntimeWarning: invalid value encountered in sqrt
  Vsonic = (i['gamma']*i['R']*i['Ts'])**0.5
C:\Users\MEO\Desktop\Projects\JetEngine\boomsonic_v0\.venv\Lib\site-packages\pycycle\thermo\static_ps_resid.py:108: RuntimeWarning: invalid value encountered in sqrt
  Vsonic = (i['gamma']*i['R']*i['Ts'])**0.5
C:\Users\MEO\Desktop\Projects\JetEngine\boomsonic_v0\.venv\Lib\site-packages\pycycle\thermo\static_ps_resid.py:108: RuntimeWarning: invalid value encountered in sqrt
  Vsonic = (i['gamma']*i['R']*i['Ts'])**0.5
C:\Users\MEO\Desktop\Projects\JetEngine\boomsonic_v0\.venv\Lib\site-packages\pycycle\thermo\static_ps_resid.py:108: RuntimeWarning: invalid value encountered in sqrt
  Vsonic = (i['gamma']*i['R']*i['Ts'])**0.5
C:\Users\MEO\Desktop\Projects\JetEngine\boomsonic_v0\.venv\Lib\site-packages\pycycle\thermo\static_ps_resid.py:108: RuntimeWarning: invalid value encountered in sqrt
  Vsonic = (i['gamma']*i['R']*i['Ts'])**0.5
C:\Users\MEO\Desktop\Projects\JetEngine\boomsonic_v0\.venv\Lib\site-packages\pycycle\thermo\static_ps_resid.py:108: RuntimeWarning: invalid value encountered in sqrt
  Vsonic = (i['gamma']*i['R']*i['Ts'])**0.5
C:\Users\MEO\Desktop\Projects\JetEngine\boomsonic_v0\.venv\Lib\site-packages\pycycle\thermo\static_ps_resid.py:108: RuntimeWarning: invalid value encountered in sqrt
  Vsonic = (i['gamma']*i['R']*i['Ts'])**0.5
C:\Users\MEO\Desktop\Projects\JetEngine\boomsonic_v0\.venv\Lib\site-packages\pycycle\thermo\static_ps_resid.py:108: RuntimeWarning: invalid value encountered in sqrt
  Vsonic = (i['gamma']*i['R']*i['Ts'])**0.5
C:\Users\MEO\Desktop\Projects\JetEngine\boomsonic_v0\.venv\Lib\site-packages\pycycle\thermo\static_ps_resid.py:108: RuntimeWarning: invalid value encountered in sqrt
  Vsonic = (i['gamma']*i['R']*i['Ts'])**0.5
C:\Users\MEO\Desktop\Projects\JetEngine\boomsonic_v0\.venv\Lib\site-packages\pycycle\thermo\static_ps_calc.py:32: RuntimeWarning: invalid value encountered in sqrt
  outputs['Vsonic'] = Vsonic = np.sqrt(inputs['gamma'] * inputs['R'] * inputs['Ts'])
C:\Users\MEO\Desktop\Projects\JetEngine\boomsonic_v0\.venv\Lib\site-packages\pycycle\elements\compressor.py:75: RuntimeWarning: invalid value encountered in log
  outputs['eff_poly'] = Rt * np.log(PR) / ( Rt*np.log(PR) + S_out - S_in )
C:\Users\MEO\Desktop\Projects\JetEngine\boomsonic_v0\.venv\Lib\site-packages\pycycle\thermo\static_ps_resid.py:128: RuntimeWarning: invalid value encountered in sqrt
  Vsonic = (i['gamma']*i['R']*i['Ts'])**0.5
C:\Users\MEO\Desktop\Projects\JetEngine\boomsonic_v0\.venv\Lib\site-packages\pycycle\thermo\static_ps_resid.py:98: RuntimeWarning: invalid value encountered in power
  ps_guess = inputs['guess:Pt'] * (1 + (gamt-1)/2 * M_guess**2)**(-gamt/(gamt-1))
C:\Users\MEO\Desktop\Projects\JetEngine\boomsonic_v0\.venv\Lib\site-packages\pycycle\thermo\static_ps_resid.py:93: RuntimeWarning: invalid value encountered in power
  f1 = ps - inputs['guess:Pt'] * (1 + (gamt-1)/2 * M_guess**2)**(-gamt/(gamt-1))
C:\Users\MEO\Desktop\Projects\JetEngine\boomsonic_v0\.venv\Lib\site-packages\pycycle\thermo\static_ps_resid.py:94: RuntimeWarning: invalid value encountered in sqrt
  f2 = MN - inputs['W']*(R_UNIVERSAL_SI*inputs['Ts'])**0.5/(ps_guess*1.0e6*inputs['area']*gamt**0.5)
C:\Users\MEO\Desktop\Projects\JetEngine\boomsonic_v0\.venv\Lib\site-packages\pycycle\thermo\static_ps_resid.py:99: RuntimeWarning: The iteration is not making good progress, as measured by the 
 improvement from the last ten iterations.
  ps_guess, M_guess = fsolve(equations, (ps_guess, M_guess))
C:\Users\MEO\Desktop\Projects\JetEngine\boomsonic_v0\.venv\Lib\site-packages\pycycle\thermo\static_ps_resid.py:83: RuntimeWarning: invalid value encountered in power
  ps_guess = inputs['guess:Pt'] * (1 + (gamt-1)/2 * inputs['MN']**2)**(-gamt/(gamt-1))
C:\Users\MEO\Desktop\Projects\JetEngine\boomsonic_v0\.venv\Lib\site-packages\openmdao\solvers\solver.py:819: SolverWarning:Your model has stalled three times and may be violating the bounds. In the future, turn on print_bound_enforce in your solver options here: 
OD0.inlet.out_stat.nonlinear_solver.linesearch.options['print_bound_enforce']=True. 
The bound(s) being violated now are:

C:\Users\MEO\Desktop\Projects\JetEngine\boomsonic_v0\.venv\Lib\site-packages\openmdao\solvers\linesearch\backtracking.py:39: SolverWarning:'OD0.inlet.out_stat.balance.T' exceeds lower bounds
  Val: [-237.4207568]
  Lower: [150.]

C:\Users\MEO\Desktop\Projects\JetEngine\boomsonic_v0\.venv\Lib\site-packages\openmdao\solvers\linesearch\backtracking.py:39: SolverWarning:'OD0.inlet.out_stat.ps_resid.Ps' exceeds lower bounds
  Val: [-0.00110427]
  Lower: [-0.0009009]

C:\Users\MEO\Desktop\Projects\JetEngine\boomsonic_v0\.venv\Lib\site-packages\openmdao\solvers\solver.py:819: SolverWarning:Your model has stalled three times and may be violating the bounds. In the future, turn on print_bound_enforce in your solver options here: 
OD0.duct.out_stat.nonlinear_solver.linesearch.options['print_bound_enforce']=True. 
The bound(s) being violated now are:

C:\Users\MEO\Desktop\Projects\JetEngine\boomsonic_v0\.venv\Lib\site-packages\openmdao\solvers\linesearch\backtracking.py:39: SolverWarning:'OD0.duct.out_stat.balance.T' exceeds lower bounds
  Val: [-235.48065795]
  Lower: [150.]

C:\Users\MEO\Desktop\Projects\JetEngine\boomsonic_v0\.venv\Lib\site-packages\openmdao\solvers\linesearch\backtracking.py:39: SolverWarning:'OD0.duct.out_stat.ps_resid.Ps' exceeds lower bounds
  Val: [-0.001103]
  Lower: [-0.0009009]

C:\Users\MEO\Desktop\Projects\JetEngine\boomsonic_v0\.venv\Lib\site-packages\openmdao\solvers\solver.py:819: SolverWarning:Your model has stalled three times and may be violating the bounds. In the future, turn on print_bound_enforce in your solver options here: 
OD0.comp.ideal_flow.nonlinear_solver.linesearch.options['print_bound_enforce']=True. 
The bound(s) being violated now are:

C:\Users\MEO\Desktop\Projects\JetEngine\boomsonic_v0\.venv\Lib\site-packages\openmdao\solvers\linesearch\backtracking.py:39: SolverWarning:'OD0.comp.ideal_flow.balance.T' exceeds lower bounds
  Val: [-87062111.89157397]
  Lower: [150.]

C:\Users\MEO\Desktop\Projects\JetEngine\boomsonic_v0\.venv\Lib\site-packages\pycycle\elements\compressor.py:75: RuntimeWarning: invalid value encountered in log
  outputs['eff_poly'] = Rt * np.log(PR) / ( Rt*np.log(PR) + S_out - S_in )
C:\Users\MEO\Desktop\Projects\JetEngine\boomsonic_v0\.venv\Lib\site-packages\pycycle\thermo\static_ps_resid.py:128: RuntimeWarning: invalid value encountered in sqrt
  Vsonic = (i['gamma']*i['R']*i['Ts'])**0.5
C:\Users\MEO\Desktop\Projects\JetEngine\boomsonic_v0\.venv\Lib\site-packages\pycycle\thermo\static_ps_resid.py:98: RuntimeWarning: invalid value encountered in power
  ps_guess = inputs['guess:Pt'] * (1 + (gamt-1)/2 * M_guess**2)**(-gamt/(gamt-1))
C:\Users\MEO\Desktop\Projects\JetEngine\boomsonic_v0\.venv\Lib\site-packages\pycycle\thermo\static_ps_resid.py:93: RuntimeWarning: invalid value encountered in power
  f1 = ps - inputs['guess:Pt'] * (1 + (gamt-1)/2 * M_guess**2)**(-gamt/(gamt-1))
C:\Users\MEO\Desktop\Projects\JetEngine\boomsonic_v0\.venv\Lib\site-packages\pycycle\thermo\static_ps_resid.py:94: RuntimeWarning: invalid value encountered in sqrt
  f2 = MN - inputs['W']*(R_UNIVERSAL_SI*inputs['Ts'])**0.5/(ps_guess*1.0e6*inputs['area']*gamt**0.5)
C:\Users\MEO\Desktop\Projects\JetEngine\boomsonic_v0\.venv\Lib\site-packages\pycycle\thermo\static_ps_resid.py:99: RuntimeWarning: The iteration is not making good progress, as measured by the 
 improvement from the last ten iterations.
  ps_guess, M_guess = fsolve(equations, (ps_guess, M_guess))
C:\Users\MEO\Desktop\Projects\JetEngine\boomsonic_v0\.venv\Lib\site-packages\pycycle\thermo\static_ps_resid.py:128: RuntimeWarning: invalid value encountered in sqrt
  Vsonic = (i['gamma']*i['R']*i['Ts'])**0.5
C:\Users\MEO\Desktop\Projects\JetEngine\boomsonic_v0\.venv\Lib\site-packages\pycycle\thermo\static_ps_resid.py:128: RuntimeWarning: invalid value encountered in sqrt
  Vsonic = (i['gamma']*i['R']*i['Ts'])**0.5
C:\Users\MEO\Desktop\Projects\JetEngine\boomsonic_v0\.venv\Lib\site-packages\pycycle\thermo\static_ps_resid.py:128: RuntimeWarning: invalid value encountered in sqrt
  Vsonic = (i['gamma']*i['R']*i['Ts'])**0.5
C:\Users\MEO\Desktop\Projects\JetEngine\boomsonic_v0\.venv\Lib\site-packages\pycycle\thermo\static_ps_resid.py:128: RuntimeWarning: invalid value encountered in sqrt
  Vsonic = (i['gamma']*i['R']*i['Ts'])**0.5
C:\Users\MEO\Desktop\Projects\JetEngine\boomsonic_v0\.venv\Lib\site-packages\pycycle\thermo\static_ps_resid.py:128: RuntimeWarning: invalid value encountered in sqrt
  Vsonic = (i['gamma']*i['R']*i['Ts'])**0.5
C:\Users\MEO\Desktop\Projects\JetEngine\boomsonic_v0\.venv\Lib\site-packages\pycycle\thermo\static_ps_resid.py:128: RuntimeWarning: invalid value encountered in sqrt
  Vsonic = (i['gamma']*i['R']*i['Ts'])**0.5
C:\Users\MEO\Desktop\Projects\JetEngine\boomsonic_v0\.venv\Lib\site-packages\pycycle\thermo\static_ps_resid.py:128: RuntimeWarning: invalid value encountered in sqrt
  Vsonic = (i['gamma']*i['R']*i['Ts'])**0.5
C:\Users\MEO\Desktop\Projects\JetEngine\boomsonic_v0\.venv\Lib\site-packages\pycycle\thermo\static_ps_resid.py:128: RuntimeWarning: invalid value encountered in sqrt
  Vsonic = (i['gamma']*i['R']*i['Ts'])**0.5
C:\Users\MEO\Desktop\Projects\JetEngine\boomsonic_v0\.venv\Lib\site-packages\pycycle\thermo\static_ps_resid.py:108: RuntimeWarning: invalid value encountered in sqrt
  Vsonic = (i['gamma']*i['R']*i['Ts'])**0.5
C:\Users\MEO\Desktop\Projects\JetEngine\boomsonic_v0\.venv\Lib\site-packages\pycycle\thermo\static_ps_resid.py:83: RuntimeWarning: invalid value encountered in power
  ps_guess = inputs['guess:Pt'] * (1 + (gamt-1)/2 * inputs['MN']**2)**(-gamt/(gamt-1))
C:\Users\MEO\Desktop\Projects\JetEngine\boomsonic_v0\.venv\Lib\site-packages\pycycle\thermo\static_ps_resid.py:108: RuntimeWarning: invalid value encountered in sqrt
  Vsonic = (i['gamma']*i['R']*i['Ts'])**0.5
C:\Users\MEO\Desktop\Projects\JetEngine\boomsonic_v0\.venv\Lib\site-packages\pycycle\thermo\static_ps_resid.py:108: RuntimeWarning: invalid value encountered in sqrt
  Vsonic = (i['gamma']*i['R']*i['Ts'])**0.5
C:\Users\MEO\Desktop\Projects\JetEngine\boomsonic_v0\.venv\Lib\site-packages\pycycle\thermo\static_ps_resid.py:108: RuntimeWarning: invalid value encountered in sqrt
  Vsonic = (i['gamma']*i['R']*i['Ts'])**0.5
C:\Users\MEO\Desktop\Projects\JetEngine\boomsonic_v0\.venv\Lib\site-packages\pycycle\thermo\static_ps_resid.py:108: RuntimeWarning: invalid value encountered in sqrt
  Vsonic = (i['gamma']*i['R']*i['Ts'])**0.5
C:\Users\MEO\Desktop\Projects\JetEngine\boomsonic_v0\.venv\Lib\site-packages\pycycle\thermo\static_ps_resid.py:108: RuntimeWarning: invalid value encountered in sqrt
  Vsonic = (i['gamma']*i['R']*i['Ts'])**0.5
C:\Users\MEO\Desktop\Projects\JetEngine\boomsonic_v0\.venv\Lib\site-packages\pycycle\thermo\static_ps_resid.py:108: RuntimeWarning: invalid value encountered in sqrt
  Vsonic = (i['gamma']*i['R']*i['Ts'])**0.5
C:\Users\MEO\Desktop\Projects\JetEngine\boomsonic_v0\.venv\Lib\site-packages\pycycle\thermo\static_ps_resid.py:108: RuntimeWarning: invalid value encountered in sqrt
  Vsonic = (i['gamma']*i['R']*i['Ts'])**0.5
C:\Users\MEO\Desktop\Projects\JetEngine\boomsonic_v0\.venv\Lib\site-packages\pycycle\thermo\static_ps_resid.py:108: RuntimeWarning: invalid value encountered in sqrt
  Vsonic = (i['gamma']*i['R']*i['Ts'])**0.5
C:\Users\MEO\Desktop\Projects\JetEngine\boomsonic_v0\.venv\Lib\site-packages\pycycle\thermo\static_ps_resid.py:108: RuntimeWarning: invalid value encountered in sqrt
  Vsonic = (i['gamma']*i['R']*i['Ts'])**0.5
C:\Users\MEO\Desktop\Projects\JetEngine\boomsonic_v0\.venv\Lib\site-packages\pycycle\thermo\static_ps_resid.py:108: RuntimeWarning: invalid value encountered in sqrt
  Vsonic = (i['gamma']*i['R']*i['Ts'])**0.5
C:\Users\MEO\Desktop\Projects\JetEngine\boomsonic_v0\.venv\Lib\site-packages\pycycle\thermo\static_ps_resid.py:108: RuntimeWarning: invalid value encountered in sqrt
  Vsonic = (i['gamma']*i['R']*i['Ts'])**0.5
C:\Users\MEO\Desktop\Projects\JetEngine\boomsonic_v0\.venv\Lib\site-packages\pycycle\thermo\static_ps_calc.py:32: RuntimeWarning: invalid value encountered in sqrt
  outputs['Vsonic'] = Vsonic = np.sqrt(inputs['gamma'] * inputs['R'] * inputs['Ts'])
C:\Users\MEO\Desktop\Projects\JetEngine\boomsonic_v0\.venv\Lib\site-packages\pycycle\elements\compressor.py:75: RuntimeWarning: invalid value encountered in log
  outputs['eff_poly'] = Rt * np.log(PR) / ( Rt*np.log(PR) + S_out - S_in )
C:\Users\MEO\Desktop\Projects\JetEngine\boomsonic_v0\.venv\Lib\site-packages\pycycle\thermo\static_ps_resid.py:128: RuntimeWarning: invalid value encountered in sqrt
  Vsonic = (i['gamma']*i['R']*i['Ts'])**0.5
C:\Users\MEO\Desktop\Projects\JetEngine\boomsonic_v0\.venv\Lib\site-packages\pycycle\thermo\static_ps_resid.py:98: RuntimeWarning: invalid value encountered in power
  ps_guess = inputs['guess:Pt'] * (1 + (gamt-1)/2 * M_guess**2)**(-gamt/(gamt-1))
C:\Users\MEO\Desktop\Projects\JetEngine\boomsonic_v0\.venv\Lib\site-packages\pycycle\thermo\static_ps_resid.py:93: RuntimeWarning: invalid value encountered in power
  f1 = ps - inputs['guess:Pt'] * (1 + (gamt-1)/2 * M_guess**2)**(-gamt/(gamt-1))
C:\Users\MEO\Desktop\Projects\JetEngine\boomsonic_v0\.venv\Lib\site-packages\pycycle\thermo\static_ps_resid.py:94: RuntimeWarning: invalid value encountered in sqrt
  f2 = MN - inputs['W']*(R_UNIVERSAL_SI*inputs['Ts'])**0.5/(ps_guess*1.0e6*inputs['area']*gamt**0.5)
C:\Users\MEO\Desktop\Projects\JetEngine\boomsonic_v0\.venv\Lib\site-packages\pycycle\thermo\static_ps_resid.py:99: RuntimeWarning: The iteration is not making good progress, as measured by the 
 improvement from the last ten iterations.
  ps_guess, M_guess = fsolve(equations, (ps_guess, M_guess))
C:\Users\MEO\Desktop\Projects\JetEngine\boomsonic_v0\.venv\Lib\site-packages\pycycle\thermo\static_ps_resid.py:83: RuntimeWarning: invalid value encountered in power
  ps_guess = inputs['guess:Pt'] * (1 + (gamt-1)/2 * inputs['MN']**2)**(-gamt/(gamt-1))
C:\Users\MEO\Desktop\Projects\JetEngine\boomsonic_v0\.venv\Lib\site-packages\openmdao\solvers\solver.py:819: SolverWarning:Your model has stalled three times and may be violating the bounds. In the future, turn on print_bound_enforce in your solver options here: 
OD0.inlet.out_stat.nonlinear_solver.linesearch.options['print_bound_enforce']=True. 
The bound(s) being violated now are:

C:\Users\MEO\Desktop\Projects\JetEngine\boomsonic_v0\.venv\Lib\site-packages\openmdao\solvers\linesearch\backtracking.py:39: SolverWarning:'OD0.inlet.out_stat.balance.T' exceeds lower bounds
  Val: [-237.4207568]
  Lower: [150.]

C:\Users\MEO\Desktop\Projects\JetEngine\boomsonic_v0\.venv\Lib\site-packages\openmdao\solvers\linesearch\backtracking.py:39: SolverWarning:'OD0.inlet.out_stat.ps_resid.Ps' exceeds lower bounds
  Val: [-0.00110427]
  Lower: [-0.0009009]

C:\Users\MEO\Desktop\Projects\JetEngine\boomsonic_v0\.venv\Lib\site-packages\openmdao\solvers\solver.py:819: SolverWarning:Your model has stalled three times and may be violating the bounds. In the future, turn on print_bound_enforce in your solver options here: 
OD0.duct.out_stat.nonlinear_solver.linesearch.options['print_bound_enforce']=True. 
The bound(s) being violated now are:

C:\Users\MEO\Desktop\Projects\JetEngine\boomsonic_v0\.venv\Lib\site-packages\openmdao\solvers\linesearch\backtracking.py:39: SolverWarning:'OD0.duct.out_stat.balance.T' exceeds lower bounds
  Val: [-235.48065795]
  Lower: [150.]

C:\Users\MEO\Desktop\Projects\JetEngine\boomsonic_v0\.venv\Lib\site-packages\openmdao\solvers\linesearch\backtracking.py:39: SolverWarning:'OD0.duct.out_stat.ps_resid.Ps' exceeds lower bounds
  Val: [-0.001103]
  Lower: [-0.0009009]

C:\Users\MEO\Desktop\Projects\JetEngine\boomsonic_v0\.venv\Lib\site-packages\openmdao\solvers\solver.py:819: SolverWarning:Your model has stalled three times and may be violating the bounds. In the future, turn on print_bound_enforce in your solver options here: 
OD0.comp.ideal_flow.nonlinear_solver.linesearch.options['print_bound_enforce']=True. 
The bound(s) being violated now are:

C:\Users\MEO\Desktop\Projects\JetEngine\boomsonic_v0\.venv\Lib\site-packages\openmdao\solvers\linesearch\backtracking.py:39: SolverWarning:'OD0.comp.ideal_flow.balance.T' exceeds lower bounds
  Val: [-87062111.89157397]
  Lower: [150.]

C:\Users\MEO\Desktop\Projects\JetEngine\boomsonic_v0\.venv\Lib\site-packages\pycycle\elements\compressor.py:75: RuntimeWarning: invalid value encountered in log
  outputs['eff_poly'] = Rt * np.log(PR) / ( Rt*np.log(PR) + S_out - S_in )
C:\Users\MEO\Desktop\Projects\JetEngine\boomsonic_v0\.venv\Lib\site-packages\pycycle\thermo\static_ps_resid.py:128: RuntimeWarning: invalid value encountered in sqrt
  Vsonic = (i['gamma']*i['R']*i['Ts'])**0.5
C:\Users\MEO\Desktop\Projects\JetEngine\boomsonic_v0\.venv\Lib\site-packages\pycycle\thermo\static_ps_resid.py:98: RuntimeWarning: invalid value encountered in power
  ps_guess = inputs['guess:Pt'] * (1 + (gamt-1)/2 * M_guess**2)**(-gamt/(gamt-1))
C:\Users\MEO\Desktop\Projects\JetEngine\boomsonic_v0\.venv\Lib\site-packages\pycycle\thermo\static_ps_resid.py:93: RuntimeWarning: invalid value encountered in power
  f1 = ps - inputs['guess:Pt'] * (1 + (gamt-1)/2 * M_guess**2)**(-gamt/(gamt-1))
C:\Users\MEO\Desktop\Projects\JetEngine\boomsonic_v0\.venv\Lib\site-packages\pycycle\thermo\static_ps_resid.py:94: RuntimeWarning: invalid value encountered in sqrt
  f2 = MN - inputs['W']*(R_UNIVERSAL_SI*inputs['Ts'])**0.5/(ps_guess*1.0e6*inputs['area']*gamt**0.5)
C:\Users\MEO\Desktop\Projects\JetEngine\boomsonic_v0\.venv\Lib\site-packages\pycycle\thermo\static_ps_resid.py:99: RuntimeWarning: The iteration is not making good progress, as measured by the 
 improvement from the last ten iterations.
  ps_guess, M_guess = fsolve(equations, (ps_guess, M_guess))
C:\Users\MEO\Desktop\Projects\JetEngine\boomsonic_v0\.venv\Lib\site-packages\pycycle\thermo\static_ps_resid.py:128: RuntimeWarning: invalid value encountered in sqrt
  Vsonic = (i['gamma']*i['R']*i['Ts'])**0.5
C:\Users\MEO\Desktop\Projects\JetEngine\boomsonic_v0\.venv\Lib\site-packages\pycycle\thermo\static_ps_resid.py:128: RuntimeWarning: invalid value encountered in sqrt
  Vsonic = (i['gamma']*i['R']*i['Ts'])**0.5
C:\Users\MEO\Desktop\Projects\JetEngine\boomsonic_v0\.venv\Lib\site-packages\pycycle\thermo\static_ps_resid.py:128: RuntimeWarning: invalid value encountered in sqrt
  Vsonic = (i['gamma']*i['R']*i['Ts'])**0.5
C:\Users\MEO\Desktop\Projects\JetEngine\boomsonic_v0\.venv\Lib\site-packages\pycycle\thermo\static_ps_resid.py:128: RuntimeWarning: invalid value encountered in sqrt
  Vsonic = (i['gamma']*i['R']*i['Ts'])**0.5
C:\Users\MEO\Desktop\Projects\JetEngine\boomsonic_v0\.venv\Lib\site-packages\pycycle\thermo\static_ps_resid.py:128: RuntimeWarning: invalid value encountered in sqrt
  Vsonic = (i['gamma']*i['R']*i['Ts'])**0.5
C:\Users\MEO\Desktop\Projects\JetEngine\boomsonic_v0\.venv\Lib\site-packages\pycycle\thermo\static_ps_resid.py:128: RuntimeWarning: invalid value encountered in sqrt
  Vsonic = (i['gamma']*i['R']*i['Ts'])**0.5
C:\Users\MEO\Desktop\Projects\JetEngine\boomsonic_v0\.venv\Lib\site-packages\pycycle\thermo\static_ps_resid.py:128: RuntimeWarning: invalid value encountered in sqrt
  Vsonic = (i['gamma']*i['R']*i['Ts'])**0.5
C:\Users\MEO\Desktop\Projects\JetEngine\boomsonic_v0\.venv\Lib\site-packages\pycycle\thermo\static_ps_resid.py:128: RuntimeWarning: invalid value encountered in sqrt
  Vsonic = (i['gamma']*i['R']*i['Ts'])**0.5
C:\Users\MEO\Desktop\Projects\JetEngine\boomsonic_v0\.venv\Lib\site-packages\pycycle\thermo\static_ps_resid.py:108: RuntimeWarning: invalid value encountered in sqrt
  Vsonic = (i['gamma']*i['R']*i['Ts'])**0.5
C:\Users\MEO\Desktop\Projects\JetEngine\boomsonic_v0\.venv\Lib\site-packages\pycycle\thermo\static_ps_resid.py:83: RuntimeWarning: invalid value encountered in power
  ps_guess = inputs['guess:Pt'] * (1 + (gamt-1)/2 * inputs['MN']**2)**(-gamt/(gamt-1))
C:\Users\MEO\Desktop\Projects\JetEngine\boomsonic_v0\.venv\Lib\site-packages\pycycle\thermo\static_ps_resid.py:108: RuntimeWarning: invalid value encountered in sqrt
  Vsonic = (i['gamma']*i['R']*i['Ts'])**0.5
C:\Users\MEO\Desktop\Projects\JetEngine\boomsonic_v0\.venv\Lib\site-packages\pycycle\thermo\static_ps_resid.py:108: RuntimeWarning: invalid value encountered in sqrt
  Vsonic = (i['gamma']*i['R']*i['Ts'])**0.5
C:\Users\MEO\Desktop\Projects\JetEngine\boomsonic_v0\.venv\Lib\site-packages\pycycle\thermo\static_ps_resid.py:108: RuntimeWarning: invalid value encountered in sqrt
  Vsonic = (i['gamma']*i['R']*i['Ts'])**0.5
C:\Users\MEO\Desktop\Projects\JetEngine\boomsonic_v0\.venv\Lib\site-packages\pycycle\thermo\static_ps_resid.py:108: RuntimeWarning: invalid value encountered in sqrt
  Vsonic = (i['gamma']*i['R']*i['Ts'])**0.5
C:\Users\MEO\Desktop\Projects\JetEngine\boomsonic_v0\.venv\Lib\site-packages\pycycle\thermo\static_ps_resid.py:108: RuntimeWarning: invalid value encountered in sqrt
  Vsonic = (i['gamma']*i['R']*i['Ts'])**0.5
C:\Users\MEO\Desktop\Projects\JetEngine\boomsonic_v0\.venv\Lib\site-packages\pycycle\thermo\static_ps_resid.py:108: RuntimeWarning: invalid value encountered in sqrt
  Vsonic = (i['gamma']*i['R']*i['Ts'])**0.5
C:\Users\MEO\Desktop\Projects\JetEngine\boomsonic_v0\.venv\Lib\site-packages\pycycle\thermo\static_ps_resid.py:108: RuntimeWarning: invalid value encountered in sqrt
  Vsonic = (i['gamma']*i['R']*i['Ts'])**0.5
C:\Users\MEO\Desktop\Projects\JetEngine\boomsonic_v0\.venv\Lib\site-packages\pycycle\thermo\static_ps_resid.py:108: RuntimeWarning: invalid value encountered in sqrt
  Vsonic = (i['gamma']*i['R']*i['Ts'])**0.5
C:\Users\MEO\Desktop\Projects\JetEngine\boomsonic_v0\.venv\Lib\site-packages\pycycle\thermo\static_ps_resid.py:108: RuntimeWarning: invalid value encountered in sqrt
  Vsonic = (i['gamma']*i['R']*i['Ts'])**0.5
C:\Users\MEO\Desktop\Projects\JetEngine\boomsonic_v0\.venv\Lib\site-packages\pycycle\thermo\static_ps_resid.py:108: RuntimeWarning: invalid value encountered in sqrt
  Vsonic = (i['gamma']*i['R']*i['Ts'])**0.5
C:\Users\MEO\Desktop\Projects\JetEngine\boomsonic_v0\.venv\Lib\site-packages\pycycle\thermo\static_ps_resid.py:108: RuntimeWarning: invalid value encountered in sqrt
  Vsonic = (i['gamma']*i['R']*i['Ts'])**0.5
C:\Users\MEO\Desktop\Projects\JetEngine\boomsonic_v0\.venv\Lib\site-packages\pycycle\thermo\static_ps_calc.py:32: RuntimeWarning: invalid value encountered in sqrt
  outputs['Vsonic'] = Vsonic = np.sqrt(inputs['gamma'] * inputs['R'] * inputs['Ts'])
C:\Users\MEO\Desktop\Projects\JetEngine\boomsonic_v0\.venv\Lib\site-packages\pycycle\elements\compressor.py:75: RuntimeWarning: invalid value encountered in log
  outputs['eff_poly'] = Rt * np.log(PR) / ( Rt*np.log(PR) + S_out - S_in )
C:\Users\MEO\Desktop\Projects\JetEngine\boomsonic_v0\.venv\Lib\site-packages\pycycle\thermo\static_ps_resid.py:128: RuntimeWarning: invalid value encountered in sqrt
  Vsonic = (i['gamma']*i['R']*i['Ts'])**0.5
C:\Users\MEO\Desktop\Projects\JetEngine\boomsonic_v0\.venv\Lib\site-packages\pycycle\thermo\static_ps_resid.py:98: RuntimeWarning: invalid value encountered in power
  ps_guess = inputs['guess:Pt'] * (1 + (gamt-1)/2 * M_guess**2)**(-gamt/(gamt-1))
C:\Users\MEO\Desktop\Projects\JetEngine\boomsonic_v0\.venv\Lib\site-packages\pycycle\thermo\static_ps_resid.py:93: RuntimeWarning: invalid value encountered in power
  f1 = ps - inputs['guess:Pt'] * (1 + (gamt-1)/2 * M_guess**2)**(-gamt/(gamt-1))
C:\Users\MEO\Desktop\Projects\JetEngine\boomsonic_v0\.venv\Lib\site-packages\pycycle\thermo\static_ps_resid.py:94: RuntimeWarning: invalid value encountered in sqrt
  f2 = MN - inputs['W']*(R_UNIVERSAL_SI*inputs['Ts'])**0.5/(ps_guess*1.0e6*inputs['area']*gamt**0.5)
C:\Users\MEO\Desktop\Projects\JetEngine\boomsonic_v0\.venv\Lib\site-packages\pycycle\thermo\static_ps_resid.py:99: RuntimeWarning: The iteration is not making good progress, as measured by the 
 improvement from the last ten iterations.
  ps_guess, M_guess = fsolve(equations, (ps_guess, M_guess))
C:\Users\MEO\Desktop\Projects\JetEngine\boomsonic_v0\.venv\Lib\site-packages\pycycle\thermo\static_ps_resid.py:83: RuntimeWarning: invalid value encountered in power
  ps_guess = inputs['guess:Pt'] * (1 + (gamt-1)/2 * inputs['MN']**2)**(-gamt/(gamt-1))
C:\Users\MEO\Desktop\Projects\JetEngine\boomsonic_v0\.venv\Lib\site-packages\openmdao\solvers\solver.py:819: SolverWarning:Your model has stalled three times and may be violating the bounds. In the future, turn on print_bound_enforce in your solver options here: 
OD0.inlet.out_stat.nonlinear_solver.linesearch.options['print_bound_enforce']=True. 
The bound(s) being violated now are:

C:\Users\MEO\Desktop\Projects\JetEngine\boomsonic_v0\.venv\Lib\site-packages\openmdao\solvers\linesearch\backtracking.py:39: SolverWarning:'OD0.inlet.out_stat.balance.T' exceeds lower bounds
  Val: [-237.4207568]
  Lower: [150.]

C:\Users\MEO\Desktop\Projects\JetEngine\boomsonic_v0\.venv\Lib\site-packages\openmdao\solvers\linesearch\backtracking.py:39: SolverWarning:'OD0.inlet.out_stat.ps_resid.Ps' exceeds lower bounds
  Val: [-0.00110427]
  Lower: [-0.0009009]

C:\Users\MEO\Desktop\Projects\JetEngine\boomsonic_v0\.venv\Lib\site-packages\openmdao\solvers\solver.py:819: SolverWarning:Your model has stalled three times and may be violating the bounds. In the future, turn on print_bound_enforce in your solver options here: 
OD0.duct.out_stat.nonlinear_solver.linesearch.options['print_bound_enforce']=True. 
The bound(s) being violated now are:

C:\Users\MEO\Desktop\Projects\JetEngine\boomsonic_v0\.venv\Lib\site-packages\openmdao\solvers\linesearch\backtracking.py:39: SolverWarning:'OD0.duct.out_stat.balance.T' exceeds lower bounds
  Val: [-235.48065795]
  Lower: [150.]

C:\Users\MEO\Desktop\Projects\JetEngine\boomsonic_v0\.venv\Lib\site-packages\openmdao\solvers\linesearch\backtracking.py:39: SolverWarning:'OD0.duct.out_stat.ps_resid.Ps' exceeds lower bounds
  Val: [-0.001103]
  Lower: [-0.0009009]

C:\Users\MEO\Desktop\Projects\JetEngine\boomsonic_v0\.venv\Lib\site-packages\openmdao\solvers\solver.py:819: SolverWarning:Your model has stalled three times and may be violating the bounds. In the future, turn on print_bound_enforce in your solver options here: 
OD0.comp.ideal_flow.nonlinear_solver.linesearch.options['print_bound_enforce']=True. 
The bound(s) being violated now are:

C:\Users\MEO\Desktop\Projects\JetEngine\boomsonic_v0\.venv\Lib\site-packages\openmdao\solvers\linesearch\backtracking.py:39: SolverWarning:'OD0.comp.ideal_flow.balance.T' exceeds lower bounds
  Val: [-87062111.89157397]
  Lower: [150.]

C:\Users\MEO\Desktop\Projects\JetEngine\boomsonic_v0\.venv\Lib\site-packages\pycycle\elements\compressor.py:75: RuntimeWarning: invalid value encountered in log
  outputs['eff_poly'] = Rt * np.log(PR) / ( Rt*np.log(PR) + S_out - S_in )
C:\Users\MEO\Desktop\Projects\JetEngine\boomsonic_v0\.venv\Lib\site-packages\pycycle\thermo\static_ps_resid.py:128: RuntimeWarning: invalid value encountered in sqrt
  Vsonic = (i['gamma']*i['R']*i['Ts'])**0.5
C:\Users\MEO\Desktop\Projects\JetEngine\boomsonic_v0\.venv\Lib\site-packages\pycycle\thermo\static_ps_resid.py:98: RuntimeWarning: invalid value encountered in power
  ps_guess = inputs['guess:Pt'] * (1 + (gamt-1)/2 * M_guess**2)**(-gamt/(gamt-1))
C:\Users\MEO\Desktop\Projects\JetEngine\boomsonic_v0\.venv\Lib\site-packages\pycycle\thermo\static_ps_resid.py:93: RuntimeWarning: invalid value encountered in power
  f1 = ps - inputs['guess:Pt'] * (1 + (gamt-1)/2 * M_guess**2)**(-gamt/(gamt-1))
C:\Users\MEO\Desktop\Projects\JetEngine\boomsonic_v0\.venv\Lib\site-packages\pycycle\thermo\static_ps_resid.py:94: RuntimeWarning: invalid value encountered in sqrt
  f2 = MN - inputs['W']*(R_UNIVERSAL_SI*inputs['Ts'])**0.5/(ps_guess*1.0e6*inputs['area']*gamt**0.5)
C:\Users\MEO\Desktop\Projects\JetEngine\boomsonic_v0\.venv\Lib\site-packages\pycycle\thermo\static_ps_resid.py:99: RuntimeWarning: The iteration is not making good progress, as measured by the 
 improvement from the last ten iterations.
  ps_guess, M_guess = fsolve(equations, (ps_guess, M_guess))
C:\Users\MEO\Desktop\Projects\JetEngine\boomsonic_v0\.venv\Lib\site-packages\pycycle\thermo\static_ps_resid.py:128: RuntimeWarning: invalid value encountered in sqrt
  Vsonic = (i['gamma']*i['R']*i['Ts'])**0.5
C:\Users\MEO\Desktop\Projects\JetEngine\boomsonic_v0\.venv\Lib\site-packages\pycycle\thermo\static_ps_resid.py:128: RuntimeWarning: invalid value encountered in sqrt
  Vsonic = (i['gamma']*i['R']*i['Ts'])**0.5
C:\Users\MEO\Desktop\Projects\JetEngine\boomsonic_v0\.venv\Lib\site-packages\pycycle\thermo\static_ps_resid.py:128: RuntimeWarning: invalid value encountered in sqrt
  Vsonic = (i['gamma']*i['R']*i['Ts'])**0.5
C:\Users\MEO\Desktop\Projects\JetEngine\boomsonic_v0\.venv\Lib\site-packages\pycycle\thermo\static_ps_resid.py:128: RuntimeWarning: invalid value encountered in sqrt
  Vsonic = (i['gamma']*i['R']*i['Ts'])**0.5
C:\Users\MEO\Desktop\Projects\JetEngine\boomsonic_v0\.venv\Lib\site-packages\pycycle\thermo\static_ps_resid.py:128: RuntimeWarning: invalid value encountered in sqrt
  Vsonic = (i['gamma']*i['R']*i['Ts'])**0.5
C:\Users\MEO\Desktop\Projects\JetEngine\boomsonic_v0\.venv\Lib\site-packages\pycycle\thermo\static_ps_resid.py:128: RuntimeWarning: invalid value encountered in sqrt
  Vsonic = (i['gamma']*i['R']*i['Ts'])**0.5
C:\Users\MEO\Desktop\Projects\JetEngine\boomsonic_v0\.venv\Lib\site-packages\pycycle\thermo\static_ps_resid.py:128: RuntimeWarning: invalid value encountered in sqrt
  Vsonic = (i['gamma']*i['R']*i['Ts'])**0.5
C:\Users\MEO\Desktop\Projects\JetEngine\boomsonic_v0\.venv\Lib\site-packages\pycycle\thermo\static_ps_resid.py:128: RuntimeWarning: invalid value encountered in sqrt
  Vsonic = (i['gamma']*i['R']*i['Ts'])**0.5
C:\Users\MEO\Desktop\Projects\JetEngine\boomsonic_v0\.venv\Lib\site-packages\pycycle\thermo\static_ps_resid.py:108: RuntimeWarning: invalid value encountered in sqrt
  Vsonic = (i['gamma']*i['R']*i['Ts'])**0.5
C:\Users\MEO\Desktop\Projects\JetEngine\boomsonic_v0\.venv\Lib\site-packages\pycycle\thermo\static_ps_resid.py:83: RuntimeWarning: invalid value encountered in power
  ps_guess = inputs['guess:Pt'] * (1 + (gamt-1)/2 * inputs['MN']**2)**(-gamt/(gamt-1))
C:\Users\MEO\Desktop\Projects\JetEngine\boomsonic_v0\.venv\Lib\site-packages\pycycle\thermo\static_ps_resid.py:108: RuntimeWarning: invalid value encountered in sqrt
  Vsonic = (i['gamma']*i['R']*i['Ts'])**0.5
C:\Users\MEO\Desktop\Projects\JetEngine\boomsonic_v0\.venv\Lib\site-packages\pycycle\thermo\static_ps_resid.py:108: RuntimeWarning: invalid value encountered in sqrt
  Vsonic = (i['gamma']*i['R']*i['Ts'])**0.5
C:\Users\MEO\Desktop\Projects\JetEngine\boomsonic_v0\.venv\Lib\site-packages\pycycle\thermo\static_ps_resid.py:108: RuntimeWarning: invalid value encountered in sqrt
  Vsonic = (i['gamma']*i['R']*i['Ts'])**0.5
C:\Users\MEO\Desktop\Projects\JetEngine\boomsonic_v0\.venv\Lib\site-packages\pycycle\thermo\static_ps_resid.py:108: RuntimeWarning: invalid value encountered in sqrt
  Vsonic = (i['gamma']*i['R']*i['Ts'])**0.5
C:\Users\MEO\Desktop\Projects\JetEngine\boomsonic_v0\.venv\Lib\site-packages\pycycle\thermo\static_ps_resid.py:108: RuntimeWarning: invalid value encountered in sqrt
  Vsonic = (i['gamma']*i['R']*i['Ts'])**0.5
C:\Users\MEO\Desktop\Projects\JetEngine\boomsonic_v0\.venv\Lib\site-packages\pycycle\thermo\static_ps_resid.py:108: RuntimeWarning: invalid value encountered in sqrt
  Vsonic = (i['gamma']*i['R']*i['Ts'])**0.5
C:\Users\MEO\Desktop\Projects\JetEngine\boomsonic_v0\.venv\Lib\site-packages\pycycle\thermo\static_ps_resid.py:108: RuntimeWarning: invalid value encountered in sqrt
  Vsonic = (i['gamma']*i['R']*i['Ts'])**0.5
C:\Users\MEO\Desktop\Projects\JetEngine\boomsonic_v0\.venv\Lib\site-packages\pycycle\thermo\static_ps_resid.py:108: RuntimeWarning: invalid value encountered in sqrt
  Vsonic = (i['gamma']*i['R']*i['Ts'])**0.5
C:\Users\MEO\Desktop\Projects\JetEngine\boomsonic_v0\.venv\Lib\site-packages\pycycle\thermo\static_ps_resid.py:108: RuntimeWarning: invalid value encountered in sqrt
  Vsonic = (i['gamma']*i['R']*i['Ts'])**0.5
C:\Users\MEO\Desktop\Projects\JetEngine\boomsonic_v0\.venv\Lib\site-packages\pycycle\thermo\static_ps_resid.py:108: RuntimeWarning: invalid value encountered in sqrt
  Vsonic = (i['gamma']*i['R']*i['Ts'])**0.5
C:\Users\MEO\Desktop\Projects\JetEngine\boomsonic_v0\.venv\Lib\site-packages\pycycle\thermo\static_ps_resid.py:108: RuntimeWarning: invalid value encountered in sqrt
  Vsonic = (i['gamma']*i['R']*i['Ts'])**0.5
C:\Users\MEO\Desktop\Projects\JetEngine\boomsonic_v0\.venv\Lib\site-packages\pycycle\thermo\static_ps_calc.py:32: RuntimeWarning: invalid value encountered in sqrt
  outputs['Vsonic'] = Vsonic = np.sqrt(inputs['gamma'] * inputs['R'] * inputs['Ts'])
C:\Users\MEO\Desktop\Projects\JetEngine\boomsonic_v0\.venv\Lib\site-packages\pycycle\elements\compressor.py:75: RuntimeWarning: invalid value encountered in log
  outputs['eff_poly'] = Rt * np.log(PR) / ( Rt*np.log(PR) + S_out - S_in )
C:\Users\MEO\Desktop\Projects\JetEngine\boomsonic_v0\.venv\Lib\site-packages\pycycle\thermo\static_ps_resid.py:128: RuntimeWarning: invalid value encountered in sqrt
  Vsonic = (i['gamma']*i['R']*i['Ts'])**0.5
C:\Users\MEO\Desktop\Projects\JetEngine\boomsonic_v0\.venv\Lib\site-packages\pycycle\thermo\static_ps_resid.py:98: RuntimeWarning: invalid value encountered in power
  ps_guess = inputs['guess:Pt'] * (1 + (gamt-1)/2 * M_guess**2)**(-gamt/(gamt-1))
C:\Users\MEO\Desktop\Projects\JetEngine\boomsonic_v0\.venv\Lib\site-packages\pycycle\thermo\static_ps_resid.py:93: RuntimeWarning: invalid value encountered in power
  f1 = ps - inputs['guess:Pt'] * (1 + (gamt-1)/2 * M_guess**2)**(-gamt/(gamt-1))
C:\Users\MEO\Desktop\Projects\JetEngine\boomsonic_v0\.venv\Lib\site-packages\pycycle\thermo\static_ps_resid.py:94: RuntimeWarning: invalid value encountered in sqrt
  f2 = MN - inputs['W']*(R_UNIVERSAL_SI*inputs['Ts'])**0.5/(ps_guess*1.0e6*inputs['area']*gamt**0.5)
C:\Users\MEO\Desktop\Projects\JetEngine\boomsonic_v0\.venv\Lib\site-packages\pycycle\thermo\static_ps_resid.py:99: RuntimeWarning: The iteration is not making good progress, as measured by the 
 improvement from the last ten iterations.
  ps_guess, M_guess = fsolve(equations, (ps_guess, M_guess))
C:\Users\MEO\Desktop\Projects\JetEngine\boomsonic_v0\.venv\Lib\site-packages\pycycle\thermo\static_ps_resid.py:83: RuntimeWarning: invalid value encountered in power
  ps_guess = inputs['guess:Pt'] * (1 + (gamt-1)/2 * inputs['MN']**2)**(-gamt/(gamt-1))
C:\Users\MEO\Desktop\Projects\JetEngine\boomsonic_v0\.venv\Lib\site-packages\openmdao\solvers\solver.py:819: SolverWarning:Your model has stalled three times and may be violating the bounds. In the future, turn on print_bound_enforce in your solver options here: 
OD0.inlet.out_stat.nonlinear_solver.linesearch.options['print_bound_enforce']=True. 
The bound(s) being violated now are:

C:\Users\MEO\Desktop\Projects\JetEngine\boomsonic_v0\.venv\Lib\site-packages\openmdao\solvers\linesearch\backtracking.py:39: SolverWarning:'OD0.inlet.out_stat.balance.T' exceeds lower bounds
  Val: [-237.4207568]
  Lower: [150.]

C:\Users\MEO\Desktop\Projects\JetEngine\boomsonic_v0\.venv\Lib\site-packages\openmdao\solvers\linesearch\backtracking.py:39: SolverWarning:'OD0.inlet.out_stat.ps_resid.Ps' exceeds lower bounds
  Val: [-0.00110427]
  Lower: [-0.0009009]

C:\Users\MEO\Desktop\Projects\JetEngine\boomsonic_v0\.venv\Lib\site-packages\openmdao\solvers\solver.py:819: SolverWarning:Your model has stalled three times and may be violating the bounds. In the future, turn on print_bound_enforce in your solver options here: 
OD0.duct.out_stat.nonlinear_solver.linesearch.options['print_bound_enforce']=True. 
The bound(s) being violated now are:

C:\Users\MEO\Desktop\Projects\JetEngine\boomsonic_v0\.venv\Lib\site-packages\openmdao\solvers\linesearch\backtracking.py:39: SolverWarning:'OD0.duct.out_stat.balance.T' exceeds lower bounds
  Val: [-235.48065795]
  Lower: [150.]

C:\Users\MEO\Desktop\Projects\JetEngine\boomsonic_v0\.venv\Lib\site-packages\openmdao\solvers\linesearch\backtracking.py:39: SolverWarning:'OD0.duct.out_stat.ps_resid.Ps' exceeds lower bounds
  Val: [-0.001103]
  Lower: [-0.0009009]

C:\Users\MEO\Desktop\Projects\JetEngine\boomsonic_v0\.venv\Lib\site-packages\openmdao\solvers\solver.py:819: SolverWarning:Your model has stalled three times and may be violating the bounds. In the future, turn on print_bound_enforce in your solver options here: 
OD0.comp.ideal_flow.nonlinear_solver.linesearch.options['print_bound_enforce']=True. 
The bound(s) being violated now are:

C:\Users\MEO\Desktop\Projects\JetEngine\boomsonic_v0\.venv\Lib\site-packages\openmdao\solvers\linesearch\backtracking.py:39: SolverWarning:'OD0.comp.ideal_flow.balance.T' exceeds lower bounds
  Val: [-87062111.89157397]
  Lower: [150.]

C:\Users\MEO\Desktop\Projects\JetEngine\boomsonic_v0\.venv\Lib\site-packages\pycycle\elements\compressor.py:75: RuntimeWarning: invalid value encountered in log
  outputs['eff_poly'] = Rt * np.log(PR) / ( Rt*np.log(PR) + S_out - S_in )
C:\Users\MEO\Desktop\Projects\JetEngine\boomsonic_v0\.venv\Lib\site-packages\pycycle\thermo\static_ps_resid.py:128: RuntimeWarning: invalid value encountered in sqrt
  Vsonic = (i['gamma']*i['R']*i['Ts'])**0.5
C:\Users\MEO\Desktop\Projects\JetEngine\boomsonic_v0\.venv\Lib\site-packages\pycycle\thermo\static_ps_resid.py:98: RuntimeWarning: invalid value encountered in power
  ps_guess = inputs['guess:Pt'] * (1 + (gamt-1)/2 * M_guess**2)**(-gamt/(gamt-1))
C:\Users\MEO\Desktop\Projects\JetEngine\boomsonic_v0\.venv\Lib\site-packages\pycycle\thermo\static_ps_resid.py:93: RuntimeWarning: invalid value encountered in power
  f1 = ps - inputs['guess:Pt'] * (1 + (gamt-1)/2 * M_guess**2)**(-gamt/(gamt-1))
C:\Users\MEO\Desktop\Projects\JetEngine\boomsonic_v0\.venv\Lib\site-packages\pycycle\thermo\static_ps_resid.py:94: RuntimeWarning: invalid value encountered in sqrt
  f2 = MN - inputs['W']*(R_UNIVERSAL_SI*inputs['Ts'])**0.5/(ps_guess*1.0e6*inputs['area']*gamt**0.5)
C:\Users\MEO\Desktop\Projects\JetEngine\boomsonic_v0\.venv\Lib\site-packages\pycycle\thermo\static_ps_resid.py:99: RuntimeWarning: The iteration is not making good progress, as measured by the 
 improvement from the last ten iterations.
  ps_guess, M_guess = fsolve(equations, (ps_guess, M_guess))
C:\Users\MEO\Desktop\Projects\JetEngine\boomsonic_v0\.venv\Lib\site-packages\pycycle\thermo\static_ps_resid.py:128: RuntimeWarning: invalid value encountered in sqrt
  Vsonic = (i['gamma']*i['R']*i['Ts'])**0.5
C:\Users\MEO\Desktop\Projects\JetEngine\boomsonic_v0\.venv\Lib\site-packages\pycycle\thermo\static_ps_resid.py:128: RuntimeWarning: invalid value encountered in sqrt
  Vsonic = (i['gamma']*i['R']*i['Ts'])**0.5
C:\Users\MEO\Desktop\Projects\JetEngine\boomsonic_v0\.venv\Lib\site-packages\pycycle\thermo\static_ps_resid.py:128: RuntimeWarning: invalid value encountered in sqrt
  Vsonic = (i['gamma']*i['R']*i['Ts'])**0.5
C:\Users\MEO\Desktop\Projects\JetEngine\boomsonic_v0\.venv\Lib\site-packages\pycycle\thermo\static_ps_resid.py:128: RuntimeWarning: invalid value encountered in sqrt
  Vsonic = (i['gamma']*i['R']*i['Ts'])**0.5
C:\Users\MEO\Desktop\Projects\JetEngine\boomsonic_v0\.venv\Lib\site-packages\pycycle\thermo\static_ps_resid.py:128: RuntimeWarning: invalid value encountered in sqrt
  Vsonic = (i['gamma']*i['R']*i['Ts'])**0.5
C:\Users\MEO\Desktop\Projects\JetEngine\boomsonic_v0\.venv\Lib\site-packages\pycycle\thermo\static_ps_resid.py:128: RuntimeWarning: invalid value encountered in sqrt
  Vsonic = (i['gamma']*i['R']*i['Ts'])**0.5
C:\Users\MEO\Desktop\Projects\JetEngine\boomsonic_v0\.venv\Lib\site-packages\pycycle\thermo\static_ps_resid.py:128: RuntimeWarning: invalid value encountered in sqrt
  Vsonic = (i['gamma']*i['R']*i['Ts'])**0.5
C:\Users\MEO\Desktop\Projects\JetEngine\boomsonic_v0\.venv\Lib\site-packages\pycycle\thermo\static_ps_resid.py:128: RuntimeWarning: invalid value encountered in sqrt
  Vsonic = (i['gamma']*i['R']*i['Ts'])**0.5
C:\Users\MEO\Desktop\Projects\JetEngine\boomsonic_v0\.venv\Lib\site-packages\pycycle\thermo\static_ps_resid.py:108: RuntimeWarning: invalid value encountered in sqrt
  Vsonic = (i['gamma']*i['R']*i['Ts'])**0.5
C:\Users\MEO\Desktop\Projects\JetEngine\boomsonic_v0\.venv\Lib\site-packages\pycycle\thermo\static_ps_resid.py:83: RuntimeWarning: invalid value encountered in power
  ps_guess = inputs['guess:Pt'] * (1 + (gamt-1)/2 * inputs['MN']**2)**(-gamt/(gamt-1))
C:\Users\MEO\Desktop\Projects\JetEngine\boomsonic_v0\.venv\Lib\site-packages\pycycle\thermo\static_ps_resid.py:108: RuntimeWarning: invalid value encountered in sqrt
  Vsonic = (i['gamma']*i['R']*i['Ts'])**0.5
C:\Users\MEO\Desktop\Projects\JetEngine\boomsonic_v0\.venv\Lib\site-packages\pycycle\thermo\static_ps_resid.py:108: RuntimeWarning: invalid value encountered in sqrt
  Vsonic = (i['gamma']*i['R']*i['Ts'])**0.5
C:\Users\MEO\Desktop\Projects\JetEngine\boomsonic_v0\.venv\Lib\site-packages\pycycle\thermo\static_ps_resid.py:108: RuntimeWarning: invalid value encountered in sqrt
  Vsonic = (i['gamma']*i['R']*i['Ts'])**0.5
C:\Users\MEO\Desktop\Projects\JetEngine\boomsonic_v0\.venv\Lib\site-packages\pycycle\thermo\static_ps_resid.py:108: RuntimeWarning: invalid value encountered in sqrt
  Vsonic = (i['gamma']*i['R']*i['Ts'])**0.5
C:\Users\MEO\Desktop\Projects\JetEngine\boomsonic_v0\.venv\Lib\site-packages\pycycle\thermo\static_ps_resid.py:108: RuntimeWarning: invalid value encountered in sqrt
  Vsonic = (i['gamma']*i['R']*i['Ts'])**0.5
C:\Users\MEO\Desktop\Projects\JetEngine\boomsonic_v0\.venv\Lib\site-packages\pycycle\thermo\static_ps_resid.py:108: RuntimeWarning: invalid value encountered in sqrt
  Vsonic = (i['gamma']*i['R']*i['Ts'])**0.5
C:\Users\MEO\Desktop\Projects\JetEngine\boomsonic_v0\.venv\Lib\site-packages\pycycle\thermo\static_ps_resid.py:108: RuntimeWarning: invalid value encountered in sqrt
  Vsonic = (i['gamma']*i['R']*i['Ts'])**0.5
C:\Users\MEO\Desktop\Projects\JetEngine\boomsonic_v0\.venv\Lib\site-packages\pycycle\thermo\static_ps_resid.py:108: RuntimeWarning: invalid value encountered in sqrt
  Vsonic = (i['gamma']*i['R']*i['Ts'])**0.5
C:\Users\MEO\Desktop\Projects\JetEngine\boomsonic_v0\.venv\Lib\site-packages\pycycle\thermo\static_ps_resid.py:108: RuntimeWarning: invalid value encountered in sqrt
  Vsonic = (i['gamma']*i['R']*i['Ts'])**0.5
C:\Users\MEO\Desktop\Projects\JetEngine\boomsonic_v0\.venv\Lib\site-packages\pycycle\thermo\static_ps_resid.py:108: RuntimeWarning: invalid value encountered in sqrt
  Vsonic = (i['gamma']*i['R']*i['Ts'])**0.5
C:\Users\MEO\Desktop\Projects\JetEngine\boomsonic_v0\.venv\Lib\site-packages\pycycle\thermo\static_ps_resid.py:108: RuntimeWarning: invalid value encountered in sqrt
  Vsonic = (i['gamma']*i['R']*i['Ts'])**0.5
C:\Users\MEO\Desktop\Projects\JetEngine\boomsonic_v0\.venv\Lib\site-packages\pycycle\thermo\static_ps_calc.py:32: RuntimeWarning: invalid value encountered in sqrt
  outputs['Vsonic'] = Vsonic = np.sqrt(inputs['gamma'] * inputs['R'] * inputs['Ts'])
C:\Users\MEO\Desktop\Projects\JetEngine\boomsonic_v0\.venv\Lib\site-packages\pycycle\elements\compressor.py:75: RuntimeWarning: invalid value encountered in log
  outputs['eff_poly'] = Rt * np.log(PR) / ( Rt*np.log(PR) + S_out - S_in )
C:\Users\MEO\Desktop\Projects\JetEngine\boomsonic_v0\.venv\Lib\site-packages\pycycle\thermo\static_ps_resid.py:128: RuntimeWarning: invalid value encountered in sqrt
  Vsonic = (i['gamma']*i['R']*i['Ts'])**0.5
C:\Users\MEO\Desktop\Projects\JetEngine\boomsonic_v0\.venv\Lib\site-packages\pycycle\thermo\static_ps_resid.py:98: RuntimeWarning: invalid value encountered in power
  ps_guess = inputs['guess:Pt'] * (1 + (gamt-1)/2 * M_guess**2)**(-gamt/(gamt-1))
C:\Users\MEO\Desktop\Projects\JetEngine\boomsonic_v0\.venv\Lib\site-packages\pycycle\thermo\static_ps_resid.py:93: RuntimeWarning: invalid value encountered in power
  f1 = ps - inputs['guess:Pt'] * (1 + (gamt-1)/2 * M_guess**2)**(-gamt/(gamt-1))
C:\Users\MEO\Desktop\Projects\JetEngine\boomsonic_v0\.venv\Lib\site-packages\pycycle\thermo\static_ps_resid.py:94: RuntimeWarning: invalid value encountered in sqrt
  f2 = MN - inputs['W']*(R_UNIVERSAL_SI*inputs['Ts'])**0.5/(ps_guess*1.0e6*inputs['area']*gamt**0.5)
C:\Users\MEO\Desktop\Projects\JetEngine\boomsonic_v0\.venv\Lib\site-packages\pycycle\thermo\static_ps_resid.py:99: RuntimeWarning: The iteration is not making good progress, as measured by the 
 improvement from the last ten iterations.
  ps_guess, M_guess = fsolve(equations, (ps_guess, M_guess))
C:\Users\MEO\Desktop\Projects\JetEngine\boomsonic_v0\.venv\Lib\site-packages\pycycle\thermo\static_ps_resid.py:83: RuntimeWarning: invalid value encountered in power
  ps_guess = inputs['guess:Pt'] * (1 + (gamt-1)/2 * inputs['MN']**2)**(-gamt/(gamt-1))
C:\Users\MEO\Desktop\Projects\JetEngine\boomsonic_v0\.venv\Lib\site-packages\openmdao\solvers\solver.py:819: SolverWarning:Your model has stalled three times and may be violating the bounds. In the future, turn on print_bound_enforce in your solver options here: 
OD0.inlet.out_stat.nonlinear_solver.linesearch.options['print_bound_enforce']=True. 
The bound(s) being violated now are:

C:\Users\MEO\Desktop\Projects\JetEngine\boomsonic_v0\.venv\Lib\site-packages\openmdao\solvers\linesearch\backtracking.py:39: SolverWarning:'OD0.inlet.out_stat.balance.T' exceeds lower bounds
  Val: [-237.4207568]
  Lower: [150.]

C:\Users\MEO\Desktop\Projects\JetEngine\boomsonic_v0\.venv\Lib\site-packages\openmdao\solvers\linesearch\backtracking.py:39: SolverWarning:'OD0.inlet.out_stat.ps_resid.Ps' exceeds lower bounds
  Val: [-0.00110427]
  Lower: [-0.0009009]

C:\Users\MEO\Desktop\Projects\JetEngine\boomsonic_v0\.venv\Lib\site-packages\openmdao\solvers\solver.py:819: SolverWarning:Your model has stalled three times and may be violating the bounds. In the future, turn on print_bound_enforce in your solver options here: 
OD0.duct.out_stat.nonlinear_solver.linesearch.options['print_bound_enforce']=True. 
The bound(s) being violated now are:

C:\Users\MEO\Desktop\Projects\JetEngine\boomsonic_v0\.venv\Lib\site-packages\openmdao\solvers\linesearch\backtracking.py:39: SolverWarning:'OD0.duct.out_stat.balance.T' exceeds lower bounds
  Val: [-235.48065795]
  Lower: [150.]

C:\Users\MEO\Desktop\Projects\JetEngine\boomsonic_v0\.venv\Lib\site-packages\openmdao\solvers\linesearch\backtracking.py:39: SolverWarning:'OD0.duct.out_stat.ps_resid.Ps' exceeds lower bounds
  Val: [-0.001103]
  Lower: [-0.0009009]

C:\Users\MEO\Desktop\Projects\JetEngine\boomsonic_v0\.venv\Lib\site-packages\openmdao\solvers\solver.py:819: SolverWarning:Your model has stalled three times and may be violating the bounds. In the future, turn on print_bound_enforce in your solver options here: 
OD0.comp.ideal_flow.nonlinear_solver.linesearch.options['print_bound_enforce']=True. 
The bound(s) being violated now are:

C:\Users\MEO\Desktop\Projects\JetEngine\boomsonic_v0\.venv\Lib\site-packages\openmdao\solvers\linesearch\backtracking.py:39: SolverWarning:'OD0.comp.ideal_flow.balance.T' exceeds lower bounds
  Val: [-87062111.89157397]
  Lower: [150.]

C:\Users\MEO\Desktop\Projects\JetEngine\boomsonic_v0\.venv\Lib\site-packages\pycycle\elements\compressor.py:75: RuntimeWarning: invalid value encountered in log
  outputs['eff_poly'] = Rt * np.log(PR) / ( Rt*np.log(PR) + S_out - S_in )
C:\Users\MEO\Desktop\Projects\JetEngine\boomsonic_v0\.venv\Lib\site-packages\pycycle\thermo\static_ps_resid.py:128: RuntimeWarning: invalid value encountered in sqrt
  Vsonic = (i['gamma']*i['R']*i['Ts'])**0.5
C:\Users\MEO\Desktop\Projects\JetEngine\boomsonic_v0\.venv\Lib\site-packages\pycycle\thermo\static_ps_resid.py:98: RuntimeWarning: invalid value encountered in power
  ps_guess = inputs['guess:Pt'] * (1 + (gamt-1)/2 * M_guess**2)**(-gamt/(gamt-1))
C:\Users\MEO\Desktop\Projects\JetEngine\boomsonic_v0\.venv\Lib\site-packages\pycycle\thermo\static_ps_resid.py:93: RuntimeWarning: invalid value encountered in power
  f1 = ps - inputs['guess:Pt'] * (1 + (gamt-1)/2 * M_guess**2)**(-gamt/(gamt-1))
C:\Users\MEO\Desktop\Projects\JetEngine\boomsonic_v0\.venv\Lib\site-packages\pycycle\thermo\static_ps_resid.py:94: RuntimeWarning: invalid value encountered in sqrt
  f2 = MN - inputs['W']*(R_UNIVERSAL_SI*inputs['Ts'])**0.5/(ps_guess*1.0e6*inputs['area']*gamt**0.5)
C:\Users\MEO\Desktop\Projects\JetEngine\boomsonic_v0\.venv\Lib\site-packages\pycycle\thermo\static_ps_resid.py:99: RuntimeWarning: The iteration is not making good progress, as measured by the 
 improvement from the last ten iterations.
  ps_guess, M_guess = fsolve(equations, (ps_guess, M_guess))
C:\Users\MEO\Desktop\Projects\JetEngine\boomsonic_v0\.venv\Lib\site-packages\pycycle\thermo\static_ps_resid.py:128: RuntimeWarning: invalid value encountered in sqrt
  Vsonic = (i['gamma']*i['R']*i['Ts'])**0.5
C:\Users\MEO\Desktop\Projects\JetEngine\boomsonic_v0\.venv\Lib\site-packages\pycycle\thermo\static_ps_resid.py:128: RuntimeWarning: invalid value encountered in sqrt
  Vsonic = (i['gamma']*i['R']*i['Ts'])**0.5
C:\Users\MEO\Desktop\Projects\JetEngine\boomsonic_v0\.venv\Lib\site-packages\pycycle\thermo\static_ps_resid.py:128: RuntimeWarning: invalid value encountered in sqrt
  Vsonic = (i['gamma']*i['R']*i['Ts'])**0.5
C:\Users\MEO\Desktop\Projects\JetEngine\boomsonic_v0\.venv\Lib\site-packages\pycycle\thermo\static_ps_resid.py:128: RuntimeWarning: invalid value encountered in sqrt
  Vsonic = (i['gamma']*i['R']*i['Ts'])**0.5
C:\Users\MEO\Desktop\Projects\JetEngine\boomsonic_v0\.venv\Lib\site-packages\pycycle\thermo\static_ps_resid.py:128: RuntimeWarning: invalid value encountered in sqrt
  Vsonic = (i['gamma']*i['R']*i['Ts'])**0.5
C:\Users\MEO\Desktop\Projects\JetEngine\boomsonic_v0\.venv\Lib\site-packages\pycycle\thermo\static_ps_resid.py:128: RuntimeWarning: invalid value encountered in sqrt
  Vsonic = (i['gamma']*i['R']*i['Ts'])**0.5
C:\Users\MEO\Desktop\Projects\JetEngine\boomsonic_v0\.venv\Lib\site-packages\pycycle\thermo\static_ps_resid.py:128: RuntimeWarning: invalid value encountered in sqrt
  Vsonic = (i['gamma']*i['R']*i['Ts'])**0.5
C:\Users\MEO\Desktop\Projects\JetEngine\boomsonic_v0\.venv\Lib\site-packages\pycycle\thermo\static_ps_resid.py:128: RuntimeWarning: invalid value encountered in sqrt
  Vsonic = (i['gamma']*i['R']*i['Ts'])**0.5
C:\Users\MEO\Desktop\Projects\JetEngine\boomsonic_v0\.venv\Lib\site-packages\pycycle\thermo\static_ps_resid.py:108: RuntimeWarning: invalid value encountered in sqrt
  Vsonic = (i['gamma']*i['R']*i['Ts'])**0.5
C:\Users\MEO\Desktop\Projects\JetEngine\boomsonic_v0\.venv\Lib\site-packages\pycycle\thermo\static_ps_resid.py:83: RuntimeWarning: invalid value encountered in power
  ps_guess = inputs['guess:Pt'] * (1 + (gamt-1)/2 * inputs['MN']**2)**(-gamt/(gamt-1))
C:\Users\MEO\Desktop\Projects\JetEngine\boomsonic_v0\.venv\Lib\site-packages\pycycle\thermo\static_ps_resid.py:108: RuntimeWarning: invalid value encountered in sqrt
  Vsonic = (i['gamma']*i['R']*i['Ts'])**0.5
C:\Users\MEO\Desktop\Projects\JetEngine\boomsonic_v0\.venv\Lib\site-packages\pycycle\thermo\static_ps_resid.py:108: RuntimeWarning: invalid value encountered in sqrt
  Vsonic = (i['gamma']*i['R']*i['Ts'])**0.5
C:\Users\MEO\Desktop\Projects\JetEngine\boomsonic_v0\.venv\Lib\site-packages\pycycle\thermo\static_ps_resid.py:108: RuntimeWarning: invalid value encountered in sqrt
  Vsonic = (i['gamma']*i['R']*i['Ts'])**0.5
C:\Users\MEO\Desktop\Projects\JetEngine\boomsonic_v0\.venv\Lib\site-packages\pycycle\thermo\static_ps_resid.py:108: RuntimeWarning: invalid value encountered in sqrt
  Vsonic = (i['gamma']*i['R']*i['Ts'])**0.5
C:\Users\MEO\Desktop\Projects\JetEngine\boomsonic_v0\.venv\Lib\site-packages\pycycle\thermo\static_ps_resid.py:108: RuntimeWarning: invalid value encountered in sqrt
  Vsonic = (i['gamma']*i['R']*i['Ts'])**0.5
C:\Users\MEO\Desktop\Projects\JetEngine\boomsonic_v0\.venv\Lib\site-packages\pycycle\thermo\static_ps_resid.py:108: RuntimeWarning: invalid value encountered in sqrt
  Vsonic = (i['gamma']*i['R']*i['Ts'])**0.5
C:\Users\MEO\Desktop\Projects\JetEngine\boomsonic_v0\.venv\Lib\site-packages\pycycle\thermo\static_ps_resid.py:108: RuntimeWarning: invalid value encountered in sqrt
  Vsonic = (i['gamma']*i['R']*i['Ts'])**0.5
C:\Users\MEO\Desktop\Projects\JetEngine\boomsonic_v0\.venv\Lib\site-packages\pycycle\thermo\static_ps_resid.py:108: RuntimeWarning: invalid value encountered in sqrt
  Vsonic = (i['gamma']*i['R']*i['Ts'])**0.5
C:\Users\MEO\Desktop\Projects\JetEngine\boomsonic_v0\.venv\Lib\site-packages\pycycle\thermo\static_ps_resid.py:108: RuntimeWarning: invalid value encountered in sqrt
  Vsonic = (i['gamma']*i['R']*i['Ts'])**0.5
C:\Users\MEO\Desktop\Projects\JetEngine\boomsonic_v0\.venv\Lib\site-packages\pycycle\thermo\static_ps_resid.py:108: RuntimeWarning: invalid value encountered in sqrt
  Vsonic = (i['gamma']*i['R']*i['Ts'])**0.5
C:\Users\MEO\Desktop\Projects\JetEngine\boomsonic_v0\.venv\Lib\site-packages\pycycle\thermo\static_ps_resid.py:108: RuntimeWarning: invalid value encountered in sqrt
  Vsonic = (i['gamma']*i['R']*i['Ts'])**0.5
C:\Users\MEO\Desktop\Projects\JetEngine\boomsonic_v0\.venv\Lib\site-packages\pycycle\thermo\static_ps_calc.py:32: RuntimeWarning: invalid value encountered in sqrt
  outputs['Vsonic'] = Vsonic = np.sqrt(inputs['gamma'] * inputs['R'] * inputs['Ts'])
C:\Users\MEO\Desktop\Projects\JetEngine\boomsonic_v0\.venv\Lib\site-packages\pycycle\elements\compressor.py:75: RuntimeWarning: invalid value encountered in log
  outputs['eff_poly'] = Rt * np.log(PR) / ( Rt*np.log(PR) + S_out - S_in )
C:\Users\MEO\Desktop\Projects\JetEngine\boomsonic_v0\.venv\Lib\site-packages\pycycle\thermo\static_ps_resid.py:128: RuntimeWarning: invalid value encountered in sqrt
  Vsonic = (i['gamma']*i['R']*i['Ts'])**0.5
C:\Users\MEO\Desktop\Projects\JetEngine\boomsonic_v0\.venv\Lib\site-packages\pycycle\thermo\static_ps_resid.py:98: RuntimeWarning: invalid value encountered in power
  ps_guess = inputs['guess:Pt'] * (1 + (gamt-1)/2 * M_guess**2)**(-gamt/(gamt-1))
C:\Users\MEO\Desktop\Projects\JetEngine\boomsonic_v0\.venv\Lib\site-packages\pycycle\thermo\static_ps_resid.py:93: RuntimeWarning: invalid value encountered in power
  f1 = ps - inputs['guess:Pt'] * (1 + (gamt-1)/2 * M_guess**2)**(-gamt/(gamt-1))
C:\Users\MEO\Desktop\Projects\JetEngine\boomsonic_v0\.venv\Lib\site-packages\pycycle\thermo\static_ps_resid.py:94: RuntimeWarning: invalid value encountered in sqrt
  f2 = MN - inputs['W']*(R_UNIVERSAL_SI*inputs['Ts'])**0.5/(ps_guess*1.0e6*inputs['area']*gamt**0.5)
C:\Users\MEO\Desktop\Projects\JetEngine\boomsonic_v0\.venv\Lib\site-packages\pycycle\thermo\static_ps_resid.py:99: RuntimeWarning: The iteration is not making good progress, as measured by the 
 improvement from the last ten iterations.
  ps_guess, M_guess = fsolve(equations, (ps_guess, M_guess))
C:\Users\MEO\Desktop\Projects\JetEngine\boomsonic_v0\.venv\Lib\site-packages\pycycle\thermo\static_ps_resid.py:83: RuntimeWarning: invalid value encountered in power
  ps_guess = inputs['guess:Pt'] * (1 + (gamt-1)/2 * inputs['MN']**2)**(-gamt/(gamt-1))
C:\Users\MEO\Desktop\Projects\JetEngine\boomsonic_v0\.venv\Lib\site-packages\pycycle\thermo\static_ps_resid.py:128: RuntimeWarning: invalid value encountered in sqrt
  Vsonic = (i['gamma']*i['R']*i['Ts'])**0.5
C:\Users\MEO\Desktop\Projects\JetEngine\boomsonic_v0\.venv\Lib\site-packages\pycycle\thermo\static_ps_resid.py:128: RuntimeWarning: invalid value encountered in sqrt
  Vsonic = (i['gamma']*i['R']*i['Ts'])**0.5
C:\Users\MEO\Desktop\Projects\JetEngine\boomsonic_v0\.venv\Lib\site-packages\pycycle\thermo\static_ps_resid.py:128: RuntimeWarning: invalid value encountered in sqrt
  Vsonic = (i['gamma']*i['R']*i['Ts'])**0.5
C:\Users\MEO\Desktop\Projects\JetEngine\boomsonic_v0\.venv\Lib\site-packages\pycycle\thermo\static_ps_resid.py:108: RuntimeWarning: invalid value encountered in sqrt
  Vsonic = (i['gamma']*i['R']*i['Ts'])**0.5
C:\Users\MEO\Desktop\Projects\JetEngine\boomsonic_v0\.venv\Lib\site-packages\pycycle\elements\turbine.py:40: RuntimeWarning: invalid value encountered in sqrt
  outputs['Wp'] = inputs['W_in'] * inputs['Tt']**0.5 / inputs['Pt']
C:\Users\MEO\Desktop\Projects\JetEngine\boomsonic_v0\.venv\Lib\site-packages\pycycle\elements\turbine.py:41: RuntimeWarning: invalid value encountered in power
  outputs['Np'] = inputs['Nmech'] * inputs['Tt']**-0.5
C:\Users\MEO\Desktop\Projects\JetEngine\boomsonic_v0\.venv\Lib\site-packages\pycycle\elements\turbine.py:40: RuntimeWarning: invalid value encountered in sqrt
  outputs['Wp'] = inputs['W_in'] * inputs['Tt']**0.5 / inputs['Pt']
C:\Users\MEO\Desktop\Projects\JetEngine\boomsonic_v0\.venv\Lib\site-packages\pycycle\elements\turbine.py:41: RuntimeWarning: invalid value encountered in power
  outputs['Np'] = inputs['Nmech'] * inputs['Tt']**-0.5
C:\Users\MEO\Desktop\Projects\JetEngine\boomsonic_v0\.venv\Lib\site-packages\pycycle\elements\turbine.py:89: RuntimeWarning: invalid value encountered in log
  outputs['eff_poly'] = 1 + (S_out-S_in)/(Rt*np.log(invPR))
C:\Users\MEO\Desktop\Projects\JetEngine\boomsonic_v0\.venv\Lib\site-packages\pycycle\elements\turbine.py:40: RuntimeWarning: invalid value encountered in sqrt
  outputs['Wp'] = inputs['W_in'] * inputs['Tt']**0.5 / inputs['Pt']
C:\Users\MEO\Desktop\Projects\JetEngine\boomsonic_v0\.venv\Lib\site-packages\pycycle\elements\turbine.py:41: RuntimeWarning: invalid value encountered in power
  outputs['Np'] = inputs['Nmech'] * inputs['Tt']**-0.5
C:\Users\MEO\Desktop\Projects\JetEngine\boomsonic_v0\.venv\Lib\site-packages\openmdao\solvers\solver.py:819: SolverWarning:Your model has stalled three times and may be violating the bounds. In the future, turn on print_bound_enforce in your solver options here: 
OD0.comp.ideal_flow.nonlinear_solver.linesearch.options['print_bound_enforce']=True. 
The bound(s) being violated now are:

C:\Users\MEO\Desktop\Projects\JetEngine\boomsonic_v0\.venv\Lib\site-packages\openmdao\solvers\linesearch\backtracking.py:39: SolverWarning:'OD0.comp.ideal_flow.balance.T' exceeds lower bounds
  Val: [-14524024.13954869]
  Lower: [150.]

C:\Users\MEO\Desktop\Projects\JetEngine\boomsonic_v0\.venv\Lib\site-packages\pycycle\elements\compressor.py:75: RuntimeWarning: invalid value encountered in log
  outputs['eff_poly'] = Rt * np.log(PR) / ( Rt*np.log(PR) + S_out - S_in )
C:\Users\MEO\Desktop\Projects\JetEngine\boomsonic_v0\.venv\Lib\site-packages\pycycle\thermo\static_ps_resid.py:98: RuntimeWarning: invalid value encountered in power
  ps_guess = inputs['guess:Pt'] * (1 + (gamt-1)/2 * M_guess**2)**(-gamt/(gamt-1))
C:\Users\MEO\Desktop\Projects\JetEngine\boomsonic_v0\.venv\Lib\site-packages\pycycle\thermo\static_ps_resid.py:93: RuntimeWarning: invalid value encountered in power
  f1 = ps - inputs['guess:Pt'] * (1 + (gamt-1)/2 * M_guess**2)**(-gamt/(gamt-1))
C:\Users\MEO\Desktop\Projects\JetEngine\boomsonic_v0\.venv\Lib\site-packages\pycycle\thermo\static_ps_resid.py:94: RuntimeWarning: invalid value encountered in sqrt
  f2 = MN - inputs['W']*(R_UNIVERSAL_SI*inputs['Ts'])**0.5/(ps_guess*1.0e6*inputs['area']*gamt**0.5)
C:\Users\MEO\Desktop\Projects\JetEngine\boomsonic_v0\.venv\Lib\site-packages\pycycle\thermo\static_ps_resid.py:99: RuntimeWarning: The iteration is not making good progress, as measured by the 
 improvement from the last ten iterations.
  ps_guess, M_guess = fsolve(equations, (ps_guess, M_guess))
C:\Users\MEO\Desktop\Projects\JetEngine\boomsonic_v0\.venv\Lib\site-packages\pycycle\thermo\static_ps_resid.py:128: RuntimeWarning: invalid value encountered in sqrt
  Vsonic = (i['gamma']*i['R']*i['Ts'])**0.5
C:\Users\MEO\Desktop\Projects\JetEngine\boomsonic_v0\.venv\Lib\site-packages\pycycle\thermo\static_ps_resid.py:128: RuntimeWarning: invalid value encountered in sqrt
  Vsonic = (i['gamma']*i['R']*i['Ts'])**0.5
C:\Users\MEO\Desktop\Projects\JetEngine\boomsonic_v0\.venv\Lib\site-packages\pycycle\thermo\static_ps_resid.py:128: RuntimeWarning: invalid value encountered in sqrt
  Vsonic = (i['gamma']*i['R']*i['Ts'])**0.5
C:\Users\MEO\Desktop\Projects\JetEngine\boomsonic_v0\.venv\Lib\site-packages\pycycle\thermo\static_ps_resid.py:128: RuntimeWarning: invalid value encountered in sqrt
  Vsonic = (i['gamma']*i['R']*i['Ts'])**0.5
C:\Users\MEO\Desktop\Projects\JetEngine\boomsonic_v0\.venv\Lib\site-packages\pycycle\thermo\static_ps_resid.py:128: RuntimeWarning: invalid value encountered in sqrt
  Vsonic = (i['gamma']*i['R']*i['Ts'])**0.5
C:\Users\MEO\Desktop\Projects\JetEngine\boomsonic_v0\.venv\Lib\site-packages\pycycle\thermo\static_ps_resid.py:128: RuntimeWarning: invalid value encountered in sqrt
  Vsonic = (i['gamma']*i['R']*i['Ts'])**0.5
C:\Users\MEO\Desktop\Projects\JetEngine\boomsonic_v0\.venv\Lib\site-packages\pycycle\thermo\static_ps_resid.py:128: RuntimeWarning: invalid value encountered in sqrt
  Vsonic = (i['gamma']*i['R']*i['Ts'])**0.5
C:\Users\MEO\Desktop\Projects\JetEngine\boomsonic_v0\.venv\Lib\site-packages\pycycle\thermo\static_ps_resid.py:128: RuntimeWarning: invalid value encountered in sqrt
  Vsonic = (i['gamma']*i['R']*i['Ts'])**0.5
C:\Users\MEO\Desktop\Projects\JetEngine\boomsonic_v0\.venv\Lib\site-packages\pycycle\thermo\static_ps_resid.py:128: RuntimeWarning: invalid value encountered in sqrt
  Vsonic = (i['gamma']*i['R']*i['Ts'])**0.5
C:\Users\MEO\Desktop\Projects\JetEngine\boomsonic_v0\.venv\Lib\site-packages\pycycle\thermo\static_ps_resid.py:128: RuntimeWarning: invalid value encountered in sqrt
  Vsonic = (i['gamma']*i['R']*i['Ts'])**0.5
C:\Users\MEO\Desktop\Projects\JetEngine\boomsonic_v0\.venv\Lib\site-packages\pycycle\thermo\static_ps_resid.py:98: RuntimeWarning: invalid value encountered in power
  ps_guess = inputs['guess:Pt'] * (1 + (gamt-1)/2 * M_guess**2)**(-gamt/(gamt-1))
C:\Users\MEO\Desktop\Projects\JetEngine\boomsonic_v0\.venv\Lib\site-packages\pycycle\thermo\static_ps_resid.py:93: RuntimeWarning: invalid value encountered in power
  f1 = ps - inputs['guess:Pt'] * (1 + (gamt-1)/2 * M_guess**2)**(-gamt/(gamt-1))
C:\Users\MEO\Desktop\Projects\JetEngine\boomsonic_v0\.venv\Lib\site-packages\pycycle\thermo\static_ps_resid.py:94: RuntimeWarning: invalid value encountered in sqrt
  f2 = MN - inputs['W']*(R_UNIVERSAL_SI*inputs['Ts'])**0.5/(ps_guess*1.0e6*inputs['area']*gamt**0.5)
C:\Users\MEO\Desktop\Projects\JetEngine\boomsonic_v0\.venv\Lib\site-packages\pycycle\thermo\static_ps_resid.py:99: RuntimeWarning: The iteration is not making good progress, as measured by the 
 improvement from the last ten iterations.
  ps_guess, M_guess = fsolve(equations, (ps_guess, M_guess))
C:\Users\MEO\Desktop\Projects\JetEngine\boomsonic_v0\.venv\Lib\site-packages\pycycle\thermo\static_ps_resid.py:128: RuntimeWarning: invalid value encountered in sqrt
  Vsonic = (i['gamma']*i['R']*i['Ts'])**0.5
C:\Users\MEO\Desktop\Projects\JetEngine\boomsonic_v0\.venv\Lib\site-packages\pycycle\thermo\static_ps_resid.py:128: RuntimeWarning: invalid value encountered in sqrt
  Vsonic = (i['gamma']*i['R']*i['Ts'])**0.5
C:\Users\MEO\Desktop\Projects\JetEngine\boomsonic_v0\.venv\Lib\site-packages\pycycle\thermo\static_ps_resid.py:128: RuntimeWarning: invalid value encountered in sqrt
  Vsonic = (i['gamma']*i['R']*i['Ts'])**0.5
C:\Users\MEO\Desktop\Projects\JetEngine\boomsonic_v0\.venv\Lib\site-packages\pycycle\thermo\static_ps_resid.py:128: RuntimeWarning: invalid value encountered in sqrt
  Vsonic = (i['gamma']*i['R']*i['Ts'])**0.5
C:\Users\MEO\Desktop\Projects\JetEngine\boomsonic_v0\.venv\Lib\site-packages\pycycle\thermo\static_ps_resid.py:128: RuntimeWarning: invalid value encountered in sqrt
  Vsonic = (i['gamma']*i['R']*i['Ts'])**0.5
C:\Users\MEO\Desktop\Projects\JetEngine\boomsonic_v0\.venv\Lib\site-packages\pycycle\thermo\static_ps_resid.py:128: RuntimeWarning: invalid value encountered in sqrt
  Vsonic = (i['gamma']*i['R']*i['Ts'])**0.5
C:\Users\MEO\Desktop\Projects\JetEngine\boomsonic_v0\.venv\Lib\site-packages\pycycle\thermo\static_ps_resid.py:128: RuntimeWarning: invalid value encountered in sqrt
  Vsonic = (i['gamma']*i['R']*i['Ts'])**0.5
C:\Users\MEO\Desktop\Projects\JetEngine\boomsonic_v0\.venv\Lib\site-packages\pycycle\thermo\static_ps_resid.py:128: RuntimeWarning: invalid value encountered in sqrt
  Vsonic = (i['gamma']*i['R']*i['Ts'])**0.5
C:\Users\MEO\Desktop\Projects\JetEngine\boomsonic_v0\.venv\Lib\site-packages\pycycle\thermo\static_ps_resid.py:128: RuntimeWarning: invalid value encountered in sqrt
  Vsonic = (i['gamma']*i['R']*i['Ts'])**0.5
C:\Users\MEO\Desktop\Projects\JetEngine\boomsonic_v0\.venv\Lib\site-packages\pycycle\thermo\static_ps_resid.py:98: RuntimeWarning: invalid value encountered in power
  ps_guess = inputs['guess:Pt'] * (1 + (gamt-1)/2 * M_guess**2)**(-gamt/(gamt-1))
C:\Users\MEO\Desktop\Projects\JetEngine\boomsonic_v0\.venv\Lib\site-packages\pycycle\thermo\static_ps_resid.py:93: RuntimeWarning: invalid value encountered in power
  f1 = ps - inputs['guess:Pt'] * (1 + (gamt-1)/2 * M_guess**2)**(-gamt/(gamt-1))
C:\Users\MEO\Desktop\Projects\JetEngine\boomsonic_v0\.venv\Lib\site-packages\pycycle\thermo\static_ps_resid.py:94: RuntimeWarning: invalid value encountered in sqrt
  f2 = MN - inputs['W']*(R_UNIVERSAL_SI*inputs['Ts'])**0.5/(ps_guess*1.0e6*inputs['area']*gamt**0.5)
C:\Users\MEO\Desktop\Projects\JetEngine\boomsonic_v0\.venv\Lib\site-packages\pycycle\thermo\static_ps_resid.py:99: RuntimeWarning: The iteration is not making good progress, as measured by the 
 improvement from the last ten iterations.
  ps_guess, M_guess = fsolve(equations, (ps_guess, M_guess))
C:\Users\MEO\Desktop\Projects\JetEngine\boomsonic_v0\.venv\Lib\site-packages\pycycle\thermo\static_ps_resid.py:128: RuntimeWarning: invalid value encountered in sqrt
  Vsonic = (i['gamma']*i['R']*i['Ts'])**0.5
C:\Users\MEO\Desktop\Projects\JetEngine\boomsonic_v0\.venv\Lib\site-packages\pycycle\thermo\static_ps_resid.py:128: RuntimeWarning: invalid value encountered in sqrt
  Vsonic = (i['gamma']*i['R']*i['Ts'])**0.5
C:\Users\MEO\Desktop\Projects\JetEngine\boomsonic_v0\.venv\Lib\site-packages\pycycle\thermo\static_ps_resid.py:128: RuntimeWarning: invalid value encountered in sqrt
  Vsonic = (i['gamma']*i['R']*i['Ts'])**0.5
C:\Users\MEO\Desktop\Projects\JetEngine\boomsonic_v0\.venv\Lib\site-packages\pycycle\thermo\static_ps_resid.py:128: RuntimeWarning: invalid value encountered in sqrt
  Vsonic = (i['gamma']*i['R']*i['Ts'])**0.5
C:\Users\MEO\Desktop\Projects\JetEngine\boomsonic_v0\.venv\Lib\site-packages\pycycle\thermo\static_ps_resid.py:128: RuntimeWarning: invalid value encountered in sqrt
  Vsonic = (i['gamma']*i['R']*i['Ts'])**0.5
C:\Users\MEO\Desktop\Projects\JetEngine\boomsonic_v0\.venv\Lib\site-packages\pycycle\thermo\static_ps_resid.py:128: RuntimeWarning: invalid value encountered in sqrt
  Vsonic = (i['gamma']*i['R']*i['Ts'])**0.5
C:\Users\MEO\Desktop\Projects\JetEngine\boomsonic_v0\.venv\Lib\site-packages\pycycle\thermo\static_ps_resid.py:128: RuntimeWarning: invalid value encountered in sqrt
  Vsonic = (i['gamma']*i['R']*i['Ts'])**0.5
C:\Users\MEO\Desktop\Projects\JetEngine\boomsonic_v0\.venv\Lib\site-packages\pycycle\thermo\static_ps_resid.py:128: RuntimeWarning: invalid value encountered in sqrt
  Vsonic = (i['gamma']*i['R']*i['Ts'])**0.5
C:\Users\MEO\Desktop\Projects\JetEngine\boomsonic_v0\.venv\Lib\site-packages\pycycle\thermo\static_ps_resid.py:128: RuntimeWarning: invalid value encountered in sqrt
  Vsonic = (i['gamma']*i['R']*i['Ts'])**0.5
C:\Users\MEO\Desktop\Projects\JetEngine\boomsonic_v0\.venv\Lib\site-packages\pycycle\thermo\static_ps_resid.py:83: RuntimeWarning: invalid value encountered in power
  ps_guess = inputs['guess:Pt'] * (1 + (gamt-1)/2 * inputs['MN']**2)**(-gamt/(gamt-1))
C:\Users\MEO\Desktop\Projects\JetEngine\boomsonic_v0\.venv\Lib\site-packages\pycycle\thermo\static_ps_resid.py:108: RuntimeWarning: invalid value encountered in sqrt
  Vsonic = (i['gamma']*i['R']*i['Ts'])**0.5
C:\Users\MEO\Desktop\Projects\JetEngine\boomsonic_v0\.venv\Lib\site-packages\pycycle\thermo\static_ps_resid.py:108: RuntimeWarning: invalid value encountered in sqrt
  Vsonic = (i['gamma']*i['R']*i['Ts'])**0.5
C:\Users\MEO\Desktop\Projects\JetEngine\boomsonic_v0\.venv\Lib\site-packages\pycycle\thermo\static_ps_resid.py:108: RuntimeWarning: invalid value encountered in sqrt
  Vsonic = (i['gamma']*i['R']*i['Ts'])**0.5
C:\Users\MEO\Desktop\Projects\JetEngine\boomsonic_v0\.venv\Lib\site-packages\pycycle\thermo\static_ps_resid.py:108: RuntimeWarning: invalid value encountered in sqrt
  Vsonic = (i['gamma']*i['R']*i['Ts'])**0.5
C:\Users\MEO\Desktop\Projects\JetEngine\boomsonic_v0\.venv\Lib\site-packages\pycycle\thermo\static_ps_resid.py:108: RuntimeWarning: invalid value encountered in sqrt
  Vsonic = (i['gamma']*i['R']*i['Ts'])**0.5
C:\Users\MEO\Desktop\Projects\JetEngine\boomsonic_v0\.venv\Lib\site-packages\pycycle\thermo\static_ps_resid.py:108: RuntimeWarning: invalid value encountered in sqrt
  Vsonic = (i['gamma']*i['R']*i['Ts'])**0.5
C:\Users\MEO\Desktop\Projects\JetEngine\boomsonic_v0\.venv\Lib\site-packages\pycycle\thermo\static_ps_resid.py:108: RuntimeWarning: invalid value encountered in sqrt
  Vsonic = (i['gamma']*i['R']*i['Ts'])**0.5
C:\Users\MEO\Desktop\Projects\JetEngine\boomsonic_v0\.venv\Lib\site-packages\pycycle\thermo\static_ps_resid.py:108: RuntimeWarning: invalid value encountered in sqrt
  Vsonic = (i['gamma']*i['R']*i['Ts'])**0.5
C:\Users\MEO\Desktop\Projects\JetEngine\boomsonic_v0\.venv\Lib\site-packages\pycycle\thermo\static_ps_resid.py:108: RuntimeWarning: invalid value encountered in sqrt
  Vsonic = (i['gamma']*i['R']*i['Ts'])**0.5
C:\Users\MEO\Desktop\Projects\JetEngine\boomsonic_v0\.venv\Lib\site-packages\pycycle\thermo\static_ps_resid.py:108: RuntimeWarning: invalid value encountered in sqrt
  Vsonic = (i['gamma']*i['R']*i['Ts'])**0.5
C:\Users\MEO\Desktop\Projects\JetEngine\boomsonic_v0\.venv\Lib\site-packages\pycycle\thermo\static_ps_calc.py:32: RuntimeWarning: invalid value encountered in sqrt
  outputs['Vsonic'] = Vsonic = np.sqrt(inputs['gamma'] * inputs['R'] * inputs['Ts'])
C:\Users\MEO\Desktop\Projects\JetEngine\boomsonic_v0\.venv\Lib\site-packages\pycycle\thermo\static_ps_calc.py:32: RuntimeWarning: invalid value encountered in sqrt
  outputs['Vsonic'] = Vsonic = np.sqrt(inputs['gamma'] * inputs['R'] * inputs['Ts'])
C:\Users\MEO\Desktop\Projects\JetEngine\boomsonic_v0\.venv\Lib\site-packages\pycycle\elements\compressor.py:75: RuntimeWarning: invalid value encountered in log
  outputs['eff_poly'] = Rt * np.log(PR) / ( Rt*np.log(PR) + S_out - S_in )
C:\Users\MEO\Desktop\Projects\JetEngine\boomsonic_v0\.venv\Lib\site-packages\pycycle\thermo\static_ps_resid.py:128: RuntimeWarning: invalid value encountered in sqrt
  Vsonic = (i['gamma']*i['R']*i['Ts'])**0.5
C:\Users\MEO\Desktop\Projects\JetEngine\boomsonic_v0\.venv\Lib\site-packages\pycycle\thermo\static_ps_resid.py:108: RuntimeWarning: invalid value encountered in sqrt
  Vsonic = (i['gamma']*i['R']*i['Ts'])**0.5
C:\Users\MEO\Desktop\Projects\JetEngine\boomsonic_v0\.venv\Lib\site-packages\pycycle\thermo\static_ps_resid.py:98: RuntimeWarning: invalid value encountered in power
  ps_guess = inputs['guess:Pt'] * (1 + (gamt-1)/2 * M_guess**2)**(-gamt/(gamt-1))
C:\Users\MEO\Desktop\Projects\JetEngine\boomsonic_v0\.venv\Lib\site-packages\pycycle\thermo\static_ps_resid.py:93: RuntimeWarning: invalid value encountered in power
  f1 = ps - inputs['guess:Pt'] * (1 + (gamt-1)/2 * M_guess**2)**(-gamt/(gamt-1))
C:\Users\MEO\Desktop\Projects\JetEngine\boomsonic_v0\.venv\Lib\site-packages\pycycle\thermo\static_ps_resid.py:94: RuntimeWarning: invalid value encountered in sqrt
  f2 = MN - inputs['W']*(R_UNIVERSAL_SI*inputs['Ts'])**0.5/(ps_guess*1.0e6*inputs['area']*gamt**0.5)
C:\Users\MEO\Desktop\Projects\JetEngine\boomsonic_v0\.venv\Lib\site-packages\pycycle\thermo\static_ps_resid.py:99: RuntimeWarning: The iteration is not making good progress, as measured by the 
 improvement from the last ten iterations.
  ps_guess, M_guess = fsolve(equations, (ps_guess, M_guess))
C:\Users\MEO\Desktop\Projects\JetEngine\boomsonic_v0\.venv\Lib\site-packages\pycycle\thermo\static_ps_resid.py:83: RuntimeWarning: invalid value encountered in power
  ps_guess = inputs['guess:Pt'] * (1 + (gamt-1)/2 * inputs['MN']**2)**(-gamt/(gamt-1))
C:\Users\MEO\Desktop\Projects\JetEngine\boomsonic_v0\.venv\Lib\site-packages\pycycle\thermo\static_ps_resid.py:128: RuntimeWarning: invalid value encountered in sqrt
  Vsonic = (i['gamma']*i['R']*i['Ts'])**0.5
C:\Users\MEO\Desktop\Projects\JetEngine\boomsonic_v0\.venv\Lib\site-packages\openmdao\solvers\solver.py:819: SolverWarning:Your model has stalled three times and may be violating the bounds. In the future, turn on print_bound_enforce in your solver options here: 
OD0.duct.out_stat.nonlinear_solver.linesearch.options['print_bound_enforce']=True. 
The bound(s) being violated now are:

C:\Users\MEO\Desktop\Projects\JetEngine\boomsonic_v0\.venv\Lib\site-packages\openmdao\solvers\linesearch\backtracking.py:39: SolverWarning:'OD0.duct.out_stat.balance.T' exceeds lower bounds
  Val: [-235.48065177]
  Lower: [150.]

C:\Users\MEO\Desktop\Projects\JetEngine\boomsonic_v0\.venv\Lib\site-packages\openmdao\solvers\linesearch\backtracking.py:39: SolverWarning:'OD0.duct.out_stat.ps_resid.Ps' exceeds lower bounds
  Val: [-0.001103]
  Lower: [-0.0009009]

C:\Users\MEO\Desktop\Projects\JetEngine\boomsonic_v0\.venv\Lib\site-packages\openmdao\solvers\solver.py:819: SolverWarning:Your model has stalled three times and may be violating the bounds. In the future, turn on print_bound_enforce in your solver options here: 
OD0.comp.ideal_flow.nonlinear_solver.linesearch.options['print_bound_enforce']=True. 
The bound(s) being violated now are:

C:\Users\MEO\Desktop\Projects\JetEngine\boomsonic_v0\.venv\Lib\site-packages\openmdao\solvers\linesearch\backtracking.py:39: SolverWarning:'OD0.comp.ideal_flow.balance.T' exceeds lower bounds
  Val: [-14524024.13954868]
  Lower: [150.]

C:\Users\MEO\Desktop\Projects\JetEngine\boomsonic_v0\.venv\Lib\site-packages\pycycle\elements\compressor.py:75: RuntimeWarning: invalid value encountered in log
  outputs['eff_poly'] = Rt * np.log(PR) / ( Rt*np.log(PR) + S_out - S_in )
C:\Users\MEO\Desktop\Projects\JetEngine\boomsonic_v0\.venv\Lib\site-packages\pycycle\thermo\static_ps_resid.py:128: RuntimeWarning: invalid value encountered in sqrt
  Vsonic = (i['gamma']*i['R']*i['Ts'])**0.5
C:\Users\MEO\Desktop\Projects\JetEngine\boomsonic_v0\.venv\Lib\site-packages\pycycle\thermo\static_ps_resid.py:128: RuntimeWarning: invalid value encountered in sqrt
  Vsonic = (i['gamma']*i['R']*i['Ts'])**0.5
C:\Users\MEO\Desktop\Projects\JetEngine\boomsonic_v0\.venv\Lib\site-packages\pycycle\thermo\static_ps_resid.py:128: RuntimeWarning: invalid value encountered in sqrt
  Vsonic = (i['gamma']*i['R']*i['Ts'])**0.5
C:\Users\MEO\Desktop\Projects\JetEngine\boomsonic_v0\.venv\Lib\site-packages\pycycle\thermo\static_ps_resid.py:128: RuntimeWarning: invalid value encountered in sqrt
  Vsonic = (i['gamma']*i['R']*i['Ts'])**0.5
C:\Users\MEO\Desktop\Projects\JetEngine\boomsonic_v0\.venv\Lib\site-packages\pycycle\thermo\static_ps_resid.py:98: RuntimeWarning: invalid value encountered in power
  ps_guess = inputs['guess:Pt'] * (1 + (gamt-1)/2 * M_guess**2)**(-gamt/(gamt-1))
C:\Users\MEO\Desktop\Projects\JetEngine\boomsonic_v0\.venv\Lib\site-packages\pycycle\thermo\static_ps_resid.py:93: RuntimeWarning: invalid value encountered in power
  f1 = ps - inputs['guess:Pt'] * (1 + (gamt-1)/2 * M_guess**2)**(-gamt/(gamt-1))
C:\Users\MEO\Desktop\Projects\JetEngine\boomsonic_v0\.venv\Lib\site-packages\pycycle\thermo\static_ps_resid.py:94: RuntimeWarning: invalid value encountered in sqrt
  f2 = MN - inputs['W']*(R_UNIVERSAL_SI*inputs['Ts'])**0.5/(ps_guess*1.0e6*inputs['area']*gamt**0.5)
C:\Users\MEO\Desktop\Projects\JetEngine\boomsonic_v0\.venv\Lib\site-packages\pycycle\thermo\static_ps_resid.py:99: RuntimeWarning: The iteration is not making good progress, as measured by the 
 improvement from the last ten iterations.
  ps_guess, M_guess = fsolve(equations, (ps_guess, M_guess))
C:\Users\MEO\Desktop\Projects\JetEngine\boomsonic_v0\.venv\Lib\site-packages\pycycle\thermo\static_ps_resid.py:128: RuntimeWarning: invalid value encountered in sqrt
  Vsonic = (i['gamma']*i['R']*i['Ts'])**0.5
C:\Users\MEO\Desktop\Projects\JetEngine\boomsonic_v0\.venv\Lib\site-packages\pycycle\thermo\static_ps_resid.py:128: RuntimeWarning: invalid value encountered in sqrt
  Vsonic = (i['gamma']*i['R']*i['Ts'])**0.5
C:\Users\MEO\Desktop\Projects\JetEngine\boomsonic_v0\.venv\Lib\site-packages\pycycle\thermo\static_ps_resid.py:128: RuntimeWarning: invalid value encountered in sqrt
  Vsonic = (i['gamma']*i['R']*i['Ts'])**0.5
C:\Users\MEO\Desktop\Projects\JetEngine\boomsonic_v0\.venv\Lib\site-packages\pycycle\thermo\static_ps_resid.py:128: RuntimeWarning: invalid value encountered in sqrt
  Vsonic = (i['gamma']*i['R']*i['Ts'])**0.5
C:\Users\MEO\Desktop\Projects\JetEngine\boomsonic_v0\.venv\Lib\site-packages\pycycle\thermo\static_ps_resid.py:128: RuntimeWarning: invalid value encountered in sqrt
  Vsonic = (i['gamma']*i['R']*i['Ts'])**0.5
C:\Users\MEO\Desktop\Projects\JetEngine\boomsonic_v0\.venv\Lib\site-packages\pycycle\thermo\static_ps_resid.py:128: RuntimeWarning: invalid value encountered in sqrt
  Vsonic = (i['gamma']*i['R']*i['Ts'])**0.5
C:\Users\MEO\Desktop\Projects\JetEngine\boomsonic_v0\.venv\Lib\site-packages\pycycle\thermo\static_ps_resid.py:128: RuntimeWarning: invalid value encountered in sqrt
  Vsonic = (i['gamma']*i['R']*i['Ts'])**0.5
C:\Users\MEO\Desktop\Projects\JetEngine\boomsonic_v0\.venv\Lib\site-packages\pycycle\thermo\static_ps_resid.py:108: RuntimeWarning: invalid value encountered in sqrt
  Vsonic = (i['gamma']*i['R']*i['Ts'])**0.5
C:\Users\MEO\Desktop\Projects\JetEngine\boomsonic_v0\.venv\Lib\site-packages\pycycle\thermo\static_ps_resid.py:83: RuntimeWarning: invalid value encountered in power
  ps_guess = inputs['guess:Pt'] * (1 + (gamt-1)/2 * inputs['MN']**2)**(-gamt/(gamt-1))
C:\Users\MEO\Desktop\Projects\JetEngine\boomsonic_v0\.venv\Lib\site-packages\pycycle\thermo\static_ps_resid.py:108: RuntimeWarning: invalid value encountered in sqrt
  Vsonic = (i['gamma']*i['R']*i['Ts'])**0.5
C:\Users\MEO\Desktop\Projects\JetEngine\boomsonic_v0\.venv\Lib\site-packages\pycycle\thermo\static_ps_resid.py:108: RuntimeWarning: invalid value encountered in sqrt
  Vsonic = (i['gamma']*i['R']*i['Ts'])**0.5
C:\Users\MEO\Desktop\Projects\JetEngine\boomsonic_v0\.venv\Lib\site-packages\pycycle\thermo\static_ps_resid.py:108: RuntimeWarning: invalid value encountered in sqrt
  Vsonic = (i['gamma']*i['R']*i['Ts'])**0.5
C:\Users\MEO\Desktop\Projects\JetEngine\boomsonic_v0\.venv\Lib\site-packages\pycycle\thermo\static_ps_resid.py:108: RuntimeWarning: invalid value encountered in sqrt
  Vsonic = (i['gamma']*i['R']*i['Ts'])**0.5
C:\Users\MEO\Desktop\Projects\JetEngine\boomsonic_v0\.venv\Lib\site-packages\pycycle\thermo\static_ps_resid.py:108: RuntimeWarning: invalid value encountered in sqrt
  Vsonic = (i['gamma']*i['R']*i['Ts'])**0.5
C:\Users\MEO\Desktop\Projects\JetEngine\boomsonic_v0\.venv\Lib\site-packages\pycycle\thermo\static_ps_resid.py:108: RuntimeWarning: invalid value encountered in sqrt
  Vsonic = (i['gamma']*i['R']*i['Ts'])**0.5
C:\Users\MEO\Desktop\Projects\JetEngine\boomsonic_v0\.venv\Lib\site-packages\pycycle\thermo\static_ps_resid.py:108: RuntimeWarning: invalid value encountered in sqrt
  Vsonic = (i['gamma']*i['R']*i['Ts'])**0.5
C:\Users\MEO\Desktop\Projects\JetEngine\boomsonic_v0\.venv\Lib\site-packages\pycycle\thermo\static_ps_resid.py:108: RuntimeWarning: invalid value encountered in sqrt
  Vsonic = (i['gamma']*i['R']*i['Ts'])**0.5
C:\Users\MEO\Desktop\Projects\JetEngine\boomsonic_v0\.venv\Lib\site-packages\pycycle\thermo\static_ps_resid.py:108: RuntimeWarning: invalid value encountered in sqrt
  Vsonic = (i['gamma']*i['R']*i['Ts'])**0.5
C:\Users\MEO\Desktop\Projects\JetEngine\boomsonic_v0\.venv\Lib\site-packages\pycycle\thermo\static_ps_resid.py:108: RuntimeWarning: invalid value encountered in sqrt
  Vsonic = (i['gamma']*i['R']*i['Ts'])**0.5
C:\Users\MEO\Desktop\Projects\JetEngine\boomsonic_v0\.venv\Lib\site-packages\pycycle\thermo\static_ps_resid.py:108: RuntimeWarning: invalid value encountered in sqrt
  Vsonic = (i['gamma']*i['R']*i['Ts'])**0.5
C:\Users\MEO\Desktop\Projects\JetEngine\boomsonic_v0\.venv\Lib\site-packages\pycycle\thermo\static_ps_calc.py:32: RuntimeWarning: invalid value encountered in sqrt
  outputs['Vsonic'] = Vsonic = np.sqrt(inputs['gamma'] * inputs['R'] * inputs['Ts'])
C:\Users\MEO\Desktop\Projects\JetEngine\boomsonic_v0\.venv\Lib\site-packages\pycycle\elements\compressor.py:75: RuntimeWarning: invalid value encountered in log
  outputs['eff_poly'] = Rt * np.log(PR) / ( Rt*np.log(PR) + S_out - S_in )
C:\Users\MEO\Desktop\Projects\JetEngine\boomsonic_v0\.venv\Lib\site-packages\pycycle\thermo\static_ps_resid.py:128: RuntimeWarning: invalid value encountered in sqrt
  Vsonic = (i['gamma']*i['R']*i['Ts'])**0.5
C:\Users\MEO\Desktop\Projects\JetEngine\boomsonic_v0\.venv\Lib\site-packages\pycycle\thermo\static_ps_resid.py:98: RuntimeWarning: invalid value encountered in power
  ps_guess = inputs['guess:Pt'] * (1 + (gamt-1)/2 * M_guess**2)**(-gamt/(gamt-1))
C:\Users\MEO\Desktop\Projects\JetEngine\boomsonic_v0\.venv\Lib\site-packages\pycycle\thermo\static_ps_resid.py:93: RuntimeWarning: invalid value encountered in power
  f1 = ps - inputs['guess:Pt'] * (1 + (gamt-1)/2 * M_guess**2)**(-gamt/(gamt-1))
C:\Users\MEO\Desktop\Projects\JetEngine\boomsonic_v0\.venv\Lib\site-packages\pycycle\thermo\static_ps_resid.py:94: RuntimeWarning: invalid value encountered in sqrt
  f2 = MN - inputs['W']*(R_UNIVERSAL_SI*inputs['Ts'])**0.5/(ps_guess*1.0e6*inputs['area']*gamt**0.5)
C:\Users\MEO\Desktop\Projects\JetEngine\boomsonic_v0\.venv\Lib\site-packages\pycycle\thermo\static_ps_resid.py:99: RuntimeWarning: The iteration is not making good progress, as measured by the 
 improvement from the last ten iterations.
  ps_guess, M_guess = fsolve(equations, (ps_guess, M_guess))
C:\Users\MEO\Desktop\Projects\JetEngine\boomsonic_v0\.venv\Lib\site-packages\pycycle\thermo\static_ps_resid.py:83: RuntimeWarning: invalid value encountered in power
  ps_guess = inputs['guess:Pt'] * (1 + (gamt-1)/2 * inputs['MN']**2)**(-gamt/(gamt-1))
C:\Users\MEO\Desktop\Projects\JetEngine\boomsonic_v0\.venv\Lib\site-packages\openmdao\solvers\solver.py:819: SolverWarning:Your model has stalled three times and may be violating the bounds. In the future, turn on print_bound_enforce in your solver options here: 
OD0.duct.out_stat.nonlinear_solver.linesearch.options['print_bound_enforce']=True. 
The bound(s) being violated now are:

C:\Users\MEO\Desktop\Projects\JetEngine\boomsonic_v0\.venv\Lib\site-packages\openmdao\solvers\linesearch\backtracking.py:39: SolverWarning:'OD0.duct.out_stat.balance.T' exceeds lower bounds
  Val: [-235.48065177]
  Lower: [150.]

C:\Users\MEO\Desktop\Projects\JetEngine\boomsonic_v0\.venv\Lib\site-packages\openmdao\solvers\linesearch\backtracking.py:39: SolverWarning:'OD0.duct.out_stat.ps_resid.Ps' exceeds lower bounds
  Val: [-0.001103]
  Lower: [-0.0009009]

C:\Users\MEO\Desktop\Projects\JetEngine\boomsonic_v0\.venv\Lib\site-packages\openmdao\solvers\solver.py:819: SolverWarning:Your model has stalled three times and may be violating the bounds. In the future, turn on print_bound_enforce in your solver options here: 
OD0.comp.ideal_flow.nonlinear_solver.linesearch.options['print_bound_enforce']=True. 
The bound(s) being violated now are:

C:\Users\MEO\Desktop\Projects\JetEngine\boomsonic_v0\.venv\Lib\site-packages\openmdao\solvers\linesearch\backtracking.py:39: SolverWarning:'OD0.comp.ideal_flow.balance.T' exceeds lower bounds
  Val: [-14524024.13954868]
  Lower: [150.]

C:\Users\MEO\Desktop\Projects\JetEngine\boomsonic_v0\.venv\Lib\site-packages\pycycle\elements\compressor.py:75: RuntimeWarning: invalid value encountered in log
  outputs['eff_poly'] = Rt * np.log(PR) / ( Rt*np.log(PR) + S_out - S_in )
C:\Users\MEO\Desktop\Projects\JetEngine\boomsonic_v0\.venv\Lib\site-packages\pycycle\thermo\static_ps_resid.py:128: RuntimeWarning: invalid value encountered in sqrt
  Vsonic = (i['gamma']*i['R']*i['Ts'])**0.5
C:\Users\MEO\Desktop\Projects\JetEngine\boomsonic_v0\.venv\Lib\site-packages\pycycle\thermo\static_ps_resid.py:98: RuntimeWarning: invalid value encountered in power
  ps_guess = inputs['guess:Pt'] * (1 + (gamt-1)/2 * M_guess**2)**(-gamt/(gamt-1))
C:\Users\MEO\Desktop\Projects\JetEngine\boomsonic_v0\.venv\Lib\site-packages\pycycle\thermo\static_ps_resid.py:93: RuntimeWarning: invalid value encountered in power
  f1 = ps - inputs['guess:Pt'] * (1 + (gamt-1)/2 * M_guess**2)**(-gamt/(gamt-1))
C:\Users\MEO\Desktop\Projects\JetEngine\boomsonic_v0\.venv\Lib\site-packages\pycycle\thermo\static_ps_resid.py:94: RuntimeWarning: invalid value encountered in sqrt
  f2 = MN - inputs['W']*(R_UNIVERSAL_SI*inputs['Ts'])**0.5/(ps_guess*1.0e6*inputs['area']*gamt**0.5)
C:\Users\MEO\Desktop\Projects\JetEngine\boomsonic_v0\.venv\Lib\site-packages\pycycle\thermo\static_ps_resid.py:99: RuntimeWarning: The iteration is not making good progress, as measured by the 
 improvement from the last ten iterations.
  ps_guess, M_guess = fsolve(equations, (ps_guess, M_guess))
C:\Users\MEO\Desktop\Projects\JetEngine\boomsonic_v0\.venv\Lib\site-packages\pycycle\thermo\static_ps_resid.py:128: RuntimeWarning: invalid value encountered in sqrt
  Vsonic = (i['gamma']*i['R']*i['Ts'])**0.5
C:\Users\MEO\Desktop\Projects\JetEngine\boomsonic_v0\.venv\Lib\site-packages\pycycle\thermo\static_ps_resid.py:128: RuntimeWarning: invalid value encountered in sqrt
  Vsonic = (i['gamma']*i['R']*i['Ts'])**0.5
C:\Users\MEO\Desktop\Projects\JetEngine\boomsonic_v0\.venv\Lib\site-packages\pycycle\thermo\static_ps_resid.py:128: RuntimeWarning: invalid value encountered in sqrt
  Vsonic = (i['gamma']*i['R']*i['Ts'])**0.5
C:\Users\MEO\Desktop\Projects\JetEngine\boomsonic_v0\.venv\Lib\site-packages\pycycle\thermo\static_ps_resid.py:128: RuntimeWarning: invalid value encountered in sqrt
  Vsonic = (i['gamma']*i['R']*i['Ts'])**0.5
C:\Users\MEO\Desktop\Projects\JetEngine\boomsonic_v0\.venv\Lib\site-packages\pycycle\thermo\static_ps_resid.py:128: RuntimeWarning: invalid value encountered in sqrt
  Vsonic = (i['gamma']*i['R']*i['Ts'])**0.5
C:\Users\MEO\Desktop\Projects\JetEngine\boomsonic_v0\.venv\Lib\site-packages\pycycle\thermo\static_ps_resid.py:128: RuntimeWarning: invalid value encountered in sqrt
  Vsonic = (i['gamma']*i['R']*i['Ts'])**0.5
C:\Users\MEO\Desktop\Projects\JetEngine\boomsonic_v0\.venv\Lib\site-packages\pycycle\thermo\static_ps_resid.py:128: RuntimeWarning: invalid value encountered in sqrt
  Vsonic = (i['gamma']*i['R']*i['Ts'])**0.5
C:\Users\MEO\Desktop\Projects\JetEngine\boomsonic_v0\.venv\Lib\site-packages\pycycle\thermo\static_ps_resid.py:128: RuntimeWarning: invalid value encountered in sqrt
  Vsonic = (i['gamma']*i['R']*i['Ts'])**0.5
C:\Users\MEO\Desktop\Projects\JetEngine\boomsonic_v0\.venv\Lib\site-packages\pycycle\thermo\static_ps_resid.py:128: RuntimeWarning: invalid value encountered in sqrt
  Vsonic = (i['gamma']*i['R']*i['Ts'])**0.5
C:\Users\MEO\Desktop\Projects\JetEngine\boomsonic_v0\.venv\Lib\site-packages\pycycle\thermo\static_ps_resid.py:128: RuntimeWarning: invalid value encountered in sqrt
  Vsonic = (i['gamma']*i['R']*i['Ts'])**0.5
C:\Users\MEO\Desktop\Projects\JetEngine\boomsonic_v0\.venv\Lib\site-packages\pycycle\thermo\static_ps_resid.py:108: RuntimeWarning: invalid value encountered in sqrt
  Vsonic = (i['gamma']*i['R']*i['Ts'])**0.5
C:\Users\MEO\Desktop\Projects\JetEngine\boomsonic_v0\.venv\Lib\site-packages\pycycle\thermo\static_ps_resid.py:83: RuntimeWarning: invalid value encountered in power
  ps_guess = inputs['guess:Pt'] * (1 + (gamt-1)/2 * inputs['MN']**2)**(-gamt/(gamt-1))
C:\Users\MEO\Desktop\Projects\JetEngine\boomsonic_v0\.venv\Lib\site-packages\pycycle\thermo\static_ps_resid.py:108: RuntimeWarning: invalid value encountered in sqrt
  Vsonic = (i['gamma']*i['R']*i['Ts'])**0.5
C:\Users\MEO\Desktop\Projects\JetEngine\boomsonic_v0\.venv\Lib\site-packages\pycycle\thermo\static_ps_resid.py:108: RuntimeWarning: invalid value encountered in sqrt
  Vsonic = (i['gamma']*i['R']*i['Ts'])**0.5
C:\Users\MEO\Desktop\Projects\JetEngine\boomsonic_v0\.venv\Lib\site-packages\pycycle\thermo\static_ps_resid.py:108: RuntimeWarning: invalid value encountered in sqrt
  Vsonic = (i['gamma']*i['R']*i['Ts'])**0.5
C:\Users\MEO\Desktop\Projects\JetEngine\boomsonic_v0\.venv\Lib\site-packages\pycycle\thermo\static_ps_resid.py:108: RuntimeWarning: invalid value encountered in sqrt
  Vsonic = (i['gamma']*i['R']*i['Ts'])**0.5
C:\Users\MEO\Desktop\Projects\JetEngine\boomsonic_v0\.venv\Lib\site-packages\pycycle\thermo\static_ps_resid.py:108: RuntimeWarning: invalid value encountered in sqrt
  Vsonic = (i['gamma']*i['R']*i['Ts'])**0.5
C:\Users\MEO\Desktop\Projects\JetEngine\boomsonic_v0\.venv\Lib\site-packages\pycycle\thermo\static_ps_resid.py:108: RuntimeWarning: invalid value encountered in sqrt
  Vsonic = (i['gamma']*i['R']*i['Ts'])**0.5
C:\Users\MEO\Desktop\Projects\JetEngine\boomsonic_v0\.venv\Lib\site-packages\pycycle\thermo\static_ps_resid.py:108: RuntimeWarning: invalid value encountered in sqrt
  Vsonic = (i['gamma']*i['R']*i['Ts'])**0.5
C:\Users\MEO\Desktop\Projects\JetEngine\boomsonic_v0\.venv\Lib\site-packages\pycycle\thermo\static_ps_resid.py:108: RuntimeWarning: invalid value encountered in sqrt
  Vsonic = (i['gamma']*i['R']*i['Ts'])**0.5
C:\Users\MEO\Desktop\Projects\JetEngine\boomsonic_v0\.venv\Lib\site-packages\pycycle\thermo\static_ps_resid.py:108: RuntimeWarning: invalid value encountered in sqrt
  Vsonic = (i['gamma']*i['R']*i['Ts'])**0.5
C:\Users\MEO\Desktop\Projects\JetEngine\boomsonic_v0\.venv\Lib\site-packages\pycycle\thermo\static_ps_resid.py:108: RuntimeWarning: invalid value encountered in sqrt
  Vsonic = (i['gamma']*i['R']*i['Ts'])**0.5
C:\Users\MEO\Desktop\Projects\JetEngine\boomsonic_v0\.venv\Lib\site-packages\pycycle\thermo\static_ps_resid.py:108: RuntimeWarning: invalid value encountered in sqrt
  Vsonic = (i['gamma']*i['R']*i['Ts'])**0.5
C:\Users\MEO\Desktop\Projects\JetEngine\boomsonic_v0\.venv\Lib\site-packages\pycycle\thermo\static_ps_calc.py:32: RuntimeWarning: invalid value encountered in sqrt
  outputs['Vsonic'] = Vsonic = np.sqrt(inputs['gamma'] * inputs['R'] * inputs['Ts'])
C:\Users\MEO\Desktop\Projects\JetEngine\boomsonic_v0\.venv\Lib\site-packages\pycycle\elements\compressor.py:75: RuntimeWarning: invalid value encountered in log
  outputs['eff_poly'] = Rt * np.log(PR) / ( Rt*np.log(PR) + S_out - S_in )
C:\Users\MEO\Desktop\Projects\JetEngine\boomsonic_v0\.venv\Lib\site-packages\pycycle\thermo\static_ps_resid.py:128: RuntimeWarning: invalid value encountered in sqrt
  Vsonic = (i['gamma']*i['R']*i['Ts'])**0.5
C:\Users\MEO\Desktop\Projects\JetEngine\boomsonic_v0\.venv\Lib\site-packages\pycycle\thermo\static_ps_resid.py:98: RuntimeWarning: invalid value encountered in power
  ps_guess = inputs['guess:Pt'] * (1 + (gamt-1)/2 * M_guess**2)**(-gamt/(gamt-1))
C:\Users\MEO\Desktop\Projects\JetEngine\boomsonic_v0\.venv\Lib\site-packages\pycycle\thermo\static_ps_resid.py:93: RuntimeWarning: invalid value encountered in power
  f1 = ps - inputs['guess:Pt'] * (1 + (gamt-1)/2 * M_guess**2)**(-gamt/(gamt-1))
C:\Users\MEO\Desktop\Projects\JetEngine\boomsonic_v0\.venv\Lib\site-packages\pycycle\thermo\static_ps_resid.py:94: RuntimeWarning: invalid value encountered in sqrt
  f2 = MN - inputs['W']*(R_UNIVERSAL_SI*inputs['Ts'])**0.5/(ps_guess*1.0e6*inputs['area']*gamt**0.5)
C:\Users\MEO\Desktop\Projects\JetEngine\boomsonic_v0\.venv\Lib\site-packages\pycycle\thermo\static_ps_resid.py:99: RuntimeWarning: The iteration is not making good progress, as measured by the 
 improvement from the last ten iterations.
  ps_guess, M_guess = fsolve(equations, (ps_guess, M_guess))
C:\Users\MEO\Desktop\Projects\JetEngine\boomsonic_v0\.venv\Lib\site-packages\pycycle\thermo\static_ps_resid.py:83: RuntimeWarning: invalid value encountered in power
  ps_guess = inputs['guess:Pt'] * (1 + (gamt-1)/2 * inputs['MN']**2)**(-gamt/(gamt-1))
C:\Users\MEO\Desktop\Projects\JetEngine\boomsonic_v0\.venv\Lib\site-packages\openmdao\solvers\solver.py:819: SolverWarning:Your model has stalled three times and may be violating the bounds. In the future, turn on print_bound_enforce in your solver options here: 
OD0.inlet.out_stat.nonlinear_solver.linesearch.options['print_bound_enforce']=True. 
The bound(s) being violated now are:

C:\Users\MEO\Desktop\Projects\JetEngine\boomsonic_v0\.venv\Lib\site-packages\openmdao\solvers\linesearch\backtracking.py:39: SolverWarning:'OD0.inlet.out_stat.balance.T' exceeds lower bounds
  Val: [-237.42075097]
  Lower: [150.]

C:\Users\MEO\Desktop\Projects\JetEngine\boomsonic_v0\.venv\Lib\site-packages\openmdao\solvers\linesearch\backtracking.py:39: SolverWarning:'OD0.inlet.out_stat.ps_resid.Ps' exceeds lower bounds
  Val: [-0.00110427]
  Lower: [-0.0009009]

C:\Users\MEO\Desktop\Projects\JetEngine\boomsonic_v0\.venv\Lib\site-packages\openmdao\solvers\solver.py:819: SolverWarning:Your model has stalled three times and may be violating the bounds. In the future, turn on print_bound_enforce in your solver options here: 
OD0.duct.out_stat.nonlinear_solver.linesearch.options['print_bound_enforce']=True. 
The bound(s) being violated now are:

C:\Users\MEO\Desktop\Projects\JetEngine\boomsonic_v0\.venv\Lib\site-packages\openmdao\solvers\linesearch\backtracking.py:39: SolverWarning:'OD0.duct.out_stat.balance.T' exceeds lower bounds
  Val: [-235.48065177]
  Lower: [150.]

C:\Users\MEO\Desktop\Projects\JetEngine\boomsonic_v0\.venv\Lib\site-packages\openmdao\solvers\linesearch\backtracking.py:39: SolverWarning:'OD0.duct.out_stat.ps_resid.Ps' exceeds lower bounds
  Val: [-0.001103]
  Lower: [-0.0009009]

C:\Users\MEO\Desktop\Projects\JetEngine\boomsonic_v0\.venv\Lib\site-packages\openmdao\solvers\solver.py:819: SolverWarning:Your model has stalled three times and may be violating the bounds. In the future, turn on print_bound_enforce in your solver options here: 
OD0.comp.ideal_flow.nonlinear_solver.linesearch.options['print_bound_enforce']=True. 
The bound(s) being violated now are:

C:\Users\MEO\Desktop\Projects\JetEngine\boomsonic_v0\.venv\Lib\site-packages\openmdao\solvers\linesearch\backtracking.py:39: SolverWarning:'OD0.comp.ideal_flow.balance.T' exceeds lower bounds
  Val: [-14524024.13954868]
  Lower: [150.]

C:\Users\MEO\Desktop\Projects\JetEngine\boomsonic_v0\.venv\Lib\site-packages\pycycle\elements\compressor.py:75: RuntimeWarning: invalid value encountered in log
  outputs['eff_poly'] = Rt * np.log(PR) / ( Rt*np.log(PR) + S_out - S_in )
C:\Users\MEO\Desktop\Projects\JetEngine\boomsonic_v0\.venv\Lib\site-packages\pycycle\thermo\static_ps_resid.py:128: RuntimeWarning: invalid value encountered in sqrt
  Vsonic = (i['gamma']*i['R']*i['Ts'])**0.5
C:\Users\MEO\Desktop\Projects\JetEngine\boomsonic_v0\.venv\Lib\site-packages\pycycle\thermo\static_ps_resid.py:98: RuntimeWarning: invalid value encountered in power
  ps_guess = inputs['guess:Pt'] * (1 + (gamt-1)/2 * M_guess**2)**(-gamt/(gamt-1))
C:\Users\MEO\Desktop\Projects\JetEngine\boomsonic_v0\.venv\Lib\site-packages\pycycle\thermo\static_ps_resid.py:93: RuntimeWarning: invalid value encountered in power
  f1 = ps - inputs['guess:Pt'] * (1 + (gamt-1)/2 * M_guess**2)**(-gamt/(gamt-1))
C:\Users\MEO\Desktop\Projects\JetEngine\boomsonic_v0\.venv\Lib\site-packages\pycycle\thermo\static_ps_resid.py:94: RuntimeWarning: invalid value encountered in sqrt
  f2 = MN - inputs['W']*(R_UNIVERSAL_SI*inputs['Ts'])**0.5/(ps_guess*1.0e6*inputs['area']*gamt**0.5)
C:\Users\MEO\Desktop\Projects\JetEngine\boomsonic_v0\.venv\Lib\site-packages\pycycle\thermo\static_ps_resid.py:99: RuntimeWarning: The iteration is not making good progress, as measured by the 
 improvement from the last ten iterations.
  ps_guess, M_guess = fsolve(equations, (ps_guess, M_guess))
C:\Users\MEO\Desktop\Projects\JetEngine\boomsonic_v0\.venv\Lib\site-packages\pycycle\thermo\static_ps_resid.py:128: RuntimeWarning: invalid value encountered in sqrt
  Vsonic = (i['gamma']*i['R']*i['Ts'])**0.5
C:\Users\MEO\Desktop\Projects\JetEngine\boomsonic_v0\.venv\Lib\site-packages\pycycle\thermo\static_ps_resid.py:128: RuntimeWarning: invalid value encountered in sqrt
  Vsonic = (i['gamma']*i['R']*i['Ts'])**0.5
C:\Users\MEO\Desktop\Projects\JetEngine\boomsonic_v0\.venv\Lib\site-packages\pycycle\thermo\static_ps_resid.py:128: RuntimeWarning: invalid value encountered in sqrt
  Vsonic = (i['gamma']*i['R']*i['Ts'])**0.5
C:\Users\MEO\Desktop\Projects\JetEngine\boomsonic_v0\.venv\Lib\site-packages\pycycle\thermo\static_ps_resid.py:128: RuntimeWarning: invalid value encountered in sqrt
  Vsonic = (i['gamma']*i['R']*i['Ts'])**0.5
C:\Users\MEO\Desktop\Projects\JetEngine\boomsonic_v0\.venv\Lib\site-packages\pycycle\thermo\static_ps_resid.py:128: RuntimeWarning: invalid value encountered in sqrt
  Vsonic = (i['gamma']*i['R']*i['Ts'])**0.5
C:\Users\MEO\Desktop\Projects\JetEngine\boomsonic_v0\.venv\Lib\site-packages\pycycle\thermo\static_ps_resid.py:128: RuntimeWarning: invalid value encountered in sqrt
  Vsonic = (i['gamma']*i['R']*i['Ts'])**0.5
C:\Users\MEO\Desktop\Projects\JetEngine\boomsonic_v0\.venv\Lib\site-packages\pycycle\thermo\static_ps_resid.py:128: RuntimeWarning: invalid value encountered in sqrt
  Vsonic = (i['gamma']*i['R']*i['Ts'])**0.5
C:\Users\MEO\Desktop\Projects\JetEngine\boomsonic_v0\.venv\Lib\site-packages\pycycle\thermo\static_ps_resid.py:128: RuntimeWarning: invalid value encountered in sqrt
  Vsonic = (i['gamma']*i['R']*i['Ts'])**0.5
C:\Users\MEO\Desktop\Projects\JetEngine\boomsonic_v0\.venv\Lib\site-packages\pycycle\thermo\static_ps_resid.py:108: RuntimeWarning: invalid value encountered in sqrt
  Vsonic = (i['gamma']*i['R']*i['Ts'])**0.5
C:\Users\MEO\Desktop\Projects\JetEngine\boomsonic_v0\.venv\Lib\site-packages\pycycle\thermo\static_ps_resid.py:83: RuntimeWarning: invalid value encountered in power
  ps_guess = inputs['guess:Pt'] * (1 + (gamt-1)/2 * inputs['MN']**2)**(-gamt/(gamt-1))
C:\Users\MEO\Desktop\Projects\JetEngine\boomsonic_v0\.venv\Lib\site-packages\pycycle\thermo\static_ps_resid.py:108: RuntimeWarning: invalid value encountered in sqrt
  Vsonic = (i['gamma']*i['R']*i['Ts'])**0.5
C:\Users\MEO\Desktop\Projects\JetEngine\boomsonic_v0\.venv\Lib\site-packages\pycycle\thermo\static_ps_resid.py:108: RuntimeWarning: invalid value encountered in sqrt
  Vsonic = (i['gamma']*i['R']*i['Ts'])**0.5
C:\Users\MEO\Desktop\Projects\JetEngine\boomsonic_v0\.venv\Lib\site-packages\pycycle\thermo\static_ps_resid.py:108: RuntimeWarning: invalid value encountered in sqrt
  Vsonic = (i['gamma']*i['R']*i['Ts'])**0.5
C:\Users\MEO\Desktop\Projects\JetEngine\boomsonic_v0\.venv\Lib\site-packages\pycycle\thermo\static_ps_resid.py:108: RuntimeWarning: invalid value encountered in sqrt
  Vsonic = (i['gamma']*i['R']*i['Ts'])**0.5
C:\Users\MEO\Desktop\Projects\JetEngine\boomsonic_v0\.venv\Lib\site-packages\pycycle\thermo\static_ps_resid.py:108: RuntimeWarning: invalid value encountered in sqrt
  Vsonic = (i['gamma']*i['R']*i['Ts'])**0.5
C:\Users\MEO\Desktop\Projects\JetEngine\boomsonic_v0\.venv\Lib\site-packages\pycycle\thermo\static_ps_resid.py:108: RuntimeWarning: invalid value encountered in sqrt
  Vsonic = (i['gamma']*i['R']*i['Ts'])**0.5
C:\Users\MEO\Desktop\Projects\JetEngine\boomsonic_v0\.venv\Lib\site-packages\pycycle\thermo\static_ps_resid.py:108: RuntimeWarning: invalid value encountered in sqrt
  Vsonic = (i['gamma']*i['R']*i['Ts'])**0.5
C:\Users\MEO\Desktop\Projects\JetEngine\boomsonic_v0\.venv\Lib\site-packages\pycycle\thermo\static_ps_resid.py:108: RuntimeWarning: invalid value encountered in sqrt
  Vsonic = (i['gamma']*i['R']*i['Ts'])**0.5
C:\Users\MEO\Desktop\Projects\JetEngine\boomsonic_v0\.venv\Lib\site-packages\pycycle\thermo\static_ps_resid.py:108: RuntimeWarning: invalid value encountered in sqrt
  Vsonic = (i['gamma']*i['R']*i['Ts'])**0.5
C:\Users\MEO\Desktop\Projects\JetEngine\boomsonic_v0\.venv\Lib\site-packages\pycycle\thermo\static_ps_resid.py:108: RuntimeWarning: invalid value encountered in sqrt
  Vsonic = (i['gamma']*i['R']*i['Ts'])**0.5
C:\Users\MEO\Desktop\Projects\JetEngine\boomsonic_v0\.venv\Lib\site-packages\pycycle\thermo\static_ps_resid.py:108: RuntimeWarning: invalid value encountered in sqrt
  Vsonic = (i['gamma']*i['R']*i['Ts'])**0.5
C:\Users\MEO\Desktop\Projects\JetEngine\boomsonic_v0\.venv\Lib\site-packages\pycycle\thermo\static_ps_calc.py:32: RuntimeWarning: invalid value encountered in sqrt
  outputs['Vsonic'] = Vsonic = np.sqrt(inputs['gamma'] * inputs['R'] * inputs['Ts'])
C:\Users\MEO\Desktop\Projects\JetEngine\boomsonic_v0\.venv\Lib\site-packages\pycycle\elements\compressor.py:75: RuntimeWarning: invalid value encountered in log
  outputs['eff_poly'] = Rt * np.log(PR) / ( Rt*np.log(PR) + S_out - S_in )
C:\Users\MEO\Desktop\Projects\JetEngine\boomsonic_v0\.venv\Lib\site-packages\pycycle\thermo\static_ps_resid.py:128: RuntimeWarning: invalid value encountered in sqrt
  Vsonic = (i['gamma']*i['R']*i['Ts'])**0.5
C:\Users\MEO\Desktop\Projects\JetEngine\boomsonic_v0\.venv\Lib\site-packages\pycycle\thermo\static_ps_resid.py:98: RuntimeWarning: invalid value encountered in power
  ps_guess = inputs['guess:Pt'] * (1 + (gamt-1)/2 * M_guess**2)**(-gamt/(gamt-1))
C:\Users\MEO\Desktop\Projects\JetEngine\boomsonic_v0\.venv\Lib\site-packages\pycycle\thermo\static_ps_resid.py:93: RuntimeWarning: invalid value encountered in power
  f1 = ps - inputs['guess:Pt'] * (1 + (gamt-1)/2 * M_guess**2)**(-gamt/(gamt-1))
C:\Users\MEO\Desktop\Projects\JetEngine\boomsonic_v0\.venv\Lib\site-packages\pycycle\thermo\static_ps_resid.py:94: RuntimeWarning: invalid value encountered in sqrt
  f2 = MN - inputs['W']*(R_UNIVERSAL_SI*inputs['Ts'])**0.5/(ps_guess*1.0e6*inputs['area']*gamt**0.5)
C:\Users\MEO\Desktop\Projects\JetEngine\boomsonic_v0\.venv\Lib\site-packages\pycycle\thermo\static_ps_resid.py:99: RuntimeWarning: The iteration is not making good progress, as measured by the 
 improvement from the last ten iterations.
  ps_guess, M_guess = fsolve(equations, (ps_guess, M_guess))
C:\Users\MEO\Desktop\Projects\JetEngine\boomsonic_v0\.venv\Lib\site-packages\pycycle\thermo\static_ps_resid.py:83: RuntimeWarning: invalid value encountered in power
  ps_guess = inputs['guess:Pt'] * (1 + (gamt-1)/2 * inputs['MN']**2)**(-gamt/(gamt-1))
C:\Users\MEO\Desktop\Projects\JetEngine\boomsonic_v0\.venv\Lib\site-packages\openmdao\solvers\solver.py:819: SolverWarning:Your model has stalled three times and may be violating the bounds. In the future, turn on print_bound_enforce in your solver options here: 
OD0.inlet.out_stat.nonlinear_solver.linesearch.options['print_bound_enforce']=True. 
The bound(s) being violated now are:

C:\Users\MEO\Desktop\Projects\JetEngine\boomsonic_v0\.venv\Lib\site-packages\openmdao\solvers\linesearch\backtracking.py:39: SolverWarning:'OD0.inlet.out_stat.balance.T' exceeds lower bounds
  Val: [-237.42075097]
  Lower: [150.]

C:\Users\MEO\Desktop\Projects\JetEngine\boomsonic_v0\.venv\Lib\site-packages\openmdao\solvers\linesearch\backtracking.py:39: SolverWarning:'OD0.inlet.out_stat.ps_resid.Ps' exceeds lower bounds
  Val: [-0.00110427]
  Lower: [-0.0009009]

C:\Users\MEO\Desktop\Projects\JetEngine\boomsonic_v0\.venv\Lib\site-packages\openmdao\solvers\solver.py:819: SolverWarning:Your model has stalled three times and may be violating the bounds. In the future, turn on print_bound_enforce in your solver options here: 
OD0.duct.out_stat.nonlinear_solver.linesearch.options['print_bound_enforce']=True. 
The bound(s) being violated now are:

C:\Users\MEO\Desktop\Projects\JetEngine\boomsonic_v0\.venv\Lib\site-packages\openmdao\solvers\linesearch\backtracking.py:39: SolverWarning:'OD0.duct.out_stat.balance.T' exceeds lower bounds
  Val: [-235.48065177]
  Lower: [150.]

C:\Users\MEO\Desktop\Projects\JetEngine\boomsonic_v0\.venv\Lib\site-packages\openmdao\solvers\linesearch\backtracking.py:39: SolverWarning:'OD0.duct.out_stat.ps_resid.Ps' exceeds lower bounds
  Val: [-0.001103]
  Lower: [-0.0009009]

C:\Users\MEO\Desktop\Projects\JetEngine\boomsonic_v0\.venv\Lib\site-packages\openmdao\solvers\solver.py:819: SolverWarning:Your model has stalled three times and may be violating the bounds. In the future, turn on print_bound_enforce in your solver options here: 
OD0.comp.ideal_flow.nonlinear_solver.linesearch.options['print_bound_enforce']=True. 
The bound(s) being violated now are:

C:\Users\MEO\Desktop\Projects\JetEngine\boomsonic_v0\.venv\Lib\site-packages\openmdao\solvers\linesearch\backtracking.py:39: SolverWarning:'OD0.comp.ideal_flow.balance.T' exceeds lower bounds
  Val: [-14524024.13954868]
  Lower: [150.]

C:\Users\MEO\Desktop\Projects\JetEngine\boomsonic_v0\.venv\Lib\site-packages\pycycle\elements\compressor.py:75: RuntimeWarning: invalid value encountered in log
  outputs['eff_poly'] = Rt * np.log(PR) / ( Rt*np.log(PR) + S_out - S_in )
C:\Users\MEO\Desktop\Projects\JetEngine\boomsonic_v0\.venv\Lib\site-packages\pycycle\thermo\static_ps_resid.py:128: RuntimeWarning: invalid value encountered in sqrt
  Vsonic = (i['gamma']*i['R']*i['Ts'])**0.5
C:\Users\MEO\Desktop\Projects\JetEngine\boomsonic_v0\.venv\Lib\site-packages\pycycle\thermo\static_ps_resid.py:98: RuntimeWarning: invalid value encountered in power
  ps_guess = inputs['guess:Pt'] * (1 + (gamt-1)/2 * M_guess**2)**(-gamt/(gamt-1))
C:\Users\MEO\Desktop\Projects\JetEngine\boomsonic_v0\.venv\Lib\site-packages\pycycle\thermo\static_ps_resid.py:93: RuntimeWarning: invalid value encountered in power
  f1 = ps - inputs['guess:Pt'] * (1 + (gamt-1)/2 * M_guess**2)**(-gamt/(gamt-1))
C:\Users\MEO\Desktop\Projects\JetEngine\boomsonic_v0\.venv\Lib\site-packages\pycycle\thermo\static_ps_resid.py:94: RuntimeWarning: invalid value encountered in sqrt
  f2 = MN - inputs['W']*(R_UNIVERSAL_SI*inputs['Ts'])**0.5/(ps_guess*1.0e6*inputs['area']*gamt**0.5)
C:\Users\MEO\Desktop\Projects\JetEngine\boomsonic_v0\.venv\Lib\site-packages\pycycle\thermo\static_ps_resid.py:99: RuntimeWarning: The iteration is not making good progress, as measured by the 
 improvement from the last ten iterations.
  ps_guess, M_guess = fsolve(equations, (ps_guess, M_guess))
C:\Users\MEO\Desktop\Projects\JetEngine\boomsonic_v0\.venv\Lib\site-packages\pycycle\thermo\static_ps_resid.py:128: RuntimeWarning: invalid value encountered in sqrt
  Vsonic = (i['gamma']*i['R']*i['Ts'])**0.5
C:\Users\MEO\Desktop\Projects\JetEngine\boomsonic_v0\.venv\Lib\site-packages\pycycle\thermo\static_ps_resid.py:128: RuntimeWarning: invalid value encountered in sqrt
  Vsonic = (i['gamma']*i['R']*i['Ts'])**0.5
C:\Users\MEO\Desktop\Projects\JetEngine\boomsonic_v0\.venv\Lib\site-packages\pycycle\thermo\static_ps_resid.py:128: RuntimeWarning: invalid value encountered in sqrt
  Vsonic = (i['gamma']*i['R']*i['Ts'])**0.5
C:\Users\MEO\Desktop\Projects\JetEngine\boomsonic_v0\.venv\Lib\site-packages\pycycle\thermo\static_ps_resid.py:128: RuntimeWarning: invalid value encountered in sqrt
  Vsonic = (i['gamma']*i['R']*i['Ts'])**0.5
C:\Users\MEO\Desktop\Projects\JetEngine\boomsonic_v0\.venv\Lib\site-packages\pycycle\thermo\static_ps_resid.py:128: RuntimeWarning: invalid value encountered in sqrt
  Vsonic = (i['gamma']*i['R']*i['Ts'])**0.5
C:\Users\MEO\Desktop\Projects\JetEngine\boomsonic_v0\.venv\Lib\site-packages\pycycle\thermo\static_ps_resid.py:128: RuntimeWarning: invalid value encountered in sqrt
  Vsonic = (i['gamma']*i['R']*i['Ts'])**0.5
C:\Users\MEO\Desktop\Projects\JetEngine\boomsonic_v0\.venv\Lib\site-packages\pycycle\thermo\static_ps_resid.py:128: RuntimeWarning: invalid value encountered in sqrt
  Vsonic = (i['gamma']*i['R']*i['Ts'])**0.5
C:\Users\MEO\Desktop\Projects\JetEngine\boomsonic_v0\.venv\Lib\site-packages\pycycle\thermo\static_ps_resid.py:128: RuntimeWarning: invalid value encountered in sqrt
  Vsonic = (i['gamma']*i['R']*i['Ts'])**0.5
C:\Users\MEO\Desktop\Projects\JetEngine\boomsonic_v0\.venv\Lib\site-packages\pycycle\thermo\static_ps_resid.py:128: RuntimeWarning: invalid value encountered in sqrt
  Vsonic = (i['gamma']*i['R']*i['Ts'])**0.5
C:\Users\MEO\Desktop\Projects\JetEngine\boomsonic_v0\.venv\Lib\site-packages\pycycle\thermo\static_ps_resid.py:108: RuntimeWarning: invalid value encountered in sqrt
  Vsonic = (i['gamma']*i['R']*i['Ts'])**0.5
C:\Users\MEO\Desktop\Projects\JetEngine\boomsonic_v0\.venv\Lib\site-packages\pycycle\thermo\static_ps_resid.py:83: RuntimeWarning: invalid value encountered in power
  ps_guess = inputs['guess:Pt'] * (1 + (gamt-1)/2 * inputs['MN']**2)**(-gamt/(gamt-1))
C:\Users\MEO\Desktop\Projects\JetEngine\boomsonic_v0\.venv\Lib\site-packages\pycycle\thermo\static_ps_resid.py:108: RuntimeWarning: invalid value encountered in sqrt
  Vsonic = (i['gamma']*i['R']*i['Ts'])**0.5
C:\Users\MEO\Desktop\Projects\JetEngine\boomsonic_v0\.venv\Lib\site-packages\pycycle\thermo\static_ps_resid.py:108: RuntimeWarning: invalid value encountered in sqrt
  Vsonic = (i['gamma']*i['R']*i['Ts'])**0.5
C:\Users\MEO\Desktop\Projects\JetEngine\boomsonic_v0\.venv\Lib\site-packages\pycycle\thermo\static_ps_resid.py:108: RuntimeWarning: invalid value encountered in sqrt
  Vsonic = (i['gamma']*i['R']*i['Ts'])**0.5
C:\Users\MEO\Desktop\Projects\JetEngine\boomsonic_v0\.venv\Lib\site-packages\pycycle\thermo\static_ps_resid.py:108: RuntimeWarning: invalid value encountered in sqrt
  Vsonic = (i['gamma']*i['R']*i['Ts'])**0.5
C:\Users\MEO\Desktop\Projects\JetEngine\boomsonic_v0\.venv\Lib\site-packages\pycycle\thermo\static_ps_resid.py:108: RuntimeWarning: invalid value encountered in sqrt
  Vsonic = (i['gamma']*i['R']*i['Ts'])**0.5
C:\Users\MEO\Desktop\Projects\JetEngine\boomsonic_v0\.venv\Lib\site-packages\pycycle\thermo\static_ps_resid.py:108: RuntimeWarning: invalid value encountered in sqrt
  Vsonic = (i['gamma']*i['R']*i['Ts'])**0.5
C:\Users\MEO\Desktop\Projects\JetEngine\boomsonic_v0\.venv\Lib\site-packages\pycycle\thermo\static_ps_resid.py:108: RuntimeWarning: invalid value encountered in sqrt
  Vsonic = (i['gamma']*i['R']*i['Ts'])**0.5
C:\Users\MEO\Desktop\Projects\JetEngine\boomsonic_v0\.venv\Lib\site-packages\pycycle\thermo\static_ps_resid.py:108: RuntimeWarning: invalid value encountered in sqrt
  Vsonic = (i['gamma']*i['R']*i['Ts'])**0.5
C:\Users\MEO\Desktop\Projects\JetEngine\boomsonic_v0\.venv\Lib\site-packages\pycycle\thermo\static_ps_resid.py:108: RuntimeWarning: invalid value encountered in sqrt
  Vsonic = (i['gamma']*i['R']*i['Ts'])**0.5
C:\Users\MEO\Desktop\Projects\JetEngine\boomsonic_v0\.venv\Lib\site-packages\pycycle\thermo\static_ps_resid.py:108: RuntimeWarning: invalid value encountered in sqrt
  Vsonic = (i['gamma']*i['R']*i['Ts'])**0.5
C:\Users\MEO\Desktop\Projects\JetEngine\boomsonic_v0\.venv\Lib\site-packages\pycycle\thermo\static_ps_resid.py:108: RuntimeWarning: invalid value encountered in sqrt
  Vsonic = (i['gamma']*i['R']*i['Ts'])**0.5
C:\Users\MEO\Desktop\Projects\JetEngine\boomsonic_v0\.venv\Lib\site-packages\pycycle\thermo\static_ps_calc.py:32: RuntimeWarning: invalid value encountered in sqrt
  outputs['Vsonic'] = Vsonic = np.sqrt(inputs['gamma'] * inputs['R'] * inputs['Ts'])
C:\Users\MEO\Desktop\Projects\JetEngine\boomsonic_v0\.venv\Lib\site-packages\pycycle\elements\compressor.py:75: RuntimeWarning: invalid value encountered in log
  outputs['eff_poly'] = Rt * np.log(PR) / ( Rt*np.log(PR) + S_out - S_in )
C:\Users\MEO\Desktop\Projects\JetEngine\boomsonic_v0\.venv\Lib\site-packages\pycycle\thermo\static_ps_resid.py:128: RuntimeWarning: invalid value encountered in sqrt
  Vsonic = (i['gamma']*i['R']*i['Ts'])**0.5
C:\Users\MEO\Desktop\Projects\JetEngine\boomsonic_v0\.venv\Lib\site-packages\pycycle\thermo\static_ps_resid.py:98: RuntimeWarning: invalid value encountered in power
  ps_guess = inputs['guess:Pt'] * (1 + (gamt-1)/2 * M_guess**2)**(-gamt/(gamt-1))
C:\Users\MEO\Desktop\Projects\JetEngine\boomsonic_v0\.venv\Lib\site-packages\pycycle\thermo\static_ps_resid.py:93: RuntimeWarning: invalid value encountered in power
  f1 = ps - inputs['guess:Pt'] * (1 + (gamt-1)/2 * M_guess**2)**(-gamt/(gamt-1))
C:\Users\MEO\Desktop\Projects\JetEngine\boomsonic_v0\.venv\Lib\site-packages\pycycle\thermo\static_ps_resid.py:94: RuntimeWarning: invalid value encountered in sqrt
  f2 = MN - inputs['W']*(R_UNIVERSAL_SI*inputs['Ts'])**0.5/(ps_guess*1.0e6*inputs['area']*gamt**0.5)
C:\Users\MEO\Desktop\Projects\JetEngine\boomsonic_v0\.venv\Lib\site-packages\pycycle\thermo\static_ps_resid.py:99: RuntimeWarning: The iteration is not making good progress, as measured by the 
 improvement from the last ten iterations.
  ps_guess, M_guess = fsolve(equations, (ps_guess, M_guess))
C:\Users\MEO\Desktop\Projects\JetEngine\boomsonic_v0\.venv\Lib\site-packages\pycycle\thermo\static_ps_resid.py:83: RuntimeWarning: invalid value encountered in power
  ps_guess = inputs['guess:Pt'] * (1 + (gamt-1)/2 * inputs['MN']**2)**(-gamt/(gamt-1))
C:\Users\MEO\Desktop\Projects\JetEngine\boomsonic_v0\.venv\Lib\site-packages\openmdao\solvers\solver.py:819: SolverWarning:Your model has stalled three times and may be violating the bounds. In the future, turn on print_bound_enforce in your solver options here: 
OD0.inlet.out_stat.nonlinear_solver.linesearch.options['print_bound_enforce']=True. 
The bound(s) being violated now are:

C:\Users\MEO\Desktop\Projects\JetEngine\boomsonic_v0\.venv\Lib\site-packages\openmdao\solvers\linesearch\backtracking.py:39: SolverWarning:'OD0.inlet.out_stat.balance.T' exceeds lower bounds
  Val: [-237.42075097]
  Lower: [150.]

C:\Users\MEO\Desktop\Projects\JetEngine\boomsonic_v0\.venv\Lib\site-packages\openmdao\solvers\linesearch\backtracking.py:39: SolverWarning:'OD0.inlet.out_stat.ps_resid.Ps' exceeds lower bounds
  Val: [-0.00110427]
  Lower: [-0.0009009]

C:\Users\MEO\Desktop\Projects\JetEngine\boomsonic_v0\.venv\Lib\site-packages\openmdao\solvers\solver.py:819: SolverWarning:Your model has stalled three times and may be violating the bounds. In the future, turn on print_bound_enforce in your solver options here: 
OD0.duct.out_stat.nonlinear_solver.linesearch.options['print_bound_enforce']=True. 
The bound(s) being violated now are:

C:\Users\MEO\Desktop\Projects\JetEngine\boomsonic_v0\.venv\Lib\site-packages\openmdao\solvers\linesearch\backtracking.py:39: SolverWarning:'OD0.duct.out_stat.balance.T' exceeds lower bounds
  Val: [-235.48065177]
  Lower: [150.]

C:\Users\MEO\Desktop\Projects\JetEngine\boomsonic_v0\.venv\Lib\site-packages\openmdao\solvers\linesearch\backtracking.py:39: SolverWarning:'OD0.duct.out_stat.ps_resid.Ps' exceeds lower bounds
  Val: [-0.001103]
  Lower: [-0.0009009]

C:\Users\MEO\Desktop\Projects\JetEngine\boomsonic_v0\.venv\Lib\site-packages\openmdao\solvers\solver.py:819: SolverWarning:Your model has stalled three times and may be violating the bounds. In the future, turn on print_bound_enforce in your solver options here: 
OD0.comp.ideal_flow.nonlinear_solver.linesearch.options['print_bound_enforce']=True. 
The bound(s) being violated now are:

C:\Users\MEO\Desktop\Projects\JetEngine\boomsonic_v0\.venv\Lib\site-packages\openmdao\solvers\linesearch\backtracking.py:39: SolverWarning:'OD0.comp.ideal_flow.balance.T' exceeds lower bounds
  Val: [-14524024.13954868]
  Lower: [150.]

C:\Users\MEO\Desktop\Projects\JetEngine\boomsonic_v0\.venv\Lib\site-packages\pycycle\elements\compressor.py:75: RuntimeWarning: invalid value encountered in log
  outputs['eff_poly'] = Rt * np.log(PR) / ( Rt*np.log(PR) + S_out - S_in )
C:\Users\MEO\Desktop\Projects\JetEngine\boomsonic_v0\.venv\Lib\site-packages\pycycle\thermo\static_ps_resid.py:128: RuntimeWarning: invalid value encountered in sqrt
  Vsonic = (i['gamma']*i['R']*i['Ts'])**0.5
C:\Users\MEO\Desktop\Projects\JetEngine\boomsonic_v0\.venv\Lib\site-packages\pycycle\thermo\static_ps_resid.py:98: RuntimeWarning: invalid value encountered in power
  ps_guess = inputs['guess:Pt'] * (1 + (gamt-1)/2 * M_guess**2)**(-gamt/(gamt-1))
C:\Users\MEO\Desktop\Projects\JetEngine\boomsonic_v0\.venv\Lib\site-packages\pycycle\thermo\static_ps_resid.py:93: RuntimeWarning: invalid value encountered in power
  f1 = ps - inputs['guess:Pt'] * (1 + (gamt-1)/2 * M_guess**2)**(-gamt/(gamt-1))
C:\Users\MEO\Desktop\Projects\JetEngine\boomsonic_v0\.venv\Lib\site-packages\pycycle\thermo\static_ps_resid.py:94: RuntimeWarning: invalid value encountered in sqrt
  f2 = MN - inputs['W']*(R_UNIVERSAL_SI*inputs['Ts'])**0.5/(ps_guess*1.0e6*inputs['area']*gamt**0.5)
C:\Users\MEO\Desktop\Projects\JetEngine\boomsonic_v0\.venv\Lib\site-packages\pycycle\thermo\static_ps_resid.py:99: RuntimeWarning: The iteration is not making good progress, as measured by the 
 improvement from the last ten iterations.
  ps_guess, M_guess = fsolve(equations, (ps_guess, M_guess))
C:\Users\MEO\Desktop\Projects\JetEngine\boomsonic_v0\.venv\Lib\site-packages\pycycle\thermo\static_ps_resid.py:128: RuntimeWarning: invalid value encountered in sqrt
  Vsonic = (i['gamma']*i['R']*i['Ts'])**0.5
C:\Users\MEO\Desktop\Projects\JetEngine\boomsonic_v0\.venv\Lib\site-packages\pycycle\thermo\static_ps_resid.py:128: RuntimeWarning: invalid value encountered in sqrt
  Vsonic = (i['gamma']*i['R']*i['Ts'])**0.5
C:\Users\MEO\Desktop\Projects\JetEngine\boomsonic_v0\.venv\Lib\site-packages\pycycle\thermo\static_ps_resid.py:128: RuntimeWarning: invalid value encountered in sqrt
  Vsonic = (i['gamma']*i['R']*i['Ts'])**0.5
C:\Users\MEO\Desktop\Projects\JetEngine\boomsonic_v0\.venv\Lib\site-packages\pycycle\thermo\static_ps_resid.py:128: RuntimeWarning: invalid value encountered in sqrt
  Vsonic = (i['gamma']*i['R']*i['Ts'])**0.5
C:\Users\MEO\Desktop\Projects\JetEngine\boomsonic_v0\.venv\Lib\site-packages\pycycle\thermo\static_ps_resid.py:128: RuntimeWarning: invalid value encountered in sqrt
  Vsonic = (i['gamma']*i['R']*i['Ts'])**0.5
C:\Users\MEO\Desktop\Projects\JetEngine\boomsonic_v0\.venv\Lib\site-packages\pycycle\thermo\static_ps_resid.py:128: RuntimeWarning: invalid value encountered in sqrt
  Vsonic = (i['gamma']*i['R']*i['Ts'])**0.5
C:\Users\MEO\Desktop\Projects\JetEngine\boomsonic_v0\.venv\Lib\site-packages\pycycle\thermo\static_ps_resid.py:128: RuntimeWarning: invalid value encountered in sqrt
  Vsonic = (i['gamma']*i['R']*i['Ts'])**0.5
C:\Users\MEO\Desktop\Projects\JetEngine\boomsonic_v0\.venv\Lib\site-packages\pycycle\thermo\static_ps_resid.py:108: RuntimeWarning: invalid value encountered in sqrt
  Vsonic = (i['gamma']*i['R']*i['Ts'])**0.5
C:\Users\MEO\Desktop\Projects\JetEngine\boomsonic_v0\.venv\Lib\site-packages\pycycle\thermo\static_ps_resid.py:83: RuntimeWarning: invalid value encountered in power
  ps_guess = inputs['guess:Pt'] * (1 + (gamt-1)/2 * inputs['MN']**2)**(-gamt/(gamt-1))
C:\Users\MEO\Desktop\Projects\JetEngine\boomsonic_v0\.venv\Lib\site-packages\pycycle\thermo\static_ps_resid.py:108: RuntimeWarning: invalid value encountered in sqrt
  Vsonic = (i['gamma']*i['R']*i['Ts'])**0.5
C:\Users\MEO\Desktop\Projects\JetEngine\boomsonic_v0\.venv\Lib\site-packages\pycycle\thermo\static_ps_resid.py:108: RuntimeWarning: invalid value encountered in sqrt
  Vsonic = (i['gamma']*i['R']*i['Ts'])**0.5
C:\Users\MEO\Desktop\Projects\JetEngine\boomsonic_v0\.venv\Lib\site-packages\pycycle\thermo\static_ps_resid.py:108: RuntimeWarning: invalid value encountered in sqrt
  Vsonic = (i['gamma']*i['R']*i['Ts'])**0.5
C:\Users\MEO\Desktop\Projects\JetEngine\boomsonic_v0\.venv\Lib\site-packages\pycycle\thermo\static_ps_resid.py:108: RuntimeWarning: invalid value encountered in sqrt
  Vsonic = (i['gamma']*i['R']*i['Ts'])**0.5
C:\Users\MEO\Desktop\Projects\JetEngine\boomsonic_v0\.venv\Lib\site-packages\pycycle\thermo\static_ps_resid.py:108: RuntimeWarning: invalid value encountered in sqrt
  Vsonic = (i['gamma']*i['R']*i['Ts'])**0.5
C:\Users\MEO\Desktop\Projects\JetEngine\boomsonic_v0\.venv\Lib\site-packages\pycycle\thermo\static_ps_resid.py:108: RuntimeWarning: invalid value encountered in sqrt
  Vsonic = (i['gamma']*i['R']*i['Ts'])**0.5
C:\Users\MEO\Desktop\Projects\JetEngine\boomsonic_v0\.venv\Lib\site-packages\pycycle\thermo\static_ps_resid.py:108: RuntimeWarning: invalid value encountered in sqrt
  Vsonic = (i['gamma']*i['R']*i['Ts'])**0.5
C:\Users\MEO\Desktop\Projects\JetEngine\boomsonic_v0\.venv\Lib\site-packages\pycycle\thermo\static_ps_resid.py:108: RuntimeWarning: invalid value encountered in sqrt
  Vsonic = (i['gamma']*i['R']*i['Ts'])**0.5
C:\Users\MEO\Desktop\Projects\JetEngine\boomsonic_v0\.venv\Lib\site-packages\pycycle\thermo\static_ps_resid.py:108: RuntimeWarning: invalid value encountered in sqrt
  Vsonic = (i['gamma']*i['R']*i['Ts'])**0.5
C:\Users\MEO\Desktop\Projects\JetEngine\boomsonic_v0\.venv\Lib\site-packages\pycycle\thermo\static_ps_resid.py:108: RuntimeWarning: invalid value encountered in sqrt
  Vsonic = (i['gamma']*i['R']*i['Ts'])**0.5
C:\Users\MEO\Desktop\Projects\JetEngine\boomsonic_v0\.venv\Lib\site-packages\pycycle\thermo\static_ps_resid.py:108: RuntimeWarning: invalid value encountered in sqrt
  Vsonic = (i['gamma']*i['R']*i['Ts'])**0.5
C:\Users\MEO\Desktop\Projects\JetEngine\boomsonic_v0\.venv\Lib\site-packages\pycycle\thermo\static_ps_calc.py:32: RuntimeWarning: invalid value encountered in sqrt
  outputs['Vsonic'] = Vsonic = np.sqrt(inputs['gamma'] * inputs['R'] * inputs['Ts'])
C:\Users\MEO\Desktop\Projects\JetEngine\boomsonic_v0\.venv\Lib\site-packages\pycycle\elements\compressor.py:75: RuntimeWarning: invalid value encountered in log
  outputs['eff_poly'] = Rt * np.log(PR) / ( Rt*np.log(PR) + S_out - S_in )
C:\Users\MEO\Desktop\Projects\JetEngine\boomsonic_v0\.venv\Lib\site-packages\pycycle\thermo\static_ps_resid.py:128: RuntimeWarning: invalid value encountered in sqrt
  Vsonic = (i['gamma']*i['R']*i['Ts'])**0.5
C:\Users\MEO\Desktop\Projects\JetEngine\boomsonic_v0\.venv\Lib\site-packages\pycycle\thermo\static_ps_resid.py:98: RuntimeWarning: invalid value encountered in power
  ps_guess = inputs['guess:Pt'] * (1 + (gamt-1)/2 * M_guess**2)**(-gamt/(gamt-1))
C:\Users\MEO\Desktop\Projects\JetEngine\boomsonic_v0\.venv\Lib\site-packages\pycycle\thermo\static_ps_resid.py:93: RuntimeWarning: invalid value encountered in power
  f1 = ps - inputs['guess:Pt'] * (1 + (gamt-1)/2 * M_guess**2)**(-gamt/(gamt-1))
C:\Users\MEO\Desktop\Projects\JetEngine\boomsonic_v0\.venv\Lib\site-packages\pycycle\thermo\static_ps_resid.py:94: RuntimeWarning: invalid value encountered in sqrt
  f2 = MN - inputs['W']*(R_UNIVERSAL_SI*inputs['Ts'])**0.5/(ps_guess*1.0e6*inputs['area']*gamt**0.5)
C:\Users\MEO\Desktop\Projects\JetEngine\boomsonic_v0\.venv\Lib\site-packages\pycycle\thermo\static_ps_resid.py:99: RuntimeWarning: The iteration is not making good progress, as measured by the 
 improvement from the last ten iterations.
  ps_guess, M_guess = fsolve(equations, (ps_guess, M_guess))
C:\Users\MEO\Desktop\Projects\JetEngine\boomsonic_v0\.venv\Lib\site-packages\pycycle\thermo\static_ps_resid.py:83: RuntimeWarning: invalid value encountered in power
  ps_guess = inputs['guess:Pt'] * (1 + (gamt-1)/2 * inputs['MN']**2)**(-gamt/(gamt-1))
C:\Users\MEO\Desktop\Projects\JetEngine\boomsonic_v0\.venv\Lib\site-packages\openmdao\solvers\solver.py:819: SolverWarning:Your model has stalled three times and may be violating the bounds. In the future, turn on print_bound_enforce in your solver options here: 
OD0.inlet.out_stat.nonlinear_solver.linesearch.options['print_bound_enforce']=True. 
The bound(s) being violated now are:

C:\Users\MEO\Desktop\Projects\JetEngine\boomsonic_v0\.venv\Lib\site-packages\openmdao\solvers\linesearch\backtracking.py:39: SolverWarning:'OD0.inlet.out_stat.balance.T' exceeds lower bounds
  Val: [-237.42075097]
  Lower: [150.]

C:\Users\MEO\Desktop\Projects\JetEngine\boomsonic_v0\.venv\Lib\site-packages\openmdao\solvers\linesearch\backtracking.py:39: SolverWarning:'OD0.inlet.out_stat.ps_resid.Ps' exceeds lower bounds
  Val: [-0.00110427]
  Lower: [-0.0009009]

C:\Users\MEO\Desktop\Projects\JetEngine\boomsonic_v0\.venv\Lib\site-packages\openmdao\solvers\solver.py:819: SolverWarning:Your model has stalled three times and may be violating the bounds. In the future, turn on print_bound_enforce in your solver options here: 
OD0.duct.out_stat.nonlinear_solver.linesearch.options['print_bound_enforce']=True. 
The bound(s) being violated now are:

C:\Users\MEO\Desktop\Projects\JetEngine\boomsonic_v0\.venv\Lib\site-packages\openmdao\solvers\linesearch\backtracking.py:39: SolverWarning:'OD0.duct.out_stat.balance.T' exceeds lower bounds
  Val: [-235.48065177]
  Lower: [150.]

C:\Users\MEO\Desktop\Projects\JetEngine\boomsonic_v0\.venv\Lib\site-packages\openmdao\solvers\linesearch\backtracking.py:39: SolverWarning:'OD0.duct.out_stat.ps_resid.Ps' exceeds lower bounds
  Val: [-0.001103]
  Lower: [-0.0009009]

C:\Users\MEO\Desktop\Projects\JetEngine\boomsonic_v0\.venv\Lib\site-packages\openmdao\solvers\solver.py:819: SolverWarning:Your model has stalled three times and may be violating the bounds. In the future, turn on print_bound_enforce in your solver options here: 
OD0.comp.ideal_flow.nonlinear_solver.linesearch.options['print_bound_enforce']=True. 
The bound(s) being violated now are:

C:\Users\MEO\Desktop\Projects\JetEngine\boomsonic_v0\.venv\Lib\site-packages\openmdao\solvers\linesearch\backtracking.py:39: SolverWarning:'OD0.comp.ideal_flow.balance.T' exceeds lower bounds
  Val: [-14524024.13954868]
  Lower: [150.]

C:\Users\MEO\Desktop\Projects\JetEngine\boomsonic_v0\.venv\Lib\site-packages\pycycle\elements\compressor.py:75: RuntimeWarning: invalid value encountered in log
  outputs['eff_poly'] = Rt * np.log(PR) / ( Rt*np.log(PR) + S_out - S_in )
C:\Users\MEO\Desktop\Projects\JetEngine\boomsonic_v0\.venv\Lib\site-packages\pycycle\thermo\static_ps_resid.py:128: RuntimeWarning: invalid value encountered in sqrt
  Vsonic = (i['gamma']*i['R']*i['Ts'])**0.5
C:\Users\MEO\Desktop\Projects\JetEngine\boomsonic_v0\.venv\Lib\site-packages\pycycle\thermo\static_ps_resid.py:98: RuntimeWarning: invalid value encountered in power
  ps_guess = inputs['guess:Pt'] * (1 + (gamt-1)/2 * M_guess**2)**(-gamt/(gamt-1))
C:\Users\MEO\Desktop\Projects\JetEngine\boomsonic_v0\.venv\Lib\site-packages\pycycle\thermo\static_ps_resid.py:93: RuntimeWarning: invalid value encountered in power
  f1 = ps - inputs['guess:Pt'] * (1 + (gamt-1)/2 * M_guess**2)**(-gamt/(gamt-1))
C:\Users\MEO\Desktop\Projects\JetEngine\boomsonic_v0\.venv\Lib\site-packages\pycycle\thermo\static_ps_resid.py:94: RuntimeWarning: invalid value encountered in sqrt
  f2 = MN - inputs['W']*(R_UNIVERSAL_SI*inputs['Ts'])**0.5/(ps_guess*1.0e6*inputs['area']*gamt**0.5)
C:\Users\MEO\Desktop\Projects\JetEngine\boomsonic_v0\.venv\Lib\site-packages\pycycle\thermo\static_ps_resid.py:99: RuntimeWarning: The iteration is not making good progress, as measured by the 
 improvement from the last ten iterations.
  ps_guess, M_guess = fsolve(equations, (ps_guess, M_guess))
C:\Users\MEO\Desktop\Projects\JetEngine\boomsonic_v0\.venv\Lib\site-packages\pycycle\thermo\static_ps_resid.py:128: RuntimeWarning: invalid value encountered in sqrt
  Vsonic = (i['gamma']*i['R']*i['Ts'])**0.5
C:\Users\MEO\Desktop\Projects\JetEngine\boomsonic_v0\.venv\Lib\site-packages\pycycle\thermo\static_ps_resid.py:128: RuntimeWarning: invalid value encountered in sqrt
  Vsonic = (i['gamma']*i['R']*i['Ts'])**0.5
C:\Users\MEO\Desktop\Projects\JetEngine\boomsonic_v0\.venv\Lib\site-packages\pycycle\thermo\static_ps_resid.py:128: RuntimeWarning: invalid value encountered in sqrt
  Vsonic = (i['gamma']*i['R']*i['Ts'])**0.5
C:\Users\MEO\Desktop\Projects\JetEngine\boomsonic_v0\.venv\Lib\site-packages\pycycle\thermo\static_ps_resid.py:128: RuntimeWarning: invalid value encountered in sqrt
  Vsonic = (i['gamma']*i['R']*i['Ts'])**0.5
C:\Users\MEO\Desktop\Projects\JetEngine\boomsonic_v0\.venv\Lib\site-packages\pycycle\thermo\static_ps_resid.py:128: RuntimeWarning: invalid value encountered in sqrt
  Vsonic = (i['gamma']*i['R']*i['Ts'])**0.5
C:\Users\MEO\Desktop\Projects\JetEngine\boomsonic_v0\.venv\Lib\site-packages\pycycle\thermo\static_ps_resid.py:128: RuntimeWarning: invalid value encountered in sqrt
  Vsonic = (i['gamma']*i['R']*i['Ts'])**0.5
C:\Users\MEO\Desktop\Projects\JetEngine\boomsonic_v0\.venv\Lib\site-packages\pycycle\thermo\static_ps_resid.py:128: RuntimeWarning: invalid value encountered in sqrt
  Vsonic = (i['gamma']*i['R']*i['Ts'])**0.5
C:\Users\MEO\Desktop\Projects\JetEngine\boomsonic_v0\.venv\Lib\site-packages\pycycle\thermo\static_ps_resid.py:128: RuntimeWarning: invalid value encountered in sqrt
  Vsonic = (i['gamma']*i['R']*i['Ts'])**0.5
C:\Users\MEO\Desktop\Projects\JetEngine\boomsonic_v0\.venv\Lib\site-packages\pycycle\thermo\static_ps_resid.py:128: RuntimeWarning: invalid value encountered in sqrt
  Vsonic = (i['gamma']*i['R']*i['Ts'])**0.5
C:\Users\MEO\Desktop\Projects\JetEngine\boomsonic_v0\.venv\Lib\site-packages\pycycle\thermo\static_ps_resid.py:128: RuntimeWarning: invalid value encountered in sqrt
  Vsonic = (i['gamma']*i['R']*i['Ts'])**0.5
C:\Users\MEO\Desktop\Projects\JetEngine\boomsonic_v0\.venv\Lib\site-packages\pycycle\thermo\static_ps_resid.py:108: RuntimeWarning: invalid value encountered in sqrt
  Vsonic = (i['gamma']*i['R']*i['Ts'])**0.5
C:\Users\MEO\Desktop\Projects\JetEngine\boomsonic_v0\.venv\Lib\site-packages\pycycle\thermo\static_ps_resid.py:83: RuntimeWarning: invalid value encountered in power
  ps_guess = inputs['guess:Pt'] * (1 + (gamt-1)/2 * inputs['MN']**2)**(-gamt/(gamt-1))
C:\Users\MEO\Desktop\Projects\JetEngine\boomsonic_v0\.venv\Lib\site-packages\pycycle\thermo\static_ps_resid.py:108: RuntimeWarning: invalid value encountered in sqrt
  Vsonic = (i['gamma']*i['R']*i['Ts'])**0.5
C:\Users\MEO\Desktop\Projects\JetEngine\boomsonic_v0\.venv\Lib\site-packages\pycycle\thermo\static_ps_resid.py:108: RuntimeWarning: invalid value encountered in sqrt
  Vsonic = (i['gamma']*i['R']*i['Ts'])**0.5
C:\Users\MEO\Desktop\Projects\JetEngine\boomsonic_v0\.venv\Lib\site-packages\pycycle\thermo\static_ps_resid.py:108: RuntimeWarning: invalid value encountered in sqrt
  Vsonic = (i['gamma']*i['R']*i['Ts'])**0.5
C:\Users\MEO\Desktop\Projects\JetEngine\boomsonic_v0\.venv\Lib\site-packages\pycycle\thermo\static_ps_resid.py:108: RuntimeWarning: invalid value encountered in sqrt
  Vsonic = (i['gamma']*i['R']*i['Ts'])**0.5
C:\Users\MEO\Desktop\Projects\JetEngine\boomsonic_v0\.venv\Lib\site-packages\pycycle\thermo\static_ps_resid.py:108: RuntimeWarning: invalid value encountered in sqrt
  Vsonic = (i['gamma']*i['R']*i['Ts'])**0.5
C:\Users\MEO\Desktop\Projects\JetEngine\boomsonic_v0\.venv\Lib\site-packages\pycycle\thermo\static_ps_resid.py:108: RuntimeWarning: invalid value encountered in sqrt
  Vsonic = (i['gamma']*i['R']*i['Ts'])**0.5
C:\Users\MEO\Desktop\Projects\JetEngine\boomsonic_v0\.venv\Lib\site-packages\pycycle\thermo\static_ps_resid.py:108: RuntimeWarning: invalid value encountered in sqrt
  Vsonic = (i['gamma']*i['R']*i['Ts'])**0.5
C:\Users\MEO\Desktop\Projects\JetEngine\boomsonic_v0\.venv\Lib\site-packages\pycycle\thermo\static_ps_resid.py:108: RuntimeWarning: invalid value encountered in sqrt
  Vsonic = (i['gamma']*i['R']*i['Ts'])**0.5
C:\Users\MEO\Desktop\Projects\JetEngine\boomsonic_v0\.venv\Lib\site-packages\pycycle\thermo\static_ps_resid.py:108: RuntimeWarning: invalid value encountered in sqrt
  Vsonic = (i['gamma']*i['R']*i['Ts'])**0.5
C:\Users\MEO\Desktop\Projects\JetEngine\boomsonic_v0\.venv\Lib\site-packages\pycycle\thermo\static_ps_resid.py:108: RuntimeWarning: invalid value encountered in sqrt
  Vsonic = (i['gamma']*i['R']*i['Ts'])**0.5
C:\Users\MEO\Desktop\Projects\JetEngine\boomsonic_v0\.venv\Lib\site-packages\pycycle\thermo\static_ps_resid.py:108: RuntimeWarning: invalid value encountered in sqrt
  Vsonic = (i['gamma']*i['R']*i['Ts'])**0.5
C:\Users\MEO\Desktop\Projects\JetEngine\boomsonic_v0\.venv\Lib\site-packages\pycycle\thermo\static_ps_calc.py:32: RuntimeWarning: invalid value encountered in sqrt
  outputs['Vsonic'] = Vsonic = np.sqrt(inputs['gamma'] * inputs['R'] * inputs['Ts'])
C:\Users\MEO\Desktop\Projects\JetEngine\boomsonic_v0\.venv\Lib\site-packages\pycycle\elements\compressor.py:75: RuntimeWarning: invalid value encountered in log
  outputs['eff_poly'] = Rt * np.log(PR) / ( Rt*np.log(PR) + S_out - S_in )
C:\Users\MEO\Desktop\Projects\JetEngine\boomsonic_v0\.venv\Lib\site-packages\pycycle\thermo\static_ps_resid.py:128: RuntimeWarning: invalid value encountered in sqrt
  Vsonic = (i['gamma']*i['R']*i['Ts'])**0.5
C:\Users\MEO\Desktop\Projects\JetEngine\boomsonic_v0\.venv\Lib\site-packages\pycycle\thermo\static_ps_resid.py:98: RuntimeWarning: invalid value encountered in power
  ps_guess = inputs['guess:Pt'] * (1 + (gamt-1)/2 * M_guess**2)**(-gamt/(gamt-1))
C:\Users\MEO\Desktop\Projects\JetEngine\boomsonic_v0\.venv\Lib\site-packages\pycycle\thermo\static_ps_resid.py:93: RuntimeWarning: invalid value encountered in power
  f1 = ps - inputs['guess:Pt'] * (1 + (gamt-1)/2 * M_guess**2)**(-gamt/(gamt-1))
C:\Users\MEO\Desktop\Projects\JetEngine\boomsonic_v0\.venv\Lib\site-packages\pycycle\thermo\static_ps_resid.py:94: RuntimeWarning: invalid value encountered in sqrt
  f2 = MN - inputs['W']*(R_UNIVERSAL_SI*inputs['Ts'])**0.5/(ps_guess*1.0e6*inputs['area']*gamt**0.5)
C:\Users\MEO\Desktop\Projects\JetEngine\boomsonic_v0\.venv\Lib\site-packages\pycycle\thermo\static_ps_resid.py:99: RuntimeWarning: The iteration is not making good progress, as measured by the 
 improvement from the last ten iterations.
  ps_guess, M_guess = fsolve(equations, (ps_guess, M_guess))
C:\Users\MEO\Desktop\Projects\JetEngine\boomsonic_v0\.venv\Lib\site-packages\pycycle\thermo\static_ps_resid.py:83: RuntimeWarning: invalid value encountered in power
  ps_guess = inputs['guess:Pt'] * (1 + (gamt-1)/2 * inputs['MN']**2)**(-gamt/(gamt-1))
C:\Users\MEO\Desktop\Projects\JetEngine\boomsonic_v0\.venv\Lib\site-packages\openmdao\solvers\solver.py:819: SolverWarning:Your model has stalled three times and may be violating the bounds. In the future, turn on print_bound_enforce in your solver options here: 
OD0.inlet.out_stat.nonlinear_solver.linesearch.options['print_bound_enforce']=True. 
The bound(s) being violated now are:

C:\Users\MEO\Desktop\Projects\JetEngine\boomsonic_v0\.venv\Lib\site-packages\openmdao\solvers\linesearch\backtracking.py:39: SolverWarning:'OD0.inlet.out_stat.balance.T' exceeds lower bounds
  Val: [-237.42075097]
  Lower: [150.]

C:\Users\MEO\Desktop\Projects\JetEngine\boomsonic_v0\.venv\Lib\site-packages\openmdao\solvers\linesearch\backtracking.py:39: SolverWarning:'OD0.inlet.out_stat.ps_resid.Ps' exceeds lower bounds
  Val: [-0.00110427]
  Lower: [-0.0009009]

C:\Users\MEO\Desktop\Projects\JetEngine\boomsonic_v0\.venv\Lib\site-packages\openmdao\solvers\solver.py:819: SolverWarning:Your model has stalled three times and may be violating the bounds. In the future, turn on print_bound_enforce in your solver options here: 
OD0.duct.out_stat.nonlinear_solver.linesearch.options['print_bound_enforce']=True. 
The bound(s) being violated now are:

C:\Users\MEO\Desktop\Projects\JetEngine\boomsonic_v0\.venv\Lib\site-packages\openmdao\solvers\linesearch\backtracking.py:39: SolverWarning:'OD0.duct.out_stat.balance.T' exceeds lower bounds
  Val: [-235.48065177]
  Lower: [150.]

C:\Users\MEO\Desktop\Projects\JetEngine\boomsonic_v0\.venv\Lib\site-packages\openmdao\solvers\linesearch\backtracking.py:39: SolverWarning:'OD0.duct.out_stat.ps_resid.Ps' exceeds lower bounds
  Val: [-0.001103]
  Lower: [-0.0009009]

C:\Users\MEO\Desktop\Projects\JetEngine\boomsonic_v0\.venv\Lib\site-packages\openmdao\solvers\solver.py:819: SolverWarning:Your model has stalled three times and may be violating the bounds. In the future, turn on print_bound_enforce in your solver options here: 
OD0.comp.ideal_flow.nonlinear_solver.linesearch.options['print_bound_enforce']=True. 
The bound(s) being violated now are:

C:\Users\MEO\Desktop\Projects\JetEngine\boomsonic_v0\.venv\Lib\site-packages\openmdao\solvers\linesearch\backtracking.py:39: SolverWarning:'OD0.comp.ideal_flow.balance.T' exceeds lower bounds
  Val: [-14524024.13954868]
  Lower: [150.]

C:\Users\MEO\Desktop\Projects\JetEngine\boomsonic_v0\.venv\Lib\site-packages\pycycle\elements\compressor.py:75: RuntimeWarning: invalid value encountered in log
  outputs['eff_poly'] = Rt * np.log(PR) / ( Rt*np.log(PR) + S_out - S_in )
C:\Users\MEO\Desktop\Projects\JetEngine\boomsonic_v0\.venv\Lib\site-packages\pycycle\thermo\static_ps_resid.py:128: RuntimeWarning: invalid value encountered in sqrt
  Vsonic = (i['gamma']*i['R']*i['Ts'])**0.5
C:\Users\MEO\Desktop\Projects\JetEngine\boomsonic_v0\.venv\Lib\site-packages\pycycle\thermo\static_ps_resid.py:98: RuntimeWarning: invalid value encountered in power
  ps_guess = inputs['guess:Pt'] * (1 + (gamt-1)/2 * M_guess**2)**(-gamt/(gamt-1))
C:\Users\MEO\Desktop\Projects\JetEngine\boomsonic_v0\.venv\Lib\site-packages\pycycle\thermo\static_ps_resid.py:93: RuntimeWarning: invalid value encountered in power
  f1 = ps - inputs['guess:Pt'] * (1 + (gamt-1)/2 * M_guess**2)**(-gamt/(gamt-1))
C:\Users\MEO\Desktop\Projects\JetEngine\boomsonic_v0\.venv\Lib\site-packages\pycycle\thermo\static_ps_resid.py:94: RuntimeWarning: invalid value encountered in sqrt
  f2 = MN - inputs['W']*(R_UNIVERSAL_SI*inputs['Ts'])**0.5/(ps_guess*1.0e6*inputs['area']*gamt**0.5)
C:\Users\MEO\Desktop\Projects\JetEngine\boomsonic_v0\.venv\Lib\site-packages\pycycle\thermo\static_ps_resid.py:99: RuntimeWarning: The iteration is not making good progress, as measured by the 
 improvement from the last ten iterations.
  ps_guess, M_guess = fsolve(equations, (ps_guess, M_guess))
C:\Users\MEO\Desktop\Projects\JetEngine\boomsonic_v0\.venv\Lib\site-packages\pycycle\thermo\static_ps_resid.py:128: RuntimeWarning: invalid value encountered in sqrt
  Vsonic = (i['gamma']*i['R']*i['Ts'])**0.5
C:\Users\MEO\Desktop\Projects\JetEngine\boomsonic_v0\.venv\Lib\site-packages\pycycle\thermo\static_ps_resid.py:128: RuntimeWarning: invalid value encountered in sqrt
  Vsonic = (i['gamma']*i['R']*i['Ts'])**0.5
C:\Users\MEO\Desktop\Projects\JetEngine\boomsonic_v0\.venv\Lib\site-packages\pycycle\thermo\static_ps_resid.py:128: RuntimeWarning: invalid value encountered in sqrt
  Vsonic = (i['gamma']*i['R']*i['Ts'])**0.5
C:\Users\MEO\Desktop\Projects\JetEngine\boomsonic_v0\.venv\Lib\site-packages\pycycle\thermo\static_ps_resid.py:128: RuntimeWarning: invalid value encountered in sqrt
  Vsonic = (i['gamma']*i['R']*i['Ts'])**0.5
C:\Users\MEO\Desktop\Projects\JetEngine\boomsonic_v0\.venv\Lib\site-packages\pycycle\thermo\static_ps_resid.py:128: RuntimeWarning: invalid value encountered in sqrt
  Vsonic = (i['gamma']*i['R']*i['Ts'])**0.5
C:\Users\MEO\Desktop\Projects\JetEngine\boomsonic_v0\.venv\Lib\site-packages\pycycle\thermo\static_ps_resid.py:128: RuntimeWarning: invalid value encountered in sqrt
  Vsonic = (i['gamma']*i['R']*i['Ts'])**0.5
C:\Users\MEO\Desktop\Projects\JetEngine\boomsonic_v0\.venv\Lib\site-packages\pycycle\thermo\static_ps_resid.py:128: RuntimeWarning: invalid value encountered in sqrt
  Vsonic = (i['gamma']*i['R']*i['Ts'])**0.5
C:\Users\MEO\Desktop\Projects\JetEngine\boomsonic_v0\.venv\Lib\site-packages\pycycle\thermo\static_ps_resid.py:128: RuntimeWarning: invalid value encountered in sqrt
  Vsonic = (i['gamma']*i['R']*i['Ts'])**0.5
C:\Users\MEO\Desktop\Projects\JetEngine\boomsonic_v0\.venv\Lib\site-packages\pycycle\thermo\static_ps_resid.py:108: RuntimeWarning: invalid value encountered in sqrt
  Vsonic = (i['gamma']*i['R']*i['Ts'])**0.5
C:\Users\MEO\Desktop\Projects\JetEngine\boomsonic_v0\.venv\Lib\site-packages\pycycle\thermo\static_ps_resid.py:83: RuntimeWarning: invalid value encountered in power
  ps_guess = inputs['guess:Pt'] * (1 + (gamt-1)/2 * inputs['MN']**2)**(-gamt/(gamt-1))
C:\Users\MEO\Desktop\Projects\JetEngine\boomsonic_v0\.venv\Lib\site-packages\pycycle\thermo\static_ps_resid.py:108: RuntimeWarning: invalid value encountered in sqrt
  Vsonic = (i['gamma']*i['R']*i['Ts'])**0.5
C:\Users\MEO\Desktop\Projects\JetEngine\boomsonic_v0\.venv\Lib\site-packages\pycycle\thermo\static_ps_resid.py:108: RuntimeWarning: invalid value encountered in sqrt
  Vsonic = (i['gamma']*i['R']*i['Ts'])**0.5
C:\Users\MEO\Desktop\Projects\JetEngine\boomsonic_v0\.venv\Lib\site-packages\pycycle\thermo\static_ps_resid.py:108: RuntimeWarning: invalid value encountered in sqrt
  Vsonic = (i['gamma']*i['R']*i['Ts'])**0.5
C:\Users\MEO\Desktop\Projects\JetEngine\boomsonic_v0\.venv\Lib\site-packages\pycycle\thermo\static_ps_resid.py:108: RuntimeWarning: invalid value encountered in sqrt
  Vsonic = (i['gamma']*i['R']*i['Ts'])**0.5
C:\Users\MEO\Desktop\Projects\JetEngine\boomsonic_v0\.venv\Lib\site-packages\pycycle\thermo\static_ps_resid.py:108: RuntimeWarning: invalid value encountered in sqrt
  Vsonic = (i['gamma']*i['R']*i['Ts'])**0.5
C:\Users\MEO\Desktop\Projects\JetEngine\boomsonic_v0\.venv\Lib\site-packages\pycycle\thermo\static_ps_resid.py:108: RuntimeWarning: invalid value encountered in sqrt
  Vsonic = (i['gamma']*i['R']*i['Ts'])**0.5
C:\Users\MEO\Desktop\Projects\JetEngine\boomsonic_v0\.venv\Lib\site-packages\pycycle\thermo\static_ps_resid.py:108: RuntimeWarning: invalid value encountered in sqrt
  Vsonic = (i['gamma']*i['R']*i['Ts'])**0.5
C:\Users\MEO\Desktop\Projects\JetEngine\boomsonic_v0\.venv\Lib\site-packages\pycycle\thermo\static_ps_resid.py:108: RuntimeWarning: invalid value encountered in sqrt
  Vsonic = (i['gamma']*i['R']*i['Ts'])**0.5
C:\Users\MEO\Desktop\Projects\JetEngine\boomsonic_v0\.venv\Lib\site-packages\pycycle\thermo\static_ps_resid.py:108: RuntimeWarning: invalid value encountered in sqrt
  Vsonic = (i['gamma']*i['R']*i['Ts'])**0.5
C:\Users\MEO\Desktop\Projects\JetEngine\boomsonic_v0\.venv\Lib\site-packages\pycycle\thermo\static_ps_resid.py:108: RuntimeWarning: invalid value encountered in sqrt
  Vsonic = (i['gamma']*i['R']*i['Ts'])**0.5
C:\Users\MEO\Desktop\Projects\JetEngine\boomsonic_v0\.venv\Lib\site-packages\pycycle\thermo\static_ps_resid.py:108: RuntimeWarning: invalid value encountered in sqrt
  Vsonic = (i['gamma']*i['R']*i['Ts'])**0.5
C:\Users\MEO\Desktop\Projects\JetEngine\boomsonic_v0\.venv\Lib\site-packages\pycycle\thermo\static_ps_calc.py:32: RuntimeWarning: invalid value encountered in sqrt
  outputs['Vsonic'] = Vsonic = np.sqrt(inputs['gamma'] * inputs['R'] * inputs['Ts'])
C:\Users\MEO\Desktop\Projects\JetEngine\boomsonic_v0\.venv\Lib\site-packages\pycycle\elements\compressor.py:75: RuntimeWarning: invalid value encountered in log
  outputs['eff_poly'] = Rt * np.log(PR) / ( Rt*np.log(PR) + S_out - S_in )
C:\Users\MEO\Desktop\Projects\JetEngine\boomsonic_v0\.venv\Lib\site-packages\pycycle\thermo\static_ps_resid.py:128: RuntimeWarning: invalid value encountered in sqrt
  Vsonic = (i['gamma']*i['R']*i['Ts'])**0.5
C:\Users\MEO\Desktop\Projects\JetEngine\boomsonic_v0\.venv\Lib\site-packages\pycycle\thermo\static_ps_resid.py:98: RuntimeWarning: invalid value encountered in power
  ps_guess = inputs['guess:Pt'] * (1 + (gamt-1)/2 * M_guess**2)**(-gamt/(gamt-1))
C:\Users\MEO\Desktop\Projects\JetEngine\boomsonic_v0\.venv\Lib\site-packages\pycycle\thermo\static_ps_resid.py:93: RuntimeWarning: invalid value encountered in power
  f1 = ps - inputs['guess:Pt'] * (1 + (gamt-1)/2 * M_guess**2)**(-gamt/(gamt-1))
C:\Users\MEO\Desktop\Projects\JetEngine\boomsonic_v0\.venv\Lib\site-packages\pycycle\thermo\static_ps_resid.py:94: RuntimeWarning: invalid value encountered in sqrt
  f2 = MN - inputs['W']*(R_UNIVERSAL_SI*inputs['Ts'])**0.5/(ps_guess*1.0e6*inputs['area']*gamt**0.5)
C:\Users\MEO\Desktop\Projects\JetEngine\boomsonic_v0\.venv\Lib\site-packages\pycycle\thermo\static_ps_resid.py:99: RuntimeWarning: The iteration is not making good progress, as measured by the 
 improvement from the last ten iterations.
  ps_guess, M_guess = fsolve(equations, (ps_guess, M_guess))
C:\Users\MEO\Desktop\Projects\JetEngine\boomsonic_v0\.venv\Lib\site-packages\pycycle\thermo\static_ps_resid.py:83: RuntimeWarning: invalid value encountered in power
  ps_guess = inputs['guess:Pt'] * (1 + (gamt-1)/2 * inputs['MN']**2)**(-gamt/(gamt-1))
C:\Users\MEO\Desktop\Projects\JetEngine\boomsonic_v0\.venv\Lib\site-packages\pycycle\thermo\static_ps_resid.py:128: RuntimeWarning: invalid value encountered in sqrt
  Vsonic = (i['gamma']*i['R']*i['Ts'])**0.5
C:\Users\MEO\Desktop\Projects\JetEngine\boomsonic_v0\.venv\Lib\site-packages\pycycle\thermo\static_ps_resid.py:128: RuntimeWarning: invalid value encountered in sqrt
  Vsonic = (i['gamma']*i['R']*i['Ts'])**0.5
C:\Users\MEO\Desktop\Projects\JetEngine\boomsonic_v0\.venv\Lib\site-packages\pycycle\thermo\static_ps_resid.py:128: RuntimeWarning: invalid value encountered in sqrt
  Vsonic = (i['gamma']*i['R']*i['Ts'])**0.5
C:\Users\MEO\Desktop\Projects\JetEngine\boomsonic_v0\.venv\Lib\site-packages\pycycle\thermo\static_ps_resid.py:108: RuntimeWarning: invalid value encountered in sqrt
  Vsonic = (i['gamma']*i['R']*i['Ts'])**0.5
C:\Users\MEO\Desktop\Projects\JetEngine\boomsonic_v0\.venv\Lib\site-packages\pycycle\elements\turbine.py:40: RuntimeWarning: invalid value encountered in sqrt
  outputs['Wp'] = inputs['W_in'] * inputs['Tt']**0.5 / inputs['Pt']
C:\Users\MEO\Desktop\Projects\JetEngine\boomsonic_v0\.venv\Lib\site-packages\pycycle\elements\turbine.py:41: RuntimeWarning: invalid value encountered in power
  outputs['Np'] = inputs['Nmech'] * inputs['Tt']**-0.5
C:\Users\MEO\Desktop\Projects\JetEngine\boomsonic_v0\.venv\Lib\site-packages\pycycle\elements\turbine.py:89: RuntimeWarning: invalid value encountered in log
  outputs['eff_poly'] = 1 + (S_out-S_in)/(Rt*np.log(invPR))
C:\Users\MEO\Desktop\Projects\JetEngine\boomsonic_v0\.venv\Lib\site-packages\openmdao\solvers\solver.py:819: SolverWarning:Your model has stalled three times and may be violating the bounds. In the future, turn on print_bound_enforce in your solver options here: 
OD0.burner.vitiated_flow.nonlinear_solver.linesearch.options['print_bound_enforce']=True. 
The bound(s) being violated now are:

C:\Users\MEO\Desktop\Projects\JetEngine\boomsonic_v0\.venv\Lib\site-packages\openmdao\solvers\linesearch\backtracking.py:35: SolverWarning:'OD0.burner.vitiated_flow.balance.T' exceeds upper bounds
  Val: [3719.53855226]
  Upper: [2500.]

C:\Users\MEO\Desktop\Projects\JetEngine\boomsonic_v0\.venv\Lib\site-packages\pycycle\thermo\static_ps_resid.py:128: RuntimeWarning: invalid value encountered in sqrt
  Vsonic = (i['gamma']*i['R']*i['Ts'])**0.5
C:\Users\MEO\Desktop\Projects\JetEngine\boomsonic_v0\.venv\Lib\site-packages\pycycle\thermo\static_ps_resid.py:128: RuntimeWarning: invalid value encountered in sqrt
  Vsonic = (i['gamma']*i['R']*i['Ts'])**0.5
C:\Users\MEO\Desktop\Projects\JetEngine\boomsonic_v0\.venv\Lib\site-packages\pycycle\thermo\static_ps_resid.py:128: RuntimeWarning: invalid value encountered in sqrt
  Vsonic = (i['gamma']*i['R']*i['Ts'])**0.5
C:\Users\MEO\Desktop\Projects\JetEngine\boomsonic_v0\.venv\Lib\site-packages\pycycle\thermo\static_ps_resid.py:128: RuntimeWarning: invalid value encountered in sqrt
  Vsonic = (i['gamma']*i['R']*i['Ts'])**0.5
C:\Users\MEO\Desktop\Projects\JetEngine\boomsonic_v0\.venv\Lib\site-packages\pycycle\thermo\static_ps_resid.py:128: RuntimeWarning: invalid value encountered in sqrt
  Vsonic = (i['gamma']*i['R']*i['Ts'])**0.5
C:\Users\MEO\Desktop\Projects\JetEngine\boomsonic_v0\.venv\Lib\site-packages\pycycle\thermo\static_ps_resid.py:128: RuntimeWarning: invalid value encountered in sqrt
  Vsonic = (i['gamma']*i['R']*i['Ts'])**0.5
C:\Users\MEO\Desktop\Projects\JetEngine\boomsonic_v0\.venv\Lib\site-packages\pycycle\thermo\static_ps_resid.py:128: RuntimeWarning: invalid value encountered in sqrt
  Vsonic = (i['gamma']*i['R']*i['Ts'])**0.5
C:\Users\MEO\Desktop\Projects\JetEngine\boomsonic_v0\.venv\Lib\site-packages\pycycle\thermo\static_ps_resid.py:128: RuntimeWarning: invalid value encountered in sqrt
  Vsonic = (i['gamma']*i['R']*i['Ts'])**0.5
C:\Users\MEO\Desktop\Projects\JetEngine\boomsonic_v0\.venv\Lib\site-packages\pycycle\thermo\static_ps_resid.py:128: RuntimeWarning: invalid value encountered in sqrt
  Vsonic = (i['gamma']*i['R']*i['Ts'])**0.5
C:\Users\MEO\Desktop\Projects\JetEngine\boomsonic_v0\.venv\Lib\site-packages\pycycle\thermo\static_ps_resid.py:128: RuntimeWarning: invalid value encountered in sqrt
  Vsonic = (i['gamma']*i['R']*i['Ts'])**0.5
C:\Users\MEO\Desktop\Projects\JetEngine\boomsonic_v0\.venv\Lib\site-packages\pycycle\thermo\static_ps_resid.py:128: RuntimeWarning: invalid value encountered in sqrt
  Vsonic = (i['gamma']*i['R']*i['Ts'])**0.5
C:\Users\MEO\Desktop\Projects\JetEngine\boomsonic_v0\.venv\Lib\site-packages\pycycle\thermo\static_ps_resid.py:128: RuntimeWarning: invalid value encountered in sqrt
  Vsonic = (i['gamma']*i['R']*i['Ts'])**0.5
C:\Users\MEO\Desktop\Projects\JetEngine\boomsonic_v0\.venv\Lib\site-packages\pycycle\thermo\static_ps_resid.py:128: RuntimeWarning: invalid value encountered in sqrt
  Vsonic = (i['gamma']*i['R']*i['Ts'])**0.5
C:\Users\MEO\Desktop\Projects\JetEngine\boomsonic_v0\.venv\Lib\site-packages\pycycle\thermo\static_ps_resid.py:128: RuntimeWarning: invalid value encountered in sqrt
  Vsonic = (i['gamma']*i['R']*i['Ts'])**0.5
C:\Users\MEO\Desktop\Projects\JetEngine\boomsonic_v0\.venv\Lib\site-packages\pycycle\thermo\static_ps_resid.py:128: RuntimeWarning: invalid value encountered in sqrt
  Vsonic = (i['gamma']*i['R']*i['Ts'])**0.5
C:\Users\MEO\Desktop\Projects\JetEngine\boomsonic_v0\.venv\Lib\site-packages\pycycle\thermo\static_ps_resid.py:128: RuntimeWarning: invalid value encountered in sqrt
  Vsonic = (i['gamma']*i['R']*i['Ts'])**0.5
C:\Users\MEO\Desktop\Projects\JetEngine\boomsonic_v0\.venv\Lib\site-packages\pycycle\thermo\static_ps_resid.py:128: RuntimeWarning: invalid value encountered in sqrt
  Vsonic = (i['gamma']*i['R']*i['Ts'])**0.5
C:\Users\MEO\Desktop\Projects\JetEngine\boomsonic_v0\.venv\Lib\site-packages\pycycle\thermo\static_ps_resid.py:128: RuntimeWarning: invalid value encountered in sqrt
  Vsonic = (i['gamma']*i['R']*i['Ts'])**0.5
C:\Users\MEO\Desktop\Projects\JetEngine\boomsonic_v0\.venv\Lib\site-packages\pycycle\thermo\static_ps_resid.py:128: RuntimeWarning: invalid value encountered in sqrt
  Vsonic = (i['gamma']*i['R']*i['Ts'])**0.5
C:\Users\MEO\Desktop\Projects\JetEngine\boomsonic_v0\.venv\Lib\site-packages\pycycle\thermo\static_ps_resid.py:128: RuntimeWarning: invalid value encountered in sqrt
  Vsonic = (i['gamma']*i['R']*i['Ts'])**0.5
C:\Users\MEO\Desktop\Projects\JetEngine\boomsonic_v0\.venv\Lib\site-packages\pycycle\thermo\static_ps_resid.py:128: RuntimeWarning: invalid value encountered in sqrt
  Vsonic = (i['gamma']*i['R']*i['Ts'])**0.5
C:\Users\MEO\Desktop\Projects\JetEngine\boomsonic_v0\.venv\Lib\site-packages\pycycle\thermo\static_ps_resid.py:128: RuntimeWarning: invalid value encountered in sqrt
  Vsonic = (i['gamma']*i['R']*i['Ts'])**0.5
C:\Users\MEO\Desktop\Projects\JetEngine\boomsonic_v0\.venv\Lib\site-packages\pycycle\thermo\static_ps_resid.py:128: RuntimeWarning: invalid value encountered in sqrt
  Vsonic = (i['gamma']*i['R']*i['Ts'])**0.5
C:\Users\MEO\Desktop\Projects\JetEngine\boomsonic_v0\.venv\Lib\site-packages\pycycle\thermo\static_ps_resid.py:128: RuntimeWarning: invalid value encountered in sqrt
  Vsonic = (i['gamma']*i['R']*i['Ts'])**0.5
C:\Users\MEO\Desktop\Projects\JetEngine\boomsonic_v0\.venv\Lib\site-packages\pycycle\thermo\static_ps_resid.py:128: RuntimeWarning: invalid value encountered in sqrt
  Vsonic = (i['gamma']*i['R']*i['Ts'])**0.5
C:\Users\MEO\Desktop\Projects\JetEngine\boomsonic_v0\.venv\Lib\site-packages\pycycle\thermo\static_ps_resid.py:128: RuntimeWarning: invalid value encountered in sqrt
  Vsonic = (i['gamma']*i['R']*i['Ts'])**0.5
C:\Users\MEO\Desktop\Projects\JetEngine\boomsonic_v0\.venv\Lib\site-packages\pycycle\thermo\static_ps_resid.py:128: RuntimeWarning: invalid value encountered in sqrt
  Vsonic = (i['gamma']*i['R']*i['Ts'])**0.5
C:\Users\MEO\Desktop\Projects\JetEngine\boomsonic_v0\.venv\Lib\site-packages\pycycle\thermo\static_ps_resid.py:128: RuntimeWarning: invalid value encountered in sqrt
  Vsonic = (i['gamma']*i['R']*i['Ts'])**0.5
C:\Users\MEO\Desktop\Projects\JetEngine\boomsonic_v0\.venv\Lib\site-packages\pycycle\thermo\static_ps_resid.py:128: RuntimeWarning: invalid value encountered in sqrt
  Vsonic = (i['gamma']*i['R']*i['Ts'])**0.5
C:\Users\MEO\Desktop\Projects\JetEngine\boomsonic_v0\.venv\Lib\site-packages\pycycle\thermo\static_ps_resid.py:128: RuntimeWarning: invalid value encountered in sqrt
  Vsonic = (i['gamma']*i['R']*i['Ts'])**0.5
C:\Users\MEO\Desktop\Projects\JetEngine\boomsonic_v0\.venv\Lib\site-packages\pycycle\thermo\static_ps_resid.py:128: RuntimeWarning: invalid value encountered in sqrt
  Vsonic = (i['gamma']*i['R']*i['Ts'])**0.5
C:\Users\MEO\Desktop\Projects\JetEngine\boomsonic_v0\.venv\Lib\site-packages\pycycle\thermo\static_ps_resid.py:128: RuntimeWarning: invalid value encountered in sqrt
  Vsonic = (i['gamma']*i['R']*i['Ts'])**0.5
C:\Users\MEO\Desktop\Projects\JetEngine\boomsonic_v0\.venv\Lib\site-packages\pycycle\thermo\static_ps_resid.py:128: RuntimeWarning: invalid value encountered in sqrt
  Vsonic = (i['gamma']*i['R']*i['Ts'])**0.5
C:\Users\MEO\Desktop\Projects\JetEngine\boomsonic_v0\.venv\Lib\site-packages\pycycle\thermo\static_ps_resid.py:128: RuntimeWarning: invalid value encountered in sqrt
  Vsonic = (i['gamma']*i['R']*i['Ts'])**0.5
C:\Users\MEO\Desktop\Projects\JetEngine\boomsonic_v0\.venv\Lib\site-packages\pycycle\thermo\static_ps_resid.py:128: RuntimeWarning: invalid value encountered in sqrt
  Vsonic = (i['gamma']*i['R']*i['Ts'])**0.5
C:\Users\MEO\Desktop\Projects\JetEngine\boomsonic_v0\.venv\Lib\site-packages\pycycle\thermo\static_ps_resid.py:128: RuntimeWarning: invalid value encountered in sqrt
  Vsonic = (i['gamma']*i['R']*i['Ts'])**0.5
C:\Users\MEO\Desktop\Projects\JetEngine\boomsonic_v0\.venv\Lib\site-packages\pycycle\thermo\static_ps_resid.py:128: RuntimeWarning: invalid value encountered in sqrt
  Vsonic = (i['gamma']*i['R']*i['Ts'])**0.5
C:\Users\MEO\Desktop\Projects\JetEngine\boomsonic_v0\.venv\Lib\site-packages\pycycle\thermo\static_ps_resid.py:128: RuntimeWarning: invalid value encountered in sqrt
  Vsonic = (i['gamma']*i['R']*i['Ts'])**0.5
C:\Users\MEO\Desktop\Projects\JetEngine\boomsonic_v0\.venv\Lib\site-packages\pycycle\thermo\static_ps_resid.py:128: RuntimeWarning: invalid value encountered in sqrt
  Vsonic = (i['gamma']*i['R']*i['Ts'])**0.5
C:\Users\MEO\Desktop\Projects\JetEngine\boomsonic_v0\.venv\Lib\site-packages\pycycle\thermo\static_ps_resid.py:128: RuntimeWarning: invalid value encountered in sqrt
  Vsonic = (i['gamma']*i['R']*i['Ts'])**0.5
C:\Users\MEO\Desktop\Projects\JetEngine\boomsonic_v0\.venv\Lib\site-packages\pycycle\thermo\static_ps_resid.py:128: RuntimeWarning: invalid value encountered in sqrt
  Vsonic = (i['gamma']*i['R']*i['Ts'])**0.5
C:\Users\MEO\Desktop\Projects\JetEngine\boomsonic_v0\.venv\Lib\site-packages\pycycle\thermo\static_ps_resid.py:128: RuntimeWarning: invalid value encountered in sqrt
  Vsonic = (i['gamma']*i['R']*i['Ts'])**0.5
C:\Users\MEO\Desktop\Projects\JetEngine\boomsonic_v0\.venv\Lib\site-packages\pycycle\thermo\static_ps_resid.py:128: RuntimeWarning: invalid value encountered in sqrt
  Vsonic = (i['gamma']*i['R']*i['Ts'])**0.5
C:\Users\MEO\Desktop\Projects\JetEngine\boomsonic_v0\.venv\Lib\site-packages\pycycle\thermo\static_ps_resid.py:128: RuntimeWarning: invalid value encountered in sqrt
  Vsonic = (i['gamma']*i['R']*i['Ts'])**0.5
C:\Users\MEO\Desktop\Projects\JetEngine\boomsonic_v0\.venv\Lib\site-packages\pycycle\thermo\static_ps_resid.py:128: RuntimeWarning: invalid value encountered in sqrt
  Vsonic = (i['gamma']*i['R']*i['Ts'])**0.5
C:\Users\MEO\Desktop\Projects\JetEngine\boomsonic_v0\.venv\Lib\site-packages\pycycle\thermo\static_ps_resid.py:128: RuntimeWarning: invalid value encountered in sqrt
  Vsonic = (i['gamma']*i['R']*i['Ts'])**0.5
C:\Users\MEO\Desktop\Projects\JetEngine\boomsonic_v0\.venv\Lib\site-packages\pycycle\thermo\static_ps_resid.py:128: RuntimeWarning: invalid value encountered in sqrt
  Vsonic = (i['gamma']*i['R']*i['Ts'])**0.5
C:\Users\MEO\Desktop\Projects\JetEngine\boomsonic_v0\.venv\Lib\site-packages\pycycle\thermo\static_ps_resid.py:128: RuntimeWarning: invalid value encountered in sqrt
  Vsonic = (i['gamma']*i['R']*i['Ts'])**0.5
C:\Users\MEO\Desktop\Projects\JetEngine\boomsonic_v0\.venv\Lib\site-packages\pycycle\thermo\static_ps_resid.py:128: RuntimeWarning: invalid value encountered in sqrt
  Vsonic = (i['gamma']*i['R']*i['Ts'])**0.5
C:\Users\MEO\Desktop\Projects\JetEngine\boomsonic_v0\.venv\Lib\site-packages\pycycle\thermo\static_ps_resid.py:128: RuntimeWarning: invalid value encountered in sqrt
  Vsonic = (i['gamma']*i['R']*i['Ts'])**0.5
C:\Users\MEO\Desktop\Projects\JetEngine\boomsonic_v0\.venv\Lib\site-packages\pycycle\thermo\static_ps_resid.py:128: RuntimeWarning: invalid value encountered in sqrt
  Vsonic = (i['gamma']*i['R']*i['Ts'])**0.5
C:\Users\MEO\Desktop\Projects\JetEngine\boomsonic_v0\.venv\Lib\site-packages\pycycle\thermo\static_ps_resid.py:128: RuntimeWarning: invalid value encountered in sqrt
  Vsonic = (i['gamma']*i['R']*i['Ts'])**0.5
C:\Users\MEO\Desktop\Projects\JetEngine\boomsonic_v0\.venv\Lib\site-packages\pycycle\thermo\static_ps_resid.py:128: RuntimeWarning: invalid value encountered in sqrt
  Vsonic = (i['gamma']*i['R']*i['Ts'])**0.5
C:\Users\MEO\Desktop\Projects\JetEngine\boomsonic_v0\.venv\Lib\site-packages\pycycle\thermo\static_ps_resid.py:128: RuntimeWarning: invalid value encountered in sqrt
  Vsonic = (i['gamma']*i['R']*i['Ts'])**0.5
C:\Users\MEO\Desktop\Projects\JetEngine\boomsonic_v0\.venv\Lib\site-packages\pycycle\thermo\static_ps_resid.py:128: RuntimeWarning: invalid value encountered in sqrt
  Vsonic = (i['gamma']*i['R']*i['Ts'])**0.5
C:\Users\MEO\Desktop\Projects\JetEngine\boomsonic_v0\.venv\Lib\site-packages\pycycle\thermo\static_ps_resid.py:128: RuntimeWarning: invalid value encountered in sqrt
  Vsonic = (i['gamma']*i['R']*i['Ts'])**0.5
C:\Users\MEO\Desktop\Projects\JetEngine\boomsonic_v0\.venv\Lib\site-packages\pycycle\thermo\static_ps_resid.py:128: RuntimeWarning: invalid value encountered in sqrt
  Vsonic = (i['gamma']*i['R']*i['Ts'])**0.5
C:\Users\MEO\Desktop\Projects\JetEngine\boomsonic_v0\.venv\Lib\site-packages\pycycle\thermo\static_ps_resid.py:128: RuntimeWarning: invalid value encountered in sqrt
  Vsonic = (i['gamma']*i['R']*i['Ts'])**0.5
C:\Users\MEO\Desktop\Projects\JetEngine\boomsonic_v0\.venv\Lib\site-packages\pycycle\thermo\static_ps_resid.py:128: RuntimeWarning: invalid value encountered in sqrt
  Vsonic = (i['gamma']*i['R']*i['Ts'])**0.5
C:\Users\MEO\Desktop\Projects\JetEngine\boomsonic_v0\.venv\Lib\site-packages\pycycle\thermo\static_ps_resid.py:128: RuntimeWarning: invalid value encountered in sqrt
  Vsonic = (i['gamma']*i['R']*i['Ts'])**0.5
C:\Users\MEO\Desktop\Projects\JetEngine\boomsonic_v0\.venv\Lib\site-packages\pycycle\thermo\static_ps_resid.py:128: RuntimeWarning: invalid value encountered in sqrt
  Vsonic = (i['gamma']*i['R']*i['Ts'])**0.5
C:\Users\MEO\Desktop\Projects\JetEngine\boomsonic_v0\.venv\Lib\site-packages\pycycle\thermo\static_ps_resid.py:128: RuntimeWarning: invalid value encountered in sqrt
  Vsonic = (i['gamma']*i['R']*i['Ts'])**0.5
C:\Users\MEO\Desktop\Projects\JetEngine\boomsonic_v0\.venv\Lib\site-packages\pycycle\thermo\static_ps_resid.py:128: RuntimeWarning: invalid value encountered in sqrt
  Vsonic = (i['gamma']*i['R']*i['Ts'])**0.5
C:\Users\MEO\Desktop\Projects\JetEngine\boomsonic_v0\.venv\Lib\site-packages\pycycle\thermo\static_ps_resid.py:128: RuntimeWarning: invalid value encountered in sqrt
  Vsonic = (i['gamma']*i['R']*i['Ts'])**0.5
C:\Users\MEO\Desktop\Projects\JetEngine\boomsonic_v0\.venv\Lib\site-packages\pycycle\thermo\static_ps_resid.py:128: RuntimeWarning: invalid value encountered in sqrt
  Vsonic = (i['gamma']*i['R']*i['Ts'])**0.5
C:\Users\MEO\Desktop\Projects\JetEngine\boomsonic_v0\.venv\Lib\site-packages\openmdao\solvers\solver.py:819: SolverWarning:Your model has stalled three times and may be violating the bounds. In the future, turn on print_bound_enforce in your solver options here: 
OD0.turb.real_flow_b4bld.nonlinear_solver.linesearch.options['print_bound_enforce']=True. 
The bound(s) being violated now are:

C:\Users\MEO\Desktop\Projects\JetEngine\boomsonic_v0\.venv\Lib\site-packages\openmdao\solvers\linesearch\backtracking.py:35: SolverWarning:'OD0.turb.real_flow_b4bld.balance.T' exceeds upper bounds
  Val: [2894.98685805]
  Upper: [2500.]

C:\Users\MEO\Desktop\Projects\JetEngine\boomsonic_v0\.venv\Lib\site-packages\openmdao\solvers\solver.py:819: SolverWarning:Your model has stalled three times and may be violating the bounds. In the future, turn on print_bound_enforce in your solver options here: 
OD0.turb.real_flow.nonlinear_solver.linesearch.options['print_bound_enforce']=True. 
The bound(s) being violated now are:

C:\Users\MEO\Desktop\Projects\JetEngine\boomsonic_v0\.venv\Lib\site-packages\openmdao\solvers\linesearch\backtracking.py:35: SolverWarning:'OD0.turb.real_flow.balance.T' exceeds upper bounds
  Val: [2894.98685805]
  Upper: [2500.]

C:\Users\MEO\Desktop\Projects\JetEngine\boomsonic_v0\.venv\Lib\site-packages\pycycle\thermo\static_ps_resid.py:128: RuntimeWarning: invalid value encountered in sqrt
  Vsonic = (i['gamma']*i['R']*i['Ts'])**0.5
C:\Users\MEO\Desktop\Projects\JetEngine\boomsonic_v0\.venv\Lib\site-packages\pycycle\thermo\static_ps_resid.py:128: RuntimeWarning: invalid value encountered in sqrt
  Vsonic = (i['gamma']*i['R']*i['Ts'])**0.5
C:\Users\MEO\Desktop\Projects\JetEngine\boomsonic_v0\.venv\Lib\site-packages\pycycle\thermo\static_ps_resid.py:128: RuntimeWarning: invalid value encountered in sqrt
  Vsonic = (i['gamma']*i['R']*i['Ts'])**0.5
C:\Users\MEO\Desktop\Projects\JetEngine\boomsonic_v0\.venv\Lib\site-packages\pycycle\thermo\static_ps_resid.py:128: RuntimeWarning: invalid value encountered in sqrt
  Vsonic = (i['gamma']*i['R']*i['Ts'])**0.5
C:\Users\MEO\Desktop\Projects\JetEngine\boomsonic_v0\.venv\Lib\site-packages\pycycle\thermo\static_ps_resid.py:128: RuntimeWarning: invalid value encountered in sqrt
  Vsonic = (i['gamma']*i['R']*i['Ts'])**0.5
C:\Users\MEO\Desktop\Projects\JetEngine\boomsonic_v0\.venv\Lib\site-packages\openmdao\solvers\solver.py:819: SolverWarning:Your model has stalled three times and may be violating the bounds. In the future, turn on print_bound_enforce in your solver options here: 
OD0.nozz.throat_total.nonlinear_solver.linesearch.options['print_bound_enforce']=True. 
The bound(s) being violated now are:

C:\Users\MEO\Desktop\Projects\JetEngine\boomsonic_v0\.venv\Lib\site-packages\openmdao\solvers\linesearch\backtracking.py:35: SolverWarning:'OD0.nozz.throat_total.balance.T' exceeds upper bounds
  Val: [2894.98685805]
  Upper: [2500.]

C:\Users\MEO\Desktop\Projects\JetEngine\boomsonic_v0\.venv\Lib\site-packages\pycycle\thermo\static_ps_resid.py:108: RuntimeWarning: invalid value encountered in sqrt
  Vsonic = (i['gamma']*i['R']*i['Ts'])**0.5
C:\Users\MEO\Desktop\Projects\JetEngine\boomsonic_v0\.venv\Lib\site-packages\pycycle\thermo\static_ps_resid.py:108: RuntimeWarning: invalid value encountered in sqrt
  Vsonic = (i['gamma']*i['R']*i['Ts'])**0.5
C:\Users\MEO\Desktop\Projects\JetEngine\boomsonic_v0\.venv\Lib\site-packages\pycycle\thermo\static_ps_resid.py:108: RuntimeWarning: invalid value encountered in sqrt
  Vsonic = (i['gamma']*i['R']*i['Ts'])**0.5
C:\Users\MEO\Desktop\Projects\JetEngine\boomsonic_v0\.venv\Lib\site-packages\pycycle\thermo\static_ps_resid.py:108: RuntimeWarning: invalid value encountered in sqrt
  Vsonic = (i['gamma']*i['R']*i['Ts'])**0.5
C:\Users\MEO\Desktop\Projects\JetEngine\boomsonic_v0\.venv\Lib\site-packages\pycycle\thermo\static_ps_resid.py:108: RuntimeWarning: invalid value encountered in sqrt
  Vsonic = (i['gamma']*i['R']*i['Ts'])**0.5
C:\Users\MEO\Desktop\Projects\JetEngine\boomsonic_v0\.venv\Lib\site-packages\pycycle\thermo\static_ps_resid.py:108: RuntimeWarning: invalid value encountered in sqrt
  Vsonic = (i['gamma']*i['R']*i['Ts'])**0.5
C:\Users\MEO\Desktop\Projects\JetEngine\boomsonic_v0\.venv\Lib\site-packages\pycycle\thermo\static_ps_resid.py:128: RuntimeWarning: invalid value encountered in sqrt
  Vsonic = (i['gamma']*i['R']*i['Ts'])**0.5
C:\Users\MEO\Desktop\Projects\JetEngine\boomsonic_v0\.venv\Lib\site-packages\pycycle\thermo\static_ps_resid.py:108: RuntimeWarning: invalid value encountered in sqrt
  Vsonic = (i['gamma']*i['R']*i['Ts'])**0.5
C:\Users\MEO\Desktop\Projects\JetEngine\boomsonic_v0\.venv\Lib\site-packages\openmdao\solvers\solver.py:819: SolverWarning:Your model has stalled three times and may be violating the bounds. In the future, turn on print_bound_enforce in your solver options here: 
OD0.burner.vitiated_flow.nonlinear_solver.linesearch.options['print_bound_enforce']=True. 
The bound(s) being violated now are:

C:\Users\MEO\Desktop\Projects\JetEngine\boomsonic_v0\.venv\Lib\site-packages\openmdao\solvers\linesearch\backtracking.py:35: SolverWarning:'OD0.burner.vitiated_flow.balance.T' exceeds upper bounds
  Val: [3719.53855226]
  Upper: [2500.]

C:\Users\MEO\Desktop\Projects\JetEngine\boomsonic_v0\.venv\Lib\site-packages\pycycle\thermo\static_ps_resid.py:128: RuntimeWarning: invalid value encountered in sqrt
  Vsonic = (i['gamma']*i['R']*i['Ts'])**0.5
C:\Users\MEO\Desktop\Projects\JetEngine\boomsonic_v0\.venv\Lib\site-packages\pycycle\thermo\static_ps_resid.py:128: RuntimeWarning: invalid value encountered in sqrt
  Vsonic = (i['gamma']*i['R']*i['Ts'])**0.5
C:\Users\MEO\Desktop\Projects\JetEngine\boomsonic_v0\.venv\Lib\site-packages\pycycle\thermo\static_ps_resid.py:128: RuntimeWarning: invalid value encountered in sqrt
  Vsonic = (i['gamma']*i['R']*i['Ts'])**0.5
C:\Users\MEO\Desktop\Projects\JetEngine\boomsonic_v0\.venv\Lib\site-packages\pycycle\thermo\static_ps_resid.py:128: RuntimeWarning: invalid value encountered in sqrt
  Vsonic = (i['gamma']*i['R']*i['Ts'])**0.5
C:\Users\MEO\Desktop\Projects\JetEngine\boomsonic_v0\.venv\Lib\site-packages\pycycle\thermo\static_ps_resid.py:128: RuntimeWarning: invalid value encountered in sqrt
  Vsonic = (i['gamma']*i['R']*i['Ts'])**0.5
C:\Users\MEO\Desktop\Projects\JetEngine\boomsonic_v0\.venv\Lib\site-packages\pycycle\thermo\static_ps_resid.py:128: RuntimeWarning: invalid value encountered in sqrt
  Vsonic = (i['gamma']*i['R']*i['Ts'])**0.5
C:\Users\MEO\Desktop\Projects\JetEngine\boomsonic_v0\.venv\Lib\site-packages\pycycle\thermo\static_ps_resid.py:128: RuntimeWarning: invalid value encountered in sqrt
  Vsonic = (i['gamma']*i['R']*i['Ts'])**0.5
C:\Users\MEO\Desktop\Projects\JetEngine\boomsonic_v0\.venv\Lib\site-packages\pycycle\thermo\static_ps_resid.py:128: RuntimeWarning: invalid value encountered in sqrt
  Vsonic = (i['gamma']*i['R']*i['Ts'])**0.5
C:\Users\MEO\Desktop\Projects\JetEngine\boomsonic_v0\.venv\Lib\site-packages\openmdao\solvers\solver.py:819: SolverWarning:Your model has stalled three times and may be violating the bounds. In the future, turn on print_bound_enforce in your solver options here: 
OD0.turb.real_flow_b4bld.nonlinear_solver.linesearch.options['print_bound_enforce']=True. 
The bound(s) being violated now are:

C:\Users\MEO\Desktop\Projects\JetEngine\boomsonic_v0\.venv\Lib\site-packages\openmdao\solvers\linesearch\backtracking.py:35: SolverWarning:'OD0.turb.real_flow_b4bld.balance.T' exceeds upper bounds
  Val: [2894.98685805]
  Upper: [2500.]

C:\Users\MEO\Desktop\Projects\JetEngine\boomsonic_v0\.venv\Lib\site-packages\openmdao\solvers\solver.py:819: SolverWarning:Your model has stalled three times and may be violating the bounds. In the future, turn on print_bound_enforce in your solver options here: 
OD0.turb.real_flow.nonlinear_solver.linesearch.options['print_bound_enforce']=True. 
The bound(s) being violated now are:

C:\Users\MEO\Desktop\Projects\JetEngine\boomsonic_v0\.venv\Lib\site-packages\openmdao\solvers\linesearch\backtracking.py:35: SolverWarning:'OD0.turb.real_flow.balance.T' exceeds upper bounds
  Val: [2894.98685805]
  Upper: [2500.]

C:\Users\MEO\Desktop\Projects\JetEngine\boomsonic_v0\.venv\Lib\site-packages\pycycle\thermo\static_ps_resid.py:128: RuntimeWarning: invalid value encountered in sqrt
  Vsonic = (i['gamma']*i['R']*i['Ts'])**0.5
C:\Users\MEO\Desktop\Projects\JetEngine\boomsonic_v0\.venv\Lib\site-packages\pycycle\thermo\static_ps_resid.py:128: RuntimeWarning: invalid value encountered in sqrt
  Vsonic = (i['gamma']*i['R']*i['Ts'])**0.5
C:\Users\MEO\Desktop\Projects\JetEngine\boomsonic_v0\.venv\Lib\site-packages\pycycle\thermo\static_ps_resid.py:128: RuntimeWarning: invalid value encountered in sqrt
  Vsonic = (i['gamma']*i['R']*i['Ts'])**0.5
C:\Users\MEO\Desktop\Projects\JetEngine\boomsonic_v0\.venv\Lib\site-packages\pycycle\thermo\static_ps_resid.py:128: RuntimeWarning: invalid value encountered in sqrt
  Vsonic = (i['gamma']*i['R']*i['Ts'])**0.5
C:\Users\MEO\Desktop\Projects\JetEngine\boomsonic_v0\.venv\Lib\site-packages\pycycle\thermo\static_ps_resid.py:128: RuntimeWarning: invalid value encountered in sqrt
  Vsonic = (i['gamma']*i['R']*i['Ts'])**0.5
C:\Users\MEO\Desktop\Projects\JetEngine\boomsonic_v0\.venv\Lib\site-packages\openmdao\solvers\solver.py:819: SolverWarning:Your model has stalled three times and may be violating the bounds. In the future, turn on print_bound_enforce in your solver options here: 
OD0.nozz.throat_total.nonlinear_solver.linesearch.options['print_bound_enforce']=True. 
The bound(s) being violated now are:

C:\Users\MEO\Desktop\Projects\JetEngine\boomsonic_v0\.venv\Lib\site-packages\openmdao\solvers\linesearch\backtracking.py:35: SolverWarning:'OD0.nozz.throat_total.balance.T' exceeds upper bounds
  Val: [2894.98685805]
  Upper: [2500.]

C:\Users\MEO\Desktop\Projects\JetEngine\boomsonic_v0\.venv\Lib\site-packages\pycycle\thermo\static_ps_resid.py:108: RuntimeWarning: invalid value encountered in sqrt
  Vsonic = (i['gamma']*i['R']*i['Ts'])**0.5
C:\Users\MEO\Desktop\Projects\JetEngine\boomsonic_v0\.venv\Lib\site-packages\pycycle\thermo\static_ps_resid.py:108: RuntimeWarning: invalid value encountered in sqrt
  Vsonic = (i['gamma']*i['R']*i['Ts'])**0.5
C:\Users\MEO\Desktop\Projects\JetEngine\boomsonic_v0\.venv\Lib\site-packages\pycycle\thermo\static_ps_resid.py:108: RuntimeWarning: invalid value encountered in sqrt
  Vsonic = (i['gamma']*i['R']*i['Ts'])**0.5
C:\Users\MEO\Desktop\Projects\JetEngine\boomsonic_v0\.venv\Lib\site-packages\pycycle\thermo\static_ps_resid.py:108: RuntimeWarning: invalid value encountered in sqrt
  Vsonic = (i['gamma']*i['R']*i['Ts'])**0.5
C:\Users\MEO\Desktop\Projects\JetEngine\boomsonic_v0\.venv\Lib\site-packages\pycycle\thermo\static_ps_resid.py:108: RuntimeWarning: invalid value encountered in sqrt
  Vsonic = (i['gamma']*i['R']*i['Ts'])**0.5
C:\Users\MEO\Desktop\Projects\JetEngine\boomsonic_v0\.venv\Lib\site-packages\pycycle\thermo\static_ps_resid.py:128: RuntimeWarning: invalid value encountered in sqrt
  Vsonic = (i['gamma']*i['R']*i['Ts'])**0.5
C:\Users\MEO\Desktop\Projects\JetEngine\boomsonic_v0\.venv\Lib\site-packages\openmdao\solvers\solver.py:819: SolverWarning:Your model has stalled three times and may be violating the bounds. In the future, turn on print_bound_enforce in your solver options here: 
OD0.burner.vitiated_flow.nonlinear_solver.linesearch.options['print_bound_enforce']=True. 
The bound(s) being violated now are:

C:\Users\MEO\Desktop\Projects\JetEngine\boomsonic_v0\.venv\Lib\site-packages\openmdao\solvers\linesearch\backtracking.py:35: SolverWarning:'OD0.burner.vitiated_flow.balance.T' exceeds upper bounds
  Val: [3719.53855226]
  Upper: [2500.]

C:\Users\MEO\Desktop\Projects\JetEngine\boomsonic_v0\.venv\Lib\site-packages\pycycle\thermo\static_ps_resid.py:128: RuntimeWarning: invalid value encountered in sqrt
  Vsonic = (i['gamma']*i['R']*i['Ts'])**0.5
C:\Users\MEO\Desktop\Projects\JetEngine\boomsonic_v0\.venv\Lib\site-packages\pycycle\thermo\static_ps_resid.py:128: RuntimeWarning: invalid value encountered in sqrt
  Vsonic = (i['gamma']*i['R']*i['Ts'])**0.5
C:\Users\MEO\Desktop\Projects\JetEngine\boomsonic_v0\.venv\Lib\site-packages\pycycle\thermo\static_ps_resid.py:128: RuntimeWarning: invalid value encountered in sqrt
  Vsonic = (i['gamma']*i['R']*i['Ts'])**0.5
C:\Users\MEO\Desktop\Projects\JetEngine\boomsonic_v0\.venv\Lib\site-packages\pycycle\thermo\static_ps_resid.py:128: RuntimeWarning: invalid value encountered in sqrt
  Vsonic = (i['gamma']*i['R']*i['Ts'])**0.5
C:\Users\MEO\Desktop\Projects\JetEngine\boomsonic_v0\.venv\Lib\site-packages\pycycle\thermo\static_ps_resid.py:128: RuntimeWarning: invalid value encountered in sqrt
  Vsonic = (i['gamma']*i['R']*i['Ts'])**0.5
C:\Users\MEO\Desktop\Projects\JetEngine\boomsonic_v0\.venv\Lib\site-packages\pycycle\thermo\static_ps_resid.py:128: RuntimeWarning: invalid value encountered in sqrt
  Vsonic = (i['gamma']*i['R']*i['Ts'])**0.5
C:\Users\MEO\Desktop\Projects\JetEngine\boomsonic_v0\.venv\Lib\site-packages\pycycle\thermo\static_ps_resid.py:128: RuntimeWarning: invalid value encountered in sqrt
  Vsonic = (i['gamma']*i['R']*i['Ts'])**0.5
C:\Users\MEO\Desktop\Projects\JetEngine\boomsonic_v0\.venv\Lib\site-packages\pycycle\thermo\static_ps_resid.py:128: RuntimeWarning: invalid value encountered in sqrt
  Vsonic = (i['gamma']*i['R']*i['Ts'])**0.5
C:\Users\MEO\Desktop\Projects\JetEngine\boomsonic_v0\.venv\Lib\site-packages\pycycle\thermo\static_ps_resid.py:128: RuntimeWarning: invalid value encountered in sqrt
  Vsonic = (i['gamma']*i['R']*i['Ts'])**0.5
C:\Users\MEO\Desktop\Projects\JetEngine\boomsonic_v0\.venv\Lib\site-packages\pycycle\thermo\static_ps_resid.py:128: RuntimeWarning: invalid value encountered in sqrt
  Vsonic = (i['gamma']*i['R']*i['Ts'])**0.5
C:\Users\MEO\Desktop\Projects\JetEngine\boomsonic_v0\.venv\Lib\site-packages\pycycle\thermo\static_ps_resid.py:128: RuntimeWarning: invalid value encountered in sqrt
  Vsonic = (i['gamma']*i['R']*i['Ts'])**0.5
C:\Users\MEO\Desktop\Projects\JetEngine\boomsonic_v0\.venv\Lib\site-packages\pycycle\thermo\static_ps_resid.py:128: RuntimeWarning: invalid value encountered in sqrt
  Vsonic = (i['gamma']*i['R']*i['Ts'])**0.5
C:\Users\MEO\Desktop\Projects\JetEngine\boomsonic_v0\.venv\Lib\site-packages\pycycle\thermo\static_ps_resid.py:128: RuntimeWarning: invalid value encountered in sqrt
  Vsonic = (i['gamma']*i['R']*i['Ts'])**0.5
C:\Users\MEO\Desktop\Projects\JetEngine\boomsonic_v0\.venv\Lib\site-packages\pycycle\thermo\static_ps_resid.py:128: RuntimeWarning: invalid value encountered in sqrt
  Vsonic = (i['gamma']*i['R']*i['Ts'])**0.5
C:\Users\MEO\Desktop\Projects\JetEngine\boomsonic_v0\.venv\Lib\site-packages\pycycle\thermo\static_ps_resid.py:128: RuntimeWarning: invalid value encountered in sqrt
  Vsonic = (i['gamma']*i['R']*i['Ts'])**0.5
C:\Users\MEO\Desktop\Projects\JetEngine\boomsonic_v0\.venv\Lib\site-packages\pycycle\thermo\static_ps_resid.py:128: RuntimeWarning: invalid value encountered in sqrt
  Vsonic = (i['gamma']*i['R']*i['Ts'])**0.5
C:\Users\MEO\Desktop\Projects\JetEngine\boomsonic_v0\.venv\Lib\site-packages\pycycle\thermo\static_ps_resid.py:128: RuntimeWarning: invalid value encountered in sqrt
  Vsonic = (i['gamma']*i['R']*i['Ts'])**0.5
C:\Users\MEO\Desktop\Projects\JetEngine\boomsonic_v0\.venv\Lib\site-packages\pycycle\thermo\static_ps_resid.py:128: RuntimeWarning: invalid value encountered in sqrt
  Vsonic = (i['gamma']*i['R']*i['Ts'])**0.5
C:\Users\MEO\Desktop\Projects\JetEngine\boomsonic_v0\.venv\Lib\site-packages\pycycle\thermo\static_ps_resid.py:128: RuntimeWarning: invalid value encountered in sqrt
  Vsonic = (i['gamma']*i['R']*i['Ts'])**0.5
C:\Users\MEO\Desktop\Projects\JetEngine\boomsonic_v0\.venv\Lib\site-packages\pycycle\thermo\static_ps_resid.py:128: RuntimeWarning: invalid value encountered in sqrt
  Vsonic = (i['gamma']*i['R']*i['Ts'])**0.5
C:\Users\MEO\Desktop\Projects\JetEngine\boomsonic_v0\.venv\Lib\site-packages\pycycle\thermo\static_ps_resid.py:128: RuntimeWarning: invalid value encountered in sqrt
  Vsonic = (i['gamma']*i['R']*i['Ts'])**0.5
C:\Users\MEO\Desktop\Projects\JetEngine\boomsonic_v0\.venv\Lib\site-packages\pycycle\thermo\static_ps_resid.py:128: RuntimeWarning: invalid value encountered in sqrt
  Vsonic = (i['gamma']*i['R']*i['Ts'])**0.5
C:\Users\MEO\Desktop\Projects\JetEngine\boomsonic_v0\.venv\Lib\site-packages\pycycle\thermo\static_ps_resid.py:128: RuntimeWarning: invalid value encountered in sqrt
  Vsonic = (i['gamma']*i['R']*i['Ts'])**0.5
C:\Users\MEO\Desktop\Projects\JetEngine\boomsonic_v0\.venv\Lib\site-packages\pycycle\thermo\static_ps_resid.py:128: RuntimeWarning: invalid value encountered in sqrt
  Vsonic = (i['gamma']*i['R']*i['Ts'])**0.5
C:\Users\MEO\Desktop\Projects\JetEngine\boomsonic_v0\.venv\Lib\site-packages\pycycle\thermo\static_ps_resid.py:128: RuntimeWarning: invalid value encountered in sqrt
  Vsonic = (i['gamma']*i['R']*i['Ts'])**0.5
C:\Users\MEO\Desktop\Projects\JetEngine\boomsonic_v0\.venv\Lib\site-packages\pycycle\thermo\static_ps_resid.py:128: RuntimeWarning: invalid value encountered in sqrt
  Vsonic = (i['gamma']*i['R']*i['Ts'])**0.5
C:\Users\MEO\Desktop\Projects\JetEngine\boomsonic_v0\.venv\Lib\site-packages\pycycle\thermo\static_ps_resid.py:128: RuntimeWarning: invalid value encountered in sqrt
  Vsonic = (i['gamma']*i['R']*i['Ts'])**0.5
C:\Users\MEO\Desktop\Projects\JetEngine\boomsonic_v0\.venv\Lib\site-packages\pycycle\thermo\static_ps_resid.py:128: RuntimeWarning: invalid value encountered in sqrt
  Vsonic = (i['gamma']*i['R']*i['Ts'])**0.5
C:\Users\MEO\Desktop\Projects\JetEngine\boomsonic_v0\.venv\Lib\site-packages\pycycle\thermo\static_ps_resid.py:128: RuntimeWarning: invalid value encountered in sqrt
  Vsonic = (i['gamma']*i['R']*i['Ts'])**0.5
C:\Users\MEO\Desktop\Projects\JetEngine\boomsonic_v0\.venv\Lib\site-packages\pycycle\thermo\static_ps_resid.py:128: RuntimeWarning: invalid value encountered in sqrt
  Vsonic = (i['gamma']*i['R']*i['Ts'])**0.5
C:\Users\MEO\Desktop\Projects\JetEngine\boomsonic_v0\.venv\Lib\site-packages\pycycle\thermo\static_ps_resid.py:128: RuntimeWarning: invalid value encountered in sqrt
  Vsonic = (i['gamma']*i['R']*i['Ts'])**0.5
C:\Users\MEO\Desktop\Projects\JetEngine\boomsonic_v0\.venv\Lib\site-packages\pycycle\thermo\static_ps_resid.py:128: RuntimeWarning: invalid value encountered in sqrt
  Vsonic = (i['gamma']*i['R']*i['Ts'])**0.5
C:\Users\MEO\Desktop\Projects\JetEngine\boomsonic_v0\.venv\Lib\site-packages\pycycle\thermo\static_ps_resid.py:128: RuntimeWarning: invalid value encountered in sqrt
  Vsonic = (i['gamma']*i['R']*i['Ts'])**0.5
C:\Users\MEO\Desktop\Projects\JetEngine\boomsonic_v0\.venv\Lib\site-packages\pycycle\thermo\static_ps_resid.py:128: RuntimeWarning: invalid value encountered in sqrt
  Vsonic = (i['gamma']*i['R']*i['Ts'])**0.5
C:\Users\MEO\Desktop\Projects\JetEngine\boomsonic_v0\.venv\Lib\site-packages\pycycle\thermo\static_ps_resid.py:128: RuntimeWarning: invalid value encountered in sqrt
  Vsonic = (i['gamma']*i['R']*i['Ts'])**0.5
C:\Users\MEO\Desktop\Projects\JetEngine\boomsonic_v0\.venv\Lib\site-packages\pycycle\thermo\static_ps_resid.py:128: RuntimeWarning: invalid value encountered in sqrt
  Vsonic = (i['gamma']*i['R']*i['Ts'])**0.5
C:\Users\MEO\Desktop\Projects\JetEngine\boomsonic_v0\.venv\Lib\site-packages\pycycle\thermo\static_ps_resid.py:128: RuntimeWarning: invalid value encountered in sqrt
  Vsonic = (i['gamma']*i['R']*i['Ts'])**0.5
C:\Users\MEO\Desktop\Projects\JetEngine\boomsonic_v0\.venv\Lib\site-packages\pycycle\thermo\static_ps_resid.py:128: RuntimeWarning: invalid value encountered in sqrt
  Vsonic = (i['gamma']*i['R']*i['Ts'])**0.5
C:\Users\MEO\Desktop\Projects\JetEngine\boomsonic_v0\.venv\Lib\site-packages\pycycle\thermo\static_ps_resid.py:128: RuntimeWarning: invalid value encountered in sqrt
  Vsonic = (i['gamma']*i['R']*i['Ts'])**0.5
C:\Users\MEO\Desktop\Projects\JetEngine\boomsonic_v0\.venv\Lib\site-packages\pycycle\thermo\static_ps_resid.py:128: RuntimeWarning: invalid value encountered in sqrt
  Vsonic = (i['gamma']*i['R']*i['Ts'])**0.5
C:\Users\MEO\Desktop\Projects\JetEngine\boomsonic_v0\.venv\Lib\site-packages\pycycle\thermo\static_ps_resid.py:128: RuntimeWarning: invalid value encountered in sqrt
  Vsonic = (i['gamma']*i['R']*i['Ts'])**0.5
C:\Users\MEO\Desktop\Projects\JetEngine\boomsonic_v0\.venv\Lib\site-packages\pycycle\thermo\static_ps_resid.py:128: RuntimeWarning: invalid value encountered in sqrt
  Vsonic = (i['gamma']*i['R']*i['Ts'])**0.5
C:\Users\MEO\Desktop\Projects\JetEngine\boomsonic_v0\.venv\Lib\site-packages\pycycle\thermo\static_ps_resid.py:128: RuntimeWarning: invalid value encountered in sqrt
  Vsonic = (i['gamma']*i['R']*i['Ts'])**0.5
C:\Users\MEO\Desktop\Projects\JetEngine\boomsonic_v0\.venv\Lib\site-packages\pycycle\thermo\static_ps_resid.py:128: RuntimeWarning: invalid value encountered in sqrt
  Vsonic = (i['gamma']*i['R']*i['Ts'])**0.5
C:\Users\MEO\Desktop\Projects\JetEngine\boomsonic_v0\.venv\Lib\site-packages\pycycle\thermo\static_ps_resid.py:128: RuntimeWarning: invalid value encountered in sqrt
  Vsonic = (i['gamma']*i['R']*i['Ts'])**0.5
C:\Users\MEO\Desktop\Projects\JetEngine\boomsonic_v0\.venv\Lib\site-packages\pycycle\thermo\static_ps_resid.py:128: RuntimeWarning: invalid value encountered in sqrt
  Vsonic = (i['gamma']*i['R']*i['Ts'])**0.5
C:\Users\MEO\Desktop\Projects\JetEngine\boomsonic_v0\.venv\Lib\site-packages\pycycle\thermo\static_ps_resid.py:128: RuntimeWarning: invalid value encountered in sqrt
  Vsonic = (i['gamma']*i['R']*i['Ts'])**0.5
C:\Users\MEO\Desktop\Projects\JetEngine\boomsonic_v0\.venv\Lib\site-packages\pycycle\thermo\static_ps_resid.py:128: RuntimeWarning: invalid value encountered in sqrt
  Vsonic = (i['gamma']*i['R']*i['Ts'])**0.5
C:\Users\MEO\Desktop\Projects\JetEngine\boomsonic_v0\.venv\Lib\site-packages\pycycle\thermo\static_ps_resid.py:128: RuntimeWarning: invalid value encountered in sqrt
  Vsonic = (i['gamma']*i['R']*i['Ts'])**0.5
C:\Users\MEO\Desktop\Projects\JetEngine\boomsonic_v0\.venv\Lib\site-packages\pycycle\thermo\static_ps_resid.py:128: RuntimeWarning: invalid value encountered in sqrt
  Vsonic = (i['gamma']*i['R']*i['Ts'])**0.5
C:\Users\MEO\Desktop\Projects\JetEngine\boomsonic_v0\.venv\Lib\site-packages\pycycle\thermo\static_ps_resid.py:128: RuntimeWarning: invalid value encountered in sqrt
  Vsonic = (i['gamma']*i['R']*i['Ts'])**0.5
C:\Users\MEO\Desktop\Projects\JetEngine\boomsonic_v0\.venv\Lib\site-packages\pycycle\thermo\static_ps_resid.py:128: RuntimeWarning: invalid value encountered in sqrt
  Vsonic = (i['gamma']*i['R']*i['Ts'])**0.5
C:\Users\MEO\Desktop\Projects\JetEngine\boomsonic_v0\.venv\Lib\site-packages\pycycle\thermo\static_ps_resid.py:128: RuntimeWarning: invalid value encountered in sqrt
  Vsonic = (i['gamma']*i['R']*i['Ts'])**0.5
C:\Users\MEO\Desktop\Projects\JetEngine\boomsonic_v0\.venv\Lib\site-packages\pycycle\thermo\static_ps_resid.py:128: RuntimeWarning: invalid value encountered in sqrt
  Vsonic = (i['gamma']*i['R']*i['Ts'])**0.5
C:\Users\MEO\Desktop\Projects\JetEngine\boomsonic_v0\.venv\Lib\site-packages\pycycle\thermo\static_ps_resid.py:128: RuntimeWarning: invalid value encountered in sqrt
  Vsonic = (i['gamma']*i['R']*i['Ts'])**0.5
C:\Users\MEO\Desktop\Projects\JetEngine\boomsonic_v0\.venv\Lib\site-packages\pycycle\thermo\static_ps_resid.py:128: RuntimeWarning: invalid value encountered in sqrt
  Vsonic = (i['gamma']*i['R']*i['Ts'])**0.5
C:\Users\MEO\Desktop\Projects\JetEngine\boomsonic_v0\.venv\Lib\site-packages\pycycle\thermo\static_ps_resid.py:128: RuntimeWarning: invalid value encountered in sqrt
  Vsonic = (i['gamma']*i['R']*i['Ts'])**0.5
C:\Users\MEO\Desktop\Projects\JetEngine\boomsonic_v0\.venv\Lib\site-packages\pycycle\thermo\static_ps_resid.py:128: RuntimeWarning: invalid value encountered in sqrt
  Vsonic = (i['gamma']*i['R']*i['Ts'])**0.5
C:\Users\MEO\Desktop\Projects\JetEngine\boomsonic_v0\.venv\Lib\site-packages\pycycle\thermo\static_ps_resid.py:128: RuntimeWarning: invalid value encountered in sqrt
  Vsonic = (i['gamma']*i['R']*i['Ts'])**0.5
C:\Users\MEO\Desktop\Projects\JetEngine\boomsonic_v0\.venv\Lib\site-packages\pycycle\thermo\static_ps_resid.py:128: RuntimeWarning: invalid value encountered in sqrt
  Vsonic = (i['gamma']*i['R']*i['Ts'])**0.5
C:\Users\MEO\Desktop\Projects\JetEngine\boomsonic_v0\.venv\Lib\site-packages\pycycle\thermo\static_ps_resid.py:128: RuntimeWarning: invalid value encountered in sqrt
  Vsonic = (i['gamma']*i['R']*i['Ts'])**0.5
C:\Users\MEO\Desktop\Projects\JetEngine\boomsonic_v0\.venv\Lib\site-packages\pycycle\thermo\static_ps_resid.py:128: RuntimeWarning: invalid value encountered in sqrt
  Vsonic = (i['gamma']*i['R']*i['Ts'])**0.5
C:\Users\MEO\Desktop\Projects\JetEngine\boomsonic_v0\.venv\Lib\site-packages\pycycle\thermo\static_ps_resid.py:128: RuntimeWarning: invalid value encountered in sqrt
  Vsonic = (i['gamma']*i['R']*i['Ts'])**0.5
C:\Users\MEO\Desktop\Projects\JetEngine\boomsonic_v0\.venv\Lib\site-packages\pycycle\thermo\static_ps_resid.py:128: RuntimeWarning: invalid value encountered in sqrt
  Vsonic = (i['gamma']*i['R']*i['Ts'])**0.5
C:\Users\MEO\Desktop\Projects\JetEngine\boomsonic_v0\.venv\Lib\site-packages\pycycle\thermo\static_ps_resid.py:128: RuntimeWarning: invalid value encountered in sqrt
  Vsonic = (i['gamma']*i['R']*i['Ts'])**0.5
C:\Users\MEO\Desktop\Projects\JetEngine\boomsonic_v0\.venv\Lib\site-packages\pycycle\thermo\static_ps_resid.py:128: RuntimeWarning: invalid value encountered in sqrt
  Vsonic = (i['gamma']*i['R']*i['Ts'])**0.5
C:\Users\MEO\Desktop\Projects\JetEngine\boomsonic_v0\.venv\Lib\site-packages\pycycle\thermo\static_ps_resid.py:128: RuntimeWarning: invalid value encountered in sqrt
  Vsonic = (i['gamma']*i['R']*i['Ts'])**0.5
C:\Users\MEO\Desktop\Projects\JetEngine\boomsonic_v0\.venv\Lib\site-packages\openmdao\solvers\solver.py:819: SolverWarning:Your model has stalled three times and may be violating the bounds. In the future, turn on print_bound_enforce in your solver options here: 
OD0.turb.real_flow_b4bld.nonlinear_solver.linesearch.options['print_bound_enforce']=True. 
The bound(s) being violated now are:

C:\Users\MEO\Desktop\Projects\JetEngine\boomsonic_v0\.venv\Lib\site-packages\openmdao\solvers\linesearch\backtracking.py:35: SolverWarning:'OD0.turb.real_flow_b4bld.balance.T' exceeds upper bounds
  Val: [2894.98685805]
  Upper: [2500.]

C:\Users\MEO\Desktop\Projects\JetEngine\boomsonic_v0\.venv\Lib\site-packages\openmdao\solvers\solver.py:819: SolverWarning:Your model has stalled three times and may be violating the bounds. In the future, turn on print_bound_enforce in your solver options here: 
OD0.turb.real_flow.nonlinear_solver.linesearch.options['print_bound_enforce']=True. 
The bound(s) being violated now are:

C:\Users\MEO\Desktop\Projects\JetEngine\boomsonic_v0\.venv\Lib\site-packages\openmdao\solvers\linesearch\backtracking.py:35: SolverWarning:'OD0.turb.real_flow.balance.T' exceeds upper bounds
  Val: [2894.98685805]
  Upper: [2500.]

C:\Users\MEO\Desktop\Projects\JetEngine\boomsonic_v0\.venv\Lib\site-packages\pycycle\thermo\static_ps_resid.py:128: RuntimeWarning: invalid value encountered in sqrt
  Vsonic = (i['gamma']*i['R']*i['Ts'])**0.5
C:\Users\MEO\Desktop\Projects\JetEngine\boomsonic_v0\.venv\Lib\site-packages\pycycle\thermo\static_ps_resid.py:128: RuntimeWarning: invalid value encountered in sqrt
  Vsonic = (i['gamma']*i['R']*i['Ts'])**0.5
C:\Users\MEO\Desktop\Projects\JetEngine\boomsonic_v0\.venv\Lib\site-packages\pycycle\thermo\static_ps_resid.py:128: RuntimeWarning: invalid value encountered in sqrt
  Vsonic = (i['gamma']*i['R']*i['Ts'])**0.5
C:\Users\MEO\Desktop\Projects\JetEngine\boomsonic_v0\.venv\Lib\site-packages\pycycle\thermo\static_ps_resid.py:128: RuntimeWarning: invalid value encountered in sqrt
  Vsonic = (i['gamma']*i['R']*i['Ts'])**0.5
C:\Users\MEO\Desktop\Projects\JetEngine\boomsonic_v0\.venv\Lib\site-packages\pycycle\thermo\static_ps_resid.py:128: RuntimeWarning: invalid value encountered in sqrt
  Vsonic = (i['gamma']*i['R']*i['Ts'])**0.5
C:\Users\MEO\Desktop\Projects\JetEngine\boomsonic_v0\.venv\Lib\site-packages\openmdao\solvers\solver.py:819: SolverWarning:Your model has stalled three times and may be violating the bounds. In the future, turn on print_bound_enforce in your solver options here: 
OD0.nozz.throat_total.nonlinear_solver.linesearch.options['print_bound_enforce']=True. 
The bound(s) being violated now are:

C:\Users\MEO\Desktop\Projects\JetEngine\boomsonic_v0\.venv\Lib\site-packages\openmdao\solvers\linesearch\backtracking.py:35: SolverWarning:'OD0.nozz.throat_total.balance.T' exceeds upper bounds
  Val: [2894.98685805]
  Upper: [2500.]

C:\Users\MEO\Desktop\Projects\JetEngine\boomsonic_v0\.venv\Lib\site-packages\pycycle\thermo\static_ps_resid.py:108: RuntimeWarning: invalid value encountered in sqrt
  Vsonic = (i['gamma']*i['R']*i['Ts'])**0.5
C:\Users\MEO\Desktop\Projects\JetEngine\boomsonic_v0\.venv\Lib\site-packages\pycycle\thermo\static_ps_resid.py:108: RuntimeWarning: invalid value encountered in sqrt
  Vsonic = (i['gamma']*i['R']*i['Ts'])**0.5
C:\Users\MEO\Desktop\Projects\JetEngine\boomsonic_v0\.venv\Lib\site-packages\pycycle\thermo\static_ps_resid.py:108: RuntimeWarning: invalid value encountered in sqrt
  Vsonic = (i['gamma']*i['R']*i['Ts'])**0.5
C:\Users\MEO\Desktop\Projects\JetEngine\boomsonic_v0\.venv\Lib\site-packages\pycycle\thermo\static_ps_resid.py:108: RuntimeWarning: invalid value encountered in sqrt
  Vsonic = (i['gamma']*i['R']*i['Ts'])**0.5
C:\Users\MEO\Desktop\Projects\JetEngine\boomsonic_v0\.venv\Lib\site-packages\pycycle\thermo\static_ps_resid.py:108: RuntimeWarning: invalid value encountered in sqrt
  Vsonic = (i['gamma']*i['R']*i['Ts'])**0.5
C:\Users\MEO\Desktop\Projects\JetEngine\boomsonic_v0\.venv\Lib\site-packages\pycycle\thermo\static_ps_resid.py:128: RuntimeWarning: invalid value encountered in sqrt
  Vsonic = (i['gamma']*i['R']*i['Ts'])**0.5
C:\Users\MEO\Desktop\Projects\JetEngine\boomsonic_v0\.venv\Lib\site-packages\openmdao\solvers\solver.py:819: SolverWarning:Your model has stalled three times and may be violating the bounds. In the future, turn on print_bound_enforce in your solver options here: 
OD0.burner.vitiated_flow.nonlinear_solver.linesearch.options['print_bound_enforce']=True. 
The bound(s) being violated now are:

C:\Users\MEO\Desktop\Projects\JetEngine\boomsonic_v0\.venv\Lib\site-packages\openmdao\solvers\linesearch\backtracking.py:35: SolverWarning:'OD0.burner.vitiated_flow.balance.T' exceeds upper bounds
  Val: [3719.53855226]
  Upper: [2500.]

C:\Users\MEO\Desktop\Projects\JetEngine\boomsonic_v0\.venv\Lib\site-packages\pycycle\thermo\static_ps_resid.py:128: RuntimeWarning: invalid value encountered in sqrt
  Vsonic = (i['gamma']*i['R']*i['Ts'])**0.5
C:\Users\MEO\Desktop\Projects\JetEngine\boomsonic_v0\.venv\Lib\site-packages\pycycle\thermo\static_ps_resid.py:128: RuntimeWarning: invalid value encountered in sqrt
  Vsonic = (i['gamma']*i['R']*i['Ts'])**0.5
C:\Users\MEO\Desktop\Projects\JetEngine\boomsonic_v0\.venv\Lib\site-packages\pycycle\thermo\static_ps_resid.py:128: RuntimeWarning: invalid value encountered in sqrt
  Vsonic = (i['gamma']*i['R']*i['Ts'])**0.5
C:\Users\MEO\Desktop\Projects\JetEngine\boomsonic_v0\.venv\Lib\site-packages\pycycle\thermo\static_ps_resid.py:128: RuntimeWarning: invalid value encountered in sqrt
  Vsonic = (i['gamma']*i['R']*i['Ts'])**0.5
C:\Users\MEO\Desktop\Projects\JetEngine\boomsonic_v0\.venv\Lib\site-packages\pycycle\thermo\static_ps_resid.py:128: RuntimeWarning: invalid value encountered in sqrt
  Vsonic = (i['gamma']*i['R']*i['Ts'])**0.5
C:\Users\MEO\Desktop\Projects\JetEngine\boomsonic_v0\.venv\Lib\site-packages\pycycle\thermo\static_ps_resid.py:128: RuntimeWarning: invalid value encountered in sqrt
  Vsonic = (i['gamma']*i['R']*i['Ts'])**0.5
C:\Users\MEO\Desktop\Projects\JetEngine\boomsonic_v0\.venv\Lib\site-packages\pycycle\thermo\static_ps_resid.py:128: RuntimeWarning: invalid value encountered in sqrt
  Vsonic = (i['gamma']*i['R']*i['Ts'])**0.5
C:\Users\MEO\Desktop\Projects\JetEngine\boomsonic_v0\.venv\Lib\site-packages\pycycle\thermo\static_ps_resid.py:128: RuntimeWarning: invalid value encountered in sqrt
  Vsonic = (i['gamma']*i['R']*i['Ts'])**0.5
C:\Users\MEO\Desktop\Projects\JetEngine\boomsonic_v0\.venv\Lib\site-packages\openmdao\solvers\solver.py:819: SolverWarning:Your model has stalled three times and may be violating the bounds. In the future, turn on print_bound_enforce in your solver options here: 
OD0.turb.real_flow_b4bld.nonlinear_solver.linesearch.options['print_bound_enforce']=True. 
The bound(s) being violated now are:

C:\Users\MEO\Desktop\Projects\JetEngine\boomsonic_v0\.venv\Lib\site-packages\openmdao\solvers\linesearch\backtracking.py:35: SolverWarning:'OD0.turb.real_flow_b4bld.balance.T' exceeds upper bounds
  Val: [2894.98685805]
  Upper: [2500.]

C:\Users\MEO\Desktop\Projects\JetEngine\boomsonic_v0\.venv\Lib\site-packages\openmdao\solvers\solver.py:819: SolverWarning:Your model has stalled three times and may be violating the bounds. In the future, turn on print_bound_enforce in your solver options here: 
OD0.turb.real_flow.nonlinear_solver.linesearch.options['print_bound_enforce']=True. 
The bound(s) being violated now are:

C:\Users\MEO\Desktop\Projects\JetEngine\boomsonic_v0\.venv\Lib\site-packages\openmdao\solvers\linesearch\backtracking.py:35: SolverWarning:'OD0.turb.real_flow.balance.T' exceeds upper bounds
  Val: [2894.98685805]
  Upper: [2500.]

C:\Users\MEO\Desktop\Projects\JetEngine\boomsonic_v0\.venv\Lib\site-packages\pycycle\thermo\static_ps_resid.py:128: RuntimeWarning: invalid value encountered in sqrt
  Vsonic = (i['gamma']*i['R']*i['Ts'])**0.5
C:\Users\MEO\Desktop\Projects\JetEngine\boomsonic_v0\.venv\Lib\site-packages\pycycle\thermo\static_ps_resid.py:128: RuntimeWarning: invalid value encountered in sqrt
  Vsonic = (i['gamma']*i['R']*i['Ts'])**0.5
C:\Users\MEO\Desktop\Projects\JetEngine\boomsonic_v0\.venv\Lib\site-packages\pycycle\thermo\static_ps_resid.py:128: RuntimeWarning: invalid value encountered in sqrt
  Vsonic = (i['gamma']*i['R']*i['Ts'])**0.5
C:\Users\MEO\Desktop\Projects\JetEngine\boomsonic_v0\.venv\Lib\site-packages\pycycle\thermo\static_ps_resid.py:128: RuntimeWarning: invalid value encountered in sqrt
  Vsonic = (i['gamma']*i['R']*i['Ts'])**0.5
C:\Users\MEO\Desktop\Projects\JetEngine\boomsonic_v0\.venv\Lib\site-packages\pycycle\thermo\static_ps_resid.py:128: RuntimeWarning: invalid value encountered in sqrt
  Vsonic = (i['gamma']*i['R']*i['Ts'])**0.5
C:\Users\MEO\Desktop\Projects\JetEngine\boomsonic_v0\.venv\Lib\site-packages\openmdao\solvers\solver.py:819: SolverWarning:Your model has stalled three times and may be violating the bounds. In the future, turn on print_bound_enforce in your solver options here: 
OD0.nozz.throat_total.nonlinear_solver.linesearch.options['print_bound_enforce']=True. 
The bound(s) being violated now are:

C:\Users\MEO\Desktop\Projects\JetEngine\boomsonic_v0\.venv\Lib\site-packages\openmdao\solvers\linesearch\backtracking.py:35: SolverWarning:'OD0.nozz.throat_total.balance.T' exceeds upper bounds
  Val: [2894.98685805]
  Upper: [2500.]

C:\Users\MEO\Desktop\Projects\JetEngine\boomsonic_v0\.venv\Lib\site-packages\pycycle\thermo\static_ps_resid.py:108: RuntimeWarning: invalid value encountered in sqrt
  Vsonic = (i['gamma']*i['R']*i['Ts'])**0.5
C:\Users\MEO\Desktop\Projects\JetEngine\boomsonic_v0\.venv\Lib\site-packages\pycycle\thermo\static_ps_resid.py:108: RuntimeWarning: invalid value encountered in sqrt
  Vsonic = (i['gamma']*i['R']*i['Ts'])**0.5
C:\Users\MEO\Desktop\Projects\JetEngine\boomsonic_v0\.venv\Lib\site-packages\pycycle\thermo\static_ps_resid.py:108: RuntimeWarning: invalid value encountered in sqrt
  Vsonic = (i['gamma']*i['R']*i['Ts'])**0.5
C:\Users\MEO\Desktop\Projects\JetEngine\boomsonic_v0\.venv\Lib\site-packages\pycycle\thermo\static_ps_resid.py:108: RuntimeWarning: invalid value encountered in sqrt
  Vsonic = (i['gamma']*i['R']*i['Ts'])**0.5
C:\Users\MEO\Desktop\Projects\JetEngine\boomsonic_v0\.venv\Lib\site-packages\pycycle\thermo\static_ps_resid.py:108: RuntimeWarning: invalid value encountered in sqrt
  Vsonic = (i['gamma']*i['R']*i['Ts'])**0.5
C:\Users\MEO\Desktop\Projects\JetEngine\boomsonic_v0\.venv\Lib\site-packages\pycycle\thermo\static_ps_resid.py:128: RuntimeWarning: invalid value encountered in sqrt
  Vsonic = (i['gamma']*i['R']*i['Ts'])**0.5
C:\Users\MEO\Desktop\Projects\JetEngine\boomsonic_v0\.venv\Lib\site-packages\openmdao\solvers\solver.py:819: SolverWarning:Your model has stalled three times and may be violating the bounds. In the future, turn on print_bound_enforce in your solver options here: 
OD0.burner.vitiated_flow.nonlinear_solver.linesearch.options['print_bound_enforce']=True. 
The bound(s) being violated now are:

C:\Users\MEO\Desktop\Projects\JetEngine\boomsonic_v0\.venv\Lib\site-packages\openmdao\solvers\linesearch\backtracking.py:35: SolverWarning:'OD0.burner.vitiated_flow.balance.T' exceeds upper bounds
  Val: [3719.53855226]
  Upper: [2500.]

C:\Users\MEO\Desktop\Projects\JetEngine\boomsonic_v0\.venv\Lib\site-packages\pycycle\thermo\static_ps_resid.py:128: RuntimeWarning: invalid value encountered in sqrt
  Vsonic = (i['gamma']*i['R']*i['Ts'])**0.5
C:\Users\MEO\Desktop\Projects\JetEngine\boomsonic_v0\.venv\Lib\site-packages\pycycle\thermo\static_ps_resid.py:128: RuntimeWarning: invalid value encountered in sqrt
  Vsonic = (i['gamma']*i['R']*i['Ts'])**0.5
C:\Users\MEO\Desktop\Projects\JetEngine\boomsonic_v0\.venv\Lib\site-packages\pycycle\thermo\static_ps_resid.py:128: RuntimeWarning: invalid value encountered in sqrt
  Vsonic = (i['gamma']*i['R']*i['Ts'])**0.5
C:\Users\MEO\Desktop\Projects\JetEngine\boomsonic_v0\.venv\Lib\site-packages\pycycle\thermo\static_ps_resid.py:128: RuntimeWarning: invalid value encountered in sqrt
  Vsonic = (i['gamma']*i['R']*i['Ts'])**0.5
C:\Users\MEO\Desktop\Projects\JetEngine\boomsonic_v0\.venv\Lib\site-packages\pycycle\thermo\static_ps_resid.py:128: RuntimeWarning: invalid value encountered in sqrt
  Vsonic = (i['gamma']*i['R']*i['Ts'])**0.5
C:\Users\MEO\Desktop\Projects\JetEngine\boomsonic_v0\.venv\Lib\site-packages\pycycle\thermo\static_ps_resid.py:128: RuntimeWarning: invalid value encountered in sqrt
  Vsonic = (i['gamma']*i['R']*i['Ts'])**0.5
C:\Users\MEO\Desktop\Projects\JetEngine\boomsonic_v0\.venv\Lib\site-packages\pycycle\thermo\static_ps_resid.py:128: RuntimeWarning: invalid value encountered in sqrt
  Vsonic = (i['gamma']*i['R']*i['Ts'])**0.5
C:\Users\MEO\Desktop\Projects\JetEngine\boomsonic_v0\.venv\Lib\site-packages\pycycle\thermo\static_ps_resid.py:128: RuntimeWarning: invalid value encountered in sqrt
  Vsonic = (i['gamma']*i['R']*i['Ts'])**0.5
C:\Users\MEO\Desktop\Projects\JetEngine\boomsonic_v0\.venv\Lib\site-packages\pycycle\thermo\static_ps_resid.py:128: RuntimeWarning: invalid value encountered in sqrt
  Vsonic = (i['gamma']*i['R']*i['Ts'])**0.5
C:\Users\MEO\Desktop\Projects\JetEngine\boomsonic_v0\.venv\Lib\site-packages\pycycle\thermo\static_ps_resid.py:128: RuntimeWarning: invalid value encountered in sqrt
  Vsonic = (i['gamma']*i['R']*i['Ts'])**0.5
C:\Users\MEO\Desktop\Projects\JetEngine\boomsonic_v0\.venv\Lib\site-packages\pycycle\thermo\static_ps_resid.py:128: RuntimeWarning: invalid value encountered in sqrt
  Vsonic = (i['gamma']*i['R']*i['Ts'])**0.5
C:\Users\MEO\Desktop\Projects\JetEngine\boomsonic_v0\.venv\Lib\site-packages\pycycle\thermo\static_ps_resid.py:128: RuntimeWarning: invalid value encountered in sqrt
  Vsonic = (i['gamma']*i['R']*i['Ts'])**0.5
C:\Users\MEO\Desktop\Projects\JetEngine\boomsonic_v0\.venv\Lib\site-packages\pycycle\thermo\static_ps_resid.py:128: RuntimeWarning: invalid value encountered in sqrt
  Vsonic = (i['gamma']*i['R']*i['Ts'])**0.5
C:\Users\MEO\Desktop\Projects\JetEngine\boomsonic_v0\.venv\Lib\site-packages\pycycle\thermo\static_ps_resid.py:128: RuntimeWarning: invalid value encountered in sqrt
  Vsonic = (i['gamma']*i['R']*i['Ts'])**0.5
C:\Users\MEO\Desktop\Projects\JetEngine\boomsonic_v0\.venv\Lib\site-packages\pycycle\thermo\static_ps_resid.py:128: RuntimeWarning: invalid value encountered in sqrt
  Vsonic = (i['gamma']*i['R']*i['Ts'])**0.5
C:\Users\MEO\Desktop\Projects\JetEngine\boomsonic_v0\.venv\Lib\site-packages\pycycle\thermo\static_ps_resid.py:128: RuntimeWarning: invalid value encountered in sqrt
  Vsonic = (i['gamma']*i['R']*i['Ts'])**0.5
C:\Users\MEO\Desktop\Projects\JetEngine\boomsonic_v0\.venv\Lib\site-packages\pycycle\thermo\static_ps_resid.py:128: RuntimeWarning: invalid value encountered in sqrt
  Vsonic = (i['gamma']*i['R']*i['Ts'])**0.5
C:\Users\MEO\Desktop\Projects\JetEngine\boomsonic_v0\.venv\Lib\site-packages\pycycle\thermo\static_ps_resid.py:128: RuntimeWarning: invalid value encountered in sqrt
  Vsonic = (i['gamma']*i['R']*i['Ts'])**0.5
C:\Users\MEO\Desktop\Projects\JetEngine\boomsonic_v0\.venv\Lib\site-packages\pycycle\thermo\static_ps_resid.py:128: RuntimeWarning: invalid value encountered in sqrt
  Vsonic = (i['gamma']*i['R']*i['Ts'])**0.5
C:\Users\MEO\Desktop\Projects\JetEngine\boomsonic_v0\.venv\Lib\site-packages\pycycle\thermo\static_ps_resid.py:128: RuntimeWarning: invalid value encountered in sqrt
  Vsonic = (i['gamma']*i['R']*i['Ts'])**0.5
C:\Users\MEO\Desktop\Projects\JetEngine\boomsonic_v0\.venv\Lib\site-packages\pycycle\thermo\static_ps_resid.py:128: RuntimeWarning: invalid value encountered in sqrt
  Vsonic = (i['gamma']*i['R']*i['Ts'])**0.5
C:\Users\MEO\Desktop\Projects\JetEngine\boomsonic_v0\.venv\Lib\site-packages\pycycle\thermo\static_ps_resid.py:128: RuntimeWarning: invalid value encountered in sqrt
  Vsonic = (i['gamma']*i['R']*i['Ts'])**0.5
C:\Users\MEO\Desktop\Projects\JetEngine\boomsonic_v0\.venv\Lib\site-packages\pycycle\thermo\static_ps_resid.py:128: RuntimeWarning: invalid value encountered in sqrt
  Vsonic = (i['gamma']*i['R']*i['Ts'])**0.5
C:\Users\MEO\Desktop\Projects\JetEngine\boomsonic_v0\.venv\Lib\site-packages\pycycle\thermo\static_ps_resid.py:128: RuntimeWarning: invalid value encountered in sqrt
  Vsonic = (i['gamma']*i['R']*i['Ts'])**0.5
C:\Users\MEO\Desktop\Projects\JetEngine\boomsonic_v0\.venv\Lib\site-packages\pycycle\thermo\static_ps_resid.py:128: RuntimeWarning: invalid value encountered in sqrt
  Vsonic = (i['gamma']*i['R']*i['Ts'])**0.5
C:\Users\MEO\Desktop\Projects\JetEngine\boomsonic_v0\.venv\Lib\site-packages\pycycle\thermo\static_ps_resid.py:128: RuntimeWarning: invalid value encountered in sqrt
  Vsonic = (i['gamma']*i['R']*i['Ts'])**0.5
C:\Users\MEO\Desktop\Projects\JetEngine\boomsonic_v0\.venv\Lib\site-packages\pycycle\thermo\static_ps_resid.py:128: RuntimeWarning: invalid value encountered in sqrt
  Vsonic = (i['gamma']*i['R']*i['Ts'])**0.5
C:\Users\MEO\Desktop\Projects\JetEngine\boomsonic_v0\.venv\Lib\site-packages\pycycle\thermo\static_ps_resid.py:128: RuntimeWarning: invalid value encountered in sqrt
  Vsonic = (i['gamma']*i['R']*i['Ts'])**0.5
C:\Users\MEO\Desktop\Projects\JetEngine\boomsonic_v0\.venv\Lib\site-packages\pycycle\thermo\static_ps_resid.py:128: RuntimeWarning: invalid value encountered in sqrt
  Vsonic = (i['gamma']*i['R']*i['Ts'])**0.5
C:\Users\MEO\Desktop\Projects\JetEngine\boomsonic_v0\.venv\Lib\site-packages\pycycle\thermo\static_ps_resid.py:128: RuntimeWarning: invalid value encountered in sqrt
  Vsonic = (i['gamma']*i['R']*i['Ts'])**0.5
C:\Users\MEO\Desktop\Projects\JetEngine\boomsonic_v0\.venv\Lib\site-packages\pycycle\thermo\static_ps_resid.py:128: RuntimeWarning: invalid value encountered in sqrt
  Vsonic = (i['gamma']*i['R']*i['Ts'])**0.5
C:\Users\MEO\Desktop\Projects\JetEngine\boomsonic_v0\.venv\Lib\site-packages\pycycle\thermo\static_ps_resid.py:128: RuntimeWarning: invalid value encountered in sqrt
  Vsonic = (i['gamma']*i['R']*i['Ts'])**0.5
C:\Users\MEO\Desktop\Projects\JetEngine\boomsonic_v0\.venv\Lib\site-packages\pycycle\thermo\static_ps_resid.py:128: RuntimeWarning: invalid value encountered in sqrt
  Vsonic = (i['gamma']*i['R']*i['Ts'])**0.5
C:\Users\MEO\Desktop\Projects\JetEngine\boomsonic_v0\.venv\Lib\site-packages\pycycle\thermo\static_ps_resid.py:128: RuntimeWarning: invalid value encountered in sqrt
  Vsonic = (i['gamma']*i['R']*i['Ts'])**0.5
C:\Users\MEO\Desktop\Projects\JetEngine\boomsonic_v0\.venv\Lib\site-packages\pycycle\thermo\static_ps_resid.py:128: RuntimeWarning: invalid value encountered in sqrt
  Vsonic = (i['gamma']*i['R']*i['Ts'])**0.5
C:\Users\MEO\Desktop\Projects\JetEngine\boomsonic_v0\.venv\Lib\site-packages\pycycle\thermo\static_ps_resid.py:128: RuntimeWarning: invalid value encountered in sqrt
  Vsonic = (i['gamma']*i['R']*i['Ts'])**0.5
C:\Users\MEO\Desktop\Projects\JetEngine\boomsonic_v0\.venv\Lib\site-packages\pycycle\thermo\static_ps_resid.py:128: RuntimeWarning: invalid value encountered in sqrt
  Vsonic = (i['gamma']*i['R']*i['Ts'])**0.5
C:\Users\MEO\Desktop\Projects\JetEngine\boomsonic_v0\.venv\Lib\site-packages\pycycle\thermo\static_ps_resid.py:128: RuntimeWarning: invalid value encountered in sqrt
  Vsonic = (i['gamma']*i['R']*i['Ts'])**0.5
C:\Users\MEO\Desktop\Projects\JetEngine\boomsonic_v0\.venv\Lib\site-packages\pycycle\thermo\static_ps_resid.py:128: RuntimeWarning: invalid value encountered in sqrt
  Vsonic = (i['gamma']*i['R']*i['Ts'])**0.5
C:\Users\MEO\Desktop\Projects\JetEngine\boomsonic_v0\.venv\Lib\site-packages\pycycle\thermo\static_ps_resid.py:128: RuntimeWarning: invalid value encountered in sqrt
  Vsonic = (i['gamma']*i['R']*i['Ts'])**0.5
C:\Users\MEO\Desktop\Projects\JetEngine\boomsonic_v0\.venv\Lib\site-packages\pycycle\thermo\static_ps_resid.py:128: RuntimeWarning: invalid value encountered in sqrt
  Vsonic = (i['gamma']*i['R']*i['Ts'])**0.5
C:\Users\MEO\Desktop\Projects\JetEngine\boomsonic_v0\.venv\Lib\site-packages\pycycle\thermo\static_ps_resid.py:128: RuntimeWarning: invalid value encountered in sqrt
  Vsonic = (i['gamma']*i['R']*i['Ts'])**0.5
C:\Users\MEO\Desktop\Projects\JetEngine\boomsonic_v0\.venv\Lib\site-packages\pycycle\thermo\static_ps_resid.py:128: RuntimeWarning: invalid value encountered in sqrt
  Vsonic = (i['gamma']*i['R']*i['Ts'])**0.5
C:\Users\MEO\Desktop\Projects\JetEngine\boomsonic_v0\.venv\Lib\site-packages\pycycle\thermo\static_ps_resid.py:128: RuntimeWarning: invalid value encountered in sqrt
  Vsonic = (i['gamma']*i['R']*i['Ts'])**0.5
C:\Users\MEO\Desktop\Projects\JetEngine\boomsonic_v0\.venv\Lib\site-packages\pycycle\thermo\static_ps_resid.py:128: RuntimeWarning: invalid value encountered in sqrt
  Vsonic = (i['gamma']*i['R']*i['Ts'])**0.5
C:\Users\MEO\Desktop\Projects\JetEngine\boomsonic_v0\.venv\Lib\site-packages\pycycle\thermo\static_ps_resid.py:128: RuntimeWarning: invalid value encountered in sqrt
  Vsonic = (i['gamma']*i['R']*i['Ts'])**0.5
C:\Users\MEO\Desktop\Projects\JetEngine\boomsonic_v0\.venv\Lib\site-packages\pycycle\thermo\static_ps_resid.py:128: RuntimeWarning: invalid value encountered in sqrt
  Vsonic = (i['gamma']*i['R']*i['Ts'])**0.5
C:\Users\MEO\Desktop\Projects\JetEngine\boomsonic_v0\.venv\Lib\site-packages\pycycle\thermo\static_ps_resid.py:128: RuntimeWarning: invalid value encountered in sqrt
  Vsonic = (i['gamma']*i['R']*i['Ts'])**0.5
C:\Users\MEO\Desktop\Projects\JetEngine\boomsonic_v0\.venv\Lib\site-packages\pycycle\thermo\static_ps_resid.py:128: RuntimeWarning: invalid value encountered in sqrt
  Vsonic = (i['gamma']*i['R']*i['Ts'])**0.5
C:\Users\MEO\Desktop\Projects\JetEngine\boomsonic_v0\.venv\Lib\site-packages\pycycle\thermo\static_ps_resid.py:128: RuntimeWarning: invalid value encountered in sqrt
  Vsonic = (i['gamma']*i['R']*i['Ts'])**0.5
C:\Users\MEO\Desktop\Projects\JetEngine\boomsonic_v0\.venv\Lib\site-packages\pycycle\thermo\static_ps_resid.py:128: RuntimeWarning: invalid value encountered in sqrt
  Vsonic = (i['gamma']*i['R']*i['Ts'])**0.5
C:\Users\MEO\Desktop\Projects\JetEngine\boomsonic_v0\.venv\Lib\site-packages\pycycle\thermo\static_ps_resid.py:128: RuntimeWarning: invalid value encountered in sqrt
  Vsonic = (i['gamma']*i['R']*i['Ts'])**0.5
C:\Users\MEO\Desktop\Projects\JetEngine\boomsonic_v0\.venv\Lib\site-packages\pycycle\thermo\static_ps_resid.py:128: RuntimeWarning: invalid value encountered in sqrt
  Vsonic = (i['gamma']*i['R']*i['Ts'])**0.5
C:\Users\MEO\Desktop\Projects\JetEngine\boomsonic_v0\.venv\Lib\site-packages\pycycle\thermo\static_ps_resid.py:128: RuntimeWarning: invalid value encountered in sqrt
  Vsonic = (i['gamma']*i['R']*i['Ts'])**0.5
C:\Users\MEO\Desktop\Projects\JetEngine\boomsonic_v0\.venv\Lib\site-packages\pycycle\thermo\static_ps_resid.py:128: RuntimeWarning: invalid value encountered in sqrt
  Vsonic = (i['gamma']*i['R']*i['Ts'])**0.5
C:\Users\MEO\Desktop\Projects\JetEngine\boomsonic_v0\.venv\Lib\site-packages\pycycle\thermo\static_ps_resid.py:128: RuntimeWarning: invalid value encountered in sqrt
  Vsonic = (i['gamma']*i['R']*i['Ts'])**0.5
C:\Users\MEO\Desktop\Projects\JetEngine\boomsonic_v0\.venv\Lib\site-packages\pycycle\thermo\static_ps_resid.py:128: RuntimeWarning: invalid value encountered in sqrt
  Vsonic = (i['gamma']*i['R']*i['Ts'])**0.5
C:\Users\MEO\Desktop\Projects\JetEngine\boomsonic_v0\.venv\Lib\site-packages\pycycle\thermo\static_ps_resid.py:128: RuntimeWarning: invalid value encountered in sqrt
  Vsonic = (i['gamma']*i['R']*i['Ts'])**0.5
C:\Users\MEO\Desktop\Projects\JetEngine\boomsonic_v0\.venv\Lib\site-packages\pycycle\thermo\static_ps_resid.py:128: RuntimeWarning: invalid value encountered in sqrt
  Vsonic = (i['gamma']*i['R']*i['Ts'])**0.5
C:\Users\MEO\Desktop\Projects\JetEngine\boomsonic_v0\.venv\Lib\site-packages\pycycle\thermo\static_ps_resid.py:128: RuntimeWarning: invalid value encountered in sqrt
  Vsonic = (i['gamma']*i['R']*i['Ts'])**0.5
C:\Users\MEO\Desktop\Projects\JetEngine\boomsonic_v0\.venv\Lib\site-packages\pycycle\thermo\static_ps_resid.py:128: RuntimeWarning: invalid value encountered in sqrt
  Vsonic = (i['gamma']*i['R']*i['Ts'])**0.5
C:\Users\MEO\Desktop\Projects\JetEngine\boomsonic_v0\.venv\Lib\site-packages\pycycle\thermo\static_ps_resid.py:128: RuntimeWarning: invalid value encountered in sqrt
  Vsonic = (i['gamma']*i['R']*i['Ts'])**0.5
C:\Users\MEO\Desktop\Projects\JetEngine\boomsonic_v0\.venv\Lib\site-packages\pycycle\thermo\static_ps_resid.py:128: RuntimeWarning: invalid value encountered in sqrt
  Vsonic = (i['gamma']*i['R']*i['Ts'])**0.5
C:\Users\MEO\Desktop\Projects\JetEngine\boomsonic_v0\.venv\Lib\site-packages\pycycle\thermo\static_ps_resid.py:128: RuntimeWarning: invalid value encountered in sqrt
  Vsonic = (i['gamma']*i['R']*i['Ts'])**0.5
C:\Users\MEO\Desktop\Projects\JetEngine\boomsonic_v0\.venv\Lib\site-packages\pycycle\thermo\static_ps_resid.py:128: RuntimeWarning: invalid value encountered in sqrt
  Vsonic = (i['gamma']*i['R']*i['Ts'])**0.5
C:\Users\MEO\Desktop\Projects\JetEngine\boomsonic_v0\.venv\Lib\site-packages\pycycle\thermo\static_ps_resid.py:128: RuntimeWarning: invalid value encountered in sqrt
  Vsonic = (i['gamma']*i['R']*i['Ts'])**0.5
C:\Users\MEO\Desktop\Projects\JetEngine\boomsonic_v0\.venv\Lib\site-packages\pycycle\thermo\static_ps_resid.py:128: RuntimeWarning: invalid value encountered in sqrt
  Vsonic = (i['gamma']*i['R']*i['Ts'])**0.5
C:\Users\MEO\Desktop\Projects\JetEngine\boomsonic_v0\.venv\Lib\site-packages\openmdao\solvers\solver.py:819: SolverWarning:Your model has stalled three times and may be violating the bounds. In the future, turn on print_bound_enforce in your solver options here: 
OD0.turb.real_flow_b4bld.nonlinear_solver.linesearch.options['print_bound_enforce']=True. 
The bound(s) being violated now are:

C:\Users\MEO\Desktop\Projects\JetEngine\boomsonic_v0\.venv\Lib\site-packages\openmdao\solvers\linesearch\backtracking.py:35: SolverWarning:'OD0.turb.real_flow_b4bld.balance.T' exceeds upper bounds
  Val: [2894.98685805]
  Upper: [2500.]

C:\Users\MEO\Desktop\Projects\JetEngine\boomsonic_v0\.venv\Lib\site-packages\openmdao\solvers\solver.py:819: SolverWarning:Your model has stalled three times and may be violating the bounds. In the future, turn on print_bound_enforce in your solver options here: 
OD0.turb.real_flow.nonlinear_solver.linesearch.options['print_bound_enforce']=True. 
The bound(s) being violated now are:

C:\Users\MEO\Desktop\Projects\JetEngine\boomsonic_v0\.venv\Lib\site-packages\openmdao\solvers\linesearch\backtracking.py:35: SolverWarning:'OD0.turb.real_flow.balance.T' exceeds upper bounds
  Val: [2894.98685805]
  Upper: [2500.]

C:\Users\MEO\Desktop\Projects\JetEngine\boomsonic_v0\.venv\Lib\site-packages\pycycle\thermo\static_ps_resid.py:128: RuntimeWarning: invalid value encountered in sqrt
  Vsonic = (i['gamma']*i['R']*i['Ts'])**0.5
C:\Users\MEO\Desktop\Projects\JetEngine\boomsonic_v0\.venv\Lib\site-packages\pycycle\thermo\static_ps_resid.py:128: RuntimeWarning: invalid value encountered in sqrt
  Vsonic = (i['gamma']*i['R']*i['Ts'])**0.5
C:\Users\MEO\Desktop\Projects\JetEngine\boomsonic_v0\.venv\Lib\site-packages\pycycle\thermo\static_ps_resid.py:128: RuntimeWarning: invalid value encountered in sqrt
  Vsonic = (i['gamma']*i['R']*i['Ts'])**0.5
C:\Users\MEO\Desktop\Projects\JetEngine\boomsonic_v0\.venv\Lib\site-packages\pycycle\thermo\static_ps_resid.py:128: RuntimeWarning: invalid value encountered in sqrt
  Vsonic = (i['gamma']*i['R']*i['Ts'])**0.5
C:\Users\MEO\Desktop\Projects\JetEngine\boomsonic_v0\.venv\Lib\site-packages\pycycle\thermo\static_ps_resid.py:128: RuntimeWarning: invalid value encountered in sqrt
  Vsonic = (i['gamma']*i['R']*i['Ts'])**0.5
C:\Users\MEO\Desktop\Projects\JetEngine\boomsonic_v0\.venv\Lib\site-packages\openmdao\solvers\solver.py:819: SolverWarning:Your model has stalled three times and may be violating the bounds. In the future, turn on print_bound_enforce in your solver options here: 
OD0.nozz.throat_total.nonlinear_solver.linesearch.options['print_bound_enforce']=True. 
The bound(s) being violated now are:

C:\Users\MEO\Desktop\Projects\JetEngine\boomsonic_v0\.venv\Lib\site-packages\openmdao\solvers\linesearch\backtracking.py:35: SolverWarning:'OD0.nozz.throat_total.balance.T' exceeds upper bounds
  Val: [2894.98685805]
  Upper: [2500.]

C:\Users\MEO\Desktop\Projects\JetEngine\boomsonic_v0\.venv\Lib\site-packages\pycycle\thermo\static_ps_resid.py:108: RuntimeWarning: invalid value encountered in sqrt
  Vsonic = (i['gamma']*i['R']*i['Ts'])**0.5
C:\Users\MEO\Desktop\Projects\JetEngine\boomsonic_v0\.venv\Lib\site-packages\pycycle\thermo\static_ps_resid.py:108: RuntimeWarning: invalid value encountered in sqrt
  Vsonic = (i['gamma']*i['R']*i['Ts'])**0.5
C:\Users\MEO\Desktop\Projects\JetEngine\boomsonic_v0\.venv\Lib\site-packages\pycycle\thermo\static_ps_resid.py:108: RuntimeWarning: invalid value encountered in sqrt
  Vsonic = (i['gamma']*i['R']*i['Ts'])**0.5
C:\Users\MEO\Desktop\Projects\JetEngine\boomsonic_v0\.venv\Lib\site-packages\pycycle\thermo\static_ps_resid.py:108: RuntimeWarning: invalid value encountered in sqrt
  Vsonic = (i['gamma']*i['R']*i['Ts'])**0.5
C:\Users\MEO\Desktop\Projects\JetEngine\boomsonic_v0\.venv\Lib\site-packages\pycycle\thermo\static_ps_resid.py:108: RuntimeWarning: invalid value encountered in sqrt
  Vsonic = (i['gamma']*i['R']*i['Ts'])**0.5
C:\Users\MEO\Desktop\Projects\JetEngine\boomsonic_v0\.venv\Lib\site-packages\pycycle\thermo\static_ps_resid.py:128: RuntimeWarning: invalid value encountered in sqrt
  Vsonic = (i['gamma']*i['R']*i['Ts'])**0.5
C:\Users\MEO\Desktop\Projects\JetEngine\boomsonic_v0\.venv\Lib\site-packages\openmdao\solvers\solver.py:819: SolverWarning:Your model has stalled three times and may be violating the bounds. In the future, turn on print_bound_enforce in your solver options here: 
OD0.burner.vitiated_flow.nonlinear_solver.linesearch.options['print_bound_enforce']=True. 
The bound(s) being violated now are:

C:\Users\MEO\Desktop\Projects\JetEngine\boomsonic_v0\.venv\Lib\site-packages\openmdao\solvers\linesearch\backtracking.py:35: SolverWarning:'OD0.burner.vitiated_flow.balance.T' exceeds upper bounds
  Val: [3719.53855226]
  Upper: [2500.]

C:\Users\MEO\Desktop\Projects\JetEngine\boomsonic_v0\.venv\Lib\site-packages\pycycle\thermo\static_ps_resid.py:128: RuntimeWarning: invalid value encountered in sqrt
  Vsonic = (i['gamma']*i['R']*i['Ts'])**0.5
C:\Users\MEO\Desktop\Projects\JetEngine\boomsonic_v0\.venv\Lib\site-packages\pycycle\thermo\static_ps_resid.py:128: RuntimeWarning: invalid value encountered in sqrt
  Vsonic = (i['gamma']*i['R']*i['Ts'])**0.5
C:\Users\MEO\Desktop\Projects\JetEngine\boomsonic_v0\.venv\Lib\site-packages\pycycle\thermo\static_ps_resid.py:128: RuntimeWarning: invalid value encountered in sqrt
  Vsonic = (i['gamma']*i['R']*i['Ts'])**0.5
C:\Users\MEO\Desktop\Projects\JetEngine\boomsonic_v0\.venv\Lib\site-packages\pycycle\thermo\static_ps_resid.py:128: RuntimeWarning: invalid value encountered in sqrt
  Vsonic = (i['gamma']*i['R']*i['Ts'])**0.5
C:\Users\MEO\Desktop\Projects\JetEngine\boomsonic_v0\.venv\Lib\site-packages\pycycle\thermo\static_ps_resid.py:128: RuntimeWarning: invalid value encountered in sqrt
  Vsonic = (i['gamma']*i['R']*i['Ts'])**0.5
C:\Users\MEO\Desktop\Projects\JetEngine\boomsonic_v0\.venv\Lib\site-packages\pycycle\thermo\static_ps_resid.py:128: RuntimeWarning: invalid value encountered in sqrt
  Vsonic = (i['gamma']*i['R']*i['Ts'])**0.5
C:\Users\MEO\Desktop\Projects\JetEngine\boomsonic_v0\.venv\Lib\site-packages\pycycle\thermo\static_ps_resid.py:128: RuntimeWarning: invalid value encountered in sqrt
  Vsonic = (i['gamma']*i['R']*i['Ts'])**0.5
C:\Users\MEO\Desktop\Projects\JetEngine\boomsonic_v0\.venv\Lib\site-packages\pycycle\thermo\static_ps_resid.py:128: RuntimeWarning: invalid value encountered in sqrt
  Vsonic = (i['gamma']*i['R']*i['Ts'])**0.5
C:\Users\MEO\Desktop\Projects\JetEngine\boomsonic_v0\.venv\Lib\site-packages\openmdao\solvers\solver.py:819: SolverWarning:Your model has stalled three times and may be violating the bounds. In the future, turn on print_bound_enforce in your solver options here: 
OD0.turb.real_flow_b4bld.nonlinear_solver.linesearch.options['print_bound_enforce']=True. 
The bound(s) being violated now are:

C:\Users\MEO\Desktop\Projects\JetEngine\boomsonic_v0\.venv\Lib\site-packages\openmdao\solvers\linesearch\backtracking.py:35: SolverWarning:'OD0.turb.real_flow_b4bld.balance.T' exceeds upper bounds
  Val: [2894.98685805]
  Upper: [2500.]

C:\Users\MEO\Desktop\Projects\JetEngine\boomsonic_v0\.venv\Lib\site-packages\openmdao\solvers\solver.py:819: SolverWarning:Your model has stalled three times and may be violating the bounds. In the future, turn on print_bound_enforce in your solver options here: 
OD0.turb.real_flow.nonlinear_solver.linesearch.options['print_bound_enforce']=True. 
The bound(s) being violated now are:

C:\Users\MEO\Desktop\Projects\JetEngine\boomsonic_v0\.venv\Lib\site-packages\openmdao\solvers\linesearch\backtracking.py:35: SolverWarning:'OD0.turb.real_flow.balance.T' exceeds upper bounds
  Val: [2894.98685805]
  Upper: [2500.]

C:\Users\MEO\Desktop\Projects\JetEngine\boomsonic_v0\.venv\Lib\site-packages\pycycle\thermo\static_ps_resid.py:128: RuntimeWarning: invalid value encountered in sqrt
  Vsonic = (i['gamma']*i['R']*i['Ts'])**0.5
C:\Users\MEO\Desktop\Projects\JetEngine\boomsonic_v0\.venv\Lib\site-packages\pycycle\thermo\static_ps_resid.py:128: RuntimeWarning: invalid value encountered in sqrt
  Vsonic = (i['gamma']*i['R']*i['Ts'])**0.5
C:\Users\MEO\Desktop\Projects\JetEngine\boomsonic_v0\.venv\Lib\site-packages\pycycle\thermo\static_ps_resid.py:128: RuntimeWarning: invalid value encountered in sqrt
  Vsonic = (i['gamma']*i['R']*i['Ts'])**0.5
C:\Users\MEO\Desktop\Projects\JetEngine\boomsonic_v0\.venv\Lib\site-packages\pycycle\thermo\static_ps_resid.py:128: RuntimeWarning: invalid value encountered in sqrt
  Vsonic = (i['gamma']*i['R']*i['Ts'])**0.5
C:\Users\MEO\Desktop\Projects\JetEngine\boomsonic_v0\.venv\Lib\site-packages\pycycle\thermo\static_ps_resid.py:128: RuntimeWarning: invalid value encountered in sqrt
  Vsonic = (i['gamma']*i['R']*i['Ts'])**0.5
C:\Users\MEO\Desktop\Projects\JetEngine\boomsonic_v0\.venv\Lib\site-packages\openmdao\solvers\solver.py:819: SolverWarning:Your model has stalled three times and may be violating the bounds. In the future, turn on print_bound_enforce in your solver options here: 
OD0.nozz.throat_total.nonlinear_solver.linesearch.options['print_bound_enforce']=True. 
The bound(s) being violated now are:

C:\Users\MEO\Desktop\Projects\JetEngine\boomsonic_v0\.venv\Lib\site-packages\openmdao\solvers\linesearch\backtracking.py:35: SolverWarning:'OD0.nozz.throat_total.balance.T' exceeds upper bounds
  Val: [2894.98685805]
  Upper: [2500.]

C:\Users\MEO\Desktop\Projects\JetEngine\boomsonic_v0\.venv\Lib\site-packages\pycycle\thermo\static_ps_resid.py:108: RuntimeWarning: invalid value encountered in sqrt
  Vsonic = (i['gamma']*i['R']*i['Ts'])**0.5
C:\Users\MEO\Desktop\Projects\JetEngine\boomsonic_v0\.venv\Lib\site-packages\pycycle\thermo\static_ps_resid.py:108: RuntimeWarning: invalid value encountered in sqrt
  Vsonic = (i['gamma']*i['R']*i['Ts'])**0.5
C:\Users\MEO\Desktop\Projects\JetEngine\boomsonic_v0\.venv\Lib\site-packages\pycycle\thermo\static_ps_resid.py:108: RuntimeWarning: invalid value encountered in sqrt
  Vsonic = (i['gamma']*i['R']*i['Ts'])**0.5
C:\Users\MEO\Desktop\Projects\JetEngine\boomsonic_v0\.venv\Lib\site-packages\pycycle\thermo\static_ps_resid.py:108: RuntimeWarning: invalid value encountered in sqrt
  Vsonic = (i['gamma']*i['R']*i['Ts'])**0.5
C:\Users\MEO\Desktop\Projects\JetEngine\boomsonic_v0\.venv\Lib\site-packages\pycycle\thermo\static_ps_resid.py:108: RuntimeWarning: invalid value encountered in sqrt
  Vsonic = (i['gamma']*i['R']*i['Ts'])**0.5
C:\Users\MEO\Desktop\Projects\JetEngine\boomsonic_v0\.venv\Lib\site-packages\pycycle\thermo\static_ps_resid.py:128: RuntimeWarning: invalid value encountered in sqrt
  Vsonic = (i['gamma']*i['R']*i['Ts'])**0.5
C:\Users\MEO\Desktop\Projects\JetEngine\boomsonic_v0\.venv\Lib\site-packages\openmdao\solvers\solver.py:819: SolverWarning:Your model has stalled three times and may be violating the bounds. In the future, turn on print_bound_enforce in your solver options here: 
OD0.burner.vitiated_flow.nonlinear_solver.linesearch.options['print_bound_enforce']=True. 
The bound(s) being violated now are:

C:\Users\MEO\Desktop\Projects\JetEngine\boomsonic_v0\.venv\Lib\site-packages\openmdao\solvers\linesearch\backtracking.py:35: SolverWarning:'OD0.burner.vitiated_flow.balance.T' exceeds upper bounds
  Val: [3719.53855226]
  Upper: [2500.]

C:\Users\MEO\Desktop\Projects\JetEngine\boomsonic_v0\.venv\Lib\site-packages\pycycle\thermo\static_ps_resid.py:128: RuntimeWarning: invalid value encountered in sqrt
  Vsonic = (i['gamma']*i['R']*i['Ts'])**0.5
C:\Users\MEO\Desktop\Projects\JetEngine\boomsonic_v0\.venv\Lib\site-packages\pycycle\thermo\static_ps_resid.py:128: RuntimeWarning: invalid value encountered in sqrt
  Vsonic = (i['gamma']*i['R']*i['Ts'])**0.5
C:\Users\MEO\Desktop\Projects\JetEngine\boomsonic_v0\.venv\Lib\site-packages\pycycle\thermo\static_ps_resid.py:128: RuntimeWarning: invalid value encountered in sqrt
  Vsonic = (i['gamma']*i['R']*i['Ts'])**0.5
C:\Users\MEO\Desktop\Projects\JetEngine\boomsonic_v0\.venv\Lib\site-packages\pycycle\thermo\static_ps_resid.py:128: RuntimeWarning: invalid value encountered in sqrt
  Vsonic = (i['gamma']*i['R']*i['Ts'])**0.5
C:\Users\MEO\Desktop\Projects\JetEngine\boomsonic_v0\.venv\Lib\site-packages\pycycle\thermo\static_ps_resid.py:128: RuntimeWarning: invalid value encountered in sqrt
  Vsonic = (i['gamma']*i['R']*i['Ts'])**0.5
C:\Users\MEO\Desktop\Projects\JetEngine\boomsonic_v0\.venv\Lib\site-packages\pycycle\thermo\static_ps_resid.py:128: RuntimeWarning: invalid value encountered in sqrt
  Vsonic = (i['gamma']*i['R']*i['Ts'])**0.5
C:\Users\MEO\Desktop\Projects\JetEngine\boomsonic_v0\.venv\Lib\site-packages\pycycle\thermo\static_ps_resid.py:128: RuntimeWarning: invalid value encountered in sqrt
  Vsonic = (i['gamma']*i['R']*i['Ts'])**0.5
C:\Users\MEO\Desktop\Projects\JetEngine\boomsonic_v0\.venv\Lib\site-packages\pycycle\thermo\static_ps_resid.py:128: RuntimeWarning: invalid value encountered in sqrt
  Vsonic = (i['gamma']*i['R']*i['Ts'])**0.5
C:\Users\MEO\Desktop\Projects\JetEngine\boomsonic_v0\.venv\Lib\site-packages\pycycle\thermo\static_ps_resid.py:128: RuntimeWarning: invalid value encountered in sqrt
  Vsonic = (i['gamma']*i['R']*i['Ts'])**0.5
C:\Users\MEO\Desktop\Projects\JetEngine\boomsonic_v0\.venv\Lib\site-packages\pycycle\thermo\static_ps_resid.py:128: RuntimeWarning: invalid value encountered in sqrt
  Vsonic = (i['gamma']*i['R']*i['Ts'])**0.5
C:\Users\MEO\Desktop\Projects\JetEngine\boomsonic_v0\.venv\Lib\site-packages\pycycle\thermo\static_ps_resid.py:128: RuntimeWarning: invalid value encountered in sqrt
  Vsonic = (i['gamma']*i['R']*i['Ts'])**0.5
C:\Users\MEO\Desktop\Projects\JetEngine\boomsonic_v0\.venv\Lib\site-packages\pycycle\thermo\static_ps_resid.py:128: RuntimeWarning: invalid value encountered in sqrt
  Vsonic = (i['gamma']*i['R']*i['Ts'])**0.5
C:\Users\MEO\Desktop\Projects\JetEngine\boomsonic_v0\.venv\Lib\site-packages\pycycle\thermo\static_ps_resid.py:128: RuntimeWarning: invalid value encountered in sqrt
  Vsonic = (i['gamma']*i['R']*i['Ts'])**0.5
C:\Users\MEO\Desktop\Projects\JetEngine\boomsonic_v0\.venv\Lib\site-packages\pycycle\thermo\static_ps_resid.py:128: RuntimeWarning: invalid value encountered in sqrt
  Vsonic = (i['gamma']*i['R']*i['Ts'])**0.5
C:\Users\MEO\Desktop\Projects\JetEngine\boomsonic_v0\.venv\Lib\site-packages\pycycle\thermo\static_ps_resid.py:128: RuntimeWarning: invalid value encountered in sqrt
  Vsonic = (i['gamma']*i['R']*i['Ts'])**0.5
C:\Users\MEO\Desktop\Projects\JetEngine\boomsonic_v0\.venv\Lib\site-packages\pycycle\thermo\static_ps_resid.py:128: RuntimeWarning: invalid value encountered in sqrt
  Vsonic = (i['gamma']*i['R']*i['Ts'])**0.5
C:\Users\MEO\Desktop\Projects\JetEngine\boomsonic_v0\.venv\Lib\site-packages\pycycle\thermo\static_ps_resid.py:128: RuntimeWarning: invalid value encountered in sqrt
  Vsonic = (i['gamma']*i['R']*i['Ts'])**0.5
C:\Users\MEO\Desktop\Projects\JetEngine\boomsonic_v0\.venv\Lib\site-packages\pycycle\thermo\static_ps_resid.py:128: RuntimeWarning: invalid value encountered in sqrt
  Vsonic = (i['gamma']*i['R']*i['Ts'])**0.5
C:\Users\MEO\Desktop\Projects\JetEngine\boomsonic_v0\.venv\Lib\site-packages\pycycle\thermo\static_ps_resid.py:128: RuntimeWarning: invalid value encountered in sqrt
  Vsonic = (i['gamma']*i['R']*i['Ts'])**0.5
C:\Users\MEO\Desktop\Projects\JetEngine\boomsonic_v0\.venv\Lib\site-packages\pycycle\thermo\static_ps_resid.py:128: RuntimeWarning: invalid value encountered in sqrt
  Vsonic = (i['gamma']*i['R']*i['Ts'])**0.5
C:\Users\MEO\Desktop\Projects\JetEngine\boomsonic_v0\.venv\Lib\site-packages\pycycle\thermo\static_ps_resid.py:128: RuntimeWarning: invalid value encountered in sqrt
  Vsonic = (i['gamma']*i['R']*i['Ts'])**0.5
C:\Users\MEO\Desktop\Projects\JetEngine\boomsonic_v0\.venv\Lib\site-packages\pycycle\thermo\static_ps_resid.py:128: RuntimeWarning: invalid value encountered in sqrt
  Vsonic = (i['gamma']*i['R']*i['Ts'])**0.5
C:\Users\MEO\Desktop\Projects\JetEngine\boomsonic_v0\.venv\Lib\site-packages\pycycle\thermo\static_ps_resid.py:128: RuntimeWarning: invalid value encountered in sqrt
  Vsonic = (i['gamma']*i['R']*i['Ts'])**0.5
C:\Users\MEO\Desktop\Projects\JetEngine\boomsonic_v0\.venv\Lib\site-packages\pycycle\thermo\static_ps_resid.py:128: RuntimeWarning: invalid value encountered in sqrt
  Vsonic = (i['gamma']*i['R']*i['Ts'])**0.5
C:\Users\MEO\Desktop\Projects\JetEngine\boomsonic_v0\.venv\Lib\site-packages\pycycle\thermo\static_ps_resid.py:128: RuntimeWarning: invalid value encountered in sqrt
  Vsonic = (i['gamma']*i['R']*i['Ts'])**0.5
C:\Users\MEO\Desktop\Projects\JetEngine\boomsonic_v0\.venv\Lib\site-packages\pycycle\thermo\static_ps_resid.py:128: RuntimeWarning: invalid value encountered in sqrt
  Vsonic = (i['gamma']*i['R']*i['Ts'])**0.5
C:\Users\MEO\Desktop\Projects\JetEngine\boomsonic_v0\.venv\Lib\site-packages\pycycle\thermo\static_ps_resid.py:128: RuntimeWarning: invalid value encountered in sqrt
  Vsonic = (i['gamma']*i['R']*i['Ts'])**0.5
C:\Users\MEO\Desktop\Projects\JetEngine\boomsonic_v0\.venv\Lib\site-packages\pycycle\thermo\static_ps_resid.py:128: RuntimeWarning: invalid value encountered in sqrt
  Vsonic = (i['gamma']*i['R']*i['Ts'])**0.5
C:\Users\MEO\Desktop\Projects\JetEngine\boomsonic_v0\.venv\Lib\site-packages\pycycle\thermo\static_ps_resid.py:128: RuntimeWarning: invalid value encountered in sqrt
  Vsonic = (i['gamma']*i['R']*i['Ts'])**0.5
C:\Users\MEO\Desktop\Projects\JetEngine\boomsonic_v0\.venv\Lib\site-packages\pycycle\thermo\static_ps_resid.py:128: RuntimeWarning: invalid value encountered in sqrt
  Vsonic = (i['gamma']*i['R']*i['Ts'])**0.5
C:\Users\MEO\Desktop\Projects\JetEngine\boomsonic_v0\.venv\Lib\site-packages\pycycle\thermo\static_ps_resid.py:128: RuntimeWarning: invalid value encountered in sqrt
  Vsonic = (i['gamma']*i['R']*i['Ts'])**0.5
C:\Users\MEO\Desktop\Projects\JetEngine\boomsonic_v0\.venv\Lib\site-packages\pycycle\thermo\static_ps_resid.py:128: RuntimeWarning: invalid value encountered in sqrt
  Vsonic = (i['gamma']*i['R']*i['Ts'])**0.5
C:\Users\MEO\Desktop\Projects\JetEngine\boomsonic_v0\.venv\Lib\site-packages\pycycle\thermo\static_ps_resid.py:128: RuntimeWarning: invalid value encountered in sqrt
  Vsonic = (i['gamma']*i['R']*i['Ts'])**0.5
C:\Users\MEO\Desktop\Projects\JetEngine\boomsonic_v0\.venv\Lib\site-packages\pycycle\thermo\static_ps_resid.py:128: RuntimeWarning: invalid value encountered in sqrt
  Vsonic = (i['gamma']*i['R']*i['Ts'])**0.5
C:\Users\MEO\Desktop\Projects\JetEngine\boomsonic_v0\.venv\Lib\site-packages\pycycle\thermo\static_ps_resid.py:128: RuntimeWarning: invalid value encountered in sqrt
  Vsonic = (i['gamma']*i['R']*i['Ts'])**0.5
C:\Users\MEO\Desktop\Projects\JetEngine\boomsonic_v0\.venv\Lib\site-packages\pycycle\thermo\static_ps_resid.py:128: RuntimeWarning: invalid value encountered in sqrt
  Vsonic = (i['gamma']*i['R']*i['Ts'])**0.5
C:\Users\MEO\Desktop\Projects\JetEngine\boomsonic_v0\.venv\Lib\site-packages\pycycle\thermo\static_ps_resid.py:128: RuntimeWarning: invalid value encountered in sqrt
  Vsonic = (i['gamma']*i['R']*i['Ts'])**0.5
C:\Users\MEO\Desktop\Projects\JetEngine\boomsonic_v0\.venv\Lib\site-packages\pycycle\thermo\static_ps_resid.py:128: RuntimeWarning: invalid value encountered in sqrt
  Vsonic = (i['gamma']*i['R']*i['Ts'])**0.5
C:\Users\MEO\Desktop\Projects\JetEngine\boomsonic_v0\.venv\Lib\site-packages\pycycle\thermo\static_ps_resid.py:128: RuntimeWarning: invalid value encountered in sqrt
  Vsonic = (i['gamma']*i['R']*i['Ts'])**0.5
C:\Users\MEO\Desktop\Projects\JetEngine\boomsonic_v0\.venv\Lib\site-packages\pycycle\thermo\static_ps_resid.py:128: RuntimeWarning: invalid value encountered in sqrt
  Vsonic = (i['gamma']*i['R']*i['Ts'])**0.5
C:\Users\MEO\Desktop\Projects\JetEngine\boomsonic_v0\.venv\Lib\site-packages\pycycle\thermo\static_ps_resid.py:128: RuntimeWarning: invalid value encountered in sqrt
  Vsonic = (i['gamma']*i['R']*i['Ts'])**0.5
C:\Users\MEO\Desktop\Projects\JetEngine\boomsonic_v0\.venv\Lib\site-packages\pycycle\thermo\static_ps_resid.py:128: RuntimeWarning: invalid value encountered in sqrt
  Vsonic = (i['gamma']*i['R']*i['Ts'])**0.5
C:\Users\MEO\Desktop\Projects\JetEngine\boomsonic_v0\.venv\Lib\site-packages\pycycle\thermo\static_ps_resid.py:128: RuntimeWarning: invalid value encountered in sqrt
  Vsonic = (i['gamma']*i['R']*i['Ts'])**0.5
C:\Users\MEO\Desktop\Projects\JetEngine\boomsonic_v0\.venv\Lib\site-packages\pycycle\thermo\static_ps_resid.py:128: RuntimeWarning: invalid value encountered in sqrt
  Vsonic = (i['gamma']*i['R']*i['Ts'])**0.5
C:\Users\MEO\Desktop\Projects\JetEngine\boomsonic_v0\.venv\Lib\site-packages\pycycle\thermo\static_ps_resid.py:128: RuntimeWarning: invalid value encountered in sqrt
  Vsonic = (i['gamma']*i['R']*i['Ts'])**0.5
C:\Users\MEO\Desktop\Projects\JetEngine\boomsonic_v0\.venv\Lib\site-packages\pycycle\thermo\static_ps_resid.py:128: RuntimeWarning: invalid value encountered in sqrt
  Vsonic = (i['gamma']*i['R']*i['Ts'])**0.5
C:\Users\MEO\Desktop\Projects\JetEngine\boomsonic_v0\.venv\Lib\site-packages\pycycle\thermo\static_ps_resid.py:128: RuntimeWarning: invalid value encountered in sqrt
  Vsonic = (i['gamma']*i['R']*i['Ts'])**0.5
C:\Users\MEO\Desktop\Projects\JetEngine\boomsonic_v0\.venv\Lib\site-packages\pycycle\thermo\static_ps_resid.py:128: RuntimeWarning: invalid value encountered in sqrt
  Vsonic = (i['gamma']*i['R']*i['Ts'])**0.5
C:\Users\MEO\Desktop\Projects\JetEngine\boomsonic_v0\.venv\Lib\site-packages\pycycle\thermo\static_ps_resid.py:128: RuntimeWarning: invalid value encountered in sqrt
  Vsonic = (i['gamma']*i['R']*i['Ts'])**0.5
C:\Users\MEO\Desktop\Projects\JetEngine\boomsonic_v0\.venv\Lib\site-packages\pycycle\thermo\static_ps_resid.py:128: RuntimeWarning: invalid value encountered in sqrt
  Vsonic = (i['gamma']*i['R']*i['Ts'])**0.5
C:\Users\MEO\Desktop\Projects\JetEngine\boomsonic_v0\.venv\Lib\site-packages\pycycle\thermo\static_ps_resid.py:128: RuntimeWarning: invalid value encountered in sqrt
  Vsonic = (i['gamma']*i['R']*i['Ts'])**0.5
C:\Users\MEO\Desktop\Projects\JetEngine\boomsonic_v0\.venv\Lib\site-packages\pycycle\thermo\static_ps_resid.py:128: RuntimeWarning: invalid value encountered in sqrt
  Vsonic = (i['gamma']*i['R']*i['Ts'])**0.5
C:\Users\MEO\Desktop\Projects\JetEngine\boomsonic_v0\.venv\Lib\site-packages\pycycle\thermo\static_ps_resid.py:128: RuntimeWarning: invalid value encountered in sqrt
  Vsonic = (i['gamma']*i['R']*i['Ts'])**0.5
C:\Users\MEO\Desktop\Projects\JetEngine\boomsonic_v0\.venv\Lib\site-packages\pycycle\thermo\static_ps_resid.py:128: RuntimeWarning: invalid value encountered in sqrt
  Vsonic = (i['gamma']*i['R']*i['Ts'])**0.5
C:\Users\MEO\Desktop\Projects\JetEngine\boomsonic_v0\.venv\Lib\site-packages\pycycle\thermo\static_ps_resid.py:128: RuntimeWarning: invalid value encountered in sqrt
  Vsonic = (i['gamma']*i['R']*i['Ts'])**0.5
C:\Users\MEO\Desktop\Projects\JetEngine\boomsonic_v0\.venv\Lib\site-packages\pycycle\thermo\static_ps_resid.py:128: RuntimeWarning: invalid value encountered in sqrt
  Vsonic = (i['gamma']*i['R']*i['Ts'])**0.5
C:\Users\MEO\Desktop\Projects\JetEngine\boomsonic_v0\.venv\Lib\site-packages\pycycle\thermo\static_ps_resid.py:128: RuntimeWarning: invalid value encountered in sqrt
  Vsonic = (i['gamma']*i['R']*i['Ts'])**0.5
C:\Users\MEO\Desktop\Projects\JetEngine\boomsonic_v0\.venv\Lib\site-packages\pycycle\thermo\static_ps_resid.py:128: RuntimeWarning: invalid value encountered in sqrt
  Vsonic = (i['gamma']*i['R']*i['Ts'])**0.5
C:\Users\MEO\Desktop\Projects\JetEngine\boomsonic_v0\.venv\Lib\site-packages\pycycle\thermo\static_ps_resid.py:128: RuntimeWarning: invalid value encountered in sqrt
  Vsonic = (i['gamma']*i['R']*i['Ts'])**0.5
C:\Users\MEO\Desktop\Projects\JetEngine\boomsonic_v0\.venv\Lib\site-packages\pycycle\thermo\static_ps_resid.py:128: RuntimeWarning: invalid value encountered in sqrt
  Vsonic = (i['gamma']*i['R']*i['Ts'])**0.5
C:\Users\MEO\Desktop\Projects\JetEngine\boomsonic_v0\.venv\Lib\site-packages\pycycle\thermo\static_ps_resid.py:128: RuntimeWarning: invalid value encountered in sqrt
  Vsonic = (i['gamma']*i['R']*i['Ts'])**0.5
C:\Users\MEO\Desktop\Projects\JetEngine\boomsonic_v0\.venv\Lib\site-packages\pycycle\thermo\static_ps_resid.py:128: RuntimeWarning: invalid value encountered in sqrt
  Vsonic = (i['gamma']*i['R']*i['Ts'])**0.5
C:\Users\MEO\Desktop\Projects\JetEngine\boomsonic_v0\.venv\Lib\site-packages\pycycle\thermo\static_ps_resid.py:128: RuntimeWarning: invalid value encountered in sqrt
  Vsonic = (i['gamma']*i['R']*i['Ts'])**0.5
C:\Users\MEO\Desktop\Projects\JetEngine\boomsonic_v0\.venv\Lib\site-packages\pycycle\thermo\static_ps_resid.py:128: RuntimeWarning: invalid value encountered in sqrt
  Vsonic = (i['gamma']*i['R']*i['Ts'])**0.5
C:\Users\MEO\Desktop\Projects\JetEngine\boomsonic_v0\.venv\Lib\site-packages\pycycle\thermo\static_ps_resid.py:128: RuntimeWarning: invalid value encountered in sqrt
  Vsonic = (i['gamma']*i['R']*i['Ts'])**0.5
C:\Users\MEO\Desktop\Projects\JetEngine\boomsonic_v0\.venv\Lib\site-packages\pycycle\thermo\static_ps_resid.py:128: RuntimeWarning: invalid value encountered in sqrt
  Vsonic = (i['gamma']*i['R']*i['Ts'])**0.5
C:\Users\MEO\Desktop\Projects\JetEngine\boomsonic_v0\.venv\Lib\site-packages\pycycle\thermo\static_ps_resid.py:128: RuntimeWarning: invalid value encountered in sqrt
  Vsonic = (i['gamma']*i['R']*i['Ts'])**0.5
C:\Users\MEO\Desktop\Projects\JetEngine\boomsonic_v0\.venv\Lib\site-packages\openmdao\solvers\solver.py:819: SolverWarning:Your model has stalled three times and may be violating the bounds. In the future, turn on print_bound_enforce in your solver options here: 
OD0.turb.real_flow_b4bld.nonlinear_solver.linesearch.options['print_bound_enforce']=True. 
The bound(s) being violated now are:

C:\Users\MEO\Desktop\Projects\JetEngine\boomsonic_v0\.venv\Lib\site-packages\openmdao\solvers\linesearch\backtracking.py:35: SolverWarning:'OD0.turb.real_flow_b4bld.balance.T' exceeds upper bounds
  Val: [2894.98685805]
  Upper: [2500.]

C:\Users\MEO\Desktop\Projects\JetEngine\boomsonic_v0\.venv\Lib\site-packages\openmdao\solvers\solver.py:819: SolverWarning:Your model has stalled three times and may be violating the bounds. In the future, turn on print_bound_enforce in your solver options here: 
OD0.turb.real_flow.nonlinear_solver.linesearch.options['print_bound_enforce']=True. 
The bound(s) being violated now are:

C:\Users\MEO\Desktop\Projects\JetEngine\boomsonic_v0\.venv\Lib\site-packages\openmdao\solvers\linesearch\backtracking.py:35: SolverWarning:'OD0.turb.real_flow.balance.T' exceeds upper bounds
  Val: [2894.98685805]
  Upper: [2500.]

C:\Users\MEO\Desktop\Projects\JetEngine\boomsonic_v0\.venv\Lib\site-packages\pycycle\thermo\static_ps_resid.py:128: RuntimeWarning: invalid value encountered in sqrt
  Vsonic = (i['gamma']*i['R']*i['Ts'])**0.5
C:\Users\MEO\Desktop\Projects\JetEngine\boomsonic_v0\.venv\Lib\site-packages\pycycle\thermo\static_ps_resid.py:128: RuntimeWarning: invalid value encountered in sqrt
  Vsonic = (i['gamma']*i['R']*i['Ts'])**0.5
C:\Users\MEO\Desktop\Projects\JetEngine\boomsonic_v0\.venv\Lib\site-packages\pycycle\thermo\static_ps_resid.py:128: RuntimeWarning: invalid value encountered in sqrt
  Vsonic = (i['gamma']*i['R']*i['Ts'])**0.5
C:\Users\MEO\Desktop\Projects\JetEngine\boomsonic_v0\.venv\Lib\site-packages\pycycle\thermo\static_ps_resid.py:128: RuntimeWarning: invalid value encountered in sqrt
  Vsonic = (i['gamma']*i['R']*i['Ts'])**0.5
C:\Users\MEO\Desktop\Projects\JetEngine\boomsonic_v0\.venv\Lib\site-packages\pycycle\thermo\static_ps_resid.py:128: RuntimeWarning: invalid value encountered in sqrt
  Vsonic = (i['gamma']*i['R']*i['Ts'])**0.5
C:\Users\MEO\Desktop\Projects\JetEngine\boomsonic_v0\.venv\Lib\site-packages\openmdao\solvers\solver.py:819: SolverWarning:Your model has stalled three times and may be violating the bounds. In the future, turn on print_bound_enforce in your solver options here: 
OD0.nozz.throat_total.nonlinear_solver.linesearch.options['print_bound_enforce']=True. 
The bound(s) being violated now are:

C:\Users\MEO\Desktop\Projects\JetEngine\boomsonic_v0\.venv\Lib\site-packages\openmdao\solvers\linesearch\backtracking.py:35: SolverWarning:'OD0.nozz.throat_total.balance.T' exceeds upper bounds
  Val: [2894.98685805]
  Upper: [2500.]

C:\Users\MEO\Desktop\Projects\JetEngine\boomsonic_v0\.venv\Lib\site-packages\pycycle\thermo\static_ps_resid.py:108: RuntimeWarning: invalid value encountered in sqrt
  Vsonic = (i['gamma']*i['R']*i['Ts'])**0.5
C:\Users\MEO\Desktop\Projects\JetEngine\boomsonic_v0\.venv\Lib\site-packages\pycycle\thermo\static_ps_resid.py:108: RuntimeWarning: invalid value encountered in sqrt
  Vsonic = (i['gamma']*i['R']*i['Ts'])**0.5
C:\Users\MEO\Desktop\Projects\JetEngine\boomsonic_v0\.venv\Lib\site-packages\pycycle\thermo\static_ps_resid.py:108: RuntimeWarning: invalid value encountered in sqrt
  Vsonic = (i['gamma']*i['R']*i['Ts'])**0.5
C:\Users\MEO\Desktop\Projects\JetEngine\boomsonic_v0\.venv\Lib\site-packages\pycycle\thermo\static_ps_resid.py:108: RuntimeWarning: invalid value encountered in sqrt
  Vsonic = (i['gamma']*i['R']*i['Ts'])**0.5
C:\Users\MEO\Desktop\Projects\JetEngine\boomsonic_v0\.venv\Lib\site-packages\pycycle\thermo\static_ps_resid.py:108: RuntimeWarning: invalid value encountered in sqrt
  Vsonic = (i['gamma']*i['R']*i['Ts'])**0.5
C:\Users\MEO\Desktop\Projects\JetEngine\boomsonic_v0\.venv\Lib\site-packages\pycycle\thermo\static_ps_resid.py:128: RuntimeWarning: invalid value encountered in sqrt
  Vsonic = (i['gamma']*i['R']*i['Ts'])**0.5
C:\Users\MEO\Desktop\Projects\JetEngine\boomsonic_v0\.venv\Lib\site-packages\openmdao\solvers\solver.py:819: SolverWarning:Your model has stalled three times and may be violating the bounds. In the future, turn on print_bound_enforce in your solver options here: 
OD0.burner.vitiated_flow.nonlinear_solver.linesearch.options['print_bound_enforce']=True. 
The bound(s) being violated now are:

C:\Users\MEO\Desktop\Projects\JetEngine\boomsonic_v0\.venv\Lib\site-packages\openmdao\solvers\linesearch\backtracking.py:35: SolverWarning:'OD0.burner.vitiated_flow.balance.T' exceeds upper bounds
  Val: [3719.53855226]
  Upper: [2500.]

C:\Users\MEO\Desktop\Projects\JetEngine\boomsonic_v0\.venv\Lib\site-packages\pycycle\thermo\static_ps_resid.py:128: RuntimeWarning: invalid value encountered in sqrt
  Vsonic = (i['gamma']*i['R']*i['Ts'])**0.5
C:\Users\MEO\Desktop\Projects\JetEngine\boomsonic_v0\.venv\Lib\site-packages\pycycle\thermo\static_ps_resid.py:128: RuntimeWarning: invalid value encountered in sqrt
  Vsonic = (i['gamma']*i['R']*i['Ts'])**0.5
C:\Users\MEO\Desktop\Projects\JetEngine\boomsonic_v0\.venv\Lib\site-packages\pycycle\thermo\static_ps_resid.py:128: RuntimeWarning: invalid value encountered in sqrt
  Vsonic = (i['gamma']*i['R']*i['Ts'])**0.5
C:\Users\MEO\Desktop\Projects\JetEngine\boomsonic_v0\.venv\Lib\site-packages\pycycle\thermo\static_ps_resid.py:128: RuntimeWarning: invalid value encountered in sqrt
  Vsonic = (i['gamma']*i['R']*i['Ts'])**0.5
C:\Users\MEO\Desktop\Projects\JetEngine\boomsonic_v0\.venv\Lib\site-packages\pycycle\thermo\static_ps_resid.py:128: RuntimeWarning: invalid value encountered in sqrt
  Vsonic = (i['gamma']*i['R']*i['Ts'])**0.5
C:\Users\MEO\Desktop\Projects\JetEngine\boomsonic_v0\.venv\Lib\site-packages\pycycle\thermo\static_ps_resid.py:128: RuntimeWarning: invalid value encountered in sqrt
  Vsonic = (i['gamma']*i['R']*i['Ts'])**0.5
C:\Users\MEO\Desktop\Projects\JetEngine\boomsonic_v0\.venv\Lib\site-packages\pycycle\thermo\static_ps_resid.py:128: RuntimeWarning: invalid value encountered in sqrt
  Vsonic = (i['gamma']*i['R']*i['Ts'])**0.5
C:\Users\MEO\Desktop\Projects\JetEngine\boomsonic_v0\.venv\Lib\site-packages\pycycle\thermo\static_ps_resid.py:128: RuntimeWarning: invalid value encountered in sqrt
  Vsonic = (i['gamma']*i['R']*i['Ts'])**0.5
C:\Users\MEO\Desktop\Projects\JetEngine\boomsonic_v0\.venv\Lib\site-packages\openmdao\solvers\solver.py:819: SolverWarning:Your model has stalled three times and may be violating the bounds. In the future, turn on print_bound_enforce in your solver options here: 
OD0.turb.real_flow_b4bld.nonlinear_solver.linesearch.options['print_bound_enforce']=True. 
The bound(s) being violated now are:

C:\Users\MEO\Desktop\Projects\JetEngine\boomsonic_v0\.venv\Lib\site-packages\openmdao\solvers\linesearch\backtracking.py:35: SolverWarning:'OD0.turb.real_flow_b4bld.balance.T' exceeds upper bounds
  Val: [2894.98685805]
  Upper: [2500.]

C:\Users\MEO\Desktop\Projects\JetEngine\boomsonic_v0\.venv\Lib\site-packages\openmdao\solvers\solver.py:819: SolverWarning:Your model has stalled three times and may be violating the bounds. In the future, turn on print_bound_enforce in your solver options here: 
OD0.turb.real_flow.nonlinear_solver.linesearch.options['print_bound_enforce']=True. 
The bound(s) being violated now are:

C:\Users\MEO\Desktop\Projects\JetEngine\boomsonic_v0\.venv\Lib\site-packages\openmdao\solvers\linesearch\backtracking.py:35: SolverWarning:'OD0.turb.real_flow.balance.T' exceeds upper bounds
  Val: [2894.98685805]
  Upper: [2500.]

C:\Users\MEO\Desktop\Projects\JetEngine\boomsonic_v0\.venv\Lib\site-packages\pycycle\thermo\static_ps_resid.py:128: RuntimeWarning: invalid value encountered in sqrt
  Vsonic = (i['gamma']*i['R']*i['Ts'])**0.5
C:\Users\MEO\Desktop\Projects\JetEngine\boomsonic_v0\.venv\Lib\site-packages\pycycle\thermo\static_ps_resid.py:128: RuntimeWarning: invalid value encountered in sqrt
  Vsonic = (i['gamma']*i['R']*i['Ts'])**0.5
C:\Users\MEO\Desktop\Projects\JetEngine\boomsonic_v0\.venv\Lib\site-packages\pycycle\thermo\static_ps_resid.py:128: RuntimeWarning: invalid value encountered in sqrt
  Vsonic = (i['gamma']*i['R']*i['Ts'])**0.5
C:\Users\MEO\Desktop\Projects\JetEngine\boomsonic_v0\.venv\Lib\site-packages\pycycle\thermo\static_ps_resid.py:128: RuntimeWarning: invalid value encountered in sqrt
  Vsonic = (i['gamma']*i['R']*i['Ts'])**0.5
C:\Users\MEO\Desktop\Projects\JetEngine\boomsonic_v0\.venv\Lib\site-packages\pycycle\thermo\static_ps_resid.py:128: RuntimeWarning: invalid value encountered in sqrt
  Vsonic = (i['gamma']*i['R']*i['Ts'])**0.5
C:\Users\MEO\Desktop\Projects\JetEngine\boomsonic_v0\.venv\Lib\site-packages\openmdao\solvers\solver.py:819: SolverWarning:Your model has stalled three times and may be violating the bounds. In the future, turn on print_bound_enforce in your solver options here: 
OD0.nozz.throat_total.nonlinear_solver.linesearch.options['print_bound_enforce']=True. 
The bound(s) being violated now are:

C:\Users\MEO\Desktop\Projects\JetEngine\boomsonic_v0\.venv\Lib\site-packages\openmdao\solvers\linesearch\backtracking.py:35: SolverWarning:'OD0.nozz.throat_total.balance.T' exceeds upper bounds
  Val: [2894.98685805]
  Upper: [2500.]

C:\Users\MEO\Desktop\Projects\JetEngine\boomsonic_v0\.venv\Lib\site-packages\pycycle\thermo\static_ps_resid.py:108: RuntimeWarning: invalid value encountered in sqrt
  Vsonic = (i['gamma']*i['R']*i['Ts'])**0.5
C:\Users\MEO\Desktop\Projects\JetEngine\boomsonic_v0\.venv\Lib\site-packages\pycycle\thermo\static_ps_resid.py:108: RuntimeWarning: invalid value encountered in sqrt
  Vsonic = (i['gamma']*i['R']*i['Ts'])**0.5
C:\Users\MEO\Desktop\Projects\JetEngine\boomsonic_v0\.venv\Lib\site-packages\pycycle\thermo\static_ps_resid.py:108: RuntimeWarning: invalid value encountered in sqrt
  Vsonic = (i['gamma']*i['R']*i['Ts'])**0.5
C:\Users\MEO\Desktop\Projects\JetEngine\boomsonic_v0\.venv\Lib\site-packages\pycycle\thermo\static_ps_resid.py:108: RuntimeWarning: invalid value encountered in sqrt
  Vsonic = (i['gamma']*i['R']*i['Ts'])**0.5
C:\Users\MEO\Desktop\Projects\JetEngine\boomsonic_v0\.venv\Lib\site-packages\pycycle\thermo\static_ps_resid.py:108: RuntimeWarning: invalid value encountered in sqrt
  Vsonic = (i['gamma']*i['R']*i['Ts'])**0.5
C:\Users\MEO\Desktop\Projects\JetEngine\boomsonic_v0\.venv\Lib\site-packages\pycycle\thermo\static_ps_resid.py:128: RuntimeWarning: invalid value encountered in sqrt
  Vsonic = (i['gamma']*i['R']*i['Ts'])**0.5
C:\Users\MEO\Desktop\Projects\JetEngine\boomsonic_v0\.venv\Lib\site-packages\pycycle\thermo\static_ps_resid.py:128: RuntimeWarning: invalid value encountered in sqrt
  Vsonic = (i['gamma']*i['R']*i['Ts'])**0.5
C:\Users\MEO\Desktop\Projects\JetEngine\boomsonic_v0\.venv\Lib\site-packages\pycycle\thermo\static_ps_resid.py:128: RuntimeWarning: invalid value encountered in sqrt
  Vsonic = (i['gamma']*i['R']*i['Ts'])**0.5
C:\Users\MEO\Desktop\Projects\JetEngine\boomsonic_v0\.venv\Lib\site-packages\pycycle\thermo\static_ps_resid.py:108: RuntimeWarning: invalid value encountered in sqrt
  Vsonic = (i['gamma']*i['R']*i['Ts'])**0.5
C:\Users\MEO\Desktop\Projects\JetEngine\boomsonic_v0\.venv\Lib\site-packages\pycycle\elements\turbine.py:40: RuntimeWarning: invalid value encountered in sqrt
  outputs['Wp'] = inputs['W_in'] * inputs['Tt']**0.5 / inputs['Pt']
C:\Users\MEO\Desktop\Projects\JetEngine\boomsonic_v0\.venv\Lib\site-packages\pycycle\elements\turbine.py:41: RuntimeWarning: invalid value encountered in power
  outputs['Np'] = inputs['Nmech'] * inputs['Tt']**-0.5
C:\Users\MEO\Desktop\Projects\JetEngine\boomsonic_v0\.venv\Lib\site-packages\openmdao\solvers\solver.py:819: SolverWarning:Your model has stalled three times and may be violating the bounds. In the future, turn on print_bound_enforce in your solver options here: 
OD0.turb.ideal_flow.nonlinear_solver.linesearch.options['print_bound_enforce']=True. 
The bound(s) being violated now are:

C:\Users\MEO\Desktop\Projects\JetEngine\boomsonic_v0\.venv\Lib\site-packages\openmdao\solvers\linesearch\backtracking.py:39: SolverWarning:'OD0.turb.ideal_flow.balance.T' exceeds lower bounds
  Val: [109.29969839]
  Lower: [150.]

C:\Users\MEO\Desktop\Projects\JetEngine\boomsonic_v0\.venv\Lib\site-packages\openmdao\solvers\solver.py:819: SolverWarning:Your model has stalled three times and may be violating the bounds. In the future, turn on print_bound_enforce in your solver options here: 
OD0.nozz.staticMN.nonlinear_solver.linesearch.options['print_bound_enforce']=True. 
The bound(s) being violated now are:

C:\Users\MEO\Desktop\Projects\JetEngine\boomsonic_v0\.venv\Lib\site-packages\openmdao\solvers\linesearch\backtracking.py:39: SolverWarning:'OD0.nozz.staticMN.balance.T' exceeds lower bounds
  Val: [133.2562183]
  Lower: [150.]

C:\Users\MEO\Desktop\Projects\JetEngine\boomsonic_v0\.venv\Lib\site-packages\pycycle\elements\turbine.py:89: RuntimeWarning: invalid value encountered in log
  outputs['eff_poly'] = 1 + (S_out-S_in)/(Rt*np.log(invPR))
C:\Users\MEO\Desktop\Projects\JetEngine\boomsonic_v0\.venv\Lib\site-packages\openmdao\solvers\solver.py:819: SolverWarning:Your model has stalled three times and may be violating the bounds. In the future, turn on print_bound_enforce in your solver options here: 
OD0.burner.vitiated_flow.nonlinear_solver.linesearch.options['print_bound_enforce']=True. 
The bound(s) being violated now are:

C:\Users\MEO\Desktop\Projects\JetEngine\boomsonic_v0\.venv\Lib\site-packages\openmdao\solvers\linesearch\backtracking.py:35: SolverWarning:'OD0.burner.vitiated_flow.balance.T' exceeds upper bounds
  Val: [3233.51217695]
  Upper: [2500.]

C:\Users\MEO\Desktop\Projects\JetEngine\boomsonic_v0\.venv\Lib\site-packages\openmdao\solvers\solver.py:819: SolverWarning:Your model has stalled three times and may be violating the bounds. In the future, turn on print_bound_enforce in your solver options here: 
OD0.burner.out_stat.nonlinear_solver.linesearch.options['print_bound_enforce']=True. 
The bound(s) being violated now are:

C:\Users\MEO\Desktop\Projects\JetEngine\boomsonic_v0\.venv\Lib\site-packages\openmdao\solvers\linesearch\backtracking.py:35: SolverWarning:'OD0.burner.out_stat.balance.T' exceeds upper bounds
  Val: [6997.28212597]
  Upper: [2500.]

C:\Users\MEO\Desktop\Projects\JetEngine\boomsonic_v0\.venv\Lib\site-packages\openmdao\solvers\linesearch\backtracking.py:39: SolverWarning:'OD0.burner.out_stat.ps_resid.MN' exceeds lower bounds
  Val: [-5.90019227e-06]
  Lower: [0.001]

C:\Users\MEO\Desktop\Projects\JetEngine\boomsonic_v0\.venv\Lib\site-packages\openmdao\solvers\solver.py:819: SolverWarning:Your model has stalled three times and may be violating the bounds. In the future, turn on print_bound_enforce in your solver options here: 
OD0.turb.real_flow_b4bld.nonlinear_solver.linesearch.options['print_bound_enforce']=True. 
The bound(s) being violated now are:

C:\Users\MEO\Desktop\Projects\JetEngine\boomsonic_v0\.venv\Lib\site-packages\openmdao\solvers\linesearch\backtracking.py:35: SolverWarning:'OD0.turb.real_flow_b4bld.balance.T' exceeds upper bounds
  Val: [2736.46591583]
  Upper: [2500.]

C:\Users\MEO\Desktop\Projects\JetEngine\boomsonic_v0\.venv\Lib\site-packages\openmdao\solvers\solver.py:819: SolverWarning:Your model has stalled three times and may be violating the bounds. In the future, turn on print_bound_enforce in your solver options here: 
OD0.turb.real_flow.nonlinear_solver.linesearch.options['print_bound_enforce']=True. 
The bound(s) being violated now are:

C:\Users\MEO\Desktop\Projects\JetEngine\boomsonic_v0\.venv\Lib\site-packages\openmdao\solvers\linesearch\backtracking.py:35: SolverWarning:'OD0.turb.real_flow.balance.T' exceeds upper bounds
  Val: [2736.46591583]
  Upper: [2500.]

C:\Users\MEO\Desktop\Projects\JetEngine\boomsonic_v0\.venv\Lib\site-packages\openmdao\solvers\solver.py:819: SolverWarning:Your model has stalled three times and may be violating the bounds. In the future, turn on print_bound_enforce in your solver options here: 
OD0.turb.out_stat.nonlinear_solver.linesearch.options['print_bound_enforce']=True. 
The bound(s) being violated now are:

C:\Users\MEO\Desktop\Projects\JetEngine\boomsonic_v0\.venv\Lib\site-packages\openmdao\solvers\linesearch\backtracking.py:35: SolverWarning:'OD0.turb.out_stat.balance.T' exceeds upper bounds
  Val: [3112.14005156]
  Upper: [2500.]

C:\Users\MEO\Desktop\Projects\JetEngine\boomsonic_v0\.venv\Lib\site-packages\openmdao\solvers\solver.py:819: SolverWarning:Your model has stalled three times and may be violating the bounds. In the future, turn on print_bound_enforce in your solver options here: 
OD0.nozz.throat_total.nonlinear_solver.linesearch.options['print_bound_enforce']=True. 
The bound(s) being violated now are:

C:\Users\MEO\Desktop\Projects\JetEngine\boomsonic_v0\.venv\Lib\site-packages\openmdao\solvers\linesearch\backtracking.py:35: SolverWarning:'OD0.nozz.throat_total.balance.T' exceeds upper bounds
  Val: [2736.46591583]
  Upper: [2500.]

C:\Users\MEO\Desktop\Projects\JetEngine\boomsonic_v0\.venv\Lib\site-packages\openmdao\solvers\solver.py:819: SolverWarning:Your model has stalled three times and may be violating the bounds. In the future, turn on print_bound_enforce in your solver options here: 
OD0.nozz.staticMN.nonlinear_solver.linesearch.options['print_bound_enforce']=True. 
The bound(s) being violated now are:

C:\Users\MEO\Desktop\Projects\JetEngine\boomsonic_v0\.venv\Lib\site-packages\openmdao\solvers\linesearch\backtracking.py:35: SolverWarning:'OD0.nozz.staticMN.balance.T' exceeds upper bounds
  Val: [2908.44102467]
  Upper: [2500.]

C:\Users\MEO\Desktop\Projects\JetEngine\boomsonic_v0\.venv\Lib\site-packages\pycycle\thermo\static_ps_resid.py:128: RuntimeWarning: invalid value encountered in sqrt
  Vsonic = (i['gamma']*i['R']*i['Ts'])**0.5
C:\Users\MEO\Desktop\Projects\JetEngine\boomsonic_v0\.venv\Lib\site-packages\pycycle\thermo\static_ps_resid.py:108: RuntimeWarning: invalid value encountered in sqrt
  Vsonic = (i['gamma']*i['R']*i['Ts'])**0.5
C:\Users\MEO\Desktop\Projects\JetEngine\boomsonic_v0\.venv\Lib\site-packages\openmdao\solvers\solver.py:819: SolverWarning:Your model has stalled three times and may be violating the bounds. In the future, turn on print_bound_enforce in your solver options here: 
OD0.burner.vitiated_flow.nonlinear_solver.linesearch.options['print_bound_enforce']=True. 
The bound(s) being violated now are:

C:\Users\MEO\Desktop\Projects\JetEngine\boomsonic_v0\.venv\Lib\site-packages\openmdao\solvers\linesearch\backtracking.py:35: SolverWarning:'OD0.burner.vitiated_flow.balance.T' exceeds upper bounds
  Val: [3885.28154111]
  Upper: [2500.]

C:\Users\MEO\Desktop\Projects\JetEngine\boomsonic_v0\.venv\Lib\site-packages\pycycle\thermo\static_ps_resid.py:98: RuntimeWarning: invalid value encountered in power
  ps_guess = inputs['guess:Pt'] * (1 + (gamt-1)/2 * M_guess**2)**(-gamt/(gamt-1))
C:\Users\MEO\Desktop\Projects\JetEngine\boomsonic_v0\.venv\Lib\site-packages\pycycle\thermo\static_ps_resid.py:93: RuntimeWarning: invalid value encountered in power
  f1 = ps - inputs['guess:Pt'] * (1 + (gamt-1)/2 * M_guess**2)**(-gamt/(gamt-1))
C:\Users\MEO\Desktop\Projects\JetEngine\boomsonic_v0\.venv\Lib\site-packages\pycycle\thermo\static_ps_resid.py:94: RuntimeWarning: invalid value encountered in sqrt
  f2 = MN - inputs['W']*(R_UNIVERSAL_SI*inputs['Ts'])**0.5/(ps_guess*1.0e6*inputs['area']*gamt**0.5)
C:\Users\MEO\Desktop\Projects\JetEngine\boomsonic_v0\.venv\Lib\site-packages\pycycle\thermo\static_ps_resid.py:99: RuntimeWarning: The iteration is not making good progress, as measured by the 
 improvement from the last ten iterations.
  ps_guess, M_guess = fsolve(equations, (ps_guess, M_guess))
C:\Users\MEO\Desktop\Projects\JetEngine\boomsonic_v0\.venv\Lib\site-packages\pycycle\thermo\static_ps_resid.py:128: RuntimeWarning: invalid value encountered in sqrt
  Vsonic = (i['gamma']*i['R']*i['Ts'])**0.5
C:\Users\MEO\Desktop\Projects\JetEngine\boomsonic_v0\.venv\Lib\site-packages\openmdao\solvers\solver.py:819: SolverWarning:Your model has stalled three times and may be violating the bounds. In the future, turn on print_bound_enforce in your solver options here: 
OD0.turb.real_flow_b4bld.nonlinear_solver.linesearch.options['print_bound_enforce']=True. 
The bound(s) being violated now are:

C:\Users\MEO\Desktop\Projects\JetEngine\boomsonic_v0\.venv\Lib\site-packages\openmdao\solvers\linesearch\backtracking.py:35: SolverWarning:'OD0.turb.real_flow_b4bld.balance.T' exceeds upper bounds
  Val: [3067.75643544]
  Upper: [2500.]

C:\Users\MEO\Desktop\Projects\JetEngine\boomsonic_v0\.venv\Lib\site-packages\openmdao\solvers\solver.py:819: SolverWarning:Your model has stalled three times and may be violating the bounds. In the future, turn on print_bound_enforce in your solver options here: 
OD0.turb.real_flow.nonlinear_solver.linesearch.options['print_bound_enforce']=True. 
The bound(s) being violated now are:

C:\Users\MEO\Desktop\Projects\JetEngine\boomsonic_v0\.venv\Lib\site-packages\openmdao\solvers\linesearch\backtracking.py:35: SolverWarning:'OD0.turb.real_flow.balance.T' exceeds upper bounds
  Val: [3067.75643544]
  Upper: [2500.]

C:\Users\MEO\Desktop\Projects\JetEngine\boomsonic_v0\.venv\Lib\site-packages\pycycle\thermo\static_ps_resid.py:128: RuntimeWarning: invalid value encountered in sqrt
  Vsonic = (i['gamma']*i['R']*i['Ts'])**0.5
C:\Users\MEO\Desktop\Projects\JetEngine\boomsonic_v0\.venv\Lib\site-packages\pycycle\thermo\static_ps_resid.py:94: RuntimeWarning: invalid value encountered in sqrt
  f2 = MN - inputs['W']*(R_UNIVERSAL_SI*inputs['Ts'])**0.5/(ps_guess*1.0e6*inputs['area']*gamt**0.5)
C:\Users\MEO\Desktop\Projects\JetEngine\boomsonic_v0\.venv\Lib\site-packages\pycycle\thermo\static_ps_resid.py:99: RuntimeWarning: The iteration is not making good progress, as measured by the 
 improvement from the last ten iterations.
  ps_guess, M_guess = fsolve(equations, (ps_guess, M_guess))
C:\Users\MEO\Desktop\Projects\JetEngine\boomsonic_v0\.venv\Lib\site-packages\openmdao\solvers\solver.py:819: SolverWarning:Your model has stalled three times and may be violating the bounds. In the future, turn on print_bound_enforce in your solver options here: 
OD0.nozz.throat_total.nonlinear_solver.linesearch.options['print_bound_enforce']=True. 
The bound(s) being violated now are:

C:\Users\MEO\Desktop\Projects\JetEngine\boomsonic_v0\.venv\Lib\site-packages\openmdao\solvers\linesearch\backtracking.py:35: SolverWarning:'OD0.nozz.throat_total.balance.T' exceeds upper bounds
  Val: [3067.75643544]
  Upper: [2500.]

C:\Users\MEO\Desktop\Projects\JetEngine\boomsonic_v0\.venv\Lib\site-packages\pycycle\thermo\static_ps_resid.py:108: RuntimeWarning: invalid value encountered in sqrt
  Vsonic = (i['gamma']*i['R']*i['Ts'])**0.5
C:\Users\MEO\Desktop\Projects\JetEngine\boomsonic_v0\.venv\Lib\site-packages\pycycle\thermo\static_ps_resid.py:83: RuntimeWarning: invalid value encountered in power
  ps_guess = inputs['guess:Pt'] * (1 + (gamt-1)/2 * inputs['MN']**2)**(-gamt/(gamt-1))
C:\Users\MEO\Desktop\Projects\JetEngine\boomsonic_v0\.venv\Lib\site-packages\pycycle\thermo\static_ps_resid.py:108: RuntimeWarning: invalid value encountered in sqrt
  Vsonic = (i['gamma']*i['R']*i['Ts'])**0.5
C:\Users\MEO\Desktop\Projects\JetEngine\boomsonic_v0\.venv\Lib\site-packages\pycycle\thermo\static_ps_resid.py:108: RuntimeWarning: invalid value encountered in sqrt
  Vsonic = (i['gamma']*i['R']*i['Ts'])**0.5
C:\Users\MEO\Desktop\Projects\JetEngine\boomsonic_v0\.venv\Lib\site-packages\pycycle\thermo\static_ps_calc.py:32: RuntimeWarning: invalid value encountered in sqrt
  outputs['Vsonic'] = Vsonic = np.sqrt(inputs['gamma'] * inputs['R'] * inputs['Ts'])
C:\Users\MEO\Desktop\Projects\JetEngine\boomsonic_v0\.venv\Lib\site-packages\pycycle\thermo\static_ps_resid.py:128: RuntimeWarning: invalid value encountered in sqrt
  Vsonic = (i['gamma']*i['R']*i['Ts'])**0.5
C:\Users\MEO\Desktop\Projects\JetEngine\boomsonic_v0\.venv\Lib\site-packages\pycycle\thermo\static_ps_resid.py:98: RuntimeWarning: invalid value encountered in power
  ps_guess = inputs['guess:Pt'] * (1 + (gamt-1)/2 * M_guess**2)**(-gamt/(gamt-1))
C:\Users\MEO\Desktop\Projects\JetEngine\boomsonic_v0\.venv\Lib\site-packages\pycycle\thermo\static_ps_resid.py:93: RuntimeWarning: invalid value encountered in power
  f1 = ps - inputs['guess:Pt'] * (1 + (gamt-1)/2 * M_guess**2)**(-gamt/(gamt-1))
C:\Users\MEO\Desktop\Projects\JetEngine\boomsonic_v0\.venv\Lib\site-packages\pycycle\thermo\static_ps_resid.py:94: RuntimeWarning: invalid value encountered in sqrt
  f2 = MN - inputs['W']*(R_UNIVERSAL_SI*inputs['Ts'])**0.5/(ps_guess*1.0e6*inputs['area']*gamt**0.5)
C:\Users\MEO\Desktop\Projects\JetEngine\boomsonic_v0\.venv\Lib\site-packages\pycycle\thermo\static_ps_resid.py:99: RuntimeWarning: The iteration is not making good progress, as measured by the 
 improvement from the last ten iterations.
  ps_guess, M_guess = fsolve(equations, (ps_guess, M_guess))
C:\Users\MEO\Desktop\Projects\JetEngine\boomsonic_v0\.venv\Lib\site-packages\pycycle\thermo\static_ps_resid.py:83: RuntimeWarning: invalid value encountered in power
  ps_guess = inputs['guess:Pt'] * (1 + (gamt-1)/2 * inputs['MN']**2)**(-gamt/(gamt-1))
C:\Users\MEO\Desktop\Projects\JetEngine\boomsonic_v0\.venv\Lib\site-packages\openmdao\solvers\solver.py:819: SolverWarning:Your model has stalled three times and may be violating the bounds. In the future, turn on print_bound_enforce in your solver options here: 
OD0.burner.vitiated_flow.nonlinear_solver.linesearch.options['print_bound_enforce']=True. 
The bound(s) being violated now are:

C:\Users\MEO\Desktop\Projects\JetEngine\boomsonic_v0\.venv\Lib\site-packages\openmdao\solvers\linesearch\backtracking.py:35: SolverWarning:'OD0.burner.vitiated_flow.balance.T' exceeds upper bounds
  Val: [3885.28154111]
  Upper: [2500.]

C:\Users\MEO\Desktop\Projects\JetEngine\boomsonic_v0\.venv\Lib\site-packages\pycycle\thermo\static_ps_resid.py:128: RuntimeWarning: invalid value encountered in sqrt
  Vsonic = (i['gamma']*i['R']*i['Ts'])**0.5
C:\Users\MEO\Desktop\Projects\JetEngine\boomsonic_v0\.venv\Lib\site-packages\pycycle\thermo\static_ps_resid.py:98: RuntimeWarning: invalid value encountered in power
  ps_guess = inputs['guess:Pt'] * (1 + (gamt-1)/2 * M_guess**2)**(-gamt/(gamt-1))
C:\Users\MEO\Desktop\Projects\JetEngine\boomsonic_v0\.venv\Lib\site-packages\pycycle\thermo\static_ps_resid.py:93: RuntimeWarning: invalid value encountered in power
  f1 = ps - inputs['guess:Pt'] * (1 + (gamt-1)/2 * M_guess**2)**(-gamt/(gamt-1))
C:\Users\MEO\Desktop\Projects\JetEngine\boomsonic_v0\.venv\Lib\site-packages\pycycle\thermo\static_ps_resid.py:94: RuntimeWarning: invalid value encountered in sqrt
  f2 = MN - inputs['W']*(R_UNIVERSAL_SI*inputs['Ts'])**0.5/(ps_guess*1.0e6*inputs['area']*gamt**0.5)
C:\Users\MEO\Desktop\Projects\JetEngine\boomsonic_v0\.venv\Lib\site-packages\pycycle\thermo\static_ps_resid.py:99: RuntimeWarning: The iteration is not making good progress, as measured by the 
 improvement from the last ten iterations.
  ps_guess, M_guess = fsolve(equations, (ps_guess, M_guess))
C:\Users\MEO\Desktop\Projects\JetEngine\boomsonic_v0\.venv\Lib\site-packages\openmdao\solvers\solver.py:819: SolverWarning:Your model has stalled three times and may be violating the bounds. In the future, turn on print_bound_enforce in your solver options here: 
OD0.turb.real_flow_b4bld.nonlinear_solver.linesearch.options['print_bound_enforce']=True. 
The bound(s) being violated now are:

C:\Users\MEO\Desktop\Projects\JetEngine\boomsonic_v0\.venv\Lib\site-packages\openmdao\solvers\linesearch\backtracking.py:35: SolverWarning:'OD0.turb.real_flow_b4bld.balance.T' exceeds upper bounds
  Val: [3067.75643544]
  Upper: [2500.]

C:\Users\MEO\Desktop\Projects\JetEngine\boomsonic_v0\.venv\Lib\site-packages\openmdao\solvers\solver.py:819: SolverWarning:Your model has stalled three times and may be violating the bounds. In the future, turn on print_bound_enforce in your solver options here: 
OD0.turb.real_flow.nonlinear_solver.linesearch.options['print_bound_enforce']=True. 
The bound(s) being violated now are:

C:\Users\MEO\Desktop\Projects\JetEngine\boomsonic_v0\.venv\Lib\site-packages\openmdao\solvers\linesearch\backtracking.py:35: SolverWarning:'OD0.turb.real_flow.balance.T' exceeds upper bounds
  Val: [3067.75643544]
  Upper: [2500.]

C:\Users\MEO\Desktop\Projects\JetEngine\boomsonic_v0\.venv\Lib\site-packages\pycycle\thermo\static_ps_resid.py:128: RuntimeWarning: invalid value encountered in sqrt
  Vsonic = (i['gamma']*i['R']*i['Ts'])**0.5
C:\Users\MEO\Desktop\Projects\JetEngine\boomsonic_v0\.venv\Lib\site-packages\pycycle\thermo\static_ps_resid.py:94: RuntimeWarning: invalid value encountered in sqrt
  f2 = MN - inputs['W']*(R_UNIVERSAL_SI*inputs['Ts'])**0.5/(ps_guess*1.0e6*inputs['area']*gamt**0.5)
C:\Users\MEO\Desktop\Projects\JetEngine\boomsonic_v0\.venv\Lib\site-packages\pycycle\thermo\static_ps_resid.py:99: RuntimeWarning: The iteration is not making good progress, as measured by the 
 improvement from the last ten iterations.
  ps_guess, M_guess = fsolve(equations, (ps_guess, M_guess))
C:\Users\MEO\Desktop\Projects\JetEngine\boomsonic_v0\.venv\Lib\site-packages\openmdao\solvers\solver.py:819: SolverWarning:Your model has stalled three times and may be violating the bounds. In the future, turn on print_bound_enforce in your solver options here: 
OD0.nozz.throat_total.nonlinear_solver.linesearch.options['print_bound_enforce']=True. 
The bound(s) being violated now are:

C:\Users\MEO\Desktop\Projects\JetEngine\boomsonic_v0\.venv\Lib\site-packages\openmdao\solvers\linesearch\backtracking.py:35: SolverWarning:'OD0.nozz.throat_total.balance.T' exceeds upper bounds
  Val: [3067.75643544]
  Upper: [2500.]

C:\Users\MEO\Desktop\Projects\JetEngine\boomsonic_v0\.venv\Lib\site-packages\pycycle\thermo\static_ps_resid.py:108: RuntimeWarning: invalid value encountered in sqrt
  Vsonic = (i['gamma']*i['R']*i['Ts'])**0.5
C:\Users\MEO\Desktop\Projects\JetEngine\boomsonic_v0\.venv\Lib\site-packages\pycycle\thermo\static_ps_resid.py:83: RuntimeWarning: invalid value encountered in power
  ps_guess = inputs['guess:Pt'] * (1 + (gamt-1)/2 * inputs['MN']**2)**(-gamt/(gamt-1))
C:\Users\MEO\Desktop\Projects\JetEngine\boomsonic_v0\.venv\Lib\site-packages\pycycle\thermo\static_ps_calc.py:32: RuntimeWarning: invalid value encountered in sqrt
  outputs['Vsonic'] = Vsonic = np.sqrt(inputs['gamma'] * inputs['R'] * inputs['Ts'])
C:\Users\MEO\Desktop\Projects\JetEngine\boomsonic_v0\.venv\Lib\site-packages\pycycle\thermo\static_ps_resid.py:128: RuntimeWarning: invalid value encountered in sqrt
  Vsonic = (i['gamma']*i['R']*i['Ts'])**0.5
C:\Users\MEO\Desktop\Projects\JetEngine\boomsonic_v0\.venv\Lib\site-packages\pycycle\thermo\static_ps_resid.py:98: RuntimeWarning: invalid value encountered in power
  ps_guess = inputs['guess:Pt'] * (1 + (gamt-1)/2 * M_guess**2)**(-gamt/(gamt-1))
C:\Users\MEO\Desktop\Projects\JetEngine\boomsonic_v0\.venv\Lib\site-packages\pycycle\thermo\static_ps_resid.py:93: RuntimeWarning: invalid value encountered in power
  f1 = ps - inputs['guess:Pt'] * (1 + (gamt-1)/2 * M_guess**2)**(-gamt/(gamt-1))
C:\Users\MEO\Desktop\Projects\JetEngine\boomsonic_v0\.venv\Lib\site-packages\pycycle\thermo\static_ps_resid.py:94: RuntimeWarning: invalid value encountered in sqrt
  f2 = MN - inputs['W']*(R_UNIVERSAL_SI*inputs['Ts'])**0.5/(ps_guess*1.0e6*inputs['area']*gamt**0.5)
C:\Users\MEO\Desktop\Projects\JetEngine\boomsonic_v0\.venv\Lib\site-packages\pycycle\thermo\static_ps_resid.py:99: RuntimeWarning: The iteration is not making good progress, as measured by the 
 improvement from the last ten iterations.
  ps_guess, M_guess = fsolve(equations, (ps_guess, M_guess))
C:\Users\MEO\Desktop\Projects\JetEngine\boomsonic_v0\.venv\Lib\site-packages\openmdao\solvers\solver.py:819: SolverWarning:Your model has stalled three times and may be violating the bounds. In the future, turn on print_bound_enforce in your solver options here: 
OD0.burner.vitiated_flow.nonlinear_solver.linesearch.options['print_bound_enforce']=True. 
The bound(s) being violated now are:

C:\Users\MEO\Desktop\Projects\JetEngine\boomsonic_v0\.venv\Lib\site-packages\openmdao\solvers\linesearch\backtracking.py:35: SolverWarning:'OD0.burner.vitiated_flow.balance.T' exceeds upper bounds
  Val: [3885.28154111]
  Upper: [2500.]

C:\Users\MEO\Desktop\Projects\JetEngine\boomsonic_v0\.venv\Lib\site-packages\pycycle\thermo\static_ps_resid.py:128: RuntimeWarning: invalid value encountered in sqrt
  Vsonic = (i['gamma']*i['R']*i['Ts'])**0.5
C:\Users\MEO\Desktop\Projects\JetEngine\boomsonic_v0\.venv\Lib\site-packages\pycycle\thermo\static_ps_resid.py:98: RuntimeWarning: invalid value encountered in power
  ps_guess = inputs['guess:Pt'] * (1 + (gamt-1)/2 * M_guess**2)**(-gamt/(gamt-1))
C:\Users\MEO\Desktop\Projects\JetEngine\boomsonic_v0\.venv\Lib\site-packages\pycycle\thermo\static_ps_resid.py:93: RuntimeWarning: invalid value encountered in power
  f1 = ps - inputs['guess:Pt'] * (1 + (gamt-1)/2 * M_guess**2)**(-gamt/(gamt-1))
C:\Users\MEO\Desktop\Projects\JetEngine\boomsonic_v0\.venv\Lib\site-packages\pycycle\thermo\static_ps_resid.py:94: RuntimeWarning: invalid value encountered in sqrt
  f2 = MN - inputs['W']*(R_UNIVERSAL_SI*inputs['Ts'])**0.5/(ps_guess*1.0e6*inputs['area']*gamt**0.5)
C:\Users\MEO\Desktop\Projects\JetEngine\boomsonic_v0\.venv\Lib\site-packages\pycycle\thermo\static_ps_resid.py:99: RuntimeWarning: The iteration is not making good progress, as measured by the 
 improvement from the last ten iterations.
  ps_guess, M_guess = fsolve(equations, (ps_guess, M_guess))
C:\Users\MEO\Desktop\Projects\JetEngine\boomsonic_v0\.venv\Lib\site-packages\openmdao\solvers\solver.py:819: SolverWarning:Your model has stalled three times and may be violating the bounds. In the future, turn on print_bound_enforce in your solver options here: 
OD0.turb.real_flow_b4bld.nonlinear_solver.linesearch.options['print_bound_enforce']=True. 
The bound(s) being violated now are:

C:\Users\MEO\Desktop\Projects\JetEngine\boomsonic_v0\.venv\Lib\site-packages\openmdao\solvers\linesearch\backtracking.py:35: SolverWarning:'OD0.turb.real_flow_b4bld.balance.T' exceeds upper bounds
  Val: [3067.75643544]
  Upper: [2500.]

C:\Users\MEO\Desktop\Projects\JetEngine\boomsonic_v0\.venv\Lib\site-packages\openmdao\solvers\solver.py:819: SolverWarning:Your model has stalled three times and may be violating the bounds. In the future, turn on print_bound_enforce in your solver options here: 
OD0.turb.real_flow.nonlinear_solver.linesearch.options['print_bound_enforce']=True. 
The bound(s) being violated now are:

C:\Users\MEO\Desktop\Projects\JetEngine\boomsonic_v0\.venv\Lib\site-packages\openmdao\solvers\linesearch\backtracking.py:35: SolverWarning:'OD0.turb.real_flow.balance.T' exceeds upper bounds
  Val: [3067.75643544]
  Upper: [2500.]

C:\Users\MEO\Desktop\Projects\JetEngine\boomsonic_v0\.venv\Lib\site-packages\pycycle\thermo\static_ps_resid.py:128: RuntimeWarning: invalid value encountered in sqrt
  Vsonic = (i['gamma']*i['R']*i['Ts'])**0.5
C:\Users\MEO\Desktop\Projects\JetEngine\boomsonic_v0\.venv\Lib\site-packages\pycycle\thermo\static_ps_resid.py:94: RuntimeWarning: invalid value encountered in sqrt
  f2 = MN - inputs['W']*(R_UNIVERSAL_SI*inputs['Ts'])**0.5/(ps_guess*1.0e6*inputs['area']*gamt**0.5)
C:\Users\MEO\Desktop\Projects\JetEngine\boomsonic_v0\.venv\Lib\site-packages\pycycle\thermo\static_ps_resid.py:99: RuntimeWarning: The iteration is not making good progress, as measured by the 
 improvement from the last ten iterations.
  ps_guess, M_guess = fsolve(equations, (ps_guess, M_guess))
C:\Users\MEO\Desktop\Projects\JetEngine\boomsonic_v0\.venv\Lib\site-packages\openmdao\solvers\solver.py:819: SolverWarning:Your model has stalled three times and may be violating the bounds. In the future, turn on print_bound_enforce in your solver options here: 
OD0.nozz.throat_total.nonlinear_solver.linesearch.options['print_bound_enforce']=True. 
The bound(s) being violated now are:

C:\Users\MEO\Desktop\Projects\JetEngine\boomsonic_v0\.venv\Lib\site-packages\openmdao\solvers\linesearch\backtracking.py:35: SolverWarning:'OD0.nozz.throat_total.balance.T' exceeds upper bounds
  Val: [3067.75643544]
  Upper: [2500.]

C:\Users\MEO\Desktop\Projects\JetEngine\boomsonic_v0\.venv\Lib\site-packages\pycycle\thermo\static_ps_resid.py:108: RuntimeWarning: invalid value encountered in sqrt
  Vsonic = (i['gamma']*i['R']*i['Ts'])**0.5
C:\Users\MEO\Desktop\Projects\JetEngine\boomsonic_v0\.venv\Lib\site-packages\pycycle\thermo\static_ps_resid.py:83: RuntimeWarning: invalid value encountered in power
  ps_guess = inputs['guess:Pt'] * (1 + (gamt-1)/2 * inputs['MN']**2)**(-gamt/(gamt-1))
C:\Users\MEO\Desktop\Projects\JetEngine\boomsonic_v0\.venv\Lib\site-packages\pycycle\thermo\static_ps_calc.py:32: RuntimeWarning: invalid value encountered in sqrt
  outputs['Vsonic'] = Vsonic = np.sqrt(inputs['gamma'] * inputs['R'] * inputs['Ts'])
C:\Users\MEO\Desktop\Projects\JetEngine\boomsonic_v0\.venv\Lib\site-packages\pycycle\thermo\static_ps_resid.py:128: RuntimeWarning: invalid value encountered in sqrt
  Vsonic = (i['gamma']*i['R']*i['Ts'])**0.5
C:\Users\MEO\Desktop\Projects\JetEngine\boomsonic_v0\.venv\Lib\site-packages\pycycle\thermo\static_ps_resid.py:98: RuntimeWarning: invalid value encountered in power
  ps_guess = inputs['guess:Pt'] * (1 + (gamt-1)/2 * M_guess**2)**(-gamt/(gamt-1))
C:\Users\MEO\Desktop\Projects\JetEngine\boomsonic_v0\.venv\Lib\site-packages\pycycle\thermo\static_ps_resid.py:93: RuntimeWarning: invalid value encountered in power
  f1 = ps - inputs['guess:Pt'] * (1 + (gamt-1)/2 * M_guess**2)**(-gamt/(gamt-1))
C:\Users\MEO\Desktop\Projects\JetEngine\boomsonic_v0\.venv\Lib\site-packages\pycycle\thermo\static_ps_resid.py:94: RuntimeWarning: invalid value encountered in sqrt
  f2 = MN - inputs['W']*(R_UNIVERSAL_SI*inputs['Ts'])**0.5/(ps_guess*1.0e6*inputs['area']*gamt**0.5)
C:\Users\MEO\Desktop\Projects\JetEngine\boomsonic_v0\.venv\Lib\site-packages\pycycle\thermo\static_ps_resid.py:99: RuntimeWarning: The iteration is not making good progress, as measured by the 
 improvement from the last ten iterations.
  ps_guess, M_guess = fsolve(equations, (ps_guess, M_guess))
C:\Users\MEO\Desktop\Projects\JetEngine\boomsonic_v0\.venv\Lib\site-packages\openmdao\solvers\solver.py:819: SolverWarning:Your model has stalled three times and may be violating the bounds. In the future, turn on print_bound_enforce in your solver options here: 
OD0.burner.vitiated_flow.nonlinear_solver.linesearch.options['print_bound_enforce']=True. 
The bound(s) being violated now are:

C:\Users\MEO\Desktop\Projects\JetEngine\boomsonic_v0\.venv\Lib\site-packages\openmdao\solvers\linesearch\backtracking.py:35: SolverWarning:'OD0.burner.vitiated_flow.balance.T' exceeds upper bounds
  Val: [3885.28154111]
  Upper: [2500.]

C:\Users\MEO\Desktop\Projects\JetEngine\boomsonic_v0\.venv\Lib\site-packages\pycycle\thermo\static_ps_resid.py:128: RuntimeWarning: invalid value encountered in sqrt
  Vsonic = (i['gamma']*i['R']*i['Ts'])**0.5
C:\Users\MEO\Desktop\Projects\JetEngine\boomsonic_v0\.venv\Lib\site-packages\pycycle\thermo\static_ps_resid.py:98: RuntimeWarning: invalid value encountered in power
  ps_guess = inputs['guess:Pt'] * (1 + (gamt-1)/2 * M_guess**2)**(-gamt/(gamt-1))
C:\Users\MEO\Desktop\Projects\JetEngine\boomsonic_v0\.venv\Lib\site-packages\pycycle\thermo\static_ps_resid.py:93: RuntimeWarning: invalid value encountered in power
  f1 = ps - inputs['guess:Pt'] * (1 + (gamt-1)/2 * M_guess**2)**(-gamt/(gamt-1))
C:\Users\MEO\Desktop\Projects\JetEngine\boomsonic_v0\.venv\Lib\site-packages\pycycle\thermo\static_ps_resid.py:94: RuntimeWarning: invalid value encountered in sqrt
  f2 = MN - inputs['W']*(R_UNIVERSAL_SI*inputs['Ts'])**0.5/(ps_guess*1.0e6*inputs['area']*gamt**0.5)
C:\Users\MEO\Desktop\Projects\JetEngine\boomsonic_v0\.venv\Lib\site-packages\pycycle\thermo\static_ps_resid.py:99: RuntimeWarning: The iteration is not making good progress, as measured by the 
 improvement from the last ten iterations.
  ps_guess, M_guess = fsolve(equations, (ps_guess, M_guess))
C:\Users\MEO\Desktop\Projects\JetEngine\boomsonic_v0\.venv\Lib\site-packages\openmdao\solvers\solver.py:819: SolverWarning:Your model has stalled three times and may be violating the bounds. In the future, turn on print_bound_enforce in your solver options here: 
OD0.turb.real_flow_b4bld.nonlinear_solver.linesearch.options['print_bound_enforce']=True. 
The bound(s) being violated now are:

C:\Users\MEO\Desktop\Projects\JetEngine\boomsonic_v0\.venv\Lib\site-packages\openmdao\solvers\linesearch\backtracking.py:35: SolverWarning:'OD0.turb.real_flow_b4bld.balance.T' exceeds upper bounds
  Val: [3067.75643544]
  Upper: [2500.]

C:\Users\MEO\Desktop\Projects\JetEngine\boomsonic_v0\.venv\Lib\site-packages\openmdao\solvers\solver.py:819: SolverWarning:Your model has stalled three times and may be violating the bounds. In the future, turn on print_bound_enforce in your solver options here: 
OD0.turb.real_flow.nonlinear_solver.linesearch.options['print_bound_enforce']=True. 
The bound(s) being violated now are:

C:\Users\MEO\Desktop\Projects\JetEngine\boomsonic_v0\.venv\Lib\site-packages\openmdao\solvers\linesearch\backtracking.py:35: SolverWarning:'OD0.turb.real_flow.balance.T' exceeds upper bounds
  Val: [3067.75643544]
  Upper: [2500.]

C:\Users\MEO\Desktop\Projects\JetEngine\boomsonic_v0\.venv\Lib\site-packages\pycycle\thermo\static_ps_resid.py:128: RuntimeWarning: invalid value encountered in sqrt
  Vsonic = (i['gamma']*i['R']*i['Ts'])**0.5
C:\Users\MEO\Desktop\Projects\JetEngine\boomsonic_v0\.venv\Lib\site-packages\pycycle\thermo\static_ps_resid.py:94: RuntimeWarning: invalid value encountered in sqrt
  f2 = MN - inputs['W']*(R_UNIVERSAL_SI*inputs['Ts'])**0.5/(ps_guess*1.0e6*inputs['area']*gamt**0.5)
C:\Users\MEO\Desktop\Projects\JetEngine\boomsonic_v0\.venv\Lib\site-packages\pycycle\thermo\static_ps_resid.py:99: RuntimeWarning: The iteration is not making good progress, as measured by the 
 improvement from the last ten iterations.
  ps_guess, M_guess = fsolve(equations, (ps_guess, M_guess))
C:\Users\MEO\Desktop\Projects\JetEngine\boomsonic_v0\.venv\Lib\site-packages\openmdao\solvers\solver.py:819: SolverWarning:Your model has stalled three times and may be violating the bounds. In the future, turn on print_bound_enforce in your solver options here: 
OD0.nozz.throat_total.nonlinear_solver.linesearch.options['print_bound_enforce']=True. 
The bound(s) being violated now are:

C:\Users\MEO\Desktop\Projects\JetEngine\boomsonic_v0\.venv\Lib\site-packages\openmdao\solvers\linesearch\backtracking.py:35: SolverWarning:'OD0.nozz.throat_total.balance.T' exceeds upper bounds
  Val: [3067.75643544]
  Upper: [2500.]

C:\Users\MEO\Desktop\Projects\JetEngine\boomsonic_v0\.venv\Lib\site-packages\pycycle\thermo\static_ps_resid.py:108: RuntimeWarning: invalid value encountered in sqrt
  Vsonic = (i['gamma']*i['R']*i['Ts'])**0.5
C:\Users\MEO\Desktop\Projects\JetEngine\boomsonic_v0\.venv\Lib\site-packages\pycycle\thermo\static_ps_resid.py:83: RuntimeWarning: invalid value encountered in power
  ps_guess = inputs['guess:Pt'] * (1 + (gamt-1)/2 * inputs['MN']**2)**(-gamt/(gamt-1))
C:\Users\MEO\Desktop\Projects\JetEngine\boomsonic_v0\.venv\Lib\site-packages\pycycle\thermo\static_ps_calc.py:32: RuntimeWarning: invalid value encountered in sqrt
  outputs['Vsonic'] = Vsonic = np.sqrt(inputs['gamma'] * inputs['R'] * inputs['Ts'])
C:\Users\MEO\Desktop\Projects\JetEngine\boomsonic_v0\.venv\Lib\site-packages\pycycle\thermo\static_ps_resid.py:128: RuntimeWarning: invalid value encountered in sqrt
  Vsonic = (i['gamma']*i['R']*i['Ts'])**0.5
C:\Users\MEO\Desktop\Projects\JetEngine\boomsonic_v0\.venv\Lib\site-packages\pycycle\thermo\static_ps_resid.py:98: RuntimeWarning: invalid value encountered in power
  ps_guess = inputs['guess:Pt'] * (1 + (gamt-1)/2 * M_guess**2)**(-gamt/(gamt-1))
C:\Users\MEO\Desktop\Projects\JetEngine\boomsonic_v0\.venv\Lib\site-packages\pycycle\thermo\static_ps_resid.py:93: RuntimeWarning: invalid value encountered in power
  f1 = ps - inputs['guess:Pt'] * (1 + (gamt-1)/2 * M_guess**2)**(-gamt/(gamt-1))
C:\Users\MEO\Desktop\Projects\JetEngine\boomsonic_v0\.venv\Lib\site-packages\pycycle\thermo\static_ps_resid.py:94: RuntimeWarning: invalid value encountered in sqrt
  f2 = MN - inputs['W']*(R_UNIVERSAL_SI*inputs['Ts'])**0.5/(ps_guess*1.0e6*inputs['area']*gamt**0.5)
C:\Users\MEO\Desktop\Projects\JetEngine\boomsonic_v0\.venv\Lib\site-packages\pycycle\thermo\static_ps_resid.py:99: RuntimeWarning: The iteration is not making good progress, as measured by the 
 improvement from the last ten iterations.
  ps_guess, M_guess = fsolve(equations, (ps_guess, M_guess))
C:\Users\MEO\Desktop\Projects\JetEngine\boomsonic_v0\.venv\Lib\site-packages\openmdao\solvers\solver.py:819: SolverWarning:Your model has stalled three times and may be violating the bounds. In the future, turn on print_bound_enforce in your solver options here: 
OD0.burner.vitiated_flow.nonlinear_solver.linesearch.options['print_bound_enforce']=True. 
The bound(s) being violated now are:

C:\Users\MEO\Desktop\Projects\JetEngine\boomsonic_v0\.venv\Lib\site-packages\openmdao\solvers\linesearch\backtracking.py:35: SolverWarning:'OD0.burner.vitiated_flow.balance.T' exceeds upper bounds
  Val: [3885.28154111]
  Upper: [2500.]

C:\Users\MEO\Desktop\Projects\JetEngine\boomsonic_v0\.venv\Lib\site-packages\pycycle\thermo\static_ps_resid.py:128: RuntimeWarning: invalid value encountered in sqrt
  Vsonic = (i['gamma']*i['R']*i['Ts'])**0.5
C:\Users\MEO\Desktop\Projects\JetEngine\boomsonic_v0\.venv\Lib\site-packages\pycycle\thermo\static_ps_resid.py:98: RuntimeWarning: invalid value encountered in power
  ps_guess = inputs['guess:Pt'] * (1 + (gamt-1)/2 * M_guess**2)**(-gamt/(gamt-1))
C:\Users\MEO\Desktop\Projects\JetEngine\boomsonic_v0\.venv\Lib\site-packages\pycycle\thermo\static_ps_resid.py:93: RuntimeWarning: invalid value encountered in power
  f1 = ps - inputs['guess:Pt'] * (1 + (gamt-1)/2 * M_guess**2)**(-gamt/(gamt-1))
C:\Users\MEO\Desktop\Projects\JetEngine\boomsonic_v0\.venv\Lib\site-packages\pycycle\thermo\static_ps_resid.py:94: RuntimeWarning: invalid value encountered in sqrt
  f2 = MN - inputs['W']*(R_UNIVERSAL_SI*inputs['Ts'])**0.5/(ps_guess*1.0e6*inputs['area']*gamt**0.5)
C:\Users\MEO\Desktop\Projects\JetEngine\boomsonic_v0\.venv\Lib\site-packages\pycycle\thermo\static_ps_resid.py:99: RuntimeWarning: The iteration is not making good progress, as measured by the 
 improvement from the last ten iterations.
  ps_guess, M_guess = fsolve(equations, (ps_guess, M_guess))
C:\Users\MEO\Desktop\Projects\JetEngine\boomsonic_v0\.venv\Lib\site-packages\openmdao\solvers\solver.py:819: SolverWarning:Your model has stalled three times and may be violating the bounds. In the future, turn on print_bound_enforce in your solver options here: 
OD0.turb.real_flow_b4bld.nonlinear_solver.linesearch.options['print_bound_enforce']=True. 
The bound(s) being violated now are:

C:\Users\MEO\Desktop\Projects\JetEngine\boomsonic_v0\.venv\Lib\site-packages\openmdao\solvers\linesearch\backtracking.py:35: SolverWarning:'OD0.turb.real_flow_b4bld.balance.T' exceeds upper bounds
  Val: [3067.75643544]
  Upper: [2500.]

C:\Users\MEO\Desktop\Projects\JetEngine\boomsonic_v0\.venv\Lib\site-packages\openmdao\solvers\solver.py:819: SolverWarning:Your model has stalled three times and may be violating the bounds. In the future, turn on print_bound_enforce in your solver options here: 
OD0.turb.real_flow.nonlinear_solver.linesearch.options['print_bound_enforce']=True. 
The bound(s) being violated now are:

C:\Users\MEO\Desktop\Projects\JetEngine\boomsonic_v0\.venv\Lib\site-packages\openmdao\solvers\linesearch\backtracking.py:35: SolverWarning:'OD0.turb.real_flow.balance.T' exceeds upper bounds
  Val: [3067.75643544]
  Upper: [2500.]

C:\Users\MEO\Desktop\Projects\JetEngine\boomsonic_v0\.venv\Lib\site-packages\pycycle\thermo\static_ps_resid.py:128: RuntimeWarning: invalid value encountered in sqrt
  Vsonic = (i['gamma']*i['R']*i['Ts'])**0.5
C:\Users\MEO\Desktop\Projects\JetEngine\boomsonic_v0\.venv\Lib\site-packages\pycycle\thermo\static_ps_resid.py:94: RuntimeWarning: invalid value encountered in sqrt
  f2 = MN - inputs['W']*(R_UNIVERSAL_SI*inputs['Ts'])**0.5/(ps_guess*1.0e6*inputs['area']*gamt**0.5)
C:\Users\MEO\Desktop\Projects\JetEngine\boomsonic_v0\.venv\Lib\site-packages\pycycle\thermo\static_ps_resid.py:99: RuntimeWarning: The iteration is not making good progress, as measured by the 
 improvement from the last ten iterations.
  ps_guess, M_guess = fsolve(equations, (ps_guess, M_guess))
C:\Users\MEO\Desktop\Projects\JetEngine\boomsonic_v0\.venv\Lib\site-packages\openmdao\solvers\solver.py:819: SolverWarning:Your model has stalled three times and may be violating the bounds. In the future, turn on print_bound_enforce in your solver options here: 
OD0.nozz.throat_total.nonlinear_solver.linesearch.options['print_bound_enforce']=True. 
The bound(s) being violated now are:

C:\Users\MEO\Desktop\Projects\JetEngine\boomsonic_v0\.venv\Lib\site-packages\openmdao\solvers\linesearch\backtracking.py:35: SolverWarning:'OD0.nozz.throat_total.balance.T' exceeds upper bounds
  Val: [3067.75643544]
  Upper: [2500.]

C:\Users\MEO\Desktop\Projects\JetEngine\boomsonic_v0\.venv\Lib\site-packages\pycycle\thermo\static_ps_resid.py:108: RuntimeWarning: invalid value encountered in sqrt
  Vsonic = (i['gamma']*i['R']*i['Ts'])**0.5
C:\Users\MEO\Desktop\Projects\JetEngine\boomsonic_v0\.venv\Lib\site-packages\pycycle\thermo\static_ps_resid.py:83: RuntimeWarning: invalid value encountered in power
  ps_guess = inputs['guess:Pt'] * (1 + (gamt-1)/2 * inputs['MN']**2)**(-gamt/(gamt-1))
C:\Users\MEO\Desktop\Projects\JetEngine\boomsonic_v0\.venv\Lib\site-packages\pycycle\thermo\static_ps_calc.py:32: RuntimeWarning: invalid value encountered in sqrt
  outputs['Vsonic'] = Vsonic = np.sqrt(inputs['gamma'] * inputs['R'] * inputs['Ts'])
C:\Users\MEO\Desktop\Projects\JetEngine\boomsonic_v0\.venv\Lib\site-packages\pycycle\thermo\static_ps_resid.py:128: RuntimeWarning: invalid value encountered in sqrt
  Vsonic = (i['gamma']*i['R']*i['Ts'])**0.5
C:\Users\MEO\Desktop\Projects\JetEngine\boomsonic_v0\.venv\Lib\site-packages\pycycle\thermo\static_ps_resid.py:98: RuntimeWarning: invalid value encountered in power
  ps_guess = inputs['guess:Pt'] * (1 + (gamt-1)/2 * M_guess**2)**(-gamt/(gamt-1))
C:\Users\MEO\Desktop\Projects\JetEngine\boomsonic_v0\.venv\Lib\site-packages\pycycle\thermo\static_ps_resid.py:93: RuntimeWarning: invalid value encountered in power
  f1 = ps - inputs['guess:Pt'] * (1 + (gamt-1)/2 * M_guess**2)**(-gamt/(gamt-1))
C:\Users\MEO\Desktop\Projects\JetEngine\boomsonic_v0\.venv\Lib\site-packages\pycycle\thermo\static_ps_resid.py:94: RuntimeWarning: invalid value encountered in sqrt
  f2 = MN - inputs['W']*(R_UNIVERSAL_SI*inputs['Ts'])**0.5/(ps_guess*1.0e6*inputs['area']*gamt**0.5)
C:\Users\MEO\Desktop\Projects\JetEngine\boomsonic_v0\.venv\Lib\site-packages\pycycle\thermo\static_ps_resid.py:99: RuntimeWarning: The iteration is not making good progress, as measured by the 
 improvement from the last ten iterations.
  ps_guess, M_guess = fsolve(equations, (ps_guess, M_guess))
C:\Users\MEO\Desktop\Projects\JetEngine\boomsonic_v0\.venv\Lib\site-packages\openmdao\solvers\solver.py:819: SolverWarning:Your model has stalled three times and may be violating the bounds. In the future, turn on print_bound_enforce in your solver options here: 
OD0.burner.vitiated_flow.nonlinear_solver.linesearch.options['print_bound_enforce']=True. 
The bound(s) being violated now are:

C:\Users\MEO\Desktop\Projects\JetEngine\boomsonic_v0\.venv\Lib\site-packages\openmdao\solvers\linesearch\backtracking.py:35: SolverWarning:'OD0.burner.vitiated_flow.balance.T' exceeds upper bounds
  Val: [3885.28154111]
  Upper: [2500.]

C:\Users\MEO\Desktop\Projects\JetEngine\boomsonic_v0\.venv\Lib\site-packages\pycycle\thermo\static_ps_resid.py:128: RuntimeWarning: invalid value encountered in sqrt
  Vsonic = (i['gamma']*i['R']*i['Ts'])**0.5
C:\Users\MEO\Desktop\Projects\JetEngine\boomsonic_v0\.venv\Lib\site-packages\pycycle\thermo\static_ps_resid.py:98: RuntimeWarning: invalid value encountered in power
  ps_guess = inputs['guess:Pt'] * (1 + (gamt-1)/2 * M_guess**2)**(-gamt/(gamt-1))
C:\Users\MEO\Desktop\Projects\JetEngine\boomsonic_v0\.venv\Lib\site-packages\pycycle\thermo\static_ps_resid.py:93: RuntimeWarning: invalid value encountered in power
  f1 = ps - inputs['guess:Pt'] * (1 + (gamt-1)/2 * M_guess**2)**(-gamt/(gamt-1))
C:\Users\MEO\Desktop\Projects\JetEngine\boomsonic_v0\.venv\Lib\site-packages\pycycle\thermo\static_ps_resid.py:94: RuntimeWarning: invalid value encountered in sqrt
  f2 = MN - inputs['W']*(R_UNIVERSAL_SI*inputs['Ts'])**0.5/(ps_guess*1.0e6*inputs['area']*gamt**0.5)
C:\Users\MEO\Desktop\Projects\JetEngine\boomsonic_v0\.venv\Lib\site-packages\pycycle\thermo\static_ps_resid.py:99: RuntimeWarning: The iteration is not making good progress, as measured by the 
 improvement from the last ten iterations.
  ps_guess, M_guess = fsolve(equations, (ps_guess, M_guess))
C:\Users\MEO\Desktop\Projects\JetEngine\boomsonic_v0\.venv\Lib\site-packages\openmdao\solvers\solver.py:819: SolverWarning:Your model has stalled three times and may be violating the bounds. In the future, turn on print_bound_enforce in your solver options here: 
OD0.turb.real_flow_b4bld.nonlinear_solver.linesearch.options['print_bound_enforce']=True. 
The bound(s) being violated now are:

C:\Users\MEO\Desktop\Projects\JetEngine\boomsonic_v0\.venv\Lib\site-packages\openmdao\solvers\linesearch\backtracking.py:35: SolverWarning:'OD0.turb.real_flow_b4bld.balance.T' exceeds upper bounds
  Val: [3067.75643544]
  Upper: [2500.]

C:\Users\MEO\Desktop\Projects\JetEngine\boomsonic_v0\.venv\Lib\site-packages\openmdao\solvers\solver.py:819: SolverWarning:Your model has stalled three times and may be violating the bounds. In the future, turn on print_bound_enforce in your solver options here: 
OD0.turb.real_flow.nonlinear_solver.linesearch.options['print_bound_enforce']=True. 
The bound(s) being violated now are:

C:\Users\MEO\Desktop\Projects\JetEngine\boomsonic_v0\.venv\Lib\site-packages\openmdao\solvers\linesearch\backtracking.py:35: SolverWarning:'OD0.turb.real_flow.balance.T' exceeds upper bounds
  Val: [3067.75643544]
  Upper: [2500.]

C:\Users\MEO\Desktop\Projects\JetEngine\boomsonic_v0\.venv\Lib\site-packages\pycycle\thermo\static_ps_resid.py:128: RuntimeWarning: invalid value encountered in sqrt
  Vsonic = (i['gamma']*i['R']*i['Ts'])**0.5
C:\Users\MEO\Desktop\Projects\JetEngine\boomsonic_v0\.venv\Lib\site-packages\pycycle\thermo\static_ps_resid.py:94: RuntimeWarning: invalid value encountered in sqrt
  f2 = MN - inputs['W']*(R_UNIVERSAL_SI*inputs['Ts'])**0.5/(ps_guess*1.0e6*inputs['area']*gamt**0.5)
C:\Users\MEO\Desktop\Projects\JetEngine\boomsonic_v0\.venv\Lib\site-packages\pycycle\thermo\static_ps_resid.py:99: RuntimeWarning: The iteration is not making good progress, as measured by the 
 improvement from the last ten iterations.
  ps_guess, M_guess = fsolve(equations, (ps_guess, M_guess))
C:\Users\MEO\Desktop\Projects\JetEngine\boomsonic_v0\.venv\Lib\site-packages\openmdao\solvers\solver.py:819: SolverWarning:Your model has stalled three times and may be violating the bounds. In the future, turn on print_bound_enforce in your solver options here: 
OD0.nozz.throat_total.nonlinear_solver.linesearch.options['print_bound_enforce']=True. 
The bound(s) being violated now are:

C:\Users\MEO\Desktop\Projects\JetEngine\boomsonic_v0\.venv\Lib\site-packages\openmdao\solvers\linesearch\backtracking.py:35: SolverWarning:'OD0.nozz.throat_total.balance.T' exceeds upper bounds
  Val: [3067.75643544]
  Upper: [2500.]

C:\Users\MEO\Desktop\Projects\JetEngine\boomsonic_v0\.venv\Lib\site-packages\pycycle\thermo\static_ps_resid.py:108: RuntimeWarning: invalid value encountered in sqrt
  Vsonic = (i['gamma']*i['R']*i['Ts'])**0.5
C:\Users\MEO\Desktop\Projects\JetEngine\boomsonic_v0\.venv\Lib\site-packages\pycycle\thermo\static_ps_resid.py:83: RuntimeWarning: invalid value encountered in power
  ps_guess = inputs['guess:Pt'] * (1 + (gamt-1)/2 * inputs['MN']**2)**(-gamt/(gamt-1))
C:\Users\MEO\Desktop\Projects\JetEngine\boomsonic_v0\.venv\Lib\site-packages\pycycle\thermo\static_ps_calc.py:32: RuntimeWarning: invalid value encountered in sqrt
  outputs['Vsonic'] = Vsonic = np.sqrt(inputs['gamma'] * inputs['R'] * inputs['Ts'])
C:\Users\MEO\Desktop\Projects\JetEngine\boomsonic_v0\.venv\Lib\site-packages\pycycle\thermo\static_ps_resid.py:128: RuntimeWarning: invalid value encountered in sqrt
  Vsonic = (i['gamma']*i['R']*i['Ts'])**0.5
C:\Users\MEO\Desktop\Projects\JetEngine\boomsonic_v0\.venv\Lib\site-packages\pycycle\thermo\static_ps_resid.py:98: RuntimeWarning: invalid value encountered in power
  ps_guess = inputs['guess:Pt'] * (1 + (gamt-1)/2 * M_guess**2)**(-gamt/(gamt-1))
C:\Users\MEO\Desktop\Projects\JetEngine\boomsonic_v0\.venv\Lib\site-packages\pycycle\thermo\static_ps_resid.py:93: RuntimeWarning: invalid value encountered in power
  f1 = ps - inputs['guess:Pt'] * (1 + (gamt-1)/2 * M_guess**2)**(-gamt/(gamt-1))
C:\Users\MEO\Desktop\Projects\JetEngine\boomsonic_v0\.venv\Lib\site-packages\pycycle\thermo\static_ps_resid.py:94: RuntimeWarning: invalid value encountered in sqrt
  f2 = MN - inputs['W']*(R_UNIVERSAL_SI*inputs['Ts'])**0.5/(ps_guess*1.0e6*inputs['area']*gamt**0.5)
C:\Users\MEO\Desktop\Projects\JetEngine\boomsonic_v0\.venv\Lib\site-packages\pycycle\thermo\static_ps_resid.py:99: RuntimeWarning: The iteration is not making good progress, as measured by the 
 improvement from the last ten iterations.
  ps_guess, M_guess = fsolve(equations, (ps_guess, M_guess))
C:\Users\MEO\Desktop\Projects\JetEngine\boomsonic_v0\.venv\Lib\site-packages\openmdao\solvers\solver.py:819: SolverWarning:Your model has stalled three times and may be violating the bounds. In the future, turn on print_bound_enforce in your solver options here: 
OD0.burner.vitiated_flow.nonlinear_solver.linesearch.options['print_bound_enforce']=True. 
The bound(s) being violated now are:

C:\Users\MEO\Desktop\Projects\JetEngine\boomsonic_v0\.venv\Lib\site-packages\openmdao\solvers\linesearch\backtracking.py:35: SolverWarning:'OD0.burner.vitiated_flow.balance.T' exceeds upper bounds
  Val: [3885.28154111]
  Upper: [2500.]

C:\Users\MEO\Desktop\Projects\JetEngine\boomsonic_v0\.venv\Lib\site-packages\pycycle\thermo\static_ps_resid.py:128: RuntimeWarning: invalid value encountered in sqrt
  Vsonic = (i['gamma']*i['R']*i['Ts'])**0.5
C:\Users\MEO\Desktop\Projects\JetEngine\boomsonic_v0\.venv\Lib\site-packages\pycycle\thermo\static_ps_resid.py:98: RuntimeWarning: invalid value encountered in power
  ps_guess = inputs['guess:Pt'] * (1 + (gamt-1)/2 * M_guess**2)**(-gamt/(gamt-1))
C:\Users\MEO\Desktop\Projects\JetEngine\boomsonic_v0\.venv\Lib\site-packages\pycycle\thermo\static_ps_resid.py:93: RuntimeWarning: invalid value encountered in power
  f1 = ps - inputs['guess:Pt'] * (1 + (gamt-1)/2 * M_guess**2)**(-gamt/(gamt-1))
C:\Users\MEO\Desktop\Projects\JetEngine\boomsonic_v0\.venv\Lib\site-packages\pycycle\thermo\static_ps_resid.py:94: RuntimeWarning: invalid value encountered in sqrt
  f2 = MN - inputs['W']*(R_UNIVERSAL_SI*inputs['Ts'])**0.5/(ps_guess*1.0e6*inputs['area']*gamt**0.5)
C:\Users\MEO\Desktop\Projects\JetEngine\boomsonic_v0\.venv\Lib\site-packages\pycycle\thermo\static_ps_resid.py:99: RuntimeWarning: The iteration is not making good progress, as measured by the 
 improvement from the last ten iterations.
  ps_guess, M_guess = fsolve(equations, (ps_guess, M_guess))
C:\Users\MEO\Desktop\Projects\JetEngine\boomsonic_v0\.venv\Lib\site-packages\openmdao\solvers\solver.py:819: SolverWarning:Your model has stalled three times and may be violating the bounds. In the future, turn on print_bound_enforce in your solver options here: 
OD0.turb.real_flow_b4bld.nonlinear_solver.linesearch.options['print_bound_enforce']=True. 
The bound(s) being violated now are:

C:\Users\MEO\Desktop\Projects\JetEngine\boomsonic_v0\.venv\Lib\site-packages\openmdao\solvers\linesearch\backtracking.py:35: SolverWarning:'OD0.turb.real_flow_b4bld.balance.T' exceeds upper bounds
  Val: [3067.75643544]
  Upper: [2500.]

C:\Users\MEO\Desktop\Projects\JetEngine\boomsonic_v0\.venv\Lib\site-packages\openmdao\solvers\solver.py:819: SolverWarning:Your model has stalled three times and may be violating the bounds. In the future, turn on print_bound_enforce in your solver options here: 
OD0.turb.real_flow.nonlinear_solver.linesearch.options['print_bound_enforce']=True. 
The bound(s) being violated now are:

C:\Users\MEO\Desktop\Projects\JetEngine\boomsonic_v0\.venv\Lib\site-packages\openmdao\solvers\linesearch\backtracking.py:35: SolverWarning:'OD0.turb.real_flow.balance.T' exceeds upper bounds
  Val: [3067.75643544]
  Upper: [2500.]

C:\Users\MEO\Desktop\Projects\JetEngine\boomsonic_v0\.venv\Lib\site-packages\pycycle\thermo\static_ps_resid.py:128: RuntimeWarning: invalid value encountered in sqrt
  Vsonic = (i['gamma']*i['R']*i['Ts'])**0.5
C:\Users\MEO\Desktop\Projects\JetEngine\boomsonic_v0\.venv\Lib\site-packages\pycycle\thermo\static_ps_resid.py:94: RuntimeWarning: invalid value encountered in sqrt
  f2 = MN - inputs['W']*(R_UNIVERSAL_SI*inputs['Ts'])**0.5/(ps_guess*1.0e6*inputs['area']*gamt**0.5)
C:\Users\MEO\Desktop\Projects\JetEngine\boomsonic_v0\.venv\Lib\site-packages\pycycle\thermo\static_ps_resid.py:99: RuntimeWarning: The iteration is not making good progress, as measured by the 
 improvement from the last ten iterations.
  ps_guess, M_guess = fsolve(equations, (ps_guess, M_guess))
C:\Users\MEO\Desktop\Projects\JetEngine\boomsonic_v0\.venv\Lib\site-packages\openmdao\solvers\solver.py:819: SolverWarning:Your model has stalled three times and may be violating the bounds. In the future, turn on print_bound_enforce in your solver options here: 
OD0.nozz.throat_total.nonlinear_solver.linesearch.options['print_bound_enforce']=True. 
The bound(s) being violated now are:

C:\Users\MEO\Desktop\Projects\JetEngine\boomsonic_v0\.venv\Lib\site-packages\openmdao\solvers\linesearch\backtracking.py:35: SolverWarning:'OD0.nozz.throat_total.balance.T' exceeds upper bounds
  Val: [3067.75643544]
  Upper: [2500.]

C:\Users\MEO\Desktop\Projects\JetEngine\boomsonic_v0\.venv\Lib\site-packages\pycycle\thermo\static_ps_resid.py:108: RuntimeWarning: invalid value encountered in sqrt
  Vsonic = (i['gamma']*i['R']*i['Ts'])**0.5
C:\Users\MEO\Desktop\Projects\JetEngine\boomsonic_v0\.venv\Lib\site-packages\pycycle\thermo\static_ps_resid.py:83: RuntimeWarning: invalid value encountered in power
  ps_guess = inputs['guess:Pt'] * (1 + (gamt-1)/2 * inputs['MN']**2)**(-gamt/(gamt-1))
C:\Users\MEO\Desktop\Projects\JetEngine\boomsonic_v0\.venv\Lib\site-packages\pycycle\thermo\static_ps_calc.py:32: RuntimeWarning: invalid value encountered in sqrt
  outputs['Vsonic'] = Vsonic = np.sqrt(inputs['gamma'] * inputs['R'] * inputs['Ts'])
C:\Users\MEO\Desktop\Projects\JetEngine\boomsonic_v0\.venv\Lib\site-packages\pycycle\thermo\static_ps_resid.py:128: RuntimeWarning: invalid value encountered in sqrt
  Vsonic = (i['gamma']*i['R']*i['Ts'])**0.5
C:\Users\MEO\Desktop\Projects\JetEngine\boomsonic_v0\.venv\Lib\site-packages\pycycle\thermo\static_ps_resid.py:98: RuntimeWarning: invalid value encountered in power
  ps_guess = inputs['guess:Pt'] * (1 + (gamt-1)/2 * M_guess**2)**(-gamt/(gamt-1))
C:\Users\MEO\Desktop\Projects\JetEngine\boomsonic_v0\.venv\Lib\site-packages\pycycle\thermo\static_ps_resid.py:93: RuntimeWarning: invalid value encountered in power
  f1 = ps - inputs['guess:Pt'] * (1 + (gamt-1)/2 * M_guess**2)**(-gamt/(gamt-1))
C:\Users\MEO\Desktop\Projects\JetEngine\boomsonic_v0\.venv\Lib\site-packages\pycycle\thermo\static_ps_resid.py:94: RuntimeWarning: invalid value encountered in sqrt
  f2 = MN - inputs['W']*(R_UNIVERSAL_SI*inputs['Ts'])**0.5/(ps_guess*1.0e6*inputs['area']*gamt**0.5)
C:\Users\MEO\Desktop\Projects\JetEngine\boomsonic_v0\.venv\Lib\site-packages\pycycle\thermo\static_ps_resid.py:99: RuntimeWarning: The iteration is not making good progress, as measured by the 
 improvement from the last ten iterations.
  ps_guess, M_guess = fsolve(equations, (ps_guess, M_guess))
C:\Users\MEO\Desktop\Projects\JetEngine\boomsonic_v0\.venv\Lib\site-packages\openmdao\solvers\solver.py:819: SolverWarning:Your model has stalled three times and may be violating the bounds. In the future, turn on print_bound_enforce in your solver options here: 
OD0.burner.vitiated_flow.nonlinear_solver.linesearch.options['print_bound_enforce']=True. 
The bound(s) being violated now are:

C:\Users\MEO\Desktop\Projects\JetEngine\boomsonic_v0\.venv\Lib\site-packages\openmdao\solvers\linesearch\backtracking.py:35: SolverWarning:'OD0.burner.vitiated_flow.balance.T' exceeds upper bounds
  Val: [3885.28154111]
  Upper: [2500.]

C:\Users\MEO\Desktop\Projects\JetEngine\boomsonic_v0\.venv\Lib\site-packages\pycycle\thermo\static_ps_resid.py:128: RuntimeWarning: invalid value encountered in sqrt
  Vsonic = (i['gamma']*i['R']*i['Ts'])**0.5
C:\Users\MEO\Desktop\Projects\JetEngine\boomsonic_v0\.venv\Lib\site-packages\pycycle\thermo\static_ps_resid.py:98: RuntimeWarning: invalid value encountered in power
  ps_guess = inputs['guess:Pt'] * (1 + (gamt-1)/2 * M_guess**2)**(-gamt/(gamt-1))
C:\Users\MEO\Desktop\Projects\JetEngine\boomsonic_v0\.venv\Lib\site-packages\pycycle\thermo\static_ps_resid.py:93: RuntimeWarning: invalid value encountered in power
  f1 = ps - inputs['guess:Pt'] * (1 + (gamt-1)/2 * M_guess**2)**(-gamt/(gamt-1))
C:\Users\MEO\Desktop\Projects\JetEngine\boomsonic_v0\.venv\Lib\site-packages\pycycle\thermo\static_ps_resid.py:94: RuntimeWarning: invalid value encountered in sqrt
  f2 = MN - inputs['W']*(R_UNIVERSAL_SI*inputs['Ts'])**0.5/(ps_guess*1.0e6*inputs['area']*gamt**0.5)
C:\Users\MEO\Desktop\Projects\JetEngine\boomsonic_v0\.venv\Lib\site-packages\pycycle\thermo\static_ps_resid.py:99: RuntimeWarning: The iteration is not making good progress, as measured by the 
 improvement from the last ten iterations.
  ps_guess, M_guess = fsolve(equations, (ps_guess, M_guess))
C:\Users\MEO\Desktop\Projects\JetEngine\boomsonic_v0\.venv\Lib\site-packages\openmdao\solvers\solver.py:819: SolverWarning:Your model has stalled three times and may be violating the bounds. In the future, turn on print_bound_enforce in your solver options here: 
OD0.turb.real_flow_b4bld.nonlinear_solver.linesearch.options['print_bound_enforce']=True. 
The bound(s) being violated now are:

C:\Users\MEO\Desktop\Projects\JetEngine\boomsonic_v0\.venv\Lib\site-packages\openmdao\solvers\linesearch\backtracking.py:35: SolverWarning:'OD0.turb.real_flow_b4bld.balance.T' exceeds upper bounds
  Val: [3067.75643544]
  Upper: [2500.]

C:\Users\MEO\Desktop\Projects\JetEngine\boomsonic_v0\.venv\Lib\site-packages\openmdao\solvers\solver.py:819: SolverWarning:Your model has stalled three times and may be violating the bounds. In the future, turn on print_bound_enforce in your solver options here: 
OD0.turb.real_flow.nonlinear_solver.linesearch.options['print_bound_enforce']=True. 
The bound(s) being violated now are:

C:\Users\MEO\Desktop\Projects\JetEngine\boomsonic_v0\.venv\Lib\site-packages\openmdao\solvers\linesearch\backtracking.py:35: SolverWarning:'OD0.turb.real_flow.balance.T' exceeds upper bounds
  Val: [3067.75643544]
  Upper: [2500.]

C:\Users\MEO\Desktop\Projects\JetEngine\boomsonic_v0\.venv\Lib\site-packages\pycycle\thermo\static_ps_resid.py:128: RuntimeWarning: invalid value encountered in sqrt
  Vsonic = (i['gamma']*i['R']*i['Ts'])**0.5
C:\Users\MEO\Desktop\Projects\JetEngine\boomsonic_v0\.venv\Lib\site-packages\pycycle\thermo\static_ps_resid.py:94: RuntimeWarning: invalid value encountered in sqrt
  f2 = MN - inputs['W']*(R_UNIVERSAL_SI*inputs['Ts'])**0.5/(ps_guess*1.0e6*inputs['area']*gamt**0.5)
C:\Users\MEO\Desktop\Projects\JetEngine\boomsonic_v0\.venv\Lib\site-packages\pycycle\thermo\static_ps_resid.py:99: RuntimeWarning: The iteration is not making good progress, as measured by the 
 improvement from the last ten iterations.
  ps_guess, M_guess = fsolve(equations, (ps_guess, M_guess))
C:\Users\MEO\Desktop\Projects\JetEngine\boomsonic_v0\.venv\Lib\site-packages\openmdao\solvers\solver.py:819: SolverWarning:Your model has stalled three times and may be violating the bounds. In the future, turn on print_bound_enforce in your solver options here: 
OD0.nozz.throat_total.nonlinear_solver.linesearch.options['print_bound_enforce']=True. 
The bound(s) being violated now are:

C:\Users\MEO\Desktop\Projects\JetEngine\boomsonic_v0\.venv\Lib\site-packages\openmdao\solvers\linesearch\backtracking.py:35: SolverWarning:'OD0.nozz.throat_total.balance.T' exceeds upper bounds
  Val: [3067.75643544]
  Upper: [2500.]

C:\Users\MEO\Desktop\Projects\JetEngine\boomsonic_v0\.venv\Lib\site-packages\pycycle\thermo\static_ps_resid.py:108: RuntimeWarning: invalid value encountered in sqrt
  Vsonic = (i['gamma']*i['R']*i['Ts'])**0.5
C:\Users\MEO\Desktop\Projects\JetEngine\boomsonic_v0\.venv\Lib\site-packages\pycycle\thermo\static_ps_resid.py:83: RuntimeWarning: invalid value encountered in power
  ps_guess = inputs['guess:Pt'] * (1 + (gamt-1)/2 * inputs['MN']**2)**(-gamt/(gamt-1))
C:\Users\MEO\Desktop\Projects\JetEngine\boomsonic_v0\.venv\Lib\site-packages\pycycle\thermo\static_ps_calc.py:32: RuntimeWarning: invalid value encountered in sqrt
  outputs['Vsonic'] = Vsonic = np.sqrt(inputs['gamma'] * inputs['R'] * inputs['Ts'])
C:\Users\MEO\Desktop\Projects\JetEngine\boomsonic_v0\.venv\Lib\site-packages\pycycle\thermo\static_ps_resid.py:128: RuntimeWarning: invalid value encountered in sqrt
  Vsonic = (i['gamma']*i['R']*i['Ts'])**0.5
C:\Users\MEO\Desktop\Projects\JetEngine\boomsonic_v0\.venv\Lib\site-packages\pycycle\thermo\static_ps_resid.py:98: RuntimeWarning: invalid value encountered in power
  ps_guess = inputs['guess:Pt'] * (1 + (gamt-1)/2 * M_guess**2)**(-gamt/(gamt-1))
C:\Users\MEO\Desktop\Projects\JetEngine\boomsonic_v0\.venv\Lib\site-packages\pycycle\thermo\static_ps_resid.py:93: RuntimeWarning: invalid value encountered in power
  f1 = ps - inputs['guess:Pt'] * (1 + (gamt-1)/2 * M_guess**2)**(-gamt/(gamt-1))
C:\Users\MEO\Desktop\Projects\JetEngine\boomsonic_v0\.venv\Lib\site-packages\pycycle\thermo\static_ps_resid.py:94: RuntimeWarning: invalid value encountered in sqrt
  f2 = MN - inputs['W']*(R_UNIVERSAL_SI*inputs['Ts'])**0.5/(ps_guess*1.0e6*inputs['area']*gamt**0.5)
C:\Users\MEO\Desktop\Projects\JetEngine\boomsonic_v0\.venv\Lib\site-packages\pycycle\thermo\static_ps_resid.py:99: RuntimeWarning: The iteration is not making good progress, as measured by the 
 improvement from the last ten iterations.
  ps_guess, M_guess = fsolve(equations, (ps_guess, M_guess))
C:\Users\MEO\Desktop\Projects\JetEngine\boomsonic_v0\.venv\Lib\site-packages\pycycle\thermo\static_ps_resid.py:128: RuntimeWarning: invalid value encountered in sqrt
  Vsonic = (i['gamma']*i['R']*i['Ts'])**0.5
C:\Users\MEO\Desktop\Projects\JetEngine\boomsonic_v0\.venv\Lib\site-packages\pycycle\thermo\static_ps_resid.py:128: RuntimeWarning: invalid value encountered in sqrt
  Vsonic = (i['gamma']*i['R']*i['Ts'])**0.5
C:\Users\MEO\Desktop\Projects\JetEngine\boomsonic_v0\.venv\Lib\site-packages\pycycle\thermo\static_ps_resid.py:108: RuntimeWarning: invalid value encountered in sqrt
  Vsonic = (i['gamma']*i['R']*i['Ts'])**0.5
C:\Users\MEO\Desktop\Projects\JetEngine\boomsonic_v0\.venv\Lib\site-packages\pycycle\elements\turbine.py:40: RuntimeWarning: invalid value encountered in sqrt
  outputs['Wp'] = inputs['W_in'] * inputs['Tt']**0.5 / inputs['Pt']
C:\Users\MEO\Desktop\Projects\JetEngine\boomsonic_v0\.venv\Lib\site-packages\pycycle\elements\turbine.py:41: RuntimeWarning: invalid value encountered in power
  outputs['Np'] = inputs['Nmech'] * inputs['Tt']**-0.5
C:\Users\MEO\Desktop\Projects\JetEngine\boomsonic_v0\.venv\Lib\site-packages\openmdao\solvers\solver.py:819: SolverWarning:Your model has stalled three times and may be violating the bounds. In the future, turn on print_bound_enforce in your solver options here: 
OD0.comp.real_flow.nonlinear_solver.linesearch.options['print_bound_enforce']=True. 
The bound(s) being violated now are:

C:\Users\MEO\Desktop\Projects\JetEngine\boomsonic_v0\.venv\Lib\site-packages\openmdao\solvers\linesearch\backtracking.py:39: SolverWarning:'OD0.comp.real_flow.balance.T' exceeds lower bounds
  Val: [-232.31049136]
  Lower: [150.]

C:\Users\MEO\Desktop\Projects\JetEngine\boomsonic_v0\.venv\Lib\site-packages\openmdao\solvers\solver.py:819: SolverWarning:Your model has stalled three times and may be violating the bounds. In the future, turn on print_bound_enforce in your solver options here: 
OD0.burner.vitiated_flow.nonlinear_solver.linesearch.options['print_bound_enforce']=True. 
The bound(s) being violated now are:

C:\Users\MEO\Desktop\Projects\JetEngine\boomsonic_v0\.venv\Lib\site-packages\openmdao\solvers\linesearch\backtracking.py:39: SolverWarning:'OD0.burner.vitiated_flow.balance.T' exceeds lower bounds
  Val: [-227.76410311]
  Lower: [150.]

C:\Users\MEO\Desktop\Projects\JetEngine\boomsonic_v0\.venv\Lib\site-packages\pycycle\thermo\static_ps_resid.py:128: RuntimeWarning: invalid value encountered in sqrt
  Vsonic = (i['gamma']*i['R']*i['Ts'])**0.5
C:\Users\MEO\Desktop\Projects\JetEngine\boomsonic_v0\.venv\Lib\site-packages\openmdao\solvers\solver.py:819: SolverWarning:Your model has stalled three times and may be violating the bounds. In the future, turn on print_bound_enforce in your solver options here: 
OD0.turb.ideal_flow.nonlinear_solver.linesearch.options['print_bound_enforce']=True. 
The bound(s) being violated now are:

C:\Users\MEO\Desktop\Projects\JetEngine\boomsonic_v0\.venv\Lib\site-packages\openmdao\solvers\linesearch\backtracking.py:39: SolverWarning:'OD0.turb.ideal_flow.balance.T' exceeds lower bounds
  Val: [81.75937726]
  Lower: [150.]

C:\Users\MEO\Desktop\Projects\JetEngine\boomsonic_v0\.venv\Lib\site-packages\openmdao\solvers\solver.py:819: SolverWarning:Your model has stalled three times and may be violating the bounds. In the future, turn on print_bound_enforce in your solver options here: 
OD0.turb.real_flow_b4bld.nonlinear_solver.linesearch.options['print_bound_enforce']=True. 
The bound(s) being violated now are:

C:\Users\MEO\Desktop\Projects\JetEngine\boomsonic_v0\.venv\Lib\site-packages\openmdao\solvers\linesearch\backtracking.py:39: SolverWarning:'OD0.turb.real_flow_b4bld.balance.T' exceeds lower bounds
  Val: [12.25476336]
  Lower: [150.]

C:\Users\MEO\Desktop\Projects\JetEngine\boomsonic_v0\.venv\Lib\site-packages\openmdao\solvers\solver.py:819: SolverWarning:Your model has stalled three times and may be violating the bounds. In the future, turn on print_bound_enforce in your solver options here: 
OD0.turb.real_flow.nonlinear_solver.linesearch.options['print_bound_enforce']=True. 
The bound(s) being violated now are:

C:\Users\MEO\Desktop\Projects\JetEngine\boomsonic_v0\.venv\Lib\site-packages\openmdao\solvers\linesearch\backtracking.py:39: SolverWarning:'OD0.turb.real_flow.balance.T' exceeds lower bounds
  Val: [12.25476336]
  Lower: [150.]

C:\Users\MEO\Desktop\Projects\JetEngine\boomsonic_v0\.venv\Lib\site-packages\openmdao\solvers\solver.py:819: SolverWarning:Your model has stalled three times and may be violating the bounds. In the future, turn on print_bound_enforce in your solver options here: 
OD0.turb.out_stat.nonlinear_solver.linesearch.options['print_bound_enforce']=True. 
The bound(s) being violated now are:

C:\Users\MEO\Desktop\Projects\JetEngine\boomsonic_v0\.venv\Lib\site-packages\openmdao\solvers\linesearch\backtracking.py:39: SolverWarning:'OD0.turb.out_stat.balance.T' exceeds lower bounds
  Val: [12.35880768]
  Lower: [150.]

C:\Users\MEO\Desktop\Projects\JetEngine\boomsonic_v0\.venv\Lib\site-packages\openmdao\solvers\solver.py:819: SolverWarning:Your model has stalled three times and may be violating the bounds. In the future, turn on print_bound_enforce in your solver options here: 
OD0.nozz.throat_total.nonlinear_solver.linesearch.options['print_bound_enforce']=True. 
The bound(s) being violated now are:

C:\Users\MEO\Desktop\Projects\JetEngine\boomsonic_v0\.venv\Lib\site-packages\openmdao\solvers\linesearch\backtracking.py:39: SolverWarning:'OD0.nozz.throat_total.balance.T' exceeds lower bounds
  Val: [12.25476336]
  Lower: [150.]

C:\Users\MEO\Desktop\Projects\JetEngine\boomsonic_v0\.venv\Lib\site-packages\openmdao\solvers\solver.py:819: SolverWarning:Your model has stalled three times and may be violating the bounds. In the future, turn on print_bound_enforce in your solver options here: 
OD0.nozz.staticMN.nonlinear_solver.linesearch.options['print_bound_enforce']=True. 
The bound(s) being violated now are:

C:\Users\MEO\Desktop\Projects\JetEngine\boomsonic_v0\.venv\Lib\site-packages\openmdao\solvers\linesearch\backtracking.py:39: SolverWarning:'OD0.nozz.staticMN.balance.T' exceeds lower bounds
  Val: [10.21980344]
  Lower: [150.]

C:\Users\MEO\Desktop\Projects\JetEngine\boomsonic_v0\.venv\Lib\site-packages\openmdao\solvers\solver.py:819: SolverWarning:Your model has stalled three times and may be violating the bounds. In the future, turn on print_bound_enforce in your solver options here: 
OD0.nozz.staticPs.nonlinear_solver.linesearch.options['print_bound_enforce']=True. 
The bound(s) being violated now are:

C:\Users\MEO\Desktop\Projects\JetEngine\boomsonic_v0\.venv\Lib\site-packages\openmdao\solvers\linesearch\backtracking.py:39: SolverWarning:'OD0.nozz.staticPs.balance.T' exceeds lower bounds
  Val: [149.99995808]
  Lower: [150.]

C:\Users\MEO\Desktop\Projects\JetEngine\boomsonic_v0\.venv\Lib\site-packages\openmdao\solvers\solver.py:819: SolverWarning:Your model has stalled three times and may be violating the bounds. In the future, turn on print_bound_enforce in your solver options here: 
OD0.nozz.ideal_flow.nonlinear_solver.linesearch.options['print_bound_enforce']=True. 
The bound(s) being violated now are:

C:\Users\MEO\Desktop\Projects\JetEngine\boomsonic_v0\.venv\Lib\site-packages\openmdao\solvers\linesearch\backtracking.py:39: SolverWarning:'OD0.nozz.ideal_flow.balance.T' exceeds lower bounds
  Val: [149.99995808]
  Lower: [150.]

C:\Users\MEO\Desktop\Projects\JetEngine\boomsonic_v0\.venv\Lib\site-packages\pycycle\thermo\static_ps_resid.py:128: RuntimeWarning: invalid value encountered in sqrt
  Vsonic = (i['gamma']*i['R']*i['Ts'])**0.5
C:\Users\MEO\Desktop\Projects\JetEngine\boomsonic_v0\.venv\Lib\site-packages\openmdao\solvers\solver.py:819: SolverWarning:Your model has stalled three times and may be violating the bounds. In the future, turn on print_bound_enforce in your solver options here: 
OD0.comp.real_flow.nonlinear_solver.linesearch.options['print_bound_enforce']=True. 
The bound(s) being violated now are:

C:\Users\MEO\Desktop\Projects\JetEngine\boomsonic_v0\.venv\Lib\site-packages\openmdao\solvers\linesearch\backtracking.py:39: SolverWarning:'OD0.comp.real_flow.balance.T' exceeds lower bounds
  Val: [-1047.96831634]
  Lower: [150.]

C:\Users\MEO\Desktop\Projects\JetEngine\boomsonic_v0\.venv\Lib\site-packages\pycycle\thermo\static_ps_resid.py:128: RuntimeWarning: invalid value encountered in sqrt
  Vsonic = (i['gamma']*i['R']*i['Ts'])**0.5
C:\Users\MEO\Desktop\Projects\JetEngine\boomsonic_v0\.venv\Lib\site-packages\openmdao\solvers\solver.py:819: SolverWarning:Your model has stalled three times and may be violating the bounds. In the future, turn on print_bound_enforce in your solver options here: 
OD0.burner.vitiated_flow.nonlinear_solver.linesearch.options['print_bound_enforce']=True. 
The bound(s) being violated now are:

C:\Users\MEO\Desktop\Projects\JetEngine\boomsonic_v0\.venv\Lib\site-packages\openmdao\solvers\linesearch\backtracking.py:35: SolverWarning:'OD0.burner.vitiated_flow.balance.T' exceeds upper bounds
  Val: [3700.07458832]
  Upper: [2500.]

C:\Users\MEO\Desktop\Projects\JetEngine\boomsonic_v0\.venv\Lib\site-packages\pycycle\thermo\static_ps_resid.py:128: RuntimeWarning: invalid value encountered in sqrt
  Vsonic = (i['gamma']*i['R']*i['Ts'])**0.5
C:\Users\MEO\Desktop\Projects\JetEngine\boomsonic_v0\.venv\Lib\site-packages\pycycle\thermo\static_ps_resid.py:94: RuntimeWarning: invalid value encountered in sqrt
  f2 = MN - inputs['W']*(R_UNIVERSAL_SI*inputs['Ts'])**0.5/(ps_guess*1.0e6*inputs['area']*gamt**0.5)
C:\Users\MEO\Desktop\Projects\JetEngine\boomsonic_v0\.venv\Lib\site-packages\pycycle\thermo\static_ps_resid.py:99: RuntimeWarning: The iteration is not making good progress, as measured by the 
 improvement from the last ten iterations.
  ps_guess, M_guess = fsolve(equations, (ps_guess, M_guess))
C:\Users\MEO\Desktop\Projects\JetEngine\boomsonic_v0\.venv\Lib\site-packages\pycycle\thermo\static_ps_resid.py:128: RuntimeWarning: invalid value encountered in sqrt
  Vsonic = (i['gamma']*i['R']*i['Ts'])**0.5
C:\Users\MEO\Desktop\Projects\JetEngine\boomsonic_v0\.venv\Lib\site-packages\pycycle\thermo\static_ps_resid.py:128: RuntimeWarning: invalid value encountered in sqrt
  Vsonic = (i['gamma']*i['R']*i['Ts'])**0.5
C:\Users\MEO\Desktop\Projects\JetEngine\boomsonic_v0\.venv\Lib\site-packages\pycycle\thermo\static_ps_resid.py:108: RuntimeWarning: invalid value encountered in sqrt
  Vsonic = (i['gamma']*i['R']*i['Ts'])**0.5
C:\Users\MEO\Desktop\Projects\JetEngine\boomsonic_v0\.venv\Lib\site-packages\openmdao\solvers\solver.py:819: SolverWarning:Your model has stalled three times and may be violating the bounds. In the future, turn on print_bound_enforce in your solver options here: 
OD0.nozz.staticMN.nonlinear_solver.linesearch.options['print_bound_enforce']=True. 
The bound(s) being violated now are:

C:\Users\MEO\Desktop\Projects\JetEngine\boomsonic_v0\.venv\Lib\site-packages\openmdao\solvers\linesearch\backtracking.py:39: SolverWarning:'OD0.nozz.staticMN.ps_resid.Ps' exceeds lower bounds
  Val: [-0.00093186]
  Lower: [-0.0009009]

C:\Users\MEO\Desktop\Projects\JetEngine\boomsonic_v0\.venv\Lib\site-packages\openmdao\solvers\linesearch\backtracking.py:39: SolverWarning:'OD0.nozz.staticMN.ps_resid.area' exceeds lower bounds
  Val: [-2.24802579]
  Lower: [1.e-05]

C:\Users\MEO\Desktop\Projects\JetEngine\boomsonic_v0\.venv\Lib\site-packages\pycycle\thermo\static_ps_calc.py:32: RuntimeWarning: invalid value encountered in sqrt
  outputs['Vsonic'] = Vsonic = np.sqrt(inputs['gamma'] * inputs['R'] * inputs['Ts'])
C:\Users\MEO\Desktop\Projects\JetEngine\boomsonic_v0\.venv\Lib\site-packages\pycycle\thermo\static_ps_calc.py:32: RuntimeWarning: invalid value encountered in sqrt
  outputs['Vsonic'] = Vsonic = np.sqrt(inputs['gamma'] * inputs['R'] * inputs['Ts'])
C:\Users\MEO\Desktop\Projects\JetEngine\boomsonic_v0\.venv\Lib\site-packages\pycycle\thermo\static_ps_resid.py:128: RuntimeWarning: invalid value encountered in sqrt
  Vsonic = (i['gamma']*i['R']*i['Ts'])**0.5
C:\Users\MEO\Desktop\Projects\JetEngine\boomsonic_v0\.venv\Lib\site-packages\pycycle\thermo\static_ps_resid.py:94: RuntimeWarning: invalid value encountered in sqrt
  f2 = MN - inputs['W']*(R_UNIVERSAL_SI*inputs['Ts'])**0.5/(ps_guess*1.0e6*inputs['area']*gamt**0.5)
C:\Users\MEO\Desktop\Projects\JetEngine\boomsonic_v0\.venv\Lib\site-packages\pycycle\thermo\static_ps_resid.py:99: RuntimeWarning: The iteration is not making good progress, as measured by the 
 improvement from the last ten iterations.
  ps_guess, M_guess = fsolve(equations, (ps_guess, M_guess))
C:\Users\MEO\Desktop\Projects\JetEngine\boomsonic_v0\.venv\Lib\site-packages\openmdao\solvers\solver.py:819: SolverWarning:Your model has stalled three times and may be violating the bounds. In the future, turn on print_bound_enforce in your solver options here: 
OD0.comp.real_flow.nonlinear_solver.linesearch.options['print_bound_enforce']=True. 
The bound(s) being violated now are:

C:\Users\MEO\Desktop\Projects\JetEngine\boomsonic_v0\.venv\Lib\site-packages\openmdao\solvers\linesearch\backtracking.py:39: SolverWarning:'OD0.comp.real_flow.balance.T' exceeds lower bounds
  Val: [-1047.96831634]
  Lower: [150.]

C:\Users\MEO\Desktop\Projects\JetEngine\boomsonic_v0\.venv\Lib\site-packages\openmdao\solvers\solver.py:819: SolverWarning:Your model has stalled three times and may be violating the bounds. In the future, turn on print_bound_enforce in your solver options here: 
OD0.burner.vitiated_flow.nonlinear_solver.linesearch.options['print_bound_enforce']=True. 
The bound(s) being violated now are:

C:\Users\MEO\Desktop\Projects\JetEngine\boomsonic_v0\.venv\Lib\site-packages\openmdao\solvers\linesearch\backtracking.py:35: SolverWarning:'OD0.burner.vitiated_flow.balance.T' exceeds upper bounds
  Val: [3700.07458832]
  Upper: [2500.]

C:\Users\MEO\Desktop\Projects\JetEngine\boomsonic_v0\.venv\Lib\site-packages\pycycle\thermo\static_ps_resid.py:128: RuntimeWarning: invalid value encountered in sqrt
  Vsonic = (i['gamma']*i['R']*i['Ts'])**0.5
C:\Users\MEO\Desktop\Projects\JetEngine\boomsonic_v0\.venv\Lib\site-packages\pycycle\thermo\static_ps_resid.py:94: RuntimeWarning: invalid value encountered in sqrt
  f2 = MN - inputs['W']*(R_UNIVERSAL_SI*inputs['Ts'])**0.5/(ps_guess*1.0e6*inputs['area']*gamt**0.5)
C:\Users\MEO\Desktop\Projects\JetEngine\boomsonic_v0\.venv\Lib\site-packages\pycycle\thermo\static_ps_resid.py:99: RuntimeWarning: The iteration is not making good progress, as measured by the 
 improvement from the last ten iterations.
  ps_guess, M_guess = fsolve(equations, (ps_guess, M_guess))
C:\Users\MEO\Desktop\Projects\JetEngine\boomsonic_v0\.venv\Lib\site-packages\openmdao\solvers\solver.py:819: SolverWarning:Your model has stalled three times and may be violating the bounds. In the future, turn on print_bound_enforce in your solver options here: 
OD0.nozz.staticMN.nonlinear_solver.linesearch.options['print_bound_enforce']=True. 
The bound(s) being violated now are:

C:\Users\MEO\Desktop\Projects\JetEngine\boomsonic_v0\.venv\Lib\site-packages\openmdao\solvers\linesearch\backtracking.py:39: SolverWarning:'OD0.nozz.staticMN.ps_resid.Ps' exceeds lower bounds
  Val: [-0.00093186]
  Lower: [-0.0009009]

C:\Users\MEO\Desktop\Projects\JetEngine\boomsonic_v0\.venv\Lib\site-packages\openmdao\solvers\linesearch\backtracking.py:39: SolverWarning:'OD0.nozz.staticMN.ps_resid.area' exceeds lower bounds
  Val: [-2.24802579]
  Lower: [1.e-05]

C:\Users\MEO\Desktop\Projects\JetEngine\boomsonic_v0\.venv\Lib\site-packages\pycycle\thermo\static_ps_calc.py:32: RuntimeWarning: invalid value encountered in sqrt
  outputs['Vsonic'] = Vsonic = np.sqrt(inputs['gamma'] * inputs['R'] * inputs['Ts'])
C:\Users\MEO\Desktop\Projects\JetEngine\boomsonic_v0\.venv\Lib\site-packages\pycycle\thermo\static_ps_resid.py:128: RuntimeWarning: invalid value encountered in sqrt
  Vsonic = (i['gamma']*i['R']*i['Ts'])**0.5
C:\Users\MEO\Desktop\Projects\JetEngine\boomsonic_v0\.venv\Lib\site-packages\pycycle\thermo\static_ps_resid.py:94: RuntimeWarning: invalid value encountered in sqrt
  f2 = MN - inputs['W']*(R_UNIVERSAL_SI*inputs['Ts'])**0.5/(ps_guess*1.0e6*inputs['area']*gamt**0.5)
C:\Users\MEO\Desktop\Projects\JetEngine\boomsonic_v0\.venv\Lib\site-packages\pycycle\thermo\static_ps_resid.py:99: RuntimeWarning: The iteration is not making good progress, as measured by the 
 improvement from the last ten iterations.
  ps_guess, M_guess = fsolve(equations, (ps_guess, M_guess))
C:\Users\MEO\Desktop\Projects\JetEngine\boomsonic_v0\.venv\Lib\site-packages\openmdao\solvers\solver.py:819: SolverWarning:Your model has stalled three times and may be violating the bounds. In the future, turn on print_bound_enforce in your solver options here: 
OD0.comp.real_flow.nonlinear_solver.linesearch.options['print_bound_enforce']=True. 
The bound(s) being violated now are:

C:\Users\MEO\Desktop\Projects\JetEngine\boomsonic_v0\.venv\Lib\site-packages\openmdao\solvers\linesearch\backtracking.py:39: SolverWarning:'OD0.comp.real_flow.balance.T' exceeds lower bounds
  Val: [-1047.96831634]
  Lower: [150.]

C:\Users\MEO\Desktop\Projects\JetEngine\boomsonic_v0\.venv\Lib\site-packages\openmdao\solvers\solver.py:819: SolverWarning:Your model has stalled three times and may be violating the bounds. In the future, turn on print_bound_enforce in your solver options here: 
OD0.burner.vitiated_flow.nonlinear_solver.linesearch.options['print_bound_enforce']=True. 
The bound(s) being violated now are:

C:\Users\MEO\Desktop\Projects\JetEngine\boomsonic_v0\.venv\Lib\site-packages\openmdao\solvers\linesearch\backtracking.py:35: SolverWarning:'OD0.burner.vitiated_flow.balance.T' exceeds upper bounds
  Val: [3700.07458832]
  Upper: [2500.]

C:\Users\MEO\Desktop\Projects\JetEngine\boomsonic_v0\.venv\Lib\site-packages\pycycle\thermo\static_ps_resid.py:128: RuntimeWarning: invalid value encountered in sqrt
  Vsonic = (i['gamma']*i['R']*i['Ts'])**0.5
C:\Users\MEO\Desktop\Projects\JetEngine\boomsonic_v0\.venv\Lib\site-packages\pycycle\thermo\static_ps_resid.py:94: RuntimeWarning: invalid value encountered in sqrt
  f2 = MN - inputs['W']*(R_UNIVERSAL_SI*inputs['Ts'])**0.5/(ps_guess*1.0e6*inputs['area']*gamt**0.5)
C:\Users\MEO\Desktop\Projects\JetEngine\boomsonic_v0\.venv\Lib\site-packages\pycycle\thermo\static_ps_resid.py:99: RuntimeWarning: The iteration is not making good progress, as measured by the 
 improvement from the last ten iterations.
  ps_guess, M_guess = fsolve(equations, (ps_guess, M_guess))
C:\Users\MEO\Desktop\Projects\JetEngine\boomsonic_v0\.venv\Lib\site-packages\openmdao\solvers\solver.py:819: SolverWarning:Your model has stalled three times and may be violating the bounds. In the future, turn on print_bound_enforce in your solver options here: 
OD0.nozz.staticMN.nonlinear_solver.linesearch.options['print_bound_enforce']=True. 
The bound(s) being violated now are:

C:\Users\MEO\Desktop\Projects\JetEngine\boomsonic_v0\.venv\Lib\site-packages\openmdao\solvers\linesearch\backtracking.py:39: SolverWarning:'OD0.nozz.staticMN.ps_resid.Ps' exceeds lower bounds
  Val: [-0.00093186]
  Lower: [-0.0009009]

C:\Users\MEO\Desktop\Projects\JetEngine\boomsonic_v0\.venv\Lib\site-packages\openmdao\solvers\linesearch\backtracking.py:39: SolverWarning:'OD0.nozz.staticMN.ps_resid.area' exceeds lower bounds
  Val: [-2.24802579]
  Lower: [1.e-05]

C:\Users\MEO\Desktop\Projects\JetEngine\boomsonic_v0\.venv\Lib\site-packages\pycycle\thermo\static_ps_calc.py:32: RuntimeWarning: invalid value encountered in sqrt
  outputs['Vsonic'] = Vsonic = np.sqrt(inputs['gamma'] * inputs['R'] * inputs['Ts'])
C:\Users\MEO\Desktop\Projects\JetEngine\boomsonic_v0\.venv\Lib\site-packages\pycycle\thermo\static_ps_resid.py:128: RuntimeWarning: invalid value encountered in sqrt
  Vsonic = (i['gamma']*i['R']*i['Ts'])**0.5
C:\Users\MEO\Desktop\Projects\JetEngine\boomsonic_v0\.venv\Lib\site-packages\pycycle\thermo\static_ps_resid.py:94: RuntimeWarning: invalid value encountered in sqrt
  f2 = MN - inputs['W']*(R_UNIVERSAL_SI*inputs['Ts'])**0.5/(ps_guess*1.0e6*inputs['area']*gamt**0.5)
C:\Users\MEO\Desktop\Projects\JetEngine\boomsonic_v0\.venv\Lib\site-packages\pycycle\thermo\static_ps_resid.py:99: RuntimeWarning: The iteration is not making good progress, as measured by the 
 improvement from the last ten iterations.
  ps_guess, M_guess = fsolve(equations, (ps_guess, M_guess))
C:\Users\MEO\Desktop\Projects\JetEngine\boomsonic_v0\.venv\Lib\site-packages\openmdao\solvers\solver.py:819: SolverWarning:Your model has stalled three times and may be violating the bounds. In the future, turn on print_bound_enforce in your solver options here: 
OD0.comp.real_flow.nonlinear_solver.linesearch.options['print_bound_enforce']=True. 
The bound(s) being violated now are:

C:\Users\MEO\Desktop\Projects\JetEngine\boomsonic_v0\.venv\Lib\site-packages\openmdao\solvers\linesearch\backtracking.py:39: SolverWarning:'OD0.comp.real_flow.balance.T' exceeds lower bounds
  Val: [-1047.96831634]
  Lower: [150.]

C:\Users\MEO\Desktop\Projects\JetEngine\boomsonic_v0\.venv\Lib\site-packages\openmdao\solvers\solver.py:819: SolverWarning:Your model has stalled three times and may be violating the bounds. In the future, turn on print_bound_enforce in your solver options here: 
OD0.comp.out_stat.nonlinear_solver.linesearch.options['print_bound_enforce']=True. 
The bound(s) being violated now are:

C:\Users\MEO\Desktop\Projects\JetEngine\boomsonic_v0\.venv\Lib\site-packages\openmdao\solvers\linesearch\backtracking.py:39: SolverWarning:'OD0.comp.out_stat.balance.T' exceeds lower bounds
  Val: [-359.6270804]
  Lower: [150.]

C:\Users\MEO\Desktop\Projects\JetEngine\boomsonic_v0\.venv\Lib\site-packages\openmdao\solvers\linesearch\backtracking.py:39: SolverWarning:'OD0.comp.out_stat.ps_resid.Ps' exceeds lower bounds
  Val: [-0.00118413]
  Lower: [-0.0009009]

C:\Users\MEO\Desktop\Projects\JetEngine\boomsonic_v0\.venv\Lib\site-packages\openmdao\solvers\solver.py:819: SolverWarning:Your model has stalled three times and may be violating the bounds. In the future, turn on print_bound_enforce in your solver options here: 
OD0.burner.vitiated_flow.nonlinear_solver.linesearch.options['print_bound_enforce']=True. 
The bound(s) being violated now are:

C:\Users\MEO\Desktop\Projects\JetEngine\boomsonic_v0\.venv\Lib\site-packages\openmdao\solvers\linesearch\backtracking.py:35: SolverWarning:'OD0.burner.vitiated_flow.balance.T' exceeds upper bounds
  Val: [3700.07458832]
  Upper: [2500.]

C:\Users\MEO\Desktop\Projects\JetEngine\boomsonic_v0\.venv\Lib\site-packages\pycycle\thermo\static_ps_resid.py:128: RuntimeWarning: invalid value encountered in sqrt
  Vsonic = (i['gamma']*i['R']*i['Ts'])**0.5
C:\Users\MEO\Desktop\Projects\JetEngine\boomsonic_v0\.venv\Lib\site-packages\pycycle\thermo\static_ps_resid.py:94: RuntimeWarning: invalid value encountered in sqrt
  f2 = MN - inputs['W']*(R_UNIVERSAL_SI*inputs['Ts'])**0.5/(ps_guess*1.0e6*inputs['area']*gamt**0.5)
C:\Users\MEO\Desktop\Projects\JetEngine\boomsonic_v0\.venv\Lib\site-packages\pycycle\thermo\static_ps_resid.py:99: RuntimeWarning: The iteration is not making good progress, as measured by the 
 improvement from the last ten iterations.
  ps_guess, M_guess = fsolve(equations, (ps_guess, M_guess))
C:\Users\MEO\Desktop\Projects\JetEngine\boomsonic_v0\.venv\Lib\site-packages\openmdao\solvers\solver.py:819: SolverWarning:Your model has stalled three times and may be violating the bounds. In the future, turn on print_bound_enforce in your solver options here: 
OD0.nozz.staticMN.nonlinear_solver.linesearch.options['print_bound_enforce']=True. 
The bound(s) being violated now are:

C:\Users\MEO\Desktop\Projects\JetEngine\boomsonic_v0\.venv\Lib\site-packages\openmdao\solvers\linesearch\backtracking.py:39: SolverWarning:'OD0.nozz.staticMN.ps_resid.Ps' exceeds lower bounds
  Val: [-0.00093186]
  Lower: [-0.0009009]

C:\Users\MEO\Desktop\Projects\JetEngine\boomsonic_v0\.venv\Lib\site-packages\openmdao\solvers\linesearch\backtracking.py:39: SolverWarning:'OD0.nozz.staticMN.ps_resid.area' exceeds lower bounds
  Val: [-2.24802579]
  Lower: [1.e-05]

C:\Users\MEO\Desktop\Projects\JetEngine\boomsonic_v0\.venv\Lib\site-packages\pycycle\thermo\static_ps_calc.py:32: RuntimeWarning: invalid value encountered in sqrt
  outputs['Vsonic'] = Vsonic = np.sqrt(inputs['gamma'] * inputs['R'] * inputs['Ts'])
C:\Users\MEO\Desktop\Projects\JetEngine\boomsonic_v0\.venv\Lib\site-packages\pycycle\thermo\static_ps_resid.py:128: RuntimeWarning: invalid value encountered in sqrt
  Vsonic = (i['gamma']*i['R']*i['Ts'])**0.5
C:\Users\MEO\Desktop\Projects\JetEngine\boomsonic_v0\.venv\Lib\site-packages\pycycle\thermo\static_ps_resid.py:94: RuntimeWarning: invalid value encountered in sqrt
  f2 = MN - inputs['W']*(R_UNIVERSAL_SI*inputs['Ts'])**0.5/(ps_guess*1.0e6*inputs['area']*gamt**0.5)
C:\Users\MEO\Desktop\Projects\JetEngine\boomsonic_v0\.venv\Lib\site-packages\pycycle\thermo\static_ps_resid.py:99: RuntimeWarning: The iteration is not making good progress, as measured by the 
 improvement from the last ten iterations.
  ps_guess, M_guess = fsolve(equations, (ps_guess, M_guess))
C:\Users\MEO\Desktop\Projects\JetEngine\boomsonic_v0\.venv\Lib\site-packages\openmdao\solvers\solver.py:819: SolverWarning:Your model has stalled three times and may be violating the bounds. In the future, turn on print_bound_enforce in your solver options here: 
OD0.comp.real_flow.nonlinear_solver.linesearch.options['print_bound_enforce']=True. 
The bound(s) being violated now are:

C:\Users\MEO\Desktop\Projects\JetEngine\boomsonic_v0\.venv\Lib\site-packages\openmdao\solvers\linesearch\backtracking.py:39: SolverWarning:'OD0.comp.real_flow.balance.T' exceeds lower bounds
  Val: [-1047.96831634]
  Lower: [150.]

C:\Users\MEO\Desktop\Projects\JetEngine\boomsonic_v0\.venv\Lib\site-packages\openmdao\solvers\solver.py:819: SolverWarning:Your model has stalled three times and may be violating the bounds. In the future, turn on print_bound_enforce in your solver options here: 
OD0.comp.out_stat.nonlinear_solver.linesearch.options['print_bound_enforce']=True. 
The bound(s) being violated now are:

C:\Users\MEO\Desktop\Projects\JetEngine\boomsonic_v0\.venv\Lib\site-packages\openmdao\solvers\linesearch\backtracking.py:39: SolverWarning:'OD0.comp.out_stat.balance.T' exceeds lower bounds
  Val: [-359.6270804]
  Lower: [150.]

C:\Users\MEO\Desktop\Projects\JetEngine\boomsonic_v0\.venv\Lib\site-packages\openmdao\solvers\linesearch\backtracking.py:39: SolverWarning:'OD0.comp.out_stat.ps_resid.Ps' exceeds lower bounds
  Val: [-0.00118413]
  Lower: [-0.0009009]

C:\Users\MEO\Desktop\Projects\JetEngine\boomsonic_v0\.venv\Lib\site-packages\openmdao\solvers\solver.py:819: SolverWarning:Your model has stalled three times and may be violating the bounds. In the future, turn on print_bound_enforce in your solver options here: 
OD0.burner.vitiated_flow.nonlinear_solver.linesearch.options['print_bound_enforce']=True. 
The bound(s) being violated now are:

C:\Users\MEO\Desktop\Projects\JetEngine\boomsonic_v0\.venv\Lib\site-packages\openmdao\solvers\linesearch\backtracking.py:35: SolverWarning:'OD0.burner.vitiated_flow.balance.T' exceeds upper bounds
  Val: [3700.07458832]
  Upper: [2500.]

C:\Users\MEO\Desktop\Projects\JetEngine\boomsonic_v0\.venv\Lib\site-packages\pycycle\thermo\static_ps_resid.py:128: RuntimeWarning: invalid value encountered in sqrt
  Vsonic = (i['gamma']*i['R']*i['Ts'])**0.5
C:\Users\MEO\Desktop\Projects\JetEngine\boomsonic_v0\.venv\Lib\site-packages\pycycle\thermo\static_ps_resid.py:94: RuntimeWarning: invalid value encountered in sqrt
  f2 = MN - inputs['W']*(R_UNIVERSAL_SI*inputs['Ts'])**0.5/(ps_guess*1.0e6*inputs['area']*gamt**0.5)
C:\Users\MEO\Desktop\Projects\JetEngine\boomsonic_v0\.venv\Lib\site-packages\pycycle\thermo\static_ps_resid.py:99: RuntimeWarning: The iteration is not making good progress, as measured by the 
 improvement from the last ten iterations.
  ps_guess, M_guess = fsolve(equations, (ps_guess, M_guess))
C:\Users\MEO\Desktop\Projects\JetEngine\boomsonic_v0\.venv\Lib\site-packages\openmdao\solvers\solver.py:819: SolverWarning:Your model has stalled three times and may be violating the bounds. In the future, turn on print_bound_enforce in your solver options here: 
OD0.nozz.staticMN.nonlinear_solver.linesearch.options['print_bound_enforce']=True. 
The bound(s) being violated now are:

C:\Users\MEO\Desktop\Projects\JetEngine\boomsonic_v0\.venv\Lib\site-packages\openmdao\solvers\linesearch\backtracking.py:39: SolverWarning:'OD0.nozz.staticMN.ps_resid.Ps' exceeds lower bounds
  Val: [-0.00093186]
  Lower: [-0.0009009]

C:\Users\MEO\Desktop\Projects\JetEngine\boomsonic_v0\.venv\Lib\site-packages\openmdao\solvers\linesearch\backtracking.py:39: SolverWarning:'OD0.nozz.staticMN.ps_resid.area' exceeds lower bounds
  Val: [-2.24802579]
  Lower: [1.e-05]

C:\Users\MEO\Desktop\Projects\JetEngine\boomsonic_v0\.venv\Lib\site-packages\pycycle\thermo\static_ps_calc.py:32: RuntimeWarning: invalid value encountered in sqrt
  outputs['Vsonic'] = Vsonic = np.sqrt(inputs['gamma'] * inputs['R'] * inputs['Ts'])
C:\Users\MEO\Desktop\Projects\JetEngine\boomsonic_v0\.venv\Lib\site-packages\pycycle\thermo\static_ps_resid.py:128: RuntimeWarning: invalid value encountered in sqrt
  Vsonic = (i['gamma']*i['R']*i['Ts'])**0.5
C:\Users\MEO\Desktop\Projects\JetEngine\boomsonic_v0\.venv\Lib\site-packages\pycycle\thermo\static_ps_resid.py:94: RuntimeWarning: invalid value encountered in sqrt
  f2 = MN - inputs['W']*(R_UNIVERSAL_SI*inputs['Ts'])**0.5/(ps_guess*1.0e6*inputs['area']*gamt**0.5)
C:\Users\MEO\Desktop\Projects\JetEngine\boomsonic_v0\.venv\Lib\site-packages\pycycle\thermo\static_ps_resid.py:99: RuntimeWarning: The iteration is not making good progress, as measured by the 
 improvement from the last ten iterations.
  ps_guess, M_guess = fsolve(equations, (ps_guess, M_guess))
C:\Users\MEO\Desktop\Projects\JetEngine\boomsonic_v0\.venv\Lib\site-packages\openmdao\solvers\solver.py:819: SolverWarning:Your model has stalled three times and may be violating the bounds. In the future, turn on print_bound_enforce in your solver options here: 
OD0.comp.real_flow.nonlinear_solver.linesearch.options['print_bound_enforce']=True. 
The bound(s) being violated now are:

C:\Users\MEO\Desktop\Projects\JetEngine\boomsonic_v0\.venv\Lib\site-packages\openmdao\solvers\linesearch\backtracking.py:39: SolverWarning:'OD0.comp.real_flow.balance.T' exceeds lower bounds
  Val: [-1047.96831634]
  Lower: [150.]

C:\Users\MEO\Desktop\Projects\JetEngine\boomsonic_v0\.venv\Lib\site-packages\openmdao\solvers\solver.py:819: SolverWarning:Your model has stalled three times and may be violating the bounds. In the future, turn on print_bound_enforce in your solver options here: 
OD0.comp.out_stat.nonlinear_solver.linesearch.options['print_bound_enforce']=True. 
The bound(s) being violated now are:

C:\Users\MEO\Desktop\Projects\JetEngine\boomsonic_v0\.venv\Lib\site-packages\openmdao\solvers\linesearch\backtracking.py:39: SolverWarning:'OD0.comp.out_stat.balance.T' exceeds lower bounds
  Val: [-359.6270804]
  Lower: [150.]

C:\Users\MEO\Desktop\Projects\JetEngine\boomsonic_v0\.venv\Lib\site-packages\openmdao\solvers\linesearch\backtracking.py:39: SolverWarning:'OD0.comp.out_stat.ps_resid.Ps' exceeds lower bounds
  Val: [-0.00118413]
  Lower: [-0.0009009]

C:\Users\MEO\Desktop\Projects\JetEngine\boomsonic_v0\.venv\Lib\site-packages\openmdao\solvers\solver.py:819: SolverWarning:Your model has stalled three times and may be violating the bounds. In the future, turn on print_bound_enforce in your solver options here: 
OD0.burner.vitiated_flow.nonlinear_solver.linesearch.options['print_bound_enforce']=True. 
The bound(s) being violated now are:

C:\Users\MEO\Desktop\Projects\JetEngine\boomsonic_v0\.venv\Lib\site-packages\openmdao\solvers\linesearch\backtracking.py:35: SolverWarning:'OD0.burner.vitiated_flow.balance.T' exceeds upper bounds
  Val: [3700.07458832]
  Upper: [2500.]

C:\Users\MEO\Desktop\Projects\JetEngine\boomsonic_v0\.venv\Lib\site-packages\pycycle\thermo\static_ps_resid.py:128: RuntimeWarning: invalid value encountered in sqrt
  Vsonic = (i['gamma']*i['R']*i['Ts'])**0.5
C:\Users\MEO\Desktop\Projects\JetEngine\boomsonic_v0\.venv\Lib\site-packages\pycycle\thermo\static_ps_resid.py:94: RuntimeWarning: invalid value encountered in sqrt
  f2 = MN - inputs['W']*(R_UNIVERSAL_SI*inputs['Ts'])**0.5/(ps_guess*1.0e6*inputs['area']*gamt**0.5)
C:\Users\MEO\Desktop\Projects\JetEngine\boomsonic_v0\.venv\Lib\site-packages\pycycle\thermo\static_ps_resid.py:99: RuntimeWarning: The iteration is not making good progress, as measured by the 
 improvement from the last ten iterations.
  ps_guess, M_guess = fsolve(equations, (ps_guess, M_guess))
C:\Users\MEO\Desktop\Projects\JetEngine\boomsonic_v0\.venv\Lib\site-packages\openmdao\solvers\solver.py:819: SolverWarning:Your model has stalled three times and may be violating the bounds. In the future, turn on print_bound_enforce in your solver options here: 
OD0.nozz.staticMN.nonlinear_solver.linesearch.options['print_bound_enforce']=True. 
The bound(s) being violated now are:

C:\Users\MEO\Desktop\Projects\JetEngine\boomsonic_v0\.venv\Lib\site-packages\openmdao\solvers\linesearch\backtracking.py:39: SolverWarning:'OD0.nozz.staticMN.ps_resid.Ps' exceeds lower bounds
  Val: [-0.00093186]
  Lower: [-0.0009009]

C:\Users\MEO\Desktop\Projects\JetEngine\boomsonic_v0\.venv\Lib\site-packages\openmdao\solvers\linesearch\backtracking.py:39: SolverWarning:'OD0.nozz.staticMN.ps_resid.area' exceeds lower bounds
  Val: [-2.24802579]
  Lower: [1.e-05]

C:\Users\MEO\Desktop\Projects\JetEngine\boomsonic_v0\.venv\Lib\site-packages\pycycle\thermo\static_ps_calc.py:32: RuntimeWarning: invalid value encountered in sqrt
  outputs['Vsonic'] = Vsonic = np.sqrt(inputs['gamma'] * inputs['R'] * inputs['Ts'])
C:\Users\MEO\Desktop\Projects\JetEngine\boomsonic_v0\.venv\Lib\site-packages\pycycle\thermo\static_ps_resid.py:128: RuntimeWarning: invalid value encountered in sqrt
  Vsonic = (i['gamma']*i['R']*i['Ts'])**0.5
C:\Users\MEO\Desktop\Projects\JetEngine\boomsonic_v0\.venv\Lib\site-packages\pycycle\thermo\static_ps_resid.py:94: RuntimeWarning: invalid value encountered in sqrt
  f2 = MN - inputs['W']*(R_UNIVERSAL_SI*inputs['Ts'])**0.5/(ps_guess*1.0e6*inputs['area']*gamt**0.5)
C:\Users\MEO\Desktop\Projects\JetEngine\boomsonic_v0\.venv\Lib\site-packages\pycycle\thermo\static_ps_resid.py:99: RuntimeWarning: The iteration is not making good progress, as measured by the 
 improvement from the last ten iterations.
  ps_guess, M_guess = fsolve(equations, (ps_guess, M_guess))
C:\Users\MEO\Desktop\Projects\JetEngine\boomsonic_v0\.venv\Lib\site-packages\openmdao\solvers\solver.py:819: SolverWarning:Your model has stalled three times and may be violating the bounds. In the future, turn on print_bound_enforce in your solver options here: 
OD0.comp.real_flow.nonlinear_solver.linesearch.options['print_bound_enforce']=True. 
The bound(s) being violated now are:

C:\Users\MEO\Desktop\Projects\JetEngine\boomsonic_v0\.venv\Lib\site-packages\openmdao\solvers\linesearch\backtracking.py:39: SolverWarning:'OD0.comp.real_flow.balance.T' exceeds lower bounds
  Val: [-1047.96831634]
  Lower: [150.]

C:\Users\MEO\Desktop\Projects\JetEngine\boomsonic_v0\.venv\Lib\site-packages\openmdao\solvers\solver.py:819: SolverWarning:Your model has stalled three times and may be violating the bounds. In the future, turn on print_bound_enforce in your solver options here: 
OD0.comp.out_stat.nonlinear_solver.linesearch.options['print_bound_enforce']=True. 
The bound(s) being violated now are:

C:\Users\MEO\Desktop\Projects\JetEngine\boomsonic_v0\.venv\Lib\site-packages\openmdao\solvers\linesearch\backtracking.py:39: SolverWarning:'OD0.comp.out_stat.balance.T' exceeds lower bounds
  Val: [-359.6270804]
  Lower: [150.]

C:\Users\MEO\Desktop\Projects\JetEngine\boomsonic_v0\.venv\Lib\site-packages\openmdao\solvers\linesearch\backtracking.py:39: SolverWarning:'OD0.comp.out_stat.ps_resid.Ps' exceeds lower bounds
  Val: [-0.00118413]
  Lower: [-0.0009009]

C:\Users\MEO\Desktop\Projects\JetEngine\boomsonic_v0\.venv\Lib\site-packages\openmdao\solvers\solver.py:819: SolverWarning:Your model has stalled three times and may be violating the bounds. In the future, turn on print_bound_enforce in your solver options here: 
OD0.burner.vitiated_flow.nonlinear_solver.linesearch.options['print_bound_enforce']=True. 
The bound(s) being violated now are:

C:\Users\MEO\Desktop\Projects\JetEngine\boomsonic_v0\.venv\Lib\site-packages\openmdao\solvers\linesearch\backtracking.py:35: SolverWarning:'OD0.burner.vitiated_flow.balance.T' exceeds upper bounds
  Val: [3700.07458832]
  Upper: [2500.]

C:\Users\MEO\Desktop\Projects\JetEngine\boomsonic_v0\.venv\Lib\site-packages\pycycle\thermo\static_ps_resid.py:128: RuntimeWarning: invalid value encountered in sqrt
  Vsonic = (i['gamma']*i['R']*i['Ts'])**0.5
C:\Users\MEO\Desktop\Projects\JetEngine\boomsonic_v0\.venv\Lib\site-packages\pycycle\thermo\static_ps_resid.py:94: RuntimeWarning: invalid value encountered in sqrt
  f2 = MN - inputs['W']*(R_UNIVERSAL_SI*inputs['Ts'])**0.5/(ps_guess*1.0e6*inputs['area']*gamt**0.5)
C:\Users\MEO\Desktop\Projects\JetEngine\boomsonic_v0\.venv\Lib\site-packages\pycycle\thermo\static_ps_resid.py:99: RuntimeWarning: The iteration is not making good progress, as measured by the 
 improvement from the last ten iterations.
  ps_guess, M_guess = fsolve(equations, (ps_guess, M_guess))
C:\Users\MEO\Desktop\Projects\JetEngine\boomsonic_v0\.venv\Lib\site-packages\openmdao\solvers\solver.py:819: SolverWarning:Your model has stalled three times and may be violating the bounds. In the future, turn on print_bound_enforce in your solver options here: 
OD0.nozz.staticMN.nonlinear_solver.linesearch.options['print_bound_enforce']=True. 
The bound(s) being violated now are:

C:\Users\MEO\Desktop\Projects\JetEngine\boomsonic_v0\.venv\Lib\site-packages\openmdao\solvers\linesearch\backtracking.py:39: SolverWarning:'OD0.nozz.staticMN.ps_resid.Ps' exceeds lower bounds
  Val: [-0.00093186]
  Lower: [-0.0009009]

C:\Users\MEO\Desktop\Projects\JetEngine\boomsonic_v0\.venv\Lib\site-packages\openmdao\solvers\linesearch\backtracking.py:39: SolverWarning:'OD0.nozz.staticMN.ps_resid.area' exceeds lower bounds
  Val: [-2.24802579]
  Lower: [1.e-05]

C:\Users\MEO\Desktop\Projects\JetEngine\boomsonic_v0\.venv\Lib\site-packages\pycycle\thermo\static_ps_calc.py:32: RuntimeWarning: invalid value encountered in sqrt
  outputs['Vsonic'] = Vsonic = np.sqrt(inputs['gamma'] * inputs['R'] * inputs['Ts'])
C:\Users\MEO\Desktop\Projects\JetEngine\boomsonic_v0\.venv\Lib\site-packages\pycycle\thermo\static_ps_resid.py:128: RuntimeWarning: invalid value encountered in sqrt
  Vsonic = (i['gamma']*i['R']*i['Ts'])**0.5
C:\Users\MEO\Desktop\Projects\JetEngine\boomsonic_v0\.venv\Lib\site-packages\pycycle\thermo\static_ps_resid.py:94: RuntimeWarning: invalid value encountered in sqrt
  f2 = MN - inputs['W']*(R_UNIVERSAL_SI*inputs['Ts'])**0.5/(ps_guess*1.0e6*inputs['area']*gamt**0.5)
C:\Users\MEO\Desktop\Projects\JetEngine\boomsonic_v0\.venv\Lib\site-packages\pycycle\thermo\static_ps_resid.py:99: RuntimeWarning: The iteration is not making good progress, as measured by the 
 improvement from the last ten iterations.
  ps_guess, M_guess = fsolve(equations, (ps_guess, M_guess))
C:\Users\MEO\Desktop\Projects\JetEngine\boomsonic_v0\.venv\Lib\site-packages\openmdao\solvers\solver.py:819: SolverWarning:Your model has stalled three times and may be violating the bounds. In the future, turn on print_bound_enforce in your solver options here: 
OD0.comp.real_flow.nonlinear_solver.linesearch.options['print_bound_enforce']=True. 
The bound(s) being violated now are:

C:\Users\MEO\Desktop\Projects\JetEngine\boomsonic_v0\.venv\Lib\site-packages\openmdao\solvers\linesearch\backtracking.py:39: SolverWarning:'OD0.comp.real_flow.balance.T' exceeds lower bounds
  Val: [-1047.96831634]
  Lower: [150.]

C:\Users\MEO\Desktop\Projects\JetEngine\boomsonic_v0\.venv\Lib\site-packages\openmdao\solvers\solver.py:819: SolverWarning:Your model has stalled three times and may be violating the bounds. In the future, turn on print_bound_enforce in your solver options here: 
OD0.comp.out_stat.nonlinear_solver.linesearch.options['print_bound_enforce']=True. 
The bound(s) being violated now are:

C:\Users\MEO\Desktop\Projects\JetEngine\boomsonic_v0\.venv\Lib\site-packages\openmdao\solvers\linesearch\backtracking.py:39: SolverWarning:'OD0.comp.out_stat.balance.T' exceeds lower bounds
  Val: [-359.6270804]
  Lower: [150.]

C:\Users\MEO\Desktop\Projects\JetEngine\boomsonic_v0\.venv\Lib\site-packages\openmdao\solvers\linesearch\backtracking.py:39: SolverWarning:'OD0.comp.out_stat.ps_resid.Ps' exceeds lower bounds
  Val: [-0.00118413]
  Lower: [-0.0009009]

C:\Users\MEO\Desktop\Projects\JetEngine\boomsonic_v0\.venv\Lib\site-packages\openmdao\solvers\solver.py:819: SolverWarning:Your model has stalled three times and may be violating the bounds. In the future, turn on print_bound_enforce in your solver options here: 
OD0.burner.vitiated_flow.nonlinear_solver.linesearch.options['print_bound_enforce']=True. 
The bound(s) being violated now are:

C:\Users\MEO\Desktop\Projects\JetEngine\boomsonic_v0\.venv\Lib\site-packages\openmdao\solvers\linesearch\backtracking.py:35: SolverWarning:'OD0.burner.vitiated_flow.balance.T' exceeds upper bounds
  Val: [3700.07458832]
  Upper: [2500.]

C:\Users\MEO\Desktop\Projects\JetEngine\boomsonic_v0\.venv\Lib\site-packages\pycycle\thermo\static_ps_resid.py:128: RuntimeWarning: invalid value encountered in sqrt
  Vsonic = (i['gamma']*i['R']*i['Ts'])**0.5
C:\Users\MEO\Desktop\Projects\JetEngine\boomsonic_v0\.venv\Lib\site-packages\pycycle\thermo\static_ps_resid.py:94: RuntimeWarning: invalid value encountered in sqrt
  f2 = MN - inputs['W']*(R_UNIVERSAL_SI*inputs['Ts'])**0.5/(ps_guess*1.0e6*inputs['area']*gamt**0.5)
C:\Users\MEO\Desktop\Projects\JetEngine\boomsonic_v0\.venv\Lib\site-packages\pycycle\thermo\static_ps_resid.py:99: RuntimeWarning: The iteration is not making good progress, as measured by the 
 improvement from the last ten iterations.
  ps_guess, M_guess = fsolve(equations, (ps_guess, M_guess))
C:\Users\MEO\Desktop\Projects\JetEngine\boomsonic_v0\.venv\Lib\site-packages\openmdao\solvers\solver.py:819: SolverWarning:Your model has stalled three times and may be violating the bounds. In the future, turn on print_bound_enforce in your solver options here: 
OD0.nozz.staticMN.nonlinear_solver.linesearch.options['print_bound_enforce']=True. 
The bound(s) being violated now are:

C:\Users\MEO\Desktop\Projects\JetEngine\boomsonic_v0\.venv\Lib\site-packages\openmdao\solvers\linesearch\backtracking.py:39: SolverWarning:'OD0.nozz.staticMN.ps_resid.Ps' exceeds lower bounds
  Val: [-0.00093186]
  Lower: [-0.0009009]

C:\Users\MEO\Desktop\Projects\JetEngine\boomsonic_v0\.venv\Lib\site-packages\openmdao\solvers\linesearch\backtracking.py:39: SolverWarning:'OD0.nozz.staticMN.ps_resid.area' exceeds lower bounds
  Val: [-2.24802579]
  Lower: [1.e-05]

C:\Users\MEO\Desktop\Projects\JetEngine\boomsonic_v0\.venv\Lib\site-packages\pycycle\thermo\static_ps_calc.py:32: RuntimeWarning: invalid value encountered in sqrt
  outputs['Vsonic'] = Vsonic = np.sqrt(inputs['gamma'] * inputs['R'] * inputs['Ts'])
C:\Users\MEO\Desktop\Projects\JetEngine\boomsonic_v0\.venv\Lib\site-packages\pycycle\thermo\static_ps_resid.py:128: RuntimeWarning: invalid value encountered in sqrt
  Vsonic = (i['gamma']*i['R']*i['Ts'])**0.5
C:\Users\MEO\Desktop\Projects\JetEngine\boomsonic_v0\.venv\Lib\site-packages\pycycle\thermo\static_ps_resid.py:94: RuntimeWarning: invalid value encountered in sqrt
  f2 = MN - inputs['W']*(R_UNIVERSAL_SI*inputs['Ts'])**0.5/(ps_guess*1.0e6*inputs['area']*gamt**0.5)
C:\Users\MEO\Desktop\Projects\JetEngine\boomsonic_v0\.venv\Lib\site-packages\pycycle\thermo\static_ps_resid.py:99: RuntimeWarning: The iteration is not making good progress, as measured by the 
 improvement from the last ten iterations.
  ps_guess, M_guess = fsolve(equations, (ps_guess, M_guess))
C:\Users\MEO\Desktop\Projects\JetEngine\boomsonic_v0\.venv\Lib\site-packages\pycycle\thermo\static_ps_resid.py:128: RuntimeWarning: invalid value encountered in sqrt
  Vsonic = (i['gamma']*i['R']*i['Ts'])**0.5
C:\Users\MEO\Desktop\Projects\JetEngine\boomsonic_v0\.venv\Lib\site-packages\pycycle\thermo\static_ps_resid.py:128: RuntimeWarning: invalid value encountered in sqrt
  Vsonic = (i['gamma']*i['R']*i['Ts'])**0.5
C:\Users\MEO\Desktop\Projects\JetEngine\boomsonic_v0\.venv\Lib\site-packages\pycycle\elements\turbine.py:40: RuntimeWarning: invalid value encountered in sqrt
  outputs['Wp'] = inputs['W_in'] * inputs['Tt']**0.5 / inputs['Pt']
C:\Users\MEO\Desktop\Projects\JetEngine\boomsonic_v0\.venv\Lib\site-packages\pycycle\elements\turbine.py:41: RuntimeWarning: invalid value encountered in power
  outputs['Np'] = inputs['Nmech'] * inputs['Tt']**-0.5
C:\Users\MEO\Desktop\Projects\JetEngine\boomsonic_v0\.venv\Lib\site-packages\pycycle\elements\turbine.py:89: RuntimeWarning: invalid value encountered in log
  outputs['eff_poly'] = 1 + (S_out-S_in)/(Rt*np.log(invPR))
C:\Users\MEO\Desktop\Projects\JetEngine\boomsonic_v0\.venv\Lib\site-packages\openmdao\solvers\solver.py:819: SolverWarning:Your model has stalled three times and may be violating the bounds. In the future, turn on print_bound_enforce in your solver options here: 
OD0.burner.vitiated_flow.nonlinear_solver.linesearch.options['print_bound_enforce']=True. 
The bound(s) being violated now are:

C:\Users\MEO\Desktop\Projects\JetEngine\boomsonic_v0\.venv\Lib\site-packages\openmdao\solvers\linesearch\backtracking.py:35: SolverWarning:'OD0.burner.vitiated_flow.balance.T' exceeds upper bounds
  Val: [3248.32446679]
  Upper: [2500.]

C:\Users\MEO\Desktop\Projects\JetEngine\boomsonic_v0\.venv\Lib\site-packages\openmdao\solvers\solver.py:819: SolverWarning:Your model has stalled three times and may be violating the bounds. In the future, turn on print_bound_enforce in your solver options here: 
OD0.burner.out_stat.nonlinear_solver.linesearch.options['print_bound_enforce']=True. 
The bound(s) being violated now are:

C:\Users\MEO\Desktop\Projects\JetEngine\boomsonic_v0\.venv\Lib\site-packages\openmdao\solvers\linesearch\backtracking.py:35: SolverWarning:'OD0.burner.out_stat.balance.T' exceeds upper bounds
  Val: [6975.84539944]
  Upper: [2500.]

C:\Users\MEO\Desktop\Projects\JetEngine\boomsonic_v0\.venv\Lib\site-packages\openmdao\solvers\linesearch\backtracking.py:39: SolverWarning:'OD0.burner.out_stat.ps_resid.MN' exceeds lower bounds
  Val: [-3.39903911e-05]
  Lower: [0.001]

C:\Users\MEO\Desktop\Projects\JetEngine\boomsonic_v0\.venv\Lib\site-packages\openmdao\solvers\solver.py:819: SolverWarning:Your model has stalled three times and may be violating the bounds. In the future, turn on print_bound_enforce in your solver options here: 
OD0.turb.real_flow_b4bld.nonlinear_solver.linesearch.options['print_bound_enforce']=True. 
The bound(s) being violated now are:

C:\Users\MEO\Desktop\Projects\JetEngine\boomsonic_v0\.venv\Lib\site-packages\openmdao\solvers\linesearch\backtracking.py:35: SolverWarning:'OD0.turb.real_flow_b4bld.balance.T' exceeds upper bounds
  Val: [2741.49477228]
  Upper: [2500.]

C:\Users\MEO\Desktop\Projects\JetEngine\boomsonic_v0\.venv\Lib\site-packages\openmdao\solvers\solver.py:819: SolverWarning:Your model has stalled three times and may be violating the bounds. In the future, turn on print_bound_enforce in your solver options here: 
OD0.turb.real_flow.nonlinear_solver.linesearch.options['print_bound_enforce']=True. 
The bound(s) being violated now are:

C:\Users\MEO\Desktop\Projects\JetEngine\boomsonic_v0\.venv\Lib\site-packages\openmdao\solvers\linesearch\backtracking.py:35: SolverWarning:'OD0.turb.real_flow.balance.T' exceeds upper bounds
  Val: [2741.49477228]
  Upper: [2500.]

C:\Users\MEO\Desktop\Projects\JetEngine\boomsonic_v0\.venv\Lib\site-packages\openmdao\solvers\solver.py:819: SolverWarning:Your model has stalled three times and may be violating the bounds. In the future, turn on print_bound_enforce in your solver options here: 
OD0.turb.out_stat.nonlinear_solver.linesearch.options['print_bound_enforce']=True. 
The bound(s) being violated now are:

C:\Users\MEO\Desktop\Projects\JetEngine\boomsonic_v0\.venv\Lib\site-packages\openmdao\solvers\linesearch\backtracking.py:35: SolverWarning:'OD0.turb.out_stat.balance.T' exceeds upper bounds
  Val: [3116.6409916]
  Upper: [2500.]

C:\Users\MEO\Desktop\Projects\JetEngine\boomsonic_v0\.venv\Lib\site-packages\openmdao\solvers\solver.py:819: SolverWarning:Your model has stalled three times and may be violating the bounds. In the future, turn on print_bound_enforce in your solver options here: 
OD0.nozz.throat_total.nonlinear_solver.linesearch.options['print_bound_enforce']=True. 
The bound(s) being violated now are:

C:\Users\MEO\Desktop\Projects\JetEngine\boomsonic_v0\.venv\Lib\site-packages\openmdao\solvers\linesearch\backtracking.py:35: SolverWarning:'OD0.nozz.throat_total.balance.T' exceeds upper bounds
  Val: [2741.49477228]
  Upper: [2500.]

C:\Users\MEO\Desktop\Projects\JetEngine\boomsonic_v0\.venv\Lib\site-packages\openmdao\solvers\solver.py:819: SolverWarning:Your model has stalled three times and may be violating the bounds. In the future, turn on print_bound_enforce in your solver options here: 
OD0.nozz.staticMN.nonlinear_solver.linesearch.options['print_bound_enforce']=True. 
The bound(s) being violated now are:

C:\Users\MEO\Desktop\Projects\JetEngine\boomsonic_v0\.venv\Lib\site-packages\openmdao\solvers\linesearch\backtracking.py:35: SolverWarning:'OD0.nozz.staticMN.balance.T' exceeds upper bounds
  Val: [2911.2309172]
  Upper: [2500.]

C:\Users\MEO\Desktop\Projects\JetEngine\boomsonic_v0\.venv\Lib\site-packages\pycycle\thermo\static_ps_resid.py:128: RuntimeWarning: invalid value encountered in sqrt
  Vsonic = (i['gamma']*i['R']*i['Ts'])**0.5
C:\Users\MEO\Desktop\Projects\JetEngine\boomsonic_v0\.venv\Lib\site-packages\pycycle\thermo\static_ps_resid.py:108: RuntimeWarning: invalid value encountered in sqrt
  Vsonic = (i['gamma']*i['R']*i['Ts'])**0.5
C:\Users\MEO\Desktop\Projects\JetEngine\boomsonic_v0\.venv\Lib\site-packages\openmdao\solvers\solver.py:819: SolverWarning:Your model has stalled three times and may be violating the bounds. In the future, turn on print_bound_enforce in your solver options here: 
OD0.burner.vitiated_flow.nonlinear_solver.linesearch.options['print_bound_enforce']=True. 
The bound(s) being violated now are:

C:\Users\MEO\Desktop\Projects\JetEngine\boomsonic_v0\.venv\Lib\site-packages\openmdao\solvers\linesearch\backtracking.py:35: SolverWarning:'OD0.burner.vitiated_flow.balance.T' exceeds upper bounds
  Val: [3728.0797947]
  Upper: [2500.]

C:\Users\MEO\Desktop\Projects\JetEngine\boomsonic_v0\.venv\Lib\site-packages\pycycle\thermo\static_ps_resid.py:128: RuntimeWarning: invalid value encountered in sqrt
  Vsonic = (i['gamma']*i['R']*i['Ts'])**0.5
C:\Users\MEO\Desktop\Projects\JetEngine\boomsonic_v0\.venv\Lib\site-packages\pycycle\thermo\static_ps_resid.py:128: RuntimeWarning: invalid value encountered in sqrt
  Vsonic = (i['gamma']*i['R']*i['Ts'])**0.5
C:\Users\MEO\Desktop\Projects\JetEngine\boomsonic_v0\.venv\Lib\site-packages\pycycle\thermo\static_ps_resid.py:128: RuntimeWarning: invalid value encountered in sqrt
  Vsonic = (i['gamma']*i['R']*i['Ts'])**0.5
C:\Users\MEO\Desktop\Projects\JetEngine\boomsonic_v0\.venv\Lib\site-packages\pycycle\thermo\static_ps_resid.py:128: RuntimeWarning: invalid value encountered in sqrt
  Vsonic = (i['gamma']*i['R']*i['Ts'])**0.5
C:\Users\MEO\Desktop\Projects\JetEngine\boomsonic_v0\.venv\Lib\site-packages\pycycle\thermo\static_ps_resid.py:128: RuntimeWarning: invalid value encountered in sqrt
  Vsonic = (i['gamma']*i['R']*i['Ts'])**0.5
C:\Users\MEO\Desktop\Projects\JetEngine\boomsonic_v0\.venv\Lib\site-packages\pycycle\thermo\static_ps_resid.py:128: RuntimeWarning: invalid value encountered in sqrt
  Vsonic = (i['gamma']*i['R']*i['Ts'])**0.5
C:\Users\MEO\Desktop\Projects\JetEngine\boomsonic_v0\.venv\Lib\site-packages\pycycle\thermo\static_ps_resid.py:128: RuntimeWarning: invalid value encountered in sqrt
  Vsonic = (i['gamma']*i['R']*i['Ts'])**0.5
C:\Users\MEO\Desktop\Projects\JetEngine\boomsonic_v0\.venv\Lib\site-packages\openmdao\solvers\solver.py:819: SolverWarning:Your model has stalled three times and may be violating the bounds. In the future, turn on print_bound_enforce in your solver options here: 
OD0.turb.real_flow_b4bld.nonlinear_solver.linesearch.options['print_bound_enforce']=True. 
The bound(s) being violated now are:

C:\Users\MEO\Desktop\Projects\JetEngine\boomsonic_v0\.venv\Lib\site-packages\openmdao\solvers\linesearch\backtracking.py:35: SolverWarning:'OD0.turb.real_flow_b4bld.balance.T' exceeds upper bounds
  Val: [3138.582338]
  Upper: [2500.]

C:\Users\MEO\Desktop\Projects\JetEngine\boomsonic_v0\.venv\Lib\site-packages\openmdao\solvers\solver.py:819: SolverWarning:Your model has stalled three times and may be violating the bounds. In the future, turn on print_bound_enforce in your solver options here: 
OD0.turb.real_flow.nonlinear_solver.linesearch.options['print_bound_enforce']=True. 
The bound(s) being violated now are:

C:\Users\MEO\Desktop\Projects\JetEngine\boomsonic_v0\.venv\Lib\site-packages\openmdao\solvers\linesearch\backtracking.py:35: SolverWarning:'OD0.turb.real_flow.balance.T' exceeds upper bounds
  Val: [3138.582338]
  Upper: [2500.]

C:\Users\MEO\Desktop\Projects\JetEngine\boomsonic_v0\.venv\Lib\site-packages\pycycle\thermo\static_ps_resid.py:128: RuntimeWarning: invalid value encountered in sqrt
  Vsonic = (i['gamma']*i['R']*i['Ts'])**0.5
C:\Users\MEO\Desktop\Projects\JetEngine\boomsonic_v0\.venv\Lib\site-packages\openmdao\solvers\solver.py:819: SolverWarning:Your model has stalled three times and may be violating the bounds. In the future, turn on print_bound_enforce in your solver options here: 
OD0.turb.out_stat.nonlinear_solver.linesearch.options['print_bound_enforce']=True. 
The bound(s) being violated now are:

C:\Users\MEO\Desktop\Projects\JetEngine\boomsonic_v0\.venv\Lib\site-packages\openmdao\solvers\linesearch\backtracking.py:35: SolverWarning:'OD0.turb.out_stat.balance.T' exceeds upper bounds
  Val: [2534.45919619]
  Upper: [2500.]

C:\Users\MEO\Desktop\Projects\JetEngine\boomsonic_v0\.venv\Lib\site-packages\openmdao\solvers\solver.py:819: SolverWarning:Your model has stalled three times and may be violating the bounds. In the future, turn on print_bound_enforce in your solver options here: 
OD0.nozz.throat_total.nonlinear_solver.linesearch.options['print_bound_enforce']=True. 
The bound(s) being violated now are:

C:\Users\MEO\Desktop\Projects\JetEngine\boomsonic_v0\.venv\Lib\site-packages\openmdao\solvers\linesearch\backtracking.py:35: SolverWarning:'OD0.nozz.throat_total.balance.T' exceeds upper bounds
  Val: [3138.582338]
  Upper: [2500.]

C:\Users\MEO\Desktop\Projects\JetEngine\boomsonic_v0\.venv\Lib\site-packages\pycycle\thermo\static_ps_resid.py:108: RuntimeWarning: invalid value encountered in sqrt
  Vsonic = (i['gamma']*i['R']*i['Ts'])**0.5
C:\Users\MEO\Desktop\Projects\JetEngine\boomsonic_v0\.venv\Lib\site-packages\pycycle\thermo\static_ps_resid.py:108: RuntimeWarning: invalid value encountered in sqrt
  Vsonic = (i['gamma']*i['R']*i['Ts'])**0.5
C:\Users\MEO\Desktop\Projects\JetEngine\boomsonic_v0\.venv\Lib\site-packages\pycycle\thermo\static_ps_resid.py:108: RuntimeWarning: invalid value encountered in sqrt
  Vsonic = (i['gamma']*i['R']*i['Ts'])**0.5
C:\Users\MEO\Desktop\Projects\JetEngine\boomsonic_v0\.venv\Lib\site-packages\pycycle\thermo\static_ps_resid.py:108: RuntimeWarning: invalid value encountered in sqrt
  Vsonic = (i['gamma']*i['R']*i['Ts'])**0.5
C:\Users\MEO\Desktop\Projects\JetEngine\boomsonic_v0\.venv\Lib\site-packages\pycycle\thermo\static_ps_resid.py:108: RuntimeWarning: invalid value encountered in sqrt
  Vsonic = (i['gamma']*i['R']*i['Ts'])**0.5
C:\Users\MEO\Desktop\Projects\JetEngine\boomsonic_v0\.venv\Lib\site-packages\pycycle\thermo\static_ps_resid.py:108: RuntimeWarning: invalid value encountered in sqrt
  Vsonic = (i['gamma']*i['R']*i['Ts'])**0.5
C:\Users\MEO\Desktop\Projects\JetEngine\boomsonic_v0\.venv\Lib\site-packages\pycycle\thermo\static_ps_resid.py:128: RuntimeWarning: invalid value encountered in sqrt
  Vsonic = (i['gamma']*i['R']*i['Ts'])**0.5
C:\Users\MEO\Desktop\Projects\JetEngine\boomsonic_v0\.venv\Lib\site-packages\pycycle\thermo\static_ps_resid.py:108: RuntimeWarning: invalid value encountered in sqrt
  Vsonic = (i['gamma']*i['R']*i['Ts'])**0.5
C:\Users\MEO\Desktop\Projects\JetEngine\boomsonic_v0\.venv\Lib\site-packages\openmdao\solvers\solver.py:819: SolverWarning:Your model has stalled three times and may be violating the bounds. In the future, turn on print_bound_enforce in your solver options here: 
OD0.burner.vitiated_flow.nonlinear_solver.linesearch.options['print_bound_enforce']=True. 
The bound(s) being violated now are:

C:\Users\MEO\Desktop\Projects\JetEngine\boomsonic_v0\.venv\Lib\site-packages\openmdao\solvers\linesearch\backtracking.py:35: SolverWarning:'OD0.burner.vitiated_flow.balance.T' exceeds upper bounds
  Val: [3728.0797947]
  Upper: [2500.]

C:\Users\MEO\Desktop\Projects\JetEngine\boomsonic_v0\.venv\Lib\site-packages\pycycle\thermo\static_ps_resid.py:128: RuntimeWarning: invalid value encountered in sqrt
  Vsonic = (i['gamma']*i['R']*i['Ts'])**0.5
C:\Users\MEO\Desktop\Projects\JetEngine\boomsonic_v0\.venv\Lib\site-packages\pycycle\thermo\static_ps_resid.py:128: RuntimeWarning: invalid value encountered in sqrt
  Vsonic = (i['gamma']*i['R']*i['Ts'])**0.5
C:\Users\MEO\Desktop\Projects\JetEngine\boomsonic_v0\.venv\Lib\site-packages\pycycle\thermo\static_ps_resid.py:128: RuntimeWarning: invalid value encountered in sqrt
  Vsonic = (i['gamma']*i['R']*i['Ts'])**0.5
C:\Users\MEO\Desktop\Projects\JetEngine\boomsonic_v0\.venv\Lib\site-packages\pycycle\thermo\static_ps_resid.py:128: RuntimeWarning: invalid value encountered in sqrt
  Vsonic = (i['gamma']*i['R']*i['Ts'])**0.5
C:\Users\MEO\Desktop\Projects\JetEngine\boomsonic_v0\.venv\Lib\site-packages\pycycle\thermo\static_ps_resid.py:128: RuntimeWarning: invalid value encountered in sqrt
  Vsonic = (i['gamma']*i['R']*i['Ts'])**0.5
C:\Users\MEO\Desktop\Projects\JetEngine\boomsonic_v0\.venv\Lib\site-packages\pycycle\thermo\static_ps_resid.py:128: RuntimeWarning: invalid value encountered in sqrt
  Vsonic = (i['gamma']*i['R']*i['Ts'])**0.5
C:\Users\MEO\Desktop\Projects\JetEngine\boomsonic_v0\.venv\Lib\site-packages\pycycle\thermo\static_ps_resid.py:128: RuntimeWarning: invalid value encountered in sqrt
  Vsonic = (i['gamma']*i['R']*i['Ts'])**0.5
C:\Users\MEO\Desktop\Projects\JetEngine\boomsonic_v0\.venv\Lib\site-packages\openmdao\solvers\solver.py:819: SolverWarning:Your model has stalled three times and may be violating the bounds. In the future, turn on print_bound_enforce in your solver options here: 
OD0.turb.real_flow_b4bld.nonlinear_solver.linesearch.options['print_bound_enforce']=True. 
The bound(s) being violated now are:

C:\Users\MEO\Desktop\Projects\JetEngine\boomsonic_v0\.venv\Lib\site-packages\openmdao\solvers\linesearch\backtracking.py:35: SolverWarning:'OD0.turb.real_flow_b4bld.balance.T' exceeds upper bounds
  Val: [3138.582338]
  Upper: [2500.]

C:\Users\MEO\Desktop\Projects\JetEngine\boomsonic_v0\.venv\Lib\site-packages\openmdao\solvers\solver.py:819: SolverWarning:Your model has stalled three times and may be violating the bounds. In the future, turn on print_bound_enforce in your solver options here: 
OD0.turb.real_flow.nonlinear_solver.linesearch.options['print_bound_enforce']=True. 
The bound(s) being violated now are:

C:\Users\MEO\Desktop\Projects\JetEngine\boomsonic_v0\.venv\Lib\site-packages\openmdao\solvers\linesearch\backtracking.py:35: SolverWarning:'OD0.turb.real_flow.balance.T' exceeds upper bounds
  Val: [3138.582338]
  Upper: [2500.]

C:\Users\MEO\Desktop\Projects\JetEngine\boomsonic_v0\.venv\Lib\site-packages\openmdao\solvers\solver.py:819: SolverWarning:Your model has stalled three times and may be violating the bounds. In the future, turn on print_bound_enforce in your solver options here: 
OD0.turb.out_stat.nonlinear_solver.linesearch.options['print_bound_enforce']=True. 
The bound(s) being violated now are:

C:\Users\MEO\Desktop\Projects\JetEngine\boomsonic_v0\.venv\Lib\site-packages\openmdao\solvers\linesearch\backtracking.py:35: SolverWarning:'OD0.turb.out_stat.balance.T' exceeds upper bounds
  Val: [2534.45919619]
  Upper: [2500.]

C:\Users\MEO\Desktop\Projects\JetEngine\boomsonic_v0\.venv\Lib\site-packages\openmdao\solvers\solver.py:819: SolverWarning:Your model has stalled three times and may be violating the bounds. In the future, turn on print_bound_enforce in your solver options here: 
OD0.nozz.throat_total.nonlinear_solver.linesearch.options['print_bound_enforce']=True. 
The bound(s) being violated now are:

C:\Users\MEO\Desktop\Projects\JetEngine\boomsonic_v0\.venv\Lib\site-packages\openmdao\solvers\linesearch\backtracking.py:35: SolverWarning:'OD0.nozz.throat_total.balance.T' exceeds upper bounds
  Val: [3138.582338]
  Upper: [2500.]

C:\Users\MEO\Desktop\Projects\JetEngine\boomsonic_v0\.venv\Lib\site-packages\pycycle\thermo\static_ps_resid.py:108: RuntimeWarning: invalid value encountered in sqrt
  Vsonic = (i['gamma']*i['R']*i['Ts'])**0.5
C:\Users\MEO\Desktop\Projects\JetEngine\boomsonic_v0\.venv\Lib\site-packages\pycycle\thermo\static_ps_resid.py:108: RuntimeWarning: invalid value encountered in sqrt
  Vsonic = (i['gamma']*i['R']*i['Ts'])**0.5
C:\Users\MEO\Desktop\Projects\JetEngine\boomsonic_v0\.venv\Lib\site-packages\pycycle\thermo\static_ps_resid.py:108: RuntimeWarning: invalid value encountered in sqrt
  Vsonic = (i['gamma']*i['R']*i['Ts'])**0.5
C:\Users\MEO\Desktop\Projects\JetEngine\boomsonic_v0\.venv\Lib\site-packages\pycycle\thermo\static_ps_resid.py:108: RuntimeWarning: invalid value encountered in sqrt
  Vsonic = (i['gamma']*i['R']*i['Ts'])**0.5
C:\Users\MEO\Desktop\Projects\JetEngine\boomsonic_v0\.venv\Lib\site-packages\pycycle\thermo\static_ps_resid.py:108: RuntimeWarning: invalid value encountered in sqrt
  Vsonic = (i['gamma']*i['R']*i['Ts'])**0.5
C:\Users\MEO\Desktop\Projects\JetEngine\boomsonic_v0\.venv\Lib\site-packages\pycycle\thermo\static_ps_resid.py:128: RuntimeWarning: invalid value encountered in sqrt
  Vsonic = (i['gamma']*i['R']*i['Ts'])**0.5
C:\Users\MEO\Desktop\Projects\JetEngine\boomsonic_v0\.venv\Lib\site-packages\openmdao\solvers\solver.py:819: SolverWarning:Your model has stalled three times and may be violating the bounds. In the future, turn on print_bound_enforce in your solver options here: 
OD0.burner.vitiated_flow.nonlinear_solver.linesearch.options['print_bound_enforce']=True. 
The bound(s) being violated now are:

C:\Users\MEO\Desktop\Projects\JetEngine\boomsonic_v0\.venv\Lib\site-packages\openmdao\solvers\linesearch\backtracking.py:35: SolverWarning:'OD0.burner.vitiated_flow.balance.T' exceeds upper bounds
  Val: [3728.0797947]
  Upper: [2500.]

C:\Users\MEO\Desktop\Projects\JetEngine\boomsonic_v0\.venv\Lib\site-packages\pycycle\thermo\static_ps_resid.py:128: RuntimeWarning: invalid value encountered in sqrt
  Vsonic = (i['gamma']*i['R']*i['Ts'])**0.5
C:\Users\MEO\Desktop\Projects\JetEngine\boomsonic_v0\.venv\Lib\site-packages\pycycle\thermo\static_ps_resid.py:128: RuntimeWarning: invalid value encountered in sqrt
  Vsonic = (i['gamma']*i['R']*i['Ts'])**0.5
C:\Users\MEO\Desktop\Projects\JetEngine\boomsonic_v0\.venv\Lib\site-packages\pycycle\thermo\static_ps_resid.py:128: RuntimeWarning: invalid value encountered in sqrt
  Vsonic = (i['gamma']*i['R']*i['Ts'])**0.5
C:\Users\MEO\Desktop\Projects\JetEngine\boomsonic_v0\.venv\Lib\site-packages\pycycle\thermo\static_ps_resid.py:128: RuntimeWarning: invalid value encountered in sqrt
  Vsonic = (i['gamma']*i['R']*i['Ts'])**0.5
C:\Users\MEO\Desktop\Projects\JetEngine\boomsonic_v0\.venv\Lib\site-packages\pycycle\thermo\static_ps_resid.py:128: RuntimeWarning: invalid value encountered in sqrt
  Vsonic = (i['gamma']*i['R']*i['Ts'])**0.5
C:\Users\MEO\Desktop\Projects\JetEngine\boomsonic_v0\.venv\Lib\site-packages\pycycle\thermo\static_ps_resid.py:128: RuntimeWarning: invalid value encountered in sqrt
  Vsonic = (i['gamma']*i['R']*i['Ts'])**0.5
C:\Users\MEO\Desktop\Projects\JetEngine\boomsonic_v0\.venv\Lib\site-packages\pycycle\thermo\static_ps_resid.py:128: RuntimeWarning: invalid value encountered in sqrt
  Vsonic = (i['gamma']*i['R']*i['Ts'])**0.5
C:\Users\MEO\Desktop\Projects\JetEngine\boomsonic_v0\.venv\Lib\site-packages\openmdao\solvers\solver.py:819: SolverWarning:Your model has stalled three times and may be violating the bounds. In the future, turn on print_bound_enforce in your solver options here: 
OD0.turb.real_flow_b4bld.nonlinear_solver.linesearch.options['print_bound_enforce']=True. 
The bound(s) being violated now are:

C:\Users\MEO\Desktop\Projects\JetEngine\boomsonic_v0\.venv\Lib\site-packages\openmdao\solvers\linesearch\backtracking.py:35: SolverWarning:'OD0.turb.real_flow_b4bld.balance.T' exceeds upper bounds
  Val: [3138.582338]
  Upper: [2500.]

C:\Users\MEO\Desktop\Projects\JetEngine\boomsonic_v0\.venv\Lib\site-packages\openmdao\solvers\solver.py:819: SolverWarning:Your model has stalled three times and may be violating the bounds. In the future, turn on print_bound_enforce in your solver options here: 
OD0.turb.real_flow.nonlinear_solver.linesearch.options['print_bound_enforce']=True. 
The bound(s) being violated now are:

C:\Users\MEO\Desktop\Projects\JetEngine\boomsonic_v0\.venv\Lib\site-packages\openmdao\solvers\linesearch\backtracking.py:35: SolverWarning:'OD0.turb.real_flow.balance.T' exceeds upper bounds
  Val: [3138.582338]
  Upper: [2500.]

C:\Users\MEO\Desktop\Projects\JetEngine\boomsonic_v0\.venv\Lib\site-packages\openmdao\solvers\solver.py:819: SolverWarning:Your model has stalled three times and may be violating the bounds. In the future, turn on print_bound_enforce in your solver options here: 
OD0.turb.out_stat.nonlinear_solver.linesearch.options['print_bound_enforce']=True. 
The bound(s) being violated now are:

C:\Users\MEO\Desktop\Projects\JetEngine\boomsonic_v0\.venv\Lib\site-packages\openmdao\solvers\linesearch\backtracking.py:35: SolverWarning:'OD0.turb.out_stat.balance.T' exceeds upper bounds
  Val: [2534.45919619]
  Upper: [2500.]

C:\Users\MEO\Desktop\Projects\JetEngine\boomsonic_v0\.venv\Lib\site-packages\openmdao\solvers\solver.py:819: SolverWarning:Your model has stalled three times and may be violating the bounds. In the future, turn on print_bound_enforce in your solver options here: 
OD0.nozz.throat_total.nonlinear_solver.linesearch.options['print_bound_enforce']=True. 
The bound(s) being violated now are:

C:\Users\MEO\Desktop\Projects\JetEngine\boomsonic_v0\.venv\Lib\site-packages\openmdao\solvers\linesearch\backtracking.py:35: SolverWarning:'OD0.nozz.throat_total.balance.T' exceeds upper bounds
  Val: [3138.582338]
  Upper: [2500.]

C:\Users\MEO\Desktop\Projects\JetEngine\boomsonic_v0\.venv\Lib\site-packages\pycycle\thermo\static_ps_resid.py:108: RuntimeWarning: invalid value encountered in sqrt
  Vsonic = (i['gamma']*i['R']*i['Ts'])**0.5
C:\Users\MEO\Desktop\Projects\JetEngine\boomsonic_v0\.venv\Lib\site-packages\pycycle\thermo\static_ps_resid.py:108: RuntimeWarning: invalid value encountered in sqrt
  Vsonic = (i['gamma']*i['R']*i['Ts'])**0.5
C:\Users\MEO\Desktop\Projects\JetEngine\boomsonic_v0\.venv\Lib\site-packages\pycycle\thermo\static_ps_resid.py:108: RuntimeWarning: invalid value encountered in sqrt
  Vsonic = (i['gamma']*i['R']*i['Ts'])**0.5
C:\Users\MEO\Desktop\Projects\JetEngine\boomsonic_v0\.venv\Lib\site-packages\pycycle\thermo\static_ps_resid.py:108: RuntimeWarning: invalid value encountered in sqrt
  Vsonic = (i['gamma']*i['R']*i['Ts'])**0.5
C:\Users\MEO\Desktop\Projects\JetEngine\boomsonic_v0\.venv\Lib\site-packages\pycycle\thermo\static_ps_resid.py:108: RuntimeWarning: invalid value encountered in sqrt
  Vsonic = (i['gamma']*i['R']*i['Ts'])**0.5
C:\Users\MEO\Desktop\Projects\JetEngine\boomsonic_v0\.venv\Lib\site-packages\pycycle\thermo\static_ps_resid.py:128: RuntimeWarning: invalid value encountered in sqrt
  Vsonic = (i['gamma']*i['R']*i['Ts'])**0.5
C:\Users\MEO\Desktop\Projects\JetEngine\boomsonic_v0\.venv\Lib\site-packages\openmdao\solvers\solver.py:819: SolverWarning:Your model has stalled three times and may be violating the bounds. In the future, turn on print_bound_enforce in your solver options here: 
OD0.burner.vitiated_flow.nonlinear_solver.linesearch.options['print_bound_enforce']=True. 
The bound(s) being violated now are:

C:\Users\MEO\Desktop\Projects\JetEngine\boomsonic_v0\.venv\Lib\site-packages\openmdao\solvers\linesearch\backtracking.py:35: SolverWarning:'OD0.burner.vitiated_flow.balance.T' exceeds upper bounds
  Val: [3728.0797947]
  Upper: [2500.]

C:\Users\MEO\Desktop\Projects\JetEngine\boomsonic_v0\.venv\Lib\site-packages\pycycle\thermo\static_ps_resid.py:128: RuntimeWarning: invalid value encountered in sqrt
  Vsonic = (i['gamma']*i['R']*i['Ts'])**0.5
C:\Users\MEO\Desktop\Projects\JetEngine\boomsonic_v0\.venv\Lib\site-packages\pycycle\thermo\static_ps_resid.py:128: RuntimeWarning: invalid value encountered in sqrt
  Vsonic = (i['gamma']*i['R']*i['Ts'])**0.5
C:\Users\MEO\Desktop\Projects\JetEngine\boomsonic_v0\.venv\Lib\site-packages\pycycle\thermo\static_ps_resid.py:128: RuntimeWarning: invalid value encountered in sqrt
  Vsonic = (i['gamma']*i['R']*i['Ts'])**0.5
C:\Users\MEO\Desktop\Projects\JetEngine\boomsonic_v0\.venv\Lib\site-packages\pycycle\thermo\static_ps_resid.py:128: RuntimeWarning: invalid value encountered in sqrt
  Vsonic = (i['gamma']*i['R']*i['Ts'])**0.5
C:\Users\MEO\Desktop\Projects\JetEngine\boomsonic_v0\.venv\Lib\site-packages\pycycle\thermo\static_ps_resid.py:128: RuntimeWarning: invalid value encountered in sqrt
  Vsonic = (i['gamma']*i['R']*i['Ts'])**0.5
C:\Users\MEO\Desktop\Projects\JetEngine\boomsonic_v0\.venv\Lib\site-packages\pycycle\thermo\static_ps_resid.py:128: RuntimeWarning: invalid value encountered in sqrt
  Vsonic = (i['gamma']*i['R']*i['Ts'])**0.5
C:\Users\MEO\Desktop\Projects\JetEngine\boomsonic_v0\.venv\Lib\site-packages\pycycle\thermo\static_ps_resid.py:128: RuntimeWarning: invalid value encountered in sqrt
  Vsonic = (i['gamma']*i['R']*i['Ts'])**0.5
C:\Users\MEO\Desktop\Projects\JetEngine\boomsonic_v0\.venv\Lib\site-packages\openmdao\solvers\solver.py:819: SolverWarning:Your model has stalled three times and may be violating the bounds. In the future, turn on print_bound_enforce in your solver options here: 
OD0.turb.real_flow_b4bld.nonlinear_solver.linesearch.options['print_bound_enforce']=True. 
The bound(s) being violated now are:

C:\Users\MEO\Desktop\Projects\JetEngine\boomsonic_v0\.venv\Lib\site-packages\openmdao\solvers\linesearch\backtracking.py:35: SolverWarning:'OD0.turb.real_flow_b4bld.balance.T' exceeds upper bounds
  Val: [3138.582338]
  Upper: [2500.]

C:\Users\MEO\Desktop\Projects\JetEngine\boomsonic_v0\.venv\Lib\site-packages\openmdao\solvers\solver.py:819: SolverWarning:Your model has stalled three times and may be violating the bounds. In the future, turn on print_bound_enforce in your solver options here: 
OD0.turb.real_flow.nonlinear_solver.linesearch.options['print_bound_enforce']=True. 
The bound(s) being violated now are:

C:\Users\MEO\Desktop\Projects\JetEngine\boomsonic_v0\.venv\Lib\site-packages\openmdao\solvers\linesearch\backtracking.py:35: SolverWarning:'OD0.turb.real_flow.balance.T' exceeds upper bounds
  Val: [3138.582338]
  Upper: [2500.]

C:\Users\MEO\Desktop\Projects\JetEngine\boomsonic_v0\.venv\Lib\site-packages\openmdao\solvers\solver.py:819: SolverWarning:Your model has stalled three times and may be violating the bounds. In the future, turn on print_bound_enforce in your solver options here: 
OD0.turb.out_stat.nonlinear_solver.linesearch.options['print_bound_enforce']=True. 
The bound(s) being violated now are:

C:\Users\MEO\Desktop\Projects\JetEngine\boomsonic_v0\.venv\Lib\site-packages\openmdao\solvers\linesearch\backtracking.py:35: SolverWarning:'OD0.turb.out_stat.balance.T' exceeds upper bounds
  Val: [2534.45919619]
  Upper: [2500.]

C:\Users\MEO\Desktop\Projects\JetEngine\boomsonic_v0\.venv\Lib\site-packages\openmdao\solvers\solver.py:819: SolverWarning:Your model has stalled three times and may be violating the bounds. In the future, turn on print_bound_enforce in your solver options here: 
OD0.nozz.throat_total.nonlinear_solver.linesearch.options['print_bound_enforce']=True. 
The bound(s) being violated now are:

C:\Users\MEO\Desktop\Projects\JetEngine\boomsonic_v0\.venv\Lib\site-packages\openmdao\solvers\linesearch\backtracking.py:35: SolverWarning:'OD0.nozz.throat_total.balance.T' exceeds upper bounds
  Val: [3138.582338]
  Upper: [2500.]

C:\Users\MEO\Desktop\Projects\JetEngine\boomsonic_v0\.venv\Lib\site-packages\pycycle\thermo\static_ps_resid.py:108: RuntimeWarning: invalid value encountered in sqrt
  Vsonic = (i['gamma']*i['R']*i['Ts'])**0.5
C:\Users\MEO\Desktop\Projects\JetEngine\boomsonic_v0\.venv\Lib\site-packages\pycycle\thermo\static_ps_resid.py:108: RuntimeWarning: invalid value encountered in sqrt
  Vsonic = (i['gamma']*i['R']*i['Ts'])**0.5
C:\Users\MEO\Desktop\Projects\JetEngine\boomsonic_v0\.venv\Lib\site-packages\pycycle\thermo\static_ps_resid.py:108: RuntimeWarning: invalid value encountered in sqrt
  Vsonic = (i['gamma']*i['R']*i['Ts'])**0.5
C:\Users\MEO\Desktop\Projects\JetEngine\boomsonic_v0\.venv\Lib\site-packages\pycycle\thermo\static_ps_resid.py:108: RuntimeWarning: invalid value encountered in sqrt
  Vsonic = (i['gamma']*i['R']*i['Ts'])**0.5
C:\Users\MEO\Desktop\Projects\JetEngine\boomsonic_v0\.venv\Lib\site-packages\pycycle\thermo\static_ps_resid.py:108: RuntimeWarning: invalid value encountered in sqrt
  Vsonic = (i['gamma']*i['R']*i['Ts'])**0.5
C:\Users\MEO\Desktop\Projects\JetEngine\boomsonic_v0\.venv\Lib\site-packages\pycycle\thermo\static_ps_resid.py:128: RuntimeWarning: invalid value encountered in sqrt
  Vsonic = (i['gamma']*i['R']*i['Ts'])**0.5
C:\Users\MEO\Desktop\Projects\JetEngine\boomsonic_v0\.venv\Lib\site-packages\openmdao\solvers\solver.py:819: SolverWarning:Your model has stalled three times and may be violating the bounds. In the future, turn on print_bound_enforce in your solver options here: 
OD0.burner.vitiated_flow.nonlinear_solver.linesearch.options['print_bound_enforce']=True. 
The bound(s) being violated now are:

C:\Users\MEO\Desktop\Projects\JetEngine\boomsonic_v0\.venv\Lib\site-packages\openmdao\solvers\linesearch\backtracking.py:35: SolverWarning:'OD0.burner.vitiated_flow.balance.T' exceeds upper bounds
  Val: [3728.0797947]
  Upper: [2500.]

C:\Users\MEO\Desktop\Projects\JetEngine\boomsonic_v0\.venv\Lib\site-packages\pycycle\thermo\static_ps_resid.py:128: RuntimeWarning: invalid value encountered in sqrt
  Vsonic = (i['gamma']*i['R']*i['Ts'])**0.5
C:\Users\MEO\Desktop\Projects\JetEngine\boomsonic_v0\.venv\Lib\site-packages\pycycle\thermo\static_ps_resid.py:128: RuntimeWarning: invalid value encountered in sqrt
  Vsonic = (i['gamma']*i['R']*i['Ts'])**0.5
C:\Users\MEO\Desktop\Projects\JetEngine\boomsonic_v0\.venv\Lib\site-packages\pycycle\thermo\static_ps_resid.py:128: RuntimeWarning: invalid value encountered in sqrt
  Vsonic = (i['gamma']*i['R']*i['Ts'])**0.5
C:\Users\MEO\Desktop\Projects\JetEngine\boomsonic_v0\.venv\Lib\site-packages\pycycle\thermo\static_ps_resid.py:128: RuntimeWarning: invalid value encountered in sqrt
  Vsonic = (i['gamma']*i['R']*i['Ts'])**0.5
C:\Users\MEO\Desktop\Projects\JetEngine\boomsonic_v0\.venv\Lib\site-packages\pycycle\thermo\static_ps_resid.py:128: RuntimeWarning: invalid value encountered in sqrt
  Vsonic = (i['gamma']*i['R']*i['Ts'])**0.5
C:\Users\MEO\Desktop\Projects\JetEngine\boomsonic_v0\.venv\Lib\site-packages\pycycle\thermo\static_ps_resid.py:128: RuntimeWarning: invalid value encountered in sqrt
  Vsonic = (i['gamma']*i['R']*i['Ts'])**0.5
C:\Users\MEO\Desktop\Projects\JetEngine\boomsonic_v0\.venv\Lib\site-packages\pycycle\thermo\static_ps_resid.py:128: RuntimeWarning: invalid value encountered in sqrt
  Vsonic = (i['gamma']*i['R']*i['Ts'])**0.5
C:\Users\MEO\Desktop\Projects\JetEngine\boomsonic_v0\.venv\Lib\site-packages\openmdao\solvers\solver.py:819: SolverWarning:Your model has stalled three times and may be violating the bounds. In the future, turn on print_bound_enforce in your solver options here: 
OD0.turb.real_flow_b4bld.nonlinear_solver.linesearch.options['print_bound_enforce']=True. 
The bound(s) being violated now are:

C:\Users\MEO\Desktop\Projects\JetEngine\boomsonic_v0\.venv\Lib\site-packages\openmdao\solvers\linesearch\backtracking.py:35: SolverWarning:'OD0.turb.real_flow_b4bld.balance.T' exceeds upper bounds
  Val: [3138.582338]
  Upper: [2500.]

C:\Users\MEO\Desktop\Projects\JetEngine\boomsonic_v0\.venv\Lib\site-packages\openmdao\solvers\solver.py:819: SolverWarning:Your model has stalled three times and may be violating the bounds. In the future, turn on print_bound_enforce in your solver options here: 
OD0.turb.real_flow.nonlinear_solver.linesearch.options['print_bound_enforce']=True. 
The bound(s) being violated now are:

C:\Users\MEO\Desktop\Projects\JetEngine\boomsonic_v0\.venv\Lib\site-packages\openmdao\solvers\linesearch\backtracking.py:35: SolverWarning:'OD0.turb.real_flow.balance.T' exceeds upper bounds
  Val: [3138.582338]
  Upper: [2500.]

C:\Users\MEO\Desktop\Projects\JetEngine\boomsonic_v0\.venv\Lib\site-packages\openmdao\solvers\solver.py:819: SolverWarning:Your model has stalled three times and may be violating the bounds. In the future, turn on print_bound_enforce in your solver options here: 
OD0.turb.out_stat.nonlinear_solver.linesearch.options['print_bound_enforce']=True. 
The bound(s) being violated now are:

C:\Users\MEO\Desktop\Projects\JetEngine\boomsonic_v0\.venv\Lib\site-packages\openmdao\solvers\linesearch\backtracking.py:35: SolverWarning:'OD0.turb.out_stat.balance.T' exceeds upper bounds
  Val: [2534.45919619]
  Upper: [2500.]

C:\Users\MEO\Desktop\Projects\JetEngine\boomsonic_v0\.venv\Lib\site-packages\openmdao\solvers\solver.py:819: SolverWarning:Your model has stalled three times and may be violating the bounds. In the future, turn on print_bound_enforce in your solver options here: 
OD0.nozz.throat_total.nonlinear_solver.linesearch.options['print_bound_enforce']=True. 
The bound(s) being violated now are:

C:\Users\MEO\Desktop\Projects\JetEngine\boomsonic_v0\.venv\Lib\site-packages\openmdao\solvers\linesearch\backtracking.py:35: SolverWarning:'OD0.nozz.throat_total.balance.T' exceeds upper bounds
  Val: [3138.582338]
  Upper: [2500.]

C:\Users\MEO\Desktop\Projects\JetEngine\boomsonic_v0\.venv\Lib\site-packages\pycycle\thermo\static_ps_resid.py:108: RuntimeWarning: invalid value encountered in sqrt
  Vsonic = (i['gamma']*i['R']*i['Ts'])**0.5
C:\Users\MEO\Desktop\Projects\JetEngine\boomsonic_v0\.venv\Lib\site-packages\pycycle\thermo\static_ps_resid.py:108: RuntimeWarning: invalid value encountered in sqrt
  Vsonic = (i['gamma']*i['R']*i['Ts'])**0.5
C:\Users\MEO\Desktop\Projects\JetEngine\boomsonic_v0\.venv\Lib\site-packages\pycycle\thermo\static_ps_resid.py:108: RuntimeWarning: invalid value encountered in sqrt
  Vsonic = (i['gamma']*i['R']*i['Ts'])**0.5
C:\Users\MEO\Desktop\Projects\JetEngine\boomsonic_v0\.venv\Lib\site-packages\pycycle\thermo\static_ps_resid.py:108: RuntimeWarning: invalid value encountered in sqrt
  Vsonic = (i['gamma']*i['R']*i['Ts'])**0.5
C:\Users\MEO\Desktop\Projects\JetEngine\boomsonic_v0\.venv\Lib\site-packages\pycycle\thermo\static_ps_resid.py:108: RuntimeWarning: invalid value encountered in sqrt
  Vsonic = (i['gamma']*i['R']*i['Ts'])**0.5
C:\Users\MEO\Desktop\Projects\JetEngine\boomsonic_v0\.venv\Lib\site-packages\pycycle\thermo\static_ps_resid.py:128: RuntimeWarning: invalid value encountered in sqrt
  Vsonic = (i['gamma']*i['R']*i['Ts'])**0.5
C:\Users\MEO\Desktop\Projects\JetEngine\boomsonic_v0\.venv\Lib\site-packages\openmdao\solvers\solver.py:819: SolverWarning:Your model has stalled three times and may be violating the bounds. In the future, turn on print_bound_enforce in your solver options here: 
OD0.burner.vitiated_flow.nonlinear_solver.linesearch.options['print_bound_enforce']=True. 
The bound(s) being violated now are:

C:\Users\MEO\Desktop\Projects\JetEngine\boomsonic_v0\.venv\Lib\site-packages\openmdao\solvers\linesearch\backtracking.py:35: SolverWarning:'OD0.burner.vitiated_flow.balance.T' exceeds upper bounds
  Val: [3728.0797947]
  Upper: [2500.]

C:\Users\MEO\Desktop\Projects\JetEngine\boomsonic_v0\.venv\Lib\site-packages\pycycle\thermo\static_ps_resid.py:128: RuntimeWarning: invalid value encountered in sqrt
  Vsonic = (i['gamma']*i['R']*i['Ts'])**0.5
C:\Users\MEO\Desktop\Projects\JetEngine\boomsonic_v0\.venv\Lib\site-packages\pycycle\thermo\static_ps_resid.py:128: RuntimeWarning: invalid value encountered in sqrt
  Vsonic = (i['gamma']*i['R']*i['Ts'])**0.5
C:\Users\MEO\Desktop\Projects\JetEngine\boomsonic_v0\.venv\Lib\site-packages\pycycle\thermo\static_ps_resid.py:128: RuntimeWarning: invalid value encountered in sqrt
  Vsonic = (i['gamma']*i['R']*i['Ts'])**0.5
C:\Users\MEO\Desktop\Projects\JetEngine\boomsonic_v0\.venv\Lib\site-packages\pycycle\thermo\static_ps_resid.py:128: RuntimeWarning: invalid value encountered in sqrt
  Vsonic = (i['gamma']*i['R']*i['Ts'])**0.5
C:\Users\MEO\Desktop\Projects\JetEngine\boomsonic_v0\.venv\Lib\site-packages\pycycle\thermo\static_ps_resid.py:128: RuntimeWarning: invalid value encountered in sqrt
  Vsonic = (i['gamma']*i['R']*i['Ts'])**0.5
C:\Users\MEO\Desktop\Projects\JetEngine\boomsonic_v0\.venv\Lib\site-packages\pycycle\thermo\static_ps_resid.py:128: RuntimeWarning: invalid value encountered in sqrt
  Vsonic = (i['gamma']*i['R']*i['Ts'])**0.5
C:\Users\MEO\Desktop\Projects\JetEngine\boomsonic_v0\.venv\Lib\site-packages\pycycle\thermo\static_ps_resid.py:128: RuntimeWarning: invalid value encountered in sqrt
  Vsonic = (i['gamma']*i['R']*i['Ts'])**0.5
C:\Users\MEO\Desktop\Projects\JetEngine\boomsonic_v0\.venv\Lib\site-packages\openmdao\solvers\solver.py:819: SolverWarning:Your model has stalled three times and may be violating the bounds. In the future, turn on print_bound_enforce in your solver options here: 
OD0.turb.real_flow_b4bld.nonlinear_solver.linesearch.options['print_bound_enforce']=True. 
The bound(s) being violated now are:

C:\Users\MEO\Desktop\Projects\JetEngine\boomsonic_v0\.venv\Lib\site-packages\openmdao\solvers\linesearch\backtracking.py:35: SolverWarning:'OD0.turb.real_flow_b4bld.balance.T' exceeds upper bounds
  Val: [3138.582338]
  Upper: [2500.]

C:\Users\MEO\Desktop\Projects\JetEngine\boomsonic_v0\.venv\Lib\site-packages\openmdao\solvers\solver.py:819: SolverWarning:Your model has stalled three times and may be violating the bounds. In the future, turn on print_bound_enforce in your solver options here: 
OD0.turb.real_flow.nonlinear_solver.linesearch.options['print_bound_enforce']=True. 
The bound(s) being violated now are:

C:\Users\MEO\Desktop\Projects\JetEngine\boomsonic_v0\.venv\Lib\site-packages\openmdao\solvers\linesearch\backtracking.py:35: SolverWarning:'OD0.turb.real_flow.balance.T' exceeds upper bounds
  Val: [3138.582338]
  Upper: [2500.]

C:\Users\MEO\Desktop\Projects\JetEngine\boomsonic_v0\.venv\Lib\site-packages\openmdao\solvers\solver.py:819: SolverWarning:Your model has stalled three times and may be violating the bounds. In the future, turn on print_bound_enforce in your solver options here: 
OD0.turb.out_stat.nonlinear_solver.linesearch.options['print_bound_enforce']=True. 
The bound(s) being violated now are:

C:\Users\MEO\Desktop\Projects\JetEngine\boomsonic_v0\.venv\Lib\site-packages\openmdao\solvers\linesearch\backtracking.py:35: SolverWarning:'OD0.turb.out_stat.balance.T' exceeds upper bounds
  Val: [2534.45919619]
  Upper: [2500.]

C:\Users\MEO\Desktop\Projects\JetEngine\boomsonic_v0\.venv\Lib\site-packages\openmdao\solvers\solver.py:819: SolverWarning:Your model has stalled three times and may be violating the bounds. In the future, turn on print_bound_enforce in your solver options here: 
OD0.nozz.throat_total.nonlinear_solver.linesearch.options['print_bound_enforce']=True. 
The bound(s) being violated now are:

C:\Users\MEO\Desktop\Projects\JetEngine\boomsonic_v0\.venv\Lib\site-packages\openmdao\solvers\linesearch\backtracking.py:35: SolverWarning:'OD0.nozz.throat_total.balance.T' exceeds upper bounds
  Val: [3138.582338]
  Upper: [2500.]

C:\Users\MEO\Desktop\Projects\JetEngine\boomsonic_v0\.venv\Lib\site-packages\pycycle\thermo\static_ps_resid.py:108: RuntimeWarning: invalid value encountered in sqrt
  Vsonic = (i['gamma']*i['R']*i['Ts'])**0.5
C:\Users\MEO\Desktop\Projects\JetEngine\boomsonic_v0\.venv\Lib\site-packages\pycycle\thermo\static_ps_resid.py:108: RuntimeWarning: invalid value encountered in sqrt
  Vsonic = (i['gamma']*i['R']*i['Ts'])**0.5
C:\Users\MEO\Desktop\Projects\JetEngine\boomsonic_v0\.venv\Lib\site-packages\pycycle\thermo\static_ps_resid.py:108: RuntimeWarning: invalid value encountered in sqrt
  Vsonic = (i['gamma']*i['R']*i['Ts'])**0.5
C:\Users\MEO\Desktop\Projects\JetEngine\boomsonic_v0\.venv\Lib\site-packages\pycycle\thermo\static_ps_resid.py:108: RuntimeWarning: invalid value encountered in sqrt
  Vsonic = (i['gamma']*i['R']*i['Ts'])**0.5
C:\Users\MEO\Desktop\Projects\JetEngine\boomsonic_v0\.venv\Lib\site-packages\pycycle\thermo\static_ps_resid.py:108: RuntimeWarning: invalid value encountered in sqrt
  Vsonic = (i['gamma']*i['R']*i['Ts'])**0.5
C:\Users\MEO\Desktop\Projects\JetEngine\boomsonic_v0\.venv\Lib\site-packages\pycycle\thermo\static_ps_resid.py:128: RuntimeWarning: invalid value encountered in sqrt
  Vsonic = (i['gamma']*i['R']*i['Ts'])**0.5
C:\Users\MEO\Desktop\Projects\JetEngine\boomsonic_v0\.venv\Lib\site-packages\openmdao\solvers\solver.py:819: SolverWarning:Your model has stalled three times and may be violating the bounds. In the future, turn on print_bound_enforce in your solver options here: 
OD0.burner.vitiated_flow.nonlinear_solver.linesearch.options['print_bound_enforce']=True. 
The bound(s) being violated now are:

C:\Users\MEO\Desktop\Projects\JetEngine\boomsonic_v0\.venv\Lib\site-packages\openmdao\solvers\linesearch\backtracking.py:35: SolverWarning:'OD0.burner.vitiated_flow.balance.T' exceeds upper bounds
  Val: [3728.0797947]
  Upper: [2500.]

C:\Users\MEO\Desktop\Projects\JetEngine\boomsonic_v0\.venv\Lib\site-packages\pycycle\thermo\static_ps_resid.py:128: RuntimeWarning: invalid value encountered in sqrt
  Vsonic = (i['gamma']*i['R']*i['Ts'])**0.5
C:\Users\MEO\Desktop\Projects\JetEngine\boomsonic_v0\.venv\Lib\site-packages\pycycle\thermo\static_ps_resid.py:128: RuntimeWarning: invalid value encountered in sqrt
  Vsonic = (i['gamma']*i['R']*i['Ts'])**0.5
C:\Users\MEO\Desktop\Projects\JetEngine\boomsonic_v0\.venv\Lib\site-packages\pycycle\thermo\static_ps_resid.py:128: RuntimeWarning: invalid value encountered in sqrt
  Vsonic = (i['gamma']*i['R']*i['Ts'])**0.5
C:\Users\MEO\Desktop\Projects\JetEngine\boomsonic_v0\.venv\Lib\site-packages\pycycle\thermo\static_ps_resid.py:128: RuntimeWarning: invalid value encountered in sqrt
  Vsonic = (i['gamma']*i['R']*i['Ts'])**0.5
C:\Users\MEO\Desktop\Projects\JetEngine\boomsonic_v0\.venv\Lib\site-packages\pycycle\thermo\static_ps_resid.py:128: RuntimeWarning: invalid value encountered in sqrt
  Vsonic = (i['gamma']*i['R']*i['Ts'])**0.5
C:\Users\MEO\Desktop\Projects\JetEngine\boomsonic_v0\.venv\Lib\site-packages\pycycle\thermo\static_ps_resid.py:128: RuntimeWarning: invalid value encountered in sqrt
  Vsonic = (i['gamma']*i['R']*i['Ts'])**0.5
C:\Users\MEO\Desktop\Projects\JetEngine\boomsonic_v0\.venv\Lib\site-packages\pycycle\thermo\static_ps_resid.py:128: RuntimeWarning: invalid value encountered in sqrt
  Vsonic = (i['gamma']*i['R']*i['Ts'])**0.5
C:\Users\MEO\Desktop\Projects\JetEngine\boomsonic_v0\.venv\Lib\site-packages\openmdao\solvers\solver.py:819: SolverWarning:Your model has stalled three times and may be violating the bounds. In the future, turn on print_bound_enforce in your solver options here: 
OD0.turb.real_flow_b4bld.nonlinear_solver.linesearch.options['print_bound_enforce']=True. 
The bound(s) being violated now are:

C:\Users\MEO\Desktop\Projects\JetEngine\boomsonic_v0\.venv\Lib\site-packages\openmdao\solvers\linesearch\backtracking.py:35: SolverWarning:'OD0.turb.real_flow_b4bld.balance.T' exceeds upper bounds
  Val: [3138.582338]
  Upper: [2500.]

C:\Users\MEO\Desktop\Projects\JetEngine\boomsonic_v0\.venv\Lib\site-packages\openmdao\solvers\solver.py:819: SolverWarning:Your model has stalled three times and may be violating the bounds. In the future, turn on print_bound_enforce in your solver options here: 
OD0.turb.real_flow.nonlinear_solver.linesearch.options['print_bound_enforce']=True. 
The bound(s) being violated now are:

C:\Users\MEO\Desktop\Projects\JetEngine\boomsonic_v0\.venv\Lib\site-packages\openmdao\solvers\linesearch\backtracking.py:35: SolverWarning:'OD0.turb.real_flow.balance.T' exceeds upper bounds
  Val: [3138.582338]
  Upper: [2500.]

C:\Users\MEO\Desktop\Projects\JetEngine\boomsonic_v0\.venv\Lib\site-packages\openmdao\solvers\solver.py:819: SolverWarning:Your model has stalled three times and may be violating the bounds. In the future, turn on print_bound_enforce in your solver options here: 
OD0.turb.out_stat.nonlinear_solver.linesearch.options['print_bound_enforce']=True. 
The bound(s) being violated now are:

C:\Users\MEO\Desktop\Projects\JetEngine\boomsonic_v0\.venv\Lib\site-packages\openmdao\solvers\linesearch\backtracking.py:35: SolverWarning:'OD0.turb.out_stat.balance.T' exceeds upper bounds
  Val: [2534.45919619]
  Upper: [2500.]

C:\Users\MEO\Desktop\Projects\JetEngine\boomsonic_v0\.venv\Lib\site-packages\openmdao\solvers\solver.py:819: SolverWarning:Your model has stalled three times and may be violating the bounds. In the future, turn on print_bound_enforce in your solver options here: 
OD0.nozz.throat_total.nonlinear_solver.linesearch.options['print_bound_enforce']=True. 
The bound(s) being violated now are:

C:\Users\MEO\Desktop\Projects\JetEngine\boomsonic_v0\.venv\Lib\site-packages\openmdao\solvers\linesearch\backtracking.py:35: SolverWarning:'OD0.nozz.throat_total.balance.T' exceeds upper bounds
  Val: [3138.582338]
  Upper: [2500.]

C:\Users\MEO\Desktop\Projects\JetEngine\boomsonic_v0\.venv\Lib\site-packages\pycycle\thermo\static_ps_resid.py:108: RuntimeWarning: invalid value encountered in sqrt
  Vsonic = (i['gamma']*i['R']*i['Ts'])**0.5
C:\Users\MEO\Desktop\Projects\JetEngine\boomsonic_v0\.venv\Lib\site-packages\pycycle\thermo\static_ps_resid.py:108: RuntimeWarning: invalid value encountered in sqrt
  Vsonic = (i['gamma']*i['R']*i['Ts'])**0.5
C:\Users\MEO\Desktop\Projects\JetEngine\boomsonic_v0\.venv\Lib\site-packages\pycycle\thermo\static_ps_resid.py:108: RuntimeWarning: invalid value encountered in sqrt
  Vsonic = (i['gamma']*i['R']*i['Ts'])**0.5
C:\Users\MEO\Desktop\Projects\JetEngine\boomsonic_v0\.venv\Lib\site-packages\pycycle\thermo\static_ps_resid.py:108: RuntimeWarning: invalid value encountered in sqrt
  Vsonic = (i['gamma']*i['R']*i['Ts'])**0.5
C:\Users\MEO\Desktop\Projects\JetEngine\boomsonic_v0\.venv\Lib\site-packages\pycycle\thermo\static_ps_resid.py:108: RuntimeWarning: invalid value encountered in sqrt
  Vsonic = (i['gamma']*i['R']*i['Ts'])**0.5
C:\Users\MEO\Desktop\Projects\JetEngine\boomsonic_v0\.venv\Lib\site-packages\pycycle\thermo\static_ps_resid.py:128: RuntimeWarning: invalid value encountered in sqrt
  Vsonic = (i['gamma']*i['R']*i['Ts'])**0.5
C:\Users\MEO\Desktop\Projects\JetEngine\boomsonic_v0\.venv\Lib\site-packages\openmdao\solvers\solver.py:819: SolverWarning:Your model has stalled three times and may be violating the bounds. In the future, turn on print_bound_enforce in your solver options here: 
OD0.burner.vitiated_flow.nonlinear_solver.linesearch.options['print_bound_enforce']=True. 
The bound(s) being violated now are:

C:\Users\MEO\Desktop\Projects\JetEngine\boomsonic_v0\.venv\Lib\site-packages\openmdao\solvers\linesearch\backtracking.py:35: SolverWarning:'OD0.burner.vitiated_flow.balance.T' exceeds upper bounds
  Val: [3728.0797947]
  Upper: [2500.]

C:\Users\MEO\Desktop\Projects\JetEngine\boomsonic_v0\.venv\Lib\site-packages\pycycle\thermo\static_ps_resid.py:128: RuntimeWarning: invalid value encountered in sqrt
  Vsonic = (i['gamma']*i['R']*i['Ts'])**0.5
C:\Users\MEO\Desktop\Projects\JetEngine\boomsonic_v0\.venv\Lib\site-packages\pycycle\thermo\static_ps_resid.py:128: RuntimeWarning: invalid value encountered in sqrt
  Vsonic = (i['gamma']*i['R']*i['Ts'])**0.5
C:\Users\MEO\Desktop\Projects\JetEngine\boomsonic_v0\.venv\Lib\site-packages\pycycle\thermo\static_ps_resid.py:128: RuntimeWarning: invalid value encountered in sqrt
  Vsonic = (i['gamma']*i['R']*i['Ts'])**0.5
C:\Users\MEO\Desktop\Projects\JetEngine\boomsonic_v0\.venv\Lib\site-packages\pycycle\thermo\static_ps_resid.py:128: RuntimeWarning: invalid value encountered in sqrt
  Vsonic = (i['gamma']*i['R']*i['Ts'])**0.5
C:\Users\MEO\Desktop\Projects\JetEngine\boomsonic_v0\.venv\Lib\site-packages\pycycle\thermo\static_ps_resid.py:128: RuntimeWarning: invalid value encountered in sqrt
  Vsonic = (i['gamma']*i['R']*i['Ts'])**0.5
C:\Users\MEO\Desktop\Projects\JetEngine\boomsonic_v0\.venv\Lib\site-packages\pycycle\thermo\static_ps_resid.py:128: RuntimeWarning: invalid value encountered in sqrt
  Vsonic = (i['gamma']*i['R']*i['Ts'])**0.5
C:\Users\MEO\Desktop\Projects\JetEngine\boomsonic_v0\.venv\Lib\site-packages\pycycle\thermo\static_ps_resid.py:128: RuntimeWarning: invalid value encountered in sqrt
  Vsonic = (i['gamma']*i['R']*i['Ts'])**0.5
C:\Users\MEO\Desktop\Projects\JetEngine\boomsonic_v0\.venv\Lib\site-packages\openmdao\solvers\solver.py:819: SolverWarning:Your model has stalled three times and may be violating the bounds. In the future, turn on print_bound_enforce in your solver options here: 
OD0.turb.real_flow_b4bld.nonlinear_solver.linesearch.options['print_bound_enforce']=True. 
The bound(s) being violated now are:

C:\Users\MEO\Desktop\Projects\JetEngine\boomsonic_v0\.venv\Lib\site-packages\openmdao\solvers\linesearch\backtracking.py:35: SolverWarning:'OD0.turb.real_flow_b4bld.balance.T' exceeds upper bounds
  Val: [3138.582338]
  Upper: [2500.]

C:\Users\MEO\Desktop\Projects\JetEngine\boomsonic_v0\.venv\Lib\site-packages\openmdao\solvers\solver.py:819: SolverWarning:Your model has stalled three times and may be violating the bounds. In the future, turn on print_bound_enforce in your solver options here: 
OD0.turb.real_flow.nonlinear_solver.linesearch.options['print_bound_enforce']=True. 
The bound(s) being violated now are:

C:\Users\MEO\Desktop\Projects\JetEngine\boomsonic_v0\.venv\Lib\site-packages\openmdao\solvers\linesearch\backtracking.py:35: SolverWarning:'OD0.turb.real_flow.balance.T' exceeds upper bounds
  Val: [3138.582338]
  Upper: [2500.]

C:\Users\MEO\Desktop\Projects\JetEngine\boomsonic_v0\.venv\Lib\site-packages\openmdao\solvers\solver.py:819: SolverWarning:Your model has stalled three times and may be violating the bounds. In the future, turn on print_bound_enforce in your solver options here: 
OD0.turb.out_stat.nonlinear_solver.linesearch.options['print_bound_enforce']=True. 
The bound(s) being violated now are:

C:\Users\MEO\Desktop\Projects\JetEngine\boomsonic_v0\.venv\Lib\site-packages\openmdao\solvers\linesearch\backtracking.py:35: SolverWarning:'OD0.turb.out_stat.balance.T' exceeds upper bounds
  Val: [2534.45919619]
  Upper: [2500.]

C:\Users\MEO\Desktop\Projects\JetEngine\boomsonic_v0\.venv\Lib\site-packages\openmdao\solvers\solver.py:819: SolverWarning:Your model has stalled three times and may be violating the bounds. In the future, turn on print_bound_enforce in your solver options here: 
OD0.nozz.throat_total.nonlinear_solver.linesearch.options['print_bound_enforce']=True. 
The bound(s) being violated now are:

C:\Users\MEO\Desktop\Projects\JetEngine\boomsonic_v0\.venv\Lib\site-packages\openmdao\solvers\linesearch\backtracking.py:35: SolverWarning:'OD0.nozz.throat_total.balance.T' exceeds upper bounds
  Val: [3138.582338]
  Upper: [2500.]

C:\Users\MEO\Desktop\Projects\JetEngine\boomsonic_v0\.venv\Lib\site-packages\pycycle\thermo\static_ps_resid.py:108: RuntimeWarning: invalid value encountered in sqrt
  Vsonic = (i['gamma']*i['R']*i['Ts'])**0.5
C:\Users\MEO\Desktop\Projects\JetEngine\boomsonic_v0\.venv\Lib\site-packages\pycycle\thermo\static_ps_resid.py:108: RuntimeWarning: invalid value encountered in sqrt
  Vsonic = (i['gamma']*i['R']*i['Ts'])**0.5
C:\Users\MEO\Desktop\Projects\JetEngine\boomsonic_v0\.venv\Lib\site-packages\pycycle\thermo\static_ps_resid.py:108: RuntimeWarning: invalid value encountered in sqrt
  Vsonic = (i['gamma']*i['R']*i['Ts'])**0.5
C:\Users\MEO\Desktop\Projects\JetEngine\boomsonic_v0\.venv\Lib\site-packages\pycycle\thermo\static_ps_resid.py:108: RuntimeWarning: invalid value encountered in sqrt
  Vsonic = (i['gamma']*i['R']*i['Ts'])**0.5
C:\Users\MEO\Desktop\Projects\JetEngine\boomsonic_v0\.venv\Lib\site-packages\pycycle\thermo\static_ps_resid.py:108: RuntimeWarning: invalid value encountered in sqrt
  Vsonic = (i['gamma']*i['R']*i['Ts'])**0.5
C:\Users\MEO\Desktop\Projects\JetEngine\boomsonic_v0\.venv\Lib\site-packages\pycycle\thermo\static_ps_resid.py:128: RuntimeWarning: invalid value encountered in sqrt
  Vsonic = (i['gamma']*i['R']*i['Ts'])**0.5
C:\Users\MEO\Desktop\Projects\JetEngine\boomsonic_v0\.venv\Lib\site-packages\pycycle\thermo\static_ps_resid.py:128: RuntimeWarning: invalid value encountered in sqrt
  Vsonic = (i['gamma']*i['R']*i['Ts'])**0.5
C:\Users\MEO\Desktop\Projects\JetEngine\boomsonic_v0\.venv\Lib\site-packages\pycycle\thermo\static_ps_resid.py:108: RuntimeWarning: invalid value encountered in sqrt
  Vsonic = (i['gamma']*i['R']*i['Ts'])**0.5
C:\Users\MEO\Desktop\Projects\JetEngine\boomsonic_v0\.venv\Lib\site-packages\pycycle\elements\turbine.py:40: RuntimeWarning: invalid value encountered in sqrt
  outputs['Wp'] = inputs['W_in'] * inputs['Tt']**0.5 / inputs['Pt']
C:\Users\MEO\Desktop\Projects\JetEngine\boomsonic_v0\.venv\Lib\site-packages\pycycle\elements\turbine.py:41: RuntimeWarning: invalid value encountered in power
  outputs['Np'] = inputs['Nmech'] * inputs['Tt']**-0.5
C:\Users\MEO\Desktop\Projects\JetEngine\boomsonic_v0\.venv\Lib\site-packages\pycycle\elements\turbine.py:89: RuntimeWarning: invalid value encountered in log
  outputs['eff_poly'] = 1 + (S_out-S_in)/(Rt*np.log(invPR))
C:\Users\MEO\Desktop\Projects\JetEngine\boomsonic_v0\.venv\Lib\site-packages\openmdao\solvers\solver.py:819: SolverWarning:Your model has stalled three times and may be violating the bounds. In the future, turn on print_bound_enforce in your solver options here: 
OD0.burner.vitiated_flow.nonlinear_solver.linesearch.options['print_bound_enforce']=True. 
The bound(s) being violated now are:

C:\Users\MEO\Desktop\Projects\JetEngine\boomsonic_v0\.venv\Lib\site-packages\openmdao\solvers\linesearch\backtracking.py:35: SolverWarning:'OD0.burner.vitiated_flow.balance.T' exceeds upper bounds
  Val: [2978.84344687]
  Upper: [2500.]

C:\Users\MEO\Desktop\Projects\JetEngine\boomsonic_v0\.venv\Lib\site-packages\openmdao\solvers\solver.py:819: SolverWarning:Your model has stalled three times and may be violating the bounds. In the future, turn on print_bound_enforce in your solver options here: 
OD0.burner.out_stat.nonlinear_solver.linesearch.options['print_bound_enforce']=True. 
The bound(s) being violated now are:

C:\Users\MEO\Desktop\Projects\JetEngine\boomsonic_v0\.venv\Lib\site-packages\openmdao\solvers\linesearch\backtracking.py:35: SolverWarning:'OD0.burner.out_stat.balance.T' exceeds upper bounds
  Val: [3672.0418499]
  Upper: [2500.]

C:\Users\MEO\Desktop\Projects\JetEngine\boomsonic_v0\.venv\Lib\site-packages\openmdao\solvers\solver.py:819: SolverWarning:Your model has stalled three times and may be violating the bounds. In the future, turn on print_bound_enforce in your solver options here: 
OD0.burner.out_stat.nonlinear_solver.linesearch.options['print_bound_enforce']=True. 
The bound(s) being violated now are:

C:\Users\MEO\Desktop\Projects\JetEngine\boomsonic_v0\.venv\Lib\site-packages\openmdao\solvers\linesearch\backtracking.py:35: SolverWarning:'OD0.burner.out_stat.balance.T' exceeds upper bounds
  Val: [3672.0418499]
  Upper: [2500.]

C:\Users\MEO\Desktop\Projects\JetEngine\boomsonic_v0\.venv\Lib\site-packages\openmdao\solvers\solver.py:819: SolverWarning:Your model has stalled three times and may be violating the bounds. In the future, turn on print_bound_enforce in your solver options here: 
OD0.turb.real_flow_b4bld.nonlinear_solver.linesearch.options['print_bound_enforce']=True. 
The bound(s) being violated now are:

C:\Users\MEO\Desktop\Projects\JetEngine\boomsonic_v0\.venv\Lib\site-packages\openmdao\solvers\linesearch\backtracking.py:35: SolverWarning:'OD0.turb.real_flow_b4bld.balance.T' exceeds upper bounds
  Val: [2653.59676971]
  Upper: [2500.]

C:\Users\MEO\Desktop\Projects\JetEngine\boomsonic_v0\.venv\Lib\site-packages\openmdao\solvers\solver.py:819: SolverWarning:Your model has stalled three times and may be violating the bounds. In the future, turn on print_bound_enforce in your solver options here: 
OD0.turb.real_flow.nonlinear_solver.linesearch.options['print_bound_enforce']=True. 
The bound(s) being violated now are:

C:\Users\MEO\Desktop\Projects\JetEngine\boomsonic_v0\.venv\Lib\site-packages\openmdao\solvers\linesearch\backtracking.py:35: SolverWarning:'OD0.turb.real_flow.balance.T' exceeds upper bounds
  Val: [2653.59676971]
  Upper: [2500.]

C:\Users\MEO\Desktop\Projects\JetEngine\boomsonic_v0\.venv\Lib\site-packages\openmdao\solvers\solver.py:819: SolverWarning:Your model has stalled three times and may be violating the bounds. In the future, turn on print_bound_enforce in your solver options here: 
OD0.turb.out_stat.nonlinear_solver.linesearch.options['print_bound_enforce']=True. 
The bound(s) being violated now are:

C:\Users\MEO\Desktop\Projects\JetEngine\boomsonic_v0\.venv\Lib\site-packages\openmdao\solvers\linesearch\backtracking.py:35: SolverWarning:'OD0.turb.out_stat.balance.T' exceeds upper bounds
  Val: [2762.56942767]
  Upper: [2500.]

C:\Users\MEO\Desktop\Projects\JetEngine\boomsonic_v0\.venv\Lib\site-packages\openmdao\solvers\solver.py:819: SolverWarning:Your model has stalled three times and may be violating the bounds. In the future, turn on print_bound_enforce in your solver options here: 
OD0.nozz.throat_total.nonlinear_solver.linesearch.options['print_bound_enforce']=True. 
The bound(s) being violated now are:

C:\Users\MEO\Desktop\Projects\JetEngine\boomsonic_v0\.venv\Lib\site-packages\openmdao\solvers\linesearch\backtracking.py:35: SolverWarning:'OD0.nozz.throat_total.balance.T' exceeds upper bounds
  Val: [2653.59676971]
  Upper: [2500.]

C:\Users\MEO\Desktop\Projects\JetEngine\boomsonic_v0\.venv\Lib\site-packages\openmdao\solvers\solver.py:819: SolverWarning:Your model has stalled three times and may be violating the bounds. In the future, turn on print_bound_enforce in your solver options here: 
OD0.nozz.staticMN.nonlinear_solver.linesearch.options['print_bound_enforce']=True. 
The bound(s) being violated now are:

C:\Users\MEO\Desktop\Projects\JetEngine\boomsonic_v0\.venv\Lib\site-packages\openmdao\solvers\linesearch\backtracking.py:35: SolverWarning:'OD0.nozz.staticMN.balance.T' exceeds upper bounds
  Val: [2605.87298329]
  Upper: [2500.]

C:\Users\MEO\Desktop\Projects\JetEngine\boomsonic_v0\.venv\Lib\site-packages\openmdao\solvers\solver.py:819: SolverWarning:Your model has stalled three times and may be violating the bounds. In the future, turn on print_bound_enforce in your solver options here: 
OD0.nozz.staticMN.nonlinear_solver.linesearch.options['print_bound_enforce']=True. 
The bound(s) being violated now are:

C:\Users\MEO\Desktop\Projects\JetEngine\boomsonic_v0\.venv\Lib\site-packages\openmdao\solvers\linesearch\backtracking.py:35: SolverWarning:'OD0.nozz.staticMN.balance.T' exceeds upper bounds
  Val: [2605.87298329]
  Upper: [2500.]

C:\Users\MEO\Desktop\Projects\JetEngine\boomsonic_v0\.venv\Lib\site-packages\pycycle\thermo\static_ps_resid.py:128: RuntimeWarning: invalid value encountered in sqrt
  Vsonic = (i['gamma']*i['R']*i['Ts'])**0.5
C:\Users\MEO\Desktop\Projects\JetEngine\boomsonic_v0\.venv\Lib\site-packages\pycycle\thermo\static_ps_resid.py:108: RuntimeWarning: invalid value encountered in sqrt
  Vsonic = (i['gamma']*i['R']*i['Ts'])**0.5
C:\Users\MEO\Desktop\Projects\JetEngine\boomsonic_v0\.venv\Lib\site-packages\openmdao\solvers\solver.py:819: SolverWarning:Your model has stalled three times and may be violating the bounds. In the future, turn on print_bound_enforce in your solver options here: 
OD0.burner.vitiated_flow.nonlinear_solver.linesearch.options['print_bound_enforce']=True. 
The bound(s) being violated now are:

C:\Users\MEO\Desktop\Projects\JetEngine\boomsonic_v0\.venv\Lib\site-packages\openmdao\solvers\linesearch\backtracking.py:35: SolverWarning:'OD0.burner.vitiated_flow.balance.T' exceeds upper bounds
  Val: [3727.08115646]
  Upper: [2500.]

C:\Users\MEO\Desktop\Projects\JetEngine\boomsonic_v0\.venv\Lib\site-packages\pycycle\thermo\static_ps_resid.py:128: RuntimeWarning: invalid value encountered in sqrt
  Vsonic = (i['gamma']*i['R']*i['Ts'])**0.5
C:\Users\MEO\Desktop\Projects\JetEngine\boomsonic_v0\.venv\Lib\site-packages\pycycle\thermo\static_ps_resid.py:128: RuntimeWarning: invalid value encountered in sqrt
  Vsonic = (i['gamma']*i['R']*i['Ts'])**0.5
C:\Users\MEO\Desktop\Projects\JetEngine\boomsonic_v0\.venv\Lib\site-packages\pycycle\thermo\static_ps_resid.py:128: RuntimeWarning: invalid value encountered in sqrt
  Vsonic = (i['gamma']*i['R']*i['Ts'])**0.5
C:\Users\MEO\Desktop\Projects\JetEngine\boomsonic_v0\.venv\Lib\site-packages\pycycle\thermo\static_ps_resid.py:128: RuntimeWarning: invalid value encountered in sqrt
  Vsonic = (i['gamma']*i['R']*i['Ts'])**0.5
C:\Users\MEO\Desktop\Projects\JetEngine\boomsonic_v0\.venv\Lib\site-packages\pycycle\thermo\static_ps_resid.py:128: RuntimeWarning: invalid value encountered in sqrt
  Vsonic = (i['gamma']*i['R']*i['Ts'])**0.5
C:\Users\MEO\Desktop\Projects\JetEngine\boomsonic_v0\.venv\Lib\site-packages\pycycle\thermo\static_ps_resid.py:128: RuntimeWarning: invalid value encountered in sqrt
  Vsonic = (i['gamma']*i['R']*i['Ts'])**0.5
C:\Users\MEO\Desktop\Projects\JetEngine\boomsonic_v0\.venv\Lib\site-packages\pycycle\thermo\static_ps_resid.py:128: RuntimeWarning: invalid value encountered in sqrt
  Vsonic = (i['gamma']*i['R']*i['Ts'])**0.5
C:\Users\MEO\Desktop\Projects\JetEngine\boomsonic_v0\.venv\Lib\site-packages\openmdao\solvers\solver.py:819: SolverWarning:Your model has stalled three times and may be violating the bounds. In the future, turn on print_bound_enforce in your solver options here: 
OD0.turb.real_flow_b4bld.nonlinear_solver.linesearch.options['print_bound_enforce']=True. 
The bound(s) being violated now are:

C:\Users\MEO\Desktop\Projects\JetEngine\boomsonic_v0\.venv\Lib\site-packages\openmdao\solvers\linesearch\backtracking.py:35: SolverWarning:'OD0.turb.real_flow_b4bld.balance.T' exceeds upper bounds
  Val: [3202.10364211]
  Upper: [2500.]

C:\Users\MEO\Desktop\Projects\JetEngine\boomsonic_v0\.venv\Lib\site-packages\openmdao\solvers\solver.py:819: SolverWarning:Your model has stalled three times and may be violating the bounds. In the future, turn on print_bound_enforce in your solver options here: 
OD0.turb.real_flow.nonlinear_solver.linesearch.options['print_bound_enforce']=True. 
The bound(s) being violated now are:

C:\Users\MEO\Desktop\Projects\JetEngine\boomsonic_v0\.venv\Lib\site-packages\openmdao\solvers\linesearch\backtracking.py:35: SolverWarning:'OD0.turb.real_flow.balance.T' exceeds upper bounds
  Val: [3202.10364211]
  Upper: [2500.]

C:\Users\MEO\Desktop\Projects\JetEngine\boomsonic_v0\.venv\Lib\site-packages\pycycle\thermo\static_ps_resid.py:128: RuntimeWarning: invalid value encountered in sqrt
  Vsonic = (i['gamma']*i['R']*i['Ts'])**0.5
C:\Users\MEO\Desktop\Projects\JetEngine\boomsonic_v0\.venv\Lib\site-packages\openmdao\solvers\solver.py:819: SolverWarning:Your model has stalled three times and may be violating the bounds. In the future, turn on print_bound_enforce in your solver options here: 
OD0.nozz.throat_total.nonlinear_solver.linesearch.options['print_bound_enforce']=True. 
The bound(s) being violated now are:

C:\Users\MEO\Desktop\Projects\JetEngine\boomsonic_v0\.venv\Lib\site-packages\openmdao\solvers\linesearch\backtracking.py:35: SolverWarning:'OD0.nozz.throat_total.balance.T' exceeds upper bounds
  Val: [3202.10364211]
  Upper: [2500.]

C:\Users\MEO\Desktop\Projects\JetEngine\boomsonic_v0\.venv\Lib\site-packages\pycycle\thermo\static_ps_resid.py:108: RuntimeWarning: invalid value encountered in sqrt
  Vsonic = (i['gamma']*i['R']*i['Ts'])**0.5
C:\Users\MEO\Desktop\Projects\JetEngine\boomsonic_v0\.venv\Lib\site-packages\pycycle\thermo\static_ps_resid.py:108: RuntimeWarning: invalid value encountered in sqrt
  Vsonic = (i['gamma']*i['R']*i['Ts'])**0.5
C:\Users\MEO\Desktop\Projects\JetEngine\boomsonic_v0\.venv\Lib\site-packages\pycycle\thermo\static_ps_resid.py:108: RuntimeWarning: invalid value encountered in sqrt
  Vsonic = (i['gamma']*i['R']*i['Ts'])**0.5
C:\Users\MEO\Desktop\Projects\JetEngine\boomsonic_v0\.venv\Lib\site-packages\pycycle\thermo\static_ps_resid.py:108: RuntimeWarning: invalid value encountered in sqrt
  Vsonic = (i['gamma']*i['R']*i['Ts'])**0.5
C:\Users\MEO\Desktop\Projects\JetEngine\boomsonic_v0\.venv\Lib\site-packages\pycycle\thermo\static_ps_resid.py:108: RuntimeWarning: invalid value encountered in sqrt
  Vsonic = (i['gamma']*i['R']*i['Ts'])**0.5
C:\Users\MEO\Desktop\Projects\JetEngine\boomsonic_v0\.venv\Lib\site-packages\pycycle\thermo\static_ps_resid.py:108: RuntimeWarning: invalid value encountered in sqrt
  Vsonic = (i['gamma']*i['R']*i['Ts'])**0.5
C:\Users\MEO\Desktop\Projects\JetEngine\boomsonic_v0\.venv\Lib\site-packages\pycycle\thermo\static_ps_resid.py:108: RuntimeWarning: invalid value encountered in sqrt
  Vsonic = (i['gamma']*i['R']*i['Ts'])**0.5
C:\Users\MEO\Desktop\Projects\JetEngine\boomsonic_v0\.venv\Lib\site-packages\pycycle\thermo\static_ps_resid.py:128: RuntimeWarning: invalid value encountered in sqrt
  Vsonic = (i['gamma']*i['R']*i['Ts'])**0.5
C:\Users\MEO\Desktop\Projects\JetEngine\boomsonic_v0\.venv\Lib\site-packages\pycycle\thermo\static_ps_resid.py:108: RuntimeWarning: invalid value encountered in sqrt
  Vsonic = (i['gamma']*i['R']*i['Ts'])**0.5
C:\Users\MEO\Desktop\Projects\JetEngine\boomsonic_v0\.venv\Lib\site-packages\openmdao\solvers\solver.py:819: SolverWarning:Your model has stalled three times and may be violating the bounds. In the future, turn on print_bound_enforce in your solver options here: 
OD0.burner.vitiated_flow.nonlinear_solver.linesearch.options['print_bound_enforce']=True. 
The bound(s) being violated now are:

C:\Users\MEO\Desktop\Projects\JetEngine\boomsonic_v0\.venv\Lib\site-packages\openmdao\solvers\linesearch\backtracking.py:35: SolverWarning:'OD0.burner.vitiated_flow.balance.T' exceeds upper bounds
  Val: [3727.08115646]
  Upper: [2500.]

C:\Users\MEO\Desktop\Projects\JetEngine\boomsonic_v0\.venv\Lib\site-packages\pycycle\thermo\static_ps_resid.py:128: RuntimeWarning: invalid value encountered in sqrt
  Vsonic = (i['gamma']*i['R']*i['Ts'])**0.5
C:\Users\MEO\Desktop\Projects\JetEngine\boomsonic_v0\.venv\Lib\site-packages\pycycle\thermo\static_ps_resid.py:128: RuntimeWarning: invalid value encountered in sqrt
  Vsonic = (i['gamma']*i['R']*i['Ts'])**0.5
C:\Users\MEO\Desktop\Projects\JetEngine\boomsonic_v0\.venv\Lib\site-packages\pycycle\thermo\static_ps_resid.py:128: RuntimeWarning: invalid value encountered in sqrt
  Vsonic = (i['gamma']*i['R']*i['Ts'])**0.5
C:\Users\MEO\Desktop\Projects\JetEngine\boomsonic_v0\.venv\Lib\site-packages\pycycle\thermo\static_ps_resid.py:128: RuntimeWarning: invalid value encountered in sqrt
  Vsonic = (i['gamma']*i['R']*i['Ts'])**0.5
C:\Users\MEO\Desktop\Projects\JetEngine\boomsonic_v0\.venv\Lib\site-packages\pycycle\thermo\static_ps_resid.py:128: RuntimeWarning: invalid value encountered in sqrt
  Vsonic = (i['gamma']*i['R']*i['Ts'])**0.5
C:\Users\MEO\Desktop\Projects\JetEngine\boomsonic_v0\.venv\Lib\site-packages\pycycle\thermo\static_ps_resid.py:128: RuntimeWarning: invalid value encountered in sqrt
  Vsonic = (i['gamma']*i['R']*i['Ts'])**0.5
C:\Users\MEO\Desktop\Projects\JetEngine\boomsonic_v0\.venv\Lib\site-packages\pycycle\thermo\static_ps_resid.py:128: RuntimeWarning: invalid value encountered in sqrt
  Vsonic = (i['gamma']*i['R']*i['Ts'])**0.5
C:\Users\MEO\Desktop\Projects\JetEngine\boomsonic_v0\.venv\Lib\site-packages\pycycle\thermo\static_ps_resid.py:128: RuntimeWarning: invalid value encountered in sqrt
  Vsonic = (i['gamma']*i['R']*i['Ts'])**0.5
C:\Users\MEO\Desktop\Projects\JetEngine\boomsonic_v0\.venv\Lib\site-packages\pycycle\thermo\static_ps_resid.py:128: RuntimeWarning: invalid value encountered in sqrt
  Vsonic = (i['gamma']*i['R']*i['Ts'])**0.5
C:\Users\MEO\Desktop\Projects\JetEngine\boomsonic_v0\.venv\Lib\site-packages\openmdao\solvers\solver.py:819: SolverWarning:Your model has stalled three times and may be violating the bounds. In the future, turn on print_bound_enforce in your solver options here: 
OD0.turb.real_flow_b4bld.nonlinear_solver.linesearch.options['print_bound_enforce']=True. 
The bound(s) being violated now are:

C:\Users\MEO\Desktop\Projects\JetEngine\boomsonic_v0\.venv\Lib\site-packages\openmdao\solvers\linesearch\backtracking.py:35: SolverWarning:'OD0.turb.real_flow_b4bld.balance.T' exceeds upper bounds
  Val: [3202.10364211]
  Upper: [2500.]

C:\Users\MEO\Desktop\Projects\JetEngine\boomsonic_v0\.venv\Lib\site-packages\openmdao\solvers\solver.py:819: SolverWarning:Your model has stalled three times and may be violating the bounds. In the future, turn on print_bound_enforce in your solver options here: 
OD0.turb.real_flow.nonlinear_solver.linesearch.options['print_bound_enforce']=True. 
The bound(s) being violated now are:

C:\Users\MEO\Desktop\Projects\JetEngine\boomsonic_v0\.venv\Lib\site-packages\openmdao\solvers\linesearch\backtracking.py:35: SolverWarning:'OD0.turb.real_flow.balance.T' exceeds upper bounds
  Val: [3202.10364211]
  Upper: [2500.]

C:\Users\MEO\Desktop\Projects\JetEngine\boomsonic_v0\.venv\Lib\site-packages\openmdao\solvers\solver.py:819: SolverWarning:Your model has stalled three times and may be violating the bounds. In the future, turn on print_bound_enforce in your solver options here: 
OD0.nozz.throat_total.nonlinear_solver.linesearch.options['print_bound_enforce']=True. 
The bound(s) being violated now are:

C:\Users\MEO\Desktop\Projects\JetEngine\boomsonic_v0\.venv\Lib\site-packages\openmdao\solvers\linesearch\backtracking.py:35: SolverWarning:'OD0.nozz.throat_total.balance.T' exceeds upper bounds
  Val: [3202.10364211]
  Upper: [2500.]

C:\Users\MEO\Desktop\Projects\JetEngine\boomsonic_v0\.venv\Lib\site-packages\pycycle\thermo\static_ps_resid.py:108: RuntimeWarning: invalid value encountered in sqrt
  Vsonic = (i['gamma']*i['R']*i['Ts'])**0.5
C:\Users\MEO\Desktop\Projects\JetEngine\boomsonic_v0\.venv\Lib\site-packages\pycycle\thermo\static_ps_resid.py:108: RuntimeWarning: invalid value encountered in sqrt
  Vsonic = (i['gamma']*i['R']*i['Ts'])**0.5
C:\Users\MEO\Desktop\Projects\JetEngine\boomsonic_v0\.venv\Lib\site-packages\pycycle\thermo\static_ps_resid.py:108: RuntimeWarning: invalid value encountered in sqrt
  Vsonic = (i['gamma']*i['R']*i['Ts'])**0.5
C:\Users\MEO\Desktop\Projects\JetEngine\boomsonic_v0\.venv\Lib\site-packages\pycycle\thermo\static_ps_resid.py:108: RuntimeWarning: invalid value encountered in sqrt
  Vsonic = (i['gamma']*i['R']*i['Ts'])**0.5
C:\Users\MEO\Desktop\Projects\JetEngine\boomsonic_v0\.venv\Lib\site-packages\pycycle\thermo\static_ps_resid.py:108: RuntimeWarning: invalid value encountered in sqrt
  Vsonic = (i['gamma']*i['R']*i['Ts'])**0.5
C:\Users\MEO\Desktop\Projects\JetEngine\boomsonic_v0\.venv\Lib\site-packages\pycycle\thermo\static_ps_resid.py:128: RuntimeWarning: invalid value encountered in sqrt
  Vsonic = (i['gamma']*i['R']*i['Ts'])**0.5
C:\Users\MEO\Desktop\Projects\JetEngine\boomsonic_v0\.venv\Lib\site-packages\openmdao\solvers\solver.py:819: SolverWarning:Your model has stalled three times and may be violating the bounds. In the future, turn on print_bound_enforce in your solver options here: 
OD0.burner.vitiated_flow.nonlinear_solver.linesearch.options['print_bound_enforce']=True. 
The bound(s) being violated now are:

C:\Users\MEO\Desktop\Projects\JetEngine\boomsonic_v0\.venv\Lib\site-packages\openmdao\solvers\linesearch\backtracking.py:35: SolverWarning:'OD0.burner.vitiated_flow.balance.T' exceeds upper bounds
  Val: [3727.08115646]
  Upper: [2500.]

C:\Users\MEO\Desktop\Projects\JetEngine\boomsonic_v0\.venv\Lib\site-packages\pycycle\thermo\static_ps_resid.py:128: RuntimeWarning: invalid value encountered in sqrt
  Vsonic = (i['gamma']*i['R']*i['Ts'])**0.5
C:\Users\MEO\Desktop\Projects\JetEngine\boomsonic_v0\.venv\Lib\site-packages\pycycle\thermo\static_ps_resid.py:128: RuntimeWarning: invalid value encountered in sqrt
  Vsonic = (i['gamma']*i['R']*i['Ts'])**0.5
C:\Users\MEO\Desktop\Projects\JetEngine\boomsonic_v0\.venv\Lib\site-packages\pycycle\thermo\static_ps_resid.py:128: RuntimeWarning: invalid value encountered in sqrt
  Vsonic = (i['gamma']*i['R']*i['Ts'])**0.5
C:\Users\MEO\Desktop\Projects\JetEngine\boomsonic_v0\.venv\Lib\site-packages\pycycle\thermo\static_ps_resid.py:128: RuntimeWarning: invalid value encountered in sqrt
  Vsonic = (i['gamma']*i['R']*i['Ts'])**0.5
C:\Users\MEO\Desktop\Projects\JetEngine\boomsonic_v0\.venv\Lib\site-packages\pycycle\thermo\static_ps_resid.py:128: RuntimeWarning: invalid value encountered in sqrt
  Vsonic = (i['gamma']*i['R']*i['Ts'])**0.5
C:\Users\MEO\Desktop\Projects\JetEngine\boomsonic_v0\.venv\Lib\site-packages\pycycle\thermo\static_ps_resid.py:128: RuntimeWarning: invalid value encountered in sqrt
  Vsonic = (i['gamma']*i['R']*i['Ts'])**0.5
C:\Users\MEO\Desktop\Projects\JetEngine\boomsonic_v0\.venv\Lib\site-packages\pycycle\thermo\static_ps_resid.py:128: RuntimeWarning: invalid value encountered in sqrt
  Vsonic = (i['gamma']*i['R']*i['Ts'])**0.5
C:\Users\MEO\Desktop\Projects\JetEngine\boomsonic_v0\.venv\Lib\site-packages\pycycle\thermo\static_ps_resid.py:128: RuntimeWarning: invalid value encountered in sqrt
  Vsonic = (i['gamma']*i['R']*i['Ts'])**0.5
C:\Users\MEO\Desktop\Projects\JetEngine\boomsonic_v0\.venv\Lib\site-packages\pycycle\thermo\static_ps_resid.py:128: RuntimeWarning: invalid value encountered in sqrt
  Vsonic = (i['gamma']*i['R']*i['Ts'])**0.5
C:\Users\MEO\Desktop\Projects\JetEngine\boomsonic_v0\.venv\Lib\site-packages\openmdao\solvers\solver.py:819: SolverWarning:Your model has stalled three times and may be violating the bounds. In the future, turn on print_bound_enforce in your solver options here: 
OD0.turb.real_flow_b4bld.nonlinear_solver.linesearch.options['print_bound_enforce']=True. 
The bound(s) being violated now are:

C:\Users\MEO\Desktop\Projects\JetEngine\boomsonic_v0\.venv\Lib\site-packages\openmdao\solvers\linesearch\backtracking.py:35: SolverWarning:'OD0.turb.real_flow_b4bld.balance.T' exceeds upper bounds
  Val: [3202.10364211]
  Upper: [2500.]

C:\Users\MEO\Desktop\Projects\JetEngine\boomsonic_v0\.venv\Lib\site-packages\openmdao\solvers\solver.py:819: SolverWarning:Your model has stalled three times and may be violating the bounds. In the future, turn on print_bound_enforce in your solver options here: 
OD0.turb.real_flow.nonlinear_solver.linesearch.options['print_bound_enforce']=True. 
The bound(s) being violated now are:

C:\Users\MEO\Desktop\Projects\JetEngine\boomsonic_v0\.venv\Lib\site-packages\openmdao\solvers\linesearch\backtracking.py:35: SolverWarning:'OD0.turb.real_flow.balance.T' exceeds upper bounds
  Val: [3202.10364211]
  Upper: [2500.]

C:\Users\MEO\Desktop\Projects\JetEngine\boomsonic_v0\.venv\Lib\site-packages\openmdao\solvers\solver.py:819: SolverWarning:Your model has stalled three times and may be violating the bounds. In the future, turn on print_bound_enforce in your solver options here: 
OD0.nozz.throat_total.nonlinear_solver.linesearch.options['print_bound_enforce']=True. 
The bound(s) being violated now are:

C:\Users\MEO\Desktop\Projects\JetEngine\boomsonic_v0\.venv\Lib\site-packages\openmdao\solvers\linesearch\backtracking.py:35: SolverWarning:'OD0.nozz.throat_total.balance.T' exceeds upper bounds
  Val: [3202.10364211]
  Upper: [2500.]

C:\Users\MEO\Desktop\Projects\JetEngine\boomsonic_v0\.venv\Lib\site-packages\pycycle\thermo\static_ps_resid.py:108: RuntimeWarning: invalid value encountered in sqrt
  Vsonic = (i['gamma']*i['R']*i['Ts'])**0.5
C:\Users\MEO\Desktop\Projects\JetEngine\boomsonic_v0\.venv\Lib\site-packages\pycycle\thermo\static_ps_resid.py:108: RuntimeWarning: invalid value encountered in sqrt
  Vsonic = (i['gamma']*i['R']*i['Ts'])**0.5
C:\Users\MEO\Desktop\Projects\JetEngine\boomsonic_v0\.venv\Lib\site-packages\pycycle\thermo\static_ps_resid.py:108: RuntimeWarning: invalid value encountered in sqrt
  Vsonic = (i['gamma']*i['R']*i['Ts'])**0.5
C:\Users\MEO\Desktop\Projects\JetEngine\boomsonic_v0\.venv\Lib\site-packages\pycycle\thermo\static_ps_resid.py:108: RuntimeWarning: invalid value encountered in sqrt
  Vsonic = (i['gamma']*i['R']*i['Ts'])**0.5
C:\Users\MEO\Desktop\Projects\JetEngine\boomsonic_v0\.venv\Lib\site-packages\pycycle\thermo\static_ps_resid.py:108: RuntimeWarning: invalid value encountered in sqrt
  Vsonic = (i['gamma']*i['R']*i['Ts'])**0.5
C:\Users\MEO\Desktop\Projects\JetEngine\boomsonic_v0\.venv\Lib\site-packages\pycycle\thermo\static_ps_resid.py:128: RuntimeWarning: invalid value encountered in sqrt
  Vsonic = (i['gamma']*i['R']*i['Ts'])**0.5
C:\Users\MEO\Desktop\Projects\JetEngine\boomsonic_v0\.venv\Lib\site-packages\openmdao\solvers\solver.py:819: SolverWarning:Your model has stalled three times and may be violating the bounds. In the future, turn on print_bound_enforce in your solver options here: 
OD0.burner.vitiated_flow.nonlinear_solver.linesearch.options['print_bound_enforce']=True. 
The bound(s) being violated now are:

C:\Users\MEO\Desktop\Projects\JetEngine\boomsonic_v0\.venv\Lib\site-packages\openmdao\solvers\linesearch\backtracking.py:35: SolverWarning:'OD0.burner.vitiated_flow.balance.T' exceeds upper bounds
  Val: [3727.08115646]
  Upper: [2500.]

C:\Users\MEO\Desktop\Projects\JetEngine\boomsonic_v0\.venv\Lib\site-packages\pycycle\thermo\static_ps_resid.py:128: RuntimeWarning: invalid value encountered in sqrt
  Vsonic = (i['gamma']*i['R']*i['Ts'])**0.5
C:\Users\MEO\Desktop\Projects\JetEngine\boomsonic_v0\.venv\Lib\site-packages\pycycle\thermo\static_ps_resid.py:128: RuntimeWarning: invalid value encountered in sqrt
  Vsonic = (i['gamma']*i['R']*i['Ts'])**0.5
C:\Users\MEO\Desktop\Projects\JetEngine\boomsonic_v0\.venv\Lib\site-packages\pycycle\thermo\static_ps_resid.py:128: RuntimeWarning: invalid value encountered in sqrt
  Vsonic = (i['gamma']*i['R']*i['Ts'])**0.5
C:\Users\MEO\Desktop\Projects\JetEngine\boomsonic_v0\.venv\Lib\site-packages\pycycle\thermo\static_ps_resid.py:128: RuntimeWarning: invalid value encountered in sqrt
  Vsonic = (i['gamma']*i['R']*i['Ts'])**0.5
C:\Users\MEO\Desktop\Projects\JetEngine\boomsonic_v0\.venv\Lib\site-packages\pycycle\thermo\static_ps_resid.py:128: RuntimeWarning: invalid value encountered in sqrt
  Vsonic = (i['gamma']*i['R']*i['Ts'])**0.5
C:\Users\MEO\Desktop\Projects\JetEngine\boomsonic_v0\.venv\Lib\site-packages\pycycle\thermo\static_ps_resid.py:128: RuntimeWarning: invalid value encountered in sqrt
  Vsonic = (i['gamma']*i['R']*i['Ts'])**0.5
C:\Users\MEO\Desktop\Projects\JetEngine\boomsonic_v0\.venv\Lib\site-packages\pycycle\thermo\static_ps_resid.py:128: RuntimeWarning: invalid value encountered in sqrt
  Vsonic = (i['gamma']*i['R']*i['Ts'])**0.5
C:\Users\MEO\Desktop\Projects\JetEngine\boomsonic_v0\.venv\Lib\site-packages\pycycle\thermo\static_ps_resid.py:128: RuntimeWarning: invalid value encountered in sqrt
  Vsonic = (i['gamma']*i['R']*i['Ts'])**0.5
C:\Users\MEO\Desktop\Projects\JetEngine\boomsonic_v0\.venv\Lib\site-packages\pycycle\thermo\static_ps_resid.py:128: RuntimeWarning: invalid value encountered in sqrt
  Vsonic = (i['gamma']*i['R']*i['Ts'])**0.5
C:\Users\MEO\Desktop\Projects\JetEngine\boomsonic_v0\.venv\Lib\site-packages\openmdao\solvers\solver.py:819: SolverWarning:Your model has stalled three times and may be violating the bounds. In the future, turn on print_bound_enforce in your solver options here: 
OD0.turb.real_flow_b4bld.nonlinear_solver.linesearch.options['print_bound_enforce']=True. 
The bound(s) being violated now are:

C:\Users\MEO\Desktop\Projects\JetEngine\boomsonic_v0\.venv\Lib\site-packages\openmdao\solvers\linesearch\backtracking.py:35: SolverWarning:'OD0.turb.real_flow_b4bld.balance.T' exceeds upper bounds
  Val: [3202.10364211]
  Upper: [2500.]

C:\Users\MEO\Desktop\Projects\JetEngine\boomsonic_v0\.venv\Lib\site-packages\openmdao\solvers\solver.py:819: SolverWarning:Your model has stalled three times and may be violating the bounds. In the future, turn on print_bound_enforce in your solver options here: 
OD0.turb.real_flow.nonlinear_solver.linesearch.options['print_bound_enforce']=True. 
The bound(s) being violated now are:

C:\Users\MEO\Desktop\Projects\JetEngine\boomsonic_v0\.venv\Lib\site-packages\openmdao\solvers\linesearch\backtracking.py:35: SolverWarning:'OD0.turb.real_flow.balance.T' exceeds upper bounds
  Val: [3202.10364211]
  Upper: [2500.]

C:\Users\MEO\Desktop\Projects\JetEngine\boomsonic_v0\.venv\Lib\site-packages\openmdao\solvers\solver.py:819: SolverWarning:Your model has stalled three times and may be violating the bounds. In the future, turn on print_bound_enforce in your solver options here: 
OD0.nozz.throat_total.nonlinear_solver.linesearch.options['print_bound_enforce']=True. 
The bound(s) being violated now are:

C:\Users\MEO\Desktop\Projects\JetEngine\boomsonic_v0\.venv\Lib\site-packages\openmdao\solvers\linesearch\backtracking.py:35: SolverWarning:'OD0.nozz.throat_total.balance.T' exceeds upper bounds
  Val: [3202.10364211]
  Upper: [2500.]

C:\Users\MEO\Desktop\Projects\JetEngine\boomsonic_v0\.venv\Lib\site-packages\pycycle\thermo\static_ps_resid.py:108: RuntimeWarning: invalid value encountered in sqrt
  Vsonic = (i['gamma']*i['R']*i['Ts'])**0.5
C:\Users\MEO\Desktop\Projects\JetEngine\boomsonic_v0\.venv\Lib\site-packages\pycycle\thermo\static_ps_resid.py:108: RuntimeWarning: invalid value encountered in sqrt
  Vsonic = (i['gamma']*i['R']*i['Ts'])**0.5
C:\Users\MEO\Desktop\Projects\JetEngine\boomsonic_v0\.venv\Lib\site-packages\pycycle\thermo\static_ps_resid.py:108: RuntimeWarning: invalid value encountered in sqrt
  Vsonic = (i['gamma']*i['R']*i['Ts'])**0.5
C:\Users\MEO\Desktop\Projects\JetEngine\boomsonic_v0\.venv\Lib\site-packages\pycycle\thermo\static_ps_resid.py:108: RuntimeWarning: invalid value encountered in sqrt
  Vsonic = (i['gamma']*i['R']*i['Ts'])**0.5
C:\Users\MEO\Desktop\Projects\JetEngine\boomsonic_v0\.venv\Lib\site-packages\pycycle\thermo\static_ps_resid.py:108: RuntimeWarning: invalid value encountered in sqrt
  Vsonic = (i['gamma']*i['R']*i['Ts'])**0.5
C:\Users\MEO\Desktop\Projects\JetEngine\boomsonic_v0\.venv\Lib\site-packages\pycycle\thermo\static_ps_resid.py:128: RuntimeWarning: invalid value encountered in sqrt
  Vsonic = (i['gamma']*i['R']*i['Ts'])**0.5
C:\Users\MEO\Desktop\Projects\JetEngine\boomsonic_v0\.venv\Lib\site-packages\openmdao\solvers\solver.py:819: SolverWarning:Your model has stalled three times and may be violating the bounds. In the future, turn on print_bound_enforce in your solver options here: 
OD0.burner.vitiated_flow.nonlinear_solver.linesearch.options['print_bound_enforce']=True. 
The bound(s) being violated now are:

C:\Users\MEO\Desktop\Projects\JetEngine\boomsonic_v0\.venv\Lib\site-packages\openmdao\solvers\linesearch\backtracking.py:35: SolverWarning:'OD0.burner.vitiated_flow.balance.T' exceeds upper bounds
  Val: [3727.08115646]
  Upper: [2500.]

C:\Users\MEO\Desktop\Projects\JetEngine\boomsonic_v0\.venv\Lib\site-packages\pycycle\thermo\static_ps_resid.py:128: RuntimeWarning: invalid value encountered in sqrt
  Vsonic = (i['gamma']*i['R']*i['Ts'])**0.5
C:\Users\MEO\Desktop\Projects\JetEngine\boomsonic_v0\.venv\Lib\site-packages\pycycle\thermo\static_ps_resid.py:128: RuntimeWarning: invalid value encountered in sqrt
  Vsonic = (i['gamma']*i['R']*i['Ts'])**0.5
C:\Users\MEO\Desktop\Projects\JetEngine\boomsonic_v0\.venv\Lib\site-packages\pycycle\thermo\static_ps_resid.py:128: RuntimeWarning: invalid value encountered in sqrt
  Vsonic = (i['gamma']*i['R']*i['Ts'])**0.5
C:\Users\MEO\Desktop\Projects\JetEngine\boomsonic_v0\.venv\Lib\site-packages\pycycle\thermo\static_ps_resid.py:128: RuntimeWarning: invalid value encountered in sqrt
  Vsonic = (i['gamma']*i['R']*i['Ts'])**0.5
C:\Users\MEO\Desktop\Projects\JetEngine\boomsonic_v0\.venv\Lib\site-packages\pycycle\thermo\static_ps_resid.py:128: RuntimeWarning: invalid value encountered in sqrt
  Vsonic = (i['gamma']*i['R']*i['Ts'])**0.5
C:\Users\MEO\Desktop\Projects\JetEngine\boomsonic_v0\.venv\Lib\site-packages\pycycle\thermo\static_ps_resid.py:128: RuntimeWarning: invalid value encountered in sqrt
  Vsonic = (i['gamma']*i['R']*i['Ts'])**0.5
C:\Users\MEO\Desktop\Projects\JetEngine\boomsonic_v0\.venv\Lib\site-packages\pycycle\thermo\static_ps_resid.py:128: RuntimeWarning: invalid value encountered in sqrt
  Vsonic = (i['gamma']*i['R']*i['Ts'])**0.5
C:\Users\MEO\Desktop\Projects\JetEngine\boomsonic_v0\.venv\Lib\site-packages\pycycle\thermo\static_ps_resid.py:128: RuntimeWarning: invalid value encountered in sqrt
  Vsonic = (i['gamma']*i['R']*i['Ts'])**0.5
C:\Users\MEO\Desktop\Projects\JetEngine\boomsonic_v0\.venv\Lib\site-packages\pycycle\thermo\static_ps_resid.py:128: RuntimeWarning: invalid value encountered in sqrt
  Vsonic = (i['gamma']*i['R']*i['Ts'])**0.5
C:\Users\MEO\Desktop\Projects\JetEngine\boomsonic_v0\.venv\Lib\site-packages\openmdao\solvers\solver.py:819: SolverWarning:Your model has stalled three times and may be violating the bounds. In the future, turn on print_bound_enforce in your solver options here: 
OD0.turb.real_flow_b4bld.nonlinear_solver.linesearch.options['print_bound_enforce']=True. 
The bound(s) being violated now are:

C:\Users\MEO\Desktop\Projects\JetEngine\boomsonic_v0\.venv\Lib\site-packages\openmdao\solvers\linesearch\backtracking.py:35: SolverWarning:'OD0.turb.real_flow_b4bld.balance.T' exceeds upper bounds
  Val: [3202.10364211]
  Upper: [2500.]

C:\Users\MEO\Desktop\Projects\JetEngine\boomsonic_v0\.venv\Lib\site-packages\openmdao\solvers\solver.py:819: SolverWarning:Your model has stalled three times and may be violating the bounds. In the future, turn on print_bound_enforce in your solver options here: 
OD0.turb.real_flow.nonlinear_solver.linesearch.options['print_bound_enforce']=True. 
The bound(s) being violated now are:

C:\Users\MEO\Desktop\Projects\JetEngine\boomsonic_v0\.venv\Lib\site-packages\openmdao\solvers\linesearch\backtracking.py:35: SolverWarning:'OD0.turb.real_flow.balance.T' exceeds upper bounds
  Val: [3202.10364211]
  Upper: [2500.]

C:\Users\MEO\Desktop\Projects\JetEngine\boomsonic_v0\.venv\Lib\site-packages\openmdao\solvers\solver.py:819: SolverWarning:Your model has stalled three times and may be violating the bounds. In the future, turn on print_bound_enforce in your solver options here: 
OD0.nozz.throat_total.nonlinear_solver.linesearch.options['print_bound_enforce']=True. 
The bound(s) being violated now are:

C:\Users\MEO\Desktop\Projects\JetEngine\boomsonic_v0\.venv\Lib\site-packages\openmdao\solvers\linesearch\backtracking.py:35: SolverWarning:'OD0.nozz.throat_total.balance.T' exceeds upper bounds
  Val: [3202.10364211]
  Upper: [2500.]

C:\Users\MEO\Desktop\Projects\JetEngine\boomsonic_v0\.venv\Lib\site-packages\pycycle\thermo\static_ps_resid.py:108: RuntimeWarning: invalid value encountered in sqrt
  Vsonic = (i['gamma']*i['R']*i['Ts'])**0.5
C:\Users\MEO\Desktop\Projects\JetEngine\boomsonic_v0\.venv\Lib\site-packages\pycycle\thermo\static_ps_resid.py:108: RuntimeWarning: invalid value encountered in sqrt
  Vsonic = (i['gamma']*i['R']*i['Ts'])**0.5
C:\Users\MEO\Desktop\Projects\JetEngine\boomsonic_v0\.venv\Lib\site-packages\pycycle\thermo\static_ps_resid.py:108: RuntimeWarning: invalid value encountered in sqrt
  Vsonic = (i['gamma']*i['R']*i['Ts'])**0.5
C:\Users\MEO\Desktop\Projects\JetEngine\boomsonic_v0\.venv\Lib\site-packages\pycycle\thermo\static_ps_resid.py:108: RuntimeWarning: invalid value encountered in sqrt
  Vsonic = (i['gamma']*i['R']*i['Ts'])**0.5
C:\Users\MEO\Desktop\Projects\JetEngine\boomsonic_v0\.venv\Lib\site-packages\pycycle\thermo\static_ps_resid.py:108: RuntimeWarning: invalid value encountered in sqrt
  Vsonic = (i['gamma']*i['R']*i['Ts'])**0.5
C:\Users\MEO\Desktop\Projects\JetEngine\boomsonic_v0\.venv\Lib\site-packages\pycycle\thermo\static_ps_resid.py:128: RuntimeWarning: invalid value encountered in sqrt
  Vsonic = (i['gamma']*i['R']*i['Ts'])**0.5
C:\Users\MEO\Desktop\Projects\JetEngine\boomsonic_v0\.venv\Lib\site-packages\openmdao\solvers\solver.py:819: SolverWarning:Your model has stalled three times and may be violating the bounds. In the future, turn on print_bound_enforce in your solver options here: 
OD0.burner.vitiated_flow.nonlinear_solver.linesearch.options['print_bound_enforce']=True. 
The bound(s) being violated now are:

C:\Users\MEO\Desktop\Projects\JetEngine\boomsonic_v0\.venv\Lib\site-packages\openmdao\solvers\linesearch\backtracking.py:35: SolverWarning:'OD0.burner.vitiated_flow.balance.T' exceeds upper bounds
  Val: [3727.08115646]
  Upper: [2500.]

C:\Users\MEO\Desktop\Projects\JetEngine\boomsonic_v0\.venv\Lib\site-packages\pycycle\thermo\static_ps_resid.py:128: RuntimeWarning: invalid value encountered in sqrt
  Vsonic = (i['gamma']*i['R']*i['Ts'])**0.5
C:\Users\MEO\Desktop\Projects\JetEngine\boomsonic_v0\.venv\Lib\site-packages\pycycle\thermo\static_ps_resid.py:128: RuntimeWarning: invalid value encountered in sqrt
  Vsonic = (i['gamma']*i['R']*i['Ts'])**0.5
C:\Users\MEO\Desktop\Projects\JetEngine\boomsonic_v0\.venv\Lib\site-packages\pycycle\thermo\static_ps_resid.py:128: RuntimeWarning: invalid value encountered in sqrt
  Vsonic = (i['gamma']*i['R']*i['Ts'])**0.5
C:\Users\MEO\Desktop\Projects\JetEngine\boomsonic_v0\.venv\Lib\site-packages\pycycle\thermo\static_ps_resid.py:128: RuntimeWarning: invalid value encountered in sqrt
  Vsonic = (i['gamma']*i['R']*i['Ts'])**0.5
C:\Users\MEO\Desktop\Projects\JetEngine\boomsonic_v0\.venv\Lib\site-packages\pycycle\thermo\static_ps_resid.py:128: RuntimeWarning: invalid value encountered in sqrt
  Vsonic = (i['gamma']*i['R']*i['Ts'])**0.5
C:\Users\MEO\Desktop\Projects\JetEngine\boomsonic_v0\.venv\Lib\site-packages\pycycle\thermo\static_ps_resid.py:128: RuntimeWarning: invalid value encountered in sqrt
  Vsonic = (i['gamma']*i['R']*i['Ts'])**0.5
C:\Users\MEO\Desktop\Projects\JetEngine\boomsonic_v0\.venv\Lib\site-packages\pycycle\thermo\static_ps_resid.py:128: RuntimeWarning: invalid value encountered in sqrt
  Vsonic = (i['gamma']*i['R']*i['Ts'])**0.5
C:\Users\MEO\Desktop\Projects\JetEngine\boomsonic_v0\.venv\Lib\site-packages\pycycle\thermo\static_ps_resid.py:128: RuntimeWarning: invalid value encountered in sqrt
  Vsonic = (i['gamma']*i['R']*i['Ts'])**0.5
C:\Users\MEO\Desktop\Projects\JetEngine\boomsonic_v0\.venv\Lib\site-packages\pycycle\thermo\static_ps_resid.py:128: RuntimeWarning: invalid value encountered in sqrt
  Vsonic = (i['gamma']*i['R']*i['Ts'])**0.5
C:\Users\MEO\Desktop\Projects\JetEngine\boomsonic_v0\.venv\Lib\site-packages\openmdao\solvers\solver.py:819: SolverWarning:Your model has stalled three times and may be violating the bounds. In the future, turn on print_bound_enforce in your solver options here: 
OD0.turb.real_flow_b4bld.nonlinear_solver.linesearch.options['print_bound_enforce']=True. 
The bound(s) being violated now are:

C:\Users\MEO\Desktop\Projects\JetEngine\boomsonic_v0\.venv\Lib\site-packages\openmdao\solvers\linesearch\backtracking.py:35: SolverWarning:'OD0.turb.real_flow_b4bld.balance.T' exceeds upper bounds
  Val: [3202.10364211]
  Upper: [2500.]

C:\Users\MEO\Desktop\Projects\JetEngine\boomsonic_v0\.venv\Lib\site-packages\openmdao\solvers\solver.py:819: SolverWarning:Your model has stalled three times and may be violating the bounds. In the future, turn on print_bound_enforce in your solver options here: 
OD0.turb.real_flow.nonlinear_solver.linesearch.options['print_bound_enforce']=True. 
The bound(s) being violated now are:

C:\Users\MEO\Desktop\Projects\JetEngine\boomsonic_v0\.venv\Lib\site-packages\openmdao\solvers\linesearch\backtracking.py:35: SolverWarning:'OD0.turb.real_flow.balance.T' exceeds upper bounds
  Val: [3202.10364211]
  Upper: [2500.]

C:\Users\MEO\Desktop\Projects\JetEngine\boomsonic_v0\.venv\Lib\site-packages\openmdao\solvers\solver.py:819: SolverWarning:Your model has stalled three times and may be violating the bounds. In the future, turn on print_bound_enforce in your solver options here: 
OD0.nozz.throat_total.nonlinear_solver.linesearch.options['print_bound_enforce']=True. 
The bound(s) being violated now are:

C:\Users\MEO\Desktop\Projects\JetEngine\boomsonic_v0\.venv\Lib\site-packages\openmdao\solvers\linesearch\backtracking.py:35: SolverWarning:'OD0.nozz.throat_total.balance.T' exceeds upper bounds
  Val: [3202.10364211]
  Upper: [2500.]

C:\Users\MEO\Desktop\Projects\JetEngine\boomsonic_v0\.venv\Lib\site-packages\pycycle\thermo\static_ps_resid.py:108: RuntimeWarning: invalid value encountered in sqrt
  Vsonic = (i['gamma']*i['R']*i['Ts'])**0.5
C:\Users\MEO\Desktop\Projects\JetEngine\boomsonic_v0\.venv\Lib\site-packages\pycycle\thermo\static_ps_resid.py:108: RuntimeWarning: invalid value encountered in sqrt
  Vsonic = (i['gamma']*i['R']*i['Ts'])**0.5
C:\Users\MEO\Desktop\Projects\JetEngine\boomsonic_v0\.venv\Lib\site-packages\pycycle\thermo\static_ps_resid.py:108: RuntimeWarning: invalid value encountered in sqrt
  Vsonic = (i['gamma']*i['R']*i['Ts'])**0.5
C:\Users\MEO\Desktop\Projects\JetEngine\boomsonic_v0\.venv\Lib\site-packages\pycycle\thermo\static_ps_resid.py:108: RuntimeWarning: invalid value encountered in sqrt
  Vsonic = (i['gamma']*i['R']*i['Ts'])**0.5
C:\Users\MEO\Desktop\Projects\JetEngine\boomsonic_v0\.venv\Lib\site-packages\pycycle\thermo\static_ps_resid.py:108: RuntimeWarning: invalid value encountered in sqrt
  Vsonic = (i['gamma']*i['R']*i['Ts'])**0.5
C:\Users\MEO\Desktop\Projects\JetEngine\boomsonic_v0\.venv\Lib\site-packages\pycycle\thermo\static_ps_resid.py:128: RuntimeWarning: invalid value encountered in sqrt
  Vsonic = (i['gamma']*i['R']*i['Ts'])**0.5
C:\Users\MEO\Desktop\Projects\JetEngine\boomsonic_v0\.venv\Lib\site-packages\openmdao\solvers\solver.py:819: SolverWarning:Your model has stalled three times and may be violating the bounds. In the future, turn on print_bound_enforce in your solver options here: 
OD0.burner.vitiated_flow.nonlinear_solver.linesearch.options['print_bound_enforce']=True. 
The bound(s) being violated now are:

C:\Users\MEO\Desktop\Projects\JetEngine\boomsonic_v0\.venv\Lib\site-packages\openmdao\solvers\linesearch\backtracking.py:35: SolverWarning:'OD0.burner.vitiated_flow.balance.T' exceeds upper bounds
  Val: [3727.08115646]
  Upper: [2500.]

C:\Users\MEO\Desktop\Projects\JetEngine\boomsonic_v0\.venv\Lib\site-packages\pycycle\thermo\static_ps_resid.py:128: RuntimeWarning: invalid value encountered in sqrt
  Vsonic = (i['gamma']*i['R']*i['Ts'])**0.5
C:\Users\MEO\Desktop\Projects\JetEngine\boomsonic_v0\.venv\Lib\site-packages\pycycle\thermo\static_ps_resid.py:128: RuntimeWarning: invalid value encountered in sqrt
  Vsonic = (i['gamma']*i['R']*i['Ts'])**0.5
C:\Users\MEO\Desktop\Projects\JetEngine\boomsonic_v0\.venv\Lib\site-packages\pycycle\thermo\static_ps_resid.py:128: RuntimeWarning: invalid value encountered in sqrt
  Vsonic = (i['gamma']*i['R']*i['Ts'])**0.5
C:\Users\MEO\Desktop\Projects\JetEngine\boomsonic_v0\.venv\Lib\site-packages\pycycle\thermo\static_ps_resid.py:128: RuntimeWarning: invalid value encountered in sqrt
  Vsonic = (i['gamma']*i['R']*i['Ts'])**0.5
C:\Users\MEO\Desktop\Projects\JetEngine\boomsonic_v0\.venv\Lib\site-packages\pycycle\thermo\static_ps_resid.py:128: RuntimeWarning: invalid value encountered in sqrt
  Vsonic = (i['gamma']*i['R']*i['Ts'])**0.5
C:\Users\MEO\Desktop\Projects\JetEngine\boomsonic_v0\.venv\Lib\site-packages\pycycle\thermo\static_ps_resid.py:128: RuntimeWarning: invalid value encountered in sqrt
  Vsonic = (i['gamma']*i['R']*i['Ts'])**0.5
C:\Users\MEO\Desktop\Projects\JetEngine\boomsonic_v0\.venv\Lib\site-packages\pycycle\thermo\static_ps_resid.py:128: RuntimeWarning: invalid value encountered in sqrt
  Vsonic = (i['gamma']*i['R']*i['Ts'])**0.5
C:\Users\MEO\Desktop\Projects\JetEngine\boomsonic_v0\.venv\Lib\site-packages\pycycle\thermo\static_ps_resid.py:128: RuntimeWarning: invalid value encountered in sqrt
  Vsonic = (i['gamma']*i['R']*i['Ts'])**0.5
C:\Users\MEO\Desktop\Projects\JetEngine\boomsonic_v0\.venv\Lib\site-packages\pycycle\thermo\static_ps_resid.py:128: RuntimeWarning: invalid value encountered in sqrt
  Vsonic = (i['gamma']*i['R']*i['Ts'])**0.5
C:\Users\MEO\Desktop\Projects\JetEngine\boomsonic_v0\.venv\Lib\site-packages\openmdao\solvers\solver.py:819: SolverWarning:Your model has stalled three times and may be violating the bounds. In the future, turn on print_bound_enforce in your solver options here: 
OD0.turb.real_flow_b4bld.nonlinear_solver.linesearch.options['print_bound_enforce']=True. 
The bound(s) being violated now are:

C:\Users\MEO\Desktop\Projects\JetEngine\boomsonic_v0\.venv\Lib\site-packages\openmdao\solvers\linesearch\backtracking.py:35: SolverWarning:'OD0.turb.real_flow_b4bld.balance.T' exceeds upper bounds
  Val: [3202.10364211]
  Upper: [2500.]

C:\Users\MEO\Desktop\Projects\JetEngine\boomsonic_v0\.venv\Lib\site-packages\openmdao\solvers\solver.py:819: SolverWarning:Your model has stalled three times and may be violating the bounds. In the future, turn on print_bound_enforce in your solver options here: 
OD0.turb.real_flow.nonlinear_solver.linesearch.options['print_bound_enforce']=True. 
The bound(s) being violated now are:

C:\Users\MEO\Desktop\Projects\JetEngine\boomsonic_v0\.venv\Lib\site-packages\openmdao\solvers\linesearch\backtracking.py:35: SolverWarning:'OD0.turb.real_flow.balance.T' exceeds upper bounds
  Val: [3202.10364211]
  Upper: [2500.]

C:\Users\MEO\Desktop\Projects\JetEngine\boomsonic_v0\.venv\Lib\site-packages\openmdao\solvers\solver.py:819: SolverWarning:Your model has stalled three times and may be violating the bounds. In the future, turn on print_bound_enforce in your solver options here: 
OD0.nozz.throat_total.nonlinear_solver.linesearch.options['print_bound_enforce']=True. 
The bound(s) being violated now are:

C:\Users\MEO\Desktop\Projects\JetEngine\boomsonic_v0\.venv\Lib\site-packages\openmdao\solvers\linesearch\backtracking.py:35: SolverWarning:'OD0.nozz.throat_total.balance.T' exceeds upper bounds
  Val: [3202.10364211]
  Upper: [2500.]

C:\Users\MEO\Desktop\Projects\JetEngine\boomsonic_v0\.venv\Lib\site-packages\pycycle\thermo\static_ps_resid.py:108: RuntimeWarning: invalid value encountered in sqrt
  Vsonic = (i['gamma']*i['R']*i['Ts'])**0.5
C:\Users\MEO\Desktop\Projects\JetEngine\boomsonic_v0\.venv\Lib\site-packages\pycycle\thermo\static_ps_resid.py:108: RuntimeWarning: invalid value encountered in sqrt
  Vsonic = (i['gamma']*i['R']*i['Ts'])**0.5
C:\Users\MEO\Desktop\Projects\JetEngine\boomsonic_v0\.venv\Lib\site-packages\pycycle\thermo\static_ps_resid.py:108: RuntimeWarning: invalid value encountered in sqrt
  Vsonic = (i['gamma']*i['R']*i['Ts'])**0.5
C:\Users\MEO\Desktop\Projects\JetEngine\boomsonic_v0\.venv\Lib\site-packages\pycycle\thermo\static_ps_resid.py:108: RuntimeWarning: invalid value encountered in sqrt
  Vsonic = (i['gamma']*i['R']*i['Ts'])**0.5
C:\Users\MEO\Desktop\Projects\JetEngine\boomsonic_v0\.venv\Lib\site-packages\pycycle\thermo\static_ps_resid.py:108: RuntimeWarning: invalid value encountered in sqrt
  Vsonic = (i['gamma']*i['R']*i['Ts'])**0.5
C:\Users\MEO\Desktop\Projects\JetEngine\boomsonic_v0\.venv\Lib\site-packages\pycycle\thermo\static_ps_resid.py:128: RuntimeWarning: invalid value encountered in sqrt
  Vsonic = (i['gamma']*i['R']*i['Ts'])**0.5
C:\Users\MEO\Desktop\Projects\JetEngine\boomsonic_v0\.venv\Lib\site-packages\openmdao\solvers\solver.py:819: SolverWarning:Your model has stalled three times and may be violating the bounds. In the future, turn on print_bound_enforce in your solver options here: 
OD0.burner.vitiated_flow.nonlinear_solver.linesearch.options['print_bound_enforce']=True. 
The bound(s) being violated now are:

C:\Users\MEO\Desktop\Projects\JetEngine\boomsonic_v0\.venv\Lib\site-packages\openmdao\solvers\linesearch\backtracking.py:35: SolverWarning:'OD0.burner.vitiated_flow.balance.T' exceeds upper bounds
  Val: [3727.08115646]
  Upper: [2500.]

C:\Users\MEO\Desktop\Projects\JetEngine\boomsonic_v0\.venv\Lib\site-packages\pycycle\thermo\static_ps_resid.py:128: RuntimeWarning: invalid value encountered in sqrt
  Vsonic = (i['gamma']*i['R']*i['Ts'])**0.5
C:\Users\MEO\Desktop\Projects\JetEngine\boomsonic_v0\.venv\Lib\site-packages\pycycle\thermo\static_ps_resid.py:128: RuntimeWarning: invalid value encountered in sqrt
  Vsonic = (i['gamma']*i['R']*i['Ts'])**0.5
C:\Users\MEO\Desktop\Projects\JetEngine\boomsonic_v0\.venv\Lib\site-packages\pycycle\thermo\static_ps_resid.py:128: RuntimeWarning: invalid value encountered in sqrt
  Vsonic = (i['gamma']*i['R']*i['Ts'])**0.5
C:\Users\MEO\Desktop\Projects\JetEngine\boomsonic_v0\.venv\Lib\site-packages\pycycle\thermo\static_ps_resid.py:128: RuntimeWarning: invalid value encountered in sqrt
  Vsonic = (i['gamma']*i['R']*i['Ts'])**0.5
C:\Users\MEO\Desktop\Projects\JetEngine\boomsonic_v0\.venv\Lib\site-packages\pycycle\thermo\static_ps_resid.py:128: RuntimeWarning: invalid value encountered in sqrt
  Vsonic = (i['gamma']*i['R']*i['Ts'])**0.5
C:\Users\MEO\Desktop\Projects\JetEngine\boomsonic_v0\.venv\Lib\site-packages\pycycle\thermo\static_ps_resid.py:128: RuntimeWarning: invalid value encountered in sqrt
  Vsonic = (i['gamma']*i['R']*i['Ts'])**0.5
C:\Users\MEO\Desktop\Projects\JetEngine\boomsonic_v0\.venv\Lib\site-packages\pycycle\thermo\static_ps_resid.py:128: RuntimeWarning: invalid value encountered in sqrt
  Vsonic = (i['gamma']*i['R']*i['Ts'])**0.5
C:\Users\MEO\Desktop\Projects\JetEngine\boomsonic_v0\.venv\Lib\site-packages\pycycle\thermo\static_ps_resid.py:128: RuntimeWarning: invalid value encountered in sqrt
  Vsonic = (i['gamma']*i['R']*i['Ts'])**0.5
C:\Users\MEO\Desktop\Projects\JetEngine\boomsonic_v0\.venv\Lib\site-packages\pycycle\thermo\static_ps_resid.py:128: RuntimeWarning: invalid value encountered in sqrt
  Vsonic = (i['gamma']*i['R']*i['Ts'])**0.5
C:\Users\MEO\Desktop\Projects\JetEngine\boomsonic_v0\.venv\Lib\site-packages\openmdao\solvers\solver.py:819: SolverWarning:Your model has stalled three times and may be violating the bounds. In the future, turn on print_bound_enforce in your solver options here: 
OD0.turb.real_flow_b4bld.nonlinear_solver.linesearch.options['print_bound_enforce']=True. 
The bound(s) being violated now are:

C:\Users\MEO\Desktop\Projects\JetEngine\boomsonic_v0\.venv\Lib\site-packages\openmdao\solvers\linesearch\backtracking.py:35: SolverWarning:'OD0.turb.real_flow_b4bld.balance.T' exceeds upper bounds
  Val: [3202.10364211]
  Upper: [2500.]

C:\Users\MEO\Desktop\Projects\JetEngine\boomsonic_v0\.venv\Lib\site-packages\openmdao\solvers\solver.py:819: SolverWarning:Your model has stalled three times and may be violating the bounds. In the future, turn on print_bound_enforce in your solver options here: 
OD0.turb.real_flow.nonlinear_solver.linesearch.options['print_bound_enforce']=True. 
The bound(s) being violated now are:

C:\Users\MEO\Desktop\Projects\JetEngine\boomsonic_v0\.venv\Lib\site-packages\openmdao\solvers\linesearch\backtracking.py:35: SolverWarning:'OD0.turb.real_flow.balance.T' exceeds upper bounds
  Val: [3202.10364211]
  Upper: [2500.]

C:\Users\MEO\Desktop\Projects\JetEngine\boomsonic_v0\.venv\Lib\site-packages\openmdao\solvers\solver.py:819: SolverWarning:Your model has stalled three times and may be violating the bounds. In the future, turn on print_bound_enforce in your solver options here: 
OD0.nozz.throat_total.nonlinear_solver.linesearch.options['print_bound_enforce']=True. 
The bound(s) being violated now are:

C:\Users\MEO\Desktop\Projects\JetEngine\boomsonic_v0\.venv\Lib\site-packages\openmdao\solvers\linesearch\backtracking.py:35: SolverWarning:'OD0.nozz.throat_total.balance.T' exceeds upper bounds
  Val: [3202.10364211]
  Upper: [2500.]

C:\Users\MEO\Desktop\Projects\JetEngine\boomsonic_v0\.venv\Lib\site-packages\pycycle\thermo\static_ps_resid.py:108: RuntimeWarning: invalid value encountered in sqrt
  Vsonic = (i['gamma']*i['R']*i['Ts'])**0.5
C:\Users\MEO\Desktop\Projects\JetEngine\boomsonic_v0\.venv\Lib\site-packages\pycycle\thermo\static_ps_resid.py:108: RuntimeWarning: invalid value encountered in sqrt
  Vsonic = (i['gamma']*i['R']*i['Ts'])**0.5
C:\Users\MEO\Desktop\Projects\JetEngine\boomsonic_v0\.venv\Lib\site-packages\pycycle\thermo\static_ps_resid.py:108: RuntimeWarning: invalid value encountered in sqrt
  Vsonic = (i['gamma']*i['R']*i['Ts'])**0.5
C:\Users\MEO\Desktop\Projects\JetEngine\boomsonic_v0\.venv\Lib\site-packages\pycycle\thermo\static_ps_resid.py:108: RuntimeWarning: invalid value encountered in sqrt
  Vsonic = (i['gamma']*i['R']*i['Ts'])**0.5
C:\Users\MEO\Desktop\Projects\JetEngine\boomsonic_v0\.venv\Lib\site-packages\pycycle\thermo\static_ps_resid.py:108: RuntimeWarning: invalid value encountered in sqrt
  Vsonic = (i['gamma']*i['R']*i['Ts'])**0.5
C:\Users\MEO\Desktop\Projects\JetEngine\boomsonic_v0\.venv\Lib\site-packages\pycycle\thermo\static_ps_resid.py:128: RuntimeWarning: invalid value encountered in sqrt
  Vsonic = (i['gamma']*i['R']*i['Ts'])**0.5
C:\Users\MEO\Desktop\Projects\JetEngine\boomsonic_v0\.venv\Lib\site-packages\pycycle\thermo\static_ps_resid.py:128: RuntimeWarning: invalid value encountered in sqrt
  Vsonic = (i['gamma']*i['R']*i['Ts'])**0.5
C:\Users\MEO\Desktop\Projects\JetEngine\boomsonic_v0\.venv\Lib\site-packages\pycycle\thermo\static_ps_resid.py:108: RuntimeWarning: invalid value encountered in sqrt
  Vsonic = (i['gamma']*i['R']*i['Ts'])**0.5
C:\Users\MEO\Desktop\Projects\JetEngine\boomsonic_v0\.venv\Lib\site-packages\pycycle\elements\turbine.py:40: RuntimeWarning: invalid value encountered in sqrt
  outputs['Wp'] = inputs['W_in'] * inputs['Tt']**0.5 / inputs['Pt']
C:\Users\MEO\Desktop\Projects\JetEngine\boomsonic_v0\.venv\Lib\site-packages\pycycle\elements\turbine.py:41: RuntimeWarning: invalid value encountered in power
  outputs['Np'] = inputs['Nmech'] * inputs['Tt']**-0.5
C:\Users\MEO\Desktop\Projects\JetEngine\boomsonic_v0\.venv\Lib\site-packages\pycycle\elements\turbine.py:89: RuntimeWarning: invalid value encountered in log
  outputs['eff_poly'] = 1 + (S_out-S_in)/(Rt*np.log(invPR))
C:\Users\MEO\Desktop\Projects\JetEngine\boomsonic_v0\.venv\Lib\site-packages\openmdao\solvers\solver.py:819: SolverWarning:Your model has stalled three times and may be violating the bounds. In the future, turn on print_bound_enforce in your solver options here: 
OD0.burner.vitiated_flow.nonlinear_solver.linesearch.options['print_bound_enforce']=True. 
The bound(s) being violated now are:

C:\Users\MEO\Desktop\Projects\JetEngine\boomsonic_v0\.venv\Lib\site-packages\openmdao\solvers\linesearch\backtracking.py:35: SolverWarning:'OD0.burner.vitiated_flow.balance.T' exceeds upper bounds
  Val: [2730.29896975]
  Upper: [2500.]

C:\Users\MEO\Desktop\Projects\JetEngine\boomsonic_v0\.venv\Lib\site-packages\openmdao\solvers\solver.py:819: SolverWarning:Your model has stalled three times and may be violating the bounds. In the future, turn on print_bound_enforce in your solver options here: 
OD0.burner.out_stat.nonlinear_solver.linesearch.options['print_bound_enforce']=True. 
The bound(s) being violated now are:

C:\Users\MEO\Desktop\Projects\JetEngine\boomsonic_v0\.venv\Lib\site-packages\openmdao\solvers\linesearch\backtracking.py:35: SolverWarning:'OD0.burner.out_stat.balance.T' exceeds upper bounds
  Val: [2866.77460283]
  Upper: [2500.]

C:\Users\MEO\Desktop\Projects\JetEngine\boomsonic_v0\.venv\Lib\site-packages\openmdao\solvers\solver.py:819: SolverWarning:Your model has stalled three times and may be violating the bounds. In the future, turn on print_bound_enforce in your solver options here: 
OD0.turb.real_flow_b4bld.nonlinear_solver.linesearch.options['print_bound_enforce']=True. 
The bound(s) being violated now are:

C:\Users\MEO\Desktop\Projects\JetEngine\boomsonic_v0\.venv\Lib\site-packages\openmdao\solvers\linesearch\backtracking.py:35: SolverWarning:'OD0.turb.real_flow_b4bld.balance.T' exceeds upper bounds
  Val: [2572.50292724]
  Upper: [2500.]

C:\Users\MEO\Desktop\Projects\JetEngine\boomsonic_v0\.venv\Lib\site-packages\openmdao\solvers\solver.py:819: SolverWarning:Your model has stalled three times and may be violating the bounds. In the future, turn on print_bound_enforce in your solver options here: 
OD0.turb.real_flow.nonlinear_solver.linesearch.options['print_bound_enforce']=True. 
The bound(s) being violated now are:

C:\Users\MEO\Desktop\Projects\JetEngine\boomsonic_v0\.venv\Lib\site-packages\openmdao\solvers\linesearch\backtracking.py:35: SolverWarning:'OD0.turb.real_flow.balance.T' exceeds upper bounds
  Val: [2572.50292724]
  Upper: [2500.]

C:\Users\MEO\Desktop\Projects\JetEngine\boomsonic_v0\.venv\Lib\site-packages\openmdao\solvers\solver.py:819: SolverWarning:Your model has stalled three times and may be violating the bounds. In the future, turn on print_bound_enforce in your solver options here: 
OD0.nozz.throat_total.nonlinear_solver.linesearch.options['print_bound_enforce']=True. 
The bound(s) being violated now are:

C:\Users\MEO\Desktop\Projects\JetEngine\boomsonic_v0\.venv\Lib\site-packages\openmdao\solvers\linesearch\backtracking.py:35: SolverWarning:'OD0.nozz.throat_total.balance.T' exceeds upper bounds
  Val: [2572.50292724]
  Upper: [2500.]

C:\Users\MEO\Desktop\Projects\JetEngine\boomsonic_v0\.venv\Lib\site-packages\pycycle\thermo\static_ps_resid.py:128: RuntimeWarning: invalid value encountered in sqrt
  Vsonic = (i['gamma']*i['R']*i['Ts'])**0.5
C:\Users\MEO\Desktop\Projects\JetEngine\boomsonic_v0\.venv\Lib\site-packages\pycycle\thermo\static_ps_resid.py:108: RuntimeWarning: invalid value encountered in sqrt
  Vsonic = (i['gamma']*i['R']*i['Ts'])**0.5
C:\Users\MEO\Desktop\Projects\JetEngine\boomsonic_v0\.venv\Lib\site-packages\pycycle\thermo\static_ps_calc.py:32: RuntimeWarning: invalid value encountered in sqrt
  outputs['Vsonic'] = Vsonic = np.sqrt(inputs['gamma'] * inputs['R'] * inputs['Ts'])
C:\Users\MEO\Desktop\Projects\JetEngine\boomsonic_v0\.venv\Lib\site-packages\openmdao\solvers\solver.py:819: SolverWarning:Your model has stalled three times and may be violating the bounds. In the future, turn on print_bound_enforce in your solver options here: 
OD0.burner.vitiated_flow.nonlinear_solver.linesearch.options['print_bound_enforce']=True. 
The bound(s) being violated now are:

C:\Users\MEO\Desktop\Projects\JetEngine\boomsonic_v0\.venv\Lib\site-packages\openmdao\solvers\linesearch\backtracking.py:35: SolverWarning:'OD0.burner.vitiated_flow.balance.T' exceeds upper bounds
  Val: [3769.92851465]
  Upper: [2500.]

C:\Users\MEO\Desktop\Projects\JetEngine\boomsonic_v0\.venv\Lib\site-packages\pycycle\thermo\static_ps_resid.py:128: RuntimeWarning: invalid value encountered in sqrt
  Vsonic = (i['gamma']*i['R']*i['Ts'])**0.5
C:\Users\MEO\Desktop\Projects\JetEngine\boomsonic_v0\.venv\Lib\site-packages\pycycle\thermo\static_ps_resid.py:94: RuntimeWarning: invalid value encountered in sqrt
  f2 = MN - inputs['W']*(R_UNIVERSAL_SI*inputs['Ts'])**0.5/(ps_guess*1.0e6*inputs['area']*gamt**0.5)
C:\Users\MEO\Desktop\Projects\JetEngine\boomsonic_v0\.venv\Lib\site-packages\pycycle\thermo\static_ps_resid.py:99: RuntimeWarning: The iteration is not making good progress, as measured by the 
 improvement from the last ten iterations.
  ps_guess, M_guess = fsolve(equations, (ps_guess, M_guess))
C:\Users\MEO\Desktop\Projects\JetEngine\boomsonic_v0\.venv\Lib\site-packages\openmdao\solvers\solver.py:819: SolverWarning:Your model has stalled three times and may be violating the bounds. In the future, turn on print_bound_enforce in your solver options here: 
OD0.turb.real_flow_b4bld.nonlinear_solver.linesearch.options['print_bound_enforce']=True. 
The bound(s) being violated now are:

C:\Users\MEO\Desktop\Projects\JetEngine\boomsonic_v0\.venv\Lib\site-packages\openmdao\solvers\linesearch\backtracking.py:35: SolverWarning:'OD0.turb.real_flow_b4bld.balance.T' exceeds upper bounds
  Val: [3297.48547681]
  Upper: [2500.]

C:\Users\MEO\Desktop\Projects\JetEngine\boomsonic_v0\.venv\Lib\site-packages\openmdao\solvers\solver.py:819: SolverWarning:Your model has stalled three times and may be violating the bounds. In the future, turn on print_bound_enforce in your solver options here: 
OD0.turb.real_flow.nonlinear_solver.linesearch.options['print_bound_enforce']=True. 
The bound(s) being violated now are:

C:\Users\MEO\Desktop\Projects\JetEngine\boomsonic_v0\.venv\Lib\site-packages\openmdao\solvers\linesearch\backtracking.py:35: SolverWarning:'OD0.turb.real_flow.balance.T' exceeds upper bounds
  Val: [3297.48547681]
  Upper: [2500.]

C:\Users\MEO\Desktop\Projects\JetEngine\boomsonic_v0\.venv\Lib\site-packages\pycycle\thermo\static_ps_resid.py:128: RuntimeWarning: invalid value encountered in sqrt
  Vsonic = (i['gamma']*i['R']*i['Ts'])**0.5
C:\Users\MEO\Desktop\Projects\JetEngine\boomsonic_v0\.venv\Lib\site-packages\pycycle\thermo\static_ps_resid.py:128: RuntimeWarning: invalid value encountered in sqrt
  Vsonic = (i['gamma']*i['R']*i['Ts'])**0.5
C:\Users\MEO\Desktop\Projects\JetEngine\boomsonic_v0\.venv\Lib\site-packages\openmdao\solvers\solver.py:819: SolverWarning:Your model has stalled three times and may be violating the bounds. In the future, turn on print_bound_enforce in your solver options here: 
OD0.nozz.throat_total.nonlinear_solver.linesearch.options['print_bound_enforce']=True. 
The bound(s) being violated now are:

C:\Users\MEO\Desktop\Projects\JetEngine\boomsonic_v0\.venv\Lib\site-packages\openmdao\solvers\linesearch\backtracking.py:35: SolverWarning:'OD0.nozz.throat_total.balance.T' exceeds upper bounds
  Val: [3297.48547681]
  Upper: [2500.]

C:\Users\MEO\Desktop\Projects\JetEngine\boomsonic_v0\.venv\Lib\site-packages\pycycle\thermo\static_ps_resid.py:108: RuntimeWarning: invalid value encountered in sqrt
  Vsonic = (i['gamma']*i['R']*i['Ts'])**0.5
C:\Users\MEO\Desktop\Projects\JetEngine\boomsonic_v0\.venv\Lib\site-packages\pycycle\thermo\static_ps_resid.py:108: RuntimeWarning: invalid value encountered in sqrt
  Vsonic = (i['gamma']*i['R']*i['Ts'])**0.5
C:\Users\MEO\Desktop\Projects\JetEngine\boomsonic_v0\.venv\Lib\site-packages\pycycle\thermo\static_ps_resid.py:108: RuntimeWarning: invalid value encountered in sqrt
  Vsonic = (i['gamma']*i['R']*i['Ts'])**0.5
C:\Users\MEO\Desktop\Projects\JetEngine\boomsonic_v0\.venv\Lib\site-packages\pycycle\thermo\static_ps_resid.py:128: RuntimeWarning: invalid value encountered in sqrt
  Vsonic = (i['gamma']*i['R']*i['Ts'])**0.5
C:\Users\MEO\Desktop\Projects\JetEngine\boomsonic_v0\.venv\Lib\site-packages\pycycle\thermo\static_ps_resid.py:108: RuntimeWarning: invalid value encountered in sqrt
  Vsonic = (i['gamma']*i['R']*i['Ts'])**0.5
