C:\Users\MEO\Desktop\Projects\JetEngine\boomsonic_v0\.venv\Lib\site-packages\pycycle\elements\turbine.py:40: RuntimeWarning: invalid value encountered in sqrt
  outputs['Wp'] = inputs['W_in'] * inputs['Tt']**0.5 / inputs['Pt']
C:\Users\MEO\Desktop\Projects\JetEngine\boomsonic_v0\.venv\Lib\site-packages\pycycle\elements\turbine.py:41: RuntimeWarning: invalid value encountered in power
  outputs['Np'] = inputs['Nmech'] * inputs['Tt']**-0.5
C:\Users\MEO\Desktop\Projects\JetEngine\boomsonic_v0\.venv\Lib\site-packages\openmdao\solvers\solver.py:819: SolverWarning:Your model has stalled three times and may be violating the bounds. In the future, turn on print_bound_enforce in your solver options here: 
OD0.inlet.out_stat.nonlinear_solver.linesearch.options['print_bound_enforce']=True. 
The bound(s) being violated now are:

C:\Users\MEO\Desktop\Projects\JetEngine\boomsonic_v0\.venv\Lib\site-packages\openmdao\solvers\linesearch\backtracking.py:39: SolverWarning:'OD0.inlet.out_stat.balance.T' exceeds lower bounds
  Val: [-224.71974773]
  Lower: [150.]

C:\Users\MEO\Desktop\Projects\JetEngine\boomsonic_v0\.venv\Lib\site-packages\openmdao\solvers\linesearch\backtracking.py:39: SolverWarning:'OD0.inlet.out_stat.ps_resid.Ps' exceeds lower bounds
  Val: [-0.00109596]
  Lower: [-0.0009009]

C:\Users\MEO\Desktop\Projects\JetEngine\boomsonic_v0\.venv\Lib\site-packages\openmdao\solvers\solver.py:819: SolverWarning:Your model has stalled three times and may be violating the bounds. In the future, turn on print_bound_enforce in your solver options here: 
OD0.duct.out_stat.nonlinear_solver.linesearch.options['print_bound_enforce']=True. 
The bound(s) being violated now are:

C:\Users\MEO\Desktop\Projects\JetEngine\boomsonic_v0\.venv\Lib\site-packages\openmdao\solvers\linesearch\backtracking.py:39: SolverWarning:'OD0.duct.out_stat.balance.T' exceeds lower bounds
  Val: [-222.75125009]
  Lower: [150.]

C:\Users\MEO\Desktop\Projects\JetEngine\boomsonic_v0\.venv\Lib\site-packages\openmdao\solvers\linesearch\backtracking.py:39: SolverWarning:'OD0.duct.out_stat.ps_resid.Ps' exceeds lower bounds
  Val: [-0.00109467]
  Lower: [-0.0009009]

C:\Users\MEO\Desktop\Projects\JetEngine\boomsonic_v0\.venv\Lib\site-packages\openmdao\solvers\solver.py:819: SolverWarning:Your model has stalled three times and may be violating the bounds. In the future, turn on print_bound_enforce in your solver options here: 
OD0.comp.ideal_flow.nonlinear_solver.linesearch.options['print_bound_enforce']=True. 
The bound(s) being violated now are:

C:\Users\MEO\Desktop\Projects\JetEngine\boomsonic_v0\.venv\Lib\site-packages\openmdao\solvers\linesearch\backtracking.py:39: SolverWarning:'OD0.comp.ideal_flow.balance.T' exceeds lower bounds
  Val: [-3.03258293e+10]
  Lower: [150.]

C:\Users\MEO\Desktop\Projects\JetEngine\boomsonic_v0\.venv\Lib\site-packages\pycycle\elements\compressor.py:75: RuntimeWarning: invalid value encountered in log
  outputs['eff_poly'] = Rt * np.log(PR) / ( Rt*np.log(PR) + S_out - S_in )
C:\Users\MEO\Desktop\Projects\JetEngine\boomsonic_v0\.venv\Lib\site-packages\pycycle\thermo\static_ps_resid.py:128: RuntimeWarning: invalid value encountered in sqrt
  Vsonic = (i['gamma']*i['R']*i['Ts'])**0.5
C:\Users\MEO\Desktop\Projects\JetEngine\boomsonic_v0\.venv\Lib\site-packages\pycycle\thermo\static_ps_resid.py:128: RuntimeWarning: invalid value encountered in sqrt
  Vsonic = (i['gamma']*i['R']*i['Ts'])**0.5
C:\Users\MEO\Desktop\Projects\JetEngine\boomsonic_v0\.venv\Lib\site-packages\pycycle\thermo\static_ps_resid.py:98: RuntimeWarning: invalid value encountered in power
  ps_guess = inputs['guess:Pt'] * (1 + (gamt-1)/2 * M_guess**2)**(-gamt/(gamt-1))
C:\Users\MEO\Desktop\Projects\JetEngine\boomsonic_v0\.venv\Lib\site-packages\pycycle\thermo\static_ps_resid.py:93: RuntimeWarning: invalid value encountered in power
  f1 = ps - inputs['guess:Pt'] * (1 + (gamt-1)/2 * M_guess**2)**(-gamt/(gamt-1))
C:\Users\MEO\Desktop\Projects\JetEngine\boomsonic_v0\.venv\Lib\site-packages\pycycle\thermo\static_ps_resid.py:94: RuntimeWarning: invalid value encountered in sqrt
  f2 = MN - inputs['W']*(R_UNIVERSAL_SI*inputs['Ts'])**0.5/(ps_guess*1.0e6*inputs['area']*gamt**0.5)
C:\Users\MEO\Desktop\Projects\JetEngine\boomsonic_v0\.venv\Lib\site-packages\pycycle\thermo\static_ps_resid.py:99: RuntimeWarning: The iteration is not making good progress, as measured by the 
 improvement from the last ten iterations.
  ps_guess, M_guess = fsolve(equations, (ps_guess, M_guess))
C:\Users\MEO\Desktop\Projects\JetEngine\boomsonic_v0\.venv\Lib\site-packages\pycycle\thermo\static_ps_resid.py:128: RuntimeWarning: invalid value encountered in sqrt
  Vsonic = (i['gamma']*i['R']*i['Ts'])**0.5
C:\Users\MEO\Desktop\Projects\JetEngine\boomsonic_v0\.venv\Lib\site-packages\pycycle\thermo\static_ps_resid.py:128: RuntimeWarning: invalid value encountered in sqrt
  Vsonic = (i['gamma']*i['R']*i['Ts'])**0.5
C:\Users\MEO\Desktop\Projects\JetEngine\boomsonic_v0\.venv\Lib\site-packages\pycycle\thermo\static_ps_resid.py:128: RuntimeWarning: invalid value encountered in sqrt
  Vsonic = (i['gamma']*i['R']*i['Ts'])**0.5
C:\Users\MEO\Desktop\Projects\JetEngine\boomsonic_v0\.venv\Lib\site-packages\pycycle\thermo\static_ps_resid.py:128: RuntimeWarning: invalid value encountered in sqrt
  Vsonic = (i['gamma']*i['R']*i['Ts'])**0.5
C:\Users\MEO\Desktop\Projects\JetEngine\boomsonic_v0\.venv\Lib\site-packages\pycycle\thermo\static_ps_resid.py:128: RuntimeWarning: invalid value encountered in sqrt
  Vsonic = (i['gamma']*i['R']*i['Ts'])**0.5
C:\Users\MEO\Desktop\Projects\JetEngine\boomsonic_v0\.venv\Lib\site-packages\pycycle\thermo\static_ps_resid.py:128: RuntimeWarning: invalid value encountered in sqrt
  Vsonic = (i['gamma']*i['R']*i['Ts'])**0.5
C:\Users\MEO\Desktop\Projects\JetEngine\boomsonic_v0\.venv\Lib\site-packages\pycycle\thermo\static_ps_resid.py:128: RuntimeWarning: invalid value encountered in sqrt
  Vsonic = (i['gamma']*i['R']*i['Ts'])**0.5
C:\Users\MEO\Desktop\Projects\JetEngine\boomsonic_v0\.venv\Lib\site-packages\pycycle\thermo\static_ps_resid.py:83: RuntimeWarning: invalid value encountered in power
  ps_guess = inputs['guess:Pt'] * (1 + (gamt-1)/2 * inputs['MN']**2)**(-gamt/(gamt-1))
C:\Users\MEO\Desktop\Projects\JetEngine\boomsonic_v0\.venv\Lib\site-packages\pycycle\thermo\static_ps_resid.py:108: RuntimeWarning: invalid value encountered in sqrt
  Vsonic = (i['gamma']*i['R']*i['Ts'])**0.5
C:\Users\MEO\Desktop\Projects\JetEngine\boomsonic_v0\.venv\Lib\site-packages\pycycle\thermo\static_ps_resid.py:108: RuntimeWarning: invalid value encountered in sqrt
  Vsonic = (i['gamma']*i['R']*i['Ts'])**0.5
C:\Users\MEO\Desktop\Projects\JetEngine\boomsonic_v0\.venv\Lib\site-packages\pycycle\thermo\static_ps_resid.py:108: RuntimeWarning: invalid value encountered in sqrt
  Vsonic = (i['gamma']*i['R']*i['Ts'])**0.5
C:\Users\MEO\Desktop\Projects\JetEngine\boomsonic_v0\.venv\Lib\site-packages\pycycle\thermo\static_ps_resid.py:108: RuntimeWarning: invalid value encountered in sqrt
  Vsonic = (i['gamma']*i['R']*i['Ts'])**0.5
C:\Users\MEO\Desktop\Projects\JetEngine\boomsonic_v0\.venv\Lib\site-packages\pycycle\thermo\static_ps_resid.py:108: RuntimeWarning: invalid value encountered in sqrt
  Vsonic = (i['gamma']*i['R']*i['Ts'])**0.5
C:\Users\MEO\Desktop\Projects\JetEngine\boomsonic_v0\.venv\Lib\site-packages\pycycle\thermo\static_ps_resid.py:108: RuntimeWarning: invalid value encountered in sqrt
  Vsonic = (i['gamma']*i['R']*i['Ts'])**0.5
C:\Users\MEO\Desktop\Projects\JetEngine\boomsonic_v0\.venv\Lib\site-packages\pycycle\thermo\static_ps_resid.py:108: RuntimeWarning: invalid value encountered in sqrt
  Vsonic = (i['gamma']*i['R']*i['Ts'])**0.5
C:\Users\MEO\Desktop\Projects\JetEngine\boomsonic_v0\.venv\Lib\site-packages\pycycle\thermo\static_ps_calc.py:32: RuntimeWarning: invalid value encountered in sqrt
  outputs['Vsonic'] = Vsonic = np.sqrt(inputs['gamma'] * inputs['R'] * inputs['Ts'])
C:\Users\MEO\Desktop\Projects\JetEngine\boomsonic_v0\.venv\Lib\site-packages\pycycle\thermo\static_ps_calc.py:32: RuntimeWarning: invalid value encountered in sqrt
  outputs['Vsonic'] = Vsonic = np.sqrt(inputs['gamma'] * inputs['R'] * inputs['Ts'])
C:\Users\MEO\Desktop\Projects\JetEngine\boomsonic_v0\.venv\Lib\site-packages\pycycle\elements\compressor.py:75: RuntimeWarning: invalid value encountered in log
  outputs['eff_poly'] = Rt * np.log(PR) / ( Rt*np.log(PR) + S_out - S_in )
C:\Users\MEO\Desktop\Projects\JetEngine\boomsonic_v0\.venv\Lib\site-packages\pycycle\thermo\static_ps_resid.py:128: RuntimeWarning: invalid value encountered in sqrt
  Vsonic = (i['gamma']*i['R']*i['Ts'])**0.5
C:\Users\MEO\Desktop\Projects\JetEngine\boomsonic_v0\.venv\Lib\site-packages\pycycle\thermo\static_ps_resid.py:108: RuntimeWarning: invalid value encountered in sqrt
  Vsonic = (i['gamma']*i['R']*i['Ts'])**0.5
C:\Users\MEO\Desktop\Projects\JetEngine\boomsonic_v0\.venv\Lib\site-packages\pycycle\thermo\static_ps_resid.py:128: RuntimeWarning: invalid value encountered in sqrt
  Vsonic = (i['gamma']*i['R']*i['Ts'])**0.5
C:\Users\MEO\Desktop\Projects\JetEngine\boomsonic_v0\.venv\Lib\site-packages\pycycle\thermo\static_ps_resid.py:98: RuntimeWarning: invalid value encountered in power
  ps_guess = inputs['guess:Pt'] * (1 + (gamt-1)/2 * M_guess**2)**(-gamt/(gamt-1))
C:\Users\MEO\Desktop\Projects\JetEngine\boomsonic_v0\.venv\Lib\site-packages\pycycle\thermo\static_ps_resid.py:93: RuntimeWarning: invalid value encountered in power
  f1 = ps - inputs['guess:Pt'] * (1 + (gamt-1)/2 * M_guess**2)**(-gamt/(gamt-1))
C:\Users\MEO\Desktop\Projects\JetEngine\boomsonic_v0\.venv\Lib\site-packages\pycycle\thermo\static_ps_resid.py:94: RuntimeWarning: invalid value encountered in sqrt
  f2 = MN - inputs['W']*(R_UNIVERSAL_SI*inputs['Ts'])**0.5/(ps_guess*1.0e6*inputs['area']*gamt**0.5)
C:\Users\MEO\Desktop\Projects\JetEngine\boomsonic_v0\.venv\Lib\site-packages\pycycle\thermo\static_ps_resid.py:99: RuntimeWarning: The iteration is not making good progress, as measured by the 
 improvement from the last ten iterations.
  ps_guess, M_guess = fsolve(equations, (ps_guess, M_guess))
C:\Users\MEO\Desktop\Projects\JetEngine\boomsonic_v0\.venv\Lib\site-packages\pycycle\thermo\static_ps_resid.py:108: RuntimeWarning: invalid value encountered in sqrt
  Vsonic = (i['gamma']*i['R']*i['Ts'])**0.5
C:\Users\MEO\Desktop\Projects\JetEngine\boomsonic_v0\.venv\Lib\site-packages\pycycle\thermo\static_ps_resid.py:83: RuntimeWarning: invalid value encountered in power
  ps_guess = inputs['guess:Pt'] * (1 + (gamt-1)/2 * inputs['MN']**2)**(-gamt/(gamt-1))
C:\Users\MEO\Desktop\Projects\JetEngine\boomsonic_v0\.venv\Lib\site-packages\openmdao\solvers\solver.py:819: SolverWarning:Your model has stalled three times and may be violating the bounds. In the future, turn on print_bound_enforce in your solver options here: 
OD0.inlet.out_stat.nonlinear_solver.linesearch.options['print_bound_enforce']=True. 
The bound(s) being violated now are:

C:\Users\MEO\Desktop\Projects\JetEngine\boomsonic_v0\.venv\Lib\site-packages\openmdao\solvers\linesearch\backtracking.py:39: SolverWarning:'OD0.inlet.out_stat.balance.T' exceeds lower bounds
  Val: [-224.7197476]
  Lower: [150.]

C:\Users\MEO\Desktop\Projects\JetEngine\boomsonic_v0\.venv\Lib\site-packages\openmdao\solvers\linesearch\backtracking.py:39: SolverWarning:'OD0.inlet.out_stat.ps_resid.Ps' exceeds lower bounds
  Val: [-0.00109596]
  Lower: [-0.0009009]

C:\Users\MEO\Desktop\Projects\JetEngine\boomsonic_v0\.venv\Lib\site-packages\openmdao\solvers\solver.py:819: SolverWarning:Your model has stalled three times and may be violating the bounds. In the future, turn on print_bound_enforce in your solver options here: 
OD0.duct.out_stat.nonlinear_solver.linesearch.options['print_bound_enforce']=True. 
The bound(s) being violated now are:

C:\Users\MEO\Desktop\Projects\JetEngine\boomsonic_v0\.venv\Lib\site-packages\openmdao\solvers\linesearch\backtracking.py:39: SolverWarning:'OD0.duct.out_stat.balance.T' exceeds lower bounds
  Val: [-222.75124996]
  Lower: [150.]

C:\Users\MEO\Desktop\Projects\JetEngine\boomsonic_v0\.venv\Lib\site-packages\openmdao\solvers\linesearch\backtracking.py:39: SolverWarning:'OD0.duct.out_stat.ps_resid.Ps' exceeds lower bounds
  Val: [-0.00109467]
  Lower: [-0.0009009]

C:\Users\MEO\Desktop\Projects\JetEngine\boomsonic_v0\.venv\Lib\site-packages\openmdao\solvers\solver.py:819: SolverWarning:Your model has stalled three times and may be violating the bounds. In the future, turn on print_bound_enforce in your solver options here: 
OD0.comp.ideal_flow.nonlinear_solver.linesearch.options['print_bound_enforce']=True. 
The bound(s) being violated now are:

C:\Users\MEO\Desktop\Projects\JetEngine\boomsonic_v0\.venv\Lib\site-packages\openmdao\solvers\linesearch\backtracking.py:39: SolverWarning:'OD0.comp.ideal_flow.balance.T' exceeds lower bounds
  Val: [-3.03258293e+10]
  Lower: [150.]

C:\Users\MEO\Desktop\Projects\JetEngine\boomsonic_v0\.venv\Lib\site-packages\pycycle\elements\compressor.py:75: RuntimeWarning: invalid value encountered in log
  outputs['eff_poly'] = Rt * np.log(PR) / ( Rt*np.log(PR) + S_out - S_in )
C:\Users\MEO\Desktop\Projects\JetEngine\boomsonic_v0\.venv\Lib\site-packages\pycycle\thermo\static_ps_resid.py:128: RuntimeWarning: invalid value encountered in sqrt
  Vsonic = (i['gamma']*i['R']*i['Ts'])**0.5
C:\Users\MEO\Desktop\Projects\JetEngine\boomsonic_v0\.venv\Lib\site-packages\pycycle\thermo\static_ps_resid.py:128: RuntimeWarning: invalid value encountered in sqrt
  Vsonic = (i['gamma']*i['R']*i['Ts'])**0.5
C:\Users\MEO\Desktop\Projects\JetEngine\boomsonic_v0\.venv\Lib\site-packages\pycycle\thermo\static_ps_resid.py:98: RuntimeWarning: invalid value encountered in power
  ps_guess = inputs['guess:Pt'] * (1 + (gamt-1)/2 * M_guess**2)**(-gamt/(gamt-1))
C:\Users\MEO\Desktop\Projects\JetEngine\boomsonic_v0\.venv\Lib\site-packages\pycycle\thermo\static_ps_resid.py:93: RuntimeWarning: invalid value encountered in power
  f1 = ps - inputs['guess:Pt'] * (1 + (gamt-1)/2 * M_guess**2)**(-gamt/(gamt-1))
C:\Users\MEO\Desktop\Projects\JetEngine\boomsonic_v0\.venv\Lib\site-packages\pycycle\thermo\static_ps_resid.py:94: RuntimeWarning: invalid value encountered in sqrt
  f2 = MN - inputs['W']*(R_UNIVERSAL_SI*inputs['Ts'])**0.5/(ps_guess*1.0e6*inputs['area']*gamt**0.5)
C:\Users\MEO\Desktop\Projects\JetEngine\boomsonic_v0\.venv\Lib\site-packages\pycycle\thermo\static_ps_resid.py:99: RuntimeWarning: The iteration is not making good progress, as measured by the 
 improvement from the last ten iterations.
  ps_guess, M_guess = fsolve(equations, (ps_guess, M_guess))
C:\Users\MEO\Desktop\Projects\JetEngine\boomsonic_v0\.venv\Lib\site-packages\pycycle\thermo\static_ps_resid.py:128: RuntimeWarning: invalid value encountered in sqrt
  Vsonic = (i['gamma']*i['R']*i['Ts'])**0.5
C:\Users\MEO\Desktop\Projects\JetEngine\boomsonic_v0\.venv\Lib\site-packages\pycycle\thermo\static_ps_resid.py:128: RuntimeWarning: invalid value encountered in sqrt
  Vsonic = (i['gamma']*i['R']*i['Ts'])**0.5
C:\Users\MEO\Desktop\Projects\JetEngine\boomsonic_v0\.venv\Lib\site-packages\pycycle\thermo\static_ps_resid.py:128: RuntimeWarning: invalid value encountered in sqrt
  Vsonic = (i['gamma']*i['R']*i['Ts'])**0.5
C:\Users\MEO\Desktop\Projects\JetEngine\boomsonic_v0\.venv\Lib\site-packages\openmdao\solvers\solver.py:819: SolverWarning:Your model has stalled three times and may be violating the bounds. In the future, turn on print_bound_enforce in your solver options here: 
OD0.turb.out_stat.nonlinear_solver.linesearch.options['print_bound_enforce']=True. 
The bound(s) being violated now are:

C:\Users\MEO\Desktop\Projects\JetEngine\boomsonic_v0\.venv\Lib\site-packages\openmdao\solvers\linesearch\backtracking.py:35: SolverWarning:'OD0.turb.out_stat.balance.T' exceeds upper bounds
  Val: [7.22645482e+10]
  Upper: [2500.]

C:\Users\MEO\Desktop\Projects\JetEngine\boomsonic_v0\.venv\Lib\site-packages\openmdao\solvers\linesearch\backtracking.py:39: SolverWarning:'OD0.turb.out_stat.ps_resid.Ps' exceeds lower bounds
  Val: [-4.58837532e+10]
  Lower: [-0.0009009]

C:\Users\MEO\Desktop\Projects\JetEngine\boomsonic_v0\.venv\Lib\site-packages\pycycle\thermo\static_ps_resid.py:128: RuntimeWarning: invalid value encountered in sqrt
  Vsonic = (i['gamma']*i['R']*i['Ts'])**0.5
C:\Users\MEO\Desktop\Projects\JetEngine\boomsonic_v0\.venv\Lib\site-packages\pycycle\thermo\static_ps_resid.py:108: RuntimeWarning: invalid value encountered in sqrt
  Vsonic = (i['gamma']*i['R']*i['Ts'])**0.5
C:\Users\MEO\Desktop\Projects\JetEngine\boomsonic_v0\.venv\Lib\site-packages\pycycle\thermo\static_ps_resid.py:83: RuntimeWarning: invalid value encountered in power
  ps_guess = inputs['guess:Pt'] * (1 + (gamt-1)/2 * inputs['MN']**2)**(-gamt/(gamt-1))
C:\Users\MEO\Desktop\Projects\JetEngine\boomsonic_v0\.venv\Lib\site-packages\pycycle\thermo\static_ps_resid.py:108: RuntimeWarning: invalid value encountered in sqrt
  Vsonic = (i['gamma']*i['R']*i['Ts'])**0.5
C:\Users\MEO\Desktop\Projects\JetEngine\boomsonic_v0\.venv\Lib\site-packages\pycycle\thermo\static_ps_resid.py:108: RuntimeWarning: invalid value encountered in sqrt
  Vsonic = (i['gamma']*i['R']*i['Ts'])**0.5
C:\Users\MEO\Desktop\Projects\JetEngine\boomsonic_v0\.venv\Lib\site-packages\pycycle\thermo\static_ps_resid.py:108: RuntimeWarning: invalid value encountered in sqrt
  Vsonic = (i['gamma']*i['R']*i['Ts'])**0.5
C:\Users\MEO\Desktop\Projects\JetEngine\boomsonic_v0\.venv\Lib\site-packages\pycycle\thermo\static_ps_resid.py:108: RuntimeWarning: invalid value encountered in sqrt
  Vsonic = (i['gamma']*i['R']*i['Ts'])**0.5
C:\Users\MEO\Desktop\Projects\JetEngine\boomsonic_v0\.venv\Lib\site-packages\pycycle\thermo\static_ps_resid.py:108: RuntimeWarning: invalid value encountered in sqrt
  Vsonic = (i['gamma']*i['R']*i['Ts'])**0.5
C:\Users\MEO\Desktop\Projects\JetEngine\boomsonic_v0\.venv\Lib\site-packages\pycycle\thermo\static_ps_resid.py:108: RuntimeWarning: invalid value encountered in sqrt
  Vsonic = (i['gamma']*i['R']*i['Ts'])**0.5
C:\Users\MEO\Desktop\Projects\JetEngine\boomsonic_v0\.venv\Lib\site-packages\pycycle\thermo\static_ps_resid.py:108: RuntimeWarning: invalid value encountered in sqrt
  Vsonic = (i['gamma']*i['R']*i['Ts'])**0.5
C:\Users\MEO\Desktop\Projects\JetEngine\boomsonic_v0\.venv\Lib\site-packages\pycycle\thermo\static_ps_resid.py:108: RuntimeWarning: invalid value encountered in sqrt
  Vsonic = (i['gamma']*i['R']*i['Ts'])**0.5
C:\Users\MEO\Desktop\Projects\JetEngine\boomsonic_v0\.venv\Lib\site-packages\pycycle\thermo\static_ps_resid.py:108: RuntimeWarning: invalid value encountered in sqrt
  Vsonic = (i['gamma']*i['R']*i['Ts'])**0.5
C:\Users\MEO\Desktop\Projects\JetEngine\boomsonic_v0\.venv\Lib\site-packages\pycycle\thermo\static_ps_resid.py:108: RuntimeWarning: invalid value encountered in sqrt
  Vsonic = (i['gamma']*i['R']*i['Ts'])**0.5
C:\Users\MEO\Desktop\Projects\JetEngine\boomsonic_v0\.venv\Lib\site-packages\pycycle\thermo\static_ps_resid.py:108: RuntimeWarning: invalid value encountered in sqrt
  Vsonic = (i['gamma']*i['R']*i['Ts'])**0.5
C:\Users\MEO\Desktop\Projects\JetEngine\boomsonic_v0\.venv\Lib\site-packages\pycycle\thermo\static_ps_calc.py:32: RuntimeWarning: invalid value encountered in sqrt
  outputs['Vsonic'] = Vsonic = np.sqrt(inputs['gamma'] * inputs['R'] * inputs['Ts'])
C:\Users\MEO\Desktop\Projects\JetEngine\boomsonic_v0\.venv\Lib\site-packages\pycycle\elements\compressor.py:75: RuntimeWarning: invalid value encountered in log
  outputs['eff_poly'] = Rt * np.log(PR) / ( Rt*np.log(PR) + S_out - S_in )
C:\Users\MEO\Desktop\Projects\JetEngine\boomsonic_v0\.venv\Lib\site-packages\pycycle\thermo\static_ps_resid.py:128: RuntimeWarning: invalid value encountered in sqrt
  Vsonic = (i['gamma']*i['R']*i['Ts'])**0.5
C:\Users\MEO\Desktop\Projects\JetEngine\boomsonic_v0\.venv\Lib\site-packages\pycycle\thermo\static_ps_resid.py:128: RuntimeWarning: invalid value encountered in sqrt
  Vsonic = (i['gamma']*i['R']*i['Ts'])**0.5
C:\Users\MEO\Desktop\Projects\JetEngine\boomsonic_v0\.venv\Lib\site-packages\pycycle\thermo\static_ps_resid.py:98: RuntimeWarning: invalid value encountered in power
  ps_guess = inputs['guess:Pt'] * (1 + (gamt-1)/2 * M_guess**2)**(-gamt/(gamt-1))
C:\Users\MEO\Desktop\Projects\JetEngine\boomsonic_v0\.venv\Lib\site-packages\pycycle\thermo\static_ps_resid.py:93: RuntimeWarning: invalid value encountered in power
  f1 = ps - inputs['guess:Pt'] * (1 + (gamt-1)/2 * M_guess**2)**(-gamt/(gamt-1))
C:\Users\MEO\Desktop\Projects\JetEngine\boomsonic_v0\.venv\Lib\site-packages\pycycle\thermo\static_ps_resid.py:94: RuntimeWarning: invalid value encountered in sqrt
  f2 = MN - inputs['W']*(R_UNIVERSAL_SI*inputs['Ts'])**0.5/(ps_guess*1.0e6*inputs['area']*gamt**0.5)
C:\Users\MEO\Desktop\Projects\JetEngine\boomsonic_v0\.venv\Lib\site-packages\pycycle\thermo\static_ps_resid.py:99: RuntimeWarning: The iteration is not making good progress, as measured by the 
 improvement from the last ten iterations.
  ps_guess, M_guess = fsolve(equations, (ps_guess, M_guess))
C:\Users\MEO\Desktop\Projects\JetEngine\boomsonic_v0\.venv\Lib\site-packages\pycycle\thermo\static_ps_resid.py:108: RuntimeWarning: invalid value encountered in sqrt
  Vsonic = (i['gamma']*i['R']*i['Ts'])**0.5
C:\Users\MEO\Desktop\Projects\JetEngine\boomsonic_v0\.venv\Lib\site-packages\pycycle\thermo\static_ps_resid.py:83: RuntimeWarning: invalid value encountered in power
  ps_guess = inputs['guess:Pt'] * (1 + (gamt-1)/2 * inputs['MN']**2)**(-gamt/(gamt-1))
C:\Users\MEO\Desktop\Projects\JetEngine\boomsonic_v0\.venv\Lib\site-packages\openmdao\solvers\solver.py:819: SolverWarning:Your model has stalled three times and may be violating the bounds. In the future, turn on print_bound_enforce in your solver options here: 
OD0.inlet.out_stat.nonlinear_solver.linesearch.options['print_bound_enforce']=True. 
The bound(s) being violated now are:

C:\Users\MEO\Desktop\Projects\JetEngine\boomsonic_v0\.venv\Lib\site-packages\openmdao\solvers\linesearch\backtracking.py:39: SolverWarning:'OD0.inlet.out_stat.balance.T' exceeds lower bounds
  Val: [-224.71974758]
  Lower: [150.]

C:\Users\MEO\Desktop\Projects\JetEngine\boomsonic_v0\.venv\Lib\site-packages\openmdao\solvers\linesearch\backtracking.py:39: SolverWarning:'OD0.inlet.out_stat.ps_resid.Ps' exceeds lower bounds
  Val: [-0.00109596]
  Lower: [-0.0009009]

C:\Users\MEO\Desktop\Projects\JetEngine\boomsonic_v0\.venv\Lib\site-packages\openmdao\solvers\solver.py:819: SolverWarning:Your model has stalled three times and may be violating the bounds. In the future, turn on print_bound_enforce in your solver options here: 
OD0.duct.out_stat.nonlinear_solver.linesearch.options['print_bound_enforce']=True. 
The bound(s) being violated now are:

C:\Users\MEO\Desktop\Projects\JetEngine\boomsonic_v0\.venv\Lib\site-packages\openmdao\solvers\linesearch\backtracking.py:39: SolverWarning:'OD0.duct.out_stat.balance.T' exceeds lower bounds
  Val: [-222.75124993]
  Lower: [150.]

C:\Users\MEO\Desktop\Projects\JetEngine\boomsonic_v0\.venv\Lib\site-packages\openmdao\solvers\linesearch\backtracking.py:39: SolverWarning:'OD0.duct.out_stat.ps_resid.Ps' exceeds lower bounds
  Val: [-0.00109467]
  Lower: [-0.0009009]

C:\Users\MEO\Desktop\Projects\JetEngine\boomsonic_v0\.venv\Lib\site-packages\openmdao\solvers\solver.py:819: SolverWarning:Your model has stalled three times and may be violating the bounds. In the future, turn on print_bound_enforce in your solver options here: 
OD0.comp.ideal_flow.nonlinear_solver.linesearch.options['print_bound_enforce']=True. 
The bound(s) being violated now are:

C:\Users\MEO\Desktop\Projects\JetEngine\boomsonic_v0\.venv\Lib\site-packages\openmdao\solvers\linesearch\backtracking.py:39: SolverWarning:'OD0.comp.ideal_flow.balance.T' exceeds lower bounds
  Val: [-3.03258293e+10]
  Lower: [150.]

C:\Users\MEO\Desktop\Projects\JetEngine\boomsonic_v0\.venv\Lib\site-packages\pycycle\elements\compressor.py:75: RuntimeWarning: invalid value encountered in log
  outputs['eff_poly'] = Rt * np.log(PR) / ( Rt*np.log(PR) + S_out - S_in )
C:\Users\MEO\Desktop\Projects\JetEngine\boomsonic_v0\.venv\Lib\site-packages\pycycle\thermo\static_ps_resid.py:128: RuntimeWarning: invalid value encountered in sqrt
  Vsonic = (i['gamma']*i['R']*i['Ts'])**0.5
C:\Users\MEO\Desktop\Projects\JetEngine\boomsonic_v0\.venv\Lib\site-packages\pycycle\thermo\static_ps_resid.py:98: RuntimeWarning: invalid value encountered in power
  ps_guess = inputs['guess:Pt'] * (1 + (gamt-1)/2 * M_guess**2)**(-gamt/(gamt-1))
C:\Users\MEO\Desktop\Projects\JetEngine\boomsonic_v0\.venv\Lib\site-packages\pycycle\thermo\static_ps_resid.py:93: RuntimeWarning: invalid value encountered in power
  f1 = ps - inputs['guess:Pt'] * (1 + (gamt-1)/2 * M_guess**2)**(-gamt/(gamt-1))
C:\Users\MEO\Desktop\Projects\JetEngine\boomsonic_v0\.venv\Lib\site-packages\pycycle\thermo\static_ps_resid.py:94: RuntimeWarning: invalid value encountered in sqrt
  f2 = MN - inputs['W']*(R_UNIVERSAL_SI*inputs['Ts'])**0.5/(ps_guess*1.0e6*inputs['area']*gamt**0.5)
C:\Users\MEO\Desktop\Projects\JetEngine\boomsonic_v0\.venv\Lib\site-packages\pycycle\thermo\static_ps_resid.py:99: RuntimeWarning: The iteration is not making good progress, as measured by the 
 improvement from the last ten iterations.
  ps_guess, M_guess = fsolve(equations, (ps_guess, M_guess))
C:\Users\MEO\Desktop\Projects\JetEngine\boomsonic_v0\.venv\Lib\site-packages\pycycle\thermo\static_ps_resid.py:128: RuntimeWarning: invalid value encountered in sqrt
  Vsonic = (i['gamma']*i['R']*i['Ts'])**0.5
C:\Users\MEO\Desktop\Projects\JetEngine\boomsonic_v0\.venv\Lib\site-packages\pycycle\thermo\static_ps_resid.py:128: RuntimeWarning: invalid value encountered in sqrt
  Vsonic = (i['gamma']*i['R']*i['Ts'])**0.5
C:\Users\MEO\Desktop\Projects\JetEngine\boomsonic_v0\.venv\Lib\site-packages\pycycle\thermo\static_ps_resid.py:128: RuntimeWarning: invalid value encountered in sqrt
  Vsonic = (i['gamma']*i['R']*i['Ts'])**0.5
C:\Users\MEO\Desktop\Projects\JetEngine\boomsonic_v0\.venv\Lib\site-packages\pycycle\thermo\static_ps_resid.py:128: RuntimeWarning: invalid value encountered in sqrt
  Vsonic = (i['gamma']*i['R']*i['Ts'])**0.5
C:\Users\MEO\Desktop\Projects\JetEngine\boomsonic_v0\.venv\Lib\site-packages\pycycle\thermo\static_ps_resid.py:128: RuntimeWarning: invalid value encountered in sqrt
  Vsonic = (i['gamma']*i['R']*i['Ts'])**0.5
C:\Users\MEO\Desktop\Projects\JetEngine\boomsonic_v0\.venv\Lib\site-packages\pycycle\thermo\static_ps_resid.py:128: RuntimeWarning: invalid value encountered in sqrt
  Vsonic = (i['gamma']*i['R']*i['Ts'])**0.5
C:\Users\MEO\Desktop\Projects\JetEngine\boomsonic_v0\.venv\Lib\site-packages\pycycle\thermo\static_ps_resid.py:128: RuntimeWarning: invalid value encountered in sqrt
  Vsonic = (i['gamma']*i['R']*i['Ts'])**0.5
C:\Users\MEO\Desktop\Projects\JetEngine\boomsonic_v0\.venv\Lib\site-packages\pycycle\thermo\static_ps_resid.py:128: RuntimeWarning: invalid value encountered in sqrt
  Vsonic = (i['gamma']*i['R']*i['Ts'])**0.5
C:\Users\MEO\Desktop\Projects\JetEngine\boomsonic_v0\.venv\Lib\site-packages\pycycle\thermo\static_ps_resid.py:128: RuntimeWarning: invalid value encountered in sqrt
  Vsonic = (i['gamma']*i['R']*i['Ts'])**0.5
C:\Users\MEO\Desktop\Projects\JetEngine\boomsonic_v0\.venv\Lib\site-packages\pycycle\thermo\static_ps_resid.py:108: RuntimeWarning: invalid value encountered in sqrt
  Vsonic = (i['gamma']*i['R']*i['Ts'])**0.5
C:\Users\MEO\Desktop\Projects\JetEngine\boomsonic_v0\.venv\Lib\site-packages\pycycle\thermo\static_ps_resid.py:83: RuntimeWarning: invalid value encountered in power
  ps_guess = inputs['guess:Pt'] * (1 + (gamt-1)/2 * inputs['MN']**2)**(-gamt/(gamt-1))
C:\Users\MEO\Desktop\Projects\JetEngine\boomsonic_v0\.venv\Lib\site-packages\pycycle\thermo\static_ps_resid.py:108: RuntimeWarning: invalid value encountered in sqrt
  Vsonic = (i['gamma']*i['R']*i['Ts'])**0.5
C:\Users\MEO\Desktop\Projects\JetEngine\boomsonic_v0\.venv\Lib\site-packages\pycycle\thermo\static_ps_resid.py:108: RuntimeWarning: invalid value encountered in sqrt
  Vsonic = (i['gamma']*i['R']*i['Ts'])**0.5
C:\Users\MEO\Desktop\Projects\JetEngine\boomsonic_v0\.venv\Lib\site-packages\pycycle\thermo\static_ps_resid.py:108: RuntimeWarning: invalid value encountered in sqrt
  Vsonic = (i['gamma']*i['R']*i['Ts'])**0.5
C:\Users\MEO\Desktop\Projects\JetEngine\boomsonic_v0\.venv\Lib\site-packages\pycycle\thermo\static_ps_resid.py:108: RuntimeWarning: invalid value encountered in sqrt
  Vsonic = (i['gamma']*i['R']*i['Ts'])**0.5
C:\Users\MEO\Desktop\Projects\JetEngine\boomsonic_v0\.venv\Lib\site-packages\pycycle\thermo\static_ps_resid.py:108: RuntimeWarning: invalid value encountered in sqrt
  Vsonic = (i['gamma']*i['R']*i['Ts'])**0.5
C:\Users\MEO\Desktop\Projects\JetEngine\boomsonic_v0\.venv\Lib\site-packages\pycycle\thermo\static_ps_resid.py:108: RuntimeWarning: invalid value encountered in sqrt
  Vsonic = (i['gamma']*i['R']*i['Ts'])**0.5
C:\Users\MEO\Desktop\Projects\JetEngine\boomsonic_v0\.venv\Lib\site-packages\pycycle\thermo\static_ps_resid.py:108: RuntimeWarning: invalid value encountered in sqrt
  Vsonic = (i['gamma']*i['R']*i['Ts'])**0.5
C:\Users\MEO\Desktop\Projects\JetEngine\boomsonic_v0\.venv\Lib\site-packages\pycycle\thermo\static_ps_resid.py:108: RuntimeWarning: invalid value encountered in sqrt
  Vsonic = (i['gamma']*i['R']*i['Ts'])**0.5
C:\Users\MEO\Desktop\Projects\JetEngine\boomsonic_v0\.venv\Lib\site-packages\pycycle\thermo\static_ps_calc.py:32: RuntimeWarning: invalid value encountered in sqrt
  outputs['Vsonic'] = Vsonic = np.sqrt(inputs['gamma'] * inputs['R'] * inputs['Ts'])
C:\Users\MEO\Desktop\Projects\JetEngine\boomsonic_v0\.venv\Lib\site-packages\pycycle\elements\compressor.py:75: RuntimeWarning: invalid value encountered in log
  outputs['eff_poly'] = Rt * np.log(PR) / ( Rt*np.log(PR) + S_out - S_in )
C:\Users\MEO\Desktop\Projects\JetEngine\boomsonic_v0\.venv\Lib\site-packages\pycycle\thermo\static_ps_resid.py:128: RuntimeWarning: invalid value encountered in sqrt
  Vsonic = (i['gamma']*i['R']*i['Ts'])**0.5
C:\Users\MEO\Desktop\Projects\JetEngine\boomsonic_v0\.venv\Lib\site-packages\pycycle\thermo\static_ps_resid.py:128: RuntimeWarning: invalid value encountered in sqrt
  Vsonic = (i['gamma']*i['R']*i['Ts'])**0.5
C:\Users\MEO\Desktop\Projects\JetEngine\boomsonic_v0\.venv\Lib\site-packages\pycycle\thermo\static_ps_resid.py:98: RuntimeWarning: invalid value encountered in power
  ps_guess = inputs['guess:Pt'] * (1 + (gamt-1)/2 * M_guess**2)**(-gamt/(gamt-1))
C:\Users\MEO\Desktop\Projects\JetEngine\boomsonic_v0\.venv\Lib\site-packages\pycycle\thermo\static_ps_resid.py:93: RuntimeWarning: invalid value encountered in power
  f1 = ps - inputs['guess:Pt'] * (1 + (gamt-1)/2 * M_guess**2)**(-gamt/(gamt-1))
C:\Users\MEO\Desktop\Projects\JetEngine\boomsonic_v0\.venv\Lib\site-packages\pycycle\thermo\static_ps_resid.py:94: RuntimeWarning: invalid value encountered in sqrt
  f2 = MN - inputs['W']*(R_UNIVERSAL_SI*inputs['Ts'])**0.5/(ps_guess*1.0e6*inputs['area']*gamt**0.5)
C:\Users\MEO\Desktop\Projects\JetEngine\boomsonic_v0\.venv\Lib\site-packages\pycycle\thermo\static_ps_resid.py:99: RuntimeWarning: The iteration is not making good progress, as measured by the 
 improvement from the last ten iterations.
  ps_guess, M_guess = fsolve(equations, (ps_guess, M_guess))
C:\Users\MEO\Desktop\Projects\JetEngine\boomsonic_v0\.venv\Lib\site-packages\pycycle\thermo\static_ps_resid.py:108: RuntimeWarning: invalid value encountered in sqrt
  Vsonic = (i['gamma']*i['R']*i['Ts'])**0.5
C:\Users\MEO\Desktop\Projects\JetEngine\boomsonic_v0\.venv\Lib\site-packages\pycycle\thermo\static_ps_resid.py:83: RuntimeWarning: invalid value encountered in power
  ps_guess = inputs['guess:Pt'] * (1 + (gamt-1)/2 * inputs['MN']**2)**(-gamt/(gamt-1))
C:\Users\MEO\Desktop\Projects\JetEngine\boomsonic_v0\.venv\Lib\site-packages\openmdao\solvers\solver.py:819: SolverWarning:Your model has stalled three times and may be violating the bounds. In the future, turn on print_bound_enforce in your solver options here: 
OD0.inlet.out_stat.nonlinear_solver.linesearch.options['print_bound_enforce']=True. 
The bound(s) being violated now are:

C:\Users\MEO\Desktop\Projects\JetEngine\boomsonic_v0\.venv\Lib\site-packages\openmdao\solvers\linesearch\backtracking.py:39: SolverWarning:'OD0.inlet.out_stat.balance.T' exceeds lower bounds
  Val: [-224.71974758]
  Lower: [150.]

C:\Users\MEO\Desktop\Projects\JetEngine\boomsonic_v0\.venv\Lib\site-packages\openmdao\solvers\linesearch\backtracking.py:39: SolverWarning:'OD0.inlet.out_stat.ps_resid.Ps' exceeds lower bounds
  Val: [-0.00109596]
  Lower: [-0.0009009]

C:\Users\MEO\Desktop\Projects\JetEngine\boomsonic_v0\.venv\Lib\site-packages\openmdao\solvers\solver.py:819: SolverWarning:Your model has stalled three times and may be violating the bounds. In the future, turn on print_bound_enforce in your solver options here: 
OD0.duct.out_stat.nonlinear_solver.linesearch.options['print_bound_enforce']=True. 
The bound(s) being violated now are:

C:\Users\MEO\Desktop\Projects\JetEngine\boomsonic_v0\.venv\Lib\site-packages\openmdao\solvers\linesearch\backtracking.py:39: SolverWarning:'OD0.duct.out_stat.balance.T' exceeds lower bounds
  Val: [-222.75124993]
  Lower: [150.]

C:\Users\MEO\Desktop\Projects\JetEngine\boomsonic_v0\.venv\Lib\site-packages\openmdao\solvers\linesearch\backtracking.py:39: SolverWarning:'OD0.duct.out_stat.ps_resid.Ps' exceeds lower bounds
  Val: [-0.00109467]
  Lower: [-0.0009009]

C:\Users\MEO\Desktop\Projects\JetEngine\boomsonic_v0\.venv\Lib\site-packages\openmdao\solvers\solver.py:819: SolverWarning:Your model has stalled three times and may be violating the bounds. In the future, turn on print_bound_enforce in your solver options here: 
OD0.comp.ideal_flow.nonlinear_solver.linesearch.options['print_bound_enforce']=True. 
The bound(s) being violated now are:

C:\Users\MEO\Desktop\Projects\JetEngine\boomsonic_v0\.venv\Lib\site-packages\openmdao\solvers\linesearch\backtracking.py:39: SolverWarning:'OD0.comp.ideal_flow.balance.T' exceeds lower bounds
  Val: [-3.03258293e+10]
  Lower: [150.]

C:\Users\MEO\Desktop\Projects\JetEngine\boomsonic_v0\.venv\Lib\site-packages\pycycle\elements\compressor.py:75: RuntimeWarning: invalid value encountered in log
  outputs['eff_poly'] = Rt * np.log(PR) / ( Rt*np.log(PR) + S_out - S_in )
C:\Users\MEO\Desktop\Projects\JetEngine\boomsonic_v0\.venv\Lib\site-packages\pycycle\thermo\static_ps_resid.py:128: RuntimeWarning: invalid value encountered in sqrt
  Vsonic = (i['gamma']*i['R']*i['Ts'])**0.5
C:\Users\MEO\Desktop\Projects\JetEngine\boomsonic_v0\.venv\Lib\site-packages\pycycle\thermo\static_ps_resid.py:128: RuntimeWarning: invalid value encountered in sqrt
  Vsonic = (i['gamma']*i['R']*i['Ts'])**0.5
C:\Users\MEO\Desktop\Projects\JetEngine\boomsonic_v0\.venv\Lib\site-packages\pycycle\thermo\static_ps_resid.py:98: RuntimeWarning: invalid value encountered in power
  ps_guess = inputs['guess:Pt'] * (1 + (gamt-1)/2 * M_guess**2)**(-gamt/(gamt-1))
C:\Users\MEO\Desktop\Projects\JetEngine\boomsonic_v0\.venv\Lib\site-packages\pycycle\thermo\static_ps_resid.py:93: RuntimeWarning: invalid value encountered in power
  f1 = ps - inputs['guess:Pt'] * (1 + (gamt-1)/2 * M_guess**2)**(-gamt/(gamt-1))
C:\Users\MEO\Desktop\Projects\JetEngine\boomsonic_v0\.venv\Lib\site-packages\pycycle\thermo\static_ps_resid.py:94: RuntimeWarning: invalid value encountered in sqrt
  f2 = MN - inputs['W']*(R_UNIVERSAL_SI*inputs['Ts'])**0.5/(ps_guess*1.0e6*inputs['area']*gamt**0.5)
C:\Users\MEO\Desktop\Projects\JetEngine\boomsonic_v0\.venv\Lib\site-packages\pycycle\thermo\static_ps_resid.py:99: RuntimeWarning: The iteration is not making good progress, as measured by the 
 improvement from the last ten iterations.
  ps_guess, M_guess = fsolve(equations, (ps_guess, M_guess))
C:\Users\MEO\Desktop\Projects\JetEngine\boomsonic_v0\.venv\Lib\site-packages\pycycle\thermo\static_ps_resid.py:128: RuntimeWarning: invalid value encountered in sqrt
  Vsonic = (i['gamma']*i['R']*i['Ts'])**0.5
C:\Users\MEO\Desktop\Projects\JetEngine\boomsonic_v0\.venv\Lib\site-packages\pycycle\thermo\static_ps_resid.py:128: RuntimeWarning: invalid value encountered in sqrt
  Vsonic = (i['gamma']*i['R']*i['Ts'])**0.5
C:\Users\MEO\Desktop\Projects\JetEngine\boomsonic_v0\.venv\Lib\site-packages\pycycle\thermo\static_ps_resid.py:128: RuntimeWarning: invalid value encountered in sqrt
  Vsonic = (i['gamma']*i['R']*i['Ts'])**0.5
C:\Users\MEO\Desktop\Projects\JetEngine\boomsonic_v0\.venv\Lib\site-packages\openmdao\solvers\solver.py:819: SolverWarning:Your model has stalled three times and may be violating the bounds. In the future, turn on print_bound_enforce in your solver options here: 
OD0.turb.out_stat.nonlinear_solver.linesearch.options['print_bound_enforce']=True. 
The bound(s) being violated now are:

C:\Users\MEO\Desktop\Projects\JetEngine\boomsonic_v0\.venv\Lib\site-packages\openmdao\solvers\linesearch\backtracking.py:35: SolverWarning:'OD0.turb.out_stat.balance.T' exceeds upper bounds
  Val: [1.06772605e+11]
  Upper: [2500.]

C:\Users\MEO\Desktop\Projects\JetEngine\boomsonic_v0\.venv\Lib\site-packages\openmdao\solvers\linesearch\backtracking.py:39: SolverWarning:'OD0.turb.out_stat.ps_resid.Ps' exceeds lower bounds
  Val: [-2.23736864e+10]
  Lower: [-0.0009009]

C:\Users\MEO\Desktop\Projects\JetEngine\boomsonic_v0\.venv\Lib\site-packages\pycycle\thermo\static_ps_resid.py:108: RuntimeWarning: invalid value encountered in sqrt
  Vsonic = (i['gamma']*i['R']*i['Ts'])**0.5
C:\Users\MEO\Desktop\Projects\JetEngine\boomsonic_v0\.venv\Lib\site-packages\pycycle\thermo\static_ps_resid.py:83: RuntimeWarning: invalid value encountered in power
  ps_guess = inputs['guess:Pt'] * (1 + (gamt-1)/2 * inputs['MN']**2)**(-gamt/(gamt-1))
C:\Users\MEO\Desktop\Projects\JetEngine\boomsonic_v0\.venv\Lib\site-packages\pycycle\thermo\static_ps_resid.py:108: RuntimeWarning: invalid value encountered in sqrt
  Vsonic = (i['gamma']*i['R']*i['Ts'])**0.5
C:\Users\MEO\Desktop\Projects\JetEngine\boomsonic_v0\.venv\Lib\site-packages\pycycle\thermo\static_ps_resid.py:108: RuntimeWarning: invalid value encountered in sqrt
  Vsonic = (i['gamma']*i['R']*i['Ts'])**0.5
C:\Users\MEO\Desktop\Projects\JetEngine\boomsonic_v0\.venv\Lib\site-packages\pycycle\thermo\static_ps_resid.py:108: RuntimeWarning: invalid value encountered in sqrt
  Vsonic = (i['gamma']*i['R']*i['Ts'])**0.5
C:\Users\MEO\Desktop\Projects\JetEngine\boomsonic_v0\.venv\Lib\site-packages\pycycle\thermo\static_ps_calc.py:32: RuntimeWarning: invalid value encountered in sqrt
  outputs['Vsonic'] = Vsonic = np.sqrt(inputs['gamma'] * inputs['R'] * inputs['Ts'])
C:\Users\MEO\Desktop\Projects\JetEngine\boomsonic_v0\.venv\Lib\site-packages\pycycle\elements\compressor.py:75: RuntimeWarning: invalid value encountered in log
  outputs['eff_poly'] = Rt * np.log(PR) / ( Rt*np.log(PR) + S_out - S_in )
C:\Users\MEO\Desktop\Projects\JetEngine\boomsonic_v0\.venv\Lib\site-packages\pycycle\thermo\static_ps_resid.py:128: RuntimeWarning: invalid value encountered in sqrt
  Vsonic = (i['gamma']*i['R']*i['Ts'])**0.5
C:\Users\MEO\Desktop\Projects\JetEngine\boomsonic_v0\.venv\Lib\site-packages\pycycle\thermo\static_ps_resid.py:128: RuntimeWarning: invalid value encountered in sqrt
  Vsonic = (i['gamma']*i['R']*i['Ts'])**0.5
C:\Users\MEO\Desktop\Projects\JetEngine\boomsonic_v0\.venv\Lib\site-packages\pycycle\thermo\static_ps_resid.py:98: RuntimeWarning: invalid value encountered in power
  ps_guess = inputs['guess:Pt'] * (1 + (gamt-1)/2 * M_guess**2)**(-gamt/(gamt-1))
C:\Users\MEO\Desktop\Projects\JetEngine\boomsonic_v0\.venv\Lib\site-packages\pycycle\thermo\static_ps_resid.py:93: RuntimeWarning: invalid value encountered in power
  f1 = ps - inputs['guess:Pt'] * (1 + (gamt-1)/2 * M_guess**2)**(-gamt/(gamt-1))
C:\Users\MEO\Desktop\Projects\JetEngine\boomsonic_v0\.venv\Lib\site-packages\pycycle\thermo\static_ps_resid.py:94: RuntimeWarning: invalid value encountered in sqrt
  f2 = MN - inputs['W']*(R_UNIVERSAL_SI*inputs['Ts'])**0.5/(ps_guess*1.0e6*inputs['area']*gamt**0.5)
C:\Users\MEO\Desktop\Projects\JetEngine\boomsonic_v0\.venv\Lib\site-packages\pycycle\thermo\static_ps_resid.py:99: RuntimeWarning: The iteration is not making good progress, as measured by the 
 improvement from the last ten iterations.
  ps_guess, M_guess = fsolve(equations, (ps_guess, M_guess))
C:\Users\MEO\Desktop\Projects\JetEngine\boomsonic_v0\.venv\Lib\site-packages\pycycle\thermo\static_ps_resid.py:108: RuntimeWarning: invalid value encountered in sqrt
  Vsonic = (i['gamma']*i['R']*i['Ts'])**0.5
C:\Users\MEO\Desktop\Projects\JetEngine\boomsonic_v0\.venv\Lib\site-packages\pycycle\thermo\static_ps_resid.py:83: RuntimeWarning: invalid value encountered in power
  ps_guess = inputs['guess:Pt'] * (1 + (gamt-1)/2 * inputs['MN']**2)**(-gamt/(gamt-1))
C:\Users\MEO\Desktop\Projects\JetEngine\boomsonic_v0\.venv\Lib\site-packages\openmdao\solvers\solver.py:819: SolverWarning:Your model has stalled three times and may be violating the bounds. In the future, turn on print_bound_enforce in your solver options here: 
OD0.inlet.out_stat.nonlinear_solver.linesearch.options['print_bound_enforce']=True. 
The bound(s) being violated now are:

C:\Users\MEO\Desktop\Projects\JetEngine\boomsonic_v0\.venv\Lib\site-packages\openmdao\solvers\linesearch\backtracking.py:39: SolverWarning:'OD0.inlet.out_stat.balance.T' exceeds lower bounds
  Val: [-224.71977394]
  Lower: [150.]

C:\Users\MEO\Desktop\Projects\JetEngine\boomsonic_v0\.venv\Lib\site-packages\openmdao\solvers\linesearch\backtracking.py:39: SolverWarning:'OD0.inlet.out_stat.ps_resid.Ps' exceeds lower bounds
  Val: [-0.00109596]
  Lower: [-0.0009009]

C:\Users\MEO\Desktop\Projects\JetEngine\boomsonic_v0\.venv\Lib\site-packages\openmdao\solvers\solver.py:819: SolverWarning:Your model has stalled three times and may be violating the bounds. In the future, turn on print_bound_enforce in your solver options here: 
OD0.duct.out_stat.nonlinear_solver.linesearch.options['print_bound_enforce']=True. 
The bound(s) being violated now are:

C:\Users\MEO\Desktop\Projects\JetEngine\boomsonic_v0\.venv\Lib\site-packages\openmdao\solvers\linesearch\backtracking.py:39: SolverWarning:'OD0.duct.out_stat.balance.T' exceeds lower bounds
  Val: [-222.75127807]
  Lower: [150.]

C:\Users\MEO\Desktop\Projects\JetEngine\boomsonic_v0\.venv\Lib\site-packages\openmdao\solvers\linesearch\backtracking.py:39: SolverWarning:'OD0.duct.out_stat.ps_resid.Ps' exceeds lower bounds
  Val: [-0.00109467]
  Lower: [-0.0009009]

C:\Users\MEO\Desktop\Projects\JetEngine\boomsonic_v0\.venv\Lib\site-packages\openmdao\solvers\solver.py:819: SolverWarning:Your model has stalled three times and may be violating the bounds. In the future, turn on print_bound_enforce in your solver options here: 
OD0.comp.ideal_flow.nonlinear_solver.linesearch.options['print_bound_enforce']=True. 
The bound(s) being violated now are:

C:\Users\MEO\Desktop\Projects\JetEngine\boomsonic_v0\.venv\Lib\site-packages\openmdao\solvers\linesearch\backtracking.py:39: SolverWarning:'OD0.comp.ideal_flow.balance.T' exceeds lower bounds
  Val: [-3.03258293e+10]
  Lower: [150.]

C:\Users\MEO\Desktop\Projects\JetEngine\boomsonic_v0\.venv\Lib\site-packages\pycycle\elements\compressor.py:75: RuntimeWarning: invalid value encountered in log
  outputs['eff_poly'] = Rt * np.log(PR) / ( Rt*np.log(PR) + S_out - S_in )
C:\Users\MEO\Desktop\Projects\JetEngine\boomsonic_v0\.venv\Lib\site-packages\pycycle\thermo\static_ps_resid.py:128: RuntimeWarning: invalid value encountered in sqrt
  Vsonic = (i['gamma']*i['R']*i['Ts'])**0.5
C:\Users\MEO\Desktop\Projects\JetEngine\boomsonic_v0\.venv\Lib\site-packages\pycycle\thermo\static_ps_resid.py:98: RuntimeWarning: invalid value encountered in power
  ps_guess = inputs['guess:Pt'] * (1 + (gamt-1)/2 * M_guess**2)**(-gamt/(gamt-1))
C:\Users\MEO\Desktop\Projects\JetEngine\boomsonic_v0\.venv\Lib\site-packages\pycycle\thermo\static_ps_resid.py:93: RuntimeWarning: invalid value encountered in power
  f1 = ps - inputs['guess:Pt'] * (1 + (gamt-1)/2 * M_guess**2)**(-gamt/(gamt-1))
C:\Users\MEO\Desktop\Projects\JetEngine\boomsonic_v0\.venv\Lib\site-packages\pycycle\thermo\static_ps_resid.py:94: RuntimeWarning: invalid value encountered in sqrt
  f2 = MN - inputs['W']*(R_UNIVERSAL_SI*inputs['Ts'])**0.5/(ps_guess*1.0e6*inputs['area']*gamt**0.5)
C:\Users\MEO\Desktop\Projects\JetEngine\boomsonic_v0\.venv\Lib\site-packages\pycycle\thermo\static_ps_resid.py:99: RuntimeWarning: The iteration is not making good progress, as measured by the 
 improvement from the last ten iterations.
  ps_guess, M_guess = fsolve(equations, (ps_guess, M_guess))
C:\Users\MEO\Desktop\Projects\JetEngine\boomsonic_v0\.venv\Lib\site-packages\pycycle\thermo\static_ps_resid.py:128: RuntimeWarning: invalid value encountered in sqrt
  Vsonic = (i['gamma']*i['R']*i['Ts'])**0.5
C:\Users\MEO\Desktop\Projects\JetEngine\boomsonic_v0\.venv\Lib\site-packages\pycycle\thermo\static_ps_resid.py:128: RuntimeWarning: invalid value encountered in sqrt
  Vsonic = (i['gamma']*i['R']*i['Ts'])**0.5
C:\Users\MEO\Desktop\Projects\JetEngine\boomsonic_v0\.venv\Lib\site-packages\pycycle\thermo\static_ps_resid.py:128: RuntimeWarning: invalid value encountered in sqrt
  Vsonic = (i['gamma']*i['R']*i['Ts'])**0.5
C:\Users\MEO\Desktop\Projects\JetEngine\boomsonic_v0\.venv\Lib\site-packages\pycycle\thermo\static_ps_resid.py:128: RuntimeWarning: invalid value encountered in sqrt
  Vsonic = (i['gamma']*i['R']*i['Ts'])**0.5
C:\Users\MEO\Desktop\Projects\JetEngine\boomsonic_v0\.venv\Lib\site-packages\pycycle\thermo\static_ps_resid.py:128: RuntimeWarning: invalid value encountered in sqrt
  Vsonic = (i['gamma']*i['R']*i['Ts'])**0.5
C:\Users\MEO\Desktop\Projects\JetEngine\boomsonic_v0\.venv\Lib\site-packages\pycycle\thermo\static_ps_resid.py:128: RuntimeWarning: invalid value encountered in sqrt
  Vsonic = (i['gamma']*i['R']*i['Ts'])**0.5
C:\Users\MEO\Desktop\Projects\JetEngine\boomsonic_v0\.venv\Lib\site-packages\pycycle\thermo\static_ps_resid.py:128: RuntimeWarning: invalid value encountered in sqrt
  Vsonic = (i['gamma']*i['R']*i['Ts'])**0.5
C:\Users\MEO\Desktop\Projects\JetEngine\boomsonic_v0\.venv\Lib\site-packages\pycycle\thermo\static_ps_resid.py:128: RuntimeWarning: invalid value encountered in sqrt
  Vsonic = (i['gamma']*i['R']*i['Ts'])**0.5
C:\Users\MEO\Desktop\Projects\JetEngine\boomsonic_v0\.venv\Lib\site-packages\pycycle\thermo\static_ps_resid.py:128: RuntimeWarning: invalid value encountered in sqrt
  Vsonic = (i['gamma']*i['R']*i['Ts'])**0.5
C:\Users\MEO\Desktop\Projects\JetEngine\boomsonic_v0\.venv\Lib\site-packages\pycycle\thermo\static_ps_resid.py:128: RuntimeWarning: invalid value encountered in sqrt
  Vsonic = (i['gamma']*i['R']*i['Ts'])**0.5
C:\Users\MEO\Desktop\Projects\JetEngine\boomsonic_v0\.venv\Lib\site-packages\pycycle\thermo\static_ps_resid.py:128: RuntimeWarning: invalid value encountered in sqrt
  Vsonic = (i['gamma']*i['R']*i['Ts'])**0.5
C:\Users\MEO\Desktop\Projects\JetEngine\boomsonic_v0\.venv\Lib\site-packages\pycycle\thermo\static_ps_resid.py:128: RuntimeWarning: invalid value encountered in sqrt
  Vsonic = (i['gamma']*i['R']*i['Ts'])**0.5
C:\Users\MEO\Desktop\Projects\JetEngine\boomsonic_v0\.venv\Lib\site-packages\pycycle\thermo\static_ps_resid.py:108: RuntimeWarning: invalid value encountered in sqrt
  Vsonic = (i['gamma']*i['R']*i['Ts'])**0.5
C:\Users\MEO\Desktop\Projects\JetEngine\boomsonic_v0\.venv\Lib\site-packages\pycycle\thermo\static_ps_resid.py:83: RuntimeWarning: invalid value encountered in power
  ps_guess = inputs['guess:Pt'] * (1 + (gamt-1)/2 * inputs['MN']**2)**(-gamt/(gamt-1))
C:\Users\MEO\Desktop\Projects\JetEngine\boomsonic_v0\.venv\Lib\site-packages\pycycle\thermo\static_ps_resid.py:108: RuntimeWarning: invalid value encountered in sqrt
  Vsonic = (i['gamma']*i['R']*i['Ts'])**0.5
C:\Users\MEO\Desktop\Projects\JetEngine\boomsonic_v0\.venv\Lib\site-packages\openmdao\solvers\solver.py:819: SolverWarning:Your model has stalled three times and may be violating the bounds. In the future, turn on print_bound_enforce in your solver options here: 
OD0.nozz.staticMN.nonlinear_solver.linesearch.options['print_bound_enforce']=True. 
The bound(s) being violated now are:

C:\Users\MEO\Desktop\Projects\JetEngine\boomsonic_v0\.venv\Lib\site-packages\openmdao\solvers\linesearch\backtracking.py:35: SolverWarning:'OD0.nozz.staticMN.balance.T' exceeds upper bounds
  Val: [3.05890502e+10]
  Upper: [2500.]

C:\Users\MEO\Desktop\Projects\JetEngine\boomsonic_v0\.venv\Lib\site-packages\openmdao\solvers\linesearch\backtracking.py:39: SolverWarning:'OD0.nozz.staticMN.ps_resid.Ps' exceeds lower bounds
  Val: [-19243.73637705]
  Lower: [-0.0009009]

C:\Users\MEO\Desktop\Projects\JetEngine\boomsonic_v0\.venv\Lib\site-packages\pycycle\thermo\static_ps_resid.py:108: RuntimeWarning: invalid value encountered in sqrt
  Vsonic = (i['gamma']*i['R']*i['Ts'])**0.5
C:\Users\MEO\Desktop\Projects\JetEngine\boomsonic_v0\.venv\Lib\site-packages\pycycle\thermo\static_ps_resid.py:108: RuntimeWarning: invalid value encountered in sqrt
  Vsonic = (i['gamma']*i['R']*i['Ts'])**0.5
C:\Users\MEO\Desktop\Projects\JetEngine\boomsonic_v0\.venv\Lib\site-packages\pycycle\thermo\static_ps_calc.py:32: RuntimeWarning: invalid value encountered in sqrt
  outputs['Vsonic'] = Vsonic = np.sqrt(inputs['gamma'] * inputs['R'] * inputs['Ts'])
C:\Users\MEO\Desktop\Projects\JetEngine\boomsonic_v0\.venv\Lib\site-packages\pycycle\elements\compressor.py:75: RuntimeWarning: invalid value encountered in log
  outputs['eff_poly'] = Rt * np.log(PR) / ( Rt*np.log(PR) + S_out - S_in )
C:\Users\MEO\Desktop\Projects\JetEngine\boomsonic_v0\.venv\Lib\site-packages\pycycle\thermo\static_ps_resid.py:128: RuntimeWarning: invalid value encountered in sqrt
  Vsonic = (i['gamma']*i['R']*i['Ts'])**0.5
C:\Users\MEO\Desktop\Projects\JetEngine\boomsonic_v0\.venv\Lib\site-packages\pycycle\thermo\static_ps_calc.py:32: RuntimeWarning: invalid value encountered in sqrt
  outputs['Vsonic'] = Vsonic = np.sqrt(inputs['gamma'] * inputs['R'] * inputs['Ts'])
C:\Users\MEO\Desktop\Projects\JetEngine\boomsonic_v0\.venv\Lib\site-packages\pycycle\thermo\static_ps_resid.py:128: RuntimeWarning: invalid value encountered in sqrt
  Vsonic = (i['gamma']*i['R']*i['Ts'])**0.5
C:\Users\MEO\Desktop\Projects\JetEngine\boomsonic_v0\.venv\Lib\site-packages\pycycle\thermo\static_ps_resid.py:98: RuntimeWarning: invalid value encountered in power
  ps_guess = inputs['guess:Pt'] * (1 + (gamt-1)/2 * M_guess**2)**(-gamt/(gamt-1))
C:\Users\MEO\Desktop\Projects\JetEngine\boomsonic_v0\.venv\Lib\site-packages\pycycle\thermo\static_ps_resid.py:93: RuntimeWarning: invalid value encountered in power
  f1 = ps - inputs['guess:Pt'] * (1 + (gamt-1)/2 * M_guess**2)**(-gamt/(gamt-1))
C:\Users\MEO\Desktop\Projects\JetEngine\boomsonic_v0\.venv\Lib\site-packages\pycycle\thermo\static_ps_resid.py:94: RuntimeWarning: invalid value encountered in sqrt
  f2 = MN - inputs['W']*(R_UNIVERSAL_SI*inputs['Ts'])**0.5/(ps_guess*1.0e6*inputs['area']*gamt**0.5)
C:\Users\MEO\Desktop\Projects\JetEngine\boomsonic_v0\.venv\Lib\site-packages\pycycle\thermo\static_ps_resid.py:99: RuntimeWarning: The iteration is not making good progress, as measured by the 
 improvement from the last ten iterations.
  ps_guess, M_guess = fsolve(equations, (ps_guess, M_guess))
C:\Users\MEO\Desktop\Projects\JetEngine\boomsonic_v0\.venv\Lib\site-packages\pycycle\thermo\static_ps_resid.py:108: RuntimeWarning: invalid value encountered in sqrt
  Vsonic = (i['gamma']*i['R']*i['Ts'])**0.5
C:\Users\MEO\Desktop\Projects\JetEngine\boomsonic_v0\.venv\Lib\site-packages\pycycle\thermo\static_ps_resid.py:83: RuntimeWarning: invalid value encountered in power
  ps_guess = inputs['guess:Pt'] * (1 + (gamt-1)/2 * inputs['MN']**2)**(-gamt/(gamt-1))
C:\Users\MEO\Desktop\Projects\JetEngine\boomsonic_v0\.venv\Lib\site-packages\openmdao\solvers\solver.py:819: SolverWarning:Your model has stalled three times and may be violating the bounds. In the future, turn on print_bound_enforce in your solver options here: 
OD0.inlet.out_stat.nonlinear_solver.linesearch.options['print_bound_enforce']=True. 
The bound(s) being violated now are:

C:\Users\MEO\Desktop\Projects\JetEngine\boomsonic_v0\.venv\Lib\site-packages\openmdao\solvers\linesearch\backtracking.py:39: SolverWarning:'OD0.inlet.out_stat.balance.T' exceeds lower bounds
  Val: [-224.7197476]
  Lower: [150.]

C:\Users\MEO\Desktop\Projects\JetEngine\boomsonic_v0\.venv\Lib\site-packages\openmdao\solvers\linesearch\backtracking.py:39: SolverWarning:'OD0.inlet.out_stat.ps_resid.Ps' exceeds lower bounds
  Val: [-0.00109596]
  Lower: [-0.0009009]

C:\Users\MEO\Desktop\Projects\JetEngine\boomsonic_v0\.venv\Lib\site-packages\openmdao\solvers\solver.py:819: SolverWarning:Your model has stalled three times and may be violating the bounds. In the future, turn on print_bound_enforce in your solver options here: 
OD0.duct.out_stat.nonlinear_solver.linesearch.options['print_bound_enforce']=True. 
The bound(s) being violated now are:

C:\Users\MEO\Desktop\Projects\JetEngine\boomsonic_v0\.venv\Lib\site-packages\openmdao\solvers\linesearch\backtracking.py:39: SolverWarning:'OD0.duct.out_stat.balance.T' exceeds lower bounds
  Val: [-222.75124996]
  Lower: [150.]

C:\Users\MEO\Desktop\Projects\JetEngine\boomsonic_v0\.venv\Lib\site-packages\openmdao\solvers\linesearch\backtracking.py:39: SolverWarning:'OD0.duct.out_stat.ps_resid.Ps' exceeds lower bounds
  Val: [-0.00109467]
  Lower: [-0.0009009]

C:\Users\MEO\Desktop\Projects\JetEngine\boomsonic_v0\.venv\Lib\site-packages\openmdao\solvers\solver.py:819: SolverWarning:Your model has stalled three times and may be violating the bounds. In the future, turn on print_bound_enforce in your solver options here: 
OD0.comp.ideal_flow.nonlinear_solver.linesearch.options['print_bound_enforce']=True. 
The bound(s) being violated now are:

C:\Users\MEO\Desktop\Projects\JetEngine\boomsonic_v0\.venv\Lib\site-packages\openmdao\solvers\linesearch\backtracking.py:39: SolverWarning:'OD0.comp.ideal_flow.balance.T' exceeds lower bounds
  Val: [-3.03258293e+10]
  Lower: [150.]

C:\Users\MEO\Desktop\Projects\JetEngine\boomsonic_v0\.venv\Lib\site-packages\pycycle\elements\compressor.py:75: RuntimeWarning: invalid value encountered in log
  outputs['eff_poly'] = Rt * np.log(PR) / ( Rt*np.log(PR) + S_out - S_in )
C:\Users\MEO\Desktop\Projects\JetEngine\boomsonic_v0\.venv\Lib\site-packages\pycycle\thermo\static_ps_resid.py:128: RuntimeWarning: invalid value encountered in sqrt
  Vsonic = (i['gamma']*i['R']*i['Ts'])**0.5
C:\Users\MEO\Desktop\Projects\JetEngine\boomsonic_v0\.venv\Lib\site-packages\openmdao\solvers\solver.py:819: SolverWarning:Your model has stalled three times and may be violating the bounds. In the future, turn on print_bound_enforce in your solver options here: 
OD0.turb.real_flow_b4bld.nonlinear_solver.linesearch.options['print_bound_enforce']=True. 
The bound(s) being violated now are:

C:\Users\MEO\Desktop\Projects\JetEngine\boomsonic_v0\.venv\Lib\site-packages\openmdao\solvers\solver.py:819: SolverWarning:Your model has stalled three times and may be violating the bounds. In the future, turn on print_bound_enforce in your solver options here: 
OD0.turb.real_flow.nonlinear_solver.linesearch.options['print_bound_enforce']=True. 
The bound(s) being violated now are:

C:\Users\MEO\Desktop\Projects\JetEngine\boomsonic_v0\.venv\Lib\site-packages\pycycle\thermo\static_ps_resid.py:128: RuntimeWarning: invalid value encountered in sqrt
  Vsonic = (i['gamma']*i['R']*i['Ts'])**0.5
C:\Users\MEO\Desktop\Projects\JetEngine\boomsonic_v0\.venv\Lib\site-packages\pycycle\thermo\static_ps_resid.py:98: RuntimeWarning: invalid value encountered in power
  ps_guess = inputs['guess:Pt'] * (1 + (gamt-1)/2 * M_guess**2)**(-gamt/(gamt-1))
C:\Users\MEO\Desktop\Projects\JetEngine\boomsonic_v0\.venv\Lib\site-packages\pycycle\thermo\static_ps_resid.py:93: RuntimeWarning: invalid value encountered in power
  f1 = ps - inputs['guess:Pt'] * (1 + (gamt-1)/2 * M_guess**2)**(-gamt/(gamt-1))
C:\Users\MEO\Desktop\Projects\JetEngine\boomsonic_v0\.venv\Lib\site-packages\pycycle\thermo\static_ps_resid.py:94: RuntimeWarning: invalid value encountered in sqrt
  f2 = MN - inputs['W']*(R_UNIVERSAL_SI*inputs['Ts'])**0.5/(ps_guess*1.0e6*inputs['area']*gamt**0.5)
C:\Users\MEO\Desktop\Projects\JetEngine\boomsonic_v0\.venv\Lib\site-packages\pycycle\thermo\static_ps_resid.py:99: RuntimeWarning: The iteration is not making good progress, as measured by the 
 improvement from the last ten iterations.
  ps_guess, M_guess = fsolve(equations, (ps_guess, M_guess))
C:\Users\MEO\Desktop\Projects\JetEngine\boomsonic_v0\.venv\Lib\site-packages\pycycle\thermo\static_ps_resid.py:128: RuntimeWarning: invalid value encountered in sqrt
  Vsonic = (i['gamma']*i['R']*i['Ts'])**0.5
C:\Users\MEO\Desktop\Projects\JetEngine\boomsonic_v0\.venv\Lib\site-packages\pycycle\thermo\static_ps_resid.py:128: RuntimeWarning: invalid value encountered in sqrt
  Vsonic = (i['gamma']*i['R']*i['Ts'])**0.5
C:\Users\MEO\Desktop\Projects\JetEngine\boomsonic_v0\.venv\Lib\site-packages\pycycle\thermo\static_ps_resid.py:128: RuntimeWarning: invalid value encountered in sqrt
  Vsonic = (i['gamma']*i['R']*i['Ts'])**0.5
C:\Users\MEO\Desktop\Projects\JetEngine\boomsonic_v0\.venv\Lib\site-packages\openmdao\solvers\solver.py:819: SolverWarning:Your model has stalled three times and may be violating the bounds. In the future, turn on print_bound_enforce in your solver options here: 
OD0.turb.out_stat.nonlinear_solver.linesearch.options['print_bound_enforce']=True. 
The bound(s) being violated now are:

C:\Users\MEO\Desktop\Projects\JetEngine\boomsonic_v0\.venv\Lib\site-packages\openmdao\solvers\linesearch\backtracking.py:35: SolverWarning:'OD0.turb.out_stat.balance.T' exceeds upper bounds
  Val: [7.53646525e+10]
  Upper: [2500.]

C:\Users\MEO\Desktop\Projects\JetEngine\boomsonic_v0\.venv\Lib\site-packages\openmdao\solvers\linesearch\backtracking.py:39: SolverWarning:'OD0.turb.out_stat.ps_resid.Ps' exceeds lower bounds
  Val: [-4.53615168e+10]
  Lower: [-0.0009009]

C:\Users\MEO\Desktop\Projects\JetEngine\boomsonic_v0\.venv\Lib\site-packages\pycycle\thermo\static_ps_resid.py:128: RuntimeWarning: invalid value encountered in sqrt
  Vsonic = (i['gamma']*i['R']*i['Ts'])**0.5
C:\Users\MEO\Desktop\Projects\JetEngine\boomsonic_v0\.venv\Lib\site-packages\openmdao\solvers\solver.py:819: SolverWarning:Your model has stalled three times and may be violating the bounds. In the future, turn on print_bound_enforce in your solver options here: 
OD0.nozz.throat_total.nonlinear_solver.linesearch.options['print_bound_enforce']=True. 
The bound(s) being violated now are:

C:\Users\MEO\Desktop\Projects\JetEngine\boomsonic_v0\.venv\Lib\site-packages\pycycle\thermo\static_ps_resid.py:108: RuntimeWarning: invalid value encountered in sqrt
  Vsonic = (i['gamma']*i['R']*i['Ts'])**0.5
C:\Users\MEO\Desktop\Projects\JetEngine\boomsonic_v0\.venv\Lib\site-packages\pycycle\thermo\static_ps_resid.py:83: RuntimeWarning: invalid value encountered in power
  ps_guess = inputs['guess:Pt'] * (1 + (gamt-1)/2 * inputs['MN']**2)**(-gamt/(gamt-1))
C:\Users\MEO\Desktop\Projects\JetEngine\boomsonic_v0\.venv\Lib\site-packages\pycycle\thermo\static_ps_resid.py:108: RuntimeWarning: invalid value encountered in sqrt
  Vsonic = (i['gamma']*i['R']*i['Ts'])**0.5
C:\Users\MEO\Desktop\Projects\JetEngine\boomsonic_v0\.venv\Lib\site-packages\pycycle\thermo\static_ps_resid.py:108: RuntimeWarning: invalid value encountered in sqrt
  Vsonic = (i['gamma']*i['R']*i['Ts'])**0.5
C:\Users\MEO\Desktop\Projects\JetEngine\boomsonic_v0\.venv\Lib\site-packages\pycycle\thermo\static_ps_resid.py:108: RuntimeWarning: invalid value encountered in sqrt
  Vsonic = (i['gamma']*i['R']*i['Ts'])**0.5
C:\Users\MEO\Desktop\Projects\JetEngine\boomsonic_v0\.venv\Lib\site-packages\pycycle\thermo\static_ps_resid.py:108: RuntimeWarning: invalid value encountered in sqrt
  Vsonic = (i['gamma']*i['R']*i['Ts'])**0.5
C:\Users\MEO\Desktop\Projects\JetEngine\boomsonic_v0\.venv\Lib\site-packages\pycycle\thermo\static_ps_resid.py:108: RuntimeWarning: invalid value encountered in sqrt
  Vsonic = (i['gamma']*i['R']*i['Ts'])**0.5
C:\Users\MEO\Desktop\Projects\JetEngine\boomsonic_v0\.venv\Lib\site-packages\pycycle\thermo\static_ps_resid.py:108: RuntimeWarning: invalid value encountered in sqrt
  Vsonic = (i['gamma']*i['R']*i['Ts'])**0.5
C:\Users\MEO\Desktop\Projects\JetEngine\boomsonic_v0\.venv\Lib\site-packages\pycycle\thermo\static_ps_resid.py:108: RuntimeWarning: invalid value encountered in sqrt
  Vsonic = (i['gamma']*i['R']*i['Ts'])**0.5
C:\Users\MEO\Desktop\Projects\JetEngine\boomsonic_v0\.venv\Lib\site-packages\pycycle\thermo\static_ps_resid.py:108: RuntimeWarning: invalid value encountered in sqrt
  Vsonic = (i['gamma']*i['R']*i['Ts'])**0.5
C:\Users\MEO\Desktop\Projects\JetEngine\boomsonic_v0\.venv\Lib\site-packages\pycycle\thermo\static_ps_resid.py:108: RuntimeWarning: invalid value encountered in sqrt
  Vsonic = (i['gamma']*i['R']*i['Ts'])**0.5
C:\Users\MEO\Desktop\Projects\JetEngine\boomsonic_v0\.venv\Lib\site-packages\pycycle\thermo\static_ps_resid.py:108: RuntimeWarning: invalid value encountered in sqrt
  Vsonic = (i['gamma']*i['R']*i['Ts'])**0.5
C:\Users\MEO\Desktop\Projects\JetEngine\boomsonic_v0\.venv\Lib\site-packages\pycycle\thermo\static_ps_resid.py:108: RuntimeWarning: invalid value encountered in sqrt
  Vsonic = (i['gamma']*i['R']*i['Ts'])**0.5
C:\Users\MEO\Desktop\Projects\JetEngine\boomsonic_v0\.venv\Lib\site-packages\pycycle\thermo\static_ps_calc.py:32: RuntimeWarning: invalid value encountered in sqrt
  outputs['Vsonic'] = Vsonic = np.sqrt(inputs['gamma'] * inputs['R'] * inputs['Ts'])
C:\Users\MEO\Desktop\Projects\JetEngine\boomsonic_v0\.venv\Lib\site-packages\pycycle\elements\compressor.py:75: RuntimeWarning: invalid value encountered in log
  outputs['eff_poly'] = Rt * np.log(PR) / ( Rt*np.log(PR) + S_out - S_in )
C:\Users\MEO\Desktop\Projects\JetEngine\boomsonic_v0\.venv\Lib\site-packages\pycycle\thermo\static_ps_resid.py:128: RuntimeWarning: invalid value encountered in sqrt
  Vsonic = (i['gamma']*i['R']*i['Ts'])**0.5
C:\Users\MEO\Desktop\Projects\JetEngine\boomsonic_v0\.venv\Lib\site-packages\pycycle\thermo\static_ps_resid.py:128: RuntimeWarning: invalid value encountered in sqrt
  Vsonic = (i['gamma']*i['R']*i['Ts'])**0.5
C:\Users\MEO\Desktop\Projects\JetEngine\boomsonic_v0\.venv\Lib\site-packages\pycycle\thermo\static_ps_resid.py:98: RuntimeWarning: invalid value encountered in power
  ps_guess = inputs['guess:Pt'] * (1 + (gamt-1)/2 * M_guess**2)**(-gamt/(gamt-1))
C:\Users\MEO\Desktop\Projects\JetEngine\boomsonic_v0\.venv\Lib\site-packages\pycycle\thermo\static_ps_resid.py:93: RuntimeWarning: invalid value encountered in power
  f1 = ps - inputs['guess:Pt'] * (1 + (gamt-1)/2 * M_guess**2)**(-gamt/(gamt-1))
C:\Users\MEO\Desktop\Projects\JetEngine\boomsonic_v0\.venv\Lib\site-packages\pycycle\thermo\static_ps_resid.py:94: RuntimeWarning: invalid value encountered in sqrt
  f2 = MN - inputs['W']*(R_UNIVERSAL_SI*inputs['Ts'])**0.5/(ps_guess*1.0e6*inputs['area']*gamt**0.5)
C:\Users\MEO\Desktop\Projects\JetEngine\boomsonic_v0\.venv\Lib\site-packages\pycycle\thermo\static_ps_resid.py:99: RuntimeWarning: The iteration is not making good progress, as measured by the 
 improvement from the last ten iterations.
  ps_guess, M_guess = fsolve(equations, (ps_guess, M_guess))
C:\Users\MEO\Desktop\Projects\JetEngine\boomsonic_v0\.venv\Lib\site-packages\pycycle\thermo\static_ps_resid.py:108: RuntimeWarning: invalid value encountered in sqrt
  Vsonic = (i['gamma']*i['R']*i['Ts'])**0.5
C:\Users\MEO\Desktop\Projects\JetEngine\boomsonic_v0\.venv\Lib\site-packages\pycycle\thermo\static_ps_resid.py:83: RuntimeWarning: invalid value encountered in power
  ps_guess = inputs['guess:Pt'] * (1 + (gamt-1)/2 * inputs['MN']**2)**(-gamt/(gamt-1))
C:\Users\MEO\Desktop\Projects\JetEngine\boomsonic_v0\.venv\Lib\site-packages\openmdao\solvers\solver.py:819: SolverWarning:Your model has stalled three times and may be violating the bounds. In the future, turn on print_bound_enforce in your solver options here: 
OD0.inlet.out_stat.nonlinear_solver.linesearch.options['print_bound_enforce']=True. 
The bound(s) being violated now are:

C:\Users\MEO\Desktop\Projects\JetEngine\boomsonic_v0\.venv\Lib\site-packages\openmdao\solvers\linesearch\backtracking.py:39: SolverWarning:'OD0.inlet.out_stat.balance.T' exceeds lower bounds
  Val: [-224.71974758]
  Lower: [150.]

C:\Users\MEO\Desktop\Projects\JetEngine\boomsonic_v0\.venv\Lib\site-packages\openmdao\solvers\linesearch\backtracking.py:39: SolverWarning:'OD0.inlet.out_stat.ps_resid.Ps' exceeds lower bounds
  Val: [-0.00109596]
  Lower: [-0.0009009]

C:\Users\MEO\Desktop\Projects\JetEngine\boomsonic_v0\.venv\Lib\site-packages\openmdao\solvers\solver.py:819: SolverWarning:Your model has stalled three times and may be violating the bounds. In the future, turn on print_bound_enforce in your solver options here: 
OD0.comp.ideal_flow.nonlinear_solver.linesearch.options['print_bound_enforce']=True. 
The bound(s) being violated now are:

C:\Users\MEO\Desktop\Projects\JetEngine\boomsonic_v0\.venv\Lib\site-packages\openmdao\solvers\linesearch\backtracking.py:39: SolverWarning:'OD0.comp.ideal_flow.balance.T' exceeds lower bounds
  Val: [-2.95292247e+10]
  Lower: [150.]

C:\Users\MEO\Desktop\Projects\JetEngine\boomsonic_v0\.venv\Lib\site-packages\pycycle\elements\compressor.py:75: RuntimeWarning: invalid value encountered in log
  outputs['eff_poly'] = Rt * np.log(PR) / ( Rt*np.log(PR) + S_out - S_in )
C:\Users\MEO\Desktop\Projects\JetEngine\boomsonic_v0\.venv\Lib\site-packages\pycycle\thermo\static_ps_resid.py:128: RuntimeWarning: invalid value encountered in sqrt
  Vsonic = (i['gamma']*i['R']*i['Ts'])**0.5
C:\Users\MEO\Desktop\Projects\JetEngine\boomsonic_v0\.venv\Lib\site-packages\pycycle\thermo\static_ps_resid.py:128: RuntimeWarning: invalid value encountered in sqrt
  Vsonic = (i['gamma']*i['R']*i['Ts'])**0.5
C:\Users\MEO\Desktop\Projects\JetEngine\boomsonic_v0\.venv\Lib\site-packages\pycycle\thermo\static_ps_resid.py:98: RuntimeWarning: invalid value encountered in power
  ps_guess = inputs['guess:Pt'] * (1 + (gamt-1)/2 * M_guess**2)**(-gamt/(gamt-1))
C:\Users\MEO\Desktop\Projects\JetEngine\boomsonic_v0\.venv\Lib\site-packages\pycycle\thermo\static_ps_resid.py:93: RuntimeWarning: invalid value encountered in power
  f1 = ps - inputs['guess:Pt'] * (1 + (gamt-1)/2 * M_guess**2)**(-gamt/(gamt-1))
C:\Users\MEO\Desktop\Projects\JetEngine\boomsonic_v0\.venv\Lib\site-packages\pycycle\thermo\static_ps_resid.py:94: RuntimeWarning: invalid value encountered in sqrt
  f2 = MN - inputs['W']*(R_UNIVERSAL_SI*inputs['Ts'])**0.5/(ps_guess*1.0e6*inputs['area']*gamt**0.5)
C:\Users\MEO\Desktop\Projects\JetEngine\boomsonic_v0\.venv\Lib\site-packages\pycycle\thermo\static_ps_resid.py:99: RuntimeWarning: The iteration is not making good progress, as measured by the 
 improvement from the last ten iterations.
  ps_guess, M_guess = fsolve(equations, (ps_guess, M_guess))
C:\Users\MEO\Desktop\Projects\JetEngine\boomsonic_v0\.venv\Lib\site-packages\pycycle\thermo\static_ps_resid.py:128: RuntimeWarning: invalid value encountered in sqrt
  Vsonic = (i['gamma']*i['R']*i['Ts'])**0.5
C:\Users\MEO\Desktop\Projects\JetEngine\boomsonic_v0\.venv\Lib\site-packages\pycycle\thermo\static_ps_resid.py:128: RuntimeWarning: invalid value encountered in sqrt
  Vsonic = (i['gamma']*i['R']*i['Ts'])**0.5
C:\Users\MEO\Desktop\Projects\JetEngine\boomsonic_v0\.venv\Lib\site-packages\pycycle\thermo\static_ps_resid.py:128: RuntimeWarning: invalid value encountered in sqrt
  Vsonic = (i['gamma']*i['R']*i['Ts'])**0.5
C:\Users\MEO\Desktop\Projects\JetEngine\boomsonic_v0\.venv\Lib\site-packages\pycycle\thermo\static_ps_resid.py:128: RuntimeWarning: invalid value encountered in sqrt
  Vsonic = (i['gamma']*i['R']*i['Ts'])**0.5
C:\Users\MEO\Desktop\Projects\JetEngine\boomsonic_v0\.venv\Lib\site-packages\pycycle\thermo\static_ps_resid.py:128: RuntimeWarning: invalid value encountered in sqrt
  Vsonic = (i['gamma']*i['R']*i['Ts'])**0.5
C:\Users\MEO\Desktop\Projects\JetEngine\boomsonic_v0\.venv\Lib\site-packages\pycycle\thermo\static_ps_resid.py:128: RuntimeWarning: invalid value encountered in sqrt
  Vsonic = (i['gamma']*i['R']*i['Ts'])**0.5
C:\Users\MEO\Desktop\Projects\JetEngine\boomsonic_v0\.venv\Lib\site-packages\pycycle\thermo\static_ps_resid.py:128: RuntimeWarning: invalid value encountered in sqrt
  Vsonic = (i['gamma']*i['R']*i['Ts'])**0.5
C:\Users\MEO\Desktop\Projects\JetEngine\boomsonic_v0\.venv\Lib\site-packages\pycycle\thermo\static_ps_resid.py:128: RuntimeWarning: invalid value encountered in sqrt
  Vsonic = (i['gamma']*i['R']*i['Ts'])**0.5
C:\Users\MEO\Desktop\Projects\JetEngine\boomsonic_v0\.venv\Lib\site-packages\pycycle\thermo\static_ps_resid.py:128: RuntimeWarning: invalid value encountered in sqrt
  Vsonic = (i['gamma']*i['R']*i['Ts'])**0.5
C:\Users\MEO\Desktop\Projects\JetEngine\boomsonic_v0\.venv\Lib\site-packages\pycycle\thermo\static_ps_resid.py:108: RuntimeWarning: invalid value encountered in sqrt
  Vsonic = (i['gamma']*i['R']*i['Ts'])**0.5
C:\Users\MEO\Desktop\Projects\JetEngine\boomsonic_v0\.venv\Lib\site-packages\pycycle\thermo\static_ps_resid.py:83: RuntimeWarning: invalid value encountered in power
  ps_guess = inputs['guess:Pt'] * (1 + (gamt-1)/2 * inputs['MN']**2)**(-gamt/(gamt-1))
C:\Users\MEO\Desktop\Projects\JetEngine\boomsonic_v0\.venv\Lib\site-packages\pycycle\thermo\static_ps_resid.py:108: RuntimeWarning: invalid value encountered in sqrt
  Vsonic = (i['gamma']*i['R']*i['Ts'])**0.5
C:\Users\MEO\Desktop\Projects\JetEngine\boomsonic_v0\.venv\Lib\site-packages\pycycle\thermo\static_ps_resid.py:108: RuntimeWarning: invalid value encountered in sqrt
  Vsonic = (i['gamma']*i['R']*i['Ts'])**0.5
C:\Users\MEO\Desktop\Projects\JetEngine\boomsonic_v0\.venv\Lib\site-packages\pycycle\thermo\static_ps_resid.py:108: RuntimeWarning: invalid value encountered in sqrt
  Vsonic = (i['gamma']*i['R']*i['Ts'])**0.5
C:\Users\MEO\Desktop\Projects\JetEngine\boomsonic_v0\.venv\Lib\site-packages\pycycle\thermo\static_ps_resid.py:108: RuntimeWarning: invalid value encountered in sqrt
  Vsonic = (i['gamma']*i['R']*i['Ts'])**0.5
C:\Users\MEO\Desktop\Projects\JetEngine\boomsonic_v0\.venv\Lib\site-packages\pycycle\thermo\static_ps_calc.py:32: RuntimeWarning: invalid value encountered in sqrt
  outputs['Vsonic'] = Vsonic = np.sqrt(inputs['gamma'] * inputs['R'] * inputs['Ts'])
C:\Users\MEO\Desktop\Projects\JetEngine\boomsonic_v0\.venv\Lib\site-packages\pycycle\elements\compressor.py:75: RuntimeWarning: invalid value encountered in log
  outputs['eff_poly'] = Rt * np.log(PR) / ( Rt*np.log(PR) + S_out - S_in )
C:\Users\MEO\Desktop\Projects\JetEngine\boomsonic_v0\.venv\Lib\site-packages\pycycle\thermo\static_ps_resid.py:128: RuntimeWarning: invalid value encountered in sqrt
  Vsonic = (i['gamma']*i['R']*i['Ts'])**0.5
C:\Users\MEO\Desktop\Projects\JetEngine\boomsonic_v0\.venv\Lib\site-packages\pycycle\thermo\static_ps_calc.py:32: RuntimeWarning: invalid value encountered in sqrt
  outputs['Vsonic'] = Vsonic = np.sqrt(inputs['gamma'] * inputs['R'] * inputs['Ts'])
C:\Users\MEO\Desktop\Projects\JetEngine\boomsonic_v0\.venv\Lib\site-packages\pycycle\thermo\static_ps_resid.py:128: RuntimeWarning: invalid value encountered in sqrt
  Vsonic = (i['gamma']*i['R']*i['Ts'])**0.5
C:\Users\MEO\Desktop\Projects\JetEngine\boomsonic_v0\.venv\Lib\site-packages\pycycle\thermo\static_ps_resid.py:98: RuntimeWarning: invalid value encountered in power
  ps_guess = inputs['guess:Pt'] * (1 + (gamt-1)/2 * M_guess**2)**(-gamt/(gamt-1))
C:\Users\MEO\Desktop\Projects\JetEngine\boomsonic_v0\.venv\Lib\site-packages\pycycle\thermo\static_ps_resid.py:93: RuntimeWarning: invalid value encountered in power
  f1 = ps - inputs['guess:Pt'] * (1 + (gamt-1)/2 * M_guess**2)**(-gamt/(gamt-1))
C:\Users\MEO\Desktop\Projects\JetEngine\boomsonic_v0\.venv\Lib\site-packages\pycycle\thermo\static_ps_resid.py:94: RuntimeWarning: invalid value encountered in sqrt
  f2 = MN - inputs['W']*(R_UNIVERSAL_SI*inputs['Ts'])**0.5/(ps_guess*1.0e6*inputs['area']*gamt**0.5)
C:\Users\MEO\Desktop\Projects\JetEngine\boomsonic_v0\.venv\Lib\site-packages\pycycle\thermo\static_ps_resid.py:99: RuntimeWarning: The iteration is not making good progress, as measured by the 
 improvement from the last ten iterations.
  ps_guess, M_guess = fsolve(equations, (ps_guess, M_guess))
C:\Users\MEO\Desktop\Projects\JetEngine\boomsonic_v0\.venv\Lib\site-packages\pycycle\thermo\static_ps_resid.py:108: RuntimeWarning: invalid value encountered in sqrt
  Vsonic = (i['gamma']*i['R']*i['Ts'])**0.5
C:\Users\MEO\Desktop\Projects\JetEngine\boomsonic_v0\.venv\Lib\site-packages\pycycle\thermo\static_ps_resid.py:83: RuntimeWarning: invalid value encountered in power
  ps_guess = inputs['guess:Pt'] * (1 + (gamt-1)/2 * inputs['MN']**2)**(-gamt/(gamt-1))
C:\Users\MEO\Desktop\Projects\JetEngine\boomsonic_v0\.venv\Lib\site-packages\openmdao\solvers\solver.py:819: SolverWarning:Your model has stalled three times and may be violating the bounds. In the future, turn on print_bound_enforce in your solver options here: 
OD0.inlet.out_stat.nonlinear_solver.linesearch.options['print_bound_enforce']=True. 
The bound(s) being violated now are:

C:\Users\MEO\Desktop\Projects\JetEngine\boomsonic_v0\.venv\Lib\site-packages\openmdao\solvers\linesearch\backtracking.py:39: SolverWarning:'OD0.inlet.out_stat.balance.T' exceeds lower bounds
  Val: [-224.71974773]
  Lower: [150.]

C:\Users\MEO\Desktop\Projects\JetEngine\boomsonic_v0\.venv\Lib\site-packages\openmdao\solvers\linesearch\backtracking.py:39: SolverWarning:'OD0.inlet.out_stat.ps_resid.Ps' exceeds lower bounds
  Val: [-0.00109596]
  Lower: [-0.0009009]

C:\Users\MEO\Desktop\Projects\JetEngine\boomsonic_v0\.venv\Lib\site-packages\openmdao\solvers\solver.py:819: SolverWarning:Your model has stalled three times and may be violating the bounds. In the future, turn on print_bound_enforce in your solver options here: 
OD0.comp.ideal_flow.nonlinear_solver.linesearch.options['print_bound_enforce']=True. 
The bound(s) being violated now are:

C:\Users\MEO\Desktop\Projects\JetEngine\boomsonic_v0\.venv\Lib\site-packages\openmdao\solvers\linesearch\backtracking.py:39: SolverWarning:'OD0.comp.ideal_flow.balance.T' exceeds lower bounds
  Val: [-2.95292247e+10]
  Lower: [150.]

C:\Users\MEO\Desktop\Projects\JetEngine\boomsonic_v0\.venv\Lib\site-packages\pycycle\elements\compressor.py:75: RuntimeWarning: invalid value encountered in log
  outputs['eff_poly'] = Rt * np.log(PR) / ( Rt*np.log(PR) + S_out - S_in )
C:\Users\MEO\Desktop\Projects\JetEngine\boomsonic_v0\.venv\Lib\site-packages\pycycle\thermo\static_ps_resid.py:128: RuntimeWarning: invalid value encountered in sqrt
  Vsonic = (i['gamma']*i['R']*i['Ts'])**0.5
C:\Users\MEO\Desktop\Projects\JetEngine\boomsonic_v0\.venv\Lib\site-packages\pycycle\thermo\static_ps_resid.py:128: RuntimeWarning: invalid value encountered in sqrt
  Vsonic = (i['gamma']*i['R']*i['Ts'])**0.5
C:\Users\MEO\Desktop\Projects\JetEngine\boomsonic_v0\.venv\Lib\site-packages\pycycle\thermo\static_ps_resid.py:98: RuntimeWarning: invalid value encountered in power
  ps_guess = inputs['guess:Pt'] * (1 + (gamt-1)/2 * M_guess**2)**(-gamt/(gamt-1))
C:\Users\MEO\Desktop\Projects\JetEngine\boomsonic_v0\.venv\Lib\site-packages\pycycle\thermo\static_ps_resid.py:93: RuntimeWarning: invalid value encountered in power
  f1 = ps - inputs['guess:Pt'] * (1 + (gamt-1)/2 * M_guess**2)**(-gamt/(gamt-1))
C:\Users\MEO\Desktop\Projects\JetEngine\boomsonic_v0\.venv\Lib\site-packages\pycycle\thermo\static_ps_resid.py:94: RuntimeWarning: invalid value encountered in sqrt
  f2 = MN - inputs['W']*(R_UNIVERSAL_SI*inputs['Ts'])**0.5/(ps_guess*1.0e6*inputs['area']*gamt**0.5)
C:\Users\MEO\Desktop\Projects\JetEngine\boomsonic_v0\.venv\Lib\site-packages\pycycle\thermo\static_ps_resid.py:99: RuntimeWarning: The iteration is not making good progress, as measured by the 
 improvement from the last ten iterations.
  ps_guess, M_guess = fsolve(equations, (ps_guess, M_guess))
C:\Users\MEO\Desktop\Projects\JetEngine\boomsonic_v0\.venv\Lib\site-packages\pycycle\thermo\static_ps_resid.py:128: RuntimeWarning: invalid value encountered in sqrt
  Vsonic = (i['gamma']*i['R']*i['Ts'])**0.5
C:\Users\MEO\Desktop\Projects\JetEngine\boomsonic_v0\.venv\Lib\site-packages\pycycle\thermo\static_ps_resid.py:128: RuntimeWarning: invalid value encountered in sqrt
  Vsonic = (i['gamma']*i['R']*i['Ts'])**0.5
C:\Users\MEO\Desktop\Projects\JetEngine\boomsonic_v0\.venv\Lib\site-packages\pycycle\thermo\static_ps_resid.py:128: RuntimeWarning: invalid value encountered in sqrt
  Vsonic = (i['gamma']*i['R']*i['Ts'])**0.5
C:\Users\MEO\Desktop\Projects\JetEngine\boomsonic_v0\.venv\Lib\site-packages\pycycle\thermo\static_ps_resid.py:128: RuntimeWarning: invalid value encountered in sqrt
  Vsonic = (i['gamma']*i['R']*i['Ts'])**0.5
C:\Users\MEO\Desktop\Projects\JetEngine\boomsonic_v0\.venv\Lib\site-packages\pycycle\thermo\static_ps_resid.py:128: RuntimeWarning: invalid value encountered in sqrt
  Vsonic = (i['gamma']*i['R']*i['Ts'])**0.5
C:\Users\MEO\Desktop\Projects\JetEngine\boomsonic_v0\.venv\Lib\site-packages\pycycle\thermo\static_ps_resid.py:128: RuntimeWarning: invalid value encountered in sqrt
  Vsonic = (i['gamma']*i['R']*i['Ts'])**0.5
C:\Users\MEO\Desktop\Projects\JetEngine\boomsonic_v0\.venv\Lib\site-packages\pycycle\thermo\static_ps_resid.py:128: RuntimeWarning: invalid value encountered in sqrt
  Vsonic = (i['gamma']*i['R']*i['Ts'])**0.5
C:\Users\MEO\Desktop\Projects\JetEngine\boomsonic_v0\.venv\Lib\site-packages\pycycle\thermo\static_ps_resid.py:128: RuntimeWarning: invalid value encountered in sqrt
  Vsonic = (i['gamma']*i['R']*i['Ts'])**0.5
C:\Users\MEO\Desktop\Projects\JetEngine\boomsonic_v0\.venv\Lib\site-packages\pycycle\thermo\static_ps_resid.py:128: RuntimeWarning: invalid value encountered in sqrt
  Vsonic = (i['gamma']*i['R']*i['Ts'])**0.5
C:\Users\MEO\Desktop\Projects\JetEngine\boomsonic_v0\.venv\Lib\site-packages\pycycle\thermo\static_ps_resid.py:108: RuntimeWarning: invalid value encountered in sqrt
  Vsonic = (i['gamma']*i['R']*i['Ts'])**0.5
C:\Users\MEO\Desktop\Projects\JetEngine\boomsonic_v0\.venv\Lib\site-packages\pycycle\thermo\static_ps_resid.py:83: RuntimeWarning: invalid value encountered in power
  ps_guess = inputs['guess:Pt'] * (1 + (gamt-1)/2 * inputs['MN']**2)**(-gamt/(gamt-1))
C:\Users\MEO\Desktop\Projects\JetEngine\boomsonic_v0\.venv\Lib\site-packages\pycycle\thermo\static_ps_resid.py:108: RuntimeWarning: invalid value encountered in sqrt
  Vsonic = (i['gamma']*i['R']*i['Ts'])**0.5
C:\Users\MEO\Desktop\Projects\JetEngine\boomsonic_v0\.venv\Lib\site-packages\pycycle\thermo\static_ps_resid.py:108: RuntimeWarning: invalid value encountered in sqrt
  Vsonic = (i['gamma']*i['R']*i['Ts'])**0.5
C:\Users\MEO\Desktop\Projects\JetEngine\boomsonic_v0\.venv\Lib\site-packages\pycycle\thermo\static_ps_resid.py:108: RuntimeWarning: invalid value encountered in sqrt
  Vsonic = (i['gamma']*i['R']*i['Ts'])**0.5
C:\Users\MEO\Desktop\Projects\JetEngine\boomsonic_v0\.venv\Lib\site-packages\pycycle\thermo\static_ps_calc.py:32: RuntimeWarning: invalid value encountered in sqrt
  outputs['Vsonic'] = Vsonic = np.sqrt(inputs['gamma'] * inputs['R'] * inputs['Ts'])
C:\Users\MEO\Desktop\Projects\JetEngine\boomsonic_v0\.venv\Lib\site-packages\pycycle\elements\compressor.py:75: RuntimeWarning: invalid value encountered in log
  outputs['eff_poly'] = Rt * np.log(PR) / ( Rt*np.log(PR) + S_out - S_in )
C:\Users\MEO\Desktop\Projects\JetEngine\boomsonic_v0\.venv\Lib\site-packages\pycycle\thermo\static_ps_resid.py:128: RuntimeWarning: invalid value encountered in sqrt
  Vsonic = (i['gamma']*i['R']*i['Ts'])**0.5
C:\Users\MEO\Desktop\Projects\JetEngine\boomsonic_v0\.venv\Lib\site-packages\pycycle\thermo\static_ps_resid.py:128: RuntimeWarning: invalid value encountered in sqrt
  Vsonic = (i['gamma']*i['R']*i['Ts'])**0.5
C:\Users\MEO\Desktop\Projects\JetEngine\boomsonic_v0\.venv\Lib\site-packages\pycycle\thermo\static_ps_resid.py:98: RuntimeWarning: invalid value encountered in power
  ps_guess = inputs['guess:Pt'] * (1 + (gamt-1)/2 * M_guess**2)**(-gamt/(gamt-1))
C:\Users\MEO\Desktop\Projects\JetEngine\boomsonic_v0\.venv\Lib\site-packages\pycycle\thermo\static_ps_resid.py:93: RuntimeWarning: invalid value encountered in power
  f1 = ps - inputs['guess:Pt'] * (1 + (gamt-1)/2 * M_guess**2)**(-gamt/(gamt-1))
C:\Users\MEO\Desktop\Projects\JetEngine\boomsonic_v0\.venv\Lib\site-packages\pycycle\thermo\static_ps_resid.py:94: RuntimeWarning: invalid value encountered in sqrt
  f2 = MN - inputs['W']*(R_UNIVERSAL_SI*inputs['Ts'])**0.5/(ps_guess*1.0e6*inputs['area']*gamt**0.5)
C:\Users\MEO\Desktop\Projects\JetEngine\boomsonic_v0\.venv\Lib\site-packages\pycycle\thermo\static_ps_resid.py:99: RuntimeWarning: The iteration is not making good progress, as measured by the 
 improvement from the last ten iterations.
  ps_guess, M_guess = fsolve(equations, (ps_guess, M_guess))
C:\Users\MEO\Desktop\Projects\JetEngine\boomsonic_v0\.venv\Lib\site-packages\pycycle\thermo\static_ps_resid.py:108: RuntimeWarning: invalid value encountered in sqrt
  Vsonic = (i['gamma']*i['R']*i['Ts'])**0.5
C:\Users\MEO\Desktop\Projects\JetEngine\boomsonic_v0\.venv\Lib\site-packages\pycycle\thermo\static_ps_resid.py:83: RuntimeWarning: invalid value encountered in power
  ps_guess = inputs['guess:Pt'] * (1 + (gamt-1)/2 * inputs['MN']**2)**(-gamt/(gamt-1))
C:\Users\MEO\Desktop\Projects\JetEngine\boomsonic_v0\.venv\Lib\site-packages\openmdao\solvers\solver.py:819: SolverWarning:Your model has stalled three times and may be violating the bounds. In the future, turn on print_bound_enforce in your solver options here: 
OD0.inlet.out_stat.nonlinear_solver.linesearch.options['print_bound_enforce']=True. 
The bound(s) being violated now are:

C:\Users\MEO\Desktop\Projects\JetEngine\boomsonic_v0\.venv\Lib\site-packages\openmdao\solvers\linesearch\backtracking.py:39: SolverWarning:'OD0.inlet.out_stat.balance.T' exceeds lower bounds
  Val: [-224.7197476]
  Lower: [150.]

C:\Users\MEO\Desktop\Projects\JetEngine\boomsonic_v0\.venv\Lib\site-packages\openmdao\solvers\linesearch\backtracking.py:39: SolverWarning:'OD0.inlet.out_stat.ps_resid.Ps' exceeds lower bounds
  Val: [-0.00109596]
  Lower: [-0.0009009]

C:\Users\MEO\Desktop\Projects\JetEngine\boomsonic_v0\.venv\Lib\site-packages\pycycle\thermo\static_ps_resid.py:128: RuntimeWarning: invalid value encountered in sqrt
  Vsonic = (i['gamma']*i['R']*i['Ts'])**0.5
C:\Users\MEO\Desktop\Projects\JetEngine\boomsonic_v0\.venv\Lib\site-packages\openmdao\solvers\solver.py:819: SolverWarning:Your model has stalled three times and may be violating the bounds. In the future, turn on print_bound_enforce in your solver options here: 
OD0.comp.ideal_flow.nonlinear_solver.linesearch.options['print_bound_enforce']=True. 
The bound(s) being violated now are:

C:\Users\MEO\Desktop\Projects\JetEngine\boomsonic_v0\.venv\Lib\site-packages\openmdao\solvers\linesearch\backtracking.py:39: SolverWarning:'OD0.comp.ideal_flow.balance.T' exceeds lower bounds
  Val: [-2.95292247e+10]
  Lower: [150.]

C:\Users\MEO\Desktop\Projects\JetEngine\boomsonic_v0\.venv\Lib\site-packages\pycycle\elements\compressor.py:75: RuntimeWarning: invalid value encountered in log
  outputs['eff_poly'] = Rt * np.log(PR) / ( Rt*np.log(PR) + S_out - S_in )
C:\Users\MEO\Desktop\Projects\JetEngine\boomsonic_v0\.venv\Lib\site-packages\pycycle\thermo\static_ps_resid.py:128: RuntimeWarning: invalid value encountered in sqrt
  Vsonic = (i['gamma']*i['R']*i['Ts'])**0.5
C:\Users\MEO\Desktop\Projects\JetEngine\boomsonic_v0\.venv\Lib\site-packages\pycycle\thermo\static_ps_resid.py:128: RuntimeWarning: invalid value encountered in sqrt
  Vsonic = (i['gamma']*i['R']*i['Ts'])**0.5
C:\Users\MEO\Desktop\Projects\JetEngine\boomsonic_v0\.venv\Lib\site-packages\pycycle\thermo\static_ps_resid.py:98: RuntimeWarning: invalid value encountered in power
  ps_guess = inputs['guess:Pt'] * (1 + (gamt-1)/2 * M_guess**2)**(-gamt/(gamt-1))
C:\Users\MEO\Desktop\Projects\JetEngine\boomsonic_v0\.venv\Lib\site-packages\pycycle\thermo\static_ps_resid.py:93: RuntimeWarning: invalid value encountered in power
  f1 = ps - inputs['guess:Pt'] * (1 + (gamt-1)/2 * M_guess**2)**(-gamt/(gamt-1))
C:\Users\MEO\Desktop\Projects\JetEngine\boomsonic_v0\.venv\Lib\site-packages\pycycle\thermo\static_ps_resid.py:94: RuntimeWarning: invalid value encountered in sqrt
  f2 = MN - inputs['W']*(R_UNIVERSAL_SI*inputs['Ts'])**0.5/(ps_guess*1.0e6*inputs['area']*gamt**0.5)
C:\Users\MEO\Desktop\Projects\JetEngine\boomsonic_v0\.venv\Lib\site-packages\pycycle\thermo\static_ps_resid.py:99: RuntimeWarning: The iteration is not making good progress, as measured by the 
 improvement from the last ten iterations.
  ps_guess, M_guess = fsolve(equations, (ps_guess, M_guess))
C:\Users\MEO\Desktop\Projects\JetEngine\boomsonic_v0\.venv\Lib\site-packages\pycycle\thermo\static_ps_resid.py:128: RuntimeWarning: invalid value encountered in sqrt
  Vsonic = (i['gamma']*i['R']*i['Ts'])**0.5
C:\Users\MEO\Desktop\Projects\JetEngine\boomsonic_v0\.venv\Lib\site-packages\pycycle\thermo\static_ps_resid.py:128: RuntimeWarning: invalid value encountered in sqrt
  Vsonic = (i['gamma']*i['R']*i['Ts'])**0.5
C:\Users\MEO\Desktop\Projects\JetEngine\boomsonic_v0\.venv\Lib\site-packages\pycycle\thermo\static_ps_resid.py:128: RuntimeWarning: invalid value encountered in sqrt
  Vsonic = (i['gamma']*i['R']*i['Ts'])**0.5
C:\Users\MEO\Desktop\Projects\JetEngine\boomsonic_v0\.venv\Lib\site-packages\pycycle\thermo\static_ps_resid.py:128: RuntimeWarning: invalid value encountered in sqrt
  Vsonic = (i['gamma']*i['R']*i['Ts'])**0.5
C:\Users\MEO\Desktop\Projects\JetEngine\boomsonic_v0\.venv\Lib\site-packages\pycycle\thermo\static_ps_resid.py:128: RuntimeWarning: invalid value encountered in sqrt
  Vsonic = (i['gamma']*i['R']*i['Ts'])**0.5
C:\Users\MEO\Desktop\Projects\JetEngine\boomsonic_v0\.venv\Lib\site-packages\pycycle\thermo\static_ps_resid.py:108: RuntimeWarning: invalid value encountered in sqrt
  Vsonic = (i['gamma']*i['R']*i['Ts'])**0.5
C:\Users\MEO\Desktop\Projects\JetEngine\boomsonic_v0\.venv\Lib\site-packages\pycycle\thermo\static_ps_resid.py:83: RuntimeWarning: invalid value encountered in power
  ps_guess = inputs['guess:Pt'] * (1 + (gamt-1)/2 * inputs['MN']**2)**(-gamt/(gamt-1))
C:\Users\MEO\Desktop\Projects\JetEngine\boomsonic_v0\.venv\Lib\site-packages\pycycle\thermo\static_ps_resid.py:108: RuntimeWarning: invalid value encountered in sqrt
  Vsonic = (i['gamma']*i['R']*i['Ts'])**0.5
C:\Users\MEO\Desktop\Projects\JetEngine\boomsonic_v0\.venv\Lib\site-packages\pycycle\thermo\static_ps_resid.py:108: RuntimeWarning: invalid value encountered in sqrt
  Vsonic = (i['gamma']*i['R']*i['Ts'])**0.5
C:\Users\MEO\Desktop\Projects\JetEngine\boomsonic_v0\.venv\Lib\site-packages\pycycle\thermo\static_ps_resid.py:108: RuntimeWarning: invalid value encountered in sqrt
  Vsonic = (i['gamma']*i['R']*i['Ts'])**0.5
C:\Users\MEO\Desktop\Projects\JetEngine\boomsonic_v0\.venv\Lib\site-packages\pycycle\thermo\static_ps_resid.py:108: RuntimeWarning: invalid value encountered in sqrt
  Vsonic = (i['gamma']*i['R']*i['Ts'])**0.5
C:\Users\MEO\Desktop\Projects\JetEngine\boomsonic_v0\.venv\Lib\site-packages\pycycle\thermo\static_ps_resid.py:108: RuntimeWarning: invalid value encountered in sqrt
  Vsonic = (i['gamma']*i['R']*i['Ts'])**0.5
C:\Users\MEO\Desktop\Projects\JetEngine\boomsonic_v0\.venv\Lib\site-packages\pycycle\thermo\static_ps_resid.py:108: RuntimeWarning: invalid value encountered in sqrt
  Vsonic = (i['gamma']*i['R']*i['Ts'])**0.5
C:\Users\MEO\Desktop\Projects\JetEngine\boomsonic_v0\.venv\Lib\site-packages\pycycle\thermo\static_ps_resid.py:108: RuntimeWarning: invalid value encountered in sqrt
  Vsonic = (i['gamma']*i['R']*i['Ts'])**0.5
C:\Users\MEO\Desktop\Projects\JetEngine\boomsonic_v0\.venv\Lib\site-packages\pycycle\thermo\static_ps_resid.py:108: RuntimeWarning: invalid value encountered in sqrt
  Vsonic = (i['gamma']*i['R']*i['Ts'])**0.5
C:\Users\MEO\Desktop\Projects\JetEngine\boomsonic_v0\.venv\Lib\site-packages\pycycle\thermo\static_ps_resid.py:108: RuntimeWarning: invalid value encountered in sqrt
  Vsonic = (i['gamma']*i['R']*i['Ts'])**0.5
C:\Users\MEO\Desktop\Projects\JetEngine\boomsonic_v0\.venv\Lib\site-packages\pycycle\thermo\static_ps_resid.py:108: RuntimeWarning: invalid value encountered in sqrt
  Vsonic = (i['gamma']*i['R']*i['Ts'])**0.5
C:\Users\MEO\Desktop\Projects\JetEngine\boomsonic_v0\.venv\Lib\site-packages\pycycle\thermo\static_ps_resid.py:108: RuntimeWarning: invalid value encountered in sqrt
  Vsonic = (i['gamma']*i['R']*i['Ts'])**0.5
C:\Users\MEO\Desktop\Projects\JetEngine\boomsonic_v0\.venv\Lib\site-packages\pycycle\thermo\static_ps_calc.py:32: RuntimeWarning: invalid value encountered in sqrt
  outputs['Vsonic'] = Vsonic = np.sqrt(inputs['gamma'] * inputs['R'] * inputs['Ts'])
C:\Users\MEO\Desktop\Projects\JetEngine\boomsonic_v0\.venv\Lib\site-packages\pycycle\elements\compressor.py:75: RuntimeWarning: invalid value encountered in log
  outputs['eff_poly'] = Rt * np.log(PR) / ( Rt*np.log(PR) + S_out - S_in )
C:\Users\MEO\Desktop\Projects\JetEngine\boomsonic_v0\.venv\Lib\site-packages\pycycle\thermo\static_ps_resid.py:128: RuntimeWarning: invalid value encountered in sqrt
  Vsonic = (i['gamma']*i['R']*i['Ts'])**0.5
C:\Users\MEO\Desktop\Projects\JetEngine\boomsonic_v0\.venv\Lib\site-packages\pycycle\thermo\static_ps_resid.py:128: RuntimeWarning: invalid value encountered in sqrt
  Vsonic = (i['gamma']*i['R']*i['Ts'])**0.5
C:\Users\MEO\Desktop\Projects\JetEngine\boomsonic_v0\.venv\Lib\site-packages\pycycle\thermo\static_ps_resid.py:98: RuntimeWarning: invalid value encountered in power
  ps_guess = inputs['guess:Pt'] * (1 + (gamt-1)/2 * M_guess**2)**(-gamt/(gamt-1))
C:\Users\MEO\Desktop\Projects\JetEngine\boomsonic_v0\.venv\Lib\site-packages\pycycle\thermo\static_ps_resid.py:93: RuntimeWarning: invalid value encountered in power
  f1 = ps - inputs['guess:Pt'] * (1 + (gamt-1)/2 * M_guess**2)**(-gamt/(gamt-1))
C:\Users\MEO\Desktop\Projects\JetEngine\boomsonic_v0\.venv\Lib\site-packages\pycycle\thermo\static_ps_resid.py:94: RuntimeWarning: invalid value encountered in sqrt
  f2 = MN - inputs['W']*(R_UNIVERSAL_SI*inputs['Ts'])**0.5/(ps_guess*1.0e6*inputs['area']*gamt**0.5)
C:\Users\MEO\Desktop\Projects\JetEngine\boomsonic_v0\.venv\Lib\site-packages\pycycle\thermo\static_ps_resid.py:99: RuntimeWarning: The iteration is not making good progress, as measured by the 
 improvement from the last ten iterations.
  ps_guess, M_guess = fsolve(equations, (ps_guess, M_guess))
C:\Users\MEO\Desktop\Projects\JetEngine\boomsonic_v0\.venv\Lib\site-packages\pycycle\thermo\static_ps_resid.py:108: RuntimeWarning: invalid value encountered in sqrt
  Vsonic = (i['gamma']*i['R']*i['Ts'])**0.5
C:\Users\MEO\Desktop\Projects\JetEngine\boomsonic_v0\.venv\Lib\site-packages\pycycle\thermo\static_ps_resid.py:83: RuntimeWarning: invalid value encountered in power
  ps_guess = inputs['guess:Pt'] * (1 + (gamt-1)/2 * inputs['MN']**2)**(-gamt/(gamt-1))
C:\Users\MEO\Desktop\Projects\JetEngine\boomsonic_v0\.venv\Lib\site-packages\openmdao\solvers\solver.py:819: SolverWarning:Your model has stalled three times and may be violating the bounds. In the future, turn on print_bound_enforce in your solver options here: 
OD0.inlet.out_stat.nonlinear_solver.linesearch.options['print_bound_enforce']=True. 
The bound(s) being violated now are:

C:\Users\MEO\Desktop\Projects\JetEngine\boomsonic_v0\.venv\Lib\site-packages\openmdao\solvers\linesearch\backtracking.py:39: SolverWarning:'OD0.inlet.out_stat.balance.T' exceeds lower bounds
  Val: [-224.71974758]
  Lower: [150.]

C:\Users\MEO\Desktop\Projects\JetEngine\boomsonic_v0\.venv\Lib\site-packages\openmdao\solvers\linesearch\backtracking.py:39: SolverWarning:'OD0.inlet.out_stat.ps_resid.Ps' exceeds lower bounds
  Val: [-0.00109596]
  Lower: [-0.0009009]

C:\Users\MEO\Desktop\Projects\JetEngine\boomsonic_v0\.venv\Lib\site-packages\pycycle\thermo\static_ps_resid.py:128: RuntimeWarning: invalid value encountered in sqrt
  Vsonic = (i['gamma']*i['R']*i['Ts'])**0.5
C:\Users\MEO\Desktop\Projects\JetEngine\boomsonic_v0\.venv\Lib\site-packages\openmdao\solvers\solver.py:819: SolverWarning:Your model has stalled three times and may be violating the bounds. In the future, turn on print_bound_enforce in your solver options here: 
OD0.comp.ideal_flow.nonlinear_solver.linesearch.options['print_bound_enforce']=True. 
The bound(s) being violated now are:

C:\Users\MEO\Desktop\Projects\JetEngine\boomsonic_v0\.venv\Lib\site-packages\openmdao\solvers\linesearch\backtracking.py:39: SolverWarning:'OD0.comp.ideal_flow.balance.T' exceeds lower bounds
  Val: [-2.95292247e+10]
  Lower: [150.]

C:\Users\MEO\Desktop\Projects\JetEngine\boomsonic_v0\.venv\Lib\site-packages\pycycle\elements\compressor.py:75: RuntimeWarning: invalid value encountered in log
  outputs['eff_poly'] = Rt * np.log(PR) / ( Rt*np.log(PR) + S_out - S_in )
C:\Users\MEO\Desktop\Projects\JetEngine\boomsonic_v0\.venv\Lib\site-packages\pycycle\thermo\static_ps_resid.py:128: RuntimeWarning: invalid value encountered in sqrt
  Vsonic = (i['gamma']*i['R']*i['Ts'])**0.5
C:\Users\MEO\Desktop\Projects\JetEngine\boomsonic_v0\.venv\Lib\site-packages\pycycle\thermo\static_ps_resid.py:128: RuntimeWarning: invalid value encountered in sqrt
  Vsonic = (i['gamma']*i['R']*i['Ts'])**0.5
C:\Users\MEO\Desktop\Projects\JetEngine\boomsonic_v0\.venv\Lib\site-packages\pycycle\thermo\static_ps_resid.py:98: RuntimeWarning: invalid value encountered in power
  ps_guess = inputs['guess:Pt'] * (1 + (gamt-1)/2 * M_guess**2)**(-gamt/(gamt-1))
C:\Users\MEO\Desktop\Projects\JetEngine\boomsonic_v0\.venv\Lib\site-packages\pycycle\thermo\static_ps_resid.py:93: RuntimeWarning: invalid value encountered in power
  f1 = ps - inputs['guess:Pt'] * (1 + (gamt-1)/2 * M_guess**2)**(-gamt/(gamt-1))
C:\Users\MEO\Desktop\Projects\JetEngine\boomsonic_v0\.venv\Lib\site-packages\pycycle\thermo\static_ps_resid.py:94: RuntimeWarning: invalid value encountered in sqrt
  f2 = MN - inputs['W']*(R_UNIVERSAL_SI*inputs['Ts'])**0.5/(ps_guess*1.0e6*inputs['area']*gamt**0.5)
C:\Users\MEO\Desktop\Projects\JetEngine\boomsonic_v0\.venv\Lib\site-packages\pycycle\thermo\static_ps_resid.py:99: RuntimeWarning: The iteration is not making good progress, as measured by the 
 improvement from the last ten iterations.
  ps_guess, M_guess = fsolve(equations, (ps_guess, M_guess))
C:\Users\MEO\Desktop\Projects\JetEngine\boomsonic_v0\.venv\Lib\site-packages\pycycle\thermo\static_ps_resid.py:128: RuntimeWarning: invalid value encountered in sqrt
  Vsonic = (i['gamma']*i['R']*i['Ts'])**0.5
C:\Users\MEO\Desktop\Projects\JetEngine\boomsonic_v0\.venv\Lib\site-packages\pycycle\thermo\static_ps_resid.py:128: RuntimeWarning: invalid value encountered in sqrt
  Vsonic = (i['gamma']*i['R']*i['Ts'])**0.5
C:\Users\MEO\Desktop\Projects\JetEngine\boomsonic_v0\.venv\Lib\site-packages\pycycle\thermo\static_ps_resid.py:128: RuntimeWarning: invalid value encountered in sqrt
  Vsonic = (i['gamma']*i['R']*i['Ts'])**0.5
C:\Users\MEO\Desktop\Projects\JetEngine\boomsonic_v0\.venv\Lib\site-packages\pycycle\thermo\static_ps_resid.py:128: RuntimeWarning: invalid value encountered in sqrt
  Vsonic = (i['gamma']*i['R']*i['Ts'])**0.5
C:\Users\MEO\Desktop\Projects\JetEngine\boomsonic_v0\.venv\Lib\site-packages\pycycle\thermo\static_ps_resid.py:128: RuntimeWarning: invalid value encountered in sqrt
  Vsonic = (i['gamma']*i['R']*i['Ts'])**0.5
C:\Users\MEO\Desktop\Projects\JetEngine\boomsonic_v0\.venv\Lib\site-packages\pycycle\thermo\static_ps_resid.py:128: RuntimeWarning: invalid value encountered in sqrt
  Vsonic = (i['gamma']*i['R']*i['Ts'])**0.5
C:\Users\MEO\Desktop\Projects\JetEngine\boomsonic_v0\.venv\Lib\site-packages\pycycle\thermo\static_ps_resid.py:128: RuntimeWarning: invalid value encountered in sqrt
  Vsonic = (i['gamma']*i['R']*i['Ts'])**0.5
C:\Users\MEO\Desktop\Projects\JetEngine\boomsonic_v0\.venv\Lib\site-packages\pycycle\thermo\static_ps_resid.py:128: RuntimeWarning: invalid value encountered in sqrt
  Vsonic = (i['gamma']*i['R']*i['Ts'])**0.5
C:\Users\MEO\Desktop\Projects\JetEngine\boomsonic_v0\.venv\Lib\site-packages\pycycle\thermo\static_ps_resid.py:108: RuntimeWarning: invalid value encountered in sqrt
  Vsonic = (i['gamma']*i['R']*i['Ts'])**0.5
C:\Users\MEO\Desktop\Projects\JetEngine\boomsonic_v0\.venv\Lib\site-packages\pycycle\thermo\static_ps_resid.py:83: RuntimeWarning: invalid value encountered in power
  ps_guess = inputs['guess:Pt'] * (1 + (gamt-1)/2 * inputs['MN']**2)**(-gamt/(gamt-1))
C:\Users\MEO\Desktop\Projects\JetEngine\boomsonic_v0\.venv\Lib\site-packages\pycycle\thermo\static_ps_resid.py:108: RuntimeWarning: invalid value encountered in sqrt
  Vsonic = (i['gamma']*i['R']*i['Ts'])**0.5
C:\Users\MEO\Desktop\Projects\JetEngine\boomsonic_v0\.venv\Lib\site-packages\pycycle\thermo\static_ps_resid.py:108: RuntimeWarning: invalid value encountered in sqrt
  Vsonic = (i['gamma']*i['R']*i['Ts'])**0.5
C:\Users\MEO\Desktop\Projects\JetEngine\boomsonic_v0\.venv\Lib\site-packages\pycycle\thermo\static_ps_resid.py:108: RuntimeWarning: invalid value encountered in sqrt
  Vsonic = (i['gamma']*i['R']*i['Ts'])**0.5
C:\Users\MEO\Desktop\Projects\JetEngine\boomsonic_v0\.venv\Lib\site-packages\pycycle\thermo\static_ps_resid.py:108: RuntimeWarning: invalid value encountered in sqrt
  Vsonic = (i['gamma']*i['R']*i['Ts'])**0.5
C:\Users\MEO\Desktop\Projects\JetEngine\boomsonic_v0\.venv\Lib\site-packages\pycycle\thermo\static_ps_calc.py:32: RuntimeWarning: invalid value encountered in sqrt
  outputs['Vsonic'] = Vsonic = np.sqrt(inputs['gamma'] * inputs['R'] * inputs['Ts'])
C:\Users\MEO\Desktop\Projects\JetEngine\boomsonic_v0\.venv\Lib\site-packages\pycycle\thermo\static_ps_resid.py:128: RuntimeWarning: invalid value encountered in sqrt
  Vsonic = (i['gamma']*i['R']*i['Ts'])**0.5
C:\Users\MEO\Desktop\Projects\JetEngine\boomsonic_v0\.venv\Lib\site-packages\pycycle\elements\compressor.py:75: RuntimeWarning: invalid value encountered in log
  outputs['eff_poly'] = Rt * np.log(PR) / ( Rt*np.log(PR) + S_out - S_in )
C:\Users\MEO\Desktop\Projects\JetEngine\boomsonic_v0\.venv\Lib\site-packages\pycycle\thermo\static_ps_resid.py:128: RuntimeWarning: invalid value encountered in sqrt
  Vsonic = (i['gamma']*i['R']*i['Ts'])**0.5
C:\Users\MEO\Desktop\Projects\JetEngine\boomsonic_v0\.venv\Lib\site-packages\pycycle\thermo\static_ps_resid.py:98: RuntimeWarning: invalid value encountered in power
  ps_guess = inputs['guess:Pt'] * (1 + (gamt-1)/2 * M_guess**2)**(-gamt/(gamt-1))
C:\Users\MEO\Desktop\Projects\JetEngine\boomsonic_v0\.venv\Lib\site-packages\pycycle\thermo\static_ps_resid.py:93: RuntimeWarning: invalid value encountered in power
  f1 = ps - inputs['guess:Pt'] * (1 + (gamt-1)/2 * M_guess**2)**(-gamt/(gamt-1))
C:\Users\MEO\Desktop\Projects\JetEngine\boomsonic_v0\.venv\Lib\site-packages\pycycle\thermo\static_ps_resid.py:94: RuntimeWarning: invalid value encountered in sqrt
  f2 = MN - inputs['W']*(R_UNIVERSAL_SI*inputs['Ts'])**0.5/(ps_guess*1.0e6*inputs['area']*gamt**0.5)
C:\Users\MEO\Desktop\Projects\JetEngine\boomsonic_v0\.venv\Lib\site-packages\pycycle\thermo\static_ps_resid.py:99: RuntimeWarning: The iteration is not making good progress, as measured by the 
 improvement from the last ten iterations.
  ps_guess, M_guess = fsolve(equations, (ps_guess, M_guess))
C:\Users\MEO\Desktop\Projects\JetEngine\boomsonic_v0\.venv\Lib\site-packages\pycycle\thermo\static_ps_resid.py:108: RuntimeWarning: invalid value encountered in sqrt
  Vsonic = (i['gamma']*i['R']*i['Ts'])**0.5
C:\Users\MEO\Desktop\Projects\JetEngine\boomsonic_v0\.venv\Lib\site-packages\pycycle\thermo\static_ps_resid.py:83: RuntimeWarning: invalid value encountered in power
  ps_guess = inputs['guess:Pt'] * (1 + (gamt-1)/2 * inputs['MN']**2)**(-gamt/(gamt-1))
C:\Users\MEO\Desktop\Projects\JetEngine\boomsonic_v0\.venv\Lib\site-packages\openmdao\solvers\solver.py:819: SolverWarning:Your model has stalled three times and may be violating the bounds. In the future, turn on print_bound_enforce in your solver options here: 
OD0.inlet.out_stat.nonlinear_solver.linesearch.options['print_bound_enforce']=True. 
The bound(s) being violated now are:

C:\Users\MEO\Desktop\Projects\JetEngine\boomsonic_v0\.venv\Lib\site-packages\openmdao\solvers\linesearch\backtracking.py:39: SolverWarning:'OD0.inlet.out_stat.balance.T' exceeds lower bounds
  Val: [-224.71974794]
  Lower: [150.]

C:\Users\MEO\Desktop\Projects\JetEngine\boomsonic_v0\.venv\Lib\site-packages\openmdao\solvers\linesearch\backtracking.py:39: SolverWarning:'OD0.inlet.out_stat.ps_resid.Ps' exceeds lower bounds
  Val: [-0.00109596]
  Lower: [-0.0009009]

C:\Users\MEO\Desktop\Projects\JetEngine\boomsonic_v0\.venv\Lib\site-packages\pycycle\thermo\static_ps_resid.py:128: RuntimeWarning: invalid value encountered in sqrt
  Vsonic = (i['gamma']*i['R']*i['Ts'])**0.5
C:\Users\MEO\Desktop\Projects\JetEngine\boomsonic_v0\.venv\Lib\site-packages\pycycle\thermo\static_ps_resid.py:128: RuntimeWarning: invalid value encountered in sqrt
  Vsonic = (i['gamma']*i['R']*i['Ts'])**0.5
C:\Users\MEO\Desktop\Projects\JetEngine\boomsonic_v0\.venv\Lib\site-packages\openmdao\solvers\solver.py:819: SolverWarning:Your model has stalled three times and may be violating the bounds. In the future, turn on print_bound_enforce in your solver options here: 
OD0.comp.ideal_flow.nonlinear_solver.linesearch.options['print_bound_enforce']=True. 
The bound(s) being violated now are:

C:\Users\MEO\Desktop\Projects\JetEngine\boomsonic_v0\.venv\Lib\site-packages\openmdao\solvers\linesearch\backtracking.py:39: SolverWarning:'OD0.comp.ideal_flow.balance.T' exceeds lower bounds
  Val: [-2.95292247e+10]
  Lower: [150.]

C:\Users\MEO\Desktop\Projects\JetEngine\boomsonic_v0\.venv\Lib\site-packages\pycycle\elements\compressor.py:75: RuntimeWarning: invalid value encountered in log
  outputs['eff_poly'] = Rt * np.log(PR) / ( Rt*np.log(PR) + S_out - S_in )
C:\Users\MEO\Desktop\Projects\JetEngine\boomsonic_v0\.venv\Lib\site-packages\pycycle\thermo\static_ps_resid.py:128: RuntimeWarning: invalid value encountered in sqrt
  Vsonic = (i['gamma']*i['R']*i['Ts'])**0.5
C:\Users\MEO\Desktop\Projects\JetEngine\boomsonic_v0\.venv\Lib\site-packages\pycycle\thermo\static_ps_resid.py:128: RuntimeWarning: invalid value encountered in sqrt
  Vsonic = (i['gamma']*i['R']*i['Ts'])**0.5
C:\Users\MEO\Desktop\Projects\JetEngine\boomsonic_v0\.venv\Lib\site-packages\pycycle\thermo\static_ps_resid.py:98: RuntimeWarning: invalid value encountered in power
  ps_guess = inputs['guess:Pt'] * (1 + (gamt-1)/2 * M_guess**2)**(-gamt/(gamt-1))
C:\Users\MEO\Desktop\Projects\JetEngine\boomsonic_v0\.venv\Lib\site-packages\pycycle\thermo\static_ps_resid.py:93: RuntimeWarning: invalid value encountered in power
  f1 = ps - inputs['guess:Pt'] * (1 + (gamt-1)/2 * M_guess**2)**(-gamt/(gamt-1))
C:\Users\MEO\Desktop\Projects\JetEngine\boomsonic_v0\.venv\Lib\site-packages\pycycle\thermo\static_ps_resid.py:94: RuntimeWarning: invalid value encountered in sqrt
  f2 = MN - inputs['W']*(R_UNIVERSAL_SI*inputs['Ts'])**0.5/(ps_guess*1.0e6*inputs['area']*gamt**0.5)
C:\Users\MEO\Desktop\Projects\JetEngine\boomsonic_v0\.venv\Lib\site-packages\pycycle\thermo\static_ps_resid.py:99: RuntimeWarning: The iteration is not making good progress, as measured by the 
 improvement from the last ten iterations.
  ps_guess, M_guess = fsolve(equations, (ps_guess, M_guess))
C:\Users\MEO\Desktop\Projects\JetEngine\boomsonic_v0\.venv\Lib\site-packages\pycycle\thermo\static_ps_resid.py:128: RuntimeWarning: invalid value encountered in sqrt
  Vsonic = (i['gamma']*i['R']*i['Ts'])**0.5
C:\Users\MEO\Desktop\Projects\JetEngine\boomsonic_v0\.venv\Lib\site-packages\pycycle\thermo\static_ps_resid.py:128: RuntimeWarning: invalid value encountered in sqrt
  Vsonic = (i['gamma']*i['R']*i['Ts'])**0.5
C:\Users\MEO\Desktop\Projects\JetEngine\boomsonic_v0\.venv\Lib\site-packages\pycycle\thermo\static_ps_resid.py:128: RuntimeWarning: invalid value encountered in sqrt
  Vsonic = (i['gamma']*i['R']*i['Ts'])**0.5
C:\Users\MEO\Desktop\Projects\JetEngine\boomsonic_v0\.venv\Lib\site-packages\pycycle\thermo\static_ps_resid.py:128: RuntimeWarning: invalid value encountered in sqrt
  Vsonic = (i['gamma']*i['R']*i['Ts'])**0.5
C:\Users\MEO\Desktop\Projects\JetEngine\boomsonic_v0\.venv\Lib\site-packages\pycycle\thermo\static_ps_resid.py:128: RuntimeWarning: invalid value encountered in sqrt
  Vsonic = (i['gamma']*i['R']*i['Ts'])**0.5
C:\Users\MEO\Desktop\Projects\JetEngine\boomsonic_v0\.venv\Lib\site-packages\pycycle\thermo\static_ps_resid.py:128: RuntimeWarning: invalid value encountered in sqrt
  Vsonic = (i['gamma']*i['R']*i['Ts'])**0.5
C:\Users\MEO\Desktop\Projects\JetEngine\boomsonic_v0\.venv\Lib\site-packages\pycycle\thermo\static_ps_resid.py:128: RuntimeWarning: invalid value encountered in sqrt
  Vsonic = (i['gamma']*i['R']*i['Ts'])**0.5
C:\Users\MEO\Desktop\Projects\JetEngine\boomsonic_v0\.venv\Lib\site-packages\pycycle\thermo\static_ps_resid.py:128: RuntimeWarning: invalid value encountered in sqrt
  Vsonic = (i['gamma']*i['R']*i['Ts'])**0.5
C:\Users\MEO\Desktop\Projects\JetEngine\boomsonic_v0\.venv\Lib\site-packages\pycycle\thermo\static_ps_resid.py:128: RuntimeWarning: invalid value encountered in sqrt
  Vsonic = (i['gamma']*i['R']*i['Ts'])**0.5
C:\Users\MEO\Desktop\Projects\JetEngine\boomsonic_v0\.venv\Lib\site-packages\pycycle\thermo\static_ps_resid.py:108: RuntimeWarning: invalid value encountered in sqrt
  Vsonic = (i['gamma']*i['R']*i['Ts'])**0.5
C:\Users\MEO\Desktop\Projects\JetEngine\boomsonic_v0\.venv\Lib\site-packages\pycycle\thermo\static_ps_resid.py:83: RuntimeWarning: invalid value encountered in power
  ps_guess = inputs['guess:Pt'] * (1 + (gamt-1)/2 * inputs['MN']**2)**(-gamt/(gamt-1))
C:\Users\MEO\Desktop\Projects\JetEngine\boomsonic_v0\.venv\Lib\site-packages\pycycle\thermo\static_ps_resid.py:108: RuntimeWarning: invalid value encountered in sqrt
  Vsonic = (i['gamma']*i['R']*i['Ts'])**0.5
C:\Users\MEO\Desktop\Projects\JetEngine\boomsonic_v0\.venv\Lib\site-packages\openmdao\solvers\solver.py:819: SolverWarning:Your model has stalled three times and may be violating the bounds. In the future, turn on print_bound_enforce in your solver options here: 
OD0.nozz.staticMN.nonlinear_solver.linesearch.options['print_bound_enforce']=True. 
The bound(s) being violated now are:

C:\Users\MEO\Desktop\Projects\JetEngine\boomsonic_v0\.venv\Lib\site-packages\openmdao\solvers\linesearch\backtracking.py:35: SolverWarning:'OD0.nozz.staticMN.balance.T' exceeds upper bounds
  Val: [2.97619617e+10]
  Upper: [2500.]

C:\Users\MEO\Desktop\Projects\JetEngine\boomsonic_v0\.venv\Lib\site-packages\openmdao\solvers\linesearch\backtracking.py:39: SolverWarning:'OD0.nozz.staticMN.ps_resid.Ps' exceeds lower bounds
  Val: [-18749.17208212]
  Lower: [-0.0009009]

C:\Users\MEO\Desktop\Projects\JetEngine\boomsonic_v0\.venv\Lib\site-packages\pycycle\thermo\static_ps_resid.py:108: RuntimeWarning: invalid value encountered in sqrt
  Vsonic = (i['gamma']*i['R']*i['Ts'])**0.5
C:\Users\MEO\Desktop\Projects\JetEngine\boomsonic_v0\.venv\Lib\site-packages\pycycle\thermo\static_ps_resid.py:108: RuntimeWarning: invalid value encountered in sqrt
  Vsonic = (i['gamma']*i['R']*i['Ts'])**0.5
C:\Users\MEO\Desktop\Projects\JetEngine\boomsonic_v0\.venv\Lib\site-packages\pycycle\thermo\static_ps_calc.py:32: RuntimeWarning: invalid value encountered in sqrt
  outputs['Vsonic'] = Vsonic = np.sqrt(inputs['gamma'] * inputs['R'] * inputs['Ts'])
C:\Users\MEO\Desktop\Projects\JetEngine\boomsonic_v0\.venv\Lib\site-packages\pycycle\elements\compressor.py:75: RuntimeWarning: invalid value encountered in log
  outputs['eff_poly'] = Rt * np.log(PR) / ( Rt*np.log(PR) + S_out - S_in )
C:\Users\MEO\Desktop\Projects\JetEngine\boomsonic_v0\.venv\Lib\site-packages\pycycle\thermo\static_ps_resid.py:128: RuntimeWarning: invalid value encountered in sqrt
  Vsonic = (i['gamma']*i['R']*i['Ts'])**0.5
C:\Users\MEO\Desktop\Projects\JetEngine\boomsonic_v0\.venv\Lib\site-packages\pycycle\thermo\static_ps_resid.py:128: RuntimeWarning: invalid value encountered in sqrt
  Vsonic = (i['gamma']*i['R']*i['Ts'])**0.5
C:\Users\MEO\Desktop\Projects\JetEngine\boomsonic_v0\.venv\Lib\site-packages\pycycle\thermo\static_ps_resid.py:98: RuntimeWarning: invalid value encountered in power
  ps_guess = inputs['guess:Pt'] * (1 + (gamt-1)/2 * M_guess**2)**(-gamt/(gamt-1))
C:\Users\MEO\Desktop\Projects\JetEngine\boomsonic_v0\.venv\Lib\site-packages\pycycle\thermo\static_ps_resid.py:93: RuntimeWarning: invalid value encountered in power
  f1 = ps - inputs['guess:Pt'] * (1 + (gamt-1)/2 * M_guess**2)**(-gamt/(gamt-1))
C:\Users\MEO\Desktop\Projects\JetEngine\boomsonic_v0\.venv\Lib\site-packages\pycycle\thermo\static_ps_resid.py:94: RuntimeWarning: invalid value encountered in sqrt
  f2 = MN - inputs['W']*(R_UNIVERSAL_SI*inputs['Ts'])**0.5/(ps_guess*1.0e6*inputs['area']*gamt**0.5)
C:\Users\MEO\Desktop\Projects\JetEngine\boomsonic_v0\.venv\Lib\site-packages\pycycle\thermo\static_ps_resid.py:99: RuntimeWarning: The iteration is not making good progress, as measured by the 
 improvement from the last ten iterations.
  ps_guess, M_guess = fsolve(equations, (ps_guess, M_guess))
C:\Users\MEO\Desktop\Projects\JetEngine\boomsonic_v0\.venv\Lib\site-packages\pycycle\thermo\static_ps_resid.py:108: RuntimeWarning: invalid value encountered in sqrt
  Vsonic = (i['gamma']*i['R']*i['Ts'])**0.5
C:\Users\MEO\Desktop\Projects\JetEngine\boomsonic_v0\.venv\Lib\site-packages\pycycle\thermo\static_ps_resid.py:83: RuntimeWarning: invalid value encountered in power
  ps_guess = inputs['guess:Pt'] * (1 + (gamt-1)/2 * inputs['MN']**2)**(-gamt/(gamt-1))
C:\Users\MEO\Desktop\Projects\JetEngine\boomsonic_v0\.venv\Lib\site-packages\openmdao\solvers\solver.py:819: SolverWarning:Your model has stalled three times and may be violating the bounds. In the future, turn on print_bound_enforce in your solver options here: 
OD0.inlet.out_stat.nonlinear_solver.linesearch.options['print_bound_enforce']=True. 
The bound(s) being violated now are:

C:\Users\MEO\Desktop\Projects\JetEngine\boomsonic_v0\.venv\Lib\site-packages\openmdao\solvers\linesearch\backtracking.py:39: SolverWarning:'OD0.inlet.out_stat.balance.T' exceeds lower bounds
  Val: [-224.71974792]
  Lower: [150.]

C:\Users\MEO\Desktop\Projects\JetEngine\boomsonic_v0\.venv\Lib\site-packages\openmdao\solvers\linesearch\backtracking.py:39: SolverWarning:'OD0.inlet.out_stat.ps_resid.Ps' exceeds lower bounds
  Val: [-0.00109596]
  Lower: [-0.0009009]

C:\Users\MEO\Desktop\Projects\JetEngine\boomsonic_v0\.venv\Lib\site-packages\pycycle\thermo\static_ps_resid.py:128: RuntimeWarning: invalid value encountered in sqrt
  Vsonic = (i['gamma']*i['R']*i['Ts'])**0.5
C:\Users\MEO\Desktop\Projects\JetEngine\boomsonic_v0\.venv\Lib\site-packages\openmdao\solvers\solver.py:819: SolverWarning:Your model has stalled three times and may be violating the bounds. In the future, turn on print_bound_enforce in your solver options here: 
OD0.comp.ideal_flow.nonlinear_solver.linesearch.options['print_bound_enforce']=True. 
The bound(s) being violated now are:

C:\Users\MEO\Desktop\Projects\JetEngine\boomsonic_v0\.venv\Lib\site-packages\openmdao\solvers\linesearch\backtracking.py:39: SolverWarning:'OD0.comp.ideal_flow.balance.T' exceeds lower bounds
  Val: [-3.04453576e+10]
  Lower: [150.]

C:\Users\MEO\Desktop\Projects\JetEngine\boomsonic_v0\.venv\Lib\site-packages\pycycle\elements\compressor.py:75: RuntimeWarning: invalid value encountered in log
  outputs['eff_poly'] = Rt * np.log(PR) / ( Rt*np.log(PR) + S_out - S_in )
C:\Users\MEO\Desktop\Projects\JetEngine\boomsonic_v0\.venv\Lib\site-packages\pycycle\thermo\static_ps_resid.py:128: RuntimeWarning: invalid value encountered in sqrt
  Vsonic = (i['gamma']*i['R']*i['Ts'])**0.5
C:\Users\MEO\Desktop\Projects\JetEngine\boomsonic_v0\.venv\Lib\site-packages\pycycle\thermo\static_ps_resid.py:128: RuntimeWarning: invalid value encountered in sqrt
  Vsonic = (i['gamma']*i['R']*i['Ts'])**0.5
C:\Users\MEO\Desktop\Projects\JetEngine\boomsonic_v0\.venv\Lib\site-packages\pycycle\thermo\static_ps_resid.py:128: RuntimeWarning: invalid value encountered in sqrt
  Vsonic = (i['gamma']*i['R']*i['Ts'])**0.5
C:\Users\MEO\Desktop\Projects\JetEngine\boomsonic_v0\.venv\Lib\site-packages\pycycle\thermo\static_ps_resid.py:98: RuntimeWarning: invalid value encountered in power
  ps_guess = inputs['guess:Pt'] * (1 + (gamt-1)/2 * M_guess**2)**(-gamt/(gamt-1))
C:\Users\MEO\Desktop\Projects\JetEngine\boomsonic_v0\.venv\Lib\site-packages\pycycle\thermo\static_ps_resid.py:93: RuntimeWarning: invalid value encountered in power
  f1 = ps - inputs['guess:Pt'] * (1 + (gamt-1)/2 * M_guess**2)**(-gamt/(gamt-1))
C:\Users\MEO\Desktop\Projects\JetEngine\boomsonic_v0\.venv\Lib\site-packages\pycycle\thermo\static_ps_resid.py:94: RuntimeWarning: invalid value encountered in sqrt
  f2 = MN - inputs['W']*(R_UNIVERSAL_SI*inputs['Ts'])**0.5/(ps_guess*1.0e6*inputs['area']*gamt**0.5)
C:\Users\MEO\Desktop\Projects\JetEngine\boomsonic_v0\.venv\Lib\site-packages\pycycle\thermo\static_ps_resid.py:99: RuntimeWarning: The iteration is not making good progress, as measured by the 
 improvement from the last ten iterations.
  ps_guess, M_guess = fsolve(equations, (ps_guess, M_guess))
C:\Users\MEO\Desktop\Projects\JetEngine\boomsonic_v0\.venv\Lib\site-packages\pycycle\thermo\static_ps_resid.py:128: RuntimeWarning: invalid value encountered in sqrt
  Vsonic = (i['gamma']*i['R']*i['Ts'])**0.5
C:\Users\MEO\Desktop\Projects\JetEngine\boomsonic_v0\.venv\Lib\site-packages\pycycle\thermo\static_ps_resid.py:128: RuntimeWarning: invalid value encountered in sqrt
  Vsonic = (i['gamma']*i['R']*i['Ts'])**0.5
C:\Users\MEO\Desktop\Projects\JetEngine\boomsonic_v0\.venv\Lib\site-packages\pycycle\thermo\static_ps_resid.py:128: RuntimeWarning: invalid value encountered in sqrt
  Vsonic = (i['gamma']*i['R']*i['Ts'])**0.5
C:\Users\MEO\Desktop\Projects\JetEngine\boomsonic_v0\.venv\Lib\site-packages\pycycle\thermo\static_ps_resid.py:128: RuntimeWarning: invalid value encountered in sqrt
  Vsonic = (i['gamma']*i['R']*i['Ts'])**0.5
C:\Users\MEO\Desktop\Projects\JetEngine\boomsonic_v0\.venv\Lib\site-packages\pycycle\thermo\static_ps_resid.py:128: RuntimeWarning: invalid value encountered in sqrt
  Vsonic = (i['gamma']*i['R']*i['Ts'])**0.5
C:\Users\MEO\Desktop\Projects\JetEngine\boomsonic_v0\.venv\Lib\site-packages\pycycle\thermo\static_ps_resid.py:128: RuntimeWarning: invalid value encountered in sqrt
  Vsonic = (i['gamma']*i['R']*i['Ts'])**0.5
C:\Users\MEO\Desktop\Projects\JetEngine\boomsonic_v0\.venv\Lib\site-packages\pycycle\thermo\static_ps_resid.py:128: RuntimeWarning: invalid value encountered in sqrt
  Vsonic = (i['gamma']*i['R']*i['Ts'])**0.5
C:\Users\MEO\Desktop\Projects\JetEngine\boomsonic_v0\.venv\Lib\site-packages\pycycle\thermo\static_ps_resid.py:128: RuntimeWarning: invalid value encountered in sqrt
  Vsonic = (i['gamma']*i['R']*i['Ts'])**0.5
C:\Users\MEO\Desktop\Projects\JetEngine\boomsonic_v0\.venv\Lib\site-packages\pycycle\thermo\static_ps_resid.py:128: RuntimeWarning: invalid value encountered in sqrt
  Vsonic = (i['gamma']*i['R']*i['Ts'])**0.5
C:\Users\MEO\Desktop\Projects\JetEngine\boomsonic_v0\.venv\Lib\site-packages\pycycle\thermo\static_ps_resid.py:108: RuntimeWarning: invalid value encountered in sqrt
  Vsonic = (i['gamma']*i['R']*i['Ts'])**0.5
C:\Users\MEO\Desktop\Projects\JetEngine\boomsonic_v0\.venv\Lib\site-packages\pycycle\thermo\static_ps_resid.py:83: RuntimeWarning: invalid value encountered in power
  ps_guess = inputs['guess:Pt'] * (1 + (gamt-1)/2 * inputs['MN']**2)**(-gamt/(gamt-1))
C:\Users\MEO\Desktop\Projects\JetEngine\boomsonic_v0\.venv\Lib\site-packages\pycycle\thermo\static_ps_resid.py:108: RuntimeWarning: invalid value encountered in sqrt
  Vsonic = (i['gamma']*i['R']*i['Ts'])**0.5
C:\Users\MEO\Desktop\Projects\JetEngine\boomsonic_v0\.venv\Lib\site-packages\pycycle\thermo\static_ps_resid.py:108: RuntimeWarning: invalid value encountered in sqrt
  Vsonic = (i['gamma']*i['R']*i['Ts'])**0.5
C:\Users\MEO\Desktop\Projects\JetEngine\boomsonic_v0\.venv\Lib\site-packages\pycycle\thermo\static_ps_resid.py:108: RuntimeWarning: invalid value encountered in sqrt
  Vsonic = (i['gamma']*i['R']*i['Ts'])**0.5
C:\Users\MEO\Desktop\Projects\JetEngine\boomsonic_v0\.venv\Lib\site-packages\pycycle\thermo\static_ps_calc.py:32: RuntimeWarning: invalid value encountered in sqrt
  outputs['Vsonic'] = Vsonic = np.sqrt(inputs['gamma'] * inputs['R'] * inputs['Ts'])
C:\Users\MEO\Desktop\Projects\JetEngine\boomsonic_v0\.venv\Lib\site-packages\pycycle\thermo\static_ps_resid.py:128: RuntimeWarning: invalid value encountered in sqrt
  Vsonic = (i['gamma']*i['R']*i['Ts'])**0.5
C:\Users\MEO\Desktop\Projects\JetEngine\boomsonic_v0\.venv\Lib\site-packages\pycycle\elements\compressor.py:75: RuntimeWarning: invalid value encountered in log
  outputs['eff_poly'] = Rt * np.log(PR) / ( Rt*np.log(PR) + S_out - S_in )
C:\Users\MEO\Desktop\Projects\JetEngine\boomsonic_v0\.venv\Lib\site-packages\pycycle\thermo\static_ps_resid.py:128: RuntimeWarning: invalid value encountered in sqrt
  Vsonic = (i['gamma']*i['R']*i['Ts'])**0.5
C:\Users\MEO\Desktop\Projects\JetEngine\boomsonic_v0\.venv\Lib\site-packages\pycycle\thermo\static_ps_resid.py:98: RuntimeWarning: invalid value encountered in power
  ps_guess = inputs['guess:Pt'] * (1 + (gamt-1)/2 * M_guess**2)**(-gamt/(gamt-1))
C:\Users\MEO\Desktop\Projects\JetEngine\boomsonic_v0\.venv\Lib\site-packages\pycycle\thermo\static_ps_resid.py:93: RuntimeWarning: invalid value encountered in power
  f1 = ps - inputs['guess:Pt'] * (1 + (gamt-1)/2 * M_guess**2)**(-gamt/(gamt-1))
C:\Users\MEO\Desktop\Projects\JetEngine\boomsonic_v0\.venv\Lib\site-packages\pycycle\thermo\static_ps_resid.py:94: RuntimeWarning: invalid value encountered in sqrt
  f2 = MN - inputs['W']*(R_UNIVERSAL_SI*inputs['Ts'])**0.5/(ps_guess*1.0e6*inputs['area']*gamt**0.5)
C:\Users\MEO\Desktop\Projects\JetEngine\boomsonic_v0\.venv\Lib\site-packages\pycycle\thermo\static_ps_resid.py:99: RuntimeWarning: The iteration is not making good progress, as measured by the 
 improvement from the last ten iterations.
  ps_guess, M_guess = fsolve(equations, (ps_guess, M_guess))
C:\Users\MEO\Desktop\Projects\JetEngine\boomsonic_v0\.venv\Lib\site-packages\pycycle\thermo\static_ps_resid.py:108: RuntimeWarning: invalid value encountered in sqrt
  Vsonic = (i['gamma']*i['R']*i['Ts'])**0.5
C:\Users\MEO\Desktop\Projects\JetEngine\boomsonic_v0\.venv\Lib\site-packages\pycycle\thermo\static_ps_resid.py:83: RuntimeWarning: invalid value encountered in power
  ps_guess = inputs['guess:Pt'] * (1 + (gamt-1)/2 * inputs['MN']**2)**(-gamt/(gamt-1))
C:\Users\MEO\Desktop\Projects\JetEngine\boomsonic_v0\.venv\Lib\site-packages\openmdao\solvers\solver.py:819: SolverWarning:Your model has stalled three times and may be violating the bounds. In the future, turn on print_bound_enforce in your solver options here: 
OD0.inlet.out_stat.nonlinear_solver.linesearch.options['print_bound_enforce']=True. 
The bound(s) being violated now are:

C:\Users\MEO\Desktop\Projects\JetEngine\boomsonic_v0\.venv\Lib\site-packages\openmdao\solvers\linesearch\backtracking.py:39: SolverWarning:'OD0.inlet.out_stat.balance.T' exceeds lower bounds
  Val: [-224.71974792]
  Lower: [150.]

C:\Users\MEO\Desktop\Projects\JetEngine\boomsonic_v0\.venv\Lib\site-packages\openmdao\solvers\linesearch\backtracking.py:39: SolverWarning:'OD0.inlet.out_stat.ps_resid.Ps' exceeds lower bounds
  Val: [-0.00109596]
  Lower: [-0.0009009]

C:\Users\MEO\Desktop\Projects\JetEngine\boomsonic_v0\.venv\Lib\site-packages\pycycle\thermo\static_ps_resid.py:128: RuntimeWarning: invalid value encountered in sqrt
  Vsonic = (i['gamma']*i['R']*i['Ts'])**0.5
C:\Users\MEO\Desktop\Projects\JetEngine\boomsonic_v0\.venv\Lib\site-packages\openmdao\solvers\solver.py:819: SolverWarning:Your model has stalled three times and may be violating the bounds. In the future, turn on print_bound_enforce in your solver options here: 
OD0.comp.ideal_flow.nonlinear_solver.linesearch.options['print_bound_enforce']=True. 
The bound(s) being violated now are:

C:\Users\MEO\Desktop\Projects\JetEngine\boomsonic_v0\.venv\Lib\site-packages\openmdao\solvers\linesearch\backtracking.py:39: SolverWarning:'OD0.comp.ideal_flow.balance.T' exceeds lower bounds
  Val: [-3.04337134e+10]
  Lower: [150.]

C:\Users\MEO\Desktop\Projects\JetEngine\boomsonic_v0\.venv\Lib\site-packages\pycycle\elements\compressor.py:75: RuntimeWarning: invalid value encountered in log
  outputs['eff_poly'] = Rt * np.log(PR) / ( Rt*np.log(PR) + S_out - S_in )
C:\Users\MEO\Desktop\Projects\JetEngine\boomsonic_v0\.venv\Lib\site-packages\pycycle\thermo\static_ps_resid.py:128: RuntimeWarning: invalid value encountered in sqrt
  Vsonic = (i['gamma']*i['R']*i['Ts'])**0.5
C:\Users\MEO\Desktop\Projects\JetEngine\boomsonic_v0\.venv\Lib\site-packages\pycycle\thermo\static_ps_resid.py:128: RuntimeWarning: invalid value encountered in sqrt
  Vsonic = (i['gamma']*i['R']*i['Ts'])**0.5
C:\Users\MEO\Desktop\Projects\JetEngine\boomsonic_v0\.venv\Lib\site-packages\pycycle\thermo\static_ps_resid.py:128: RuntimeWarning: invalid value encountered in sqrt
  Vsonic = (i['gamma']*i['R']*i['Ts'])**0.5
C:\Users\MEO\Desktop\Projects\JetEngine\boomsonic_v0\.venv\Lib\site-packages\pycycle\thermo\static_ps_resid.py:98: RuntimeWarning: invalid value encountered in power
  ps_guess = inputs['guess:Pt'] * (1 + (gamt-1)/2 * M_guess**2)**(-gamt/(gamt-1))
C:\Users\MEO\Desktop\Projects\JetEngine\boomsonic_v0\.venv\Lib\site-packages\pycycle\thermo\static_ps_resid.py:93: RuntimeWarning: invalid value encountered in power
  f1 = ps - inputs['guess:Pt'] * (1 + (gamt-1)/2 * M_guess**2)**(-gamt/(gamt-1))
C:\Users\MEO\Desktop\Projects\JetEngine\boomsonic_v0\.venv\Lib\site-packages\pycycle\thermo\static_ps_resid.py:94: RuntimeWarning: invalid value encountered in sqrt
  f2 = MN - inputs['W']*(R_UNIVERSAL_SI*inputs['Ts'])**0.5/(ps_guess*1.0e6*inputs['area']*gamt**0.5)
C:\Users\MEO\Desktop\Projects\JetEngine\boomsonic_v0\.venv\Lib\site-packages\pycycle\thermo\static_ps_resid.py:99: RuntimeWarning: The iteration is not making good progress, as measured by the 
 improvement from the last ten iterations.
  ps_guess, M_guess = fsolve(equations, (ps_guess, M_guess))
C:\Users\MEO\Desktop\Projects\JetEngine\boomsonic_v0\.venv\Lib\site-packages\pycycle\thermo\static_ps_resid.py:128: RuntimeWarning: invalid value encountered in sqrt
  Vsonic = (i['gamma']*i['R']*i['Ts'])**0.5
C:\Users\MEO\Desktop\Projects\JetEngine\boomsonic_v0\.venv\Lib\site-packages\pycycle\thermo\static_ps_resid.py:128: RuntimeWarning: invalid value encountered in sqrt
  Vsonic = (i['gamma']*i['R']*i['Ts'])**0.5
C:\Users\MEO\Desktop\Projects\JetEngine\boomsonic_v0\.venv\Lib\site-packages\pycycle\thermo\static_ps_resid.py:128: RuntimeWarning: invalid value encountered in sqrt
  Vsonic = (i['gamma']*i['R']*i['Ts'])**0.5
C:\Users\MEO\Desktop\Projects\JetEngine\boomsonic_v0\.venv\Lib\site-packages\pycycle\thermo\static_ps_resid.py:128: RuntimeWarning: invalid value encountered in sqrt
  Vsonic = (i['gamma']*i['R']*i['Ts'])**0.5
C:\Users\MEO\Desktop\Projects\JetEngine\boomsonic_v0\.venv\Lib\site-packages\pycycle\thermo\static_ps_resid.py:128: RuntimeWarning: invalid value encountered in sqrt
  Vsonic = (i['gamma']*i['R']*i['Ts'])**0.5
C:\Users\MEO\Desktop\Projects\JetEngine\boomsonic_v0\.venv\Lib\site-packages\pycycle\thermo\static_ps_resid.py:128: RuntimeWarning: invalid value encountered in sqrt
  Vsonic = (i['gamma']*i['R']*i['Ts'])**0.5
C:\Users\MEO\Desktop\Projects\JetEngine\boomsonic_v0\.venv\Lib\site-packages\pycycle\thermo\static_ps_resid.py:128: RuntimeWarning: invalid value encountered in sqrt
  Vsonic = (i['gamma']*i['R']*i['Ts'])**0.5
C:\Users\MEO\Desktop\Projects\JetEngine\boomsonic_v0\.venv\Lib\site-packages\pycycle\thermo\static_ps_resid.py:128: RuntimeWarning: invalid value encountered in sqrt
  Vsonic = (i['gamma']*i['R']*i['Ts'])**0.5
C:\Users\MEO\Desktop\Projects\JetEngine\boomsonic_v0\.venv\Lib\site-packages\pycycle\thermo\static_ps_resid.py:128: RuntimeWarning: invalid value encountered in sqrt
  Vsonic = (i['gamma']*i['R']*i['Ts'])**0.5
C:\Users\MEO\Desktop\Projects\JetEngine\boomsonic_v0\.venv\Lib\site-packages\pycycle\thermo\static_ps_resid.py:108: RuntimeWarning: invalid value encountered in sqrt
  Vsonic = (i['gamma']*i['R']*i['Ts'])**0.5
C:\Users\MEO\Desktop\Projects\JetEngine\boomsonic_v0\.venv\Lib\site-packages\pycycle\thermo\static_ps_resid.py:83: RuntimeWarning: invalid value encountered in power
  ps_guess = inputs['guess:Pt'] * (1 + (gamt-1)/2 * inputs['MN']**2)**(-gamt/(gamt-1))
C:\Users\MEO\Desktop\Projects\JetEngine\boomsonic_v0\.venv\Lib\site-packages\pycycle\thermo\static_ps_resid.py:108: RuntimeWarning: invalid value encountered in sqrt
  Vsonic = (i['gamma']*i['R']*i['Ts'])**0.5
C:\Users\MEO\Desktop\Projects\JetEngine\boomsonic_v0\.venv\Lib\site-packages\openmdao\solvers\solver.py:819: SolverWarning:Your model has stalled three times and may be violating the bounds. In the future, turn on print_bound_enforce in your solver options here: 
OD0.nozz.staticMN.nonlinear_solver.linesearch.options['print_bound_enforce']=True. 
The bound(s) being violated now are:

C:\Users\MEO\Desktop\Projects\JetEngine\boomsonic_v0\.venv\Lib\site-packages\openmdao\solvers\linesearch\backtracking.py:35: SolverWarning:'OD0.nozz.staticMN.balance.T' exceeds upper bounds
  Val: [3.0673531e+10]
  Upper: [2500.]

C:\Users\MEO\Desktop\Projects\JetEngine\boomsonic_v0\.venv\Lib\site-packages\openmdao\solvers\linesearch\backtracking.py:39: SolverWarning:'OD0.nozz.staticMN.ps_resid.Ps' exceeds lower bounds
  Val: [-19323.43009592]
  Lower: [-0.0009009]

C:\Users\MEO\Desktop\Projects\JetEngine\boomsonic_v0\.venv\Lib\site-packages\pycycle\thermo\static_ps_resid.py:108: RuntimeWarning: invalid value encountered in sqrt
  Vsonic = (i['gamma']*i['R']*i['Ts'])**0.5
C:\Users\MEO\Desktop\Projects\JetEngine\boomsonic_v0\.venv\Lib\site-packages\pycycle\thermo\static_ps_resid.py:108: RuntimeWarning: invalid value encountered in sqrt
  Vsonic = (i['gamma']*i['R']*i['Ts'])**0.5
C:\Users\MEO\Desktop\Projects\JetEngine\boomsonic_v0\.venv\Lib\site-packages\pycycle\thermo\static_ps_calc.py:32: RuntimeWarning: invalid value encountered in sqrt
  outputs['Vsonic'] = Vsonic = np.sqrt(inputs['gamma'] * inputs['R'] * inputs['Ts'])
C:\Users\MEO\Desktop\Projects\JetEngine\boomsonic_v0\.venv\Lib\site-packages\pycycle\elements\compressor.py:75: RuntimeWarning: invalid value encountered in log
  outputs['eff_poly'] = Rt * np.log(PR) / ( Rt*np.log(PR) + S_out - S_in )
C:\Users\MEO\Desktop\Projects\JetEngine\boomsonic_v0\.venv\Lib\site-packages\pycycle\thermo\static_ps_resid.py:128: RuntimeWarning: invalid value encountered in sqrt
  Vsonic = (i['gamma']*i['R']*i['Ts'])**0.5
C:\Users\MEO\Desktop\Projects\JetEngine\boomsonic_v0\.venv\Lib\site-packages\pycycle\thermo\static_ps_resid.py:128: RuntimeWarning: invalid value encountered in sqrt
  Vsonic = (i['gamma']*i['R']*i['Ts'])**0.5
C:\Users\MEO\Desktop\Projects\JetEngine\boomsonic_v0\.venv\Lib\site-packages\pycycle\thermo\static_ps_resid.py:98: RuntimeWarning: invalid value encountered in power
  ps_guess = inputs['guess:Pt'] * (1 + (gamt-1)/2 * M_guess**2)**(-gamt/(gamt-1))
C:\Users\MEO\Desktop\Projects\JetEngine\boomsonic_v0\.venv\Lib\site-packages\pycycle\thermo\static_ps_resid.py:93: RuntimeWarning: invalid value encountered in power
  f1 = ps - inputs['guess:Pt'] * (1 + (gamt-1)/2 * M_guess**2)**(-gamt/(gamt-1))
C:\Users\MEO\Desktop\Projects\JetEngine\boomsonic_v0\.venv\Lib\site-packages\pycycle\thermo\static_ps_resid.py:94: RuntimeWarning: invalid value encountered in sqrt
  f2 = MN - inputs['W']*(R_UNIVERSAL_SI*inputs['Ts'])**0.5/(ps_guess*1.0e6*inputs['area']*gamt**0.5)
C:\Users\MEO\Desktop\Projects\JetEngine\boomsonic_v0\.venv\Lib\site-packages\pycycle\thermo\static_ps_resid.py:99: RuntimeWarning: The iteration is not making good progress, as measured by the 
 improvement from the last ten iterations.
  ps_guess, M_guess = fsolve(equations, (ps_guess, M_guess))
C:\Users\MEO\Desktop\Projects\JetEngine\boomsonic_v0\.venv\Lib\site-packages\pycycle\thermo\static_ps_resid.py:108: RuntimeWarning: invalid value encountered in sqrt
  Vsonic = (i['gamma']*i['R']*i['Ts'])**0.5
C:\Users\MEO\Desktop\Projects\JetEngine\boomsonic_v0\.venv\Lib\site-packages\pycycle\thermo\static_ps_resid.py:83: RuntimeWarning: invalid value encountered in power
  ps_guess = inputs['guess:Pt'] * (1 + (gamt-1)/2 * inputs['MN']**2)**(-gamt/(gamt-1))
C:\Users\MEO\Desktop\Projects\JetEngine\boomsonic_v0\.venv\Lib\site-packages\openmdao\solvers\solver.py:819: SolverWarning:Your model has stalled three times and may be violating the bounds. In the future, turn on print_bound_enforce in your solver options here: 
OD0.inlet.out_stat.nonlinear_solver.linesearch.options['print_bound_enforce']=True. 
The bound(s) being violated now are:

C:\Users\MEO\Desktop\Projects\JetEngine\boomsonic_v0\.venv\Lib\site-packages\openmdao\solvers\linesearch\backtracking.py:39: SolverWarning:'OD0.inlet.out_stat.balance.T' exceeds lower bounds
  Val: [-224.71989279]
  Lower: [150.]

C:\Users\MEO\Desktop\Projects\JetEngine\boomsonic_v0\.venv\Lib\site-packages\openmdao\solvers\linesearch\backtracking.py:39: SolverWarning:'OD0.inlet.out_stat.ps_resid.Ps' exceeds lower bounds
  Val: [-0.00109596]
  Lower: [-0.0009009]

C:\Users\MEO\Desktop\Projects\JetEngine\boomsonic_v0\.venv\Lib\site-packages\openmdao\solvers\solver.py:819: SolverWarning:Your model has stalled three times and may be violating the bounds. In the future, turn on print_bound_enforce in your solver options here: 
OD0.comp.ideal_flow.nonlinear_solver.linesearch.options['print_bound_enforce']=True. 
The bound(s) being violated now are:

C:\Users\MEO\Desktop\Projects\JetEngine\boomsonic_v0\.venv\Lib\site-packages\openmdao\solvers\linesearch\backtracking.py:39: SolverWarning:'OD0.comp.ideal_flow.balance.T' exceeds lower bounds
  Val: [-3.04337134e+10]
  Lower: [150.]

C:\Users\MEO\Desktop\Projects\JetEngine\boomsonic_v0\.venv\Lib\site-packages\pycycle\elements\compressor.py:75: RuntimeWarning: invalid value encountered in log
  outputs['eff_poly'] = Rt * np.log(PR) / ( Rt*np.log(PR) + S_out - S_in )
C:\Users\MEO\Desktop\Projects\JetEngine\boomsonic_v0\.venv\Lib\site-packages\pycycle\thermo\static_ps_resid.py:128: RuntimeWarning: invalid value encountered in sqrt
  Vsonic = (i['gamma']*i['R']*i['Ts'])**0.5
C:\Users\MEO\Desktop\Projects\JetEngine\boomsonic_v0\.venv\Lib\site-packages\pycycle\thermo\static_ps_resid.py:128: RuntimeWarning: invalid value encountered in sqrt
  Vsonic = (i['gamma']*i['R']*i['Ts'])**0.5
C:\Users\MEO\Desktop\Projects\JetEngine\boomsonic_v0\.venv\Lib\site-packages\pycycle\thermo\static_ps_resid.py:128: RuntimeWarning: invalid value encountered in sqrt
  Vsonic = (i['gamma']*i['R']*i['Ts'])**0.5
C:\Users\MEO\Desktop\Projects\JetEngine\boomsonic_v0\.venv\Lib\site-packages\pycycle\thermo\static_ps_resid.py:98: RuntimeWarning: invalid value encountered in power
  ps_guess = inputs['guess:Pt'] * (1 + (gamt-1)/2 * M_guess**2)**(-gamt/(gamt-1))
C:\Users\MEO\Desktop\Projects\JetEngine\boomsonic_v0\.venv\Lib\site-packages\pycycle\thermo\static_ps_resid.py:93: RuntimeWarning: invalid value encountered in power
  f1 = ps - inputs['guess:Pt'] * (1 + (gamt-1)/2 * M_guess**2)**(-gamt/(gamt-1))
C:\Users\MEO\Desktop\Projects\JetEngine\boomsonic_v0\.venv\Lib\site-packages\pycycle\thermo\static_ps_resid.py:94: RuntimeWarning: invalid value encountered in sqrt
  f2 = MN - inputs['W']*(R_UNIVERSAL_SI*inputs['Ts'])**0.5/(ps_guess*1.0e6*inputs['area']*gamt**0.5)
C:\Users\MEO\Desktop\Projects\JetEngine\boomsonic_v0\.venv\Lib\site-packages\pycycle\thermo\static_ps_resid.py:99: RuntimeWarning: The iteration is not making good progress, as measured by the 
 improvement from the last ten iterations.
  ps_guess, M_guess = fsolve(equations, (ps_guess, M_guess))
C:\Users\MEO\Desktop\Projects\JetEngine\boomsonic_v0\.venv\Lib\site-packages\pycycle\thermo\static_ps_resid.py:128: RuntimeWarning: invalid value encountered in sqrt
  Vsonic = (i['gamma']*i['R']*i['Ts'])**0.5
C:\Users\MEO\Desktop\Projects\JetEngine\boomsonic_v0\.venv\Lib\site-packages\pycycle\thermo\static_ps_resid.py:128: RuntimeWarning: invalid value encountered in sqrt
  Vsonic = (i['gamma']*i['R']*i['Ts'])**0.5
C:\Users\MEO\Desktop\Projects\JetEngine\boomsonic_v0\.venv\Lib\site-packages\pycycle\thermo\static_ps_resid.py:128: RuntimeWarning: invalid value encountered in sqrt
  Vsonic = (i['gamma']*i['R']*i['Ts'])**0.5
C:\Users\MEO\Desktop\Projects\JetEngine\boomsonic_v0\.venv\Lib\site-packages\pycycle\thermo\static_ps_resid.py:128: RuntimeWarning: invalid value encountered in sqrt
  Vsonic = (i['gamma']*i['R']*i['Ts'])**0.5
C:\Users\MEO\Desktop\Projects\JetEngine\boomsonic_v0\.venv\Lib\site-packages\pycycle\thermo\static_ps_resid.py:128: RuntimeWarning: invalid value encountered in sqrt
  Vsonic = (i['gamma']*i['R']*i['Ts'])**0.5
C:\Users\MEO\Desktop\Projects\JetEngine\boomsonic_v0\.venv\Lib\site-packages\pycycle\thermo\static_ps_resid.py:128: RuntimeWarning: invalid value encountered in sqrt
  Vsonic = (i['gamma']*i['R']*i['Ts'])**0.5
C:\Users\MEO\Desktop\Projects\JetEngine\boomsonic_v0\.venv\Lib\site-packages\pycycle\thermo\static_ps_resid.py:128: RuntimeWarning: invalid value encountered in sqrt
  Vsonic = (i['gamma']*i['R']*i['Ts'])**0.5
C:\Users\MEO\Desktop\Projects\JetEngine\boomsonic_v0\.venv\Lib\site-packages\pycycle\thermo\static_ps_resid.py:128: RuntimeWarning: invalid value encountered in sqrt
  Vsonic = (i['gamma']*i['R']*i['Ts'])**0.5
C:\Users\MEO\Desktop\Projects\JetEngine\boomsonic_v0\.venv\Lib\site-packages\pycycle\thermo\static_ps_resid.py:128: RuntimeWarning: invalid value encountered in sqrt
  Vsonic = (i['gamma']*i['R']*i['Ts'])**0.5
C:\Users\MEO\Desktop\Projects\JetEngine\boomsonic_v0\.venv\Lib\site-packages\pycycle\thermo\static_ps_resid.py:128: RuntimeWarning: invalid value encountered in sqrt
  Vsonic = (i['gamma']*i['R']*i['Ts'])**0.5
C:\Users\MEO\Desktop\Projects\JetEngine\boomsonic_v0\.venv\Lib\site-packages\pycycle\thermo\static_ps_resid.py:108: RuntimeWarning: invalid value encountered in sqrt
  Vsonic = (i['gamma']*i['R']*i['Ts'])**0.5
C:\Users\MEO\Desktop\Projects\JetEngine\boomsonic_v0\.venv\Lib\site-packages\pycycle\thermo\static_ps_resid.py:83: RuntimeWarning: invalid value encountered in power
  ps_guess = inputs['guess:Pt'] * (1 + (gamt-1)/2 * inputs['MN']**2)**(-gamt/(gamt-1))
C:\Users\MEO\Desktop\Projects\JetEngine\boomsonic_v0\.venv\Lib\site-packages\pycycle\thermo\static_ps_resid.py:108: RuntimeWarning: invalid value encountered in sqrt
  Vsonic = (i['gamma']*i['R']*i['Ts'])**0.5
C:\Users\MEO\Desktop\Projects\JetEngine\boomsonic_v0\.venv\Lib\site-packages\openmdao\solvers\solver.py:819: SolverWarning:Your model has stalled three times and may be violating the bounds. In the future, turn on print_bound_enforce in your solver options here: 
OD0.nozz.staticMN.nonlinear_solver.linesearch.options['print_bound_enforce']=True. 
The bound(s) being violated now are:

C:\Users\MEO\Desktop\Projects\JetEngine\boomsonic_v0\.venv\Lib\site-packages\openmdao\solvers\linesearch\backtracking.py:35: SolverWarning:'OD0.nozz.staticMN.balance.T' exceeds upper bounds
  Val: [3.50788765e+10]
  Upper: [2500.]

C:\Users\MEO\Desktop\Projects\JetEngine\boomsonic_v0\.venv\Lib\site-packages\openmdao\solvers\linesearch\backtracking.py:39: SolverWarning:'OD0.nozz.staticMN.ps_resid.Ps' exceeds lower bounds
  Val: [-14757.7480468]
  Lower: [-0.0009009]

C:\Users\MEO\Desktop\Projects\JetEngine\boomsonic_v0\.venv\Lib\site-packages\pycycle\thermo\static_ps_resid.py:108: RuntimeWarning: invalid value encountered in sqrt
  Vsonic = (i['gamma']*i['R']*i['Ts'])**0.5
C:\Users\MEO\Desktop\Projects\JetEngine\boomsonic_v0\.venv\Lib\site-packages\pycycle\thermo\static_ps_resid.py:108: RuntimeWarning: invalid value encountered in sqrt
  Vsonic = (i['gamma']*i['R']*i['Ts'])**0.5
C:\Users\MEO\Desktop\Projects\JetEngine\boomsonic_v0\.venv\Lib\site-packages\pycycle\thermo\static_ps_calc.py:32: RuntimeWarning: invalid value encountered in sqrt
  outputs['Vsonic'] = Vsonic = np.sqrt(inputs['gamma'] * inputs['R'] * inputs['Ts'])
C:\Users\MEO\Desktop\Projects\JetEngine\boomsonic_v0\.venv\Lib\site-packages\pycycle\elements\compressor.py:75: RuntimeWarning: invalid value encountered in log
  outputs['eff_poly'] = Rt * np.log(PR) / ( Rt*np.log(PR) + S_out - S_in )
C:\Users\MEO\Desktop\Projects\JetEngine\boomsonic_v0\.venv\Lib\site-packages\pycycle\thermo\static_ps_resid.py:128: RuntimeWarning: invalid value encountered in sqrt
  Vsonic = (i['gamma']*i['R']*i['Ts'])**0.5
C:\Users\MEO\Desktop\Projects\JetEngine\boomsonic_v0\.venv\Lib\site-packages\pycycle\thermo\static_ps_resid.py:98: RuntimeWarning: invalid value encountered in power
  ps_guess = inputs['guess:Pt'] * (1 + (gamt-1)/2 * M_guess**2)**(-gamt/(gamt-1))
C:\Users\MEO\Desktop\Projects\JetEngine\boomsonic_v0\.venv\Lib\site-packages\pycycle\thermo\static_ps_resid.py:93: RuntimeWarning: invalid value encountered in power
  f1 = ps - inputs['guess:Pt'] * (1 + (gamt-1)/2 * M_guess**2)**(-gamt/(gamt-1))
C:\Users\MEO\Desktop\Projects\JetEngine\boomsonic_v0\.venv\Lib\site-packages\pycycle\thermo\static_ps_resid.py:94: RuntimeWarning: invalid value encountered in sqrt
  f2 = MN - inputs['W']*(R_UNIVERSAL_SI*inputs['Ts'])**0.5/(ps_guess*1.0e6*inputs['area']*gamt**0.5)
C:\Users\MEO\Desktop\Projects\JetEngine\boomsonic_v0\.venv\Lib\site-packages\pycycle\thermo\static_ps_resid.py:99: RuntimeWarning: The iteration is not making good progress, as measured by the 
 improvement from the last ten iterations.
  ps_guess, M_guess = fsolve(equations, (ps_guess, M_guess))
C:\Users\MEO\Desktop\Projects\JetEngine\boomsonic_v0\.venv\Lib\site-packages\pycycle\thermo\static_ps_resid.py:83: RuntimeWarning: invalid value encountered in power
  ps_guess = inputs['guess:Pt'] * (1 + (gamt-1)/2 * inputs['MN']**2)**(-gamt/(gamt-1))
C:\Users\MEO\Desktop\Projects\JetEngine\boomsonic_v0\.venv\Lib\site-packages\pycycle\thermo\static_ps_resid.py:128: RuntimeWarning: invalid value encountered in sqrt
  Vsonic = (i['gamma']*i['R']*i['Ts'])**0.5
C:\Users\MEO\Desktop\Projects\JetEngine\boomsonic_v0\.venv\Lib\site-packages\pycycle\thermo\static_ps_resid.py:128: RuntimeWarning: invalid value encountered in sqrt
  Vsonic = (i['gamma']*i['R']*i['Ts'])**0.5
C:\Users\MEO\Desktop\Projects\JetEngine\boomsonic_v0\.venv\Lib\site-packages\pycycle\thermo\static_ps_resid.py:108: RuntimeWarning: invalid value encountered in sqrt
  Vsonic = (i['gamma']*i['R']*i['Ts'])**0.5
C:\Users\MEO\Desktop\Projects\JetEngine\boomsonic_v0\.venv\Lib\site-packages\openmdao\solvers\solver.py:819: SolverWarning:Your model has stalled three times and may be violating the bounds. In the future, turn on print_bound_enforce in your solver options here: 
OD0.burner.vitiated_flow.nonlinear_solver.linesearch.options['print_bound_enforce']=True. 
The bound(s) being violated now are:

C:\Users\MEO\Desktop\Projects\JetEngine\boomsonic_v0\.venv\Lib\site-packages\openmdao\solvers\linesearch\backtracking.py:35: SolverWarning:'OD0.burner.vitiated_flow.balance.T' exceeds upper bounds
  Val: [3490.91524918]
  Upper: [2500.]

C:\Users\MEO\Desktop\Projects\JetEngine\boomsonic_v0\.venv\Lib\site-packages\openmdao\solvers\solver.py:819: SolverWarning:Your model has stalled three times and may be violating the bounds. In the future, turn on print_bound_enforce in your solver options here: 
OD0.burner.out_stat.nonlinear_solver.linesearch.options['print_bound_enforce']=True. 
The bound(s) being violated now are:

C:\Users\MEO\Desktop\Projects\JetEngine\boomsonic_v0\.venv\Lib\site-packages\openmdao\solvers\linesearch\backtracking.py:35: SolverWarning:'OD0.burner.out_stat.balance.T' exceeds upper bounds
  Val: [10411.14301401]
  Upper: [2500.]

C:\Users\MEO\Desktop\Projects\JetEngine\boomsonic_v0\.venv\Lib\site-packages\openmdao\solvers\linesearch\backtracking.py:39: SolverWarning:'OD0.burner.out_stat.ps_resid.MN' exceeds lower bounds
  Val: [8.19772426e-06]
  Lower: [0.001]

C:\Users\MEO\Desktop\Projects\JetEngine\boomsonic_v0\.venv\Lib\site-packages\openmdao\solvers\solver.py:819: SolverWarning:Your model has stalled three times and may be violating the bounds. In the future, turn on print_bound_enforce in your solver options here: 
OD0.turb.real_flow_b4bld.nonlinear_solver.linesearch.options['print_bound_enforce']=True. 
The bound(s) being violated now are:

C:\Users\MEO\Desktop\Projects\JetEngine\boomsonic_v0\.venv\Lib\site-packages\openmdao\solvers\linesearch\backtracking.py:35: SolverWarning:'OD0.turb.real_flow_b4bld.balance.T' exceeds upper bounds
  Val: [3026.96200101]
  Upper: [2500.]

C:\Users\MEO\Desktop\Projects\JetEngine\boomsonic_v0\.venv\Lib\site-packages\openmdao\solvers\solver.py:819: SolverWarning:Your model has stalled three times and may be violating the bounds. In the future, turn on print_bound_enforce in your solver options here: 
OD0.turb.real_flow.nonlinear_solver.linesearch.options['print_bound_enforce']=True. 
The bound(s) being violated now are:

C:\Users\MEO\Desktop\Projects\JetEngine\boomsonic_v0\.venv\Lib\site-packages\openmdao\solvers\linesearch\backtracking.py:35: SolverWarning:'OD0.turb.real_flow.balance.T' exceeds upper bounds
  Val: [3026.96200101]
  Upper: [2500.]

C:\Users\MEO\Desktop\Projects\JetEngine\boomsonic_v0\.venv\Lib\site-packages\openmdao\solvers\solver.py:819: SolverWarning:Your model has stalled three times and may be violating the bounds. In the future, turn on print_bound_enforce in your solver options here: 
OD0.turb.out_stat.nonlinear_solver.linesearch.options['print_bound_enforce']=True. 
The bound(s) being violated now are:

C:\Users\MEO\Desktop\Projects\JetEngine\boomsonic_v0\.venv\Lib\site-packages\openmdao\solvers\linesearch\backtracking.py:35: SolverWarning:'OD0.turb.out_stat.balance.T' exceeds upper bounds
  Val: [5073.68403073]
  Upper: [2500.]

C:\Users\MEO\Desktop\Projects\JetEngine\boomsonic_v0\.venv\Lib\site-packages\openmdao\solvers\linesearch\backtracking.py:39: SolverWarning:'OD0.turb.out_stat.ps_resid.MN' exceeds lower bounds
  Val: [-0.00079032]
  Lower: [0.001]

C:\Users\MEO\Desktop\Projects\JetEngine\boomsonic_v0\.venv\Lib\site-packages\openmdao\solvers\solver.py:819: SolverWarning:Your model has stalled three times and may be violating the bounds. In the future, turn on print_bound_enforce in your solver options here: 
OD0.nozz.throat_total.nonlinear_solver.linesearch.options['print_bound_enforce']=True. 
The bound(s) being violated now are:

C:\Users\MEO\Desktop\Projects\JetEngine\boomsonic_v0\.venv\Lib\site-packages\openmdao\solvers\linesearch\backtracking.py:35: SolverWarning:'OD0.nozz.throat_total.balance.T' exceeds upper bounds
  Val: [3026.96200101]
  Upper: [2500.]

C:\Users\MEO\Desktop\Projects\JetEngine\boomsonic_v0\.venv\Lib\site-packages\openmdao\solvers\solver.py:819: SolverWarning:Your model has stalled three times and may be violating the bounds. In the future, turn on print_bound_enforce in your solver options here: 
OD0.nozz.staticMN.nonlinear_solver.linesearch.options['print_bound_enforce']=True. 
The bound(s) being violated now are:

C:\Users\MEO\Desktop\Projects\JetEngine\boomsonic_v0\.venv\Lib\site-packages\openmdao\solvers\linesearch\backtracking.py:35: SolverWarning:'OD0.nozz.staticMN.balance.T' exceeds upper bounds
  Val: [4665.64151705]
  Upper: [2500.]

C:\Users\MEO\Desktop\Projects\JetEngine\boomsonic_v0\.venv\Lib\site-packages\pycycle\thermo\static_ps_resid.py:128: RuntimeWarning: invalid value encountered in sqrt
  Vsonic = (i['gamma']*i['R']*i['Ts'])**0.5
C:\Users\MEO\Desktop\Projects\JetEngine\boomsonic_v0\.venv\Lib\site-packages\pycycle\elements\turbine.py:89: RuntimeWarning: invalid value encountered in log
  outputs['eff_poly'] = 1 + (S_out-S_in)/(Rt*np.log(invPR))
C:\Users\MEO\Desktop\Projects\JetEngine\boomsonic_v0\.venv\Lib\site-packages\pycycle\thermo\static_ps_resid.py:108: RuntimeWarning: invalid value encountered in sqrt
  Vsonic = (i['gamma']*i['R']*i['Ts'])**0.5
C:\Users\MEO\Desktop\Projects\JetEngine\boomsonic_v0\.venv\Lib\site-packages\openmdao\solvers\solver.py:819: SolverWarning:Your model has stalled three times and may be violating the bounds. In the future, turn on print_bound_enforce in your solver options here: 
OD0.burner.vitiated_flow.nonlinear_solver.linesearch.options['print_bound_enforce']=True. 
The bound(s) being violated now are:

C:\Users\MEO\Desktop\Projects\JetEngine\boomsonic_v0\.venv\Lib\site-packages\openmdao\solvers\linesearch\backtracking.py:35: SolverWarning:'OD0.burner.vitiated_flow.balance.T' exceeds upper bounds
  Val: [4315.74033282]
  Upper: [2500.]

C:\Users\MEO\Desktop\Projects\JetEngine\boomsonic_v0\.venv\Lib\site-packages\pycycle\thermo\static_ps_resid.py:128: RuntimeWarning: invalid value encountered in sqrt
  Vsonic = (i['gamma']*i['R']*i['Ts'])**0.5
C:\Users\MEO\Desktop\Projects\JetEngine\boomsonic_v0\.venv\Lib\site-packages\pycycle\thermo\static_ps_resid.py:94: RuntimeWarning: invalid value encountered in sqrt
  f2 = MN - inputs['W']*(R_UNIVERSAL_SI*inputs['Ts'])**0.5/(ps_guess*1.0e6*inputs['area']*gamt**0.5)
C:\Users\MEO\Desktop\Projects\JetEngine\boomsonic_v0\.venv\Lib\site-packages\pycycle\thermo\static_ps_resid.py:99: RuntimeWarning: The iteration is not making good progress, as measured by the 
 improvement from the last ten iterations.
  ps_guess, M_guess = fsolve(equations, (ps_guess, M_guess))
C:\Users\MEO\Desktop\Projects\JetEngine\boomsonic_v0\.venv\Lib\site-packages\openmdao\solvers\solver.py:819: SolverWarning:Your model has stalled three times and may be violating the bounds. In the future, turn on print_bound_enforce in your solver options here: 
OD0.turb.real_flow_b4bld.nonlinear_solver.linesearch.options['print_bound_enforce']=True. 
The bound(s) being violated now are:

C:\Users\MEO\Desktop\Projects\JetEngine\boomsonic_v0\.venv\Lib\site-packages\openmdao\solvers\linesearch\backtracking.py:35: SolverWarning:'OD0.turb.real_flow_b4bld.balance.T' exceeds upper bounds
  Val: [3088.77214734]
  Upper: [2500.]

C:\Users\MEO\Desktop\Projects\JetEngine\boomsonic_v0\.venv\Lib\site-packages\openmdao\solvers\solver.py:819: SolverWarning:Your model has stalled three times and may be violating the bounds. In the future, turn on print_bound_enforce in your solver options here: 
OD0.turb.real_flow.nonlinear_solver.linesearch.options['print_bound_enforce']=True. 
The bound(s) being violated now are:

C:\Users\MEO\Desktop\Projects\JetEngine\boomsonic_v0\.venv\Lib\site-packages\openmdao\solvers\linesearch\backtracking.py:35: SolverWarning:'OD0.turb.real_flow.balance.T' exceeds upper bounds
  Val: [3088.77214734]
  Upper: [2500.]

C:\Users\MEO\Desktop\Projects\JetEngine\boomsonic_v0\.venv\Lib\site-packages\pycycle\thermo\static_ps_resid.py:128: RuntimeWarning: invalid value encountered in sqrt
  Vsonic = (i['gamma']*i['R']*i['Ts'])**0.5
C:\Users\MEO\Desktop\Projects\JetEngine\boomsonic_v0\.venv\Lib\site-packages\pycycle\thermo\static_ps_resid.py:94: RuntimeWarning: invalid value encountered in sqrt
  f2 = MN - inputs['W']*(R_UNIVERSAL_SI*inputs['Ts'])**0.5/(ps_guess*1.0e6*inputs['area']*gamt**0.5)
C:\Users\MEO\Desktop\Projects\JetEngine\boomsonic_v0\.venv\Lib\site-packages\pycycle\thermo\static_ps_resid.py:99: RuntimeWarning: The iteration is not making good progress, as measured by the 
 improvement from the last ten iterations.
  ps_guess, M_guess = fsolve(equations, (ps_guess, M_guess))
C:\Users\MEO\Desktop\Projects\JetEngine\boomsonic_v0\.venv\Lib\site-packages\openmdao\solvers\solver.py:819: SolverWarning:Your model has stalled three times and may be violating the bounds. In the future, turn on print_bound_enforce in your solver options here: 
OD0.nozz.throat_total.nonlinear_solver.linesearch.options['print_bound_enforce']=True. 
The bound(s) being violated now are:

C:\Users\MEO\Desktop\Projects\JetEngine\boomsonic_v0\.venv\Lib\site-packages\openmdao\solvers\linesearch\backtracking.py:35: SolverWarning:'OD0.nozz.throat_total.balance.T' exceeds upper bounds
  Val: [3088.77214734]
  Upper: [2500.]

C:\Users\MEO\Desktop\Projects\JetEngine\boomsonic_v0\.venv\Lib\site-packages\pycycle\thermo\static_ps_resid.py:108: RuntimeWarning: invalid value encountered in sqrt
  Vsonic = (i['gamma']*i['R']*i['Ts'])**0.5
C:\Users\MEO\Desktop\Projects\JetEngine\boomsonic_v0\.venv\Lib\site-packages\pycycle\thermo\static_ps_resid.py:83: RuntimeWarning: invalid value encountered in power
  ps_guess = inputs['guess:Pt'] * (1 + (gamt-1)/2 * inputs['MN']**2)**(-gamt/(gamt-1))
C:\Users\MEO\Desktop\Projects\JetEngine\boomsonic_v0\.venv\Lib\site-packages\pycycle\thermo\static_ps_calc.py:32: RuntimeWarning: invalid value encountered in sqrt
  outputs['Vsonic'] = Vsonic = np.sqrt(inputs['gamma'] * inputs['R'] * inputs['Ts'])
C:\Users\MEO\Desktop\Projects\JetEngine\boomsonic_v0\.venv\Lib\site-packages\pycycle\thermo\static_ps_resid.py:128: RuntimeWarning: invalid value encountered in sqrt
  Vsonic = (i['gamma']*i['R']*i['Ts'])**0.5
C:\Users\MEO\Desktop\Projects\JetEngine\boomsonic_v0\.venv\Lib\site-packages\pycycle\thermo\static_ps_resid.py:94: RuntimeWarning: invalid value encountered in sqrt
  f2 = MN - inputs['W']*(R_UNIVERSAL_SI*inputs['Ts'])**0.5/(ps_guess*1.0e6*inputs['area']*gamt**0.5)
C:\Users\MEO\Desktop\Projects\JetEngine\boomsonic_v0\.venv\Lib\site-packages\pycycle\thermo\static_ps_resid.py:99: RuntimeWarning: The iteration is not making good progress, as measured by the 
 improvement from the last ten iterations.
  ps_guess, M_guess = fsolve(equations, (ps_guess, M_guess))
C:\Users\MEO\Desktop\Projects\JetEngine\boomsonic_v0\.venv\Lib\site-packages\openmdao\solvers\solver.py:819: SolverWarning:Your model has stalled three times and may be violating the bounds. In the future, turn on print_bound_enforce in your solver options here: 
OD0.burner.vitiated_flow.nonlinear_solver.linesearch.options['print_bound_enforce']=True. 
The bound(s) being violated now are:

C:\Users\MEO\Desktop\Projects\JetEngine\boomsonic_v0\.venv\Lib\site-packages\openmdao\solvers\linesearch\backtracking.py:35: SolverWarning:'OD0.burner.vitiated_flow.balance.T' exceeds upper bounds
  Val: [4315.74033282]
  Upper: [2500.]

C:\Users\MEO\Desktop\Projects\JetEngine\boomsonic_v0\.venv\Lib\site-packages\pycycle\thermo\static_ps_resid.py:128: RuntimeWarning: invalid value encountered in sqrt
  Vsonic = (i['gamma']*i['R']*i['Ts'])**0.5
C:\Users\MEO\Desktop\Projects\JetEngine\boomsonic_v0\.venv\Lib\site-packages\pycycle\thermo\static_ps_resid.py:94: RuntimeWarning: invalid value encountered in sqrt
  f2 = MN - inputs['W']*(R_UNIVERSAL_SI*inputs['Ts'])**0.5/(ps_guess*1.0e6*inputs['area']*gamt**0.5)
C:\Users\MEO\Desktop\Projects\JetEngine\boomsonic_v0\.venv\Lib\site-packages\pycycle\thermo\static_ps_resid.py:99: RuntimeWarning: The iteration is not making good progress, as measured by the 
 improvement from the last ten iterations.
  ps_guess, M_guess = fsolve(equations, (ps_guess, M_guess))
C:\Users\MEO\Desktop\Projects\JetEngine\boomsonic_v0\.venv\Lib\site-packages\openmdao\solvers\solver.py:819: SolverWarning:Your model has stalled three times and may be violating the bounds. In the future, turn on print_bound_enforce in your solver options here: 
OD0.turb.real_flow_b4bld.nonlinear_solver.linesearch.options['print_bound_enforce']=True. 
The bound(s) being violated now are:

C:\Users\MEO\Desktop\Projects\JetEngine\boomsonic_v0\.venv\Lib\site-packages\openmdao\solvers\linesearch\backtracking.py:35: SolverWarning:'OD0.turb.real_flow_b4bld.balance.T' exceeds upper bounds
  Val: [3088.77214734]
  Upper: [2500.]

C:\Users\MEO\Desktop\Projects\JetEngine\boomsonic_v0\.venv\Lib\site-packages\openmdao\solvers\solver.py:819: SolverWarning:Your model has stalled three times and may be violating the bounds. In the future, turn on print_bound_enforce in your solver options here: 
OD0.turb.real_flow.nonlinear_solver.linesearch.options['print_bound_enforce']=True. 
The bound(s) being violated now are:

C:\Users\MEO\Desktop\Projects\JetEngine\boomsonic_v0\.venv\Lib\site-packages\openmdao\solvers\linesearch\backtracking.py:35: SolverWarning:'OD0.turb.real_flow.balance.T' exceeds upper bounds
  Val: [3088.77214734]
  Upper: [2500.]

C:\Users\MEO\Desktop\Projects\JetEngine\boomsonic_v0\.venv\Lib\site-packages\pycycle\thermo\static_ps_resid.py:128: RuntimeWarning: invalid value encountered in sqrt
  Vsonic = (i['gamma']*i['R']*i['Ts'])**0.5
C:\Users\MEO\Desktop\Projects\JetEngine\boomsonic_v0\.venv\Lib\site-packages\pycycle\thermo\static_ps_resid.py:94: RuntimeWarning: invalid value encountered in sqrt
  f2 = MN - inputs['W']*(R_UNIVERSAL_SI*inputs['Ts'])**0.5/(ps_guess*1.0e6*inputs['area']*gamt**0.5)
C:\Users\MEO\Desktop\Projects\JetEngine\boomsonic_v0\.venv\Lib\site-packages\pycycle\thermo\static_ps_resid.py:99: RuntimeWarning: The iteration is not making good progress, as measured by the 
 improvement from the last ten iterations.
  ps_guess, M_guess = fsolve(equations, (ps_guess, M_guess))
C:\Users\MEO\Desktop\Projects\JetEngine\boomsonic_v0\.venv\Lib\site-packages\openmdao\solvers\solver.py:819: SolverWarning:Your model has stalled three times and may be violating the bounds. In the future, turn on print_bound_enforce in your solver options here: 
OD0.nozz.throat_total.nonlinear_solver.linesearch.options['print_bound_enforce']=True. 
The bound(s) being violated now are:

C:\Users\MEO\Desktop\Projects\JetEngine\boomsonic_v0\.venv\Lib\site-packages\openmdao\solvers\linesearch\backtracking.py:35: SolverWarning:'OD0.nozz.throat_total.balance.T' exceeds upper bounds
  Val: [3088.77214734]
  Upper: [2500.]

C:\Users\MEO\Desktop\Projects\JetEngine\boomsonic_v0\.venv\Lib\site-packages\pycycle\thermo\static_ps_resid.py:108: RuntimeWarning: invalid value encountered in sqrt
  Vsonic = (i['gamma']*i['R']*i['Ts'])**0.5
C:\Users\MEO\Desktop\Projects\JetEngine\boomsonic_v0\.venv\Lib\site-packages\pycycle\thermo\static_ps_resid.py:83: RuntimeWarning: invalid value encountered in power
  ps_guess = inputs['guess:Pt'] * (1 + (gamt-1)/2 * inputs['MN']**2)**(-gamt/(gamt-1))
C:\Users\MEO\Desktop\Projects\JetEngine\boomsonic_v0\.venv\Lib\site-packages\pycycle\thermo\static_ps_calc.py:32: RuntimeWarning: invalid value encountered in sqrt
  outputs['Vsonic'] = Vsonic = np.sqrt(inputs['gamma'] * inputs['R'] * inputs['Ts'])
C:\Users\MEO\Desktop\Projects\JetEngine\boomsonic_v0\.venv\Lib\site-packages\pycycle\thermo\static_ps_resid.py:128: RuntimeWarning: invalid value encountered in sqrt
  Vsonic = (i['gamma']*i['R']*i['Ts'])**0.5
C:\Users\MEO\Desktop\Projects\JetEngine\boomsonic_v0\.venv\Lib\site-packages\pycycle\thermo\static_ps_resid.py:94: RuntimeWarning: invalid value encountered in sqrt
  f2 = MN - inputs['W']*(R_UNIVERSAL_SI*inputs['Ts'])**0.5/(ps_guess*1.0e6*inputs['area']*gamt**0.5)
C:\Users\MEO\Desktop\Projects\JetEngine\boomsonic_v0\.venv\Lib\site-packages\pycycle\thermo\static_ps_resid.py:99: RuntimeWarning: The iteration is not making good progress, as measured by the 
 improvement from the last ten iterations.
  ps_guess, M_guess = fsolve(equations, (ps_guess, M_guess))
C:\Users\MEO\Desktop\Projects\JetEngine\boomsonic_v0\.venv\Lib\site-packages\openmdao\solvers\solver.py:819: SolverWarning:Your model has stalled three times and may be violating the bounds. In the future, turn on print_bound_enforce in your solver options here: 
OD0.burner.vitiated_flow.nonlinear_solver.linesearch.options['print_bound_enforce']=True. 
The bound(s) being violated now are:

C:\Users\MEO\Desktop\Projects\JetEngine\boomsonic_v0\.venv\Lib\site-packages\openmdao\solvers\linesearch\backtracking.py:35: SolverWarning:'OD0.burner.vitiated_flow.balance.T' exceeds upper bounds
  Val: [4315.74033282]
  Upper: [2500.]

C:\Users\MEO\Desktop\Projects\JetEngine\boomsonic_v0\.venv\Lib\site-packages\pycycle\thermo\static_ps_resid.py:128: RuntimeWarning: invalid value encountered in sqrt
  Vsonic = (i['gamma']*i['R']*i['Ts'])**0.5
C:\Users\MEO\Desktop\Projects\JetEngine\boomsonic_v0\.venv\Lib\site-packages\pycycle\thermo\static_ps_resid.py:94: RuntimeWarning: invalid value encountered in sqrt
  f2 = MN - inputs['W']*(R_UNIVERSAL_SI*inputs['Ts'])**0.5/(ps_guess*1.0e6*inputs['area']*gamt**0.5)
C:\Users\MEO\Desktop\Projects\JetEngine\boomsonic_v0\.venv\Lib\site-packages\pycycle\thermo\static_ps_resid.py:99: RuntimeWarning: The iteration is not making good progress, as measured by the 
 improvement from the last ten iterations.
  ps_guess, M_guess = fsolve(equations, (ps_guess, M_guess))
C:\Users\MEO\Desktop\Projects\JetEngine\boomsonic_v0\.venv\Lib\site-packages\openmdao\solvers\solver.py:819: SolverWarning:Your model has stalled three times and may be violating the bounds. In the future, turn on print_bound_enforce in your solver options here: 
OD0.turb.real_flow_b4bld.nonlinear_solver.linesearch.options['print_bound_enforce']=True. 
The bound(s) being violated now are:

C:\Users\MEO\Desktop\Projects\JetEngine\boomsonic_v0\.venv\Lib\site-packages\openmdao\solvers\linesearch\backtracking.py:35: SolverWarning:'OD0.turb.real_flow_b4bld.balance.T' exceeds upper bounds
  Val: [3088.77214734]
  Upper: [2500.]

C:\Users\MEO\Desktop\Projects\JetEngine\boomsonic_v0\.venv\Lib\site-packages\openmdao\solvers\solver.py:819: SolverWarning:Your model has stalled three times and may be violating the bounds. In the future, turn on print_bound_enforce in your solver options here: 
OD0.turb.real_flow.nonlinear_solver.linesearch.options['print_bound_enforce']=True. 
The bound(s) being violated now are:

C:\Users\MEO\Desktop\Projects\JetEngine\boomsonic_v0\.venv\Lib\site-packages\openmdao\solvers\linesearch\backtracking.py:35: SolverWarning:'OD0.turb.real_flow.balance.T' exceeds upper bounds
  Val: [3088.77214734]
  Upper: [2500.]

C:\Users\MEO\Desktop\Projects\JetEngine\boomsonic_v0\.venv\Lib\site-packages\pycycle\thermo\static_ps_resid.py:128: RuntimeWarning: invalid value encountered in sqrt
  Vsonic = (i['gamma']*i['R']*i['Ts'])**0.5
C:\Users\MEO\Desktop\Projects\JetEngine\boomsonic_v0\.venv\Lib\site-packages\pycycle\thermo\static_ps_resid.py:94: RuntimeWarning: invalid value encountered in sqrt
  f2 = MN - inputs['W']*(R_UNIVERSAL_SI*inputs['Ts'])**0.5/(ps_guess*1.0e6*inputs['area']*gamt**0.5)
C:\Users\MEO\Desktop\Projects\JetEngine\boomsonic_v0\.venv\Lib\site-packages\pycycle\thermo\static_ps_resid.py:99: RuntimeWarning: The iteration is not making good progress, as measured by the 
 improvement from the last ten iterations.
  ps_guess, M_guess = fsolve(equations, (ps_guess, M_guess))
C:\Users\MEO\Desktop\Projects\JetEngine\boomsonic_v0\.venv\Lib\site-packages\openmdao\solvers\solver.py:819: SolverWarning:Your model has stalled three times and may be violating the bounds. In the future, turn on print_bound_enforce in your solver options here: 
OD0.nozz.throat_total.nonlinear_solver.linesearch.options['print_bound_enforce']=True. 
The bound(s) being violated now are:

C:\Users\MEO\Desktop\Projects\JetEngine\boomsonic_v0\.venv\Lib\site-packages\openmdao\solvers\linesearch\backtracking.py:35: SolverWarning:'OD0.nozz.throat_total.balance.T' exceeds upper bounds
  Val: [3088.77214734]
  Upper: [2500.]

C:\Users\MEO\Desktop\Projects\JetEngine\boomsonic_v0\.venv\Lib\site-packages\pycycle\thermo\static_ps_resid.py:108: RuntimeWarning: invalid value encountered in sqrt
  Vsonic = (i['gamma']*i['R']*i['Ts'])**0.5
C:\Users\MEO\Desktop\Projects\JetEngine\boomsonic_v0\.venv\Lib\site-packages\pycycle\thermo\static_ps_resid.py:83: RuntimeWarning: invalid value encountered in power
  ps_guess = inputs['guess:Pt'] * (1 + (gamt-1)/2 * inputs['MN']**2)**(-gamt/(gamt-1))
C:\Users\MEO\Desktop\Projects\JetEngine\boomsonic_v0\.venv\Lib\site-packages\pycycle\thermo\static_ps_calc.py:32: RuntimeWarning: invalid value encountered in sqrt
  outputs['Vsonic'] = Vsonic = np.sqrt(inputs['gamma'] * inputs['R'] * inputs['Ts'])
C:\Users\MEO\Desktop\Projects\JetEngine\boomsonic_v0\.venv\Lib\site-packages\pycycle\thermo\static_ps_resid.py:128: RuntimeWarning: invalid value encountered in sqrt
  Vsonic = (i['gamma']*i['R']*i['Ts'])**0.5
C:\Users\MEO\Desktop\Projects\JetEngine\boomsonic_v0\.venv\Lib\site-packages\pycycle\thermo\static_ps_resid.py:94: RuntimeWarning: invalid value encountered in sqrt
  f2 = MN - inputs['W']*(R_UNIVERSAL_SI*inputs['Ts'])**0.5/(ps_guess*1.0e6*inputs['area']*gamt**0.5)
C:\Users\MEO\Desktop\Projects\JetEngine\boomsonic_v0\.venv\Lib\site-packages\pycycle\thermo\static_ps_resid.py:99: RuntimeWarning: The iteration is not making good progress, as measured by the 
 improvement from the last ten iterations.
  ps_guess, M_guess = fsolve(equations, (ps_guess, M_guess))
C:\Users\MEO\Desktop\Projects\JetEngine\boomsonic_v0\.venv\Lib\site-packages\pycycle\thermo\static_ps_resid.py:128: RuntimeWarning: invalid value encountered in sqrt
  Vsonic = (i['gamma']*i['R']*i['Ts'])**0.5
C:\Users\MEO\Desktop\Projects\JetEngine\boomsonic_v0\.venv\Lib\site-packages\pycycle\thermo\static_ps_resid.py:128: RuntimeWarning: invalid value encountered in sqrt
  Vsonic = (i['gamma']*i['R']*i['Ts'])**0.5
C:\Users\MEO\Desktop\Projects\JetEngine\boomsonic_v0\.venv\Lib\site-packages\pycycle\thermo\static_ps_resid.py:108: RuntimeWarning: invalid value encountered in sqrt
  Vsonic = (i['gamma']*i['R']*i['Ts'])**0.5
C:\Users\MEO\Desktop\Projects\JetEngine\boomsonic_v0\.venv\Lib\site-packages\openmdao\solvers\solver.py:819: SolverWarning:Your model has stalled three times and may be violating the bounds. In the future, turn on print_bound_enforce in your solver options here: 
OD0.burner.vitiated_flow.nonlinear_solver.linesearch.options['print_bound_enforce']=True. 
The bound(s) being violated now are:

C:\Users\MEO\Desktop\Projects\JetEngine\boomsonic_v0\.venv\Lib\site-packages\openmdao\solvers\linesearch\backtracking.py:35: SolverWarning:'OD0.burner.vitiated_flow.balance.T' exceeds upper bounds
  Val: [2873.81927191]
  Upper: [2500.]

C:\Users\MEO\Desktop\Projects\JetEngine\boomsonic_v0\.venv\Lib\site-packages\openmdao\solvers\solver.py:819: SolverWarning:Your model has stalled three times and may be violating the bounds. In the future, turn on print_bound_enforce in your solver options here: 
OD0.burner.out_stat.nonlinear_solver.linesearch.options['print_bound_enforce']=True. 
The bound(s) being violated now are:

C:\Users\MEO\Desktop\Projects\JetEngine\boomsonic_v0\.venv\Lib\site-packages\openmdao\solvers\linesearch\backtracking.py:35: SolverWarning:'OD0.burner.out_stat.balance.T' exceeds upper bounds
  Val: [3110.95130992]
  Upper: [2500.]

C:\Users\MEO\Desktop\Projects\JetEngine\boomsonic_v0\.venv\Lib\site-packages\openmdao\solvers\solver.py:819: SolverWarning:Your model has stalled three times and may be violating the bounds. In the future, turn on print_bound_enforce in your solver options here: 
OD0.turb.real_flow_b4bld.nonlinear_solver.linesearch.options['print_bound_enforce']=True. 
The bound(s) being violated now are:

C:\Users\MEO\Desktop\Projects\JetEngine\boomsonic_v0\.venv\Lib\site-packages\openmdao\solvers\linesearch\backtracking.py:35: SolverWarning:'OD0.turb.real_flow_b4bld.balance.T' exceeds upper bounds
  Val: [2691.17905453]
  Upper: [2500.]

C:\Users\MEO\Desktop\Projects\JetEngine\boomsonic_v0\.venv\Lib\site-packages\openmdao\solvers\solver.py:819: SolverWarning:Your model has stalled three times and may be violating the bounds. In the future, turn on print_bound_enforce in your solver options here: 
OD0.turb.real_flow.nonlinear_solver.linesearch.options['print_bound_enforce']=True. 
The bound(s) being violated now are:

C:\Users\MEO\Desktop\Projects\JetEngine\boomsonic_v0\.venv\Lib\site-packages\openmdao\solvers\linesearch\backtracking.py:35: SolverWarning:'OD0.turb.real_flow.balance.T' exceeds upper bounds
  Val: [2691.17905453]
  Upper: [2500.]

C:\Users\MEO\Desktop\Projects\JetEngine\boomsonic_v0\.venv\Lib\site-packages\openmdao\solvers\solver.py:819: SolverWarning:Your model has stalled three times and may be violating the bounds. In the future, turn on print_bound_enforce in your solver options here: 
OD0.turb.out_stat.nonlinear_solver.linesearch.options['print_bound_enforce']=True. 
The bound(s) being violated now are:

C:\Users\MEO\Desktop\Projects\JetEngine\boomsonic_v0\.venv\Lib\site-packages\openmdao\solvers\linesearch\backtracking.py:35: SolverWarning:'OD0.turb.out_stat.balance.T' exceeds upper bounds
  Val: [2789.20481275]
  Upper: [2500.]

C:\Users\MEO\Desktop\Projects\JetEngine\boomsonic_v0\.venv\Lib\site-packages\openmdao\solvers\solver.py:819: SolverWarning:Your model has stalled three times and may be violating the bounds. In the future, turn on print_bound_enforce in your solver options here: 
OD0.nozz.throat_total.nonlinear_solver.linesearch.options['print_bound_enforce']=True. 
The bound(s) being violated now are:

C:\Users\MEO\Desktop\Projects\JetEngine\boomsonic_v0\.venv\Lib\site-packages\openmdao\solvers\linesearch\backtracking.py:35: SolverWarning:'OD0.nozz.throat_total.balance.T' exceeds upper bounds
  Val: [2691.17905453]
  Upper: [2500.]

C:\Users\MEO\Desktop\Projects\JetEngine\boomsonic_v0\.venv\Lib\site-packages\openmdao\solvers\solver.py:819: SolverWarning:Your model has stalled three times and may be violating the bounds. In the future, turn on print_bound_enforce in your solver options here: 
OD0.nozz.staticMN.nonlinear_solver.linesearch.options['print_bound_enforce']=True. 
The bound(s) being violated now are:

C:\Users\MEO\Desktop\Projects\JetEngine\boomsonic_v0\.venv\Lib\site-packages\openmdao\solvers\linesearch\backtracking.py:35: SolverWarning:'OD0.nozz.staticMN.balance.T' exceeds upper bounds
  Val: [2605.47289831]
  Upper: [2500.]

C:\Users\MEO\Desktop\Projects\JetEngine\boomsonic_v0\.venv\Lib\site-packages\openmdao\solvers\solver.py:819: SolverWarning:Your model has stalled three times and may be violating the bounds. In the future, turn on print_bound_enforce in your solver options here: 
OD0.nozz.staticMN.nonlinear_solver.linesearch.options['print_bound_enforce']=True. 
The bound(s) being violated now are:

C:\Users\MEO\Desktop\Projects\JetEngine\boomsonic_v0\.venv\Lib\site-packages\openmdao\solvers\linesearch\backtracking.py:35: SolverWarning:'OD0.nozz.staticMN.balance.T' exceeds upper bounds
  Val: [2605.47289831]
  Upper: [2500.]

C:\Users\MEO\Desktop\Projects\JetEngine\boomsonic_v0\.venv\Lib\site-packages\pycycle\thermo\static_ps_resid.py:128: RuntimeWarning: invalid value encountered in sqrt
  Vsonic = (i['gamma']*i['R']*i['Ts'])**0.5
C:\Users\MEO\Desktop\Projects\JetEngine\boomsonic_v0\.venv\Lib\site-packages\pycycle\elements\turbine.py:89: RuntimeWarning: invalid value encountered in log
  outputs['eff_poly'] = 1 + (S_out-S_in)/(Rt*np.log(invPR))
C:\Users\MEO\Desktop\Projects\JetEngine\boomsonic_v0\.venv\Lib\site-packages\pycycle\thermo\static_ps_resid.py:108: RuntimeWarning: invalid value encountered in sqrt
  Vsonic = (i['gamma']*i['R']*i['Ts'])**0.5
C:\Users\MEO\Desktop\Projects\JetEngine\boomsonic_v0\.venv\Lib\site-packages\pycycle\thermo\static_ps_calc.py:32: RuntimeWarning: invalid value encountered in sqrt
  outputs['Vsonic'] = Vsonic = np.sqrt(inputs['gamma'] * inputs['R'] * inputs['Ts'])
C:\Users\MEO\Desktop\Projects\JetEngine\boomsonic_v0\.venv\Lib\site-packages\openmdao\solvers\solver.py:819: SolverWarning:Your model has stalled three times and may be violating the bounds. In the future, turn on print_bound_enforce in your solver options here: 
OD0.burner.vitiated_flow.nonlinear_solver.linesearch.options['print_bound_enforce']=True. 
The bound(s) being violated now are:

C:\Users\MEO\Desktop\Projects\JetEngine\boomsonic_v0\.venv\Lib\site-packages\openmdao\solvers\linesearch\backtracking.py:35: SolverWarning:'OD0.burner.vitiated_flow.balance.T' exceeds upper bounds
  Val: [4289.93431273]
  Upper: [2500.]

C:\Users\MEO\Desktop\Projects\JetEngine\boomsonic_v0\.venv\Lib\site-packages\pycycle\thermo\static_ps_resid.py:128: RuntimeWarning: invalid value encountered in sqrt
  Vsonic = (i['gamma']*i['R']*i['Ts'])**0.5
C:\Users\MEO\Desktop\Projects\JetEngine\boomsonic_v0\.venv\Lib\site-packages\pycycle\thermo\static_ps_resid.py:98: RuntimeWarning: invalid value encountered in power
  ps_guess = inputs['guess:Pt'] * (1 + (gamt-1)/2 * M_guess**2)**(-gamt/(gamt-1))
C:\Users\MEO\Desktop\Projects\JetEngine\boomsonic_v0\.venv\Lib\site-packages\pycycle\thermo\static_ps_resid.py:93: RuntimeWarning: invalid value encountered in power
  f1 = ps - inputs['guess:Pt'] * (1 + (gamt-1)/2 * M_guess**2)**(-gamt/(gamt-1))
C:\Users\MEO\Desktop\Projects\JetEngine\boomsonic_v0\.venv\Lib\site-packages\pycycle\thermo\static_ps_resid.py:94: RuntimeWarning: invalid value encountered in sqrt
  f2 = MN - inputs['W']*(R_UNIVERSAL_SI*inputs['Ts'])**0.5/(ps_guess*1.0e6*inputs['area']*gamt**0.5)
C:\Users\MEO\Desktop\Projects\JetEngine\boomsonic_v0\.venv\Lib\site-packages\pycycle\thermo\static_ps_resid.py:99: RuntimeWarning: The iteration is not making good progress, as measured by the 
 improvement from the last ten iterations.
  ps_guess, M_guess = fsolve(equations, (ps_guess, M_guess))
C:\Users\MEO\Desktop\Projects\JetEngine\boomsonic_v0\.venv\Lib\site-packages\pycycle\thermo\static_ps_resid.py:128: RuntimeWarning: invalid value encountered in sqrt
  Vsonic = (i['gamma']*i['R']*i['Ts'])**0.5
C:\Users\MEO\Desktop\Projects\JetEngine\boomsonic_v0\.venv\Lib\site-packages\openmdao\solvers\solver.py:819: SolverWarning:Your model has stalled three times and may be violating the bounds. In the future, turn on print_bound_enforce in your solver options here: 
OD0.turb.real_flow_b4bld.nonlinear_solver.linesearch.options['print_bound_enforce']=True. 
The bound(s) being violated now are:

C:\Users\MEO\Desktop\Projects\JetEngine\boomsonic_v0\.venv\Lib\site-packages\openmdao\solvers\linesearch\backtracking.py:35: SolverWarning:'OD0.turb.real_flow_b4bld.balance.T' exceeds upper bounds
  Val: [3080.29142111]
  Upper: [2500.]

C:\Users\MEO\Desktop\Projects\JetEngine\boomsonic_v0\.venv\Lib\site-packages\openmdao\solvers\solver.py:819: SolverWarning:Your model has stalled three times and may be violating the bounds. In the future, turn on print_bound_enforce in your solver options here: 
OD0.turb.real_flow.nonlinear_solver.linesearch.options['print_bound_enforce']=True. 
The bound(s) being violated now are:

C:\Users\MEO\Desktop\Projects\JetEngine\boomsonic_v0\.venv\Lib\site-packages\openmdao\solvers\linesearch\backtracking.py:35: SolverWarning:'OD0.turb.real_flow.balance.T' exceeds upper bounds
  Val: [3080.29142111]
  Upper: [2500.]

C:\Users\MEO\Desktop\Projects\JetEngine\boomsonic_v0\.venv\Lib\site-packages\pycycle\thermo\static_ps_resid.py:128: RuntimeWarning: invalid value encountered in sqrt
  Vsonic = (i['gamma']*i['R']*i['Ts'])**0.5
C:\Users\MEO\Desktop\Projects\JetEngine\boomsonic_v0\.venv\Lib\site-packages\pycycle\thermo\static_ps_resid.py:98: RuntimeWarning: invalid value encountered in power
  ps_guess = inputs['guess:Pt'] * (1 + (gamt-1)/2 * M_guess**2)**(-gamt/(gamt-1))
C:\Users\MEO\Desktop\Projects\JetEngine\boomsonic_v0\.venv\Lib\site-packages\pycycle\thermo\static_ps_resid.py:93: RuntimeWarning: invalid value encountered in power
  f1 = ps - inputs['guess:Pt'] * (1 + (gamt-1)/2 * M_guess**2)**(-gamt/(gamt-1))
C:\Users\MEO\Desktop\Projects\JetEngine\boomsonic_v0\.venv\Lib\site-packages\pycycle\thermo\static_ps_resid.py:94: RuntimeWarning: invalid value encountered in sqrt
  f2 = MN - inputs['W']*(R_UNIVERSAL_SI*inputs['Ts'])**0.5/(ps_guess*1.0e6*inputs['area']*gamt**0.5)
C:\Users\MEO\Desktop\Projects\JetEngine\boomsonic_v0\.venv\Lib\site-packages\pycycle\thermo\static_ps_resid.py:99: RuntimeWarning: The iteration is not making good progress, as measured by the 
 improvement from the last ten iterations.
  ps_guess, M_guess = fsolve(equations, (ps_guess, M_guess))
C:\Users\MEO\Desktop\Projects\JetEngine\boomsonic_v0\.venv\Lib\site-packages\openmdao\solvers\solver.py:819: SolverWarning:Your model has stalled three times and may be violating the bounds. In the future, turn on print_bound_enforce in your solver options here: 
OD0.nozz.throat_total.nonlinear_solver.linesearch.options['print_bound_enforce']=True. 
The bound(s) being violated now are:

C:\Users\MEO\Desktop\Projects\JetEngine\boomsonic_v0\.venv\Lib\site-packages\openmdao\solvers\linesearch\backtracking.py:35: SolverWarning:'OD0.nozz.throat_total.balance.T' exceeds upper bounds
  Val: [3080.29142111]
  Upper: [2500.]

C:\Users\MEO\Desktop\Projects\JetEngine\boomsonic_v0\.venv\Lib\site-packages\pycycle\thermo\static_ps_resid.py:108: RuntimeWarning: invalid value encountered in sqrt
  Vsonic = (i['gamma']*i['R']*i['Ts'])**0.5
C:\Users\MEO\Desktop\Projects\JetEngine\boomsonic_v0\.venv\Lib\site-packages\pycycle\thermo\static_ps_resid.py:83: RuntimeWarning: invalid value encountered in power
  ps_guess = inputs['guess:Pt'] * (1 + (gamt-1)/2 * inputs['MN']**2)**(-gamt/(gamt-1))
C:\Users\MEO\Desktop\Projects\JetEngine\boomsonic_v0\.venv\Lib\site-packages\pycycle\thermo\static_ps_resid.py:108: RuntimeWarning: invalid value encountered in sqrt
  Vsonic = (i['gamma']*i['R']*i['Ts'])**0.5
C:\Users\MEO\Desktop\Projects\JetEngine\boomsonic_v0\.venv\Lib\site-packages\pycycle\thermo\static_ps_calc.py:32: RuntimeWarning: invalid value encountered in sqrt
  outputs['Vsonic'] = Vsonic = np.sqrt(inputs['gamma'] * inputs['R'] * inputs['Ts'])
C:\Users\MEO\Desktop\Projects\JetEngine\boomsonic_v0\.venv\Lib\site-packages\pycycle\thermo\static_ps_resid.py:128: RuntimeWarning: invalid value encountered in sqrt
  Vsonic = (i['gamma']*i['R']*i['Ts'])**0.5
C:\Users\MEO\Desktop\Projects\JetEngine\boomsonic_v0\.venv\Lib\site-packages\pycycle\thermo\static_ps_resid.py:98: RuntimeWarning: invalid value encountered in power
  ps_guess = inputs['guess:Pt'] * (1 + (gamt-1)/2 * M_guess**2)**(-gamt/(gamt-1))
C:\Users\MEO\Desktop\Projects\JetEngine\boomsonic_v0\.venv\Lib\site-packages\pycycle\thermo\static_ps_resid.py:93: RuntimeWarning: invalid value encountered in power
  f1 = ps - inputs['guess:Pt'] * (1 + (gamt-1)/2 * M_guess**2)**(-gamt/(gamt-1))
C:\Users\MEO\Desktop\Projects\JetEngine\boomsonic_v0\.venv\Lib\site-packages\pycycle\thermo\static_ps_resid.py:94: RuntimeWarning: invalid value encountered in sqrt
  f2 = MN - inputs['W']*(R_UNIVERSAL_SI*inputs['Ts'])**0.5/(ps_guess*1.0e6*inputs['area']*gamt**0.5)
C:\Users\MEO\Desktop\Projects\JetEngine\boomsonic_v0\.venv\Lib\site-packages\pycycle\thermo\static_ps_resid.py:99: RuntimeWarning: The iteration is not making good progress, as measured by the 
 improvement from the last ten iterations.
  ps_guess, M_guess = fsolve(equations, (ps_guess, M_guess))
C:\Users\MEO\Desktop\Projects\JetEngine\boomsonic_v0\.venv\Lib\site-packages\pycycle\thermo\static_ps_resid.py:83: RuntimeWarning: invalid value encountered in power
  ps_guess = inputs['guess:Pt'] * (1 + (gamt-1)/2 * inputs['MN']**2)**(-gamt/(gamt-1))
C:\Users\MEO\Desktop\Projects\JetEngine\boomsonic_v0\.venv\Lib\site-packages\openmdao\solvers\solver.py:819: SolverWarning:Your model has stalled three times and may be violating the bounds. In the future, turn on print_bound_enforce in your solver options here: 
OD0.burner.vitiated_flow.nonlinear_solver.linesearch.options['print_bound_enforce']=True. 
The bound(s) being violated now are:

C:\Users\MEO\Desktop\Projects\JetEngine\boomsonic_v0\.venv\Lib\site-packages\openmdao\solvers\linesearch\backtracking.py:35: SolverWarning:'OD0.burner.vitiated_flow.balance.T' exceeds upper bounds
  Val: [4289.93431273]
  Upper: [2500.]

C:\Users\MEO\Desktop\Projects\JetEngine\boomsonic_v0\.venv\Lib\site-packages\pycycle\thermo\static_ps_resid.py:128: RuntimeWarning: invalid value encountered in sqrt
  Vsonic = (i['gamma']*i['R']*i['Ts'])**0.5
C:\Users\MEO\Desktop\Projects\JetEngine\boomsonic_v0\.venv\Lib\site-packages\pycycle\thermo\static_ps_resid.py:98: RuntimeWarning: invalid value encountered in power
  ps_guess = inputs['guess:Pt'] * (1 + (gamt-1)/2 * M_guess**2)**(-gamt/(gamt-1))
C:\Users\MEO\Desktop\Projects\JetEngine\boomsonic_v0\.venv\Lib\site-packages\pycycle\thermo\static_ps_resid.py:93: RuntimeWarning: invalid value encountered in power
  f1 = ps - inputs['guess:Pt'] * (1 + (gamt-1)/2 * M_guess**2)**(-gamt/(gamt-1))
C:\Users\MEO\Desktop\Projects\JetEngine\boomsonic_v0\.venv\Lib\site-packages\pycycle\thermo\static_ps_resid.py:94: RuntimeWarning: invalid value encountered in sqrt
  f2 = MN - inputs['W']*(R_UNIVERSAL_SI*inputs['Ts'])**0.5/(ps_guess*1.0e6*inputs['area']*gamt**0.5)
C:\Users\MEO\Desktop\Projects\JetEngine\boomsonic_v0\.venv\Lib\site-packages\pycycle\thermo\static_ps_resid.py:99: RuntimeWarning: The iteration is not making good progress, as measured by the 
 improvement from the last ten iterations.
  ps_guess, M_guess = fsolve(equations, (ps_guess, M_guess))
C:\Users\MEO\Desktop\Projects\JetEngine\boomsonic_v0\.venv\Lib\site-packages\openmdao\solvers\solver.py:819: SolverWarning:Your model has stalled three times and may be violating the bounds. In the future, turn on print_bound_enforce in your solver options here: 
OD0.turb.real_flow_b4bld.nonlinear_solver.linesearch.options['print_bound_enforce']=True. 
The bound(s) being violated now are:

C:\Users\MEO\Desktop\Projects\JetEngine\boomsonic_v0\.venv\Lib\site-packages\openmdao\solvers\linesearch\backtracking.py:35: SolverWarning:'OD0.turb.real_flow_b4bld.balance.T' exceeds upper bounds
  Val: [3080.29142111]
  Upper: [2500.]

C:\Users\MEO\Desktop\Projects\JetEngine\boomsonic_v0\.venv\Lib\site-packages\openmdao\solvers\solver.py:819: SolverWarning:Your model has stalled three times and may be violating the bounds. In the future, turn on print_bound_enforce in your solver options here: 
OD0.turb.real_flow.nonlinear_solver.linesearch.options['print_bound_enforce']=True. 
The bound(s) being violated now are:

C:\Users\MEO\Desktop\Projects\JetEngine\boomsonic_v0\.venv\Lib\site-packages\openmdao\solvers\linesearch\backtracking.py:35: SolverWarning:'OD0.turb.real_flow.balance.T' exceeds upper bounds
  Val: [3080.29142111]
  Upper: [2500.]

C:\Users\MEO\Desktop\Projects\JetEngine\boomsonic_v0\.venv\Lib\site-packages\pycycle\thermo\static_ps_resid.py:128: RuntimeWarning: invalid value encountered in sqrt
  Vsonic = (i['gamma']*i['R']*i['Ts'])**0.5
C:\Users\MEO\Desktop\Projects\JetEngine\boomsonic_v0\.venv\Lib\site-packages\pycycle\thermo\static_ps_resid.py:98: RuntimeWarning: invalid value encountered in power
  ps_guess = inputs['guess:Pt'] * (1 + (gamt-1)/2 * M_guess**2)**(-gamt/(gamt-1))
C:\Users\MEO\Desktop\Projects\JetEngine\boomsonic_v0\.venv\Lib\site-packages\pycycle\thermo\static_ps_resid.py:93: RuntimeWarning: invalid value encountered in power
  f1 = ps - inputs['guess:Pt'] * (1 + (gamt-1)/2 * M_guess**2)**(-gamt/(gamt-1))
C:\Users\MEO\Desktop\Projects\JetEngine\boomsonic_v0\.venv\Lib\site-packages\pycycle\thermo\static_ps_resid.py:94: RuntimeWarning: invalid value encountered in sqrt
  f2 = MN - inputs['W']*(R_UNIVERSAL_SI*inputs['Ts'])**0.5/(ps_guess*1.0e6*inputs['area']*gamt**0.5)
C:\Users\MEO\Desktop\Projects\JetEngine\boomsonic_v0\.venv\Lib\site-packages\pycycle\thermo\static_ps_resid.py:99: RuntimeWarning: The iteration is not making good progress, as measured by the 
 improvement from the last ten iterations.
  ps_guess, M_guess = fsolve(equations, (ps_guess, M_guess))
C:\Users\MEO\Desktop\Projects\JetEngine\boomsonic_v0\.venv\Lib\site-packages\openmdao\solvers\solver.py:819: SolverWarning:Your model has stalled three times and may be violating the bounds. In the future, turn on print_bound_enforce in your solver options here: 
OD0.nozz.throat_total.nonlinear_solver.linesearch.options['print_bound_enforce']=True. 
The bound(s) being violated now are:

C:\Users\MEO\Desktop\Projects\JetEngine\boomsonic_v0\.venv\Lib\site-packages\openmdao\solvers\linesearch\backtracking.py:35: SolverWarning:'OD0.nozz.throat_total.balance.T' exceeds upper bounds
  Val: [3080.29142111]
  Upper: [2500.]

C:\Users\MEO\Desktop\Projects\JetEngine\boomsonic_v0\.venv\Lib\site-packages\pycycle\thermo\static_ps_resid.py:108: RuntimeWarning: invalid value encountered in sqrt
  Vsonic = (i['gamma']*i['R']*i['Ts'])**0.5
C:\Users\MEO\Desktop\Projects\JetEngine\boomsonic_v0\.venv\Lib\site-packages\pycycle\thermo\static_ps_resid.py:83: RuntimeWarning: invalid value encountered in power
  ps_guess = inputs['guess:Pt'] * (1 + (gamt-1)/2 * inputs['MN']**2)**(-gamt/(gamt-1))
C:\Users\MEO\Desktop\Projects\JetEngine\boomsonic_v0\.venv\Lib\site-packages\pycycle\thermo\static_ps_calc.py:32: RuntimeWarning: invalid value encountered in sqrt
  outputs['Vsonic'] = Vsonic = np.sqrt(inputs['gamma'] * inputs['R'] * inputs['Ts'])
C:\Users\MEO\Desktop\Projects\JetEngine\boomsonic_v0\.venv\Lib\site-packages\pycycle\thermo\static_ps_resid.py:128: RuntimeWarning: invalid value encountered in sqrt
  Vsonic = (i['gamma']*i['R']*i['Ts'])**0.5
C:\Users\MEO\Desktop\Projects\JetEngine\boomsonic_v0\.venv\Lib\site-packages\pycycle\thermo\static_ps_resid.py:98: RuntimeWarning: invalid value encountered in power
  ps_guess = inputs['guess:Pt'] * (1 + (gamt-1)/2 * M_guess**2)**(-gamt/(gamt-1))
C:\Users\MEO\Desktop\Projects\JetEngine\boomsonic_v0\.venv\Lib\site-packages\pycycle\thermo\static_ps_resid.py:93: RuntimeWarning: invalid value encountered in power
  f1 = ps - inputs['guess:Pt'] * (1 + (gamt-1)/2 * M_guess**2)**(-gamt/(gamt-1))
C:\Users\MEO\Desktop\Projects\JetEngine\boomsonic_v0\.venv\Lib\site-packages\pycycle\thermo\static_ps_resid.py:94: RuntimeWarning: invalid value encountered in sqrt
  f2 = MN - inputs['W']*(R_UNIVERSAL_SI*inputs['Ts'])**0.5/(ps_guess*1.0e6*inputs['area']*gamt**0.5)
C:\Users\MEO\Desktop\Projects\JetEngine\boomsonic_v0\.venv\Lib\site-packages\pycycle\thermo\static_ps_resid.py:99: RuntimeWarning: The iteration is not making good progress, as measured by the 
 improvement from the last ten iterations.
  ps_guess, M_guess = fsolve(equations, (ps_guess, M_guess))
C:\Users\MEO\Desktop\Projects\JetEngine\boomsonic_v0\.venv\Lib\site-packages\openmdao\solvers\solver.py:819: SolverWarning:Your model has stalled three times and may be violating the bounds. In the future, turn on print_bound_enforce in your solver options here: 
OD0.burner.vitiated_flow.nonlinear_solver.linesearch.options['print_bound_enforce']=True. 
The bound(s) being violated now are:

C:\Users\MEO\Desktop\Projects\JetEngine\boomsonic_v0\.venv\Lib\site-packages\openmdao\solvers\linesearch\backtracking.py:35: SolverWarning:'OD0.burner.vitiated_flow.balance.T' exceeds upper bounds
  Val: [4289.93431273]
  Upper: [2500.]

C:\Users\MEO\Desktop\Projects\JetEngine\boomsonic_v0\.venv\Lib\site-packages\pycycle\thermo\static_ps_resid.py:128: RuntimeWarning: invalid value encountered in sqrt
  Vsonic = (i['gamma']*i['R']*i['Ts'])**0.5
C:\Users\MEO\Desktop\Projects\JetEngine\boomsonic_v0\.venv\Lib\site-packages\pycycle\thermo\static_ps_resid.py:98: RuntimeWarning: invalid value encountered in power
  ps_guess = inputs['guess:Pt'] * (1 + (gamt-1)/2 * M_guess**2)**(-gamt/(gamt-1))
C:\Users\MEO\Desktop\Projects\JetEngine\boomsonic_v0\.venv\Lib\site-packages\pycycle\thermo\static_ps_resid.py:93: RuntimeWarning: invalid value encountered in power
  f1 = ps - inputs['guess:Pt'] * (1 + (gamt-1)/2 * M_guess**2)**(-gamt/(gamt-1))
C:\Users\MEO\Desktop\Projects\JetEngine\boomsonic_v0\.venv\Lib\site-packages\pycycle\thermo\static_ps_resid.py:94: RuntimeWarning: invalid value encountered in sqrt
  f2 = MN - inputs['W']*(R_UNIVERSAL_SI*inputs['Ts'])**0.5/(ps_guess*1.0e6*inputs['area']*gamt**0.5)
C:\Users\MEO\Desktop\Projects\JetEngine\boomsonic_v0\.venv\Lib\site-packages\pycycle\thermo\static_ps_resid.py:99: RuntimeWarning: The iteration is not making good progress, as measured by the 
 improvement from the last ten iterations.
  ps_guess, M_guess = fsolve(equations, (ps_guess, M_guess))
C:\Users\MEO\Desktop\Projects\JetEngine\boomsonic_v0\.venv\Lib\site-packages\openmdao\solvers\solver.py:819: SolverWarning:Your model has stalled three times and may be violating the bounds. In the future, turn on print_bound_enforce in your solver options here: 
OD0.turb.real_flow_b4bld.nonlinear_solver.linesearch.options['print_bound_enforce']=True. 
The bound(s) being violated now are:

C:\Users\MEO\Desktop\Projects\JetEngine\boomsonic_v0\.venv\Lib\site-packages\openmdao\solvers\linesearch\backtracking.py:35: SolverWarning:'OD0.turb.real_flow_b4bld.balance.T' exceeds upper bounds
  Val: [3080.29142111]
  Upper: [2500.]

C:\Users\MEO\Desktop\Projects\JetEngine\boomsonic_v0\.venv\Lib\site-packages\openmdao\solvers\solver.py:819: SolverWarning:Your model has stalled three times and may be violating the bounds. In the future, turn on print_bound_enforce in your solver options here: 
OD0.turb.real_flow.nonlinear_solver.linesearch.options['print_bound_enforce']=True. 
The bound(s) being violated now are:

C:\Users\MEO\Desktop\Projects\JetEngine\boomsonic_v0\.venv\Lib\site-packages\openmdao\solvers\linesearch\backtracking.py:35: SolverWarning:'OD0.turb.real_flow.balance.T' exceeds upper bounds
  Val: [3080.29142111]
  Upper: [2500.]

C:\Users\MEO\Desktop\Projects\JetEngine\boomsonic_v0\.venv\Lib\site-packages\pycycle\thermo\static_ps_resid.py:128: RuntimeWarning: invalid value encountered in sqrt
  Vsonic = (i['gamma']*i['R']*i['Ts'])**0.5
C:\Users\MEO\Desktop\Projects\JetEngine\boomsonic_v0\.venv\Lib\site-packages\pycycle\thermo\static_ps_resid.py:98: RuntimeWarning: invalid value encountered in power
  ps_guess = inputs['guess:Pt'] * (1 + (gamt-1)/2 * M_guess**2)**(-gamt/(gamt-1))
C:\Users\MEO\Desktop\Projects\JetEngine\boomsonic_v0\.venv\Lib\site-packages\pycycle\thermo\static_ps_resid.py:93: RuntimeWarning: invalid value encountered in power
  f1 = ps - inputs['guess:Pt'] * (1 + (gamt-1)/2 * M_guess**2)**(-gamt/(gamt-1))
C:\Users\MEO\Desktop\Projects\JetEngine\boomsonic_v0\.venv\Lib\site-packages\pycycle\thermo\static_ps_resid.py:94: RuntimeWarning: invalid value encountered in sqrt
  f2 = MN - inputs['W']*(R_UNIVERSAL_SI*inputs['Ts'])**0.5/(ps_guess*1.0e6*inputs['area']*gamt**0.5)
C:\Users\MEO\Desktop\Projects\JetEngine\boomsonic_v0\.venv\Lib\site-packages\pycycle\thermo\static_ps_resid.py:99: RuntimeWarning: The iteration is not making good progress, as measured by the 
 improvement from the last ten iterations.
  ps_guess, M_guess = fsolve(equations, (ps_guess, M_guess))
C:\Users\MEO\Desktop\Projects\JetEngine\boomsonic_v0\.venv\Lib\site-packages\openmdao\solvers\solver.py:819: SolverWarning:Your model has stalled three times and may be violating the bounds. In the future, turn on print_bound_enforce in your solver options here: 
OD0.nozz.throat_total.nonlinear_solver.linesearch.options['print_bound_enforce']=True. 
The bound(s) being violated now are:

C:\Users\MEO\Desktop\Projects\JetEngine\boomsonic_v0\.venv\Lib\site-packages\openmdao\solvers\linesearch\backtracking.py:35: SolverWarning:'OD0.nozz.throat_total.balance.T' exceeds upper bounds
  Val: [3080.29142111]
  Upper: [2500.]

C:\Users\MEO\Desktop\Projects\JetEngine\boomsonic_v0\.venv\Lib\site-packages\pycycle\thermo\static_ps_resid.py:108: RuntimeWarning: invalid value encountered in sqrt
  Vsonic = (i['gamma']*i['R']*i['Ts'])**0.5
C:\Users\MEO\Desktop\Projects\JetEngine\boomsonic_v0\.venv\Lib\site-packages\pycycle\thermo\static_ps_resid.py:83: RuntimeWarning: invalid value encountered in power
  ps_guess = inputs['guess:Pt'] * (1 + (gamt-1)/2 * inputs['MN']**2)**(-gamt/(gamt-1))
C:\Users\MEO\Desktop\Projects\JetEngine\boomsonic_v0\.venv\Lib\site-packages\pycycle\thermo\static_ps_calc.py:32: RuntimeWarning: invalid value encountered in sqrt
  outputs['Vsonic'] = Vsonic = np.sqrt(inputs['gamma'] * inputs['R'] * inputs['Ts'])
C:\Users\MEO\Desktop\Projects\JetEngine\boomsonic_v0\.venv\Lib\site-packages\pycycle\thermo\static_ps_resid.py:128: RuntimeWarning: invalid value encountered in sqrt
  Vsonic = (i['gamma']*i['R']*i['Ts'])**0.5
C:\Users\MEO\Desktop\Projects\JetEngine\boomsonic_v0\.venv\Lib\site-packages\pycycle\thermo\static_ps_resid.py:98: RuntimeWarning: invalid value encountered in power
  ps_guess = inputs['guess:Pt'] * (1 + (gamt-1)/2 * M_guess**2)**(-gamt/(gamt-1))
C:\Users\MEO\Desktop\Projects\JetEngine\boomsonic_v0\.venv\Lib\site-packages\pycycle\thermo\static_ps_resid.py:93: RuntimeWarning: invalid value encountered in power
  f1 = ps - inputs['guess:Pt'] * (1 + (gamt-1)/2 * M_guess**2)**(-gamt/(gamt-1))
C:\Users\MEO\Desktop\Projects\JetEngine\boomsonic_v0\.venv\Lib\site-packages\pycycle\thermo\static_ps_resid.py:94: RuntimeWarning: invalid value encountered in sqrt
  f2 = MN - inputs['W']*(R_UNIVERSAL_SI*inputs['Ts'])**0.5/(ps_guess*1.0e6*inputs['area']*gamt**0.5)
C:\Users\MEO\Desktop\Projects\JetEngine\boomsonic_v0\.venv\Lib\site-packages\pycycle\thermo\static_ps_resid.py:99: RuntimeWarning: The iteration is not making good progress, as measured by the 
 improvement from the last ten iterations.
  ps_guess, M_guess = fsolve(equations, (ps_guess, M_guess))
C:\Users\MEO\Desktop\Projects\JetEngine\boomsonic_v0\.venv\Lib\site-packages\pycycle\thermo\static_ps_resid.py:128: RuntimeWarning: invalid value encountered in sqrt
  Vsonic = (i['gamma']*i['R']*i['Ts'])**0.5
C:\Users\MEO\Desktop\Projects\JetEngine\boomsonic_v0\.venv\Lib\site-packages\pycycle\thermo\static_ps_resid.py:128: RuntimeWarning: invalid value encountered in sqrt
  Vsonic = (i['gamma']*i['R']*i['Ts'])**0.5
C:\Users\MEO\Desktop\Projects\JetEngine\boomsonic_v0\.venv\Lib\site-packages\pycycle\thermo\static_ps_resid.py:108: RuntimeWarning: invalid value encountered in sqrt
  Vsonic = (i['gamma']*i['R']*i['Ts'])**0.5
C:\Users\MEO\Desktop\Projects\JetEngine\boomsonic_v0\.venv\Lib\site-packages\pycycle\elements\turbine.py:89: RuntimeWarning: invalid value encountered in log
  outputs['eff_poly'] = 1 + (S_out-S_in)/(Rt*np.log(invPR))
C:\Users\MEO\Desktop\Projects\JetEngine\boomsonic_v0\.venv\Lib\site-packages\pycycle\thermo\static_ps_resid.py:128: RuntimeWarning: invalid value encountered in sqrt
  Vsonic = (i['gamma']*i['R']*i['Ts'])**0.5
C:\Users\MEO\Desktop\Projects\JetEngine\boomsonic_v0\.venv\Lib\site-packages\pycycle\elements\turbine.py:40: RuntimeWarning: invalid value encountered in sqrt
  outputs['Wp'] = inputs['W_in'] * inputs['Tt']**0.5 / inputs['Pt']
C:\Users\MEO\Desktop\Projects\JetEngine\boomsonic_v0\.venv\Lib\site-packages\pycycle\elements\turbine.py:41: RuntimeWarning: invalid value encountered in power
  outputs['Np'] = inputs['Nmech'] * inputs['Tt']**-0.5
C:\Users\MEO\Desktop\Projects\JetEngine\boomsonic_v0\.venv\Lib\site-packages\pycycle\elements\turbine.py:89: RuntimeWarning: invalid value encountered in log
  outputs['eff_poly'] = 1 + (S_out-S_in)/(Rt*np.log(invPR))
C:\Users\MEO\Desktop\Projects\JetEngine\boomsonic_v0\.venv\Lib\site-packages\openmdao\solvers\solver.py:819: SolverWarning:Your model has stalled three times and may be violating the bounds. In the future, turn on print_bound_enforce in your solver options here: 
OD0.comp.ideal_flow.nonlinear_solver.linesearch.options['print_bound_enforce']=True. 
The bound(s) being violated now are:

C:\Users\MEO\Desktop\Projects\JetEngine\boomsonic_v0\.venv\Lib\site-packages\openmdao\solvers\linesearch\backtracking.py:39: SolverWarning:'OD0.comp.ideal_flow.balance.T' exceeds lower bounds
  Val: [73.58418631]
  Lower: [150.]

C:\Users\MEO\Desktop\Projects\JetEngine\boomsonic_v0\.venv\Lib\site-packages\pycycle\thermo\static_ps_resid.py:128: RuntimeWarning: invalid value encountered in sqrt
  Vsonic = (i['gamma']*i['R']*i['Ts'])**0.5
C:\Users\MEO\Desktop\Projects\JetEngine\boomsonic_v0\.venv\Lib\site-packages\pycycle\thermo\static_ps_resid.py:128: RuntimeWarning: invalid value encountered in sqrt
  Vsonic = (i['gamma']*i['R']*i['Ts'])**0.5
C:\Users\MEO\Desktop\Projects\JetEngine\boomsonic_v0\.venv\Lib\site-packages\openmdao\solvers\solver.py:819: SolverWarning:Your model has stalled three times and may be violating the bounds. In the future, turn on print_bound_enforce in your solver options here: 
OD0.comp.ideal_flow.nonlinear_solver.linesearch.options['print_bound_enforce']=True. 
The bound(s) being violated now are:

C:\Users\MEO\Desktop\Projects\JetEngine\boomsonic_v0\.venv\Lib\site-packages\openmdao\solvers\linesearch\backtracking.py:39: SolverWarning:'OD0.comp.ideal_flow.balance.T' exceeds lower bounds
  Val: [73.58418631]
  Lower: [150.]

C:\Users\MEO\Desktop\Projects\JetEngine\boomsonic_v0\.venv\Lib\site-packages\pycycle\thermo\static_ps_resid.py:128: RuntimeWarning: invalid value encountered in sqrt
  Vsonic = (i['gamma']*i['R']*i['Ts'])**0.5
C:\Users\MEO\Desktop\Projects\JetEngine\boomsonic_v0\.venv\Lib\site-packages\pycycle\thermo\static_ps_resid.py:128: RuntimeWarning: invalid value encountered in sqrt
  Vsonic = (i['gamma']*i['R']*i['Ts'])**0.5
C:\Users\MEO\Desktop\Projects\JetEngine\boomsonic_v0\.venv\Lib\site-packages\pycycle\thermo\static_ps_resid.py:128: RuntimeWarning: invalid value encountered in sqrt
  Vsonic = (i['gamma']*i['R']*i['Ts'])**0.5
C:\Users\MEO\Desktop\Projects\JetEngine\boomsonic_v0\.venv\Lib\site-packages\pycycle\thermo\static_ps_resid.py:128: RuntimeWarning: invalid value encountered in sqrt
  Vsonic = (i['gamma']*i['R']*i['Ts'])**0.5
C:\Users\MEO\Desktop\Projects\JetEngine\boomsonic_v0\.venv\Lib\site-packages\openmdao\solvers\solver.py:819: SolverWarning:Your model has stalled three times and may be violating the bounds. In the future, turn on print_bound_enforce in your solver options here: 
OD0.comp.ideal_flow.nonlinear_solver.linesearch.options['print_bound_enforce']=True. 
The bound(s) being violated now are:

C:\Users\MEO\Desktop\Projects\JetEngine\boomsonic_v0\.venv\Lib\site-packages\openmdao\solvers\linesearch\backtracking.py:39: SolverWarning:'OD0.comp.ideal_flow.balance.T' exceeds lower bounds
  Val: [73.58418631]
  Lower: [150.]

C:\Users\MEO\Desktop\Projects\JetEngine\boomsonic_v0\.venv\Lib\site-packages\pycycle\thermo\static_ps_resid.py:128: RuntimeWarning: invalid value encountered in sqrt
  Vsonic = (i['gamma']*i['R']*i['Ts'])**0.5
C:\Users\MEO\Desktop\Projects\JetEngine\boomsonic_v0\.venv\Lib\site-packages\pycycle\thermo\static_ps_resid.py:128: RuntimeWarning: invalid value encountered in sqrt
  Vsonic = (i['gamma']*i['R']*i['Ts'])**0.5
C:\Users\MEO\Desktop\Projects\JetEngine\boomsonic_v0\.venv\Lib\site-packages\pycycle\elements\turbine.py:89: RuntimeWarning: invalid value encountered in log
  outputs['eff_poly'] = 1 + (S_out-S_in)/(Rt*np.log(invPR))
C:\Users\MEO\Desktop\Projects\JetEngine\boomsonic_v0\.venv\Lib\site-packages\pycycle\thermo\static_ps_resid.py:128: RuntimeWarning: invalid value encountered in sqrt
  Vsonic = (i['gamma']*i['R']*i['Ts'])**0.5
C:\Users\MEO\Desktop\Projects\JetEngine\boomsonic_v0\.venv\Lib\site-packages\pycycle\thermo\static_ps_resid.py:108: RuntimeWarning: invalid value encountered in sqrt
  Vsonic = (i['gamma']*i['R']*i['Ts'])**0.5
C:\Users\MEO\Desktop\Projects\JetEngine\boomsonic_v0\.venv\Lib\site-packages\pycycle\thermo\static_ps_calc.py:32: RuntimeWarning: invalid value encountered in sqrt
  outputs['Vsonic'] = Vsonic = np.sqrt(inputs['gamma'] * inputs['R'] * inputs['Ts'])
C:\Users\MEO\Desktop\Projects\JetEngine\boomsonic_v0\.venv\Lib\site-packages\openmdao\solvers\solver.py:819: SolverWarning:Your model has stalled three times and may be violating the bounds. In the future, turn on print_bound_enforce in your solver options here: 
OD0.burner.vitiated_flow.nonlinear_solver.linesearch.options['print_bound_enforce']=True. 
The bound(s) being violated now are:

C:\Users\MEO\Desktop\Projects\JetEngine\boomsonic_v0\.venv\Lib\site-packages\openmdao\solvers\linesearch\backtracking.py:35: SolverWarning:'OD0.burner.vitiated_flow.balance.T' exceeds upper bounds
  Val: [3732.85652667]
  Upper: [2500.]

C:\Users\MEO\Desktop\Projects\JetEngine\boomsonic_v0\.venv\Lib\site-packages\pycycle\thermo\static_ps_resid.py:128: RuntimeWarning: invalid value encountered in sqrt
  Vsonic = (i['gamma']*i['R']*i['Ts'])**0.5
C:\Users\MEO\Desktop\Projects\JetEngine\boomsonic_v0\.venv\Lib\site-packages\pycycle\thermo\static_ps_resid.py:128: RuntimeWarning: invalid value encountered in sqrt
  Vsonic = (i['gamma']*i['R']*i['Ts'])**0.5
C:\Users\MEO\Desktop\Projects\JetEngine\boomsonic_v0\.venv\Lib\site-packages\pycycle\thermo\static_ps_resid.py:128: RuntimeWarning: invalid value encountered in sqrt
  Vsonic = (i['gamma']*i['R']*i['Ts'])**0.5
C:\Users\MEO\Desktop\Projects\JetEngine\boomsonic_v0\.venv\Lib\site-packages\pycycle\thermo\static_ps_resid.py:128: RuntimeWarning: invalid value encountered in sqrt
  Vsonic = (i['gamma']*i['R']*i['Ts'])**0.5
C:\Users\MEO\Desktop\Projects\JetEngine\boomsonic_v0\.venv\Lib\site-packages\pycycle\thermo\static_ps_resid.py:128: RuntimeWarning: invalid value encountered in sqrt
  Vsonic = (i['gamma']*i['R']*i['Ts'])**0.5
C:\Users\MEO\Desktop\Projects\JetEngine\boomsonic_v0\.venv\Lib\site-packages\pycycle\thermo\static_ps_resid.py:128: RuntimeWarning: invalid value encountered in sqrt
  Vsonic = (i['gamma']*i['R']*i['Ts'])**0.5
C:\Users\MEO\Desktop\Projects\JetEngine\boomsonic_v0\.venv\Lib\site-packages\openmdao\solvers\solver.py:819: SolverWarning:Your model has stalled three times and may be violating the bounds. In the future, turn on print_bound_enforce in your solver options here: 
OD0.turb.real_flow_b4bld.nonlinear_solver.linesearch.options['print_bound_enforce']=True. 
The bound(s) being violated now are:

C:\Users\MEO\Desktop\Projects\JetEngine\boomsonic_v0\.venv\Lib\site-packages\openmdao\solvers\linesearch\backtracking.py:35: SolverWarning:'OD0.turb.real_flow_b4bld.balance.T' exceeds upper bounds
  Val: [2899.52513961]
  Upper: [2500.]

C:\Users\MEO\Desktop\Projects\JetEngine\boomsonic_v0\.venv\Lib\site-packages\openmdao\solvers\solver.py:819: SolverWarning:Your model has stalled three times and may be violating the bounds. In the future, turn on print_bound_enforce in your solver options here: 
OD0.turb.real_flow.nonlinear_solver.linesearch.options['print_bound_enforce']=True. 
The bound(s) being violated now are:

C:\Users\MEO\Desktop\Projects\JetEngine\boomsonic_v0\.venv\Lib\site-packages\openmdao\solvers\linesearch\backtracking.py:35: SolverWarning:'OD0.turb.real_flow.balance.T' exceeds upper bounds
  Val: [2899.52513961]
  Upper: [2500.]

C:\Users\MEO\Desktop\Projects\JetEngine\boomsonic_v0\.venv\Lib\site-packages\pycycle\thermo\static_ps_resid.py:128: RuntimeWarning: invalid value encountered in sqrt
  Vsonic = (i['gamma']*i['R']*i['Ts'])**0.5
C:\Users\MEO\Desktop\Projects\JetEngine\boomsonic_v0\.venv\Lib\site-packages\pycycle\thermo\static_ps_resid.py:128: RuntimeWarning: invalid value encountered in sqrt
  Vsonic = (i['gamma']*i['R']*i['Ts'])**0.5
C:\Users\MEO\Desktop\Projects\JetEngine\boomsonic_v0\.venv\Lib\site-packages\pycycle\thermo\static_ps_resid.py:128: RuntimeWarning: invalid value encountered in sqrt
  Vsonic = (i['gamma']*i['R']*i['Ts'])**0.5
C:\Users\MEO\Desktop\Projects\JetEngine\boomsonic_v0\.venv\Lib\site-packages\openmdao\solvers\solver.py:819: SolverWarning:Your model has stalled three times and may be violating the bounds. In the future, turn on print_bound_enforce in your solver options here: 
OD0.nozz.throat_total.nonlinear_solver.linesearch.options['print_bound_enforce']=True. 
The bound(s) being violated now are:

C:\Users\MEO\Desktop\Projects\JetEngine\boomsonic_v0\.venv\Lib\site-packages\openmdao\solvers\linesearch\backtracking.py:35: SolverWarning:'OD0.nozz.throat_total.balance.T' exceeds upper bounds
  Val: [2899.52513961]
  Upper: [2500.]

C:\Users\MEO\Desktop\Projects\JetEngine\boomsonic_v0\.venv\Lib\site-packages\pycycle\thermo\static_ps_resid.py:108: RuntimeWarning: invalid value encountered in sqrt
  Vsonic = (i['gamma']*i['R']*i['Ts'])**0.5
C:\Users\MEO\Desktop\Projects\JetEngine\boomsonic_v0\.venv\Lib\site-packages\pycycle\thermo\static_ps_resid.py:108: RuntimeWarning: invalid value encountered in sqrt
  Vsonic = (i['gamma']*i['R']*i['Ts'])**0.5
C:\Users\MEO\Desktop\Projects\JetEngine\boomsonic_v0\.venv\Lib\site-packages\pycycle\thermo\static_ps_resid.py:108: RuntimeWarning: invalid value encountered in sqrt
  Vsonic = (i['gamma']*i['R']*i['Ts'])**0.5
C:\Users\MEO\Desktop\Projects\JetEngine\boomsonic_v0\.venv\Lib\site-packages\pycycle\thermo\static_ps_resid.py:108: RuntimeWarning: invalid value encountered in sqrt
  Vsonic = (i['gamma']*i['R']*i['Ts'])**0.5
C:\Users\MEO\Desktop\Projects\JetEngine\boomsonic_v0\.venv\Lib\site-packages\pycycle\thermo\static_ps_resid.py:108: RuntimeWarning: invalid value encountered in sqrt
  Vsonic = (i['gamma']*i['R']*i['Ts'])**0.5
C:\Users\MEO\Desktop\Projects\JetEngine\boomsonic_v0\.venv\Lib\site-packages\pycycle\thermo\static_ps_resid.py:108: RuntimeWarning: invalid value encountered in sqrt
  Vsonic = (i['gamma']*i['R']*i['Ts'])**0.5
C:\Users\MEO\Desktop\Projects\JetEngine\boomsonic_v0\.venv\Lib\site-packages\pycycle\thermo\static_ps_resid.py:128: RuntimeWarning: invalid value encountered in sqrt
  Vsonic = (i['gamma']*i['R']*i['Ts'])**0.5
C:\Users\MEO\Desktop\Projects\JetEngine\boomsonic_v0\.venv\Lib\site-packages\pycycle\thermo\static_ps_resid.py:108: RuntimeWarning: invalid value encountered in sqrt
  Vsonic = (i['gamma']*i['R']*i['Ts'])**0.5
C:\Users\MEO\Desktop\Projects\JetEngine\boomsonic_v0\.venv\Lib\site-packages\pycycle\thermo\static_ps_resid.py:128: RuntimeWarning: invalid value encountered in sqrt
  Vsonic = (i['gamma']*i['R']*i['Ts'])**0.5
C:\Users\MEO\Desktop\Projects\JetEngine\boomsonic_v0\.venv\Lib\site-packages\pycycle\thermo\static_ps_resid.py:128: RuntimeWarning: invalid value encountered in sqrt
  Vsonic = (i['gamma']*i['R']*i['Ts'])**0.5
C:\Users\MEO\Desktop\Projects\JetEngine\boomsonic_v0\.venv\Lib\site-packages\pycycle\thermo\static_ps_resid.py:108: RuntimeWarning: invalid value encountered in sqrt
  Vsonic = (i['gamma']*i['R']*i['Ts'])**0.5
C:\Users\MEO\Desktop\Projects\JetEngine\boomsonic_v0\.venv\Lib\site-packages\pycycle\elements\turbine.py:89: RuntimeWarning: invalid value encountered in log
  outputs['eff_poly'] = 1 + (S_out-S_in)/(Rt*np.log(invPR))
C:\Users\MEO\Desktop\Projects\JetEngine\boomsonic_v0\.venv\Lib\site-packages\openmdao\solvers\solver.py:819: SolverWarning:Your model has stalled three times and may be violating the bounds. In the future, turn on print_bound_enforce in your solver options here: 
OD0.comp.ideal_flow.nonlinear_solver.linesearch.options['print_bound_enforce']=True. 
The bound(s) being violated now are:

C:\Users\MEO\Desktop\Projects\JetEngine\boomsonic_v0\.venv\Lib\site-packages\openmdao\solvers\linesearch\backtracking.py:39: SolverWarning:'OD0.comp.ideal_flow.balance.T' exceeds lower bounds
  Val: [-1802486.25122089]
  Lower: [150.]

C:\Users\MEO\Desktop\Projects\JetEngine\boomsonic_v0\.venv\Lib\site-packages\openmdao\solvers\solver.py:819: SolverWarning:Your model has stalled three times and may be violating the bounds. In the future, turn on print_bound_enforce in your solver options here: 
OD0.comp.real_flow.nonlinear_solver.linesearch.options['print_bound_enforce']=True. 
The bound(s) being violated now are:

C:\Users\MEO\Desktop\Projects\JetEngine\boomsonic_v0\.venv\Lib\site-packages\pycycle\elements\compressor.py:75: RuntimeWarning: invalid value encountered in log
  outputs['eff_poly'] = Rt * np.log(PR) / ( Rt*np.log(PR) + S_out - S_in )
C:\Users\MEO\Desktop\Projects\JetEngine\boomsonic_v0\.venv\Lib\site-packages\pycycle\thermo\static_ps_resid.py:98: RuntimeWarning: invalid value encountered in power
  ps_guess = inputs['guess:Pt'] * (1 + (gamt-1)/2 * M_guess**2)**(-gamt/(gamt-1))
C:\Users\MEO\Desktop\Projects\JetEngine\boomsonic_v0\.venv\Lib\site-packages\pycycle\thermo\static_ps_resid.py:93: RuntimeWarning: invalid value encountered in power
  f1 = ps - inputs['guess:Pt'] * (1 + (gamt-1)/2 * M_guess**2)**(-gamt/(gamt-1))
C:\Users\MEO\Desktop\Projects\JetEngine\boomsonic_v0\.venv\Lib\site-packages\pycycle\thermo\static_ps_resid.py:94: RuntimeWarning: invalid value encountered in sqrt
  f2 = MN - inputs['W']*(R_UNIVERSAL_SI*inputs['Ts'])**0.5/(ps_guess*1.0e6*inputs['area']*gamt**0.5)
C:\Users\MEO\Desktop\Projects\JetEngine\boomsonic_v0\.venv\Lib\site-packages\pycycle\thermo\static_ps_resid.py:99: RuntimeWarning: The iteration is not making good progress, as measured by the 
 improvement from the last ten iterations.
  ps_guess, M_guess = fsolve(equations, (ps_guess, M_guess))
C:\Users\MEO\Desktop\Projects\JetEngine\boomsonic_v0\.venv\Lib\site-packages\pycycle\thermo\static_ps_resid.py:128: RuntimeWarning: invalid value encountered in sqrt
  Vsonic = (i['gamma']*i['R']*i['Ts'])**0.5
C:\Users\MEO\Desktop\Projects\JetEngine\boomsonic_v0\.venv\Lib\site-packages\pycycle\thermo\static_ps_resid.py:128: RuntimeWarning: invalid value encountered in sqrt
  Vsonic = (i['gamma']*i['R']*i['Ts'])**0.5
C:\Users\MEO\Desktop\Projects\JetEngine\boomsonic_v0\.venv\Lib\site-packages\pycycle\thermo\static_ps_resid.py:128: RuntimeWarning: invalid value encountered in sqrt
  Vsonic = (i['gamma']*i['R']*i['Ts'])**0.5
C:\Users\MEO\Desktop\Projects\JetEngine\boomsonic_v0\.venv\Lib\site-packages\pycycle\thermo\static_ps_resid.py:128: RuntimeWarning: invalid value encountered in sqrt
  Vsonic = (i['gamma']*i['R']*i['Ts'])**0.5
C:\Users\MEO\Desktop\Projects\JetEngine\boomsonic_v0\.venv\Lib\site-packages\pycycle\thermo\static_ps_resid.py:128: RuntimeWarning: invalid value encountered in sqrt
  Vsonic = (i['gamma']*i['R']*i['Ts'])**0.5
C:\Users\MEO\Desktop\Projects\JetEngine\boomsonic_v0\.venv\Lib\site-packages\pycycle\thermo\static_ps_resid.py:128: RuntimeWarning: invalid value encountered in sqrt
  Vsonic = (i['gamma']*i['R']*i['Ts'])**0.5
C:\Users\MEO\Desktop\Projects\JetEngine\boomsonic_v0\.venv\Lib\site-packages\pycycle\thermo\static_ps_resid.py:128: RuntimeWarning: invalid value encountered in sqrt
  Vsonic = (i['gamma']*i['R']*i['Ts'])**0.5
C:\Users\MEO\Desktop\Projects\JetEngine\boomsonic_v0\.venv\Lib\site-packages\pycycle\thermo\static_ps_resid.py:128: RuntimeWarning: invalid value encountered in sqrt
  Vsonic = (i['gamma']*i['R']*i['Ts'])**0.5
C:\Users\MEO\Desktop\Projects\JetEngine\boomsonic_v0\.venv\Lib\site-packages\pycycle\thermo\static_ps_resid.py:128: RuntimeWarning: invalid value encountered in sqrt
  Vsonic = (i['gamma']*i['R']*i['Ts'])**0.5
C:\Users\MEO\Desktop\Projects\JetEngine\boomsonic_v0\.venv\Lib\site-packages\pycycle\thermo\static_ps_resid.py:128: RuntimeWarning: invalid value encountered in sqrt
  Vsonic = (i['gamma']*i['R']*i['Ts'])**0.5
C:\Users\MEO\Desktop\Projects\JetEngine\boomsonic_v0\.venv\Lib\site-packages\openmdao\solvers\solver.py:819: SolverWarning:Your model has stalled three times and may be violating the bounds. In the future, turn on print_bound_enforce in your solver options here: 
OD0.burner.vitiated_flow.nonlinear_solver.linesearch.options['print_bound_enforce']=True. 
The bound(s) being violated now are:

C:\Users\MEO\Desktop\Projects\JetEngine\boomsonic_v0\.venv\Lib\site-packages\pycycle\thermo\static_ps_resid.py:98: RuntimeWarning: invalid value encountered in power
  ps_guess = inputs['guess:Pt'] * (1 + (gamt-1)/2 * M_guess**2)**(-gamt/(gamt-1))
C:\Users\MEO\Desktop\Projects\JetEngine\boomsonic_v0\.venv\Lib\site-packages\pycycle\thermo\static_ps_resid.py:93: RuntimeWarning: invalid value encountered in power
  f1 = ps - inputs['guess:Pt'] * (1 + (gamt-1)/2 * M_guess**2)**(-gamt/(gamt-1))
C:\Users\MEO\Desktop\Projects\JetEngine\boomsonic_v0\.venv\Lib\site-packages\pycycle\thermo\static_ps_resid.py:94: RuntimeWarning: invalid value encountered in sqrt
  f2 = MN - inputs['W']*(R_UNIVERSAL_SI*inputs['Ts'])**0.5/(ps_guess*1.0e6*inputs['area']*gamt**0.5)
C:\Users\MEO\Desktop\Projects\JetEngine\boomsonic_v0\.venv\Lib\site-packages\pycycle\thermo\static_ps_resid.py:99: RuntimeWarning: The iteration is not making good progress, as measured by the 
 improvement from the last ten iterations.
  ps_guess, M_guess = fsolve(equations, (ps_guess, M_guess))
C:\Users\MEO\Desktop\Projects\JetEngine\boomsonic_v0\.venv\Lib\site-packages\pycycle\thermo\static_ps_resid.py:128: RuntimeWarning: invalid value encountered in sqrt
  Vsonic = (i['gamma']*i['R']*i['Ts'])**0.5
C:\Users\MEO\Desktop\Projects\JetEngine\boomsonic_v0\.venv\Lib\site-packages\pycycle\thermo\static_ps_resid.py:128: RuntimeWarning: invalid value encountered in sqrt
  Vsonic = (i['gamma']*i['R']*i['Ts'])**0.5
C:\Users\MEO\Desktop\Projects\JetEngine\boomsonic_v0\.venv\Lib\site-packages\pycycle\thermo\static_ps_resid.py:128: RuntimeWarning: invalid value encountered in sqrt
  Vsonic = (i['gamma']*i['R']*i['Ts'])**0.5
C:\Users\MEO\Desktop\Projects\JetEngine\boomsonic_v0\.venv\Lib\site-packages\pycycle\thermo\static_ps_resid.py:128: RuntimeWarning: invalid value encountered in sqrt
  Vsonic = (i['gamma']*i['R']*i['Ts'])**0.5
C:\Users\MEO\Desktop\Projects\JetEngine\boomsonic_v0\.venv\Lib\site-packages\pycycle\thermo\static_ps_resid.py:128: RuntimeWarning: invalid value encountered in sqrt
  Vsonic = (i['gamma']*i['R']*i['Ts'])**0.5
C:\Users\MEO\Desktop\Projects\JetEngine\boomsonic_v0\.venv\Lib\site-packages\pycycle\thermo\static_ps_resid.py:128: RuntimeWarning: invalid value encountered in sqrt
  Vsonic = (i['gamma']*i['R']*i['Ts'])**0.5
C:\Users\MEO\Desktop\Projects\JetEngine\boomsonic_v0\.venv\Lib\site-packages\pycycle\thermo\static_ps_resid.py:128: RuntimeWarning: invalid value encountered in sqrt
  Vsonic = (i['gamma']*i['R']*i['Ts'])**0.5
C:\Users\MEO\Desktop\Projects\JetEngine\boomsonic_v0\.venv\Lib\site-packages\pycycle\thermo\static_ps_resid.py:128: RuntimeWarning: invalid value encountered in sqrt
  Vsonic = (i['gamma']*i['R']*i['Ts'])**0.5
C:\Users\MEO\Desktop\Projects\JetEngine\boomsonic_v0\.venv\Lib\site-packages\pycycle\thermo\static_ps_resid.py:98: RuntimeWarning: invalid value encountered in power
  ps_guess = inputs['guess:Pt'] * (1 + (gamt-1)/2 * M_guess**2)**(-gamt/(gamt-1))
C:\Users\MEO\Desktop\Projects\JetEngine\boomsonic_v0\.venv\Lib\site-packages\pycycle\thermo\static_ps_resid.py:93: RuntimeWarning: invalid value encountered in power
  f1 = ps - inputs['guess:Pt'] * (1 + (gamt-1)/2 * M_guess**2)**(-gamt/(gamt-1))
C:\Users\MEO\Desktop\Projects\JetEngine\boomsonic_v0\.venv\Lib\site-packages\pycycle\thermo\static_ps_resid.py:94: RuntimeWarning: invalid value encountered in sqrt
  f2 = MN - inputs['W']*(R_UNIVERSAL_SI*inputs['Ts'])**0.5/(ps_guess*1.0e6*inputs['area']*gamt**0.5)
C:\Users\MEO\Desktop\Projects\JetEngine\boomsonic_v0\.venv\Lib\site-packages\pycycle\thermo\static_ps_resid.py:99: RuntimeWarning: The iteration is not making good progress, as measured by the 
 improvement from the last ten iterations.
  ps_guess, M_guess = fsolve(equations, (ps_guess, M_guess))
C:\Users\MEO\Desktop\Projects\JetEngine\boomsonic_v0\.venv\Lib\site-packages\pycycle\thermo\static_ps_resid.py:128: RuntimeWarning: invalid value encountered in sqrt
  Vsonic = (i['gamma']*i['R']*i['Ts'])**0.5
C:\Users\MEO\Desktop\Projects\JetEngine\boomsonic_v0\.venv\Lib\site-packages\pycycle\thermo\static_ps_resid.py:128: RuntimeWarning: invalid value encountered in sqrt
  Vsonic = (i['gamma']*i['R']*i['Ts'])**0.5
C:\Users\MEO\Desktop\Projects\JetEngine\boomsonic_v0\.venv\Lib\site-packages\pycycle\thermo\static_ps_resid.py:128: RuntimeWarning: invalid value encountered in sqrt
  Vsonic = (i['gamma']*i['R']*i['Ts'])**0.5
C:\Users\MEO\Desktop\Projects\JetEngine\boomsonic_v0\.venv\Lib\site-packages\pycycle\thermo\static_ps_resid.py:128: RuntimeWarning: invalid value encountered in sqrt
  Vsonic = (i['gamma']*i['R']*i['Ts'])**0.5
C:\Users\MEO\Desktop\Projects\JetEngine\boomsonic_v0\.venv\Lib\site-packages\pycycle\thermo\static_ps_resid.py:128: RuntimeWarning: invalid value encountered in sqrt
  Vsonic = (i['gamma']*i['R']*i['Ts'])**0.5
C:\Users\MEO\Desktop\Projects\JetEngine\boomsonic_v0\.venv\Lib\site-packages\pycycle\thermo\static_ps_resid.py:128: RuntimeWarning: invalid value encountered in sqrt
  Vsonic = (i['gamma']*i['R']*i['Ts'])**0.5
C:\Users\MEO\Desktop\Projects\JetEngine\boomsonic_v0\.venv\Lib\site-packages\pycycle\thermo\static_ps_resid.py:128: RuntimeWarning: invalid value encountered in sqrt
  Vsonic = (i['gamma']*i['R']*i['Ts'])**0.5
C:\Users\MEO\Desktop\Projects\JetEngine\boomsonic_v0\.venv\Lib\site-packages\pycycle\thermo\static_ps_resid.py:128: RuntimeWarning: invalid value encountered in sqrt
  Vsonic = (i['gamma']*i['R']*i['Ts'])**0.5
C:\Users\MEO\Desktop\Projects\JetEngine\boomsonic_v0\.venv\Lib\site-packages\pycycle\thermo\static_ps_resid.py:83: RuntimeWarning: invalid value encountered in power
  ps_guess = inputs['guess:Pt'] * (1 + (gamt-1)/2 * inputs['MN']**2)**(-gamt/(gamt-1))
C:\Users\MEO\Desktop\Projects\JetEngine\boomsonic_v0\.venv\Lib\site-packages\pycycle\thermo\static_ps_resid.py:108: RuntimeWarning: invalid value encountered in sqrt
  Vsonic = (i['gamma']*i['R']*i['Ts'])**0.5
C:\Users\MEO\Desktop\Projects\JetEngine\boomsonic_v0\.venv\Lib\site-packages\pycycle\thermo\static_ps_resid.py:108: RuntimeWarning: invalid value encountered in sqrt
  Vsonic = (i['gamma']*i['R']*i['Ts'])**0.5
C:\Users\MEO\Desktop\Projects\JetEngine\boomsonic_v0\.venv\Lib\site-packages\pycycle\thermo\static_ps_resid.py:108: RuntimeWarning: invalid value encountered in sqrt
  Vsonic = (i['gamma']*i['R']*i['Ts'])**0.5
C:\Users\MEO\Desktop\Projects\JetEngine\boomsonic_v0\.venv\Lib\site-packages\pycycle\thermo\static_ps_resid.py:108: RuntimeWarning: invalid value encountered in sqrt
  Vsonic = (i['gamma']*i['R']*i['Ts'])**0.5
C:\Users\MEO\Desktop\Projects\JetEngine\boomsonic_v0\.venv\Lib\site-packages\pycycle\thermo\static_ps_resid.py:108: RuntimeWarning: invalid value encountered in sqrt
  Vsonic = (i['gamma']*i['R']*i['Ts'])**0.5
C:\Users\MEO\Desktop\Projects\JetEngine\boomsonic_v0\.venv\Lib\site-packages\pycycle\thermo\static_ps_resid.py:108: RuntimeWarning: invalid value encountered in sqrt
  Vsonic = (i['gamma']*i['R']*i['Ts'])**0.5
C:\Users\MEO\Desktop\Projects\JetEngine\boomsonic_v0\.venv\Lib\site-packages\pycycle\thermo\static_ps_resid.py:108: RuntimeWarning: invalid value encountered in sqrt
  Vsonic = (i['gamma']*i['R']*i['Ts'])**0.5
C:\Users\MEO\Desktop\Projects\JetEngine\boomsonic_v0\.venv\Lib\site-packages\pycycle\thermo\static_ps_resid.py:108: RuntimeWarning: invalid value encountered in sqrt
  Vsonic = (i['gamma']*i['R']*i['Ts'])**0.5
C:\Users\MEO\Desktop\Projects\JetEngine\boomsonic_v0\.venv\Lib\site-packages\pycycle\thermo\static_ps_resid.py:108: RuntimeWarning: invalid value encountered in sqrt
  Vsonic = (i['gamma']*i['R']*i['Ts'])**0.5
C:\Users\MEO\Desktop\Projects\JetEngine\boomsonic_v0\.venv\Lib\site-packages\pycycle\thermo\static_ps_resid.py:108: RuntimeWarning: invalid value encountered in sqrt
  Vsonic = (i['gamma']*i['R']*i['Ts'])**0.5
C:\Users\MEO\Desktop\Projects\JetEngine\boomsonic_v0\.venv\Lib\site-packages\pycycle\thermo\static_ps_calc.py:32: RuntimeWarning: invalid value encountered in sqrt
  outputs['Vsonic'] = Vsonic = np.sqrt(inputs['gamma'] * inputs['R'] * inputs['Ts'])
C:\Users\MEO\Desktop\Projects\JetEngine\boomsonic_v0\.venv\Lib\site-packages\pycycle\thermo\static_ps_calc.py:32: RuntimeWarning: invalid value encountered in sqrt
  outputs['Vsonic'] = Vsonic = np.sqrt(inputs['gamma'] * inputs['R'] * inputs['Ts'])
C:\Users\MEO\Desktop\Projects\JetEngine\boomsonic_v0\.venv\Lib\site-packages\pycycle\elements\compressor.py:75: RuntimeWarning: invalid value encountered in log
  outputs['eff_poly'] = Rt * np.log(PR) / ( Rt*np.log(PR) + S_out - S_in )
C:\Users\MEO\Desktop\Projects\JetEngine\boomsonic_v0\.venv\Lib\site-packages\pycycle\thermo\static_ps_resid.py:128: RuntimeWarning: invalid value encountered in sqrt
  Vsonic = (i['gamma']*i['R']*i['Ts'])**0.5
C:\Users\MEO\Desktop\Projects\JetEngine\boomsonic_v0\.venv\Lib\site-packages\pycycle\thermo\static_ps_resid.py:108: RuntimeWarning: invalid value encountered in sqrt
  Vsonic = (i['gamma']*i['R']*i['Ts'])**0.5
C:\Users\MEO\Desktop\Projects\JetEngine\boomsonic_v0\.venv\Lib\site-packages\pycycle\thermo\static_ps_resid.py:98: RuntimeWarning: invalid value encountered in power
  ps_guess = inputs['guess:Pt'] * (1 + (gamt-1)/2 * M_guess**2)**(-gamt/(gamt-1))
C:\Users\MEO\Desktop\Projects\JetEngine\boomsonic_v0\.venv\Lib\site-packages\pycycle\thermo\static_ps_resid.py:93: RuntimeWarning: invalid value encountered in power
  f1 = ps - inputs['guess:Pt'] * (1 + (gamt-1)/2 * M_guess**2)**(-gamt/(gamt-1))
C:\Users\MEO\Desktop\Projects\JetEngine\boomsonic_v0\.venv\Lib\site-packages\pycycle\thermo\static_ps_resid.py:94: RuntimeWarning: invalid value encountered in sqrt
  f2 = MN - inputs['W']*(R_UNIVERSAL_SI*inputs['Ts'])**0.5/(ps_guess*1.0e6*inputs['area']*gamt**0.5)
C:\Users\MEO\Desktop\Projects\JetEngine\boomsonic_v0\.venv\Lib\site-packages\pycycle\thermo\static_ps_resid.py:99: RuntimeWarning: The iteration is not making good progress, as measured by the 
 improvement from the last ten iterations.
  ps_guess, M_guess = fsolve(equations, (ps_guess, M_guess))
C:\Users\MEO\Desktop\Projects\JetEngine\boomsonic_v0\.venv\Lib\site-packages\pycycle\thermo\static_ps_resid.py:83: RuntimeWarning: invalid value encountered in power
  ps_guess = inputs['guess:Pt'] * (1 + (gamt-1)/2 * inputs['MN']**2)**(-gamt/(gamt-1))
C:\Users\MEO\Desktop\Projects\JetEngine\boomsonic_v0\.venv\Lib\site-packages\openmdao\solvers\solver.py:819: SolverWarning:Your model has stalled three times and may be violating the bounds. In the future, turn on print_bound_enforce in your solver options here: 
OD0.comp.ideal_flow.nonlinear_solver.linesearch.options['print_bound_enforce']=True. 
The bound(s) being violated now are:

C:\Users\MEO\Desktop\Projects\JetEngine\boomsonic_v0\.venv\Lib\site-packages\openmdao\solvers\linesearch\backtracking.py:39: SolverWarning:'OD0.comp.ideal_flow.balance.T' exceeds lower bounds
  Val: [-1802486.25122089]
  Lower: [150.]

C:\Users\MEO\Desktop\Projects\JetEngine\boomsonic_v0\.venv\Lib\site-packages\pycycle\elements\compressor.py:75: RuntimeWarning: invalid value encountered in log
  outputs['eff_poly'] = Rt * np.log(PR) / ( Rt*np.log(PR) + S_out - S_in )
C:\Users\MEO\Desktop\Projects\JetEngine\boomsonic_v0\.venv\Lib\site-packages\pycycle\thermo\static_ps_resid.py:128: RuntimeWarning: invalid value encountered in sqrt
  Vsonic = (i['gamma']*i['R']*i['Ts'])**0.5
C:\Users\MEO\Desktop\Projects\JetEngine\boomsonic_v0\.venv\Lib\site-packages\pycycle\thermo\static_ps_resid.py:128: RuntimeWarning: invalid value encountered in sqrt
  Vsonic = (i['gamma']*i['R']*i['Ts'])**0.5
C:\Users\MEO\Desktop\Projects\JetEngine\boomsonic_v0\.venv\Lib\site-packages\pycycle\thermo\static_ps_resid.py:128: RuntimeWarning: invalid value encountered in sqrt
  Vsonic = (i['gamma']*i['R']*i['Ts'])**0.5
C:\Users\MEO\Desktop\Projects\JetEngine\boomsonic_v0\.venv\Lib\site-packages\pycycle\thermo\static_ps_resid.py:128: RuntimeWarning: invalid value encountered in sqrt
  Vsonic = (i['gamma']*i['R']*i['Ts'])**0.5
C:\Users\MEO\Desktop\Projects\JetEngine\boomsonic_v0\.venv\Lib\site-packages\pycycle\thermo\static_ps_resid.py:128: RuntimeWarning: invalid value encountered in sqrt
  Vsonic = (i['gamma']*i['R']*i['Ts'])**0.5
C:\Users\MEO\Desktop\Projects\JetEngine\boomsonic_v0\.venv\Lib\site-packages\openmdao\solvers\solver.py:819: SolverWarning:Your model has stalled three times and may be violating the bounds. In the future, turn on print_bound_enforce in your solver options here: 
OD0.burner.out_stat.nonlinear_solver.linesearch.options['print_bound_enforce']=True. 
The bound(s) being violated now are:

C:\Users\MEO\Desktop\Projects\JetEngine\boomsonic_v0\.venv\Lib\site-packages\openmdao\solvers\linesearch\backtracking.py:39: SolverWarning:'OD0.burner.out_stat.ps_resid.Ps' exceeds lower bounds
  Val: [-3.93521865]
  Lower: [-0.0009009]

C:\Users\MEO\Desktop\Projects\JetEngine\boomsonic_v0\.venv\Lib\site-packages\openmdao\solvers\linesearch\backtracking.py:39: SolverWarning:'OD0.burner.out_stat.ps_resid.MN' exceeds lower bounds
  Val: [-0.03914003]
  Lower: [0.001]

C:\Users\MEO\Desktop\Projects\JetEngine\boomsonic_v0\.venv\Lib\site-packages\pycycle\thermo\static_ps_resid.py:128: RuntimeWarning: invalid value encountered in sqrt
  Vsonic = (i['gamma']*i['R']*i['Ts'])**0.5
C:\Users\MEO\Desktop\Projects\JetEngine\boomsonic_v0\.venv\Lib\site-packages\pycycle\thermo\static_ps_resid.py:98: RuntimeWarning: invalid value encountered in power
  ps_guess = inputs['guess:Pt'] * (1 + (gamt-1)/2 * M_guess**2)**(-gamt/(gamt-1))
C:\Users\MEO\Desktop\Projects\JetEngine\boomsonic_v0\.venv\Lib\site-packages\pycycle\thermo\static_ps_resid.py:93: RuntimeWarning: invalid value encountered in power
  f1 = ps - inputs['guess:Pt'] * (1 + (gamt-1)/2 * M_guess**2)**(-gamt/(gamt-1))
C:\Users\MEO\Desktop\Projects\JetEngine\boomsonic_v0\.venv\Lib\site-packages\pycycle\thermo\static_ps_resid.py:94: RuntimeWarning: invalid value encountered in sqrt
  f2 = MN - inputs['W']*(R_UNIVERSAL_SI*inputs['Ts'])**0.5/(ps_guess*1.0e6*inputs['area']*gamt**0.5)
C:\Users\MEO\Desktop\Projects\JetEngine\boomsonic_v0\.venv\Lib\site-packages\pycycle\thermo\static_ps_resid.py:99: RuntimeWarning: The iteration is not making good progress, as measured by the 
 improvement from the last ten iterations.
  ps_guess, M_guess = fsolve(equations, (ps_guess, M_guess))
C:\Users\MEO\Desktop\Projects\JetEngine\boomsonic_v0\.venv\Lib\site-packages\pycycle\thermo\static_ps_resid.py:128: RuntimeWarning: invalid value encountered in sqrt
  Vsonic = (i['gamma']*i['R']*i['Ts'])**0.5
C:\Users\MEO\Desktop\Projects\JetEngine\boomsonic_v0\.venv\Lib\site-packages\pycycle\thermo\static_ps_resid.py:128: RuntimeWarning: invalid value encountered in sqrt
  Vsonic = (i['gamma']*i['R']*i['Ts'])**0.5
C:\Users\MEO\Desktop\Projects\JetEngine\boomsonic_v0\.venv\Lib\site-packages\pycycle\thermo\static_ps_resid.py:128: RuntimeWarning: invalid value encountered in sqrt
  Vsonic = (i['gamma']*i['R']*i['Ts'])**0.5
C:\Users\MEO\Desktop\Projects\JetEngine\boomsonic_v0\.venv\Lib\site-packages\pycycle\thermo\static_ps_resid.py:128: RuntimeWarning: invalid value encountered in sqrt
  Vsonic = (i['gamma']*i['R']*i['Ts'])**0.5
C:\Users\MEO\Desktop\Projects\JetEngine\boomsonic_v0\.venv\Lib\site-packages\pycycle\thermo\static_ps_resid.py:128: RuntimeWarning: invalid value encountered in sqrt
  Vsonic = (i['gamma']*i['R']*i['Ts'])**0.5
C:\Users\MEO\Desktop\Projects\JetEngine\boomsonic_v0\.venv\Lib\site-packages\pycycle\thermo\static_ps_resid.py:108: RuntimeWarning: invalid value encountered in sqrt
  Vsonic = (i['gamma']*i['R']*i['Ts'])**0.5
C:\Users\MEO\Desktop\Projects\JetEngine\boomsonic_v0\.venv\Lib\site-packages\pycycle\thermo\static_ps_resid.py:83: RuntimeWarning: invalid value encountered in power
  ps_guess = inputs['guess:Pt'] * (1 + (gamt-1)/2 * inputs['MN']**2)**(-gamt/(gamt-1))
C:\Users\MEO\Desktop\Projects\JetEngine\boomsonic_v0\.venv\Lib\site-packages\pycycle\thermo\static_ps_resid.py:108: RuntimeWarning: invalid value encountered in sqrt
  Vsonic = (i['gamma']*i['R']*i['Ts'])**0.5
C:\Users\MEO\Desktop\Projects\JetEngine\boomsonic_v0\.venv\Lib\site-packages\pycycle\thermo\static_ps_resid.py:108: RuntimeWarning: invalid value encountered in sqrt
  Vsonic = (i['gamma']*i['R']*i['Ts'])**0.5
C:\Users\MEO\Desktop\Projects\JetEngine\boomsonic_v0\.venv\Lib\site-packages\pycycle\thermo\static_ps_resid.py:108: RuntimeWarning: invalid value encountered in sqrt
  Vsonic = (i['gamma']*i['R']*i['Ts'])**0.5
C:\Users\MEO\Desktop\Projects\JetEngine\boomsonic_v0\.venv\Lib\site-packages\pycycle\thermo\static_ps_resid.py:108: RuntimeWarning: invalid value encountered in sqrt
  Vsonic = (i['gamma']*i['R']*i['Ts'])**0.5
C:\Users\MEO\Desktop\Projects\JetEngine\boomsonic_v0\.venv\Lib\site-packages\pycycle\thermo\static_ps_resid.py:108: RuntimeWarning: invalid value encountered in sqrt
  Vsonic = (i['gamma']*i['R']*i['Ts'])**0.5
C:\Users\MEO\Desktop\Projects\JetEngine\boomsonic_v0\.venv\Lib\site-packages\pycycle\thermo\static_ps_resid.py:108: RuntimeWarning: invalid value encountered in sqrt
  Vsonic = (i['gamma']*i['R']*i['Ts'])**0.5
C:\Users\MEO\Desktop\Projects\JetEngine\boomsonic_v0\.venv\Lib\site-packages\pycycle\thermo\static_ps_resid.py:108: RuntimeWarning: invalid value encountered in sqrt
  Vsonic = (i['gamma']*i['R']*i['Ts'])**0.5
C:\Users\MEO\Desktop\Projects\JetEngine\boomsonic_v0\.venv\Lib\site-packages\pycycle\thermo\static_ps_resid.py:108: RuntimeWarning: invalid value encountered in sqrt
  Vsonic = (i['gamma']*i['R']*i['Ts'])**0.5
C:\Users\MEO\Desktop\Projects\JetEngine\boomsonic_v0\.venv\Lib\site-packages\pycycle\thermo\static_ps_resid.py:108: RuntimeWarning: invalid value encountered in sqrt
  Vsonic = (i['gamma']*i['R']*i['Ts'])**0.5
C:\Users\MEO\Desktop\Projects\JetEngine\boomsonic_v0\.venv\Lib\site-packages\pycycle\thermo\static_ps_resid.py:108: RuntimeWarning: invalid value encountered in sqrt
  Vsonic = (i['gamma']*i['R']*i['Ts'])**0.5
C:\Users\MEO\Desktop\Projects\JetEngine\boomsonic_v0\.venv\Lib\site-packages\pycycle\thermo\static_ps_resid.py:108: RuntimeWarning: invalid value encountered in sqrt
  Vsonic = (i['gamma']*i['R']*i['Ts'])**0.5
C:\Users\MEO\Desktop\Projects\JetEngine\boomsonic_v0\.venv\Lib\site-packages\pycycle\thermo\static_ps_calc.py:32: RuntimeWarning: invalid value encountered in sqrt
  outputs['Vsonic'] = Vsonic = np.sqrt(inputs['gamma'] * inputs['R'] * inputs['Ts'])
C:\Users\MEO\Desktop\Projects\JetEngine\boomsonic_v0\.venv\Lib\site-packages\pycycle\elements\compressor.py:75: RuntimeWarning: invalid value encountered in log
  outputs['eff_poly'] = Rt * np.log(PR) / ( Rt*np.log(PR) + S_out - S_in )
C:\Users\MEO\Desktop\Projects\JetEngine\boomsonic_v0\.venv\Lib\site-packages\pycycle\thermo\static_ps_resid.py:128: RuntimeWarning: invalid value encountered in sqrt
  Vsonic = (i['gamma']*i['R']*i['Ts'])**0.5
C:\Users\MEO\Desktop\Projects\JetEngine\boomsonic_v0\.venv\Lib\site-packages\pycycle\thermo\static_ps_resid.py:98: RuntimeWarning: invalid value encountered in power
  ps_guess = inputs['guess:Pt'] * (1 + (gamt-1)/2 * M_guess**2)**(-gamt/(gamt-1))
C:\Users\MEO\Desktop\Projects\JetEngine\boomsonic_v0\.venv\Lib\site-packages\pycycle\thermo\static_ps_resid.py:93: RuntimeWarning: invalid value encountered in power
  f1 = ps - inputs['guess:Pt'] * (1 + (gamt-1)/2 * M_guess**2)**(-gamt/(gamt-1))
C:\Users\MEO\Desktop\Projects\JetEngine\boomsonic_v0\.venv\Lib\site-packages\pycycle\thermo\static_ps_resid.py:94: RuntimeWarning: invalid value encountered in sqrt
  f2 = MN - inputs['W']*(R_UNIVERSAL_SI*inputs['Ts'])**0.5/(ps_guess*1.0e6*inputs['area']*gamt**0.5)
C:\Users\MEO\Desktop\Projects\JetEngine\boomsonic_v0\.venv\Lib\site-packages\pycycle\thermo\static_ps_resid.py:99: RuntimeWarning: The iteration is not making good progress, as measured by the 
 improvement from the last ten iterations.
  ps_guess, M_guess = fsolve(equations, (ps_guess, M_guess))
C:\Users\MEO\Desktop\Projects\JetEngine\boomsonic_v0\.venv\Lib\site-packages\pycycle\thermo\static_ps_resid.py:83: RuntimeWarning: invalid value encountered in power
  ps_guess = inputs['guess:Pt'] * (1 + (gamt-1)/2 * inputs['MN']**2)**(-gamt/(gamt-1))
C:\Users\MEO\Desktop\Projects\JetEngine\boomsonic_v0\.venv\Lib\site-packages\openmdao\solvers\solver.py:819: SolverWarning:Your model has stalled three times and may be violating the bounds. In the future, turn on print_bound_enforce in your solver options here: 
OD0.comp.ideal_flow.nonlinear_solver.linesearch.options['print_bound_enforce']=True. 
The bound(s) being violated now are:

C:\Users\MEO\Desktop\Projects\JetEngine\boomsonic_v0\.venv\Lib\site-packages\openmdao\solvers\linesearch\backtracking.py:39: SolverWarning:'OD0.comp.ideal_flow.balance.T' exceeds lower bounds
  Val: [-1802486.25122089]
  Lower: [150.]

C:\Users\MEO\Desktop\Projects\JetEngine\boomsonic_v0\.venv\Lib\site-packages\pycycle\elements\compressor.py:75: RuntimeWarning: invalid value encountered in log
  outputs['eff_poly'] = Rt * np.log(PR) / ( Rt*np.log(PR) + S_out - S_in )
C:\Users\MEO\Desktop\Projects\JetEngine\boomsonic_v0\.venv\Lib\site-packages\pycycle\thermo\static_ps_resid.py:128: RuntimeWarning: invalid value encountered in sqrt
  Vsonic = (i['gamma']*i['R']*i['Ts'])**0.5
C:\Users\MEO\Desktop\Projects\JetEngine\boomsonic_v0\.venv\Lib\site-packages\pycycle\thermo\static_ps_resid.py:128: RuntimeWarning: invalid value encountered in sqrt
  Vsonic = (i['gamma']*i['R']*i['Ts'])**0.5
C:\Users\MEO\Desktop\Projects\JetEngine\boomsonic_v0\.venv\Lib\site-packages\pycycle\thermo\static_ps_resid.py:128: RuntimeWarning: invalid value encountered in sqrt
  Vsonic = (i['gamma']*i['R']*i['Ts'])**0.5
C:\Users\MEO\Desktop\Projects\JetEngine\boomsonic_v0\.venv\Lib\site-packages\pycycle\thermo\static_ps_resid.py:128: RuntimeWarning: invalid value encountered in sqrt
  Vsonic = (i['gamma']*i['R']*i['Ts'])**0.5
C:\Users\MEO\Desktop\Projects\JetEngine\boomsonic_v0\.venv\Lib\site-packages\pycycle\thermo\static_ps_resid.py:98: RuntimeWarning: invalid value encountered in power
  ps_guess = inputs['guess:Pt'] * (1 + (gamt-1)/2 * M_guess**2)**(-gamt/(gamt-1))
C:\Users\MEO\Desktop\Projects\JetEngine\boomsonic_v0\.venv\Lib\site-packages\pycycle\thermo\static_ps_resid.py:93: RuntimeWarning: invalid value encountered in power
  f1 = ps - inputs['guess:Pt'] * (1 + (gamt-1)/2 * M_guess**2)**(-gamt/(gamt-1))
C:\Users\MEO\Desktop\Projects\JetEngine\boomsonic_v0\.venv\Lib\site-packages\pycycle\thermo\static_ps_resid.py:94: RuntimeWarning: invalid value encountered in sqrt
  f2 = MN - inputs['W']*(R_UNIVERSAL_SI*inputs['Ts'])**0.5/(ps_guess*1.0e6*inputs['area']*gamt**0.5)
C:\Users\MEO\Desktop\Projects\JetEngine\boomsonic_v0\.venv\Lib\site-packages\pycycle\thermo\static_ps_resid.py:99: RuntimeWarning: The iteration is not making good progress, as measured by the 
 improvement from the last ten iterations.
  ps_guess, M_guess = fsolve(equations, (ps_guess, M_guess))
C:\Users\MEO\Desktop\Projects\JetEngine\boomsonic_v0\.venv\Lib\site-packages\pycycle\thermo\static_ps_resid.py:128: RuntimeWarning: invalid value encountered in sqrt
  Vsonic = (i['gamma']*i['R']*i['Ts'])**0.5
C:\Users\MEO\Desktop\Projects\JetEngine\boomsonic_v0\.venv\Lib\site-packages\pycycle\thermo\static_ps_resid.py:128: RuntimeWarning: invalid value encountered in sqrt
  Vsonic = (i['gamma']*i['R']*i['Ts'])**0.5
C:\Users\MEO\Desktop\Projects\JetEngine\boomsonic_v0\.venv\Lib\site-packages\pycycle\thermo\static_ps_resid.py:128: RuntimeWarning: invalid value encountered in sqrt
  Vsonic = (i['gamma']*i['R']*i['Ts'])**0.5
C:\Users\MEO\Desktop\Projects\JetEngine\boomsonic_v0\.venv\Lib\site-packages\pycycle\thermo\static_ps_resid.py:128: RuntimeWarning: invalid value encountered in sqrt
  Vsonic = (i['gamma']*i['R']*i['Ts'])**0.5
C:\Users\MEO\Desktop\Projects\JetEngine\boomsonic_v0\.venv\Lib\site-packages\pycycle\thermo\static_ps_resid.py:128: RuntimeWarning: invalid value encountered in sqrt
  Vsonic = (i['gamma']*i['R']*i['Ts'])**0.5
C:\Users\MEO\Desktop\Projects\JetEngine\boomsonic_v0\.venv\Lib\site-packages\pycycle\thermo\static_ps_resid.py:128: RuntimeWarning: invalid value encountered in sqrt
  Vsonic = (i['gamma']*i['R']*i['Ts'])**0.5
C:\Users\MEO\Desktop\Projects\JetEngine\boomsonic_v0\.venv\Lib\site-packages\pycycle\thermo\static_ps_resid.py:128: RuntimeWarning: invalid value encountered in sqrt
  Vsonic = (i['gamma']*i['R']*i['Ts'])**0.5
C:\Users\MEO\Desktop\Projects\JetEngine\boomsonic_v0\.venv\Lib\site-packages\pycycle\thermo\static_ps_resid.py:128: RuntimeWarning: invalid value encountered in sqrt
  Vsonic = (i['gamma']*i['R']*i['Ts'])**0.5
C:\Users\MEO\Desktop\Projects\JetEngine\boomsonic_v0\.venv\Lib\site-packages\pycycle\thermo\static_ps_resid.py:128: RuntimeWarning: invalid value encountered in sqrt
  Vsonic = (i['gamma']*i['R']*i['Ts'])**0.5
C:\Users\MEO\Desktop\Projects\JetEngine\boomsonic_v0\.venv\Lib\site-packages\pycycle\thermo\static_ps_resid.py:128: RuntimeWarning: invalid value encountered in sqrt
  Vsonic = (i['gamma']*i['R']*i['Ts'])**0.5
C:\Users\MEO\Desktop\Projects\JetEngine\boomsonic_v0\.venv\Lib\site-packages\pycycle\thermo\static_ps_resid.py:108: RuntimeWarning: invalid value encountered in sqrt
  Vsonic = (i['gamma']*i['R']*i['Ts'])**0.5
C:\Users\MEO\Desktop\Projects\JetEngine\boomsonic_v0\.venv\Lib\site-packages\pycycle\thermo\static_ps_resid.py:83: RuntimeWarning: invalid value encountered in power
  ps_guess = inputs['guess:Pt'] * (1 + (gamt-1)/2 * inputs['MN']**2)**(-gamt/(gamt-1))
C:\Users\MEO\Desktop\Projects\JetEngine\boomsonic_v0\.venv\Lib\site-packages\pycycle\thermo\static_ps_resid.py:108: RuntimeWarning: invalid value encountered in sqrt
  Vsonic = (i['gamma']*i['R']*i['Ts'])**0.5
C:\Users\MEO\Desktop\Projects\JetEngine\boomsonic_v0\.venv\Lib\site-packages\pycycle\thermo\static_ps_resid.py:108: RuntimeWarning: invalid value encountered in sqrt
  Vsonic = (i['gamma']*i['R']*i['Ts'])**0.5
C:\Users\MEO\Desktop\Projects\JetEngine\boomsonic_v0\.venv\Lib\site-packages\pycycle\thermo\static_ps_resid.py:108: RuntimeWarning: invalid value encountered in sqrt
  Vsonic = (i['gamma']*i['R']*i['Ts'])**0.5
C:\Users\MEO\Desktop\Projects\JetEngine\boomsonic_v0\.venv\Lib\site-packages\pycycle\thermo\static_ps_resid.py:108: RuntimeWarning: invalid value encountered in sqrt
  Vsonic = (i['gamma']*i['R']*i['Ts'])**0.5
C:\Users\MEO\Desktop\Projects\JetEngine\boomsonic_v0\.venv\Lib\site-packages\pycycle\thermo\static_ps_resid.py:108: RuntimeWarning: invalid value encountered in sqrt
  Vsonic = (i['gamma']*i['R']*i['Ts'])**0.5
C:\Users\MEO\Desktop\Projects\JetEngine\boomsonic_v0\.venv\Lib\site-packages\pycycle\thermo\static_ps_resid.py:108: RuntimeWarning: invalid value encountered in sqrt
  Vsonic = (i['gamma']*i['R']*i['Ts'])**0.5
C:\Users\MEO\Desktop\Projects\JetEngine\boomsonic_v0\.venv\Lib\site-packages\pycycle\thermo\static_ps_resid.py:108: RuntimeWarning: invalid value encountered in sqrt
  Vsonic = (i['gamma']*i['R']*i['Ts'])**0.5
C:\Users\MEO\Desktop\Projects\JetEngine\boomsonic_v0\.venv\Lib\site-packages\pycycle\thermo\static_ps_resid.py:108: RuntimeWarning: invalid value encountered in sqrt
  Vsonic = (i['gamma']*i['R']*i['Ts'])**0.5
C:\Users\MEO\Desktop\Projects\JetEngine\boomsonic_v0\.venv\Lib\site-packages\pycycle\thermo\static_ps_resid.py:108: RuntimeWarning: invalid value encountered in sqrt
  Vsonic = (i['gamma']*i['R']*i['Ts'])**0.5
C:\Users\MEO\Desktop\Projects\JetEngine\boomsonic_v0\.venv\Lib\site-packages\pycycle\thermo\static_ps_resid.py:108: RuntimeWarning: invalid value encountered in sqrt
  Vsonic = (i['gamma']*i['R']*i['Ts'])**0.5
C:\Users\MEO\Desktop\Projects\JetEngine\boomsonic_v0\.venv\Lib\site-packages\pycycle\thermo\static_ps_resid.py:108: RuntimeWarning: invalid value encountered in sqrt
  Vsonic = (i['gamma']*i['R']*i['Ts'])**0.5
C:\Users\MEO\Desktop\Projects\JetEngine\boomsonic_v0\.venv\Lib\site-packages\pycycle\thermo\static_ps_calc.py:32: RuntimeWarning: invalid value encountered in sqrt
  outputs['Vsonic'] = Vsonic = np.sqrt(inputs['gamma'] * inputs['R'] * inputs['Ts'])
C:\Users\MEO\Desktop\Projects\JetEngine\boomsonic_v0\.venv\Lib\site-packages\pycycle\elements\compressor.py:75: RuntimeWarning: invalid value encountered in log
  outputs['eff_poly'] = Rt * np.log(PR) / ( Rt*np.log(PR) + S_out - S_in )
C:\Users\MEO\Desktop\Projects\JetEngine\boomsonic_v0\.venv\Lib\site-packages\pycycle\thermo\static_ps_resid.py:128: RuntimeWarning: invalid value encountered in sqrt
  Vsonic = (i['gamma']*i['R']*i['Ts'])**0.5
C:\Users\MEO\Desktop\Projects\JetEngine\boomsonic_v0\.venv\Lib\site-packages\pycycle\thermo\static_ps_resid.py:98: RuntimeWarning: invalid value encountered in power
  ps_guess = inputs['guess:Pt'] * (1 + (gamt-1)/2 * M_guess**2)**(-gamt/(gamt-1))
C:\Users\MEO\Desktop\Projects\JetEngine\boomsonic_v0\.venv\Lib\site-packages\pycycle\thermo\static_ps_resid.py:93: RuntimeWarning: invalid value encountered in power
  f1 = ps - inputs['guess:Pt'] * (1 + (gamt-1)/2 * M_guess**2)**(-gamt/(gamt-1))
C:\Users\MEO\Desktop\Projects\JetEngine\boomsonic_v0\.venv\Lib\site-packages\pycycle\thermo\static_ps_resid.py:94: RuntimeWarning: invalid value encountered in sqrt
  f2 = MN - inputs['W']*(R_UNIVERSAL_SI*inputs['Ts'])**0.5/(ps_guess*1.0e6*inputs['area']*gamt**0.5)
C:\Users\MEO\Desktop\Projects\JetEngine\boomsonic_v0\.venv\Lib\site-packages\pycycle\thermo\static_ps_resid.py:99: RuntimeWarning: The iteration is not making good progress, as measured by the 
 improvement from the last ten iterations.
  ps_guess, M_guess = fsolve(equations, (ps_guess, M_guess))
C:\Users\MEO\Desktop\Projects\JetEngine\boomsonic_v0\.venv\Lib\site-packages\pycycle\thermo\static_ps_resid.py:83: RuntimeWarning: invalid value encountered in power
  ps_guess = inputs['guess:Pt'] * (1 + (gamt-1)/2 * inputs['MN']**2)**(-gamt/(gamt-1))
C:\Users\MEO\Desktop\Projects\JetEngine\boomsonic_v0\.venv\Lib\site-packages\pycycle\thermo\static_ps_resid.py:128: RuntimeWarning: invalid value encountered in sqrt
  Vsonic = (i['gamma']*i['R']*i['Ts'])**0.5
C:\Users\MEO\Desktop\Projects\JetEngine\boomsonic_v0\.venv\Lib\site-packages\pycycle\thermo\static_ps_resid.py:128: RuntimeWarning: invalid value encountered in sqrt
  Vsonic = (i['gamma']*i['R']*i['Ts'])**0.5
C:\Users\MEO\Desktop\Projects\JetEngine\boomsonic_v0\.venv\Lib\site-packages\pycycle\thermo\static_ps_resid.py:128: RuntimeWarning: invalid value encountered in sqrt
  Vsonic = (i['gamma']*i['R']*i['Ts'])**0.5
C:\Users\MEO\Desktop\Projects\JetEngine\boomsonic_v0\.venv\Lib\site-packages\pycycle\thermo\static_ps_resid.py:108: RuntimeWarning: invalid value encountered in sqrt
  Vsonic = (i['gamma']*i['R']*i['Ts'])**0.5
C:\Users\MEO\Desktop\Projects\JetEngine\boomsonic_v0\.venv\Lib\site-packages\pycycle\elements\turbine.py:40: RuntimeWarning: invalid value encountered in sqrt
  outputs['Wp'] = inputs['W_in'] * inputs['Tt']**0.5 / inputs['Pt']
C:\Users\MEO\Desktop\Projects\JetEngine\boomsonic_v0\.venv\Lib\site-packages\pycycle\elements\turbine.py:41: RuntimeWarning: invalid value encountered in power
  outputs['Np'] = inputs['Nmech'] * inputs['Tt']**-0.5
C:\Users\MEO\Desktop\Projects\JetEngine\boomsonic_v0\.venv\Lib\site-packages\pycycle\elements\turbine.py:89: RuntimeWarning: invalid value encountered in log
  outputs['eff_poly'] = 1 + (S_out-S_in)/(Rt*np.log(invPR))
C:\Users\MEO\Desktop\Projects\JetEngine\boomsonic_v0\.venv\Lib\site-packages\openmdao\solvers\solver.py:819: SolverWarning:Your model has stalled three times and may be violating the bounds. In the future, turn on print_bound_enforce in your solver options here: 
OD0.comp.ideal_flow.nonlinear_solver.linesearch.options['print_bound_enforce']=True. 
The bound(s) being violated now are:

C:\Users\MEO\Desktop\Projects\JetEngine\boomsonic_v0\.venv\Lib\site-packages\openmdao\solvers\linesearch\backtracking.py:39: SolverWarning:'OD0.comp.ideal_flow.balance.T' exceeds lower bounds
  Val: [-7610133.60995833]
  Lower: [150.]

C:\Users\MEO\Desktop\Projects\JetEngine\boomsonic_v0\.venv\Lib\site-packages\pycycle\elements\compressor.py:75: RuntimeWarning: invalid value encountered in log
  outputs['eff_poly'] = Rt * np.log(PR) / ( Rt*np.log(PR) + S_out - S_in )
C:\Users\MEO\Desktop\Projects\JetEngine\boomsonic_v0\.venv\Lib\site-packages\pycycle\thermo\static_ps_resid.py:98: RuntimeWarning: invalid value encountered in power
  ps_guess = inputs['guess:Pt'] * (1 + (gamt-1)/2 * M_guess**2)**(-gamt/(gamt-1))
C:\Users\MEO\Desktop\Projects\JetEngine\boomsonic_v0\.venv\Lib\site-packages\pycycle\thermo\static_ps_resid.py:93: RuntimeWarning: invalid value encountered in power
  f1 = ps - inputs['guess:Pt'] * (1 + (gamt-1)/2 * M_guess**2)**(-gamt/(gamt-1))
C:\Users\MEO\Desktop\Projects\JetEngine\boomsonic_v0\.venv\Lib\site-packages\pycycle\thermo\static_ps_resid.py:94: RuntimeWarning: invalid value encountered in sqrt
  f2 = MN - inputs['W']*(R_UNIVERSAL_SI*inputs['Ts'])**0.5/(ps_guess*1.0e6*inputs['area']*gamt**0.5)
C:\Users\MEO\Desktop\Projects\JetEngine\boomsonic_v0\.venv\Lib\site-packages\pycycle\thermo\static_ps_resid.py:99: RuntimeWarning: The iteration is not making good progress, as measured by the 
 improvement from the last ten iterations.
  ps_guess, M_guess = fsolve(equations, (ps_guess, M_guess))
C:\Users\MEO\Desktop\Projects\JetEngine\boomsonic_v0\.venv\Lib\site-packages\pycycle\thermo\static_ps_resid.py:128: RuntimeWarning: invalid value encountered in sqrt
  Vsonic = (i['gamma']*i['R']*i['Ts'])**0.5
C:\Users\MEO\Desktop\Projects\JetEngine\boomsonic_v0\.venv\Lib\site-packages\pycycle\thermo\static_ps_resid.py:128: RuntimeWarning: invalid value encountered in sqrt
  Vsonic = (i['gamma']*i['R']*i['Ts'])**0.5
C:\Users\MEO\Desktop\Projects\JetEngine\boomsonic_v0\.venv\Lib\site-packages\pycycle\thermo\static_ps_resid.py:128: RuntimeWarning: invalid value encountered in sqrt
  Vsonic = (i['gamma']*i['R']*i['Ts'])**0.5
C:\Users\MEO\Desktop\Projects\JetEngine\boomsonic_v0\.venv\Lib\site-packages\pycycle\thermo\static_ps_resid.py:128: RuntimeWarning: invalid value encountered in sqrt
  Vsonic = (i['gamma']*i['R']*i['Ts'])**0.5
C:\Users\MEO\Desktop\Projects\JetEngine\boomsonic_v0\.venv\Lib\site-packages\pycycle\thermo\static_ps_resid.py:128: RuntimeWarning: invalid value encountered in sqrt
  Vsonic = (i['gamma']*i['R']*i['Ts'])**0.5
C:\Users\MEO\Desktop\Projects\JetEngine\boomsonic_v0\.venv\Lib\site-packages\pycycle\thermo\static_ps_resid.py:128: RuntimeWarning: invalid value encountered in sqrt
  Vsonic = (i['gamma']*i['R']*i['Ts'])**0.5
C:\Users\MEO\Desktop\Projects\JetEngine\boomsonic_v0\.venv\Lib\site-packages\pycycle\thermo\static_ps_resid.py:128: RuntimeWarning: invalid value encountered in sqrt
  Vsonic = (i['gamma']*i['R']*i['Ts'])**0.5
C:\Users\MEO\Desktop\Projects\JetEngine\boomsonic_v0\.venv\Lib\site-packages\pycycle\thermo\static_ps_resid.py:98: RuntimeWarning: invalid value encountered in power
  ps_guess = inputs['guess:Pt'] * (1 + (gamt-1)/2 * M_guess**2)**(-gamt/(gamt-1))
C:\Users\MEO\Desktop\Projects\JetEngine\boomsonic_v0\.venv\Lib\site-packages\pycycle\thermo\static_ps_resid.py:93: RuntimeWarning: invalid value encountered in power
  f1 = ps - inputs['guess:Pt'] * (1 + (gamt-1)/2 * M_guess**2)**(-gamt/(gamt-1))
C:\Users\MEO\Desktop\Projects\JetEngine\boomsonic_v0\.venv\Lib\site-packages\pycycle\thermo\static_ps_resid.py:94: RuntimeWarning: invalid value encountered in sqrt
  f2 = MN - inputs['W']*(R_UNIVERSAL_SI*inputs['Ts'])**0.5/(ps_guess*1.0e6*inputs['area']*gamt**0.5)
C:\Users\MEO\Desktop\Projects\JetEngine\boomsonic_v0\.venv\Lib\site-packages\pycycle\thermo\static_ps_resid.py:99: RuntimeWarning: The iteration is not making good progress, as measured by the 
 improvement from the last ten iterations.
  ps_guess, M_guess = fsolve(equations, (ps_guess, M_guess))
C:\Users\MEO\Desktop\Projects\JetEngine\boomsonic_v0\.venv\Lib\site-packages\pycycle\thermo\static_ps_resid.py:128: RuntimeWarning: invalid value encountered in sqrt
  Vsonic = (i['gamma']*i['R']*i['Ts'])**0.5
C:\Users\MEO\Desktop\Projects\JetEngine\boomsonic_v0\.venv\Lib\site-packages\pycycle\thermo\static_ps_resid.py:128: RuntimeWarning: invalid value encountered in sqrt
  Vsonic = (i['gamma']*i['R']*i['Ts'])**0.5
C:\Users\MEO\Desktop\Projects\JetEngine\boomsonic_v0\.venv\Lib\site-packages\pycycle\thermo\static_ps_resid.py:128: RuntimeWarning: invalid value encountered in sqrt
  Vsonic = (i['gamma']*i['R']*i['Ts'])**0.5
C:\Users\MEO\Desktop\Projects\JetEngine\boomsonic_v0\.venv\Lib\site-packages\pycycle\thermo\static_ps_resid.py:128: RuntimeWarning: invalid value encountered in sqrt
  Vsonic = (i['gamma']*i['R']*i['Ts'])**0.5
C:\Users\MEO\Desktop\Projects\JetEngine\boomsonic_v0\.venv\Lib\site-packages\pycycle\thermo\static_ps_resid.py:128: RuntimeWarning: invalid value encountered in sqrt
  Vsonic = (i['gamma']*i['R']*i['Ts'])**0.5
C:\Users\MEO\Desktop\Projects\JetEngine\boomsonic_v0\.venv\Lib\site-packages\pycycle\thermo\static_ps_resid.py:128: RuntimeWarning: invalid value encountered in sqrt
  Vsonic = (i['gamma']*i['R']*i['Ts'])**0.5
C:\Users\MEO\Desktop\Projects\JetEngine\boomsonic_v0\.venv\Lib\site-packages\pycycle\thermo\static_ps_resid.py:128: RuntimeWarning: invalid value encountered in sqrt
  Vsonic = (i['gamma']*i['R']*i['Ts'])**0.5
C:\Users\MEO\Desktop\Projects\JetEngine\boomsonic_v0\.venv\Lib\site-packages\pycycle\thermo\static_ps_resid.py:98: RuntimeWarning: invalid value encountered in power
  ps_guess = inputs['guess:Pt'] * (1 + (gamt-1)/2 * M_guess**2)**(-gamt/(gamt-1))
C:\Users\MEO\Desktop\Projects\JetEngine\boomsonic_v0\.venv\Lib\site-packages\pycycle\thermo\static_ps_resid.py:93: RuntimeWarning: invalid value encountered in power
  f1 = ps - inputs['guess:Pt'] * (1 + (gamt-1)/2 * M_guess**2)**(-gamt/(gamt-1))
C:\Users\MEO\Desktop\Projects\JetEngine\boomsonic_v0\.venv\Lib\site-packages\pycycle\thermo\static_ps_resid.py:94: RuntimeWarning: invalid value encountered in sqrt
  f2 = MN - inputs['W']*(R_UNIVERSAL_SI*inputs['Ts'])**0.5/(ps_guess*1.0e6*inputs['area']*gamt**0.5)
C:\Users\MEO\Desktop\Projects\JetEngine\boomsonic_v0\.venv\Lib\site-packages\pycycle\thermo\static_ps_resid.py:99: RuntimeWarning: The iteration is not making good progress, as measured by the 
 improvement from the last ten iterations.
  ps_guess, M_guess = fsolve(equations, (ps_guess, M_guess))
C:\Users\MEO\Desktop\Projects\JetEngine\boomsonic_v0\.venv\Lib\site-packages\pycycle\thermo\static_ps_resid.py:128: RuntimeWarning: invalid value encountered in sqrt
  Vsonic = (i['gamma']*i['R']*i['Ts'])**0.5
C:\Users\MEO\Desktop\Projects\JetEngine\boomsonic_v0\.venv\Lib\site-packages\pycycle\thermo\static_ps_resid.py:128: RuntimeWarning: invalid value encountered in sqrt
  Vsonic = (i['gamma']*i['R']*i['Ts'])**0.5
C:\Users\MEO\Desktop\Projects\JetEngine\boomsonic_v0\.venv\Lib\site-packages\pycycle\thermo\static_ps_resid.py:128: RuntimeWarning: invalid value encountered in sqrt
  Vsonic = (i['gamma']*i['R']*i['Ts'])**0.5
C:\Users\MEO\Desktop\Projects\JetEngine\boomsonic_v0\.venv\Lib\site-packages\pycycle\thermo\static_ps_resid.py:128: RuntimeWarning: invalid value encountered in sqrt
  Vsonic = (i['gamma']*i['R']*i['Ts'])**0.5
C:\Users\MEO\Desktop\Projects\JetEngine\boomsonic_v0\.venv\Lib\site-packages\pycycle\thermo\static_ps_resid.py:128: RuntimeWarning: invalid value encountered in sqrt
  Vsonic = (i['gamma']*i['R']*i['Ts'])**0.5
C:\Users\MEO\Desktop\Projects\JetEngine\boomsonic_v0\.venv\Lib\site-packages\pycycle\thermo\static_ps_resid.py:128: RuntimeWarning: invalid value encountered in sqrt
  Vsonic = (i['gamma']*i['R']*i['Ts'])**0.5
C:\Users\MEO\Desktop\Projects\JetEngine\boomsonic_v0\.venv\Lib\site-packages\pycycle\thermo\static_ps_resid.py:128: RuntimeWarning: invalid value encountered in sqrt
  Vsonic = (i['gamma']*i['R']*i['Ts'])**0.5
C:\Users\MEO\Desktop\Projects\JetEngine\boomsonic_v0\.venv\Lib\site-packages\pycycle\thermo\static_ps_resid.py:83: RuntimeWarning: invalid value encountered in power
  ps_guess = inputs['guess:Pt'] * (1 + (gamt-1)/2 * inputs['MN']**2)**(-gamt/(gamt-1))
C:\Users\MEO\Desktop\Projects\JetEngine\boomsonic_v0\.venv\Lib\site-packages\pycycle\thermo\static_ps_resid.py:108: RuntimeWarning: invalid value encountered in sqrt
  Vsonic = (i['gamma']*i['R']*i['Ts'])**0.5
C:\Users\MEO\Desktop\Projects\JetEngine\boomsonic_v0\.venv\Lib\site-packages\pycycle\thermo\static_ps_resid.py:108: RuntimeWarning: invalid value encountered in sqrt
  Vsonic = (i['gamma']*i['R']*i['Ts'])**0.5
C:\Users\MEO\Desktop\Projects\JetEngine\boomsonic_v0\.venv\Lib\site-packages\pycycle\thermo\static_ps_resid.py:108: RuntimeWarning: invalid value encountered in sqrt
  Vsonic = (i['gamma']*i['R']*i['Ts'])**0.5
C:\Users\MEO\Desktop\Projects\JetEngine\boomsonic_v0\.venv\Lib\site-packages\pycycle\thermo\static_ps_resid.py:108: RuntimeWarning: invalid value encountered in sqrt
  Vsonic = (i['gamma']*i['R']*i['Ts'])**0.5
C:\Users\MEO\Desktop\Projects\JetEngine\boomsonic_v0\.venv\Lib\site-packages\pycycle\thermo\static_ps_resid.py:108: RuntimeWarning: invalid value encountered in sqrt
  Vsonic = (i['gamma']*i['R']*i['Ts'])**0.5
C:\Users\MEO\Desktop\Projects\JetEngine\boomsonic_v0\.venv\Lib\site-packages\pycycle\thermo\static_ps_resid.py:108: RuntimeWarning: invalid value encountered in sqrt
  Vsonic = (i['gamma']*i['R']*i['Ts'])**0.5
C:\Users\MEO\Desktop\Projects\JetEngine\boomsonic_v0\.venv\Lib\site-packages\pycycle\thermo\static_ps_resid.py:108: RuntimeWarning: invalid value encountered in sqrt
  Vsonic = (i['gamma']*i['R']*i['Ts'])**0.5
C:\Users\MEO\Desktop\Projects\JetEngine\boomsonic_v0\.venv\Lib\site-packages\pycycle\thermo\static_ps_resid.py:108: RuntimeWarning: invalid value encountered in sqrt
  Vsonic = (i['gamma']*i['R']*i['Ts'])**0.5
C:\Users\MEO\Desktop\Projects\JetEngine\boomsonic_v0\.venv\Lib\site-packages\pycycle\thermo\static_ps_resid.py:108: RuntimeWarning: invalid value encountered in sqrt
  Vsonic = (i['gamma']*i['R']*i['Ts'])**0.5
C:\Users\MEO\Desktop\Projects\JetEngine\boomsonic_v0\.venv\Lib\site-packages\pycycle\thermo\static_ps_resid.py:108: RuntimeWarning: invalid value encountered in sqrt
  Vsonic = (i['gamma']*i['R']*i['Ts'])**0.5
C:\Users\MEO\Desktop\Projects\JetEngine\boomsonic_v0\.venv\Lib\site-packages\pycycle\thermo\static_ps_calc.py:32: RuntimeWarning: invalid value encountered in sqrt
  outputs['Vsonic'] = Vsonic = np.sqrt(inputs['gamma'] * inputs['R'] * inputs['Ts'])
C:\Users\MEO\Desktop\Projects\JetEngine\boomsonic_v0\.venv\Lib\site-packages\pycycle\thermo\static_ps_calc.py:32: RuntimeWarning: invalid value encountered in sqrt
  outputs['Vsonic'] = Vsonic = np.sqrt(inputs['gamma'] * inputs['R'] * inputs['Ts'])
C:\Users\MEO\Desktop\Projects\JetEngine\boomsonic_v0\.venv\Lib\site-packages\pycycle\elements\compressor.py:75: RuntimeWarning: invalid value encountered in log
  outputs['eff_poly'] = Rt * np.log(PR) / ( Rt*np.log(PR) + S_out - S_in )
C:\Users\MEO\Desktop\Projects\JetEngine\boomsonic_v0\.venv\Lib\site-packages\pycycle\thermo\static_ps_resid.py:128: RuntimeWarning: invalid value encountered in sqrt
  Vsonic = (i['gamma']*i['R']*i['Ts'])**0.5
C:\Users\MEO\Desktop\Projects\JetEngine\boomsonic_v0\.venv\Lib\site-packages\pycycle\thermo\static_ps_resid.py:108: RuntimeWarning: invalid value encountered in sqrt
  Vsonic = (i['gamma']*i['R']*i['Ts'])**0.5
C:\Users\MEO\Desktop\Projects\JetEngine\boomsonic_v0\.venv\Lib\site-packages\pycycle\thermo\static_ps_resid.py:98: RuntimeWarning: invalid value encountered in power
  ps_guess = inputs['guess:Pt'] * (1 + (gamt-1)/2 * M_guess**2)**(-gamt/(gamt-1))
C:\Users\MEO\Desktop\Projects\JetEngine\boomsonic_v0\.venv\Lib\site-packages\pycycle\thermo\static_ps_resid.py:93: RuntimeWarning: invalid value encountered in power
  f1 = ps - inputs['guess:Pt'] * (1 + (gamt-1)/2 * M_guess**2)**(-gamt/(gamt-1))
C:\Users\MEO\Desktop\Projects\JetEngine\boomsonic_v0\.venv\Lib\site-packages\pycycle\thermo\static_ps_resid.py:94: RuntimeWarning: invalid value encountered in sqrt
  f2 = MN - inputs['W']*(R_UNIVERSAL_SI*inputs['Ts'])**0.5/(ps_guess*1.0e6*inputs['area']*gamt**0.5)
C:\Users\MEO\Desktop\Projects\JetEngine\boomsonic_v0\.venv\Lib\site-packages\pycycle\thermo\static_ps_resid.py:99: RuntimeWarning: The iteration is not making good progress, as measured by the 
 improvement from the last ten iterations.
  ps_guess, M_guess = fsolve(equations, (ps_guess, M_guess))
C:\Users\MEO\Desktop\Projects\JetEngine\boomsonic_v0\.venv\Lib\site-packages\pycycle\thermo\static_ps_resid.py:83: RuntimeWarning: invalid value encountered in power
  ps_guess = inputs['guess:Pt'] * (1 + (gamt-1)/2 * inputs['MN']**2)**(-gamt/(gamt-1))
C:\Users\MEO\Desktop\Projects\JetEngine\boomsonic_v0\.venv\Lib\site-packages\openmdao\solvers\solver.py:819: SolverWarning:Your model has stalled three times and may be violating the bounds. In the future, turn on print_bound_enforce in your solver options here: 
OD0.comp.ideal_flow.nonlinear_solver.linesearch.options['print_bound_enforce']=True. 
The bound(s) being violated now are:

C:\Users\MEO\Desktop\Projects\JetEngine\boomsonic_v0\.venv\Lib\site-packages\openmdao\solvers\linesearch\backtracking.py:39: SolverWarning:'OD0.comp.ideal_flow.balance.T' exceeds lower bounds
  Val: [-7610133.60995833]
  Lower: [150.]

C:\Users\MEO\Desktop\Projects\JetEngine\boomsonic_v0\.venv\Lib\site-packages\pycycle\elements\compressor.py:75: RuntimeWarning: invalid value encountered in log
  outputs['eff_poly'] = Rt * np.log(PR) / ( Rt*np.log(PR) + S_out - S_in )
C:\Users\MEO\Desktop\Projects\JetEngine\boomsonic_v0\.venv\Lib\site-packages\pycycle\thermo\static_ps_resid.py:128: RuntimeWarning: invalid value encountered in sqrt
  Vsonic = (i['gamma']*i['R']*i['Ts'])**0.5
C:\Users\MEO\Desktop\Projects\JetEngine\boomsonic_v0\.venv\Lib\site-packages\pycycle\thermo\static_ps_resid.py:128: RuntimeWarning: invalid value encountered in sqrt
  Vsonic = (i['gamma']*i['R']*i['Ts'])**0.5
C:\Users\MEO\Desktop\Projects\JetEngine\boomsonic_v0\.venv\Lib\site-packages\pycycle\thermo\static_ps_resid.py:128: RuntimeWarning: invalid value encountered in sqrt
  Vsonic = (i['gamma']*i['R']*i['Ts'])**0.5
C:\Users\MEO\Desktop\Projects\JetEngine\boomsonic_v0\.venv\Lib\site-packages\pycycle\thermo\static_ps_resid.py:128: RuntimeWarning: invalid value encountered in sqrt
  Vsonic = (i['gamma']*i['R']*i['Ts'])**0.5
C:\Users\MEO\Desktop\Projects\JetEngine\boomsonic_v0\.venv\Lib\site-packages\pycycle\thermo\static_ps_resid.py:128: RuntimeWarning: invalid value encountered in sqrt
  Vsonic = (i['gamma']*i['R']*i['Ts'])**0.5
C:\Users\MEO\Desktop\Projects\JetEngine\boomsonic_v0\.venv\Lib\site-packages\pycycle\thermo\static_ps_resid.py:98: RuntimeWarning: invalid value encountered in power
  ps_guess = inputs['guess:Pt'] * (1 + (gamt-1)/2 * M_guess**2)**(-gamt/(gamt-1))
C:\Users\MEO\Desktop\Projects\JetEngine\boomsonic_v0\.venv\Lib\site-packages\pycycle\thermo\static_ps_resid.py:93: RuntimeWarning: invalid value encountered in power
  f1 = ps - inputs['guess:Pt'] * (1 + (gamt-1)/2 * M_guess**2)**(-gamt/(gamt-1))
C:\Users\MEO\Desktop\Projects\JetEngine\boomsonic_v0\.venv\Lib\site-packages\pycycle\thermo\static_ps_resid.py:94: RuntimeWarning: invalid value encountered in sqrt
  f2 = MN - inputs['W']*(R_UNIVERSAL_SI*inputs['Ts'])**0.5/(ps_guess*1.0e6*inputs['area']*gamt**0.5)
C:\Users\MEO\Desktop\Projects\JetEngine\boomsonic_v0\.venv\Lib\site-packages\pycycle\thermo\static_ps_resid.py:99: RuntimeWarning: The iteration is not making good progress, as measured by the 
 improvement from the last ten iterations.
  ps_guess, M_guess = fsolve(equations, (ps_guess, M_guess))
C:\Users\MEO\Desktop\Projects\JetEngine\boomsonic_v0\.venv\Lib\site-packages\pycycle\thermo\static_ps_resid.py:128: RuntimeWarning: invalid value encountered in sqrt
  Vsonic = (i['gamma']*i['R']*i['Ts'])**0.5
C:\Users\MEO\Desktop\Projects\JetEngine\boomsonic_v0\.venv\Lib\site-packages\pycycle\thermo\static_ps_resid.py:128: RuntimeWarning: invalid value encountered in sqrt
  Vsonic = (i['gamma']*i['R']*i['Ts'])**0.5
C:\Users\MEO\Desktop\Projects\JetEngine\boomsonic_v0\.venv\Lib\site-packages\pycycle\thermo\static_ps_resid.py:128: RuntimeWarning: invalid value encountered in sqrt
  Vsonic = (i['gamma']*i['R']*i['Ts'])**0.5
C:\Users\MEO\Desktop\Projects\JetEngine\boomsonic_v0\.venv\Lib\site-packages\pycycle\thermo\static_ps_resid.py:128: RuntimeWarning: invalid value encountered in sqrt
  Vsonic = (i['gamma']*i['R']*i['Ts'])**0.5
C:\Users\MEO\Desktop\Projects\JetEngine\boomsonic_v0\.venv\Lib\site-packages\pycycle\thermo\static_ps_resid.py:128: RuntimeWarning: invalid value encountered in sqrt
  Vsonic = (i['gamma']*i['R']*i['Ts'])**0.5
C:\Users\MEO\Desktop\Projects\JetEngine\boomsonic_v0\.venv\Lib\site-packages\pycycle\thermo\static_ps_resid.py:128: RuntimeWarning: invalid value encountered in sqrt
  Vsonic = (i['gamma']*i['R']*i['Ts'])**0.5
C:\Users\MEO\Desktop\Projects\JetEngine\boomsonic_v0\.venv\Lib\site-packages\pycycle\thermo\static_ps_resid.py:128: RuntimeWarning: invalid value encountered in sqrt
  Vsonic = (i['gamma']*i['R']*i['Ts'])**0.5
C:\Users\MEO\Desktop\Projects\JetEngine\boomsonic_v0\.venv\Lib\site-packages\pycycle\thermo\static_ps_resid.py:128: RuntimeWarning: invalid value encountered in sqrt
  Vsonic = (i['gamma']*i['R']*i['Ts'])**0.5
C:\Users\MEO\Desktop\Projects\JetEngine\boomsonic_v0\.venv\Lib\site-packages\pycycle\thermo\static_ps_resid.py:108: RuntimeWarning: invalid value encountered in sqrt
  Vsonic = (i['gamma']*i['R']*i['Ts'])**0.5
C:\Users\MEO\Desktop\Projects\JetEngine\boomsonic_v0\.venv\Lib\site-packages\pycycle\thermo\static_ps_resid.py:83: RuntimeWarning: invalid value encountered in power
  ps_guess = inputs['guess:Pt'] * (1 + (gamt-1)/2 * inputs['MN']**2)**(-gamt/(gamt-1))
C:\Users\MEO\Desktop\Projects\JetEngine\boomsonic_v0\.venv\Lib\site-packages\pycycle\thermo\static_ps_resid.py:108: RuntimeWarning: invalid value encountered in sqrt
  Vsonic = (i['gamma']*i['R']*i['Ts'])**0.5
C:\Users\MEO\Desktop\Projects\JetEngine\boomsonic_v0\.venv\Lib\site-packages\pycycle\thermo\static_ps_resid.py:108: RuntimeWarning: invalid value encountered in sqrt
  Vsonic = (i['gamma']*i['R']*i['Ts'])**0.5
C:\Users\MEO\Desktop\Projects\JetEngine\boomsonic_v0\.venv\Lib\site-packages\pycycle\thermo\static_ps_resid.py:108: RuntimeWarning: invalid value encountered in sqrt
  Vsonic = (i['gamma']*i['R']*i['Ts'])**0.5
C:\Users\MEO\Desktop\Projects\JetEngine\boomsonic_v0\.venv\Lib\site-packages\pycycle\thermo\static_ps_resid.py:108: RuntimeWarning: invalid value encountered in sqrt
  Vsonic = (i['gamma']*i['R']*i['Ts'])**0.5
C:\Users\MEO\Desktop\Projects\JetEngine\boomsonic_v0\.venv\Lib\site-packages\pycycle\thermo\static_ps_resid.py:108: RuntimeWarning: invalid value encountered in sqrt
  Vsonic = (i['gamma']*i['R']*i['Ts'])**0.5
C:\Users\MEO\Desktop\Projects\JetEngine\boomsonic_v0\.venv\Lib\site-packages\pycycle\thermo\static_ps_resid.py:108: RuntimeWarning: invalid value encountered in sqrt
  Vsonic = (i['gamma']*i['R']*i['Ts'])**0.5
C:\Users\MEO\Desktop\Projects\JetEngine\boomsonic_v0\.venv\Lib\site-packages\pycycle\thermo\static_ps_resid.py:108: RuntimeWarning: invalid value encountered in sqrt
  Vsonic = (i['gamma']*i['R']*i['Ts'])**0.5
C:\Users\MEO\Desktop\Projects\JetEngine\boomsonic_v0\.venv\Lib\site-packages\pycycle\thermo\static_ps_resid.py:108: RuntimeWarning: invalid value encountered in sqrt
  Vsonic = (i['gamma']*i['R']*i['Ts'])**0.5
C:\Users\MEO\Desktop\Projects\JetEngine\boomsonic_v0\.venv\Lib\site-packages\pycycle\thermo\static_ps_resid.py:108: RuntimeWarning: invalid value encountered in sqrt
  Vsonic = (i['gamma']*i['R']*i['Ts'])**0.5
C:\Users\MEO\Desktop\Projects\JetEngine\boomsonic_v0\.venv\Lib\site-packages\pycycle\thermo\static_ps_resid.py:108: RuntimeWarning: invalid value encountered in sqrt
  Vsonic = (i['gamma']*i['R']*i['Ts'])**0.5
C:\Users\MEO\Desktop\Projects\JetEngine\boomsonic_v0\.venv\Lib\site-packages\pycycle\thermo\static_ps_resid.py:108: RuntimeWarning: invalid value encountered in sqrt
  Vsonic = (i['gamma']*i['R']*i['Ts'])**0.5
C:\Users\MEO\Desktop\Projects\JetEngine\boomsonic_v0\.venv\Lib\site-packages\pycycle\thermo\static_ps_calc.py:32: RuntimeWarning: invalid value encountered in sqrt
  outputs['Vsonic'] = Vsonic = np.sqrt(inputs['gamma'] * inputs['R'] * inputs['Ts'])
C:\Users\MEO\Desktop\Projects\JetEngine\boomsonic_v0\.venv\Lib\site-packages\pycycle\elements\compressor.py:75: RuntimeWarning: invalid value encountered in log
  outputs['eff_poly'] = Rt * np.log(PR) / ( Rt*np.log(PR) + S_out - S_in )
C:\Users\MEO\Desktop\Projects\JetEngine\boomsonic_v0\.venv\Lib\site-packages\pycycle\thermo\static_ps_resid.py:128: RuntimeWarning: invalid value encountered in sqrt
  Vsonic = (i['gamma']*i['R']*i['Ts'])**0.5
C:\Users\MEO\Desktop\Projects\JetEngine\boomsonic_v0\.venv\Lib\site-packages\pycycle\thermo\static_ps_resid.py:98: RuntimeWarning: invalid value encountered in power
  ps_guess = inputs['guess:Pt'] * (1 + (gamt-1)/2 * M_guess**2)**(-gamt/(gamt-1))
C:\Users\MEO\Desktop\Projects\JetEngine\boomsonic_v0\.venv\Lib\site-packages\pycycle\thermo\static_ps_resid.py:93: RuntimeWarning: invalid value encountered in power
  f1 = ps - inputs['guess:Pt'] * (1 + (gamt-1)/2 * M_guess**2)**(-gamt/(gamt-1))
C:\Users\MEO\Desktop\Projects\JetEngine\boomsonic_v0\.venv\Lib\site-packages\pycycle\thermo\static_ps_resid.py:94: RuntimeWarning: invalid value encountered in sqrt
  f2 = MN - inputs['W']*(R_UNIVERSAL_SI*inputs['Ts'])**0.5/(ps_guess*1.0e6*inputs['area']*gamt**0.5)
C:\Users\MEO\Desktop\Projects\JetEngine\boomsonic_v0\.venv\Lib\site-packages\pycycle\thermo\static_ps_resid.py:99: RuntimeWarning: The iteration is not making good progress, as measured by the 
 improvement from the last ten iterations.
  ps_guess, M_guess = fsolve(equations, (ps_guess, M_guess))
C:\Users\MEO\Desktop\Projects\JetEngine\boomsonic_v0\.venv\Lib\site-packages\pycycle\thermo\static_ps_resid.py:83: RuntimeWarning: invalid value encountered in power
  ps_guess = inputs['guess:Pt'] * (1 + (gamt-1)/2 * inputs['MN']**2)**(-gamt/(gamt-1))
C:\Users\MEO\Desktop\Projects\JetEngine\boomsonic_v0\.venv\Lib\site-packages\openmdao\solvers\solver.py:819: SolverWarning:Your model has stalled three times and may be violating the bounds. In the future, turn on print_bound_enforce in your solver options here: 
OD0.comp.ideal_flow.nonlinear_solver.linesearch.options['print_bound_enforce']=True. 
The bound(s) being violated now are:

C:\Users\MEO\Desktop\Projects\JetEngine\boomsonic_v0\.venv\Lib\site-packages\openmdao\solvers\linesearch\backtracking.py:39: SolverWarning:'OD0.comp.ideal_flow.balance.T' exceeds lower bounds
  Val: [-7610133.60995833]
  Lower: [150.]

C:\Users\MEO\Desktop\Projects\JetEngine\boomsonic_v0\.venv\Lib\site-packages\pycycle\elements\compressor.py:75: RuntimeWarning: invalid value encountered in log
  outputs['eff_poly'] = Rt * np.log(PR) / ( Rt*np.log(PR) + S_out - S_in )
C:\Users\MEO\Desktop\Projects\JetEngine\boomsonic_v0\.venv\Lib\site-packages\pycycle\thermo\static_ps_resid.py:128: RuntimeWarning: invalid value encountered in sqrt
  Vsonic = (i['gamma']*i['R']*i['Ts'])**0.5
C:\Users\MEO\Desktop\Projects\JetEngine\boomsonic_v0\.venv\Lib\site-packages\pycycle\thermo\static_ps_resid.py:98: RuntimeWarning: invalid value encountered in power
  ps_guess = inputs['guess:Pt'] * (1 + (gamt-1)/2 * M_guess**2)**(-gamt/(gamt-1))
C:\Users\MEO\Desktop\Projects\JetEngine\boomsonic_v0\.venv\Lib\site-packages\pycycle\thermo\static_ps_resid.py:93: RuntimeWarning: invalid value encountered in power
  f1 = ps - inputs['guess:Pt'] * (1 + (gamt-1)/2 * M_guess**2)**(-gamt/(gamt-1))
C:\Users\MEO\Desktop\Projects\JetEngine\boomsonic_v0\.venv\Lib\site-packages\pycycle\thermo\static_ps_resid.py:94: RuntimeWarning: invalid value encountered in sqrt
  f2 = MN - inputs['W']*(R_UNIVERSAL_SI*inputs['Ts'])**0.5/(ps_guess*1.0e6*inputs['area']*gamt**0.5)
C:\Users\MEO\Desktop\Projects\JetEngine\boomsonic_v0\.venv\Lib\site-packages\pycycle\thermo\static_ps_resid.py:99: RuntimeWarning: The iteration is not making good progress, as measured by the 
 improvement from the last ten iterations.
  ps_guess, M_guess = fsolve(equations, (ps_guess, M_guess))
C:\Users\MEO\Desktop\Projects\JetEngine\boomsonic_v0\.venv\Lib\site-packages\pycycle\thermo\static_ps_resid.py:128: RuntimeWarning: invalid value encountered in sqrt
  Vsonic = (i['gamma']*i['R']*i['Ts'])**0.5
C:\Users\MEO\Desktop\Projects\JetEngine\boomsonic_v0\.venv\Lib\site-packages\pycycle\thermo\static_ps_resid.py:128: RuntimeWarning: invalid value encountered in sqrt
  Vsonic = (i['gamma']*i['R']*i['Ts'])**0.5
C:\Users\MEO\Desktop\Projects\JetEngine\boomsonic_v0\.venv\Lib\site-packages\pycycle\thermo\static_ps_resid.py:128: RuntimeWarning: invalid value encountered in sqrt
  Vsonic = (i['gamma']*i['R']*i['Ts'])**0.5
C:\Users\MEO\Desktop\Projects\JetEngine\boomsonic_v0\.venv\Lib\site-packages\pycycle\thermo\static_ps_resid.py:128: RuntimeWarning: invalid value encountered in sqrt
  Vsonic = (i['gamma']*i['R']*i['Ts'])**0.5
C:\Users\MEO\Desktop\Projects\JetEngine\boomsonic_v0\.venv\Lib\site-packages\pycycle\thermo\static_ps_resid.py:128: RuntimeWarning: invalid value encountered in sqrt
  Vsonic = (i['gamma']*i['R']*i['Ts'])**0.5
C:\Users\MEO\Desktop\Projects\JetEngine\boomsonic_v0\.venv\Lib\site-packages\pycycle\thermo\static_ps_resid.py:128: RuntimeWarning: invalid value encountered in sqrt
  Vsonic = (i['gamma']*i['R']*i['Ts'])**0.5
C:\Users\MEO\Desktop\Projects\JetEngine\boomsonic_v0\.venv\Lib\site-packages\pycycle\thermo\static_ps_resid.py:128: RuntimeWarning: invalid value encountered in sqrt
  Vsonic = (i['gamma']*i['R']*i['Ts'])**0.5
C:\Users\MEO\Desktop\Projects\JetEngine\boomsonic_v0\.venv\Lib\site-packages\pycycle\thermo\static_ps_resid.py:128: RuntimeWarning: invalid value encountered in sqrt
  Vsonic = (i['gamma']*i['R']*i['Ts'])**0.5
C:\Users\MEO\Desktop\Projects\JetEngine\boomsonic_v0\.venv\Lib\site-packages\pycycle\thermo\static_ps_resid.py:128: RuntimeWarning: invalid value encountered in sqrt
  Vsonic = (i['gamma']*i['R']*i['Ts'])**0.5
C:\Users\MEO\Desktop\Projects\JetEngine\boomsonic_v0\.venv\Lib\site-packages\pycycle\thermo\static_ps_resid.py:128: RuntimeWarning: invalid value encountered in sqrt
  Vsonic = (i['gamma']*i['R']*i['Ts'])**0.5
C:\Users\MEO\Desktop\Projects\JetEngine\boomsonic_v0\.venv\Lib\site-packages\pycycle\thermo\static_ps_resid.py:128: RuntimeWarning: invalid value encountered in sqrt
  Vsonic = (i['gamma']*i['R']*i['Ts'])**0.5
C:\Users\MEO\Desktop\Projects\JetEngine\boomsonic_v0\.venv\Lib\site-packages\pycycle\thermo\static_ps_resid.py:108: RuntimeWarning: invalid value encountered in sqrt
  Vsonic = (i['gamma']*i['R']*i['Ts'])**0.5
C:\Users\MEO\Desktop\Projects\JetEngine\boomsonic_v0\.venv\Lib\site-packages\pycycle\thermo\static_ps_resid.py:83: RuntimeWarning: invalid value encountered in power
  ps_guess = inputs['guess:Pt'] * (1 + (gamt-1)/2 * inputs['MN']**2)**(-gamt/(gamt-1))
C:\Users\MEO\Desktop\Projects\JetEngine\boomsonic_v0\.venv\Lib\site-packages\pycycle\thermo\static_ps_resid.py:108: RuntimeWarning: invalid value encountered in sqrt
  Vsonic = (i['gamma']*i['R']*i['Ts'])**0.5
C:\Users\MEO\Desktop\Projects\JetEngine\boomsonic_v0\.venv\Lib\site-packages\pycycle\thermo\static_ps_resid.py:108: RuntimeWarning: invalid value encountered in sqrt
  Vsonic = (i['gamma']*i['R']*i['Ts'])**0.5
C:\Users\MEO\Desktop\Projects\JetEngine\boomsonic_v0\.venv\Lib\site-packages\pycycle\thermo\static_ps_resid.py:108: RuntimeWarning: invalid value encountered in sqrt
  Vsonic = (i['gamma']*i['R']*i['Ts'])**0.5
C:\Users\MEO\Desktop\Projects\JetEngine\boomsonic_v0\.venv\Lib\site-packages\pycycle\thermo\static_ps_resid.py:108: RuntimeWarning: invalid value encountered in sqrt
  Vsonic = (i['gamma']*i['R']*i['Ts'])**0.5
C:\Users\MEO\Desktop\Projects\JetEngine\boomsonic_v0\.venv\Lib\site-packages\pycycle\thermo\static_ps_resid.py:108: RuntimeWarning: invalid value encountered in sqrt
  Vsonic = (i['gamma']*i['R']*i['Ts'])**0.5
C:\Users\MEO\Desktop\Projects\JetEngine\boomsonic_v0\.venv\Lib\site-packages\pycycle\thermo\static_ps_resid.py:108: RuntimeWarning: invalid value encountered in sqrt
  Vsonic = (i['gamma']*i['R']*i['Ts'])**0.5
C:\Users\MEO\Desktop\Projects\JetEngine\boomsonic_v0\.venv\Lib\site-packages\pycycle\thermo\static_ps_resid.py:108: RuntimeWarning: invalid value encountered in sqrt
  Vsonic = (i['gamma']*i['R']*i['Ts'])**0.5
C:\Users\MEO\Desktop\Projects\JetEngine\boomsonic_v0\.venv\Lib\site-packages\pycycle\thermo\static_ps_resid.py:108: RuntimeWarning: invalid value encountered in sqrt
  Vsonic = (i['gamma']*i['R']*i['Ts'])**0.5
C:\Users\MEO\Desktop\Projects\JetEngine\boomsonic_v0\.venv\Lib\site-packages\pycycle\thermo\static_ps_resid.py:108: RuntimeWarning: invalid value encountered in sqrt
  Vsonic = (i['gamma']*i['R']*i['Ts'])**0.5
C:\Users\MEO\Desktop\Projects\JetEngine\boomsonic_v0\.venv\Lib\site-packages\pycycle\thermo\static_ps_resid.py:108: RuntimeWarning: invalid value encountered in sqrt
  Vsonic = (i['gamma']*i['R']*i['Ts'])**0.5
C:\Users\MEO\Desktop\Projects\JetEngine\boomsonic_v0\.venv\Lib\site-packages\pycycle\thermo\static_ps_resid.py:108: RuntimeWarning: invalid value encountered in sqrt
  Vsonic = (i['gamma']*i['R']*i['Ts'])**0.5
C:\Users\MEO\Desktop\Projects\JetEngine\boomsonic_v0\.venv\Lib\site-packages\pycycle\thermo\static_ps_calc.py:32: RuntimeWarning: invalid value encountered in sqrt
  outputs['Vsonic'] = Vsonic = np.sqrt(inputs['gamma'] * inputs['R'] * inputs['Ts'])
C:\Users\MEO\Desktop\Projects\JetEngine\boomsonic_v0\.venv\Lib\site-packages\pycycle\elements\compressor.py:75: RuntimeWarning: invalid value encountered in log
  outputs['eff_poly'] = Rt * np.log(PR) / ( Rt*np.log(PR) + S_out - S_in )
C:\Users\MEO\Desktop\Projects\JetEngine\boomsonic_v0\.venv\Lib\site-packages\pycycle\thermo\static_ps_resid.py:128: RuntimeWarning: invalid value encountered in sqrt
  Vsonic = (i['gamma']*i['R']*i['Ts'])**0.5
C:\Users\MEO\Desktop\Projects\JetEngine\boomsonic_v0\.venv\Lib\site-packages\pycycle\thermo\static_ps_resid.py:98: RuntimeWarning: invalid value encountered in power
  ps_guess = inputs['guess:Pt'] * (1 + (gamt-1)/2 * M_guess**2)**(-gamt/(gamt-1))
C:\Users\MEO\Desktop\Projects\JetEngine\boomsonic_v0\.venv\Lib\site-packages\pycycle\thermo\static_ps_resid.py:93: RuntimeWarning: invalid value encountered in power
  f1 = ps - inputs['guess:Pt'] * (1 + (gamt-1)/2 * M_guess**2)**(-gamt/(gamt-1))
C:\Users\MEO\Desktop\Projects\JetEngine\boomsonic_v0\.venv\Lib\site-packages\pycycle\thermo\static_ps_resid.py:94: RuntimeWarning: invalid value encountered in sqrt
  f2 = MN - inputs['W']*(R_UNIVERSAL_SI*inputs['Ts'])**0.5/(ps_guess*1.0e6*inputs['area']*gamt**0.5)
C:\Users\MEO\Desktop\Projects\JetEngine\boomsonic_v0\.venv\Lib\site-packages\pycycle\thermo\static_ps_resid.py:99: RuntimeWarning: The iteration is not making good progress, as measured by the 
 improvement from the last ten iterations.
  ps_guess, M_guess = fsolve(equations, (ps_guess, M_guess))
C:\Users\MEO\Desktop\Projects\JetEngine\boomsonic_v0\.venv\Lib\site-packages\pycycle\thermo\static_ps_resid.py:83: RuntimeWarning: invalid value encountered in power
  ps_guess = inputs['guess:Pt'] * (1 + (gamt-1)/2 * inputs['MN']**2)**(-gamt/(gamt-1))
C:\Users\MEO\Desktop\Projects\JetEngine\boomsonic_v0\.venv\Lib\site-packages\pycycle\thermo\static_ps_resid.py:128: RuntimeWarning: invalid value encountered in sqrt
  Vsonic = (i['gamma']*i['R']*i['Ts'])**0.5
C:\Users\MEO\Desktop\Projects\JetEngine\boomsonic_v0\.venv\Lib\site-packages\pycycle\thermo\static_ps_resid.py:128: RuntimeWarning: invalid value encountered in sqrt
  Vsonic = (i['gamma']*i['R']*i['Ts'])**0.5
C:\Users\MEO\Desktop\Projects\JetEngine\boomsonic_v0\.venv\Lib\site-packages\pycycle\thermo\static_ps_resid.py:128: RuntimeWarning: invalid value encountered in sqrt
  Vsonic = (i['gamma']*i['R']*i['Ts'])**0.5
C:\Users\MEO\Desktop\Projects\JetEngine\boomsonic_v0\.venv\Lib\site-packages\pycycle\thermo\static_ps_resid.py:108: RuntimeWarning: invalid value encountered in sqrt
  Vsonic = (i['gamma']*i['R']*i['Ts'])**0.5
C:\Users\MEO\Desktop\Projects\JetEngine\boomsonic_v0\.venv\Lib\site-packages\pycycle\elements\turbine.py:40: RuntimeWarning: invalid value encountered in sqrt
  outputs['Wp'] = inputs['W_in'] * inputs['Tt']**0.5 / inputs['Pt']
C:\Users\MEO\Desktop\Projects\JetEngine\boomsonic_v0\.venv\Lib\site-packages\pycycle\elements\turbine.py:41: RuntimeWarning: invalid value encountered in power
  outputs['Np'] = inputs['Nmech'] * inputs['Tt']**-0.5
C:\Users\MEO\Desktop\Projects\JetEngine\boomsonic_v0\.venv\Lib\site-packages\pycycle\elements\turbine.py:89: RuntimeWarning: invalid value encountered in log
  outputs['eff_poly'] = 1 + (S_out-S_in)/(Rt*np.log(invPR))
C:\Users\MEO\Desktop\Projects\JetEngine\boomsonic_v0\.venv\Lib\site-packages\openmdao\solvers\solver.py:819: SolverWarning:Your model has stalled three times and may be violating the bounds. In the future, turn on print_bound_enforce in your solver options here: 
OD0.comp.ideal_flow.nonlinear_solver.linesearch.options['print_bound_enforce']=True. 
The bound(s) being violated now are:

C:\Users\MEO\Desktop\Projects\JetEngine\boomsonic_v0\.venv\Lib\site-packages\openmdao\solvers\linesearch\backtracking.py:39: SolverWarning:'OD0.comp.ideal_flow.balance.T' exceeds lower bounds
  Val: [-20385246.59437]
  Lower: [150.]

C:\Users\MEO\Desktop\Projects\JetEngine\boomsonic_v0\.venv\Lib\site-packages\openmdao\solvers\solver.py:819: SolverWarning:Your model has stalled three times and may be violating the bounds. In the future, turn on print_bound_enforce in your solver options here: 
OD0.comp.real_flow.nonlinear_solver.linesearch.options['print_bound_enforce']=True. 
The bound(s) being violated now are:

C:\Users\MEO\Desktop\Projects\JetEngine\boomsonic_v0\.venv\Lib\site-packages\pycycle\elements\compressor.py:75: RuntimeWarning: invalid value encountered in log
  outputs['eff_poly'] = Rt * np.log(PR) / ( Rt*np.log(PR) + S_out - S_in )
C:\Users\MEO\Desktop\Projects\JetEngine\boomsonic_v0\.venv\Lib\site-packages\pycycle\thermo\static_ps_resid.py:98: RuntimeWarning: invalid value encountered in power
  ps_guess = inputs['guess:Pt'] * (1 + (gamt-1)/2 * M_guess**2)**(-gamt/(gamt-1))
C:\Users\MEO\Desktop\Projects\JetEngine\boomsonic_v0\.venv\Lib\site-packages\pycycle\thermo\static_ps_resid.py:93: RuntimeWarning: invalid value encountered in power
  f1 = ps - inputs['guess:Pt'] * (1 + (gamt-1)/2 * M_guess**2)**(-gamt/(gamt-1))
C:\Users\MEO\Desktop\Projects\JetEngine\boomsonic_v0\.venv\Lib\site-packages\pycycle\thermo\static_ps_resid.py:94: RuntimeWarning: invalid value encountered in sqrt
  f2 = MN - inputs['W']*(R_UNIVERSAL_SI*inputs['Ts'])**0.5/(ps_guess*1.0e6*inputs['area']*gamt**0.5)
C:\Users\MEO\Desktop\Projects\JetEngine\boomsonic_v0\.venv\Lib\site-packages\pycycle\thermo\static_ps_resid.py:99: RuntimeWarning: The iteration is not making good progress, as measured by the 
 improvement from the last ten iterations.
  ps_guess, M_guess = fsolve(equations, (ps_guess, M_guess))
C:\Users\MEO\Desktop\Projects\JetEngine\boomsonic_v0\.venv\Lib\site-packages\pycycle\thermo\static_ps_resid.py:128: RuntimeWarning: invalid value encountered in sqrt
  Vsonic = (i['gamma']*i['R']*i['Ts'])**0.5
C:\Users\MEO\Desktop\Projects\JetEngine\boomsonic_v0\.venv\Lib\site-packages\pycycle\thermo\static_ps_resid.py:128: RuntimeWarning: invalid value encountered in sqrt
  Vsonic = (i['gamma']*i['R']*i['Ts'])**0.5
C:\Users\MEO\Desktop\Projects\JetEngine\boomsonic_v0\.venv\Lib\site-packages\pycycle\thermo\static_ps_resid.py:128: RuntimeWarning: invalid value encountered in sqrt
  Vsonic = (i['gamma']*i['R']*i['Ts'])**0.5
C:\Users\MEO\Desktop\Projects\JetEngine\boomsonic_v0\.venv\Lib\site-packages\pycycle\thermo\static_ps_resid.py:128: RuntimeWarning: invalid value encountered in sqrt
  Vsonic = (i['gamma']*i['R']*i['Ts'])**0.5
C:\Users\MEO\Desktop\Projects\JetEngine\boomsonic_v0\.venv\Lib\site-packages\pycycle\thermo\static_ps_resid.py:128: RuntimeWarning: invalid value encountered in sqrt
  Vsonic = (i['gamma']*i['R']*i['Ts'])**0.5
C:\Users\MEO\Desktop\Projects\JetEngine\boomsonic_v0\.venv\Lib\site-packages\pycycle\thermo\static_ps_resid.py:128: RuntimeWarning: invalid value encountered in sqrt
  Vsonic = (i['gamma']*i['R']*i['Ts'])**0.5
C:\Users\MEO\Desktop\Projects\JetEngine\boomsonic_v0\.venv\Lib\site-packages\pycycle\thermo\static_ps_resid.py:128: RuntimeWarning: invalid value encountered in sqrt
  Vsonic = (i['gamma']*i['R']*i['Ts'])**0.5
C:\Users\MEO\Desktop\Projects\JetEngine\boomsonic_v0\.venv\Lib\site-packages\pycycle\thermo\static_ps_resid.py:128: RuntimeWarning: invalid value encountered in sqrt
  Vsonic = (i['gamma']*i['R']*i['Ts'])**0.5
C:\Users\MEO\Desktop\Projects\JetEngine\boomsonic_v0\.venv\Lib\site-packages\pycycle\thermo\static_ps_resid.py:128: RuntimeWarning: invalid value encountered in sqrt
  Vsonic = (i['gamma']*i['R']*i['Ts'])**0.5
C:\Users\MEO\Desktop\Projects\JetEngine\boomsonic_v0\.venv\Lib\site-packages\pycycle\thermo\static_ps_resid.py:98: RuntimeWarning: invalid value encountered in power
  ps_guess = inputs['guess:Pt'] * (1 + (gamt-1)/2 * M_guess**2)**(-gamt/(gamt-1))
C:\Users\MEO\Desktop\Projects\JetEngine\boomsonic_v0\.venv\Lib\site-packages\pycycle\thermo\static_ps_resid.py:93: RuntimeWarning: invalid value encountered in power
  f1 = ps - inputs['guess:Pt'] * (1 + (gamt-1)/2 * M_guess**2)**(-gamt/(gamt-1))
C:\Users\MEO\Desktop\Projects\JetEngine\boomsonic_v0\.venv\Lib\site-packages\pycycle\thermo\static_ps_resid.py:94: RuntimeWarning: invalid value encountered in sqrt
  f2 = MN - inputs['W']*(R_UNIVERSAL_SI*inputs['Ts'])**0.5/(ps_guess*1.0e6*inputs['area']*gamt**0.5)
C:\Users\MEO\Desktop\Projects\JetEngine\boomsonic_v0\.venv\Lib\site-packages\pycycle\thermo\static_ps_resid.py:99: RuntimeWarning: The iteration is not making good progress, as measured by the 
 improvement from the last ten iterations.
  ps_guess, M_guess = fsolve(equations, (ps_guess, M_guess))
C:\Users\MEO\Desktop\Projects\JetEngine\boomsonic_v0\.venv\Lib\site-packages\pycycle\thermo\static_ps_resid.py:128: RuntimeWarning: invalid value encountered in sqrt
  Vsonic = (i['gamma']*i['R']*i['Ts'])**0.5
C:\Users\MEO\Desktop\Projects\JetEngine\boomsonic_v0\.venv\Lib\site-packages\pycycle\thermo\static_ps_resid.py:128: RuntimeWarning: invalid value encountered in sqrt
  Vsonic = (i['gamma']*i['R']*i['Ts'])**0.5
C:\Users\MEO\Desktop\Projects\JetEngine\boomsonic_v0\.venv\Lib\site-packages\pycycle\thermo\static_ps_resid.py:128: RuntimeWarning: invalid value encountered in sqrt
  Vsonic = (i['gamma']*i['R']*i['Ts'])**0.5
C:\Users\MEO\Desktop\Projects\JetEngine\boomsonic_v0\.venv\Lib\site-packages\pycycle\thermo\static_ps_resid.py:128: RuntimeWarning: invalid value encountered in sqrt
  Vsonic = (i['gamma']*i['R']*i['Ts'])**0.5
C:\Users\MEO\Desktop\Projects\JetEngine\boomsonic_v0\.venv\Lib\site-packages\pycycle\thermo\static_ps_resid.py:128: RuntimeWarning: invalid value encountered in sqrt
  Vsonic = (i['gamma']*i['R']*i['Ts'])**0.5
C:\Users\MEO\Desktop\Projects\JetEngine\boomsonic_v0\.venv\Lib\site-packages\pycycle\thermo\static_ps_resid.py:128: RuntimeWarning: invalid value encountered in sqrt
  Vsonic = (i['gamma']*i['R']*i['Ts'])**0.5
C:\Users\MEO\Desktop\Projects\JetEngine\boomsonic_v0\.venv\Lib\site-packages\pycycle\thermo\static_ps_resid.py:128: RuntimeWarning: invalid value encountered in sqrt
  Vsonic = (i['gamma']*i['R']*i['Ts'])**0.5
C:\Users\MEO\Desktop\Projects\JetEngine\boomsonic_v0\.venv\Lib\site-packages\pycycle\thermo\static_ps_resid.py:128: RuntimeWarning: invalid value encountered in sqrt
  Vsonic = (i['gamma']*i['R']*i['Ts'])**0.5
C:\Users\MEO\Desktop\Projects\JetEngine\boomsonic_v0\.venv\Lib\site-packages\pycycle\thermo\static_ps_resid.py:128: RuntimeWarning: invalid value encountered in sqrt
  Vsonic = (i['gamma']*i['R']*i['Ts'])**0.5
C:\Users\MEO\Desktop\Projects\JetEngine\boomsonic_v0\.venv\Lib\site-packages\pycycle\thermo\static_ps_resid.py:98: RuntimeWarning: invalid value encountered in power
  ps_guess = inputs['guess:Pt'] * (1 + (gamt-1)/2 * M_guess**2)**(-gamt/(gamt-1))
C:\Users\MEO\Desktop\Projects\JetEngine\boomsonic_v0\.venv\Lib\site-packages\pycycle\thermo\static_ps_resid.py:93: RuntimeWarning: invalid value encountered in power
  f1 = ps - inputs['guess:Pt'] * (1 + (gamt-1)/2 * M_guess**2)**(-gamt/(gamt-1))
C:\Users\MEO\Desktop\Projects\JetEngine\boomsonic_v0\.venv\Lib\site-packages\pycycle\thermo\static_ps_resid.py:94: RuntimeWarning: invalid value encountered in sqrt
  f2 = MN - inputs['W']*(R_UNIVERSAL_SI*inputs['Ts'])**0.5/(ps_guess*1.0e6*inputs['area']*gamt**0.5)
C:\Users\MEO\Desktop\Projects\JetEngine\boomsonic_v0\.venv\Lib\site-packages\pycycle\thermo\static_ps_resid.py:99: RuntimeWarning: The iteration is not making good progress, as measured by the 
 improvement from the last ten iterations.
  ps_guess, M_guess = fsolve(equations, (ps_guess, M_guess))
C:\Users\MEO\Desktop\Projects\JetEngine\boomsonic_v0\.venv\Lib\site-packages\pycycle\thermo\static_ps_resid.py:128: RuntimeWarning: invalid value encountered in sqrt
  Vsonic = (i['gamma']*i['R']*i['Ts'])**0.5
C:\Users\MEO\Desktop\Projects\JetEngine\boomsonic_v0\.venv\Lib\site-packages\pycycle\thermo\static_ps_resid.py:128: RuntimeWarning: invalid value encountered in sqrt
  Vsonic = (i['gamma']*i['R']*i['Ts'])**0.5
C:\Users\MEO\Desktop\Projects\JetEngine\boomsonic_v0\.venv\Lib\site-packages\pycycle\thermo\static_ps_resid.py:128: RuntimeWarning: invalid value encountered in sqrt
  Vsonic = (i['gamma']*i['R']*i['Ts'])**0.5
C:\Users\MEO\Desktop\Projects\JetEngine\boomsonic_v0\.venv\Lib\site-packages\pycycle\thermo\static_ps_resid.py:128: RuntimeWarning: invalid value encountered in sqrt
  Vsonic = (i['gamma']*i['R']*i['Ts'])**0.5
C:\Users\MEO\Desktop\Projects\JetEngine\boomsonic_v0\.venv\Lib\site-packages\pycycle\thermo\static_ps_resid.py:128: RuntimeWarning: invalid value encountered in sqrt
  Vsonic = (i['gamma']*i['R']*i['Ts'])**0.5
C:\Users\MEO\Desktop\Projects\JetEngine\boomsonic_v0\.venv\Lib\site-packages\pycycle\thermo\static_ps_resid.py:128: RuntimeWarning: invalid value encountered in sqrt
  Vsonic = (i['gamma']*i['R']*i['Ts'])**0.5
C:\Users\MEO\Desktop\Projects\JetEngine\boomsonic_v0\.venv\Lib\site-packages\pycycle\thermo\static_ps_resid.py:128: RuntimeWarning: invalid value encountered in sqrt
  Vsonic = (i['gamma']*i['R']*i['Ts'])**0.5
C:\Users\MEO\Desktop\Projects\JetEngine\boomsonic_v0\.venv\Lib\site-packages\pycycle\thermo\static_ps_resid.py:128: RuntimeWarning: invalid value encountered in sqrt
  Vsonic = (i['gamma']*i['R']*i['Ts'])**0.5
C:\Users\MEO\Desktop\Projects\JetEngine\boomsonic_v0\.venv\Lib\site-packages\pycycle\thermo\static_ps_resid.py:128: RuntimeWarning: invalid value encountered in sqrt
  Vsonic = (i['gamma']*i['R']*i['Ts'])**0.5
C:\Users\MEO\Desktop\Projects\JetEngine\boomsonic_v0\.venv\Lib\site-packages\pycycle\thermo\static_ps_resid.py:83: RuntimeWarning: invalid value encountered in power
  ps_guess = inputs['guess:Pt'] * (1 + (gamt-1)/2 * inputs['MN']**2)**(-gamt/(gamt-1))
C:\Users\MEO\Desktop\Projects\JetEngine\boomsonic_v0\.venv\Lib\site-packages\pycycle\thermo\static_ps_resid.py:108: RuntimeWarning: invalid value encountered in sqrt
  Vsonic = (i['gamma']*i['R']*i['Ts'])**0.5
C:\Users\MEO\Desktop\Projects\JetEngine\boomsonic_v0\.venv\Lib\site-packages\pycycle\thermo\static_ps_resid.py:108: RuntimeWarning: invalid value encountered in sqrt
  Vsonic = (i['gamma']*i['R']*i['Ts'])**0.5
C:\Users\MEO\Desktop\Projects\JetEngine\boomsonic_v0\.venv\Lib\site-packages\pycycle\thermo\static_ps_resid.py:108: RuntimeWarning: invalid value encountered in sqrt
  Vsonic = (i['gamma']*i['R']*i['Ts'])**0.5
C:\Users\MEO\Desktop\Projects\JetEngine\boomsonic_v0\.venv\Lib\site-packages\pycycle\thermo\static_ps_resid.py:108: RuntimeWarning: invalid value encountered in sqrt
  Vsonic = (i['gamma']*i['R']*i['Ts'])**0.5
C:\Users\MEO\Desktop\Projects\JetEngine\boomsonic_v0\.venv\Lib\site-packages\pycycle\thermo\static_ps_resid.py:108: RuntimeWarning: invalid value encountered in sqrt
  Vsonic = (i['gamma']*i['R']*i['Ts'])**0.5
C:\Users\MEO\Desktop\Projects\JetEngine\boomsonic_v0\.venv\Lib\site-packages\pycycle\thermo\static_ps_resid.py:108: RuntimeWarning: invalid value encountered in sqrt
  Vsonic = (i['gamma']*i['R']*i['Ts'])**0.5
C:\Users\MEO\Desktop\Projects\JetEngine\boomsonic_v0\.venv\Lib\site-packages\pycycle\thermo\static_ps_resid.py:108: RuntimeWarning: invalid value encountered in sqrt
  Vsonic = (i['gamma']*i['R']*i['Ts'])**0.5
C:\Users\MEO\Desktop\Projects\JetEngine\boomsonic_v0\.venv\Lib\site-packages\pycycle\thermo\static_ps_calc.py:32: RuntimeWarning: invalid value encountered in sqrt
  outputs['Vsonic'] = Vsonic = np.sqrt(inputs['gamma'] * inputs['R'] * inputs['Ts'])
C:\Users\MEO\Desktop\Projects\JetEngine\boomsonic_v0\.venv\Lib\site-packages\pycycle\thermo\static_ps_calc.py:32: RuntimeWarning: invalid value encountered in sqrt
  outputs['Vsonic'] = Vsonic = np.sqrt(inputs['gamma'] * inputs['R'] * inputs['Ts'])
C:\Users\MEO\Desktop\Projects\JetEngine\boomsonic_v0\.venv\Lib\site-packages\pycycle\elements\compressor.py:75: RuntimeWarning: invalid value encountered in log
  outputs['eff_poly'] = Rt * np.log(PR) / ( Rt*np.log(PR) + S_out - S_in )
C:\Users\MEO\Desktop\Projects\JetEngine\boomsonic_v0\.venv\Lib\site-packages\pycycle\thermo\static_ps_resid.py:128: RuntimeWarning: invalid value encountered in sqrt
  Vsonic = (i['gamma']*i['R']*i['Ts'])**0.5
C:\Users\MEO\Desktop\Projects\JetEngine\boomsonic_v0\.venv\Lib\site-packages\pycycle\thermo\static_ps_resid.py:108: RuntimeWarning: invalid value encountered in sqrt
  Vsonic = (i['gamma']*i['R']*i['Ts'])**0.5
C:\Users\MEO\Desktop\Projects\JetEngine\boomsonic_v0\.venv\Lib\site-packages\pycycle\thermo\static_ps_resid.py:98: RuntimeWarning: invalid value encountered in power
  ps_guess = inputs['guess:Pt'] * (1 + (gamt-1)/2 * M_guess**2)**(-gamt/(gamt-1))
C:\Users\MEO\Desktop\Projects\JetEngine\boomsonic_v0\.venv\Lib\site-packages\pycycle\thermo\static_ps_resid.py:93: RuntimeWarning: invalid value encountered in power
  f1 = ps - inputs['guess:Pt'] * (1 + (gamt-1)/2 * M_guess**2)**(-gamt/(gamt-1))
C:\Users\MEO\Desktop\Projects\JetEngine\boomsonic_v0\.venv\Lib\site-packages\pycycle\thermo\static_ps_resid.py:94: RuntimeWarning: invalid value encountered in sqrt
  f2 = MN - inputs['W']*(R_UNIVERSAL_SI*inputs['Ts'])**0.5/(ps_guess*1.0e6*inputs['area']*gamt**0.5)
C:\Users\MEO\Desktop\Projects\JetEngine\boomsonic_v0\.venv\Lib\site-packages\pycycle\thermo\static_ps_resid.py:99: RuntimeWarning: The iteration is not making good progress, as measured by the 
 improvement from the last ten iterations.
  ps_guess, M_guess = fsolve(equations, (ps_guess, M_guess))
C:\Users\MEO\Desktop\Projects\JetEngine\boomsonic_v0\.venv\Lib\site-packages\pycycle\thermo\static_ps_resid.py:83: RuntimeWarning: invalid value encountered in power
  ps_guess = inputs['guess:Pt'] * (1 + (gamt-1)/2 * inputs['MN']**2)**(-gamt/(gamt-1))
C:\Users\MEO\Desktop\Projects\JetEngine\boomsonic_v0\.venv\Lib\site-packages\openmdao\solvers\solver.py:819: SolverWarning:Your model has stalled three times and may be violating the bounds. In the future, turn on print_bound_enforce in your solver options here: 
OD0.comp.ideal_flow.nonlinear_solver.linesearch.options['print_bound_enforce']=True. 
The bound(s) being violated now are:

C:\Users\MEO\Desktop\Projects\JetEngine\boomsonic_v0\.venv\Lib\site-packages\openmdao\solvers\linesearch\backtracking.py:39: SolverWarning:'OD0.comp.ideal_flow.balance.T' exceeds lower bounds
  Val: [-20385246.59437001]
  Lower: [150.]

C:\Users\MEO\Desktop\Projects\JetEngine\boomsonic_v0\.venv\Lib\site-packages\pycycle\elements\compressor.py:75: RuntimeWarning: invalid value encountered in log
  outputs['eff_poly'] = Rt * np.log(PR) / ( Rt*np.log(PR) + S_out - S_in )
C:\Users\MEO\Desktop\Projects\JetEngine\boomsonic_v0\.venv\Lib\site-packages\pycycle\thermo\static_ps_resid.py:128: RuntimeWarning: invalid value encountered in sqrt
  Vsonic = (i['gamma']*i['R']*i['Ts'])**0.5
C:\Users\MEO\Desktop\Projects\JetEngine\boomsonic_v0\.venv\Lib\site-packages\pycycle\thermo\static_ps_resid.py:128: RuntimeWarning: invalid value encountered in sqrt
  Vsonic = (i['gamma']*i['R']*i['Ts'])**0.5
C:\Users\MEO\Desktop\Projects\JetEngine\boomsonic_v0\.venv\Lib\site-packages\pycycle\thermo\static_ps_resid.py:128: RuntimeWarning: invalid value encountered in sqrt
  Vsonic = (i['gamma']*i['R']*i['Ts'])**0.5
C:\Users\MEO\Desktop\Projects\JetEngine\boomsonic_v0\.venv\Lib\site-packages\pycycle\thermo\static_ps_resid.py:128: RuntimeWarning: invalid value encountered in sqrt
  Vsonic = (i['gamma']*i['R']*i['Ts'])**0.5
C:\Users\MEO\Desktop\Projects\JetEngine\boomsonic_v0\.venv\Lib\site-packages\pycycle\thermo\static_ps_resid.py:98: RuntimeWarning: invalid value encountered in power
  ps_guess = inputs['guess:Pt'] * (1 + (gamt-1)/2 * M_guess**2)**(-gamt/(gamt-1))
C:\Users\MEO\Desktop\Projects\JetEngine\boomsonic_v0\.venv\Lib\site-packages\pycycle\thermo\static_ps_resid.py:93: RuntimeWarning: invalid value encountered in power
  f1 = ps - inputs['guess:Pt'] * (1 + (gamt-1)/2 * M_guess**2)**(-gamt/(gamt-1))
C:\Users\MEO\Desktop\Projects\JetEngine\boomsonic_v0\.venv\Lib\site-packages\pycycle\thermo\static_ps_resid.py:94: RuntimeWarning: invalid value encountered in sqrt
  f2 = MN - inputs['W']*(R_UNIVERSAL_SI*inputs['Ts'])**0.5/(ps_guess*1.0e6*inputs['area']*gamt**0.5)
C:\Users\MEO\Desktop\Projects\JetEngine\boomsonic_v0\.venv\Lib\site-packages\pycycle\thermo\static_ps_resid.py:99: RuntimeWarning: The iteration is not making good progress, as measured by the 
 improvement from the last ten iterations.
  ps_guess, M_guess = fsolve(equations, (ps_guess, M_guess))
C:\Users\MEO\Desktop\Projects\JetEngine\boomsonic_v0\.venv\Lib\site-packages\pycycle\thermo\static_ps_resid.py:128: RuntimeWarning: invalid value encountered in sqrt
  Vsonic = (i['gamma']*i['R']*i['Ts'])**0.5
C:\Users\MEO\Desktop\Projects\JetEngine\boomsonic_v0\.venv\Lib\site-packages\pycycle\thermo\static_ps_resid.py:128: RuntimeWarning: invalid value encountered in sqrt
  Vsonic = (i['gamma']*i['R']*i['Ts'])**0.5
C:\Users\MEO\Desktop\Projects\JetEngine\boomsonic_v0\.venv\Lib\site-packages\pycycle\thermo\static_ps_resid.py:128: RuntimeWarning: invalid value encountered in sqrt
  Vsonic = (i['gamma']*i['R']*i['Ts'])**0.5
C:\Users\MEO\Desktop\Projects\JetEngine\boomsonic_v0\.venv\Lib\site-packages\pycycle\thermo\static_ps_resid.py:128: RuntimeWarning: invalid value encountered in sqrt
  Vsonic = (i['gamma']*i['R']*i['Ts'])**0.5
C:\Users\MEO\Desktop\Projects\JetEngine\boomsonic_v0\.venv\Lib\site-packages\pycycle\thermo\static_ps_resid.py:128: RuntimeWarning: invalid value encountered in sqrt
  Vsonic = (i['gamma']*i['R']*i['Ts'])**0.5
C:\Users\MEO\Desktop\Projects\JetEngine\boomsonic_v0\.venv\Lib\site-packages\pycycle\thermo\static_ps_resid.py:128: RuntimeWarning: invalid value encountered in sqrt
  Vsonic = (i['gamma']*i['R']*i['Ts'])**0.5
C:\Users\MEO\Desktop\Projects\JetEngine\boomsonic_v0\.venv\Lib\site-packages\pycycle\thermo\static_ps_resid.py:128: RuntimeWarning: invalid value encountered in sqrt
  Vsonic = (i['gamma']*i['R']*i['Ts'])**0.5
C:\Users\MEO\Desktop\Projects\JetEngine\boomsonic_v0\.venv\Lib\site-packages\pycycle\thermo\static_ps_resid.py:108: RuntimeWarning: invalid value encountered in sqrt
  Vsonic = (i['gamma']*i['R']*i['Ts'])**0.5
C:\Users\MEO\Desktop\Projects\JetEngine\boomsonic_v0\.venv\Lib\site-packages\pycycle\thermo\static_ps_resid.py:83: RuntimeWarning: invalid value encountered in power
  ps_guess = inputs['guess:Pt'] * (1 + (gamt-1)/2 * inputs['MN']**2)**(-gamt/(gamt-1))
C:\Users\MEO\Desktop\Projects\JetEngine\boomsonic_v0\.venv\Lib\site-packages\pycycle\thermo\static_ps_resid.py:108: RuntimeWarning: invalid value encountered in sqrt
  Vsonic = (i['gamma']*i['R']*i['Ts'])**0.5
C:\Users\MEO\Desktop\Projects\JetEngine\boomsonic_v0\.venv\Lib\site-packages\pycycle\thermo\static_ps_resid.py:108: RuntimeWarning: invalid value encountered in sqrt
  Vsonic = (i['gamma']*i['R']*i['Ts'])**0.5
C:\Users\MEO\Desktop\Projects\JetEngine\boomsonic_v0\.venv\Lib\site-packages\pycycle\thermo\static_ps_resid.py:108: RuntimeWarning: invalid value encountered in sqrt
  Vsonic = (i['gamma']*i['R']*i['Ts'])**0.5
C:\Users\MEO\Desktop\Projects\JetEngine\boomsonic_v0\.venv\Lib\site-packages\pycycle\thermo\static_ps_resid.py:108: RuntimeWarning: invalid value encountered in sqrt
  Vsonic = (i['gamma']*i['R']*i['Ts'])**0.5
C:\Users\MEO\Desktop\Projects\JetEngine\boomsonic_v0\.venv\Lib\site-packages\pycycle\thermo\static_ps_resid.py:108: RuntimeWarning: invalid value encountered in sqrt
  Vsonic = (i['gamma']*i['R']*i['Ts'])**0.5
C:\Users\MEO\Desktop\Projects\JetEngine\boomsonic_v0\.venv\Lib\site-packages\pycycle\thermo\static_ps_resid.py:108: RuntimeWarning: invalid value encountered in sqrt
  Vsonic = (i['gamma']*i['R']*i['Ts'])**0.5
C:\Users\MEO\Desktop\Projects\JetEngine\boomsonic_v0\.venv\Lib\site-packages\pycycle\thermo\static_ps_resid.py:108: RuntimeWarning: invalid value encountered in sqrt
  Vsonic = (i['gamma']*i['R']*i['Ts'])**0.5
C:\Users\MEO\Desktop\Projects\JetEngine\boomsonic_v0\.venv\Lib\site-packages\pycycle\thermo\static_ps_resid.py:108: RuntimeWarning: invalid value encountered in sqrt
  Vsonic = (i['gamma']*i['R']*i['Ts'])**0.5
C:\Users\MEO\Desktop\Projects\JetEngine\boomsonic_v0\.venv\Lib\site-packages\pycycle\thermo\static_ps_resid.py:108: RuntimeWarning: invalid value encountered in sqrt
  Vsonic = (i['gamma']*i['R']*i['Ts'])**0.5
C:\Users\MEO\Desktop\Projects\JetEngine\boomsonic_v0\.venv\Lib\site-packages\pycycle\thermo\static_ps_resid.py:108: RuntimeWarning: invalid value encountered in sqrt
  Vsonic = (i['gamma']*i['R']*i['Ts'])**0.5
C:\Users\MEO\Desktop\Projects\JetEngine\boomsonic_v0\.venv\Lib\site-packages\pycycle\thermo\static_ps_resid.py:108: RuntimeWarning: invalid value encountered in sqrt
  Vsonic = (i['gamma']*i['R']*i['Ts'])**0.5
C:\Users\MEO\Desktop\Projects\JetEngine\boomsonic_v0\.venv\Lib\site-packages\pycycle\thermo\static_ps_calc.py:32: RuntimeWarning: invalid value encountered in sqrt
  outputs['Vsonic'] = Vsonic = np.sqrt(inputs['gamma'] * inputs['R'] * inputs['Ts'])
C:\Users\MEO\Desktop\Projects\JetEngine\boomsonic_v0\.venv\Lib\site-packages\pycycle\elements\compressor.py:75: RuntimeWarning: invalid value encountered in log
  outputs['eff_poly'] = Rt * np.log(PR) / ( Rt*np.log(PR) + S_out - S_in )
C:\Users\MEO\Desktop\Projects\JetEngine\boomsonic_v0\.venv\Lib\site-packages\pycycle\thermo\static_ps_resid.py:128: RuntimeWarning: invalid value encountered in sqrt
  Vsonic = (i['gamma']*i['R']*i['Ts'])**0.5
C:\Users\MEO\Desktop\Projects\JetEngine\boomsonic_v0\.venv\Lib\site-packages\pycycle\thermo\static_ps_resid.py:98: RuntimeWarning: invalid value encountered in power
  ps_guess = inputs['guess:Pt'] * (1 + (gamt-1)/2 * M_guess**2)**(-gamt/(gamt-1))
C:\Users\MEO\Desktop\Projects\JetEngine\boomsonic_v0\.venv\Lib\site-packages\pycycle\thermo\static_ps_resid.py:93: RuntimeWarning: invalid value encountered in power
  f1 = ps - inputs['guess:Pt'] * (1 + (gamt-1)/2 * M_guess**2)**(-gamt/(gamt-1))
C:\Users\MEO\Desktop\Projects\JetEngine\boomsonic_v0\.venv\Lib\site-packages\pycycle\thermo\static_ps_resid.py:94: RuntimeWarning: invalid value encountered in sqrt
  f2 = MN - inputs['W']*(R_UNIVERSAL_SI*inputs['Ts'])**0.5/(ps_guess*1.0e6*inputs['area']*gamt**0.5)
C:\Users\MEO\Desktop\Projects\JetEngine\boomsonic_v0\.venv\Lib\site-packages\pycycle\thermo\static_ps_resid.py:99: RuntimeWarning: The iteration is not making good progress, as measured by the 
 improvement from the last ten iterations.
  ps_guess, M_guess = fsolve(equations, (ps_guess, M_guess))
C:\Users\MEO\Desktop\Projects\JetEngine\boomsonic_v0\.venv\Lib\site-packages\pycycle\thermo\static_ps_resid.py:83: RuntimeWarning: invalid value encountered in power
  ps_guess = inputs['guess:Pt'] * (1 + (gamt-1)/2 * inputs['MN']**2)**(-gamt/(gamt-1))
C:\Users\MEO\Desktop\Projects\JetEngine\boomsonic_v0\.venv\Lib\site-packages\openmdao\solvers\solver.py:819: SolverWarning:Your model has stalled three times and may be violating the bounds. In the future, turn on print_bound_enforce in your solver options here: 
OD0.comp.ideal_flow.nonlinear_solver.linesearch.options['print_bound_enforce']=True. 
The bound(s) being violated now are:

C:\Users\MEO\Desktop\Projects\JetEngine\boomsonic_v0\.venv\Lib\site-packages\openmdao\solvers\linesearch\backtracking.py:39: SolverWarning:'OD0.comp.ideal_flow.balance.T' exceeds lower bounds
  Val: [-20385246.59437001]
  Lower: [150.]

C:\Users\MEO\Desktop\Projects\JetEngine\boomsonic_v0\.venv\Lib\site-packages\pycycle\elements\compressor.py:75: RuntimeWarning: invalid value encountered in log
  outputs['eff_poly'] = Rt * np.log(PR) / ( Rt*np.log(PR) + S_out - S_in )
C:\Users\MEO\Desktop\Projects\JetEngine\boomsonic_v0\.venv\Lib\site-packages\pycycle\thermo\static_ps_resid.py:128: RuntimeWarning: invalid value encountered in sqrt
  Vsonic = (i['gamma']*i['R']*i['Ts'])**0.5
C:\Users\MEO\Desktop\Projects\JetEngine\boomsonic_v0\.venv\Lib\site-packages\pycycle\thermo\static_ps_resid.py:98: RuntimeWarning: invalid value encountered in power
  ps_guess = inputs['guess:Pt'] * (1 + (gamt-1)/2 * M_guess**2)**(-gamt/(gamt-1))
C:\Users\MEO\Desktop\Projects\JetEngine\boomsonic_v0\.venv\Lib\site-packages\pycycle\thermo\static_ps_resid.py:93: RuntimeWarning: invalid value encountered in power
  f1 = ps - inputs['guess:Pt'] * (1 + (gamt-1)/2 * M_guess**2)**(-gamt/(gamt-1))
C:\Users\MEO\Desktop\Projects\JetEngine\boomsonic_v0\.venv\Lib\site-packages\pycycle\thermo\static_ps_resid.py:94: RuntimeWarning: invalid value encountered in sqrt
  f2 = MN - inputs['W']*(R_UNIVERSAL_SI*inputs['Ts'])**0.5/(ps_guess*1.0e6*inputs['area']*gamt**0.5)
C:\Users\MEO\Desktop\Projects\JetEngine\boomsonic_v0\.venv\Lib\site-packages\pycycle\thermo\static_ps_resid.py:99: RuntimeWarning: The iteration is not making good progress, as measured by the 
 improvement from the last ten iterations.
  ps_guess, M_guess = fsolve(equations, (ps_guess, M_guess))
C:\Users\MEO\Desktop\Projects\JetEngine\boomsonic_v0\.venv\Lib\site-packages\pycycle\thermo\static_ps_resid.py:128: RuntimeWarning: invalid value encountered in sqrt
  Vsonic = (i['gamma']*i['R']*i['Ts'])**0.5
C:\Users\MEO\Desktop\Projects\JetEngine\boomsonic_v0\.venv\Lib\site-packages\pycycle\thermo\static_ps_resid.py:128: RuntimeWarning: invalid value encountered in sqrt
  Vsonic = (i['gamma']*i['R']*i['Ts'])**0.5
C:\Users\MEO\Desktop\Projects\JetEngine\boomsonic_v0\.venv\Lib\site-packages\pycycle\thermo\static_ps_resid.py:128: RuntimeWarning: invalid value encountered in sqrt
  Vsonic = (i['gamma']*i['R']*i['Ts'])**0.5
C:\Users\MEO\Desktop\Projects\JetEngine\boomsonic_v0\.venv\Lib\site-packages\pycycle\thermo\static_ps_resid.py:128: RuntimeWarning: invalid value encountered in sqrt
  Vsonic = (i['gamma']*i['R']*i['Ts'])**0.5
C:\Users\MEO\Desktop\Projects\JetEngine\boomsonic_v0\.venv\Lib\site-packages\pycycle\thermo\static_ps_resid.py:128: RuntimeWarning: invalid value encountered in sqrt
  Vsonic = (i['gamma']*i['R']*i['Ts'])**0.5
C:\Users\MEO\Desktop\Projects\JetEngine\boomsonic_v0\.venv\Lib\site-packages\pycycle\thermo\static_ps_resid.py:128: RuntimeWarning: invalid value encountered in sqrt
  Vsonic = (i['gamma']*i['R']*i['Ts'])**0.5
C:\Users\MEO\Desktop\Projects\JetEngine\boomsonic_v0\.venv\Lib\site-packages\pycycle\thermo\static_ps_resid.py:128: RuntimeWarning: invalid value encountered in sqrt
  Vsonic = (i['gamma']*i['R']*i['Ts'])**0.5
C:\Users\MEO\Desktop\Projects\JetEngine\boomsonic_v0\.venv\Lib\site-packages\pycycle\thermo\static_ps_resid.py:128: RuntimeWarning: invalid value encountered in sqrt
  Vsonic = (i['gamma']*i['R']*i['Ts'])**0.5
C:\Users\MEO\Desktop\Projects\JetEngine\boomsonic_v0\.venv\Lib\site-packages\pycycle\thermo\static_ps_resid.py:128: RuntimeWarning: invalid value encountered in sqrt
  Vsonic = (i['gamma']*i['R']*i['Ts'])**0.5
C:\Users\MEO\Desktop\Projects\JetEngine\boomsonic_v0\.venv\Lib\site-packages\pycycle\thermo\static_ps_resid.py:108: RuntimeWarning: invalid value encountered in sqrt
  Vsonic = (i['gamma']*i['R']*i['Ts'])**0.5
C:\Users\MEO\Desktop\Projects\JetEngine\boomsonic_v0\.venv\Lib\site-packages\pycycle\thermo\static_ps_resid.py:83: RuntimeWarning: invalid value encountered in power
  ps_guess = inputs['guess:Pt'] * (1 + (gamt-1)/2 * inputs['MN']**2)**(-gamt/(gamt-1))
C:\Users\MEO\Desktop\Projects\JetEngine\boomsonic_v0\.venv\Lib\site-packages\pycycle\thermo\static_ps_resid.py:108: RuntimeWarning: invalid value encountered in sqrt
  Vsonic = (i['gamma']*i['R']*i['Ts'])**0.5
C:\Users\MEO\Desktop\Projects\JetEngine\boomsonic_v0\.venv\Lib\site-packages\pycycle\thermo\static_ps_resid.py:108: RuntimeWarning: invalid value encountered in sqrt
  Vsonic = (i['gamma']*i['R']*i['Ts'])**0.5
C:\Users\MEO\Desktop\Projects\JetEngine\boomsonic_v0\.venv\Lib\site-packages\pycycle\thermo\static_ps_resid.py:108: RuntimeWarning: invalid value encountered in sqrt
  Vsonic = (i['gamma']*i['R']*i['Ts'])**0.5
C:\Users\MEO\Desktop\Projects\JetEngine\boomsonic_v0\.venv\Lib\site-packages\pycycle\thermo\static_ps_resid.py:108: RuntimeWarning: invalid value encountered in sqrt
  Vsonic = (i['gamma']*i['R']*i['Ts'])**0.5
C:\Users\MEO\Desktop\Projects\JetEngine\boomsonic_v0\.venv\Lib\site-packages\pycycle\thermo\static_ps_resid.py:108: RuntimeWarning: invalid value encountered in sqrt
  Vsonic = (i['gamma']*i['R']*i['Ts'])**0.5
C:\Users\MEO\Desktop\Projects\JetEngine\boomsonic_v0\.venv\Lib\site-packages\pycycle\thermo\static_ps_resid.py:108: RuntimeWarning: invalid value encountered in sqrt
  Vsonic = (i['gamma']*i['R']*i['Ts'])**0.5
C:\Users\MEO\Desktop\Projects\JetEngine\boomsonic_v0\.venv\Lib\site-packages\pycycle\thermo\static_ps_resid.py:108: RuntimeWarning: invalid value encountered in sqrt
  Vsonic = (i['gamma']*i['R']*i['Ts'])**0.5
C:\Users\MEO\Desktop\Projects\JetEngine\boomsonic_v0\.venv\Lib\site-packages\pycycle\thermo\static_ps_resid.py:108: RuntimeWarning: invalid value encountered in sqrt
  Vsonic = (i['gamma']*i['R']*i['Ts'])**0.5
C:\Users\MEO\Desktop\Projects\JetEngine\boomsonic_v0\.venv\Lib\site-packages\pycycle\thermo\static_ps_resid.py:108: RuntimeWarning: invalid value encountered in sqrt
  Vsonic = (i['gamma']*i['R']*i['Ts'])**0.5
C:\Users\MEO\Desktop\Projects\JetEngine\boomsonic_v0\.venv\Lib\site-packages\pycycle\thermo\static_ps_resid.py:108: RuntimeWarning: invalid value encountered in sqrt
  Vsonic = (i['gamma']*i['R']*i['Ts'])**0.5
C:\Users\MEO\Desktop\Projects\JetEngine\boomsonic_v0\.venv\Lib\site-packages\pycycle\thermo\static_ps_resid.py:108: RuntimeWarning: invalid value encountered in sqrt
  Vsonic = (i['gamma']*i['R']*i['Ts'])**0.5
C:\Users\MEO\Desktop\Projects\JetEngine\boomsonic_v0\.venv\Lib\site-packages\pycycle\thermo\static_ps_calc.py:32: RuntimeWarning: invalid value encountered in sqrt
  outputs['Vsonic'] = Vsonic = np.sqrt(inputs['gamma'] * inputs['R'] * inputs['Ts'])
C:\Users\MEO\Desktop\Projects\JetEngine\boomsonic_v0\.venv\Lib\site-packages\pycycle\elements\compressor.py:75: RuntimeWarning: invalid value encountered in log
  outputs['eff_poly'] = Rt * np.log(PR) / ( Rt*np.log(PR) + S_out - S_in )
C:\Users\MEO\Desktop\Projects\JetEngine\boomsonic_v0\.venv\Lib\site-packages\pycycle\thermo\static_ps_resid.py:128: RuntimeWarning: invalid value encountered in sqrt
  Vsonic = (i['gamma']*i['R']*i['Ts'])**0.5
C:\Users\MEO\Desktop\Projects\JetEngine\boomsonic_v0\.venv\Lib\site-packages\pycycle\thermo\static_ps_resid.py:98: RuntimeWarning: invalid value encountered in power
  ps_guess = inputs['guess:Pt'] * (1 + (gamt-1)/2 * M_guess**2)**(-gamt/(gamt-1))
C:\Users\MEO\Desktop\Projects\JetEngine\boomsonic_v0\.venv\Lib\site-packages\pycycle\thermo\static_ps_resid.py:93: RuntimeWarning: invalid value encountered in power
  f1 = ps - inputs['guess:Pt'] * (1 + (gamt-1)/2 * M_guess**2)**(-gamt/(gamt-1))
C:\Users\MEO\Desktop\Projects\JetEngine\boomsonic_v0\.venv\Lib\site-packages\pycycle\thermo\static_ps_resid.py:94: RuntimeWarning: invalid value encountered in sqrt
  f2 = MN - inputs['W']*(R_UNIVERSAL_SI*inputs['Ts'])**0.5/(ps_guess*1.0e6*inputs['area']*gamt**0.5)
C:\Users\MEO\Desktop\Projects\JetEngine\boomsonic_v0\.venv\Lib\site-packages\pycycle\thermo\static_ps_resid.py:99: RuntimeWarning: The iteration is not making good progress, as measured by the 
 improvement from the last ten iterations.
  ps_guess, M_guess = fsolve(equations, (ps_guess, M_guess))
C:\Users\MEO\Desktop\Projects\JetEngine\boomsonic_v0\.venv\Lib\site-packages\pycycle\thermo\static_ps_resid.py:83: RuntimeWarning: invalid value encountered in power
  ps_guess = inputs['guess:Pt'] * (1 + (gamt-1)/2 * inputs['MN']**2)**(-gamt/(gamt-1))
C:\Users\MEO\Desktop\Projects\JetEngine\boomsonic_v0\.venv\Lib\site-packages\pycycle\thermo\static_ps_resid.py:128: RuntimeWarning: invalid value encountered in sqrt
  Vsonic = (i['gamma']*i['R']*i['Ts'])**0.5
C:\Users\MEO\Desktop\Projects\JetEngine\boomsonic_v0\.venv\Lib\site-packages\pycycle\thermo\static_ps_resid.py:128: RuntimeWarning: invalid value encountered in sqrt
  Vsonic = (i['gamma']*i['R']*i['Ts'])**0.5
C:\Users\MEO\Desktop\Projects\JetEngine\boomsonic_v0\.venv\Lib\site-packages\pycycle\thermo\static_ps_resid.py:128: RuntimeWarning: invalid value encountered in sqrt
  Vsonic = (i['gamma']*i['R']*i['Ts'])**0.5
C:\Users\MEO\Desktop\Projects\JetEngine\boomsonic_v0\.venv\Lib\site-packages\pycycle\thermo\static_ps_resid.py:108: RuntimeWarning: invalid value encountered in sqrt
  Vsonic = (i['gamma']*i['R']*i['Ts'])**0.5
C:\Users\MEO\Desktop\Projects\JetEngine\boomsonic_v0\.venv\Lib\site-packages\pycycle\elements\turbine.py:40: RuntimeWarning: invalid value encountered in sqrt
  outputs['Wp'] = inputs['W_in'] * inputs['Tt']**0.5 / inputs['Pt']
C:\Users\MEO\Desktop\Projects\JetEngine\boomsonic_v0\.venv\Lib\site-packages\pycycle\elements\turbine.py:41: RuntimeWarning: invalid value encountered in power
  outputs['Np'] = inputs['Nmech'] * inputs['Tt']**-0.5
C:\Users\MEO\Desktop\Projects\JetEngine\boomsonic_v0\.venv\Lib\site-packages\pycycle\elements\turbine.py:89: RuntimeWarning: invalid value encountered in log
  outputs['eff_poly'] = 1 + (S_out-S_in)/(Rt*np.log(invPR))
C:\Users\MEO\Desktop\Projects\JetEngine\boomsonic_v0\.venv\Lib\site-packages\pycycle\elements\turbine.py:40: RuntimeWarning: invalid value encountered in sqrt
  outputs['Wp'] = inputs['W_in'] * inputs['Tt']**0.5 / inputs['Pt']
C:\Users\MEO\Desktop\Projects\JetEngine\boomsonic_v0\.venv\Lib\site-packages\pycycle\elements\turbine.py:41: RuntimeWarning: invalid value encountered in power
  outputs['Np'] = inputs['Nmech'] * inputs['Tt']**-0.5
C:\Users\MEO\Desktop\Projects\JetEngine\boomsonic_v0\.venv\Lib\site-packages\pycycle\thermo\static_ps_resid.py:128: RuntimeWarning: invalid value encountered in sqrt
  Vsonic = (i['gamma']*i['R']*i['Ts'])**0.5
C:\Users\MEO\Desktop\Projects\JetEngine\boomsonic_v0\.venv\Lib\site-packages\openmdao\solvers\solver.py:819: SolverWarning:Your model has stalled three times and may be violating the bounds. In the future, turn on print_bound_enforce in your solver options here: 
OD0.comp.ideal_flow.nonlinear_solver.linesearch.options['print_bound_enforce']=True. 
The bound(s) being violated now are:

C:\Users\MEO\Desktop\Projects\JetEngine\boomsonic_v0\.venv\Lib\site-packages\openmdao\solvers\linesearch\backtracking.py:39: SolverWarning:'OD0.comp.ideal_flow.balance.T' exceeds lower bounds
  Val: [-1.0717583e+08]
  Lower: [150.]

C:\Users\MEO\Desktop\Projects\JetEngine\boomsonic_v0\.venv\Lib\site-packages\pycycle\elements\compressor.py:75: RuntimeWarning: invalid value encountered in log
  outputs['eff_poly'] = Rt * np.log(PR) / ( Rt*np.log(PR) + S_out - S_in )
C:\Users\MEO\Desktop\Projects\JetEngine\boomsonic_v0\.venv\Lib\site-packages\pycycle\thermo\static_ps_resid.py:98: RuntimeWarning: invalid value encountered in power
  ps_guess = inputs['guess:Pt'] * (1 + (gamt-1)/2 * M_guess**2)**(-gamt/(gamt-1))
C:\Users\MEO\Desktop\Projects\JetEngine\boomsonic_v0\.venv\Lib\site-packages\pycycle\thermo\static_ps_resid.py:93: RuntimeWarning: invalid value encountered in power
  f1 = ps - inputs['guess:Pt'] * (1 + (gamt-1)/2 * M_guess**2)**(-gamt/(gamt-1))
C:\Users\MEO\Desktop\Projects\JetEngine\boomsonic_v0\.venv\Lib\site-packages\pycycle\thermo\static_ps_resid.py:94: RuntimeWarning: invalid value encountered in sqrt
  f2 = MN - inputs['W']*(R_UNIVERSAL_SI*inputs['Ts'])**0.5/(ps_guess*1.0e6*inputs['area']*gamt**0.5)
C:\Users\MEO\Desktop\Projects\JetEngine\boomsonic_v0\.venv\Lib\site-packages\pycycle\thermo\static_ps_resid.py:99: RuntimeWarning: The iteration is not making good progress, as measured by the 
 improvement from the last ten iterations.
  ps_guess, M_guess = fsolve(equations, (ps_guess, M_guess))
C:\Users\MEO\Desktop\Projects\JetEngine\boomsonic_v0\.venv\Lib\site-packages\pycycle\thermo\static_ps_resid.py:128: RuntimeWarning: invalid value encountered in sqrt
  Vsonic = (i['gamma']*i['R']*i['Ts'])**0.5
C:\Users\MEO\Desktop\Projects\JetEngine\boomsonic_v0\.venv\Lib\site-packages\pycycle\thermo\static_ps_resid.py:128: RuntimeWarning: invalid value encountered in sqrt
  Vsonic = (i['gamma']*i['R']*i['Ts'])**0.5
C:\Users\MEO\Desktop\Projects\JetEngine\boomsonic_v0\.venv\Lib\site-packages\pycycle\thermo\static_ps_resid.py:128: RuntimeWarning: invalid value encountered in sqrt
  Vsonic = (i['gamma']*i['R']*i['Ts'])**0.5
C:\Users\MEO\Desktop\Projects\JetEngine\boomsonic_v0\.venv\Lib\site-packages\pycycle\thermo\static_ps_resid.py:98: RuntimeWarning: invalid value encountered in power
  ps_guess = inputs['guess:Pt'] * (1 + (gamt-1)/2 * M_guess**2)**(-gamt/(gamt-1))
C:\Users\MEO\Desktop\Projects\JetEngine\boomsonic_v0\.venv\Lib\site-packages\pycycle\thermo\static_ps_resid.py:93: RuntimeWarning: invalid value encountered in power
  f1 = ps - inputs['guess:Pt'] * (1 + (gamt-1)/2 * M_guess**2)**(-gamt/(gamt-1))
C:\Users\MEO\Desktop\Projects\JetEngine\boomsonic_v0\.venv\Lib\site-packages\pycycle\thermo\static_ps_resid.py:94: RuntimeWarning: invalid value encountered in sqrt
  f2 = MN - inputs['W']*(R_UNIVERSAL_SI*inputs['Ts'])**0.5/(ps_guess*1.0e6*inputs['area']*gamt**0.5)
C:\Users\MEO\Desktop\Projects\JetEngine\boomsonic_v0\.venv\Lib\site-packages\pycycle\thermo\static_ps_resid.py:99: RuntimeWarning: The iteration is not making good progress, as measured by the 
 improvement from the last ten iterations.
  ps_guess, M_guess = fsolve(equations, (ps_guess, M_guess))
C:\Users\MEO\Desktop\Projects\JetEngine\boomsonic_v0\.venv\Lib\site-packages\pycycle\thermo\static_ps_resid.py:128: RuntimeWarning: invalid value encountered in sqrt
  Vsonic = (i['gamma']*i['R']*i['Ts'])**0.5
C:\Users\MEO\Desktop\Projects\JetEngine\boomsonic_v0\.venv\Lib\site-packages\pycycle\thermo\static_ps_resid.py:128: RuntimeWarning: invalid value encountered in sqrt
  Vsonic = (i['gamma']*i['R']*i['Ts'])**0.5
C:\Users\MEO\Desktop\Projects\JetEngine\boomsonic_v0\.venv\Lib\site-packages\pycycle\thermo\static_ps_resid.py:128: RuntimeWarning: invalid value encountered in sqrt
  Vsonic = (i['gamma']*i['R']*i['Ts'])**0.5
C:\Users\MEO\Desktop\Projects\JetEngine\boomsonic_v0\.venv\Lib\site-packages\pycycle\thermo\static_ps_resid.py:128: RuntimeWarning: invalid value encountered in sqrt
  Vsonic = (i['gamma']*i['R']*i['Ts'])**0.5
C:\Users\MEO\Desktop\Projects\JetEngine\boomsonic_v0\.venv\Lib\site-packages\pycycle\thermo\static_ps_resid.py:128: RuntimeWarning: invalid value encountered in sqrt
  Vsonic = (i['gamma']*i['R']*i['Ts'])**0.5
C:\Users\MEO\Desktop\Projects\JetEngine\boomsonic_v0\.venv\Lib\site-packages\pycycle\thermo\static_ps_resid.py:128: RuntimeWarning: invalid value encountered in sqrt
  Vsonic = (i['gamma']*i['R']*i['Ts'])**0.5
C:\Users\MEO\Desktop\Projects\JetEngine\boomsonic_v0\.venv\Lib\site-packages\pycycle\thermo\static_ps_resid.py:128: RuntimeWarning: invalid value encountered in sqrt
  Vsonic = (i['gamma']*i['R']*i['Ts'])**0.5
C:\Users\MEO\Desktop\Projects\JetEngine\boomsonic_v0\.venv\Lib\site-packages\pycycle\thermo\static_ps_resid.py:128: RuntimeWarning: invalid value encountered in sqrt
  Vsonic = (i['gamma']*i['R']*i['Ts'])**0.5
C:\Users\MEO\Desktop\Projects\JetEngine\boomsonic_v0\.venv\Lib\site-packages\pycycle\thermo\static_ps_resid.py:98: RuntimeWarning: invalid value encountered in power
  ps_guess = inputs['guess:Pt'] * (1 + (gamt-1)/2 * M_guess**2)**(-gamt/(gamt-1))
C:\Users\MEO\Desktop\Projects\JetEngine\boomsonic_v0\.venv\Lib\site-packages\pycycle\thermo\static_ps_resid.py:93: RuntimeWarning: invalid value encountered in power
  f1 = ps - inputs['guess:Pt'] * (1 + (gamt-1)/2 * M_guess**2)**(-gamt/(gamt-1))
C:\Users\MEO\Desktop\Projects\JetEngine\boomsonic_v0\.venv\Lib\site-packages\pycycle\thermo\static_ps_resid.py:94: RuntimeWarning: invalid value encountered in sqrt
  f2 = MN - inputs['W']*(R_UNIVERSAL_SI*inputs['Ts'])**0.5/(ps_guess*1.0e6*inputs['area']*gamt**0.5)
C:\Users\MEO\Desktop\Projects\JetEngine\boomsonic_v0\.venv\Lib\site-packages\pycycle\thermo\static_ps_resid.py:99: RuntimeWarning: The iteration is not making good progress, as measured by the 
 improvement from the last ten iterations.
  ps_guess, M_guess = fsolve(equations, (ps_guess, M_guess))
C:\Users\MEO\Desktop\Projects\JetEngine\boomsonic_v0\.venv\Lib\site-packages\pycycle\thermo\static_ps_resid.py:128: RuntimeWarning: invalid value encountered in sqrt
  Vsonic = (i['gamma']*i['R']*i['Ts'])**0.5
C:\Users\MEO\Desktop\Projects\JetEngine\boomsonic_v0\.venv\Lib\site-packages\pycycle\thermo\static_ps_resid.py:128: RuntimeWarning: invalid value encountered in sqrt
  Vsonic = (i['gamma']*i['R']*i['Ts'])**0.5
C:\Users\MEO\Desktop\Projects\JetEngine\boomsonic_v0\.venv\Lib\site-packages\pycycle\thermo\static_ps_resid.py:128: RuntimeWarning: invalid value encountered in sqrt
  Vsonic = (i['gamma']*i['R']*i['Ts'])**0.5
C:\Users\MEO\Desktop\Projects\JetEngine\boomsonic_v0\.venv\Lib\site-packages\pycycle\thermo\static_ps_resid.py:128: RuntimeWarning: invalid value encountered in sqrt
  Vsonic = (i['gamma']*i['R']*i['Ts'])**0.5
C:\Users\MEO\Desktop\Projects\JetEngine\boomsonic_v0\.venv\Lib\site-packages\pycycle\thermo\static_ps_resid.py:128: RuntimeWarning: invalid value encountered in sqrt
  Vsonic = (i['gamma']*i['R']*i['Ts'])**0.5
C:\Users\MEO\Desktop\Projects\JetEngine\boomsonic_v0\.venv\Lib\site-packages\pycycle\thermo\static_ps_resid.py:128: RuntimeWarning: invalid value encountered in sqrt
  Vsonic = (i['gamma']*i['R']*i['Ts'])**0.5
C:\Users\MEO\Desktop\Projects\JetEngine\boomsonic_v0\.venv\Lib\site-packages\pycycle\thermo\static_ps_resid.py:128: RuntimeWarning: invalid value encountered in sqrt
  Vsonic = (i['gamma']*i['R']*i['Ts'])**0.5
C:\Users\MEO\Desktop\Projects\JetEngine\boomsonic_v0\.venv\Lib\site-packages\pycycle\thermo\static_ps_resid.py:128: RuntimeWarning: invalid value encountered in sqrt
  Vsonic = (i['gamma']*i['R']*i['Ts'])**0.5
C:\Users\MEO\Desktop\Projects\JetEngine\boomsonic_v0\.venv\Lib\site-packages\pycycle\thermo\static_ps_resid.py:128: RuntimeWarning: invalid value encountered in sqrt
  Vsonic = (i['gamma']*i['R']*i['Ts'])**0.5
C:\Users\MEO\Desktop\Projects\JetEngine\boomsonic_v0\.venv\Lib\site-packages\pycycle\thermo\static_ps_resid.py:83: RuntimeWarning: invalid value encountered in power
  ps_guess = inputs['guess:Pt'] * (1 + (gamt-1)/2 * inputs['MN']**2)**(-gamt/(gamt-1))
C:\Users\MEO\Desktop\Projects\JetEngine\boomsonic_v0\.venv\Lib\site-packages\pycycle\thermo\static_ps_resid.py:108: RuntimeWarning: invalid value encountered in sqrt
  Vsonic = (i['gamma']*i['R']*i['Ts'])**0.5
C:\Users\MEO\Desktop\Projects\JetEngine\boomsonic_v0\.venv\Lib\site-packages\pycycle\thermo\static_ps_resid.py:108: RuntimeWarning: invalid value encountered in sqrt
  Vsonic = (i['gamma']*i['R']*i['Ts'])**0.5
C:\Users\MEO\Desktop\Projects\JetEngine\boomsonic_v0\.venv\Lib\site-packages\pycycle\thermo\static_ps_resid.py:108: RuntimeWarning: invalid value encountered in sqrt
  Vsonic = (i['gamma']*i['R']*i['Ts'])**0.5
C:\Users\MEO\Desktop\Projects\JetEngine\boomsonic_v0\.venv\Lib\site-packages\pycycle\thermo\static_ps_resid.py:108: RuntimeWarning: invalid value encountered in sqrt
  Vsonic = (i['gamma']*i['R']*i['Ts'])**0.5
C:\Users\MEO\Desktop\Projects\JetEngine\boomsonic_v0\.venv\Lib\site-packages\pycycle\thermo\static_ps_resid.py:108: RuntimeWarning: invalid value encountered in sqrt
  Vsonic = (i['gamma']*i['R']*i['Ts'])**0.5
C:\Users\MEO\Desktop\Projects\JetEngine\boomsonic_v0\.venv\Lib\site-packages\pycycle\thermo\static_ps_resid.py:108: RuntimeWarning: invalid value encountered in sqrt
  Vsonic = (i['gamma']*i['R']*i['Ts'])**0.5
C:\Users\MEO\Desktop\Projects\JetEngine\boomsonic_v0\.venv\Lib\site-packages\pycycle\thermo\static_ps_resid.py:108: RuntimeWarning: invalid value encountered in sqrt
  Vsonic = (i['gamma']*i['R']*i['Ts'])**0.5
C:\Users\MEO\Desktop\Projects\JetEngine\boomsonic_v0\.venv\Lib\site-packages\pycycle\thermo\static_ps_resid.py:108: RuntimeWarning: invalid value encountered in sqrt
  Vsonic = (i['gamma']*i['R']*i['Ts'])**0.5
C:\Users\MEO\Desktop\Projects\JetEngine\boomsonic_v0\.venv\Lib\site-packages\pycycle\thermo\static_ps_resid.py:108: RuntimeWarning: invalid value encountered in sqrt
  Vsonic = (i['gamma']*i['R']*i['Ts'])**0.5
C:\Users\MEO\Desktop\Projects\JetEngine\boomsonic_v0\.venv\Lib\site-packages\pycycle\thermo\static_ps_resid.py:108: RuntimeWarning: invalid value encountered in sqrt
  Vsonic = (i['gamma']*i['R']*i['Ts'])**0.5
C:\Users\MEO\Desktop\Projects\JetEngine\boomsonic_v0\.venv\Lib\site-packages\pycycle\thermo\static_ps_calc.py:32: RuntimeWarning: invalid value encountered in sqrt
  outputs['Vsonic'] = Vsonic = np.sqrt(inputs['gamma'] * inputs['R'] * inputs['Ts'])
C:\Users\MEO\Desktop\Projects\JetEngine\boomsonic_v0\.venv\Lib\site-packages\pycycle\thermo\static_ps_calc.py:32: RuntimeWarning: invalid value encountered in sqrt
  outputs['Vsonic'] = Vsonic = np.sqrt(inputs['gamma'] * inputs['R'] * inputs['Ts'])
C:\Users\MEO\Desktop\Projects\JetEngine\boomsonic_v0\.venv\Lib\site-packages\pycycle\elements\compressor.py:75: RuntimeWarning: invalid value encountered in log
  outputs['eff_poly'] = Rt * np.log(PR) / ( Rt*np.log(PR) + S_out - S_in )
C:\Users\MEO\Desktop\Projects\JetEngine\boomsonic_v0\.venv\Lib\site-packages\pycycle\thermo\static_ps_resid.py:128: RuntimeWarning: invalid value encountered in sqrt
  Vsonic = (i['gamma']*i['R']*i['Ts'])**0.5
C:\Users\MEO\Desktop\Projects\JetEngine\boomsonic_v0\.venv\Lib\site-packages\pycycle\thermo\static_ps_resid.py:108: RuntimeWarning: invalid value encountered in sqrt
  Vsonic = (i['gamma']*i['R']*i['Ts'])**0.5
C:\Users\MEO\Desktop\Projects\JetEngine\boomsonic_v0\.venv\Lib\site-packages\pycycle\thermo\static_ps_resid.py:98: RuntimeWarning: invalid value encountered in power
  ps_guess = inputs['guess:Pt'] * (1 + (gamt-1)/2 * M_guess**2)**(-gamt/(gamt-1))
C:\Users\MEO\Desktop\Projects\JetEngine\boomsonic_v0\.venv\Lib\site-packages\pycycle\thermo\static_ps_resid.py:93: RuntimeWarning: invalid value encountered in power
  f1 = ps - inputs['guess:Pt'] * (1 + (gamt-1)/2 * M_guess**2)**(-gamt/(gamt-1))
C:\Users\MEO\Desktop\Projects\JetEngine\boomsonic_v0\.venv\Lib\site-packages\pycycle\thermo\static_ps_resid.py:94: RuntimeWarning: invalid value encountered in sqrt
  f2 = MN - inputs['W']*(R_UNIVERSAL_SI*inputs['Ts'])**0.5/(ps_guess*1.0e6*inputs['area']*gamt**0.5)
C:\Users\MEO\Desktop\Projects\JetEngine\boomsonic_v0\.venv\Lib\site-packages\pycycle\thermo\static_ps_resid.py:99: RuntimeWarning: The iteration is not making good progress, as measured by the 
 improvement from the last ten iterations.
  ps_guess, M_guess = fsolve(equations, (ps_guess, M_guess))
C:\Users\MEO\Desktop\Projects\JetEngine\boomsonic_v0\.venv\Lib\site-packages\pycycle\thermo\static_ps_resid.py:83: RuntimeWarning: invalid value encountered in power
  ps_guess = inputs['guess:Pt'] * (1 + (gamt-1)/2 * inputs['MN']**2)**(-gamt/(gamt-1))
C:\Users\MEO\Desktop\Projects\JetEngine\boomsonic_v0\.venv\Lib\site-packages\pycycle\thermo\static_ps_resid.py:128: RuntimeWarning: invalid value encountered in sqrt
  Vsonic = (i['gamma']*i['R']*i['Ts'])**0.5
C:\Users\MEO\Desktop\Projects\JetEngine\boomsonic_v0\.venv\Lib\site-packages\openmdao\solvers\solver.py:819: SolverWarning:Your model has stalled three times and may be violating the bounds. In the future, turn on print_bound_enforce in your solver options here: 
OD0.comp.ideal_flow.nonlinear_solver.linesearch.options['print_bound_enforce']=True. 
The bound(s) being violated now are:

C:\Users\MEO\Desktop\Projects\JetEngine\boomsonic_v0\.venv\Lib\site-packages\openmdao\solvers\linesearch\backtracking.py:39: SolverWarning:'OD0.comp.ideal_flow.balance.T' exceeds lower bounds
  Val: [-1.0717583e+08]
  Lower: [150.]

C:\Users\MEO\Desktop\Projects\JetEngine\boomsonic_v0\.venv\Lib\site-packages\pycycle\elements\compressor.py:75: RuntimeWarning: invalid value encountered in log
  outputs['eff_poly'] = Rt * np.log(PR) / ( Rt*np.log(PR) + S_out - S_in )
C:\Users\MEO\Desktop\Projects\JetEngine\boomsonic_v0\.venv\Lib\site-packages\pycycle\thermo\static_ps_resid.py:128: RuntimeWarning: invalid value encountered in sqrt
  Vsonic = (i['gamma']*i['R']*i['Ts'])**0.5
C:\Users\MEO\Desktop\Projects\JetEngine\boomsonic_v0\.venv\Lib\site-packages\pycycle\thermo\static_ps_resid.py:128: RuntimeWarning: invalid value encountered in sqrt
  Vsonic = (i['gamma']*i['R']*i['Ts'])**0.5
C:\Users\MEO\Desktop\Projects\JetEngine\boomsonic_v0\.venv\Lib\site-packages\pycycle\thermo\static_ps_resid.py:128: RuntimeWarning: invalid value encountered in sqrt
  Vsonic = (i['gamma']*i['R']*i['Ts'])**0.5
C:\Users\MEO\Desktop\Projects\JetEngine\boomsonic_v0\.venv\Lib\site-packages\pycycle\thermo\static_ps_resid.py:128: RuntimeWarning: invalid value encountered in sqrt
  Vsonic = (i['gamma']*i['R']*i['Ts'])**0.5
C:\Users\MEO\Desktop\Projects\JetEngine\boomsonic_v0\.venv\Lib\site-packages\pycycle\thermo\static_ps_resid.py:128: RuntimeWarning: invalid value encountered in sqrt
  Vsonic = (i['gamma']*i['R']*i['Ts'])**0.5
C:\Users\MEO\Desktop\Projects\JetEngine\boomsonic_v0\.venv\Lib\site-packages\pycycle\thermo\static_ps_resid.py:98: RuntimeWarning: invalid value encountered in power
  ps_guess = inputs['guess:Pt'] * (1 + (gamt-1)/2 * M_guess**2)**(-gamt/(gamt-1))
C:\Users\MEO\Desktop\Projects\JetEngine\boomsonic_v0\.venv\Lib\site-packages\pycycle\thermo\static_ps_resid.py:93: RuntimeWarning: invalid value encountered in power
  f1 = ps - inputs['guess:Pt'] * (1 + (gamt-1)/2 * M_guess**2)**(-gamt/(gamt-1))
C:\Users\MEO\Desktop\Projects\JetEngine\boomsonic_v0\.venv\Lib\site-packages\pycycle\thermo\static_ps_resid.py:94: RuntimeWarning: invalid value encountered in sqrt
  f2 = MN - inputs['W']*(R_UNIVERSAL_SI*inputs['Ts'])**0.5/(ps_guess*1.0e6*inputs['area']*gamt**0.5)
C:\Users\MEO\Desktop\Projects\JetEngine\boomsonic_v0\.venv\Lib\site-packages\pycycle\thermo\static_ps_resid.py:99: RuntimeWarning: The iteration is not making good progress, as measured by the 
 improvement from the last ten iterations.
  ps_guess, M_guess = fsolve(equations, (ps_guess, M_guess))
C:\Users\MEO\Desktop\Projects\JetEngine\boomsonic_v0\.venv\Lib\site-packages\pycycle\thermo\static_ps_resid.py:128: RuntimeWarning: invalid value encountered in sqrt
  Vsonic = (i['gamma']*i['R']*i['Ts'])**0.5
C:\Users\MEO\Desktop\Projects\JetEngine\boomsonic_v0\.venv\Lib\site-packages\pycycle\thermo\static_ps_resid.py:128: RuntimeWarning: invalid value encountered in sqrt
  Vsonic = (i['gamma']*i['R']*i['Ts'])**0.5
C:\Users\MEO\Desktop\Projects\JetEngine\boomsonic_v0\.venv\Lib\site-packages\pycycle\thermo\static_ps_resid.py:128: RuntimeWarning: invalid value encountered in sqrt
  Vsonic = (i['gamma']*i['R']*i['Ts'])**0.5
C:\Users\MEO\Desktop\Projects\JetEngine\boomsonic_v0\.venv\Lib\site-packages\pycycle\thermo\static_ps_resid.py:128: RuntimeWarning: invalid value encountered in sqrt
  Vsonic = (i['gamma']*i['R']*i['Ts'])**0.5
C:\Users\MEO\Desktop\Projects\JetEngine\boomsonic_v0\.venv\Lib\site-packages\pycycle\thermo\static_ps_resid.py:128: RuntimeWarning: invalid value encountered in sqrt
  Vsonic = (i['gamma']*i['R']*i['Ts'])**0.5
C:\Users\MEO\Desktop\Projects\JetEngine\boomsonic_v0\.venv\Lib\site-packages\pycycle\thermo\static_ps_resid.py:128: RuntimeWarning: invalid value encountered in sqrt
  Vsonic = (i['gamma']*i['R']*i['Ts'])**0.5
C:\Users\MEO\Desktop\Projects\JetEngine\boomsonic_v0\.venv\Lib\site-packages\pycycle\thermo\static_ps_resid.py:128: RuntimeWarning: invalid value encountered in sqrt
  Vsonic = (i['gamma']*i['R']*i['Ts'])**0.5
C:\Users\MEO\Desktop\Projects\JetEngine\boomsonic_v0\.venv\Lib\site-packages\pycycle\thermo\static_ps_resid.py:108: RuntimeWarning: invalid value encountered in sqrt
  Vsonic = (i['gamma']*i['R']*i['Ts'])**0.5
C:\Users\MEO\Desktop\Projects\JetEngine\boomsonic_v0\.venv\Lib\site-packages\pycycle\thermo\static_ps_resid.py:83: RuntimeWarning: invalid value encountered in power
  ps_guess = inputs['guess:Pt'] * (1 + (gamt-1)/2 * inputs['MN']**2)**(-gamt/(gamt-1))
C:\Users\MEO\Desktop\Projects\JetEngine\boomsonic_v0\.venv\Lib\site-packages\pycycle\thermo\static_ps_resid.py:108: RuntimeWarning: invalid value encountered in sqrt
  Vsonic = (i['gamma']*i['R']*i['Ts'])**0.5
C:\Users\MEO\Desktop\Projects\JetEngine\boomsonic_v0\.venv\Lib\site-packages\pycycle\thermo\static_ps_resid.py:108: RuntimeWarning: invalid value encountered in sqrt
  Vsonic = (i['gamma']*i['R']*i['Ts'])**0.5
C:\Users\MEO\Desktop\Projects\JetEngine\boomsonic_v0\.venv\Lib\site-packages\pycycle\thermo\static_ps_resid.py:108: RuntimeWarning: invalid value encountered in sqrt
  Vsonic = (i['gamma']*i['R']*i['Ts'])**0.5
C:\Users\MEO\Desktop\Projects\JetEngine\boomsonic_v0\.venv\Lib\site-packages\pycycle\thermo\static_ps_resid.py:108: RuntimeWarning: invalid value encountered in sqrt
  Vsonic = (i['gamma']*i['R']*i['Ts'])**0.5
C:\Users\MEO\Desktop\Projects\JetEngine\boomsonic_v0\.venv\Lib\site-packages\pycycle\thermo\static_ps_resid.py:108: RuntimeWarning: invalid value encountered in sqrt
  Vsonic = (i['gamma']*i['R']*i['Ts'])**0.5
C:\Users\MEO\Desktop\Projects\JetEngine\boomsonic_v0\.venv\Lib\site-packages\pycycle\thermo\static_ps_resid.py:108: RuntimeWarning: invalid value encountered in sqrt
  Vsonic = (i['gamma']*i['R']*i['Ts'])**0.5
C:\Users\MEO\Desktop\Projects\JetEngine\boomsonic_v0\.venv\Lib\site-packages\pycycle\thermo\static_ps_resid.py:108: RuntimeWarning: invalid value encountered in sqrt
  Vsonic = (i['gamma']*i['R']*i['Ts'])**0.5
C:\Users\MEO\Desktop\Projects\JetEngine\boomsonic_v0\.venv\Lib\site-packages\pycycle\thermo\static_ps_resid.py:108: RuntimeWarning: invalid value encountered in sqrt
  Vsonic = (i['gamma']*i['R']*i['Ts'])**0.5
C:\Users\MEO\Desktop\Projects\JetEngine\boomsonic_v0\.venv\Lib\site-packages\pycycle\thermo\static_ps_resid.py:108: RuntimeWarning: invalid value encountered in sqrt
  Vsonic = (i['gamma']*i['R']*i['Ts'])**0.5
C:\Users\MEO\Desktop\Projects\JetEngine\boomsonic_v0\.venv\Lib\site-packages\pycycle\thermo\static_ps_resid.py:108: RuntimeWarning: invalid value encountered in sqrt
  Vsonic = (i['gamma']*i['R']*i['Ts'])**0.5
C:\Users\MEO\Desktop\Projects\JetEngine\boomsonic_v0\.venv\Lib\site-packages\pycycle\thermo\static_ps_resid.py:108: RuntimeWarning: invalid value encountered in sqrt
  Vsonic = (i['gamma']*i['R']*i['Ts'])**0.5
C:\Users\MEO\Desktop\Projects\JetEngine\boomsonic_v0\.venv\Lib\site-packages\pycycle\thermo\static_ps_calc.py:32: RuntimeWarning: invalid value encountered in sqrt
  outputs['Vsonic'] = Vsonic = np.sqrt(inputs['gamma'] * inputs['R'] * inputs['Ts'])
C:\Users\MEO\Desktop\Projects\JetEngine\boomsonic_v0\.venv\Lib\site-packages\pycycle\elements\compressor.py:75: RuntimeWarning: invalid value encountered in log
  outputs['eff_poly'] = Rt * np.log(PR) / ( Rt*np.log(PR) + S_out - S_in )
C:\Users\MEO\Desktop\Projects\JetEngine\boomsonic_v0\.venv\Lib\site-packages\pycycle\thermo\static_ps_resid.py:128: RuntimeWarning: invalid value encountered in sqrt
  Vsonic = (i['gamma']*i['R']*i['Ts'])**0.5
C:\Users\MEO\Desktop\Projects\JetEngine\boomsonic_v0\.venv\Lib\site-packages\pycycle\thermo\static_ps_resid.py:98: RuntimeWarning: invalid value encountered in power
  ps_guess = inputs['guess:Pt'] * (1 + (gamt-1)/2 * M_guess**2)**(-gamt/(gamt-1))
C:\Users\MEO\Desktop\Projects\JetEngine\boomsonic_v0\.venv\Lib\site-packages\pycycle\thermo\static_ps_resid.py:93: RuntimeWarning: invalid value encountered in power
  f1 = ps - inputs['guess:Pt'] * (1 + (gamt-1)/2 * M_guess**2)**(-gamt/(gamt-1))
C:\Users\MEO\Desktop\Projects\JetEngine\boomsonic_v0\.venv\Lib\site-packages\pycycle\thermo\static_ps_resid.py:94: RuntimeWarning: invalid value encountered in sqrt
  f2 = MN - inputs['W']*(R_UNIVERSAL_SI*inputs['Ts'])**0.5/(ps_guess*1.0e6*inputs['area']*gamt**0.5)
C:\Users\MEO\Desktop\Projects\JetEngine\boomsonic_v0\.venv\Lib\site-packages\pycycle\thermo\static_ps_resid.py:99: RuntimeWarning: The iteration is not making good progress, as measured by the 
 improvement from the last ten iterations.
  ps_guess, M_guess = fsolve(equations, (ps_guess, M_guess))
C:\Users\MEO\Desktop\Projects\JetEngine\boomsonic_v0\.venv\Lib\site-packages\pycycle\thermo\static_ps_resid.py:83: RuntimeWarning: invalid value encountered in power
  ps_guess = inputs['guess:Pt'] * (1 + (gamt-1)/2 * inputs['MN']**2)**(-gamt/(gamt-1))
C:\Users\MEO\Desktop\Projects\JetEngine\boomsonic_v0\.venv\Lib\site-packages\openmdao\solvers\solver.py:819: SolverWarning:Your model has stalled three times and may be violating the bounds. In the future, turn on print_bound_enforce in your solver options here: 
OD0.comp.ideal_flow.nonlinear_solver.linesearch.options['print_bound_enforce']=True. 
The bound(s) being violated now are:

C:\Users\MEO\Desktop\Projects\JetEngine\boomsonic_v0\.venv\Lib\site-packages\openmdao\solvers\linesearch\backtracking.py:39: SolverWarning:'OD0.comp.ideal_flow.balance.T' exceeds lower bounds
  Val: [-1.0717583e+08]
  Lower: [150.]

C:\Users\MEO\Desktop\Projects\JetEngine\boomsonic_v0\.venv\Lib\site-packages\pycycle\elements\compressor.py:75: RuntimeWarning: invalid value encountered in log
  outputs['eff_poly'] = Rt * np.log(PR) / ( Rt*np.log(PR) + S_out - S_in )
C:\Users\MEO\Desktop\Projects\JetEngine\boomsonic_v0\.venv\Lib\site-packages\pycycle\thermo\static_ps_resid.py:128: RuntimeWarning: invalid value encountered in sqrt
  Vsonic = (i['gamma']*i['R']*i['Ts'])**0.5
C:\Users\MEO\Desktop\Projects\JetEngine\boomsonic_v0\.venv\Lib\site-packages\pycycle\thermo\static_ps_resid.py:98: RuntimeWarning: invalid value encountered in power
  ps_guess = inputs['guess:Pt'] * (1 + (gamt-1)/2 * M_guess**2)**(-gamt/(gamt-1))
C:\Users\MEO\Desktop\Projects\JetEngine\boomsonic_v0\.venv\Lib\site-packages\pycycle\thermo\static_ps_resid.py:93: RuntimeWarning: invalid value encountered in power
  f1 = ps - inputs['guess:Pt'] * (1 + (gamt-1)/2 * M_guess**2)**(-gamt/(gamt-1))
C:\Users\MEO\Desktop\Projects\JetEngine\boomsonic_v0\.venv\Lib\site-packages\pycycle\thermo\static_ps_resid.py:94: RuntimeWarning: invalid value encountered in sqrt
  f2 = MN - inputs['W']*(R_UNIVERSAL_SI*inputs['Ts'])**0.5/(ps_guess*1.0e6*inputs['area']*gamt**0.5)
C:\Users\MEO\Desktop\Projects\JetEngine\boomsonic_v0\.venv\Lib\site-packages\pycycle\thermo\static_ps_resid.py:99: RuntimeWarning: The iteration is not making good progress, as measured by the 
 improvement from the last ten iterations.
  ps_guess, M_guess = fsolve(equations, (ps_guess, M_guess))
C:\Users\MEO\Desktop\Projects\JetEngine\boomsonic_v0\.venv\Lib\site-packages\pycycle\thermo\static_ps_resid.py:128: RuntimeWarning: invalid value encountered in sqrt
  Vsonic = (i['gamma']*i['R']*i['Ts'])**0.5
C:\Users\MEO\Desktop\Projects\JetEngine\boomsonic_v0\.venv\Lib\site-packages\pycycle\thermo\static_ps_resid.py:128: RuntimeWarning: invalid value encountered in sqrt
  Vsonic = (i['gamma']*i['R']*i['Ts'])**0.5
C:\Users\MEO\Desktop\Projects\JetEngine\boomsonic_v0\.venv\Lib\site-packages\pycycle\thermo\static_ps_resid.py:128: RuntimeWarning: invalid value encountered in sqrt
  Vsonic = (i['gamma']*i['R']*i['Ts'])**0.5
C:\Users\MEO\Desktop\Projects\JetEngine\boomsonic_v0\.venv\Lib\site-packages\pycycle\thermo\static_ps_resid.py:128: RuntimeWarning: invalid value encountered in sqrt
  Vsonic = (i['gamma']*i['R']*i['Ts'])**0.5
C:\Users\MEO\Desktop\Projects\JetEngine\boomsonic_v0\.venv\Lib\site-packages\pycycle\thermo\static_ps_resid.py:128: RuntimeWarning: invalid value encountered in sqrt
  Vsonic = (i['gamma']*i['R']*i['Ts'])**0.5
C:\Users\MEO\Desktop\Projects\JetEngine\boomsonic_v0\.venv\Lib\site-packages\pycycle\thermo\static_ps_resid.py:128: RuntimeWarning: invalid value encountered in sqrt
  Vsonic = (i['gamma']*i['R']*i['Ts'])**0.5
C:\Users\MEO\Desktop\Projects\JetEngine\boomsonic_v0\.venv\Lib\site-packages\pycycle\thermo\static_ps_resid.py:128: RuntimeWarning: invalid value encountered in sqrt
  Vsonic = (i['gamma']*i['R']*i['Ts'])**0.5
C:\Users\MEO\Desktop\Projects\JetEngine\boomsonic_v0\.venv\Lib\site-packages\pycycle\thermo\static_ps_resid.py:128: RuntimeWarning: invalid value encountered in sqrt
  Vsonic = (i['gamma']*i['R']*i['Ts'])**0.5
C:\Users\MEO\Desktop\Projects\JetEngine\boomsonic_v0\.venv\Lib\site-packages\pycycle\thermo\static_ps_resid.py:108: RuntimeWarning: invalid value encountered in sqrt
  Vsonic = (i['gamma']*i['R']*i['Ts'])**0.5
C:\Users\MEO\Desktop\Projects\JetEngine\boomsonic_v0\.venv\Lib\site-packages\pycycle\thermo\static_ps_resid.py:83: RuntimeWarning: invalid value encountered in power
  ps_guess = inputs['guess:Pt'] * (1 + (gamt-1)/2 * inputs['MN']**2)**(-gamt/(gamt-1))
C:\Users\MEO\Desktop\Projects\JetEngine\boomsonic_v0\.venv\Lib\site-packages\pycycle\thermo\static_ps_resid.py:108: RuntimeWarning: invalid value encountered in sqrt
  Vsonic = (i['gamma']*i['R']*i['Ts'])**0.5
C:\Users\MEO\Desktop\Projects\JetEngine\boomsonic_v0\.venv\Lib\site-packages\pycycle\thermo\static_ps_resid.py:108: RuntimeWarning: invalid value encountered in sqrt
  Vsonic = (i['gamma']*i['R']*i['Ts'])**0.5
C:\Users\MEO\Desktop\Projects\JetEngine\boomsonic_v0\.venv\Lib\site-packages\pycycle\thermo\static_ps_resid.py:108: RuntimeWarning: invalid value encountered in sqrt
  Vsonic = (i['gamma']*i['R']*i['Ts'])**0.5
C:\Users\MEO\Desktop\Projects\JetEngine\boomsonic_v0\.venv\Lib\site-packages\pycycle\thermo\static_ps_resid.py:108: RuntimeWarning: invalid value encountered in sqrt
  Vsonic = (i['gamma']*i['R']*i['Ts'])**0.5
C:\Users\MEO\Desktop\Projects\JetEngine\boomsonic_v0\.venv\Lib\site-packages\pycycle\thermo\static_ps_resid.py:108: RuntimeWarning: invalid value encountered in sqrt
  Vsonic = (i['gamma']*i['R']*i['Ts'])**0.5
C:\Users\MEO\Desktop\Projects\JetEngine\boomsonic_v0\.venv\Lib\site-packages\pycycle\thermo\static_ps_resid.py:108: RuntimeWarning: invalid value encountered in sqrt
  Vsonic = (i['gamma']*i['R']*i['Ts'])**0.5
C:\Users\MEO\Desktop\Projects\JetEngine\boomsonic_v0\.venv\Lib\site-packages\pycycle\thermo\static_ps_resid.py:108: RuntimeWarning: invalid value encountered in sqrt
  Vsonic = (i['gamma']*i['R']*i['Ts'])**0.5
C:\Users\MEO\Desktop\Projects\JetEngine\boomsonic_v0\.venv\Lib\site-packages\pycycle\thermo\static_ps_resid.py:108: RuntimeWarning: invalid value encountered in sqrt
  Vsonic = (i['gamma']*i['R']*i['Ts'])**0.5
C:\Users\MEO\Desktop\Projects\JetEngine\boomsonic_v0\.venv\Lib\site-packages\pycycle\thermo\static_ps_resid.py:108: RuntimeWarning: invalid value encountered in sqrt
  Vsonic = (i['gamma']*i['R']*i['Ts'])**0.5
C:\Users\MEO\Desktop\Projects\JetEngine\boomsonic_v0\.venv\Lib\site-packages\pycycle\thermo\static_ps_resid.py:108: RuntimeWarning: invalid value encountered in sqrt
  Vsonic = (i['gamma']*i['R']*i['Ts'])**0.5
C:\Users\MEO\Desktop\Projects\JetEngine\boomsonic_v0\.venv\Lib\site-packages\pycycle\thermo\static_ps_resid.py:108: RuntimeWarning: invalid value encountered in sqrt
  Vsonic = (i['gamma']*i['R']*i['Ts'])**0.5
C:\Users\MEO\Desktop\Projects\JetEngine\boomsonic_v0\.venv\Lib\site-packages\pycycle\thermo\static_ps_calc.py:32: RuntimeWarning: invalid value encountered in sqrt
  outputs['Vsonic'] = Vsonic = np.sqrt(inputs['gamma'] * inputs['R'] * inputs['Ts'])
C:\Users\MEO\Desktop\Projects\JetEngine\boomsonic_v0\.venv\Lib\site-packages\pycycle\elements\compressor.py:75: RuntimeWarning: invalid value encountered in log
  outputs['eff_poly'] = Rt * np.log(PR) / ( Rt*np.log(PR) + S_out - S_in )
C:\Users\MEO\Desktop\Projects\JetEngine\boomsonic_v0\.venv\Lib\site-packages\pycycle\thermo\static_ps_resid.py:128: RuntimeWarning: invalid value encountered in sqrt
  Vsonic = (i['gamma']*i['R']*i['Ts'])**0.5
C:\Users\MEO\Desktop\Projects\JetEngine\boomsonic_v0\.venv\Lib\site-packages\pycycle\thermo\static_ps_resid.py:98: RuntimeWarning: invalid value encountered in power
  ps_guess = inputs['guess:Pt'] * (1 + (gamt-1)/2 * M_guess**2)**(-gamt/(gamt-1))
C:\Users\MEO\Desktop\Projects\JetEngine\boomsonic_v0\.venv\Lib\site-packages\pycycle\thermo\static_ps_resid.py:93: RuntimeWarning: invalid value encountered in power
  f1 = ps - inputs['guess:Pt'] * (1 + (gamt-1)/2 * M_guess**2)**(-gamt/(gamt-1))
C:\Users\MEO\Desktop\Projects\JetEngine\boomsonic_v0\.venv\Lib\site-packages\pycycle\thermo\static_ps_resid.py:94: RuntimeWarning: invalid value encountered in sqrt
  f2 = MN - inputs['W']*(R_UNIVERSAL_SI*inputs['Ts'])**0.5/(ps_guess*1.0e6*inputs['area']*gamt**0.5)
C:\Users\MEO\Desktop\Projects\JetEngine\boomsonic_v0\.venv\Lib\site-packages\pycycle\thermo\static_ps_resid.py:99: RuntimeWarning: The iteration is not making good progress, as measured by the 
 improvement from the last ten iterations.
  ps_guess, M_guess = fsolve(equations, (ps_guess, M_guess))
C:\Users\MEO\Desktop\Projects\JetEngine\boomsonic_v0\.venv\Lib\site-packages\pycycle\thermo\static_ps_resid.py:83: RuntimeWarning: invalid value encountered in power
  ps_guess = inputs['guess:Pt'] * (1 + (gamt-1)/2 * inputs['MN']**2)**(-gamt/(gamt-1))
C:\Users\MEO\Desktop\Projects\JetEngine\boomsonic_v0\.venv\Lib\site-packages\pycycle\thermo\static_ps_resid.py:128: RuntimeWarning: invalid value encountered in sqrt
  Vsonic = (i['gamma']*i['R']*i['Ts'])**0.5
C:\Users\MEO\Desktop\Projects\JetEngine\boomsonic_v0\.venv\Lib\site-packages\pycycle\thermo\static_ps_resid.py:128: RuntimeWarning: invalid value encountered in sqrt
  Vsonic = (i['gamma']*i['R']*i['Ts'])**0.5
C:\Users\MEO\Desktop\Projects\JetEngine\boomsonic_v0\.venv\Lib\site-packages\pycycle\thermo\static_ps_resid.py:128: RuntimeWarning: invalid value encountered in sqrt
  Vsonic = (i['gamma']*i['R']*i['Ts'])**0.5
C:\Users\MEO\Desktop\Projects\JetEngine\boomsonic_v0\.venv\Lib\site-packages\pycycle\thermo\static_ps_resid.py:108: RuntimeWarning: invalid value encountered in sqrt
  Vsonic = (i['gamma']*i['R']*i['Ts'])**0.5
C:\Users\MEO\Desktop\Projects\JetEngine\boomsonic_v0\.venv\Lib\site-packages\pycycle\elements\turbine.py:40: RuntimeWarning: invalid value encountered in sqrt
  outputs['Wp'] = inputs['W_in'] * inputs['Tt']**0.5 / inputs['Pt']
C:\Users\MEO\Desktop\Projects\JetEngine\boomsonic_v0\.venv\Lib\site-packages\pycycle\elements\turbine.py:41: RuntimeWarning: invalid value encountered in power
  outputs['Np'] = inputs['Nmech'] * inputs['Tt']**-0.5
C:\Users\MEO\Desktop\Projects\JetEngine\boomsonic_v0\.venv\Lib\site-packages\pycycle\elements\turbine.py:89: RuntimeWarning: invalid value encountered in log
  outputs['eff_poly'] = 1 + (S_out-S_in)/(Rt*np.log(invPR))
C:\Users\MEO\Desktop\Projects\JetEngine\boomsonic_v0\.venv\Lib\site-packages\pycycle\thermo\static_ps_resid.py:128: RuntimeWarning: invalid value encountered in sqrt
  Vsonic = (i['gamma']*i['R']*i['Ts'])**0.5
C:\Users\MEO\Desktop\Projects\JetEngine\boomsonic_v0\.venv\Lib\site-packages\pycycle\thermo\static_ps_resid.py:128: RuntimeWarning: invalid value encountered in sqrt
  Vsonic = (i['gamma']*i['R']*i['Ts'])**0.5
C:\Users\MEO\Desktop\Projects\JetEngine\boomsonic_v0\.venv\Lib\site-packages\pycycle\thermo\static_ps_resid.py:128: RuntimeWarning: invalid value encountered in sqrt
  Vsonic = (i['gamma']*i['R']*i['Ts'])**0.5
C:\Users\MEO\Desktop\Projects\JetEngine\boomsonic_v0\.venv\Lib\site-packages\pycycle\thermo\static_ps_resid.py:128: RuntimeWarning: invalid value encountered in sqrt
  Vsonic = (i['gamma']*i['R']*i['Ts'])**0.5
C:\Users\MEO\Desktop\Projects\JetEngine\boomsonic_v0\.venv\Lib\site-packages\pycycle\elements\turbine.py:40: RuntimeWarning: invalid value encountered in sqrt
  outputs['Wp'] = inputs['W_in'] * inputs['Tt']**0.5 / inputs['Pt']
C:\Users\MEO\Desktop\Projects\JetEngine\boomsonic_v0\.venv\Lib\site-packages\pycycle\elements\turbine.py:41: RuntimeWarning: invalid value encountered in power
  outputs['Np'] = inputs['Nmech'] * inputs['Tt']**-0.5
C:\Users\MEO\Desktop\Projects\JetEngine\boomsonic_v0\.venv\Lib\site-packages\openmdao\solvers\solver.py:819: SolverWarning:Your model has stalled three times and may be violating the bounds. In the future, turn on print_bound_enforce in your solver options here: 
OD0.inlet.out_stat.nonlinear_solver.linesearch.options['print_bound_enforce']=True. 
The bound(s) being violated now are:

C:\Users\MEO\Desktop\Projects\JetEngine\boomsonic_v0\.venv\Lib\site-packages\openmdao\solvers\linesearch\backtracking.py:39: SolverWarning:'OD0.inlet.out_stat.balance.T' exceeds lower bounds
  Val: [-237.42074709]
  Lower: [150.]

C:\Users\MEO\Desktop\Projects\JetEngine\boomsonic_v0\.venv\Lib\site-packages\openmdao\solvers\linesearch\backtracking.py:39: SolverWarning:'OD0.inlet.out_stat.ps_resid.Ps' exceeds lower bounds
  Val: [-0.00110427]
  Lower: [-0.0009009]

C:\Users\MEO\Desktop\Projects\JetEngine\boomsonic_v0\.venv\Lib\site-packages\openmdao\solvers\solver.py:819: SolverWarning:Your model has stalled three times and may be violating the bounds. In the future, turn on print_bound_enforce in your solver options here: 
OD0.duct.out_stat.nonlinear_solver.linesearch.options['print_bound_enforce']=True. 
The bound(s) being violated now are:

C:\Users\MEO\Desktop\Projects\JetEngine\boomsonic_v0\.venv\Lib\site-packages\openmdao\solvers\linesearch\backtracking.py:39: SolverWarning:'OD0.duct.out_stat.balance.T' exceeds lower bounds
  Val: [-235.48064766]
  Lower: [150.]

C:\Users\MEO\Desktop\Projects\JetEngine\boomsonic_v0\.venv\Lib\site-packages\openmdao\solvers\linesearch\backtracking.py:39: SolverWarning:'OD0.duct.out_stat.ps_resid.Ps' exceeds lower bounds
  Val: [-0.001103]
  Lower: [-0.0009009]

C:\Users\MEO\Desktop\Projects\JetEngine\boomsonic_v0\.venv\Lib\site-packages\pycycle\thermo\static_ps_resid.py:128: RuntimeWarning: invalid value encountered in sqrt
  Vsonic = (i['gamma']*i['R']*i['Ts'])**0.5
C:\Users\MEO\Desktop\Projects\JetEngine\boomsonic_v0\.venv\Lib\site-packages\openmdao\solvers\solver.py:819: SolverWarning:Your model has stalled three times and may be violating the bounds. In the future, turn on print_bound_enforce in your solver options here: 
OD0.burner.out_stat.nonlinear_solver.linesearch.options['print_bound_enforce']=True. 
The bound(s) being violated now are:

C:\Users\MEO\Desktop\Projects\JetEngine\boomsonic_v0\.venv\Lib\site-packages\openmdao\solvers\linesearch\backtracking.py:39: SolverWarning:'OD0.burner.out_stat.balance.T' exceeds lower bounds
  Val: [-228.49341291]
  Lower: [150.]

C:\Users\MEO\Desktop\Projects\JetEngine\boomsonic_v0\.venv\Lib\site-packages\openmdao\solvers\linesearch\backtracking.py:39: SolverWarning:'OD0.burner.out_stat.ps_resid.Ps' exceeds lower bounds
  Val: [-0.00109843]
  Lower: [-0.0009009]

C:\Users\MEO\Desktop\Projects\JetEngine\boomsonic_v0\.venv\Lib\site-packages\pycycle\thermo\static_ps_resid.py:128: RuntimeWarning: invalid value encountered in sqrt
  Vsonic = (i['gamma']*i['R']*i['Ts'])**0.5
C:\Users\MEO\Desktop\Projects\JetEngine\boomsonic_v0\.venv\Lib\site-packages\pycycle\elements\turbine.py:40: RuntimeWarning: invalid value encountered in sqrt
  outputs['Wp'] = inputs['W_in'] * inputs['Tt']**0.5 / inputs['Pt']
C:\Users\MEO\Desktop\Projects\JetEngine\boomsonic_v0\.venv\Lib\site-packages\pycycle\elements\turbine.py:41: RuntimeWarning: invalid value encountered in power
  outputs['Np'] = inputs['Nmech'] * inputs['Tt']**-0.5
C:\Users\MEO\Desktop\Projects\JetEngine\boomsonic_v0\.venv\Lib\site-packages\openmdao\solvers\solver.py:819: SolverWarning:Your model has stalled three times and may be violating the bounds. In the future, turn on print_bound_enforce in your solver options here: 
OD0.inlet.out_stat.nonlinear_solver.linesearch.options['print_bound_enforce']=True. 
The bound(s) being violated now are:

C:\Users\MEO\Desktop\Projects\JetEngine\boomsonic_v0\.venv\Lib\site-packages\openmdao\solvers\linesearch\backtracking.py:39: SolverWarning:'OD0.inlet.out_stat.balance.T' exceeds lower bounds
  Val: [-237.4207464]
  Lower: [150.]

C:\Users\MEO\Desktop\Projects\JetEngine\boomsonic_v0\.venv\Lib\site-packages\openmdao\solvers\linesearch\backtracking.py:39: SolverWarning:'OD0.inlet.out_stat.ps_resid.Ps' exceeds lower bounds
  Val: [-0.00110427]
  Lower: [-0.0009009]

C:\Users\MEO\Desktop\Projects\JetEngine\boomsonic_v0\.venv\Lib\site-packages\openmdao\solvers\solver.py:819: SolverWarning:Your model has stalled three times and may be violating the bounds. In the future, turn on print_bound_enforce in your solver options here: 
OD0.duct.out_stat.nonlinear_solver.linesearch.options['print_bound_enforce']=True. 
The bound(s) being violated now are:

C:\Users\MEO\Desktop\Projects\JetEngine\boomsonic_v0\.venv\Lib\site-packages\openmdao\solvers\linesearch\backtracking.py:39: SolverWarning:'OD0.duct.out_stat.balance.T' exceeds lower bounds
  Val: [-235.48064693]
  Lower: [150.]

C:\Users\MEO\Desktop\Projects\JetEngine\boomsonic_v0\.venv\Lib\site-packages\openmdao\solvers\linesearch\backtracking.py:39: SolverWarning:'OD0.duct.out_stat.ps_resid.Ps' exceeds lower bounds
  Val: [-0.001103]
  Lower: [-0.0009009]

C:\Users\MEO\Desktop\Projects\JetEngine\boomsonic_v0\.venv\Lib\site-packages\openmdao\solvers\solver.py:819: SolverWarning:Your model has stalled three times and may be violating the bounds. In the future, turn on print_bound_enforce in your solver options here: 
OD0.comp.ideal_flow.nonlinear_solver.linesearch.options['print_bound_enforce']=True. 
The bound(s) being violated now are:

C:\Users\MEO\Desktop\Projects\JetEngine\boomsonic_v0\.venv\Lib\site-packages\openmdao\solvers\linesearch\backtracking.py:39: SolverWarning:'OD0.comp.ideal_flow.balance.T' exceeds lower bounds
  Val: [-9.69361315e+08]
  Lower: [150.]

C:\Users\MEO\Desktop\Projects\JetEngine\boomsonic_v0\.venv\Lib\site-packages\pycycle\elements\compressor.py:75: RuntimeWarning: invalid value encountered in log
  outputs['eff_poly'] = Rt * np.log(PR) / ( Rt*np.log(PR) + S_out - S_in )
C:\Users\MEO\Desktop\Projects\JetEngine\boomsonic_v0\.venv\Lib\site-packages\pycycle\thermo\static_ps_resid.py:128: RuntimeWarning: invalid value encountered in sqrt
  Vsonic = (i['gamma']*i['R']*i['Ts'])**0.5
C:\Users\MEO\Desktop\Projects\JetEngine\boomsonic_v0\.venv\Lib\site-packages\pycycle\thermo\static_ps_resid.py:98: RuntimeWarning: invalid value encountered in power
  ps_guess = inputs['guess:Pt'] * (1 + (gamt-1)/2 * M_guess**2)**(-gamt/(gamt-1))
C:\Users\MEO\Desktop\Projects\JetEngine\boomsonic_v0\.venv\Lib\site-packages\pycycle\thermo\static_ps_resid.py:93: RuntimeWarning: invalid value encountered in power
  f1 = ps - inputs['guess:Pt'] * (1 + (gamt-1)/2 * M_guess**2)**(-gamt/(gamt-1))
C:\Users\MEO\Desktop\Projects\JetEngine\boomsonic_v0\.venv\Lib\site-packages\pycycle\thermo\static_ps_resid.py:94: RuntimeWarning: invalid value encountered in sqrt
  f2 = MN - inputs['W']*(R_UNIVERSAL_SI*inputs['Ts'])**0.5/(ps_guess*1.0e6*inputs['area']*gamt**0.5)
C:\Users\MEO\Desktop\Projects\JetEngine\boomsonic_v0\.venv\Lib\site-packages\pycycle\thermo\static_ps_resid.py:99: RuntimeWarning: The iteration is not making good progress, as measured by the 
 improvement from the last ten iterations.
  ps_guess, M_guess = fsolve(equations, (ps_guess, M_guess))
C:\Users\MEO\Desktop\Projects\JetEngine\boomsonic_v0\.venv\Lib\site-packages\pycycle\thermo\static_ps_resid.py:128: RuntimeWarning: invalid value encountered in sqrt
  Vsonic = (i['gamma']*i['R']*i['Ts'])**0.5
C:\Users\MEO\Desktop\Projects\JetEngine\boomsonic_v0\.venv\Lib\site-packages\pycycle\thermo\static_ps_resid.py:128: RuntimeWarning: invalid value encountered in sqrt
  Vsonic = (i['gamma']*i['R']*i['Ts'])**0.5
C:\Users\MEO\Desktop\Projects\JetEngine\boomsonic_v0\.venv\Lib\site-packages\pycycle\thermo\static_ps_resid.py:128: RuntimeWarning: invalid value encountered in sqrt
  Vsonic = (i['gamma']*i['R']*i['Ts'])**0.5
C:\Users\MEO\Desktop\Projects\JetEngine\boomsonic_v0\.venv\Lib\site-packages\pycycle\thermo\static_ps_resid.py:128: RuntimeWarning: invalid value encountered in sqrt
  Vsonic = (i['gamma']*i['R']*i['Ts'])**0.5
C:\Users\MEO\Desktop\Projects\JetEngine\boomsonic_v0\.venv\Lib\site-packages\pycycle\thermo\static_ps_resid.py:128: RuntimeWarning: invalid value encountered in sqrt
  Vsonic = (i['gamma']*i['R']*i['Ts'])**0.5
C:\Users\MEO\Desktop\Projects\JetEngine\boomsonic_v0\.venv\Lib\site-packages\pycycle\thermo\static_ps_resid.py:128: RuntimeWarning: invalid value encountered in sqrt
  Vsonic = (i['gamma']*i['R']*i['Ts'])**0.5
C:\Users\MEO\Desktop\Projects\JetEngine\boomsonic_v0\.venv\Lib\site-packages\pycycle\thermo\static_ps_resid.py:98: RuntimeWarning: invalid value encountered in power
  ps_guess = inputs['guess:Pt'] * (1 + (gamt-1)/2 * M_guess**2)**(-gamt/(gamt-1))
C:\Users\MEO\Desktop\Projects\JetEngine\boomsonic_v0\.venv\Lib\site-packages\pycycle\thermo\static_ps_resid.py:93: RuntimeWarning: invalid value encountered in power
  f1 = ps - inputs['guess:Pt'] * (1 + (gamt-1)/2 * M_guess**2)**(-gamt/(gamt-1))
C:\Users\MEO\Desktop\Projects\JetEngine\boomsonic_v0\.venv\Lib\site-packages\pycycle\thermo\static_ps_resid.py:94: RuntimeWarning: invalid value encountered in sqrt
  f2 = MN - inputs['W']*(R_UNIVERSAL_SI*inputs['Ts'])**0.5/(ps_guess*1.0e6*inputs['area']*gamt**0.5)
C:\Users\MEO\Desktop\Projects\JetEngine\boomsonic_v0\.venv\Lib\site-packages\pycycle\thermo\static_ps_resid.py:99: RuntimeWarning: The iteration is not making good progress, as measured by the 
 improvement from the last ten iterations.
  ps_guess, M_guess = fsolve(equations, (ps_guess, M_guess))
C:\Users\MEO\Desktop\Projects\JetEngine\boomsonic_v0\.venv\Lib\site-packages\pycycle\thermo\static_ps_resid.py:128: RuntimeWarning: invalid value encountered in sqrt
  Vsonic = (i['gamma']*i['R']*i['Ts'])**0.5
C:\Users\MEO\Desktop\Projects\JetEngine\boomsonic_v0\.venv\Lib\site-packages\pycycle\thermo\static_ps_resid.py:128: RuntimeWarning: invalid value encountered in sqrt
  Vsonic = (i['gamma']*i['R']*i['Ts'])**0.5
C:\Users\MEO\Desktop\Projects\JetEngine\boomsonic_v0\.venv\Lib\site-packages\pycycle\thermo\static_ps_resid.py:128: RuntimeWarning: invalid value encountered in sqrt
  Vsonic = (i['gamma']*i['R']*i['Ts'])**0.5
C:\Users\MEO\Desktop\Projects\JetEngine\boomsonic_v0\.venv\Lib\site-packages\openmdao\solvers\solver.py:819: SolverWarning:Your model has stalled three times and may be violating the bounds. In the future, turn on print_bound_enforce in your solver options here: 
OD0.turb.ideal_flow.nonlinear_solver.linesearch.options['print_bound_enforce']=True. 
The bound(s) being violated now are:

C:\Users\MEO\Desktop\Projects\JetEngine\boomsonic_v0\.venv\Lib\site-packages\openmdao\solvers\linesearch\backtracking.py:39: SolverWarning:'OD0.turb.ideal_flow.balance.T' exceeds lower bounds
  Val: [-3414625.29337735]
  Lower: [150.]

C:\Users\MEO\Desktop\Projects\JetEngine\boomsonic_v0\.venv\Lib\site-packages\openmdao\solvers\solver.py:819: SolverWarning:Your model has stalled three times and may be violating the bounds. In the future, turn on print_bound_enforce in your solver options here: 
OD0.turb.real_flow_b4bld.nonlinear_solver.linesearch.options['print_bound_enforce']=True. 
The bound(s) being violated now are:

C:\Users\MEO\Desktop\Projects\JetEngine\boomsonic_v0\.venv\Lib\site-packages\openmdao\solvers\linesearch\backtracking.py:39: SolverWarning:'OD0.turb.real_flow_b4bld.balance.T' exceeds lower bounds
  Val: [-55167612.23073283]
  Lower: [150.]

C:\Users\MEO\Desktop\Projects\JetEngine\boomsonic_v0\.venv\Lib\site-packages\openmdao\solvers\solver.py:819: SolverWarning:Your model has stalled three times and may be violating the bounds. In the future, turn on print_bound_enforce in your solver options here: 
OD0.turb.real_flow.nonlinear_solver.linesearch.options['print_bound_enforce']=True. 
The bound(s) being violated now are:

C:\Users\MEO\Desktop\Projects\JetEngine\boomsonic_v0\.venv\Lib\site-packages\openmdao\solvers\linesearch\backtracking.py:39: SolverWarning:'OD0.turb.real_flow.balance.T' exceeds lower bounds
  Val: [-55167612.23073283]
  Lower: [150.]

C:\Users\MEO\Desktop\Projects\JetEngine\boomsonic_v0\.venv\Lib\site-packages\pycycle\thermo\static_ps_resid.py:128: RuntimeWarning: invalid value encountered in sqrt
  Vsonic = (i['gamma']*i['R']*i['Ts'])**0.5
C:\Users\MEO\Desktop\Projects\JetEngine\boomsonic_v0\.venv\Lib\site-packages\openmdao\solvers\solver.py:819: SolverWarning:Your model has stalled three times and may be violating the bounds. In the future, turn on print_bound_enforce in your solver options here: 
OD0.nozz.throat_total.nonlinear_solver.linesearch.options['print_bound_enforce']=True. 
The bound(s) being violated now are:

C:\Users\MEO\Desktop\Projects\JetEngine\boomsonic_v0\.venv\Lib\site-packages\openmdao\solvers\linesearch\backtracking.py:39: SolverWarning:'OD0.nozz.throat_total.balance.T' exceeds lower bounds
  Val: [-55167612.23073283]
  Lower: [150.]

C:\Users\MEO\Desktop\Projects\JetEngine\boomsonic_v0\.venv\Lib\site-packages\pycycle\thermo\static_ps_resid.py:108: RuntimeWarning: invalid value encountered in sqrt
  Vsonic = (i['gamma']*i['R']*i['Ts'])**0.5
C:\Users\MEO\Desktop\Projects\JetEngine\boomsonic_v0\.venv\Lib\site-packages\pycycle\thermo\static_ps_resid.py:108: RuntimeWarning: invalid value encountered in sqrt
  Vsonic = (i['gamma']*i['R']*i['Ts'])**0.5
C:\Users\MEO\Desktop\Projects\JetEngine\boomsonic_v0\.venv\Lib\site-packages\pycycle\thermo\static_ps_resid.py:108: RuntimeWarning: invalid value encountered in sqrt
  Vsonic = (i['gamma']*i['R']*i['Ts'])**0.5
C:\Users\MEO\Desktop\Projects\JetEngine\boomsonic_v0\.venv\Lib\site-packages\pycycle\thermo\static_ps_resid.py:108: RuntimeWarning: invalid value encountered in sqrt
  Vsonic = (i['gamma']*i['R']*i['Ts'])**0.5
C:\Users\MEO\Desktop\Projects\JetEngine\boomsonic_v0\.venv\Lib\site-packages\openmdao\solvers\solver.py:819: SolverWarning:Your model has stalled three times and may be violating the bounds. In the future, turn on print_bound_enforce in your solver options here: 
OD0.nozz.staticMN.nonlinear_solver.linesearch.options['print_bound_enforce']=True. 
The bound(s) being violated now are:

C:\Users\MEO\Desktop\Projects\JetEngine\boomsonic_v0\.venv\Lib\site-packages\openmdao\solvers\linesearch\backtracking.py:39: SolverWarning:'OD0.nozz.staticMN.balance.T' exceeds lower bounds
  Val: [-26305162.40812832]
  Lower: [150.]

C:\Users\MEO\Desktop\Projects\JetEngine\boomsonic_v0\.venv\Lib\site-packages\openmdao\solvers\linesearch\backtracking.py:39: SolverWarning:'OD0.nozz.staticMN.ps_resid.Ps' exceeds lower bounds
  Val: [-2148.33576283]
  Lower: [-0.0009009]

C:\Users\MEO\Desktop\Projects\JetEngine\boomsonic_v0\.venv\Lib\site-packages\pycycle\thermo\static_ps_resid.py:108: RuntimeWarning: invalid value encountered in sqrt
  Vsonic = (i['gamma']*i['R']*i['Ts'])**0.5
C:\Users\MEO\Desktop\Projects\JetEngine\boomsonic_v0\.venv\Lib\site-packages\openmdao\solvers\solver.py:819: SolverWarning:Your model has stalled three times and may be violating the bounds. In the future, turn on print_bound_enforce in your solver options here: 
OD0.nozz.staticPs.nonlinear_solver.linesearch.options['print_bound_enforce']=True. 
The bound(s) being violated now are:

C:\Users\MEO\Desktop\Projects\JetEngine\boomsonic_v0\.venv\Lib\site-packages\openmdao\solvers\linesearch\backtracking.py:39: SolverWarning:'OD0.nozz.staticPs.balance.T' exceeds lower bounds
  Val: [-93.42368449]
  Lower: [150.]

C:\Users\MEO\Desktop\Projects\JetEngine\boomsonic_v0\.venv\Lib\site-packages\openmdao\solvers\solver.py:819: SolverWarning:Your model has stalled three times and may be violating the bounds. In the future, turn on print_bound_enforce in your solver options here: 
OD0.nozz.ideal_flow.nonlinear_solver.linesearch.options['print_bound_enforce']=True. 
The bound(s) being violated now are:

C:\Users\MEO\Desktop\Projects\JetEngine\boomsonic_v0\.venv\Lib\site-packages\openmdao\solvers\linesearch\backtracking.py:39: SolverWarning:'OD0.nozz.ideal_flow.balance.T' exceeds lower bounds
  Val: [-93.42368445]
  Lower: [150.]

C:\Users\MEO\Desktop\Projects\JetEngine\boomsonic_v0\.venv\Lib\site-packages\pycycle\elements\compressor.py:75: RuntimeWarning: invalid value encountered in log
  outputs['eff_poly'] = Rt * np.log(PR) / ( Rt*np.log(PR) + S_out - S_in )
C:\Users\MEO\Desktop\Projects\JetEngine\boomsonic_v0\.venv\Lib\site-packages\pycycle\thermo\static_ps_resid.py:128: RuntimeWarning: invalid value encountered in sqrt
  Vsonic = (i['gamma']*i['R']*i['Ts'])**0.5
C:\Users\MEO\Desktop\Projects\JetEngine\boomsonic_v0\.venv\Lib\site-packages\pycycle\thermo\static_ps_resid.py:98: RuntimeWarning: invalid value encountered in power
  ps_guess = inputs['guess:Pt'] * (1 + (gamt-1)/2 * M_guess**2)**(-gamt/(gamt-1))
C:\Users\MEO\Desktop\Projects\JetEngine\boomsonic_v0\.venv\Lib\site-packages\pycycle\thermo\static_ps_resid.py:93: RuntimeWarning: invalid value encountered in power
  f1 = ps - inputs['guess:Pt'] * (1 + (gamt-1)/2 * M_guess**2)**(-gamt/(gamt-1))
C:\Users\MEO\Desktop\Projects\JetEngine\boomsonic_v0\.venv\Lib\site-packages\pycycle\thermo\static_ps_resid.py:94: RuntimeWarning: invalid value encountered in sqrt
  f2 = MN - inputs['W']*(R_UNIVERSAL_SI*inputs['Ts'])**0.5/(ps_guess*1.0e6*inputs['area']*gamt**0.5)
C:\Users\MEO\Desktop\Projects\JetEngine\boomsonic_v0\.venv\Lib\site-packages\pycycle\thermo\static_ps_resid.py:99: RuntimeWarning: The iteration is not making good progress, as measured by the 
 improvement from the last ten iterations.
  ps_guess, M_guess = fsolve(equations, (ps_guess, M_guess))
C:\Users\MEO\Desktop\Projects\JetEngine\boomsonic_v0\.venv\Lib\site-packages\openmdao\solvers\solver.py:819: SolverWarning:Your model has stalled three times and may be violating the bounds. In the future, turn on print_bound_enforce in your solver options here: 
OD0.inlet.out_stat.nonlinear_solver.linesearch.options['print_bound_enforce']=True. 
The bound(s) being violated now are:

C:\Users\MEO\Desktop\Projects\JetEngine\boomsonic_v0\.venv\Lib\site-packages\openmdao\solvers\linesearch\backtracking.py:39: SolverWarning:'OD0.inlet.out_stat.balance.T' exceeds lower bounds
  Val: [-237.4207464]
  Lower: [150.]

C:\Users\MEO\Desktop\Projects\JetEngine\boomsonic_v0\.venv\Lib\site-packages\openmdao\solvers\linesearch\backtracking.py:39: SolverWarning:'OD0.inlet.out_stat.ps_resid.Ps' exceeds lower bounds
  Val: [-0.00110427]
  Lower: [-0.0009009]

C:\Users\MEO\Desktop\Projects\JetEngine\boomsonic_v0\.venv\Lib\site-packages\openmdao\solvers\solver.py:819: SolverWarning:Your model has stalled three times and may be violating the bounds. In the future, turn on print_bound_enforce in your solver options here: 
OD0.duct.out_stat.nonlinear_solver.linesearch.options['print_bound_enforce']=True. 
The bound(s) being violated now are:

C:\Users\MEO\Desktop\Projects\JetEngine\boomsonic_v0\.venv\Lib\site-packages\openmdao\solvers\linesearch\backtracking.py:39: SolverWarning:'OD0.duct.out_stat.balance.T' exceeds lower bounds
  Val: [-235.48064693]
  Lower: [150.]

C:\Users\MEO\Desktop\Projects\JetEngine\boomsonic_v0\.venv\Lib\site-packages\openmdao\solvers\linesearch\backtracking.py:39: SolverWarning:'OD0.duct.out_stat.ps_resid.Ps' exceeds lower bounds
  Val: [-0.001103]
  Lower: [-0.0009009]

C:\Users\MEO\Desktop\Projects\JetEngine\boomsonic_v0\.venv\Lib\site-packages\openmdao\solvers\solver.py:819: SolverWarning:Your model has stalled three times and may be violating the bounds. In the future, turn on print_bound_enforce in your solver options here: 
OD0.comp.ideal_flow.nonlinear_solver.linesearch.options['print_bound_enforce']=True. 
The bound(s) being violated now are:

C:\Users\MEO\Desktop\Projects\JetEngine\boomsonic_v0\.venv\Lib\site-packages\openmdao\solvers\linesearch\backtracking.py:39: SolverWarning:'OD0.comp.ideal_flow.balance.T' exceeds lower bounds
  Val: [-9.69361315e+08]
  Lower: [150.]

C:\Users\MEO\Desktop\Projects\JetEngine\boomsonic_v0\.venv\Lib\site-packages\pycycle\elements\compressor.py:75: RuntimeWarning: invalid value encountered in log
  outputs['eff_poly'] = Rt * np.log(PR) / ( Rt*np.log(PR) + S_out - S_in )
C:\Users\MEO\Desktop\Projects\JetEngine\boomsonic_v0\.venv\Lib\site-packages\pycycle\thermo\static_ps_resid.py:128: RuntimeWarning: invalid value encountered in sqrt
  Vsonic = (i['gamma']*i['R']*i['Ts'])**0.5
C:\Users\MEO\Desktop\Projects\JetEngine\boomsonic_v0\.venv\Lib\site-packages\pycycle\thermo\static_ps_resid.py:128: RuntimeWarning: invalid value encountered in sqrt
  Vsonic = (i['gamma']*i['R']*i['Ts'])**0.5
C:\Users\MEO\Desktop\Projects\JetEngine\boomsonic_v0\.venv\Lib\site-packages\openmdao\solvers\solver.py:819: SolverWarning:Your model has stalled three times and may be violating the bounds. In the future, turn on print_bound_enforce in your solver options here: 
OD0.turb.ideal_flow.nonlinear_solver.linesearch.options['print_bound_enforce']=True. 
The bound(s) being violated now are:

C:\Users\MEO\Desktop\Projects\JetEngine\boomsonic_v0\.venv\Lib\site-packages\openmdao\solvers\linesearch\backtracking.py:39: SolverWarning:'OD0.turb.ideal_flow.balance.T' exceeds lower bounds
  Val: [-3277505.30344004]
  Lower: [150.]

C:\Users\MEO\Desktop\Projects\JetEngine\boomsonic_v0\.venv\Lib\site-packages\openmdao\solvers\solver.py:819: SolverWarning:Your model has stalled three times and may be violating the bounds. In the future, turn on print_bound_enforce in your solver options here: 
OD0.turb.real_flow_b4bld.nonlinear_solver.linesearch.options['print_bound_enforce']=True. 
The bound(s) being violated now are:

C:\Users\MEO\Desktop\Projects\JetEngine\boomsonic_v0\.venv\Lib\site-packages\openmdao\solvers\linesearch\backtracking.py:39: SolverWarning:'OD0.turb.real_flow_b4bld.balance.T' exceeds lower bounds
  Val: [-1569.0601617]
  Lower: [150.]

C:\Users\MEO\Desktop\Projects\JetEngine\boomsonic_v0\.venv\Lib\site-packages\openmdao\solvers\solver.py:819: SolverWarning:Your model has stalled three times and may be violating the bounds. In the future, turn on print_bound_enforce in your solver options here: 
OD0.turb.real_flow.nonlinear_solver.linesearch.options['print_bound_enforce']=True. 
The bound(s) being violated now are:

C:\Users\MEO\Desktop\Projects\JetEngine\boomsonic_v0\.venv\Lib\site-packages\openmdao\solvers\linesearch\backtracking.py:39: SolverWarning:'OD0.turb.real_flow.balance.T' exceeds lower bounds
  Val: [-1569.0601617]
  Lower: [150.]

C:\Users\MEO\Desktop\Projects\JetEngine\boomsonic_v0\.venv\Lib\site-packages\pycycle\thermo\static_ps_resid.py:128: RuntimeWarning: invalid value encountered in sqrt
  Vsonic = (i['gamma']*i['R']*i['Ts'])**0.5
C:\Users\MEO\Desktop\Projects\JetEngine\boomsonic_v0\.venv\Lib\site-packages\openmdao\solvers\solver.py:819: SolverWarning:Your model has stalled three times and may be violating the bounds. In the future, turn on print_bound_enforce in your solver options here: 
OD0.nozz.throat_total.nonlinear_solver.linesearch.options['print_bound_enforce']=True. 
The bound(s) being violated now are:

C:\Users\MEO\Desktop\Projects\JetEngine\boomsonic_v0\.venv\Lib\site-packages\openmdao\solvers\linesearch\backtracking.py:39: SolverWarning:'OD0.nozz.throat_total.balance.T' exceeds lower bounds
  Val: [-1569.0601617]
  Lower: [150.]

C:\Users\MEO\Desktop\Projects\JetEngine\boomsonic_v0\.venv\Lib\site-packages\openmdao\solvers\solver.py:819: SolverWarning:Your model has stalled three times and may be violating the bounds. In the future, turn on print_bound_enforce in your solver options here: 
OD0.nozz.staticMN.nonlinear_solver.linesearch.options['print_bound_enforce']=True. 
The bound(s) being violated now are:

C:\Users\MEO\Desktop\Projects\JetEngine\boomsonic_v0\.venv\Lib\site-packages\openmdao\solvers\linesearch\backtracking.py:39: SolverWarning:'OD0.nozz.staticMN.balance.T' exceeds lower bounds
  Val: [-698.65735857]
  Lower: [150.]

C:\Users\MEO\Desktop\Projects\JetEngine\boomsonic_v0\.venv\Lib\site-packages\openmdao\solvers\linesearch\backtracking.py:39: SolverWarning:'OD0.nozz.staticMN.ps_resid.Ps' exceeds lower bounds
  Val: [-2087.89188111]
  Lower: [-0.0009009]

C:\Users\MEO\Desktop\Projects\JetEngine\boomsonic_v0\.venv\Lib\site-packages\openmdao\solvers\solver.py:819: SolverWarning:Your model has stalled three times and may be violating the bounds. In the future, turn on print_bound_enforce in your solver options here: 
OD0.nozz.staticPs.nonlinear_solver.linesearch.options['print_bound_enforce']=True. 
The bound(s) being violated now are:

C:\Users\MEO\Desktop\Projects\JetEngine\boomsonic_v0\.venv\Lib\site-packages\openmdao\solvers\linesearch\backtracking.py:39: SolverWarning:'OD0.nozz.staticPs.balance.T' exceeds lower bounds
  Val: [-93.42368449]
  Lower: [150.]

C:\Users\MEO\Desktop\Projects\JetEngine\boomsonic_v0\.venv\Lib\site-packages\openmdao\solvers\solver.py:819: SolverWarning:Your model has stalled three times and may be violating the bounds. In the future, turn on print_bound_enforce in your solver options here: 
OD0.nozz.ideal_flow.nonlinear_solver.linesearch.options['print_bound_enforce']=True. 
The bound(s) being violated now are:

C:\Users\MEO\Desktop\Projects\JetEngine\boomsonic_v0\.venv\Lib\site-packages\openmdao\solvers\linesearch\backtracking.py:39: SolverWarning:'OD0.nozz.ideal_flow.balance.T' exceeds lower bounds
  Val: [-93.42368445]
  Lower: [150.]

C:\Users\MEO\Desktop\Projects\JetEngine\boomsonic_v0\.venv\Lib\site-packages\pycycle\elements\compressor.py:75: RuntimeWarning: invalid value encountered in log
  outputs['eff_poly'] = Rt * np.log(PR) / ( Rt*np.log(PR) + S_out - S_in )
C:\Users\MEO\Desktop\Projects\JetEngine\boomsonic_v0\.venv\Lib\site-packages\pycycle\thermo\static_ps_resid.py:128: RuntimeWarning: invalid value encountered in sqrt
  Vsonic = (i['gamma']*i['R']*i['Ts'])**0.5
C:\Users\MEO\Desktop\Projects\JetEngine\boomsonic_v0\.venv\Lib\site-packages\pycycle\thermo\static_ps_resid.py:128: RuntimeWarning: invalid value encountered in sqrt
  Vsonic = (i['gamma']*i['R']*i['Ts'])**0.5
C:\Users\MEO\Desktop\Projects\JetEngine\boomsonic_v0\.venv\Lib\site-packages\pycycle\thermo\static_ps_resid.py:128: RuntimeWarning: invalid value encountered in sqrt
  Vsonic = (i['gamma']*i['R']*i['Ts'])**0.5
C:\Users\MEO\Desktop\Projects\JetEngine\boomsonic_v0\.venv\Lib\site-packages\pycycle\thermo\static_ps_resid.py:128: RuntimeWarning: invalid value encountered in sqrt
  Vsonic = (i['gamma']*i['R']*i['Ts'])**0.5
C:\Users\MEO\Desktop\Projects\JetEngine\boomsonic_v0\.venv\Lib\site-packages\pycycle\elements\turbine.py:40: RuntimeWarning: invalid value encountered in sqrt
  outputs['Wp'] = inputs['W_in'] * inputs['Tt']**0.5 / inputs['Pt']
C:\Users\MEO\Desktop\Projects\JetEngine\boomsonic_v0\.venv\Lib\site-packages\pycycle\elements\turbine.py:41: RuntimeWarning: invalid value encountered in power
  outputs['Np'] = inputs['Nmech'] * inputs['Tt']**-0.5
C:\Users\MEO\Desktop\Projects\JetEngine\boomsonic_v0\.venv\Lib\site-packages\pycycle\elements\turbine.py:89: RuntimeWarning: invalid value encountered in log
  outputs['eff_poly'] = 1 + (S_out-S_in)/(Rt*np.log(invPR))
C:\Users\MEO\Desktop\Projects\JetEngine\boomsonic_v0\.venv\Lib\site-packages\openmdao\solvers\solver.py:819: SolverWarning:Your model has stalled three times and may be violating the bounds. In the future, turn on print_bound_enforce in your solver options here: 
OD0.burner.vitiated_flow.nonlinear_solver.linesearch.options['print_bound_enforce']=True. 
The bound(s) being violated now are:

C:\Users\MEO\Desktop\Projects\JetEngine\boomsonic_v0\.venv\Lib\site-packages\openmdao\solvers\linesearch\backtracking.py:35: SolverWarning:'OD0.burner.vitiated_flow.balance.T' exceeds upper bounds
  Val: [3765.73171985]
  Upper: [2500.]

C:\Users\MEO\Desktop\Projects\JetEngine\boomsonic_v0\.venv\Lib\site-packages\pycycle\thermo\static_ps_resid.py:128: RuntimeWarning: invalid value encountered in sqrt
  Vsonic = (i['gamma']*i['R']*i['Ts'])**0.5
C:\Users\MEO\Desktop\Projects\JetEngine\boomsonic_v0\.venv\Lib\site-packages\pycycle\thermo\static_ps_resid.py:128: RuntimeWarning: invalid value encountered in sqrt
  Vsonic = (i['gamma']*i['R']*i['Ts'])**0.5
C:\Users\MEO\Desktop\Projects\JetEngine\boomsonic_v0\.venv\Lib\site-packages\pycycle\thermo\static_ps_resid.py:128: RuntimeWarning: invalid value encountered in sqrt
  Vsonic = (i['gamma']*i['R']*i['Ts'])**0.5
C:\Users\MEO\Desktop\Projects\JetEngine\boomsonic_v0\.venv\Lib\site-packages\pycycle\thermo\static_ps_resid.py:128: RuntimeWarning: invalid value encountered in sqrt
  Vsonic = (i['gamma']*i['R']*i['Ts'])**0.5
C:\Users\MEO\Desktop\Projects\JetEngine\boomsonic_v0\.venv\Lib\site-packages\pycycle\thermo\static_ps_resid.py:128: RuntimeWarning: invalid value encountered in sqrt
  Vsonic = (i['gamma']*i['R']*i['Ts'])**0.5
C:\Users\MEO\Desktop\Projects\JetEngine\boomsonic_v0\.venv\Lib\site-packages\pycycle\thermo\static_ps_resid.py:128: RuntimeWarning: invalid value encountered in sqrt
  Vsonic = (i['gamma']*i['R']*i['Ts'])**0.5
C:\Users\MEO\Desktop\Projects\JetEngine\boomsonic_v0\.venv\Lib\site-packages\pycycle\thermo\static_ps_resid.py:128: RuntimeWarning: invalid value encountered in sqrt
  Vsonic = (i['gamma']*i['R']*i['Ts'])**0.5
C:\Users\MEO\Desktop\Projects\JetEngine\boomsonic_v0\.venv\Lib\site-packages\openmdao\solvers\solver.py:819: SolverWarning:Your model has stalled three times and may be violating the bounds. In the future, turn on print_bound_enforce in your solver options here: 
OD0.turb.real_flow_b4bld.nonlinear_solver.linesearch.options['print_bound_enforce']=True. 
The bound(s) being violated now are:

C:\Users\MEO\Desktop\Projects\JetEngine\boomsonic_v0\.venv\Lib\site-packages\openmdao\solvers\linesearch\backtracking.py:35: SolverWarning:'OD0.turb.real_flow_b4bld.balance.T' exceeds upper bounds
  Val: [2910.04174034]
  Upper: [2500.]

C:\Users\MEO\Desktop\Projects\JetEngine\boomsonic_v0\.venv\Lib\site-packages\openmdao\solvers\solver.py:819: SolverWarning:Your model has stalled three times and may be violating the bounds. In the future, turn on print_bound_enforce in your solver options here: 
OD0.turb.real_flow.nonlinear_solver.linesearch.options['print_bound_enforce']=True. 
The bound(s) being violated now are:

C:\Users\MEO\Desktop\Projects\JetEngine\boomsonic_v0\.venv\Lib\site-packages\openmdao\solvers\linesearch\backtracking.py:35: SolverWarning:'OD0.turb.real_flow.balance.T' exceeds upper bounds
  Val: [2910.04174034]
  Upper: [2500.]

C:\Users\MEO\Desktop\Projects\JetEngine\boomsonic_v0\.venv\Lib\site-packages\pycycle\thermo\static_ps_resid.py:128: RuntimeWarning: invalid value encountered in sqrt
  Vsonic = (i['gamma']*i['R']*i['Ts'])**0.5
C:\Users\MEO\Desktop\Projects\JetEngine\boomsonic_v0\.venv\Lib\site-packages\pycycle\thermo\static_ps_resid.py:128: RuntimeWarning: invalid value encountered in sqrt
  Vsonic = (i['gamma']*i['R']*i['Ts'])**0.5
C:\Users\MEO\Desktop\Projects\JetEngine\boomsonic_v0\.venv\Lib\site-packages\pycycle\thermo\static_ps_resid.py:128: RuntimeWarning: invalid value encountered in sqrt
  Vsonic = (i['gamma']*i['R']*i['Ts'])**0.5
C:\Users\MEO\Desktop\Projects\JetEngine\boomsonic_v0\.venv\Lib\site-packages\pycycle\thermo\static_ps_resid.py:128: RuntimeWarning: invalid value encountered in sqrt
  Vsonic = (i['gamma']*i['R']*i['Ts'])**0.5
C:\Users\MEO\Desktop\Projects\JetEngine\boomsonic_v0\.venv\Lib\site-packages\pycycle\thermo\static_ps_resid.py:128: RuntimeWarning: invalid value encountered in sqrt
  Vsonic = (i['gamma']*i['R']*i['Ts'])**0.5
C:\Users\MEO\Desktop\Projects\JetEngine\boomsonic_v0\.venv\Lib\site-packages\openmdao\solvers\solver.py:819: SolverWarning:Your model has stalled three times and may be violating the bounds. In the future, turn on print_bound_enforce in your solver options here: 
OD0.nozz.throat_total.nonlinear_solver.linesearch.options['print_bound_enforce']=True. 
The bound(s) being violated now are:

C:\Users\MEO\Desktop\Projects\JetEngine\boomsonic_v0\.venv\Lib\site-packages\openmdao\solvers\linesearch\backtracking.py:35: SolverWarning:'OD0.nozz.throat_total.balance.T' exceeds upper bounds
  Val: [2910.04174034]
  Upper: [2500.]

C:\Users\MEO\Desktop\Projects\JetEngine\boomsonic_v0\.venv\Lib\site-packages\pycycle\thermo\static_ps_resid.py:108: RuntimeWarning: invalid value encountered in sqrt
  Vsonic = (i['gamma']*i['R']*i['Ts'])**0.5
C:\Users\MEO\Desktop\Projects\JetEngine\boomsonic_v0\.venv\Lib\site-packages\pycycle\thermo\static_ps_resid.py:128: RuntimeWarning: invalid value encountered in sqrt
  Vsonic = (i['gamma']*i['R']*i['Ts'])**0.5
C:\Users\MEO\Desktop\Projects\JetEngine\boomsonic_v0\.venv\Lib\site-packages\pycycle\thermo\static_ps_resid.py:108: RuntimeWarning: invalid value encountered in sqrt
  Vsonic = (i['gamma']*i['R']*i['Ts'])**0.5
C:\Users\MEO\Desktop\Projects\JetEngine\boomsonic_v0\.venv\Lib\site-packages\openmdao\solvers\solver.py:819: SolverWarning:Your model has stalled three times and may be violating the bounds. In the future, turn on print_bound_enforce in your solver options here: 
OD0.burner.vitiated_flow.nonlinear_solver.linesearch.options['print_bound_enforce']=True. 
The bound(s) being violated now are:

C:\Users\MEO\Desktop\Projects\JetEngine\boomsonic_v0\.venv\Lib\site-packages\openmdao\solvers\linesearch\backtracking.py:35: SolverWarning:'OD0.burner.vitiated_flow.balance.T' exceeds upper bounds
  Val: [3765.73171985]
  Upper: [2500.]

C:\Users\MEO\Desktop\Projects\JetEngine\boomsonic_v0\.venv\Lib\site-packages\pycycle\thermo\static_ps_resid.py:128: RuntimeWarning: invalid value encountered in sqrt
  Vsonic = (i['gamma']*i['R']*i['Ts'])**0.5
C:\Users\MEO\Desktop\Projects\JetEngine\boomsonic_v0\.venv\Lib\site-packages\pycycle\thermo\static_ps_resid.py:128: RuntimeWarning: invalid value encountered in sqrt
  Vsonic = (i['gamma']*i['R']*i['Ts'])**0.5
C:\Users\MEO\Desktop\Projects\JetEngine\boomsonic_v0\.venv\Lib\site-packages\pycycle\thermo\static_ps_resid.py:128: RuntimeWarning: invalid value encountered in sqrt
  Vsonic = (i['gamma']*i['R']*i['Ts'])**0.5
C:\Users\MEO\Desktop\Projects\JetEngine\boomsonic_v0\.venv\Lib\site-packages\pycycle\thermo\static_ps_resid.py:128: RuntimeWarning: invalid value encountered in sqrt
  Vsonic = (i['gamma']*i['R']*i['Ts'])**0.5
C:\Users\MEO\Desktop\Projects\JetEngine\boomsonic_v0\.venv\Lib\site-packages\pycycle\thermo\static_ps_resid.py:128: RuntimeWarning: invalid value encountered in sqrt
  Vsonic = (i['gamma']*i['R']*i['Ts'])**0.5
C:\Users\MEO\Desktop\Projects\JetEngine\boomsonic_v0\.venv\Lib\site-packages\pycycle\thermo\static_ps_resid.py:128: RuntimeWarning: invalid value encountered in sqrt
  Vsonic = (i['gamma']*i['R']*i['Ts'])**0.5
C:\Users\MEO\Desktop\Projects\JetEngine\boomsonic_v0\.venv\Lib\site-packages\pycycle\thermo\static_ps_resid.py:128: RuntimeWarning: invalid value encountered in sqrt
  Vsonic = (i['gamma']*i['R']*i['Ts'])**0.5
C:\Users\MEO\Desktop\Projects\JetEngine\boomsonic_v0\.venv\Lib\site-packages\openmdao\solvers\solver.py:819: SolverWarning:Your model has stalled three times and may be violating the bounds. In the future, turn on print_bound_enforce in your solver options here: 
OD0.turb.real_flow_b4bld.nonlinear_solver.linesearch.options['print_bound_enforce']=True. 
The bound(s) being violated now are:

C:\Users\MEO\Desktop\Projects\JetEngine\boomsonic_v0\.venv\Lib\site-packages\openmdao\solvers\linesearch\backtracking.py:35: SolverWarning:'OD0.turb.real_flow_b4bld.balance.T' exceeds upper bounds
  Val: [2910.04174034]
  Upper: [2500.]

C:\Users\MEO\Desktop\Projects\JetEngine\boomsonic_v0\.venv\Lib\site-packages\openmdao\solvers\solver.py:819: SolverWarning:Your model has stalled three times and may be violating the bounds. In the future, turn on print_bound_enforce in your solver options here: 
OD0.turb.real_flow.nonlinear_solver.linesearch.options['print_bound_enforce']=True. 
The bound(s) being violated now are:

C:\Users\MEO\Desktop\Projects\JetEngine\boomsonic_v0\.venv\Lib\site-packages\openmdao\solvers\linesearch\backtracking.py:35: SolverWarning:'OD0.turb.real_flow.balance.T' exceeds upper bounds
  Val: [2910.04174034]
  Upper: [2500.]

C:\Users\MEO\Desktop\Projects\JetEngine\boomsonic_v0\.venv\Lib\site-packages\pycycle\thermo\static_ps_resid.py:128: RuntimeWarning: invalid value encountered in sqrt
  Vsonic = (i['gamma']*i['R']*i['Ts'])**0.5
C:\Users\MEO\Desktop\Projects\JetEngine\boomsonic_v0\.venv\Lib\site-packages\pycycle\thermo\static_ps_resid.py:128: RuntimeWarning: invalid value encountered in sqrt
  Vsonic = (i['gamma']*i['R']*i['Ts'])**0.5
C:\Users\MEO\Desktop\Projects\JetEngine\boomsonic_v0\.venv\Lib\site-packages\pycycle\thermo\static_ps_resid.py:128: RuntimeWarning: invalid value encountered in sqrt
  Vsonic = (i['gamma']*i['R']*i['Ts'])**0.5
C:\Users\MEO\Desktop\Projects\JetEngine\boomsonic_v0\.venv\Lib\site-packages\pycycle\thermo\static_ps_resid.py:128: RuntimeWarning: invalid value encountered in sqrt
  Vsonic = (i['gamma']*i['R']*i['Ts'])**0.5
C:\Users\MEO\Desktop\Projects\JetEngine\boomsonic_v0\.venv\Lib\site-packages\pycycle\thermo\static_ps_resid.py:128: RuntimeWarning: invalid value encountered in sqrt
  Vsonic = (i['gamma']*i['R']*i['Ts'])**0.5
C:\Users\MEO\Desktop\Projects\JetEngine\boomsonic_v0\.venv\Lib\site-packages\openmdao\solvers\solver.py:819: SolverWarning:Your model has stalled three times and may be violating the bounds. In the future, turn on print_bound_enforce in your solver options here: 
OD0.nozz.throat_total.nonlinear_solver.linesearch.options['print_bound_enforce']=True. 
The bound(s) being violated now are:

C:\Users\MEO\Desktop\Projects\JetEngine\boomsonic_v0\.venv\Lib\site-packages\openmdao\solvers\linesearch\backtracking.py:35: SolverWarning:'OD0.nozz.throat_total.balance.T' exceeds upper bounds
  Val: [2910.04174034]
  Upper: [2500.]

C:\Users\MEO\Desktop\Projects\JetEngine\boomsonic_v0\.venv\Lib\site-packages\pycycle\thermo\static_ps_resid.py:108: RuntimeWarning: invalid value encountered in sqrt
  Vsonic = (i['gamma']*i['R']*i['Ts'])**0.5
C:\Users\MEO\Desktop\Projects\JetEngine\boomsonic_v0\.venv\Lib\site-packages\pycycle\thermo\static_ps_resid.py:128: RuntimeWarning: invalid value encountered in sqrt
  Vsonic = (i['gamma']*i['R']*i['Ts'])**0.5
C:\Users\MEO\Desktop\Projects\JetEngine\boomsonic_v0\.venv\Lib\site-packages\openmdao\solvers\solver.py:819: SolverWarning:Your model has stalled three times and may be violating the bounds. In the future, turn on print_bound_enforce in your solver options here: 
OD0.burner.vitiated_flow.nonlinear_solver.linesearch.options['print_bound_enforce']=True. 
The bound(s) being violated now are:

C:\Users\MEO\Desktop\Projects\JetEngine\boomsonic_v0\.venv\Lib\site-packages\openmdao\solvers\linesearch\backtracking.py:35: SolverWarning:'OD0.burner.vitiated_flow.balance.T' exceeds upper bounds
  Val: [3765.73171985]
  Upper: [2500.]

C:\Users\MEO\Desktop\Projects\JetEngine\boomsonic_v0\.venv\Lib\site-packages\pycycle\thermo\static_ps_resid.py:128: RuntimeWarning: invalid value encountered in sqrt
  Vsonic = (i['gamma']*i['R']*i['Ts'])**0.5
C:\Users\MEO\Desktop\Projects\JetEngine\boomsonic_v0\.venv\Lib\site-packages\pycycle\thermo\static_ps_resid.py:128: RuntimeWarning: invalid value encountered in sqrt
  Vsonic = (i['gamma']*i['R']*i['Ts'])**0.5
C:\Users\MEO\Desktop\Projects\JetEngine\boomsonic_v0\.venv\Lib\site-packages\pycycle\thermo\static_ps_resid.py:128: RuntimeWarning: invalid value encountered in sqrt
  Vsonic = (i['gamma']*i['R']*i['Ts'])**0.5
C:\Users\MEO\Desktop\Projects\JetEngine\boomsonic_v0\.venv\Lib\site-packages\pycycle\thermo\static_ps_resid.py:128: RuntimeWarning: invalid value encountered in sqrt
  Vsonic = (i['gamma']*i['R']*i['Ts'])**0.5
C:\Users\MEO\Desktop\Projects\JetEngine\boomsonic_v0\.venv\Lib\site-packages\pycycle\thermo\static_ps_resid.py:128: RuntimeWarning: invalid value encountered in sqrt
  Vsonic = (i['gamma']*i['R']*i['Ts'])**0.5
C:\Users\MEO\Desktop\Projects\JetEngine\boomsonic_v0\.venv\Lib\site-packages\pycycle\thermo\static_ps_resid.py:128: RuntimeWarning: invalid value encountered in sqrt
  Vsonic = (i['gamma']*i['R']*i['Ts'])**0.5
C:\Users\MEO\Desktop\Projects\JetEngine\boomsonic_v0\.venv\Lib\site-packages\pycycle\thermo\static_ps_resid.py:128: RuntimeWarning: invalid value encountered in sqrt
  Vsonic = (i['gamma']*i['R']*i['Ts'])**0.5
C:\Users\MEO\Desktop\Projects\JetEngine\boomsonic_v0\.venv\Lib\site-packages\openmdao\solvers\solver.py:819: SolverWarning:Your model has stalled three times and may be violating the bounds. In the future, turn on print_bound_enforce in your solver options here: 
OD0.turb.real_flow_b4bld.nonlinear_solver.linesearch.options['print_bound_enforce']=True. 
The bound(s) being violated now are:

C:\Users\MEO\Desktop\Projects\JetEngine\boomsonic_v0\.venv\Lib\site-packages\openmdao\solvers\linesearch\backtracking.py:35: SolverWarning:'OD0.turb.real_flow_b4bld.balance.T' exceeds upper bounds
  Val: [2910.04174034]
  Upper: [2500.]

C:\Users\MEO\Desktop\Projects\JetEngine\boomsonic_v0\.venv\Lib\site-packages\openmdao\solvers\solver.py:819: SolverWarning:Your model has stalled three times and may be violating the bounds. In the future, turn on print_bound_enforce in your solver options here: 
OD0.turb.real_flow.nonlinear_solver.linesearch.options['print_bound_enforce']=True. 
The bound(s) being violated now are:

C:\Users\MEO\Desktop\Projects\JetEngine\boomsonic_v0\.venv\Lib\site-packages\openmdao\solvers\linesearch\backtracking.py:35: SolverWarning:'OD0.turb.real_flow.balance.T' exceeds upper bounds
  Val: [2910.04174034]
  Upper: [2500.]

C:\Users\MEO\Desktop\Projects\JetEngine\boomsonic_v0\.venv\Lib\site-packages\pycycle\thermo\static_ps_resid.py:128: RuntimeWarning: invalid value encountered in sqrt
  Vsonic = (i['gamma']*i['R']*i['Ts'])**0.5
C:\Users\MEO\Desktop\Projects\JetEngine\boomsonic_v0\.venv\Lib\site-packages\pycycle\thermo\static_ps_resid.py:128: RuntimeWarning: invalid value encountered in sqrt
  Vsonic = (i['gamma']*i['R']*i['Ts'])**0.5
C:\Users\MEO\Desktop\Projects\JetEngine\boomsonic_v0\.venv\Lib\site-packages\pycycle\thermo\static_ps_resid.py:128: RuntimeWarning: invalid value encountered in sqrt
  Vsonic = (i['gamma']*i['R']*i['Ts'])**0.5
C:\Users\MEO\Desktop\Projects\JetEngine\boomsonic_v0\.venv\Lib\site-packages\pycycle\thermo\static_ps_resid.py:128: RuntimeWarning: invalid value encountered in sqrt
  Vsonic = (i['gamma']*i['R']*i['Ts'])**0.5
C:\Users\MEO\Desktop\Projects\JetEngine\boomsonic_v0\.venv\Lib\site-packages\pycycle\thermo\static_ps_resid.py:128: RuntimeWarning: invalid value encountered in sqrt
  Vsonic = (i['gamma']*i['R']*i['Ts'])**0.5
C:\Users\MEO\Desktop\Projects\JetEngine\boomsonic_v0\.venv\Lib\site-packages\openmdao\solvers\solver.py:819: SolverWarning:Your model has stalled three times and may be violating the bounds. In the future, turn on print_bound_enforce in your solver options here: 
OD0.nozz.throat_total.nonlinear_solver.linesearch.options['print_bound_enforce']=True. 
The bound(s) being violated now are:

C:\Users\MEO\Desktop\Projects\JetEngine\boomsonic_v0\.venv\Lib\site-packages\openmdao\solvers\linesearch\backtracking.py:35: SolverWarning:'OD0.nozz.throat_total.balance.T' exceeds upper bounds
  Val: [2910.04174034]
  Upper: [2500.]

C:\Users\MEO\Desktop\Projects\JetEngine\boomsonic_v0\.venv\Lib\site-packages\pycycle\thermo\static_ps_resid.py:108: RuntimeWarning: invalid value encountered in sqrt
  Vsonic = (i['gamma']*i['R']*i['Ts'])**0.5
C:\Users\MEO\Desktop\Projects\JetEngine\boomsonic_v0\.venv\Lib\site-packages\pycycle\thermo\static_ps_resid.py:128: RuntimeWarning: invalid value encountered in sqrt
  Vsonic = (i['gamma']*i['R']*i['Ts'])**0.5
C:\Users\MEO\Desktop\Projects\JetEngine\boomsonic_v0\.venv\Lib\site-packages\pycycle\thermo\static_ps_resid.py:128: RuntimeWarning: invalid value encountered in sqrt
  Vsonic = (i['gamma']*i['R']*i['Ts'])**0.5
C:\Users\MEO\Desktop\Projects\JetEngine\boomsonic_v0\.venv\Lib\site-packages\pycycle\thermo\static_ps_resid.py:128: RuntimeWarning: invalid value encountered in sqrt
  Vsonic = (i['gamma']*i['R']*i['Ts'])**0.5
C:\Users\MEO\Desktop\Projects\JetEngine\boomsonic_v0\.venv\Lib\site-packages\pycycle\thermo\static_ps_resid.py:108: RuntimeWarning: invalid value encountered in sqrt
  Vsonic = (i['gamma']*i['R']*i['Ts'])**0.5
C:\Users\MEO\Desktop\Projects\JetEngine\boomsonic_v0\.venv\Lib\site-packages\pycycle\elements\turbine.py:40: RuntimeWarning: invalid value encountered in sqrt
  outputs['Wp'] = inputs['W_in'] * inputs['Tt']**0.5 / inputs['Pt']
C:\Users\MEO\Desktop\Projects\JetEngine\boomsonic_v0\.venv\Lib\site-packages\pycycle\elements\turbine.py:41: RuntimeWarning: invalid value encountered in power
  outputs['Np'] = inputs['Nmech'] * inputs['Tt']**-0.5
C:\Users\MEO\Desktop\Projects\JetEngine\boomsonic_v0\.venv\Lib\site-packages\openmdao\solvers\solver.py:819: SolverWarning:Your model has stalled three times and may be violating the bounds. In the future, turn on print_bound_enforce in your solver options here: 
OD0.turb.ideal_flow.nonlinear_solver.linesearch.options['print_bound_enforce']=True. 
The bound(s) being violated now are:

C:\Users\MEO\Desktop\Projects\JetEngine\boomsonic_v0\.venv\Lib\site-packages\openmdao\solvers\linesearch\backtracking.py:39: SolverWarning:'OD0.turb.ideal_flow.balance.T' exceeds lower bounds
  Val: [127.52426707]
  Lower: [150.]

C:\Users\MEO\Desktop\Projects\JetEngine\boomsonic_v0\.venv\Lib\site-packages\openmdao\solvers\solver.py:819: SolverWarning:Your model has stalled three times and may be violating the bounds. In the future, turn on print_bound_enforce in your solver options here: 
OD0.nozz.staticMN.nonlinear_solver.linesearch.options['print_bound_enforce']=True. 
The bound(s) being violated now are:

C:\Users\MEO\Desktop\Projects\JetEngine\boomsonic_v0\.venv\Lib\site-packages\openmdao\solvers\linesearch\backtracking.py:39: SolverWarning:'OD0.nozz.staticMN.balance.T' exceeds lower bounds
  Val: [134.89220176]
  Lower: [150.]

C:\Users\MEO\Desktop\Projects\JetEngine\boomsonic_v0\.venv\Lib\site-packages\pycycle\elements\turbine.py:89: RuntimeWarning: invalid value encountered in log
  outputs['eff_poly'] = 1 + (S_out-S_in)/(Rt*np.log(invPR))
C:\Users\MEO\Desktop\Projects\JetEngine\boomsonic_v0\.venv\Lib\site-packages\openmdao\solvers\solver.py:819: SolverWarning:Your model has stalled three times and may be violating the bounds. In the future, turn on print_bound_enforce in your solver options here: 
OD0.burner.vitiated_flow.nonlinear_solver.linesearch.options['print_bound_enforce']=True. 
The bound(s) being violated now are:

C:\Users\MEO\Desktop\Projects\JetEngine\boomsonic_v0\.venv\Lib\site-packages\openmdao\solvers\linesearch\backtracking.py:35: SolverWarning:'OD0.burner.vitiated_flow.balance.T' exceeds upper bounds
  Val: [3228.45361843]
  Upper: [2500.]

C:\Users\MEO\Desktop\Projects\JetEngine\boomsonic_v0\.venv\Lib\site-packages\openmdao\solvers\solver.py:819: SolverWarning:Your model has stalled three times and may be violating the bounds. In the future, turn on print_bound_enforce in your solver options here: 
OD0.burner.out_stat.nonlinear_solver.linesearch.options['print_bound_enforce']=True. 
The bound(s) being violated now are:

C:\Users\MEO\Desktop\Projects\JetEngine\boomsonic_v0\.venv\Lib\site-packages\openmdao\solvers\linesearch\backtracking.py:35: SolverWarning:'OD0.burner.out_stat.balance.T' exceeds upper bounds
  Val: [6807.40389159]
  Upper: [2500.]

C:\Users\MEO\Desktop\Projects\JetEngine\boomsonic_v0\.venv\Lib\site-packages\openmdao\solvers\linesearch\backtracking.py:39: SolverWarning:'OD0.burner.out_stat.ps_resid.MN' exceeds lower bounds
  Val: [-9.21613374e-06]
  Lower: [0.001]

C:\Users\MEO\Desktop\Projects\JetEngine\boomsonic_v0\.venv\Lib\site-packages\openmdao\solvers\solver.py:819: SolverWarning:Your model has stalled three times and may be violating the bounds. In the future, turn on print_bound_enforce in your solver options here: 
OD0.turb.real_flow_b4bld.nonlinear_solver.linesearch.options['print_bound_enforce']=True. 
The bound(s) being violated now are:

C:\Users\MEO\Desktop\Projects\JetEngine\boomsonic_v0\.venv\Lib\site-packages\openmdao\solvers\linesearch\backtracking.py:35: SolverWarning:'OD0.turb.real_flow_b4bld.balance.T' exceeds upper bounds
  Val: [2734.81613187]
  Upper: [2500.]

C:\Users\MEO\Desktop\Projects\JetEngine\boomsonic_v0\.venv\Lib\site-packages\openmdao\solvers\solver.py:819: SolverWarning:Your model has stalled three times and may be violating the bounds. In the future, turn on print_bound_enforce in your solver options here: 
OD0.turb.real_flow.nonlinear_solver.linesearch.options['print_bound_enforce']=True. 
The bound(s) being violated now are:

C:\Users\MEO\Desktop\Projects\JetEngine\boomsonic_v0\.venv\Lib\site-packages\openmdao\solvers\linesearch\backtracking.py:35: SolverWarning:'OD0.turb.real_flow.balance.T' exceeds upper bounds
  Val: [2734.81613187]
  Upper: [2500.]

C:\Users\MEO\Desktop\Projects\JetEngine\boomsonic_v0\.venv\Lib\site-packages\openmdao\solvers\solver.py:819: SolverWarning:Your model has stalled three times and may be violating the bounds. In the future, turn on print_bound_enforce in your solver options here: 
OD0.turb.out_stat.nonlinear_solver.linesearch.options['print_bound_enforce']=True. 
The bound(s) being violated now are:

C:\Users\MEO\Desktop\Projects\JetEngine\boomsonic_v0\.venv\Lib\site-packages\openmdao\solvers\linesearch\backtracking.py:35: SolverWarning:'OD0.turb.out_stat.balance.T' exceeds upper bounds
  Val: [3101.3464459]
  Upper: [2500.]

C:\Users\MEO\Desktop\Projects\JetEngine\boomsonic_v0\.venv\Lib\site-packages\openmdao\solvers\solver.py:819: SolverWarning:Your model has stalled three times and may be violating the bounds. In the future, turn on print_bound_enforce in your solver options here: 
OD0.turb.out_stat.nonlinear_solver.linesearch.options['print_bound_enforce']=True. 
The bound(s) being violated now are:

C:\Users\MEO\Desktop\Projects\JetEngine\boomsonic_v0\.venv\Lib\site-packages\openmdao\solvers\linesearch\backtracking.py:35: SolverWarning:'OD0.turb.out_stat.balance.T' exceeds upper bounds
  Val: [3101.3464459]
  Upper: [2500.]

C:\Users\MEO\Desktop\Projects\JetEngine\boomsonic_v0\.venv\Lib\site-packages\openmdao\solvers\solver.py:819: SolverWarning:Your model has stalled three times and may be violating the bounds. In the future, turn on print_bound_enforce in your solver options here: 
OD0.turb.out_stat.nonlinear_solver.linesearch.options['print_bound_enforce']=True. 
The bound(s) being violated now are:

C:\Users\MEO\Desktop\Projects\JetEngine\boomsonic_v0\.venv\Lib\site-packages\openmdao\solvers\linesearch\backtracking.py:35: SolverWarning:'OD0.turb.out_stat.balance.T' exceeds upper bounds
  Val: [3101.3464459]
  Upper: [2500.]

C:\Users\MEO\Desktop\Projects\JetEngine\boomsonic_v0\.venv\Lib\site-packages\openmdao\solvers\solver.py:819: SolverWarning:Your model has stalled three times and may be violating the bounds. In the future, turn on print_bound_enforce in your solver options here: 
OD0.turb.out_stat.nonlinear_solver.linesearch.options['print_bound_enforce']=True. 
The bound(s) being violated now are:

C:\Users\MEO\Desktop\Projects\JetEngine\boomsonic_v0\.venv\Lib\site-packages\openmdao\solvers\linesearch\backtracking.py:35: SolverWarning:'OD0.turb.out_stat.balance.T' exceeds upper bounds
  Val: [3101.3464459]
  Upper: [2500.]

C:\Users\MEO\Desktop\Projects\JetEngine\boomsonic_v0\.venv\Lib\site-packages\openmdao\solvers\solver.py:819: SolverWarning:Your model has stalled three times and may be violating the bounds. In the future, turn on print_bound_enforce in your solver options here: 
OD0.turb.out_stat.nonlinear_solver.linesearch.options['print_bound_enforce']=True. 
The bound(s) being violated now are:

C:\Users\MEO\Desktop\Projects\JetEngine\boomsonic_v0\.venv\Lib\site-packages\openmdao\solvers\linesearch\backtracking.py:35: SolverWarning:'OD0.turb.out_stat.balance.T' exceeds upper bounds
  Val: [3101.3464459]
  Upper: [2500.]

C:\Users\MEO\Desktop\Projects\JetEngine\boomsonic_v0\.venv\Lib\site-packages\openmdao\solvers\solver.py:819: SolverWarning:Your model has stalled three times and may be violating the bounds. In the future, turn on print_bound_enforce in your solver options here: 
OD0.turb.out_stat.nonlinear_solver.linesearch.options['print_bound_enforce']=True. 
The bound(s) being violated now are:

C:\Users\MEO\Desktop\Projects\JetEngine\boomsonic_v0\.venv\Lib\site-packages\openmdao\solvers\linesearch\backtracking.py:35: SolverWarning:'OD0.turb.out_stat.balance.T' exceeds upper bounds
  Val: [3101.3464459]
  Upper: [2500.]

C:\Users\MEO\Desktop\Projects\JetEngine\boomsonic_v0\.venv\Lib\site-packages\openmdao\solvers\solver.py:819: SolverWarning:Your model has stalled three times and may be violating the bounds. In the future, turn on print_bound_enforce in your solver options here: 
OD0.turb.out_stat.nonlinear_solver.linesearch.options['print_bound_enforce']=True. 
The bound(s) being violated now are:

C:\Users\MEO\Desktop\Projects\JetEngine\boomsonic_v0\.venv\Lib\site-packages\openmdao\solvers\linesearch\backtracking.py:35: SolverWarning:'OD0.turb.out_stat.balance.T' exceeds upper bounds
  Val: [3101.3464459]
  Upper: [2500.]

C:\Users\MEO\Desktop\Projects\JetEngine\boomsonic_v0\.venv\Lib\site-packages\openmdao\solvers\solver.py:819: SolverWarning:Your model has stalled three times and may be violating the bounds. In the future, turn on print_bound_enforce in your solver options here: 
OD0.nozz.throat_total.nonlinear_solver.linesearch.options['print_bound_enforce']=True. 
The bound(s) being violated now are:

C:\Users\MEO\Desktop\Projects\JetEngine\boomsonic_v0\.venv\Lib\site-packages\openmdao\solvers\linesearch\backtracking.py:35: SolverWarning:'OD0.nozz.throat_total.balance.T' exceeds upper bounds
  Val: [2734.81613187]
  Upper: [2500.]

C:\Users\MEO\Desktop\Projects\JetEngine\boomsonic_v0\.venv\Lib\site-packages\openmdao\solvers\solver.py:819: SolverWarning:Your model has stalled three times and may be violating the bounds. In the future, turn on print_bound_enforce in your solver options here: 
OD0.nozz.staticMN.nonlinear_solver.linesearch.options['print_bound_enforce']=True. 
The bound(s) being violated now are:

C:\Users\MEO\Desktop\Projects\JetEngine\boomsonic_v0\.venv\Lib\site-packages\openmdao\solvers\linesearch\backtracking.py:35: SolverWarning:'OD0.nozz.staticMN.balance.T' exceeds upper bounds
  Val: [2899.05051209]
  Upper: [2500.]

C:\Users\MEO\Desktop\Projects\JetEngine\boomsonic_v0\.venv\Lib\site-packages\pycycle\thermo\static_ps_resid.py:128: RuntimeWarning: invalid value encountered in sqrt
  Vsonic = (i['gamma']*i['R']*i['Ts'])**0.5
C:\Users\MEO\Desktop\Projects\JetEngine\boomsonic_v0\.venv\Lib\site-packages\pycycle\thermo\static_ps_resid.py:108: RuntimeWarning: invalid value encountered in sqrt
  Vsonic = (i['gamma']*i['R']*i['Ts'])**0.5
C:\Users\MEO\Desktop\Projects\JetEngine\boomsonic_v0\.venv\Lib\site-packages\openmdao\solvers\solver.py:819: SolverWarning:Your model has stalled three times and may be violating the bounds. In the future, turn on print_bound_enforce in your solver options here: 
OD0.burner.vitiated_flow.nonlinear_solver.linesearch.options['print_bound_enforce']=True. 
The bound(s) being violated now are:

C:\Users\MEO\Desktop\Projects\JetEngine\boomsonic_v0\.venv\Lib\site-packages\openmdao\solvers\linesearch\backtracking.py:35: SolverWarning:'OD0.burner.vitiated_flow.balance.T' exceeds upper bounds
  Val: [3876.73901216]
  Upper: [2500.]

C:\Users\MEO\Desktop\Projects\JetEngine\boomsonic_v0\.venv\Lib\site-packages\pycycle\thermo\static_ps_resid.py:128: RuntimeWarning: invalid value encountered in sqrt
  Vsonic = (i['gamma']*i['R']*i['Ts'])**0.5
C:\Users\MEO\Desktop\Projects\JetEngine\boomsonic_v0\.venv\Lib\site-packages\pycycle\thermo\static_ps_resid.py:94: RuntimeWarning: invalid value encountered in sqrt
  f2 = MN - inputs['W']*(R_UNIVERSAL_SI*inputs['Ts'])**0.5/(ps_guess*1.0e6*inputs['area']*gamt**0.5)
C:\Users\MEO\Desktop\Projects\JetEngine\boomsonic_v0\.venv\Lib\site-packages\pycycle\thermo\static_ps_resid.py:99: RuntimeWarning: The iteration is not making good progress, as measured by the 
 improvement from the last ten iterations.
  ps_guess, M_guess = fsolve(equations, (ps_guess, M_guess))
C:\Users\MEO\Desktop\Projects\JetEngine\boomsonic_v0\.venv\Lib\site-packages\openmdao\solvers\solver.py:819: SolverWarning:Your model has stalled three times and may be violating the bounds. In the future, turn on print_bound_enforce in your solver options here: 
OD0.turb.real_flow_b4bld.nonlinear_solver.linesearch.options['print_bound_enforce']=True. 
The bound(s) being violated now are:

C:\Users\MEO\Desktop\Projects\JetEngine\boomsonic_v0\.venv\Lib\site-packages\openmdao\solvers\linesearch\backtracking.py:35: SolverWarning:'OD0.turb.real_flow_b4bld.balance.T' exceeds upper bounds
  Val: [3132.26797591]
  Upper: [2500.]

C:\Users\MEO\Desktop\Projects\JetEngine\boomsonic_v0\.venv\Lib\site-packages\openmdao\solvers\solver.py:819: SolverWarning:Your model has stalled three times and may be violating the bounds. In the future, turn on print_bound_enforce in your solver options here: 
OD0.turb.real_flow.nonlinear_solver.linesearch.options['print_bound_enforce']=True. 
The bound(s) being violated now are:

C:\Users\MEO\Desktop\Projects\JetEngine\boomsonic_v0\.venv\Lib\site-packages\openmdao\solvers\linesearch\backtracking.py:35: SolverWarning:'OD0.turb.real_flow.balance.T' exceeds upper bounds
  Val: [3132.26797591]
  Upper: [2500.]

C:\Users\MEO\Desktop\Projects\JetEngine\boomsonic_v0\.venv\Lib\site-packages\pycycle\thermo\static_ps_resid.py:128: RuntimeWarning: invalid value encountered in sqrt
  Vsonic = (i['gamma']*i['R']*i['Ts'])**0.5
C:\Users\MEO\Desktop\Projects\JetEngine\boomsonic_v0\.venv\Lib\site-packages\pycycle\thermo\static_ps_resid.py:94: RuntimeWarning: invalid value encountered in sqrt
  f2 = MN - inputs['W']*(R_UNIVERSAL_SI*inputs['Ts'])**0.5/(ps_guess*1.0e6*inputs['area']*gamt**0.5)
C:\Users\MEO\Desktop\Projects\JetEngine\boomsonic_v0\.venv\Lib\site-packages\pycycle\thermo\static_ps_resid.py:99: RuntimeWarning: The iteration is not making good progress, as measured by the 
 improvement from the last ten iterations.
  ps_guess, M_guess = fsolve(equations, (ps_guess, M_guess))
C:\Users\MEO\Desktop\Projects\JetEngine\boomsonic_v0\.venv\Lib\site-packages\openmdao\solvers\solver.py:819: SolverWarning:Your model has stalled three times and may be violating the bounds. In the future, turn on print_bound_enforce in your solver options here: 
OD0.nozz.throat_total.nonlinear_solver.linesearch.options['print_bound_enforce']=True. 
The bound(s) being violated now are:

C:\Users\MEO\Desktop\Projects\JetEngine\boomsonic_v0\.venv\Lib\site-packages\openmdao\solvers\linesearch\backtracking.py:35: SolverWarning:'OD0.nozz.throat_total.balance.T' exceeds upper bounds
  Val: [3132.26797591]
  Upper: [2500.]

C:\Users\MEO\Desktop\Projects\JetEngine\boomsonic_v0\.venv\Lib\site-packages\pycycle\thermo\static_ps_resid.py:108: RuntimeWarning: invalid value encountered in sqrt
  Vsonic = (i['gamma']*i['R']*i['Ts'])**0.5
C:\Users\MEO\Desktop\Projects\JetEngine\boomsonic_v0\.venv\Lib\site-packages\pycycle\thermo\static_ps_resid.py:83: RuntimeWarning: invalid value encountered in power
  ps_guess = inputs['guess:Pt'] * (1 + (gamt-1)/2 * inputs['MN']**2)**(-gamt/(gamt-1))
C:\Users\MEO\Desktop\Projects\JetEngine\boomsonic_v0\.venv\Lib\site-packages\pycycle\thermo\static_ps_resid.py:108: RuntimeWarning: invalid value encountered in sqrt
  Vsonic = (i['gamma']*i['R']*i['Ts'])**0.5
C:\Users\MEO\Desktop\Projects\JetEngine\boomsonic_v0\.venv\Lib\site-packages\pycycle\thermo\static_ps_resid.py:108: RuntimeWarning: invalid value encountered in sqrt
  Vsonic = (i['gamma']*i['R']*i['Ts'])**0.5
C:\Users\MEO\Desktop\Projects\JetEngine\boomsonic_v0\.venv\Lib\site-packages\pycycle\thermo\static_ps_calc.py:32: RuntimeWarning: invalid value encountered in sqrt
  outputs['Vsonic'] = Vsonic = np.sqrt(inputs['gamma'] * inputs['R'] * inputs['Ts'])
C:\Users\MEO\Desktop\Projects\JetEngine\boomsonic_v0\.venv\Lib\site-packages\pycycle\thermo\static_ps_resid.py:128: RuntimeWarning: invalid value encountered in sqrt
  Vsonic = (i['gamma']*i['R']*i['Ts'])**0.5
C:\Users\MEO\Desktop\Projects\JetEngine\boomsonic_v0\.venv\Lib\site-packages\pycycle\thermo\static_ps_resid.py:94: RuntimeWarning: invalid value encountered in sqrt
  f2 = MN - inputs['W']*(R_UNIVERSAL_SI*inputs['Ts'])**0.5/(ps_guess*1.0e6*inputs['area']*gamt**0.5)
C:\Users\MEO\Desktop\Projects\JetEngine\boomsonic_v0\.venv\Lib\site-packages\pycycle\thermo\static_ps_resid.py:99: RuntimeWarning: The iteration is not making good progress, as measured by the 
 improvement from the last ten iterations.
  ps_guess, M_guess = fsolve(equations, (ps_guess, M_guess))
C:\Users\MEO\Desktop\Projects\JetEngine\boomsonic_v0\.venv\Lib\site-packages\pycycle\thermo\static_ps_resid.py:83: RuntimeWarning: invalid value encountered in power
  ps_guess = inputs['guess:Pt'] * (1 + (gamt-1)/2 * inputs['MN']**2)**(-gamt/(gamt-1))
C:\Users\MEO\Desktop\Projects\JetEngine\boomsonic_v0\.venv\Lib\site-packages\openmdao\solvers\solver.py:819: SolverWarning:Your model has stalled three times and may be violating the bounds. In the future, turn on print_bound_enforce in your solver options here: 
OD0.burner.vitiated_flow.nonlinear_solver.linesearch.options['print_bound_enforce']=True. 
The bound(s) being violated now are:

C:\Users\MEO\Desktop\Projects\JetEngine\boomsonic_v0\.venv\Lib\site-packages\openmdao\solvers\linesearch\backtracking.py:35: SolverWarning:'OD0.burner.vitiated_flow.balance.T' exceeds upper bounds
  Val: [3876.73901216]
  Upper: [2500.]

C:\Users\MEO\Desktop\Projects\JetEngine\boomsonic_v0\.venv\Lib\site-packages\pycycle\thermo\static_ps_resid.py:128: RuntimeWarning: invalid value encountered in sqrt
  Vsonic = (i['gamma']*i['R']*i['Ts'])**0.5
C:\Users\MEO\Desktop\Projects\JetEngine\boomsonic_v0\.venv\Lib\site-packages\pycycle\thermo\static_ps_resid.py:94: RuntimeWarning: invalid value encountered in sqrt
  f2 = MN - inputs['W']*(R_UNIVERSAL_SI*inputs['Ts'])**0.5/(ps_guess*1.0e6*inputs['area']*gamt**0.5)
C:\Users\MEO\Desktop\Projects\JetEngine\boomsonic_v0\.venv\Lib\site-packages\pycycle\thermo\static_ps_resid.py:99: RuntimeWarning: The iteration is not making good progress, as measured by the 
 improvement from the last ten iterations.
  ps_guess, M_guess = fsolve(equations, (ps_guess, M_guess))
C:\Users\MEO\Desktop\Projects\JetEngine\boomsonic_v0\.venv\Lib\site-packages\openmdao\solvers\solver.py:819: SolverWarning:Your model has stalled three times and may be violating the bounds. In the future, turn on print_bound_enforce in your solver options here: 
OD0.turb.real_flow_b4bld.nonlinear_solver.linesearch.options['print_bound_enforce']=True. 
The bound(s) being violated now are:

C:\Users\MEO\Desktop\Projects\JetEngine\boomsonic_v0\.venv\Lib\site-packages\openmdao\solvers\linesearch\backtracking.py:35: SolverWarning:'OD0.turb.real_flow_b4bld.balance.T' exceeds upper bounds
  Val: [3132.26797591]
  Upper: [2500.]

C:\Users\MEO\Desktop\Projects\JetEngine\boomsonic_v0\.venv\Lib\site-packages\openmdao\solvers\solver.py:819: SolverWarning:Your model has stalled three times and may be violating the bounds. In the future, turn on print_bound_enforce in your solver options here: 
OD0.turb.real_flow.nonlinear_solver.linesearch.options['print_bound_enforce']=True. 
The bound(s) being violated now are:

C:\Users\MEO\Desktop\Projects\JetEngine\boomsonic_v0\.venv\Lib\site-packages\openmdao\solvers\linesearch\backtracking.py:35: SolverWarning:'OD0.turb.real_flow.balance.T' exceeds upper bounds
  Val: [3132.26797591]
  Upper: [2500.]

C:\Users\MEO\Desktop\Projects\JetEngine\boomsonic_v0\.venv\Lib\site-packages\pycycle\thermo\static_ps_resid.py:128: RuntimeWarning: invalid value encountered in sqrt
  Vsonic = (i['gamma']*i['R']*i['Ts'])**0.5
C:\Users\MEO\Desktop\Projects\JetEngine\boomsonic_v0\.venv\Lib\site-packages\pycycle\thermo\static_ps_resid.py:94: RuntimeWarning: invalid value encountered in sqrt
  f2 = MN - inputs['W']*(R_UNIVERSAL_SI*inputs['Ts'])**0.5/(ps_guess*1.0e6*inputs['area']*gamt**0.5)
C:\Users\MEO\Desktop\Projects\JetEngine\boomsonic_v0\.venv\Lib\site-packages\pycycle\thermo\static_ps_resid.py:99: RuntimeWarning: The iteration is not making good progress, as measured by the 
 improvement from the last ten iterations.
  ps_guess, M_guess = fsolve(equations, (ps_guess, M_guess))
C:\Users\MEO\Desktop\Projects\JetEngine\boomsonic_v0\.venv\Lib\site-packages\openmdao\solvers\solver.py:819: SolverWarning:Your model has stalled three times and may be violating the bounds. In the future, turn on print_bound_enforce in your solver options here: 
OD0.nozz.throat_total.nonlinear_solver.linesearch.options['print_bound_enforce']=True. 
The bound(s) being violated now are:

C:\Users\MEO\Desktop\Projects\JetEngine\boomsonic_v0\.venv\Lib\site-packages\openmdao\solvers\linesearch\backtracking.py:35: SolverWarning:'OD0.nozz.throat_total.balance.T' exceeds upper bounds
  Val: [3132.26797591]
  Upper: [2500.]

C:\Users\MEO\Desktop\Projects\JetEngine\boomsonic_v0\.venv\Lib\site-packages\pycycle\thermo\static_ps_resid.py:108: RuntimeWarning: invalid value encountered in sqrt
  Vsonic = (i['gamma']*i['R']*i['Ts'])**0.5
C:\Users\MEO\Desktop\Projects\JetEngine\boomsonic_v0\.venv\Lib\site-packages\pycycle\thermo\static_ps_resid.py:83: RuntimeWarning: invalid value encountered in power
  ps_guess = inputs['guess:Pt'] * (1 + (gamt-1)/2 * inputs['MN']**2)**(-gamt/(gamt-1))
C:\Users\MEO\Desktop\Projects\JetEngine\boomsonic_v0\.venv\Lib\site-packages\pycycle\thermo\static_ps_calc.py:32: RuntimeWarning: invalid value encountered in sqrt
  outputs['Vsonic'] = Vsonic = np.sqrt(inputs['gamma'] * inputs['R'] * inputs['Ts'])
C:\Users\MEO\Desktop\Projects\JetEngine\boomsonic_v0\.venv\Lib\site-packages\pycycle\thermo\static_ps_resid.py:128: RuntimeWarning: invalid value encountered in sqrt
  Vsonic = (i['gamma']*i['R']*i['Ts'])**0.5
C:\Users\MEO\Desktop\Projects\JetEngine\boomsonic_v0\.venv\Lib\site-packages\pycycle\thermo\static_ps_resid.py:94: RuntimeWarning: invalid value encountered in sqrt
  f2 = MN - inputs['W']*(R_UNIVERSAL_SI*inputs['Ts'])**0.5/(ps_guess*1.0e6*inputs['area']*gamt**0.5)
C:\Users\MEO\Desktop\Projects\JetEngine\boomsonic_v0\.venv\Lib\site-packages\pycycle\thermo\static_ps_resid.py:99: RuntimeWarning: The iteration is not making good progress, as measured by the 
 improvement from the last ten iterations.
  ps_guess, M_guess = fsolve(equations, (ps_guess, M_guess))
C:\Users\MEO\Desktop\Projects\JetEngine\boomsonic_v0\.venv\Lib\site-packages\openmdao\solvers\solver.py:819: SolverWarning:Your model has stalled three times and may be violating the bounds. In the future, turn on print_bound_enforce in your solver options here: 
OD0.burner.vitiated_flow.nonlinear_solver.linesearch.options['print_bound_enforce']=True. 
The bound(s) being violated now are:

C:\Users\MEO\Desktop\Projects\JetEngine\boomsonic_v0\.venv\Lib\site-packages\openmdao\solvers\linesearch\backtracking.py:35: SolverWarning:'OD0.burner.vitiated_flow.balance.T' exceeds upper bounds
  Val: [3876.73901216]
  Upper: [2500.]

C:\Users\MEO\Desktop\Projects\JetEngine\boomsonic_v0\.venv\Lib\site-packages\pycycle\thermo\static_ps_resid.py:128: RuntimeWarning: invalid value encountered in sqrt
  Vsonic = (i['gamma']*i['R']*i['Ts'])**0.5
C:\Users\MEO\Desktop\Projects\JetEngine\boomsonic_v0\.venv\Lib\site-packages\pycycle\thermo\static_ps_resid.py:94: RuntimeWarning: invalid value encountered in sqrt
  f2 = MN - inputs['W']*(R_UNIVERSAL_SI*inputs['Ts'])**0.5/(ps_guess*1.0e6*inputs['area']*gamt**0.5)
C:\Users\MEO\Desktop\Projects\JetEngine\boomsonic_v0\.venv\Lib\site-packages\pycycle\thermo\static_ps_resid.py:99: RuntimeWarning: The iteration is not making good progress, as measured by the 
 improvement from the last ten iterations.
  ps_guess, M_guess = fsolve(equations, (ps_guess, M_guess))
C:\Users\MEO\Desktop\Projects\JetEngine\boomsonic_v0\.venv\Lib\site-packages\openmdao\solvers\solver.py:819: SolverWarning:Your model has stalled three times and may be violating the bounds. In the future, turn on print_bound_enforce in your solver options here: 
OD0.turb.real_flow_b4bld.nonlinear_solver.linesearch.options['print_bound_enforce']=True. 
The bound(s) being violated now are:

C:\Users\MEO\Desktop\Projects\JetEngine\boomsonic_v0\.venv\Lib\site-packages\openmdao\solvers\linesearch\backtracking.py:35: SolverWarning:'OD0.turb.real_flow_b4bld.balance.T' exceeds upper bounds
  Val: [3132.26797591]
  Upper: [2500.]

C:\Users\MEO\Desktop\Projects\JetEngine\boomsonic_v0\.venv\Lib\site-packages\openmdao\solvers\solver.py:819: SolverWarning:Your model has stalled three times and may be violating the bounds. In the future, turn on print_bound_enforce in your solver options here: 
OD0.turb.real_flow.nonlinear_solver.linesearch.options['print_bound_enforce']=True. 
The bound(s) being violated now are:

C:\Users\MEO\Desktop\Projects\JetEngine\boomsonic_v0\.venv\Lib\site-packages\openmdao\solvers\linesearch\backtracking.py:35: SolverWarning:'OD0.turb.real_flow.balance.T' exceeds upper bounds
  Val: [3132.26797591]
  Upper: [2500.]

C:\Users\MEO\Desktop\Projects\JetEngine\boomsonic_v0\.venv\Lib\site-packages\pycycle\thermo\static_ps_resid.py:128: RuntimeWarning: invalid value encountered in sqrt
  Vsonic = (i['gamma']*i['R']*i['Ts'])**0.5
C:\Users\MEO\Desktop\Projects\JetEngine\boomsonic_v0\.venv\Lib\site-packages\pycycle\thermo\static_ps_resid.py:94: RuntimeWarning: invalid value encountered in sqrt
  f2 = MN - inputs['W']*(R_UNIVERSAL_SI*inputs['Ts'])**0.5/(ps_guess*1.0e6*inputs['area']*gamt**0.5)
C:\Users\MEO\Desktop\Projects\JetEngine\boomsonic_v0\.venv\Lib\site-packages\pycycle\thermo\static_ps_resid.py:99: RuntimeWarning: The iteration is not making good progress, as measured by the 
 improvement from the last ten iterations.
  ps_guess, M_guess = fsolve(equations, (ps_guess, M_guess))
C:\Users\MEO\Desktop\Projects\JetEngine\boomsonic_v0\.venv\Lib\site-packages\openmdao\solvers\solver.py:819: SolverWarning:Your model has stalled three times and may be violating the bounds. In the future, turn on print_bound_enforce in your solver options here: 
OD0.nozz.throat_total.nonlinear_solver.linesearch.options['print_bound_enforce']=True. 
The bound(s) being violated now are:

C:\Users\MEO\Desktop\Projects\JetEngine\boomsonic_v0\.venv\Lib\site-packages\openmdao\solvers\linesearch\backtracking.py:35: SolverWarning:'OD0.nozz.throat_total.balance.T' exceeds upper bounds
  Val: [3132.26797591]
  Upper: [2500.]

C:\Users\MEO\Desktop\Projects\JetEngine\boomsonic_v0\.venv\Lib\site-packages\pycycle\thermo\static_ps_resid.py:108: RuntimeWarning: invalid value encountered in sqrt
  Vsonic = (i['gamma']*i['R']*i['Ts'])**0.5
C:\Users\MEO\Desktop\Projects\JetEngine\boomsonic_v0\.venv\Lib\site-packages\pycycle\thermo\static_ps_resid.py:83: RuntimeWarning: invalid value encountered in power
  ps_guess = inputs['guess:Pt'] * (1 + (gamt-1)/2 * inputs['MN']**2)**(-gamt/(gamt-1))
C:\Users\MEO\Desktop\Projects\JetEngine\boomsonic_v0\.venv\Lib\site-packages\pycycle\thermo\static_ps_calc.py:32: RuntimeWarning: invalid value encountered in sqrt
  outputs['Vsonic'] = Vsonic = np.sqrt(inputs['gamma'] * inputs['R'] * inputs['Ts'])
C:\Users\MEO\Desktop\Projects\JetEngine\boomsonic_v0\.venv\Lib\site-packages\pycycle\thermo\static_ps_resid.py:128: RuntimeWarning: invalid value encountered in sqrt
  Vsonic = (i['gamma']*i['R']*i['Ts'])**0.5
C:\Users\MEO\Desktop\Projects\JetEngine\boomsonic_v0\.venv\Lib\site-packages\pycycle\thermo\static_ps_resid.py:94: RuntimeWarning: invalid value encountered in sqrt
  f2 = MN - inputs['W']*(R_UNIVERSAL_SI*inputs['Ts'])**0.5/(ps_guess*1.0e6*inputs['area']*gamt**0.5)
C:\Users\MEO\Desktop\Projects\JetEngine\boomsonic_v0\.venv\Lib\site-packages\pycycle\thermo\static_ps_resid.py:99: RuntimeWarning: The iteration is not making good progress, as measured by the 
 improvement from the last ten iterations.
  ps_guess, M_guess = fsolve(equations, (ps_guess, M_guess))
C:\Users\MEO\Desktop\Projects\JetEngine\boomsonic_v0\.venv\Lib\site-packages\pycycle\thermo\static_ps_resid.py:128: RuntimeWarning: invalid value encountered in sqrt
  Vsonic = (i['gamma']*i['R']*i['Ts'])**0.5
C:\Users\MEO\Desktop\Projects\JetEngine\boomsonic_v0\.venv\Lib\site-packages\pycycle\thermo\static_ps_resid.py:128: RuntimeWarning: invalid value encountered in sqrt
  Vsonic = (i['gamma']*i['R']*i['Ts'])**0.5
C:\Users\MEO\Desktop\Projects\JetEngine\boomsonic_v0\.venv\Lib\site-packages\pycycle\thermo\static_ps_resid.py:108: RuntimeWarning: invalid value encountered in sqrt
  Vsonic = (i['gamma']*i['R']*i['Ts'])**0.5
C:\Users\MEO\Desktop\Projects\JetEngine\boomsonic_v0\.venv\Lib\site-packages\pycycle\elements\turbine.py:40: RuntimeWarning: invalid value encountered in sqrt
  outputs['Wp'] = inputs['W_in'] * inputs['Tt']**0.5 / inputs['Pt']
C:\Users\MEO\Desktop\Projects\JetEngine\boomsonic_v0\.venv\Lib\site-packages\pycycle\elements\turbine.py:41: RuntimeWarning: invalid value encountered in power
  outputs['Np'] = inputs['Nmech'] * inputs['Tt']**-0.5
C:\Users\MEO\Desktop\Projects\JetEngine\boomsonic_v0\.venv\Lib\site-packages\openmdao\solvers\solver.py:819: SolverWarning:Your model has stalled three times and may be violating the bounds. In the future, turn on print_bound_enforce in your solver options here: 
OD0.comp.real_flow.nonlinear_solver.linesearch.options['print_bound_enforce']=True. 
The bound(s) being violated now are:

C:\Users\MEO\Desktop\Projects\JetEngine\boomsonic_v0\.venv\Lib\site-packages\openmdao\solvers\linesearch\backtracking.py:39: SolverWarning:'OD0.comp.real_flow.balance.T' exceeds lower bounds
  Val: [-232.31049136]
  Lower: [150.]

C:\Users\MEO\Desktop\Projects\JetEngine\boomsonic_v0\.venv\Lib\site-packages\openmdao\solvers\solver.py:819: SolverWarning:Your model has stalled three times and may be violating the bounds. In the future, turn on print_bound_enforce in your solver options here: 
OD0.comp.out_stat.nonlinear_solver.linesearch.options['print_bound_enforce']=True. 
The bound(s) being violated now are:

C:\Users\MEO\Desktop\Projects\JetEngine\boomsonic_v0\.venv\Lib\site-packages\openmdao\solvers\linesearch\backtracking.py:39: SolverWarning:'OD0.comp.out_stat.balance.T' exceeds lower bounds
  Val: [-232.30484877]
  Lower: [150.]

C:\Users\MEO\Desktop\Projects\JetEngine\boomsonic_v0\.venv\Lib\site-packages\openmdao\solvers\solver.py:819: SolverWarning:Your model has stalled three times and may be violating the bounds. In the future, turn on print_bound_enforce in your solver options here: 
OD0.burner.vitiated_flow.nonlinear_solver.linesearch.options['print_bound_enforce']=True. 
The bound(s) being violated now are:

C:\Users\MEO\Desktop\Projects\JetEngine\boomsonic_v0\.venv\Lib\site-packages\openmdao\solvers\linesearch\backtracking.py:39: SolverWarning:'OD0.burner.vitiated_flow.balance.T' exceeds lower bounds
  Val: [-227.76410311]
  Lower: [150.]

C:\Users\MEO\Desktop\Projects\JetEngine\boomsonic_v0\.venv\Lib\site-packages\pycycle\thermo\static_ps_resid.py:128: RuntimeWarning: invalid value encountered in sqrt
  Vsonic = (i['gamma']*i['R']*i['Ts'])**0.5
C:\Users\MEO\Desktop\Projects\JetEngine\boomsonic_v0\.venv\Lib\site-packages\openmdao\solvers\solver.py:819: SolverWarning:Your model has stalled three times and may be violating the bounds. In the future, turn on print_bound_enforce in your solver options here: 
OD0.turb.ideal_flow.nonlinear_solver.linesearch.options['print_bound_enforce']=True. 
The bound(s) being violated now are:

C:\Users\MEO\Desktop\Projects\JetEngine\boomsonic_v0\.venv\Lib\site-packages\openmdao\solvers\linesearch\backtracking.py:39: SolverWarning:'OD0.turb.ideal_flow.balance.T' exceeds lower bounds
  Val: [100.88910637]
  Lower: [150.]

C:\Users\MEO\Desktop\Projects\JetEngine\boomsonic_v0\.venv\Lib\site-packages\openmdao\solvers\solver.py:819: SolverWarning:Your model has stalled three times and may be violating the bounds. In the future, turn on print_bound_enforce in your solver options here: 
OD0.turb.real_flow_b4bld.nonlinear_solver.linesearch.options['print_bound_enforce']=True. 
The bound(s) being violated now are:

C:\Users\MEO\Desktop\Projects\JetEngine\boomsonic_v0\.venv\Lib\site-packages\openmdao\solvers\linesearch\backtracking.py:39: SolverWarning:'OD0.turb.real_flow_b4bld.balance.T' exceeds lower bounds
  Val: [-20.37239218]
  Lower: [150.]

C:\Users\MEO\Desktop\Projects\JetEngine\boomsonic_v0\.venv\Lib\site-packages\openmdao\solvers\solver.py:819: SolverWarning:Your model has stalled three times and may be violating the bounds. In the future, turn on print_bound_enforce in your solver options here: 
OD0.turb.real_flow.nonlinear_solver.linesearch.options['print_bound_enforce']=True. 
The bound(s) being violated now are:

C:\Users\MEO\Desktop\Projects\JetEngine\boomsonic_v0\.venv\Lib\site-packages\openmdao\solvers\linesearch\backtracking.py:39: SolverWarning:'OD0.turb.real_flow.balance.T' exceeds lower bounds
  Val: [-20.37239218]
  Lower: [150.]

C:\Users\MEO\Desktop\Projects\JetEngine\boomsonic_v0\.venv\Lib\site-packages\openmdao\solvers\solver.py:819: SolverWarning:Your model has stalled three times and may be violating the bounds. In the future, turn on print_bound_enforce in your solver options here: 
OD0.turb.out_stat.nonlinear_solver.linesearch.options['print_bound_enforce']=True. 
The bound(s) being violated now are:

C:\Users\MEO\Desktop\Projects\JetEngine\boomsonic_v0\.venv\Lib\site-packages\openmdao\solvers\linesearch\backtracking.py:39: SolverWarning:'OD0.turb.out_stat.balance.T' exceeds lower bounds
  Val: [-17.90743851]
  Lower: [150.]

C:\Users\MEO\Desktop\Projects\JetEngine\boomsonic_v0\.venv\Lib\site-packages\openmdao\solvers\solver.py:819: SolverWarning:Your model has stalled three times and may be violating the bounds. In the future, turn on print_bound_enforce in your solver options here: 
OD0.turb.out_stat.nonlinear_solver.linesearch.options['print_bound_enforce']=True. 
The bound(s) being violated now are:

C:\Users\MEO\Desktop\Projects\JetEngine\boomsonic_v0\.venv\Lib\site-packages\openmdao\solvers\linesearch\backtracking.py:39: SolverWarning:'OD0.turb.out_stat.balance.T' exceeds lower bounds
  Val: [-17.90743851]
  Lower: [150.]

C:\Users\MEO\Desktop\Projects\JetEngine\boomsonic_v0\.venv\Lib\site-packages\openmdao\solvers\solver.py:819: SolverWarning:Your model has stalled three times and may be violating the bounds. In the future, turn on print_bound_enforce in your solver options here: 
OD0.nozz.throat_total.nonlinear_solver.linesearch.options['print_bound_enforce']=True. 
The bound(s) being violated now are:

C:\Users\MEO\Desktop\Projects\JetEngine\boomsonic_v0\.venv\Lib\site-packages\openmdao\solvers\linesearch\backtracking.py:39: SolverWarning:'OD0.nozz.throat_total.balance.T' exceeds lower bounds
  Val: [-20.37239218]
  Lower: [150.]

C:\Users\MEO\Desktop\Projects\JetEngine\boomsonic_v0\.venv\Lib\site-packages\openmdao\solvers\solver.py:819: SolverWarning:Your model has stalled three times and may be violating the bounds. In the future, turn on print_bound_enforce in your solver options here: 
OD0.nozz.staticMN.nonlinear_solver.linesearch.options['print_bound_enforce']=True. 
The bound(s) being violated now are:

C:\Users\MEO\Desktop\Projects\JetEngine\boomsonic_v0\.venv\Lib\site-packages\openmdao\solvers\linesearch\backtracking.py:39: SolverWarning:'OD0.nozz.staticMN.balance.T' exceeds lower bounds
  Val: [-16.99246056]
  Lower: [150.]

C:\Users\MEO\Desktop\Projects\JetEngine\boomsonic_v0\.venv\Lib\site-packages\openmdao\solvers\solver.py:819: SolverWarning:Your model has stalled three times and may be violating the bounds. In the future, turn on print_bound_enforce in your solver options here: 
OD0.nozz.staticPs.nonlinear_solver.linesearch.options['print_bound_enforce']=True. 
The bound(s) being violated now are:

C:\Users\MEO\Desktop\Projects\JetEngine\boomsonic_v0\.venv\Lib\site-packages\openmdao\solvers\linesearch\backtracking.py:39: SolverWarning:'OD0.nozz.staticPs.balance.T' exceeds lower bounds
  Val: [149.99995808]
  Lower: [150.]

C:\Users\MEO\Desktop\Projects\JetEngine\boomsonic_v0\.venv\Lib\site-packages\openmdao\solvers\solver.py:819: SolverWarning:Your model has stalled three times and may be violating the bounds. In the future, turn on print_bound_enforce in your solver options here: 
OD0.nozz.ideal_flow.nonlinear_solver.linesearch.options['print_bound_enforce']=True. 
The bound(s) being violated now are:

C:\Users\MEO\Desktop\Projects\JetEngine\boomsonic_v0\.venv\Lib\site-packages\openmdao\solvers\linesearch\backtracking.py:39: SolverWarning:'OD0.nozz.ideal_flow.balance.T' exceeds lower bounds
  Val: [149.99995808]
  Lower: [150.]

C:\Users\MEO\Desktop\Projects\JetEngine\boomsonic_v0\.venv\Lib\site-packages\pycycle\elements\turbine.py:40: RuntimeWarning: invalid value encountered in sqrt
  outputs['Wp'] = inputs['W_in'] * inputs['Tt']**0.5 / inputs['Pt']
C:\Users\MEO\Desktop\Projects\JetEngine\boomsonic_v0\.venv\Lib\site-packages\pycycle\elements\turbine.py:41: RuntimeWarning: invalid value encountered in power
  outputs['Np'] = inputs['Nmech'] * inputs['Tt']**-0.5
C:\Users\MEO\Desktop\Projects\JetEngine\boomsonic_v0\.venv\Lib\site-packages\pycycle\elements\turbine.py:89: RuntimeWarning: invalid value encountered in log
  outputs['eff_poly'] = 1 + (S_out-S_in)/(Rt*np.log(invPR))
C:\Users\MEO\Desktop\Projects\JetEngine\boomsonic_v0\.venv\Lib\site-packages\pycycle\thermo\static_ps_resid.py:128: RuntimeWarning: invalid value encountered in sqrt
  Vsonic = (i['gamma']*i['R']*i['Ts'])**0.5
C:\Users\MEO\Desktop\Projects\JetEngine\boomsonic_v0\.venv\Lib\site-packages\pycycle\thermo\static_ps_resid.py:128: RuntimeWarning: invalid value encountered in sqrt
  Vsonic = (i['gamma']*i['R']*i['Ts'])**0.5
C:\Users\MEO\Desktop\Projects\JetEngine\boomsonic_v0\.venv\Lib\site-packages\pycycle\thermo\static_ps_resid.py:128: RuntimeWarning: invalid value encountered in sqrt
  Vsonic = (i['gamma']*i['R']*i['Ts'])**0.5
C:\Users\MEO\Desktop\Projects\JetEngine\boomsonic_v0\.venv\Lib\site-packages\pycycle\thermo\static_ps_resid.py:128: RuntimeWarning: invalid value encountered in sqrt
  Vsonic = (i['gamma']*i['R']*i['Ts'])**0.5
C:\Users\MEO\Desktop\Projects\JetEngine\boomsonic_v0\.venv\Lib\site-packages\openmdao\solvers\solver.py:819: SolverWarning:Your model has stalled three times and may be violating the bounds. In the future, turn on print_bound_enforce in your solver options here: 
OD0.nozz.staticPs.nonlinear_solver.linesearch.options['print_bound_enforce']=True. 
The bound(s) being violated now are:

C:\Users\MEO\Desktop\Projects\JetEngine\boomsonic_v0\.venv\Lib\site-packages\openmdao\solvers\linesearch\backtracking.py:39: SolverWarning:'OD0.nozz.staticPs.balance.T' exceeds lower bounds
  Val: [33.16228297]
  Lower: [150.]

C:\Users\MEO\Desktop\Projects\JetEngine\boomsonic_v0\.venv\Lib\site-packages\openmdao\solvers\solver.py:819: SolverWarning:Your model has stalled three times and may be violating the bounds. In the future, turn on print_bound_enforce in your solver options here: 
OD0.nozz.ideal_flow.nonlinear_solver.linesearch.options['print_bound_enforce']=True. 
The bound(s) being violated now are:

C:\Users\MEO\Desktop\Projects\JetEngine\boomsonic_v0\.venv\Lib\site-packages\openmdao\solvers\linesearch\backtracking.py:39: SolverWarning:'OD0.nozz.ideal_flow.balance.T' exceeds lower bounds
  Val: [33.16228297]
  Lower: [150.]

C:\Users\MEO\Desktop\Projects\JetEngine\boomsonic_v0\.venv\Lib\site-packages\pycycle\thermo\static_ps_resid.py:128: RuntimeWarning: invalid value encountered in sqrt
  Vsonic = (i['gamma']*i['R']*i['Ts'])**0.5
C:\Users\MEO\Desktop\Projects\JetEngine\boomsonic_v0\.venv\Lib\site-packages\pycycle\thermo\static_ps_resid.py:128: RuntimeWarning: invalid value encountered in sqrt
  Vsonic = (i['gamma']*i['R']*i['Ts'])**0.5
C:\Users\MEO\Desktop\Projects\JetEngine\boomsonic_v0\.venv\Lib\site-packages\pycycle\thermo\static_ps_resid.py:128: RuntimeWarning: invalid value encountered in sqrt
  Vsonic = (i['gamma']*i['R']*i['Ts'])**0.5
C:\Users\MEO\Desktop\Projects\JetEngine\boomsonic_v0\.venv\Lib\site-packages\openmdao\solvers\solver.py:819: SolverWarning:Your model has stalled three times and may be violating the bounds. In the future, turn on print_bound_enforce in your solver options here: 
OD0.nozz.staticPs.nonlinear_solver.linesearch.options['print_bound_enforce']=True. 
The bound(s) being violated now are:

C:\Users\MEO\Desktop\Projects\JetEngine\boomsonic_v0\.venv\Lib\site-packages\openmdao\solvers\linesearch\backtracking.py:39: SolverWarning:'OD0.nozz.staticPs.balance.T' exceeds lower bounds
  Val: [33.16228297]
  Lower: [150.]

C:\Users\MEO\Desktop\Projects\JetEngine\boomsonic_v0\.venv\Lib\site-packages\openmdao\solvers\solver.py:819: SolverWarning:Your model has stalled three times and may be violating the bounds. In the future, turn on print_bound_enforce in your solver options here: 
OD0.nozz.ideal_flow.nonlinear_solver.linesearch.options['print_bound_enforce']=True. 
The bound(s) being violated now are:

C:\Users\MEO\Desktop\Projects\JetEngine\boomsonic_v0\.venv\Lib\site-packages\openmdao\solvers\linesearch\backtracking.py:39: SolverWarning:'OD0.nozz.ideal_flow.balance.T' exceeds lower bounds
  Val: [33.16228297]
  Lower: [150.]

C:\Users\MEO\Desktop\Projects\JetEngine\boomsonic_v0\.venv\Lib\site-packages\pycycle\elements\turbine.py:40: RuntimeWarning: invalid value encountered in sqrt
  outputs['Wp'] = inputs['W_in'] * inputs['Tt']**0.5 / inputs['Pt']
C:\Users\MEO\Desktop\Projects\JetEngine\boomsonic_v0\.venv\Lib\site-packages\pycycle\elements\turbine.py:41: RuntimeWarning: invalid value encountered in power
  outputs['Np'] = inputs['Nmech'] * inputs['Tt']**-0.5
C:\Users\MEO\Desktop\Projects\JetEngine\boomsonic_v0\.venv\Lib\site-packages\openmdao\solvers\solver.py:819: SolverWarning:Your model has stalled three times and may be violating the bounds. In the future, turn on print_bound_enforce in your solver options here: 
OD0.duct.out_stat.nonlinear_solver.linesearch.options['print_bound_enforce']=True. 
The bound(s) being violated now are:

C:\Users\MEO\Desktop\Projects\JetEngine\boomsonic_v0\.venv\Lib\site-packages\openmdao\solvers\linesearch\backtracking.py:39: SolverWarning:'OD0.duct.out_stat.balance.T' exceeds lower bounds
  Val: [-235.48065403]
  Lower: [150.]

C:\Users\MEO\Desktop\Projects\JetEngine\boomsonic_v0\.venv\Lib\site-packages\openmdao\solvers\linesearch\backtracking.py:39: SolverWarning:'OD0.duct.out_stat.ps_resid.Ps' exceeds lower bounds
  Val: [-0.001103]
  Lower: [-0.0009009]

C:\Users\MEO\Desktop\Projects\JetEngine\boomsonic_v0\.venv\Lib\site-packages\openmdao\solvers\solver.py:819: SolverWarning:Your model has stalled three times and may be violating the bounds. In the future, turn on print_bound_enforce in your solver options here: 
OD0.comp.out_stat.nonlinear_solver.linesearch.options['print_bound_enforce']=True. 
The bound(s) being violated now are:

C:\Users\MEO\Desktop\Projects\JetEngine\boomsonic_v0\.venv\Lib\site-packages\openmdao\solvers\linesearch\backtracking.py:39: SolverWarning:'OD0.comp.out_stat.balance.T' exceeds lower bounds
  Val: [-234.89959719]
  Lower: [150.]

C:\Users\MEO\Desktop\Projects\JetEngine\boomsonic_v0\.venv\Lib\site-packages\openmdao\solvers\linesearch\backtracking.py:39: SolverWarning:'OD0.comp.out_stat.ps_resid.Ps' exceeds lower bounds
  Val: [-0.00110262]
  Lower: [-0.0009009]

C:\Users\MEO\Desktop\Projects\JetEngine\boomsonic_v0\.venv\Lib\site-packages\pycycle\elements\turbine.py:40: RuntimeWarning: invalid value encountered in sqrt
  outputs['Wp'] = inputs['W_in'] * inputs['Tt']**0.5 / inputs['Pt']
C:\Users\MEO\Desktop\Projects\JetEngine\boomsonic_v0\.venv\Lib\site-packages\pycycle\elements\turbine.py:41: RuntimeWarning: invalid value encountered in power
  outputs['Np'] = inputs['Nmech'] * inputs['Tt']**-0.5
C:\Users\MEO\Desktop\Projects\JetEngine\boomsonic_v0\.venv\Lib\site-packages\pycycle\thermo\static_ps_resid.py:128: RuntimeWarning: invalid value encountered in sqrt
  Vsonic = (i['gamma']*i['R']*i['Ts'])**0.5
C:\Users\MEO\Desktop\Projects\JetEngine\boomsonic_v0\.venv\Lib\site-packages\openmdao\solvers\solver.py:819: SolverWarning:Your model has stalled three times and may be violating the bounds. In the future, turn on print_bound_enforce in your solver options here: 
OD0.duct.out_stat.nonlinear_solver.linesearch.options['print_bound_enforce']=True. 
The bound(s) being violated now are:

C:\Users\MEO\Desktop\Projects\JetEngine\boomsonic_v0\.venv\Lib\site-packages\openmdao\solvers\linesearch\backtracking.py:39: SolverWarning:'OD0.duct.out_stat.balance.T' exceeds lower bounds
  Val: [-235.48064733]
  Lower: [150.]

C:\Users\MEO\Desktop\Projects\JetEngine\boomsonic_v0\.venv\Lib\site-packages\openmdao\solvers\linesearch\backtracking.py:39: SolverWarning:'OD0.duct.out_stat.ps_resid.Ps' exceeds lower bounds
  Val: [-0.001103]
  Lower: [-0.0009009]

C:\Users\MEO\Desktop\Projects\JetEngine\boomsonic_v0\.venv\Lib\site-packages\openmdao\solvers\solver.py:819: SolverWarning:Your model has stalled three times and may be violating the bounds. In the future, turn on print_bound_enforce in your solver options here: 
OD0.comp.out_stat.nonlinear_solver.linesearch.options['print_bound_enforce']=True. 
The bound(s) being violated now are:

C:\Users\MEO\Desktop\Projects\JetEngine\boomsonic_v0\.venv\Lib\site-packages\openmdao\solvers\linesearch\backtracking.py:39: SolverWarning:'OD0.comp.out_stat.balance.T' exceeds lower bounds
  Val: [-234.89959623]
  Lower: [150.]

C:\Users\MEO\Desktop\Projects\JetEngine\boomsonic_v0\.venv\Lib\site-packages\openmdao\solvers\linesearch\backtracking.py:39: SolverWarning:'OD0.comp.out_stat.ps_resid.Ps' exceeds lower bounds
  Val: [-0.00110262]
  Lower: [-0.0009009]

C:\Users\MEO\Desktop\Projects\JetEngine\boomsonic_v0\.venv\Lib\site-packages\pycycle\thermo\static_ps_resid.py:128: RuntimeWarning: invalid value encountered in sqrt
  Vsonic = (i['gamma']*i['R']*i['Ts'])**0.5
C:\Users\MEO\Desktop\Projects\JetEngine\boomsonic_v0\.venv\Lib\site-packages\pycycle\thermo\static_ps_resid.py:128: RuntimeWarning: invalid value encountered in sqrt
  Vsonic = (i['gamma']*i['R']*i['Ts'])**0.5
C:\Users\MEO\Desktop\Projects\JetEngine\boomsonic_v0\.venv\Lib\site-packages\pycycle\thermo\static_ps_resid.py:128: RuntimeWarning: invalid value encountered in sqrt
  Vsonic = (i['gamma']*i['R']*i['Ts'])**0.5
C:\Users\MEO\Desktop\Projects\JetEngine\boomsonic_v0\.venv\Lib\site-packages\openmdao\solvers\solver.py:819: SolverWarning:Your model has stalled three times and may be violating the bounds. In the future, turn on print_bound_enforce in your solver options here: 
OD0.duct.out_stat.nonlinear_solver.linesearch.options['print_bound_enforce']=True. 
The bound(s) being violated now are:

C:\Users\MEO\Desktop\Projects\JetEngine\boomsonic_v0\.venv\Lib\site-packages\openmdao\solvers\linesearch\backtracking.py:39: SolverWarning:'OD0.duct.out_stat.balance.T' exceeds lower bounds
  Val: [-235.48064733]
  Lower: [150.]

C:\Users\MEO\Desktop\Projects\JetEngine\boomsonic_v0\.venv\Lib\site-packages\openmdao\solvers\linesearch\backtracking.py:39: SolverWarning:'OD0.duct.out_stat.ps_resid.Ps' exceeds lower bounds
  Val: [-0.001103]
  Lower: [-0.0009009]

C:\Users\MEO\Desktop\Projects\JetEngine\boomsonic_v0\.venv\Lib\site-packages\openmdao\solvers\solver.py:819: SolverWarning:Your model has stalled three times and may be violating the bounds. In the future, turn on print_bound_enforce in your solver options here: 
OD0.comp.out_stat.nonlinear_solver.linesearch.options['print_bound_enforce']=True. 
The bound(s) being violated now are:

C:\Users\MEO\Desktop\Projects\JetEngine\boomsonic_v0\.venv\Lib\site-packages\openmdao\solvers\linesearch\backtracking.py:39: SolverWarning:'OD0.comp.out_stat.balance.T' exceeds lower bounds
  Val: [-234.89959623]
  Lower: [150.]

C:\Users\MEO\Desktop\Projects\JetEngine\boomsonic_v0\.venv\Lib\site-packages\openmdao\solvers\linesearch\backtracking.py:39: SolverWarning:'OD0.comp.out_stat.ps_resid.Ps' exceeds lower bounds
  Val: [-0.00110262]
  Lower: [-0.0009009]

C:\Users\MEO\Desktop\Projects\JetEngine\boomsonic_v0\.venv\Lib\site-packages\pycycle\thermo\static_ps_resid.py:128: RuntimeWarning: invalid value encountered in sqrt
  Vsonic = (i['gamma']*i['R']*i['Ts'])**0.5
C:\Users\MEO\Desktop\Projects\JetEngine\boomsonic_v0\.venv\Lib\site-packages\pycycle\thermo\static_ps_resid.py:128: RuntimeWarning: invalid value encountered in sqrt
  Vsonic = (i['gamma']*i['R']*i['Ts'])**0.5
C:\Users\MEO\Desktop\Projects\JetEngine\boomsonic_v0\.venv\Lib\site-packages\pycycle\thermo\static_ps_resid.py:128: RuntimeWarning: invalid value encountered in sqrt
  Vsonic = (i['gamma']*i['R']*i['Ts'])**0.5
C:\Users\MEO\Desktop\Projects\JetEngine\boomsonic_v0\.venv\Lib\site-packages\pycycle\elements\turbine.py:40: RuntimeWarning: invalid value encountered in sqrt
  outputs['Wp'] = inputs['W_in'] * inputs['Tt']**0.5 / inputs['Pt']
C:\Users\MEO\Desktop\Projects\JetEngine\boomsonic_v0\.venv\Lib\site-packages\pycycle\elements\turbine.py:41: RuntimeWarning: invalid value encountered in power
  outputs['Np'] = inputs['Nmech'] * inputs['Tt']**-0.5
C:\Users\MEO\Desktop\Projects\JetEngine\boomsonic_v0\.venv\Lib\site-packages\openmdao\solvers\solver.py:819: SolverWarning:Your model has stalled three times and may be violating the bounds. In the future, turn on print_bound_enforce in your solver options here: 
OD0.nozz.staticMN.nonlinear_solver.linesearch.options['print_bound_enforce']=True. 
The bound(s) being violated now are:

C:\Users\MEO\Desktop\Projects\JetEngine\boomsonic_v0\.venv\Lib\site-packages\pycycle\elements\turbine.py:89: RuntimeWarning: invalid value encountered in log
  outputs['eff_poly'] = 1 + (S_out-S_in)/(Rt*np.log(invPR))
C:\Users\MEO\Desktop\Projects\JetEngine\boomsonic_v0\.venv\Lib\site-packages\openmdao\solvers\solver.py:819: SolverWarning:Your model has stalled three times and may be violating the bounds. In the future, turn on print_bound_enforce in your solver options here: 
OD0.burner.vitiated_flow.nonlinear_solver.linesearch.options['print_bound_enforce']=True. 
The bound(s) being violated now are:

C:\Users\MEO\Desktop\Projects\JetEngine\boomsonic_v0\.venv\Lib\site-packages\openmdao\solvers\linesearch\backtracking.py:35: SolverWarning:'OD0.burner.vitiated_flow.balance.T' exceeds upper bounds
  Val: [3263.07439226]
  Upper: [2500.]

C:\Users\MEO\Desktop\Projects\JetEngine\boomsonic_v0\.venv\Lib\site-packages\openmdao\solvers\solver.py:819: SolverWarning:Your model has stalled three times and may be violating the bounds. In the future, turn on print_bound_enforce in your solver options here: 
OD0.burner.out_stat.nonlinear_solver.linesearch.options['print_bound_enforce']=True. 
The bound(s) being violated now are:

C:\Users\MEO\Desktop\Projects\JetEngine\boomsonic_v0\.venv\Lib\site-packages\openmdao\solvers\linesearch\backtracking.py:35: SolverWarning:'OD0.burner.out_stat.balance.T' exceeds upper bounds
  Val: [7616.23325554]
  Upper: [2500.]

C:\Users\MEO\Desktop\Projects\JetEngine\boomsonic_v0\.venv\Lib\site-packages\openmdao\solvers\linesearch\backtracking.py:39: SolverWarning:'OD0.burner.out_stat.ps_resid.MN' exceeds lower bounds
  Val: [5.16318743e-06]
  Lower: [0.001]

C:\Users\MEO\Desktop\Projects\JetEngine\boomsonic_v0\.venv\Lib\site-packages\openmdao\solvers\solver.py:819: SolverWarning:Your model has stalled three times and may be violating the bounds. In the future, turn on print_bound_enforce in your solver options here: 
OD0.turb.real_flow_b4bld.nonlinear_solver.linesearch.options['print_bound_enforce']=True. 
The bound(s) being violated now are:

C:\Users\MEO\Desktop\Projects\JetEngine\boomsonic_v0\.venv\Lib\site-packages\openmdao\solvers\linesearch\backtracking.py:35: SolverWarning:'OD0.turb.real_flow_b4bld.balance.T' exceeds upper bounds
  Val: [2746.3050232]
  Upper: [2500.]

C:\Users\MEO\Desktop\Projects\JetEngine\boomsonic_v0\.venv\Lib\site-packages\openmdao\solvers\solver.py:819: SolverWarning:Your model has stalled three times and may be violating the bounds. In the future, turn on print_bound_enforce in your solver options here: 
OD0.turb.real_flow.nonlinear_solver.linesearch.options['print_bound_enforce']=True. 
The bound(s) being violated now are:

C:\Users\MEO\Desktop\Projects\JetEngine\boomsonic_v0\.venv\Lib\site-packages\openmdao\solvers\linesearch\backtracking.py:35: SolverWarning:'OD0.turb.real_flow.balance.T' exceeds upper bounds
  Val: [2746.3050232]
  Upper: [2500.]

C:\Users\MEO\Desktop\Projects\JetEngine\boomsonic_v0\.venv\Lib\site-packages\openmdao\solvers\solver.py:819: SolverWarning:Your model has stalled three times and may be violating the bounds. In the future, turn on print_bound_enforce in your solver options here: 
OD0.turb.out_stat.nonlinear_solver.linesearch.options['print_bound_enforce']=True. 
The bound(s) being violated now are:

C:\Users\MEO\Desktop\Projects\JetEngine\boomsonic_v0\.venv\Lib\site-packages\openmdao\solvers\linesearch\backtracking.py:35: SolverWarning:'OD0.turb.out_stat.balance.T' exceeds upper bounds
  Val: [3149.21303433]
  Upper: [2500.]

C:\Users\MEO\Desktop\Projects\JetEngine\boomsonic_v0\.venv\Lib\site-packages\openmdao\solvers\solver.py:819: SolverWarning:Your model has stalled three times and may be violating the bounds. In the future, turn on print_bound_enforce in your solver options here: 
OD0.nozz.throat_total.nonlinear_solver.linesearch.options['print_bound_enforce']=True. 
The bound(s) being violated now are:

C:\Users\MEO\Desktop\Projects\JetEngine\boomsonic_v0\.venv\Lib\site-packages\openmdao\solvers\linesearch\backtracking.py:35: SolverWarning:'OD0.nozz.throat_total.balance.T' exceeds upper bounds
  Val: [2746.3050232]
  Upper: [2500.]

C:\Users\MEO\Desktop\Projects\JetEngine\boomsonic_v0\.venv\Lib\site-packages\openmdao\solvers\solver.py:819: SolverWarning:Your model has stalled three times and may be violating the bounds. In the future, turn on print_bound_enforce in your solver options here: 
OD0.nozz.staticMN.nonlinear_solver.linesearch.options['print_bound_enforce']=True. 
The bound(s) being violated now are:

C:\Users\MEO\Desktop\Projects\JetEngine\boomsonic_v0\.venv\Lib\site-packages\openmdao\solvers\linesearch\backtracking.py:35: SolverWarning:'OD0.nozz.staticMN.balance.T' exceeds upper bounds
  Val: [2939.95707282]
  Upper: [2500.]

C:\Users\MEO\Desktop\Projects\JetEngine\boomsonic_v0\.venv\Lib\site-packages\pycycle\thermo\static_ps_resid.py:128: RuntimeWarning: invalid value encountered in sqrt
  Vsonic = (i['gamma']*i['R']*i['Ts'])**0.5
C:\Users\MEO\Desktop\Projects\JetEngine\boomsonic_v0\.venv\Lib\site-packages\pycycle\thermo\static_ps_resid.py:108: RuntimeWarning: invalid value encountered in sqrt
  Vsonic = (i['gamma']*i['R']*i['Ts'])**0.5
C:\Users\MEO\Desktop\Projects\JetEngine\boomsonic_v0\.venv\Lib\site-packages\openmdao\solvers\solver.py:819: SolverWarning:Your model has stalled three times and may be violating the bounds. In the future, turn on print_bound_enforce in your solver options here: 
OD0.burner.vitiated_flow.nonlinear_solver.linesearch.options['print_bound_enforce']=True. 
The bound(s) being violated now are:

C:\Users\MEO\Desktop\Projects\JetEngine\boomsonic_v0\.venv\Lib\site-packages\openmdao\solvers\linesearch\backtracking.py:35: SolverWarning:'OD0.burner.vitiated_flow.balance.T' exceeds upper bounds
  Val: [3629.12002666]
  Upper: [2500.]

C:\Users\MEO\Desktop\Projects\JetEngine\boomsonic_v0\.venv\Lib\site-packages\pycycle\thermo\static_ps_resid.py:128: RuntimeWarning: invalid value encountered in sqrt
  Vsonic = (i['gamma']*i['R']*i['Ts'])**0.5
C:\Users\MEO\Desktop\Projects\JetEngine\boomsonic_v0\.venv\Lib\site-packages\pycycle\thermo\static_ps_resid.py:128: RuntimeWarning: invalid value encountered in sqrt
  Vsonic = (i['gamma']*i['R']*i['Ts'])**0.5
C:\Users\MEO\Desktop\Projects\JetEngine\boomsonic_v0\.venv\Lib\site-packages\pycycle\thermo\static_ps_resid.py:128: RuntimeWarning: invalid value encountered in sqrt
  Vsonic = (i['gamma']*i['R']*i['Ts'])**0.5
C:\Users\MEO\Desktop\Projects\JetEngine\boomsonic_v0\.venv\Lib\site-packages\pycycle\thermo\static_ps_resid.py:128: RuntimeWarning: invalid value encountered in sqrt
  Vsonic = (i['gamma']*i['R']*i['Ts'])**0.5
C:\Users\MEO\Desktop\Projects\JetEngine\boomsonic_v0\.venv\Lib\site-packages\pycycle\thermo\static_ps_resid.py:128: RuntimeWarning: invalid value encountered in sqrt
  Vsonic = (i['gamma']*i['R']*i['Ts'])**0.5
C:\Users\MEO\Desktop\Projects\JetEngine\boomsonic_v0\.venv\Lib\site-packages\pycycle\thermo\static_ps_resid.py:128: RuntimeWarning: invalid value encountered in sqrt
  Vsonic = (i['gamma']*i['R']*i['Ts'])**0.5
C:\Users\MEO\Desktop\Projects\JetEngine\boomsonic_v0\.venv\Lib\site-packages\openmdao\solvers\solver.py:819: SolverWarning:Your model has stalled three times and may be violating the bounds. In the future, turn on print_bound_enforce in your solver options here: 
OD0.turb.real_flow_b4bld.nonlinear_solver.linesearch.options['print_bound_enforce']=True. 
The bound(s) being violated now are:

C:\Users\MEO\Desktop\Projects\JetEngine\boomsonic_v0\.venv\Lib\site-packages\openmdao\solvers\linesearch\backtracking.py:35: SolverWarning:'OD0.turb.real_flow_b4bld.balance.T' exceeds upper bounds
  Val: [3163.78809946]
  Upper: [2500.]

C:\Users\MEO\Desktop\Projects\JetEngine\boomsonic_v0\.venv\Lib\site-packages\openmdao\solvers\solver.py:819: SolverWarning:Your model has stalled three times and may be violating the bounds. In the future, turn on print_bound_enforce in your solver options here: 
OD0.turb.real_flow.nonlinear_solver.linesearch.options['print_bound_enforce']=True. 
The bound(s) being violated now are:

C:\Users\MEO\Desktop\Projects\JetEngine\boomsonic_v0\.venv\Lib\site-packages\openmdao\solvers\linesearch\backtracking.py:35: SolverWarning:'OD0.turb.real_flow.balance.T' exceeds upper bounds
  Val: [3163.78809946]
  Upper: [2500.]

C:\Users\MEO\Desktop\Projects\JetEngine\boomsonic_v0\.venv\Lib\site-packages\pycycle\thermo\static_ps_resid.py:128: RuntimeWarning: invalid value encountered in sqrt
  Vsonic = (i['gamma']*i['R']*i['Ts'])**0.5
C:\Users\MEO\Desktop\Projects\JetEngine\boomsonic_v0\.venv\Lib\site-packages\openmdao\solvers\solver.py:819: SolverWarning:Your model has stalled three times and may be violating the bounds. In the future, turn on print_bound_enforce in your solver options here: 
OD0.nozz.throat_total.nonlinear_solver.linesearch.options['print_bound_enforce']=True. 
The bound(s) being violated now are:

C:\Users\MEO\Desktop\Projects\JetEngine\boomsonic_v0\.venv\Lib\site-packages\openmdao\solvers\linesearch\backtracking.py:35: SolverWarning:'OD0.nozz.throat_total.balance.T' exceeds upper bounds
  Val: [3163.78809946]
  Upper: [2500.]

C:\Users\MEO\Desktop\Projects\JetEngine\boomsonic_v0\.venv\Lib\site-packages\pycycle\thermo\static_ps_resid.py:108: RuntimeWarning: invalid value encountered in sqrt
  Vsonic = (i['gamma']*i['R']*i['Ts'])**0.5
C:\Users\MEO\Desktop\Projects\JetEngine\boomsonic_v0\.venv\Lib\site-packages\pycycle\thermo\static_ps_resid.py:108: RuntimeWarning: invalid value encountered in sqrt
  Vsonic = (i['gamma']*i['R']*i['Ts'])**0.5
C:\Users\MEO\Desktop\Projects\JetEngine\boomsonic_v0\.venv\Lib\site-packages\pycycle\thermo\static_ps_resid.py:108: RuntimeWarning: invalid value encountered in sqrt
  Vsonic = (i['gamma']*i['R']*i['Ts'])**0.5
C:\Users\MEO\Desktop\Projects\JetEngine\boomsonic_v0\.venv\Lib\site-packages\pycycle\thermo\static_ps_resid.py:108: RuntimeWarning: invalid value encountered in sqrt
  Vsonic = (i['gamma']*i['R']*i['Ts'])**0.5
C:\Users\MEO\Desktop\Projects\JetEngine\boomsonic_v0\.venv\Lib\site-packages\pycycle\thermo\static_ps_resid.py:108: RuntimeWarning: invalid value encountered in sqrt
  Vsonic = (i['gamma']*i['R']*i['Ts'])**0.5
C:\Users\MEO\Desktop\Projects\JetEngine\boomsonic_v0\.venv\Lib\site-packages\pycycle\thermo\static_ps_resid.py:108: RuntimeWarning: invalid value encountered in sqrt
  Vsonic = (i['gamma']*i['R']*i['Ts'])**0.5
C:\Users\MEO\Desktop\Projects\JetEngine\boomsonic_v0\.venv\Lib\site-packages\pycycle\thermo\static_ps_resid.py:128: RuntimeWarning: invalid value encountered in sqrt
  Vsonic = (i['gamma']*i['R']*i['Ts'])**0.5
C:\Users\MEO\Desktop\Projects\JetEngine\boomsonic_v0\.venv\Lib\site-packages\pycycle\thermo\static_ps_resid.py:108: RuntimeWarning: invalid value encountered in sqrt
  Vsonic = (i['gamma']*i['R']*i['Ts'])**0.5
C:\Users\MEO\Desktop\Projects\JetEngine\boomsonic_v0\.venv\Lib\site-packages\openmdao\solvers\solver.py:819: SolverWarning:Your model has stalled three times and may be violating the bounds. In the future, turn on print_bound_enforce in your solver options here: 
OD0.burner.vitiated_flow.nonlinear_solver.linesearch.options['print_bound_enforce']=True. 
The bound(s) being violated now are:

C:\Users\MEO\Desktop\Projects\JetEngine\boomsonic_v0\.venv\Lib\site-packages\openmdao\solvers\linesearch\backtracking.py:35: SolverWarning:'OD0.burner.vitiated_flow.balance.T' exceeds upper bounds
  Val: [3629.12002666]
  Upper: [2500.]

C:\Users\MEO\Desktop\Projects\JetEngine\boomsonic_v0\.venv\Lib\site-packages\pycycle\thermo\static_ps_resid.py:128: RuntimeWarning: invalid value encountered in sqrt
  Vsonic = (i['gamma']*i['R']*i['Ts'])**0.5
C:\Users\MEO\Desktop\Projects\JetEngine\boomsonic_v0\.venv\Lib\site-packages\pycycle\thermo\static_ps_resid.py:128: RuntimeWarning: invalid value encountered in sqrt
  Vsonic = (i['gamma']*i['R']*i['Ts'])**0.5
C:\Users\MEO\Desktop\Projects\JetEngine\boomsonic_v0\.venv\Lib\site-packages\pycycle\thermo\static_ps_resid.py:128: RuntimeWarning: invalid value encountered in sqrt
  Vsonic = (i['gamma']*i['R']*i['Ts'])**0.5
C:\Users\MEO\Desktop\Projects\JetEngine\boomsonic_v0\.venv\Lib\site-packages\pycycle\thermo\static_ps_resid.py:128: RuntimeWarning: invalid value encountered in sqrt
  Vsonic = (i['gamma']*i['R']*i['Ts'])**0.5
C:\Users\MEO\Desktop\Projects\JetEngine\boomsonic_v0\.venv\Lib\site-packages\pycycle\thermo\static_ps_resid.py:128: RuntimeWarning: invalid value encountered in sqrt
  Vsonic = (i['gamma']*i['R']*i['Ts'])**0.5
C:\Users\MEO\Desktop\Projects\JetEngine\boomsonic_v0\.venv\Lib\site-packages\openmdao\solvers\solver.py:819: SolverWarning:Your model has stalled three times and may be violating the bounds. In the future, turn on print_bound_enforce in your solver options here: 
OD0.turb.real_flow_b4bld.nonlinear_solver.linesearch.options['print_bound_enforce']=True. 
The bound(s) being violated now are:

C:\Users\MEO\Desktop\Projects\JetEngine\boomsonic_v0\.venv\Lib\site-packages\openmdao\solvers\linesearch\backtracking.py:35: SolverWarning:'OD0.turb.real_flow_b4bld.balance.T' exceeds upper bounds
  Val: [3163.78809946]
  Upper: [2500.]

C:\Users\MEO\Desktop\Projects\JetEngine\boomsonic_v0\.venv\Lib\site-packages\openmdao\solvers\solver.py:819: SolverWarning:Your model has stalled three times and may be violating the bounds. In the future, turn on print_bound_enforce in your solver options here: 
OD0.turb.real_flow.nonlinear_solver.linesearch.options['print_bound_enforce']=True. 
The bound(s) being violated now are:

C:\Users\MEO\Desktop\Projects\JetEngine\boomsonic_v0\.venv\Lib\site-packages\openmdao\solvers\linesearch\backtracking.py:35: SolverWarning:'OD0.turb.real_flow.balance.T' exceeds upper bounds
  Val: [3163.78809946]
  Upper: [2500.]

C:\Users\MEO\Desktop\Projects\JetEngine\boomsonic_v0\.venv\Lib\site-packages\openmdao\solvers\solver.py:819: SolverWarning:Your model has stalled three times and may be violating the bounds. In the future, turn on print_bound_enforce in your solver options here: 
OD0.nozz.throat_total.nonlinear_solver.linesearch.options['print_bound_enforce']=True. 
The bound(s) being violated now are:

C:\Users\MEO\Desktop\Projects\JetEngine\boomsonic_v0\.venv\Lib\site-packages\openmdao\solvers\linesearch\backtracking.py:35: SolverWarning:'OD0.nozz.throat_total.balance.T' exceeds upper bounds
  Val: [3163.78809946]
  Upper: [2500.]

C:\Users\MEO\Desktop\Projects\JetEngine\boomsonic_v0\.venv\Lib\site-packages\pycycle\thermo\static_ps_resid.py:108: RuntimeWarning: invalid value encountered in sqrt
  Vsonic = (i['gamma']*i['R']*i['Ts'])**0.5
C:\Users\MEO\Desktop\Projects\JetEngine\boomsonic_v0\.venv\Lib\site-packages\pycycle\thermo\static_ps_resid.py:108: RuntimeWarning: invalid value encountered in sqrt
  Vsonic = (i['gamma']*i['R']*i['Ts'])**0.5
C:\Users\MEO\Desktop\Projects\JetEngine\boomsonic_v0\.venv\Lib\site-packages\pycycle\thermo\static_ps_resid.py:108: RuntimeWarning: invalid value encountered in sqrt
  Vsonic = (i['gamma']*i['R']*i['Ts'])**0.5
C:\Users\MEO\Desktop\Projects\JetEngine\boomsonic_v0\.venv\Lib\site-packages\pycycle\thermo\static_ps_resid.py:108: RuntimeWarning: invalid value encountered in sqrt
  Vsonic = (i['gamma']*i['R']*i['Ts'])**0.5
C:\Users\MEO\Desktop\Projects\JetEngine\boomsonic_v0\.venv\Lib\site-packages\pycycle\thermo\static_ps_resid.py:108: RuntimeWarning: invalid value encountered in sqrt
  Vsonic = (i['gamma']*i['R']*i['Ts'])**0.5
C:\Users\MEO\Desktop\Projects\JetEngine\boomsonic_v0\.venv\Lib\site-packages\pycycle\thermo\static_ps_resid.py:128: RuntimeWarning: invalid value encountered in sqrt
  Vsonic = (i['gamma']*i['R']*i['Ts'])**0.5
C:\Users\MEO\Desktop\Projects\JetEngine\boomsonic_v0\.venv\Lib\site-packages\openmdao\solvers\solver.py:819: SolverWarning:Your model has stalled three times and may be violating the bounds. In the future, turn on print_bound_enforce in your solver options here: 
OD0.burner.vitiated_flow.nonlinear_solver.linesearch.options['print_bound_enforce']=True. 
The bound(s) being violated now are:

C:\Users\MEO\Desktop\Projects\JetEngine\boomsonic_v0\.venv\Lib\site-packages\openmdao\solvers\linesearch\backtracking.py:35: SolverWarning:'OD0.burner.vitiated_flow.balance.T' exceeds upper bounds
  Val: [3629.12002666]
  Upper: [2500.]

C:\Users\MEO\Desktop\Projects\JetEngine\boomsonic_v0\.venv\Lib\site-packages\pycycle\thermo\static_ps_resid.py:128: RuntimeWarning: invalid value encountered in sqrt
  Vsonic = (i['gamma']*i['R']*i['Ts'])**0.5
C:\Users\MEO\Desktop\Projects\JetEngine\boomsonic_v0\.venv\Lib\site-packages\pycycle\thermo\static_ps_resid.py:128: RuntimeWarning: invalid value encountered in sqrt
  Vsonic = (i['gamma']*i['R']*i['Ts'])**0.5
C:\Users\MEO\Desktop\Projects\JetEngine\boomsonic_v0\.venv\Lib\site-packages\pycycle\thermo\static_ps_resid.py:128: RuntimeWarning: invalid value encountered in sqrt
  Vsonic = (i['gamma']*i['R']*i['Ts'])**0.5
C:\Users\MEO\Desktop\Projects\JetEngine\boomsonic_v0\.venv\Lib\site-packages\pycycle\thermo\static_ps_resid.py:128: RuntimeWarning: invalid value encountered in sqrt
  Vsonic = (i['gamma']*i['R']*i['Ts'])**0.5
C:\Users\MEO\Desktop\Projects\JetEngine\boomsonic_v0\.venv\Lib\site-packages\pycycle\thermo\static_ps_resid.py:128: RuntimeWarning: invalid value encountered in sqrt
  Vsonic = (i['gamma']*i['R']*i['Ts'])**0.5
C:\Users\MEO\Desktop\Projects\JetEngine\boomsonic_v0\.venv\Lib\site-packages\openmdao\solvers\solver.py:819: SolverWarning:Your model has stalled three times and may be violating the bounds. In the future, turn on print_bound_enforce in your solver options here: 
OD0.turb.real_flow_b4bld.nonlinear_solver.linesearch.options['print_bound_enforce']=True. 
The bound(s) being violated now are:

C:\Users\MEO\Desktop\Projects\JetEngine\boomsonic_v0\.venv\Lib\site-packages\openmdao\solvers\linesearch\backtracking.py:35: SolverWarning:'OD0.turb.real_flow_b4bld.balance.T' exceeds upper bounds
  Val: [3163.78809946]
  Upper: [2500.]

C:\Users\MEO\Desktop\Projects\JetEngine\boomsonic_v0\.venv\Lib\site-packages\openmdao\solvers\solver.py:819: SolverWarning:Your model has stalled three times and may be violating the bounds. In the future, turn on print_bound_enforce in your solver options here: 
OD0.turb.real_flow.nonlinear_solver.linesearch.options['print_bound_enforce']=True. 
The bound(s) being violated now are:

C:\Users\MEO\Desktop\Projects\JetEngine\boomsonic_v0\.venv\Lib\site-packages\openmdao\solvers\linesearch\backtracking.py:35: SolverWarning:'OD0.turb.real_flow.balance.T' exceeds upper bounds
  Val: [3163.78809946]
  Upper: [2500.]

C:\Users\MEO\Desktop\Projects\JetEngine\boomsonic_v0\.venv\Lib\site-packages\openmdao\solvers\solver.py:819: SolverWarning:Your model has stalled three times and may be violating the bounds. In the future, turn on print_bound_enforce in your solver options here: 
OD0.nozz.throat_total.nonlinear_solver.linesearch.options['print_bound_enforce']=True. 
The bound(s) being violated now are:

C:\Users\MEO\Desktop\Projects\JetEngine\boomsonic_v0\.venv\Lib\site-packages\openmdao\solvers\linesearch\backtracking.py:35: SolverWarning:'OD0.nozz.throat_total.balance.T' exceeds upper bounds
  Val: [3163.78809946]
  Upper: [2500.]

C:\Users\MEO\Desktop\Projects\JetEngine\boomsonic_v0\.venv\Lib\site-packages\pycycle\thermo\static_ps_resid.py:108: RuntimeWarning: invalid value encountered in sqrt
  Vsonic = (i['gamma']*i['R']*i['Ts'])**0.5
C:\Users\MEO\Desktop\Projects\JetEngine\boomsonic_v0\.venv\Lib\site-packages\pycycle\thermo\static_ps_resid.py:108: RuntimeWarning: invalid value encountered in sqrt
  Vsonic = (i['gamma']*i['R']*i['Ts'])**0.5
C:\Users\MEO\Desktop\Projects\JetEngine\boomsonic_v0\.venv\Lib\site-packages\pycycle\thermo\static_ps_resid.py:108: RuntimeWarning: invalid value encountered in sqrt
  Vsonic = (i['gamma']*i['R']*i['Ts'])**0.5
C:\Users\MEO\Desktop\Projects\JetEngine\boomsonic_v0\.venv\Lib\site-packages\pycycle\thermo\static_ps_resid.py:108: RuntimeWarning: invalid value encountered in sqrt
  Vsonic = (i['gamma']*i['R']*i['Ts'])**0.5
C:\Users\MEO\Desktop\Projects\JetEngine\boomsonic_v0\.venv\Lib\site-packages\pycycle\thermo\static_ps_resid.py:108: RuntimeWarning: invalid value encountered in sqrt
  Vsonic = (i['gamma']*i['R']*i['Ts'])**0.5
C:\Users\MEO\Desktop\Projects\JetEngine\boomsonic_v0\.venv\Lib\site-packages\pycycle\thermo\static_ps_resid.py:128: RuntimeWarning: invalid value encountered in sqrt
  Vsonic = (i['gamma']*i['R']*i['Ts'])**0.5
C:\Users\MEO\Desktop\Projects\JetEngine\boomsonic_v0\.venv\Lib\site-packages\pycycle\thermo\static_ps_resid.py:128: RuntimeWarning: invalid value encountered in sqrt
  Vsonic = (i['gamma']*i['R']*i['Ts'])**0.5
C:\Users\MEO\Desktop\Projects\JetEngine\boomsonic_v0\.venv\Lib\site-packages\pycycle\thermo\static_ps_resid.py:108: RuntimeWarning: invalid value encountered in sqrt
  Vsonic = (i['gamma']*i['R']*i['Ts'])**0.5
C:\Users\MEO\Desktop\Projects\JetEngine\boomsonic_v0\.venv\Lib\site-packages\pycycle\elements\turbine.py:40: RuntimeWarning: invalid value encountered in sqrt
  outputs['Wp'] = inputs['W_in'] * inputs['Tt']**0.5 / inputs['Pt']
C:\Users\MEO\Desktop\Projects\JetEngine\boomsonic_v0\.venv\Lib\site-packages\pycycle\elements\turbine.py:41: RuntimeWarning: invalid value encountered in power
  outputs['Np'] = inputs['Nmech'] * inputs['Tt']**-0.5
C:\Users\MEO\Desktop\Projects\JetEngine\boomsonic_v0\.venv\Lib\site-packages\pycycle\elements\turbine.py:89: RuntimeWarning: invalid value encountered in log
  outputs['eff_poly'] = 1 + (S_out-S_in)/(Rt*np.log(invPR))
C:\Users\MEO\Desktop\Projects\JetEngine\boomsonic_v0\.venv\Lib\site-packages\openmdao\solvers\solver.py:819: SolverWarning:Your model has stalled three times and may be violating the bounds. In the future, turn on print_bound_enforce in your solver options here: 
OD0.burner.vitiated_flow.nonlinear_solver.linesearch.options['print_bound_enforce']=True. 
The bound(s) being violated now are:

C:\Users\MEO\Desktop\Projects\JetEngine\boomsonic_v0\.venv\Lib\site-packages\openmdao\solvers\linesearch\backtracking.py:35: SolverWarning:'OD0.burner.vitiated_flow.balance.T' exceeds upper bounds
  Val: [3044.98580688]
  Upper: [2500.]

C:\Users\MEO\Desktop\Projects\JetEngine\boomsonic_v0\.venv\Lib\site-packages\openmdao\solvers\solver.py:819: SolverWarning:Your model has stalled three times and may be violating the bounds. In the future, turn on print_bound_enforce in your solver options here: 
OD0.burner.out_stat.nonlinear_solver.linesearch.options['print_bound_enforce']=True. 
The bound(s) being violated now are:

C:\Users\MEO\Desktop\Projects\JetEngine\boomsonic_v0\.venv\Lib\site-packages\openmdao\solvers\linesearch\backtracking.py:35: SolverWarning:'OD0.burner.out_stat.balance.T' exceeds upper bounds
  Val: [4044.84449074]
  Upper: [2500.]

C:\Users\MEO\Desktop\Projects\JetEngine\boomsonic_v0\.venv\Lib\site-packages\openmdao\solvers\solver.py:819: SolverWarning:Your model has stalled three times and may be violating the bounds. In the future, turn on print_bound_enforce in your solver options here: 
OD0.turb.real_flow_b4bld.nonlinear_solver.linesearch.options['print_bound_enforce']=True. 
The bound(s) being violated now are:

C:\Users\MEO\Desktop\Projects\JetEngine\boomsonic_v0\.venv\Lib\site-packages\openmdao\solvers\linesearch\backtracking.py:35: SolverWarning:'OD0.turb.real_flow_b4bld.balance.T' exceeds upper bounds
  Val: [2675.17335338]
  Upper: [2500.]

C:\Users\MEO\Desktop\Projects\JetEngine\boomsonic_v0\.venv\Lib\site-packages\openmdao\solvers\solver.py:819: SolverWarning:Your model has stalled three times and may be violating the bounds. In the future, turn on print_bound_enforce in your solver options here: 
OD0.turb.real_flow.nonlinear_solver.linesearch.options['print_bound_enforce']=True. 
The bound(s) being violated now are:

C:\Users\MEO\Desktop\Projects\JetEngine\boomsonic_v0\.venv\Lib\site-packages\openmdao\solvers\linesearch\backtracking.py:35: SolverWarning:'OD0.turb.real_flow.balance.T' exceeds upper bounds
  Val: [2675.17335338]
  Upper: [2500.]

C:\Users\MEO\Desktop\Projects\JetEngine\boomsonic_v0\.venv\Lib\site-packages\openmdao\solvers\solver.py:819: SolverWarning:Your model has stalled three times and may be violating the bounds. In the future, turn on print_bound_enforce in your solver options here: 
OD0.turb.out_stat.nonlinear_solver.linesearch.options['print_bound_enforce']=True. 
The bound(s) being violated now are:

C:\Users\MEO\Desktop\Projects\JetEngine\boomsonic_v0\.venv\Lib\site-packages\openmdao\solvers\linesearch\backtracking.py:35: SolverWarning:'OD0.turb.out_stat.balance.T' exceeds upper bounds
  Val: [2822.86252934]
  Upper: [2500.]

C:\Users\MEO\Desktop\Projects\JetEngine\boomsonic_v0\.venv\Lib\site-packages\openmdao\solvers\solver.py:819: SolverWarning:Your model has stalled three times and may be violating the bounds. In the future, turn on print_bound_enforce in your solver options here: 
OD0.nozz.throat_total.nonlinear_solver.linesearch.options['print_bound_enforce']=True. 
The bound(s) being violated now are:

C:\Users\MEO\Desktop\Projects\JetEngine\boomsonic_v0\.venv\Lib\site-packages\openmdao\solvers\linesearch\backtracking.py:35: SolverWarning:'OD0.nozz.throat_total.balance.T' exceeds upper bounds
  Val: [2675.17335338]
  Upper: [2500.]

C:\Users\MEO\Desktop\Projects\JetEngine\boomsonic_v0\.venv\Lib\site-packages\pycycle\thermo\static_ps_resid.py:128: RuntimeWarning: invalid value encountered in sqrt
  Vsonic = (i['gamma']*i['R']*i['Ts'])**0.5
C:\Users\MEO\Desktop\Projects\JetEngine\boomsonic_v0\.venv\Lib\site-packages\openmdao\solvers\solver.py:819: SolverWarning:Your model has stalled three times and may be violating the bounds. In the future, turn on print_bound_enforce in your solver options here: 
OD0.burner.vitiated_flow.nonlinear_solver.linesearch.options['print_bound_enforce']=True. 
The bound(s) being violated now are:

C:\Users\MEO\Desktop\Projects\JetEngine\boomsonic_v0\.venv\Lib\site-packages\openmdao\solvers\linesearch\backtracking.py:35: SolverWarning:'OD0.burner.vitiated_flow.balance.T' exceeds upper bounds
  Val: [3686.71803147]
  Upper: [2500.]

C:\Users\MEO\Desktop\Projects\JetEngine\boomsonic_v0\.venv\Lib\site-packages\pycycle\thermo\static_ps_resid.py:128: RuntimeWarning: invalid value encountered in sqrt
  Vsonic = (i['gamma']*i['R']*i['Ts'])**0.5
C:\Users\MEO\Desktop\Projects\JetEngine\boomsonic_v0\.venv\Lib\site-packages\pycycle\thermo\static_ps_resid.py:128: RuntimeWarning: invalid value encountered in sqrt
  Vsonic = (i['gamma']*i['R']*i['Ts'])**0.5
C:\Users\MEO\Desktop\Projects\JetEngine\boomsonic_v0\.venv\Lib\site-packages\pycycle\thermo\static_ps_resid.py:128: RuntimeWarning: invalid value encountered in sqrt
  Vsonic = (i['gamma']*i['R']*i['Ts'])**0.5
C:\Users\MEO\Desktop\Projects\JetEngine\boomsonic_v0\.venv\Lib\site-packages\pycycle\thermo\static_ps_resid.py:128: RuntimeWarning: invalid value encountered in sqrt
  Vsonic = (i['gamma']*i['R']*i['Ts'])**0.5
C:\Users\MEO\Desktop\Projects\JetEngine\boomsonic_v0\.venv\Lib\site-packages\pycycle\thermo\static_ps_resid.py:128: RuntimeWarning: invalid value encountered in sqrt
  Vsonic = (i['gamma']*i['R']*i['Ts'])**0.5
C:\Users\MEO\Desktop\Projects\JetEngine\boomsonic_v0\.venv\Lib\site-packages\pycycle\thermo\static_ps_resid.py:128: RuntimeWarning: invalid value encountered in sqrt
  Vsonic = (i['gamma']*i['R']*i['Ts'])**0.5
C:\Users\MEO\Desktop\Projects\JetEngine\boomsonic_v0\.venv\Lib\site-packages\pycycle\thermo\static_ps_resid.py:128: RuntimeWarning: invalid value encountered in sqrt
  Vsonic = (i['gamma']*i['R']*i['Ts'])**0.5
C:\Users\MEO\Desktop\Projects\JetEngine\boomsonic_v0\.venv\Lib\site-packages\pycycle\thermo\static_ps_resid.py:128: RuntimeWarning: invalid value encountered in sqrt
  Vsonic = (i['gamma']*i['R']*i['Ts'])**0.5
C:\Users\MEO\Desktop\Projects\JetEngine\boomsonic_v0\.venv\Lib\site-packages\pycycle\thermo\static_ps_resid.py:128: RuntimeWarning: invalid value encountered in sqrt
  Vsonic = (i['gamma']*i['R']*i['Ts'])**0.5
C:\Users\MEO\Desktop\Projects\JetEngine\boomsonic_v0\.venv\Lib\site-packages\pycycle\thermo\static_ps_resid.py:128: RuntimeWarning: invalid value encountered in sqrt
  Vsonic = (i['gamma']*i['R']*i['Ts'])**0.5
C:\Users\MEO\Desktop\Projects\JetEngine\boomsonic_v0\.venv\Lib\site-packages\pycycle\thermo\static_ps_resid.py:128: RuntimeWarning: invalid value encountered in sqrt
  Vsonic = (i['gamma']*i['R']*i['Ts'])**0.5
C:\Users\MEO\Desktop\Projects\JetEngine\boomsonic_v0\.venv\Lib\site-packages\pycycle\thermo\static_ps_resid.py:128: RuntimeWarning: invalid value encountered in sqrt
  Vsonic = (i['gamma']*i['R']*i['Ts'])**0.5
C:\Users\MEO\Desktop\Projects\JetEngine\boomsonic_v0\.venv\Lib\site-packages\pycycle\thermo\static_ps_resid.py:128: RuntimeWarning: invalid value encountered in sqrt
  Vsonic = (i['gamma']*i['R']*i['Ts'])**0.5
C:\Users\MEO\Desktop\Projects\JetEngine\boomsonic_v0\.venv\Lib\site-packages\pycycle\thermo\static_ps_resid.py:128: RuntimeWarning: invalid value encountered in sqrt
  Vsonic = (i['gamma']*i['R']*i['Ts'])**0.5
C:\Users\MEO\Desktop\Projects\JetEngine\boomsonic_v0\.venv\Lib\site-packages\pycycle\thermo\static_ps_resid.py:128: RuntimeWarning: invalid value encountered in sqrt
  Vsonic = (i['gamma']*i['R']*i['Ts'])**0.5
C:\Users\MEO\Desktop\Projects\JetEngine\boomsonic_v0\.venv\Lib\site-packages\pycycle\thermo\static_ps_resid.py:128: RuntimeWarning: invalid value encountered in sqrt
  Vsonic = (i['gamma']*i['R']*i['Ts'])**0.5
C:\Users\MEO\Desktop\Projects\JetEngine\boomsonic_v0\.venv\Lib\site-packages\pycycle\thermo\static_ps_resid.py:128: RuntimeWarning: invalid value encountered in sqrt
  Vsonic = (i['gamma']*i['R']*i['Ts'])**0.5
C:\Users\MEO\Desktop\Projects\JetEngine\boomsonic_v0\.venv\Lib\site-packages\pycycle\thermo\static_ps_resid.py:128: RuntimeWarning: invalid value encountered in sqrt
  Vsonic = (i['gamma']*i['R']*i['Ts'])**0.5
C:\Users\MEO\Desktop\Projects\JetEngine\boomsonic_v0\.venv\Lib\site-packages\pycycle\thermo\static_ps_resid.py:128: RuntimeWarning: invalid value encountered in sqrt
  Vsonic = (i['gamma']*i['R']*i['Ts'])**0.5
C:\Users\MEO\Desktop\Projects\JetEngine\boomsonic_v0\.venv\Lib\site-packages\pycycle\thermo\static_ps_resid.py:128: RuntimeWarning: invalid value encountered in sqrt
  Vsonic = (i['gamma']*i['R']*i['Ts'])**0.5
C:\Users\MEO\Desktop\Projects\JetEngine\boomsonic_v0\.venv\Lib\site-packages\pycycle\thermo\static_ps_resid.py:128: RuntimeWarning: invalid value encountered in sqrt
  Vsonic = (i['gamma']*i['R']*i['Ts'])**0.5
C:\Users\MEO\Desktop\Projects\JetEngine\boomsonic_v0\.venv\Lib\site-packages\pycycle\thermo\static_ps_resid.py:128: RuntimeWarning: invalid value encountered in sqrt
  Vsonic = (i['gamma']*i['R']*i['Ts'])**0.5
C:\Users\MEO\Desktop\Projects\JetEngine\boomsonic_v0\.venv\Lib\site-packages\pycycle\thermo\static_ps_resid.py:128: RuntimeWarning: invalid value encountered in sqrt
  Vsonic = (i['gamma']*i['R']*i['Ts'])**0.5
C:\Users\MEO\Desktop\Projects\JetEngine\boomsonic_v0\.venv\Lib\site-packages\pycycle\thermo\static_ps_resid.py:128: RuntimeWarning: invalid value encountered in sqrt
  Vsonic = (i['gamma']*i['R']*i['Ts'])**0.5
C:\Users\MEO\Desktop\Projects\JetEngine\boomsonic_v0\.venv\Lib\site-packages\pycycle\thermo\static_ps_resid.py:128: RuntimeWarning: invalid value encountered in sqrt
  Vsonic = (i['gamma']*i['R']*i['Ts'])**0.5
C:\Users\MEO\Desktop\Projects\JetEngine\boomsonic_v0\.venv\Lib\site-packages\pycycle\thermo\static_ps_resid.py:128: RuntimeWarning: invalid value encountered in sqrt
  Vsonic = (i['gamma']*i['R']*i['Ts'])**0.5
C:\Users\MEO\Desktop\Projects\JetEngine\boomsonic_v0\.venv\Lib\site-packages\pycycle\thermo\static_ps_resid.py:128: RuntimeWarning: invalid value encountered in sqrt
  Vsonic = (i['gamma']*i['R']*i['Ts'])**0.5
C:\Users\MEO\Desktop\Projects\JetEngine\boomsonic_v0\.venv\Lib\site-packages\pycycle\thermo\static_ps_resid.py:128: RuntimeWarning: invalid value encountered in sqrt
  Vsonic = (i['gamma']*i['R']*i['Ts'])**0.5
C:\Users\MEO\Desktop\Projects\JetEngine\boomsonic_v0\.venv\Lib\site-packages\pycycle\thermo\static_ps_resid.py:128: RuntimeWarning: invalid value encountered in sqrt
  Vsonic = (i['gamma']*i['R']*i['Ts'])**0.5
C:\Users\MEO\Desktop\Projects\JetEngine\boomsonic_v0\.venv\Lib\site-packages\pycycle\thermo\static_ps_resid.py:128: RuntimeWarning: invalid value encountered in sqrt
  Vsonic = (i['gamma']*i['R']*i['Ts'])**0.5
C:\Users\MEO\Desktop\Projects\JetEngine\boomsonic_v0\.venv\Lib\site-packages\pycycle\thermo\static_ps_resid.py:128: RuntimeWarning: invalid value encountered in sqrt
  Vsonic = (i['gamma']*i['R']*i['Ts'])**0.5
C:\Users\MEO\Desktop\Projects\JetEngine\boomsonic_v0\.venv\Lib\site-packages\pycycle\thermo\static_ps_resid.py:128: RuntimeWarning: invalid value encountered in sqrt
  Vsonic = (i['gamma']*i['R']*i['Ts'])**0.5
C:\Users\MEO\Desktop\Projects\JetEngine\boomsonic_v0\.venv\Lib\site-packages\pycycle\thermo\static_ps_resid.py:128: RuntimeWarning: invalid value encountered in sqrt
  Vsonic = (i['gamma']*i['R']*i['Ts'])**0.5
C:\Users\MEO\Desktop\Projects\JetEngine\boomsonic_v0\.venv\Lib\site-packages\pycycle\thermo\static_ps_resid.py:128: RuntimeWarning: invalid value encountered in sqrt
  Vsonic = (i['gamma']*i['R']*i['Ts'])**0.5
C:\Users\MEO\Desktop\Projects\JetEngine\boomsonic_v0\.venv\Lib\site-packages\pycycle\thermo\static_ps_resid.py:128: RuntimeWarning: invalid value encountered in sqrt
  Vsonic = (i['gamma']*i['R']*i['Ts'])**0.5
C:\Users\MEO\Desktop\Projects\JetEngine\boomsonic_v0\.venv\Lib\site-packages\pycycle\thermo\static_ps_resid.py:128: RuntimeWarning: invalid value encountered in sqrt
  Vsonic = (i['gamma']*i['R']*i['Ts'])**0.5
C:\Users\MEO\Desktop\Projects\JetEngine\boomsonic_v0\.venv\Lib\site-packages\pycycle\thermo\static_ps_resid.py:128: RuntimeWarning: invalid value encountered in sqrt
  Vsonic = (i['gamma']*i['R']*i['Ts'])**0.5
C:\Users\MEO\Desktop\Projects\JetEngine\boomsonic_v0\.venv\Lib\site-packages\pycycle\thermo\static_ps_resid.py:128: RuntimeWarning: invalid value encountered in sqrt
  Vsonic = (i['gamma']*i['R']*i['Ts'])**0.5
C:\Users\MEO\Desktop\Projects\JetEngine\boomsonic_v0\.venv\Lib\site-packages\pycycle\thermo\static_ps_resid.py:128: RuntimeWarning: invalid value encountered in sqrt
  Vsonic = (i['gamma']*i['R']*i['Ts'])**0.5
C:\Users\MEO\Desktop\Projects\JetEngine\boomsonic_v0\.venv\Lib\site-packages\pycycle\thermo\static_ps_resid.py:128: RuntimeWarning: invalid value encountered in sqrt
  Vsonic = (i['gamma']*i['R']*i['Ts'])**0.5
C:\Users\MEO\Desktop\Projects\JetEngine\boomsonic_v0\.venv\Lib\site-packages\pycycle\thermo\static_ps_resid.py:128: RuntimeWarning: invalid value encountered in sqrt
  Vsonic = (i['gamma']*i['R']*i['Ts'])**0.5
C:\Users\MEO\Desktop\Projects\JetEngine\boomsonic_v0\.venv\Lib\site-packages\pycycle\thermo\static_ps_resid.py:128: RuntimeWarning: invalid value encountered in sqrt
  Vsonic = (i['gamma']*i['R']*i['Ts'])**0.5
C:\Users\MEO\Desktop\Projects\JetEngine\boomsonic_v0\.venv\Lib\site-packages\pycycle\thermo\static_ps_resid.py:128: RuntimeWarning: invalid value encountered in sqrt
  Vsonic = (i['gamma']*i['R']*i['Ts'])**0.5
C:\Users\MEO\Desktop\Projects\JetEngine\boomsonic_v0\.venv\Lib\site-packages\pycycle\thermo\static_ps_resid.py:128: RuntimeWarning: invalid value encountered in sqrt
  Vsonic = (i['gamma']*i['R']*i['Ts'])**0.5
C:\Users\MEO\Desktop\Projects\JetEngine\boomsonic_v0\.venv\Lib\site-packages\pycycle\thermo\static_ps_resid.py:128: RuntimeWarning: invalid value encountered in sqrt
  Vsonic = (i['gamma']*i['R']*i['Ts'])**0.5
C:\Users\MEO\Desktop\Projects\JetEngine\boomsonic_v0\.venv\Lib\site-packages\pycycle\thermo\static_ps_resid.py:128: RuntimeWarning: invalid value encountered in sqrt
  Vsonic = (i['gamma']*i['R']*i['Ts'])**0.5
C:\Users\MEO\Desktop\Projects\JetEngine\boomsonic_v0\.venv\Lib\site-packages\pycycle\thermo\static_ps_resid.py:128: RuntimeWarning: invalid value encountered in sqrt
  Vsonic = (i['gamma']*i['R']*i['Ts'])**0.5
C:\Users\MEO\Desktop\Projects\JetEngine\boomsonic_v0\.venv\Lib\site-packages\pycycle\thermo\static_ps_resid.py:128: RuntimeWarning: invalid value encountered in sqrt
  Vsonic = (i['gamma']*i['R']*i['Ts'])**0.5
C:\Users\MEO\Desktop\Projects\JetEngine\boomsonic_v0\.venv\Lib\site-packages\pycycle\thermo\static_ps_resid.py:128: RuntimeWarning: invalid value encountered in sqrt
  Vsonic = (i['gamma']*i['R']*i['Ts'])**0.5
C:\Users\MEO\Desktop\Projects\JetEngine\boomsonic_v0\.venv\Lib\site-packages\pycycle\thermo\static_ps_resid.py:128: RuntimeWarning: invalid value encountered in sqrt
  Vsonic = (i['gamma']*i['R']*i['Ts'])**0.5
C:\Users\MEO\Desktop\Projects\JetEngine\boomsonic_v0\.venv\Lib\site-packages\pycycle\thermo\static_ps_resid.py:128: RuntimeWarning: invalid value encountered in sqrt
  Vsonic = (i['gamma']*i['R']*i['Ts'])**0.5
C:\Users\MEO\Desktop\Projects\JetEngine\boomsonic_v0\.venv\Lib\site-packages\pycycle\thermo\static_ps_resid.py:128: RuntimeWarning: invalid value encountered in sqrt
  Vsonic = (i['gamma']*i['R']*i['Ts'])**0.5
C:\Users\MEO\Desktop\Projects\JetEngine\boomsonic_v0\.venv\Lib\site-packages\pycycle\thermo\static_ps_resid.py:128: RuntimeWarning: invalid value encountered in sqrt
  Vsonic = (i['gamma']*i['R']*i['Ts'])**0.5
C:\Users\MEO\Desktop\Projects\JetEngine\boomsonic_v0\.venv\Lib\site-packages\pycycle\thermo\static_ps_resid.py:128: RuntimeWarning: invalid value encountered in sqrt
  Vsonic = (i['gamma']*i['R']*i['Ts'])**0.5
C:\Users\MEO\Desktop\Projects\JetEngine\boomsonic_v0\.venv\Lib\site-packages\pycycle\thermo\static_ps_resid.py:128: RuntimeWarning: invalid value encountered in sqrt
  Vsonic = (i['gamma']*i['R']*i['Ts'])**0.5
C:\Users\MEO\Desktop\Projects\JetEngine\boomsonic_v0\.venv\Lib\site-packages\pycycle\thermo\static_ps_resid.py:128: RuntimeWarning: invalid value encountered in sqrt
  Vsonic = (i['gamma']*i['R']*i['Ts'])**0.5
C:\Users\MEO\Desktop\Projects\JetEngine\boomsonic_v0\.venv\Lib\site-packages\pycycle\thermo\static_ps_resid.py:128: RuntimeWarning: invalid value encountered in sqrt
  Vsonic = (i['gamma']*i['R']*i['Ts'])**0.5
C:\Users\MEO\Desktop\Projects\JetEngine\boomsonic_v0\.venv\Lib\site-packages\pycycle\thermo\static_ps_resid.py:128: RuntimeWarning: invalid value encountered in sqrt
  Vsonic = (i['gamma']*i['R']*i['Ts'])**0.5
C:\Users\MEO\Desktop\Projects\JetEngine\boomsonic_v0\.venv\Lib\site-packages\pycycle\thermo\static_ps_resid.py:128: RuntimeWarning: invalid value encountered in sqrt
  Vsonic = (i['gamma']*i['R']*i['Ts'])**0.5
C:\Users\MEO\Desktop\Projects\JetEngine\boomsonic_v0\.venv\Lib\site-packages\pycycle\thermo\static_ps_resid.py:128: RuntimeWarning: invalid value encountered in sqrt
  Vsonic = (i['gamma']*i['R']*i['Ts'])**0.5
C:\Users\MEO\Desktop\Projects\JetEngine\boomsonic_v0\.venv\Lib\site-packages\pycycle\thermo\static_ps_resid.py:128: RuntimeWarning: invalid value encountered in sqrt
  Vsonic = (i['gamma']*i['R']*i['Ts'])**0.5
C:\Users\MEO\Desktop\Projects\JetEngine\boomsonic_v0\.venv\Lib\site-packages\pycycle\thermo\static_ps_resid.py:128: RuntimeWarning: invalid value encountered in sqrt
  Vsonic = (i['gamma']*i['R']*i['Ts'])**0.5
C:\Users\MEO\Desktop\Projects\JetEngine\boomsonic_v0\.venv\Lib\site-packages\pycycle\thermo\static_ps_resid.py:128: RuntimeWarning: invalid value encountered in sqrt
  Vsonic = (i['gamma']*i['R']*i['Ts'])**0.5
C:\Users\MEO\Desktop\Projects\JetEngine\boomsonic_v0\.venv\Lib\site-packages\pycycle\thermo\static_ps_resid.py:128: RuntimeWarning: invalid value encountered in sqrt
  Vsonic = (i['gamma']*i['R']*i['Ts'])**0.5
C:\Users\MEO\Desktop\Projects\JetEngine\boomsonic_v0\.venv\Lib\site-packages\pycycle\thermo\static_ps_resid.py:128: RuntimeWarning: invalid value encountered in sqrt
  Vsonic = (i['gamma']*i['R']*i['Ts'])**0.5
C:\Users\MEO\Desktop\Projects\JetEngine\boomsonic_v0\.venv\Lib\site-packages\pycycle\thermo\static_ps_resid.py:128: RuntimeWarning: invalid value encountered in sqrt
  Vsonic = (i['gamma']*i['R']*i['Ts'])**0.5
C:\Users\MEO\Desktop\Projects\JetEngine\boomsonic_v0\.venv\Lib\site-packages\pycycle\thermo\static_ps_resid.py:128: RuntimeWarning: invalid value encountered in sqrt
  Vsonic = (i['gamma']*i['R']*i['Ts'])**0.5
C:\Users\MEO\Desktop\Projects\JetEngine\boomsonic_v0\.venv\Lib\site-packages\openmdao\solvers\solver.py:819: SolverWarning:Your model has stalled three times and may be violating the bounds. In the future, turn on print_bound_enforce in your solver options here: 
OD0.turb.real_flow_b4bld.nonlinear_solver.linesearch.options['print_bound_enforce']=True. 
The bound(s) being violated now are:

C:\Users\MEO\Desktop\Projects\JetEngine\boomsonic_v0\.venv\Lib\site-packages\openmdao\solvers\linesearch\backtracking.py:35: SolverWarning:'OD0.turb.real_flow_b4bld.balance.T' exceeds upper bounds
  Val: [3231.08759767]
  Upper: [2500.]

C:\Users\MEO\Desktop\Projects\JetEngine\boomsonic_v0\.venv\Lib\site-packages\openmdao\solvers\solver.py:819: SolverWarning:Your model has stalled three times and may be violating the bounds. In the future, turn on print_bound_enforce in your solver options here: 
OD0.turb.real_flow.nonlinear_solver.linesearch.options['print_bound_enforce']=True. 
The bound(s) being violated now are:

C:\Users\MEO\Desktop\Projects\JetEngine\boomsonic_v0\.venv\Lib\site-packages\openmdao\solvers\linesearch\backtracking.py:35: SolverWarning:'OD0.turb.real_flow.balance.T' exceeds upper bounds
  Val: [3231.08759767]
  Upper: [2500.]

C:\Users\MEO\Desktop\Projects\JetEngine\boomsonic_v0\.venv\Lib\site-packages\pycycle\thermo\static_ps_resid.py:128: RuntimeWarning: invalid value encountered in sqrt
  Vsonic = (i['gamma']*i['R']*i['Ts'])**0.5
C:\Users\MEO\Desktop\Projects\JetEngine\boomsonic_v0\.venv\Lib\site-packages\pycycle\thermo\static_ps_resid.py:128: RuntimeWarning: invalid value encountered in sqrt
  Vsonic = (i['gamma']*i['R']*i['Ts'])**0.5
C:\Users\MEO\Desktop\Projects\JetEngine\boomsonic_v0\.venv\Lib\site-packages\pycycle\thermo\static_ps_resid.py:128: RuntimeWarning: invalid value encountered in sqrt
  Vsonic = (i['gamma']*i['R']*i['Ts'])**0.5
C:\Users\MEO\Desktop\Projects\JetEngine\boomsonic_v0\.venv\Lib\site-packages\openmdao\solvers\solver.py:819: SolverWarning:Your model has stalled three times and may be violating the bounds. In the future, turn on print_bound_enforce in your solver options here: 
OD0.nozz.throat_total.nonlinear_solver.linesearch.options['print_bound_enforce']=True. 
The bound(s) being violated now are:

C:\Users\MEO\Desktop\Projects\JetEngine\boomsonic_v0\.venv\Lib\site-packages\openmdao\solvers\linesearch\backtracking.py:35: SolverWarning:'OD0.nozz.throat_total.balance.T' exceeds upper bounds
  Val: [3231.08759767]
  Upper: [2500.]

C:\Users\MEO\Desktop\Projects\JetEngine\boomsonic_v0\.venv\Lib\site-packages\pycycle\thermo\static_ps_resid.py:108: RuntimeWarning: invalid value encountered in sqrt
  Vsonic = (i['gamma']*i['R']*i['Ts'])**0.5
C:\Users\MEO\Desktop\Projects\JetEngine\boomsonic_v0\.venv\Lib\site-packages\pycycle\thermo\static_ps_resid.py:108: RuntimeWarning: invalid value encountered in sqrt
  Vsonic = (i['gamma']*i['R']*i['Ts'])**0.5
C:\Users\MEO\Desktop\Projects\JetEngine\boomsonic_v0\.venv\Lib\site-packages\pycycle\thermo\static_ps_resid.py:108: RuntimeWarning: invalid value encountered in sqrt
  Vsonic = (i['gamma']*i['R']*i['Ts'])**0.5
C:\Users\MEO\Desktop\Projects\JetEngine\boomsonic_v0\.venv\Lib\site-packages\pycycle\thermo\static_ps_resid.py:108: RuntimeWarning: invalid value encountered in sqrt
  Vsonic = (i['gamma']*i['R']*i['Ts'])**0.5
C:\Users\MEO\Desktop\Projects\JetEngine\boomsonic_v0\.venv\Lib\site-packages\pycycle\thermo\static_ps_resid.py:108: RuntimeWarning: invalid value encountered in sqrt
  Vsonic = (i['gamma']*i['R']*i['Ts'])**0.5
C:\Users\MEO\Desktop\Projects\JetEngine\boomsonic_v0\.venv\Lib\site-packages\openmdao\solvers\solver.py:819: SolverWarning:Your model has stalled three times and may be violating the bounds. In the future, turn on print_bound_enforce in your solver options here: 
OD0.burner.vitiated_flow.nonlinear_solver.linesearch.options['print_bound_enforce']=True. 
The bound(s) being violated now are:

C:\Users\MEO\Desktop\Projects\JetEngine\boomsonic_v0\.venv\Lib\site-packages\openmdao\solvers\linesearch\backtracking.py:35: SolverWarning:'OD0.burner.vitiated_flow.balance.T' exceeds upper bounds
  Val: [3686.71803147]
  Upper: [2500.]

C:\Users\MEO\Desktop\Projects\JetEngine\boomsonic_v0\.venv\Lib\site-packages\pycycle\thermo\static_ps_resid.py:128: RuntimeWarning: invalid value encountered in sqrt
  Vsonic = (i['gamma']*i['R']*i['Ts'])**0.5
C:\Users\MEO\Desktop\Projects\JetEngine\boomsonic_v0\.venv\Lib\site-packages\pycycle\thermo\static_ps_resid.py:128: RuntimeWarning: invalid value encountered in sqrt
  Vsonic = (i['gamma']*i['R']*i['Ts'])**0.5
C:\Users\MEO\Desktop\Projects\JetEngine\boomsonic_v0\.venv\Lib\site-packages\pycycle\thermo\static_ps_resid.py:128: RuntimeWarning: invalid value encountered in sqrt
  Vsonic = (i['gamma']*i['R']*i['Ts'])**0.5
C:\Users\MEO\Desktop\Projects\JetEngine\boomsonic_v0\.venv\Lib\site-packages\pycycle\thermo\static_ps_resid.py:128: RuntimeWarning: invalid value encountered in sqrt
  Vsonic = (i['gamma']*i['R']*i['Ts'])**0.5
C:\Users\MEO\Desktop\Projects\JetEngine\boomsonic_v0\.venv\Lib\site-packages\pycycle\thermo\static_ps_resid.py:128: RuntimeWarning: invalid value encountered in sqrt
  Vsonic = (i['gamma']*i['R']*i['Ts'])**0.5
C:\Users\MEO\Desktop\Projects\JetEngine\boomsonic_v0\.venv\Lib\site-packages\pycycle\thermo\static_ps_resid.py:128: RuntimeWarning: invalid value encountered in sqrt
  Vsonic = (i['gamma']*i['R']*i['Ts'])**0.5
C:\Users\MEO\Desktop\Projects\JetEngine\boomsonic_v0\.venv\Lib\site-packages\pycycle\thermo\static_ps_resid.py:128: RuntimeWarning: invalid value encountered in sqrt
  Vsonic = (i['gamma']*i['R']*i['Ts'])**0.5
C:\Users\MEO\Desktop\Projects\JetEngine\boomsonic_v0\.venv\Lib\site-packages\pycycle\thermo\static_ps_resid.py:128: RuntimeWarning: invalid value encountered in sqrt
  Vsonic = (i['gamma']*i['R']*i['Ts'])**0.5
C:\Users\MEO\Desktop\Projects\JetEngine\boomsonic_v0\.venv\Lib\site-packages\pycycle\thermo\static_ps_resid.py:128: RuntimeWarning: invalid value encountered in sqrt
  Vsonic = (i['gamma']*i['R']*i['Ts'])**0.5
C:\Users\MEO\Desktop\Projects\JetEngine\boomsonic_v0\.venv\Lib\site-packages\pycycle\thermo\static_ps_resid.py:128: RuntimeWarning: invalid value encountered in sqrt
  Vsonic = (i['gamma']*i['R']*i['Ts'])**0.5
C:\Users\MEO\Desktop\Projects\JetEngine\boomsonic_v0\.venv\Lib\site-packages\pycycle\thermo\static_ps_resid.py:128: RuntimeWarning: invalid value encountered in sqrt
  Vsonic = (i['gamma']*i['R']*i['Ts'])**0.5
C:\Users\MEO\Desktop\Projects\JetEngine\boomsonic_v0\.venv\Lib\site-packages\pycycle\thermo\static_ps_resid.py:128: RuntimeWarning: invalid value encountered in sqrt
  Vsonic = (i['gamma']*i['R']*i['Ts'])**0.5
C:\Users\MEO\Desktop\Projects\JetEngine\boomsonic_v0\.venv\Lib\site-packages\pycycle\thermo\static_ps_resid.py:128: RuntimeWarning: invalid value encountered in sqrt
  Vsonic = (i['gamma']*i['R']*i['Ts'])**0.5
C:\Users\MEO\Desktop\Projects\JetEngine\boomsonic_v0\.venv\Lib\site-packages\pycycle\thermo\static_ps_resid.py:128: RuntimeWarning: invalid value encountered in sqrt
  Vsonic = (i['gamma']*i['R']*i['Ts'])**0.5
C:\Users\MEO\Desktop\Projects\JetEngine\boomsonic_v0\.venv\Lib\site-packages\pycycle\thermo\static_ps_resid.py:128: RuntimeWarning: invalid value encountered in sqrt
  Vsonic = (i['gamma']*i['R']*i['Ts'])**0.5
C:\Users\MEO\Desktop\Projects\JetEngine\boomsonic_v0\.venv\Lib\site-packages\pycycle\thermo\static_ps_resid.py:128: RuntimeWarning: invalid value encountered in sqrt
  Vsonic = (i['gamma']*i['R']*i['Ts'])**0.5
C:\Users\MEO\Desktop\Projects\JetEngine\boomsonic_v0\.venv\Lib\site-packages\pycycle\thermo\static_ps_resid.py:128: RuntimeWarning: invalid value encountered in sqrt
  Vsonic = (i['gamma']*i['R']*i['Ts'])**0.5
C:\Users\MEO\Desktop\Projects\JetEngine\boomsonic_v0\.venv\Lib\site-packages\pycycle\thermo\static_ps_resid.py:128: RuntimeWarning: invalid value encountered in sqrt
  Vsonic = (i['gamma']*i['R']*i['Ts'])**0.5
C:\Users\MEO\Desktop\Projects\JetEngine\boomsonic_v0\.venv\Lib\site-packages\pycycle\thermo\static_ps_resid.py:128: RuntimeWarning: invalid value encountered in sqrt
  Vsonic = (i['gamma']*i['R']*i['Ts'])**0.5
C:\Users\MEO\Desktop\Projects\JetEngine\boomsonic_v0\.venv\Lib\site-packages\pycycle\thermo\static_ps_resid.py:128: RuntimeWarning: invalid value encountered in sqrt
  Vsonic = (i['gamma']*i['R']*i['Ts'])**0.5
C:\Users\MEO\Desktop\Projects\JetEngine\boomsonic_v0\.venv\Lib\site-packages\pycycle\thermo\static_ps_resid.py:128: RuntimeWarning: invalid value encountered in sqrt
  Vsonic = (i['gamma']*i['R']*i['Ts'])**0.5
C:\Users\MEO\Desktop\Projects\JetEngine\boomsonic_v0\.venv\Lib\site-packages\pycycle\thermo\static_ps_resid.py:128: RuntimeWarning: invalid value encountered in sqrt
  Vsonic = (i['gamma']*i['R']*i['Ts'])**0.5
C:\Users\MEO\Desktop\Projects\JetEngine\boomsonic_v0\.venv\Lib\site-packages\pycycle\thermo\static_ps_resid.py:128: RuntimeWarning: invalid value encountered in sqrt
  Vsonic = (i['gamma']*i['R']*i['Ts'])**0.5
C:\Users\MEO\Desktop\Projects\JetEngine\boomsonic_v0\.venv\Lib\site-packages\pycycle\thermo\static_ps_resid.py:128: RuntimeWarning: invalid value encountered in sqrt
  Vsonic = (i['gamma']*i['R']*i['Ts'])**0.5
C:\Users\MEO\Desktop\Projects\JetEngine\boomsonic_v0\.venv\Lib\site-packages\pycycle\thermo\static_ps_resid.py:128: RuntimeWarning: invalid value encountered in sqrt
  Vsonic = (i['gamma']*i['R']*i['Ts'])**0.5
C:\Users\MEO\Desktop\Projects\JetEngine\boomsonic_v0\.venv\Lib\site-packages\pycycle\thermo\static_ps_resid.py:128: RuntimeWarning: invalid value encountered in sqrt
  Vsonic = (i['gamma']*i['R']*i['Ts'])**0.5
C:\Users\MEO\Desktop\Projects\JetEngine\boomsonic_v0\.venv\Lib\site-packages\pycycle\thermo\static_ps_resid.py:128: RuntimeWarning: invalid value encountered in sqrt
  Vsonic = (i['gamma']*i['R']*i['Ts'])**0.5
C:\Users\MEO\Desktop\Projects\JetEngine\boomsonic_v0\.venv\Lib\site-packages\pycycle\thermo\static_ps_resid.py:128: RuntimeWarning: invalid value encountered in sqrt
  Vsonic = (i['gamma']*i['R']*i['Ts'])**0.5
C:\Users\MEO\Desktop\Projects\JetEngine\boomsonic_v0\.venv\Lib\site-packages\pycycle\thermo\static_ps_resid.py:128: RuntimeWarning: invalid value encountered in sqrt
  Vsonic = (i['gamma']*i['R']*i['Ts'])**0.5
C:\Users\MEO\Desktop\Projects\JetEngine\boomsonic_v0\.venv\Lib\site-packages\pycycle\thermo\static_ps_resid.py:128: RuntimeWarning: invalid value encountered in sqrt
  Vsonic = (i['gamma']*i['R']*i['Ts'])**0.5
C:\Users\MEO\Desktop\Projects\JetEngine\boomsonic_v0\.venv\Lib\site-packages\pycycle\thermo\static_ps_resid.py:128: RuntimeWarning: invalid value encountered in sqrt
  Vsonic = (i['gamma']*i['R']*i['Ts'])**0.5
C:\Users\MEO\Desktop\Projects\JetEngine\boomsonic_v0\.venv\Lib\site-packages\pycycle\thermo\static_ps_resid.py:128: RuntimeWarning: invalid value encountered in sqrt
  Vsonic = (i['gamma']*i['R']*i['Ts'])**0.5
C:\Users\MEO\Desktop\Projects\JetEngine\boomsonic_v0\.venv\Lib\site-packages\pycycle\thermo\static_ps_resid.py:128: RuntimeWarning: invalid value encountered in sqrt
  Vsonic = (i['gamma']*i['R']*i['Ts'])**0.5
C:\Users\MEO\Desktop\Projects\JetEngine\boomsonic_v0\.venv\Lib\site-packages\pycycle\thermo\static_ps_resid.py:128: RuntimeWarning: invalid value encountered in sqrt
  Vsonic = (i['gamma']*i['R']*i['Ts'])**0.5
C:\Users\MEO\Desktop\Projects\JetEngine\boomsonic_v0\.venv\Lib\site-packages\pycycle\thermo\static_ps_resid.py:128: RuntimeWarning: invalid value encountered in sqrt
  Vsonic = (i['gamma']*i['R']*i['Ts'])**0.5
C:\Users\MEO\Desktop\Projects\JetEngine\boomsonic_v0\.venv\Lib\site-packages\pycycle\thermo\static_ps_resid.py:128: RuntimeWarning: invalid value encountered in sqrt
  Vsonic = (i['gamma']*i['R']*i['Ts'])**0.5
C:\Users\MEO\Desktop\Projects\JetEngine\boomsonic_v0\.venv\Lib\site-packages\pycycle\thermo\static_ps_resid.py:128: RuntimeWarning: invalid value encountered in sqrt
  Vsonic = (i['gamma']*i['R']*i['Ts'])**0.5
C:\Users\MEO\Desktop\Projects\JetEngine\boomsonic_v0\.venv\Lib\site-packages\pycycle\thermo\static_ps_resid.py:128: RuntimeWarning: invalid value encountered in sqrt
  Vsonic = (i['gamma']*i['R']*i['Ts'])**0.5
C:\Users\MEO\Desktop\Projects\JetEngine\boomsonic_v0\.venv\Lib\site-packages\pycycle\thermo\static_ps_resid.py:128: RuntimeWarning: invalid value encountered in sqrt
  Vsonic = (i['gamma']*i['R']*i['Ts'])**0.5
C:\Users\MEO\Desktop\Projects\JetEngine\boomsonic_v0\.venv\Lib\site-packages\pycycle\thermo\static_ps_resid.py:128: RuntimeWarning: invalid value encountered in sqrt
  Vsonic = (i['gamma']*i['R']*i['Ts'])**0.5
C:\Users\MEO\Desktop\Projects\JetEngine\boomsonic_v0\.venv\Lib\site-packages\pycycle\thermo\static_ps_resid.py:128: RuntimeWarning: invalid value encountered in sqrt
  Vsonic = (i['gamma']*i['R']*i['Ts'])**0.5
C:\Users\MEO\Desktop\Projects\JetEngine\boomsonic_v0\.venv\Lib\site-packages\pycycle\thermo\static_ps_resid.py:128: RuntimeWarning: invalid value encountered in sqrt
  Vsonic = (i['gamma']*i['R']*i['Ts'])**0.5
C:\Users\MEO\Desktop\Projects\JetEngine\boomsonic_v0\.venv\Lib\site-packages\pycycle\thermo\static_ps_resid.py:128: RuntimeWarning: invalid value encountered in sqrt
  Vsonic = (i['gamma']*i['R']*i['Ts'])**0.5
C:\Users\MEO\Desktop\Projects\JetEngine\boomsonic_v0\.venv\Lib\site-packages\pycycle\thermo\static_ps_resid.py:128: RuntimeWarning: invalid value encountered in sqrt
  Vsonic = (i['gamma']*i['R']*i['Ts'])**0.5
C:\Users\MEO\Desktop\Projects\JetEngine\boomsonic_v0\.venv\Lib\site-packages\pycycle\thermo\static_ps_resid.py:128: RuntimeWarning: invalid value encountered in sqrt
  Vsonic = (i['gamma']*i['R']*i['Ts'])**0.5
C:\Users\MEO\Desktop\Projects\JetEngine\boomsonic_v0\.venv\Lib\site-packages\pycycle\thermo\static_ps_resid.py:128: RuntimeWarning: invalid value encountered in sqrt
  Vsonic = (i['gamma']*i['R']*i['Ts'])**0.5
C:\Users\MEO\Desktop\Projects\JetEngine\boomsonic_v0\.venv\Lib\site-packages\pycycle\thermo\static_ps_resid.py:128: RuntimeWarning: invalid value encountered in sqrt
  Vsonic = (i['gamma']*i['R']*i['Ts'])**0.5
C:\Users\MEO\Desktop\Projects\JetEngine\boomsonic_v0\.venv\Lib\site-packages\pycycle\thermo\static_ps_resid.py:128: RuntimeWarning: invalid value encountered in sqrt
  Vsonic = (i['gamma']*i['R']*i['Ts'])**0.5
C:\Users\MEO\Desktop\Projects\JetEngine\boomsonic_v0\.venv\Lib\site-packages\pycycle\thermo\static_ps_resid.py:128: RuntimeWarning: invalid value encountered in sqrt
  Vsonic = (i['gamma']*i['R']*i['Ts'])**0.5
C:\Users\MEO\Desktop\Projects\JetEngine\boomsonic_v0\.venv\Lib\site-packages\pycycle\thermo\static_ps_resid.py:128: RuntimeWarning: invalid value encountered in sqrt
  Vsonic = (i['gamma']*i['R']*i['Ts'])**0.5
C:\Users\MEO\Desktop\Projects\JetEngine\boomsonic_v0\.venv\Lib\site-packages\pycycle\thermo\static_ps_resid.py:128: RuntimeWarning: invalid value encountered in sqrt
  Vsonic = (i['gamma']*i['R']*i['Ts'])**0.5
C:\Users\MEO\Desktop\Projects\JetEngine\boomsonic_v0\.venv\Lib\site-packages\pycycle\thermo\static_ps_resid.py:128: RuntimeWarning: invalid value encountered in sqrt
  Vsonic = (i['gamma']*i['R']*i['Ts'])**0.5
C:\Users\MEO\Desktop\Projects\JetEngine\boomsonic_v0\.venv\Lib\site-packages\pycycle\thermo\static_ps_resid.py:128: RuntimeWarning: invalid value encountered in sqrt
  Vsonic = (i['gamma']*i['R']*i['Ts'])**0.5
C:\Users\MEO\Desktop\Projects\JetEngine\boomsonic_v0\.venv\Lib\site-packages\pycycle\thermo\static_ps_resid.py:128: RuntimeWarning: invalid value encountered in sqrt
  Vsonic = (i['gamma']*i['R']*i['Ts'])**0.5
C:\Users\MEO\Desktop\Projects\JetEngine\boomsonic_v0\.venv\Lib\site-packages\pycycle\thermo\static_ps_resid.py:128: RuntimeWarning: invalid value encountered in sqrt
  Vsonic = (i['gamma']*i['R']*i['Ts'])**0.5
C:\Users\MEO\Desktop\Projects\JetEngine\boomsonic_v0\.venv\Lib\site-packages\pycycle\thermo\static_ps_resid.py:128: RuntimeWarning: invalid value encountered in sqrt
  Vsonic = (i['gamma']*i['R']*i['Ts'])**0.5
C:\Users\MEO\Desktop\Projects\JetEngine\boomsonic_v0\.venv\Lib\site-packages\pycycle\thermo\static_ps_resid.py:128: RuntimeWarning: invalid value encountered in sqrt
  Vsonic = (i['gamma']*i['R']*i['Ts'])**0.5
C:\Users\MEO\Desktop\Projects\JetEngine\boomsonic_v0\.venv\Lib\site-packages\pycycle\thermo\static_ps_resid.py:128: RuntimeWarning: invalid value encountered in sqrt
  Vsonic = (i['gamma']*i['R']*i['Ts'])**0.5
C:\Users\MEO\Desktop\Projects\JetEngine\boomsonic_v0\.venv\Lib\site-packages\pycycle\thermo\static_ps_resid.py:128: RuntimeWarning: invalid value encountered in sqrt
  Vsonic = (i['gamma']*i['R']*i['Ts'])**0.5
C:\Users\MEO\Desktop\Projects\JetEngine\boomsonic_v0\.venv\Lib\site-packages\pycycle\thermo\static_ps_resid.py:128: RuntimeWarning: invalid value encountered in sqrt
  Vsonic = (i['gamma']*i['R']*i['Ts'])**0.5
C:\Users\MEO\Desktop\Projects\JetEngine\boomsonic_v0\.venv\Lib\site-packages\pycycle\thermo\static_ps_resid.py:128: RuntimeWarning: invalid value encountered in sqrt
  Vsonic = (i['gamma']*i['R']*i['Ts'])**0.5
C:\Users\MEO\Desktop\Projects\JetEngine\boomsonic_v0\.venv\Lib\site-packages\pycycle\thermo\static_ps_resid.py:128: RuntimeWarning: invalid value encountered in sqrt
  Vsonic = (i['gamma']*i['R']*i['Ts'])**0.5
C:\Users\MEO\Desktop\Projects\JetEngine\boomsonic_v0\.venv\Lib\site-packages\pycycle\thermo\static_ps_resid.py:128: RuntimeWarning: invalid value encountered in sqrt
  Vsonic = (i['gamma']*i['R']*i['Ts'])**0.5
C:\Users\MEO\Desktop\Projects\JetEngine\boomsonic_v0\.venv\Lib\site-packages\pycycle\thermo\static_ps_resid.py:128: RuntimeWarning: invalid value encountered in sqrt
  Vsonic = (i['gamma']*i['R']*i['Ts'])**0.5
C:\Users\MEO\Desktop\Projects\JetEngine\boomsonic_v0\.venv\Lib\site-packages\pycycle\thermo\static_ps_resid.py:128: RuntimeWarning: invalid value encountered in sqrt
  Vsonic = (i['gamma']*i['R']*i['Ts'])**0.5
C:\Users\MEO\Desktop\Projects\JetEngine\boomsonic_v0\.venv\Lib\site-packages\pycycle\thermo\static_ps_resid.py:128: RuntimeWarning: invalid value encountered in sqrt
  Vsonic = (i['gamma']*i['R']*i['Ts'])**0.5
C:\Users\MEO\Desktop\Projects\JetEngine\boomsonic_v0\.venv\Lib\site-packages\openmdao\solvers\solver.py:819: SolverWarning:Your model has stalled three times and may be violating the bounds. In the future, turn on print_bound_enforce in your solver options here: 
OD0.turb.real_flow_b4bld.nonlinear_solver.linesearch.options['print_bound_enforce']=True. 
The bound(s) being violated now are:

C:\Users\MEO\Desktop\Projects\JetEngine\boomsonic_v0\.venv\Lib\site-packages\openmdao\solvers\linesearch\backtracking.py:35: SolverWarning:'OD0.turb.real_flow_b4bld.balance.T' exceeds upper bounds
  Val: [3231.08759767]
  Upper: [2500.]

C:\Users\MEO\Desktop\Projects\JetEngine\boomsonic_v0\.venv\Lib\site-packages\openmdao\solvers\solver.py:819: SolverWarning:Your model has stalled three times and may be violating the bounds. In the future, turn on print_bound_enforce in your solver options here: 
OD0.turb.real_flow.nonlinear_solver.linesearch.options['print_bound_enforce']=True. 
The bound(s) being violated now are:

C:\Users\MEO\Desktop\Projects\JetEngine\boomsonic_v0\.venv\Lib\site-packages\openmdao\solvers\linesearch\backtracking.py:35: SolverWarning:'OD0.turb.real_flow.balance.T' exceeds upper bounds
  Val: [3231.08759767]
  Upper: [2500.]

C:\Users\MEO\Desktop\Projects\JetEngine\boomsonic_v0\.venv\Lib\site-packages\openmdao\solvers\solver.py:819: SolverWarning:Your model has stalled three times and may be violating the bounds. In the future, turn on print_bound_enforce in your solver options here: 
OD0.nozz.throat_total.nonlinear_solver.linesearch.options['print_bound_enforce']=True. 
The bound(s) being violated now are:

C:\Users\MEO\Desktop\Projects\JetEngine\boomsonic_v0\.venv\Lib\site-packages\openmdao\solvers\linesearch\backtracking.py:35: SolverWarning:'OD0.nozz.throat_total.balance.T' exceeds upper bounds
  Val: [3231.08759767]
  Upper: [2500.]

C:\Users\MEO\Desktop\Projects\JetEngine\boomsonic_v0\.venv\Lib\site-packages\pycycle\thermo\static_ps_resid.py:108: RuntimeWarning: invalid value encountered in sqrt
  Vsonic = (i['gamma']*i['R']*i['Ts'])**0.5
C:\Users\MEO\Desktop\Projects\JetEngine\boomsonic_v0\.venv\Lib\site-packages\pycycle\thermo\static_ps_resid.py:108: RuntimeWarning: invalid value encountered in sqrt
  Vsonic = (i['gamma']*i['R']*i['Ts'])**0.5
C:\Users\MEO\Desktop\Projects\JetEngine\boomsonic_v0\.venv\Lib\site-packages\pycycle\thermo\static_ps_resid.py:108: RuntimeWarning: invalid value encountered in sqrt
  Vsonic = (i['gamma']*i['R']*i['Ts'])**0.5
C:\Users\MEO\Desktop\Projects\JetEngine\boomsonic_v0\.venv\Lib\site-packages\pycycle\thermo\static_ps_resid.py:108: RuntimeWarning: invalid value encountered in sqrt
  Vsonic = (i['gamma']*i['R']*i['Ts'])**0.5
C:\Users\MEO\Desktop\Projects\JetEngine\boomsonic_v0\.venv\Lib\site-packages\pycycle\thermo\static_ps_resid.py:108: RuntimeWarning: invalid value encountered in sqrt
  Vsonic = (i['gamma']*i['R']*i['Ts'])**0.5
C:\Users\MEO\Desktop\Projects\JetEngine\boomsonic_v0\.venv\Lib\site-packages\openmdao\solvers\solver.py:819: SolverWarning:Your model has stalled three times and may be violating the bounds. In the future, turn on print_bound_enforce in your solver options here: 
OD0.burner.vitiated_flow.nonlinear_solver.linesearch.options['print_bound_enforce']=True. 
The bound(s) being violated now are:

C:\Users\MEO\Desktop\Projects\JetEngine\boomsonic_v0\.venv\Lib\site-packages\openmdao\solvers\linesearch\backtracking.py:35: SolverWarning:'OD0.burner.vitiated_flow.balance.T' exceeds upper bounds
  Val: [3686.71803147]
  Upper: [2500.]

C:\Users\MEO\Desktop\Projects\JetEngine\boomsonic_v0\.venv\Lib\site-packages\pycycle\thermo\static_ps_resid.py:128: RuntimeWarning: invalid value encountered in sqrt
  Vsonic = (i['gamma']*i['R']*i['Ts'])**0.5
C:\Users\MEO\Desktop\Projects\JetEngine\boomsonic_v0\.venv\Lib\site-packages\pycycle\thermo\static_ps_resid.py:128: RuntimeWarning: invalid value encountered in sqrt
  Vsonic = (i['gamma']*i['R']*i['Ts'])**0.5
C:\Users\MEO\Desktop\Projects\JetEngine\boomsonic_v0\.venv\Lib\site-packages\pycycle\thermo\static_ps_resid.py:128: RuntimeWarning: invalid value encountered in sqrt
  Vsonic = (i['gamma']*i['R']*i['Ts'])**0.5
C:\Users\MEO\Desktop\Projects\JetEngine\boomsonic_v0\.venv\Lib\site-packages\pycycle\thermo\static_ps_resid.py:128: RuntimeWarning: invalid value encountered in sqrt
  Vsonic = (i['gamma']*i['R']*i['Ts'])**0.5
C:\Users\MEO\Desktop\Projects\JetEngine\boomsonic_v0\.venv\Lib\site-packages\pycycle\thermo\static_ps_resid.py:128: RuntimeWarning: invalid value encountered in sqrt
  Vsonic = (i['gamma']*i['R']*i['Ts'])**0.5
C:\Users\MEO\Desktop\Projects\JetEngine\boomsonic_v0\.venv\Lib\site-packages\pycycle\thermo\static_ps_resid.py:128: RuntimeWarning: invalid value encountered in sqrt
  Vsonic = (i['gamma']*i['R']*i['Ts'])**0.5
C:\Users\MEO\Desktop\Projects\JetEngine\boomsonic_v0\.venv\Lib\site-packages\pycycle\thermo\static_ps_resid.py:128: RuntimeWarning: invalid value encountered in sqrt
  Vsonic = (i['gamma']*i['R']*i['Ts'])**0.5
C:\Users\MEO\Desktop\Projects\JetEngine\boomsonic_v0\.venv\Lib\site-packages\pycycle\thermo\static_ps_resid.py:128: RuntimeWarning: invalid value encountered in sqrt
  Vsonic = (i['gamma']*i['R']*i['Ts'])**0.5
C:\Users\MEO\Desktop\Projects\JetEngine\boomsonic_v0\.venv\Lib\site-packages\openmdao\solvers\solver.py:819: SolverWarning:Your model has stalled three times and may be violating the bounds. In the future, turn on print_bound_enforce in your solver options here: 
OD0.turb.real_flow_b4bld.nonlinear_solver.linesearch.options['print_bound_enforce']=True. 
The bound(s) being violated now are:

C:\Users\MEO\Desktop\Projects\JetEngine\boomsonic_v0\.venv\Lib\site-packages\openmdao\solvers\linesearch\backtracking.py:35: SolverWarning:'OD0.turb.real_flow_b4bld.balance.T' exceeds upper bounds
  Val: [3231.08759767]
  Upper: [2500.]

C:\Users\MEO\Desktop\Projects\JetEngine\boomsonic_v0\.venv\Lib\site-packages\openmdao\solvers\solver.py:819: SolverWarning:Your model has stalled three times and may be violating the bounds. In the future, turn on print_bound_enforce in your solver options here: 
OD0.turb.real_flow.nonlinear_solver.linesearch.options['print_bound_enforce']=True. 
The bound(s) being violated now are:

C:\Users\MEO\Desktop\Projects\JetEngine\boomsonic_v0\.venv\Lib\site-packages\openmdao\solvers\linesearch\backtracking.py:35: SolverWarning:'OD0.turb.real_flow.balance.T' exceeds upper bounds
  Val: [3231.08759767]
  Upper: [2500.]

C:\Users\MEO\Desktop\Projects\JetEngine\boomsonic_v0\.venv\Lib\site-packages\openmdao\solvers\solver.py:819: SolverWarning:Your model has stalled three times and may be violating the bounds. In the future, turn on print_bound_enforce in your solver options here: 
OD0.nozz.throat_total.nonlinear_solver.linesearch.options['print_bound_enforce']=True. 
The bound(s) being violated now are:

C:\Users\MEO\Desktop\Projects\JetEngine\boomsonic_v0\.venv\Lib\site-packages\openmdao\solvers\linesearch\backtracking.py:35: SolverWarning:'OD0.nozz.throat_total.balance.T' exceeds upper bounds
  Val: [3231.08759767]
  Upper: [2500.]

C:\Users\MEO\Desktop\Projects\JetEngine\boomsonic_v0\.venv\Lib\site-packages\pycycle\thermo\static_ps_resid.py:108: RuntimeWarning: invalid value encountered in sqrt
  Vsonic = (i['gamma']*i['R']*i['Ts'])**0.5
C:\Users\MEO\Desktop\Projects\JetEngine\boomsonic_v0\.venv\Lib\site-packages\pycycle\thermo\static_ps_resid.py:108: RuntimeWarning: invalid value encountered in sqrt
  Vsonic = (i['gamma']*i['R']*i['Ts'])**0.5
C:\Users\MEO\Desktop\Projects\JetEngine\boomsonic_v0\.venv\Lib\site-packages\pycycle\thermo\static_ps_resid.py:108: RuntimeWarning: invalid value encountered in sqrt
  Vsonic = (i['gamma']*i['R']*i['Ts'])**0.5
C:\Users\MEO\Desktop\Projects\JetEngine\boomsonic_v0\.venv\Lib\site-packages\pycycle\thermo\static_ps_resid.py:108: RuntimeWarning: invalid value encountered in sqrt
  Vsonic = (i['gamma']*i['R']*i['Ts'])**0.5
C:\Users\MEO\Desktop\Projects\JetEngine\boomsonic_v0\.venv\Lib\site-packages\pycycle\thermo\static_ps_resid.py:108: RuntimeWarning: invalid value encountered in sqrt
  Vsonic = (i['gamma']*i['R']*i['Ts'])**0.5
C:\Users\MEO\Desktop\Projects\JetEngine\boomsonic_v0\.venv\Lib\site-packages\pycycle\thermo\static_ps_resid.py:128: RuntimeWarning: invalid value encountered in sqrt
  Vsonic = (i['gamma']*i['R']*i['Ts'])**0.5
C:\Users\MEO\Desktop\Projects\JetEngine\boomsonic_v0\.venv\Lib\site-packages\pycycle\thermo\static_ps_resid.py:128: RuntimeWarning: invalid value encountered in sqrt
  Vsonic = (i['gamma']*i['R']*i['Ts'])**0.5
C:\Users\MEO\Desktop\Projects\JetEngine\boomsonic_v0\.venv\Lib\site-packages\pycycle\thermo\static_ps_resid.py:108: RuntimeWarning: invalid value encountered in sqrt
  Vsonic = (i['gamma']*i['R']*i['Ts'])**0.5
C:\Users\MEO\Desktop\Projects\JetEngine\boomsonic_v0\.venv\Lib\site-packages\pycycle\elements\turbine.py:40: RuntimeWarning: invalid value encountered in sqrt
  outputs['Wp'] = inputs['W_in'] * inputs['Tt']**0.5 / inputs['Pt']
C:\Users\MEO\Desktop\Projects\JetEngine\boomsonic_v0\.venv\Lib\site-packages\pycycle\elements\turbine.py:41: RuntimeWarning: invalid value encountered in power
  outputs['Np'] = inputs['Nmech'] * inputs['Tt']**-0.5
C:\Users\MEO\Desktop\Projects\JetEngine\boomsonic_v0\.venv\Lib\site-packages\pycycle\elements\turbine.py:89: RuntimeWarning: invalid value encountered in log
  outputs['eff_poly'] = 1 + (S_out-S_in)/(Rt*np.log(invPR))
C:\Users\MEO\Desktop\Projects\JetEngine\boomsonic_v0\.venv\Lib\site-packages\openmdao\solvers\solver.py:819: SolverWarning:Your model has stalled three times and may be violating the bounds. In the future, turn on print_bound_enforce in your solver options here: 
OD0.burner.vitiated_flow.nonlinear_solver.linesearch.options['print_bound_enforce']=True. 
The bound(s) being violated now are:

C:\Users\MEO\Desktop\Projects\JetEngine\boomsonic_v0\.venv\Lib\site-packages\openmdao\solvers\linesearch\backtracking.py:35: SolverWarning:'OD0.burner.vitiated_flow.balance.T' exceeds upper bounds
  Val: [2793.3736304]
  Upper: [2500.]

C:\Users\MEO\Desktop\Projects\JetEngine\boomsonic_v0\.venv\Lib\site-packages\openmdao\solvers\solver.py:819: SolverWarning:Your model has stalled three times and may be violating the bounds. In the future, turn on print_bound_enforce in your solver options here: 
OD0.burner.out_stat.nonlinear_solver.linesearch.options['print_bound_enforce']=True. 
The bound(s) being violated now are:

C:\Users\MEO\Desktop\Projects\JetEngine\boomsonic_v0\.venv\Lib\site-packages\openmdao\solvers\linesearch\backtracking.py:35: SolverWarning:'OD0.burner.out_stat.balance.T' exceeds upper bounds
  Val: [3011.73671539]
  Upper: [2500.]

C:\Users\MEO\Desktop\Projects\JetEngine\boomsonic_v0\.venv\Lib\site-packages\openmdao\solvers\solver.py:819: SolverWarning:Your model has stalled three times and may be violating the bounds. In the future, turn on print_bound_enforce in your solver options here: 
OD0.turb.real_flow_b4bld.nonlinear_solver.linesearch.options['print_bound_enforce']=True. 
The bound(s) being violated now are:

C:\Users\MEO\Desktop\Projects\JetEngine\boomsonic_v0\.venv\Lib\site-packages\openmdao\solvers\linesearch\backtracking.py:35: SolverWarning:'OD0.turb.real_flow_b4bld.balance.T' exceeds upper bounds
  Val: [2593.08486638]
  Upper: [2500.]

C:\Users\MEO\Desktop\Projects\JetEngine\boomsonic_v0\.venv\Lib\site-packages\openmdao\solvers\solver.py:819: SolverWarning:Your model has stalled three times and may be violating the bounds. In the future, turn on print_bound_enforce in your solver options here: 
OD0.turb.real_flow.nonlinear_solver.linesearch.options['print_bound_enforce']=True. 
The bound(s) being violated now are:

C:\Users\MEO\Desktop\Projects\JetEngine\boomsonic_v0\.venv\Lib\site-packages\openmdao\solvers\linesearch\backtracking.py:35: SolverWarning:'OD0.turb.real_flow.balance.T' exceeds upper bounds
  Val: [2593.08486638]
  Upper: [2500.]

C:\Users\MEO\Desktop\Projects\JetEngine\boomsonic_v0\.venv\Lib\site-packages\openmdao\solvers\solver.py:819: SolverWarning:Your model has stalled three times and may be violating the bounds. In the future, turn on print_bound_enforce in your solver options here: 
OD0.turb.out_stat.nonlinear_solver.linesearch.options['print_bound_enforce']=True. 
The bound(s) being violated now are:

C:\Users\MEO\Desktop\Projects\JetEngine\boomsonic_v0\.venv\Lib\site-packages\openmdao\solvers\linesearch\backtracking.py:35: SolverWarning:'OD0.turb.out_stat.balance.T' exceeds upper bounds
  Val: [2635.38711882]
  Upper: [2500.]

C:\Users\MEO\Desktop\Projects\JetEngine\boomsonic_v0\.venv\Lib\site-packages\openmdao\solvers\solver.py:819: SolverWarning:Your model has stalled three times and may be violating the bounds. In the future, turn on print_bound_enforce in your solver options here: 
OD0.nozz.throat_total.nonlinear_solver.linesearch.options['print_bound_enforce']=True. 
The bound(s) being violated now are:

C:\Users\MEO\Desktop\Projects\JetEngine\boomsonic_v0\.venv\Lib\site-packages\openmdao\solvers\linesearch\backtracking.py:35: SolverWarning:'OD0.nozz.throat_total.balance.T' exceeds upper bounds
  Val: [2593.08486638]
  Upper: [2500.]

C:\Users\MEO\Desktop\Projects\JetEngine\boomsonic_v0\.venv\Lib\site-packages\openmdao\solvers\solver.py:819: SolverWarning:Your model has stalled three times and may be violating the bounds. In the future, turn on print_bound_enforce in your solver options here: 
OD0.nozz.staticMN.nonlinear_solver.linesearch.options['print_bound_enforce']=True. 
The bound(s) being violated now are:

C:\Users\MEO\Desktop\Projects\JetEngine\boomsonic_v0\.venv\Lib\site-packages\pycycle\thermo\static_ps_resid.py:128: RuntimeWarning: invalid value encountered in sqrt
  Vsonic = (i['gamma']*i['R']*i['Ts'])**0.5
C:\Users\MEO\Desktop\Projects\JetEngine\boomsonic_v0\.venv\Lib\site-packages\pycycle\thermo\static_ps_resid.py:108: RuntimeWarning: invalid value encountered in sqrt
  Vsonic = (i['gamma']*i['R']*i['Ts'])**0.5
C:\Users\MEO\Desktop\Projects\JetEngine\boomsonic_v0\.venv\Lib\site-packages\pycycle\thermo\static_ps_calc.py:32: RuntimeWarning: invalid value encountered in sqrt
  outputs['Vsonic'] = Vsonic = np.sqrt(inputs['gamma'] * inputs['R'] * inputs['Ts'])
C:\Users\MEO\Desktop\Projects\JetEngine\boomsonic_v0\.venv\Lib\site-packages\openmdao\solvers\solver.py:819: SolverWarning:Your model has stalled three times and may be violating the bounds. In the future, turn on print_bound_enforce in your solver options here: 
OD0.burner.vitiated_flow.nonlinear_solver.linesearch.options['print_bound_enforce']=True. 
The bound(s) being violated now are:

C:\Users\MEO\Desktop\Projects\JetEngine\boomsonic_v0\.venv\Lib\site-packages\openmdao\solvers\linesearch\backtracking.py:35: SolverWarning:'OD0.burner.vitiated_flow.balance.T' exceeds upper bounds
  Val: [3738.32675457]
  Upper: [2500.]

C:\Users\MEO\Desktop\Projects\JetEngine\boomsonic_v0\.venv\Lib\site-packages\pycycle\thermo\static_ps_resid.py:128: RuntimeWarning: invalid value encountered in sqrt
  Vsonic = (i['gamma']*i['R']*i['Ts'])**0.5
C:\Users\MEO\Desktop\Projects\JetEngine\boomsonic_v0\.venv\Lib\site-packages\pycycle\thermo\static_ps_resid.py:128: RuntimeWarning: invalid value encountered in sqrt
  Vsonic = (i['gamma']*i['R']*i['Ts'])**0.5
C:\Users\MEO\Desktop\Projects\JetEngine\boomsonic_v0\.venv\Lib\site-packages\pycycle\thermo\static_ps_resid.py:128: RuntimeWarning: invalid value encountered in sqrt
  Vsonic = (i['gamma']*i['R']*i['Ts'])**0.5
C:\Users\MEO\Desktop\Projects\JetEngine\boomsonic_v0\.venv\Lib\site-packages\pycycle\thermo\static_ps_resid.py:128: RuntimeWarning: invalid value encountered in sqrt
  Vsonic = (i['gamma']*i['R']*i['Ts'])**0.5
C:\Users\MEO\Desktop\Projects\JetEngine\boomsonic_v0\.venv\Lib\site-packages\pycycle\thermo\static_ps_resid.py:128: RuntimeWarning: invalid value encountered in sqrt
  Vsonic = (i['gamma']*i['R']*i['Ts'])**0.5
C:\Users\MEO\Desktop\Projects\JetEngine\boomsonic_v0\.venv\Lib\site-packages\pycycle\thermo\static_ps_resid.py:128: RuntimeWarning: invalid value encountered in sqrt
  Vsonic = (i['gamma']*i['R']*i['Ts'])**0.5
C:\Users\MEO\Desktop\Projects\JetEngine\boomsonic_v0\.venv\Lib\site-packages\pycycle\thermo\static_ps_resid.py:128: RuntimeWarning: invalid value encountered in sqrt
  Vsonic = (i['gamma']*i['R']*i['Ts'])**0.5
C:\Users\MEO\Desktop\Projects\JetEngine\boomsonic_v0\.venv\Lib\site-packages\openmdao\solvers\solver.py:819: SolverWarning:Your model has stalled three times and may be violating the bounds. In the future, turn on print_bound_enforce in your solver options here: 
OD0.turb.real_flow_b4bld.nonlinear_solver.linesearch.options['print_bound_enforce']=True. 
The bound(s) being violated now are:

C:\Users\MEO\Desktop\Projects\JetEngine\boomsonic_v0\.venv\Lib\site-packages\openmdao\solvers\linesearch\backtracking.py:35: SolverWarning:'OD0.turb.real_flow_b4bld.balance.T' exceeds upper bounds
  Val: [3370.92465614]
  Upper: [2500.]

C:\Users\MEO\Desktop\Projects\JetEngine\boomsonic_v0\.venv\Lib\site-packages\openmdao\solvers\solver.py:819: SolverWarning:Your model has stalled three times and may be violating the bounds. In the future, turn on print_bound_enforce in your solver options here: 
OD0.turb.real_flow.nonlinear_solver.linesearch.options['print_bound_enforce']=True. 
The bound(s) being violated now are:

C:\Users\MEO\Desktop\Projects\JetEngine\boomsonic_v0\.venv\Lib\site-packages\openmdao\solvers\linesearch\backtracking.py:35: SolverWarning:'OD0.turb.real_flow.balance.T' exceeds upper bounds
  Val: [3370.92465614]
  Upper: [2500.]

C:\Users\MEO\Desktop\Projects\JetEngine\boomsonic_v0\.venv\Lib\site-packages\pycycle\thermo\static_ps_resid.py:128: RuntimeWarning: invalid value encountered in sqrt
  Vsonic = (i['gamma']*i['R']*i['Ts'])**0.5
C:\Users\MEO\Desktop\Projects\JetEngine\boomsonic_v0\.venv\Lib\site-packages\pycycle\thermo\static_ps_resid.py:128: RuntimeWarning: invalid value encountered in sqrt
  Vsonic = (i['gamma']*i['R']*i['Ts'])**0.5
C:\Users\MEO\Desktop\Projects\JetEngine\boomsonic_v0\.venv\Lib\site-packages\pycycle\thermo\static_ps_resid.py:128: RuntimeWarning: invalid value encountered in sqrt
  Vsonic = (i['gamma']*i['R']*i['Ts'])**0.5
C:\Users\MEO\Desktop\Projects\JetEngine\boomsonic_v0\.venv\Lib\site-packages\pycycle\thermo\static_ps_resid.py:128: RuntimeWarning: invalid value encountered in sqrt
  Vsonic = (i['gamma']*i['R']*i['Ts'])**0.5
C:\Users\MEO\Desktop\Projects\JetEngine\boomsonic_v0\.venv\Lib\site-packages\pycycle\thermo\static_ps_resid.py:128: RuntimeWarning: invalid value encountered in sqrt
  Vsonic = (i['gamma']*i['R']*i['Ts'])**0.5
C:\Users\MEO\Desktop\Projects\JetEngine\boomsonic_v0\.venv\Lib\site-packages\pycycle\thermo\static_ps_resid.py:128: RuntimeWarning: invalid value encountered in sqrt
  Vsonic = (i['gamma']*i['R']*i['Ts'])**0.5
C:\Users\MEO\Desktop\Projects\JetEngine\boomsonic_v0\.venv\Lib\site-packages\pycycle\thermo\static_ps_resid.py:128: RuntimeWarning: invalid value encountered in sqrt
  Vsonic = (i['gamma']*i['R']*i['Ts'])**0.5
C:\Users\MEO\Desktop\Projects\JetEngine\boomsonic_v0\.venv\Lib\site-packages\openmdao\solvers\solver.py:819: SolverWarning:Your model has stalled three times and may be violating the bounds. In the future, turn on print_bound_enforce in your solver options here: 
OD0.nozz.throat_total.nonlinear_solver.linesearch.options['print_bound_enforce']=True. 
The bound(s) being violated now are:

C:\Users\MEO\Desktop\Projects\JetEngine\boomsonic_v0\.venv\Lib\site-packages\openmdao\solvers\linesearch\backtracking.py:35: SolverWarning:'OD0.nozz.throat_total.balance.T' exceeds upper bounds
  Val: [3370.92465614]
  Upper: [2500.]

C:\Users\MEO\Desktop\Projects\JetEngine\boomsonic_v0\.venv\Lib\site-packages\pycycle\thermo\static_ps_resid.py:108: RuntimeWarning: invalid value encountered in sqrt
  Vsonic = (i['gamma']*i['R']*i['Ts'])**0.5
C:\Users\MEO\Desktop\Projects\JetEngine\boomsonic_v0\.venv\Lib\site-packages\pycycle\thermo\static_ps_resid.py:108: RuntimeWarning: invalid value encountered in sqrt
  Vsonic = (i['gamma']*i['R']*i['Ts'])**0.5
C:\Users\MEO\Desktop\Projects\JetEngine\boomsonic_v0\.venv\Lib\site-packages\pycycle\thermo\static_ps_resid.py:108: RuntimeWarning: invalid value encountered in sqrt
  Vsonic = (i['gamma']*i['R']*i['Ts'])**0.5
C:\Users\MEO\Desktop\Projects\JetEngine\boomsonic_v0\.venv\Lib\site-packages\pycycle\thermo\static_ps_resid.py:108: RuntimeWarning: invalid value encountered in sqrt
  Vsonic = (i['gamma']*i['R']*i['Ts'])**0.5
C:\Users\MEO\Desktop\Projects\JetEngine\boomsonic_v0\.venv\Lib\site-packages\pycycle\thermo\static_ps_resid.py:108: RuntimeWarning: invalid value encountered in sqrt
  Vsonic = (i['gamma']*i['R']*i['Ts'])**0.5
C:\Users\MEO\Desktop\Projects\JetEngine\boomsonic_v0\.venv\Lib\site-packages\pycycle\thermo\static_ps_resid.py:108: RuntimeWarning: invalid value encountered in sqrt
  Vsonic = (i['gamma']*i['R']*i['Ts'])**0.5
C:\Users\MEO\Desktop\Projects\JetEngine\boomsonic_v0\.venv\Lib\site-packages\pycycle\thermo\static_ps_resid.py:128: RuntimeWarning: invalid value encountered in sqrt
  Vsonic = (i['gamma']*i['R']*i['Ts'])**0.5
C:\Users\MEO\Desktop\Projects\JetEngine\boomsonic_v0\.venv\Lib\site-packages\pycycle\thermo\static_ps_resid.py:108: RuntimeWarning: invalid value encountered in sqrt
  Vsonic = (i['gamma']*i['R']*i['Ts'])**0.5
