ISO-10303-21;
HEADER;
FILE_DESCRIPTION(('Open CASCADE Model'),'2;1');
FILE_NAME('Open CASCADE Shape Model','2026-09-14T17:11:37',('Author'),(
    'Open CASCADE'),'Open CASCADE STEP processor 7.9','Open CASCADE 7.9'
  ,'Unknown');
FILE_SCHEMA(('AUTOMOTIVE_DESIGN { 1 0 10303 214 1 1 1 1 }'));
ENDSEC;
DATA;
#1 = APPLICATION_PROTOCOL_DEFINITION('international standard',
  'automotive_design',2000,#2);
#2 = APPLICATION_CONTEXT(
  'core data for automotive mechanical design processes');
#3 = SHAPE_DEFINITION_REPRESENTATION(#4,#10);
#4 = PRODUCT_DEFINITION_SHAPE('','',#5);
#5 = PRODUCT_DEFINITION('design','',#6,#9);
#6 = PRODUCT_DEFINITION_FORMATION('','',#7);
#7 = PRODUCT('Open CASCADE STEP translator 7.9 4',
  'Open CASCADE STEP translator 7.9 4','',(#8));
#8 = PRODUCT_CONTEXT('',#2,'mechanical');
#9 = PRODUCT_DEFINITION_CONTEXT('part definition',#2,'design');
#10 = ADVANCED_BREP_SHAPE_REPRESENTATION('',(#11,#15),#6113);
#11 = AXIS2_PLACEMENT_3D('',#12,#13,#14);
#12 = CARTESIAN_POINT('',(0.,0.,0.));
#13 = DIRECTION('',(0.,0.,1.));
#14 = DIRECTION('',(1.,0.,-0.));
#15 = MANIFOLD_SOLID_BREP('',#16);
#16 = CLOSED_SHELL('',(#17,#134,#208,#282,#356,#430,#504,#578,#652,#726,
    #800,#874,#948,#1022,#1096,#1170,#1244,#1318,#1392,#1466,#1540,#1614
    ,#1688,#1762,#1836,#1910,#1984,#2058,#2132,#2206,#2280,#2354,#2428,
    #2502,#2576,#2650,#2724,#2798,#2872,#2946,#3020,#3094,#3168,#3242,
    #3316,#3390,#3464,#3538,#3612,#3686,#3760,#3834,#3908,#3982,#4056,
    #4130,#4204,#4278,#4352,#4426,#4500,#4574,#4648,#4722,#4796,#4870,
    #4944,#5018,#5092,#5166,#5240,#5314,#5388,#5462,#5536,#5610,#5684,
    #5758,#5832,#5901,#5947,#6030));
#17 = ADVANCED_FACE('',(#18),#32,.F.);
#18 = FACE_BOUND('',#19,.F.);
#19 = EDGE_LOOP('',(#20,#55,#82,#109));
#20 = ORIENTED_EDGE('',*,*,#21,.T.);
#21 = EDGE_CURVE('',#22,#24,#26,.T.);
#22 = VERTEX_POINT('',#23);
#23 = CARTESIAN_POINT('',(1.365385135787E+03,-105.3008057126,0.));
#24 = VERTEX_POINT('',#25);
#25 = CARTESIAN_POINT('',(1.366053219791E+03,-105.3008057126,
    6.670542639371E-02));
#26 = SURFACE_CURVE('',#27,(#31,#43),.PCURVE_S1.);
#27 = LINE('',#28,#29);
#28 = CARTESIAN_POINT('',(1.365385135787E+03,-105.3008057126,0.));
#29 = VECTOR('',#30,1.);
#30 = DIRECTION('',(0.995052363843,-0.,9.935186566646E-02));
#31 = PCURVE('',#32,#37);
#32 = B_SPLINE_SURFACE_WITH_KNOTS('',1,1,(
    (#33,#34)
    ,(#35,#36
    )),.UNSPECIFIED.,.F.,.F.,.F.,(2,2),(2,2),(0.,0.671405875936),(0.,1.)
  ,.PIECEWISE_BEZIER_KNOTS.);
#33 = CARTESIAN_POINT('',(1.365385135787E+03,-105.3008057126,0.));
#34 = CARTESIAN_POINT('',(1.89243008057E+03,-474.3416490252,0.));
#35 = CARTESIAN_POINT('',(1.366053219791E+03,-105.3008057126,
    6.670542639371E-02));
#36 = CARTESIAN_POINT('',(1.892592551348E+03,-474.3416490252,
    1.622203562317E-02));
#37 = DEFINITIONAL_REPRESENTATION('',(#38),#42);
#38 = LINE('',#39,#40);
#39 = CARTESIAN_POINT('',(0.,0.));
#40 = VECTOR('',#41,1.);
#41 = DIRECTION('',(1.,0.));
#42 = ( GEOMETRIC_REPRESENTATION_CONTEXT(2) 
PARAMETRIC_REPRESENTATION_CONTEXT() REPRESENTATION_CONTEXT('2D SPACE',''
  ) );
#43 = PCURVE('',#44,#49);
#44 = PLANE('',#45);
#45 = AXIS2_PLACEMENT_3D('',#46,#47,#48);
#46 = CARTESIAN_POINT('',(1.365385135787E+03,-105.3008057126,0.));
#47 = DIRECTION('',(-0.,1.,-0.));
#48 = DIRECTION('',(-1.,0.,0.));
#49 = DEFINITIONAL_REPRESENTATION('',(#50),#54);
#50 = LINE('',#51,#52);
#51 = CARTESIAN_POINT('',(-0.,0.));
#52 = VECTOR('',#53,1.);
#53 = DIRECTION('',(-0.995052363843,9.935186566646E-02));
#54 = ( GEOMETRIC_REPRESENTATION_CONTEXT(2) 
PARAMETRIC_REPRESENTATION_CONTEXT() REPRESENTATION_CONTEXT('2D SPACE',''
  ) );
#55 = ORIENTED_EDGE('',*,*,#56,.T.);
#56 = EDGE_CURVE('',#24,#57,#59,.T.);
#57 = VERTEX_POINT('',#58);
#58 = CARTESIAN_POINT('',(1.892592551348E+03,-474.3416490252,
    1.622203562317E-02));
#59 = SURFACE_CURVE('',#60,(#63,#70),.PCURVE_S1.);
#60 = B_SPLINE_CURVE_WITH_KNOTS('',1,(#61,#62),.UNSPECIFIED.,.F.,.F.,(2,
    2),(0.,1.),.PIECEWISE_BEZIER_KNOTS.);
#61 = CARTESIAN_POINT('',(1.366053219791E+03,-105.3008057126,
    6.670542639371E-02));
#62 = CARTESIAN_POINT('',(1.892592551348E+03,-474.3416490252,
    1.622203562317E-02));
#63 = PCURVE('',#32,#64);
#64 = DEFINITIONAL_REPRESENTATION('',(#65),#69);
#65 = LINE('',#66,#67);
#66 = CARTESIAN_POINT('',(0.671405875936,0.));
#67 = VECTOR('',#68,1.);
#68 = DIRECTION('',(0.,1.));
#69 = ( GEOMETRIC_REPRESENTATION_CONTEXT(2) 
PARAMETRIC_REPRESENTATION_CONTEXT() REPRESENTATION_CONTEXT('2D SPACE',''
  ) );
#70 = PCURVE('',#71,#76);
#71 = B_SPLINE_SURFACE_WITH_KNOTS('',1,1,(
    (#72,#73)
    ,(#74,#75
    )),.UNSPECIFIED.,.F.,.F.,.F.,(2,2),(2,2),(0.,2.009956233941),(0.,1.)
  ,.PIECEWISE_BEZIER_KNOTS.);
#72 = CARTESIAN_POINT('',(1.366053219791E+03,-105.3008057126,
    6.670542639371E-02));
#73 = CARTESIAN_POINT('',(1.892592551348E+03,-474.3416490252,
    1.622203562317E-02));
#74 = CARTESIAN_POINT('',(1.368053352843E+03,-105.3008057126,
    0.265179196594));
#75 = CARTESIAN_POINT('',(1.893078961995E+03,-474.3416490252,
    6.448870213777E-02));
#76 = DEFINITIONAL_REPRESENTATION('',(#77),#81);
#77 = LINE('',#78,#79);
#78 = CARTESIAN_POINT('',(0.,0.));
#79 = VECTOR('',#80,1.);
#80 = DIRECTION('',(0.,1.));
#81 = ( GEOMETRIC_REPRESENTATION_CONTEXT(2) 
PARAMETRIC_REPRESENTATION_CONTEXT() REPRESENTATION_CONTEXT('2D SPACE',''
  ) );
#82 = ORIENTED_EDGE('',*,*,#83,.F.);
#83 = EDGE_CURVE('',#84,#57,#86,.T.);
#84 = VERTEX_POINT('',#85);
#85 = CARTESIAN_POINT('',(1.89243008057E+03,-474.3416490252,0.));
#86 = SURFACE_CURVE('',#87,(#91,#97),.PCURVE_S1.);
#87 = LINE('',#88,#89);
#88 = CARTESIAN_POINT('',(1.89243008057E+03,-474.3416490252,0.));
#89 = VECTOR('',#90,1.);
#90 = DIRECTION('',(0.995052363843,-0.,9.935186566652E-02));
#91 = PCURVE('',#32,#92);
#92 = DEFINITIONAL_REPRESENTATION('',(#93),#96);
#93 = B_SPLINE_CURVE_WITH_KNOTS('',1,(#94,#95),.UNSPECIFIED.,.F.,.F.,(2,
    2),(0.,0.163278621034),.PIECEWISE_BEZIER_KNOTS.);
#94 = CARTESIAN_POINT('',(0.,1.));
#95 = CARTESIAN_POINT('',(0.671405875936,1.));
#96 = ( GEOMETRIC_REPRESENTATION_CONTEXT(2) 
PARAMETRIC_REPRESENTATION_CONTEXT() REPRESENTATION_CONTEXT('2D SPACE',''
  ) );
#97 = PCURVE('',#98,#103);
#98 = PLANE('',#99);
#99 = AXIS2_PLACEMENT_3D('',#100,#101,#102);
#100 = CARTESIAN_POINT('',(1.89243008057E+03,-474.3416490252,0.));
#101 = DIRECTION('',(-0.,1.,-0.));
#102 = DIRECTION('',(-1.,0.,0.));
#103 = DEFINITIONAL_REPRESENTATION('',(#104),#108);
#104 = LINE('',#105,#106);
#105 = CARTESIAN_POINT('',(-0.,0.));
#106 = VECTOR('',#107,1.);
#107 = DIRECTION('',(-0.995052363843,9.935186566652E-02));
#108 = ( GEOMETRIC_REPRESENTATION_CONTEXT(2) 
PARAMETRIC_REPRESENTATION_CONTEXT() REPRESENTATION_CONTEXT('2D SPACE',''
  ) );
#109 = ORIENTED_EDGE('',*,*,#110,.F.);
#110 = EDGE_CURVE('',#22,#84,#111,.T.);
#111 = SURFACE_CURVE('',#112,(#115,#122),.PCURVE_S1.);
#112 = B_SPLINE_CURVE_WITH_KNOTS('',1,(#113,#114),.UNSPECIFIED.,.F.,.F.,
  (2,2),(0.,1.),.PIECEWISE_BEZIER_KNOTS.);
#113 = CARTESIAN_POINT('',(1.365385135787E+03,-105.3008057126,0.));
#114 = CARTESIAN_POINT('',(1.89243008057E+03,-474.3416490252,0.));
#115 = PCURVE('',#32,#116);
#116 = DEFINITIONAL_REPRESENTATION('',(#117),#121);
#117 = LINE('',#118,#119);
#118 = CARTESIAN_POINT('',(0.,0.));
#119 = VECTOR('',#120,1.);
#120 = DIRECTION('',(0.,1.));
#121 = ( GEOMETRIC_REPRESENTATION_CONTEXT(2) 
PARAMETRIC_REPRESENTATION_CONTEXT() REPRESENTATION_CONTEXT('2D SPACE',''
  ) );
#122 = PCURVE('',#123,#128);
#123 = B_SPLINE_SURFACE_WITH_KNOTS('',1,1,(
    (#124,#125)
    ,(#126,#127
    )),.UNSPECIFIED.,.F.,.F.,.F.,(2,2),(2,2),(0.,0.671405875936),(0.,1.)
  ,.PIECEWISE_BEZIER_KNOTS.);
#124 = CARTESIAN_POINT('',(1.366053219791E+03,-105.3008057126,
    -6.670542639371E-02));
#125 = CARTESIAN_POINT('',(1.892592551348E+03,-474.3416490252,
    -1.622203562317E-02));
#126 = CARTESIAN_POINT('',(1.365385135787E+03,-105.3008057126,0.));
#127 = CARTESIAN_POINT('',(1.89243008057E+03,-474.3416490252,0.));
#128 = DEFINITIONAL_REPRESENTATION('',(#129),#133);
#129 = LINE('',#130,#131);
#130 = CARTESIAN_POINT('',(0.671405875936,0.));
#131 = VECTOR('',#132,1.);
#132 = DIRECTION('',(0.,1.));
#133 = ( GEOMETRIC_REPRESENTATION_CONTEXT(2) 
PARAMETRIC_REPRESENTATION_CONTEXT() REPRESENTATION_CONTEXT('2D SPACE',''
  ) );
#134 = ADVANCED_FACE('',(#135),#71,.F.);
#135 = FACE_BOUND('',#136,.F.);
#136 = EDGE_LOOP('',(#137,#160,#187,#207));
#137 = ORIENTED_EDGE('',*,*,#138,.T.);
#138 = EDGE_CURVE('',#24,#139,#141,.T.);
#139 = VERTEX_POINT('',#140);
#140 = CARTESIAN_POINT('',(1.368053352843E+03,-105.3008057126,
    0.265179196594));
#141 = SURFACE_CURVE('',#142,(#146,#153),.PCURVE_S1.);
#142 = LINE('',#143,#144);
#143 = CARTESIAN_POINT('',(1.366053219791E+03,-105.3008057126,
    6.670542639371E-02));
#144 = VECTOR('',#145,1.);
#145 = DIRECTION('',(0.99511273829,-0.,9.874531935031E-02));
#146 = PCURVE('',#71,#147);
#147 = DEFINITIONAL_REPRESENTATION('',(#148),#152);
#148 = LINE('',#149,#150);
#149 = CARTESIAN_POINT('',(0.,0.));
#150 = VECTOR('',#151,1.);
#151 = DIRECTION('',(1.,0.));
#152 = ( GEOMETRIC_REPRESENTATION_CONTEXT(2) 
PARAMETRIC_REPRESENTATION_CONTEXT() REPRESENTATION_CONTEXT('2D SPACE',''
  ) );
#153 = PCURVE('',#44,#154);
#154 = DEFINITIONAL_REPRESENTATION('',(#155),#159);
#155 = LINE('',#156,#157);
#156 = CARTESIAN_POINT('',(-0.668084003948,6.670542639371E-02));
#157 = VECTOR('',#158,1.);
#158 = DIRECTION('',(-0.99511273829,9.874531935031E-02));
#159 = ( GEOMETRIC_REPRESENTATION_CONTEXT(2) 
PARAMETRIC_REPRESENTATION_CONTEXT() REPRESENTATION_CONTEXT('2D SPACE',''
  ) );
#160 = ORIENTED_EDGE('',*,*,#161,.T.);
#161 = EDGE_CURVE('',#139,#162,#164,.T.);
#162 = VERTEX_POINT('',#163);
#163 = CARTESIAN_POINT('',(1.893078961995E+03,-474.3416490252,
    6.448870213777E-02));
#164 = SURFACE_CURVE('',#165,(#168,#175),.PCURVE_S1.);
#165 = B_SPLINE_CURVE_WITH_KNOTS('',1,(#166,#167),.UNSPECIFIED.,.F.,.F.,
  (2,2),(0.,1.),.PIECEWISE_BEZIER_KNOTS.);
#166 = CARTESIAN_POINT('',(1.368053352843E+03,-105.3008057126,
    0.265179196594));
#167 = CARTESIAN_POINT('',(1.893078961995E+03,-474.3416490252,
    6.448870213777E-02));
#168 = PCURVE('',#71,#169);
#169 = DEFINITIONAL_REPRESENTATION('',(#170),#174);
#170 = LINE('',#171,#172);
#171 = CARTESIAN_POINT('',(2.009956233941,0.));
#172 = VECTOR('',#173,1.);
#173 = DIRECTION('',(0.,1.));
#174 = ( GEOMETRIC_REPRESENTATION_CONTEXT(2) 
PARAMETRIC_REPRESENTATION_CONTEXT() REPRESENTATION_CONTEXT('2D SPACE',''
  ) );
#175 = PCURVE('',#176,#181);
#176 = B_SPLINE_SURFACE_WITH_KNOTS('',1,1,(
    (#177,#178)
    ,(#179,#180
    )),.UNSPECIFIED.,.F.,.F.,.F.,(2,2),(2,2),(0.,3.33575538632),(0.,1.),
  .PIECEWISE_BEZIER_KNOTS.);
#177 = CARTESIAN_POINT('',(1.368053352843E+03,-105.3008057126,
    0.265179196594));
#178 = CARTESIAN_POINT('',(1.893078961995E+03,-474.3416490252,
    6.448870213777E-02));
#179 = CARTESIAN_POINT('',(1.371373203457E+03,-105.3008057126,
    0.590534227683));
#180 = CARTESIAN_POINT('',(1.893886313628E+03,-474.3416490252,
    0.143611514026));
#181 = DEFINITIONAL_REPRESENTATION('',(#182),#186);
#182 = LINE('',#183,#184);
#183 = CARTESIAN_POINT('',(0.,0.));
#184 = VECTOR('',#185,1.);
#185 = DIRECTION('',(0.,1.));
#186 = ( GEOMETRIC_REPRESENTATION_CONTEXT(2) 
PARAMETRIC_REPRESENTATION_CONTEXT() REPRESENTATION_CONTEXT('2D SPACE',''
  ) );
#187 = ORIENTED_EDGE('',*,*,#188,.F.);
#188 = EDGE_CURVE('',#57,#162,#189,.T.);
#189 = SURFACE_CURVE('',#190,(#194,#200),.PCURVE_S1.);
#190 = LINE('',#191,#192);
#191 = CARTESIAN_POINT('',(1.892592551348E+03,-474.3416490252,
    1.622203562317E-02));
#192 = VECTOR('',#193,1.);
#193 = DIRECTION('',(0.99511273829,-0.,9.874531935027E-02));
#194 = PCURVE('',#71,#195);
#195 = DEFINITIONAL_REPRESENTATION('',(#196),#199);
#196 = B_SPLINE_CURVE_WITH_KNOTS('',1,(#197,#198),.UNSPECIFIED.,.F.,.F.,
  (2,2),(0.,0.48879953837),.PIECEWISE_BEZIER_KNOTS.);
#197 = CARTESIAN_POINT('',(0.,1.));
#198 = CARTESIAN_POINT('',(2.009956233941,1.));
#199 = ( GEOMETRIC_REPRESENTATION_CONTEXT(2) 
PARAMETRIC_REPRESENTATION_CONTEXT() REPRESENTATION_CONTEXT('2D SPACE',''
  ) );
#200 = PCURVE('',#98,#201);
#201 = DEFINITIONAL_REPRESENTATION('',(#202),#206);
#202 = LINE('',#203,#204);
#203 = CARTESIAN_POINT('',(-0.162470777825,1.622203562317E-02));
#204 = VECTOR('',#205,1.);
#205 = DIRECTION('',(-0.99511273829,9.874531935027E-02));
#206 = ( GEOMETRIC_REPRESENTATION_CONTEXT(2) 
PARAMETRIC_REPRESENTATION_CONTEXT() REPRESENTATION_CONTEXT('2D SPACE',''
  ) );
#207 = ORIENTED_EDGE('',*,*,#56,.F.);
#208 = ADVANCED_FACE('',(#209),#176,.F.);
#209 = FACE_BOUND('',#210,.F.);
#210 = EDGE_LOOP('',(#211,#234,#261,#281));
#211 = ORIENTED_EDGE('',*,*,#212,.T.);
#212 = EDGE_CURVE('',#139,#213,#215,.T.);
#213 = VERTEX_POINT('',#214);
#214 = CARTESIAN_POINT('',(1.371373203457E+03,-105.3008057126,
    0.590534227683));
#215 = SURFACE_CURVE('',#216,(#220,#227),.PCURVE_S1.);
#216 = LINE('',#217,#218);
#217 = CARTESIAN_POINT('',(1.368053352843E+03,-105.3008057126,
    0.265179196594));
#218 = VECTOR('',#219,1.);
#219 = DIRECTION('',(0.995232032867,-0.,9.753563838132E-02));
#220 = PCURVE('',#176,#221);
#221 = DEFINITIONAL_REPRESENTATION('',(#222),#226);
#222 = LINE('',#223,#224);
#223 = CARTESIAN_POINT('',(0.,0.));
#224 = VECTOR('',#225,1.);
#225 = DIRECTION('',(1.,0.));
#226 = ( GEOMETRIC_REPRESENTATION_CONTEXT(2) 
PARAMETRIC_REPRESENTATION_CONTEXT() REPRESENTATION_CONTEXT('2D SPACE',''
  ) );
#227 = PCURVE('',#44,#228);
#228 = DEFINITIONAL_REPRESENTATION('',(#229),#233);
#229 = LINE('',#230,#231);
#230 = CARTESIAN_POINT('',(-2.668217055748,0.265179196594));
#231 = VECTOR('',#232,1.);
#232 = DIRECTION('',(-0.995232032867,9.753563838132E-02));
#233 = ( GEOMETRIC_REPRESENTATION_CONTEXT(2) 
PARAMETRIC_REPRESENTATION_CONTEXT() REPRESENTATION_CONTEXT('2D SPACE',''
  ) );
#234 = ORIENTED_EDGE('',*,*,#235,.T.);
#235 = EDGE_CURVE('',#213,#236,#238,.T.);
#236 = VERTEX_POINT('',#237);
#237 = CARTESIAN_POINT('',(1.893886313628E+03,-474.3416490252,
    0.143611514026));
#238 = SURFACE_CURVE('',#239,(#242,#249),.PCURVE_S1.);
#239 = B_SPLINE_CURVE_WITH_KNOTS('',1,(#240,#241),.UNSPECIFIED.,.F.,.F.,
  (2,2),(0.,1.),.PIECEWISE_BEZIER_KNOTS.);
#240 = CARTESIAN_POINT('',(1.371373203457E+03,-105.3008057126,
    0.590534227683));
#241 = CARTESIAN_POINT('',(1.893886313628E+03,-474.3416490252,
    0.143611514026));
#242 = PCURVE('',#176,#243);
#243 = DEFINITIONAL_REPRESENTATION('',(#244),#248);
#244 = LINE('',#245,#246);
#245 = CARTESIAN_POINT('',(3.33575538632,0.));
#246 = VECTOR('',#247,1.);
#247 = DIRECTION('',(0.,1.));
#248 = ( GEOMETRIC_REPRESENTATION_CONTEXT(2) 
PARAMETRIC_REPRESENTATION_CONTEXT() REPRESENTATION_CONTEXT('2D SPACE',''
  ) );
#249 = PCURVE('',#250,#255);
#250 = B_SPLINE_SURFACE_WITH_KNOTS('',1,1,(
    (#251,#252)
    ,(#253,#254
    )),.UNSPECIFIED.,.F.,.F.,.F.,(2,2),(2,2),(0.,4.640411880972),(0.,1.)
  ,.PIECEWISE_BEZIER_KNOTS.);
#251 = CARTESIAN_POINT('',(1.371373203457E+03,-105.3008057126,
    0.590534227683));
#252 = CARTESIAN_POINT('',(1.893886313628E+03,-474.3416490252,
    0.143611514026));
#253 = CARTESIAN_POINT('',(1.375992303651E+03,-105.3008057126,
    1.034759199003));
#254 = CARTESIAN_POINT('',(1.895009628656E+03,-474.3416490252,
    0.251642205067));
#255 = DEFINITIONAL_REPRESENTATION('',(#256),#260);
#256 = LINE('',#257,#258);
#257 = CARTESIAN_POINT('',(0.,0.));
#258 = VECTOR('',#259,1.);
#259 = DIRECTION('',(0.,1.));
#260 = ( GEOMETRIC_REPRESENTATION_CONTEXT(2) 
PARAMETRIC_REPRESENTATION_CONTEXT() REPRESENTATION_CONTEXT('2D SPACE',''
  ) );
#261 = ORIENTED_EDGE('',*,*,#262,.F.);
#262 = EDGE_CURVE('',#162,#236,#263,.T.);
#263 = SURFACE_CURVE('',#264,(#268,#274),.PCURVE_S1.);
#264 = LINE('',#265,#266);
#265 = CARTESIAN_POINT('',(1.893078961995E+03,-474.3416490252,
    6.448870213777E-02));
#266 = VECTOR('',#267,1.);
#267 = DIRECTION('',(0.995232032867,-0.,9.753563838134E-02));
#268 = PCURVE('',#176,#269);
#269 = DEFINITIONAL_REPRESENTATION('',(#270),#273);
#270 = B_SPLINE_CURVE_WITH_KNOTS('',1,(#271,#272),.UNSPECIFIED.,.F.,.F.,
  (2,2),(0.,0.811219500909),.PIECEWISE_BEZIER_KNOTS.);
#271 = CARTESIAN_POINT('',(0.,1.));
#272 = CARTESIAN_POINT('',(3.33575538632,1.));
#273 = ( GEOMETRIC_REPRESENTATION_CONTEXT(2) 
PARAMETRIC_REPRESENTATION_CONTEXT() REPRESENTATION_CONTEXT('2D SPACE',''
  ) );
#274 = PCURVE('',#98,#275);
#275 = DEFINITIONAL_REPRESENTATION('',(#276),#280);
#276 = LINE('',#277,#278);
#277 = CARTESIAN_POINT('',(-0.648881424927,6.448870213777E-02));
#278 = VECTOR('',#279,1.);
#279 = DIRECTION('',(-0.995232032867,9.753563838134E-02));
#280 = ( GEOMETRIC_REPRESENTATION_CONTEXT(2) 
PARAMETRIC_REPRESENTATION_CONTEXT() REPRESENTATION_CONTEXT('2D SPACE',''
  ) );
#281 = ORIENTED_EDGE('',*,*,#161,.F.);
#282 = ADVANCED_FACE('',(#283),#250,.F.);
#283 = FACE_BOUND('',#284,.F.);
#284 = EDGE_LOOP('',(#285,#308,#335,#355));
#285 = ORIENTED_EDGE('',*,*,#286,.T.);
#286 = EDGE_CURVE('',#213,#287,#289,.T.);
#287 = VERTEX_POINT('',#288);
#288 = CARTESIAN_POINT('',(1.375992303651E+03,-105.3008057126,
    1.034759199003));
#289 = SURFACE_CURVE('',#290,(#294,#301),.PCURVE_S1.);
#290 = LINE('',#291,#292);
#291 = CARTESIAN_POINT('',(1.371373203457E+03,-105.3008057126,
    0.590534227683));
#292 = VECTOR('',#293,1.);
#293 = DIRECTION('',(0.995407371637,-0.,9.572964269429E-02));
#294 = PCURVE('',#250,#295);
#295 = DEFINITIONAL_REPRESENTATION('',(#296),#300);
#296 = LINE('',#297,#298);
#297 = CARTESIAN_POINT('',(0.,0.));
#298 = VECTOR('',#299,1.);
#299 = DIRECTION('',(1.,0.));
#300 = ( GEOMETRIC_REPRESENTATION_CONTEXT(2) 
PARAMETRIC_REPRESENTATION_CONTEXT() REPRESENTATION_CONTEXT('2D SPACE',''
  ) );
#301 = PCURVE('',#44,#302);
#302 = DEFINITIONAL_REPRESENTATION('',(#303),#307);
#303 = LINE('',#304,#305);
#304 = CARTESIAN_POINT('',(-5.988067670024,0.590534227683));
#305 = VECTOR('',#306,1.);
#306 = DIRECTION('',(-0.995407371637,9.572964269429E-02));
#307 = ( GEOMETRIC_REPRESENTATION_CONTEXT(2) 
PARAMETRIC_REPRESENTATION_CONTEXT() REPRESENTATION_CONTEXT('2D SPACE',''
  ) );
#308 = ORIENTED_EDGE('',*,*,#309,.T.);
#309 = EDGE_CURVE('',#287,#310,#312,.T.);
#310 = VERTEX_POINT('',#311);
#311 = CARTESIAN_POINT('',(1.895009628656E+03,-474.3416490252,
    0.251642205067));
#312 = SURFACE_CURVE('',#313,(#316,#323),.PCURVE_S1.);
#313 = B_SPLINE_CURVE_WITH_KNOTS('',1,(#314,#315),.UNSPECIFIED.,.F.,.F.,
  (2,2),(0.,1.),.PIECEWISE_BEZIER_KNOTS.);
#314 = CARTESIAN_POINT('',(1.375992303651E+03,-105.3008057126,
    1.034759199003));
#315 = CARTESIAN_POINT('',(1.895009628656E+03,-474.3416490252,
    0.251642205067));
#316 = PCURVE('',#250,#317);
#317 = DEFINITIONAL_REPRESENTATION('',(#318),#322);
#318 = LINE('',#319,#320);
#319 = CARTESIAN_POINT('',(4.640411880972,0.));
#320 = VECTOR('',#321,1.);
#321 = DIRECTION('',(0.,1.));
#322 = ( GEOMETRIC_REPRESENTATION_CONTEXT(2) 
PARAMETRIC_REPRESENTATION_CONTEXT() REPRESENTATION_CONTEXT('2D SPACE',''
  ) );
#323 = PCURVE('',#324,#329);
#324 = B_SPLINE_SURFACE_WITH_KNOTS('',1,1,(
    (#325,#326)
    ,(#327,#328
    )),.UNSPECIFIED.,.F.,.F.,.F.,(2,2),(2,2),(0.,5.915696327192),(0.,1.)
  ,.PIECEWISE_BEZIER_KNOTS.);
#325 = CARTESIAN_POINT('',(1.375992303651E+03,-105.3008057126,
    1.034759199003));
#326 = CARTESIAN_POINT('',(1.895009628656E+03,-474.3416490252,
    0.251642205067));
#327 = CARTESIAN_POINT('',(1.381882175135E+03,-105.3008057126,
    1.586915817462));
#328 = CARTESIAN_POINT('',(1.896441981467E+03,-474.3416490252,
    0.385920701112));
#329 = DEFINITIONAL_REPRESENTATION('',(#330),#334);
#330 = LINE('',#331,#332);
#331 = CARTESIAN_POINT('',(0.,0.));
#332 = VECTOR('',#333,1.);
#333 = DIRECTION('',(0.,1.));
#334 = ( GEOMETRIC_REPRESENTATION_CONTEXT(2) 
PARAMETRIC_REPRESENTATION_CONTEXT() REPRESENTATION_CONTEXT('2D SPACE',''
  ) );
#335 = ORIENTED_EDGE('',*,*,#336,.F.);
#336 = EDGE_CURVE('',#236,#310,#337,.T.);
#337 = SURFACE_CURVE('',#338,(#342,#348),.PCURVE_S1.);
#338 = LINE('',#339,#340);
#339 = CARTESIAN_POINT('',(1.893886313628E+03,-474.3416490252,
    0.143611514026));
#340 = VECTOR('',#341,1.);
#341 = DIRECTION('',(0.995407371637,-0.,9.572964269429E-02));
#342 = PCURVE('',#250,#343);
#343 = DEFINITIONAL_REPRESENTATION('',(#344),#347);
#344 = B_SPLINE_CURVE_WITH_KNOTS('',1,(#345,#346),.UNSPECIFIED.,.F.,.F.,
  (2,2),(0.,1.12849779859),.PIECEWISE_BEZIER_KNOTS.);
#345 = CARTESIAN_POINT('',(0.,1.));
#346 = CARTESIAN_POINT('',(4.640411880972,1.));
#347 = ( GEOMETRIC_REPRESENTATION_CONTEXT(2) 
PARAMETRIC_REPRESENTATION_CONTEXT() REPRESENTATION_CONTEXT('2D SPACE',''
  ) );
#348 = PCURVE('',#98,#349);
#349 = DEFINITIONAL_REPRESENTATION('',(#350),#354);
#350 = LINE('',#351,#352);
#351 = CARTESIAN_POINT('',(-1.456233057918,0.143611514026));
#352 = VECTOR('',#353,1.);
#353 = DIRECTION('',(-0.995407371637,9.572964269429E-02));
#354 = ( GEOMETRIC_REPRESENTATION_CONTEXT(2) 
PARAMETRIC_REPRESENTATION_CONTEXT() REPRESENTATION_CONTEXT('2D SPACE',''
  ) );
#355 = ORIENTED_EDGE('',*,*,#235,.F.);
#356 = ADVANCED_FACE('',(#357),#324,.F.);
#357 = FACE_BOUND('',#358,.F.);
#358 = EDGE_LOOP('',(#359,#382,#409,#429));
#359 = ORIENTED_EDGE('',*,*,#360,.T.);
#360 = EDGE_CURVE('',#287,#361,#363,.T.);
#361 = VERTEX_POINT('',#362);
#362 = CARTESIAN_POINT('',(1.381882175135E+03,-105.3008057126,
    1.586915817462));
#363 = SURFACE_CURVE('',#364,(#368,#375),.PCURVE_S1.);
#364 = LINE('',#365,#366);
#365 = CARTESIAN_POINT('',(1.375992303651E+03,-105.3008057126,
    1.034759199003));
#366 = VECTOR('',#367,1.);
#367 = DIRECTION('',(0.995634521917,-0.,9.333755282887E-02));
#368 = PCURVE('',#324,#369);
#369 = DEFINITIONAL_REPRESENTATION('',(#370),#374);
#370 = LINE('',#371,#372);
#371 = CARTESIAN_POINT('',(0.,0.));
#372 = VECTOR('',#373,1.);
#373 = DIRECTION('',(1.,0.));
#374 = ( GEOMETRIC_REPRESENTATION_CONTEXT(2) 
PARAMETRIC_REPRESENTATION_CONTEXT() REPRESENTATION_CONTEXT('2D SPACE',''
  ) );
#375 = PCURVE('',#44,#376);
#376 = DEFINITIONAL_REPRESENTATION('',(#377),#381);
#377 = LINE('',#378,#379);
#378 = CARTESIAN_POINT('',(-10.60716786377,1.034759199003));
#379 = VECTOR('',#380,1.);
#380 = DIRECTION('',(-0.995634521917,9.333755282887E-02));
#381 = ( GEOMETRIC_REPRESENTATION_CONTEXT(2) 
PARAMETRIC_REPRESENTATION_CONTEXT() REPRESENTATION_CONTEXT('2D SPACE',''
  ) );
#382 = ORIENTED_EDGE('',*,*,#383,.T.);
#383 = EDGE_CURVE('',#361,#384,#386,.T.);
#384 = VERTEX_POINT('',#385);
#385 = CARTESIAN_POINT('',(1.896441981467E+03,-474.3416490252,
    0.385920701112));
#386 = SURFACE_CURVE('',#387,(#390,#397),.PCURVE_S1.);
#387 = B_SPLINE_CURVE_WITH_KNOTS('',1,(#388,#389),.UNSPECIFIED.,.F.,.F.,
  (2,2),(0.,1.),.PIECEWISE_BEZIER_KNOTS.);
#388 = CARTESIAN_POINT('',(1.381882175135E+03,-105.3008057126,
    1.586915817462));
#389 = CARTESIAN_POINT('',(1.896441981467E+03,-474.3416490252,
    0.385920701112));
#390 = PCURVE('',#324,#391);
#391 = DEFINITIONAL_REPRESENTATION('',(#392),#396);
#392 = LINE('',#393,#394);
#393 = CARTESIAN_POINT('',(5.915696327192,0.));
#394 = VECTOR('',#395,1.);
#395 = DIRECTION('',(0.,1.));
#396 = ( GEOMETRIC_REPRESENTATION_CONTEXT(2) 
PARAMETRIC_REPRESENTATION_CONTEXT() REPRESENTATION_CONTEXT('2D SPACE',''
  ) );
#397 = PCURVE('',#398,#403);
#398 = B_SPLINE_SURFACE_WITH_KNOTS('',1,1,(
    (#399,#400)
    ,(#401,#402
    )),.UNSPECIFIED.,.F.,.F.,.F.,(2,2),(2,2),(0.,7.153602369243),(0.,1.)
  ,.PIECEWISE_BEZIER_KNOTS.);
#399 = CARTESIAN_POINT('',(1.381882175135E+03,-105.3008057126,
    1.586915817462));
#400 = CARTESIAN_POINT('',(1.896441981467E+03,-474.3416490252,
    0.385920701112));
#401 = CARTESIAN_POINT('',(1.389006504894E+03,-105.3008057126,
    2.23340815461));
#402 = CARTESIAN_POINT('',(1.898174541131E+03,-474.3416490252,
    0.543140619945));
#403 = DEFINITIONAL_REPRESENTATION('',(#404),#408);
#404 = LINE('',#405,#406);
#405 = CARTESIAN_POINT('',(0.,0.));
#406 = VECTOR('',#407,1.);
#407 = DIRECTION('',(0.,1.));
#408 = ( GEOMETRIC_REPRESENTATION_CONTEXT(2) 
PARAMETRIC_REPRESENTATION_CONTEXT() REPRESENTATION_CONTEXT('2D SPACE',''
  ) );
#409 = ORIENTED_EDGE('',*,*,#410,.F.);
#410 = EDGE_CURVE('',#310,#384,#411,.T.);
#411 = SURFACE_CURVE('',#412,(#416,#422),.PCURVE_S1.);
#412 = LINE('',#413,#414);
#413 = CARTESIAN_POINT('',(1.895009628656E+03,-474.3416490252,
    0.251642205067));
#414 = VECTOR('',#415,1.);
#415 = DIRECTION('',(0.995634521917,-0.,9.333755282887E-02));
#416 = PCURVE('',#324,#417);
#417 = DEFINITIONAL_REPRESENTATION('',(#418),#421);
#418 = B_SPLINE_CURVE_WITH_KNOTS('',1,(#419,#420),.UNSPECIFIED.,.F.,.F.,
  (2,2),(0.,1.43863313292),.PIECEWISE_BEZIER_KNOTS.);
#419 = CARTESIAN_POINT('',(0.,1.));
#420 = CARTESIAN_POINT('',(5.915696327192,1.));
#421 = ( GEOMETRIC_REPRESENTATION_CONTEXT(2) 
PARAMETRIC_REPRESENTATION_CONTEXT() REPRESENTATION_CONTEXT('2D SPACE',''
  ) );
#422 = PCURVE('',#98,#423);
#423 = DEFINITIONAL_REPRESENTATION('',(#424),#428);
#424 = LINE('',#425,#426);
#425 = CARTESIAN_POINT('',(-2.579548085511,0.251642205067));
#426 = VECTOR('',#427,1.);
#427 = DIRECTION('',(-0.995634521917,9.333755282887E-02));
#428 = ( GEOMETRIC_REPRESENTATION_CONTEXT(2) 
PARAMETRIC_REPRESENTATION_CONTEXT() REPRESENTATION_CONTEXT('2D SPACE',''
  ) );
#429 = ORIENTED_EDGE('',*,*,#309,.F.);
#430 = ADVANCED_FACE('',(#431),#398,.F.);
#431 = FACE_BOUND('',#432,.F.);
#432 = EDGE_LOOP('',(#433,#456,#483,#503));
#433 = ORIENTED_EDGE('',*,*,#434,.T.);
#434 = EDGE_CURVE('',#361,#435,#437,.T.);
#435 = VERTEX_POINT('',#436);
#436 = CARTESIAN_POINT('',(1.389006504894E+03,-105.3008057126,
    2.23340815461));
#437 = SURFACE_CURVE('',#438,(#442,#449),.PCURVE_S1.);
#438 = LINE('',#439,#440);
#439 = CARTESIAN_POINT('',(1.381882175135E+03,-105.3008057126,
    1.586915817462));
#440 = VECTOR('',#441,1.);
#441 = DIRECTION('',(0.995907990309,-0.,9.037297626834E-02));
#442 = PCURVE('',#398,#443);
#443 = DEFINITIONAL_REPRESENTATION('',(#444),#448);
#444 = LINE('',#445,#446);
#445 = CARTESIAN_POINT('',(0.,0.));
#446 = VECTOR('',#447,1.);
#447 = DIRECTION('',(1.,0.));
#448 = ( GEOMETRIC_REPRESENTATION_CONTEXT(2) 
PARAMETRIC_REPRESENTATION_CONTEXT() REPRESENTATION_CONTEXT('2D SPACE',''
  ) );
#449 = PCURVE('',#44,#450);
#450 = DEFINITIONAL_REPRESENTATION('',(#451),#455);
#451 = LINE('',#452,#453);
#452 = CARTESIAN_POINT('',(-16.4970393483,1.586915817462));
#453 = VECTOR('',#454,1.);
#454 = DIRECTION('',(-0.995907990309,9.037297626834E-02));
#455 = ( GEOMETRIC_REPRESENTATION_CONTEXT(2) 
PARAMETRIC_REPRESENTATION_CONTEXT() REPRESENTATION_CONTEXT('2D SPACE',''
  ) );
#456 = ORIENTED_EDGE('',*,*,#457,.T.);
#457 = EDGE_CURVE('',#435,#458,#460,.T.);
#458 = VERTEX_POINT('',#459);
#459 = CARTESIAN_POINT('',(1.898174541131E+03,-474.3416490252,
    0.543140619945));
#460 = SURFACE_CURVE('',#461,(#464,#471),.PCURVE_S1.);
#461 = B_SPLINE_CURVE_WITH_KNOTS('',1,(#462,#463),.UNSPECIFIED.,.F.,.F.,
  (2,2),(0.,1.),.PIECEWISE_BEZIER_KNOTS.);
#462 = CARTESIAN_POINT('',(1.389006504894E+03,-105.3008057126,
    2.23340815461));
#463 = CARTESIAN_POINT('',(1.898174541131E+03,-474.3416490252,
    0.543140619945));
#464 = PCURVE('',#398,#465);
#465 = DEFINITIONAL_REPRESENTATION('',(#466),#470);
#466 = LINE('',#467,#468);
#467 = CARTESIAN_POINT('',(7.153602369243,0.));
#468 = VECTOR('',#469,1.);
#469 = DIRECTION('',(0.,1.));
#470 = ( GEOMETRIC_REPRESENTATION_CONTEXT(2) 
PARAMETRIC_REPRESENTATION_CONTEXT() REPRESENTATION_CONTEXT('2D SPACE',''
  ) );
#471 = PCURVE('',#472,#477);
#472 = B_SPLINE_SURFACE_WITH_KNOTS('',1,1,(
    (#473,#474)
    ,(#475,#476
    )),.UNSPECIFIED.,.F.,.F.,.F.,(2,2),(2,2),(0.,8.346403994421),(0.,1.)
  ,.PIECEWISE_BEZIER_KNOTS.);
#473 = CARTESIAN_POINT('',(1.389006504894E+03,-105.3008057126,
    2.23340815461));
#474 = CARTESIAN_POINT('',(1.898174541131E+03,-474.3416490252,
    0.543140619945));
#475 = CARTESIAN_POINT('',(1.397321369066E+03,-105.3008057126,
    2.958317423523));
#476 = CARTESIAN_POINT('',(1.900196625841E+03,-474.3416490252,
    0.719430685381));
#477 = DEFINITIONAL_REPRESENTATION('',(#478),#482);
#478 = LINE('',#479,#480);
#479 = CARTESIAN_POINT('',(0.,0.));
#480 = VECTOR('',#481,1.);
#481 = DIRECTION('',(0.,1.));
#482 = ( GEOMETRIC_REPRESENTATION_CONTEXT(2) 
PARAMETRIC_REPRESENTATION_CONTEXT() REPRESENTATION_CONTEXT('2D SPACE',''
  ) );
#483 = ORIENTED_EDGE('',*,*,#484,.F.);
#484 = EDGE_CURVE('',#384,#458,#485,.T.);
#485 = SURFACE_CURVE('',#486,(#490,#496),.PCURVE_S1.);
#486 = LINE('',#487,#488);
#487 = CARTESIAN_POINT('',(1.896441981467E+03,-474.3416490252,
    0.385920701112));
#488 = VECTOR('',#489,1.);
#489 = DIRECTION('',(0.995907990309,-0.,9.037297626834E-02));
#490 = PCURVE('',#398,#491);
#491 = DEFINITIONAL_REPRESENTATION('',(#492),#495);
#492 = B_SPLINE_CURVE_WITH_KNOTS('',1,(#493,#494),.UNSPECIFIED.,.F.,.F.,
  (2,2),(0.,1.739678445092),.PIECEWISE_BEZIER_KNOTS.);
#493 = CARTESIAN_POINT('',(0.,1.));
#494 = CARTESIAN_POINT('',(7.153602369243,1.));
#495 = ( GEOMETRIC_REPRESENTATION_CONTEXT(2) 
PARAMETRIC_REPRESENTATION_CONTEXT() REPRESENTATION_CONTEXT('2D SPACE',''
  ) );
#496 = PCURVE('',#98,#497);
#497 = DEFINITIONAL_REPRESENTATION('',(#498),#502);
#498 = LINE('',#499,#500);
#499 = CARTESIAN_POINT('',(-4.011900897019,0.385920701112));
#500 = VECTOR('',#501,1.);
#501 = DIRECTION('',(-0.995907990309,9.037297626834E-02));
#502 = ( GEOMETRIC_REPRESENTATION_CONTEXT(2) 
PARAMETRIC_REPRESENTATION_CONTEXT() REPRESENTATION_CONTEXT('2D SPACE',''
  ) );
#503 = ORIENTED_EDGE('',*,*,#383,.F.);
#504 = ADVANCED_FACE('',(#505),#472,.F.);
#505 = FACE_BOUND('',#506,.F.);
#506 = EDGE_LOOP('',(#507,#530,#557,#577));
#507 = ORIENTED_EDGE('',*,*,#508,.T.);
#508 = EDGE_CURVE('',#435,#509,#511,.T.);
#509 = VERTEX_POINT('',#510);
#510 = CARTESIAN_POINT('',(1.397321369066E+03,-105.3008057126,
    2.958317423523));
#511 = SURFACE_CURVE('',#512,(#516,#523),.PCURVE_S1.);
#512 = LINE('',#513,#514);
#513 = CARTESIAN_POINT('',(1.389006504894E+03,-105.3008057126,
    2.23340815461));
#514 = VECTOR('',#515,1.);
#515 = DIRECTION('',(0.996221148296,-0.,8.685288531413E-02));
#516 = PCURVE('',#472,#517);
#517 = DEFINITIONAL_REPRESENTATION('',(#518),#522);
#518 = LINE('',#519,#520);
#519 = CARTESIAN_POINT('',(0.,0.));
#520 = VECTOR('',#521,1.);
#521 = DIRECTION('',(1.,0.));
#522 = ( GEOMETRIC_REPRESENTATION_CONTEXT(2) 
PARAMETRIC_REPRESENTATION_CONTEXT() REPRESENTATION_CONTEXT('2D SPACE',''
  ) );
#523 = PCURVE('',#44,#524);
#524 = DEFINITIONAL_REPRESENTATION('',(#525),#529);
#525 = LINE('',#526,#527);
#526 = CARTESIAN_POINT('',(-23.62136910732,2.23340815461));
#527 = VECTOR('',#528,1.);
#528 = DIRECTION('',(-0.996221148296,8.685288531413E-02));
#529 = ( GEOMETRIC_REPRESENTATION_CONTEXT(2) 
PARAMETRIC_REPRESENTATION_CONTEXT() REPRESENTATION_CONTEXT('2D SPACE',''
  ) );
#530 = ORIENTED_EDGE('',*,*,#531,.T.);
#531 = EDGE_CURVE('',#509,#532,#534,.T.);
#532 = VERTEX_POINT('',#533);
#533 = CARTESIAN_POINT('',(1.900196625841E+03,-474.3416490252,
    0.719430685381));
#534 = SURFACE_CURVE('',#535,(#538,#545),.PCURVE_S1.);
#535 = B_SPLINE_CURVE_WITH_KNOTS('',1,(#536,#537),.UNSPECIFIED.,.F.,.F.,
  (2,2),(0.,1.),.PIECEWISE_BEZIER_KNOTS.);
#536 = CARTESIAN_POINT('',(1.397321369066E+03,-105.3008057126,
    2.958317423523));
#537 = CARTESIAN_POINT('',(1.900196625841E+03,-474.3416490252,
    0.719430685381));
#538 = PCURVE('',#472,#539);
#539 = DEFINITIONAL_REPRESENTATION('',(#540),#544);
#540 = LINE('',#541,#542);
#541 = CARTESIAN_POINT('',(8.346403994421,0.));
#542 = VECTOR('',#543,1.);
#543 = DIRECTION('',(0.,1.));
#544 = ( GEOMETRIC_REPRESENTATION_CONTEXT(2) 
PARAMETRIC_REPRESENTATION_CONTEXT() REPRESENTATION_CONTEXT('2D SPACE',''
  ) );
#545 = PCURVE('',#546,#551);
#546 = B_SPLINE_SURFACE_WITH_KNOTS('',1,1,(
    (#547,#548)
    ,(#549,#550
    )),.UNSPECIFIED.,.F.,.F.,.F.,(2,2),(2,2),(0.,9.486708383294),(0.,1.)
  ,.PIECEWISE_BEZIER_KNOTS.);
#547 = CARTESIAN_POINT('',(1.397321369066E+03,-105.3008057126,
    2.958317423523));
#548 = CARTESIAN_POINT('',(1.900196625841E+03,-474.3416490252,
    0.719430685381));
#549 = CARTESIAN_POINT('',(1.406775503747E+03,-105.3008057126,
    3.743793952164));
#550 = CARTESIAN_POINT('',(1.902495768773E+03,-474.3416490252,
    0.910450050935));
#551 = DEFINITIONAL_REPRESENTATION('',(#552),#556);
#552 = LINE('',#553,#554);
#553 = CARTESIAN_POINT('',(0.,0.));
#554 = VECTOR('',#555,1.);
#555 = DIRECTION('',(0.,1.));
#556 = ( GEOMETRIC_REPRESENTATION_CONTEXT(2) 
PARAMETRIC_REPRESENTATION_CONTEXT() REPRESENTATION_CONTEXT('2D SPACE',''
  ) );
#557 = ORIENTED_EDGE('',*,*,#558,.F.);
#558 = EDGE_CURVE('',#458,#532,#559,.T.);
#559 = SURFACE_CURVE('',#560,(#564,#570),.PCURVE_S1.);
#560 = LINE('',#561,#562);
#561 = CARTESIAN_POINT('',(1.898174541131E+03,-474.3416490252,
    0.543140619945));
#562 = VECTOR('',#563,1.);
#563 = DIRECTION('',(0.996221148296,-0.,8.685288531413E-02));
#564 = PCURVE('',#472,#565);
#565 = DEFINITIONAL_REPRESENTATION('',(#566),#569);
#566 = B_SPLINE_CURVE_WITH_KNOTS('',1,(#567,#568),.UNSPECIFIED.,.F.,.F.,
  (2,2),(0.,2.029754852682),.PIECEWISE_BEZIER_KNOTS.);
#567 = CARTESIAN_POINT('',(0.,1.));
#568 = CARTESIAN_POINT('',(8.346403994421,1.));
#569 = ( GEOMETRIC_REPRESENTATION_CONTEXT(2) 
PARAMETRIC_REPRESENTATION_CONTEXT() REPRESENTATION_CONTEXT('2D SPACE',''
  ) );
#570 = PCURVE('',#98,#571);
#571 = DEFINITIONAL_REPRESENTATION('',(#572),#576);
#572 = LINE('',#573,#574);
#573 = CARTESIAN_POINT('',(-5.744460561054,0.543140619945));
#574 = VECTOR('',#575,1.);
#575 = DIRECTION('',(-0.996221148296,8.685288531413E-02));
#576 = ( GEOMETRIC_REPRESENTATION_CONTEXT(2) 
PARAMETRIC_REPRESENTATION_CONTEXT() REPRESENTATION_CONTEXT('2D SPACE',''
  ) );
#577 = ORIENTED_EDGE('',*,*,#457,.F.);
#578 = ADVANCED_FACE('',(#579),#546,.F.);
#579 = FACE_BOUND('',#580,.F.);
#580 = EDGE_LOOP('',(#581,#604,#631,#651));
#581 = ORIENTED_EDGE('',*,*,#582,.T.);
#582 = EDGE_CURVE('',#509,#583,#585,.T.);
#583 = VERTEX_POINT('',#584);
#584 = CARTESIAN_POINT('',(1.406775503747E+03,-105.3008057126,
    3.743793952164));
#585 = SURFACE_CURVE('',#586,(#590,#597),.PCURVE_S1.);
#586 = LINE('',#587,#588);
#587 = CARTESIAN_POINT('',(1.397321369066E+03,-105.3008057126,
    2.958317423523));
#588 = VECTOR('',#589,1.);
#589 = DIRECTION('',(0.996566385236,-0.,8.279758340878E-02));
#590 = PCURVE('',#546,#591);
#591 = DEFINITIONAL_REPRESENTATION('',(#592),#596);
#592 = LINE('',#593,#594);
#593 = CARTESIAN_POINT('',(0.,0.));
#594 = VECTOR('',#595,1.);
#595 = DIRECTION('',(1.,0.));
#596 = ( GEOMETRIC_REPRESENTATION_CONTEXT(2) 
PARAMETRIC_REPRESENTATION_CONTEXT() REPRESENTATION_CONTEXT('2D SPACE',''
  ) );
#597 = PCURVE('',#44,#598);
#598 = DEFINITIONAL_REPRESENTATION('',(#599),#603);
#599 = LINE('',#600,#601);
#600 = CARTESIAN_POINT('',(-31.93623327878,2.958317423523));
#601 = VECTOR('',#602,1.);
#602 = DIRECTION('',(-0.996566385236,8.279758340878E-02));
#603 = ( GEOMETRIC_REPRESENTATION_CONTEXT(2) 
PARAMETRIC_REPRESENTATION_CONTEXT() REPRESENTATION_CONTEXT('2D SPACE',''
  ) );
#604 = ORIENTED_EDGE('',*,*,#605,.T.);
#605 = EDGE_CURVE('',#583,#606,#608,.T.);
#606 = VERTEX_POINT('',#607);
#607 = CARTESIAN_POINT('',(1.902495768773E+03,-474.3416490252,
    0.910450050935));
#608 = SURFACE_CURVE('',#609,(#612,#619),.PCURVE_S1.);
#609 = B_SPLINE_CURVE_WITH_KNOTS('',1,(#610,#611),.UNSPECIFIED.,.F.,.F.,
  (2,2),(0.,1.),.PIECEWISE_BEZIER_KNOTS.);
#610 = CARTESIAN_POINT('',(1.406775503747E+03,-105.3008057126,
    3.743793952164));
#611 = CARTESIAN_POINT('',(1.902495768773E+03,-474.3416490252,
    0.910450050935));
#612 = PCURVE('',#546,#613);
#613 = DEFINITIONAL_REPRESENTATION('',(#614),#618);
#614 = LINE('',#615,#616);
#615 = CARTESIAN_POINT('',(9.486708383294,0.));
#616 = VECTOR('',#617,1.);
#617 = DIRECTION('',(0.,1.));
#618 = ( GEOMETRIC_REPRESENTATION_CONTEXT(2) 
PARAMETRIC_REPRESENTATION_CONTEXT() REPRESENTATION_CONTEXT('2D SPACE',''
  ) );
#619 = PCURVE('',#620,#625);
#620 = B_SPLINE_SURFACE_WITH_KNOTS('',1,1,(
    (#621,#622)
    ,(#623,#624
    )),.UNSPECIFIED.,.F.,.F.,.F.,(2,2),(2,2),(0.,10.567503683898),(0.,1.
    ),.PIECEWISE_BEZIER_KNOTS.);
#621 = CARTESIAN_POINT('',(1.406775503747E+03,-105.3008057126,
    3.743793952164));
#622 = CARTESIAN_POINT('',(1.902495768773E+03,-474.3416490252,
    0.910450050935));
#623 = CARTESIAN_POINT('',(1.417310621054E+03,-105.3008057126,
    4.57049670155));
#624 = CARTESIAN_POINT('',(1.905057794945E+03,-474.3416490252,
    1.111495185871));
#625 = DEFINITIONAL_REPRESENTATION('',(#626),#630);
#626 = LINE('',#627,#628);
#627 = CARTESIAN_POINT('',(0.,0.));
#628 = VECTOR('',#629,1.);
#629 = DIRECTION('',(0.,1.));
#630 = ( GEOMETRIC_REPRESENTATION_CONTEXT(2) 
PARAMETRIC_REPRESENTATION_CONTEXT() REPRESENTATION_CONTEXT('2D SPACE',''
  ) );
#631 = ORIENTED_EDGE('',*,*,#632,.F.);
#632 = EDGE_CURVE('',#532,#606,#633,.T.);
#633 = SURFACE_CURVE('',#634,(#638,#644),.PCURVE_S1.);
#634 = LINE('',#635,#636);
#635 = CARTESIAN_POINT('',(1.900196625841E+03,-474.3416490252,
    0.719430685381));
#636 = VECTOR('',#637,1.);
#637 = DIRECTION('',(0.996566385236,-0.,8.279758340878E-02));
#638 = PCURVE('',#546,#639);
#639 = DEFINITIONAL_REPRESENTATION('',(#640),#643);
#640 = B_SPLINE_CURVE_WITH_KNOTS('',1,(#641,#642),.UNSPECIFIED.,.F.,.F.,
  (2,2),(0.,2.30706450225),.PIECEWISE_BEZIER_KNOTS.);
#641 = CARTESIAN_POINT('',(0.,1.));
#642 = CARTESIAN_POINT('',(9.486708383294,1.));
#643 = ( GEOMETRIC_REPRESENTATION_CONTEXT(2) 
PARAMETRIC_REPRESENTATION_CONTEXT() REPRESENTATION_CONTEXT('2D SPACE',''
  ) );
#644 = PCURVE('',#98,#645);
#645 = DEFINITIONAL_REPRESENTATION('',(#646),#650);
#646 = LINE('',#647,#648);
#647 = CARTESIAN_POINT('',(-7.766545271152,0.719430685381));
#648 = VECTOR('',#649,1.);
#649 = DIRECTION('',(-0.996566385236,8.279758340878E-02));
#650 = ( GEOMETRIC_REPRESENTATION_CONTEXT(2) 
PARAMETRIC_REPRESENTATION_CONTEXT() REPRESENTATION_CONTEXT('2D SPACE',''
  ) );
#651 = ORIENTED_EDGE('',*,*,#531,.F.);
#652 = ADVANCED_FACE('',(#653),#620,.F.);
#653 = FACE_BOUND('',#654,.F.);
#654 = EDGE_LOOP('',(#655,#678,#705,#725));
#655 = ORIENTED_EDGE('',*,*,#656,.T.);
#656 = EDGE_CURVE('',#583,#657,#659,.T.);
#657 = VERTEX_POINT('',#658);
#658 = CARTESIAN_POINT('',(1.417310621054E+03,-105.3008057126,
    4.57049670155));
#659 = SURFACE_CURVE('',#660,(#664,#671),.PCURVE_S1.);
#660 = LINE('',#661,#662);
#661 = CARTESIAN_POINT('',(1.406775503747E+03,-105.3008057126,
    3.743793952164));
#662 = VECTOR('',#663,1.);
#663 = DIRECTION('',(0.996935285966,-0.,7.82306563702E-02));
#664 = PCURVE('',#620,#665);
#665 = DEFINITIONAL_REPRESENTATION('',(#666),#670);
#666 = LINE('',#667,#668);
#667 = CARTESIAN_POINT('',(0.,0.));
#668 = VECTOR('',#669,1.);
#669 = DIRECTION('',(1.,0.));
#670 = ( GEOMETRIC_REPRESENTATION_CONTEXT(2) 
PARAMETRIC_REPRESENTATION_CONTEXT() REPRESENTATION_CONTEXT('2D SPACE',''
  ) );
#671 = PCURVE('',#44,#672);
#672 = DEFINITIONAL_REPRESENTATION('',(#673),#677);
#673 = LINE('',#674,#675);
#674 = CARTESIAN_POINT('',(-41.39036796011,3.743793952164));
#675 = VECTOR('',#676,1.);
#676 = DIRECTION('',(-0.996935285966,7.82306563702E-02));
#677 = ( GEOMETRIC_REPRESENTATION_CONTEXT(2) 
PARAMETRIC_REPRESENTATION_CONTEXT() REPRESENTATION_CONTEXT('2D SPACE',''
  ) );
#678 = ORIENTED_EDGE('',*,*,#679,.T.);
#679 = EDGE_CURVE('',#657,#680,#682,.T.);
#680 = VERTEX_POINT('',#681);
#681 = CARTESIAN_POINT('',(1.905057794945E+03,-474.3416490252,
    1.111495185871));
#682 = SURFACE_CURVE('',#683,(#686,#693),.PCURVE_S1.);
#683 = B_SPLINE_CURVE_WITH_KNOTS('',1,(#684,#685),.UNSPECIFIED.,.F.,.F.,
  (2,2),(0.,1.),.PIECEWISE_BEZIER_KNOTS.);
#684 = CARTESIAN_POINT('',(1.417310621054E+03,-105.3008057126,
    4.57049670155));
#685 = CARTESIAN_POINT('',(1.905057794945E+03,-474.3416490252,
    1.111495185871));
#686 = PCURVE('',#620,#687);
#687 = DEFINITIONAL_REPRESENTATION('',(#688),#692);
#688 = LINE('',#689,#690);
#689 = CARTESIAN_POINT('',(10.567503683898,0.));
#690 = VECTOR('',#691,1.);
#691 = DIRECTION('',(0.,1.));
#692 = ( GEOMETRIC_REPRESENTATION_CONTEXT(2) 
PARAMETRIC_REPRESENTATION_CONTEXT() REPRESENTATION_CONTEXT('2D SPACE',''
  ) );
#693 = PCURVE('',#694,#699);
#694 = B_SPLINE_SURFACE_WITH_KNOTS('',1,1,(
    (#695,#696)
    ,(#697,#698
    )),.UNSPECIFIED.,.F.,.F.,.F.,(2,2),(2,2),(0.,11.582201286415),(0.,1.
    ),.PIECEWISE_BEZIER_KNOTS.);
#695 = CARTESIAN_POINT('',(1.417310621054E+03,-105.3008057126,
    4.57049670155));
#696 = CARTESIAN_POINT('',(1.905057794945E+03,-474.3416490252,
    1.111495185871));
#697 = CARTESIAN_POINT('',(1.428861768485E+03,-105.3008057126,
    5.418069506322));
#698 = CARTESIAN_POINT('',(1.907866908615E+03,-474.3416490252,
    1.317615691737));
#699 = DEFINITIONAL_REPRESENTATION('',(#700),#704);
#700 = LINE('',#701,#702);
#701 = CARTESIAN_POINT('',(0.,0.));
#702 = VECTOR('',#703,1.);
#703 = DIRECTION('',(0.,1.));
#704 = ( GEOMETRIC_REPRESENTATION_CONTEXT(2) 
PARAMETRIC_REPRESENTATION_CONTEXT() REPRESENTATION_CONTEXT('2D SPACE',''
  ) );
#705 = ORIENTED_EDGE('',*,*,#706,.F.);
#706 = EDGE_CURVE('',#606,#680,#707,.T.);
#707 = SURFACE_CURVE('',#708,(#712,#718),.PCURVE_S1.);
#708 = LINE('',#709,#710);
#709 = CARTESIAN_POINT('',(1.902495768773E+03,-474.3416490252,
    0.910450050935));
#710 = VECTOR('',#711,1.);
#711 = DIRECTION('',(0.996935285966,-0.,7.823065637021E-02));
#712 = PCURVE('',#620,#713);
#713 = DEFINITIONAL_REPRESENTATION('',(#714),#717);
#714 = B_SPLINE_CURVE_WITH_KNOTS('',1,(#715,#716),.UNSPECIFIED.,.F.,.F.,
  (2,2),(0.,2.569902187512),.PIECEWISE_BEZIER_KNOTS.);
#715 = CARTESIAN_POINT('',(0.,1.));
#716 = CARTESIAN_POINT('',(10.567503683898,1.));
#717 = ( GEOMETRIC_REPRESENTATION_CONTEXT(2) 
PARAMETRIC_REPRESENTATION_CONTEXT() REPRESENTATION_CONTEXT('2D SPACE',''
  ) );
#718 = PCURVE('',#98,#719);
#719 = DEFINITIONAL_REPRESENTATION('',(#720),#724);
#720 = LINE('',#721,#722);
#721 = CARTESIAN_POINT('',(-10.06568820266,0.910450050935));
#722 = VECTOR('',#723,1.);
#723 = DIRECTION('',(-0.996935285966,7.823065637021E-02));
#724 = ( GEOMETRIC_REPRESENTATION_CONTEXT(2) 
PARAMETRIC_REPRESENTATION_CONTEXT() REPRESENTATION_CONTEXT('2D SPACE',''
  ) );
#725 = ORIENTED_EDGE('',*,*,#605,.F.);
#726 = ADVANCED_FACE('',(#727),#694,.F.);
#727 = FACE_BOUND('',#728,.F.);
#728 = EDGE_LOOP('',(#729,#752,#779,#799));
#729 = ORIENTED_EDGE('',*,*,#730,.T.);
#730 = EDGE_CURVE('',#657,#731,#733,.T.);
#731 = VERTEX_POINT('',#732);
#732 = CARTESIAN_POINT('',(1.428861768485E+03,-105.3008057126,
    5.418069506322));
#733 = SURFACE_CURVE('',#734,(#738,#745),.PCURVE_S1.);
#734 = LINE('',#735,#736);
#735 = CARTESIAN_POINT('',(1.417310621054E+03,-105.3008057126,
    4.57049670155));
#736 = VECTOR('',#737,1.);
#737 = DIRECTION('',(0.997318829612,-0.,7.317890475331E-02));
#738 = PCURVE('',#694,#739);
#739 = DEFINITIONAL_REPRESENTATION('',(#740),#744);
#740 = LINE('',#741,#742);
#741 = CARTESIAN_POINT('',(0.,0.));
#742 = VECTOR('',#743,1.);
#743 = DIRECTION('',(1.,0.));
#744 = ( GEOMETRIC_REPRESENTATION_CONTEXT(2) 
PARAMETRIC_REPRESENTATION_CONTEXT() REPRESENTATION_CONTEXT('2D SPACE',''
  ) );
#745 = PCURVE('',#44,#746);
#746 = DEFINITIONAL_REPRESENTATION('',(#747),#751);
#747 = LINE('',#748,#749);
#748 = CARTESIAN_POINT('',(-51.92548526716,4.57049670155));
#749 = VECTOR('',#750,1.);
#750 = DIRECTION('',(-0.997318829612,7.317890475331E-02));
#751 = ( GEOMETRIC_REPRESENTATION_CONTEXT(2) 
PARAMETRIC_REPRESENTATION_CONTEXT() REPRESENTATION_CONTEXT('2D SPACE',''
  ) );
#752 = ORIENTED_EDGE('',*,*,#753,.T.);
#753 = EDGE_CURVE('',#731,#754,#756,.T.);
#754 = VERTEX_POINT('',#755);
#755 = CARTESIAN_POINT('',(1.907866908615E+03,-474.3416490252,
    1.317615691737));
#756 = SURFACE_CURVE('',#757,(#760,#767),.PCURVE_S1.);
#757 = B_SPLINE_CURVE_WITH_KNOTS('',1,(#758,#759),.UNSPECIFIED.,.F.,.F.,
  (2,2),(0.,1.),.PIECEWISE_BEZIER_KNOTS.);
#758 = CARTESIAN_POINT('',(1.428861768485E+03,-105.3008057126,
    5.418069506322));
#759 = CARTESIAN_POINT('',(1.907866908615E+03,-474.3416490252,
    1.317615691737));
#760 = PCURVE('',#694,#761);
#761 = DEFINITIONAL_REPRESENTATION('',(#762),#766);
#762 = LINE('',#763,#764);
#763 = CARTESIAN_POINT('',(11.582201286415,0.));
#764 = VECTOR('',#765,1.);
#765 = DIRECTION('',(0.,1.));
#766 = ( GEOMETRIC_REPRESENTATION_CONTEXT(2) 
PARAMETRIC_REPRESENTATION_CONTEXT() REPRESENTATION_CONTEXT('2D SPACE',''
  ) );
#767 = PCURVE('',#768,#773);
#768 = B_SPLINE_SURFACE_WITH_KNOTS('',1,1,(
    (#769,#770)
    ,(#771,#772
    )),.UNSPECIFIED.,.F.,.F.,.F.,(2,2),(2,2),(0.,12.524672380387),(0.,1.
    ),.PIECEWISE_BEZIER_KNOTS.);
#769 = CARTESIAN_POINT('',(1.428861768485E+03,-105.3008057126,
    5.418069506322));
#770 = CARTESIAN_POINT('',(1.907866908615E+03,-474.3416490252,
    1.317615691737));
#771 = CARTESIAN_POINT('',(1.441357729376E+03,-105.3008057126,
    6.265642311094));
#772 = CARTESIAN_POINT('',(1.910905790662E+03,-474.3416490252,
    1.523736197602));
#773 = DEFINITIONAL_REPRESENTATION('',(#774),#778);
#774 = LINE('',#775,#776);
#775 = CARTESIAN_POINT('',(0.,0.));
#776 = VECTOR('',#777,1.);
#777 = DIRECTION('',(0.,1.));
#778 = ( GEOMETRIC_REPRESENTATION_CONTEXT(2) 
PARAMETRIC_REPRESENTATION_CONTEXT() REPRESENTATION_CONTEXT('2D SPACE',''
  ) );
#779 = ORIENTED_EDGE('',*,*,#780,.F.);
#780 = EDGE_CURVE('',#680,#754,#781,.T.);
#781 = SURFACE_CURVE('',#782,(#786,#792),.PCURVE_S1.);
#782 = LINE('',#783,#784);
#783 = CARTESIAN_POINT('',(1.905057794945E+03,-474.3416490252,
    1.111495185871));
#784 = VECTOR('',#785,1.);
#785 = DIRECTION('',(0.997318829612,-0.,7.317890475331E-02));
#786 = PCURVE('',#694,#787);
#787 = DEFINITIONAL_REPRESENTATION('',(#788),#791);
#788 = B_SPLINE_CURVE_WITH_KNOTS('',1,(#789,#790),.UNSPECIFIED.,.F.,.F.,
  (2,2),(0.,2.816665630079),.PIECEWISE_BEZIER_KNOTS.);
#789 = CARTESIAN_POINT('',(0.,1.));
#790 = CARTESIAN_POINT('',(11.582201286415,1.));
#791 = ( GEOMETRIC_REPRESENTATION_CONTEXT(2) 
PARAMETRIC_REPRESENTATION_CONTEXT() REPRESENTATION_CONTEXT('2D SPACE',''
  ) );
#792 = PCURVE('',#98,#793);
#793 = DEFINITIONAL_REPRESENTATION('',(#794),#798);
#794 = LINE('',#795,#796);
#795 = CARTESIAN_POINT('',(-12.62771437487,1.111495185871));
#796 = VECTOR('',#797,1.);
#797 = DIRECTION('',(-0.997318829612,7.317890475331E-02));
#798 = ( GEOMETRIC_REPRESENTATION_CONTEXT(2) 
PARAMETRIC_REPRESENTATION_CONTEXT() REPRESENTATION_CONTEXT('2D SPACE',''
  ) );
#799 = ORIENTED_EDGE('',*,*,#679,.F.);
#800 = ADVANCED_FACE('',(#801),#768,.F.);
#801 = FACE_BOUND('',#802,.F.);
#802 = EDGE_LOOP('',(#803,#826,#853,#873));
#803 = ORIENTED_EDGE('',*,*,#804,.T.);
#804 = EDGE_CURVE('',#731,#805,#807,.T.);
#805 = VERTEX_POINT('',#806);
#806 = CARTESIAN_POINT('',(1.441357729376E+03,-105.3008057126,
    6.265642311094));
#807 = SURFACE_CURVE('',#808,(#812,#819),.PCURVE_S1.);
#808 = LINE('',#809,#810);
#809 = CARTESIAN_POINT('',(1.428861768485E+03,-105.3008057126,
    5.418069506322));
#810 = VECTOR('',#811,1.);
#811 = DIRECTION('',(0.997707605514,-0.,6.767225353531E-02));
#812 = PCURVE('',#768,#813);
#813 = DEFINITIONAL_REPRESENTATION('',(#814),#818);
#814 = LINE('',#815,#816);
#815 = CARTESIAN_POINT('',(0.,0.));
#816 = VECTOR('',#817,1.);
#817 = DIRECTION('',(1.,0.));
#818 = ( GEOMETRIC_REPRESENTATION_CONTEXT(2) 
PARAMETRIC_REPRESENTATION_CONTEXT() REPRESENTATION_CONTEXT('2D SPACE',''
  ) );
#819 = PCURVE('',#44,#820);
#820 = DEFINITIONAL_REPRESENTATION('',(#821),#825);
#821 = LINE('',#822,#823);
#822 = CARTESIAN_POINT('',(-63.47663269846,5.418069506322));
#823 = VECTOR('',#824,1.);
#824 = DIRECTION('',(-0.997707605514,6.767225353531E-02));
#825 = ( GEOMETRIC_REPRESENTATION_CONTEXT(2) 
PARAMETRIC_REPRESENTATION_CONTEXT() REPRESENTATION_CONTEXT('2D SPACE',''
  ) );
#826 = ORIENTED_EDGE('',*,*,#827,.T.);
#827 = EDGE_CURVE('',#805,#828,#830,.T.);
#828 = VERTEX_POINT('',#829);
#829 = CARTESIAN_POINT('',(1.910905790662E+03,-474.3416490252,
    1.523736197602));
#830 = SURFACE_CURVE('',#831,(#834,#841),.PCURVE_S1.);
#831 = B_SPLINE_CURVE_WITH_KNOTS('',1,(#832,#833),.UNSPECIFIED.,.F.,.F.,
  (2,2),(0.,1.),.PIECEWISE_BEZIER_KNOTS.);
#832 = CARTESIAN_POINT('',(1.441357729376E+03,-105.3008057126,
    6.265642311094));
#833 = CARTESIAN_POINT('',(1.910905790662E+03,-474.3416490252,
    1.523736197602));
#834 = PCURVE('',#768,#835);
#835 = DEFINITIONAL_REPRESENTATION('',(#836),#840);
#836 = LINE('',#837,#838);
#837 = CARTESIAN_POINT('',(12.524672380387,0.));
#838 = VECTOR('',#839,1.);
#839 = DIRECTION('',(0.,1.));
#840 = ( GEOMETRIC_REPRESENTATION_CONTEXT(2) 
PARAMETRIC_REPRESENTATION_CONTEXT() REPRESENTATION_CONTEXT('2D SPACE',''
  ) );
#841 = PCURVE('',#842,#847);
#842 = B_SPLINE_SURFACE_WITH_KNOTS('',1,1,(
    (#843,#844)
    ,(#845,#846
    )),.UNSPECIFIED.,.F.,.F.,.F.,(2,2),(2,2),(0.,13.389278782622),(0.,1.
    ),.PIECEWISE_BEZIER_KNOTS.);
#843 = CARTESIAN_POINT('',(1.441357729376E+03,-105.3008057126,
    6.265642311094));
#844 = CARTESIAN_POINT('',(1.910905790662E+03,-474.3416490252,
    1.523736197602));
#845 = CARTESIAN_POINT('',(1.454721461971E+03,-105.3008057126,
    7.09234506048));
#846 = CARTESIAN_POINT('',(1.914155705368E+03,-474.3416490252,
    1.724781332539));
#847 = DEFINITIONAL_REPRESENTATION('',(#848),#852);
#848 = LINE('',#849,#850);
#849 = CARTESIAN_POINT('',(0.,0.));
#850 = VECTOR('',#851,1.);
#851 = DIRECTION('',(0.,1.));
#852 = ( GEOMETRIC_REPRESENTATION_CONTEXT(2) 
PARAMETRIC_REPRESENTATION_CONTEXT() REPRESENTATION_CONTEXT('2D SPACE',''
  ) );
#853 = ORIENTED_EDGE('',*,*,#854,.F.);
#854 = EDGE_CURVE('',#754,#828,#855,.T.);
#855 = SURFACE_CURVE('',#856,(#860,#866),.PCURVE_S1.);
#856 = LINE('',#857,#858);
#857 = CARTESIAN_POINT('',(1.907866908615E+03,-474.3416490252,
    1.317615691737));
#858 = VECTOR('',#859,1.);
#859 = DIRECTION('',(0.997707605514,-0.,6.767225353531E-02));
#860 = PCURVE('',#768,#861);
#861 = DEFINITIONAL_REPRESENTATION('',(#862),#865);
#862 = B_SPLINE_CURVE_WITH_KNOTS('',1,(#863,#864),.UNSPECIFIED.,.F.,.F.,
  (2,2),(0.,3.045864369773),.PIECEWISE_BEZIER_KNOTS.);
#863 = CARTESIAN_POINT('',(0.,1.));
#864 = CARTESIAN_POINT('',(12.524672380387,1.));
#865 = ( GEOMETRIC_REPRESENTATION_CONTEXT(2) 
PARAMETRIC_REPRESENTATION_CONTEXT() REPRESENTATION_CONTEXT('2D SPACE',''
  ) );
#866 = PCURVE('',#98,#867);
#867 = DEFINITIONAL_REPRESENTATION('',(#868),#872);
#868 = LINE('',#869,#870);
#869 = CARTESIAN_POINT('',(-15.43682804447,1.317615691737));
#870 = VECTOR('',#871,1.);
#871 = DIRECTION('',(-0.997707605514,6.767225353531E-02));
#872 = ( GEOMETRIC_REPRESENTATION_CONTEXT(2) 
PARAMETRIC_REPRESENTATION_CONTEXT() REPRESENTATION_CONTEXT('2D SPACE',''
  ) );
#873 = ORIENTED_EDGE('',*,*,#753,.F.);
#874 = ADVANCED_FACE('',(#875),#842,.F.);
#875 = FACE_BOUND('',#876,.F.);
#876 = EDGE_LOOP('',(#877,#900,#927,#947));
#877 = ORIENTED_EDGE('',*,*,#878,.T.);
#878 = EDGE_CURVE('',#805,#879,#881,.T.);
#879 = VERTEX_POINT('',#880);
#880 = CARTESIAN_POINT('',(1.454721461971E+03,-105.3008057126,
    7.09234506048));
#881 = SURFACE_CURVE('',#882,(#886,#893),.PCURVE_S1.);
#882 = LINE('',#883,#884);
#883 = CARTESIAN_POINT('',(1.441357729376E+03,-105.3008057126,
    6.265642311094));
#884 = VECTOR('',#885,1.);
#885 = DIRECTION('',(0.998092041582,-0.,6.174363554659E-02));
#886 = PCURVE('',#842,#887);
#887 = DEFINITIONAL_REPRESENTATION('',(#888),#892);
#888 = LINE('',#889,#890);
#889 = CARTESIAN_POINT('',(0.,0.));
#890 = VECTOR('',#891,1.);
#891 = DIRECTION('',(1.,0.));
#892 = ( GEOMETRIC_REPRESENTATION_CONTEXT(2) 
PARAMETRIC_REPRESENTATION_CONTEXT() REPRESENTATION_CONTEXT('2D SPACE',''
  ) );
#893 = PCURVE('',#44,#894);
#894 = DEFINITIONAL_REPRESENTATION('',(#895),#899);
#895 = LINE('',#896,#897);
#896 = CARTESIAN_POINT('',(-75.97259358895,6.265642311094));
#897 = VECTOR('',#898,1.);
#898 = DIRECTION('',(-0.998092041582,6.174363554659E-02));
#899 = ( GEOMETRIC_REPRESENTATION_CONTEXT(2) 
PARAMETRIC_REPRESENTATION_CONTEXT() REPRESENTATION_CONTEXT('2D SPACE',''
  ) );
#900 = ORIENTED_EDGE('',*,*,#901,.T.);
#901 = EDGE_CURVE('',#879,#902,#904,.T.);
#902 = VERTEX_POINT('',#903);
#903 = CARTESIAN_POINT('',(1.914155705368E+03,-474.3416490252,
    1.724781332539));
#904 = SURFACE_CURVE('',#905,(#908,#915),.PCURVE_S1.);
#905 = B_SPLINE_CURVE_WITH_KNOTS('',1,(#906,#907),.UNSPECIFIED.,.F.,.F.,
  (2,2),(0.,1.),.PIECEWISE_BEZIER_KNOTS.);
#906 = CARTESIAN_POINT('',(1.454721461971E+03,-105.3008057126,
    7.09234506048));
#907 = CARTESIAN_POINT('',(1.914155705368E+03,-474.3416490252,
    1.724781332539));
#908 = PCURVE('',#842,#909);
#909 = DEFINITIONAL_REPRESENTATION('',(#910),#914);
#910 = LINE('',#911,#912);
#911 = CARTESIAN_POINT('',(13.389278782622,0.));
#912 = VECTOR('',#913,1.);
#913 = DIRECTION('',(0.,1.));
#914 = ( GEOMETRIC_REPRESENTATION_CONTEXT(2) 
PARAMETRIC_REPRESENTATION_CONTEXT() REPRESENTATION_CONTEXT('2D SPACE',''
  ) );
#915 = PCURVE('',#916,#921);
#916 = B_SPLINE_SURFACE_WITH_KNOTS('',1,1,(
    (#917,#918)
    ,(#919,#920
    )),.UNSPECIFIED.,.F.,.F.,.F.,(2,2),(2,2),(0.,14.170898219969),(0.,1.
    ),.PIECEWISE_BEZIER_KNOTS.);
#917 = CARTESIAN_POINT('',(1.454721461971E+03,-105.3008057126,
    7.09234506048));
#918 = CARTESIAN_POINT('',(1.914155705368E+03,-474.3416490252,
    1.724781332539));
#919 = CARTESIAN_POINT('',(1.468870574416E+03,-105.3008057126,
    7.87782158912));
#920 = CARTESIAN_POINT('',(1.917596615928E+03,-474.3416490252,
    1.915800698093));
#921 = DEFINITIONAL_REPRESENTATION('',(#922),#926);
#922 = LINE('',#923,#924);
#923 = CARTESIAN_POINT('',(0.,0.));
#924 = VECTOR('',#925,1.);
#925 = DIRECTION('',(0.,1.));
#926 = ( GEOMETRIC_REPRESENTATION_CONTEXT(2) 
PARAMETRIC_REPRESENTATION_CONTEXT() REPRESENTATION_CONTEXT('2D SPACE',''
  ) );
#927 = ORIENTED_EDGE('',*,*,#928,.F.);
#928 = EDGE_CURVE('',#828,#902,#929,.T.);
#929 = SURFACE_CURVE('',#930,(#934,#940),.PCURVE_S1.);
#930 = LINE('',#931,#932);
#931 = CARTESIAN_POINT('',(1.910905790662E+03,-474.3416490252,
    1.523736197602));
#932 = VECTOR('',#933,1.);
#933 = DIRECTION('',(0.998092041582,-0.,6.174363554659E-02));
#934 = PCURVE('',#842,#935);
#935 = DEFINITIONAL_REPRESENTATION('',(#936),#939);
#936 = B_SPLINE_CURVE_WITH_KNOTS('',1,(#937,#938),.UNSPECIFIED.,.F.,.F.,
  (2,2),(0.,3.256127261645),.PIECEWISE_BEZIER_KNOTS.);
#937 = CARTESIAN_POINT('',(0.,1.));
#938 = CARTESIAN_POINT('',(13.389278782622,1.));
#939 = ( GEOMETRIC_REPRESENTATION_CONTEXT(2) 
PARAMETRIC_REPRESENTATION_CONTEXT() REPRESENTATION_CONTEXT('2D SPACE',''
  ) );
#940 = PCURVE('',#98,#941);
#941 = DEFINITIONAL_REPRESENTATION('',(#942),#946);
#942 = LINE('',#943,#944);
#943 = CARTESIAN_POINT('',(-18.47571009156,1.523736197602));
#944 = VECTOR('',#945,1.);
#945 = DIRECTION('',(-0.998092041582,6.174363554659E-02));
#946 = ( GEOMETRIC_REPRESENTATION_CONTEXT(2) 
PARAMETRIC_REPRESENTATION_CONTEXT() REPRESENTATION_CONTEXT('2D SPACE',''
  ) );
#947 = ORIENTED_EDGE('',*,*,#827,.F.);
#948 = ADVANCED_FACE('',(#949),#916,.F.);
#949 = FACE_BOUND('',#950,.F.);
#950 = EDGE_LOOP('',(#951,#974,#1001,#1021));
#951 = ORIENTED_EDGE('',*,*,#952,.T.);
#952 = EDGE_CURVE('',#879,#953,#955,.T.);
#953 = VERTEX_POINT('',#954);
#954 = CARTESIAN_POINT('',(1.468870574416E+03,-105.3008057126,
    7.87782158912));
#955 = SURFACE_CURVE('',#956,(#960,#967),.PCURVE_S1.);
#956 = LINE('',#957,#958);
#957 = CARTESIAN_POINT('',(1.454721461971E+03,-105.3008057126,
    7.09234506048));
#958 = VECTOR('',#959,1.);
#959 = DIRECTION('',(0.998462639803,-0.,5.542884554302E-02));
#960 = PCURVE('',#916,#961);
#961 = DEFINITIONAL_REPRESENTATION('',(#962),#966);
#962 = LINE('',#963,#964);
#963 = CARTESIAN_POINT('',(0.,0.));
#964 = VECTOR('',#965,1.);
#965 = DIRECTION('',(1.,0.));
#966 = ( GEOMETRIC_REPRESENTATION_CONTEXT(2) 
PARAMETRIC_REPRESENTATION_CONTEXT() REPRESENTATION_CONTEXT('2D SPACE',''
  ) );
#967 = PCURVE('',#44,#968);
#968 = DEFINITIONAL_REPRESENTATION('',(#969),#973);
#969 = LINE('',#970,#971);
#970 = CARTESIAN_POINT('',(-89.33632618441,7.09234506048));
#971 = VECTOR('',#972,1.);
#972 = DIRECTION('',(-0.998462639803,5.542884554302E-02));
#973 = ( GEOMETRIC_REPRESENTATION_CONTEXT(2) 
PARAMETRIC_REPRESENTATION_CONTEXT() REPRESENTATION_CONTEXT('2D SPACE',''
  ) );
#974 = ORIENTED_EDGE('',*,*,#975,.T.);
#975 = EDGE_CURVE('',#953,#976,#978,.T.);
#976 = VERTEX_POINT('',#977);
#977 = CARTESIAN_POINT('',(1.917596615928E+03,-474.3416490252,
    1.915800698093));
#978 = SURFACE_CURVE('',#979,(#982,#989),.PCURVE_S1.);
#979 = B_SPLINE_CURVE_WITH_KNOTS('',1,(#980,#981),.UNSPECIFIED.,.F.,.F.,
  (2,2),(0.,1.),.PIECEWISE_BEZIER_KNOTS.);
#980 = CARTESIAN_POINT('',(1.468870574416E+03,-105.3008057126,
    7.87782158912));
#981 = CARTESIAN_POINT('',(1.917596615928E+03,-474.3416490252,
    1.915800698093));
#982 = PCURVE('',#916,#983);
#983 = DEFINITIONAL_REPRESENTATION('',(#984),#988);
#984 = LINE('',#985,#986);
#985 = CARTESIAN_POINT('',(14.170898219969,0.));
#986 = VECTOR('',#987,1.);
#987 = DIRECTION('',(0.,1.));
#988 = ( GEOMETRIC_REPRESENTATION_CONTEXT(2) 
PARAMETRIC_REPRESENTATION_CONTEXT() REPRESENTATION_CONTEXT('2D SPACE',''
  ) );
#989 = PCURVE('',#990,#995);
#990 = B_SPLINE_SURFACE_WITH_KNOTS('',1,1,(
    (#991,#992)
    ,(#993,#994
    )),.UNSPECIFIED.,.F.,.F.,.F.,(2,2),(2,2),(0.,14.864944426889),(0.,1.
    ),.PIECEWISE_BEZIER_KNOTS.);
#991 = CARTESIAN_POINT('',(1.468870574416E+03,-105.3008057126,
    7.87782158912));
#992 = CARTESIAN_POINT('',(1.917596615928E+03,-474.3416490252,
    1.915800698093));
#993 = CARTESIAN_POINT('',(1.483717832728E+03,-105.3008057126,
    8.602730858033));
#994 = CARTESIAN_POINT('',(1.921207307985E+03,-474.3416490252,
    2.092090763529));
#995 = DEFINITIONAL_REPRESENTATION('',(#996),#1000);
#996 = LINE('',#997,#998);
#997 = CARTESIAN_POINT('',(0.,0.));
#998 = VECTOR('',#999,1.);
#999 = DIRECTION('',(0.,1.));
#1000 = ( GEOMETRIC_REPRESENTATION_CONTEXT(2) 
PARAMETRIC_REPRESENTATION_CONTEXT() REPRESENTATION_CONTEXT('2D SPACE',''
  ) );
#1001 = ORIENTED_EDGE('',*,*,#1002,.F.);
#1002 = EDGE_CURVE('',#902,#976,#1003,.T.);
#1003 = SURFACE_CURVE('',#1004,(#1008,#1014),.PCURVE_S1.);
#1004 = LINE('',#1005,#1006);
#1005 = CARTESIAN_POINT('',(1.914155705368E+03,-474.3416490252,
    1.724781332539));
#1006 = VECTOR('',#1007,1.);
#1007 = DIRECTION('',(0.998462639803,-0.,5.542884554302E-02));
#1008 = PCURVE('',#916,#1009);
#1009 = DEFINITIONAL_REPRESENTATION('',(#1010),#1013);
#1010 = B_SPLINE_CURVE_WITH_KNOTS('',1,(#1011,#1012),.UNSPECIFIED.,.F.,
  .F.,(2,2),(0.,3.446208624465),.PIECEWISE_BEZIER_KNOTS.);
#1011 = CARTESIAN_POINT('',(0.,1.));
#1012 = CARTESIAN_POINT('',(14.170898219969,1.));
#1013 = ( GEOMETRIC_REPRESENTATION_CONTEXT(2) 
PARAMETRIC_REPRESENTATION_CONTEXT() REPRESENTATION_CONTEXT('2D SPACE',''
  ) );
#1014 = PCURVE('',#98,#1015);
#1015 = DEFINITIONAL_REPRESENTATION('',(#1016),#1020);
#1016 = LINE('',#1017,#1018);
#1017 = CARTESIAN_POINT('',(-21.72562479779,1.724781332539));
#1018 = VECTOR('',#1019,1.);
#1019 = DIRECTION('',(-0.998462639803,5.542884554302E-02));
#1020 = ( GEOMETRIC_REPRESENTATION_CONTEXT(2) 
PARAMETRIC_REPRESENTATION_CONTEXT() REPRESENTATION_CONTEXT('2D SPACE',''
  ) );
#1021 = ORIENTED_EDGE('',*,*,#901,.F.);
#1022 = ADVANCED_FACE('',(#1023),#990,.F.);
#1023 = FACE_BOUND('',#1024,.F.);
#1024 = EDGE_LOOP('',(#1025,#1048,#1075,#1095));
#1025 = ORIENTED_EDGE('',*,*,#1026,.T.);
#1026 = EDGE_CURVE('',#953,#1027,#1029,.T.);
#1027 = VERTEX_POINT('',#1028);
#1028 = CARTESIAN_POINT('',(1.483717832728E+03,-105.3008057126,
    8.602730858033));
#1029 = SURFACE_CURVE('',#1030,(#1034,#1041),.PCURVE_S1.);
#1030 = LINE('',#1031,#1032);
#1031 = CARTESIAN_POINT('',(1.468870574416E+03,-105.3008057126,
    7.87782158912));
#1032 = VECTOR('',#1033,1.);
#1033 = DIRECTION('',(0.998810213146,-0.,4.87663625302E-02));
#1034 = PCURVE('',#990,#1035);
#1035 = DEFINITIONAL_REPRESENTATION('',(#1036),#1040);
#1036 = LINE('',#1037,#1038);
#1037 = CARTESIAN_POINT('',(0.,0.));
#1038 = VECTOR('',#1039,1.);
#1039 = DIRECTION('',(1.,0.));
#1040 = ( GEOMETRIC_REPRESENTATION_CONTEXT(2) 
PARAMETRIC_REPRESENTATION_CONTEXT() REPRESENTATION_CONTEXT('2D SPACE',''
  ) );
#1041 = PCURVE('',#44,#1042);
#1042 = DEFINITIONAL_REPRESENTATION('',(#1043),#1047);
#1043 = LINE('',#1044,#1045);
#1044 = CARTESIAN_POINT('',(-103.4854386294,7.87782158912));
#1045 = VECTOR('',#1046,1.);
#1046 = DIRECTION('',(-0.998810213146,4.87663625302E-02));
#1047 = ( GEOMETRIC_REPRESENTATION_CONTEXT(2) 
PARAMETRIC_REPRESENTATION_CONTEXT() REPRESENTATION_CONTEXT('2D SPACE',''
  ) );
#1048 = ORIENTED_EDGE('',*,*,#1049,.T.);
#1049 = EDGE_CURVE('',#1027,#1050,#1052,.T.);
#1050 = VERTEX_POINT('',#1051);
#1051 = CARTESIAN_POINT('',(1.921207307985E+03,-474.3416490252,
    2.092090763529));
#1052 = SURFACE_CURVE('',#1053,(#1056,#1063),.PCURVE_S1.);
#1053 = B_SPLINE_CURVE_WITH_KNOTS('',1,(#1054,#1055),.UNSPECIFIED.,.F.,
  .F.,(2,2),(0.,1.),.PIECEWISE_BEZIER_KNOTS.);
#1054 = CARTESIAN_POINT('',(1.483717832728E+03,-105.3008057126,
    8.602730858033));
#1055 = CARTESIAN_POINT('',(1.921207307985E+03,-474.3416490252,
    2.092090763529));
#1056 = PCURVE('',#990,#1057);
#1057 = DEFINITIONAL_REPRESENTATION('',(#1058),#1062);
#1058 = LINE('',#1059,#1060);
#1059 = CARTESIAN_POINT('',(14.864944426889,0.));
#1060 = VECTOR('',#1061,1.);
#1061 = DIRECTION('',(0.,1.));
#1062 = ( GEOMETRIC_REPRESENTATION_CONTEXT(2) 
PARAMETRIC_REPRESENTATION_CONTEXT() REPRESENTATION_CONTEXT('2D SPACE',''
  ) );
#1063 = PCURVE('',#1064,#1069);
#1064 = B_SPLINE_SURFACE_WITH_KNOTS('',1,1,(
    (#1065,#1066)
    ,(#1067,#1068
    )),.UNSPECIFIED.,.F.,.F.,.F.,(2,2),(2,2),(0.,15.467382564061),(0.,1.
    ),.PIECEWISE_BEZIER_KNOTS.);
#1065 = CARTESIAN_POINT('',(1.483717832728E+03,-105.3008057126,
    8.602730858033));
#1066 = CARTESIAN_POINT('',(1.921207307985E+03,-474.3416490252,
    2.092090763529));
#1067 = CARTESIAN_POINT('',(1.499171698621E+03,-105.3008057126,
    9.249223195182));
#1068 = CARTESIAN_POINT('',(1.924965520422E+03,-474.3416490252,
    2.249310682362));
#1069 = DEFINITIONAL_REPRESENTATION('',(#1070),#1074);
#1070 = LINE('',#1071,#1072);
#1071 = CARTESIAN_POINT('',(0.,0.));
#1072 = VECTOR('',#1073,1.);
#1073 = DIRECTION('',(0.,1.));
#1074 = ( GEOMETRIC_REPRESENTATION_CONTEXT(2) 
PARAMETRIC_REPRESENTATION_CONTEXT() REPRESENTATION_CONTEXT('2D SPACE',''
  ) );
#1075 = ORIENTED_EDGE('',*,*,#1076,.F.);
#1076 = EDGE_CURVE('',#976,#1050,#1077,.T.);
#1077 = SURFACE_CURVE('',#1078,(#1082,#1088),.PCURVE_S1.);
#1078 = LINE('',#1079,#1080);
#1079 = CARTESIAN_POINT('',(1.917596615928E+03,-474.3416490252,
    1.915800698093));
#1080 = VECTOR('',#1081,1.);
#1081 = DIRECTION('',(0.998810213146,-0.,4.87663625302E-02));
#1082 = PCURVE('',#990,#1083);
#1083 = DEFINITIONAL_REPRESENTATION('',(#1084),#1087);
#1084 = B_SPLINE_CURVE_WITH_KNOTS('',1,(#1085,#1086),.UNSPECIFIED.,.F.,
  .F.,(2,2),(0.,3.614993128237),.PIECEWISE_BEZIER_KNOTS.);
#1085 = CARTESIAN_POINT('',(0.,1.));
#1086 = CARTESIAN_POINT('',(14.864944426889,1.));
#1087 = ( GEOMETRIC_REPRESENTATION_CONTEXT(2) 
PARAMETRIC_REPRESENTATION_CONTEXT() REPRESENTATION_CONTEXT('2D SPACE',''
  ) );
#1088 = PCURVE('',#98,#1089);
#1089 = DEFINITIONAL_REPRESENTATION('',(#1090),#1094);
#1090 = LINE('',#1091,#1092);
#1091 = CARTESIAN_POINT('',(-25.16653535828,1.915800698093));
#1092 = VECTOR('',#1093,1.);
#1093 = DIRECTION('',(-0.998810213146,4.87663625302E-02));
#1094 = ( GEOMETRIC_REPRESENTATION_CONTEXT(2) 
PARAMETRIC_REPRESENTATION_CONTEXT() REPRESENTATION_CONTEXT('2D SPACE',''
  ) );
#1095 = ORIENTED_EDGE('',*,*,#975,.F.);
#1096 = ADVANCED_FACE('',(#1097),#1064,.F.);
#1097 = FACE_BOUND('',#1098,.F.);
#1098 = EDGE_LOOP('',(#1099,#1122,#1149,#1169));
#1099 = ORIENTED_EDGE('',*,*,#1100,.T.);
#1100 = EDGE_CURVE('',#1027,#1101,#1103,.T.);
#1101 = VERTEX_POINT('',#1102);
#1102 = CARTESIAN_POINT('',(1.499171698621E+03,-105.3008057126,
    9.249223195182));
#1103 = SURFACE_CURVE('',#1104,(#1108,#1115),.PCURVE_S1.);
#1104 = LINE('',#1105,#1106);
#1105 = CARTESIAN_POINT('',(1.483717832728E+03,-105.3008057126,
    8.602730858033));
#1106 = VECTOR('',#1107,1.);
#1107 = DIRECTION('',(0.999126117756,-0.,4.179713888055E-02));
#1108 = PCURVE('',#1064,#1109);
#1109 = DEFINITIONAL_REPRESENTATION('',(#1110),#1114);
#1110 = LINE('',#1111,#1112);
#1111 = CARTESIAN_POINT('',(0.,0.));
#1112 = VECTOR('',#1113,1.);
#1113 = DIRECTION('',(1.,0.));
#1114 = ( GEOMETRIC_REPRESENTATION_CONTEXT(2) 
PARAMETRIC_REPRESENTATION_CONTEXT() REPRESENTATION_CONTEXT('2D SPACE',''
  ) );
#1115 = PCURVE('',#44,#1116);
#1116 = DEFINITIONAL_REPRESENTATION('',(#1117),#1121);
#1117 = LINE('',#1118,#1119);
#1118 = CARTESIAN_POINT('',(-118.3326969409,8.602730858033));
#1119 = VECTOR('',#1120,1.);
#1120 = DIRECTION('',(-0.999126117756,4.179713888055E-02));
#1121 = ( GEOMETRIC_REPRESENTATION_CONTEXT(2) 
PARAMETRIC_REPRESENTATION_CONTEXT() REPRESENTATION_CONTEXT('2D SPACE',''
  ) );
#1122 = ORIENTED_EDGE('',*,*,#1123,.T.);
#1123 = EDGE_CURVE('',#1101,#1124,#1126,.T.);
#1124 = VERTEX_POINT('',#1125);
#1125 = CARTESIAN_POINT('',(1.924965520422E+03,-474.3416490252,
    2.249310682362));
#1126 = SURFACE_CURVE('',#1127,(#1130,#1137),.PCURVE_S1.);
#1127 = B_SPLINE_CURVE_WITH_KNOTS('',1,(#1128,#1129),.UNSPECIFIED.,.F.,
  .F.,(2,2),(0.,1.),.PIECEWISE_BEZIER_KNOTS.);
#1128 = CARTESIAN_POINT('',(1.499171698621E+03,-105.3008057126,
    9.249223195182));
#1129 = CARTESIAN_POINT('',(1.924965520422E+03,-474.3416490252,
    2.249310682362));
#1130 = PCURVE('',#1064,#1131);
#1131 = DEFINITIONAL_REPRESENTATION('',(#1132),#1136);
#1132 = LINE('',#1133,#1134);
#1133 = CARTESIAN_POINT('',(15.467382564061,0.));
#1134 = VECTOR('',#1135,1.);
#1135 = DIRECTION('',(0.,1.));
#1136 = ( GEOMETRIC_REPRESENTATION_CONTEXT(2) 
PARAMETRIC_REPRESENTATION_CONTEXT() REPRESENTATION_CONTEXT('2D SPACE',''
  ) );
#1137 = PCURVE('',#1138,#1143);
#1138 = B_SPLINE_SURFACE_WITH_KNOTS('',1,1,(
    (#1139,#1140)
    ,(#1141,#1142
    )),.UNSPECIFIED.,.F.,.F.,.F.,(2,2),(2,2),(0.,15.974740573272),(0.,1.
    ),.PIECEWISE_BEZIER_KNOTS.);
#1139 = CARTESIAN_POINT('',(1.499171698621E+03,-105.3008057126,
    9.249223195182));
#1140 = CARTESIAN_POINT('',(1.924965520422E+03,-474.3416490252,
    2.249310682362));
#1141 = CARTESIAN_POINT('',(1.515136893873E+03,-105.3008057126,
    9.801379813641));
#1142 = CARTESIAN_POINT('',(1.928848082608E+03,-474.3416490252,
    2.383589178407));
#1143 = DEFINITIONAL_REPRESENTATION('',(#1144),#1148);
#1144 = LINE('',#1145,#1146);
#1145 = CARTESIAN_POINT('',(0.,0.));
#1146 = VECTOR('',#1147,1.);
#1147 = DIRECTION('',(0.,1.));
#1148 = ( GEOMETRIC_REPRESENTATION_CONTEXT(2) 
PARAMETRIC_REPRESENTATION_CONTEXT() REPRESENTATION_CONTEXT('2D SPACE',''
  ) );
#1149 = ORIENTED_EDGE('',*,*,#1150,.F.);
#1150 = EDGE_CURVE('',#1050,#1124,#1151,.T.);
#1151 = SURFACE_CURVE('',#1152,(#1156,#1162),.PCURVE_S1.);
#1152 = LINE('',#1153,#1154);
#1153 = CARTESIAN_POINT('',(1.921207307985E+03,-474.3416490252,
    2.092090763529));
#1154 = VECTOR('',#1155,1.);
#1155 = DIRECTION('',(0.999126117756,-0.,4.179713888055E-02));
#1156 = PCURVE('',#1064,#1157);
#1157 = DEFINITIONAL_REPRESENTATION('',(#1158),#1161);
#1158 = B_SPLINE_CURVE_WITH_KNOTS('',1,(#1159,#1160),.UNSPECIFIED.,.F.,
  .F.,(2,2),(0.,3.761499543837),.PIECEWISE_BEZIER_KNOTS.);
#1159 = CARTESIAN_POINT('',(0.,1.));
#1160 = CARTESIAN_POINT('',(15.467382564061,1.));
#1161 = ( GEOMETRIC_REPRESENTATION_CONTEXT(2) 
PARAMETRIC_REPRESENTATION_CONTEXT() REPRESENTATION_CONTEXT('2D SPACE',''
  ) );
#1162 = PCURVE('',#98,#1163);
#1163 = DEFINITIONAL_REPRESENTATION('',(#1164),#1168);
#1164 = LINE('',#1165,#1166);
#1165 = CARTESIAN_POINT('',(-28.77722741522,2.092090763529));
#1166 = VECTOR('',#1167,1.);
#1167 = DIRECTION('',(-0.999126117756,4.179713888055E-02));
#1168 = ( GEOMETRIC_REPRESENTATION_CONTEXT(2) 
PARAMETRIC_REPRESENTATION_CONTEXT() REPRESENTATION_CONTEXT('2D SPACE',''
  ) );
#1169 = ORIENTED_EDGE('',*,*,#1049,.F.);
#1170 = ADVANCED_FACE('',(#1171),#1138,.F.);
#1171 = FACE_BOUND('',#1172,.F.);
#1172 = EDGE_LOOP('',(#1173,#1196,#1223,#1243));
#1173 = ORIENTED_EDGE('',*,*,#1174,.T.);
#1174 = EDGE_CURVE('',#1101,#1175,#1177,.T.);
#1175 = VERTEX_POINT('',#1176);
#1176 = CARTESIAN_POINT('',(1.515136893873E+03,-105.3008057126,
    9.801379813641));
#1177 = SURFACE_CURVE('',#1178,(#1182,#1189),.PCURVE_S1.);
#1178 = LINE('',#1179,#1180);
#1179 = CARTESIAN_POINT('',(1.499171698621E+03,-105.3008057126,
    9.249223195182));
#1180 = VECTOR('',#1181,1.);
#1181 = DIRECTION('',(0.999402474132,-0.,3.456435589212E-02));
#1182 = PCURVE('',#1138,#1183);
#1183 = DEFINITIONAL_REPRESENTATION('',(#1184),#1188);
#1184 = LINE('',#1185,#1186);
#1185 = CARTESIAN_POINT('',(0.,0.));
#1186 = VECTOR('',#1187,1.);
#1187 = DIRECTION('',(1.,0.));
#1188 = ( GEOMETRIC_REPRESENTATION_CONTEXT(2) 
PARAMETRIC_REPRESENTATION_CONTEXT() REPRESENTATION_CONTEXT('2D SPACE',''
  ) );
#1189 = PCURVE('',#44,#1190);
#1190 = DEFINITIONAL_REPRESENTATION('',(#1191),#1195);
#1191 = LINE('',#1192,#1193);
#1192 = CARTESIAN_POINT('',(-133.7865628339,9.249223195182));
#1193 = VECTOR('',#1194,1.);
#1194 = DIRECTION('',(-0.999402474132,3.456435589212E-02));
#1195 = ( GEOMETRIC_REPRESENTATION_CONTEXT(2) 
PARAMETRIC_REPRESENTATION_CONTEXT() REPRESENTATION_CONTEXT('2D SPACE',''
  ) );
#1196 = ORIENTED_EDGE('',*,*,#1197,.T.);
#1197 = EDGE_CURVE('',#1175,#1198,#1200,.T.);
#1198 = VERTEX_POINT('',#1199);
#1199 = CARTESIAN_POINT('',(1.928848082608E+03,-474.3416490252,
    2.383589178407));
#1200 = SURFACE_CURVE('',#1201,(#1204,#1211),.PCURVE_S1.);
#1201 = B_SPLINE_CURVE_WITH_KNOTS('',1,(#1202,#1203),.UNSPECIFIED.,.F.,
  .F.,(2,2),(0.,1.),.PIECEWISE_BEZIER_KNOTS.);
#1202 = CARTESIAN_POINT('',(1.515136893873E+03,-105.3008057126,
    9.801379813641));
#1203 = CARTESIAN_POINT('',(1.928848082608E+03,-474.3416490252,
    2.383589178407));
#1204 = PCURVE('',#1138,#1205);
#1205 = DEFINITIONAL_REPRESENTATION('',(#1206),#1210);
#1206 = LINE('',#1207,#1208);
#1207 = CARTESIAN_POINT('',(15.974740573272,0.));
#1208 = VECTOR('',#1209,1.);
#1209 = DIRECTION('',(0.,1.));
#1210 = ( GEOMETRIC_REPRESENTATION_CONTEXT(2) 
PARAMETRIC_REPRESENTATION_CONTEXT() REPRESENTATION_CONTEXT('2D SPACE',''
  ) );
#1211 = PCURVE('',#1212,#1217);
#1212 = B_SPLINE_SURFACE_WITH_KNOTS('',1,1,(
    (#1213,#1214)
    ,(#1215,#1216
    )),.UNSPECIFIED.,.F.,.F.,.F.,(2,2),(2,2),(0.,16.384117149896),(0.,1.
    ),.PIECEWISE_BEZIER_KNOTS.);
#1213 = CARTESIAN_POINT('',(1.515136893873E+03,-105.3008057126,
    9.801379813641));
#1214 = CARTESIAN_POINT('',(1.928848082608E+03,-474.3416490252,
    2.383589178407));
#1215 = CARTESIAN_POINT('',(1.531514987748E+03,-105.3008057126,
    10.245604784961));
#1216 = CARTESIAN_POINT('',(1.932831057256E+03,-474.3416490252,
    2.491619869447));
#1217 = DEFINITIONAL_REPRESENTATION('',(#1218),#1222);
#1218 = LINE('',#1219,#1220);
#1219 = CARTESIAN_POINT('',(0.,0.));
#1220 = VECTOR('',#1221,1.);
#1221 = DIRECTION('',(0.,1.));
#1222 = ( GEOMETRIC_REPRESENTATION_CONTEXT(2) 
PARAMETRIC_REPRESENTATION_CONTEXT() REPRESENTATION_CONTEXT('2D SPACE',''
  ) );
#1223 = ORIENTED_EDGE('',*,*,#1224,.F.);
#1224 = EDGE_CURVE('',#1124,#1198,#1225,.T.);
#1225 = SURFACE_CURVE('',#1226,(#1230,#1236),.PCURVE_S1.);
#1226 = LINE('',#1227,#1228);
#1227 = CARTESIAN_POINT('',(1.924965520422E+03,-474.3416490252,
    2.249310682362));
#1228 = VECTOR('',#1229,1.);
#1229 = DIRECTION('',(0.999402474132,-0.,3.456435589212E-02));
#1230 = PCURVE('',#1138,#1231);
#1231 = DEFINITIONAL_REPRESENTATION('',(#1232),#1235);
#1232 = B_SPLINE_CURVE_WITH_KNOTS('',1,(#1233,#1234),.UNSPECIFIED.,.F.,
  .F.,(2,2),(0.,3.884883504394),.PIECEWISE_BEZIER_KNOTS.);
#1233 = CARTESIAN_POINT('',(0.,1.));
#1234 = CARTESIAN_POINT('',(15.974740573272,1.));
#1235 = ( GEOMETRIC_REPRESENTATION_CONTEXT(2) 
PARAMETRIC_REPRESENTATION_CONTEXT() REPRESENTATION_CONTEXT('2D SPACE',''
  ) );
#1236 = PCURVE('',#98,#1237);
#1237 = DEFINITIONAL_REPRESENTATION('',(#1238),#1242);
#1238 = LINE('',#1239,#1240);
#1239 = CARTESIAN_POINT('',(-32.53543985139,2.249310682362));
#1240 = VECTOR('',#1241,1.);
#1241 = DIRECTION('',(-0.999402474132,3.456435589212E-02));
#1242 = ( GEOMETRIC_REPRESENTATION_CONTEXT(2) 
PARAMETRIC_REPRESENTATION_CONTEXT() REPRESENTATION_CONTEXT('2D SPACE',''
  ) );
#1243 = ORIENTED_EDGE('',*,*,#1123,.F.);
#1244 = ADVANCED_FACE('',(#1245),#1212,.F.);
#1245 = FACE_BOUND('',#1246,.F.);
#1246 = EDGE_LOOP('',(#1247,#1270,#1297,#1317));
#1247 = ORIENTED_EDGE('',*,*,#1248,.T.);
#1248 = EDGE_CURVE('',#1175,#1249,#1251,.T.);
#1249 = VERTEX_POINT('',#1250);
#1250 = CARTESIAN_POINT('',(1.531514987748E+03,-105.3008057126,
    10.245604784961));
#1251 = SURFACE_CURVE('',#1252,(#1256,#1263),.PCURVE_S1.);
#1252 = LINE('',#1253,#1254);
#1253 = CARTESIAN_POINT('',(1.515136893873E+03,-105.3008057126,
    9.801379813641));
#1254 = VECTOR('',#1255,1.);
#1255 = DIRECTION('',(0.999632371063,-0.,2.711314666855E-02));
#1256 = PCURVE('',#1212,#1257);
#1257 = DEFINITIONAL_REPRESENTATION('',(#1258),#1262);
#1258 = LINE('',#1259,#1260);
#1259 = CARTESIAN_POINT('',(0.,0.));
#1260 = VECTOR('',#1261,1.);
#1261 = DIRECTION('',(1.,0.));
#1262 = ( GEOMETRIC_REPRESENTATION_CONTEXT(2) 
PARAMETRIC_REPRESENTATION_CONTEXT() REPRESENTATION_CONTEXT('2D SPACE',''
  ) );
#1263 = PCURVE('',#44,#1264);
#1264 = DEFINITIONAL_REPRESENTATION('',(#1265),#1269);
#1265 = LINE('',#1266,#1267);
#1266 = CARTESIAN_POINT('',(-149.7517580865,9.801379813641));
#1267 = VECTOR('',#1268,1.);
#1268 = DIRECTION('',(-0.999632371063,2.711314666855E-02));
#1269 = ( GEOMETRIC_REPRESENTATION_CONTEXT(2) 
PARAMETRIC_REPRESENTATION_CONTEXT() REPRESENTATION_CONTEXT('2D SPACE',''
  ) );
#1270 = ORIENTED_EDGE('',*,*,#1271,.T.);
#1271 = EDGE_CURVE('',#1249,#1272,#1274,.T.);
#1272 = VERTEX_POINT('',#1273);
#1273 = CARTESIAN_POINT('',(1.932831057256E+03,-474.3416490252,
    2.491619869447));
#1274 = SURFACE_CURVE('',#1275,(#1278,#1285),.PCURVE_S1.);
#1275 = B_SPLINE_CURVE_WITH_KNOTS('',1,(#1276,#1277),.UNSPECIFIED.,.F.,
  .F.,(2,2),(0.,1.),.PIECEWISE_BEZIER_KNOTS.);
#1276 = CARTESIAN_POINT('',(1.531514987748E+03,-105.3008057126,
    10.245604784961));
#1277 = CARTESIAN_POINT('',(1.932831057256E+03,-474.3416490252,
    2.491619869447));
#1278 = PCURVE('',#1212,#1279);
#1279 = DEFINITIONAL_REPRESENTATION('',(#1280),#1284);
#1280 = LINE('',#1281,#1282);
#1281 = CARTESIAN_POINT('',(16.384117149896,0.));
#1282 = VECTOR('',#1283,1.);
#1283 = DIRECTION('',(0.,1.));
#1284 = ( GEOMETRIC_REPRESENTATION_CONTEXT(2) 
PARAMETRIC_REPRESENTATION_CONTEXT() REPRESENTATION_CONTEXT('2D SPACE',''
  ) );
#1285 = PCURVE('',#1286,#1291);
#1286 = B_SPLINE_SURFACE_WITH_KNOTS('',1,1,(
    (#1287,#1288)
    ,(#1289,#1290
    )),.UNSPECIFIED.,.F.,.F.,.F.,(2,2),(2,2),(0.,16.693187033979),(0.,1.
    ),.PIECEWISE_BEZIER_KNOTS.);
#1287 = CARTESIAN_POINT('',(1.531514987748E+03,-105.3008057126,
    10.245604784961));
#1288 = CARTESIAN_POINT('',(1.932831057256E+03,-474.3416490252,
    2.491619869447));
#1289 = CARTESIAN_POINT('',(1.548205003849E+03,-105.3008057126,
    10.570959816049));
#1290 = CARTESIAN_POINT('',(1.936889888005E+03,-474.3416490252,
    2.570742681336));
#1291 = DEFINITIONAL_REPRESENTATION('',(#1292),#1296);
#1292 = LINE('',#1293,#1294);
#1293 = CARTESIAN_POINT('',(0.,0.));
#1294 = VECTOR('',#1295,1.);
#1295 = DIRECTION('',(0.,1.));
#1296 = ( GEOMETRIC_REPRESENTATION_CONTEXT(2) 
PARAMETRIC_REPRESENTATION_CONTEXT() REPRESENTATION_CONTEXT('2D SPACE',''
  ) );
#1297 = ORIENTED_EDGE('',*,*,#1298,.F.);
#1298 = EDGE_CURVE('',#1198,#1272,#1299,.T.);
#1299 = SURFACE_CURVE('',#1300,(#1304,#1310),.PCURVE_S1.);
#1300 = LINE('',#1301,#1302);
#1301 = CARTESIAN_POINT('',(1.928848082608E+03,-474.3416490252,
    2.383589178407));
#1302 = VECTOR('',#1303,1.);
#1303 = DIRECTION('',(0.999632371063,-0.,2.711314666855E-02));
#1304 = PCURVE('',#1212,#1305);
#1305 = DEFINITIONAL_REPRESENTATION('',(#1306),#1309);
#1306 = B_SPLINE_CURVE_WITH_KNOTS('',1,(#1307,#1308),.UNSPECIFIED.,.F.,
  .F.,(2,2),(0.,3.984439444117),.PIECEWISE_BEZIER_KNOTS.);
#1307 = CARTESIAN_POINT('',(0.,1.));
#1308 = CARTESIAN_POINT('',(16.384117149896,1.));
#1309 = ( GEOMETRIC_REPRESENTATION_CONTEXT(2) 
PARAMETRIC_REPRESENTATION_CONTEXT() REPRESENTATION_CONTEXT('2D SPACE',''
  ) );
#1310 = PCURVE('',#98,#1311);
#1311 = DEFINITIONAL_REPRESENTATION('',(#1312),#1316);
#1312 = LINE('',#1313,#1314);
#1313 = CARTESIAN_POINT('',(-36.4180020374,2.383589178407));
#1314 = VECTOR('',#1315,1.);
#1315 = DIRECTION('',(-0.999632371063,2.711314666855E-02));
#1316 = ( GEOMETRIC_REPRESENTATION_CONTEXT(2) 
PARAMETRIC_REPRESENTATION_CONTEXT() REPRESENTATION_CONTEXT('2D SPACE',''
  ) );
#1317 = ORIENTED_EDGE('',*,*,#1197,.F.);
#1318 = ADVANCED_FACE('',(#1319),#1286,.F.);
#1319 = FACE_BOUND('',#1320,.F.);
#1320 = EDGE_LOOP('',(#1321,#1344,#1371,#1391));
#1321 = ORIENTED_EDGE('',*,*,#1322,.T.);
#1322 = EDGE_CURVE('',#1249,#1323,#1325,.T.);
#1323 = VERTEX_POINT('',#1324);
#1324 = CARTESIAN_POINT('',(1.548205003849E+03,-105.3008057126,
    10.570959816049));
#1325 = SURFACE_CURVE('',#1326,(#1330,#1337),.PCURVE_S1.);
#1326 = LINE('',#1327,#1328);
#1327 = CARTESIAN_POINT('',(1.531514987748E+03,-105.3008057126,
    10.245604784961));
#1328 = VECTOR('',#1329,1.);
#1329 = DIRECTION('',(0.999810046286,-0.,1.949028848873E-02));
#1330 = PCURVE('',#1286,#1331);
#1331 = DEFINITIONAL_REPRESENTATION('',(#1332),#1336);
#1332 = LINE('',#1333,#1334);
#1333 = CARTESIAN_POINT('',(0.,0.));
#1334 = VECTOR('',#1335,1.);
#1335 = DIRECTION('',(1.,0.));
#1336 = ( GEOMETRIC_REPRESENTATION_CONTEXT(2) 
PARAMETRIC_REPRESENTATION_CONTEXT() REPRESENTATION_CONTEXT('2D SPACE',''
  ) );
#1337 = PCURVE('',#44,#1338);
#1338 = DEFINITIONAL_REPRESENTATION('',(#1339),#1343);
#1339 = LINE('',#1340,#1341);
#1340 = CARTESIAN_POINT('',(-166.1298519608,10.245604784961));
#1341 = VECTOR('',#1342,1.);
#1342 = DIRECTION('',(-0.999810046286,1.949028848873E-02));
#1343 = ( GEOMETRIC_REPRESENTATION_CONTEXT(2) 
PARAMETRIC_REPRESENTATION_CONTEXT() REPRESENTATION_CONTEXT('2D SPACE',''
  ) );
#1344 = ORIENTED_EDGE('',*,*,#1345,.T.);
#1345 = EDGE_CURVE('',#1323,#1346,#1348,.T.);
#1346 = VERTEX_POINT('',#1347);
#1347 = CARTESIAN_POINT('',(1.936889888005E+03,-474.3416490252,
    2.570742681336));
#1348 = SURFACE_CURVE('',#1349,(#1352,#1359),.PCURVE_S1.);
#1349 = B_SPLINE_CURVE_WITH_KNOTS('',1,(#1350,#1351),.UNSPECIFIED.,.F.,
  .F.,(2,2),(0.,1.),.PIECEWISE_BEZIER_KNOTS.);
#1350 = CARTESIAN_POINT('',(1.548205003849E+03,-105.3008057126,
    10.570959816049));
#1351 = CARTESIAN_POINT('',(1.936889888005E+03,-474.3416490252,
    2.570742681336));
#1352 = PCURVE('',#1286,#1353);
#1353 = DEFINITIONAL_REPRESENTATION('',(#1354),#1358);
#1354 = LINE('',#1355,#1356);
#1355 = CARTESIAN_POINT('',(16.693187033979,0.));
#1356 = VECTOR('',#1357,1.);
#1357 = DIRECTION('',(0.,1.));
#1358 = ( GEOMETRIC_REPRESENTATION_CONTEXT(2) 
PARAMETRIC_REPRESENTATION_CONTEXT() REPRESENTATION_CONTEXT('2D SPACE',''
  ) );
#1359 = PCURVE('',#1360,#1365);
#1360 = B_SPLINE_SURFACE_WITH_KNOTS('',1,1,(
    (#1361,#1362)
    ,(#1363,#1364
    )),.UNSPECIFIED.,.F.,.F.,.F.,(2,2),(2,2),(0.,16.900204293701),(0.,1.
    ),.PIECEWISE_BEZIER_KNOTS.);
#1361 = CARTESIAN_POINT('',(1.548205003849E+03,-105.3008057126,
    10.570959816049));
#1362 = CARTESIAN_POINT('',(1.936889888005E+03,-474.3416490252,
    2.570742681336));
#1363 = CARTESIAN_POINT('',(1.565104042677E+03,-105.3008057126,
    10.76943358625));
#1364 = CARTESIAN_POINT('',(1.940999550812E+03,-474.3416490252,
    2.61900934785));
#1365 = DEFINITIONAL_REPRESENTATION('',(#1366),#1370);
#1366 = LINE('',#1367,#1368);
#1367 = CARTESIAN_POINT('',(0.,0.));
#1368 = VECTOR('',#1369,1.);
#1369 = DIRECTION('',(0.,1.));
#1370 = ( GEOMETRIC_REPRESENTATION_CONTEXT(2) 
PARAMETRIC_REPRESENTATION_CONTEXT() REPRESENTATION_CONTEXT('2D SPACE',''
  ) );
#1371 = ORIENTED_EDGE('',*,*,#1372,.F.);
#1372 = EDGE_CURVE('',#1272,#1346,#1373,.T.);
#1373 = SURFACE_CURVE('',#1374,(#1378,#1384),.PCURVE_S1.);
#1374 = LINE('',#1375,#1376);
#1375 = CARTESIAN_POINT('',(1.932831057256E+03,-474.3416490252,
    2.491619869447));
#1376 = VECTOR('',#1377,1.);
#1377 = DIRECTION('',(0.999810046286,-0.,1.949028848873E-02));
#1378 = PCURVE('',#1286,#1379);
#1379 = DEFINITIONAL_REPRESENTATION('',(#1380),#1383);
#1380 = B_SPLINE_CURVE_WITH_KNOTS('',1,(#1381,#1382),.UNSPECIFIED.,.F.,
  .F.,(2,2),(0.,4.059601885027),.PIECEWISE_BEZIER_KNOTS.);
#1381 = CARTESIAN_POINT('',(0.,1.));
#1382 = CARTESIAN_POINT('',(16.693187033979,1.));
#1383 = ( GEOMETRIC_REPRESENTATION_CONTEXT(2) 
PARAMETRIC_REPRESENTATION_CONTEXT() REPRESENTATION_CONTEXT('2D SPACE',''
  ) );
#1384 = PCURVE('',#98,#1385);
#1385 = DEFINITIONAL_REPRESENTATION('',(#1386),#1390);
#1386 = LINE('',#1387,#1388);
#1387 = CARTESIAN_POINT('',(-40.40097668628,2.491619869447));
#1388 = VECTOR('',#1389,1.);
#1389 = DIRECTION('',(-0.999810046286,1.949028848873E-02));
#1390 = ( GEOMETRIC_REPRESENTATION_CONTEXT(2) 
PARAMETRIC_REPRESENTATION_CONTEXT() REPRESENTATION_CONTEXT('2D SPACE',''
  ) );
#1391 = ORIENTED_EDGE('',*,*,#1271,.F.);
#1392 = ADVANCED_FACE('',(#1393),#1360,.F.);
#1393 = FACE_BOUND('',#1394,.F.);
#1394 = EDGE_LOOP('',(#1395,#1418,#1445,#1465));
#1395 = ORIENTED_EDGE('',*,*,#1396,.T.);
#1396 = EDGE_CURVE('',#1323,#1397,#1399,.T.);
#1397 = VERTEX_POINT('',#1398);
#1398 = CARTESIAN_POINT('',(1.565104042677E+03,-105.3008057126,
    10.76943358625));
#1399 = SURFACE_CURVE('',#1400,(#1404,#1411),.PCURVE_S1.);
#1400 = LINE('',#1401,#1402);
#1401 = CARTESIAN_POINT('',(1.548205003849E+03,-105.3008057126,
    10.570959816049));
#1402 = VECTOR('',#1403,1.);
#1403 = DIRECTION('',(0.999931038403,-0.,1.174386810665E-02));
#1404 = PCURVE('',#1360,#1405);
#1405 = DEFINITIONAL_REPRESENTATION('',(#1406),#1410);
#1406 = LINE('',#1407,#1408);
#1407 = CARTESIAN_POINT('',(0.,0.));
#1408 = VECTOR('',#1409,1.);
#1409 = DIRECTION('',(1.,0.));
#1410 = ( GEOMETRIC_REPRESENTATION_CONTEXT(2) 
PARAMETRIC_REPRESENTATION_CONTEXT() REPRESENTATION_CONTEXT('2D SPACE',''
  ) );
#1411 = PCURVE('',#44,#1412);
#1412 = DEFINITIONAL_REPRESENTATION('',(#1413),#1417);
#1413 = LINE('',#1414,#1415);
#1414 = CARTESIAN_POINT('',(-182.8198680619,10.570959816049));
#1415 = VECTOR('',#1416,1.);
#1416 = DIRECTION('',(-0.999931038403,1.174386810665E-02));
#1417 = ( GEOMETRIC_REPRESENTATION_CONTEXT(2) 
PARAMETRIC_REPRESENTATION_CONTEXT() REPRESENTATION_CONTEXT('2D SPACE',''
  ) );
#1418 = ORIENTED_EDGE('',*,*,#1419,.T.);
#1419 = EDGE_CURVE('',#1397,#1420,#1422,.T.);
#1420 = VERTEX_POINT('',#1421);
#1421 = CARTESIAN_POINT('',(1.940999550812E+03,-474.3416490252,
    2.61900934785));
#1422 = SURFACE_CURVE('',#1423,(#1426,#1433),.PCURVE_S1.);
#1423 = B_SPLINE_CURVE_WITH_KNOTS('',1,(#1424,#1425),.UNSPECIFIED.,.F.,
  .F.,(2,2),(0.,1.),.PIECEWISE_BEZIER_KNOTS.);
#1424 = CARTESIAN_POINT('',(1.565104042677E+03,-105.3008057126,
    10.76943358625));
#1425 = CARTESIAN_POINT('',(1.940999550812E+03,-474.3416490252,
    2.61900934785));
#1426 = PCURVE('',#1360,#1427);
#1427 = DEFINITIONAL_REPRESENTATION('',(#1428),#1432);
#1428 = LINE('',#1429,#1430);
#1429 = CARTESIAN_POINT('',(16.900204293701,0.));
#1430 = VECTOR('',#1431,1.);
#1431 = DIRECTION('',(0.,1.));
#1432 = ( GEOMETRIC_REPRESENTATION_CONTEXT(2) 
PARAMETRIC_REPRESENTATION_CONTEXT() REPRESENTATION_CONTEXT('2D SPACE',''
  ) );
#1433 = PCURVE('',#1434,#1439);
#1434 = B_SPLINE_SURFACE_WITH_KNOTS('',1,1,(
    (#1435,#1436)
    ,(#1437,#1438
    )),.UNSPECIFIED.,.F.,.F.,.F.,(2,2),(2,2),(0.,17.004004202948),(0.,1.
    ),.PIECEWISE_BEZIER_KNOTS.);
#1435 = CARTESIAN_POINT('',(1.565104042677E+03,-105.3008057126,
    10.76943358625));
#1436 = CARTESIAN_POINT('',(1.940999550812E+03,-474.3416490252,
    2.61900934785));
#1437 = CARTESIAN_POINT('',(1.58210791604E+03,-105.3008057126,
    10.836139012644));
#1438 = CARTESIAN_POINT('',(1.94513470824E+03,-474.3416490252,
    2.635231383474));
#1439 = DEFINITIONAL_REPRESENTATION('',(#1440),#1444);
#1440 = LINE('',#1441,#1442);
#1441 = CARTESIAN_POINT('',(0.,0.));
#1442 = VECTOR('',#1443,1.);
#1443 = DIRECTION('',(0.,1.));
#1444 = ( GEOMETRIC_REPRESENTATION_CONTEXT(2) 
PARAMETRIC_REPRESENTATION_CONTEXT() REPRESENTATION_CONTEXT('2D SPACE',''
  ) );
#1445 = ORIENTED_EDGE('',*,*,#1446,.F.);
#1446 = EDGE_CURVE('',#1346,#1420,#1447,.T.);
#1447 = SURFACE_CURVE('',#1448,(#1452,#1458),.PCURVE_S1.);
#1448 = LINE('',#1449,#1450);
#1449 = CARTESIAN_POINT('',(1.936889888005E+03,-474.3416490252,
    2.570742681336));
#1450 = VECTOR('',#1451,1.);
#1451 = DIRECTION('',(0.999931038403,-0.,1.174386810665E-02));
#1452 = PCURVE('',#1360,#1453);
#1453 = DEFINITIONAL_REPRESENTATION('',(#1454),#1457);
#1454 = B_SPLINE_CURVE_WITH_KNOTS('',1,(#1455,#1456),.UNSPECIFIED.,.F.,
  .F.,(2,2),(0.,4.109946235455),.PIECEWISE_BEZIER_KNOTS.);
#1455 = CARTESIAN_POINT('',(0.,1.));
#1456 = CARTESIAN_POINT('',(16.900204293701,1.));
#1457 = ( GEOMETRIC_REPRESENTATION_CONTEXT(2) 
PARAMETRIC_REPRESENTATION_CONTEXT() REPRESENTATION_CONTEXT('2D SPACE',''
  ) );
#1458 = PCURVE('',#98,#1459);
#1459 = DEFINITIONAL_REPRESENTATION('',(#1460),#1464);
#1460 = LINE('',#1461,#1462);
#1461 = CARTESIAN_POINT('',(-44.45980743485,2.570742681336));
#1462 = VECTOR('',#1463,1.);
#1463 = DIRECTION('',(-0.999931038403,1.174386810665E-02));
#1464 = ( GEOMETRIC_REPRESENTATION_CONTEXT(2) 
PARAMETRIC_REPRESENTATION_CONTEXT() REPRESENTATION_CONTEXT('2D SPACE',''
  ) );
#1465 = ORIENTED_EDGE('',*,*,#1345,.F.);
#1466 = ADVANCED_FACE('',(#1467),#1434,.F.);
#1467 = FACE_BOUND('',#1468,.F.);
#1468 = EDGE_LOOP('',(#1469,#1492,#1519,#1539));
#1469 = ORIENTED_EDGE('',*,*,#1470,.T.);
#1470 = EDGE_CURVE('',#1397,#1471,#1473,.T.);
#1471 = VERTEX_POINT('',#1472);
#1472 = CARTESIAN_POINT('',(1.58210791604E+03,-105.3008057126,
    10.836139012644));
#1473 = SURFACE_CURVE('',#1474,(#1478,#1485),.PCURVE_S1.);
#1474 = LINE('',#1475,#1476);
#1475 = CARTESIAN_POINT('',(1.565104042677E+03,-105.3008057126,
    10.76943358625));
#1476 = VECTOR('',#1477,1.);
#1477 = DIRECTION('',(0.999992305302,-0.,3.922924600439E-03));
#1478 = PCURVE('',#1434,#1479);
#1479 = DEFINITIONAL_REPRESENTATION('',(#1480),#1484);
#1480 = LINE('',#1481,#1482);
#1481 = CARTESIAN_POINT('',(0.,0.));
#1482 = VECTOR('',#1483,1.);
#1483 = DIRECTION('',(1.,0.));
#1484 = ( GEOMETRIC_REPRESENTATION_CONTEXT(2) 
PARAMETRIC_REPRESENTATION_CONTEXT() REPRESENTATION_CONTEXT('2D SPACE',''
  ) );
#1485 = PCURVE('',#44,#1486);
#1486 = DEFINITIONAL_REPRESENTATION('',(#1487),#1491);
#1487 = LINE('',#1488,#1489);
#1488 = CARTESIAN_POINT('',(-199.7189068906,10.76943358625));
#1489 = VECTOR('',#1490,1.);
#1490 = DIRECTION('',(-0.999992305302,3.922924600439E-03));
#1491 = ( GEOMETRIC_REPRESENTATION_CONTEXT(2) 
PARAMETRIC_REPRESENTATION_CONTEXT() REPRESENTATION_CONTEXT('2D SPACE',''
  ) );
#1492 = ORIENTED_EDGE('',*,*,#1493,.T.);
#1493 = EDGE_CURVE('',#1471,#1494,#1496,.T.);
#1494 = VERTEX_POINT('',#1495);
#1495 = CARTESIAN_POINT('',(1.94513470824E+03,-474.3416490252,
    2.635231383474));
#1496 = SURFACE_CURVE('',#1497,(#1500,#1507),.PCURVE_S1.);
#1497 = B_SPLINE_CURVE_WITH_KNOTS('',1,(#1498,#1499),.UNSPECIFIED.,.F.,
  .F.,(2,2),(0.,1.),.PIECEWISE_BEZIER_KNOTS.);
#1498 = CARTESIAN_POINT('',(1.58210791604E+03,-105.3008057126,
    10.836139012644));
#1499 = CARTESIAN_POINT('',(1.94513470824E+03,-474.3416490252,
    2.635231383474));
#1500 = PCURVE('',#1434,#1501);
#1501 = DEFINITIONAL_REPRESENTATION('',(#1502),#1506);
#1502 = LINE('',#1503,#1504);
#1503 = CARTESIAN_POINT('',(17.004004202948,0.));
#1504 = VECTOR('',#1505,1.);
#1505 = DIRECTION('',(0.,1.));
#1506 = ( GEOMETRIC_REPRESENTATION_CONTEXT(2) 
PARAMETRIC_REPRESENTATION_CONTEXT() REPRESENTATION_CONTEXT('2D SPACE',''
  ) );
#1507 = PCURVE('',#1508,#1513);
#1508 = B_SPLINE_SURFACE_WITH_KNOTS('',1,1,(
    (#1509,#1510)
    ,(#1511,#1512
    )),.UNSPECIFIED.,.F.,.F.,.F.,(2,2),(2,2),(0.,17.004004202947),(0.,1.
    ),.PIECEWISE_BEZIER_KNOTS.);
#1509 = CARTESIAN_POINT('',(1.58210791604E+03,-105.3008057126,
    10.836139012644));
#1510 = CARTESIAN_POINT('',(1.94513470824E+03,-474.3416490252,
    2.635231383474));
#1511 = CARTESIAN_POINT('',(1.599111789402E+03,-105.3008057126,
    10.76943358625));
#1512 = CARTESIAN_POINT('',(1.949269865667E+03,-474.3416490252,
    2.61900934785));
#1513 = DEFINITIONAL_REPRESENTATION('',(#1514),#1518);
#1514 = LINE('',#1515,#1516);
#1515 = CARTESIAN_POINT('',(0.,0.));
#1516 = VECTOR('',#1517,1.);
#1517 = DIRECTION('',(0.,1.));
#1518 = ( GEOMETRIC_REPRESENTATION_CONTEXT(2) 
PARAMETRIC_REPRESENTATION_CONTEXT() REPRESENTATION_CONTEXT('2D SPACE',''
  ) );
#1519 = ORIENTED_EDGE('',*,*,#1520,.F.);
#1520 = EDGE_CURVE('',#1420,#1494,#1521,.T.);
#1521 = SURFACE_CURVE('',#1522,(#1526,#1532),.PCURVE_S1.);
#1522 = LINE('',#1523,#1524);
#1523 = CARTESIAN_POINT('',(1.940999550812E+03,-474.3416490252,
    2.61900934785));
#1524 = VECTOR('',#1525,1.);
#1525 = DIRECTION('',(0.999992305302,-0.,3.922924600439E-03));
#1526 = PCURVE('',#1434,#1527);
#1527 = DEFINITIONAL_REPRESENTATION('',(#1528),#1531);
#1528 = B_SPLINE_CURVE_WITH_KNOTS('',1,(#1529,#1530),.UNSPECIFIED.,.F.,
  .F.,(2,2),(0.,4.135189246653),.PIECEWISE_BEZIER_KNOTS.);
#1529 = CARTESIAN_POINT('',(0.,1.));
#1530 = CARTESIAN_POINT('',(17.004004202948,1.));
#1531 = ( GEOMETRIC_REPRESENTATION_CONTEXT(2) 
PARAMETRIC_REPRESENTATION_CONTEXT() REPRESENTATION_CONTEXT('2D SPACE',''
  ) );
#1532 = PCURVE('',#98,#1533);
#1533 = DEFINITIONAL_REPRESENTATION('',(#1534),#1538);
#1534 = LINE('',#1535,#1536);
#1535 = CARTESIAN_POINT('',(-48.56947024185,2.61900934785));
#1536 = VECTOR('',#1537,1.);
#1537 = DIRECTION('',(-0.999992305302,3.922924600439E-03));
#1538 = ( GEOMETRIC_REPRESENTATION_CONTEXT(2) 
PARAMETRIC_REPRESENTATION_CONTEXT() REPRESENTATION_CONTEXT('2D SPACE',''
  ) );
#1539 = ORIENTED_EDGE('',*,*,#1419,.F.);
#1540 = ADVANCED_FACE('',(#1541),#1508,.F.);
#1541 = FACE_BOUND('',#1542,.F.);
#1542 = EDGE_LOOP('',(#1543,#1566,#1593,#1613));
#1543 = ORIENTED_EDGE('',*,*,#1544,.T.);
#1544 = EDGE_CURVE('',#1471,#1545,#1547,.T.);
#1545 = VERTEX_POINT('',#1546);
#1546 = CARTESIAN_POINT('',(1.599111789402E+03,-105.3008057126,
    10.76943358625));
#1547 = SURFACE_CURVE('',#1548,(#1552,#1559),.PCURVE_S1.);
#1548 = LINE('',#1549,#1550);
#1549 = CARTESIAN_POINT('',(1.58210791604E+03,-105.3008057126,
    10.836139012644));
#1550 = VECTOR('',#1551,1.);
#1551 = DIRECTION('',(0.999992305302,-0.,-3.922924600439E-03));
#1552 = PCURVE('',#1508,#1553);
#1553 = DEFINITIONAL_REPRESENTATION('',(#1554),#1558);
#1554 = LINE('',#1555,#1556);
#1555 = CARTESIAN_POINT('',(0.,0.));
#1556 = VECTOR('',#1557,1.);
#1557 = DIRECTION('',(1.,0.));
#1558 = ( GEOMETRIC_REPRESENTATION_CONTEXT(2) 
PARAMETRIC_REPRESENTATION_CONTEXT() REPRESENTATION_CONTEXT('2D SPACE',''
  ) );
#1559 = PCURVE('',#44,#1560);
#1560 = DEFINITIONAL_REPRESENTATION('',(#1561),#1565);
#1561 = LINE('',#1562,#1563);
#1562 = CARTESIAN_POINT('',(-216.7227802528,10.836139012644));
#1563 = VECTOR('',#1564,1.);
#1564 = DIRECTION('',(-0.999992305302,-3.922924600439E-03));
#1565 = ( GEOMETRIC_REPRESENTATION_CONTEXT(2) 
PARAMETRIC_REPRESENTATION_CONTEXT() REPRESENTATION_CONTEXT('2D SPACE',''
  ) );
#1566 = ORIENTED_EDGE('',*,*,#1567,.T.);
#1567 = EDGE_CURVE('',#1545,#1568,#1570,.T.);
#1568 = VERTEX_POINT('',#1569);
#1569 = CARTESIAN_POINT('',(1.949269865667E+03,-474.3416490252,
    2.61900934785));
#1570 = SURFACE_CURVE('',#1571,(#1574,#1581),.PCURVE_S1.);
#1571 = B_SPLINE_CURVE_WITH_KNOTS('',1,(#1572,#1573),.UNSPECIFIED.,.F.,
  .F.,(2,2),(0.,1.),.PIECEWISE_BEZIER_KNOTS.);
#1572 = CARTESIAN_POINT('',(1.599111789402E+03,-105.3008057126,
    10.76943358625));
#1573 = CARTESIAN_POINT('',(1.949269865667E+03,-474.3416490252,
    2.61900934785));
#1574 = PCURVE('',#1508,#1575);
#1575 = DEFINITIONAL_REPRESENTATION('',(#1576),#1580);
#1576 = LINE('',#1577,#1578);
#1577 = CARTESIAN_POINT('',(17.004004202947,0.));
#1578 = VECTOR('',#1579,1.);
#1579 = DIRECTION('',(0.,1.));
#1580 = ( GEOMETRIC_REPRESENTATION_CONTEXT(2) 
PARAMETRIC_REPRESENTATION_CONTEXT() REPRESENTATION_CONTEXT('2D SPACE',''
  ) );
#1581 = PCURVE('',#1582,#1587);
#1582 = B_SPLINE_SURFACE_WITH_KNOTS('',1,1,(
    (#1583,#1584)
    ,(#1585,#1586
    )),.UNSPECIFIED.,.F.,.F.,.F.,(2,2),(2,2),(0.,16.900204293701),(0.,1.
    ),.PIECEWISE_BEZIER_KNOTS.);
#1583 = CARTESIAN_POINT('',(1.599111789402E+03,-105.3008057126,
    10.76943358625));
#1584 = CARTESIAN_POINT('',(1.949269865667E+03,-474.3416490252,
    2.61900934785));
#1585 = CARTESIAN_POINT('',(1.616010828231E+03,-105.3008057126,
    10.570959816049));
#1586 = CARTESIAN_POINT('',(1.953379528474E+03,-474.3416490252,
    2.570742681336));
#1587 = DEFINITIONAL_REPRESENTATION('',(#1588),#1592);
#1588 = LINE('',#1589,#1590);
#1589 = CARTESIAN_POINT('',(0.,0.));
#1590 = VECTOR('',#1591,1.);
#1591 = DIRECTION('',(0.,1.));
#1592 = ( GEOMETRIC_REPRESENTATION_CONTEXT(2) 
PARAMETRIC_REPRESENTATION_CONTEXT() REPRESENTATION_CONTEXT('2D SPACE',''
  ) );
#1593 = ORIENTED_EDGE('',*,*,#1594,.F.);
#1594 = EDGE_CURVE('',#1494,#1568,#1595,.T.);
#1595 = SURFACE_CURVE('',#1596,(#1600,#1606),.PCURVE_S1.);
#1596 = LINE('',#1597,#1598);
#1597 = CARTESIAN_POINT('',(1.94513470824E+03,-474.3416490252,
    2.635231383474));
#1598 = VECTOR('',#1599,1.);
#1599 = DIRECTION('',(0.999992305302,-0.,-3.922924600439E-03));
#1600 = PCURVE('',#1508,#1601);
#1601 = DEFINITIONAL_REPRESENTATION('',(#1602),#1605);
#1602 = B_SPLINE_CURVE_WITH_KNOTS('',1,(#1603,#1604),.UNSPECIFIED.,.F.,
  .F.,(2,2),(0.,4.135189246653),.PIECEWISE_BEZIER_KNOTS.);
#1603 = CARTESIAN_POINT('',(0.,1.));
#1604 = CARTESIAN_POINT('',(17.004004202947,1.));
#1605 = ( GEOMETRIC_REPRESENTATION_CONTEXT(2) 
PARAMETRIC_REPRESENTATION_CONTEXT() REPRESENTATION_CONTEXT('2D SPACE',''
  ) );
#1606 = PCURVE('',#98,#1607);
#1607 = DEFINITIONAL_REPRESENTATION('',(#1608),#1612);
#1608 = LINE('',#1609,#1610);
#1609 = CARTESIAN_POINT('',(-52.70462766947,2.635231383474));
#1610 = VECTOR('',#1611,1.);
#1611 = DIRECTION('',(-0.999992305302,-3.922924600439E-03));
#1612 = ( GEOMETRIC_REPRESENTATION_CONTEXT(2) 
PARAMETRIC_REPRESENTATION_CONTEXT() REPRESENTATION_CONTEXT('2D SPACE',''
  ) );
#1613 = ORIENTED_EDGE('',*,*,#1493,.F.);
#1614 = ADVANCED_FACE('',(#1615),#1582,.F.);
#1615 = FACE_BOUND('',#1616,.F.);
#1616 = EDGE_LOOP('',(#1617,#1640,#1667,#1687));
#1617 = ORIENTED_EDGE('',*,*,#1618,.T.);
#1618 = EDGE_CURVE('',#1545,#1619,#1621,.T.);
#1619 = VERTEX_POINT('',#1620);
#1620 = CARTESIAN_POINT('',(1.616010828231E+03,-105.3008057126,
    10.570959816049));
#1621 = SURFACE_CURVE('',#1622,(#1626,#1633),.PCURVE_S1.);
#1622 = LINE('',#1623,#1624);
#1623 = CARTESIAN_POINT('',(1.599111789402E+03,-105.3008057126,
    10.76943358625));
#1624 = VECTOR('',#1625,1.);
#1625 = DIRECTION('',(0.999931038403,-0.,-1.174386810665E-02));
#1626 = PCURVE('',#1582,#1627);
#1627 = DEFINITIONAL_REPRESENTATION('',(#1628),#1632);
#1628 = LINE('',#1629,#1630);
#1629 = CARTESIAN_POINT('',(0.,0.));
#1630 = VECTOR('',#1631,1.);
#1631 = DIRECTION('',(1.,0.));
#1632 = ( GEOMETRIC_REPRESENTATION_CONTEXT(2) 
PARAMETRIC_REPRESENTATION_CONTEXT() REPRESENTATION_CONTEXT('2D SPACE',''
  ) );
#1633 = PCURVE('',#44,#1634);
#1634 = DEFINITIONAL_REPRESENTATION('',(#1635),#1639);
#1635 = LINE('',#1636,#1637);
#1636 = CARTESIAN_POINT('',(-233.7266536151,10.76943358625));
#1637 = VECTOR('',#1638,1.);
#1638 = DIRECTION('',(-0.999931038403,-1.174386810665E-02));
#1639 = ( GEOMETRIC_REPRESENTATION_CONTEXT(2) 
PARAMETRIC_REPRESENTATION_CONTEXT() REPRESENTATION_CONTEXT('2D SPACE',''
  ) );
#1640 = ORIENTED_EDGE('',*,*,#1641,.T.);
#1641 = EDGE_CURVE('',#1619,#1642,#1644,.T.);
#1642 = VERTEX_POINT('',#1643);
#1643 = CARTESIAN_POINT('',(1.953379528474E+03,-474.3416490252,
    2.570742681336));
#1644 = SURFACE_CURVE('',#1645,(#1648,#1655),.PCURVE_S1.);
#1645 = B_SPLINE_CURVE_WITH_KNOTS('',1,(#1646,#1647),.UNSPECIFIED.,.F.,
  .F.,(2,2),(0.,1.),.PIECEWISE_BEZIER_KNOTS.);
#1646 = CARTESIAN_POINT('',(1.616010828231E+03,-105.3008057126,
    10.570959816049));
#1647 = CARTESIAN_POINT('',(1.953379528474E+03,-474.3416490252,
    2.570742681336));
#1648 = PCURVE('',#1582,#1649);
#1649 = DEFINITIONAL_REPRESENTATION('',(#1650),#1654);
#1650 = LINE('',#1651,#1652);
#1651 = CARTESIAN_POINT('',(16.900204293701,0.));
#1652 = VECTOR('',#1653,1.);
#1653 = DIRECTION('',(0.,1.));
#1654 = ( GEOMETRIC_REPRESENTATION_CONTEXT(2) 
PARAMETRIC_REPRESENTATION_CONTEXT() REPRESENTATION_CONTEXT('2D SPACE',''
  ) );
#1655 = PCURVE('',#1656,#1661);
#1656 = B_SPLINE_SURFACE_WITH_KNOTS('',1,1,(
    (#1657,#1658)
    ,(#1659,#1660
    )),.UNSPECIFIED.,.F.,.F.,.F.,(2,2),(2,2),(0.,16.69318703398),(0.,1.)
  ,.PIECEWISE_BEZIER_KNOTS.);
#1657 = CARTESIAN_POINT('',(1.616010828231E+03,-105.3008057126,
    10.570959816049));
#1658 = CARTESIAN_POINT('',(1.953379528474E+03,-474.3416490252,
    2.570742681336));
#1659 = CARTESIAN_POINT('',(1.632700844332E+03,-105.3008057126,
    10.245604784961));
#1660 = CARTESIAN_POINT('',(1.957438359223E+03,-474.3416490252,
    2.491619869447));
#1661 = DEFINITIONAL_REPRESENTATION('',(#1662),#1666);
#1662 = LINE('',#1663,#1664);
#1663 = CARTESIAN_POINT('',(0.,0.));
#1664 = VECTOR('',#1665,1.);
#1665 = DIRECTION('',(0.,1.));
#1666 = ( GEOMETRIC_REPRESENTATION_CONTEXT(2) 
PARAMETRIC_REPRESENTATION_CONTEXT() REPRESENTATION_CONTEXT('2D SPACE',''
  ) );
#1667 = ORIENTED_EDGE('',*,*,#1668,.F.);
#1668 = EDGE_CURVE('',#1568,#1642,#1669,.T.);
#1669 = SURFACE_CURVE('',#1670,(#1674,#1680),.PCURVE_S1.);
#1670 = LINE('',#1671,#1672);
#1671 = CARTESIAN_POINT('',(1.949269865667E+03,-474.3416490252,
    2.61900934785));
#1672 = VECTOR('',#1673,1.);
#1673 = DIRECTION('',(0.999931038403,-0.,-1.174386810665E-02));
#1674 = PCURVE('',#1582,#1675);
#1675 = DEFINITIONAL_REPRESENTATION('',(#1676),#1679);
#1676 = B_SPLINE_CURVE_WITH_KNOTS('',1,(#1677,#1678),.UNSPECIFIED.,.F.,
  .F.,(2,2),(0.,4.109946235455),.PIECEWISE_BEZIER_KNOTS.);
#1677 = CARTESIAN_POINT('',(0.,1.));
#1678 = CARTESIAN_POINT('',(16.900204293701,1.));
#1679 = ( GEOMETRIC_REPRESENTATION_CONTEXT(2) 
PARAMETRIC_REPRESENTATION_CONTEXT() REPRESENTATION_CONTEXT('2D SPACE',''
  ) );
#1680 = PCURVE('',#98,#1681);
#1681 = DEFINITIONAL_REPRESENTATION('',(#1682),#1686);
#1682 = LINE('',#1683,#1684);
#1683 = CARTESIAN_POINT('',(-56.83978509709,2.61900934785));
#1684 = VECTOR('',#1685,1.);
#1685 = DIRECTION('',(-0.999931038403,-1.174386810665E-02));
#1686 = ( GEOMETRIC_REPRESENTATION_CONTEXT(2) 
PARAMETRIC_REPRESENTATION_CONTEXT() REPRESENTATION_CONTEXT('2D SPACE',''
  ) );
#1687 = ORIENTED_EDGE('',*,*,#1567,.F.);
#1688 = ADVANCED_FACE('',(#1689),#1656,.F.);
#1689 = FACE_BOUND('',#1690,.F.);
#1690 = EDGE_LOOP('',(#1691,#1714,#1741,#1761));
#1691 = ORIENTED_EDGE('',*,*,#1692,.T.);
#1692 = EDGE_CURVE('',#1619,#1693,#1695,.T.);
#1693 = VERTEX_POINT('',#1694);
#1694 = CARTESIAN_POINT('',(1.632700844332E+03,-105.3008057126,
    10.245604784961));
#1695 = SURFACE_CURVE('',#1696,(#1700,#1707),.PCURVE_S1.);
#1696 = LINE('',#1697,#1698);
#1697 = CARTESIAN_POINT('',(1.616010828231E+03,-105.3008057126,
    10.570959816049));
#1698 = VECTOR('',#1699,1.);
#1699 = DIRECTION('',(0.999810046286,-0.,-1.949028848873E-02));
#1700 = PCURVE('',#1656,#1701);
#1701 = DEFINITIONAL_REPRESENTATION('',(#1702),#1706);
#1702 = LINE('',#1703,#1704);
#1703 = CARTESIAN_POINT('',(0.,0.));
#1704 = VECTOR('',#1705,1.);
#1705 = DIRECTION('',(1.,0.));
#1706 = ( GEOMETRIC_REPRESENTATION_CONTEXT(2) 
PARAMETRIC_REPRESENTATION_CONTEXT() REPRESENTATION_CONTEXT('2D SPACE',''
  ) );
#1707 = PCURVE('',#44,#1708);
#1708 = DEFINITIONAL_REPRESENTATION('',(#1709),#1713);
#1709 = LINE('',#1710,#1711);
#1710 = CARTESIAN_POINT('',(-250.6256924437,10.570959816049));
#1711 = VECTOR('',#1712,1.);
#1712 = DIRECTION('',(-0.999810046286,-1.949028848873E-02));
#1713 = ( GEOMETRIC_REPRESENTATION_CONTEXT(2) 
PARAMETRIC_REPRESENTATION_CONTEXT() REPRESENTATION_CONTEXT('2D SPACE',''
  ) );
#1714 = ORIENTED_EDGE('',*,*,#1715,.T.);
#1715 = EDGE_CURVE('',#1693,#1716,#1718,.T.);
#1716 = VERTEX_POINT('',#1717);
#1717 = CARTESIAN_POINT('',(1.957438359223E+03,-474.3416490252,
    2.491619869447));
#1718 = SURFACE_CURVE('',#1719,(#1722,#1729),.PCURVE_S1.);
#1719 = B_SPLINE_CURVE_WITH_KNOTS('',1,(#1720,#1721),.UNSPECIFIED.,.F.,
  .F.,(2,2),(0.,1.),.PIECEWISE_BEZIER_KNOTS.);
#1720 = CARTESIAN_POINT('',(1.632700844332E+03,-105.3008057126,
    10.245604784961));
#1721 = CARTESIAN_POINT('',(1.957438359223E+03,-474.3416490252,
    2.491619869447));
#1722 = PCURVE('',#1656,#1723);
#1723 = DEFINITIONAL_REPRESENTATION('',(#1724),#1728);
#1724 = LINE('',#1725,#1726);
#1725 = CARTESIAN_POINT('',(16.69318703398,0.));
#1726 = VECTOR('',#1727,1.);
#1727 = DIRECTION('',(0.,1.));
#1728 = ( GEOMETRIC_REPRESENTATION_CONTEXT(2) 
PARAMETRIC_REPRESENTATION_CONTEXT() REPRESENTATION_CONTEXT('2D SPACE',''
  ) );
#1729 = PCURVE('',#1730,#1735);
#1730 = B_SPLINE_SURFACE_WITH_KNOTS('',1,1,(
    (#1731,#1732)
    ,(#1733,#1734
    )),.UNSPECIFIED.,.F.,.F.,.F.,(2,2),(2,2),(0.,16.384117149895),(0.,1.
    ),.PIECEWISE_BEZIER_KNOTS.);
#1731 = CARTESIAN_POINT('',(1.632700844332E+03,-105.3008057126,
    10.245604784961));
#1732 = CARTESIAN_POINT('',(1.957438359223E+03,-474.3416490252,
    2.491619869447));
#1733 = CARTESIAN_POINT('',(1.649078938206E+03,-105.3008057126,
    9.801379813641));
#1734 = CARTESIAN_POINT('',(1.961421333872E+03,-474.3416490252,
    2.383589178407));
#1735 = DEFINITIONAL_REPRESENTATION('',(#1736),#1740);
#1736 = LINE('',#1737,#1738);
#1737 = CARTESIAN_POINT('',(0.,0.));
#1738 = VECTOR('',#1739,1.);
#1739 = DIRECTION('',(0.,1.));
#1740 = ( GEOMETRIC_REPRESENTATION_CONTEXT(2) 
PARAMETRIC_REPRESENTATION_CONTEXT() REPRESENTATION_CONTEXT('2D SPACE',''
  ) );
#1741 = ORIENTED_EDGE('',*,*,#1742,.F.);
#1742 = EDGE_CURVE('',#1642,#1716,#1743,.T.);
#1743 = SURFACE_CURVE('',#1744,(#1748,#1754),.PCURVE_S1.);
#1744 = LINE('',#1745,#1746);
#1745 = CARTESIAN_POINT('',(1.953379528474E+03,-474.3416490252,
    2.570742681336));
#1746 = VECTOR('',#1747,1.);
#1747 = DIRECTION('',(0.999810046286,-0.,-1.949028848873E-02));
#1748 = PCURVE('',#1656,#1749);
#1749 = DEFINITIONAL_REPRESENTATION('',(#1750),#1753);
#1750 = B_SPLINE_CURVE_WITH_KNOTS('',1,(#1751,#1752),.UNSPECIFIED.,.F.,
  .F.,(2,2),(0.,4.059601885027),.PIECEWISE_BEZIER_KNOTS.);
#1751 = CARTESIAN_POINT('',(0.,1.));
#1752 = CARTESIAN_POINT('',(16.69318703398,1.));
#1753 = ( GEOMETRIC_REPRESENTATION_CONTEXT(2) 
PARAMETRIC_REPRESENTATION_CONTEXT() REPRESENTATION_CONTEXT('2D SPACE',''
  ) );
#1754 = PCURVE('',#98,#1755);
#1755 = DEFINITIONAL_REPRESENTATION('',(#1756),#1760);
#1756 = LINE('',#1757,#1758);
#1757 = CARTESIAN_POINT('',(-60.94944790409,2.570742681336));
#1758 = VECTOR('',#1759,1.);
#1759 = DIRECTION('',(-0.999810046286,-1.949028848873E-02));
#1760 = ( GEOMETRIC_REPRESENTATION_CONTEXT(2) 
PARAMETRIC_REPRESENTATION_CONTEXT() REPRESENTATION_CONTEXT('2D SPACE',''
  ) );
#1761 = ORIENTED_EDGE('',*,*,#1641,.F.);
#1762 = ADVANCED_FACE('',(#1763),#1730,.F.);
#1763 = FACE_BOUND('',#1764,.F.);
#1764 = EDGE_LOOP('',(#1765,#1788,#1815,#1835));
#1765 = ORIENTED_EDGE('',*,*,#1766,.T.);
#1766 = EDGE_CURVE('',#1693,#1767,#1769,.T.);
#1767 = VERTEX_POINT('',#1768);
#1768 = CARTESIAN_POINT('',(1.649078938206E+03,-105.3008057126,
    9.801379813641));
#1769 = SURFACE_CURVE('',#1770,(#1774,#1781),.PCURVE_S1.);
#1770 = LINE('',#1771,#1772);
#1771 = CARTESIAN_POINT('',(1.632700844332E+03,-105.3008057126,
    10.245604784961));
#1772 = VECTOR('',#1773,1.);
#1773 = DIRECTION('',(0.999632371063,-0.,-2.711314666855E-02));
#1774 = PCURVE('',#1730,#1775);
#1775 = DEFINITIONAL_REPRESENTATION('',(#1776),#1780);
#1776 = LINE('',#1777,#1778);
#1777 = CARTESIAN_POINT('',(0.,0.));
#1778 = VECTOR('',#1779,1.);
#1779 = DIRECTION('',(1.,0.));
#1780 = ( GEOMETRIC_REPRESENTATION_CONTEXT(2) 
PARAMETRIC_REPRESENTATION_CONTEXT() REPRESENTATION_CONTEXT('2D SPACE',''
  ) );
#1781 = PCURVE('',#44,#1782);
#1782 = DEFINITIONAL_REPRESENTATION('',(#1783),#1787);
#1783 = LINE('',#1784,#1785);
#1784 = CARTESIAN_POINT('',(-267.3157085448,10.245604784961));
#1785 = VECTOR('',#1786,1.);
#1786 = DIRECTION('',(-0.999632371063,-2.711314666855E-02));
#1787 = ( GEOMETRIC_REPRESENTATION_CONTEXT(2) 
PARAMETRIC_REPRESENTATION_CONTEXT() REPRESENTATION_CONTEXT('2D SPACE',''
  ) );
#1788 = ORIENTED_EDGE('',*,*,#1789,.T.);
#1789 = EDGE_CURVE('',#1767,#1790,#1792,.T.);
#1790 = VERTEX_POINT('',#1791);
#1791 = CARTESIAN_POINT('',(1.961421333872E+03,-474.3416490252,
    2.383589178407));
#1792 = SURFACE_CURVE('',#1793,(#1796,#1803),.PCURVE_S1.);
#1793 = B_SPLINE_CURVE_WITH_KNOTS('',1,(#1794,#1795),.UNSPECIFIED.,.F.,
  .F.,(2,2),(0.,1.),.PIECEWISE_BEZIER_KNOTS.);
#1794 = CARTESIAN_POINT('',(1.649078938206E+03,-105.3008057126,
    9.801379813641));
#1795 = CARTESIAN_POINT('',(1.961421333872E+03,-474.3416490252,
    2.383589178407));
#1796 = PCURVE('',#1730,#1797);
#1797 = DEFINITIONAL_REPRESENTATION('',(#1798),#1802);
#1798 = LINE('',#1799,#1800);
#1799 = CARTESIAN_POINT('',(16.384117149895,0.));
#1800 = VECTOR('',#1801,1.);
#1801 = DIRECTION('',(0.,1.));
#1802 = ( GEOMETRIC_REPRESENTATION_CONTEXT(2) 
PARAMETRIC_REPRESENTATION_CONTEXT() REPRESENTATION_CONTEXT('2D SPACE',''
  ) );
#1803 = PCURVE('',#1804,#1809);
#1804 = B_SPLINE_SURFACE_WITH_KNOTS('',1,1,(
    (#1805,#1806)
    ,(#1807,#1808
    )),.UNSPECIFIED.,.F.,.F.,.F.,(2,2),(2,2),(0.,15.974740573272),(0.,1.
    ),.PIECEWISE_BEZIER_KNOTS.);
#1805 = CARTESIAN_POINT('',(1.649078938206E+03,-105.3008057126,
    9.801379813641));
#1806 = CARTESIAN_POINT('',(1.961421333872E+03,-474.3416490252,
    2.383589178407));
#1807 = CARTESIAN_POINT('',(1.665044133459E+03,-105.3008057126,
    9.249223195182));
#1808 = CARTESIAN_POINT('',(1.965303896058E+03,-474.3416490252,
    2.249310682362));
#1809 = DEFINITIONAL_REPRESENTATION('',(#1810),#1814);
#1810 = LINE('',#1811,#1812);
#1811 = CARTESIAN_POINT('',(0.,0.));
#1812 = VECTOR('',#1813,1.);
#1813 = DIRECTION('',(0.,1.));
#1814 = ( GEOMETRIC_REPRESENTATION_CONTEXT(2) 
PARAMETRIC_REPRESENTATION_CONTEXT() REPRESENTATION_CONTEXT('2D SPACE',''
  ) );
#1815 = ORIENTED_EDGE('',*,*,#1816,.F.);
#1816 = EDGE_CURVE('',#1716,#1790,#1817,.T.);
#1817 = SURFACE_CURVE('',#1818,(#1822,#1828),.PCURVE_S1.);
#1818 = LINE('',#1819,#1820);
#1819 = CARTESIAN_POINT('',(1.957438359223E+03,-474.3416490252,
    2.491619869447));
#1820 = VECTOR('',#1821,1.);
#1821 = DIRECTION('',(0.999632371063,-0.,-2.711314666855E-02));
#1822 = PCURVE('',#1730,#1823);
#1823 = DEFINITIONAL_REPRESENTATION('',(#1824),#1827);
#1824 = B_SPLINE_CURVE_WITH_KNOTS('',1,(#1825,#1826),.UNSPECIFIED.,.F.,
  .F.,(2,2),(0.,3.984439444117),.PIECEWISE_BEZIER_KNOTS.);
#1825 = CARTESIAN_POINT('',(0.,1.));
#1826 = CARTESIAN_POINT('',(16.384117149895,1.));
#1827 = ( GEOMETRIC_REPRESENTATION_CONTEXT(2) 
PARAMETRIC_REPRESENTATION_CONTEXT() REPRESENTATION_CONTEXT('2D SPACE',''
  ) );
#1828 = PCURVE('',#98,#1829);
#1829 = DEFINITIONAL_REPRESENTATION('',(#1830),#1834);
#1830 = LINE('',#1831,#1832);
#1831 = CARTESIAN_POINT('',(-65.00827865266,2.491619869447));
#1832 = VECTOR('',#1833,1.);
#1833 = DIRECTION('',(-0.999632371063,-2.711314666855E-02));
#1834 = ( GEOMETRIC_REPRESENTATION_CONTEXT(2) 
PARAMETRIC_REPRESENTATION_CONTEXT() REPRESENTATION_CONTEXT('2D SPACE',''
  ) );
#1835 = ORIENTED_EDGE('',*,*,#1715,.F.);
#1836 = ADVANCED_FACE('',(#1837),#1804,.F.);
#1837 = FACE_BOUND('',#1838,.F.);
#1838 = EDGE_LOOP('',(#1839,#1862,#1889,#1909));
#1839 = ORIENTED_EDGE('',*,*,#1840,.T.);
#1840 = EDGE_CURVE('',#1767,#1841,#1843,.T.);
#1841 = VERTEX_POINT('',#1842);
#1842 = CARTESIAN_POINT('',(1.665044133459E+03,-105.3008057126,
    9.249223195182));
#1843 = SURFACE_CURVE('',#1844,(#1848,#1855),.PCURVE_S1.);
#1844 = LINE('',#1845,#1846);
#1845 = CARTESIAN_POINT('',(1.649078938206E+03,-105.3008057126,
    9.801379813641));
#1846 = VECTOR('',#1847,1.);
#1847 = DIRECTION('',(0.999402474132,-0.,-3.456435589212E-02));
#1848 = PCURVE('',#1804,#1849);
#1849 = DEFINITIONAL_REPRESENTATION('',(#1850),#1854);
#1850 = LINE('',#1851,#1852);
#1851 = CARTESIAN_POINT('',(0.,0.));
#1852 = VECTOR('',#1853,1.);
#1853 = DIRECTION('',(1.,0.));
#1854 = ( GEOMETRIC_REPRESENTATION_CONTEXT(2) 
PARAMETRIC_REPRESENTATION_CONTEXT() REPRESENTATION_CONTEXT('2D SPACE',''
  ) );
#1855 = PCURVE('',#44,#1856);
#1856 = DEFINITIONAL_REPRESENTATION('',(#1857),#1861);
#1857 = LINE('',#1858,#1859);
#1858 = CARTESIAN_POINT('',(-283.6938024191,9.801379813641));
#1859 = VECTOR('',#1860,1.);
#1860 = DIRECTION('',(-0.999402474132,-3.456435589212E-02));
#1861 = ( GEOMETRIC_REPRESENTATION_CONTEXT(2) 
PARAMETRIC_REPRESENTATION_CONTEXT() REPRESENTATION_CONTEXT('2D SPACE',''
  ) );
#1862 = ORIENTED_EDGE('',*,*,#1863,.T.);
#1863 = EDGE_CURVE('',#1841,#1864,#1866,.T.);
#1864 = VERTEX_POINT('',#1865);
#1865 = CARTESIAN_POINT('',(1.965303896058E+03,-474.3416490252,
    2.249310682362));
#1866 = SURFACE_CURVE('',#1867,(#1870,#1877),.PCURVE_S1.);
#1867 = B_SPLINE_CURVE_WITH_KNOTS('',1,(#1868,#1869),.UNSPECIFIED.,.F.,
  .F.,(2,2),(0.,1.),.PIECEWISE_BEZIER_KNOTS.);
#1868 = CARTESIAN_POINT('',(1.665044133459E+03,-105.3008057126,
    9.249223195182));
#1869 = CARTESIAN_POINT('',(1.965303896058E+03,-474.3416490252,
    2.249310682362));
#1870 = PCURVE('',#1804,#1871);
#1871 = DEFINITIONAL_REPRESENTATION('',(#1872),#1876);
#1872 = LINE('',#1873,#1874);
#1873 = CARTESIAN_POINT('',(15.974740573272,0.));
#1874 = VECTOR('',#1875,1.);
#1875 = DIRECTION('',(0.,1.));
#1876 = ( GEOMETRIC_REPRESENTATION_CONTEXT(2) 
PARAMETRIC_REPRESENTATION_CONTEXT() REPRESENTATION_CONTEXT('2D SPACE',''
  ) );
#1877 = PCURVE('',#1878,#1883);
#1878 = B_SPLINE_SURFACE_WITH_KNOTS('',1,1,(
    (#1879,#1880)
    ,(#1881,#1882
    )),.UNSPECIFIED.,.F.,.F.,.F.,(2,2),(2,2),(0.,15.467382564061),(0.,1.
    ),.PIECEWISE_BEZIER_KNOTS.);
#1879 = CARTESIAN_POINT('',(1.665044133459E+03,-105.3008057126,
    9.249223195182));
#1880 = CARTESIAN_POINT('',(1.965303896058E+03,-474.3416490252,
    2.249310682362));
#1881 = CARTESIAN_POINT('',(1.680497999352E+03,-105.3008057126,
    8.602730858033));
#1882 = CARTESIAN_POINT('',(1.969062108494E+03,-474.3416490252,
    2.092090763529));
#1883 = DEFINITIONAL_REPRESENTATION('',(#1884),#1888);
#1884 = LINE('',#1885,#1886);
#1885 = CARTESIAN_POINT('',(0.,0.));
#1886 = VECTOR('',#1887,1.);
#1887 = DIRECTION('',(0.,1.));
#1888 = ( GEOMETRIC_REPRESENTATION_CONTEXT(2) 
PARAMETRIC_REPRESENTATION_CONTEXT() REPRESENTATION_CONTEXT('2D SPACE',''
  ) );
#1889 = ORIENTED_EDGE('',*,*,#1890,.F.);
#1890 = EDGE_CURVE('',#1790,#1864,#1891,.T.);
#1891 = SURFACE_CURVE('',#1892,(#1896,#1902),.PCURVE_S1.);
#1892 = LINE('',#1893,#1894);
#1893 = CARTESIAN_POINT('',(1.961421333872E+03,-474.3416490252,
    2.383589178407));
#1894 = VECTOR('',#1895,1.);
#1895 = DIRECTION('',(0.999402474132,-0.,-3.456435589212E-02));
#1896 = PCURVE('',#1804,#1897);
#1897 = DEFINITIONAL_REPRESENTATION('',(#1898),#1901);
#1898 = B_SPLINE_CURVE_WITH_KNOTS('',1,(#1899,#1900),.UNSPECIFIED.,.F.,
  .F.,(2,2),(0.,3.884883504394),.PIECEWISE_BEZIER_KNOTS.);
#1899 = CARTESIAN_POINT('',(0.,1.));
#1900 = CARTESIAN_POINT('',(15.974740573272,1.));
#1901 = ( GEOMETRIC_REPRESENTATION_CONTEXT(2) 
PARAMETRIC_REPRESENTATION_CONTEXT() REPRESENTATION_CONTEXT('2D SPACE',''
  ) );
#1902 = PCURVE('',#98,#1903);
#1903 = DEFINITIONAL_REPRESENTATION('',(#1904),#1908);
#1904 = LINE('',#1905,#1906);
#1905 = CARTESIAN_POINT('',(-68.99125330154,2.383589178407));
#1906 = VECTOR('',#1907,1.);
#1907 = DIRECTION('',(-0.999402474132,-3.456435589212E-02));
#1908 = ( GEOMETRIC_REPRESENTATION_CONTEXT(2) 
PARAMETRIC_REPRESENTATION_CONTEXT() REPRESENTATION_CONTEXT('2D SPACE',''
  ) );
#1909 = ORIENTED_EDGE('',*,*,#1789,.F.);
#1910 = ADVANCED_FACE('',(#1911),#1878,.F.);
#1911 = FACE_BOUND('',#1912,.F.);
#1912 = EDGE_LOOP('',(#1913,#1936,#1963,#1983));
#1913 = ORIENTED_EDGE('',*,*,#1914,.T.);
#1914 = EDGE_CURVE('',#1841,#1915,#1917,.T.);
#1915 = VERTEX_POINT('',#1916);
#1916 = CARTESIAN_POINT('',(1.680497999352E+03,-105.3008057126,
    8.602730858033));
#1917 = SURFACE_CURVE('',#1918,(#1922,#1929),.PCURVE_S1.);
#1918 = LINE('',#1919,#1920);
#1919 = CARTESIAN_POINT('',(1.665044133459E+03,-105.3008057126,
    9.249223195182));
#1920 = VECTOR('',#1921,1.);
#1921 = DIRECTION('',(0.999126117756,-0.,-4.179713888055E-02));
#1922 = PCURVE('',#1878,#1923);
#1923 = DEFINITIONAL_REPRESENTATION('',(#1924),#1928);
#1924 = LINE('',#1925,#1926);
#1925 = CARTESIAN_POINT('',(0.,0.));
#1926 = VECTOR('',#1927,1.);
#1927 = DIRECTION('',(1.,0.));
#1928 = ( GEOMETRIC_REPRESENTATION_CONTEXT(2) 
PARAMETRIC_REPRESENTATION_CONTEXT() REPRESENTATION_CONTEXT('2D SPACE',''
  ) );
#1929 = PCURVE('',#44,#1930);
#1930 = DEFINITIONAL_REPRESENTATION('',(#1931),#1935);
#1931 = LINE('',#1932,#1933);
#1932 = CARTESIAN_POINT('',(-299.6589976717,9.249223195182));
#1933 = VECTOR('',#1934,1.);
#1934 = DIRECTION('',(-0.999126117756,-4.179713888055E-02));
#1935 = ( GEOMETRIC_REPRESENTATION_CONTEXT(2) 
PARAMETRIC_REPRESENTATION_CONTEXT() REPRESENTATION_CONTEXT('2D SPACE',''
  ) );
#1936 = ORIENTED_EDGE('',*,*,#1937,.T.);
#1937 = EDGE_CURVE('',#1915,#1938,#1940,.T.);
#1938 = VERTEX_POINT('',#1939);
#1939 = CARTESIAN_POINT('',(1.969062108494E+03,-474.3416490252,
    2.092090763529));
#1940 = SURFACE_CURVE('',#1941,(#1944,#1951),.PCURVE_S1.);
#1941 = B_SPLINE_CURVE_WITH_KNOTS('',1,(#1942,#1943),.UNSPECIFIED.,.F.,
  .F.,(2,2),(0.,1.),.PIECEWISE_BEZIER_KNOTS.);
#1942 = CARTESIAN_POINT('',(1.680497999352E+03,-105.3008057126,
    8.602730858033));
#1943 = CARTESIAN_POINT('',(1.969062108494E+03,-474.3416490252,
    2.092090763529));
#1944 = PCURVE('',#1878,#1945);
#1945 = DEFINITIONAL_REPRESENTATION('',(#1946),#1950);
#1946 = LINE('',#1947,#1948);
#1947 = CARTESIAN_POINT('',(15.467382564061,0.));
#1948 = VECTOR('',#1949,1.);
#1949 = DIRECTION('',(0.,1.));
#1950 = ( GEOMETRIC_REPRESENTATION_CONTEXT(2) 
PARAMETRIC_REPRESENTATION_CONTEXT() REPRESENTATION_CONTEXT('2D SPACE',''
  ) );
#1951 = PCURVE('',#1952,#1957);
#1952 = B_SPLINE_SURFACE_WITH_KNOTS('',1,1,(
    (#1953,#1954)
    ,(#1955,#1956
    )),.UNSPECIFIED.,.F.,.F.,.F.,(2,2),(2,2),(0.,14.864944426889),(0.,1.
    ),.PIECEWISE_BEZIER_KNOTS.);
#1953 = CARTESIAN_POINT('',(1.680497999352E+03,-105.3008057126,
    8.602730858033));
#1954 = CARTESIAN_POINT('',(1.969062108494E+03,-474.3416490252,
    2.092090763529));
#1955 = CARTESIAN_POINT('',(1.695345257663E+03,-105.3008057126,
    7.877821589121));
#1956 = CARTESIAN_POINT('',(1.972672800551E+03,-474.3416490252,
    1.915800698093));
#1957 = DEFINITIONAL_REPRESENTATION('',(#1958),#1962);
#1958 = LINE('',#1959,#1960);
#1959 = CARTESIAN_POINT('',(0.,0.));
#1960 = VECTOR('',#1961,1.);
#1961 = DIRECTION('',(0.,1.));
#1962 = ( GEOMETRIC_REPRESENTATION_CONTEXT(2) 
PARAMETRIC_REPRESENTATION_CONTEXT() REPRESENTATION_CONTEXT('2D SPACE',''
  ) );
#1963 = ORIENTED_EDGE('',*,*,#1964,.F.);
#1964 = EDGE_CURVE('',#1864,#1938,#1965,.T.);
#1965 = SURFACE_CURVE('',#1966,(#1970,#1976),.PCURVE_S1.);
#1966 = LINE('',#1967,#1968);
#1967 = CARTESIAN_POINT('',(1.965303896058E+03,-474.3416490252,
    2.249310682362));
#1968 = VECTOR('',#1969,1.);
#1969 = DIRECTION('',(0.999126117756,-0.,-4.179713888055E-02));
#1970 = PCURVE('',#1878,#1971);
#1971 = DEFINITIONAL_REPRESENTATION('',(#1972),#1975);
#1972 = B_SPLINE_CURVE_WITH_KNOTS('',1,(#1973,#1974),.UNSPECIFIED.,.F.,
  .F.,(2,2),(0.,3.761499543837),.PIECEWISE_BEZIER_KNOTS.);
#1973 = CARTESIAN_POINT('',(0.,1.));
#1974 = CARTESIAN_POINT('',(15.467382564061,1.));
#1975 = ( GEOMETRIC_REPRESENTATION_CONTEXT(2) 
PARAMETRIC_REPRESENTATION_CONTEXT() REPRESENTATION_CONTEXT('2D SPACE',''
  ) );
#1976 = PCURVE('',#98,#1977);
#1977 = DEFINITIONAL_REPRESENTATION('',(#1978),#1982);
#1978 = LINE('',#1979,#1980);
#1979 = CARTESIAN_POINT('',(-72.87381548755,2.249310682362));
#1980 = VECTOR('',#1981,1.);
#1981 = DIRECTION('',(-0.999126117756,-4.179713888055E-02));
#1982 = ( GEOMETRIC_REPRESENTATION_CONTEXT(2) 
PARAMETRIC_REPRESENTATION_CONTEXT() REPRESENTATION_CONTEXT('2D SPACE',''
  ) );
#1983 = ORIENTED_EDGE('',*,*,#1863,.F.);
#1984 = ADVANCED_FACE('',(#1985),#1952,.F.);
#1985 = FACE_BOUND('',#1986,.F.);
#1986 = EDGE_LOOP('',(#1987,#2010,#2037,#2057));
#1987 = ORIENTED_EDGE('',*,*,#1988,.T.);
#1988 = EDGE_CURVE('',#1915,#1989,#1991,.T.);
#1989 = VERTEX_POINT('',#1990);
#1990 = CARTESIAN_POINT('',(1.695345257663E+03,-105.3008057126,
    7.877821589121));
#1991 = SURFACE_CURVE('',#1992,(#1996,#2003),.PCURVE_S1.);
#1992 = LINE('',#1993,#1994);
#1993 = CARTESIAN_POINT('',(1.680497999352E+03,-105.3008057126,
    8.602730858033));
#1994 = VECTOR('',#1995,1.);
#1995 = DIRECTION('',(0.998810213146,-0.,-4.87663625302E-02));
#1996 = PCURVE('',#1952,#1997);
#1997 = DEFINITIONAL_REPRESENTATION('',(#1998),#2002);
#1998 = LINE('',#1999,#2000);
#1999 = CARTESIAN_POINT('',(0.,0.));
#2000 = VECTOR('',#2001,1.);
#2001 = DIRECTION('',(1.,0.));
#2002 = ( GEOMETRIC_REPRESENTATION_CONTEXT(2) 
PARAMETRIC_REPRESENTATION_CONTEXT() REPRESENTATION_CONTEXT('2D SPACE',''
  ) );
#2003 = PCURVE('',#44,#2004);
#2004 = DEFINITIONAL_REPRESENTATION('',(#2005),#2009);
#2005 = LINE('',#2006,#2007);
#2006 = CARTESIAN_POINT('',(-315.1128635648,8.602730858033));
#2007 = VECTOR('',#2008,1.);
#2008 = DIRECTION('',(-0.998810213146,-4.87663625302E-02));
#2009 = ( GEOMETRIC_REPRESENTATION_CONTEXT(2) 
PARAMETRIC_REPRESENTATION_CONTEXT() REPRESENTATION_CONTEXT('2D SPACE',''
  ) );
#2010 = ORIENTED_EDGE('',*,*,#2011,.T.);
#2011 = EDGE_CURVE('',#1989,#2012,#2014,.T.);
#2012 = VERTEX_POINT('',#2013);
#2013 = CARTESIAN_POINT('',(1.972672800551E+03,-474.3416490252,
    1.915800698093));
#2014 = SURFACE_CURVE('',#2015,(#2018,#2025),.PCURVE_S1.);
#2015 = B_SPLINE_CURVE_WITH_KNOTS('',1,(#2016,#2017),.UNSPECIFIED.,.F.,
  .F.,(2,2),(0.,1.),.PIECEWISE_BEZIER_KNOTS.);
#2016 = CARTESIAN_POINT('',(1.695345257663E+03,-105.3008057126,
    7.877821589121));
#2017 = CARTESIAN_POINT('',(1.972672800551E+03,-474.3416490252,
    1.915800698093));
#2018 = PCURVE('',#1952,#2019);
#2019 = DEFINITIONAL_REPRESENTATION('',(#2020),#2024);
#2020 = LINE('',#2021,#2022);
#2021 = CARTESIAN_POINT('',(14.864944426889,0.));
#2022 = VECTOR('',#2023,1.);
#2023 = DIRECTION('',(0.,1.));
#2024 = ( GEOMETRIC_REPRESENTATION_CONTEXT(2) 
PARAMETRIC_REPRESENTATION_CONTEXT() REPRESENTATION_CONTEXT('2D SPACE',''
  ) );
#2025 = PCURVE('',#2026,#2031);
#2026 = B_SPLINE_SURFACE_WITH_KNOTS('',1,1,(
    (#2027,#2028)
    ,(#2029,#2030
    )),.UNSPECIFIED.,.F.,.F.,.F.,(2,2),(2,2),(0.,14.170898219968),(0.,1.
    ),.PIECEWISE_BEZIER_KNOTS.);
#2027 = CARTESIAN_POINT('',(1.695345257663E+03,-105.3008057126,
    7.877821589121));
#2028 = CARTESIAN_POINT('',(1.972672800551E+03,-474.3416490252,
    1.915800698093));
#2029 = CARTESIAN_POINT('',(1.709494370108E+03,-105.3008057126,
    7.09234506048));
#2030 = CARTESIAN_POINT('',(1.976113711111E+03,-474.3416490252,
    1.724781332539));
#2031 = DEFINITIONAL_REPRESENTATION('',(#2032),#2036);
#2032 = LINE('',#2033,#2034);
#2033 = CARTESIAN_POINT('',(0.,0.));
#2034 = VECTOR('',#2035,1.);
#2035 = DIRECTION('',(0.,1.));
#2036 = ( GEOMETRIC_REPRESENTATION_CONTEXT(2) 
PARAMETRIC_REPRESENTATION_CONTEXT() REPRESENTATION_CONTEXT('2D SPACE',''
  ) );
#2037 = ORIENTED_EDGE('',*,*,#2038,.F.);
#2038 = EDGE_CURVE('',#1938,#2012,#2039,.T.);
#2039 = SURFACE_CURVE('',#2040,(#2044,#2050),.PCURVE_S1.);
#2040 = LINE('',#2041,#2042);
#2041 = CARTESIAN_POINT('',(1.969062108494E+03,-474.3416490252,
    2.092090763529));
#2042 = VECTOR('',#2043,1.);
#2043 = DIRECTION('',(0.998810213146,-0.,-4.87663625302E-02));
#2044 = PCURVE('',#1952,#2045);
#2045 = DEFINITIONAL_REPRESENTATION('',(#2046),#2049);
#2046 = B_SPLINE_CURVE_WITH_KNOTS('',1,(#2047,#2048),.UNSPECIFIED.,.F.,
  .F.,(2,2),(0.,3.614993128237),.PIECEWISE_BEZIER_KNOTS.);
#2047 = CARTESIAN_POINT('',(0.,1.));
#2048 = CARTESIAN_POINT('',(14.864944426889,1.));
#2049 = ( GEOMETRIC_REPRESENTATION_CONTEXT(2) 
PARAMETRIC_REPRESENTATION_CONTEXT() REPRESENTATION_CONTEXT('2D SPACE',''
  ) );
#2050 = PCURVE('',#98,#2051);
#2051 = DEFINITIONAL_REPRESENTATION('',(#2052),#2056);
#2052 = LINE('',#2053,#2054);
#2053 = CARTESIAN_POINT('',(-76.63202792372,2.092090763529));
#2054 = VECTOR('',#2055,1.);
#2055 = DIRECTION('',(-0.998810213146,-4.87663625302E-02));
#2056 = ( GEOMETRIC_REPRESENTATION_CONTEXT(2) 
PARAMETRIC_REPRESENTATION_CONTEXT() REPRESENTATION_CONTEXT('2D SPACE',''
  ) );
#2057 = ORIENTED_EDGE('',*,*,#1937,.F.);
#2058 = ADVANCED_FACE('',(#2059),#2026,.F.);
#2059 = FACE_BOUND('',#2060,.F.);
#2060 = EDGE_LOOP('',(#2061,#2084,#2111,#2131));
#2061 = ORIENTED_EDGE('',*,*,#2062,.T.);
#2062 = EDGE_CURVE('',#1989,#2063,#2065,.T.);
#2063 = VERTEX_POINT('',#2064);
#2064 = CARTESIAN_POINT('',(1.709494370108E+03,-105.3008057126,
    7.09234506048));
#2065 = SURFACE_CURVE('',#2066,(#2070,#2077),.PCURVE_S1.);
#2066 = LINE('',#2067,#2068);
#2067 = CARTESIAN_POINT('',(1.695345257663E+03,-105.3008057126,
    7.877821589121));
#2068 = VECTOR('',#2069,1.);
#2069 = DIRECTION('',(0.998462639803,-0.,-5.542884554302E-02));
#2070 = PCURVE('',#2026,#2071);
#2071 = DEFINITIONAL_REPRESENTATION('',(#2072),#2076);
#2072 = LINE('',#2073,#2074);
#2073 = CARTESIAN_POINT('',(0.,0.));
#2074 = VECTOR('',#2075,1.);
#2075 = DIRECTION('',(1.,0.));
#2076 = ( GEOMETRIC_REPRESENTATION_CONTEXT(2) 
PARAMETRIC_REPRESENTATION_CONTEXT() REPRESENTATION_CONTEXT('2D SPACE',''
  ) );
#2077 = PCURVE('',#44,#2078);
#2078 = DEFINITIONAL_REPRESENTATION('',(#2079),#2083);
#2079 = LINE('',#2080,#2081);
#2080 = CARTESIAN_POINT('',(-329.9601218762,7.877821589121));
#2081 = VECTOR('',#2082,1.);
#2082 = DIRECTION('',(-0.998462639803,-5.542884554302E-02));
#2083 = ( GEOMETRIC_REPRESENTATION_CONTEXT(2) 
PARAMETRIC_REPRESENTATION_CONTEXT() REPRESENTATION_CONTEXT('2D SPACE',''
  ) );
#2084 = ORIENTED_EDGE('',*,*,#2085,.T.);
#2085 = EDGE_CURVE('',#2063,#2086,#2088,.T.);
#2086 = VERTEX_POINT('',#2087);
#2087 = CARTESIAN_POINT('',(1.976113711111E+03,-474.3416490252,
    1.724781332539));
#2088 = SURFACE_CURVE('',#2089,(#2092,#2099),.PCURVE_S1.);
#2089 = B_SPLINE_CURVE_WITH_KNOTS('',1,(#2090,#2091),.UNSPECIFIED.,.F.,
  .F.,(2,2),(0.,1.),.PIECEWISE_BEZIER_KNOTS.);
#2090 = CARTESIAN_POINT('',(1.709494370108E+03,-105.3008057126,
    7.09234506048));
#2091 = CARTESIAN_POINT('',(1.976113711111E+03,-474.3416490252,
    1.724781332539));
#2092 = PCURVE('',#2026,#2093);
#2093 = DEFINITIONAL_REPRESENTATION('',(#2094),#2098);
#2094 = LINE('',#2095,#2096);
#2095 = CARTESIAN_POINT('',(14.170898219968,0.));
#2096 = VECTOR('',#2097,1.);
#2097 = DIRECTION('',(0.,1.));
#2098 = ( GEOMETRIC_REPRESENTATION_CONTEXT(2) 
PARAMETRIC_REPRESENTATION_CONTEXT() REPRESENTATION_CONTEXT('2D SPACE',''
  ) );
#2099 = PCURVE('',#2100,#2105);
#2100 = B_SPLINE_SURFACE_WITH_KNOTS('',1,1,(
    (#2101,#2102)
    ,(#2103,#2104
    )),.UNSPECIFIED.,.F.,.F.,.F.,(2,2),(2,2),(0.,13.389278782622),(0.,1.
    ),.PIECEWISE_BEZIER_KNOTS.);
#2101 = CARTESIAN_POINT('',(1.709494370108E+03,-105.3008057126,
    7.09234506048));
#2102 = CARTESIAN_POINT('',(1.976113711111E+03,-474.3416490252,
    1.724781332539));
#2103 = CARTESIAN_POINT('',(1.722858102704E+03,-105.3008057126,
    6.265642311094));
#2104 = CARTESIAN_POINT('',(1.979363625818E+03,-474.3416490252,
    1.523736197602));
#2105 = DEFINITIONAL_REPRESENTATION('',(#2106),#2110);
#2106 = LINE('',#2107,#2108);
#2107 = CARTESIAN_POINT('',(0.,0.));
#2108 = VECTOR('',#2109,1.);
#2109 = DIRECTION('',(0.,1.));
#2110 = ( GEOMETRIC_REPRESENTATION_CONTEXT(2) 
PARAMETRIC_REPRESENTATION_CONTEXT() REPRESENTATION_CONTEXT('2D SPACE',''
  ) );
#2111 = ORIENTED_EDGE('',*,*,#2112,.F.);
#2112 = EDGE_CURVE('',#2012,#2086,#2113,.T.);
#2113 = SURFACE_CURVE('',#2114,(#2118,#2124),.PCURVE_S1.);
#2114 = LINE('',#2115,#2116);
#2115 = CARTESIAN_POINT('',(1.972672800551E+03,-474.3416490252,
    1.915800698093));
#2116 = VECTOR('',#2117,1.);
#2117 = DIRECTION('',(0.998462639803,-0.,-5.542884554302E-02));
#2118 = PCURVE('',#2026,#2119);
#2119 = DEFINITIONAL_REPRESENTATION('',(#2120),#2123);
#2120 = B_SPLINE_CURVE_WITH_KNOTS('',1,(#2121,#2122),.UNSPECIFIED.,.F.,
  .F.,(2,2),(0.,3.446208624465),.PIECEWISE_BEZIER_KNOTS.);
#2121 = CARTESIAN_POINT('',(0.,1.));
#2122 = CARTESIAN_POINT('',(14.170898219968,1.));
#2123 = ( GEOMETRIC_REPRESENTATION_CONTEXT(2) 
PARAMETRIC_REPRESENTATION_CONTEXT() REPRESENTATION_CONTEXT('2D SPACE',''
  ) );
#2124 = PCURVE('',#98,#2125);
#2125 = DEFINITIONAL_REPRESENTATION('',(#2126),#2130);
#2126 = LINE('',#2127,#2128);
#2127 = CARTESIAN_POINT('',(-80.24271998066,1.915800698093));
#2128 = VECTOR('',#2129,1.);
#2129 = DIRECTION('',(-0.998462639803,-5.542884554302E-02));
#2130 = ( GEOMETRIC_REPRESENTATION_CONTEXT(2) 
PARAMETRIC_REPRESENTATION_CONTEXT() REPRESENTATION_CONTEXT('2D SPACE',''
  ) );
#2131 = ORIENTED_EDGE('',*,*,#2011,.F.);
#2132 = ADVANCED_FACE('',(#2133),#2100,.F.);
#2133 = FACE_BOUND('',#2134,.F.);
#2134 = EDGE_LOOP('',(#2135,#2158,#2185,#2205));
#2135 = ORIENTED_EDGE('',*,*,#2136,.T.);
#2136 = EDGE_CURVE('',#2063,#2137,#2139,.T.);
#2137 = VERTEX_POINT('',#2138);
#2138 = CARTESIAN_POINT('',(1.722858102704E+03,-105.3008057126,
    6.265642311094));
#2139 = SURFACE_CURVE('',#2140,(#2144,#2151),.PCURVE_S1.);
#2140 = LINE('',#2141,#2142);
#2141 = CARTESIAN_POINT('',(1.709494370108E+03,-105.3008057126,
    7.09234506048));
#2142 = VECTOR('',#2143,1.);
#2143 = DIRECTION('',(0.998092041582,-0.,-6.174363554659E-02));
#2144 = PCURVE('',#2100,#2145);
#2145 = DEFINITIONAL_REPRESENTATION('',(#2146),#2150);
#2146 = LINE('',#2147,#2148);
#2147 = CARTESIAN_POINT('',(0.,0.));
#2148 = VECTOR('',#2149,1.);
#2149 = DIRECTION('',(1.,0.));
#2150 = ( GEOMETRIC_REPRESENTATION_CONTEXT(2) 
PARAMETRIC_REPRESENTATION_CONTEXT() REPRESENTATION_CONTEXT('2D SPACE',''
  ) );
#2151 = PCURVE('',#44,#2152);
#2152 = DEFINITIONAL_REPRESENTATION('',(#2153),#2157);
#2153 = LINE('',#2154,#2155);
#2154 = CARTESIAN_POINT('',(-344.1092343213,7.09234506048));
#2155 = VECTOR('',#2156,1.);
#2156 = DIRECTION('',(-0.998092041582,-6.174363554659E-02));
#2157 = ( GEOMETRIC_REPRESENTATION_CONTEXT(2) 
PARAMETRIC_REPRESENTATION_CONTEXT() REPRESENTATION_CONTEXT('2D SPACE',''
  ) );
#2158 = ORIENTED_EDGE('',*,*,#2159,.T.);
#2159 = EDGE_CURVE('',#2137,#2160,#2162,.T.);
#2160 = VERTEX_POINT('',#2161);
#2161 = CARTESIAN_POINT('',(1.979363625818E+03,-474.3416490252,
    1.523736197602));
#2162 = SURFACE_CURVE('',#2163,(#2166,#2173),.PCURVE_S1.);
#2163 = B_SPLINE_CURVE_WITH_KNOTS('',1,(#2164,#2165),.UNSPECIFIED.,.F.,
  .F.,(2,2),(0.,1.),.PIECEWISE_BEZIER_KNOTS.);
#2164 = CARTESIAN_POINT('',(1.722858102704E+03,-105.3008057126,
    6.265642311094));
#2165 = CARTESIAN_POINT('',(1.979363625818E+03,-474.3416490252,
    1.523736197602));
#2166 = PCURVE('',#2100,#2167);
#2167 = DEFINITIONAL_REPRESENTATION('',(#2168),#2172);
#2168 = LINE('',#2169,#2170);
#2169 = CARTESIAN_POINT('',(13.389278782622,0.));
#2170 = VECTOR('',#2171,1.);
#2171 = DIRECTION('',(0.,1.));
#2172 = ( GEOMETRIC_REPRESENTATION_CONTEXT(2) 
PARAMETRIC_REPRESENTATION_CONTEXT() REPRESENTATION_CONTEXT('2D SPACE',''
  ) );
#2173 = PCURVE('',#2174,#2179);
#2174 = B_SPLINE_SURFACE_WITH_KNOTS('',1,1,(
    (#2175,#2176)
    ,(#2177,#2178
    )),.UNSPECIFIED.,.F.,.F.,.F.,(2,2),(2,2),(0.,12.524672380387),(0.,1.
    ),.PIECEWISE_BEZIER_KNOTS.);
#2175 = CARTESIAN_POINT('',(1.722858102704E+03,-105.3008057126,
    6.265642311094));
#2176 = CARTESIAN_POINT('',(1.979363625818E+03,-474.3416490252,
    1.523736197602));
#2177 = CARTESIAN_POINT('',(1.735354063594E+03,-105.3008057126,
    5.418069506322));
#2178 = CARTESIAN_POINT('',(1.982402507865E+03,-474.3416490252,
    1.317615691737));
#2179 = DEFINITIONAL_REPRESENTATION('',(#2180),#2184);
#2180 = LINE('',#2181,#2182);
#2181 = CARTESIAN_POINT('',(0.,0.));
#2182 = VECTOR('',#2183,1.);
#2183 = DIRECTION('',(0.,1.));
#2184 = ( GEOMETRIC_REPRESENTATION_CONTEXT(2) 
PARAMETRIC_REPRESENTATION_CONTEXT() REPRESENTATION_CONTEXT('2D SPACE',''
  ) );
#2185 = ORIENTED_EDGE('',*,*,#2186,.F.);
#2186 = EDGE_CURVE('',#2086,#2160,#2187,.T.);
#2187 = SURFACE_CURVE('',#2188,(#2192,#2198),.PCURVE_S1.);
#2188 = LINE('',#2189,#2190);
#2189 = CARTESIAN_POINT('',(1.976113711111E+03,-474.3416490252,
    1.724781332539));
#2190 = VECTOR('',#2191,1.);
#2191 = DIRECTION('',(0.998092041582,-0.,-6.174363554659E-02));
#2192 = PCURVE('',#2100,#2193);
#2193 = DEFINITIONAL_REPRESENTATION('',(#2194),#2197);
#2194 = B_SPLINE_CURVE_WITH_KNOTS('',1,(#2195,#2196),.UNSPECIFIED.,.F.,
  .F.,(2,2),(0.,3.256127261645),.PIECEWISE_BEZIER_KNOTS.);
#2195 = CARTESIAN_POINT('',(0.,1.));
#2196 = CARTESIAN_POINT('',(13.389278782622,1.));
#2197 = ( GEOMETRIC_REPRESENTATION_CONTEXT(2) 
PARAMETRIC_REPRESENTATION_CONTEXT() REPRESENTATION_CONTEXT('2D SPACE',''
  ) );
#2198 = PCURVE('',#98,#2199);
#2199 = DEFINITIONAL_REPRESENTATION('',(#2200),#2204);
#2200 = LINE('',#2201,#2202);
#2201 = CARTESIAN_POINT('',(-83.68363054115,1.724781332539));
#2202 = VECTOR('',#2203,1.);
#2203 = DIRECTION('',(-0.998092041582,-6.174363554659E-02));
#2204 = ( GEOMETRIC_REPRESENTATION_CONTEXT(2) 
PARAMETRIC_REPRESENTATION_CONTEXT() REPRESENTATION_CONTEXT('2D SPACE',''
  ) );
#2205 = ORIENTED_EDGE('',*,*,#2085,.F.);
#2206 = ADVANCED_FACE('',(#2207),#2174,.F.);
#2207 = FACE_BOUND('',#2208,.F.);
#2208 = EDGE_LOOP('',(#2209,#2232,#2259,#2279));
#2209 = ORIENTED_EDGE('',*,*,#2210,.T.);
#2210 = EDGE_CURVE('',#2137,#2211,#2213,.T.);
#2211 = VERTEX_POINT('',#2212);
#2212 = CARTESIAN_POINT('',(1.735354063594E+03,-105.3008057126,
    5.418069506322));
#2213 = SURFACE_CURVE('',#2214,(#2218,#2225),.PCURVE_S1.);
#2214 = LINE('',#2215,#2216);
#2215 = CARTESIAN_POINT('',(1.722858102704E+03,-105.3008057126,
    6.265642311094));
#2216 = VECTOR('',#2217,1.);
#2217 = DIRECTION('',(0.997707605514,-0.,-6.767225353531E-02));
#2218 = PCURVE('',#2174,#2219);
#2219 = DEFINITIONAL_REPRESENTATION('',(#2220),#2224);
#2220 = LINE('',#2221,#2222);
#2221 = CARTESIAN_POINT('',(0.,0.));
#2222 = VECTOR('',#2223,1.);
#2223 = DIRECTION('',(1.,0.));
#2224 = ( GEOMETRIC_REPRESENTATION_CONTEXT(2) 
PARAMETRIC_REPRESENTATION_CONTEXT() REPRESENTATION_CONTEXT('2D SPACE',''
  ) );
#2225 = PCURVE('',#44,#2226);
#2226 = DEFINITIONAL_REPRESENTATION('',(#2227),#2231);
#2227 = LINE('',#2228,#2229);
#2228 = CARTESIAN_POINT('',(-357.4729669167,6.265642311094));
#2229 = VECTOR('',#2230,1.);
#2230 = DIRECTION('',(-0.997707605514,-6.767225353531E-02));
#2231 = ( GEOMETRIC_REPRESENTATION_CONTEXT(2) 
PARAMETRIC_REPRESENTATION_CONTEXT() REPRESENTATION_CONTEXT('2D SPACE',''
  ) );
#2232 = ORIENTED_EDGE('',*,*,#2233,.T.);
#2233 = EDGE_CURVE('',#2211,#2234,#2236,.T.);
#2234 = VERTEX_POINT('',#2235);
#2235 = CARTESIAN_POINT('',(1.982402507865E+03,-474.3416490252,
    1.317615691737));
#2236 = SURFACE_CURVE('',#2237,(#2240,#2247),.PCURVE_S1.);
#2237 = B_SPLINE_CURVE_WITH_KNOTS('',1,(#2238,#2239),.UNSPECIFIED.,.F.,
  .F.,(2,2),(0.,1.),.PIECEWISE_BEZIER_KNOTS.);
#2238 = CARTESIAN_POINT('',(1.735354063594E+03,-105.3008057126,
    5.418069506322));
#2239 = CARTESIAN_POINT('',(1.982402507865E+03,-474.3416490252,
    1.317615691737));
#2240 = PCURVE('',#2174,#2241);
#2241 = DEFINITIONAL_REPRESENTATION('',(#2242),#2246);
#2242 = LINE('',#2243,#2244);
#2243 = CARTESIAN_POINT('',(12.524672380387,0.));
#2244 = VECTOR('',#2245,1.);
#2245 = DIRECTION('',(0.,1.));
#2246 = ( GEOMETRIC_REPRESENTATION_CONTEXT(2) 
PARAMETRIC_REPRESENTATION_CONTEXT() REPRESENTATION_CONTEXT('2D SPACE',''
  ) );
#2247 = PCURVE('',#2248,#2253);
#2248 = B_SPLINE_SURFACE_WITH_KNOTS('',1,1,(
    (#2249,#2250)
    ,(#2251,#2252
    )),.UNSPECIFIED.,.F.,.F.,.F.,(2,2),(2,2),(0.,11.582201286415),(0.,1.
    ),.PIECEWISE_BEZIER_KNOTS.);
#2249 = CARTESIAN_POINT('',(1.735354063594E+03,-105.3008057126,
    5.418069506322));
#2250 = CARTESIAN_POINT('',(1.982402507865E+03,-474.3416490252,
    1.317615691737));
#2251 = CARTESIAN_POINT('',(1.746905211025E+03,-105.3008057126,
    4.57049670155));
#2252 = CARTESIAN_POINT('',(1.985211621534E+03,-474.3416490252,
    1.111495185871));
#2253 = DEFINITIONAL_REPRESENTATION('',(#2254),#2258);
#2254 = LINE('',#2255,#2256);
#2255 = CARTESIAN_POINT('',(0.,0.));
#2256 = VECTOR('',#2257,1.);
#2257 = DIRECTION('',(0.,1.));
#2258 = ( GEOMETRIC_REPRESENTATION_CONTEXT(2) 
PARAMETRIC_REPRESENTATION_CONTEXT() REPRESENTATION_CONTEXT('2D SPACE',''
  ) );
#2259 = ORIENTED_EDGE('',*,*,#2260,.F.);
#2260 = EDGE_CURVE('',#2160,#2234,#2261,.T.);
#2261 = SURFACE_CURVE('',#2262,(#2266,#2272),.PCURVE_S1.);
#2262 = LINE('',#2263,#2264);
#2263 = CARTESIAN_POINT('',(1.979363625818E+03,-474.3416490252,
    1.523736197602));
#2264 = VECTOR('',#2265,1.);
#2265 = DIRECTION('',(0.997707605514,-0.,-6.767225353531E-02));
#2266 = PCURVE('',#2174,#2267);
#2267 = DEFINITIONAL_REPRESENTATION('',(#2268),#2271);
#2268 = B_SPLINE_CURVE_WITH_KNOTS('',1,(#2269,#2270),.UNSPECIFIED.,.F.,
  .F.,(2,2),(0.,3.045864369773),.PIECEWISE_BEZIER_KNOTS.);
#2269 = CARTESIAN_POINT('',(0.,1.));
#2270 = CARTESIAN_POINT('',(12.524672380387,1.));
#2271 = ( GEOMETRIC_REPRESENTATION_CONTEXT(2) 
PARAMETRIC_REPRESENTATION_CONTEXT() REPRESENTATION_CONTEXT('2D SPACE',''
  ) );
#2272 = PCURVE('',#98,#2273);
#2273 = DEFINITIONAL_REPRESENTATION('',(#2274),#2278);
#2274 = LINE('',#2275,#2276);
#2275 = CARTESIAN_POINT('',(-86.93354524738,1.523736197602));
#2276 = VECTOR('',#2277,1.);
#2277 = DIRECTION('',(-0.997707605514,-6.767225353531E-02));
#2278 = ( GEOMETRIC_REPRESENTATION_CONTEXT(2) 
PARAMETRIC_REPRESENTATION_CONTEXT() REPRESENTATION_CONTEXT('2D SPACE',''
  ) );
#2279 = ORIENTED_EDGE('',*,*,#2159,.F.);
#2280 = ADVANCED_FACE('',(#2281),#2248,.F.);
#2281 = FACE_BOUND('',#2282,.F.);
#2282 = EDGE_LOOP('',(#2283,#2306,#2333,#2353));
#2283 = ORIENTED_EDGE('',*,*,#2284,.T.);
#2284 = EDGE_CURVE('',#2211,#2285,#2287,.T.);
#2285 = VERTEX_POINT('',#2286);
#2286 = CARTESIAN_POINT('',(1.746905211025E+03,-105.3008057126,
    4.57049670155));
#2287 = SURFACE_CURVE('',#2288,(#2292,#2299),.PCURVE_S1.);
#2288 = LINE('',#2289,#2290);
#2289 = CARTESIAN_POINT('',(1.735354063594E+03,-105.3008057126,
    5.418069506322));
#2290 = VECTOR('',#2291,1.);
#2291 = DIRECTION('',(0.997318829612,-0.,-7.317890475331E-02));
#2292 = PCURVE('',#2248,#2293);
#2293 = DEFINITIONAL_REPRESENTATION('',(#2294),#2298);
#2294 = LINE('',#2295,#2296);
#2295 = CARTESIAN_POINT('',(0.,0.));
#2296 = VECTOR('',#2297,1.);
#2297 = DIRECTION('',(1.,0.));
#2298 = ( GEOMETRIC_REPRESENTATION_CONTEXT(2) 
PARAMETRIC_REPRESENTATION_CONTEXT() REPRESENTATION_CONTEXT('2D SPACE',''
  ) );
#2299 = PCURVE('',#44,#2300);
#2300 = DEFINITIONAL_REPRESENTATION('',(#2301),#2305);
#2301 = LINE('',#2302,#2303);
#2302 = CARTESIAN_POINT('',(-369.9689278072,5.418069506322));
#2303 = VECTOR('',#2304,1.);
#2304 = DIRECTION('',(-0.997318829612,-7.317890475331E-02));
#2305 = ( GEOMETRIC_REPRESENTATION_CONTEXT(2) 
PARAMETRIC_REPRESENTATION_CONTEXT() REPRESENTATION_CONTEXT('2D SPACE',''
  ) );
#2306 = ORIENTED_EDGE('',*,*,#2307,.T.);
#2307 = EDGE_CURVE('',#2285,#2308,#2310,.T.);
#2308 = VERTEX_POINT('',#2309);
#2309 = CARTESIAN_POINT('',(1.985211621534E+03,-474.3416490252,
    1.111495185871));
#2310 = SURFACE_CURVE('',#2311,(#2314,#2321),.PCURVE_S1.);
#2311 = B_SPLINE_CURVE_WITH_KNOTS('',1,(#2312,#2313),.UNSPECIFIED.,.F.,
  .F.,(2,2),(0.,1.),.PIECEWISE_BEZIER_KNOTS.);
#2312 = CARTESIAN_POINT('',(1.746905211025E+03,-105.3008057126,
    4.57049670155));
#2313 = CARTESIAN_POINT('',(1.985211621534E+03,-474.3416490252,
    1.111495185871));
#2314 = PCURVE('',#2248,#2315);
#2315 = DEFINITIONAL_REPRESENTATION('',(#2316),#2320);
#2316 = LINE('',#2317,#2318);
#2317 = CARTESIAN_POINT('',(11.582201286415,0.));
#2318 = VECTOR('',#2319,1.);
#2319 = DIRECTION('',(0.,1.));
#2320 = ( GEOMETRIC_REPRESENTATION_CONTEXT(2) 
PARAMETRIC_REPRESENTATION_CONTEXT() REPRESENTATION_CONTEXT('2D SPACE',''
  ) );
#2321 = PCURVE('',#2322,#2327);
#2322 = B_SPLINE_SURFACE_WITH_KNOTS('',1,1,(
    (#2323,#2324)
    ,(#2325,#2326
    )),.UNSPECIFIED.,.F.,.F.,.F.,(2,2),(2,2),(0.,10.567503683898),(0.,1.
    ),.PIECEWISE_BEZIER_KNOTS.);
#2323 = CARTESIAN_POINT('',(1.746905211025E+03,-105.3008057126,
    4.57049670155));
#2324 = CARTESIAN_POINT('',(1.985211621534E+03,-474.3416490252,
    1.111495185871));
#2325 = CARTESIAN_POINT('',(1.757440328332E+03,-105.3008057126,
    3.743793952164));
#2326 = CARTESIAN_POINT('',(1.987773647706E+03,-474.3416490252,
    0.910450050935));
#2327 = DEFINITIONAL_REPRESENTATION('',(#2328),#2332);
#2328 = LINE('',#2329,#2330);
#2329 = CARTESIAN_POINT('',(0.,0.));
#2330 = VECTOR('',#2331,1.);
#2331 = DIRECTION('',(0.,1.));
#2332 = ( GEOMETRIC_REPRESENTATION_CONTEXT(2) 
PARAMETRIC_REPRESENTATION_CONTEXT() REPRESENTATION_CONTEXT('2D SPACE',''
  ) );
#2333 = ORIENTED_EDGE('',*,*,#2334,.F.);
#2334 = EDGE_CURVE('',#2234,#2308,#2335,.T.);
#2335 = SURFACE_CURVE('',#2336,(#2340,#2346),.PCURVE_S1.);
#2336 = LINE('',#2337,#2338);
#2337 = CARTESIAN_POINT('',(1.982402507865E+03,-474.3416490252,
    1.317615691737));
#2338 = VECTOR('',#2339,1.);
#2339 = DIRECTION('',(0.997318829612,-0.,-7.317890475331E-02));
#2340 = PCURVE('',#2248,#2341);
#2341 = DEFINITIONAL_REPRESENTATION('',(#2342),#2345);
#2342 = B_SPLINE_CURVE_WITH_KNOTS('',1,(#2343,#2344),.UNSPECIFIED.,.F.,
  .F.,(2,2),(0.,2.816665630079),.PIECEWISE_BEZIER_KNOTS.);
#2343 = CARTESIAN_POINT('',(0.,1.));
#2344 = CARTESIAN_POINT('',(11.582201286415,1.));
#2345 = ( GEOMETRIC_REPRESENTATION_CONTEXT(2) 
PARAMETRIC_REPRESENTATION_CONTEXT() REPRESENTATION_CONTEXT('2D SPACE',''
  ) );
#2346 = PCURVE('',#98,#2347);
#2347 = DEFINITIONAL_REPRESENTATION('',(#2348),#2352);
#2348 = LINE('',#2349,#2350);
#2349 = CARTESIAN_POINT('',(-89.97242729447,1.317615691737));
#2350 = VECTOR('',#2351,1.);
#2351 = DIRECTION('',(-0.997318829612,-7.317890475331E-02));
#2352 = ( GEOMETRIC_REPRESENTATION_CONTEXT(2) 
PARAMETRIC_REPRESENTATION_CONTEXT() REPRESENTATION_CONTEXT('2D SPACE',''
  ) );
#2353 = ORIENTED_EDGE('',*,*,#2233,.F.);
#2354 = ADVANCED_FACE('',(#2355),#2322,.F.);
#2355 = FACE_BOUND('',#2356,.F.);
#2356 = EDGE_LOOP('',(#2357,#2380,#2407,#2427));
#2357 = ORIENTED_EDGE('',*,*,#2358,.T.);
#2358 = EDGE_CURVE('',#2285,#2359,#2361,.T.);
#2359 = VERTEX_POINT('',#2360);
#2360 = CARTESIAN_POINT('',(1.757440328332E+03,-105.3008057126,
    3.743793952164));
#2361 = SURFACE_CURVE('',#2362,(#2366,#2373),.PCURVE_S1.);
#2362 = LINE('',#2363,#2364);
#2363 = CARTESIAN_POINT('',(1.746905211025E+03,-105.3008057126,
    4.57049670155));
#2364 = VECTOR('',#2365,1.);
#2365 = DIRECTION('',(0.996935285966,-0.,-7.82306563702E-02));
#2366 = PCURVE('',#2322,#2367);
#2367 = DEFINITIONAL_REPRESENTATION('',(#2368),#2372);
#2368 = LINE('',#2369,#2370);
#2369 = CARTESIAN_POINT('',(0.,0.));
#2370 = VECTOR('',#2371,1.);
#2371 = DIRECTION('',(1.,0.));
#2372 = ( GEOMETRIC_REPRESENTATION_CONTEXT(2) 
PARAMETRIC_REPRESENTATION_CONTEXT() REPRESENTATION_CONTEXT('2D SPACE',''
  ) );
#2373 = PCURVE('',#44,#2374);
#2374 = DEFINITIONAL_REPRESENTATION('',(#2375),#2379);
#2375 = LINE('',#2376,#2377);
#2376 = CARTESIAN_POINT('',(-381.5200752385,4.57049670155));
#2377 = VECTOR('',#2378,1.);
#2378 = DIRECTION('',(-0.996935285966,-7.82306563702E-02));
#2379 = ( GEOMETRIC_REPRESENTATION_CONTEXT(2) 
PARAMETRIC_REPRESENTATION_CONTEXT() REPRESENTATION_CONTEXT('2D SPACE',''
  ) );
#2380 = ORIENTED_EDGE('',*,*,#2381,.T.);
#2381 = EDGE_CURVE('',#2359,#2382,#2384,.T.);
#2382 = VERTEX_POINT('',#2383);
#2383 = CARTESIAN_POINT('',(1.987773647706E+03,-474.3416490252,
    0.910450050935));
#2384 = SURFACE_CURVE('',#2385,(#2388,#2395),.PCURVE_S1.);
#2385 = B_SPLINE_CURVE_WITH_KNOTS('',1,(#2386,#2387),.UNSPECIFIED.,.F.,
  .F.,(2,2),(0.,1.),.PIECEWISE_BEZIER_KNOTS.);
#2386 = CARTESIAN_POINT('',(1.757440328332E+03,-105.3008057126,
    3.743793952164));
#2387 = CARTESIAN_POINT('',(1.987773647706E+03,-474.3416490252,
    0.910450050935));
#2388 = PCURVE('',#2322,#2389);
#2389 = DEFINITIONAL_REPRESENTATION('',(#2390),#2394);
#2390 = LINE('',#2391,#2392);
#2391 = CARTESIAN_POINT('',(10.567503683898,0.));
#2392 = VECTOR('',#2393,1.);
#2393 = DIRECTION('',(0.,1.));
#2394 = ( GEOMETRIC_REPRESENTATION_CONTEXT(2) 
PARAMETRIC_REPRESENTATION_CONTEXT() REPRESENTATION_CONTEXT('2D SPACE',''
  ) );
#2395 = PCURVE('',#2396,#2401);
#2396 = B_SPLINE_SURFACE_WITH_KNOTS('',1,1,(
    (#2397,#2398)
    ,(#2399,#2400
    )),.UNSPECIFIED.,.F.,.F.,.F.,(2,2),(2,2),(0.,9.486708383294),(0.,1.)
  ,.PIECEWISE_BEZIER_KNOTS.);
#2397 = CARTESIAN_POINT('',(1.757440328332E+03,-105.3008057126,
    3.743793952164));
#2398 = CARTESIAN_POINT('',(1.987773647706E+03,-474.3416490252,
    0.910450050935));
#2399 = CARTESIAN_POINT('',(1.766894463014E+03,-105.3008057126,
    2.958317423523));
#2400 = CARTESIAN_POINT('',(1.990072790638E+03,-474.3416490252,
    0.719430685381));
#2401 = DEFINITIONAL_REPRESENTATION('',(#2402),#2406);
#2402 = LINE('',#2403,#2404);
#2403 = CARTESIAN_POINT('',(0.,0.));
#2404 = VECTOR('',#2405,1.);
#2405 = DIRECTION('',(0.,1.));
#2406 = ( GEOMETRIC_REPRESENTATION_CONTEXT(2) 
PARAMETRIC_REPRESENTATION_CONTEXT() REPRESENTATION_CONTEXT('2D SPACE',''
  ) );
#2407 = ORIENTED_EDGE('',*,*,#2408,.F.);
#2408 = EDGE_CURVE('',#2308,#2382,#2409,.T.);
#2409 = SURFACE_CURVE('',#2410,(#2414,#2420),.PCURVE_S1.);
#2410 = LINE('',#2411,#2412);
#2411 = CARTESIAN_POINT('',(1.985211621534E+03,-474.3416490252,
    1.111495185871));
#2412 = VECTOR('',#2413,1.);
#2413 = DIRECTION('',(0.996935285966,-0.,-7.823065637021E-02));
#2414 = PCURVE('',#2322,#2415);
#2415 = DEFINITIONAL_REPRESENTATION('',(#2416),#2419);
#2416 = B_SPLINE_CURVE_WITH_KNOTS('',1,(#2417,#2418),.UNSPECIFIED.,.F.,
  .F.,(2,2),(0.,2.569902187512),.PIECEWISE_BEZIER_KNOTS.);
#2417 = CARTESIAN_POINT('',(0.,1.));
#2418 = CARTESIAN_POINT('',(10.567503683898,1.));
#2419 = ( GEOMETRIC_REPRESENTATION_CONTEXT(2) 
PARAMETRIC_REPRESENTATION_CONTEXT() REPRESENTATION_CONTEXT('2D SPACE',''
  ) );
#2420 = PCURVE('',#98,#2421);
#2421 = DEFINITIONAL_REPRESENTATION('',(#2422),#2426);
#2422 = LINE('',#2423,#2424);
#2423 = CARTESIAN_POINT('',(-92.78154096406,1.111495185871));
#2424 = VECTOR('',#2425,1.);
#2425 = DIRECTION('',(-0.996935285966,-7.823065637021E-02));
#2426 = ( GEOMETRIC_REPRESENTATION_CONTEXT(2) 
PARAMETRIC_REPRESENTATION_CONTEXT() REPRESENTATION_CONTEXT('2D SPACE',''
  ) );
#2427 = ORIENTED_EDGE('',*,*,#2307,.F.);
#2428 = ADVANCED_FACE('',(#2429),#2396,.F.);
#2429 = FACE_BOUND('',#2430,.F.);
#2430 = EDGE_LOOP('',(#2431,#2454,#2481,#2501));
#2431 = ORIENTED_EDGE('',*,*,#2432,.T.);
#2432 = EDGE_CURVE('',#2359,#2433,#2435,.T.);
#2433 = VERTEX_POINT('',#2434);
#2434 = CARTESIAN_POINT('',(1.766894463014E+03,-105.3008057126,
    2.958317423523));
#2435 = SURFACE_CURVE('',#2436,(#2440,#2447),.PCURVE_S1.);
#2436 = LINE('',#2437,#2438);
#2437 = CARTESIAN_POINT('',(1.757440328332E+03,-105.3008057126,
    3.743793952164));
#2438 = VECTOR('',#2439,1.);
#2439 = DIRECTION('',(0.996566385236,-0.,-8.279758340878E-02));
#2440 = PCURVE('',#2396,#2441);
#2441 = DEFINITIONAL_REPRESENTATION('',(#2442),#2446);
#2442 = LINE('',#2443,#2444);
#2443 = CARTESIAN_POINT('',(0.,0.));
#2444 = VECTOR('',#2445,1.);
#2445 = DIRECTION('',(1.,0.));
#2446 = ( GEOMETRIC_REPRESENTATION_CONTEXT(2) 
PARAMETRIC_REPRESENTATION_CONTEXT() REPRESENTATION_CONTEXT('2D SPACE',''
  ) );
#2447 = PCURVE('',#44,#2448);
#2448 = DEFINITIONAL_REPRESENTATION('',(#2449),#2453);
#2449 = LINE('',#2450,#2451);
#2450 = CARTESIAN_POINT('',(-392.0551925456,3.743793952164));
#2451 = VECTOR('',#2452,1.);
#2452 = DIRECTION('',(-0.996566385236,-8.279758340878E-02));
#2453 = ( GEOMETRIC_REPRESENTATION_CONTEXT(2) 
PARAMETRIC_REPRESENTATION_CONTEXT() REPRESENTATION_CONTEXT('2D SPACE',''
  ) );
#2454 = ORIENTED_EDGE('',*,*,#2455,.T.);
#2455 = EDGE_CURVE('',#2433,#2456,#2458,.T.);
#2456 = VERTEX_POINT('',#2457);
#2457 = CARTESIAN_POINT('',(1.990072790638E+03,-474.3416490252,
    0.719430685381));
#2458 = SURFACE_CURVE('',#2459,(#2462,#2469),.PCURVE_S1.);
#2459 = B_SPLINE_CURVE_WITH_KNOTS('',1,(#2460,#2461),.UNSPECIFIED.,.F.,
  .F.,(2,2),(0.,1.),.PIECEWISE_BEZIER_KNOTS.);
#2460 = CARTESIAN_POINT('',(1.766894463014E+03,-105.3008057126,
    2.958317423523));
#2461 = CARTESIAN_POINT('',(1.990072790638E+03,-474.3416490252,
    0.719430685381));
#2462 = PCURVE('',#2396,#2463);
#2463 = DEFINITIONAL_REPRESENTATION('',(#2464),#2468);
#2464 = LINE('',#2465,#2466);
#2465 = CARTESIAN_POINT('',(9.486708383294,0.));
#2466 = VECTOR('',#2467,1.);
#2467 = DIRECTION('',(0.,1.));
#2468 = ( GEOMETRIC_REPRESENTATION_CONTEXT(2) 
PARAMETRIC_REPRESENTATION_CONTEXT() REPRESENTATION_CONTEXT('2D SPACE',''
  ) );
#2469 = PCURVE('',#2470,#2475);
#2470 = B_SPLINE_SURFACE_WITH_KNOTS('',1,1,(
    (#2471,#2472)
    ,(#2473,#2474
    )),.UNSPECIFIED.,.F.,.F.,.F.,(2,2),(2,2),(0.,8.346403994421),(0.,1.)
  ,.PIECEWISE_BEZIER_KNOTS.);
#2471 = CARTESIAN_POINT('',(1.766894463014E+03,-105.3008057126,
    2.958317423523));
#2472 = CARTESIAN_POINT('',(1.990072790638E+03,-474.3416490252,
    0.719430685381));
#2473 = CARTESIAN_POINT('',(1.775209327185E+03,-105.3008057126,
    2.23340815461));
#2474 = CARTESIAN_POINT('',(1.992094875348E+03,-474.3416490252,
    0.543140619945));
#2475 = DEFINITIONAL_REPRESENTATION('',(#2476),#2480);
#2476 = LINE('',#2477,#2478);
#2477 = CARTESIAN_POINT('',(0.,0.));
#2478 = VECTOR('',#2479,1.);
#2479 = DIRECTION('',(0.,1.));
#2480 = ( GEOMETRIC_REPRESENTATION_CONTEXT(2) 
PARAMETRIC_REPRESENTATION_CONTEXT() REPRESENTATION_CONTEXT('2D SPACE',''
  ) );
#2481 = ORIENTED_EDGE('',*,*,#2482,.F.);
#2482 = EDGE_CURVE('',#2382,#2456,#2483,.T.);
#2483 = SURFACE_CURVE('',#2484,(#2488,#2494),.PCURVE_S1.);
#2484 = LINE('',#2485,#2486);
#2485 = CARTESIAN_POINT('',(1.987773647706E+03,-474.3416490252,
    0.910450050935));
#2486 = VECTOR('',#2487,1.);
#2487 = DIRECTION('',(0.996566385236,-0.,-8.279758340878E-02));
#2488 = PCURVE('',#2396,#2489);
#2489 = DEFINITIONAL_REPRESENTATION('',(#2490),#2493);
#2490 = B_SPLINE_CURVE_WITH_KNOTS('',1,(#2491,#2492),.UNSPECIFIED.,.F.,
  .F.,(2,2),(0.,2.30706450225),.PIECEWISE_BEZIER_KNOTS.);
#2491 = CARTESIAN_POINT('',(0.,1.));
#2492 = CARTESIAN_POINT('',(9.486708383294,1.));
#2493 = ( GEOMETRIC_REPRESENTATION_CONTEXT(2) 
PARAMETRIC_REPRESENTATION_CONTEXT() REPRESENTATION_CONTEXT('2D SPACE',''
  ) );
#2494 = PCURVE('',#98,#2495);
#2495 = DEFINITIONAL_REPRESENTATION('',(#2496),#2500);
#2496 = LINE('',#2497,#2498);
#2497 = CARTESIAN_POINT('',(-95.34356713628,0.910450050935));
#2498 = VECTOR('',#2499,1.);
#2499 = DIRECTION('',(-0.996566385236,-8.279758340878E-02));
#2500 = ( GEOMETRIC_REPRESENTATION_CONTEXT(2) 
PARAMETRIC_REPRESENTATION_CONTEXT() REPRESENTATION_CONTEXT('2D SPACE',''
  ) );
#2501 = ORIENTED_EDGE('',*,*,#2381,.F.);
#2502 = ADVANCED_FACE('',(#2503),#2470,.F.);
#2503 = FACE_BOUND('',#2504,.F.);
#2504 = EDGE_LOOP('',(#2505,#2528,#2555,#2575));
#2505 = ORIENTED_EDGE('',*,*,#2506,.T.);
#2506 = EDGE_CURVE('',#2433,#2507,#2509,.T.);
#2507 = VERTEX_POINT('',#2508);
#2508 = CARTESIAN_POINT('',(1.775209327185E+03,-105.3008057126,
    2.23340815461));
#2509 = SURFACE_CURVE('',#2510,(#2514,#2521),.PCURVE_S1.);
#2510 = LINE('',#2511,#2512);
#2511 = CARTESIAN_POINT('',(1.766894463014E+03,-105.3008057126,
    2.958317423523));
#2512 = VECTOR('',#2513,1.);
#2513 = DIRECTION('',(0.996221148296,-0.,-8.685288531413E-02));
#2514 = PCURVE('',#2470,#2515);
#2515 = DEFINITIONAL_REPRESENTATION('',(#2516),#2520);
#2516 = LINE('',#2517,#2518);
#2517 = CARTESIAN_POINT('',(0.,0.));
#2518 = VECTOR('',#2519,1.);
#2519 = DIRECTION('',(1.,0.));
#2520 = ( GEOMETRIC_REPRESENTATION_CONTEXT(2) 
PARAMETRIC_REPRESENTATION_CONTEXT() REPRESENTATION_CONTEXT('2D SPACE',''
  ) );
#2521 = PCURVE('',#44,#2522);
#2522 = DEFINITIONAL_REPRESENTATION('',(#2523),#2527);
#2523 = LINE('',#2524,#2525);
#2524 = CARTESIAN_POINT('',(-401.5093272269,2.958317423523));
#2525 = VECTOR('',#2526,1.);
#2526 = DIRECTION('',(-0.996221148296,-8.685288531413E-02));
#2527 = ( GEOMETRIC_REPRESENTATION_CONTEXT(2) 
PARAMETRIC_REPRESENTATION_CONTEXT() REPRESENTATION_CONTEXT('2D SPACE',''
  ) );
#2528 = ORIENTED_EDGE('',*,*,#2529,.T.);
#2529 = EDGE_CURVE('',#2507,#2530,#2532,.T.);
#2530 = VERTEX_POINT('',#2531);
#2531 = CARTESIAN_POINT('',(1.992094875348E+03,-474.3416490252,
    0.543140619945));
#2532 = SURFACE_CURVE('',#2533,(#2536,#2543),.PCURVE_S1.);
#2533 = B_SPLINE_CURVE_WITH_KNOTS('',1,(#2534,#2535),.UNSPECIFIED.,.F.,
  .F.,(2,2),(0.,1.),.PIECEWISE_BEZIER_KNOTS.);
#2534 = CARTESIAN_POINT('',(1.775209327185E+03,-105.3008057126,
    2.23340815461));
#2535 = CARTESIAN_POINT('',(1.992094875348E+03,-474.3416490252,
    0.543140619945));
#2536 = PCURVE('',#2470,#2537);
#2537 = DEFINITIONAL_REPRESENTATION('',(#2538),#2542);
#2538 = LINE('',#2539,#2540);
#2539 = CARTESIAN_POINT('',(8.346403994421,0.));
#2540 = VECTOR('',#2541,1.);
#2541 = DIRECTION('',(0.,1.));
#2542 = ( GEOMETRIC_REPRESENTATION_CONTEXT(2) 
PARAMETRIC_REPRESENTATION_CONTEXT() REPRESENTATION_CONTEXT('2D SPACE',''
  ) );
#2543 = PCURVE('',#2544,#2549);
#2544 = B_SPLINE_SURFACE_WITH_KNOTS('',1,1,(
    (#2545,#2546)
    ,(#2547,#2548
    )),.UNSPECIFIED.,.F.,.F.,.F.,(2,2),(2,2),(0.,7.153602369243),(0.,1.)
  ,.PIECEWISE_BEZIER_KNOTS.);
#2545 = CARTESIAN_POINT('',(1.775209327185E+03,-105.3008057126,
    2.23340815461));
#2546 = CARTESIAN_POINT('',(1.992094875348E+03,-474.3416490252,
    0.543140619945));
#2547 = CARTESIAN_POINT('',(1.782333656944E+03,-105.3008057126,
    1.586915817462));
#2548 = CARTESIAN_POINT('',(1.993827435012E+03,-474.3416490252,
    0.385920701112));
#2549 = DEFINITIONAL_REPRESENTATION('',(#2550),#2554);
#2550 = LINE('',#2551,#2552);
#2551 = CARTESIAN_POINT('',(0.,0.));
#2552 = VECTOR('',#2553,1.);
#2553 = DIRECTION('',(0.,1.));
#2554 = ( GEOMETRIC_REPRESENTATION_CONTEXT(2) 
PARAMETRIC_REPRESENTATION_CONTEXT() REPRESENTATION_CONTEXT('2D SPACE',''
  ) );
#2555 = ORIENTED_EDGE('',*,*,#2556,.F.);
#2556 = EDGE_CURVE('',#2456,#2530,#2557,.T.);
#2557 = SURFACE_CURVE('',#2558,(#2562,#2568),.PCURVE_S1.);
#2558 = LINE('',#2559,#2560);
#2559 = CARTESIAN_POINT('',(1.990072790638E+03,-474.3416490252,
    0.719430685381));
#2560 = VECTOR('',#2561,1.);
#2561 = DIRECTION('',(0.996221148296,-0.,-8.685288531413E-02));
#2562 = PCURVE('',#2470,#2563);
#2563 = DEFINITIONAL_REPRESENTATION('',(#2564),#2567);
#2564 = B_SPLINE_CURVE_WITH_KNOTS('',1,(#2565,#2566),.UNSPECIFIED.,.F.,
  .F.,(2,2),(0.,2.029754852682),.PIECEWISE_BEZIER_KNOTS.);
#2565 = CARTESIAN_POINT('',(0.,1.));
#2566 = CARTESIAN_POINT('',(8.346403994421,1.));
#2567 = ( GEOMETRIC_REPRESENTATION_CONTEXT(2) 
PARAMETRIC_REPRESENTATION_CONTEXT() REPRESENTATION_CONTEXT('2D SPACE',''
  ) );
#2568 = PCURVE('',#98,#2569);
#2569 = DEFINITIONAL_REPRESENTATION('',(#2570),#2574);
#2570 = LINE('',#2571,#2572);
#2571 = CARTESIAN_POINT('',(-97.64271006779,0.719430685381));
#2572 = VECTOR('',#2573,1.);
#2573 = DIRECTION('',(-0.996221148296,-8.685288531413E-02));
#2574 = ( GEOMETRIC_REPRESENTATION_CONTEXT(2) 
PARAMETRIC_REPRESENTATION_CONTEXT() REPRESENTATION_CONTEXT('2D SPACE',''
  ) );
#2575 = ORIENTED_EDGE('',*,*,#2455,.F.);
#2576 = ADVANCED_FACE('',(#2577),#2544,.F.);
#2577 = FACE_BOUND('',#2578,.F.);
#2578 = EDGE_LOOP('',(#2579,#2602,#2629,#2649));
#2579 = ORIENTED_EDGE('',*,*,#2580,.T.);
#2580 = EDGE_CURVE('',#2507,#2581,#2583,.T.);
#2581 = VERTEX_POINT('',#2582);
#2582 = CARTESIAN_POINT('',(1.782333656944E+03,-105.3008057126,
    1.586915817462));
#2583 = SURFACE_CURVE('',#2584,(#2588,#2595),.PCURVE_S1.);
#2584 = LINE('',#2585,#2586);
#2585 = CARTESIAN_POINT('',(1.775209327185E+03,-105.3008057126,
    2.23340815461));
#2586 = VECTOR('',#2587,1.);
#2587 = DIRECTION('',(0.995907990309,-0.,-9.037297626834E-02));
#2588 = PCURVE('',#2544,#2589);
#2589 = DEFINITIONAL_REPRESENTATION('',(#2590),#2594);
#2590 = LINE('',#2591,#2592);
#2591 = CARTESIAN_POINT('',(0.,0.));
#2592 = VECTOR('',#2593,1.);
#2593 = DIRECTION('',(1.,0.));
#2594 = ( GEOMETRIC_REPRESENTATION_CONTEXT(2) 
PARAMETRIC_REPRESENTATION_CONTEXT() REPRESENTATION_CONTEXT('2D SPACE',''
  ) );
#2595 = PCURVE('',#44,#2596);
#2596 = DEFINITIONAL_REPRESENTATION('',(#2597),#2601);
#2597 = LINE('',#2598,#2599);
#2598 = CARTESIAN_POINT('',(-409.8241913984,2.23340815461));
#2599 = VECTOR('',#2600,1.);
#2600 = DIRECTION('',(-0.995907990309,-9.037297626834E-02));
#2601 = ( GEOMETRIC_REPRESENTATION_CONTEXT(2) 
PARAMETRIC_REPRESENTATION_CONTEXT() REPRESENTATION_CONTEXT('2D SPACE',''
  ) );
#2602 = ORIENTED_EDGE('',*,*,#2603,.T.);
#2603 = EDGE_CURVE('',#2581,#2604,#2606,.T.);
#2604 = VERTEX_POINT('',#2605);
#2605 = CARTESIAN_POINT('',(1.993827435012E+03,-474.3416490252,
    0.385920701112));
#2606 = SURFACE_CURVE('',#2607,(#2610,#2617),.PCURVE_S1.);
#2607 = B_SPLINE_CURVE_WITH_KNOTS('',1,(#2608,#2609),.UNSPECIFIED.,.F.,
  .F.,(2,2),(0.,1.),.PIECEWISE_BEZIER_KNOTS.);
#2608 = CARTESIAN_POINT('',(1.782333656944E+03,-105.3008057126,
    1.586915817462));
#2609 = CARTESIAN_POINT('',(1.993827435012E+03,-474.3416490252,
    0.385920701112));
#2610 = PCURVE('',#2544,#2611);
#2611 = DEFINITIONAL_REPRESENTATION('',(#2612),#2616);
#2612 = LINE('',#2613,#2614);
#2613 = CARTESIAN_POINT('',(7.153602369243,0.));
#2614 = VECTOR('',#2615,1.);
#2615 = DIRECTION('',(0.,1.));
#2616 = ( GEOMETRIC_REPRESENTATION_CONTEXT(2) 
PARAMETRIC_REPRESENTATION_CONTEXT() REPRESENTATION_CONTEXT('2D SPACE',''
  ) );
#2617 = PCURVE('',#2618,#2623);
#2618 = B_SPLINE_SURFACE_WITH_KNOTS('',1,1,(
    (#2619,#2620)
    ,(#2621,#2622
    )),.UNSPECIFIED.,.F.,.F.,.F.,(2,2),(2,2),(0.,5.915696327192),(0.,1.)
  ,.PIECEWISE_BEZIER_KNOTS.);
#2619 = CARTESIAN_POINT('',(1.782333656944E+03,-105.3008057126,
    1.586915817462));
#2620 = CARTESIAN_POINT('',(1.993827435012E+03,-474.3416490252,
    0.385920701112));
#2621 = CARTESIAN_POINT('',(1.788223528429E+03,-105.3008057126,
    1.034759199003));
#2622 = CARTESIAN_POINT('',(1.995259787824E+03,-474.3416490252,
    0.251642205067));
#2623 = DEFINITIONAL_REPRESENTATION('',(#2624),#2628);
#2624 = LINE('',#2625,#2626);
#2625 = CARTESIAN_POINT('',(0.,0.));
#2626 = VECTOR('',#2627,1.);
#2627 = DIRECTION('',(0.,1.));
#2628 = ( GEOMETRIC_REPRESENTATION_CONTEXT(2) 
PARAMETRIC_REPRESENTATION_CONTEXT() REPRESENTATION_CONTEXT('2D SPACE',''
  ) );
#2629 = ORIENTED_EDGE('',*,*,#2630,.F.);
#2630 = EDGE_CURVE('',#2530,#2604,#2631,.T.);
#2631 = SURFACE_CURVE('',#2632,(#2636,#2642),.PCURVE_S1.);
#2632 = LINE('',#2633,#2634);
#2633 = CARTESIAN_POINT('',(1.992094875348E+03,-474.3416490252,
    0.543140619945));
#2634 = VECTOR('',#2635,1.);
#2635 = DIRECTION('',(0.995907990309,-0.,-9.037297626834E-02));
#2636 = PCURVE('',#2544,#2637);
#2637 = DEFINITIONAL_REPRESENTATION('',(#2638),#2641);
#2638 = B_SPLINE_CURVE_WITH_KNOTS('',1,(#2639,#2640),.UNSPECIFIED.,.F.,
  .F.,(2,2),(0.,1.739678445092),.PIECEWISE_BEZIER_KNOTS.);
#2639 = CARTESIAN_POINT('',(0.,1.));
#2640 = CARTESIAN_POINT('',(7.153602369243,1.));
#2641 = ( GEOMETRIC_REPRESENTATION_CONTEXT(2) 
PARAMETRIC_REPRESENTATION_CONTEXT() REPRESENTATION_CONTEXT('2D SPACE',''
  ) );
#2642 = PCURVE('',#98,#2643);
#2643 = DEFINITIONAL_REPRESENTATION('',(#2644),#2648);
#2644 = LINE('',#2645,#2646);
#2645 = CARTESIAN_POINT('',(-99.66479477789,0.543140619945));
#2646 = VECTOR('',#2647,1.);
#2647 = DIRECTION('',(-0.995907990309,-9.037297626834E-02));
#2648 = ( GEOMETRIC_REPRESENTATION_CONTEXT(2) 
PARAMETRIC_REPRESENTATION_CONTEXT() REPRESENTATION_CONTEXT('2D SPACE',''
  ) );
#2649 = ORIENTED_EDGE('',*,*,#2529,.F.);
#2650 = ADVANCED_FACE('',(#2651),#2618,.F.);
#2651 = FACE_BOUND('',#2652,.F.);
#2652 = EDGE_LOOP('',(#2653,#2676,#2703,#2723));
#2653 = ORIENTED_EDGE('',*,*,#2654,.T.);
#2654 = EDGE_CURVE('',#2581,#2655,#2657,.T.);
#2655 = VERTEX_POINT('',#2656);
#2656 = CARTESIAN_POINT('',(1.788223528429E+03,-105.3008057126,
    1.034759199003));
#2657 = SURFACE_CURVE('',#2658,(#2662,#2669),.PCURVE_S1.);
#2658 = LINE('',#2659,#2660);
#2659 = CARTESIAN_POINT('',(1.782333656944E+03,-105.3008057126,
    1.586915817462));
#2660 = VECTOR('',#2661,1.);
#2661 = DIRECTION('',(0.995634521917,-0.,-9.333755282887E-02));
#2662 = PCURVE('',#2618,#2663);
#2663 = DEFINITIONAL_REPRESENTATION('',(#2664),#2668);
#2664 = LINE('',#2665,#2666);
#2665 = CARTESIAN_POINT('',(0.,0.));
#2666 = VECTOR('',#2667,1.);
#2667 = DIRECTION('',(1.,0.));
#2668 = ( GEOMETRIC_REPRESENTATION_CONTEXT(2) 
PARAMETRIC_REPRESENTATION_CONTEXT() REPRESENTATION_CONTEXT('2D SPACE',''
  ) );
#2669 = PCURVE('',#44,#2670);
#2670 = DEFINITIONAL_REPRESENTATION('',(#2671),#2675);
#2671 = LINE('',#2672,#2673);
#2672 = CARTESIAN_POINT('',(-416.9485211574,1.586915817462));
#2673 = VECTOR('',#2674,1.);
#2674 = DIRECTION('',(-0.995634521917,-9.333755282887E-02));
#2675 = ( GEOMETRIC_REPRESENTATION_CONTEXT(2) 
PARAMETRIC_REPRESENTATION_CONTEXT() REPRESENTATION_CONTEXT('2D SPACE',''
  ) );
#2676 = ORIENTED_EDGE('',*,*,#2677,.T.);
#2677 = EDGE_CURVE('',#2655,#2678,#2680,.T.);
#2678 = VERTEX_POINT('',#2679);
#2679 = CARTESIAN_POINT('',(1.995259787824E+03,-474.3416490252,
    0.251642205067));
#2680 = SURFACE_CURVE('',#2681,(#2684,#2691),.PCURVE_S1.);
#2681 = B_SPLINE_CURVE_WITH_KNOTS('',1,(#2682,#2683),.UNSPECIFIED.,.F.,
  .F.,(2,2),(0.,1.),.PIECEWISE_BEZIER_KNOTS.);
#2682 = CARTESIAN_POINT('',(1.788223528429E+03,-105.3008057126,
    1.034759199003));
#2683 = CARTESIAN_POINT('',(1.995259787824E+03,-474.3416490252,
    0.251642205067));
#2684 = PCURVE('',#2618,#2685);
#2685 = DEFINITIONAL_REPRESENTATION('',(#2686),#2690);
#2686 = LINE('',#2687,#2688);
#2687 = CARTESIAN_POINT('',(5.915696327192,0.));
#2688 = VECTOR('',#2689,1.);
#2689 = DIRECTION('',(0.,1.));
#2690 = ( GEOMETRIC_REPRESENTATION_CONTEXT(2) 
PARAMETRIC_REPRESENTATION_CONTEXT() REPRESENTATION_CONTEXT('2D SPACE',''
  ) );
#2691 = PCURVE('',#2692,#2697);
#2692 = B_SPLINE_SURFACE_WITH_KNOTS('',1,1,(
    (#2693,#2694)
    ,(#2695,#2696
    )),.UNSPECIFIED.,.F.,.F.,.F.,(2,2),(2,2),(0.,4.640411880972),(0.,1.)
  ,.PIECEWISE_BEZIER_KNOTS.);
#2693 = CARTESIAN_POINT('',(1.788223528429E+03,-105.3008057126,
    1.034759199003));
#2694 = CARTESIAN_POINT('',(1.995259787824E+03,-474.3416490252,
    0.251642205067));
#2695 = CARTESIAN_POINT('',(1.792842628623E+03,-105.3008057126,
    0.590534227683));
#2696 = CARTESIAN_POINT('',(1.996383102851E+03,-474.3416490252,
    0.143611514026));
#2697 = DEFINITIONAL_REPRESENTATION('',(#2698),#2702);
#2698 = LINE('',#2699,#2700);
#2699 = CARTESIAN_POINT('',(0.,0.));
#2700 = VECTOR('',#2701,1.);
#2701 = DIRECTION('',(0.,1.));
#2702 = ( GEOMETRIC_REPRESENTATION_CONTEXT(2) 
PARAMETRIC_REPRESENTATION_CONTEXT() REPRESENTATION_CONTEXT('2D SPACE',''
  ) );
#2703 = ORIENTED_EDGE('',*,*,#2704,.F.);
#2704 = EDGE_CURVE('',#2604,#2678,#2705,.T.);
#2705 = SURFACE_CURVE('',#2706,(#2710,#2716),.PCURVE_S1.);
#2706 = LINE('',#2707,#2708);
#2707 = CARTESIAN_POINT('',(1.993827435012E+03,-474.3416490252,
    0.385920701112));
#2708 = VECTOR('',#2709,1.);
#2709 = DIRECTION('',(0.995634521917,-0.,-9.333755282887E-02));
#2710 = PCURVE('',#2618,#2711);
#2711 = DEFINITIONAL_REPRESENTATION('',(#2712),#2715);
#2712 = B_SPLINE_CURVE_WITH_KNOTS('',1,(#2713,#2714),.UNSPECIFIED.,.F.,
  .F.,(2,2),(0.,1.43863313292),.PIECEWISE_BEZIER_KNOTS.);
#2713 = CARTESIAN_POINT('',(0.,1.));
#2714 = CARTESIAN_POINT('',(5.915696327192,1.));
#2715 = ( GEOMETRIC_REPRESENTATION_CONTEXT(2) 
PARAMETRIC_REPRESENTATION_CONTEXT() REPRESENTATION_CONTEXT('2D SPACE',''
  ) );
#2716 = PCURVE('',#98,#2717);
#2717 = DEFINITIONAL_REPRESENTATION('',(#2718),#2722);
#2718 = LINE('',#2719,#2720);
#2719 = CARTESIAN_POINT('',(-101.3973544419,0.385920701112));
#2720 = VECTOR('',#2721,1.);
#2721 = DIRECTION('',(-0.995634521917,-9.333755282887E-02));
#2722 = ( GEOMETRIC_REPRESENTATION_CONTEXT(2) 
PARAMETRIC_REPRESENTATION_CONTEXT() REPRESENTATION_CONTEXT('2D SPACE',''
  ) );
#2723 = ORIENTED_EDGE('',*,*,#2603,.F.);
#2724 = ADVANCED_FACE('',(#2725),#2692,.F.);
#2725 = FACE_BOUND('',#2726,.F.);
#2726 = EDGE_LOOP('',(#2727,#2750,#2777,#2797));
#2727 = ORIENTED_EDGE('',*,*,#2728,.T.);
#2728 = EDGE_CURVE('',#2655,#2729,#2731,.T.);
#2729 = VERTEX_POINT('',#2730);
#2730 = CARTESIAN_POINT('',(1.792842628623E+03,-105.3008057126,
    0.590534227683));
#2731 = SURFACE_CURVE('',#2732,(#2736,#2743),.PCURVE_S1.);
#2732 = LINE('',#2733,#2734);
#2733 = CARTESIAN_POINT('',(1.788223528429E+03,-105.3008057126,
    1.034759199003));
#2734 = VECTOR('',#2735,1.);
#2735 = DIRECTION('',(0.995407371637,-0.,-9.572964269429E-02));
#2736 = PCURVE('',#2692,#2737);
#2737 = DEFINITIONAL_REPRESENTATION('',(#2738),#2742);
#2738 = LINE('',#2739,#2740);
#2739 = CARTESIAN_POINT('',(0.,0.));
#2740 = VECTOR('',#2741,1.);
#2741 = DIRECTION('',(1.,0.));
#2742 = ( GEOMETRIC_REPRESENTATION_CONTEXT(2) 
PARAMETRIC_REPRESENTATION_CONTEXT() REPRESENTATION_CONTEXT('2D SPACE',''
  ) );
#2743 = PCURVE('',#44,#2744);
#2744 = DEFINITIONAL_REPRESENTATION('',(#2745),#2749);
#2745 = LINE('',#2746,#2747);
#2746 = CARTESIAN_POINT('',(-422.8383926419,1.034759199003));
#2747 = VECTOR('',#2748,1.);
#2748 = DIRECTION('',(-0.995407371637,-9.572964269429E-02));
#2749 = ( GEOMETRIC_REPRESENTATION_CONTEXT(2) 
PARAMETRIC_REPRESENTATION_CONTEXT() REPRESENTATION_CONTEXT('2D SPACE',''
  ) );
#2750 = ORIENTED_EDGE('',*,*,#2751,.T.);
#2751 = EDGE_CURVE('',#2729,#2752,#2754,.T.);
#2752 = VERTEX_POINT('',#2753);
#2753 = CARTESIAN_POINT('',(1.996383102851E+03,-474.3416490252,
    0.143611514026));
#2754 = SURFACE_CURVE('',#2755,(#2758,#2765),.PCURVE_S1.);
#2755 = B_SPLINE_CURVE_WITH_KNOTS('',1,(#2756,#2757),.UNSPECIFIED.,.F.,
  .F.,(2,2),(0.,1.),.PIECEWISE_BEZIER_KNOTS.);
#2756 = CARTESIAN_POINT('',(1.792842628623E+03,-105.3008057126,
    0.590534227683));
#2757 = CARTESIAN_POINT('',(1.996383102851E+03,-474.3416490252,
    0.143611514026));
#2758 = PCURVE('',#2692,#2759);
#2759 = DEFINITIONAL_REPRESENTATION('',(#2760),#2764);
#2760 = LINE('',#2761,#2762);
#2761 = CARTESIAN_POINT('',(4.640411880972,0.));
#2762 = VECTOR('',#2763,1.);
#2763 = DIRECTION('',(0.,1.));
#2764 = ( GEOMETRIC_REPRESENTATION_CONTEXT(2) 
PARAMETRIC_REPRESENTATION_CONTEXT() REPRESENTATION_CONTEXT('2D SPACE',''
  ) );
#2765 = PCURVE('',#2766,#2771);
#2766 = B_SPLINE_SURFACE_WITH_KNOTS('',1,1,(
    (#2767,#2768)
    ,(#2769,#2770
    )),.UNSPECIFIED.,.F.,.F.,.F.,(2,2),(2,2),(0.,3.33575538632),(0.,1.),
  .PIECEWISE_BEZIER_KNOTS.);
#2767 = CARTESIAN_POINT('',(1.792842628623E+03,-105.3008057126,
    0.590534227683));
#2768 = CARTESIAN_POINT('',(1.996383102851E+03,-474.3416490252,
    0.143611514026));
#2769 = CARTESIAN_POINT('',(1.796162479237E+03,-105.3008057126,
    0.265179196594));
#2770 = CARTESIAN_POINT('',(1.997190454484E+03,-474.3416490252,
    6.448870213777E-02));
#2771 = DEFINITIONAL_REPRESENTATION('',(#2772),#2776);
#2772 = LINE('',#2773,#2774);
#2773 = CARTESIAN_POINT('',(0.,0.));
#2774 = VECTOR('',#2775,1.);
#2775 = DIRECTION('',(0.,1.));
#2776 = ( GEOMETRIC_REPRESENTATION_CONTEXT(2) 
PARAMETRIC_REPRESENTATION_CONTEXT() REPRESENTATION_CONTEXT('2D SPACE',''
  ) );
#2777 = ORIENTED_EDGE('',*,*,#2778,.F.);
#2778 = EDGE_CURVE('',#2678,#2752,#2779,.T.);
#2779 = SURFACE_CURVE('',#2780,(#2784,#2790),.PCURVE_S1.);
#2780 = LINE('',#2781,#2782);
#2781 = CARTESIAN_POINT('',(1.995259787824E+03,-474.3416490252,
    0.251642205067));
#2782 = VECTOR('',#2783,1.);
#2783 = DIRECTION('',(0.995407371637,-0.,-9.572964269429E-02));
#2784 = PCURVE('',#2692,#2785);
#2785 = DEFINITIONAL_REPRESENTATION('',(#2786),#2789);
#2786 = B_SPLINE_CURVE_WITH_KNOTS('',1,(#2787,#2788),.UNSPECIFIED.,.F.,
  .F.,(2,2),(0.,1.12849779859),.PIECEWISE_BEZIER_KNOTS.);
#2787 = CARTESIAN_POINT('',(0.,1.));
#2788 = CARTESIAN_POINT('',(4.640411880972,1.));
#2789 = ( GEOMETRIC_REPRESENTATION_CONTEXT(2) 
PARAMETRIC_REPRESENTATION_CONTEXT() REPRESENTATION_CONTEXT('2D SPACE',''
  ) );
#2790 = PCURVE('',#98,#2791);
#2791 = DEFINITIONAL_REPRESENTATION('',(#2792),#2796);
#2792 = LINE('',#2793,#2794);
#2793 = CARTESIAN_POINT('',(-102.8297072534,0.251642205067));
#2794 = VECTOR('',#2795,1.);
#2795 = DIRECTION('',(-0.995407371637,-9.572964269429E-02));
#2796 = ( GEOMETRIC_REPRESENTATION_CONTEXT(2) 
PARAMETRIC_REPRESENTATION_CONTEXT() REPRESENTATION_CONTEXT('2D SPACE',''
  ) );
#2797 = ORIENTED_EDGE('',*,*,#2677,.F.);
#2798 = ADVANCED_FACE('',(#2799),#2766,.F.);
#2799 = FACE_BOUND('',#2800,.F.);
#2800 = EDGE_LOOP('',(#2801,#2824,#2851,#2871));
#2801 = ORIENTED_EDGE('',*,*,#2802,.T.);
#2802 = EDGE_CURVE('',#2729,#2803,#2805,.T.);
#2803 = VERTEX_POINT('',#2804);
#2804 = CARTESIAN_POINT('',(1.796162479237E+03,-105.3008057126,
    0.265179196594));
#2805 = SURFACE_CURVE('',#2806,(#2810,#2817),.PCURVE_S1.);
#2806 = LINE('',#2807,#2808);
#2807 = CARTESIAN_POINT('',(1.792842628623E+03,-105.3008057126,
    0.590534227683));
#2808 = VECTOR('',#2809,1.);
#2809 = DIRECTION('',(0.995232032867,-0.,-9.753563838133E-02));
#2810 = PCURVE('',#2766,#2811);
#2811 = DEFINITIONAL_REPRESENTATION('',(#2812),#2816);
#2812 = LINE('',#2813,#2814);
#2813 = CARTESIAN_POINT('',(0.,0.));
#2814 = VECTOR('',#2815,1.);
#2815 = DIRECTION('',(1.,0.));
#2816 = ( GEOMETRIC_REPRESENTATION_CONTEXT(2) 
PARAMETRIC_REPRESENTATION_CONTEXT() REPRESENTATION_CONTEXT('2D SPACE',''
  ) );
#2817 = PCURVE('',#44,#2818);
#2818 = DEFINITIONAL_REPRESENTATION('',(#2819),#2823);
#2819 = LINE('',#2820,#2821);
#2820 = CARTESIAN_POINT('',(-427.4574928357,0.590534227683));
#2821 = VECTOR('',#2822,1.);
#2822 = DIRECTION('',(-0.995232032867,-9.753563838133E-02));
#2823 = ( GEOMETRIC_REPRESENTATION_CONTEXT(2) 
PARAMETRIC_REPRESENTATION_CONTEXT() REPRESENTATION_CONTEXT('2D SPACE',''
  ) );
#2824 = ORIENTED_EDGE('',*,*,#2825,.T.);
#2825 = EDGE_CURVE('',#2803,#2826,#2828,.T.);
#2826 = VERTEX_POINT('',#2827);
#2827 = CARTESIAN_POINT('',(1.997190454484E+03,-474.3416490252,
    6.448870213777E-02));
#2828 = SURFACE_CURVE('',#2829,(#2832,#2839),.PCURVE_S1.);
#2829 = B_SPLINE_CURVE_WITH_KNOTS('',1,(#2830,#2831),.UNSPECIFIED.,.F.,
  .F.,(2,2),(0.,1.),.PIECEWISE_BEZIER_KNOTS.);
#2830 = CARTESIAN_POINT('',(1.796162479237E+03,-105.3008057126,
    0.265179196594));
#2831 = CARTESIAN_POINT('',(1.997190454484E+03,-474.3416490252,
    6.448870213777E-02));
#2832 = PCURVE('',#2766,#2833);
#2833 = DEFINITIONAL_REPRESENTATION('',(#2834),#2838);
#2834 = LINE('',#2835,#2836);
#2835 = CARTESIAN_POINT('',(3.33575538632,0.));
#2836 = VECTOR('',#2837,1.);
#2837 = DIRECTION('',(0.,1.));
#2838 = ( GEOMETRIC_REPRESENTATION_CONTEXT(2) 
PARAMETRIC_REPRESENTATION_CONTEXT() REPRESENTATION_CONTEXT('2D SPACE',''
  ) );
#2839 = PCURVE('',#2840,#2845);
#2840 = B_SPLINE_SURFACE_WITH_KNOTS('',1,1,(
    (#2841,#2842)
    ,(#2843,#2844
    )),.UNSPECIFIED.,.F.,.F.,.F.,(2,2),(2,2),(0.,2.009956233942),(0.,1.)
  ,.PIECEWISE_BEZIER_KNOTS.);
#2841 = CARTESIAN_POINT('',(1.796162479237E+03,-105.3008057126,
    0.265179196594));
#2842 = CARTESIAN_POINT('',(1.997190454484E+03,-474.3416490252,
    6.448870213777E-02));
#2843 = CARTESIAN_POINT('',(1.798162612289E+03,-105.3008057126,
    6.67054263937E-02));
#2844 = CARTESIAN_POINT('',(1.997676865131E+03,-474.3416490252,
    1.622203562317E-02));
#2845 = DEFINITIONAL_REPRESENTATION('',(#2846),#2850);
#2846 = LINE('',#2847,#2848);
#2847 = CARTESIAN_POINT('',(0.,0.));
#2848 = VECTOR('',#2849,1.);
#2849 = DIRECTION('',(0.,1.));
#2850 = ( GEOMETRIC_REPRESENTATION_CONTEXT(2) 
PARAMETRIC_REPRESENTATION_CONTEXT() REPRESENTATION_CONTEXT('2D SPACE',''
  ) );
#2851 = ORIENTED_EDGE('',*,*,#2852,.F.);
#2852 = EDGE_CURVE('',#2752,#2826,#2853,.T.);
#2853 = SURFACE_CURVE('',#2854,(#2858,#2864),.PCURVE_S1.);
#2854 = LINE('',#2855,#2856);
#2855 = CARTESIAN_POINT('',(1.996383102851E+03,-474.3416490252,
    0.143611514026));
#2856 = VECTOR('',#2857,1.);
#2857 = DIRECTION('',(0.995232032867,-0.,-9.753563838134E-02));
#2858 = PCURVE('',#2766,#2859);
#2859 = DEFINITIONAL_REPRESENTATION('',(#2860),#2863);
#2860 = B_SPLINE_CURVE_WITH_KNOTS('',1,(#2861,#2862),.UNSPECIFIED.,.F.,
  .F.,(2,2),(0.,0.811219500909),.PIECEWISE_BEZIER_KNOTS.);
#2861 = CARTESIAN_POINT('',(0.,1.));
#2862 = CARTESIAN_POINT('',(3.33575538632,1.));
#2863 = ( GEOMETRIC_REPRESENTATION_CONTEXT(2) 
PARAMETRIC_REPRESENTATION_CONTEXT() REPRESENTATION_CONTEXT('2D SPACE',''
  ) );
#2864 = PCURVE('',#98,#2865);
#2865 = DEFINITIONAL_REPRESENTATION('',(#2866),#2870);
#2866 = LINE('',#2867,#2868);
#2867 = CARTESIAN_POINT('',(-103.953022281,0.143611514026));
#2868 = VECTOR('',#2869,1.);
#2869 = DIRECTION('',(-0.995232032867,-9.753563838134E-02));
#2870 = ( GEOMETRIC_REPRESENTATION_CONTEXT(2) 
PARAMETRIC_REPRESENTATION_CONTEXT() REPRESENTATION_CONTEXT('2D SPACE',''
  ) );
#2871 = ORIENTED_EDGE('',*,*,#2751,.F.);
#2872 = ADVANCED_FACE('',(#2873),#2840,.F.);
#2873 = FACE_BOUND('',#2874,.F.);
#2874 = EDGE_LOOP('',(#2875,#2898,#2925,#2945));
#2875 = ORIENTED_EDGE('',*,*,#2876,.T.);
#2876 = EDGE_CURVE('',#2803,#2877,#2879,.T.);
#2877 = VERTEX_POINT('',#2878);
#2878 = CARTESIAN_POINT('',(1.798162612289E+03,-105.3008057126,
    6.67054263937E-02));
#2879 = SURFACE_CURVE('',#2880,(#2884,#2891),.PCURVE_S1.);
#2880 = LINE('',#2881,#2882);
#2881 = CARTESIAN_POINT('',(1.796162479237E+03,-105.3008057126,
    0.265179196594));
#2882 = VECTOR('',#2883,1.);
#2883 = DIRECTION('',(0.99511273829,-0.,-9.87453193503E-02));
#2884 = PCURVE('',#2840,#2885);
#2885 = DEFINITIONAL_REPRESENTATION('',(#2886),#2890);
#2886 = LINE('',#2887,#2888);
#2887 = CARTESIAN_POINT('',(0.,0.));
#2888 = VECTOR('',#2889,1.);
#2889 = DIRECTION('',(1.,0.));
#2890 = ( GEOMETRIC_REPRESENTATION_CONTEXT(2) 
PARAMETRIC_REPRESENTATION_CONTEXT() REPRESENTATION_CONTEXT('2D SPACE',''
  ) );
#2891 = PCURVE('',#44,#2892);
#2892 = DEFINITIONAL_REPRESENTATION('',(#2893),#2897);
#2893 = LINE('',#2894,#2895);
#2894 = CARTESIAN_POINT('',(-430.77734345,0.265179196594));
#2895 = VECTOR('',#2896,1.);
#2896 = DIRECTION('',(-0.99511273829,-9.87453193503E-02));
#2897 = ( GEOMETRIC_REPRESENTATION_CONTEXT(2) 
PARAMETRIC_REPRESENTATION_CONTEXT() REPRESENTATION_CONTEXT('2D SPACE',''
  ) );
#2898 = ORIENTED_EDGE('',*,*,#2899,.T.);
#2899 = EDGE_CURVE('',#2877,#2900,#2902,.T.);
#2900 = VERTEX_POINT('',#2901);
#2901 = CARTESIAN_POINT('',(1.997676865131E+03,-474.3416490252,
    1.622203562317E-02));
#2902 = SURFACE_CURVE('',#2903,(#2906,#2913),.PCURVE_S1.);
#2903 = B_SPLINE_CURVE_WITH_KNOTS('',1,(#2904,#2905),.UNSPECIFIED.,.F.,
  .F.,(2,2),(0.,1.),.PIECEWISE_BEZIER_KNOTS.);
#2904 = CARTESIAN_POINT('',(1.798162612289E+03,-105.3008057126,
    6.67054263937E-02));
#2905 = CARTESIAN_POINT('',(1.997676865131E+03,-474.3416490252,
    1.622203562317E-02));
#2906 = PCURVE('',#2840,#2907);
#2907 = DEFINITIONAL_REPRESENTATION('',(#2908),#2912);
#2908 = LINE('',#2909,#2910);
#2909 = CARTESIAN_POINT('',(2.009956233942,0.));
#2910 = VECTOR('',#2911,1.);
#2911 = DIRECTION('',(0.,1.));
#2912 = ( GEOMETRIC_REPRESENTATION_CONTEXT(2) 
PARAMETRIC_REPRESENTATION_CONTEXT() REPRESENTATION_CONTEXT('2D SPACE',''
  ) );
#2913 = PCURVE('',#2914,#2919);
#2914 = B_SPLINE_SURFACE_WITH_KNOTS('',1,1,(
    (#2915,#2916)
    ,(#2917,#2918
    )),.UNSPECIFIED.,.F.,.F.,.F.,(2,2),(2,2),(0.,0.671405875936),(0.,1.)
  ,.PIECEWISE_BEZIER_KNOTS.);
#2915 = CARTESIAN_POINT('',(1.798162612289E+03,-105.3008057126,
    6.67054263937E-02));
#2916 = CARTESIAN_POINT('',(1.997676865131E+03,-474.3416490252,
    1.622203562317E-02));
#2917 = CARTESIAN_POINT('',(1.798830696293E+03,-105.3008057126,0.));
#2918 = CARTESIAN_POINT('',(1.997839335909E+03,-474.3416490252,0.));
#2919 = DEFINITIONAL_REPRESENTATION('',(#2920),#2924);
#2920 = LINE('',#2921,#2922);
#2921 = CARTESIAN_POINT('',(0.,0.));
#2922 = VECTOR('',#2923,1.);
#2923 = DIRECTION('',(0.,1.));
#2924 = ( GEOMETRIC_REPRESENTATION_CONTEXT(2) 
PARAMETRIC_REPRESENTATION_CONTEXT() REPRESENTATION_CONTEXT('2D SPACE',''
  ) );
#2925 = ORIENTED_EDGE('',*,*,#2926,.F.);
#2926 = EDGE_CURVE('',#2826,#2900,#2927,.T.);
#2927 = SURFACE_CURVE('',#2928,(#2932,#2938),.PCURVE_S1.);
#2928 = LINE('',#2929,#2930);
#2929 = CARTESIAN_POINT('',(1.997190454484E+03,-474.3416490252,
    6.448870213777E-02));
#2930 = VECTOR('',#2931,1.);
#2931 = DIRECTION('',(0.99511273829,-0.,-9.874531935027E-02));
#2932 = PCURVE('',#2840,#2933);
#2933 = DEFINITIONAL_REPRESENTATION('',(#2934),#2937);
#2934 = B_SPLINE_CURVE_WITH_KNOTS('',1,(#2935,#2936),.UNSPECIFIED.,.F.,
  .F.,(2,2),(0.,0.48879953837),.PIECEWISE_BEZIER_KNOTS.);
#2935 = CARTESIAN_POINT('',(0.,1.));
#2936 = CARTESIAN_POINT('',(2.009956233942,1.));
#2937 = ( GEOMETRIC_REPRESENTATION_CONTEXT(2) 
PARAMETRIC_REPRESENTATION_CONTEXT() REPRESENTATION_CONTEXT('2D SPACE',''
  ) );
#2938 = PCURVE('',#98,#2939);
#2939 = DEFINITIONAL_REPRESENTATION('',(#2940),#2944);
#2940 = LINE('',#2941,#2942);
#2941 = CARTESIAN_POINT('',(-104.760373914,6.448870213777E-02));
#2942 = VECTOR('',#2943,1.);
#2943 = DIRECTION('',(-0.99511273829,-9.874531935027E-02));
#2944 = ( GEOMETRIC_REPRESENTATION_CONTEXT(2) 
PARAMETRIC_REPRESENTATION_CONTEXT() REPRESENTATION_CONTEXT('2D SPACE',''
  ) );
#2945 = ORIENTED_EDGE('',*,*,#2825,.F.);
#2946 = ADVANCED_FACE('',(#2947),#2914,.F.);
#2947 = FACE_BOUND('',#2948,.F.);
#2948 = EDGE_LOOP('',(#2949,#2972,#2999,#3019));
#2949 = ORIENTED_EDGE('',*,*,#2950,.T.);
#2950 = EDGE_CURVE('',#2877,#2951,#2953,.T.);
#2951 = VERTEX_POINT('',#2952);
#2952 = CARTESIAN_POINT('',(1.798830696293E+03,-105.3008057126,0.));
#2953 = SURFACE_CURVE('',#2954,(#2958,#2965),.PCURVE_S1.);
#2954 = LINE('',#2955,#2956);
#2955 = CARTESIAN_POINT('',(1.798162612289E+03,-105.3008057126,
    6.67054263937E-02));
#2956 = VECTOR('',#2957,1.);
#2957 = DIRECTION('',(0.995052363843,-0.,-9.935186566649E-02));
#2958 = PCURVE('',#2914,#2959);
#2959 = DEFINITIONAL_REPRESENTATION('',(#2960),#2964);
#2960 = LINE('',#2961,#2962);
#2961 = CARTESIAN_POINT('',(0.,0.));
#2962 = VECTOR('',#2963,1.);
#2963 = DIRECTION('',(1.,0.));
#2964 = ( GEOMETRIC_REPRESENTATION_CONTEXT(2) 
PARAMETRIC_REPRESENTATION_CONTEXT() REPRESENTATION_CONTEXT('2D SPACE',''
  ) );
#2965 = PCURVE('',#44,#2966);
#2966 = DEFINITIONAL_REPRESENTATION('',(#2967),#2971);
#2967 = LINE('',#2968,#2969);
#2968 = CARTESIAN_POINT('',(-432.7774765018,6.67054263937E-02));
#2969 = VECTOR('',#2970,1.);
#2970 = DIRECTION('',(-0.995052363843,-9.935186566649E-02));
#2971 = ( GEOMETRIC_REPRESENTATION_CONTEXT(2) 
PARAMETRIC_REPRESENTATION_CONTEXT() REPRESENTATION_CONTEXT('2D SPACE',''
  ) );
#2972 = ORIENTED_EDGE('',*,*,#2973,.T.);
#2973 = EDGE_CURVE('',#2951,#2974,#2976,.T.);
#2974 = VERTEX_POINT('',#2975);
#2975 = CARTESIAN_POINT('',(1.997839335909E+03,-474.3416490252,0.));
#2976 = SURFACE_CURVE('',#2977,(#2980,#2987),.PCURVE_S1.);
#2977 = B_SPLINE_CURVE_WITH_KNOTS('',1,(#2978,#2979),.UNSPECIFIED.,.F.,
  .F.,(2,2),(0.,1.),.PIECEWISE_BEZIER_KNOTS.);
#2978 = CARTESIAN_POINT('',(1.798830696293E+03,-105.3008057126,0.));
#2979 = CARTESIAN_POINT('',(1.997839335909E+03,-474.3416490252,0.));
#2980 = PCURVE('',#2914,#2981);
#2981 = DEFINITIONAL_REPRESENTATION('',(#2982),#2986);
#2982 = LINE('',#2983,#2984);
#2983 = CARTESIAN_POINT('',(0.671405875936,0.));
#2984 = VECTOR('',#2985,1.);
#2985 = DIRECTION('',(0.,1.));
#2986 = ( GEOMETRIC_REPRESENTATION_CONTEXT(2) 
PARAMETRIC_REPRESENTATION_CONTEXT() REPRESENTATION_CONTEXT('2D SPACE',''
  ) );
#2987 = PCURVE('',#2988,#2993);
#2988 = B_SPLINE_SURFACE_WITH_KNOTS('',1,1,(
    (#2989,#2990)
    ,(#2991,#2992
    )),.UNSPECIFIED.,.F.,.F.,.F.,(2,2),(2,2),(0.,0.671405875936),(0.,1.)
  ,.PIECEWISE_BEZIER_KNOTS.);
#2989 = CARTESIAN_POINT('',(1.798830696293E+03,-105.3008057126,0.));
#2990 = CARTESIAN_POINT('',(1.997839335909E+03,-474.3416490252,0.));
#2991 = CARTESIAN_POINT('',(1.798162612289E+03,-105.3008057126,
    -6.67054263937E-02));
#2992 = CARTESIAN_POINT('',(1.997676865131E+03,-474.3416490252,
    -1.622203562317E-02));
#2993 = DEFINITIONAL_REPRESENTATION('',(#2994),#2998);
#2994 = LINE('',#2995,#2996);
#2995 = CARTESIAN_POINT('',(0.,0.));
#2996 = VECTOR('',#2997,1.);
#2997 = DIRECTION('',(0.,1.));
#2998 = ( GEOMETRIC_REPRESENTATION_CONTEXT(2) 
PARAMETRIC_REPRESENTATION_CONTEXT() REPRESENTATION_CONTEXT('2D SPACE',''
  ) );
#2999 = ORIENTED_EDGE('',*,*,#3000,.F.);
#3000 = EDGE_CURVE('',#2900,#2974,#3001,.T.);
#3001 = SURFACE_CURVE('',#3002,(#3006,#3012),.PCURVE_S1.);
#3002 = LINE('',#3003,#3004);
#3003 = CARTESIAN_POINT('',(1.997676865131E+03,-474.3416490252,
    1.622203562317E-02));
#3004 = VECTOR('',#3005,1.);
#3005 = DIRECTION('',(0.995052363843,-0.,-9.935186566652E-02));
#3006 = PCURVE('',#2914,#3007);
#3007 = DEFINITIONAL_REPRESENTATION('',(#3008),#3011);
#3008 = B_SPLINE_CURVE_WITH_KNOTS('',1,(#3009,#3010),.UNSPECIFIED.,.F.,
  .F.,(2,2),(0.,0.163278621034),.PIECEWISE_BEZIER_KNOTS.);
#3009 = CARTESIAN_POINT('',(0.,1.));
#3010 = CARTESIAN_POINT('',(0.671405875936,1.));
#3011 = ( GEOMETRIC_REPRESENTATION_CONTEXT(2) 
PARAMETRIC_REPRESENTATION_CONTEXT() REPRESENTATION_CONTEXT('2D SPACE',''
  ) );
#3012 = PCURVE('',#98,#3013);
#3013 = DEFINITIONAL_REPRESENTATION('',(#3014),#3018);
#3014 = LINE('',#3015,#3016);
#3015 = CARTESIAN_POINT('',(-105.2467845611,1.622203562317E-02));
#3016 = VECTOR('',#3017,1.);
#3017 = DIRECTION('',(-0.995052363843,-9.935186566652E-02));
#3018 = ( GEOMETRIC_REPRESENTATION_CONTEXT(2) 
PARAMETRIC_REPRESENTATION_CONTEXT() REPRESENTATION_CONTEXT('2D SPACE',''
  ) );
#3019 = ORIENTED_EDGE('',*,*,#2899,.F.);
#3020 = ADVANCED_FACE('',(#3021),#2988,.F.);
#3021 = FACE_BOUND('',#3022,.F.);
#3022 = EDGE_LOOP('',(#3023,#3046,#3073,#3093));
#3023 = ORIENTED_EDGE('',*,*,#3024,.T.);
#3024 = EDGE_CURVE('',#2951,#3025,#3027,.T.);
#3025 = VERTEX_POINT('',#3026);
#3026 = CARTESIAN_POINT('',(1.798162612289E+03,-105.3008057126,
    -6.67054263937E-02));
#3027 = SURFACE_CURVE('',#3028,(#3032,#3039),.PCURVE_S1.);
#3028 = LINE('',#3029,#3030);
#3029 = CARTESIAN_POINT('',(1.798830696293E+03,-105.3008057126,0.));
#3030 = VECTOR('',#3031,1.);
#3031 = DIRECTION('',(-0.995052363843,-0.,-9.935186566649E-02));
#3032 = PCURVE('',#2988,#3033);
#3033 = DEFINITIONAL_REPRESENTATION('',(#3034),#3038);
#3034 = LINE('',#3035,#3036);
#3035 = CARTESIAN_POINT('',(0.,0.));
#3036 = VECTOR('',#3037,1.);
#3037 = DIRECTION('',(1.,0.));
#3038 = ( GEOMETRIC_REPRESENTATION_CONTEXT(2) 
PARAMETRIC_REPRESENTATION_CONTEXT() REPRESENTATION_CONTEXT('2D SPACE',''
  ) );
#3039 = PCURVE('',#44,#3040);
#3040 = DEFINITIONAL_REPRESENTATION('',(#3041),#3045);
#3041 = LINE('',#3042,#3043);
#3042 = CARTESIAN_POINT('',(-433.4455605057,0.));
#3043 = VECTOR('',#3044,1.);
#3044 = DIRECTION('',(0.995052363843,-9.935186566649E-02));
#3045 = ( GEOMETRIC_REPRESENTATION_CONTEXT(2) 
PARAMETRIC_REPRESENTATION_CONTEXT() REPRESENTATION_CONTEXT('2D SPACE',''
  ) );
#3046 = ORIENTED_EDGE('',*,*,#3047,.T.);
#3047 = EDGE_CURVE('',#3025,#3048,#3050,.T.);
#3048 = VERTEX_POINT('',#3049);
#3049 = CARTESIAN_POINT('',(1.997676865131E+03,-474.3416490252,
    -1.622203562317E-02));
#3050 = SURFACE_CURVE('',#3051,(#3054,#3061),.PCURVE_S1.);
#3051 = B_SPLINE_CURVE_WITH_KNOTS('',1,(#3052,#3053),.UNSPECIFIED.,.F.,
  .F.,(2,2),(0.,1.),.PIECEWISE_BEZIER_KNOTS.);
#3052 = CARTESIAN_POINT('',(1.798162612289E+03,-105.3008057126,
    -6.67054263937E-02));
#3053 = CARTESIAN_POINT('',(1.997676865131E+03,-474.3416490252,
    -1.622203562317E-02));
#3054 = PCURVE('',#2988,#3055);
#3055 = DEFINITIONAL_REPRESENTATION('',(#3056),#3060);
#3056 = LINE('',#3057,#3058);
#3057 = CARTESIAN_POINT('',(0.671405875936,0.));
#3058 = VECTOR('',#3059,1.);
#3059 = DIRECTION('',(0.,1.));
#3060 = ( GEOMETRIC_REPRESENTATION_CONTEXT(2) 
PARAMETRIC_REPRESENTATION_CONTEXT() REPRESENTATION_CONTEXT('2D SPACE',''
  ) );
#3061 = PCURVE('',#3062,#3067);
#3062 = B_SPLINE_SURFACE_WITH_KNOTS('',1,1,(
    (#3063,#3064)
    ,(#3065,#3066
    )),.UNSPECIFIED.,.F.,.F.,.F.,(2,2),(2,2),(0.,2.009956233942),(0.,1.)
  ,.PIECEWISE_BEZIER_KNOTS.);
#3063 = CARTESIAN_POINT('',(1.798162612289E+03,-105.3008057126,
    -6.67054263937E-02));
#3064 = CARTESIAN_POINT('',(1.997676865131E+03,-474.3416490252,
    -1.622203562317E-02));
#3065 = CARTESIAN_POINT('',(1.796162479237E+03,-105.3008057126,
    -0.265179196594));
#3066 = CARTESIAN_POINT('',(1.997190454484E+03,-474.3416490252,
    -6.448870213777E-02));
#3067 = DEFINITIONAL_REPRESENTATION('',(#3068),#3072);
#3068 = LINE('',#3069,#3070);
#3069 = CARTESIAN_POINT('',(0.,0.));
#3070 = VECTOR('',#3071,1.);
#3071 = DIRECTION('',(0.,1.));
#3072 = ( GEOMETRIC_REPRESENTATION_CONTEXT(2) 
PARAMETRIC_REPRESENTATION_CONTEXT() REPRESENTATION_CONTEXT('2D SPACE',''
  ) );
#3073 = ORIENTED_EDGE('',*,*,#3074,.F.);
#3074 = EDGE_CURVE('',#2974,#3048,#3075,.T.);
#3075 = SURFACE_CURVE('',#3076,(#3080,#3086),.PCURVE_S1.);
#3076 = LINE('',#3077,#3078);
#3077 = CARTESIAN_POINT('',(1.997839335909E+03,-474.3416490252,0.));
#3078 = VECTOR('',#3079,1.);
#3079 = DIRECTION('',(-0.995052363843,-0.,-9.935186566652E-02));
#3080 = PCURVE('',#2988,#3081);
#3081 = DEFINITIONAL_REPRESENTATION('',(#3082),#3085);
#3082 = B_SPLINE_CURVE_WITH_KNOTS('',1,(#3083,#3084),.UNSPECIFIED.,.F.,
  .F.,(2,2),(0.,0.163278621034),.PIECEWISE_BEZIER_KNOTS.);
#3083 = CARTESIAN_POINT('',(0.,1.));
#3084 = CARTESIAN_POINT('',(0.671405875936,1.));
#3085 = ( GEOMETRIC_REPRESENTATION_CONTEXT(2) 
PARAMETRIC_REPRESENTATION_CONTEXT() REPRESENTATION_CONTEXT('2D SPACE',''
  ) );
#3086 = PCURVE('',#98,#3087);
#3087 = DEFINITIONAL_REPRESENTATION('',(#3088),#3092);
#3088 = LINE('',#3089,#3090);
#3089 = CARTESIAN_POINT('',(-105.4092553389,0.));
#3090 = VECTOR('',#3091,1.);
#3091 = DIRECTION('',(0.995052363843,-9.935186566652E-02));
#3092 = ( GEOMETRIC_REPRESENTATION_CONTEXT(2) 
PARAMETRIC_REPRESENTATION_CONTEXT() REPRESENTATION_CONTEXT('2D SPACE',''
  ) );
#3093 = ORIENTED_EDGE('',*,*,#2973,.F.);
#3094 = ADVANCED_FACE('',(#3095),#3062,.F.);
#3095 = FACE_BOUND('',#3096,.F.);
#3096 = EDGE_LOOP('',(#3097,#3120,#3147,#3167));
#3097 = ORIENTED_EDGE('',*,*,#3098,.T.);
#3098 = EDGE_CURVE('',#3025,#3099,#3101,.T.);
#3099 = VERTEX_POINT('',#3100);
#3100 = CARTESIAN_POINT('',(1.796162479237E+03,-105.3008057126,
    -0.265179196594));
#3101 = SURFACE_CURVE('',#3102,(#3106,#3113),.PCURVE_S1.);
#3102 = LINE('',#3103,#3104);
#3103 = CARTESIAN_POINT('',(1.798162612289E+03,-105.3008057126,
    -6.67054263937E-02));
#3104 = VECTOR('',#3105,1.);
#3105 = DIRECTION('',(-0.99511273829,-0.,-9.87453193503E-02));
#3106 = PCURVE('',#3062,#3107);
#3107 = DEFINITIONAL_REPRESENTATION('',(#3108),#3112);
#3108 = LINE('',#3109,#3110);
#3109 = CARTESIAN_POINT('',(0.,0.));
#3110 = VECTOR('',#3111,1.);
#3111 = DIRECTION('',(1.,0.));
#3112 = ( GEOMETRIC_REPRESENTATION_CONTEXT(2) 
PARAMETRIC_REPRESENTATION_CONTEXT() REPRESENTATION_CONTEXT('2D SPACE',''
  ) );
#3113 = PCURVE('',#44,#3114);
#3114 = DEFINITIONAL_REPRESENTATION('',(#3115),#3119);
#3115 = LINE('',#3116,#3117);
#3116 = CARTESIAN_POINT('',(-432.7774765018,-6.67054263937E-02));
#3117 = VECTOR('',#3118,1.);
#3118 = DIRECTION('',(0.99511273829,-9.87453193503E-02));
#3119 = ( GEOMETRIC_REPRESENTATION_CONTEXT(2) 
PARAMETRIC_REPRESENTATION_CONTEXT() REPRESENTATION_CONTEXT('2D SPACE',''
  ) );
#3120 = ORIENTED_EDGE('',*,*,#3121,.T.);
#3121 = EDGE_CURVE('',#3099,#3122,#3124,.T.);
#3122 = VERTEX_POINT('',#3123);
#3123 = CARTESIAN_POINT('',(1.997190454484E+03,-474.3416490252,
    -6.448870213777E-02));
#3124 = SURFACE_CURVE('',#3125,(#3128,#3135),.PCURVE_S1.);
#3125 = B_SPLINE_CURVE_WITH_KNOTS('',1,(#3126,#3127),.UNSPECIFIED.,.F.,
  .F.,(2,2),(0.,1.),.PIECEWISE_BEZIER_KNOTS.);
#3126 = CARTESIAN_POINT('',(1.796162479237E+03,-105.3008057126,
    -0.265179196594));
#3127 = CARTESIAN_POINT('',(1.997190454484E+03,-474.3416490252,
    -6.448870213777E-02));
#3128 = PCURVE('',#3062,#3129);
#3129 = DEFINITIONAL_REPRESENTATION('',(#3130),#3134);
#3130 = LINE('',#3131,#3132);
#3131 = CARTESIAN_POINT('',(2.009956233942,0.));
#3132 = VECTOR('',#3133,1.);
#3133 = DIRECTION('',(0.,1.));
#3134 = ( GEOMETRIC_REPRESENTATION_CONTEXT(2) 
PARAMETRIC_REPRESENTATION_CONTEXT() REPRESENTATION_CONTEXT('2D SPACE',''
  ) );
#3135 = PCURVE('',#3136,#3141);
#3136 = B_SPLINE_SURFACE_WITH_KNOTS('',1,1,(
    (#3137,#3138)
    ,(#3139,#3140
    )),.UNSPECIFIED.,.F.,.F.,.F.,(2,2),(2,2),(0.,3.33575538632),(0.,1.),
  .PIECEWISE_BEZIER_KNOTS.);
#3137 = CARTESIAN_POINT('',(1.796162479237E+03,-105.3008057126,
    -0.265179196594));
#3138 = CARTESIAN_POINT('',(1.997190454484E+03,-474.3416490252,
    -6.448870213777E-02));
#3139 = CARTESIAN_POINT('',(1.792842628623E+03,-105.3008057126,
    -0.590534227683));
#3140 = CARTESIAN_POINT('',(1.996383102851E+03,-474.3416490252,
    -0.143611514026));
#3141 = DEFINITIONAL_REPRESENTATION('',(#3142),#3146);
#3142 = LINE('',#3143,#3144);
#3143 = CARTESIAN_POINT('',(0.,0.));
#3144 = VECTOR('',#3145,1.);
#3145 = DIRECTION('',(0.,1.));
#3146 = ( GEOMETRIC_REPRESENTATION_CONTEXT(2) 
PARAMETRIC_REPRESENTATION_CONTEXT() REPRESENTATION_CONTEXT('2D SPACE',''
  ) );
#3147 = ORIENTED_EDGE('',*,*,#3148,.F.);
#3148 = EDGE_CURVE('',#3048,#3122,#3149,.T.);
#3149 = SURFACE_CURVE('',#3150,(#3154,#3160),.PCURVE_S1.);
#3150 = LINE('',#3151,#3152);
#3151 = CARTESIAN_POINT('',(1.997676865131E+03,-474.3416490252,
    -1.622203562317E-02));
#3152 = VECTOR('',#3153,1.);
#3153 = DIRECTION('',(-0.99511273829,-0.,-9.874531935027E-02));
#3154 = PCURVE('',#3062,#3155);
#3155 = DEFINITIONAL_REPRESENTATION('',(#3156),#3159);
#3156 = B_SPLINE_CURVE_WITH_KNOTS('',1,(#3157,#3158),.UNSPECIFIED.,.F.,
  .F.,(2,2),(0.,0.48879953837),.PIECEWISE_BEZIER_KNOTS.);
#3157 = CARTESIAN_POINT('',(0.,1.));
#3158 = CARTESIAN_POINT('',(2.009956233942,1.));
#3159 = ( GEOMETRIC_REPRESENTATION_CONTEXT(2) 
PARAMETRIC_REPRESENTATION_CONTEXT() REPRESENTATION_CONTEXT('2D SPACE',''
  ) );
#3160 = PCURVE('',#98,#3161);
#3161 = DEFINITIONAL_REPRESENTATION('',(#3162),#3166);
#3162 = LINE('',#3163,#3164);
#3163 = CARTESIAN_POINT('',(-105.2467845611,-1.622203562317E-02));
#3164 = VECTOR('',#3165,1.);
#3165 = DIRECTION('',(0.99511273829,-9.874531935027E-02));
#3166 = ( GEOMETRIC_REPRESENTATION_CONTEXT(2) 
PARAMETRIC_REPRESENTATION_CONTEXT() REPRESENTATION_CONTEXT('2D SPACE',''
  ) );
#3167 = ORIENTED_EDGE('',*,*,#3047,.F.);
#3168 = ADVANCED_FACE('',(#3169),#3136,.F.);
#3169 = FACE_BOUND('',#3170,.F.);
#3170 = EDGE_LOOP('',(#3171,#3194,#3221,#3241));
#3171 = ORIENTED_EDGE('',*,*,#3172,.T.);
#3172 = EDGE_CURVE('',#3099,#3173,#3175,.T.);
#3173 = VERTEX_POINT('',#3174);
#3174 = CARTESIAN_POINT('',(1.792842628623E+03,-105.3008057126,
    -0.590534227683));
#3175 = SURFACE_CURVE('',#3176,(#3180,#3187),.PCURVE_S1.);
#3176 = LINE('',#3177,#3178);
#3177 = CARTESIAN_POINT('',(1.796162479237E+03,-105.3008057126,
    -0.265179196594));
#3178 = VECTOR('',#3179,1.);
#3179 = DIRECTION('',(-0.995232032867,-0.,-9.753563838133E-02));
#3180 = PCURVE('',#3136,#3181);
#3181 = DEFINITIONAL_REPRESENTATION('',(#3182),#3186);
#3182 = LINE('',#3183,#3184);
#3183 = CARTESIAN_POINT('',(0.,0.));
#3184 = VECTOR('',#3185,1.);
#3185 = DIRECTION('',(1.,0.));
#3186 = ( GEOMETRIC_REPRESENTATION_CONTEXT(2) 
PARAMETRIC_REPRESENTATION_CONTEXT() REPRESENTATION_CONTEXT('2D SPACE',''
  ) );
#3187 = PCURVE('',#44,#3188);
#3188 = DEFINITIONAL_REPRESENTATION('',(#3189),#3193);
#3189 = LINE('',#3190,#3191);
#3190 = CARTESIAN_POINT('',(-430.77734345,-0.265179196594));
#3191 = VECTOR('',#3192,1.);
#3192 = DIRECTION('',(0.995232032867,-9.753563838133E-02));
#3193 = ( GEOMETRIC_REPRESENTATION_CONTEXT(2) 
PARAMETRIC_REPRESENTATION_CONTEXT() REPRESENTATION_CONTEXT('2D SPACE',''
  ) );
#3194 = ORIENTED_EDGE('',*,*,#3195,.T.);
#3195 = EDGE_CURVE('',#3173,#3196,#3198,.T.);
#3196 = VERTEX_POINT('',#3197);
#3197 = CARTESIAN_POINT('',(1.996383102851E+03,-474.3416490252,
    -0.143611514026));
#3198 = SURFACE_CURVE('',#3199,(#3202,#3209),.PCURVE_S1.);
#3199 = B_SPLINE_CURVE_WITH_KNOTS('',1,(#3200,#3201),.UNSPECIFIED.,.F.,
  .F.,(2,2),(0.,1.),.PIECEWISE_BEZIER_KNOTS.);
#3200 = CARTESIAN_POINT('',(1.792842628623E+03,-105.3008057126,
    -0.590534227683));
#3201 = CARTESIAN_POINT('',(1.996383102851E+03,-474.3416490252,
    -0.143611514026));
#3202 = PCURVE('',#3136,#3203);
#3203 = DEFINITIONAL_REPRESENTATION('',(#3204),#3208);
#3204 = LINE('',#3205,#3206);
#3205 = CARTESIAN_POINT('',(3.33575538632,0.));
#3206 = VECTOR('',#3207,1.);
#3207 = DIRECTION('',(0.,1.));
#3208 = ( GEOMETRIC_REPRESENTATION_CONTEXT(2) 
PARAMETRIC_REPRESENTATION_CONTEXT() REPRESENTATION_CONTEXT('2D SPACE',''
  ) );
#3209 = PCURVE('',#3210,#3215);
#3210 = B_SPLINE_SURFACE_WITH_KNOTS('',1,1,(
    (#3211,#3212)
    ,(#3213,#3214
    )),.UNSPECIFIED.,.F.,.F.,.F.,(2,2),(2,2),(0.,4.640411880972),(0.,1.)
  ,.PIECEWISE_BEZIER_KNOTS.);
#3211 = CARTESIAN_POINT('',(1.792842628623E+03,-105.3008057126,
    -0.590534227683));
#3212 = CARTESIAN_POINT('',(1.996383102851E+03,-474.3416490252,
    -0.143611514026));
#3213 = CARTESIAN_POINT('',(1.788223528429E+03,-105.3008057126,
    -1.034759199003));
#3214 = CARTESIAN_POINT('',(1.995259787824E+03,-474.3416490252,
    -0.251642205067));
#3215 = DEFINITIONAL_REPRESENTATION('',(#3216),#3220);
#3216 = LINE('',#3217,#3218);
#3217 = CARTESIAN_POINT('',(0.,0.));
#3218 = VECTOR('',#3219,1.);
#3219 = DIRECTION('',(0.,1.));
#3220 = ( GEOMETRIC_REPRESENTATION_CONTEXT(2) 
PARAMETRIC_REPRESENTATION_CONTEXT() REPRESENTATION_CONTEXT('2D SPACE',''
  ) );
#3221 = ORIENTED_EDGE('',*,*,#3222,.F.);
#3222 = EDGE_CURVE('',#3122,#3196,#3223,.T.);
#3223 = SURFACE_CURVE('',#3224,(#3228,#3234),.PCURVE_S1.);
#3224 = LINE('',#3225,#3226);
#3225 = CARTESIAN_POINT('',(1.997190454484E+03,-474.3416490252,
    -6.448870213777E-02));
#3226 = VECTOR('',#3227,1.);
#3227 = DIRECTION('',(-0.995232032867,-0.,-9.753563838134E-02));
#3228 = PCURVE('',#3136,#3229);
#3229 = DEFINITIONAL_REPRESENTATION('',(#3230),#3233);
#3230 = B_SPLINE_CURVE_WITH_KNOTS('',1,(#3231,#3232),.UNSPECIFIED.,.F.,
  .F.,(2,2),(0.,0.811219500909),.PIECEWISE_BEZIER_KNOTS.);
#3231 = CARTESIAN_POINT('',(0.,1.));
#3232 = CARTESIAN_POINT('',(3.33575538632,1.));
#3233 = ( GEOMETRIC_REPRESENTATION_CONTEXT(2) 
PARAMETRIC_REPRESENTATION_CONTEXT() REPRESENTATION_CONTEXT('2D SPACE',''
  ) );
#3234 = PCURVE('',#98,#3235);
#3235 = DEFINITIONAL_REPRESENTATION('',(#3236),#3240);
#3236 = LINE('',#3237,#3238);
#3237 = CARTESIAN_POINT('',(-104.760373914,-6.448870213777E-02));
#3238 = VECTOR('',#3239,1.);
#3239 = DIRECTION('',(0.995232032867,-9.753563838134E-02));
#3240 = ( GEOMETRIC_REPRESENTATION_CONTEXT(2) 
PARAMETRIC_REPRESENTATION_CONTEXT() REPRESENTATION_CONTEXT('2D SPACE',''
  ) );
#3241 = ORIENTED_EDGE('',*,*,#3121,.F.);
#3242 = ADVANCED_FACE('',(#3243),#3210,.F.);
#3243 = FACE_BOUND('',#3244,.F.);
#3244 = EDGE_LOOP('',(#3245,#3268,#3295,#3315));
#3245 = ORIENTED_EDGE('',*,*,#3246,.T.);
#3246 = EDGE_CURVE('',#3173,#3247,#3249,.T.);
#3247 = VERTEX_POINT('',#3248);
#3248 = CARTESIAN_POINT('',(1.788223528429E+03,-105.3008057126,
    -1.034759199003));
#3249 = SURFACE_CURVE('',#3250,(#3254,#3261),.PCURVE_S1.);
#3250 = LINE('',#3251,#3252);
#3251 = CARTESIAN_POINT('',(1.792842628623E+03,-105.3008057126,
    -0.590534227683));
#3252 = VECTOR('',#3253,1.);
#3253 = DIRECTION('',(-0.995407371637,-0.,-9.572964269429E-02));
#3254 = PCURVE('',#3210,#3255);
#3255 = DEFINITIONAL_REPRESENTATION('',(#3256),#3260);
#3256 = LINE('',#3257,#3258);
#3257 = CARTESIAN_POINT('',(0.,0.));
#3258 = VECTOR('',#3259,1.);
#3259 = DIRECTION('',(1.,0.));
#3260 = ( GEOMETRIC_REPRESENTATION_CONTEXT(2) 
PARAMETRIC_REPRESENTATION_CONTEXT() REPRESENTATION_CONTEXT('2D SPACE',''
  ) );
#3261 = PCURVE('',#44,#3262);
#3262 = DEFINITIONAL_REPRESENTATION('',(#3263),#3267);
#3263 = LINE('',#3264,#3265);
#3264 = CARTESIAN_POINT('',(-427.4574928357,-0.590534227683));
#3265 = VECTOR('',#3266,1.);
#3266 = DIRECTION('',(0.995407371637,-9.572964269429E-02));
#3267 = ( GEOMETRIC_REPRESENTATION_CONTEXT(2) 
PARAMETRIC_REPRESENTATION_CONTEXT() REPRESENTATION_CONTEXT('2D SPACE',''
  ) );
#3268 = ORIENTED_EDGE('',*,*,#3269,.T.);
#3269 = EDGE_CURVE('',#3247,#3270,#3272,.T.);
#3270 = VERTEX_POINT('',#3271);
#3271 = CARTESIAN_POINT('',(1.995259787824E+03,-474.3416490252,
    -0.251642205067));
#3272 = SURFACE_CURVE('',#3273,(#3276,#3283),.PCURVE_S1.);
#3273 = B_SPLINE_CURVE_WITH_KNOTS('',1,(#3274,#3275),.UNSPECIFIED.,.F.,
  .F.,(2,2),(0.,1.),.PIECEWISE_BEZIER_KNOTS.);
#3274 = CARTESIAN_POINT('',(1.788223528429E+03,-105.3008057126,
    -1.034759199003));
#3275 = CARTESIAN_POINT('',(1.995259787824E+03,-474.3416490252,
    -0.251642205067));
#3276 = PCURVE('',#3210,#3277);
#3277 = DEFINITIONAL_REPRESENTATION('',(#3278),#3282);
#3278 = LINE('',#3279,#3280);
#3279 = CARTESIAN_POINT('',(4.640411880972,0.));
#3280 = VECTOR('',#3281,1.);
#3281 = DIRECTION('',(0.,1.));
#3282 = ( GEOMETRIC_REPRESENTATION_CONTEXT(2) 
PARAMETRIC_REPRESENTATION_CONTEXT() REPRESENTATION_CONTEXT('2D SPACE',''
  ) );
#3283 = PCURVE('',#3284,#3289);
#3284 = B_SPLINE_SURFACE_WITH_KNOTS('',1,1,(
    (#3285,#3286)
    ,(#3287,#3288
    )),.UNSPECIFIED.,.F.,.F.,.F.,(2,2),(2,2),(0.,5.915696327192),(0.,1.)
  ,.PIECEWISE_BEZIER_KNOTS.);
#3285 = CARTESIAN_POINT('',(1.788223528429E+03,-105.3008057126,
    -1.034759199003));
#3286 = CARTESIAN_POINT('',(1.995259787824E+03,-474.3416490252,
    -0.251642205067));
#3287 = CARTESIAN_POINT('',(1.782333656944E+03,-105.3008057126,
    -1.586915817462));
#3288 = CARTESIAN_POINT('',(1.993827435012E+03,-474.3416490252,
    -0.385920701112));
#3289 = DEFINITIONAL_REPRESENTATION('',(#3290),#3294);
#3290 = LINE('',#3291,#3292);
#3291 = CARTESIAN_POINT('',(0.,0.));
#3292 = VECTOR('',#3293,1.);
#3293 = DIRECTION('',(0.,1.));
#3294 = ( GEOMETRIC_REPRESENTATION_CONTEXT(2) 
PARAMETRIC_REPRESENTATION_CONTEXT() REPRESENTATION_CONTEXT('2D SPACE',''
  ) );
#3295 = ORIENTED_EDGE('',*,*,#3296,.F.);
#3296 = EDGE_CURVE('',#3196,#3270,#3297,.T.);
#3297 = SURFACE_CURVE('',#3298,(#3302,#3308),.PCURVE_S1.);
#3298 = LINE('',#3299,#3300);
#3299 = CARTESIAN_POINT('',(1.996383102851E+03,-474.3416490252,
    -0.143611514026));
#3300 = VECTOR('',#3301,1.);
#3301 = DIRECTION('',(-0.995407371637,-0.,-9.572964269429E-02));
#3302 = PCURVE('',#3210,#3303);
#3303 = DEFINITIONAL_REPRESENTATION('',(#3304),#3307);
#3304 = B_SPLINE_CURVE_WITH_KNOTS('',1,(#3305,#3306),.UNSPECIFIED.,.F.,
  .F.,(2,2),(0.,1.12849779859),.PIECEWISE_BEZIER_KNOTS.);
#3305 = CARTESIAN_POINT('',(0.,1.));
#3306 = CARTESIAN_POINT('',(4.640411880972,1.));
#3307 = ( GEOMETRIC_REPRESENTATION_CONTEXT(2) 
PARAMETRIC_REPRESENTATION_CONTEXT() REPRESENTATION_CONTEXT('2D SPACE',''
  ) );
#3308 = PCURVE('',#98,#3309);
#3309 = DEFINITIONAL_REPRESENTATION('',(#3310),#3314);
#3310 = LINE('',#3311,#3312);
#3311 = CARTESIAN_POINT('',(-103.953022281,-0.143611514026));
#3312 = VECTOR('',#3313,1.);
#3313 = DIRECTION('',(0.995407371637,-9.572964269429E-02));
#3314 = ( GEOMETRIC_REPRESENTATION_CONTEXT(2) 
PARAMETRIC_REPRESENTATION_CONTEXT() REPRESENTATION_CONTEXT('2D SPACE',''
  ) );
#3315 = ORIENTED_EDGE('',*,*,#3195,.F.);
#3316 = ADVANCED_FACE('',(#3317),#3284,.F.);
#3317 = FACE_BOUND('',#3318,.F.);
#3318 = EDGE_LOOP('',(#3319,#3342,#3369,#3389));
#3319 = ORIENTED_EDGE('',*,*,#3320,.T.);
#3320 = EDGE_CURVE('',#3247,#3321,#3323,.T.);
#3321 = VERTEX_POINT('',#3322);
#3322 = CARTESIAN_POINT('',(1.782333656944E+03,-105.3008057126,
    -1.586915817462));
#3323 = SURFACE_CURVE('',#3324,(#3328,#3335),.PCURVE_S1.);
#3324 = LINE('',#3325,#3326);
#3325 = CARTESIAN_POINT('',(1.788223528429E+03,-105.3008057126,
    -1.034759199003));
#3326 = VECTOR('',#3327,1.);
#3327 = DIRECTION('',(-0.995634521917,-0.,-9.333755282887E-02));
#3328 = PCURVE('',#3284,#3329);
#3329 = DEFINITIONAL_REPRESENTATION('',(#3330),#3334);
#3330 = LINE('',#3331,#3332);
#3331 = CARTESIAN_POINT('',(0.,0.));
#3332 = VECTOR('',#3333,1.);
#3333 = DIRECTION('',(1.,0.));
#3334 = ( GEOMETRIC_REPRESENTATION_CONTEXT(2) 
PARAMETRIC_REPRESENTATION_CONTEXT() REPRESENTATION_CONTEXT('2D SPACE',''
  ) );
#3335 = PCURVE('',#44,#3336);
#3336 = DEFINITIONAL_REPRESENTATION('',(#3337),#3341);
#3337 = LINE('',#3338,#3339);
#3338 = CARTESIAN_POINT('',(-422.8383926419,-1.034759199003));
#3339 = VECTOR('',#3340,1.);
#3340 = DIRECTION('',(0.995634521917,-9.333755282887E-02));
#3341 = ( GEOMETRIC_REPRESENTATION_CONTEXT(2) 
PARAMETRIC_REPRESENTATION_CONTEXT() REPRESENTATION_CONTEXT('2D SPACE',''
  ) );
#3342 = ORIENTED_EDGE('',*,*,#3343,.T.);
#3343 = EDGE_CURVE('',#3321,#3344,#3346,.T.);
#3344 = VERTEX_POINT('',#3345);
#3345 = CARTESIAN_POINT('',(1.993827435012E+03,-474.3416490252,
    -0.385920701112));
#3346 = SURFACE_CURVE('',#3347,(#3350,#3357),.PCURVE_S1.);
#3347 = B_SPLINE_CURVE_WITH_KNOTS('',1,(#3348,#3349),.UNSPECIFIED.,.F.,
  .F.,(2,2),(0.,1.),.PIECEWISE_BEZIER_KNOTS.);
#3348 = CARTESIAN_POINT('',(1.782333656944E+03,-105.3008057126,
    -1.586915817462));
#3349 = CARTESIAN_POINT('',(1.993827435012E+03,-474.3416490252,
    -0.385920701112));
#3350 = PCURVE('',#3284,#3351);
#3351 = DEFINITIONAL_REPRESENTATION('',(#3352),#3356);
#3352 = LINE('',#3353,#3354);
#3353 = CARTESIAN_POINT('',(5.915696327192,0.));
#3354 = VECTOR('',#3355,1.);
#3355 = DIRECTION('',(0.,1.));
#3356 = ( GEOMETRIC_REPRESENTATION_CONTEXT(2) 
PARAMETRIC_REPRESENTATION_CONTEXT() REPRESENTATION_CONTEXT('2D SPACE',''
  ) );
#3357 = PCURVE('',#3358,#3363);
#3358 = B_SPLINE_SURFACE_WITH_KNOTS('',1,1,(
    (#3359,#3360)
    ,(#3361,#3362
    )),.UNSPECIFIED.,.F.,.F.,.F.,(2,2),(2,2),(0.,7.153602369243),(0.,1.)
  ,.PIECEWISE_BEZIER_KNOTS.);
#3359 = CARTESIAN_POINT('',(1.782333656944E+03,-105.3008057126,
    -1.586915817462));
#3360 = CARTESIAN_POINT('',(1.993827435012E+03,-474.3416490252,
    -0.385920701112));
#3361 = CARTESIAN_POINT('',(1.775209327185E+03,-105.3008057126,
    -2.23340815461));
#3362 = CARTESIAN_POINT('',(1.992094875348E+03,-474.3416490252,
    -0.543140619945));
#3363 = DEFINITIONAL_REPRESENTATION('',(#3364),#3368);
#3364 = LINE('',#3365,#3366);
#3365 = CARTESIAN_POINT('',(0.,0.));
#3366 = VECTOR('',#3367,1.);
#3367 = DIRECTION('',(0.,1.));
#3368 = ( GEOMETRIC_REPRESENTATION_CONTEXT(2) 
PARAMETRIC_REPRESENTATION_CONTEXT() REPRESENTATION_CONTEXT('2D SPACE',''
  ) );
#3369 = ORIENTED_EDGE('',*,*,#3370,.F.);
#3370 = EDGE_CURVE('',#3270,#3344,#3371,.T.);
#3371 = SURFACE_CURVE('',#3372,(#3376,#3382),.PCURVE_S1.);
#3372 = LINE('',#3373,#3374);
#3373 = CARTESIAN_POINT('',(1.995259787824E+03,-474.3416490252,
    -0.251642205067));
#3374 = VECTOR('',#3375,1.);
#3375 = DIRECTION('',(-0.995634521917,-0.,-9.333755282887E-02));
#3376 = PCURVE('',#3284,#3377);
#3377 = DEFINITIONAL_REPRESENTATION('',(#3378),#3381);
#3378 = B_SPLINE_CURVE_WITH_KNOTS('',1,(#3379,#3380),.UNSPECIFIED.,.F.,
  .F.,(2,2),(0.,1.43863313292),.PIECEWISE_BEZIER_KNOTS.);
#3379 = CARTESIAN_POINT('',(0.,1.));
#3380 = CARTESIAN_POINT('',(5.915696327192,1.));
#3381 = ( GEOMETRIC_REPRESENTATION_CONTEXT(2) 
PARAMETRIC_REPRESENTATION_CONTEXT() REPRESENTATION_CONTEXT('2D SPACE',''
  ) );
#3382 = PCURVE('',#98,#3383);
#3383 = DEFINITIONAL_REPRESENTATION('',(#3384),#3388);
#3384 = LINE('',#3385,#3386);
#3385 = CARTESIAN_POINT('',(-102.8297072534,-0.251642205067));
#3386 = VECTOR('',#3387,1.);
#3387 = DIRECTION('',(0.995634521917,-9.333755282887E-02));
#3388 = ( GEOMETRIC_REPRESENTATION_CONTEXT(2) 
PARAMETRIC_REPRESENTATION_CONTEXT() REPRESENTATION_CONTEXT('2D SPACE',''
  ) );
#3389 = ORIENTED_EDGE('',*,*,#3269,.F.);
#3390 = ADVANCED_FACE('',(#3391),#3358,.F.);
#3391 = FACE_BOUND('',#3392,.F.);
#3392 = EDGE_LOOP('',(#3393,#3416,#3443,#3463));
#3393 = ORIENTED_EDGE('',*,*,#3394,.T.);
#3394 = EDGE_CURVE('',#3321,#3395,#3397,.T.);
#3395 = VERTEX_POINT('',#3396);
#3396 = CARTESIAN_POINT('',(1.775209327185E+03,-105.3008057126,
    -2.23340815461));
#3397 = SURFACE_CURVE('',#3398,(#3402,#3409),.PCURVE_S1.);
#3398 = LINE('',#3399,#3400);
#3399 = CARTESIAN_POINT('',(1.782333656944E+03,-105.3008057126,
    -1.586915817462));
#3400 = VECTOR('',#3401,1.);
#3401 = DIRECTION('',(-0.995907990309,-0.,-9.037297626834E-02));
#3402 = PCURVE('',#3358,#3403);
#3403 = DEFINITIONAL_REPRESENTATION('',(#3404),#3408);
#3404 = LINE('',#3405,#3406);
#3405 = CARTESIAN_POINT('',(0.,0.));
#3406 = VECTOR('',#3407,1.);
#3407 = DIRECTION('',(1.,0.));
#3408 = ( GEOMETRIC_REPRESENTATION_CONTEXT(2) 
PARAMETRIC_REPRESENTATION_CONTEXT() REPRESENTATION_CONTEXT('2D SPACE',''
  ) );
#3409 = PCURVE('',#44,#3410);
#3410 = DEFINITIONAL_REPRESENTATION('',(#3411),#3415);
#3411 = LINE('',#3412,#3413);
#3412 = CARTESIAN_POINT('',(-416.9485211574,-1.586915817462));
#3413 = VECTOR('',#3414,1.);
#3414 = DIRECTION('',(0.995907990309,-9.037297626834E-02));
#3415 = ( GEOMETRIC_REPRESENTATION_CONTEXT(2) 
PARAMETRIC_REPRESENTATION_CONTEXT() REPRESENTATION_CONTEXT('2D SPACE',''
  ) );
#3416 = ORIENTED_EDGE('',*,*,#3417,.T.);
#3417 = EDGE_CURVE('',#3395,#3418,#3420,.T.);
#3418 = VERTEX_POINT('',#3419);
#3419 = CARTESIAN_POINT('',(1.992094875348E+03,-474.3416490252,
    -0.543140619945));
#3420 = SURFACE_CURVE('',#3421,(#3424,#3431),.PCURVE_S1.);
#3421 = B_SPLINE_CURVE_WITH_KNOTS('',1,(#3422,#3423),.UNSPECIFIED.,.F.,
  .F.,(2,2),(0.,1.),.PIECEWISE_BEZIER_KNOTS.);
#3422 = CARTESIAN_POINT('',(1.775209327185E+03,-105.3008057126,
    -2.23340815461));
#3423 = CARTESIAN_POINT('',(1.992094875348E+03,-474.3416490252,
    -0.543140619945));
#3424 = PCURVE('',#3358,#3425);
#3425 = DEFINITIONAL_REPRESENTATION('',(#3426),#3430);
#3426 = LINE('',#3427,#3428);
#3427 = CARTESIAN_POINT('',(7.153602369243,0.));
#3428 = VECTOR('',#3429,1.);
#3429 = DIRECTION('',(0.,1.));
#3430 = ( GEOMETRIC_REPRESENTATION_CONTEXT(2) 
PARAMETRIC_REPRESENTATION_CONTEXT() REPRESENTATION_CONTEXT('2D SPACE',''
  ) );
#3431 = PCURVE('',#3432,#3437);
#3432 = B_SPLINE_SURFACE_WITH_KNOTS('',1,1,(
    (#3433,#3434)
    ,(#3435,#3436
    )),.UNSPECIFIED.,.F.,.F.,.F.,(2,2),(2,2),(0.,8.346403994421),(0.,1.)
  ,.PIECEWISE_BEZIER_KNOTS.);
#3433 = CARTESIAN_POINT('',(1.775209327185E+03,-105.3008057126,
    -2.23340815461));
#3434 = CARTESIAN_POINT('',(1.992094875348E+03,-474.3416490252,
    -0.543140619945));
#3435 = CARTESIAN_POINT('',(1.766894463014E+03,-105.3008057126,
    -2.958317423523));
#3436 = CARTESIAN_POINT('',(1.990072790638E+03,-474.3416490252,
    -0.719430685381));
#3437 = DEFINITIONAL_REPRESENTATION('',(#3438),#3442);
#3438 = LINE('',#3439,#3440);
#3439 = CARTESIAN_POINT('',(0.,0.));
#3440 = VECTOR('',#3441,1.);
#3441 = DIRECTION('',(0.,1.));
#3442 = ( GEOMETRIC_REPRESENTATION_CONTEXT(2) 
PARAMETRIC_REPRESENTATION_CONTEXT() REPRESENTATION_CONTEXT('2D SPACE',''
  ) );
#3443 = ORIENTED_EDGE('',*,*,#3444,.F.);
#3444 = EDGE_CURVE('',#3344,#3418,#3445,.T.);
#3445 = SURFACE_CURVE('',#3446,(#3450,#3456),.PCURVE_S1.);
#3446 = LINE('',#3447,#3448);
#3447 = CARTESIAN_POINT('',(1.993827435012E+03,-474.3416490252,
    -0.385920701112));
#3448 = VECTOR('',#3449,1.);
#3449 = DIRECTION('',(-0.995907990309,-0.,-9.037297626834E-02));
#3450 = PCURVE('',#3358,#3451);
#3451 = DEFINITIONAL_REPRESENTATION('',(#3452),#3455);
#3452 = B_SPLINE_CURVE_WITH_KNOTS('',1,(#3453,#3454),.UNSPECIFIED.,.F.,
  .F.,(2,2),(0.,1.739678445092),.PIECEWISE_BEZIER_KNOTS.);
#3453 = CARTESIAN_POINT('',(0.,1.));
#3454 = CARTESIAN_POINT('',(7.153602369243,1.));
#3455 = ( GEOMETRIC_REPRESENTATION_CONTEXT(2) 
PARAMETRIC_REPRESENTATION_CONTEXT() REPRESENTATION_CONTEXT('2D SPACE',''
  ) );
#3456 = PCURVE('',#98,#3457);
#3457 = DEFINITIONAL_REPRESENTATION('',(#3458),#3462);
#3458 = LINE('',#3459,#3460);
#3459 = CARTESIAN_POINT('',(-101.3973544419,-0.385920701112));
#3460 = VECTOR('',#3461,1.);
#3461 = DIRECTION('',(0.995907990309,-9.037297626834E-02));
#3462 = ( GEOMETRIC_REPRESENTATION_CONTEXT(2) 
PARAMETRIC_REPRESENTATION_CONTEXT() REPRESENTATION_CONTEXT('2D SPACE',''
  ) );
#3463 = ORIENTED_EDGE('',*,*,#3343,.F.);
#3464 = ADVANCED_FACE('',(#3465),#3432,.F.);
#3465 = FACE_BOUND('',#3466,.F.);
#3466 = EDGE_LOOP('',(#3467,#3490,#3517,#3537));
#3467 = ORIENTED_EDGE('',*,*,#3468,.T.);
#3468 = EDGE_CURVE('',#3395,#3469,#3471,.T.);
#3469 = VERTEX_POINT('',#3470);
#3470 = CARTESIAN_POINT('',(1.766894463014E+03,-105.3008057126,
    -2.958317423523));
#3471 = SURFACE_CURVE('',#3472,(#3476,#3483),.PCURVE_S1.);
#3472 = LINE('',#3473,#3474);
#3473 = CARTESIAN_POINT('',(1.775209327185E+03,-105.3008057126,
    -2.23340815461));
#3474 = VECTOR('',#3475,1.);
#3475 = DIRECTION('',(-0.996221148296,-0.,-8.685288531413E-02));
#3476 = PCURVE('',#3432,#3477);
#3477 = DEFINITIONAL_REPRESENTATION('',(#3478),#3482);
#3478 = LINE('',#3479,#3480);
#3479 = CARTESIAN_POINT('',(0.,0.));
#3480 = VECTOR('',#3481,1.);
#3481 = DIRECTION('',(1.,0.));
#3482 = ( GEOMETRIC_REPRESENTATION_CONTEXT(2) 
PARAMETRIC_REPRESENTATION_CONTEXT() REPRESENTATION_CONTEXT('2D SPACE',''
  ) );
#3483 = PCURVE('',#44,#3484);
#3484 = DEFINITIONAL_REPRESENTATION('',(#3485),#3489);
#3485 = LINE('',#3486,#3487);
#3486 = CARTESIAN_POINT('',(-409.8241913984,-2.23340815461));
#3487 = VECTOR('',#3488,1.);
#3488 = DIRECTION('',(0.996221148296,-8.685288531413E-02));
#3489 = ( GEOMETRIC_REPRESENTATION_CONTEXT(2) 
PARAMETRIC_REPRESENTATION_CONTEXT() REPRESENTATION_CONTEXT('2D SPACE',''
  ) );
#3490 = ORIENTED_EDGE('',*,*,#3491,.T.);
#3491 = EDGE_CURVE('',#3469,#3492,#3494,.T.);
#3492 = VERTEX_POINT('',#3493);
#3493 = CARTESIAN_POINT('',(1.990072790638E+03,-474.3416490252,
    -0.719430685381));
#3494 = SURFACE_CURVE('',#3495,(#3498,#3505),.PCURVE_S1.);
#3495 = B_SPLINE_CURVE_WITH_KNOTS('',1,(#3496,#3497),.UNSPECIFIED.,.F.,
  .F.,(2,2),(0.,1.),.PIECEWISE_BEZIER_KNOTS.);
#3496 = CARTESIAN_POINT('',(1.766894463014E+03,-105.3008057126,
    -2.958317423523));
#3497 = CARTESIAN_POINT('',(1.990072790638E+03,-474.3416490252,
    -0.719430685381));
#3498 = PCURVE('',#3432,#3499);
#3499 = DEFINITIONAL_REPRESENTATION('',(#3500),#3504);
#3500 = LINE('',#3501,#3502);
#3501 = CARTESIAN_POINT('',(8.346403994421,0.));
#3502 = VECTOR('',#3503,1.);
#3503 = DIRECTION('',(0.,1.));
#3504 = ( GEOMETRIC_REPRESENTATION_CONTEXT(2) 
PARAMETRIC_REPRESENTATION_CONTEXT() REPRESENTATION_CONTEXT('2D SPACE',''
  ) );
#3505 = PCURVE('',#3506,#3511);
#3506 = B_SPLINE_SURFACE_WITH_KNOTS('',1,1,(
    (#3507,#3508)
    ,(#3509,#3510
    )),.UNSPECIFIED.,.F.,.F.,.F.,(2,2),(2,2),(0.,9.486708383294),(0.,1.)
  ,.PIECEWISE_BEZIER_KNOTS.);
#3507 = CARTESIAN_POINT('',(1.766894463014E+03,-105.3008057126,
    -2.958317423523));
#3508 = CARTESIAN_POINT('',(1.990072790638E+03,-474.3416490252,
    -0.719430685381));
#3509 = CARTESIAN_POINT('',(1.757440328332E+03,-105.3008057126,
    -3.743793952164));
#3510 = CARTESIAN_POINT('',(1.987773647706E+03,-474.3416490252,
    -0.910450050935));
#3511 = DEFINITIONAL_REPRESENTATION('',(#3512),#3516);
#3512 = LINE('',#3513,#3514);
#3513 = CARTESIAN_POINT('',(0.,0.));
#3514 = VECTOR('',#3515,1.);
#3515 = DIRECTION('',(0.,1.));
#3516 = ( GEOMETRIC_REPRESENTATION_CONTEXT(2) 
PARAMETRIC_REPRESENTATION_CONTEXT() REPRESENTATION_CONTEXT('2D SPACE',''
  ) );
#3517 = ORIENTED_EDGE('',*,*,#3518,.F.);
#3518 = EDGE_CURVE('',#3418,#3492,#3519,.T.);
#3519 = SURFACE_CURVE('',#3520,(#3524,#3530),.PCURVE_S1.);
#3520 = LINE('',#3521,#3522);
#3521 = CARTESIAN_POINT('',(1.992094875348E+03,-474.3416490252,
    -0.543140619945));
#3522 = VECTOR('',#3523,1.);
#3523 = DIRECTION('',(-0.996221148296,-0.,-8.685288531413E-02));
#3524 = PCURVE('',#3432,#3525);
#3525 = DEFINITIONAL_REPRESENTATION('',(#3526),#3529);
#3526 = B_SPLINE_CURVE_WITH_KNOTS('',1,(#3527,#3528),.UNSPECIFIED.,.F.,
  .F.,(2,2),(0.,2.029754852682),.PIECEWISE_BEZIER_KNOTS.);
#3527 = CARTESIAN_POINT('',(0.,1.));
#3528 = CARTESIAN_POINT('',(8.346403994421,1.));
#3529 = ( GEOMETRIC_REPRESENTATION_CONTEXT(2) 
PARAMETRIC_REPRESENTATION_CONTEXT() REPRESENTATION_CONTEXT('2D SPACE',''
  ) );
#3530 = PCURVE('',#98,#3531);
#3531 = DEFINITIONAL_REPRESENTATION('',(#3532),#3536);
#3532 = LINE('',#3533,#3534);
#3533 = CARTESIAN_POINT('',(-99.66479477789,-0.543140619945));
#3534 = VECTOR('',#3535,1.);
#3535 = DIRECTION('',(0.996221148296,-8.685288531413E-02));
#3536 = ( GEOMETRIC_REPRESENTATION_CONTEXT(2) 
PARAMETRIC_REPRESENTATION_CONTEXT() REPRESENTATION_CONTEXT('2D SPACE',''
  ) );
#3537 = ORIENTED_EDGE('',*,*,#3417,.F.);
#3538 = ADVANCED_FACE('',(#3539),#3506,.F.);
#3539 = FACE_BOUND('',#3540,.F.);
#3540 = EDGE_LOOP('',(#3541,#3564,#3591,#3611));
#3541 = ORIENTED_EDGE('',*,*,#3542,.T.);
#3542 = EDGE_CURVE('',#3469,#3543,#3545,.T.);
#3543 = VERTEX_POINT('',#3544);
#3544 = CARTESIAN_POINT('',(1.757440328332E+03,-105.3008057126,
    -3.743793952164));
#3545 = SURFACE_CURVE('',#3546,(#3550,#3557),.PCURVE_S1.);
#3546 = LINE('',#3547,#3548);
#3547 = CARTESIAN_POINT('',(1.766894463014E+03,-105.3008057126,
    -2.958317423523));
#3548 = VECTOR('',#3549,1.);
#3549 = DIRECTION('',(-0.996566385236,-0.,-8.279758340878E-02));
#3550 = PCURVE('',#3506,#3551);
#3551 = DEFINITIONAL_REPRESENTATION('',(#3552),#3556);
#3552 = LINE('',#3553,#3554);
#3553 = CARTESIAN_POINT('',(0.,0.));
#3554 = VECTOR('',#3555,1.);
#3555 = DIRECTION('',(1.,0.));
#3556 = ( GEOMETRIC_REPRESENTATION_CONTEXT(2) 
PARAMETRIC_REPRESENTATION_CONTEXT() REPRESENTATION_CONTEXT('2D SPACE',''
  ) );
#3557 = PCURVE('',#44,#3558);
#3558 = DEFINITIONAL_REPRESENTATION('',(#3559),#3563);
#3559 = LINE('',#3560,#3561);
#3560 = CARTESIAN_POINT('',(-401.5093272269,-2.958317423523));
#3561 = VECTOR('',#3562,1.);
#3562 = DIRECTION('',(0.996566385236,-8.279758340878E-02));
#3563 = ( GEOMETRIC_REPRESENTATION_CONTEXT(2) 
PARAMETRIC_REPRESENTATION_CONTEXT() REPRESENTATION_CONTEXT('2D SPACE',''
  ) );
#3564 = ORIENTED_EDGE('',*,*,#3565,.T.);
#3565 = EDGE_CURVE('',#3543,#3566,#3568,.T.);
#3566 = VERTEX_POINT('',#3567);
#3567 = CARTESIAN_POINT('',(1.987773647706E+03,-474.3416490252,
    -0.910450050935));
#3568 = SURFACE_CURVE('',#3569,(#3572,#3579),.PCURVE_S1.);
#3569 = B_SPLINE_CURVE_WITH_KNOTS('',1,(#3570,#3571),.UNSPECIFIED.,.F.,
  .F.,(2,2),(0.,1.),.PIECEWISE_BEZIER_KNOTS.);
#3570 = CARTESIAN_POINT('',(1.757440328332E+03,-105.3008057126,
    -3.743793952164));
#3571 = CARTESIAN_POINT('',(1.987773647706E+03,-474.3416490252,
    -0.910450050935));
#3572 = PCURVE('',#3506,#3573);
#3573 = DEFINITIONAL_REPRESENTATION('',(#3574),#3578);
#3574 = LINE('',#3575,#3576);
#3575 = CARTESIAN_POINT('',(9.486708383294,0.));
#3576 = VECTOR('',#3577,1.);
#3577 = DIRECTION('',(0.,1.));
#3578 = ( GEOMETRIC_REPRESENTATION_CONTEXT(2) 
PARAMETRIC_REPRESENTATION_CONTEXT() REPRESENTATION_CONTEXT('2D SPACE',''
  ) );
#3579 = PCURVE('',#3580,#3585);
#3580 = B_SPLINE_SURFACE_WITH_KNOTS('',1,1,(
    (#3581,#3582)
    ,(#3583,#3584
    )),.UNSPECIFIED.,.F.,.F.,.F.,(2,2),(2,2),(0.,10.567503683898),(0.,1.
    ),.PIECEWISE_BEZIER_KNOTS.);
#3581 = CARTESIAN_POINT('',(1.757440328332E+03,-105.3008057126,
    -3.743793952164));
#3582 = CARTESIAN_POINT('',(1.987773647706E+03,-474.3416490252,
    -0.910450050935));
#3583 = CARTESIAN_POINT('',(1.746905211025E+03,-105.3008057126,
    -4.57049670155));
#3584 = CARTESIAN_POINT('',(1.985211621534E+03,-474.3416490252,
    -1.111495185871));
#3585 = DEFINITIONAL_REPRESENTATION('',(#3586),#3590);
#3586 = LINE('',#3587,#3588);
#3587 = CARTESIAN_POINT('',(0.,0.));
#3588 = VECTOR('',#3589,1.);
#3589 = DIRECTION('',(0.,1.));
#3590 = ( GEOMETRIC_REPRESENTATION_CONTEXT(2) 
PARAMETRIC_REPRESENTATION_CONTEXT() REPRESENTATION_CONTEXT('2D SPACE',''
  ) );
#3591 = ORIENTED_EDGE('',*,*,#3592,.F.);
#3592 = EDGE_CURVE('',#3492,#3566,#3593,.T.);
#3593 = SURFACE_CURVE('',#3594,(#3598,#3604),.PCURVE_S1.);
#3594 = LINE('',#3595,#3596);
#3595 = CARTESIAN_POINT('',(1.990072790638E+03,-474.3416490252,
    -0.719430685381));
#3596 = VECTOR('',#3597,1.);
#3597 = DIRECTION('',(-0.996566385236,-0.,-8.279758340878E-02));
#3598 = PCURVE('',#3506,#3599);
#3599 = DEFINITIONAL_REPRESENTATION('',(#3600),#3603);
#3600 = B_SPLINE_CURVE_WITH_KNOTS('',1,(#3601,#3602),.UNSPECIFIED.,.F.,
  .F.,(2,2),(0.,2.30706450225),.PIECEWISE_BEZIER_KNOTS.);
#3601 = CARTESIAN_POINT('',(0.,1.));
#3602 = CARTESIAN_POINT('',(9.486708383294,1.));
#3603 = ( GEOMETRIC_REPRESENTATION_CONTEXT(2) 
PARAMETRIC_REPRESENTATION_CONTEXT() REPRESENTATION_CONTEXT('2D SPACE',''
  ) );
#3604 = PCURVE('',#98,#3605);
#3605 = DEFINITIONAL_REPRESENTATION('',(#3606),#3610);
#3606 = LINE('',#3607,#3608);
#3607 = CARTESIAN_POINT('',(-97.64271006779,-0.719430685381));
#3608 = VECTOR('',#3609,1.);
#3609 = DIRECTION('',(0.996566385236,-8.279758340878E-02));
#3610 = ( GEOMETRIC_REPRESENTATION_CONTEXT(2) 
PARAMETRIC_REPRESENTATION_CONTEXT() REPRESENTATION_CONTEXT('2D SPACE',''
  ) );
#3611 = ORIENTED_EDGE('',*,*,#3491,.F.);
#3612 = ADVANCED_FACE('',(#3613),#3580,.F.);
#3613 = FACE_BOUND('',#3614,.F.);
#3614 = EDGE_LOOP('',(#3615,#3638,#3665,#3685));
#3615 = ORIENTED_EDGE('',*,*,#3616,.T.);
#3616 = EDGE_CURVE('',#3543,#3617,#3619,.T.);
#3617 = VERTEX_POINT('',#3618);
#3618 = CARTESIAN_POINT('',(1.746905211025E+03,-105.3008057126,
    -4.57049670155));
#3619 = SURFACE_CURVE('',#3620,(#3624,#3631),.PCURVE_S1.);
#3620 = LINE('',#3621,#3622);
#3621 = CARTESIAN_POINT('',(1.757440328332E+03,-105.3008057126,
    -3.743793952164));
#3622 = VECTOR('',#3623,1.);
#3623 = DIRECTION('',(-0.996935285966,-0.,-7.82306563702E-02));
#3624 = PCURVE('',#3580,#3625);
#3625 = DEFINITIONAL_REPRESENTATION('',(#3626),#3630);
#3626 = LINE('',#3627,#3628);
#3627 = CARTESIAN_POINT('',(0.,0.));
#3628 = VECTOR('',#3629,1.);
#3629 = DIRECTION('',(1.,0.));
#3630 = ( GEOMETRIC_REPRESENTATION_CONTEXT(2) 
PARAMETRIC_REPRESENTATION_CONTEXT() REPRESENTATION_CONTEXT('2D SPACE',''
  ) );
#3631 = PCURVE('',#44,#3632);
#3632 = DEFINITIONAL_REPRESENTATION('',(#3633),#3637);
#3633 = LINE('',#3634,#3635);
#3634 = CARTESIAN_POINT('',(-392.0551925456,-3.743793952164));
#3635 = VECTOR('',#3636,1.);
#3636 = DIRECTION('',(0.996935285966,-7.82306563702E-02));
#3637 = ( GEOMETRIC_REPRESENTATION_CONTEXT(2) 
PARAMETRIC_REPRESENTATION_CONTEXT() REPRESENTATION_CONTEXT('2D SPACE',''
  ) );
#3638 = ORIENTED_EDGE('',*,*,#3639,.T.);
#3639 = EDGE_CURVE('',#3617,#3640,#3642,.T.);
#3640 = VERTEX_POINT('',#3641);
#3641 = CARTESIAN_POINT('',(1.985211621534E+03,-474.3416490252,
    -1.111495185871));
#3642 = SURFACE_CURVE('',#3643,(#3646,#3653),.PCURVE_S1.);
#3643 = B_SPLINE_CURVE_WITH_KNOTS('',1,(#3644,#3645),.UNSPECIFIED.,.F.,
  .F.,(2,2),(0.,1.),.PIECEWISE_BEZIER_KNOTS.);
#3644 = CARTESIAN_POINT('',(1.746905211025E+03,-105.3008057126,
    -4.57049670155));
#3645 = CARTESIAN_POINT('',(1.985211621534E+03,-474.3416490252,
    -1.111495185871));
#3646 = PCURVE('',#3580,#3647);
#3647 = DEFINITIONAL_REPRESENTATION('',(#3648),#3652);
#3648 = LINE('',#3649,#3650);
#3649 = CARTESIAN_POINT('',(10.567503683898,0.));
#3650 = VECTOR('',#3651,1.);
#3651 = DIRECTION('',(0.,1.));
#3652 = ( GEOMETRIC_REPRESENTATION_CONTEXT(2) 
PARAMETRIC_REPRESENTATION_CONTEXT() REPRESENTATION_CONTEXT('2D SPACE',''
  ) );
#3653 = PCURVE('',#3654,#3659);
#3654 = B_SPLINE_SURFACE_WITH_KNOTS('',1,1,(
    (#3655,#3656)
    ,(#3657,#3658
    )),.UNSPECIFIED.,.F.,.F.,.F.,(2,2),(2,2),(0.,11.582201286415),(0.,1.
    ),.PIECEWISE_BEZIER_KNOTS.);
#3655 = CARTESIAN_POINT('',(1.746905211025E+03,-105.3008057126,
    -4.57049670155));
#3656 = CARTESIAN_POINT('',(1.985211621534E+03,-474.3416490252,
    -1.111495185871));
#3657 = CARTESIAN_POINT('',(1.735354063594E+03,-105.3008057126,
    -5.418069506322));
#3658 = CARTESIAN_POINT('',(1.982402507865E+03,-474.3416490252,
    -1.317615691737));
#3659 = DEFINITIONAL_REPRESENTATION('',(#3660),#3664);
#3660 = LINE('',#3661,#3662);
#3661 = CARTESIAN_POINT('',(0.,0.));
#3662 = VECTOR('',#3663,1.);
#3663 = DIRECTION('',(0.,1.));
#3664 = ( GEOMETRIC_REPRESENTATION_CONTEXT(2) 
PARAMETRIC_REPRESENTATION_CONTEXT() REPRESENTATION_CONTEXT('2D SPACE',''
  ) );
#3665 = ORIENTED_EDGE('',*,*,#3666,.F.);
#3666 = EDGE_CURVE('',#3566,#3640,#3667,.T.);
#3667 = SURFACE_CURVE('',#3668,(#3672,#3678),.PCURVE_S1.);
#3668 = LINE('',#3669,#3670);
#3669 = CARTESIAN_POINT('',(1.987773647706E+03,-474.3416490252,
    -0.910450050935));
#3670 = VECTOR('',#3671,1.);
#3671 = DIRECTION('',(-0.996935285966,-0.,-7.823065637021E-02));
#3672 = PCURVE('',#3580,#3673);
#3673 = DEFINITIONAL_REPRESENTATION('',(#3674),#3677);
#3674 = B_SPLINE_CURVE_WITH_KNOTS('',1,(#3675,#3676),.UNSPECIFIED.,.F.,
  .F.,(2,2),(0.,2.569902187512),.PIECEWISE_BEZIER_KNOTS.);
#3675 = CARTESIAN_POINT('',(0.,1.));
#3676 = CARTESIAN_POINT('',(10.567503683898,1.));
#3677 = ( GEOMETRIC_REPRESENTATION_CONTEXT(2) 
PARAMETRIC_REPRESENTATION_CONTEXT() REPRESENTATION_CONTEXT('2D SPACE',''
  ) );
#3678 = PCURVE('',#98,#3679);
#3679 = DEFINITIONAL_REPRESENTATION('',(#3680),#3684);
#3680 = LINE('',#3681,#3682);
#3681 = CARTESIAN_POINT('',(-95.34356713628,-0.910450050935));
#3682 = VECTOR('',#3683,1.);
#3683 = DIRECTION('',(0.996935285966,-7.823065637021E-02));
#3684 = ( GEOMETRIC_REPRESENTATION_CONTEXT(2) 
PARAMETRIC_REPRESENTATION_CONTEXT() REPRESENTATION_CONTEXT('2D SPACE',''
  ) );
#3685 = ORIENTED_EDGE('',*,*,#3565,.F.);
#3686 = ADVANCED_FACE('',(#3687),#3654,.F.);
#3687 = FACE_BOUND('',#3688,.F.);
#3688 = EDGE_LOOP('',(#3689,#3712,#3739,#3759));
#3689 = ORIENTED_EDGE('',*,*,#3690,.T.);
#3690 = EDGE_CURVE('',#3617,#3691,#3693,.T.);
#3691 = VERTEX_POINT('',#3692);
#3692 = CARTESIAN_POINT('',(1.735354063594E+03,-105.3008057126,
    -5.418069506322));
#3693 = SURFACE_CURVE('',#3694,(#3698,#3705),.PCURVE_S1.);
#3694 = LINE('',#3695,#3696);
#3695 = CARTESIAN_POINT('',(1.746905211025E+03,-105.3008057126,
    -4.57049670155));
#3696 = VECTOR('',#3697,1.);
#3697 = DIRECTION('',(-0.997318829612,-0.,-7.317890475331E-02));
#3698 = PCURVE('',#3654,#3699);
#3699 = DEFINITIONAL_REPRESENTATION('',(#3700),#3704);
#3700 = LINE('',#3701,#3702);
#3701 = CARTESIAN_POINT('',(0.,0.));
#3702 = VECTOR('',#3703,1.);
#3703 = DIRECTION('',(1.,0.));
#3704 = ( GEOMETRIC_REPRESENTATION_CONTEXT(2) 
PARAMETRIC_REPRESENTATION_CONTEXT() REPRESENTATION_CONTEXT('2D SPACE',''
  ) );
#3705 = PCURVE('',#44,#3706);
#3706 = DEFINITIONAL_REPRESENTATION('',(#3707),#3711);
#3707 = LINE('',#3708,#3709);
#3708 = CARTESIAN_POINT('',(-381.5200752385,-4.57049670155));
#3709 = VECTOR('',#3710,1.);
#3710 = DIRECTION('',(0.997318829612,-7.317890475331E-02));
#3711 = ( GEOMETRIC_REPRESENTATION_CONTEXT(2) 
PARAMETRIC_REPRESENTATION_CONTEXT() REPRESENTATION_CONTEXT('2D SPACE',''
  ) );
#3712 = ORIENTED_EDGE('',*,*,#3713,.T.);
#3713 = EDGE_CURVE('',#3691,#3714,#3716,.T.);
#3714 = VERTEX_POINT('',#3715);
#3715 = CARTESIAN_POINT('',(1.982402507865E+03,-474.3416490252,
    -1.317615691737));
#3716 = SURFACE_CURVE('',#3717,(#3720,#3727),.PCURVE_S1.);
#3717 = B_SPLINE_CURVE_WITH_KNOTS('',1,(#3718,#3719),.UNSPECIFIED.,.F.,
  .F.,(2,2),(0.,1.),.PIECEWISE_BEZIER_KNOTS.);
#3718 = CARTESIAN_POINT('',(1.735354063594E+03,-105.3008057126,
    -5.418069506322));
#3719 = CARTESIAN_POINT('',(1.982402507865E+03,-474.3416490252,
    -1.317615691737));
#3720 = PCURVE('',#3654,#3721);
#3721 = DEFINITIONAL_REPRESENTATION('',(#3722),#3726);
#3722 = LINE('',#3723,#3724);
#3723 = CARTESIAN_POINT('',(11.582201286415,0.));
#3724 = VECTOR('',#3725,1.);
#3725 = DIRECTION('',(0.,1.));
#3726 = ( GEOMETRIC_REPRESENTATION_CONTEXT(2) 
PARAMETRIC_REPRESENTATION_CONTEXT() REPRESENTATION_CONTEXT('2D SPACE',''
  ) );
#3727 = PCURVE('',#3728,#3733);
#3728 = B_SPLINE_SURFACE_WITH_KNOTS('',1,1,(
    (#3729,#3730)
    ,(#3731,#3732
    )),.UNSPECIFIED.,.F.,.F.,.F.,(2,2),(2,2),(0.,12.524672380387),(0.,1.
    ),.PIECEWISE_BEZIER_KNOTS.);
#3729 = CARTESIAN_POINT('',(1.735354063594E+03,-105.3008057126,
    -5.418069506322));
#3730 = CARTESIAN_POINT('',(1.982402507865E+03,-474.3416490252,
    -1.317615691737));
#3731 = CARTESIAN_POINT('',(1.722858102704E+03,-105.3008057126,
    -6.265642311094));
#3732 = CARTESIAN_POINT('',(1.979363625818E+03,-474.3416490252,
    -1.523736197602));
#3733 = DEFINITIONAL_REPRESENTATION('',(#3734),#3738);
#3734 = LINE('',#3735,#3736);
#3735 = CARTESIAN_POINT('',(0.,0.));
#3736 = VECTOR('',#3737,1.);
#3737 = DIRECTION('',(0.,1.));
#3738 = ( GEOMETRIC_REPRESENTATION_CONTEXT(2) 
PARAMETRIC_REPRESENTATION_CONTEXT() REPRESENTATION_CONTEXT('2D SPACE',''
  ) );
#3739 = ORIENTED_EDGE('',*,*,#3740,.F.);
#3740 = EDGE_CURVE('',#3640,#3714,#3741,.T.);
#3741 = SURFACE_CURVE('',#3742,(#3746,#3752),.PCURVE_S1.);
#3742 = LINE('',#3743,#3744);
#3743 = CARTESIAN_POINT('',(1.985211621534E+03,-474.3416490252,
    -1.111495185871));
#3744 = VECTOR('',#3745,1.);
#3745 = DIRECTION('',(-0.997318829612,-0.,-7.317890475331E-02));
#3746 = PCURVE('',#3654,#3747);
#3747 = DEFINITIONAL_REPRESENTATION('',(#3748),#3751);
#3748 = B_SPLINE_CURVE_WITH_KNOTS('',1,(#3749,#3750),.UNSPECIFIED.,.F.,
  .F.,(2,2),(0.,2.816665630079),.PIECEWISE_BEZIER_KNOTS.);
#3749 = CARTESIAN_POINT('',(0.,1.));
#3750 = CARTESIAN_POINT('',(11.582201286415,1.));
#3751 = ( GEOMETRIC_REPRESENTATION_CONTEXT(2) 
PARAMETRIC_REPRESENTATION_CONTEXT() REPRESENTATION_CONTEXT('2D SPACE',''
  ) );
#3752 = PCURVE('',#98,#3753);
#3753 = DEFINITIONAL_REPRESENTATION('',(#3754),#3758);
#3754 = LINE('',#3755,#3756);
#3755 = CARTESIAN_POINT('',(-92.78154096406,-1.111495185871));
#3756 = VECTOR('',#3757,1.);
#3757 = DIRECTION('',(0.997318829612,-7.317890475331E-02));
#3758 = ( GEOMETRIC_REPRESENTATION_CONTEXT(2) 
PARAMETRIC_REPRESENTATION_CONTEXT() REPRESENTATION_CONTEXT('2D SPACE',''
  ) );
#3759 = ORIENTED_EDGE('',*,*,#3639,.F.);
#3760 = ADVANCED_FACE('',(#3761),#3728,.F.);
#3761 = FACE_BOUND('',#3762,.F.);
#3762 = EDGE_LOOP('',(#3763,#3786,#3813,#3833));
#3763 = ORIENTED_EDGE('',*,*,#3764,.T.);
#3764 = EDGE_CURVE('',#3691,#3765,#3767,.T.);
#3765 = VERTEX_POINT('',#3766);
#3766 = CARTESIAN_POINT('',(1.722858102704E+03,-105.3008057126,
    -6.265642311094));
#3767 = SURFACE_CURVE('',#3768,(#3772,#3779),.PCURVE_S1.);
#3768 = LINE('',#3769,#3770);
#3769 = CARTESIAN_POINT('',(1.735354063594E+03,-105.3008057126,
    -5.418069506322));
#3770 = VECTOR('',#3771,1.);
#3771 = DIRECTION('',(-0.997707605514,-0.,-6.767225353531E-02));
#3772 = PCURVE('',#3728,#3773);
#3773 = DEFINITIONAL_REPRESENTATION('',(#3774),#3778);
#3774 = LINE('',#3775,#3776);
#3775 = CARTESIAN_POINT('',(0.,0.));
#3776 = VECTOR('',#3777,1.);
#3777 = DIRECTION('',(1.,0.));
#3778 = ( GEOMETRIC_REPRESENTATION_CONTEXT(2) 
PARAMETRIC_REPRESENTATION_CONTEXT() REPRESENTATION_CONTEXT('2D SPACE',''
  ) );
#3779 = PCURVE('',#44,#3780);
#3780 = DEFINITIONAL_REPRESENTATION('',(#3781),#3785);
#3781 = LINE('',#3782,#3783);
#3782 = CARTESIAN_POINT('',(-369.9689278072,-5.418069506322));
#3783 = VECTOR('',#3784,1.);
#3784 = DIRECTION('',(0.997707605514,-6.767225353531E-02));
#3785 = ( GEOMETRIC_REPRESENTATION_CONTEXT(2) 
PARAMETRIC_REPRESENTATION_CONTEXT() REPRESENTATION_CONTEXT('2D SPACE',''
  ) );
#3786 = ORIENTED_EDGE('',*,*,#3787,.T.);
#3787 = EDGE_CURVE('',#3765,#3788,#3790,.T.);
#3788 = VERTEX_POINT('',#3789);
#3789 = CARTESIAN_POINT('',(1.979363625818E+03,-474.3416490252,
    -1.523736197602));
#3790 = SURFACE_CURVE('',#3791,(#3794,#3801),.PCURVE_S1.);
#3791 = B_SPLINE_CURVE_WITH_KNOTS('',1,(#3792,#3793),.UNSPECIFIED.,.F.,
  .F.,(2,2),(0.,1.),.PIECEWISE_BEZIER_KNOTS.);
#3792 = CARTESIAN_POINT('',(1.722858102704E+03,-105.3008057126,
    -6.265642311094));
#3793 = CARTESIAN_POINT('',(1.979363625818E+03,-474.3416490252,
    -1.523736197602));
#3794 = PCURVE('',#3728,#3795);
#3795 = DEFINITIONAL_REPRESENTATION('',(#3796),#3800);
#3796 = LINE('',#3797,#3798);
#3797 = CARTESIAN_POINT('',(12.524672380387,0.));
#3798 = VECTOR('',#3799,1.);
#3799 = DIRECTION('',(0.,1.));
#3800 = ( GEOMETRIC_REPRESENTATION_CONTEXT(2) 
PARAMETRIC_REPRESENTATION_CONTEXT() REPRESENTATION_CONTEXT('2D SPACE',''
  ) );
#3801 = PCURVE('',#3802,#3807);
#3802 = B_SPLINE_SURFACE_WITH_KNOTS('',1,1,(
    (#3803,#3804)
    ,(#3805,#3806
    )),.UNSPECIFIED.,.F.,.F.,.F.,(2,2),(2,2),(0.,13.389278782622),(0.,1.
    ),.PIECEWISE_BEZIER_KNOTS.);
#3803 = CARTESIAN_POINT('',(1.722858102704E+03,-105.3008057126,
    -6.265642311094));
#3804 = CARTESIAN_POINT('',(1.979363625818E+03,-474.3416490252,
    -1.523736197602));
#3805 = CARTESIAN_POINT('',(1.709494370108E+03,-105.3008057126,
    -7.09234506048));
#3806 = CARTESIAN_POINT('',(1.976113711111E+03,-474.3416490252,
    -1.724781332539));
#3807 = DEFINITIONAL_REPRESENTATION('',(#3808),#3812);
#3808 = LINE('',#3809,#3810);
#3809 = CARTESIAN_POINT('',(0.,0.));
#3810 = VECTOR('',#3811,1.);
#3811 = DIRECTION('',(0.,1.));
#3812 = ( GEOMETRIC_REPRESENTATION_CONTEXT(2) 
PARAMETRIC_REPRESENTATION_CONTEXT() REPRESENTATION_CONTEXT('2D SPACE',''
  ) );
#3813 = ORIENTED_EDGE('',*,*,#3814,.F.);
#3814 = EDGE_CURVE('',#3714,#3788,#3815,.T.);
#3815 = SURFACE_CURVE('',#3816,(#3820,#3826),.PCURVE_S1.);
#3816 = LINE('',#3817,#3818);
#3817 = CARTESIAN_POINT('',(1.982402507865E+03,-474.3416490252,
    -1.317615691737));
#3818 = VECTOR('',#3819,1.);
#3819 = DIRECTION('',(-0.997707605514,-0.,-6.767225353531E-02));
#3820 = PCURVE('',#3728,#3821);
#3821 = DEFINITIONAL_REPRESENTATION('',(#3822),#3825);
#3822 = B_SPLINE_CURVE_WITH_KNOTS('',1,(#3823,#3824),.UNSPECIFIED.,.F.,
  .F.,(2,2),(0.,3.045864369773),.PIECEWISE_BEZIER_KNOTS.);
#3823 = CARTESIAN_POINT('',(0.,1.));
#3824 = CARTESIAN_POINT('',(12.524672380387,1.));
#3825 = ( GEOMETRIC_REPRESENTATION_CONTEXT(2) 
PARAMETRIC_REPRESENTATION_CONTEXT() REPRESENTATION_CONTEXT('2D SPACE',''
  ) );
#3826 = PCURVE('',#98,#3827);
#3827 = DEFINITIONAL_REPRESENTATION('',(#3828),#3832);
#3828 = LINE('',#3829,#3830);
#3829 = CARTESIAN_POINT('',(-89.97242729447,-1.317615691737));
#3830 = VECTOR('',#3831,1.);
#3831 = DIRECTION('',(0.997707605514,-6.767225353531E-02));
#3832 = ( GEOMETRIC_REPRESENTATION_CONTEXT(2) 
PARAMETRIC_REPRESENTATION_CONTEXT() REPRESENTATION_CONTEXT('2D SPACE',''
  ) );
#3833 = ORIENTED_EDGE('',*,*,#3713,.F.);
#3834 = ADVANCED_FACE('',(#3835),#3802,.F.);
#3835 = FACE_BOUND('',#3836,.F.);
#3836 = EDGE_LOOP('',(#3837,#3860,#3887,#3907));
#3837 = ORIENTED_EDGE('',*,*,#3838,.T.);
#3838 = EDGE_CURVE('',#3765,#3839,#3841,.T.);
#3839 = VERTEX_POINT('',#3840);
#3840 = CARTESIAN_POINT('',(1.709494370108E+03,-105.3008057126,
    -7.09234506048));
#3841 = SURFACE_CURVE('',#3842,(#3846,#3853),.PCURVE_S1.);
#3842 = LINE('',#3843,#3844);
#3843 = CARTESIAN_POINT('',(1.722858102704E+03,-105.3008057126,
    -6.265642311094));
#3844 = VECTOR('',#3845,1.);
#3845 = DIRECTION('',(-0.998092041582,-0.,-6.174363554659E-02));
#3846 = PCURVE('',#3802,#3847);
#3847 = DEFINITIONAL_REPRESENTATION('',(#3848),#3852);
#3848 = LINE('',#3849,#3850);
#3849 = CARTESIAN_POINT('',(0.,0.));
#3850 = VECTOR('',#3851,1.);
#3851 = DIRECTION('',(1.,0.));
#3852 = ( GEOMETRIC_REPRESENTATION_CONTEXT(2) 
PARAMETRIC_REPRESENTATION_CONTEXT() REPRESENTATION_CONTEXT('2D SPACE',''
  ) );
#3853 = PCURVE('',#44,#3854);
#3854 = DEFINITIONAL_REPRESENTATION('',(#3855),#3859);
#3855 = LINE('',#3856,#3857);
#3856 = CARTESIAN_POINT('',(-357.4729669167,-6.265642311094));
#3857 = VECTOR('',#3858,1.);
#3858 = DIRECTION('',(0.998092041582,-6.174363554659E-02));
#3859 = ( GEOMETRIC_REPRESENTATION_CONTEXT(2) 
PARAMETRIC_REPRESENTATION_CONTEXT() REPRESENTATION_CONTEXT('2D SPACE',''
  ) );
#3860 = ORIENTED_EDGE('',*,*,#3861,.T.);
#3861 = EDGE_CURVE('',#3839,#3862,#3864,.T.);
#3862 = VERTEX_POINT('',#3863);
#3863 = CARTESIAN_POINT('',(1.976113711111E+03,-474.3416490252,
    -1.724781332539));
#3864 = SURFACE_CURVE('',#3865,(#3868,#3875),.PCURVE_S1.);
#3865 = B_SPLINE_CURVE_WITH_KNOTS('',1,(#3866,#3867),.UNSPECIFIED.,.F.,
  .F.,(2,2),(0.,1.),.PIECEWISE_BEZIER_KNOTS.);
#3866 = CARTESIAN_POINT('',(1.709494370108E+03,-105.3008057126,
    -7.09234506048));
#3867 = CARTESIAN_POINT('',(1.976113711111E+03,-474.3416490252,
    -1.724781332539));
#3868 = PCURVE('',#3802,#3869);
#3869 = DEFINITIONAL_REPRESENTATION('',(#3870),#3874);
#3870 = LINE('',#3871,#3872);
#3871 = CARTESIAN_POINT('',(13.389278782622,0.));
#3872 = VECTOR('',#3873,1.);
#3873 = DIRECTION('',(0.,1.));
#3874 = ( GEOMETRIC_REPRESENTATION_CONTEXT(2) 
PARAMETRIC_REPRESENTATION_CONTEXT() REPRESENTATION_CONTEXT('2D SPACE',''
  ) );
#3875 = PCURVE('',#3876,#3881);
#3876 = B_SPLINE_SURFACE_WITH_KNOTS('',1,1,(
    (#3877,#3878)
    ,(#3879,#3880
    )),.UNSPECIFIED.,.F.,.F.,.F.,(2,2),(2,2),(0.,14.170898219968),(0.,1.
    ),.PIECEWISE_BEZIER_KNOTS.);
#3877 = CARTESIAN_POINT('',(1.709494370108E+03,-105.3008057126,
    -7.09234506048));
#3878 = CARTESIAN_POINT('',(1.976113711111E+03,-474.3416490252,
    -1.724781332539));
#3879 = CARTESIAN_POINT('',(1.695345257663E+03,-105.3008057126,
    -7.877821589121));
#3880 = CARTESIAN_POINT('',(1.972672800551E+03,-474.3416490252,
    -1.915800698093));
#3881 = DEFINITIONAL_REPRESENTATION('',(#3882),#3886);
#3882 = LINE('',#3883,#3884);
#3883 = CARTESIAN_POINT('',(0.,0.));
#3884 = VECTOR('',#3885,1.);
#3885 = DIRECTION('',(0.,1.));
#3886 = ( GEOMETRIC_REPRESENTATION_CONTEXT(2) 
PARAMETRIC_REPRESENTATION_CONTEXT() REPRESENTATION_CONTEXT('2D SPACE',''
  ) );
#3887 = ORIENTED_EDGE('',*,*,#3888,.F.);
#3888 = EDGE_CURVE('',#3788,#3862,#3889,.T.);
#3889 = SURFACE_CURVE('',#3890,(#3894,#3900),.PCURVE_S1.);
#3890 = LINE('',#3891,#3892);
#3891 = CARTESIAN_POINT('',(1.979363625818E+03,-474.3416490252,
    -1.523736197602));
#3892 = VECTOR('',#3893,1.);
#3893 = DIRECTION('',(-0.998092041582,-0.,-6.174363554659E-02));
#3894 = PCURVE('',#3802,#3895);
#3895 = DEFINITIONAL_REPRESENTATION('',(#3896),#3899);
#3896 = B_SPLINE_CURVE_WITH_KNOTS('',1,(#3897,#3898),.UNSPECIFIED.,.F.,
  .F.,(2,2),(0.,3.256127261645),.PIECEWISE_BEZIER_KNOTS.);
#3897 = CARTESIAN_POINT('',(0.,1.));
#3898 = CARTESIAN_POINT('',(13.389278782622,1.));
#3899 = ( GEOMETRIC_REPRESENTATION_CONTEXT(2) 
PARAMETRIC_REPRESENTATION_CONTEXT() REPRESENTATION_CONTEXT('2D SPACE',''
  ) );
#3900 = PCURVE('',#98,#3901);
#3901 = DEFINITIONAL_REPRESENTATION('',(#3902),#3906);
#3902 = LINE('',#3903,#3904);
#3903 = CARTESIAN_POINT('',(-86.93354524738,-1.523736197602));
#3904 = VECTOR('',#3905,1.);
#3905 = DIRECTION('',(0.998092041582,-6.174363554659E-02));
#3906 = ( GEOMETRIC_REPRESENTATION_CONTEXT(2) 
PARAMETRIC_REPRESENTATION_CONTEXT() REPRESENTATION_CONTEXT('2D SPACE',''
  ) );
#3907 = ORIENTED_EDGE('',*,*,#3787,.F.);
#3908 = ADVANCED_FACE('',(#3909),#3876,.F.);
#3909 = FACE_BOUND('',#3910,.F.);
#3910 = EDGE_LOOP('',(#3911,#3934,#3961,#3981));
#3911 = ORIENTED_EDGE('',*,*,#3912,.T.);
#3912 = EDGE_CURVE('',#3839,#3913,#3915,.T.);
#3913 = VERTEX_POINT('',#3914);
#3914 = CARTESIAN_POINT('',(1.695345257663E+03,-105.3008057126,
    -7.877821589121));
#3915 = SURFACE_CURVE('',#3916,(#3920,#3927),.PCURVE_S1.);
#3916 = LINE('',#3917,#3918);
#3917 = CARTESIAN_POINT('',(1.709494370108E+03,-105.3008057126,
    -7.09234506048));
#3918 = VECTOR('',#3919,1.);
#3919 = DIRECTION('',(-0.998462639803,-0.,-5.542884554302E-02));
#3920 = PCURVE('',#3876,#3921);
#3921 = DEFINITIONAL_REPRESENTATION('',(#3922),#3926);
#3922 = LINE('',#3923,#3924);
#3923 = CARTESIAN_POINT('',(0.,0.));
#3924 = VECTOR('',#3925,1.);
#3925 = DIRECTION('',(1.,0.));
#3926 = ( GEOMETRIC_REPRESENTATION_CONTEXT(2) 
PARAMETRIC_REPRESENTATION_CONTEXT() REPRESENTATION_CONTEXT('2D SPACE',''
  ) );
#3927 = PCURVE('',#44,#3928);
#3928 = DEFINITIONAL_REPRESENTATION('',(#3929),#3933);
#3929 = LINE('',#3930,#3931);
#3930 = CARTESIAN_POINT('',(-344.1092343213,-7.09234506048));
#3931 = VECTOR('',#3932,1.);
#3932 = DIRECTION('',(0.998462639803,-5.542884554302E-02));
#3933 = ( GEOMETRIC_REPRESENTATION_CONTEXT(2) 
PARAMETRIC_REPRESENTATION_CONTEXT() REPRESENTATION_CONTEXT('2D SPACE',''
  ) );
#3934 = ORIENTED_EDGE('',*,*,#3935,.T.);
#3935 = EDGE_CURVE('',#3913,#3936,#3938,.T.);
#3936 = VERTEX_POINT('',#3937);
#3937 = CARTESIAN_POINT('',(1.972672800551E+03,-474.3416490252,
    -1.915800698093));
#3938 = SURFACE_CURVE('',#3939,(#3942,#3949),.PCURVE_S1.);
#3939 = B_SPLINE_CURVE_WITH_KNOTS('',1,(#3940,#3941),.UNSPECIFIED.,.F.,
  .F.,(2,2),(0.,1.),.PIECEWISE_BEZIER_KNOTS.);
#3940 = CARTESIAN_POINT('',(1.695345257663E+03,-105.3008057126,
    -7.877821589121));
#3941 = CARTESIAN_POINT('',(1.972672800551E+03,-474.3416490252,
    -1.915800698093));
#3942 = PCURVE('',#3876,#3943);
#3943 = DEFINITIONAL_REPRESENTATION('',(#3944),#3948);
#3944 = LINE('',#3945,#3946);
#3945 = CARTESIAN_POINT('',(14.170898219968,0.));
#3946 = VECTOR('',#3947,1.);
#3947 = DIRECTION('',(0.,1.));
#3948 = ( GEOMETRIC_REPRESENTATION_CONTEXT(2) 
PARAMETRIC_REPRESENTATION_CONTEXT() REPRESENTATION_CONTEXT('2D SPACE',''
  ) );
#3949 = PCURVE('',#3950,#3955);
#3950 = B_SPLINE_SURFACE_WITH_KNOTS('',1,1,(
    (#3951,#3952)
    ,(#3953,#3954
    )),.UNSPECIFIED.,.F.,.F.,.F.,(2,2),(2,2),(0.,14.864944426889),(0.,1.
    ),.PIECEWISE_BEZIER_KNOTS.);
#3951 = CARTESIAN_POINT('',(1.695345257663E+03,-105.3008057126,
    -7.877821589121));
#3952 = CARTESIAN_POINT('',(1.972672800551E+03,-474.3416490252,
    -1.915800698093));
#3953 = CARTESIAN_POINT('',(1.680497999352E+03,-105.3008057126,
    -8.602730858033));
#3954 = CARTESIAN_POINT('',(1.969062108494E+03,-474.3416490252,
    -2.092090763529));
#3955 = DEFINITIONAL_REPRESENTATION('',(#3956),#3960);
#3956 = LINE('',#3957,#3958);
#3957 = CARTESIAN_POINT('',(0.,0.));
#3958 = VECTOR('',#3959,1.);
#3959 = DIRECTION('',(0.,1.));
#3960 = ( GEOMETRIC_REPRESENTATION_CONTEXT(2) 
PARAMETRIC_REPRESENTATION_CONTEXT() REPRESENTATION_CONTEXT('2D SPACE',''
  ) );
#3961 = ORIENTED_EDGE('',*,*,#3962,.F.);
#3962 = EDGE_CURVE('',#3862,#3936,#3963,.T.);
#3963 = SURFACE_CURVE('',#3964,(#3968,#3974),.PCURVE_S1.);
#3964 = LINE('',#3965,#3966);
#3965 = CARTESIAN_POINT('',(1.976113711111E+03,-474.3416490252,
    -1.724781332539));
#3966 = VECTOR('',#3967,1.);
#3967 = DIRECTION('',(-0.998462639803,-0.,-5.542884554302E-02));
#3968 = PCURVE('',#3876,#3969);
#3969 = DEFINITIONAL_REPRESENTATION('',(#3970),#3973);
#3970 = B_SPLINE_CURVE_WITH_KNOTS('',1,(#3971,#3972),.UNSPECIFIED.,.F.,
  .F.,(2,2),(0.,3.446208624465),.PIECEWISE_BEZIER_KNOTS.);
#3971 = CARTESIAN_POINT('',(0.,1.));
#3972 = CARTESIAN_POINT('',(14.170898219968,1.));
#3973 = ( GEOMETRIC_REPRESENTATION_CONTEXT(2) 
PARAMETRIC_REPRESENTATION_CONTEXT() REPRESENTATION_CONTEXT('2D SPACE',''
  ) );
#3974 = PCURVE('',#98,#3975);
#3975 = DEFINITIONAL_REPRESENTATION('',(#3976),#3980);
#3976 = LINE('',#3977,#3978);
#3977 = CARTESIAN_POINT('',(-83.68363054115,-1.724781332539));
#3978 = VECTOR('',#3979,1.);
#3979 = DIRECTION('',(0.998462639803,-5.542884554302E-02));
#3980 = ( GEOMETRIC_REPRESENTATION_CONTEXT(2) 
PARAMETRIC_REPRESENTATION_CONTEXT() REPRESENTATION_CONTEXT('2D SPACE',''
  ) );
#3981 = ORIENTED_EDGE('',*,*,#3861,.F.);
#3982 = ADVANCED_FACE('',(#3983),#3950,.F.);
#3983 = FACE_BOUND('',#3984,.F.);
#3984 = EDGE_LOOP('',(#3985,#4008,#4035,#4055));
#3985 = ORIENTED_EDGE('',*,*,#3986,.T.);
#3986 = EDGE_CURVE('',#3913,#3987,#3989,.T.);
#3987 = VERTEX_POINT('',#3988);
#3988 = CARTESIAN_POINT('',(1.680497999352E+03,-105.3008057126,
    -8.602730858033));
#3989 = SURFACE_CURVE('',#3990,(#3994,#4001),.PCURVE_S1.);
#3990 = LINE('',#3991,#3992);
#3991 = CARTESIAN_POINT('',(1.695345257663E+03,-105.3008057126,
    -7.877821589121));
#3992 = VECTOR('',#3993,1.);
#3993 = DIRECTION('',(-0.998810213146,-0.,-4.87663625302E-02));
#3994 = PCURVE('',#3950,#3995);
#3995 = DEFINITIONAL_REPRESENTATION('',(#3996),#4000);
#3996 = LINE('',#3997,#3998);
#3997 = CARTESIAN_POINT('',(0.,0.));
#3998 = VECTOR('',#3999,1.);
#3999 = DIRECTION('',(1.,0.));
#4000 = ( GEOMETRIC_REPRESENTATION_CONTEXT(2) 
PARAMETRIC_REPRESENTATION_CONTEXT() REPRESENTATION_CONTEXT('2D SPACE',''
  ) );
#4001 = PCURVE('',#44,#4002);
#4002 = DEFINITIONAL_REPRESENTATION('',(#4003),#4007);
#4003 = LINE('',#4004,#4005);
#4004 = CARTESIAN_POINT('',(-329.9601218762,-7.877821589121));
#4005 = VECTOR('',#4006,1.);
#4006 = DIRECTION('',(0.998810213146,-4.87663625302E-02));
#4007 = ( GEOMETRIC_REPRESENTATION_CONTEXT(2) 
PARAMETRIC_REPRESENTATION_CONTEXT() REPRESENTATION_CONTEXT('2D SPACE',''
  ) );
#4008 = ORIENTED_EDGE('',*,*,#4009,.T.);
#4009 = EDGE_CURVE('',#3987,#4010,#4012,.T.);
#4010 = VERTEX_POINT('',#4011);
#4011 = CARTESIAN_POINT('',(1.969062108494E+03,-474.3416490252,
    -2.092090763529));
#4012 = SURFACE_CURVE('',#4013,(#4016,#4023),.PCURVE_S1.);
#4013 = B_SPLINE_CURVE_WITH_KNOTS('',1,(#4014,#4015),.UNSPECIFIED.,.F.,
  .F.,(2,2),(0.,1.),.PIECEWISE_BEZIER_KNOTS.);
#4014 = CARTESIAN_POINT('',(1.680497999352E+03,-105.3008057126,
    -8.602730858033));
#4015 = CARTESIAN_POINT('',(1.969062108494E+03,-474.3416490252,
    -2.092090763529));
#4016 = PCURVE('',#3950,#4017);
#4017 = DEFINITIONAL_REPRESENTATION('',(#4018),#4022);
#4018 = LINE('',#4019,#4020);
#4019 = CARTESIAN_POINT('',(14.864944426889,0.));
#4020 = VECTOR('',#4021,1.);
#4021 = DIRECTION('',(0.,1.));
#4022 = ( GEOMETRIC_REPRESENTATION_CONTEXT(2) 
PARAMETRIC_REPRESENTATION_CONTEXT() REPRESENTATION_CONTEXT('2D SPACE',''
  ) );
#4023 = PCURVE('',#4024,#4029);
#4024 = B_SPLINE_SURFACE_WITH_KNOTS('',1,1,(
    (#4025,#4026)
    ,(#4027,#4028
    )),.UNSPECIFIED.,.F.,.F.,.F.,(2,2),(2,2),(0.,15.467382564061),(0.,1.
    ),.PIECEWISE_BEZIER_KNOTS.);
#4025 = CARTESIAN_POINT('',(1.680497999352E+03,-105.3008057126,
    -8.602730858033));
#4026 = CARTESIAN_POINT('',(1.969062108494E+03,-474.3416490252,
    -2.092090763529));
#4027 = CARTESIAN_POINT('',(1.665044133459E+03,-105.3008057126,
    -9.249223195182));
#4028 = CARTESIAN_POINT('',(1.965303896058E+03,-474.3416490252,
    -2.249310682362));
#4029 = DEFINITIONAL_REPRESENTATION('',(#4030),#4034);
#4030 = LINE('',#4031,#4032);
#4031 = CARTESIAN_POINT('',(0.,0.));
#4032 = VECTOR('',#4033,1.);
#4033 = DIRECTION('',(0.,1.));
#4034 = ( GEOMETRIC_REPRESENTATION_CONTEXT(2) 
PARAMETRIC_REPRESENTATION_CONTEXT() REPRESENTATION_CONTEXT('2D SPACE',''
  ) );
#4035 = ORIENTED_EDGE('',*,*,#4036,.F.);
#4036 = EDGE_CURVE('',#3936,#4010,#4037,.T.);
#4037 = SURFACE_CURVE('',#4038,(#4042,#4048),.PCURVE_S1.);
#4038 = LINE('',#4039,#4040);
#4039 = CARTESIAN_POINT('',(1.972672800551E+03,-474.3416490252,
    -1.915800698093));
#4040 = VECTOR('',#4041,1.);
#4041 = DIRECTION('',(-0.998810213146,-0.,-4.87663625302E-02));
#4042 = PCURVE('',#3950,#4043);
#4043 = DEFINITIONAL_REPRESENTATION('',(#4044),#4047);
#4044 = B_SPLINE_CURVE_WITH_KNOTS('',1,(#4045,#4046),.UNSPECIFIED.,.F.,
  .F.,(2,2),(0.,3.614993128237),.PIECEWISE_BEZIER_KNOTS.);
#4045 = CARTESIAN_POINT('',(0.,1.));
#4046 = CARTESIAN_POINT('',(14.864944426889,1.));
#4047 = ( GEOMETRIC_REPRESENTATION_CONTEXT(2) 
PARAMETRIC_REPRESENTATION_CONTEXT() REPRESENTATION_CONTEXT('2D SPACE',''
  ) );
#4048 = PCURVE('',#98,#4049);
#4049 = DEFINITIONAL_REPRESENTATION('',(#4050),#4054);
#4050 = LINE('',#4051,#4052);
#4051 = CARTESIAN_POINT('',(-80.24271998066,-1.915800698093));
#4052 = VECTOR('',#4053,1.);
#4053 = DIRECTION('',(0.998810213146,-4.87663625302E-02));
#4054 = ( GEOMETRIC_REPRESENTATION_CONTEXT(2) 
PARAMETRIC_REPRESENTATION_CONTEXT() REPRESENTATION_CONTEXT('2D SPACE',''
  ) );
#4055 = ORIENTED_EDGE('',*,*,#3935,.F.);
#4056 = ADVANCED_FACE('',(#4057),#4024,.F.);
#4057 = FACE_BOUND('',#4058,.F.);
#4058 = EDGE_LOOP('',(#4059,#4082,#4109,#4129));
#4059 = ORIENTED_EDGE('',*,*,#4060,.T.);
#4060 = EDGE_CURVE('',#3987,#4061,#4063,.T.);
#4061 = VERTEX_POINT('',#4062);
#4062 = CARTESIAN_POINT('',(1.665044133459E+03,-105.3008057126,
    -9.249223195182));
#4063 = SURFACE_CURVE('',#4064,(#4068,#4075),.PCURVE_S1.);
#4064 = LINE('',#4065,#4066);
#4065 = CARTESIAN_POINT('',(1.680497999352E+03,-105.3008057126,
    -8.602730858033));
#4066 = VECTOR('',#4067,1.);
#4067 = DIRECTION('',(-0.999126117756,-0.,-4.179713888055E-02));
#4068 = PCURVE('',#4024,#4069);
#4069 = DEFINITIONAL_REPRESENTATION('',(#4070),#4074);
#4070 = LINE('',#4071,#4072);
#4071 = CARTESIAN_POINT('',(0.,0.));
#4072 = VECTOR('',#4073,1.);
#4073 = DIRECTION('',(1.,0.));
#4074 = ( GEOMETRIC_REPRESENTATION_CONTEXT(2) 
PARAMETRIC_REPRESENTATION_CONTEXT() REPRESENTATION_CONTEXT('2D SPACE',''
  ) );
#4075 = PCURVE('',#44,#4076);
#4076 = DEFINITIONAL_REPRESENTATION('',(#4077),#4081);
#4077 = LINE('',#4078,#4079);
#4078 = CARTESIAN_POINT('',(-315.1128635648,-8.602730858033));
#4079 = VECTOR('',#4080,1.);
#4080 = DIRECTION('',(0.999126117756,-4.179713888055E-02));
#4081 = ( GEOMETRIC_REPRESENTATION_CONTEXT(2) 
PARAMETRIC_REPRESENTATION_CONTEXT() REPRESENTATION_CONTEXT('2D SPACE',''
  ) );
#4082 = ORIENTED_EDGE('',*,*,#4083,.T.);
#4083 = EDGE_CURVE('',#4061,#4084,#4086,.T.);
#4084 = VERTEX_POINT('',#4085);
#4085 = CARTESIAN_POINT('',(1.965303896058E+03,-474.3416490252,
    -2.249310682362));
#4086 = SURFACE_CURVE('',#4087,(#4090,#4097),.PCURVE_S1.);
#4087 = B_SPLINE_CURVE_WITH_KNOTS('',1,(#4088,#4089),.UNSPECIFIED.,.F.,
  .F.,(2,2),(0.,1.),.PIECEWISE_BEZIER_KNOTS.);
#4088 = CARTESIAN_POINT('',(1.665044133459E+03,-105.3008057126,
    -9.249223195182));
#4089 = CARTESIAN_POINT('',(1.965303896058E+03,-474.3416490252,
    -2.249310682362));
#4090 = PCURVE('',#4024,#4091);
#4091 = DEFINITIONAL_REPRESENTATION('',(#4092),#4096);
#4092 = LINE('',#4093,#4094);
#4093 = CARTESIAN_POINT('',(15.467382564061,0.));
#4094 = VECTOR('',#4095,1.);
#4095 = DIRECTION('',(0.,1.));
#4096 = ( GEOMETRIC_REPRESENTATION_CONTEXT(2) 
PARAMETRIC_REPRESENTATION_CONTEXT() REPRESENTATION_CONTEXT('2D SPACE',''
  ) );
#4097 = PCURVE('',#4098,#4103);
#4098 = B_SPLINE_SURFACE_WITH_KNOTS('',1,1,(
    (#4099,#4100)
    ,(#4101,#4102
    )),.UNSPECIFIED.,.F.,.F.,.F.,(2,2),(2,2),(0.,15.974740573272),(0.,1.
    ),.PIECEWISE_BEZIER_KNOTS.);
#4099 = CARTESIAN_POINT('',(1.665044133459E+03,-105.3008057126,
    -9.249223195182));
#4100 = CARTESIAN_POINT('',(1.965303896058E+03,-474.3416490252,
    -2.249310682362));
#4101 = CARTESIAN_POINT('',(1.649078938206E+03,-105.3008057126,
    -9.801379813641));
#4102 = CARTESIAN_POINT('',(1.961421333872E+03,-474.3416490252,
    -2.383589178407));
#4103 = DEFINITIONAL_REPRESENTATION('',(#4104),#4108);
#4104 = LINE('',#4105,#4106);
#4105 = CARTESIAN_POINT('',(0.,0.));
#4106 = VECTOR('',#4107,1.);
#4107 = DIRECTION('',(0.,1.));
#4108 = ( GEOMETRIC_REPRESENTATION_CONTEXT(2) 
PARAMETRIC_REPRESENTATION_CONTEXT() REPRESENTATION_CONTEXT('2D SPACE',''
  ) );
#4109 = ORIENTED_EDGE('',*,*,#4110,.F.);
#4110 = EDGE_CURVE('',#4010,#4084,#4111,.T.);
#4111 = SURFACE_CURVE('',#4112,(#4116,#4122),.PCURVE_S1.);
#4112 = LINE('',#4113,#4114);
#4113 = CARTESIAN_POINT('',(1.969062108494E+03,-474.3416490252,
    -2.092090763529));
#4114 = VECTOR('',#4115,1.);
#4115 = DIRECTION('',(-0.999126117756,-0.,-4.179713888055E-02));
#4116 = PCURVE('',#4024,#4117);
#4117 = DEFINITIONAL_REPRESENTATION('',(#4118),#4121);
#4118 = B_SPLINE_CURVE_WITH_KNOTS('',1,(#4119,#4120),.UNSPECIFIED.,.F.,
  .F.,(2,2),(0.,3.761499543837),.PIECEWISE_BEZIER_KNOTS.);
#4119 = CARTESIAN_POINT('',(0.,1.));
#4120 = CARTESIAN_POINT('',(15.467382564061,1.));
#4121 = ( GEOMETRIC_REPRESENTATION_CONTEXT(2) 
PARAMETRIC_REPRESENTATION_CONTEXT() REPRESENTATION_CONTEXT('2D SPACE',''
  ) );
#4122 = PCURVE('',#98,#4123);
#4123 = DEFINITIONAL_REPRESENTATION('',(#4124),#4128);
#4124 = LINE('',#4125,#4126);
#4125 = CARTESIAN_POINT('',(-76.63202792372,-2.092090763529));
#4126 = VECTOR('',#4127,1.);
#4127 = DIRECTION('',(0.999126117756,-4.179713888055E-02));
#4128 = ( GEOMETRIC_REPRESENTATION_CONTEXT(2) 
PARAMETRIC_REPRESENTATION_CONTEXT() REPRESENTATION_CONTEXT('2D SPACE',''
  ) );
#4129 = ORIENTED_EDGE('',*,*,#4009,.F.);
#4130 = ADVANCED_FACE('',(#4131),#4098,.F.);
#4131 = FACE_BOUND('',#4132,.F.);
#4132 = EDGE_LOOP('',(#4133,#4156,#4183,#4203));
#4133 = ORIENTED_EDGE('',*,*,#4134,.T.);
#4134 = EDGE_CURVE('',#4061,#4135,#4137,.T.);
#4135 = VERTEX_POINT('',#4136);
#4136 = CARTESIAN_POINT('',(1.649078938206E+03,-105.3008057126,
    -9.801379813641));
#4137 = SURFACE_CURVE('',#4138,(#4142,#4149),.PCURVE_S1.);
#4138 = LINE('',#4139,#4140);
#4139 = CARTESIAN_POINT('',(1.665044133459E+03,-105.3008057126,
    -9.249223195182));
#4140 = VECTOR('',#4141,1.);
#4141 = DIRECTION('',(-0.999402474132,-0.,-3.456435589212E-02));
#4142 = PCURVE('',#4098,#4143);
#4143 = DEFINITIONAL_REPRESENTATION('',(#4144),#4148);
#4144 = LINE('',#4145,#4146);
#4145 = CARTESIAN_POINT('',(0.,0.));
#4146 = VECTOR('',#4147,1.);
#4147 = DIRECTION('',(1.,0.));
#4148 = ( GEOMETRIC_REPRESENTATION_CONTEXT(2) 
PARAMETRIC_REPRESENTATION_CONTEXT() REPRESENTATION_CONTEXT('2D SPACE',''
  ) );
#4149 = PCURVE('',#44,#4150);
#4150 = DEFINITIONAL_REPRESENTATION('',(#4151),#4155);
#4151 = LINE('',#4152,#4153);
#4152 = CARTESIAN_POINT('',(-299.6589976717,-9.249223195182));
#4153 = VECTOR('',#4154,1.);
#4154 = DIRECTION('',(0.999402474132,-3.456435589212E-02));
#4155 = ( GEOMETRIC_REPRESENTATION_CONTEXT(2) 
PARAMETRIC_REPRESENTATION_CONTEXT() REPRESENTATION_CONTEXT('2D SPACE',''
  ) );
#4156 = ORIENTED_EDGE('',*,*,#4157,.T.);
#4157 = EDGE_CURVE('',#4135,#4158,#4160,.T.);
#4158 = VERTEX_POINT('',#4159);
#4159 = CARTESIAN_POINT('',(1.961421333872E+03,-474.3416490252,
    -2.383589178407));
#4160 = SURFACE_CURVE('',#4161,(#4164,#4171),.PCURVE_S1.);
#4161 = B_SPLINE_CURVE_WITH_KNOTS('',1,(#4162,#4163),.UNSPECIFIED.,.F.,
  .F.,(2,2),(0.,1.),.PIECEWISE_BEZIER_KNOTS.);
#4162 = CARTESIAN_POINT('',(1.649078938206E+03,-105.3008057126,
    -9.801379813641));
#4163 = CARTESIAN_POINT('',(1.961421333872E+03,-474.3416490252,
    -2.383589178407));
#4164 = PCURVE('',#4098,#4165);
#4165 = DEFINITIONAL_REPRESENTATION('',(#4166),#4170);
#4166 = LINE('',#4167,#4168);
#4167 = CARTESIAN_POINT('',(15.974740573272,0.));
#4168 = VECTOR('',#4169,1.);
#4169 = DIRECTION('',(0.,1.));
#4170 = ( GEOMETRIC_REPRESENTATION_CONTEXT(2) 
PARAMETRIC_REPRESENTATION_CONTEXT() REPRESENTATION_CONTEXT('2D SPACE',''
  ) );
#4171 = PCURVE('',#4172,#4177);
#4172 = B_SPLINE_SURFACE_WITH_KNOTS('',1,1,(
    (#4173,#4174)
    ,(#4175,#4176
    )),.UNSPECIFIED.,.F.,.F.,.F.,(2,2),(2,2),(0.,16.384117149895),(0.,1.
    ),.PIECEWISE_BEZIER_KNOTS.);
#4173 = CARTESIAN_POINT('',(1.649078938206E+03,-105.3008057126,
    -9.801379813641));
#4174 = CARTESIAN_POINT('',(1.961421333872E+03,-474.3416490252,
    -2.383589178407));
#4175 = CARTESIAN_POINT('',(1.632700844332E+03,-105.3008057126,
    -10.24560478496));
#4176 = CARTESIAN_POINT('',(1.957438359223E+03,-474.3416490252,
    -2.491619869447));
#4177 = DEFINITIONAL_REPRESENTATION('',(#4178),#4182);
#4178 = LINE('',#4179,#4180);
#4179 = CARTESIAN_POINT('',(0.,0.));
#4180 = VECTOR('',#4181,1.);
#4181 = DIRECTION('',(0.,1.));
#4182 = ( GEOMETRIC_REPRESENTATION_CONTEXT(2) 
PARAMETRIC_REPRESENTATION_CONTEXT() REPRESENTATION_CONTEXT('2D SPACE',''
  ) );
#4183 = ORIENTED_EDGE('',*,*,#4184,.F.);
#4184 = EDGE_CURVE('',#4084,#4158,#4185,.T.);
#4185 = SURFACE_CURVE('',#4186,(#4190,#4196),.PCURVE_S1.);
#4186 = LINE('',#4187,#4188);
#4187 = CARTESIAN_POINT('',(1.965303896058E+03,-474.3416490252,
    -2.249310682362));
#4188 = VECTOR('',#4189,1.);
#4189 = DIRECTION('',(-0.999402474132,-0.,-3.456435589212E-02));
#4190 = PCURVE('',#4098,#4191);
#4191 = DEFINITIONAL_REPRESENTATION('',(#4192),#4195);
#4192 = B_SPLINE_CURVE_WITH_KNOTS('',1,(#4193,#4194),.UNSPECIFIED.,.F.,
  .F.,(2,2),(0.,3.884883504394),.PIECEWISE_BEZIER_KNOTS.);
#4193 = CARTESIAN_POINT('',(0.,1.));
#4194 = CARTESIAN_POINT('',(15.974740573272,1.));
#4195 = ( GEOMETRIC_REPRESENTATION_CONTEXT(2) 
PARAMETRIC_REPRESENTATION_CONTEXT() REPRESENTATION_CONTEXT('2D SPACE',''
  ) );
#4196 = PCURVE('',#98,#4197);
#4197 = DEFINITIONAL_REPRESENTATION('',(#4198),#4202);
#4198 = LINE('',#4199,#4200);
#4199 = CARTESIAN_POINT('',(-72.87381548755,-2.249310682362));
#4200 = VECTOR('',#4201,1.);
#4201 = DIRECTION('',(0.999402474132,-3.456435589212E-02));
#4202 = ( GEOMETRIC_REPRESENTATION_CONTEXT(2) 
PARAMETRIC_REPRESENTATION_CONTEXT() REPRESENTATION_CONTEXT('2D SPACE',''
  ) );
#4203 = ORIENTED_EDGE('',*,*,#4083,.F.);
#4204 = ADVANCED_FACE('',(#4205),#4172,.F.);
#4205 = FACE_BOUND('',#4206,.F.);
#4206 = EDGE_LOOP('',(#4207,#4230,#4257,#4277));
#4207 = ORIENTED_EDGE('',*,*,#4208,.T.);
#4208 = EDGE_CURVE('',#4135,#4209,#4211,.T.);
#4209 = VERTEX_POINT('',#4210);
#4210 = CARTESIAN_POINT('',(1.632700844332E+03,-105.3008057126,
    -10.24560478496));
#4211 = SURFACE_CURVE('',#4212,(#4216,#4223),.PCURVE_S1.);
#4212 = LINE('',#4213,#4214);
#4213 = CARTESIAN_POINT('',(1.649078938206E+03,-105.3008057126,
    -9.801379813641));
#4214 = VECTOR('',#4215,1.);
#4215 = DIRECTION('',(-0.999632371063,-0.,-2.711314666855E-02));
#4216 = PCURVE('',#4172,#4217);
#4217 = DEFINITIONAL_REPRESENTATION('',(#4218),#4222);
#4218 = LINE('',#4219,#4220);
#4219 = CARTESIAN_POINT('',(0.,0.));
#4220 = VECTOR('',#4221,1.);
#4221 = DIRECTION('',(1.,0.));
#4222 = ( GEOMETRIC_REPRESENTATION_CONTEXT(2) 
PARAMETRIC_REPRESENTATION_CONTEXT() REPRESENTATION_CONTEXT('2D SPACE',''
  ) );
#4223 = PCURVE('',#44,#4224);
#4224 = DEFINITIONAL_REPRESENTATION('',(#4225),#4229);
#4225 = LINE('',#4226,#4227);
#4226 = CARTESIAN_POINT('',(-283.6938024191,-9.801379813641));
#4227 = VECTOR('',#4228,1.);
#4228 = DIRECTION('',(0.999632371063,-2.711314666855E-02));
#4229 = ( GEOMETRIC_REPRESENTATION_CONTEXT(2) 
PARAMETRIC_REPRESENTATION_CONTEXT() REPRESENTATION_CONTEXT('2D SPACE',''
  ) );
#4230 = ORIENTED_EDGE('',*,*,#4231,.T.);
#4231 = EDGE_CURVE('',#4209,#4232,#4234,.T.);
#4232 = VERTEX_POINT('',#4233);
#4233 = CARTESIAN_POINT('',(1.957438359223E+03,-474.3416490252,
    -2.491619869447));
#4234 = SURFACE_CURVE('',#4235,(#4238,#4245),.PCURVE_S1.);
#4235 = B_SPLINE_CURVE_WITH_KNOTS('',1,(#4236,#4237),.UNSPECIFIED.,.F.,
  .F.,(2,2),(0.,1.),.PIECEWISE_BEZIER_KNOTS.);
#4236 = CARTESIAN_POINT('',(1.632700844332E+03,-105.3008057126,
    -10.24560478496));
#4237 = CARTESIAN_POINT('',(1.957438359223E+03,-474.3416490252,
    -2.491619869447));
#4238 = PCURVE('',#4172,#4239);
#4239 = DEFINITIONAL_REPRESENTATION('',(#4240),#4244);
#4240 = LINE('',#4241,#4242);
#4241 = CARTESIAN_POINT('',(16.384117149895,0.));
#4242 = VECTOR('',#4243,1.);
#4243 = DIRECTION('',(0.,1.));
#4244 = ( GEOMETRIC_REPRESENTATION_CONTEXT(2) 
PARAMETRIC_REPRESENTATION_CONTEXT() REPRESENTATION_CONTEXT('2D SPACE',''
  ) );
#4245 = PCURVE('',#4246,#4251);
#4246 = B_SPLINE_SURFACE_WITH_KNOTS('',1,1,(
    (#4247,#4248)
    ,(#4249,#4250
    )),.UNSPECIFIED.,.F.,.F.,.F.,(2,2),(2,2),(0.,16.69318703398),(0.,1.)
  ,.PIECEWISE_BEZIER_KNOTS.);
#4247 = CARTESIAN_POINT('',(1.632700844332E+03,-105.3008057126,
    -10.24560478496));
#4248 = CARTESIAN_POINT('',(1.957438359223E+03,-474.3416490252,
    -2.491619869447));
#4249 = CARTESIAN_POINT('',(1.616010828231E+03,-105.3008057126,
    -10.57095981604));
#4250 = CARTESIAN_POINT('',(1.953379528474E+03,-474.3416490252,
    -2.570742681336));
#4251 = DEFINITIONAL_REPRESENTATION('',(#4252),#4256);
#4252 = LINE('',#4253,#4254);
#4253 = CARTESIAN_POINT('',(0.,0.));
#4254 = VECTOR('',#4255,1.);
#4255 = DIRECTION('',(0.,1.));
#4256 = ( GEOMETRIC_REPRESENTATION_CONTEXT(2) 
PARAMETRIC_REPRESENTATION_CONTEXT() REPRESENTATION_CONTEXT('2D SPACE',''
  ) );
#4257 = ORIENTED_EDGE('',*,*,#4258,.F.);
#4258 = EDGE_CURVE('',#4158,#4232,#4259,.T.);
#4259 = SURFACE_CURVE('',#4260,(#4264,#4270),.PCURVE_S1.);
#4260 = LINE('',#4261,#4262);
#4261 = CARTESIAN_POINT('',(1.961421333872E+03,-474.3416490252,
    -2.383589178407));
#4262 = VECTOR('',#4263,1.);
#4263 = DIRECTION('',(-0.999632371063,-0.,-2.711314666855E-02));
#4264 = PCURVE('',#4172,#4265);
#4265 = DEFINITIONAL_REPRESENTATION('',(#4266),#4269);
#4266 = B_SPLINE_CURVE_WITH_KNOTS('',1,(#4267,#4268),.UNSPECIFIED.,.F.,
  .F.,(2,2),(0.,3.984439444117),.PIECEWISE_BEZIER_KNOTS.);
#4267 = CARTESIAN_POINT('',(0.,1.));
#4268 = CARTESIAN_POINT('',(16.384117149895,1.));
#4269 = ( GEOMETRIC_REPRESENTATION_CONTEXT(2) 
PARAMETRIC_REPRESENTATION_CONTEXT() REPRESENTATION_CONTEXT('2D SPACE',''
  ) );
#4270 = PCURVE('',#98,#4271);
#4271 = DEFINITIONAL_REPRESENTATION('',(#4272),#4276);
#4272 = LINE('',#4273,#4274);
#4273 = CARTESIAN_POINT('',(-68.99125330154,-2.383589178407));
#4274 = VECTOR('',#4275,1.);
#4275 = DIRECTION('',(0.999632371063,-2.711314666855E-02));
#4276 = ( GEOMETRIC_REPRESENTATION_CONTEXT(2) 
PARAMETRIC_REPRESENTATION_CONTEXT() REPRESENTATION_CONTEXT('2D SPACE',''
  ) );
#4277 = ORIENTED_EDGE('',*,*,#4157,.F.);
#4278 = ADVANCED_FACE('',(#4279),#4246,.F.);
#4279 = FACE_BOUND('',#4280,.F.);
#4280 = EDGE_LOOP('',(#4281,#4304,#4331,#4351));
#4281 = ORIENTED_EDGE('',*,*,#4282,.T.);
#4282 = EDGE_CURVE('',#4209,#4283,#4285,.T.);
#4283 = VERTEX_POINT('',#4284);
#4284 = CARTESIAN_POINT('',(1.616010828231E+03,-105.3008057126,
    -10.57095981604));
#4285 = SURFACE_CURVE('',#4286,(#4290,#4297),.PCURVE_S1.);
#4286 = LINE('',#4287,#4288);
#4287 = CARTESIAN_POINT('',(1.632700844332E+03,-105.3008057126,
    -10.24560478496));
#4288 = VECTOR('',#4289,1.);
#4289 = DIRECTION('',(-0.999810046286,-0.,-1.949028848873E-02));
#4290 = PCURVE('',#4246,#4291);
#4291 = DEFINITIONAL_REPRESENTATION('',(#4292),#4296);
#4292 = LINE('',#4293,#4294);
#4293 = CARTESIAN_POINT('',(0.,0.));
#4294 = VECTOR('',#4295,1.);
#4295 = DIRECTION('',(1.,0.));
#4296 = ( GEOMETRIC_REPRESENTATION_CONTEXT(2) 
PARAMETRIC_REPRESENTATION_CONTEXT() REPRESENTATION_CONTEXT('2D SPACE',''
  ) );
#4297 = PCURVE('',#44,#4298);
#4298 = DEFINITIONAL_REPRESENTATION('',(#4299),#4303);
#4299 = LINE('',#4300,#4301);
#4300 = CARTESIAN_POINT('',(-267.3157085448,-10.24560478496));
#4301 = VECTOR('',#4302,1.);
#4302 = DIRECTION('',(0.999810046286,-1.949028848873E-02));
#4303 = ( GEOMETRIC_REPRESENTATION_CONTEXT(2) 
PARAMETRIC_REPRESENTATION_CONTEXT() REPRESENTATION_CONTEXT('2D SPACE',''
  ) );
#4304 = ORIENTED_EDGE('',*,*,#4305,.T.);
#4305 = EDGE_CURVE('',#4283,#4306,#4308,.T.);
#4306 = VERTEX_POINT('',#4307);
#4307 = CARTESIAN_POINT('',(1.953379528474E+03,-474.3416490252,
    -2.570742681336));
#4308 = SURFACE_CURVE('',#4309,(#4312,#4319),.PCURVE_S1.);
#4309 = B_SPLINE_CURVE_WITH_KNOTS('',1,(#4310,#4311),.UNSPECIFIED.,.F.,
  .F.,(2,2),(0.,1.),.PIECEWISE_BEZIER_KNOTS.);
#4310 = CARTESIAN_POINT('',(1.616010828231E+03,-105.3008057126,
    -10.57095981604));
#4311 = CARTESIAN_POINT('',(1.953379528474E+03,-474.3416490252,
    -2.570742681336));
#4312 = PCURVE('',#4246,#4313);
#4313 = DEFINITIONAL_REPRESENTATION('',(#4314),#4318);
#4314 = LINE('',#4315,#4316);
#4315 = CARTESIAN_POINT('',(16.69318703398,0.));
#4316 = VECTOR('',#4317,1.);
#4317 = DIRECTION('',(0.,1.));
#4318 = ( GEOMETRIC_REPRESENTATION_CONTEXT(2) 
PARAMETRIC_REPRESENTATION_CONTEXT() REPRESENTATION_CONTEXT('2D SPACE',''
  ) );
#4319 = PCURVE('',#4320,#4325);
#4320 = B_SPLINE_SURFACE_WITH_KNOTS('',1,1,(
    (#4321,#4322)
    ,(#4323,#4324
    )),.UNSPECIFIED.,.F.,.F.,.F.,(2,2),(2,2),(0.,16.900204293701),(0.,1.
    ),.PIECEWISE_BEZIER_KNOTS.);
#4321 = CARTESIAN_POINT('',(1.616010828231E+03,-105.3008057126,
    -10.57095981604));
#4322 = CARTESIAN_POINT('',(1.953379528474E+03,-474.3416490252,
    -2.570742681336));
#4323 = CARTESIAN_POINT('',(1.599111789402E+03,-105.3008057126,
    -10.76943358625));
#4324 = CARTESIAN_POINT('',(1.949269865667E+03,-474.3416490252,
    -2.61900934785));
#4325 = DEFINITIONAL_REPRESENTATION('',(#4326),#4330);
#4326 = LINE('',#4327,#4328);
#4327 = CARTESIAN_POINT('',(0.,0.));
#4328 = VECTOR('',#4329,1.);
#4329 = DIRECTION('',(0.,1.));
#4330 = ( GEOMETRIC_REPRESENTATION_CONTEXT(2) 
PARAMETRIC_REPRESENTATION_CONTEXT() REPRESENTATION_CONTEXT('2D SPACE',''
  ) );
#4331 = ORIENTED_EDGE('',*,*,#4332,.F.);
#4332 = EDGE_CURVE('',#4232,#4306,#4333,.T.);
#4333 = SURFACE_CURVE('',#4334,(#4338,#4344),.PCURVE_S1.);
#4334 = LINE('',#4335,#4336);
#4335 = CARTESIAN_POINT('',(1.957438359223E+03,-474.3416490252,
    -2.491619869447));
#4336 = VECTOR('',#4337,1.);
#4337 = DIRECTION('',(-0.999810046286,-0.,-1.949028848873E-02));
#4338 = PCURVE('',#4246,#4339);
#4339 = DEFINITIONAL_REPRESENTATION('',(#4340),#4343);
#4340 = B_SPLINE_CURVE_WITH_KNOTS('',1,(#4341,#4342),.UNSPECIFIED.,.F.,
  .F.,(2,2),(0.,4.059601885027),.PIECEWISE_BEZIER_KNOTS.);
#4341 = CARTESIAN_POINT('',(0.,1.));
#4342 = CARTESIAN_POINT('',(16.69318703398,1.));
#4343 = ( GEOMETRIC_REPRESENTATION_CONTEXT(2) 
PARAMETRIC_REPRESENTATION_CONTEXT() REPRESENTATION_CONTEXT('2D SPACE',''
  ) );
#4344 = PCURVE('',#98,#4345);
#4345 = DEFINITIONAL_REPRESENTATION('',(#4346),#4350);
#4346 = LINE('',#4347,#4348);
#4347 = CARTESIAN_POINT('',(-65.00827865266,-2.491619869447));
#4348 = VECTOR('',#4349,1.);
#4349 = DIRECTION('',(0.999810046286,-1.949028848873E-02));
#4350 = ( GEOMETRIC_REPRESENTATION_CONTEXT(2) 
PARAMETRIC_REPRESENTATION_CONTEXT() REPRESENTATION_CONTEXT('2D SPACE',''
  ) );
#4351 = ORIENTED_EDGE('',*,*,#4231,.F.);
#4352 = ADVANCED_FACE('',(#4353),#4320,.F.);
#4353 = FACE_BOUND('',#4354,.F.);
#4354 = EDGE_LOOP('',(#4355,#4378,#4405,#4425));
#4355 = ORIENTED_EDGE('',*,*,#4356,.T.);
#4356 = EDGE_CURVE('',#4283,#4357,#4359,.T.);
#4357 = VERTEX_POINT('',#4358);
#4358 = CARTESIAN_POINT('',(1.599111789402E+03,-105.3008057126,
    -10.76943358625));
#4359 = SURFACE_CURVE('',#4360,(#4364,#4371),.PCURVE_S1.);
#4360 = LINE('',#4361,#4362);
#4361 = CARTESIAN_POINT('',(1.616010828231E+03,-105.3008057126,
    -10.57095981604));
#4362 = VECTOR('',#4363,1.);
#4363 = DIRECTION('',(-0.999931038403,-0.,-1.174386810665E-02));
#4364 = PCURVE('',#4320,#4365);
#4365 = DEFINITIONAL_REPRESENTATION('',(#4366),#4370);
#4366 = LINE('',#4367,#4368);
#4367 = CARTESIAN_POINT('',(0.,0.));
#4368 = VECTOR('',#4369,1.);
#4369 = DIRECTION('',(1.,0.));
#4370 = ( GEOMETRIC_REPRESENTATION_CONTEXT(2) 
PARAMETRIC_REPRESENTATION_CONTEXT() REPRESENTATION_CONTEXT('2D SPACE',''
  ) );
#4371 = PCURVE('',#44,#4372);
#4372 = DEFINITIONAL_REPRESENTATION('',(#4373),#4377);
#4373 = LINE('',#4374,#4375);
#4374 = CARTESIAN_POINT('',(-250.6256924437,-10.57095981604));
#4375 = VECTOR('',#4376,1.);
#4376 = DIRECTION('',(0.999931038403,-1.174386810665E-02));
#4377 = ( GEOMETRIC_REPRESENTATION_CONTEXT(2) 
PARAMETRIC_REPRESENTATION_CONTEXT() REPRESENTATION_CONTEXT('2D SPACE',''
  ) );
#4378 = ORIENTED_EDGE('',*,*,#4379,.T.);
#4379 = EDGE_CURVE('',#4357,#4380,#4382,.T.);
#4380 = VERTEX_POINT('',#4381);
#4381 = CARTESIAN_POINT('',(1.949269865667E+03,-474.3416490252,
    -2.61900934785));
#4382 = SURFACE_CURVE('',#4383,(#4386,#4393),.PCURVE_S1.);
#4383 = B_SPLINE_CURVE_WITH_KNOTS('',1,(#4384,#4385),.UNSPECIFIED.,.F.,
  .F.,(2,2),(0.,1.),.PIECEWISE_BEZIER_KNOTS.);
#4384 = CARTESIAN_POINT('',(1.599111789402E+03,-105.3008057126,
    -10.76943358625));
#4385 = CARTESIAN_POINT('',(1.949269865667E+03,-474.3416490252,
    -2.61900934785));
#4386 = PCURVE('',#4320,#4387);
#4387 = DEFINITIONAL_REPRESENTATION('',(#4388),#4392);
#4388 = LINE('',#4389,#4390);
#4389 = CARTESIAN_POINT('',(16.900204293701,0.));
#4390 = VECTOR('',#4391,1.);
#4391 = DIRECTION('',(0.,1.));
#4392 = ( GEOMETRIC_REPRESENTATION_CONTEXT(2) 
PARAMETRIC_REPRESENTATION_CONTEXT() REPRESENTATION_CONTEXT('2D SPACE',''
  ) );
#4393 = PCURVE('',#4394,#4399);
#4394 = B_SPLINE_SURFACE_WITH_KNOTS('',1,1,(
    (#4395,#4396)
    ,(#4397,#4398
    )),.UNSPECIFIED.,.F.,.F.,.F.,(2,2),(2,2),(0.,17.004004202947),(0.,1.
    ),.PIECEWISE_BEZIER_KNOTS.);
#4395 = CARTESIAN_POINT('',(1.599111789402E+03,-105.3008057126,
    -10.76943358625));
#4396 = CARTESIAN_POINT('',(1.949269865667E+03,-474.3416490252,
    -2.61900934785));
#4397 = CARTESIAN_POINT('',(1.58210791604E+03,-105.3008057126,
    -10.83613901264));
#4398 = CARTESIAN_POINT('',(1.94513470824E+03,-474.3416490252,
    -2.635231383474));
#4399 = DEFINITIONAL_REPRESENTATION('',(#4400),#4404);
#4400 = LINE('',#4401,#4402);
#4401 = CARTESIAN_POINT('',(0.,0.));
#4402 = VECTOR('',#4403,1.);
#4403 = DIRECTION('',(0.,1.));
#4404 = ( GEOMETRIC_REPRESENTATION_CONTEXT(2) 
PARAMETRIC_REPRESENTATION_CONTEXT() REPRESENTATION_CONTEXT('2D SPACE',''
  ) );
#4405 = ORIENTED_EDGE('',*,*,#4406,.F.);
#4406 = EDGE_CURVE('',#4306,#4380,#4407,.T.);
#4407 = SURFACE_CURVE('',#4408,(#4412,#4418),.PCURVE_S1.);
#4408 = LINE('',#4409,#4410);
#4409 = CARTESIAN_POINT('',(1.953379528474E+03,-474.3416490252,
    -2.570742681336));
#4410 = VECTOR('',#4411,1.);
#4411 = DIRECTION('',(-0.999931038403,-0.,-1.174386810665E-02));
#4412 = PCURVE('',#4320,#4413);
#4413 = DEFINITIONAL_REPRESENTATION('',(#4414),#4417);
#4414 = B_SPLINE_CURVE_WITH_KNOTS('',1,(#4415,#4416),.UNSPECIFIED.,.F.,
  .F.,(2,2),(0.,4.109946235455),.PIECEWISE_BEZIER_KNOTS.);
#4415 = CARTESIAN_POINT('',(0.,1.));
#4416 = CARTESIAN_POINT('',(16.900204293701,1.));
#4417 = ( GEOMETRIC_REPRESENTATION_CONTEXT(2) 
PARAMETRIC_REPRESENTATION_CONTEXT() REPRESENTATION_CONTEXT('2D SPACE',''
  ) );
#4418 = PCURVE('',#98,#4419);
#4419 = DEFINITIONAL_REPRESENTATION('',(#4420),#4424);
#4420 = LINE('',#4421,#4422);
#4421 = CARTESIAN_POINT('',(-60.94944790409,-2.570742681336));
#4422 = VECTOR('',#4423,1.);
#4423 = DIRECTION('',(0.999931038403,-1.174386810665E-02));
#4424 = ( GEOMETRIC_REPRESENTATION_CONTEXT(2) 
PARAMETRIC_REPRESENTATION_CONTEXT() REPRESENTATION_CONTEXT('2D SPACE',''
  ) );
#4425 = ORIENTED_EDGE('',*,*,#4305,.F.);
#4426 = ADVANCED_FACE('',(#4427),#4394,.F.);
#4427 = FACE_BOUND('',#4428,.F.);
#4428 = EDGE_LOOP('',(#4429,#4452,#4479,#4499));
#4429 = ORIENTED_EDGE('',*,*,#4430,.T.);
#4430 = EDGE_CURVE('',#4357,#4431,#4433,.T.);
#4431 = VERTEX_POINT('',#4432);
#4432 = CARTESIAN_POINT('',(1.58210791604E+03,-105.3008057126,
    -10.83613901264));
#4433 = SURFACE_CURVE('',#4434,(#4438,#4445),.PCURVE_S1.);
#4434 = LINE('',#4435,#4436);
#4435 = CARTESIAN_POINT('',(1.599111789402E+03,-105.3008057126,
    -10.76943358625));
#4436 = VECTOR('',#4437,1.);
#4437 = DIRECTION('',(-0.999992305302,-0.,-3.922924600439E-03));
#4438 = PCURVE('',#4394,#4439);
#4439 = DEFINITIONAL_REPRESENTATION('',(#4440),#4444);
#4440 = LINE('',#4441,#4442);
#4441 = CARTESIAN_POINT('',(0.,0.));
#4442 = VECTOR('',#4443,1.);
#4443 = DIRECTION('',(1.,0.));
#4444 = ( GEOMETRIC_REPRESENTATION_CONTEXT(2) 
PARAMETRIC_REPRESENTATION_CONTEXT() REPRESENTATION_CONTEXT('2D SPACE',''
  ) );
#4445 = PCURVE('',#44,#4446);
#4446 = DEFINITIONAL_REPRESENTATION('',(#4447),#4451);
#4447 = LINE('',#4448,#4449);
#4448 = CARTESIAN_POINT('',(-233.7266536151,-10.76943358625));
#4449 = VECTOR('',#4450,1.);
#4450 = DIRECTION('',(0.999992305302,-3.922924600439E-03));
#4451 = ( GEOMETRIC_REPRESENTATION_CONTEXT(2) 
PARAMETRIC_REPRESENTATION_CONTEXT() REPRESENTATION_CONTEXT('2D SPACE',''
  ) );
#4452 = ORIENTED_EDGE('',*,*,#4453,.T.);
#4453 = EDGE_CURVE('',#4431,#4454,#4456,.T.);
#4454 = VERTEX_POINT('',#4455);
#4455 = CARTESIAN_POINT('',(1.94513470824E+03,-474.3416490252,
    -2.635231383474));
#4456 = SURFACE_CURVE('',#4457,(#4460,#4467),.PCURVE_S1.);
#4457 = B_SPLINE_CURVE_WITH_KNOTS('',1,(#4458,#4459),.UNSPECIFIED.,.F.,
  .F.,(2,2),(0.,1.),.PIECEWISE_BEZIER_KNOTS.);
#4458 = CARTESIAN_POINT('',(1.58210791604E+03,-105.3008057126,
    -10.83613901264));
#4459 = CARTESIAN_POINT('',(1.94513470824E+03,-474.3416490252,
    -2.635231383474));
#4460 = PCURVE('',#4394,#4461);
#4461 = DEFINITIONAL_REPRESENTATION('',(#4462),#4466);
#4462 = LINE('',#4463,#4464);
#4463 = CARTESIAN_POINT('',(17.004004202947,0.));
#4464 = VECTOR('',#4465,1.);
#4465 = DIRECTION('',(0.,1.));
#4466 = ( GEOMETRIC_REPRESENTATION_CONTEXT(2) 
PARAMETRIC_REPRESENTATION_CONTEXT() REPRESENTATION_CONTEXT('2D SPACE',''
  ) );
#4467 = PCURVE('',#4468,#4473);
#4468 = B_SPLINE_SURFACE_WITH_KNOTS('',1,1,(
    (#4469,#4470)
    ,(#4471,#4472
    )),.UNSPECIFIED.,.F.,.F.,.F.,(2,2),(2,2),(0.,17.004004202948),(0.,1.
    ),.PIECEWISE_BEZIER_KNOTS.);
#4469 = CARTESIAN_POINT('',(1.58210791604E+03,-105.3008057126,
    -10.83613901264));
#4470 = CARTESIAN_POINT('',(1.94513470824E+03,-474.3416490252,
    -2.635231383474));
#4471 = CARTESIAN_POINT('',(1.565104042677E+03,-105.3008057126,
    -10.76943358625));
#4472 = CARTESIAN_POINT('',(1.940999550812E+03,-474.3416490252,
    -2.61900934785));
#4473 = DEFINITIONAL_REPRESENTATION('',(#4474),#4478);
#4474 = LINE('',#4475,#4476);
#4475 = CARTESIAN_POINT('',(0.,0.));
#4476 = VECTOR('',#4477,1.);
#4477 = DIRECTION('',(0.,1.));
#4478 = ( GEOMETRIC_REPRESENTATION_CONTEXT(2) 
PARAMETRIC_REPRESENTATION_CONTEXT() REPRESENTATION_CONTEXT('2D SPACE',''
  ) );
#4479 = ORIENTED_EDGE('',*,*,#4480,.F.);
#4480 = EDGE_CURVE('',#4380,#4454,#4481,.T.);
#4481 = SURFACE_CURVE('',#4482,(#4486,#4492),.PCURVE_S1.);
#4482 = LINE('',#4483,#4484);
#4483 = CARTESIAN_POINT('',(1.949269865667E+03,-474.3416490252,
    -2.61900934785));
#4484 = VECTOR('',#4485,1.);
#4485 = DIRECTION('',(-0.999992305302,-0.,-3.922924600439E-03));
#4486 = PCURVE('',#4394,#4487);
#4487 = DEFINITIONAL_REPRESENTATION('',(#4488),#4491);
#4488 = B_SPLINE_CURVE_WITH_KNOTS('',1,(#4489,#4490),.UNSPECIFIED.,.F.,
  .F.,(2,2),(0.,4.135189246653),.PIECEWISE_BEZIER_KNOTS.);
#4489 = CARTESIAN_POINT('',(0.,1.));
#4490 = CARTESIAN_POINT('',(17.004004202947,1.));
#4491 = ( GEOMETRIC_REPRESENTATION_CONTEXT(2) 
PARAMETRIC_REPRESENTATION_CONTEXT() REPRESENTATION_CONTEXT('2D SPACE',''
  ) );
#4492 = PCURVE('',#98,#4493);
#4493 = DEFINITIONAL_REPRESENTATION('',(#4494),#4498);
#4494 = LINE('',#4495,#4496);
#4495 = CARTESIAN_POINT('',(-56.83978509709,-2.61900934785));
#4496 = VECTOR('',#4497,1.);
#4497 = DIRECTION('',(0.999992305302,-3.922924600439E-03));
#4498 = ( GEOMETRIC_REPRESENTATION_CONTEXT(2) 
PARAMETRIC_REPRESENTATION_CONTEXT() REPRESENTATION_CONTEXT('2D SPACE',''
  ) );
#4499 = ORIENTED_EDGE('',*,*,#4379,.F.);
#4500 = ADVANCED_FACE('',(#4501),#4468,.F.);
#4501 = FACE_BOUND('',#4502,.F.);
#4502 = EDGE_LOOP('',(#4503,#4526,#4553,#4573));
#4503 = ORIENTED_EDGE('',*,*,#4504,.T.);
#4504 = EDGE_CURVE('',#4431,#4505,#4507,.T.);
#4505 = VERTEX_POINT('',#4506);
#4506 = CARTESIAN_POINT('',(1.565104042677E+03,-105.3008057126,
    -10.76943358625));
#4507 = SURFACE_CURVE('',#4508,(#4512,#4519),.PCURVE_S1.);
#4508 = LINE('',#4509,#4510);
#4509 = CARTESIAN_POINT('',(1.58210791604E+03,-105.3008057126,
    -10.83613901264));
#4510 = VECTOR('',#4511,1.);
#4511 = DIRECTION('',(-0.999992305302,-0.,3.922924600439E-03));
#4512 = PCURVE('',#4468,#4513);
#4513 = DEFINITIONAL_REPRESENTATION('',(#4514),#4518);
#4514 = LINE('',#4515,#4516);
#4515 = CARTESIAN_POINT('',(0.,0.));
#4516 = VECTOR('',#4517,1.);
#4517 = DIRECTION('',(1.,0.));
#4518 = ( GEOMETRIC_REPRESENTATION_CONTEXT(2) 
PARAMETRIC_REPRESENTATION_CONTEXT() REPRESENTATION_CONTEXT('2D SPACE',''
  ) );
#4519 = PCURVE('',#44,#4520);
#4520 = DEFINITIONAL_REPRESENTATION('',(#4521),#4525);
#4521 = LINE('',#4522,#4523);
#4522 = CARTESIAN_POINT('',(-216.7227802528,-10.83613901264));
#4523 = VECTOR('',#4524,1.);
#4524 = DIRECTION('',(0.999992305302,3.922924600439E-03));
#4525 = ( GEOMETRIC_REPRESENTATION_CONTEXT(2) 
PARAMETRIC_REPRESENTATION_CONTEXT() REPRESENTATION_CONTEXT('2D SPACE',''
  ) );
#4526 = ORIENTED_EDGE('',*,*,#4527,.T.);
#4527 = EDGE_CURVE('',#4505,#4528,#4530,.T.);
#4528 = VERTEX_POINT('',#4529);
#4529 = CARTESIAN_POINT('',(1.940999550812E+03,-474.3416490252,
    -2.61900934785));
#4530 = SURFACE_CURVE('',#4531,(#4534,#4541),.PCURVE_S1.);
#4531 = B_SPLINE_CURVE_WITH_KNOTS('',1,(#4532,#4533),.UNSPECIFIED.,.F.,
  .F.,(2,2),(0.,1.),.PIECEWISE_BEZIER_KNOTS.);
#4532 = CARTESIAN_POINT('',(1.565104042677E+03,-105.3008057126,
    -10.76943358625));
#4533 = CARTESIAN_POINT('',(1.940999550812E+03,-474.3416490252,
    -2.61900934785));
#4534 = PCURVE('',#4468,#4535);
#4535 = DEFINITIONAL_REPRESENTATION('',(#4536),#4540);
#4536 = LINE('',#4537,#4538);
#4537 = CARTESIAN_POINT('',(17.004004202948,0.));
#4538 = VECTOR('',#4539,1.);
#4539 = DIRECTION('',(0.,1.));
#4540 = ( GEOMETRIC_REPRESENTATION_CONTEXT(2) 
PARAMETRIC_REPRESENTATION_CONTEXT() REPRESENTATION_CONTEXT('2D SPACE',''
  ) );
#4541 = PCURVE('',#4542,#4547);
#4542 = B_SPLINE_SURFACE_WITH_KNOTS('',1,1,(
    (#4543,#4544)
    ,(#4545,#4546
    )),.UNSPECIFIED.,.F.,.F.,.F.,(2,2),(2,2),(0.,16.900204293701),(0.,1.
    ),.PIECEWISE_BEZIER_KNOTS.);
#4543 = CARTESIAN_POINT('',(1.565104042677E+03,-105.3008057126,
    -10.76943358625));
#4544 = CARTESIAN_POINT('',(1.940999550812E+03,-474.3416490252,
    -2.61900934785));
#4545 = CARTESIAN_POINT('',(1.548205003849E+03,-105.3008057126,
    -10.57095981604));
#4546 = CARTESIAN_POINT('',(1.936889888005E+03,-474.3416490252,
    -2.570742681336));
#4547 = DEFINITIONAL_REPRESENTATION('',(#4548),#4552);
#4548 = LINE('',#4549,#4550);
#4549 = CARTESIAN_POINT('',(0.,0.));
#4550 = VECTOR('',#4551,1.);
#4551 = DIRECTION('',(0.,1.));
#4552 = ( GEOMETRIC_REPRESENTATION_CONTEXT(2) 
PARAMETRIC_REPRESENTATION_CONTEXT() REPRESENTATION_CONTEXT('2D SPACE',''
  ) );
#4553 = ORIENTED_EDGE('',*,*,#4554,.F.);
#4554 = EDGE_CURVE('',#4454,#4528,#4555,.T.);
#4555 = SURFACE_CURVE('',#4556,(#4560,#4566),.PCURVE_S1.);
#4556 = LINE('',#4557,#4558);
#4557 = CARTESIAN_POINT('',(1.94513470824E+03,-474.3416490252,
    -2.635231383474));
#4558 = VECTOR('',#4559,1.);
#4559 = DIRECTION('',(-0.999992305302,-0.,3.922924600439E-03));
#4560 = PCURVE('',#4468,#4561);
#4561 = DEFINITIONAL_REPRESENTATION('',(#4562),#4565);
#4562 = B_SPLINE_CURVE_WITH_KNOTS('',1,(#4563,#4564),.UNSPECIFIED.,.F.,
  .F.,(2,2),(0.,4.135189246653),.PIECEWISE_BEZIER_KNOTS.);
#4563 = CARTESIAN_POINT('',(0.,1.));
#4564 = CARTESIAN_POINT('',(17.004004202948,1.));
#4565 = ( GEOMETRIC_REPRESENTATION_CONTEXT(2) 
PARAMETRIC_REPRESENTATION_CONTEXT() REPRESENTATION_CONTEXT('2D SPACE',''
  ) );
#4566 = PCURVE('',#98,#4567);
#4567 = DEFINITIONAL_REPRESENTATION('',(#4568),#4572);
#4568 = LINE('',#4569,#4570);
#4569 = CARTESIAN_POINT('',(-52.70462766947,-2.635231383474));
#4570 = VECTOR('',#4571,1.);
#4571 = DIRECTION('',(0.999992305302,3.922924600439E-03));
#4572 = ( GEOMETRIC_REPRESENTATION_CONTEXT(2) 
PARAMETRIC_REPRESENTATION_CONTEXT() REPRESENTATION_CONTEXT('2D SPACE',''
  ) );
#4573 = ORIENTED_EDGE('',*,*,#4453,.F.);
#4574 = ADVANCED_FACE('',(#4575),#4542,.F.);
#4575 = FACE_BOUND('',#4576,.F.);
#4576 = EDGE_LOOP('',(#4577,#4600,#4627,#4647));
#4577 = ORIENTED_EDGE('',*,*,#4578,.T.);
#4578 = EDGE_CURVE('',#4505,#4579,#4581,.T.);
#4579 = VERTEX_POINT('',#4580);
#4580 = CARTESIAN_POINT('',(1.548205003849E+03,-105.3008057126,
    -10.57095981604));
#4581 = SURFACE_CURVE('',#4582,(#4586,#4593),.PCURVE_S1.);
#4582 = LINE('',#4583,#4584);
#4583 = CARTESIAN_POINT('',(1.565104042677E+03,-105.3008057126,
    -10.76943358625));
#4584 = VECTOR('',#4585,1.);
#4585 = DIRECTION('',(-0.999931038403,-0.,1.174386810665E-02));
#4586 = PCURVE('',#4542,#4587);
#4587 = DEFINITIONAL_REPRESENTATION('',(#4588),#4592);
#4588 = LINE('',#4589,#4590);
#4589 = CARTESIAN_POINT('',(0.,0.));
#4590 = VECTOR('',#4591,1.);
#4591 = DIRECTION('',(1.,0.));
#4592 = ( GEOMETRIC_REPRESENTATION_CONTEXT(2) 
PARAMETRIC_REPRESENTATION_CONTEXT() REPRESENTATION_CONTEXT('2D SPACE',''
  ) );
#4593 = PCURVE('',#44,#4594);
#4594 = DEFINITIONAL_REPRESENTATION('',(#4595),#4599);
#4595 = LINE('',#4596,#4597);
#4596 = CARTESIAN_POINT('',(-199.7189068906,-10.76943358625));
#4597 = VECTOR('',#4598,1.);
#4598 = DIRECTION('',(0.999931038403,1.174386810665E-02));
#4599 = ( GEOMETRIC_REPRESENTATION_CONTEXT(2) 
PARAMETRIC_REPRESENTATION_CONTEXT() REPRESENTATION_CONTEXT('2D SPACE',''
  ) );
#4600 = ORIENTED_EDGE('',*,*,#4601,.T.);
#4601 = EDGE_CURVE('',#4579,#4602,#4604,.T.);
#4602 = VERTEX_POINT('',#4603);
#4603 = CARTESIAN_POINT('',(1.936889888005E+03,-474.3416490252,
    -2.570742681336));
#4604 = SURFACE_CURVE('',#4605,(#4608,#4615),.PCURVE_S1.);
#4605 = B_SPLINE_CURVE_WITH_KNOTS('',1,(#4606,#4607),.UNSPECIFIED.,.F.,
  .F.,(2,2),(0.,1.),.PIECEWISE_BEZIER_KNOTS.);
#4606 = CARTESIAN_POINT('',(1.548205003849E+03,-105.3008057126,
    -10.57095981604));
#4607 = CARTESIAN_POINT('',(1.936889888005E+03,-474.3416490252,
    -2.570742681336));
#4608 = PCURVE('',#4542,#4609);
#4609 = DEFINITIONAL_REPRESENTATION('',(#4610),#4614);
#4610 = LINE('',#4611,#4612);
#4611 = CARTESIAN_POINT('',(16.900204293701,0.));
#4612 = VECTOR('',#4613,1.);
#4613 = DIRECTION('',(0.,1.));
#4614 = ( GEOMETRIC_REPRESENTATION_CONTEXT(2) 
PARAMETRIC_REPRESENTATION_CONTEXT() REPRESENTATION_CONTEXT('2D SPACE',''
  ) );
#4615 = PCURVE('',#4616,#4621);
#4616 = B_SPLINE_SURFACE_WITH_KNOTS('',1,1,(
    (#4617,#4618)
    ,(#4619,#4620
    )),.UNSPECIFIED.,.F.,.F.,.F.,(2,2),(2,2),(0.,16.693187033979),(0.,1.
    ),.PIECEWISE_BEZIER_KNOTS.);
#4617 = CARTESIAN_POINT('',(1.548205003849E+03,-105.3008057126,
    -10.57095981604));
#4618 = CARTESIAN_POINT('',(1.936889888005E+03,-474.3416490252,
    -2.570742681336));
#4619 = CARTESIAN_POINT('',(1.531514987748E+03,-105.3008057126,
    -10.24560478496));
#4620 = CARTESIAN_POINT('',(1.932831057256E+03,-474.3416490252,
    -2.491619869447));
#4621 = DEFINITIONAL_REPRESENTATION('',(#4622),#4626);
#4622 = LINE('',#4623,#4624);
#4623 = CARTESIAN_POINT('',(0.,0.));
#4624 = VECTOR('',#4625,1.);
#4625 = DIRECTION('',(0.,1.));
#4626 = ( GEOMETRIC_REPRESENTATION_CONTEXT(2) 
PARAMETRIC_REPRESENTATION_CONTEXT() REPRESENTATION_CONTEXT('2D SPACE',''
  ) );
#4627 = ORIENTED_EDGE('',*,*,#4628,.F.);
#4628 = EDGE_CURVE('',#4528,#4602,#4629,.T.);
#4629 = SURFACE_CURVE('',#4630,(#4634,#4640),.PCURVE_S1.);
#4630 = LINE('',#4631,#4632);
#4631 = CARTESIAN_POINT('',(1.940999550812E+03,-474.3416490252,
    -2.61900934785));
#4632 = VECTOR('',#4633,1.);
#4633 = DIRECTION('',(-0.999931038403,-0.,1.174386810665E-02));
#4634 = PCURVE('',#4542,#4635);
#4635 = DEFINITIONAL_REPRESENTATION('',(#4636),#4639);
#4636 = B_SPLINE_CURVE_WITH_KNOTS('',1,(#4637,#4638),.UNSPECIFIED.,.F.,
  .F.,(2,2),(0.,4.109946235455),.PIECEWISE_BEZIER_KNOTS.);
#4637 = CARTESIAN_POINT('',(0.,1.));
#4638 = CARTESIAN_POINT('',(16.900204293701,1.));
#4639 = ( GEOMETRIC_REPRESENTATION_CONTEXT(2) 
PARAMETRIC_REPRESENTATION_CONTEXT() REPRESENTATION_CONTEXT('2D SPACE',''
  ) );
#4640 = PCURVE('',#98,#4641);
#4641 = DEFINITIONAL_REPRESENTATION('',(#4642),#4646);
#4642 = LINE('',#4643,#4644);
#4643 = CARTESIAN_POINT('',(-48.56947024185,-2.61900934785));
#4644 = VECTOR('',#4645,1.);
#4645 = DIRECTION('',(0.999931038403,1.174386810665E-02));
#4646 = ( GEOMETRIC_REPRESENTATION_CONTEXT(2) 
PARAMETRIC_REPRESENTATION_CONTEXT() REPRESENTATION_CONTEXT('2D SPACE',''
  ) );
#4647 = ORIENTED_EDGE('',*,*,#4527,.F.);
#4648 = ADVANCED_FACE('',(#4649),#4616,.F.);
#4649 = FACE_BOUND('',#4650,.F.);
#4650 = EDGE_LOOP('',(#4651,#4674,#4701,#4721));
#4651 = ORIENTED_EDGE('',*,*,#4652,.T.);
#4652 = EDGE_CURVE('',#4579,#4653,#4655,.T.);
#4653 = VERTEX_POINT('',#4654);
#4654 = CARTESIAN_POINT('',(1.531514987748E+03,-105.3008057126,
    -10.24560478496));
#4655 = SURFACE_CURVE('',#4656,(#4660,#4667),.PCURVE_S1.);
#4656 = LINE('',#4657,#4658);
#4657 = CARTESIAN_POINT('',(1.548205003849E+03,-105.3008057126,
    -10.57095981604));
#4658 = VECTOR('',#4659,1.);
#4659 = DIRECTION('',(-0.999810046286,-0.,1.949028848873E-02));
#4660 = PCURVE('',#4616,#4661);
#4661 = DEFINITIONAL_REPRESENTATION('',(#4662),#4666);
#4662 = LINE('',#4663,#4664);
#4663 = CARTESIAN_POINT('',(0.,0.));
#4664 = VECTOR('',#4665,1.);
#4665 = DIRECTION('',(1.,0.));
#4666 = ( GEOMETRIC_REPRESENTATION_CONTEXT(2) 
PARAMETRIC_REPRESENTATION_CONTEXT() REPRESENTATION_CONTEXT('2D SPACE',''
  ) );
#4667 = PCURVE('',#44,#4668);
#4668 = DEFINITIONAL_REPRESENTATION('',(#4669),#4673);
#4669 = LINE('',#4670,#4671);
#4670 = CARTESIAN_POINT('',(-182.8198680619,-10.57095981604));
#4671 = VECTOR('',#4672,1.);
#4672 = DIRECTION('',(0.999810046286,1.949028848873E-02));
#4673 = ( GEOMETRIC_REPRESENTATION_CONTEXT(2) 
PARAMETRIC_REPRESENTATION_CONTEXT() REPRESENTATION_CONTEXT('2D SPACE',''
  ) );
#4674 = ORIENTED_EDGE('',*,*,#4675,.T.);
#4675 = EDGE_CURVE('',#4653,#4676,#4678,.T.);
#4676 = VERTEX_POINT('',#4677);
#4677 = CARTESIAN_POINT('',(1.932831057256E+03,-474.3416490252,
    -2.491619869447));
#4678 = SURFACE_CURVE('',#4679,(#4682,#4689),.PCURVE_S1.);
#4679 = B_SPLINE_CURVE_WITH_KNOTS('',1,(#4680,#4681),.UNSPECIFIED.,.F.,
  .F.,(2,2),(0.,1.),.PIECEWISE_BEZIER_KNOTS.);
#4680 = CARTESIAN_POINT('',(1.531514987748E+03,-105.3008057126,
    -10.24560478496));
#4681 = CARTESIAN_POINT('',(1.932831057256E+03,-474.3416490252,
    -2.491619869447));
#4682 = PCURVE('',#4616,#4683);
#4683 = DEFINITIONAL_REPRESENTATION('',(#4684),#4688);
#4684 = LINE('',#4685,#4686);
#4685 = CARTESIAN_POINT('',(16.693187033979,0.));
#4686 = VECTOR('',#4687,1.);
#4687 = DIRECTION('',(0.,1.));
#4688 = ( GEOMETRIC_REPRESENTATION_CONTEXT(2) 
PARAMETRIC_REPRESENTATION_CONTEXT() REPRESENTATION_CONTEXT('2D SPACE',''
  ) );
#4689 = PCURVE('',#4690,#4695);
#4690 = B_SPLINE_SURFACE_WITH_KNOTS('',1,1,(
    (#4691,#4692)
    ,(#4693,#4694
    )),.UNSPECIFIED.,.F.,.F.,.F.,(2,2),(2,2),(0.,16.384117149896),(0.,1.
    ),.PIECEWISE_BEZIER_KNOTS.);
#4691 = CARTESIAN_POINT('',(1.531514987748E+03,-105.3008057126,
    -10.24560478496));
#4692 = CARTESIAN_POINT('',(1.932831057256E+03,-474.3416490252,
    -2.491619869447));
#4693 = CARTESIAN_POINT('',(1.515136893873E+03,-105.3008057126,
    -9.801379813641));
#4694 = CARTESIAN_POINT('',(1.928848082608E+03,-474.3416490252,
    -2.383589178407));
#4695 = DEFINITIONAL_REPRESENTATION('',(#4696),#4700);
#4696 = LINE('',#4697,#4698);
#4697 = CARTESIAN_POINT('',(0.,0.));
#4698 = VECTOR('',#4699,1.);
#4699 = DIRECTION('',(0.,1.));
#4700 = ( GEOMETRIC_REPRESENTATION_CONTEXT(2) 
PARAMETRIC_REPRESENTATION_CONTEXT() REPRESENTATION_CONTEXT('2D SPACE',''
  ) );
#4701 = ORIENTED_EDGE('',*,*,#4702,.F.);
#4702 = EDGE_CURVE('',#4602,#4676,#4703,.T.);
#4703 = SURFACE_CURVE('',#4704,(#4708,#4714),.PCURVE_S1.);
#4704 = LINE('',#4705,#4706);
#4705 = CARTESIAN_POINT('',(1.936889888005E+03,-474.3416490252,
    -2.570742681336));
#4706 = VECTOR('',#4707,1.);
#4707 = DIRECTION('',(-0.999810046286,-0.,1.949028848873E-02));
#4708 = PCURVE('',#4616,#4709);
#4709 = DEFINITIONAL_REPRESENTATION('',(#4710),#4713);
#4710 = B_SPLINE_CURVE_WITH_KNOTS('',1,(#4711,#4712),.UNSPECIFIED.,.F.,
  .F.,(2,2),(0.,4.059601885027),.PIECEWISE_BEZIER_KNOTS.);
#4711 = CARTESIAN_POINT('',(0.,1.));
#4712 = CARTESIAN_POINT('',(16.693187033979,1.));
#4713 = ( GEOMETRIC_REPRESENTATION_CONTEXT(2) 
PARAMETRIC_REPRESENTATION_CONTEXT() REPRESENTATION_CONTEXT('2D SPACE',''
  ) );
#4714 = PCURVE('',#98,#4715);
#4715 = DEFINITIONAL_REPRESENTATION('',(#4716),#4720);
#4716 = LINE('',#4717,#4718);
#4717 = CARTESIAN_POINT('',(-44.45980743485,-2.570742681336));
#4718 = VECTOR('',#4719,1.);
#4719 = DIRECTION('',(0.999810046286,1.949028848873E-02));
#4720 = ( GEOMETRIC_REPRESENTATION_CONTEXT(2) 
PARAMETRIC_REPRESENTATION_CONTEXT() REPRESENTATION_CONTEXT('2D SPACE',''
  ) );
#4721 = ORIENTED_EDGE('',*,*,#4601,.F.);
#4722 = ADVANCED_FACE('',(#4723),#4690,.F.);
#4723 = FACE_BOUND('',#4724,.F.);
#4724 = EDGE_LOOP('',(#4725,#4748,#4775,#4795));
#4725 = ORIENTED_EDGE('',*,*,#4726,.T.);
#4726 = EDGE_CURVE('',#4653,#4727,#4729,.T.);
#4727 = VERTEX_POINT('',#4728);
#4728 = CARTESIAN_POINT('',(1.515136893873E+03,-105.3008057126,
    -9.801379813641));
#4729 = SURFACE_CURVE('',#4730,(#4734,#4741),.PCURVE_S1.);
#4730 = LINE('',#4731,#4732);
#4731 = CARTESIAN_POINT('',(1.531514987748E+03,-105.3008057126,
    -10.24560478496));
#4732 = VECTOR('',#4733,1.);
#4733 = DIRECTION('',(-0.999632371063,-0.,2.711314666855E-02));
#4734 = PCURVE('',#4690,#4735);
#4735 = DEFINITIONAL_REPRESENTATION('',(#4736),#4740);
#4736 = LINE('',#4737,#4738);
#4737 = CARTESIAN_POINT('',(0.,0.));
#4738 = VECTOR('',#4739,1.);
#4739 = DIRECTION('',(1.,0.));
#4740 = ( GEOMETRIC_REPRESENTATION_CONTEXT(2) 
PARAMETRIC_REPRESENTATION_CONTEXT() REPRESENTATION_CONTEXT('2D SPACE',''
  ) );
#4741 = PCURVE('',#44,#4742);
#4742 = DEFINITIONAL_REPRESENTATION('',(#4743),#4747);
#4743 = LINE('',#4744,#4745);
#4744 = CARTESIAN_POINT('',(-166.1298519608,-10.24560478496));
#4745 = VECTOR('',#4746,1.);
#4746 = DIRECTION('',(0.999632371063,2.711314666855E-02));
#4747 = ( GEOMETRIC_REPRESENTATION_CONTEXT(2) 
PARAMETRIC_REPRESENTATION_CONTEXT() REPRESENTATION_CONTEXT('2D SPACE',''
  ) );
#4748 = ORIENTED_EDGE('',*,*,#4749,.T.);
#4749 = EDGE_CURVE('',#4727,#4750,#4752,.T.);
#4750 = VERTEX_POINT('',#4751);
#4751 = CARTESIAN_POINT('',(1.928848082608E+03,-474.3416490252,
    -2.383589178407));
#4752 = SURFACE_CURVE('',#4753,(#4756,#4763),.PCURVE_S1.);
#4753 = B_SPLINE_CURVE_WITH_KNOTS('',1,(#4754,#4755),.UNSPECIFIED.,.F.,
  .F.,(2,2),(0.,1.),.PIECEWISE_BEZIER_KNOTS.);
#4754 = CARTESIAN_POINT('',(1.515136893873E+03,-105.3008057126,
    -9.801379813641));
#4755 = CARTESIAN_POINT('',(1.928848082608E+03,-474.3416490252,
    -2.383589178407));
#4756 = PCURVE('',#4690,#4757);
#4757 = DEFINITIONAL_REPRESENTATION('',(#4758),#4762);
#4758 = LINE('',#4759,#4760);
#4759 = CARTESIAN_POINT('',(16.384117149896,0.));
#4760 = VECTOR('',#4761,1.);
#4761 = DIRECTION('',(0.,1.));
#4762 = ( GEOMETRIC_REPRESENTATION_CONTEXT(2) 
PARAMETRIC_REPRESENTATION_CONTEXT() REPRESENTATION_CONTEXT('2D SPACE',''
  ) );
#4763 = PCURVE('',#4764,#4769);
#4764 = B_SPLINE_SURFACE_WITH_KNOTS('',1,1,(
    (#4765,#4766)
    ,(#4767,#4768
    )),.UNSPECIFIED.,.F.,.F.,.F.,(2,2),(2,2),(0.,15.974740573272),(0.,1.
    ),.PIECEWISE_BEZIER_KNOTS.);
#4765 = CARTESIAN_POINT('',(1.515136893873E+03,-105.3008057126,
    -9.801379813641));
#4766 = CARTESIAN_POINT('',(1.928848082608E+03,-474.3416490252,
    -2.383589178407));
#4767 = CARTESIAN_POINT('',(1.499171698621E+03,-105.3008057126,
    -9.249223195182));
#4768 = CARTESIAN_POINT('',(1.924965520422E+03,-474.3416490252,
    -2.249310682362));
#4769 = DEFINITIONAL_REPRESENTATION('',(#4770),#4774);
#4770 = LINE('',#4771,#4772);
#4771 = CARTESIAN_POINT('',(0.,0.));
#4772 = VECTOR('',#4773,1.);
#4773 = DIRECTION('',(0.,1.));
#4774 = ( GEOMETRIC_REPRESENTATION_CONTEXT(2) 
PARAMETRIC_REPRESENTATION_CONTEXT() REPRESENTATION_CONTEXT('2D SPACE',''
  ) );
#4775 = ORIENTED_EDGE('',*,*,#4776,.F.);
#4776 = EDGE_CURVE('',#4676,#4750,#4777,.T.);
#4777 = SURFACE_CURVE('',#4778,(#4782,#4788),.PCURVE_S1.);
#4778 = LINE('',#4779,#4780);
#4779 = CARTESIAN_POINT('',(1.932831057256E+03,-474.3416490252,
    -2.491619869447));
#4780 = VECTOR('',#4781,1.);
#4781 = DIRECTION('',(-0.999632371063,-0.,2.711314666855E-02));
#4782 = PCURVE('',#4690,#4783);
#4783 = DEFINITIONAL_REPRESENTATION('',(#4784),#4787);
#4784 = B_SPLINE_CURVE_WITH_KNOTS('',1,(#4785,#4786),.UNSPECIFIED.,.F.,
  .F.,(2,2),(0.,3.984439444117),.PIECEWISE_BEZIER_KNOTS.);
#4785 = CARTESIAN_POINT('',(0.,1.));
#4786 = CARTESIAN_POINT('',(16.384117149896,1.));
#4787 = ( GEOMETRIC_REPRESENTATION_CONTEXT(2) 
PARAMETRIC_REPRESENTATION_CONTEXT() REPRESENTATION_CONTEXT('2D SPACE',''
  ) );
#4788 = PCURVE('',#98,#4789);
#4789 = DEFINITIONAL_REPRESENTATION('',(#4790),#4794);
#4790 = LINE('',#4791,#4792);
#4791 = CARTESIAN_POINT('',(-40.40097668628,-2.491619869447));
#4792 = VECTOR('',#4793,1.);
#4793 = DIRECTION('',(0.999632371063,2.711314666855E-02));
#4794 = ( GEOMETRIC_REPRESENTATION_CONTEXT(2) 
PARAMETRIC_REPRESENTATION_CONTEXT() REPRESENTATION_CONTEXT('2D SPACE',''
  ) );
#4795 = ORIENTED_EDGE('',*,*,#4675,.F.);
#4796 = ADVANCED_FACE('',(#4797),#4764,.F.);
#4797 = FACE_BOUND('',#4798,.F.);
#4798 = EDGE_LOOP('',(#4799,#4822,#4849,#4869));
#4799 = ORIENTED_EDGE('',*,*,#4800,.T.);
#4800 = EDGE_CURVE('',#4727,#4801,#4803,.T.);
#4801 = VERTEX_POINT('',#4802);
#4802 = CARTESIAN_POINT('',(1.499171698621E+03,-105.3008057126,
    -9.249223195182));
#4803 = SURFACE_CURVE('',#4804,(#4808,#4815),.PCURVE_S1.);
#4804 = LINE('',#4805,#4806);
#4805 = CARTESIAN_POINT('',(1.515136893873E+03,-105.3008057126,
    -9.801379813641));
#4806 = VECTOR('',#4807,1.);
#4807 = DIRECTION('',(-0.999402474132,-0.,3.456435589212E-02));
#4808 = PCURVE('',#4764,#4809);
#4809 = DEFINITIONAL_REPRESENTATION('',(#4810),#4814);
#4810 = LINE('',#4811,#4812);
#4811 = CARTESIAN_POINT('',(0.,0.));
#4812 = VECTOR('',#4813,1.);
#4813 = DIRECTION('',(1.,0.));
#4814 = ( GEOMETRIC_REPRESENTATION_CONTEXT(2) 
PARAMETRIC_REPRESENTATION_CONTEXT() REPRESENTATION_CONTEXT('2D SPACE',''
  ) );
#4815 = PCURVE('',#44,#4816);
#4816 = DEFINITIONAL_REPRESENTATION('',(#4817),#4821);
#4817 = LINE('',#4818,#4819);
#4818 = CARTESIAN_POINT('',(-149.7517580865,-9.801379813641));
#4819 = VECTOR('',#4820,1.);
#4820 = DIRECTION('',(0.999402474132,3.456435589212E-02));
#4821 = ( GEOMETRIC_REPRESENTATION_CONTEXT(2) 
PARAMETRIC_REPRESENTATION_CONTEXT() REPRESENTATION_CONTEXT('2D SPACE',''
  ) );
#4822 = ORIENTED_EDGE('',*,*,#4823,.T.);
#4823 = EDGE_CURVE('',#4801,#4824,#4826,.T.);
#4824 = VERTEX_POINT('',#4825);
#4825 = CARTESIAN_POINT('',(1.924965520422E+03,-474.3416490252,
    -2.249310682362));
#4826 = SURFACE_CURVE('',#4827,(#4830,#4837),.PCURVE_S1.);
#4827 = B_SPLINE_CURVE_WITH_KNOTS('',1,(#4828,#4829),.UNSPECIFIED.,.F.,
  .F.,(2,2),(0.,1.),.PIECEWISE_BEZIER_KNOTS.);
#4828 = CARTESIAN_POINT('',(1.499171698621E+03,-105.3008057126,
    -9.249223195182));
#4829 = CARTESIAN_POINT('',(1.924965520422E+03,-474.3416490252,
    -2.249310682362));
#4830 = PCURVE('',#4764,#4831);
#4831 = DEFINITIONAL_REPRESENTATION('',(#4832),#4836);
#4832 = LINE('',#4833,#4834);
#4833 = CARTESIAN_POINT('',(15.974740573272,0.));
#4834 = VECTOR('',#4835,1.);
#4835 = DIRECTION('',(0.,1.));
#4836 = ( GEOMETRIC_REPRESENTATION_CONTEXT(2) 
PARAMETRIC_REPRESENTATION_CONTEXT() REPRESENTATION_CONTEXT('2D SPACE',''
  ) );
#4837 = PCURVE('',#4838,#4843);
#4838 = B_SPLINE_SURFACE_WITH_KNOTS('',1,1,(
    (#4839,#4840)
    ,(#4841,#4842
    )),.UNSPECIFIED.,.F.,.F.,.F.,(2,2),(2,2),(0.,15.467382564061),(0.,1.
    ),.PIECEWISE_BEZIER_KNOTS.);
#4839 = CARTESIAN_POINT('',(1.499171698621E+03,-105.3008057126,
    -9.249223195182));
#4840 = CARTESIAN_POINT('',(1.924965520422E+03,-474.3416490252,
    -2.249310682362));
#4841 = CARTESIAN_POINT('',(1.483717832728E+03,-105.3008057126,
    -8.602730858033));
#4842 = CARTESIAN_POINT('',(1.921207307985E+03,-474.3416490252,
    -2.092090763529));
#4843 = DEFINITIONAL_REPRESENTATION('',(#4844),#4848);
#4844 = LINE('',#4845,#4846);
#4845 = CARTESIAN_POINT('',(0.,0.));
#4846 = VECTOR('',#4847,1.);
#4847 = DIRECTION('',(0.,1.));
#4848 = ( GEOMETRIC_REPRESENTATION_CONTEXT(2) 
PARAMETRIC_REPRESENTATION_CONTEXT() REPRESENTATION_CONTEXT('2D SPACE',''
  ) );
#4849 = ORIENTED_EDGE('',*,*,#4850,.F.);
#4850 = EDGE_CURVE('',#4750,#4824,#4851,.T.);
#4851 = SURFACE_CURVE('',#4852,(#4856,#4862),.PCURVE_S1.);
#4852 = LINE('',#4853,#4854);
#4853 = CARTESIAN_POINT('',(1.928848082608E+03,-474.3416490252,
    -2.383589178407));
#4854 = VECTOR('',#4855,1.);
#4855 = DIRECTION('',(-0.999402474132,-0.,3.456435589212E-02));
#4856 = PCURVE('',#4764,#4857);
#4857 = DEFINITIONAL_REPRESENTATION('',(#4858),#4861);
#4858 = B_SPLINE_CURVE_WITH_KNOTS('',1,(#4859,#4860),.UNSPECIFIED.,.F.,
  .F.,(2,2),(0.,3.884883504394),.PIECEWISE_BEZIER_KNOTS.);
#4859 = CARTESIAN_POINT('',(0.,1.));
#4860 = CARTESIAN_POINT('',(15.974740573272,1.));
#4861 = ( GEOMETRIC_REPRESENTATION_CONTEXT(2) 
PARAMETRIC_REPRESENTATION_CONTEXT() REPRESENTATION_CONTEXT('2D SPACE',''
  ) );
#4862 = PCURVE('',#98,#4863);
#4863 = DEFINITIONAL_REPRESENTATION('',(#4864),#4868);
#4864 = LINE('',#4865,#4866);
#4865 = CARTESIAN_POINT('',(-36.4180020374,-2.383589178407));
#4866 = VECTOR('',#4867,1.);
#4867 = DIRECTION('',(0.999402474132,3.456435589212E-02));
#4868 = ( GEOMETRIC_REPRESENTATION_CONTEXT(2) 
PARAMETRIC_REPRESENTATION_CONTEXT() REPRESENTATION_CONTEXT('2D SPACE',''
  ) );
#4869 = ORIENTED_EDGE('',*,*,#4749,.F.);
#4870 = ADVANCED_FACE('',(#4871),#4838,.F.);
#4871 = FACE_BOUND('',#4872,.F.);
#4872 = EDGE_LOOP('',(#4873,#4896,#4923,#4943));
#4873 = ORIENTED_EDGE('',*,*,#4874,.T.);
#4874 = EDGE_CURVE('',#4801,#4875,#4877,.T.);
#4875 = VERTEX_POINT('',#4876);
#4876 = CARTESIAN_POINT('',(1.483717832728E+03,-105.3008057126,
    -8.602730858033));
#4877 = SURFACE_CURVE('',#4878,(#4882,#4889),.PCURVE_S1.);
#4878 = LINE('',#4879,#4880);
#4879 = CARTESIAN_POINT('',(1.499171698621E+03,-105.3008057126,
    -9.249223195182));
#4880 = VECTOR('',#4881,1.);
#4881 = DIRECTION('',(-0.999126117756,-0.,4.179713888055E-02));
#4882 = PCURVE('',#4838,#4883);
#4883 = DEFINITIONAL_REPRESENTATION('',(#4884),#4888);
#4884 = LINE('',#4885,#4886);
#4885 = CARTESIAN_POINT('',(0.,0.));
#4886 = VECTOR('',#4887,1.);
#4887 = DIRECTION('',(1.,0.));
#4888 = ( GEOMETRIC_REPRESENTATION_CONTEXT(2) 
PARAMETRIC_REPRESENTATION_CONTEXT() REPRESENTATION_CONTEXT('2D SPACE',''
  ) );
#4889 = PCURVE('',#44,#4890);
#4890 = DEFINITIONAL_REPRESENTATION('',(#4891),#4895);
#4891 = LINE('',#4892,#4893);
#4892 = CARTESIAN_POINT('',(-133.7865628339,-9.249223195182));
#4893 = VECTOR('',#4894,1.);
#4894 = DIRECTION('',(0.999126117756,4.179713888055E-02));
#4895 = ( GEOMETRIC_REPRESENTATION_CONTEXT(2) 
PARAMETRIC_REPRESENTATION_CONTEXT() REPRESENTATION_CONTEXT('2D SPACE',''
  ) );
#4896 = ORIENTED_EDGE('',*,*,#4897,.T.);
#4897 = EDGE_CURVE('',#4875,#4898,#4900,.T.);
#4898 = VERTEX_POINT('',#4899);
#4899 = CARTESIAN_POINT('',(1.921207307985E+03,-474.3416490252,
    -2.092090763529));
#4900 = SURFACE_CURVE('',#4901,(#4904,#4911),.PCURVE_S1.);
#4901 = B_SPLINE_CURVE_WITH_KNOTS('',1,(#4902,#4903),.UNSPECIFIED.,.F.,
  .F.,(2,2),(0.,1.),.PIECEWISE_BEZIER_KNOTS.);
#4902 = CARTESIAN_POINT('',(1.483717832728E+03,-105.3008057126,
    -8.602730858033));
#4903 = CARTESIAN_POINT('',(1.921207307985E+03,-474.3416490252,
    -2.092090763529));
#4904 = PCURVE('',#4838,#4905);
#4905 = DEFINITIONAL_REPRESENTATION('',(#4906),#4910);
#4906 = LINE('',#4907,#4908);
#4907 = CARTESIAN_POINT('',(15.467382564061,0.));
#4908 = VECTOR('',#4909,1.);
#4909 = DIRECTION('',(0.,1.));
#4910 = ( GEOMETRIC_REPRESENTATION_CONTEXT(2) 
PARAMETRIC_REPRESENTATION_CONTEXT() REPRESENTATION_CONTEXT('2D SPACE',''
  ) );
#4911 = PCURVE('',#4912,#4917);
#4912 = B_SPLINE_SURFACE_WITH_KNOTS('',1,1,(
    (#4913,#4914)
    ,(#4915,#4916
    )),.UNSPECIFIED.,.F.,.F.,.F.,(2,2),(2,2),(0.,14.864944426889),(0.,1.
    ),.PIECEWISE_BEZIER_KNOTS.);
#4913 = CARTESIAN_POINT('',(1.483717832728E+03,-105.3008057126,
    -8.602730858033));
#4914 = CARTESIAN_POINT('',(1.921207307985E+03,-474.3416490252,
    -2.092090763529));
#4915 = CARTESIAN_POINT('',(1.468870574416E+03,-105.3008057126,
    -7.87782158912));
#4916 = CARTESIAN_POINT('',(1.917596615928E+03,-474.3416490252,
    -1.915800698093));
#4917 = DEFINITIONAL_REPRESENTATION('',(#4918),#4922);
#4918 = LINE('',#4919,#4920);
#4919 = CARTESIAN_POINT('',(0.,0.));
#4920 = VECTOR('',#4921,1.);
#4921 = DIRECTION('',(0.,1.));
#4922 = ( GEOMETRIC_REPRESENTATION_CONTEXT(2) 
PARAMETRIC_REPRESENTATION_CONTEXT() REPRESENTATION_CONTEXT('2D SPACE',''
  ) );
#4923 = ORIENTED_EDGE('',*,*,#4924,.F.);
#4924 = EDGE_CURVE('',#4824,#4898,#4925,.T.);
#4925 = SURFACE_CURVE('',#4926,(#4930,#4936),.PCURVE_S1.);
#4926 = LINE('',#4927,#4928);
#4927 = CARTESIAN_POINT('',(1.924965520422E+03,-474.3416490252,
    -2.249310682362));
#4928 = VECTOR('',#4929,1.);
#4929 = DIRECTION('',(-0.999126117756,-0.,4.179713888055E-02));
#4930 = PCURVE('',#4838,#4931);
#4931 = DEFINITIONAL_REPRESENTATION('',(#4932),#4935);
#4932 = B_SPLINE_CURVE_WITH_KNOTS('',1,(#4933,#4934),.UNSPECIFIED.,.F.,
  .F.,(2,2),(0.,3.761499543837),.PIECEWISE_BEZIER_KNOTS.);
#4933 = CARTESIAN_POINT('',(0.,1.));
#4934 = CARTESIAN_POINT('',(15.467382564061,1.));
#4935 = ( GEOMETRIC_REPRESENTATION_CONTEXT(2) 
PARAMETRIC_REPRESENTATION_CONTEXT() REPRESENTATION_CONTEXT('2D SPACE',''
  ) );
#4936 = PCURVE('',#98,#4937);
#4937 = DEFINITIONAL_REPRESENTATION('',(#4938),#4942);
#4938 = LINE('',#4939,#4940);
#4939 = CARTESIAN_POINT('',(-32.53543985139,-2.249310682362));
#4940 = VECTOR('',#4941,1.);
#4941 = DIRECTION('',(0.999126117756,4.179713888055E-02));
#4942 = ( GEOMETRIC_REPRESENTATION_CONTEXT(2) 
PARAMETRIC_REPRESENTATION_CONTEXT() REPRESENTATION_CONTEXT('2D SPACE',''
  ) );
#4943 = ORIENTED_EDGE('',*,*,#4823,.F.);
#4944 = ADVANCED_FACE('',(#4945),#4912,.F.);
#4945 = FACE_BOUND('',#4946,.F.);
#4946 = EDGE_LOOP('',(#4947,#4970,#4997,#5017));
#4947 = ORIENTED_EDGE('',*,*,#4948,.T.);
#4948 = EDGE_CURVE('',#4875,#4949,#4951,.T.);
#4949 = VERTEX_POINT('',#4950);
#4950 = CARTESIAN_POINT('',(1.468870574416E+03,-105.3008057126,
    -7.87782158912));
#4951 = SURFACE_CURVE('',#4952,(#4956,#4963),.PCURVE_S1.);
#4952 = LINE('',#4953,#4954);
#4953 = CARTESIAN_POINT('',(1.483717832728E+03,-105.3008057126,
    -8.602730858033));
#4954 = VECTOR('',#4955,1.);
#4955 = DIRECTION('',(-0.998810213146,-0.,4.87663625302E-02));
#4956 = PCURVE('',#4912,#4957);
#4957 = DEFINITIONAL_REPRESENTATION('',(#4958),#4962);
#4958 = LINE('',#4959,#4960);
#4959 = CARTESIAN_POINT('',(0.,0.));
#4960 = VECTOR('',#4961,1.);
#4961 = DIRECTION('',(1.,0.));
#4962 = ( GEOMETRIC_REPRESENTATION_CONTEXT(2) 
PARAMETRIC_REPRESENTATION_CONTEXT() REPRESENTATION_CONTEXT('2D SPACE',''
  ) );
#4963 = PCURVE('',#44,#4964);
#4964 = DEFINITIONAL_REPRESENTATION('',(#4965),#4969);
#4965 = LINE('',#4966,#4967);
#4966 = CARTESIAN_POINT('',(-118.3326969409,-8.602730858033));
#4967 = VECTOR('',#4968,1.);
#4968 = DIRECTION('',(0.998810213146,4.87663625302E-02));
#4969 = ( GEOMETRIC_REPRESENTATION_CONTEXT(2) 
PARAMETRIC_REPRESENTATION_CONTEXT() REPRESENTATION_CONTEXT('2D SPACE',''
  ) );
#4970 = ORIENTED_EDGE('',*,*,#4971,.T.);
#4971 = EDGE_CURVE('',#4949,#4972,#4974,.T.);
#4972 = VERTEX_POINT('',#4973);
#4973 = CARTESIAN_POINT('',(1.917596615928E+03,-474.3416490252,
    -1.915800698093));
#4974 = SURFACE_CURVE('',#4975,(#4978,#4985),.PCURVE_S1.);
#4975 = B_SPLINE_CURVE_WITH_KNOTS('',1,(#4976,#4977),.UNSPECIFIED.,.F.,
  .F.,(2,2),(0.,1.),.PIECEWISE_BEZIER_KNOTS.);
#4976 = CARTESIAN_POINT('',(1.468870574416E+03,-105.3008057126,
    -7.87782158912));
#4977 = CARTESIAN_POINT('',(1.917596615928E+03,-474.3416490252,
    -1.915800698093));
#4978 = PCURVE('',#4912,#4979);
#4979 = DEFINITIONAL_REPRESENTATION('',(#4980),#4984);
#4980 = LINE('',#4981,#4982);
#4981 = CARTESIAN_POINT('',(14.864944426889,0.));
#4982 = VECTOR('',#4983,1.);
#4983 = DIRECTION('',(0.,1.));
#4984 = ( GEOMETRIC_REPRESENTATION_CONTEXT(2) 
PARAMETRIC_REPRESENTATION_CONTEXT() REPRESENTATION_CONTEXT('2D SPACE',''
  ) );
#4985 = PCURVE('',#4986,#4991);
#4986 = B_SPLINE_SURFACE_WITH_KNOTS('',1,1,(
    (#4987,#4988)
    ,(#4989,#4990
    )),.UNSPECIFIED.,.F.,.F.,.F.,(2,2),(2,2),(0.,14.170898219969),(0.,1.
    ),.PIECEWISE_BEZIER_KNOTS.);
#4987 = CARTESIAN_POINT('',(1.468870574416E+03,-105.3008057126,
    -7.87782158912));
#4988 = CARTESIAN_POINT('',(1.917596615928E+03,-474.3416490252,
    -1.915800698093));
#4989 = CARTESIAN_POINT('',(1.454721461971E+03,-105.3008057126,
    -7.09234506048));
#4990 = CARTESIAN_POINT('',(1.914155705368E+03,-474.3416490252,
    -1.724781332539));
#4991 = DEFINITIONAL_REPRESENTATION('',(#4992),#4996);
#4992 = LINE('',#4993,#4994);
#4993 = CARTESIAN_POINT('',(0.,0.));
#4994 = VECTOR('',#4995,1.);
#4995 = DIRECTION('',(0.,1.));
#4996 = ( GEOMETRIC_REPRESENTATION_CONTEXT(2) 
PARAMETRIC_REPRESENTATION_CONTEXT() REPRESENTATION_CONTEXT('2D SPACE',''
  ) );
#4997 = ORIENTED_EDGE('',*,*,#4998,.F.);
#4998 = EDGE_CURVE('',#4898,#4972,#4999,.T.);
#4999 = SURFACE_CURVE('',#5000,(#5004,#5010),.PCURVE_S1.);
#5000 = LINE('',#5001,#5002);
#5001 = CARTESIAN_POINT('',(1.921207307985E+03,-474.3416490252,
    -2.092090763529));
#5002 = VECTOR('',#5003,1.);
#5003 = DIRECTION('',(-0.998810213146,-0.,4.87663625302E-02));
#5004 = PCURVE('',#4912,#5005);
#5005 = DEFINITIONAL_REPRESENTATION('',(#5006),#5009);
#5006 = B_SPLINE_CURVE_WITH_KNOTS('',1,(#5007,#5008),.UNSPECIFIED.,.F.,
  .F.,(2,2),(0.,3.614993128237),.PIECEWISE_BEZIER_KNOTS.);
#5007 = CARTESIAN_POINT('',(0.,1.));
#5008 = CARTESIAN_POINT('',(14.864944426889,1.));
#5009 = ( GEOMETRIC_REPRESENTATION_CONTEXT(2) 
PARAMETRIC_REPRESENTATION_CONTEXT() REPRESENTATION_CONTEXT('2D SPACE',''
  ) );
#5010 = PCURVE('',#98,#5011);
#5011 = DEFINITIONAL_REPRESENTATION('',(#5012),#5016);
#5012 = LINE('',#5013,#5014);
#5013 = CARTESIAN_POINT('',(-28.77722741522,-2.092090763529));
#5014 = VECTOR('',#5015,1.);
#5015 = DIRECTION('',(0.998810213146,4.87663625302E-02));
#5016 = ( GEOMETRIC_REPRESENTATION_CONTEXT(2) 
PARAMETRIC_REPRESENTATION_CONTEXT() REPRESENTATION_CONTEXT('2D SPACE',''
  ) );
#5017 = ORIENTED_EDGE('',*,*,#4897,.F.);
#5018 = ADVANCED_FACE('',(#5019),#4986,.F.);
#5019 = FACE_BOUND('',#5020,.F.);
#5020 = EDGE_LOOP('',(#5021,#5044,#5071,#5091));
#5021 = ORIENTED_EDGE('',*,*,#5022,.T.);
#5022 = EDGE_CURVE('',#4949,#5023,#5025,.T.);
#5023 = VERTEX_POINT('',#5024);
#5024 = CARTESIAN_POINT('',(1.454721461971E+03,-105.3008057126,
    -7.09234506048));
#5025 = SURFACE_CURVE('',#5026,(#5030,#5037),.PCURVE_S1.);
#5026 = LINE('',#5027,#5028);
#5027 = CARTESIAN_POINT('',(1.468870574416E+03,-105.3008057126,
    -7.87782158912));
#5028 = VECTOR('',#5029,1.);
#5029 = DIRECTION('',(-0.998462639803,-0.,5.542884554302E-02));
#5030 = PCURVE('',#4986,#5031);
#5031 = DEFINITIONAL_REPRESENTATION('',(#5032),#5036);
#5032 = LINE('',#5033,#5034);
#5033 = CARTESIAN_POINT('',(0.,0.));
#5034 = VECTOR('',#5035,1.);
#5035 = DIRECTION('',(1.,0.));
#5036 = ( GEOMETRIC_REPRESENTATION_CONTEXT(2) 
PARAMETRIC_REPRESENTATION_CONTEXT() REPRESENTATION_CONTEXT('2D SPACE',''
  ) );
#5037 = PCURVE('',#44,#5038);
#5038 = DEFINITIONAL_REPRESENTATION('',(#5039),#5043);
#5039 = LINE('',#5040,#5041);
#5040 = CARTESIAN_POINT('',(-103.4854386294,-7.87782158912));
#5041 = VECTOR('',#5042,1.);
#5042 = DIRECTION('',(0.998462639803,5.542884554302E-02));
#5043 = ( GEOMETRIC_REPRESENTATION_CONTEXT(2) 
PARAMETRIC_REPRESENTATION_CONTEXT() REPRESENTATION_CONTEXT('2D SPACE',''
  ) );
#5044 = ORIENTED_EDGE('',*,*,#5045,.T.);
#5045 = EDGE_CURVE('',#5023,#5046,#5048,.T.);
#5046 = VERTEX_POINT('',#5047);
#5047 = CARTESIAN_POINT('',(1.914155705368E+03,-474.3416490252,
    -1.724781332539));
#5048 = SURFACE_CURVE('',#5049,(#5052,#5059),.PCURVE_S1.);
#5049 = B_SPLINE_CURVE_WITH_KNOTS('',1,(#5050,#5051),.UNSPECIFIED.,.F.,
  .F.,(2,2),(0.,1.),.PIECEWISE_BEZIER_KNOTS.);
#5050 = CARTESIAN_POINT('',(1.454721461971E+03,-105.3008057126,
    -7.09234506048));
#5051 = CARTESIAN_POINT('',(1.914155705368E+03,-474.3416490252,
    -1.724781332539));
#5052 = PCURVE('',#4986,#5053);
#5053 = DEFINITIONAL_REPRESENTATION('',(#5054),#5058);
#5054 = LINE('',#5055,#5056);
#5055 = CARTESIAN_POINT('',(14.170898219969,0.));
#5056 = VECTOR('',#5057,1.);
#5057 = DIRECTION('',(0.,1.));
#5058 = ( GEOMETRIC_REPRESENTATION_CONTEXT(2) 
PARAMETRIC_REPRESENTATION_CONTEXT() REPRESENTATION_CONTEXT('2D SPACE',''
  ) );
#5059 = PCURVE('',#5060,#5065);
#5060 = B_SPLINE_SURFACE_WITH_KNOTS('',1,1,(
    (#5061,#5062)
    ,(#5063,#5064
    )),.UNSPECIFIED.,.F.,.F.,.F.,(2,2),(2,2),(0.,13.389278782622),(0.,1.
    ),.PIECEWISE_BEZIER_KNOTS.);
#5061 = CARTESIAN_POINT('',(1.454721461971E+03,-105.3008057126,
    -7.09234506048));
#5062 = CARTESIAN_POINT('',(1.914155705368E+03,-474.3416490252,
    -1.724781332539));
#5063 = CARTESIAN_POINT('',(1.441357729376E+03,-105.3008057126,
    -6.265642311094));
#5064 = CARTESIAN_POINT('',(1.910905790662E+03,-474.3416490252,
    -1.523736197602));
#5065 = DEFINITIONAL_REPRESENTATION('',(#5066),#5070);
#5066 = LINE('',#5067,#5068);
#5067 = CARTESIAN_POINT('',(0.,0.));
#5068 = VECTOR('',#5069,1.);
#5069 = DIRECTION('',(0.,1.));
#5070 = ( GEOMETRIC_REPRESENTATION_CONTEXT(2) 
PARAMETRIC_REPRESENTATION_CONTEXT() REPRESENTATION_CONTEXT('2D SPACE',''
  ) );
#5071 = ORIENTED_EDGE('',*,*,#5072,.F.);
#5072 = EDGE_CURVE('',#4972,#5046,#5073,.T.);
#5073 = SURFACE_CURVE('',#5074,(#5078,#5084),.PCURVE_S1.);
#5074 = LINE('',#5075,#5076);
#5075 = CARTESIAN_POINT('',(1.917596615928E+03,-474.3416490252,
    -1.915800698093));
#5076 = VECTOR('',#5077,1.);
#5077 = DIRECTION('',(-0.998462639803,-0.,5.542884554302E-02));
#5078 = PCURVE('',#4986,#5079);
#5079 = DEFINITIONAL_REPRESENTATION('',(#5080),#5083);
#5080 = B_SPLINE_CURVE_WITH_KNOTS('',1,(#5081,#5082),.UNSPECIFIED.,.F.,
  .F.,(2,2),(0.,3.446208624465),.PIECEWISE_BEZIER_KNOTS.);
#5081 = CARTESIAN_POINT('',(0.,1.));
#5082 = CARTESIAN_POINT('',(14.170898219969,1.));
#5083 = ( GEOMETRIC_REPRESENTATION_CONTEXT(2) 
PARAMETRIC_REPRESENTATION_CONTEXT() REPRESENTATION_CONTEXT('2D SPACE',''
  ) );
#5084 = PCURVE('',#98,#5085);
#5085 = DEFINITIONAL_REPRESENTATION('',(#5086),#5090);
#5086 = LINE('',#5087,#5088);
#5087 = CARTESIAN_POINT('',(-25.16653535828,-1.915800698093));
#5088 = VECTOR('',#5089,1.);
#5089 = DIRECTION('',(0.998462639803,5.542884554302E-02));
#5090 = ( GEOMETRIC_REPRESENTATION_CONTEXT(2) 
PARAMETRIC_REPRESENTATION_CONTEXT() REPRESENTATION_CONTEXT('2D SPACE',''
  ) );
#5091 = ORIENTED_EDGE('',*,*,#4971,.F.);
#5092 = ADVANCED_FACE('',(#5093),#5060,.F.);
#5093 = FACE_BOUND('',#5094,.F.);
#5094 = EDGE_LOOP('',(#5095,#5118,#5145,#5165));
#5095 = ORIENTED_EDGE('',*,*,#5096,.T.);
#5096 = EDGE_CURVE('',#5023,#5097,#5099,.T.);
#5097 = VERTEX_POINT('',#5098);
#5098 = CARTESIAN_POINT('',(1.441357729376E+03,-105.3008057126,
    -6.265642311094));
#5099 = SURFACE_CURVE('',#5100,(#5104,#5111),.PCURVE_S1.);
#5100 = LINE('',#5101,#5102);
#5101 = CARTESIAN_POINT('',(1.454721461971E+03,-105.3008057126,
    -7.09234506048));
#5102 = VECTOR('',#5103,1.);
#5103 = DIRECTION('',(-0.998092041582,-0.,6.174363554659E-02));
#5104 = PCURVE('',#5060,#5105);
#5105 = DEFINITIONAL_REPRESENTATION('',(#5106),#5110);
#5106 = LINE('',#5107,#5108);
#5107 = CARTESIAN_POINT('',(0.,0.));
#5108 = VECTOR('',#5109,1.);
#5109 = DIRECTION('',(1.,0.));
#5110 = ( GEOMETRIC_REPRESENTATION_CONTEXT(2) 
PARAMETRIC_REPRESENTATION_CONTEXT() REPRESENTATION_CONTEXT('2D SPACE',''
  ) );
#5111 = PCURVE('',#44,#5112);
#5112 = DEFINITIONAL_REPRESENTATION('',(#5113),#5117);
#5113 = LINE('',#5114,#5115);
#5114 = CARTESIAN_POINT('',(-89.33632618441,-7.09234506048));
#5115 = VECTOR('',#5116,1.);
#5116 = DIRECTION('',(0.998092041582,6.174363554659E-02));
#5117 = ( GEOMETRIC_REPRESENTATION_CONTEXT(2) 
PARAMETRIC_REPRESENTATION_CONTEXT() REPRESENTATION_CONTEXT('2D SPACE',''
  ) );
#5118 = ORIENTED_EDGE('',*,*,#5119,.T.);
#5119 = EDGE_CURVE('',#5097,#5120,#5122,.T.);
#5120 = VERTEX_POINT('',#5121);
#5121 = CARTESIAN_POINT('',(1.910905790662E+03,-474.3416490252,
    -1.523736197602));
#5122 = SURFACE_CURVE('',#5123,(#5126,#5133),.PCURVE_S1.);
#5123 = B_SPLINE_CURVE_WITH_KNOTS('',1,(#5124,#5125),.UNSPECIFIED.,.F.,
  .F.,(2,2),(0.,1.),.PIECEWISE_BEZIER_KNOTS.);
#5124 = CARTESIAN_POINT('',(1.441357729376E+03,-105.3008057126,
    -6.265642311094));
#5125 = CARTESIAN_POINT('',(1.910905790662E+03,-474.3416490252,
    -1.523736197602));
#5126 = PCURVE('',#5060,#5127);
#5127 = DEFINITIONAL_REPRESENTATION('',(#5128),#5132);
#5128 = LINE('',#5129,#5130);
#5129 = CARTESIAN_POINT('',(13.389278782622,0.));
#5130 = VECTOR('',#5131,1.);
#5131 = DIRECTION('',(0.,1.));
#5132 = ( GEOMETRIC_REPRESENTATION_CONTEXT(2) 
PARAMETRIC_REPRESENTATION_CONTEXT() REPRESENTATION_CONTEXT('2D SPACE',''
  ) );
#5133 = PCURVE('',#5134,#5139);
#5134 = B_SPLINE_SURFACE_WITH_KNOTS('',1,1,(
    (#5135,#5136)
    ,(#5137,#5138
    )),.UNSPECIFIED.,.F.,.F.,.F.,(2,2),(2,2),(0.,12.524672380387),(0.,1.
    ),.PIECEWISE_BEZIER_KNOTS.);
#5135 = CARTESIAN_POINT('',(1.441357729376E+03,-105.3008057126,
    -6.265642311094));
#5136 = CARTESIAN_POINT('',(1.910905790662E+03,-474.3416490252,
    -1.523736197602));
#5137 = CARTESIAN_POINT('',(1.428861768485E+03,-105.3008057126,
    -5.418069506322));
#5138 = CARTESIAN_POINT('',(1.907866908615E+03,-474.3416490252,
    -1.317615691737));
#5139 = DEFINITIONAL_REPRESENTATION('',(#5140),#5144);
#5140 = LINE('',#5141,#5142);
#5141 = CARTESIAN_POINT('',(0.,0.));
#5142 = VECTOR('',#5143,1.);
#5143 = DIRECTION('',(0.,1.));
#5144 = ( GEOMETRIC_REPRESENTATION_CONTEXT(2) 
PARAMETRIC_REPRESENTATION_CONTEXT() REPRESENTATION_CONTEXT('2D SPACE',''
  ) );
#5145 = ORIENTED_EDGE('',*,*,#5146,.F.);
#5146 = EDGE_CURVE('',#5046,#5120,#5147,.T.);
#5147 = SURFACE_CURVE('',#5148,(#5152,#5158),.PCURVE_S1.);
#5148 = LINE('',#5149,#5150);
#5149 = CARTESIAN_POINT('',(1.914155705368E+03,-474.3416490252,
    -1.724781332539));
#5150 = VECTOR('',#5151,1.);
#5151 = DIRECTION('',(-0.998092041582,-0.,6.174363554659E-02));
#5152 = PCURVE('',#5060,#5153);
#5153 = DEFINITIONAL_REPRESENTATION('',(#5154),#5157);
#5154 = B_SPLINE_CURVE_WITH_KNOTS('',1,(#5155,#5156),.UNSPECIFIED.,.F.,
  .F.,(2,2),(0.,3.256127261645),.PIECEWISE_BEZIER_KNOTS.);
#5155 = CARTESIAN_POINT('',(0.,1.));
#5156 = CARTESIAN_POINT('',(13.389278782622,1.));
#5157 = ( GEOMETRIC_REPRESENTATION_CONTEXT(2) 
PARAMETRIC_REPRESENTATION_CONTEXT() REPRESENTATION_CONTEXT('2D SPACE',''
  ) );
#5158 = PCURVE('',#98,#5159);
#5159 = DEFINITIONAL_REPRESENTATION('',(#5160),#5164);
#5160 = LINE('',#5161,#5162);
#5161 = CARTESIAN_POINT('',(-21.72562479779,-1.724781332539));
#5162 = VECTOR('',#5163,1.);
#5163 = DIRECTION('',(0.998092041582,6.174363554659E-02));
#5164 = ( GEOMETRIC_REPRESENTATION_CONTEXT(2) 
PARAMETRIC_REPRESENTATION_CONTEXT() REPRESENTATION_CONTEXT('2D SPACE',''
  ) );
#5165 = ORIENTED_EDGE('',*,*,#5045,.F.);
#5166 = ADVANCED_FACE('',(#5167),#5134,.F.);
#5167 = FACE_BOUND('',#5168,.F.);
#5168 = EDGE_LOOP('',(#5169,#5192,#5219,#5239));
#5169 = ORIENTED_EDGE('',*,*,#5170,.T.);
#5170 = EDGE_CURVE('',#5097,#5171,#5173,.T.);
#5171 = VERTEX_POINT('',#5172);
#5172 = CARTESIAN_POINT('',(1.428861768485E+03,-105.3008057126,
    -5.418069506322));
#5173 = SURFACE_CURVE('',#5174,(#5178,#5185),.PCURVE_S1.);
#5174 = LINE('',#5175,#5176);
#5175 = CARTESIAN_POINT('',(1.441357729376E+03,-105.3008057126,
    -6.265642311094));
#5176 = VECTOR('',#5177,1.);
#5177 = DIRECTION('',(-0.997707605514,-0.,6.767225353531E-02));
#5178 = PCURVE('',#5134,#5179);
#5179 = DEFINITIONAL_REPRESENTATION('',(#5180),#5184);
#5180 = LINE('',#5181,#5182);
#5181 = CARTESIAN_POINT('',(0.,0.));
#5182 = VECTOR('',#5183,1.);
#5183 = DIRECTION('',(1.,0.));
#5184 = ( GEOMETRIC_REPRESENTATION_CONTEXT(2) 
PARAMETRIC_REPRESENTATION_CONTEXT() REPRESENTATION_CONTEXT('2D SPACE',''
  ) );
#5185 = PCURVE('',#44,#5186);
#5186 = DEFINITIONAL_REPRESENTATION('',(#5187),#5191);
#5187 = LINE('',#5188,#5189);
#5188 = CARTESIAN_POINT('',(-75.97259358895,-6.265642311094));
#5189 = VECTOR('',#5190,1.);
#5190 = DIRECTION('',(0.997707605514,6.767225353531E-02));
#5191 = ( GEOMETRIC_REPRESENTATION_CONTEXT(2) 
PARAMETRIC_REPRESENTATION_CONTEXT() REPRESENTATION_CONTEXT('2D SPACE',''
  ) );
#5192 = ORIENTED_EDGE('',*,*,#5193,.T.);
#5193 = EDGE_CURVE('',#5171,#5194,#5196,.T.);
#5194 = VERTEX_POINT('',#5195);
#5195 = CARTESIAN_POINT('',(1.907866908615E+03,-474.3416490252,
    -1.317615691737));
#5196 = SURFACE_CURVE('',#5197,(#5200,#5207),.PCURVE_S1.);
#5197 = B_SPLINE_CURVE_WITH_KNOTS('',1,(#5198,#5199),.UNSPECIFIED.,.F.,
  .F.,(2,2),(0.,1.),.PIECEWISE_BEZIER_KNOTS.);
#5198 = CARTESIAN_POINT('',(1.428861768485E+03,-105.3008057126,
    -5.418069506322));
#5199 = CARTESIAN_POINT('',(1.907866908615E+03,-474.3416490252,
    -1.317615691737));
#5200 = PCURVE('',#5134,#5201);
#5201 = DEFINITIONAL_REPRESENTATION('',(#5202),#5206);
#5202 = LINE('',#5203,#5204);
#5203 = CARTESIAN_POINT('',(12.524672380387,0.));
#5204 = VECTOR('',#5205,1.);
#5205 = DIRECTION('',(0.,1.));
#5206 = ( GEOMETRIC_REPRESENTATION_CONTEXT(2) 
PARAMETRIC_REPRESENTATION_CONTEXT() REPRESENTATION_CONTEXT('2D SPACE',''
  ) );
#5207 = PCURVE('',#5208,#5213);
#5208 = B_SPLINE_SURFACE_WITH_KNOTS('',1,1,(
    (#5209,#5210)
    ,(#5211,#5212
    )),.UNSPECIFIED.,.F.,.F.,.F.,(2,2),(2,2),(0.,11.582201286415),(0.,1.
    ),.PIECEWISE_BEZIER_KNOTS.);
#5209 = CARTESIAN_POINT('',(1.428861768485E+03,-105.3008057126,
    -5.418069506322));
#5210 = CARTESIAN_POINT('',(1.907866908615E+03,-474.3416490252,
    -1.317615691737));
#5211 = CARTESIAN_POINT('',(1.417310621054E+03,-105.3008057126,
    -4.57049670155));
#5212 = CARTESIAN_POINT('',(1.905057794945E+03,-474.3416490252,
    -1.111495185871));
#5213 = DEFINITIONAL_REPRESENTATION('',(#5214),#5218);
#5214 = LINE('',#5215,#5216);
#5215 = CARTESIAN_POINT('',(0.,0.));
#5216 = VECTOR('',#5217,1.);
#5217 = DIRECTION('',(0.,1.));
#5218 = ( GEOMETRIC_REPRESENTATION_CONTEXT(2) 
PARAMETRIC_REPRESENTATION_CONTEXT() REPRESENTATION_CONTEXT('2D SPACE',''
  ) );
#5219 = ORIENTED_EDGE('',*,*,#5220,.F.);
#5220 = EDGE_CURVE('',#5120,#5194,#5221,.T.);
#5221 = SURFACE_CURVE('',#5222,(#5226,#5232),.PCURVE_S1.);
#5222 = LINE('',#5223,#5224);
#5223 = CARTESIAN_POINT('',(1.910905790662E+03,-474.3416490252,
    -1.523736197602));
#5224 = VECTOR('',#5225,1.);
#5225 = DIRECTION('',(-0.997707605514,-0.,6.767225353531E-02));
#5226 = PCURVE('',#5134,#5227);
#5227 = DEFINITIONAL_REPRESENTATION('',(#5228),#5231);
#5228 = B_SPLINE_CURVE_WITH_KNOTS('',1,(#5229,#5230),.UNSPECIFIED.,.F.,
  .F.,(2,2),(0.,3.045864369773),.PIECEWISE_BEZIER_KNOTS.);
#5229 = CARTESIAN_POINT('',(0.,1.));
#5230 = CARTESIAN_POINT('',(12.524672380387,1.));
#5231 = ( GEOMETRIC_REPRESENTATION_CONTEXT(2) 
PARAMETRIC_REPRESENTATION_CONTEXT() REPRESENTATION_CONTEXT('2D SPACE',''
  ) );
#5232 = PCURVE('',#98,#5233);
#5233 = DEFINITIONAL_REPRESENTATION('',(#5234),#5238);
#5234 = LINE('',#5235,#5236);
#5235 = CARTESIAN_POINT('',(-18.47571009156,-1.523736197602));
#5236 = VECTOR('',#5237,1.);
#5237 = DIRECTION('',(0.997707605514,6.767225353531E-02));
#5238 = ( GEOMETRIC_REPRESENTATION_CONTEXT(2) 
PARAMETRIC_REPRESENTATION_CONTEXT() REPRESENTATION_CONTEXT('2D SPACE',''
  ) );
#5239 = ORIENTED_EDGE('',*,*,#5119,.F.);
#5240 = ADVANCED_FACE('',(#5241),#5208,.F.);
#5241 = FACE_BOUND('',#5242,.F.);
#5242 = EDGE_LOOP('',(#5243,#5266,#5293,#5313));
#5243 = ORIENTED_EDGE('',*,*,#5244,.T.);
#5244 = EDGE_CURVE('',#5171,#5245,#5247,.T.);
#5245 = VERTEX_POINT('',#5246);
#5246 = CARTESIAN_POINT('',(1.417310621054E+03,-105.3008057126,
    -4.57049670155));
#5247 = SURFACE_CURVE('',#5248,(#5252,#5259),.PCURVE_S1.);
#5248 = LINE('',#5249,#5250);
#5249 = CARTESIAN_POINT('',(1.428861768485E+03,-105.3008057126,
    -5.418069506322));
#5250 = VECTOR('',#5251,1.);
#5251 = DIRECTION('',(-0.997318829612,-0.,7.317890475331E-02));
#5252 = PCURVE('',#5208,#5253);
#5253 = DEFINITIONAL_REPRESENTATION('',(#5254),#5258);
#5254 = LINE('',#5255,#5256);
#5255 = CARTESIAN_POINT('',(0.,0.));
#5256 = VECTOR('',#5257,1.);
#5257 = DIRECTION('',(1.,0.));
#5258 = ( GEOMETRIC_REPRESENTATION_CONTEXT(2) 
PARAMETRIC_REPRESENTATION_CONTEXT() REPRESENTATION_CONTEXT('2D SPACE',''
  ) );
#5259 = PCURVE('',#44,#5260);
#5260 = DEFINITIONAL_REPRESENTATION('',(#5261),#5265);
#5261 = LINE('',#5262,#5263);
#5262 = CARTESIAN_POINT('',(-63.47663269846,-5.418069506322));
#5263 = VECTOR('',#5264,1.);
#5264 = DIRECTION('',(0.997318829612,7.317890475331E-02));
#5265 = ( GEOMETRIC_REPRESENTATION_CONTEXT(2) 
PARAMETRIC_REPRESENTATION_CONTEXT() REPRESENTATION_CONTEXT('2D SPACE',''
  ) );
#5266 = ORIENTED_EDGE('',*,*,#5267,.T.);
#5267 = EDGE_CURVE('',#5245,#5268,#5270,.T.);
#5268 = VERTEX_POINT('',#5269);
#5269 = CARTESIAN_POINT('',(1.905057794945E+03,-474.3416490252,
    -1.111495185871));
#5270 = SURFACE_CURVE('',#5271,(#5274,#5281),.PCURVE_S1.);
#5271 = B_SPLINE_CURVE_WITH_KNOTS('',1,(#5272,#5273),.UNSPECIFIED.,.F.,
  .F.,(2,2),(0.,1.),.PIECEWISE_BEZIER_KNOTS.);
#5272 = CARTESIAN_POINT('',(1.417310621054E+03,-105.3008057126,
    -4.57049670155));
#5273 = CARTESIAN_POINT('',(1.905057794945E+03,-474.3416490252,
    -1.111495185871));
#5274 = PCURVE('',#5208,#5275);
#5275 = DEFINITIONAL_REPRESENTATION('',(#5276),#5280);
#5276 = LINE('',#5277,#5278);
#5277 = CARTESIAN_POINT('',(11.582201286415,0.));
#5278 = VECTOR('',#5279,1.);
#5279 = DIRECTION('',(0.,1.));
#5280 = ( GEOMETRIC_REPRESENTATION_CONTEXT(2) 
PARAMETRIC_REPRESENTATION_CONTEXT() REPRESENTATION_CONTEXT('2D SPACE',''
  ) );
#5281 = PCURVE('',#5282,#5287);
#5282 = B_SPLINE_SURFACE_WITH_KNOTS('',1,1,(
    (#5283,#5284)
    ,(#5285,#5286
    )),.UNSPECIFIED.,.F.,.F.,.F.,(2,2),(2,2),(0.,10.567503683898),(0.,1.
    ),.PIECEWISE_BEZIER_KNOTS.);
#5283 = CARTESIAN_POINT('',(1.417310621054E+03,-105.3008057126,
    -4.57049670155));
#5284 = CARTESIAN_POINT('',(1.905057794945E+03,-474.3416490252,
    -1.111495185871));
#5285 = CARTESIAN_POINT('',(1.406775503747E+03,-105.3008057126,
    -3.743793952164));
#5286 = CARTESIAN_POINT('',(1.902495768773E+03,-474.3416490252,
    -0.910450050935));
#5287 = DEFINITIONAL_REPRESENTATION('',(#5288),#5292);
#5288 = LINE('',#5289,#5290);
#5289 = CARTESIAN_POINT('',(0.,0.));
#5290 = VECTOR('',#5291,1.);
#5291 = DIRECTION('',(0.,1.));
#5292 = ( GEOMETRIC_REPRESENTATION_CONTEXT(2) 
PARAMETRIC_REPRESENTATION_CONTEXT() REPRESENTATION_CONTEXT('2D SPACE',''
  ) );
#5293 = ORIENTED_EDGE('',*,*,#5294,.F.);
#5294 = EDGE_CURVE('',#5194,#5268,#5295,.T.);
#5295 = SURFACE_CURVE('',#5296,(#5300,#5306),.PCURVE_S1.);
#5296 = LINE('',#5297,#5298);
#5297 = CARTESIAN_POINT('',(1.907866908615E+03,-474.3416490252,
    -1.317615691737));
#5298 = VECTOR('',#5299,1.);
#5299 = DIRECTION('',(-0.997318829612,-0.,7.317890475331E-02));
#5300 = PCURVE('',#5208,#5301);
#5301 = DEFINITIONAL_REPRESENTATION('',(#5302),#5305);
#5302 = B_SPLINE_CURVE_WITH_KNOTS('',1,(#5303,#5304),.UNSPECIFIED.,.F.,
  .F.,(2,2),(0.,2.816665630079),.PIECEWISE_BEZIER_KNOTS.);
#5303 = CARTESIAN_POINT('',(0.,1.));
#5304 = CARTESIAN_POINT('',(11.582201286415,1.));
#5305 = ( GEOMETRIC_REPRESENTATION_CONTEXT(2) 
PARAMETRIC_REPRESENTATION_CONTEXT() REPRESENTATION_CONTEXT('2D SPACE',''
  ) );
#5306 = PCURVE('',#98,#5307);
#5307 = DEFINITIONAL_REPRESENTATION('',(#5308),#5312);
#5308 = LINE('',#5309,#5310);
#5309 = CARTESIAN_POINT('',(-15.43682804447,-1.317615691737));
#5310 = VECTOR('',#5311,1.);
#5311 = DIRECTION('',(0.997318829612,7.317890475331E-02));
#5312 = ( GEOMETRIC_REPRESENTATION_CONTEXT(2) 
PARAMETRIC_REPRESENTATION_CONTEXT() REPRESENTATION_CONTEXT('2D SPACE',''
  ) );
#5313 = ORIENTED_EDGE('',*,*,#5193,.F.);
#5314 = ADVANCED_FACE('',(#5315),#5282,.F.);
#5315 = FACE_BOUND('',#5316,.F.);
#5316 = EDGE_LOOP('',(#5317,#5340,#5367,#5387));
#5317 = ORIENTED_EDGE('',*,*,#5318,.T.);
#5318 = EDGE_CURVE('',#5245,#5319,#5321,.T.);
#5319 = VERTEX_POINT('',#5320);
#5320 = CARTESIAN_POINT('',(1.406775503747E+03,-105.3008057126,
    -3.743793952164));
#5321 = SURFACE_CURVE('',#5322,(#5326,#5333),.PCURVE_S1.);
#5322 = LINE('',#5323,#5324);
#5323 = CARTESIAN_POINT('',(1.417310621054E+03,-105.3008057126,
    -4.57049670155));
#5324 = VECTOR('',#5325,1.);
#5325 = DIRECTION('',(-0.996935285966,-0.,7.82306563702E-02));
#5326 = PCURVE('',#5282,#5327);
#5327 = DEFINITIONAL_REPRESENTATION('',(#5328),#5332);
#5328 = LINE('',#5329,#5330);
#5329 = CARTESIAN_POINT('',(0.,0.));
#5330 = VECTOR('',#5331,1.);
#5331 = DIRECTION('',(1.,0.));
#5332 = ( GEOMETRIC_REPRESENTATION_CONTEXT(2) 
PARAMETRIC_REPRESENTATION_CONTEXT() REPRESENTATION_CONTEXT('2D SPACE',''
  ) );
#5333 = PCURVE('',#44,#5334);
#5334 = DEFINITIONAL_REPRESENTATION('',(#5335),#5339);
#5335 = LINE('',#5336,#5337);
#5336 = CARTESIAN_POINT('',(-51.92548526716,-4.57049670155));
#5337 = VECTOR('',#5338,1.);
#5338 = DIRECTION('',(0.996935285966,7.82306563702E-02));
#5339 = ( GEOMETRIC_REPRESENTATION_CONTEXT(2) 
PARAMETRIC_REPRESENTATION_CONTEXT() REPRESENTATION_CONTEXT('2D SPACE',''
  ) );
#5340 = ORIENTED_EDGE('',*,*,#5341,.T.);
#5341 = EDGE_CURVE('',#5319,#5342,#5344,.T.);
#5342 = VERTEX_POINT('',#5343);
#5343 = CARTESIAN_POINT('',(1.902495768773E+03,-474.3416490252,
    -0.910450050935));
#5344 = SURFACE_CURVE('',#5345,(#5348,#5355),.PCURVE_S1.);
#5345 = B_SPLINE_CURVE_WITH_KNOTS('',1,(#5346,#5347),.UNSPECIFIED.,.F.,
  .F.,(2,2),(0.,1.),.PIECEWISE_BEZIER_KNOTS.);
#5346 = CARTESIAN_POINT('',(1.406775503747E+03,-105.3008057126,
    -3.743793952164));
#5347 = CARTESIAN_POINT('',(1.902495768773E+03,-474.3416490252,
    -0.910450050935));
#5348 = PCURVE('',#5282,#5349);
#5349 = DEFINITIONAL_REPRESENTATION('',(#5350),#5354);
#5350 = LINE('',#5351,#5352);
#5351 = CARTESIAN_POINT('',(10.567503683898,0.));
#5352 = VECTOR('',#5353,1.);
#5353 = DIRECTION('',(0.,1.));
#5354 = ( GEOMETRIC_REPRESENTATION_CONTEXT(2) 
PARAMETRIC_REPRESENTATION_CONTEXT() REPRESENTATION_CONTEXT('2D SPACE',''
  ) );
#5355 = PCURVE('',#5356,#5361);
#5356 = B_SPLINE_SURFACE_WITH_KNOTS('',1,1,(
    (#5357,#5358)
    ,(#5359,#5360
    )),.UNSPECIFIED.,.F.,.F.,.F.,(2,2),(2,2),(0.,9.486708383294),(0.,1.)
  ,.PIECEWISE_BEZIER_KNOTS.);
#5357 = CARTESIAN_POINT('',(1.406775503747E+03,-105.3008057126,
    -3.743793952164));
#5358 = CARTESIAN_POINT('',(1.902495768773E+03,-474.3416490252,
    -0.910450050935));
#5359 = CARTESIAN_POINT('',(1.397321369066E+03,-105.3008057126,
    -2.958317423523));
#5360 = CARTESIAN_POINT('',(1.900196625841E+03,-474.3416490252,
    -0.719430685381));
#5361 = DEFINITIONAL_REPRESENTATION('',(#5362),#5366);
#5362 = LINE('',#5363,#5364);
#5363 = CARTESIAN_POINT('',(0.,0.));
#5364 = VECTOR('',#5365,1.);
#5365 = DIRECTION('',(0.,1.));
#5366 = ( GEOMETRIC_REPRESENTATION_CONTEXT(2) 
PARAMETRIC_REPRESENTATION_CONTEXT() REPRESENTATION_CONTEXT('2D SPACE',''
  ) );
#5367 = ORIENTED_EDGE('',*,*,#5368,.F.);
#5368 = EDGE_CURVE('',#5268,#5342,#5369,.T.);
#5369 = SURFACE_CURVE('',#5370,(#5374,#5380),.PCURVE_S1.);
#5370 = LINE('',#5371,#5372);
#5371 = CARTESIAN_POINT('',(1.905057794945E+03,-474.3416490252,
    -1.111495185871));
#5372 = VECTOR('',#5373,1.);
#5373 = DIRECTION('',(-0.996935285966,-0.,7.823065637021E-02));
#5374 = PCURVE('',#5282,#5375);
#5375 = DEFINITIONAL_REPRESENTATION('',(#5376),#5379);
#5376 = B_SPLINE_CURVE_WITH_KNOTS('',1,(#5377,#5378),.UNSPECIFIED.,.F.,
  .F.,(2,2),(0.,2.569902187512),.PIECEWISE_BEZIER_KNOTS.);
#5377 = CARTESIAN_POINT('',(0.,1.));
#5378 = CARTESIAN_POINT('',(10.567503683898,1.));
#5379 = ( GEOMETRIC_REPRESENTATION_CONTEXT(2) 
PARAMETRIC_REPRESENTATION_CONTEXT() REPRESENTATION_CONTEXT('2D SPACE',''
  ) );
#5380 = PCURVE('',#98,#5381);
#5381 = DEFINITIONAL_REPRESENTATION('',(#5382),#5386);
#5382 = LINE('',#5383,#5384);
#5383 = CARTESIAN_POINT('',(-12.62771437487,-1.111495185871));
#5384 = VECTOR('',#5385,1.);
#5385 = DIRECTION('',(0.996935285966,7.823065637021E-02));
#5386 = ( GEOMETRIC_REPRESENTATION_CONTEXT(2) 
PARAMETRIC_REPRESENTATION_CONTEXT() REPRESENTATION_CONTEXT('2D SPACE',''
  ) );
#5387 = ORIENTED_EDGE('',*,*,#5267,.F.);
#5388 = ADVANCED_FACE('',(#5389),#5356,.F.);
#5389 = FACE_BOUND('',#5390,.F.);
#5390 = EDGE_LOOP('',(#5391,#5414,#5441,#5461));
#5391 = ORIENTED_EDGE('',*,*,#5392,.T.);
#5392 = EDGE_CURVE('',#5319,#5393,#5395,.T.);
#5393 = VERTEX_POINT('',#5394);
#5394 = CARTESIAN_POINT('',(1.397321369066E+03,-105.3008057126,
    -2.958317423523));
#5395 = SURFACE_CURVE('',#5396,(#5400,#5407),.PCURVE_S1.);
#5396 = LINE('',#5397,#5398);
#5397 = CARTESIAN_POINT('',(1.406775503747E+03,-105.3008057126,
    -3.743793952164));
#5398 = VECTOR('',#5399,1.);
#5399 = DIRECTION('',(-0.996566385236,-0.,8.279758340878E-02));
#5400 = PCURVE('',#5356,#5401);
#5401 = DEFINITIONAL_REPRESENTATION('',(#5402),#5406);
#5402 = LINE('',#5403,#5404);
#5403 = CARTESIAN_POINT('',(0.,0.));
#5404 = VECTOR('',#5405,1.);
#5405 = DIRECTION('',(1.,0.));
#5406 = ( GEOMETRIC_REPRESENTATION_CONTEXT(2) 
PARAMETRIC_REPRESENTATION_CONTEXT() REPRESENTATION_CONTEXT('2D SPACE',''
  ) );
#5407 = PCURVE('',#44,#5408);
#5408 = DEFINITIONAL_REPRESENTATION('',(#5409),#5413);
#5409 = LINE('',#5410,#5411);
#5410 = CARTESIAN_POINT('',(-41.39036796011,-3.743793952164));
#5411 = VECTOR('',#5412,1.);
#5412 = DIRECTION('',(0.996566385236,8.279758340878E-02));
#5413 = ( GEOMETRIC_REPRESENTATION_CONTEXT(2) 
PARAMETRIC_REPRESENTATION_CONTEXT() REPRESENTATION_CONTEXT('2D SPACE',''
  ) );
#5414 = ORIENTED_EDGE('',*,*,#5415,.T.);
#5415 = EDGE_CURVE('',#5393,#5416,#5418,.T.);
#5416 = VERTEX_POINT('',#5417);
#5417 = CARTESIAN_POINT('',(1.900196625841E+03,-474.3416490252,
    -0.719430685381));
#5418 = SURFACE_CURVE('',#5419,(#5422,#5429),.PCURVE_S1.);
#5419 = B_SPLINE_CURVE_WITH_KNOTS('',1,(#5420,#5421),.UNSPECIFIED.,.F.,
  .F.,(2,2),(0.,1.),.PIECEWISE_BEZIER_KNOTS.);
#5420 = CARTESIAN_POINT('',(1.397321369066E+03,-105.3008057126,
    -2.958317423523));
#5421 = CARTESIAN_POINT('',(1.900196625841E+03,-474.3416490252,
    -0.719430685381));
#5422 = PCURVE('',#5356,#5423);
#5423 = DEFINITIONAL_REPRESENTATION('',(#5424),#5428);
#5424 = LINE('',#5425,#5426);
#5425 = CARTESIAN_POINT('',(9.486708383294,0.));
#5426 = VECTOR('',#5427,1.);
#5427 = DIRECTION('',(0.,1.));
#5428 = ( GEOMETRIC_REPRESENTATION_CONTEXT(2) 
PARAMETRIC_REPRESENTATION_CONTEXT() REPRESENTATION_CONTEXT('2D SPACE',''
  ) );
#5429 = PCURVE('',#5430,#5435);
#5430 = B_SPLINE_SURFACE_WITH_KNOTS('',1,1,(
    (#5431,#5432)
    ,(#5433,#5434
    )),.UNSPECIFIED.,.F.,.F.,.F.,(2,2),(2,2),(0.,8.346403994421),(0.,1.)
  ,.PIECEWISE_BEZIER_KNOTS.);
#5431 = CARTESIAN_POINT('',(1.397321369066E+03,-105.3008057126,
    -2.958317423523));
#5432 = CARTESIAN_POINT('',(1.900196625841E+03,-474.3416490252,
    -0.719430685381));
#5433 = CARTESIAN_POINT('',(1.389006504894E+03,-105.3008057126,
    -2.23340815461));
#5434 = CARTESIAN_POINT('',(1.898174541131E+03,-474.3416490252,
    -0.543140619945));
#5435 = DEFINITIONAL_REPRESENTATION('',(#5436),#5440);
#5436 = LINE('',#5437,#5438);
#5437 = CARTESIAN_POINT('',(0.,0.));
#5438 = VECTOR('',#5439,1.);
#5439 = DIRECTION('',(0.,1.));
#5440 = ( GEOMETRIC_REPRESENTATION_CONTEXT(2) 
PARAMETRIC_REPRESENTATION_CONTEXT() REPRESENTATION_CONTEXT('2D SPACE',''
  ) );
#5441 = ORIENTED_EDGE('',*,*,#5442,.F.);
#5442 = EDGE_CURVE('',#5342,#5416,#5443,.T.);
#5443 = SURFACE_CURVE('',#5444,(#5448,#5454),.PCURVE_S1.);
#5444 = LINE('',#5445,#5446);
#5445 = CARTESIAN_POINT('',(1.902495768773E+03,-474.3416490252,
    -0.910450050935));
#5446 = VECTOR('',#5447,1.);
#5447 = DIRECTION('',(-0.996566385236,-0.,8.279758340878E-02));
#5448 = PCURVE('',#5356,#5449);
#5449 = DEFINITIONAL_REPRESENTATION('',(#5450),#5453);
#5450 = B_SPLINE_CURVE_WITH_KNOTS('',1,(#5451,#5452),.UNSPECIFIED.,.F.,
  .F.,(2,2),(0.,2.30706450225),.PIECEWISE_BEZIER_KNOTS.);
#5451 = CARTESIAN_POINT('',(0.,1.));
#5452 = CARTESIAN_POINT('',(9.486708383294,1.));
#5453 = ( GEOMETRIC_REPRESENTATION_CONTEXT(2) 
PARAMETRIC_REPRESENTATION_CONTEXT() REPRESENTATION_CONTEXT('2D SPACE',''
  ) );
#5454 = PCURVE('',#98,#5455);
#5455 = DEFINITIONAL_REPRESENTATION('',(#5456),#5460);
#5456 = LINE('',#5457,#5458);
#5457 = CARTESIAN_POINT('',(-10.06568820266,-0.910450050935));
#5458 = VECTOR('',#5459,1.);
#5459 = DIRECTION('',(0.996566385236,8.279758340878E-02));
#5460 = ( GEOMETRIC_REPRESENTATION_CONTEXT(2) 
PARAMETRIC_REPRESENTATION_CONTEXT() REPRESENTATION_CONTEXT('2D SPACE',''
  ) );
#5461 = ORIENTED_EDGE('',*,*,#5341,.F.);
#5462 = ADVANCED_FACE('',(#5463),#5430,.F.);
#5463 = FACE_BOUND('',#5464,.F.);
#5464 = EDGE_LOOP('',(#5465,#5488,#5515,#5535));
#5465 = ORIENTED_EDGE('',*,*,#5466,.T.);
#5466 = EDGE_CURVE('',#5393,#5467,#5469,.T.);
#5467 = VERTEX_POINT('',#5468);
#5468 = CARTESIAN_POINT('',(1.389006504894E+03,-105.3008057126,
    -2.23340815461));
#5469 = SURFACE_CURVE('',#5470,(#5474,#5481),.PCURVE_S1.);
#5470 = LINE('',#5471,#5472);
#5471 = CARTESIAN_POINT('',(1.397321369066E+03,-105.3008057126,
    -2.958317423523));
#5472 = VECTOR('',#5473,1.);
#5473 = DIRECTION('',(-0.996221148296,-0.,8.685288531413E-02));
#5474 = PCURVE('',#5430,#5475);
#5475 = DEFINITIONAL_REPRESENTATION('',(#5476),#5480);
#5476 = LINE('',#5477,#5478);
#5477 = CARTESIAN_POINT('',(0.,0.));
#5478 = VECTOR('',#5479,1.);
#5479 = DIRECTION('',(1.,0.));
#5480 = ( GEOMETRIC_REPRESENTATION_CONTEXT(2) 
PARAMETRIC_REPRESENTATION_CONTEXT() REPRESENTATION_CONTEXT('2D SPACE',''
  ) );
#5481 = PCURVE('',#44,#5482);
#5482 = DEFINITIONAL_REPRESENTATION('',(#5483),#5487);
#5483 = LINE('',#5484,#5485);
#5484 = CARTESIAN_POINT('',(-31.93623327878,-2.958317423523));
#5485 = VECTOR('',#5486,1.);
#5486 = DIRECTION('',(0.996221148296,8.685288531413E-02));
#5487 = ( GEOMETRIC_REPRESENTATION_CONTEXT(2) 
PARAMETRIC_REPRESENTATION_CONTEXT() REPRESENTATION_CONTEXT('2D SPACE',''
  ) );
#5488 = ORIENTED_EDGE('',*,*,#5489,.T.);
#5489 = EDGE_CURVE('',#5467,#5490,#5492,.T.);
#5490 = VERTEX_POINT('',#5491);
#5491 = CARTESIAN_POINT('',(1.898174541131E+03,-474.3416490252,
    -0.543140619945));
#5492 = SURFACE_CURVE('',#5493,(#5496,#5503),.PCURVE_S1.);
#5493 = B_SPLINE_CURVE_WITH_KNOTS('',1,(#5494,#5495),.UNSPECIFIED.,.F.,
  .F.,(2,2),(0.,1.),.PIECEWISE_BEZIER_KNOTS.);
#5494 = CARTESIAN_POINT('',(1.389006504894E+03,-105.3008057126,
    -2.23340815461));
#5495 = CARTESIAN_POINT('',(1.898174541131E+03,-474.3416490252,
    -0.543140619945));
#5496 = PCURVE('',#5430,#5497);
#5497 = DEFINITIONAL_REPRESENTATION('',(#5498),#5502);
#5498 = LINE('',#5499,#5500);
#5499 = CARTESIAN_POINT('',(8.346403994421,0.));
#5500 = VECTOR('',#5501,1.);
#5501 = DIRECTION('',(0.,1.));
#5502 = ( GEOMETRIC_REPRESENTATION_CONTEXT(2) 
PARAMETRIC_REPRESENTATION_CONTEXT() REPRESENTATION_CONTEXT('2D SPACE',''
  ) );
#5503 = PCURVE('',#5504,#5509);
#5504 = B_SPLINE_SURFACE_WITH_KNOTS('',1,1,(
    (#5505,#5506)
    ,(#5507,#5508
    )),.UNSPECIFIED.,.F.,.F.,.F.,(2,2),(2,2),(0.,7.153602369243),(0.,1.)
  ,.PIECEWISE_BEZIER_KNOTS.);
#5505 = CARTESIAN_POINT('',(1.389006504894E+03,-105.3008057126,
    -2.23340815461));
#5506 = CARTESIAN_POINT('',(1.898174541131E+03,-474.3416490252,
    -0.543140619945));
#5507 = CARTESIAN_POINT('',(1.381882175135E+03,-105.3008057126,
    -1.586915817462));
#5508 = CARTESIAN_POINT('',(1.896441981467E+03,-474.3416490252,
    -0.385920701112));
#5509 = DEFINITIONAL_REPRESENTATION('',(#5510),#5514);
#5510 = LINE('',#5511,#5512);
#5511 = CARTESIAN_POINT('',(0.,0.));
#5512 = VECTOR('',#5513,1.);
#5513 = DIRECTION('',(0.,1.));
#5514 = ( GEOMETRIC_REPRESENTATION_CONTEXT(2) 
PARAMETRIC_REPRESENTATION_CONTEXT() REPRESENTATION_CONTEXT('2D SPACE',''
  ) );
#5515 = ORIENTED_EDGE('',*,*,#5516,.F.);
#5516 = EDGE_CURVE('',#5416,#5490,#5517,.T.);
#5517 = SURFACE_CURVE('',#5518,(#5522,#5528),.PCURVE_S1.);
#5518 = LINE('',#5519,#5520);
#5519 = CARTESIAN_POINT('',(1.900196625841E+03,-474.3416490252,
    -0.719430685381));
#5520 = VECTOR('',#5521,1.);
#5521 = DIRECTION('',(-0.996221148296,-0.,8.685288531413E-02));
#5522 = PCURVE('',#5430,#5523);
#5523 = DEFINITIONAL_REPRESENTATION('',(#5524),#5527);
#5524 = B_SPLINE_CURVE_WITH_KNOTS('',1,(#5525,#5526),.UNSPECIFIED.,.F.,
  .F.,(2,2),(0.,2.029754852682),.PIECEWISE_BEZIER_KNOTS.);
#5525 = CARTESIAN_POINT('',(0.,1.));
#5526 = CARTESIAN_POINT('',(8.346403994421,1.));
#5527 = ( GEOMETRIC_REPRESENTATION_CONTEXT(2) 
PARAMETRIC_REPRESENTATION_CONTEXT() REPRESENTATION_CONTEXT('2D SPACE',''
  ) );
#5528 = PCURVE('',#98,#5529);
#5529 = DEFINITIONAL_REPRESENTATION('',(#5530),#5534);
#5530 = LINE('',#5531,#5532);
#5531 = CARTESIAN_POINT('',(-7.766545271152,-0.719430685381));
#5532 = VECTOR('',#5533,1.);
#5533 = DIRECTION('',(0.996221148296,8.685288531413E-02));
#5534 = ( GEOMETRIC_REPRESENTATION_CONTEXT(2) 
PARAMETRIC_REPRESENTATION_CONTEXT() REPRESENTATION_CONTEXT('2D SPACE',''
  ) );
#5535 = ORIENTED_EDGE('',*,*,#5415,.F.);
#5536 = ADVANCED_FACE('',(#5537),#5504,.F.);
#5537 = FACE_BOUND('',#5538,.F.);
#5538 = EDGE_LOOP('',(#5539,#5562,#5589,#5609));
#5539 = ORIENTED_EDGE('',*,*,#5540,.T.);
#5540 = EDGE_CURVE('',#5467,#5541,#5543,.T.);
#5541 = VERTEX_POINT('',#5542);
#5542 = CARTESIAN_POINT('',(1.381882175135E+03,-105.3008057126,
    -1.586915817462));
#5543 = SURFACE_CURVE('',#5544,(#5548,#5555),.PCURVE_S1.);
#5544 = LINE('',#5545,#5546);
#5545 = CARTESIAN_POINT('',(1.389006504894E+03,-105.3008057126,
    -2.23340815461));
#5546 = VECTOR('',#5547,1.);
#5547 = DIRECTION('',(-0.995907990309,-0.,9.037297626834E-02));
#5548 = PCURVE('',#5504,#5549);
#5549 = DEFINITIONAL_REPRESENTATION('',(#5550),#5554);
#5550 = LINE('',#5551,#5552);
#5551 = CARTESIAN_POINT('',(0.,0.));
#5552 = VECTOR('',#5553,1.);
#5553 = DIRECTION('',(1.,0.));
#5554 = ( GEOMETRIC_REPRESENTATION_CONTEXT(2) 
PARAMETRIC_REPRESENTATION_CONTEXT() REPRESENTATION_CONTEXT('2D SPACE',''
  ) );
#5555 = PCURVE('',#44,#5556);
#5556 = DEFINITIONAL_REPRESENTATION('',(#5557),#5561);
#5557 = LINE('',#5558,#5559);
#5558 = CARTESIAN_POINT('',(-23.62136910732,-2.23340815461));
#5559 = VECTOR('',#5560,1.);
#5560 = DIRECTION('',(0.995907990309,9.037297626834E-02));
#5561 = ( GEOMETRIC_REPRESENTATION_CONTEXT(2) 
PARAMETRIC_REPRESENTATION_CONTEXT() REPRESENTATION_CONTEXT('2D SPACE',''
  ) );
#5562 = ORIENTED_EDGE('',*,*,#5563,.T.);
#5563 = EDGE_CURVE('',#5541,#5564,#5566,.T.);
#5564 = VERTEX_POINT('',#5565);
#5565 = CARTESIAN_POINT('',(1.896441981467E+03,-474.3416490252,
    -0.385920701112));
#5566 = SURFACE_CURVE('',#5567,(#5570,#5577),.PCURVE_S1.);
#5567 = B_SPLINE_CURVE_WITH_KNOTS('',1,(#5568,#5569),.UNSPECIFIED.,.F.,
  .F.,(2,2),(0.,1.),.PIECEWISE_BEZIER_KNOTS.);
#5568 = CARTESIAN_POINT('',(1.381882175135E+03,-105.3008057126,
    -1.586915817462));
#5569 = CARTESIAN_POINT('',(1.896441981467E+03,-474.3416490252,
    -0.385920701112));
#5570 = PCURVE('',#5504,#5571);
#5571 = DEFINITIONAL_REPRESENTATION('',(#5572),#5576);
#5572 = LINE('',#5573,#5574);
#5573 = CARTESIAN_POINT('',(7.153602369243,0.));
#5574 = VECTOR('',#5575,1.);
#5575 = DIRECTION('',(0.,1.));
#5576 = ( GEOMETRIC_REPRESENTATION_CONTEXT(2) 
PARAMETRIC_REPRESENTATION_CONTEXT() REPRESENTATION_CONTEXT('2D SPACE',''
  ) );
#5577 = PCURVE('',#5578,#5583);
#5578 = B_SPLINE_SURFACE_WITH_KNOTS('',1,1,(
    (#5579,#5580)
    ,(#5581,#5582
    )),.UNSPECIFIED.,.F.,.F.,.F.,(2,2),(2,2),(0.,5.915696327192),(0.,1.)
  ,.PIECEWISE_BEZIER_KNOTS.);
#5579 = CARTESIAN_POINT('',(1.381882175135E+03,-105.3008057126,
    -1.586915817462));
#5580 = CARTESIAN_POINT('',(1.896441981467E+03,-474.3416490252,
    -0.385920701112));
#5581 = CARTESIAN_POINT('',(1.375992303651E+03,-105.3008057126,
    -1.034759199003));
#5582 = CARTESIAN_POINT('',(1.895009628656E+03,-474.3416490252,
    -0.251642205067));
#5583 = DEFINITIONAL_REPRESENTATION('',(#5584),#5588);
#5584 = LINE('',#5585,#5586);
#5585 = CARTESIAN_POINT('',(0.,0.));
#5586 = VECTOR('',#5587,1.);
#5587 = DIRECTION('',(0.,1.));
#5588 = ( GEOMETRIC_REPRESENTATION_CONTEXT(2) 
PARAMETRIC_REPRESENTATION_CONTEXT() REPRESENTATION_CONTEXT('2D SPACE',''
  ) );
#5589 = ORIENTED_EDGE('',*,*,#5590,.F.);
#5590 = EDGE_CURVE('',#5490,#5564,#5591,.T.);
#5591 = SURFACE_CURVE('',#5592,(#5596,#5602),.PCURVE_S1.);
#5592 = LINE('',#5593,#5594);
#5593 = CARTESIAN_POINT('',(1.898174541131E+03,-474.3416490252,
    -0.543140619945));
#5594 = VECTOR('',#5595,1.);
#5595 = DIRECTION('',(-0.995907990309,-0.,9.037297626834E-02));
#5596 = PCURVE('',#5504,#5597);
#5597 = DEFINITIONAL_REPRESENTATION('',(#5598),#5601);
#5598 = B_SPLINE_CURVE_WITH_KNOTS('',1,(#5599,#5600),.UNSPECIFIED.,.F.,
  .F.,(2,2),(0.,1.739678445092),.PIECEWISE_BEZIER_KNOTS.);
#5599 = CARTESIAN_POINT('',(0.,1.));
#5600 = CARTESIAN_POINT('',(7.153602369243,1.));
#5601 = ( GEOMETRIC_REPRESENTATION_CONTEXT(2) 
PARAMETRIC_REPRESENTATION_CONTEXT() REPRESENTATION_CONTEXT('2D SPACE',''
  ) );
#5602 = PCURVE('',#98,#5603);
#5603 = DEFINITIONAL_REPRESENTATION('',(#5604),#5608);
#5604 = LINE('',#5605,#5606);
#5605 = CARTESIAN_POINT('',(-5.744460561054,-0.543140619945));
#5606 = VECTOR('',#5607,1.);
#5607 = DIRECTION('',(0.995907990309,9.037297626834E-02));
#5608 = ( GEOMETRIC_REPRESENTATION_CONTEXT(2) 
PARAMETRIC_REPRESENTATION_CONTEXT() REPRESENTATION_CONTEXT('2D SPACE',''
  ) );
#5609 = ORIENTED_EDGE('',*,*,#5489,.F.);
#5610 = ADVANCED_FACE('',(#5611),#5578,.F.);
#5611 = FACE_BOUND('',#5612,.F.);
#5612 = EDGE_LOOP('',(#5613,#5636,#5663,#5683));
#5613 = ORIENTED_EDGE('',*,*,#5614,.T.);
#5614 = EDGE_CURVE('',#5541,#5615,#5617,.T.);
#5615 = VERTEX_POINT('',#5616);
#5616 = CARTESIAN_POINT('',(1.375992303651E+03,-105.3008057126,
    -1.034759199003));
#5617 = SURFACE_CURVE('',#5618,(#5622,#5629),.PCURVE_S1.);
#5618 = LINE('',#5619,#5620);
#5619 = CARTESIAN_POINT('',(1.381882175135E+03,-105.3008057126,
    -1.586915817462));
#5620 = VECTOR('',#5621,1.);
#5621 = DIRECTION('',(-0.995634521917,-0.,9.333755282887E-02));
#5622 = PCURVE('',#5578,#5623);
#5623 = DEFINITIONAL_REPRESENTATION('',(#5624),#5628);
#5624 = LINE('',#5625,#5626);
#5625 = CARTESIAN_POINT('',(0.,0.));
#5626 = VECTOR('',#5627,1.);
#5627 = DIRECTION('',(1.,0.));
#5628 = ( GEOMETRIC_REPRESENTATION_CONTEXT(2) 
PARAMETRIC_REPRESENTATION_CONTEXT() REPRESENTATION_CONTEXT('2D SPACE',''
  ) );
#5629 = PCURVE('',#44,#5630);
#5630 = DEFINITIONAL_REPRESENTATION('',(#5631),#5635);
#5631 = LINE('',#5632,#5633);
#5632 = CARTESIAN_POINT('',(-16.4970393483,-1.586915817462));
#5633 = VECTOR('',#5634,1.);
#5634 = DIRECTION('',(0.995634521917,9.333755282887E-02));
#5635 = ( GEOMETRIC_REPRESENTATION_CONTEXT(2) 
PARAMETRIC_REPRESENTATION_CONTEXT() REPRESENTATION_CONTEXT('2D SPACE',''
  ) );
#5636 = ORIENTED_EDGE('',*,*,#5637,.T.);
#5637 = EDGE_CURVE('',#5615,#5638,#5640,.T.);
#5638 = VERTEX_POINT('',#5639);
#5639 = CARTESIAN_POINT('',(1.895009628656E+03,-474.3416490252,
    -0.251642205067));
#5640 = SURFACE_CURVE('',#5641,(#5644,#5651),.PCURVE_S1.);
#5641 = B_SPLINE_CURVE_WITH_KNOTS('',1,(#5642,#5643),.UNSPECIFIED.,.F.,
  .F.,(2,2),(0.,1.),.PIECEWISE_BEZIER_KNOTS.);
#5642 = CARTESIAN_POINT('',(1.375992303651E+03,-105.3008057126,
    -1.034759199003));
#5643 = CARTESIAN_POINT('',(1.895009628656E+03,-474.3416490252,
    -0.251642205067));
#5644 = PCURVE('',#5578,#5645);
#5645 = DEFINITIONAL_REPRESENTATION('',(#5646),#5650);
#5646 = LINE('',#5647,#5648);
#5647 = CARTESIAN_POINT('',(5.915696327192,0.));
#5648 = VECTOR('',#5649,1.);
#5649 = DIRECTION('',(0.,1.));
#5650 = ( GEOMETRIC_REPRESENTATION_CONTEXT(2) 
PARAMETRIC_REPRESENTATION_CONTEXT() REPRESENTATION_CONTEXT('2D SPACE',''
  ) );
#5651 = PCURVE('',#5652,#5657);
#5652 = B_SPLINE_SURFACE_WITH_KNOTS('',1,1,(
    (#5653,#5654)
    ,(#5655,#5656
    )),.UNSPECIFIED.,.F.,.F.,.F.,(2,2),(2,2),(0.,4.640411880972),(0.,1.)
  ,.PIECEWISE_BEZIER_KNOTS.);
#5653 = CARTESIAN_POINT('',(1.375992303651E+03,-105.3008057126,
    -1.034759199003));
#5654 = CARTESIAN_POINT('',(1.895009628656E+03,-474.3416490252,
    -0.251642205067));
#5655 = CARTESIAN_POINT('',(1.371373203457E+03,-105.3008057126,
    -0.590534227683));
#5656 = CARTESIAN_POINT('',(1.893886313628E+03,-474.3416490252,
    -0.143611514026));
#5657 = DEFINITIONAL_REPRESENTATION('',(#5658),#5662);
#5658 = LINE('',#5659,#5660);
#5659 = CARTESIAN_POINT('',(0.,0.));
#5660 = VECTOR('',#5661,1.);
#5661 = DIRECTION('',(0.,1.));
#5662 = ( GEOMETRIC_REPRESENTATION_CONTEXT(2) 
PARAMETRIC_REPRESENTATION_CONTEXT() REPRESENTATION_CONTEXT('2D SPACE',''
  ) );
#5663 = ORIENTED_EDGE('',*,*,#5664,.F.);
#5664 = EDGE_CURVE('',#5564,#5638,#5665,.T.);
#5665 = SURFACE_CURVE('',#5666,(#5670,#5676),.PCURVE_S1.);
#5666 = LINE('',#5667,#5668);
#5667 = CARTESIAN_POINT('',(1.896441981467E+03,-474.3416490252,
    -0.385920701112));
#5668 = VECTOR('',#5669,1.);
#5669 = DIRECTION('',(-0.995634521917,-0.,9.333755282887E-02));
#5670 = PCURVE('',#5578,#5671);
#5671 = DEFINITIONAL_REPRESENTATION('',(#5672),#5675);
#5672 = B_SPLINE_CURVE_WITH_KNOTS('',1,(#5673,#5674),.UNSPECIFIED.,.F.,
  .F.,(2,2),(0.,1.43863313292),.PIECEWISE_BEZIER_KNOTS.);
#5673 = CARTESIAN_POINT('',(0.,1.));
#5674 = CARTESIAN_POINT('',(5.915696327192,1.));
#5675 = ( GEOMETRIC_REPRESENTATION_CONTEXT(2) 
PARAMETRIC_REPRESENTATION_CONTEXT() REPRESENTATION_CONTEXT('2D SPACE',''
  ) );
#5676 = PCURVE('',#98,#5677);
#5677 = DEFINITIONAL_REPRESENTATION('',(#5678),#5682);
#5678 = LINE('',#5679,#5680);
#5679 = CARTESIAN_POINT('',(-4.011900897019,-0.385920701112));
#5680 = VECTOR('',#5681,1.);
#5681 = DIRECTION('',(0.995634521917,9.333755282887E-02));
#5682 = ( GEOMETRIC_REPRESENTATION_CONTEXT(2) 
PARAMETRIC_REPRESENTATION_CONTEXT() REPRESENTATION_CONTEXT('2D SPACE',''
  ) );
#5683 = ORIENTED_EDGE('',*,*,#5563,.F.);
#5684 = ADVANCED_FACE('',(#5685),#5652,.F.);
#5685 = FACE_BOUND('',#5686,.F.);
#5686 = EDGE_LOOP('',(#5687,#5710,#5737,#5757));
#5687 = ORIENTED_EDGE('',*,*,#5688,.T.);
#5688 = EDGE_CURVE('',#5615,#5689,#5691,.T.);
#5689 = VERTEX_POINT('',#5690);
#5690 = CARTESIAN_POINT('',(1.371373203457E+03,-105.3008057126,
    -0.590534227683));
#5691 = SURFACE_CURVE('',#5692,(#5696,#5703),.PCURVE_S1.);
#5692 = LINE('',#5693,#5694);
#5693 = CARTESIAN_POINT('',(1.375992303651E+03,-105.3008057126,
    -1.034759199003));
#5694 = VECTOR('',#5695,1.);
#5695 = DIRECTION('',(-0.995407371637,-0.,9.572964269429E-02));
#5696 = PCURVE('',#5652,#5697);
#5697 = DEFINITIONAL_REPRESENTATION('',(#5698),#5702);
#5698 = LINE('',#5699,#5700);
#5699 = CARTESIAN_POINT('',(0.,0.));
#5700 = VECTOR('',#5701,1.);
#5701 = DIRECTION('',(1.,0.));
#5702 = ( GEOMETRIC_REPRESENTATION_CONTEXT(2) 
PARAMETRIC_REPRESENTATION_CONTEXT() REPRESENTATION_CONTEXT('2D SPACE',''
  ) );
#5703 = PCURVE('',#44,#5704);
#5704 = DEFINITIONAL_REPRESENTATION('',(#5705),#5709);
#5705 = LINE('',#5706,#5707);
#5706 = CARTESIAN_POINT('',(-10.60716786377,-1.034759199003));
#5707 = VECTOR('',#5708,1.);
#5708 = DIRECTION('',(0.995407371637,9.572964269429E-02));
#5709 = ( GEOMETRIC_REPRESENTATION_CONTEXT(2) 
PARAMETRIC_REPRESENTATION_CONTEXT() REPRESENTATION_CONTEXT('2D SPACE',''
  ) );
#5710 = ORIENTED_EDGE('',*,*,#5711,.T.);
#5711 = EDGE_CURVE('',#5689,#5712,#5714,.T.);
#5712 = VERTEX_POINT('',#5713);
#5713 = CARTESIAN_POINT('',(1.893886313628E+03,-474.3416490252,
    -0.143611514026));
#5714 = SURFACE_CURVE('',#5715,(#5718,#5725),.PCURVE_S1.);
#5715 = B_SPLINE_CURVE_WITH_KNOTS('',1,(#5716,#5717),.UNSPECIFIED.,.F.,
  .F.,(2,2),(0.,1.),.PIECEWISE_BEZIER_KNOTS.);
#5716 = CARTESIAN_POINT('',(1.371373203457E+03,-105.3008057126,
    -0.590534227683));
#5717 = CARTESIAN_POINT('',(1.893886313628E+03,-474.3416490252,
    -0.143611514026));
#5718 = PCURVE('',#5652,#5719);
#5719 = DEFINITIONAL_REPRESENTATION('',(#5720),#5724);
#5720 = LINE('',#5721,#5722);
#5721 = CARTESIAN_POINT('',(4.640411880972,0.));
#5722 = VECTOR('',#5723,1.);
#5723 = DIRECTION('',(0.,1.));
#5724 = ( GEOMETRIC_REPRESENTATION_CONTEXT(2) 
PARAMETRIC_REPRESENTATION_CONTEXT() REPRESENTATION_CONTEXT('2D SPACE',''
  ) );
#5725 = PCURVE('',#5726,#5731);
#5726 = B_SPLINE_SURFACE_WITH_KNOTS('',1,1,(
    (#5727,#5728)
    ,(#5729,#5730
    )),.UNSPECIFIED.,.F.,.F.,.F.,(2,2),(2,2),(0.,3.33575538632),(0.,1.),
  .PIECEWISE_BEZIER_KNOTS.);
#5727 = CARTESIAN_POINT('',(1.371373203457E+03,-105.3008057126,
    -0.590534227683));
#5728 = CARTESIAN_POINT('',(1.893886313628E+03,-474.3416490252,
    -0.143611514026));
#5729 = CARTESIAN_POINT('',(1.368053352843E+03,-105.3008057126,
    -0.265179196594));
#5730 = CARTESIAN_POINT('',(1.893078961995E+03,-474.3416490252,
    -6.448870213777E-02));
#5731 = DEFINITIONAL_REPRESENTATION('',(#5732),#5736);
#5732 = LINE('',#5733,#5734);
#5733 = CARTESIAN_POINT('',(0.,0.));
#5734 = VECTOR('',#5735,1.);
#5735 = DIRECTION('',(0.,1.));
#5736 = ( GEOMETRIC_REPRESENTATION_CONTEXT(2) 
PARAMETRIC_REPRESENTATION_CONTEXT() REPRESENTATION_CONTEXT('2D SPACE',''
  ) );
#5737 = ORIENTED_EDGE('',*,*,#5738,.F.);
#5738 = EDGE_CURVE('',#5638,#5712,#5739,.T.);
#5739 = SURFACE_CURVE('',#5740,(#5744,#5750),.PCURVE_S1.);
#5740 = LINE('',#5741,#5742);
#5741 = CARTESIAN_POINT('',(1.895009628656E+03,-474.3416490252,
    -0.251642205067));
#5742 = VECTOR('',#5743,1.);
#5743 = DIRECTION('',(-0.995407371637,-0.,9.572964269429E-02));
#5744 = PCURVE('',#5652,#5745);
#5745 = DEFINITIONAL_REPRESENTATION('',(#5746),#5749);
#5746 = B_SPLINE_CURVE_WITH_KNOTS('',1,(#5747,#5748),.UNSPECIFIED.,.F.,
  .F.,(2,2),(0.,1.12849779859),.PIECEWISE_BEZIER_KNOTS.);
#5747 = CARTESIAN_POINT('',(0.,1.));
#5748 = CARTESIAN_POINT('',(4.640411880972,1.));
#5749 = ( GEOMETRIC_REPRESENTATION_CONTEXT(2) 
PARAMETRIC_REPRESENTATION_CONTEXT() REPRESENTATION_CONTEXT('2D SPACE',''
  ) );
#5750 = PCURVE('',#98,#5751);
#5751 = DEFINITIONAL_REPRESENTATION('',(#5752),#5756);
#5752 = LINE('',#5753,#5754);
#5753 = CARTESIAN_POINT('',(-2.579548085511,-0.251642205067));
#5754 = VECTOR('',#5755,1.);
#5755 = DIRECTION('',(0.995407371637,9.572964269429E-02));
#5756 = ( GEOMETRIC_REPRESENTATION_CONTEXT(2) 
PARAMETRIC_REPRESENTATION_CONTEXT() REPRESENTATION_CONTEXT('2D SPACE',''
  ) );
#5757 = ORIENTED_EDGE('',*,*,#5637,.F.);
#5758 = ADVANCED_FACE('',(#5759),#5726,.F.);
#5759 = FACE_BOUND('',#5760,.F.);
#5760 = EDGE_LOOP('',(#5761,#5784,#5811,#5831));
#5761 = ORIENTED_EDGE('',*,*,#5762,.T.);
#5762 = EDGE_CURVE('',#5689,#5763,#5765,.T.);
#5763 = VERTEX_POINT('',#5764);
#5764 = CARTESIAN_POINT('',(1.368053352843E+03,-105.3008057126,
    -0.265179196594));
#5765 = SURFACE_CURVE('',#5766,(#5770,#5777),.PCURVE_S1.);
#5766 = LINE('',#5767,#5768);
#5767 = CARTESIAN_POINT('',(1.371373203457E+03,-105.3008057126,
    -0.590534227683));
#5768 = VECTOR('',#5769,1.);
#5769 = DIRECTION('',(-0.995232032867,-0.,9.753563838132E-02));
#5770 = PCURVE('',#5726,#5771);
#5771 = DEFINITIONAL_REPRESENTATION('',(#5772),#5776);
#5772 = LINE('',#5773,#5774);
#5773 = CARTESIAN_POINT('',(0.,0.));
#5774 = VECTOR('',#5775,1.);
#5775 = DIRECTION('',(1.,0.));
#5776 = ( GEOMETRIC_REPRESENTATION_CONTEXT(2) 
PARAMETRIC_REPRESENTATION_CONTEXT() REPRESENTATION_CONTEXT('2D SPACE',''
  ) );
#5777 = PCURVE('',#44,#5778);
#5778 = DEFINITIONAL_REPRESENTATION('',(#5779),#5783);
#5779 = LINE('',#5780,#5781);
#5780 = CARTESIAN_POINT('',(-5.988067670024,-0.590534227683));
#5781 = VECTOR('',#5782,1.);
#5782 = DIRECTION('',(0.995232032867,9.753563838132E-02));
#5783 = ( GEOMETRIC_REPRESENTATION_CONTEXT(2) 
PARAMETRIC_REPRESENTATION_CONTEXT() REPRESENTATION_CONTEXT('2D SPACE',''
  ) );
#5784 = ORIENTED_EDGE('',*,*,#5785,.T.);
#5785 = EDGE_CURVE('',#5763,#5786,#5788,.T.);
#5786 = VERTEX_POINT('',#5787);
#5787 = CARTESIAN_POINT('',(1.893078961995E+03,-474.3416490252,
    -6.448870213777E-02));
#5788 = SURFACE_CURVE('',#5789,(#5792,#5799),.PCURVE_S1.);
#5789 = B_SPLINE_CURVE_WITH_KNOTS('',1,(#5790,#5791),.UNSPECIFIED.,.F.,
  .F.,(2,2),(0.,1.),.PIECEWISE_BEZIER_KNOTS.);
#5790 = CARTESIAN_POINT('',(1.368053352843E+03,-105.3008057126,
    -0.265179196594));
#5791 = CARTESIAN_POINT('',(1.893078961995E+03,-474.3416490252,
    -6.448870213777E-02));
#5792 = PCURVE('',#5726,#5793);
#5793 = DEFINITIONAL_REPRESENTATION('',(#5794),#5798);
#5794 = LINE('',#5795,#5796);
#5795 = CARTESIAN_POINT('',(3.33575538632,0.));
#5796 = VECTOR('',#5797,1.);
#5797 = DIRECTION('',(0.,1.));
#5798 = ( GEOMETRIC_REPRESENTATION_CONTEXT(2) 
PARAMETRIC_REPRESENTATION_CONTEXT() REPRESENTATION_CONTEXT('2D SPACE',''
  ) );
#5799 = PCURVE('',#5800,#5805);
#5800 = B_SPLINE_SURFACE_WITH_KNOTS('',1,1,(
    (#5801,#5802)
    ,(#5803,#5804
    )),.UNSPECIFIED.,.F.,.F.,.F.,(2,2),(2,2),(0.,2.009956233941),(0.,1.)
  ,.PIECEWISE_BEZIER_KNOTS.);
#5801 = CARTESIAN_POINT('',(1.368053352843E+03,-105.3008057126,
    -0.265179196594));
#5802 = CARTESIAN_POINT('',(1.893078961995E+03,-474.3416490252,
    -6.448870213777E-02));
#5803 = CARTESIAN_POINT('',(1.366053219791E+03,-105.3008057126,
    -6.670542639371E-02));
#5804 = CARTESIAN_POINT('',(1.892592551348E+03,-474.3416490252,
    -1.622203562317E-02));
#5805 = DEFINITIONAL_REPRESENTATION('',(#5806),#5810);
#5806 = LINE('',#5807,#5808);
#5807 = CARTESIAN_POINT('',(0.,0.));
#5808 = VECTOR('',#5809,1.);
#5809 = DIRECTION('',(0.,1.));
#5810 = ( GEOMETRIC_REPRESENTATION_CONTEXT(2) 
PARAMETRIC_REPRESENTATION_CONTEXT() REPRESENTATION_CONTEXT('2D SPACE',''
  ) );
#5811 = ORIENTED_EDGE('',*,*,#5812,.F.);
#5812 = EDGE_CURVE('',#5712,#5786,#5813,.T.);
#5813 = SURFACE_CURVE('',#5814,(#5818,#5824),.PCURVE_S1.);
#5814 = LINE('',#5815,#5816);
#5815 = CARTESIAN_POINT('',(1.893886313628E+03,-474.3416490252,
    -0.143611514026));
#5816 = VECTOR('',#5817,1.);
#5817 = DIRECTION('',(-0.995232032867,-0.,9.753563838134E-02));
#5818 = PCURVE('',#5726,#5819);
#5819 = DEFINITIONAL_REPRESENTATION('',(#5820),#5823);
#5820 = B_SPLINE_CURVE_WITH_KNOTS('',1,(#5821,#5822),.UNSPECIFIED.,.F.,
  .F.,(2,2),(0.,0.811219500909),.PIECEWISE_BEZIER_KNOTS.);
#5821 = CARTESIAN_POINT('',(0.,1.));
#5822 = CARTESIAN_POINT('',(3.33575538632,1.));
#5823 = ( GEOMETRIC_REPRESENTATION_CONTEXT(2) 
PARAMETRIC_REPRESENTATION_CONTEXT() REPRESENTATION_CONTEXT('2D SPACE',''
  ) );
#5824 = PCURVE('',#98,#5825);
#5825 = DEFINITIONAL_REPRESENTATION('',(#5826),#5830);
#5826 = LINE('',#5827,#5828);
#5827 = CARTESIAN_POINT('',(-1.456233057918,-0.143611514026));
#5828 = VECTOR('',#5829,1.);
#5829 = DIRECTION('',(0.995232032867,9.753563838134E-02));
#5830 = ( GEOMETRIC_REPRESENTATION_CONTEXT(2) 
PARAMETRIC_REPRESENTATION_CONTEXT() REPRESENTATION_CONTEXT('2D SPACE',''
  ) );
#5831 = ORIENTED_EDGE('',*,*,#5711,.F.);
#5832 = ADVANCED_FACE('',(#5833),#5800,.F.);
#5833 = FACE_BOUND('',#5834,.F.);
#5834 = EDGE_LOOP('',(#5835,#5858,#5880,#5900));
#5835 = ORIENTED_EDGE('',*,*,#5836,.T.);
#5836 = EDGE_CURVE('',#5763,#5837,#5839,.T.);
#5837 = VERTEX_POINT('',#5838);
#5838 = CARTESIAN_POINT('',(1.366053219791E+03,-105.3008057126,
    -6.670542639371E-02));
#5839 = SURFACE_CURVE('',#5840,(#5844,#5851),.PCURVE_S1.);
#5840 = LINE('',#5841,#5842);
#5841 = CARTESIAN_POINT('',(1.368053352843E+03,-105.3008057126,
    -0.265179196594));
#5842 = VECTOR('',#5843,1.);
#5843 = DIRECTION('',(-0.99511273829,-0.,9.874531935031E-02));
#5844 = PCURVE('',#5800,#5845);
#5845 = DEFINITIONAL_REPRESENTATION('',(#5846),#5850);
#5846 = LINE('',#5847,#5848);
#5847 = CARTESIAN_POINT('',(0.,0.));
#5848 = VECTOR('',#5849,1.);
#5849 = DIRECTION('',(1.,0.));
#5850 = ( GEOMETRIC_REPRESENTATION_CONTEXT(2) 
PARAMETRIC_REPRESENTATION_CONTEXT() REPRESENTATION_CONTEXT('2D SPACE',''
  ) );
#5851 = PCURVE('',#44,#5852);
#5852 = DEFINITIONAL_REPRESENTATION('',(#5853),#5857);
#5853 = LINE('',#5854,#5855);
#5854 = CARTESIAN_POINT('',(-2.668217055748,-0.265179196594));
#5855 = VECTOR('',#5856,1.);
#5856 = DIRECTION('',(0.99511273829,9.874531935031E-02));
#5857 = ( GEOMETRIC_REPRESENTATION_CONTEXT(2) 
PARAMETRIC_REPRESENTATION_CONTEXT() REPRESENTATION_CONTEXT('2D SPACE',''
  ) );
#5858 = ORIENTED_EDGE('',*,*,#5859,.T.);
#5859 = EDGE_CURVE('',#5837,#5860,#5862,.T.);
#5860 = VERTEX_POINT('',#5861);
#5861 = CARTESIAN_POINT('',(1.892592551348E+03,-474.3416490252,
    -1.622203562317E-02));
#5862 = SURFACE_CURVE('',#5863,(#5866,#5873),.PCURVE_S1.);
#5863 = B_SPLINE_CURVE_WITH_KNOTS('',1,(#5864,#5865),.UNSPECIFIED.,.F.,
  .F.,(2,2),(0.,1.),.PIECEWISE_BEZIER_KNOTS.);
#5864 = CARTESIAN_POINT('',(1.366053219791E+03,-105.3008057126,
    -6.670542639371E-02));
#5865 = CARTESIAN_POINT('',(1.892592551348E+03,-474.3416490252,
    -1.622203562317E-02));
#5866 = PCURVE('',#5800,#5867);
#5867 = DEFINITIONAL_REPRESENTATION('',(#5868),#5872);
#5868 = LINE('',#5869,#5870);
#5869 = CARTESIAN_POINT('',(2.009956233941,0.));
#5870 = VECTOR('',#5871,1.);
#5871 = DIRECTION('',(0.,1.));
#5872 = ( GEOMETRIC_REPRESENTATION_CONTEXT(2) 
PARAMETRIC_REPRESENTATION_CONTEXT() REPRESENTATION_CONTEXT('2D SPACE',''
  ) );
#5873 = PCURVE('',#123,#5874);
#5874 = DEFINITIONAL_REPRESENTATION('',(#5875),#5879);
#5875 = LINE('',#5876,#5877);
#5876 = CARTESIAN_POINT('',(0.,0.));
#5877 = VECTOR('',#5878,1.);
#5878 = DIRECTION('',(0.,1.));
#5879 = ( GEOMETRIC_REPRESENTATION_CONTEXT(2) 
PARAMETRIC_REPRESENTATION_CONTEXT() REPRESENTATION_CONTEXT('2D SPACE',''
  ) );
#5880 = ORIENTED_EDGE('',*,*,#5881,.F.);
#5881 = EDGE_CURVE('',#5786,#5860,#5882,.T.);
#5882 = SURFACE_CURVE('',#5883,(#5887,#5893),.PCURVE_S1.);
#5883 = LINE('',#5884,#5885);
#5884 = CARTESIAN_POINT('',(1.893078961995E+03,-474.3416490252,
    -6.448870213777E-02));
#5885 = VECTOR('',#5886,1.);
#5886 = DIRECTION('',(-0.99511273829,-0.,9.874531935027E-02));
#5887 = PCURVE('',#5800,#5888);
#5888 = DEFINITIONAL_REPRESENTATION('',(#5889),#5892);
#5889 = B_SPLINE_CURVE_WITH_KNOTS('',1,(#5890,#5891),.UNSPECIFIED.,.F.,
  .F.,(2,2),(0.,0.48879953837),.PIECEWISE_BEZIER_KNOTS.);
#5890 = CARTESIAN_POINT('',(0.,1.));
#5891 = CARTESIAN_POINT('',(2.009956233941,1.));
#5892 = ( GEOMETRIC_REPRESENTATION_CONTEXT(2) 
PARAMETRIC_REPRESENTATION_CONTEXT() REPRESENTATION_CONTEXT('2D SPACE',''
  ) );
#5893 = PCURVE('',#98,#5894);
#5894 = DEFINITIONAL_REPRESENTATION('',(#5895),#5899);
#5895 = LINE('',#5896,#5897);
#5896 = CARTESIAN_POINT('',(-0.648881424927,-6.448870213777E-02));
#5897 = VECTOR('',#5898,1.);
#5898 = DIRECTION('',(0.99511273829,9.874531935027E-02));
#5899 = ( GEOMETRIC_REPRESENTATION_CONTEXT(2) 
PARAMETRIC_REPRESENTATION_CONTEXT() REPRESENTATION_CONTEXT('2D SPACE',''
  ) );
#5900 = ORIENTED_EDGE('',*,*,#5785,.F.);
#5901 = ADVANCED_FACE('',(#5902),#123,.F.);
#5902 = FACE_BOUND('',#5903,.F.);
#5903 = EDGE_LOOP('',(#5904,#5925,#5926,#5946));
#5904 = ORIENTED_EDGE('',*,*,#5905,.T.);
#5905 = EDGE_CURVE('',#5837,#22,#5906,.T.);
#5906 = SURFACE_CURVE('',#5907,(#5911,#5918),.PCURVE_S1.);
#5907 = LINE('',#5908,#5909);
#5908 = CARTESIAN_POINT('',(1.366053219791E+03,-105.3008057126,
    -6.670542639371E-02));
#5909 = VECTOR('',#5910,1.);
#5910 = DIRECTION('',(-0.995052363843,-0.,9.935186566646E-02));
#5911 = PCURVE('',#123,#5912);
#5912 = DEFINITIONAL_REPRESENTATION('',(#5913),#5917);
#5913 = LINE('',#5914,#5915);
#5914 = CARTESIAN_POINT('',(0.,0.));
#5915 = VECTOR('',#5916,1.);
#5916 = DIRECTION('',(1.,0.));
#5917 = ( GEOMETRIC_REPRESENTATION_CONTEXT(2) 
PARAMETRIC_REPRESENTATION_CONTEXT() REPRESENTATION_CONTEXT('2D SPACE',''
  ) );
#5918 = PCURVE('',#44,#5919);
#5919 = DEFINITIONAL_REPRESENTATION('',(#5920),#5924);
#5920 = LINE('',#5921,#5922);
#5921 = CARTESIAN_POINT('',(-0.668084003948,-6.670542639371E-02));
#5922 = VECTOR('',#5923,1.);
#5923 = DIRECTION('',(0.995052363843,9.935186566646E-02));
#5924 = ( GEOMETRIC_REPRESENTATION_CONTEXT(2) 
PARAMETRIC_REPRESENTATION_CONTEXT() REPRESENTATION_CONTEXT('2D SPACE',''
  ) );
#5925 = ORIENTED_EDGE('',*,*,#110,.T.);
#5926 = ORIENTED_EDGE('',*,*,#5927,.F.);
#5927 = EDGE_CURVE('',#5860,#84,#5928,.T.);
#5928 = SURFACE_CURVE('',#5929,(#5933,#5939),.PCURVE_S1.);
#5929 = LINE('',#5930,#5931);
#5930 = CARTESIAN_POINT('',(1.892592551348E+03,-474.3416490252,
    -1.622203562317E-02));
#5931 = VECTOR('',#5932,1.);
#5932 = DIRECTION('',(-0.995052363843,-0.,9.935186566652E-02));
#5933 = PCURVE('',#123,#5934);
#5934 = DEFINITIONAL_REPRESENTATION('',(#5935),#5938);
#5935 = B_SPLINE_CURVE_WITH_KNOTS('',1,(#5936,#5937),.UNSPECIFIED.,.F.,
  .F.,(2,2),(0.,0.163278621034),.PIECEWISE_BEZIER_KNOTS.);
#5936 = CARTESIAN_POINT('',(0.,1.));
#5937 = CARTESIAN_POINT('',(0.671405875936,1.));
#5938 = ( GEOMETRIC_REPRESENTATION_CONTEXT(2) 
PARAMETRIC_REPRESENTATION_CONTEXT() REPRESENTATION_CONTEXT('2D SPACE',''
  ) );
#5939 = PCURVE('',#98,#5940);
#5940 = DEFINITIONAL_REPRESENTATION('',(#5941),#5945);
#5941 = LINE('',#5942,#5943);
#5942 = CARTESIAN_POINT('',(-0.162470777825,-1.622203562317E-02));
#5943 = VECTOR('',#5944,1.);
#5944 = DIRECTION('',(0.995052363843,9.935186566652E-02));
#5945 = ( GEOMETRIC_REPRESENTATION_CONTEXT(2) 
PARAMETRIC_REPRESENTATION_CONTEXT() REPRESENTATION_CONTEXT('2D SPACE',''
  ) );
#5946 = ORIENTED_EDGE('',*,*,#5859,.F.);
#5947 = ADVANCED_FACE('',(#5948),#44,.T.);
#5948 = FACE_BOUND('',#5949,.T.);
#5949 = EDGE_LOOP('',(#5950,#5951,#5952,#5953,#5954,#5955,#5956,#5957,
    #5958,#5959,#5960,#5961,#5962,#5963,#5964,#5965,#5966,#5967,#5968,
    #5969,#5970,#5971,#5972,#5973,#5974,#5975,#5976,#5977,#5978,#5979,
    #5980,#5981,#5982,#5983,#5984,#5985,#5986,#5987,#5988,#5989,#5990,
    #5991,#5992,#5993,#5994,#5995,#5996,#5997,#5998,#5999,#6000,#6001,
    #6002,#6003,#6004,#6005,#6006,#6007,#6008,#6009,#6010,#6011,#6012,
    #6013,#6014,#6015,#6016,#6017,#6018,#6019,#6020,#6021,#6022,#6023,
    #6024,#6025,#6026,#6027,#6028,#6029));
#5950 = ORIENTED_EDGE('',*,*,#21,.T.);
#5951 = ORIENTED_EDGE('',*,*,#138,.T.);
#5952 = ORIENTED_EDGE('',*,*,#212,.T.);
#5953 = ORIENTED_EDGE('',*,*,#286,.T.);
#5954 = ORIENTED_EDGE('',*,*,#360,.T.);
#5955 = ORIENTED_EDGE('',*,*,#434,.T.);
#5956 = ORIENTED_EDGE('',*,*,#508,.T.);
#5957 = ORIENTED_EDGE('',*,*,#582,.T.);
#5958 = ORIENTED_EDGE('',*,*,#656,.T.);
#5959 = ORIENTED_EDGE('',*,*,#730,.T.);
#5960 = ORIENTED_EDGE('',*,*,#804,.T.);
#5961 = ORIENTED_EDGE('',*,*,#878,.T.);
#5962 = ORIENTED_EDGE('',*,*,#952,.T.);
#5963 = ORIENTED_EDGE('',*,*,#1026,.T.);
#5964 = ORIENTED_EDGE('',*,*,#1100,.T.);
#5965 = ORIENTED_EDGE('',*,*,#1174,.T.);
#5966 = ORIENTED_EDGE('',*,*,#1248,.T.);
#5967 = ORIENTED_EDGE('',*,*,#1322,.T.);
#5968 = ORIENTED_EDGE('',*,*,#1396,.T.);
#5969 = ORIENTED_EDGE('',*,*,#1470,.T.);
#5970 = ORIENTED_EDGE('',*,*,#1544,.T.);
#5971 = ORIENTED_EDGE('',*,*,#1618,.T.);
#5972 = ORIENTED_EDGE('',*,*,#1692,.T.);
#5973 = ORIENTED_EDGE('',*,*,#1766,.T.);
#5974 = ORIENTED_EDGE('',*,*,#1840,.T.);
#5975 = ORIENTED_EDGE('',*,*,#1914,.T.);
#5976 = ORIENTED_EDGE('',*,*,#1988,.T.);
#5977 = ORIENTED_EDGE('',*,*,#2062,.T.);
#5978 = ORIENTED_EDGE('',*,*,#2136,.T.);
#5979 = ORIENTED_EDGE('',*,*,#2210,.T.);
#5980 = ORIENTED_EDGE('',*,*,#2284,.T.);
#5981 = ORIENTED_EDGE('',*,*,#2358,.T.);
#5982 = ORIENTED_EDGE('',*,*,#2432,.T.);
#5983 = ORIENTED_EDGE('',*,*,#2506,.T.);
#5984 = ORIENTED_EDGE('',*,*,#2580,.T.);
#5985 = ORIENTED_EDGE('',*,*,#2654,.T.);
#5986 = ORIENTED_EDGE('',*,*,#2728,.T.);
#5987 = ORIENTED_EDGE('',*,*,#2802,.T.);
#5988 = ORIENTED_EDGE('',*,*,#2876,.T.);
#5989 = ORIENTED_EDGE('',*,*,#2950,.T.);
#5990 = ORIENTED_EDGE('',*,*,#3024,.T.);
#5991 = ORIENTED_EDGE('',*,*,#3098,.T.);
#5992 = ORIENTED_EDGE('',*,*,#3172,.T.);
#5993 = ORIENTED_EDGE('',*,*,#3246,.T.);
#5994 = ORIENTED_EDGE('',*,*,#3320,.T.);
#5995 = ORIENTED_EDGE('',*,*,#3394,.T.);
#5996 = ORIENTED_EDGE('',*,*,#3468,.T.);
#5997 = ORIENTED_EDGE('',*,*,#3542,.T.);
#5998 = ORIENTED_EDGE('',*,*,#3616,.T.);
#5999 = ORIENTED_EDGE('',*,*,#3690,.T.);
#6000 = ORIENTED_EDGE('',*,*,#3764,.T.);
#6001 = ORIENTED_EDGE('',*,*,#3838,.T.);
#6002 = ORIENTED_EDGE('',*,*,#3912,.T.);
#6003 = ORIENTED_EDGE('',*,*,#3986,.T.);
#6004 = ORIENTED_EDGE('',*,*,#4060,.T.);
#6005 = ORIENTED_EDGE('',*,*,#4134,.T.);
#6006 = ORIENTED_EDGE('',*,*,#4208,.T.);
#6007 = ORIENTED_EDGE('',*,*,#4282,.T.);
#6008 = ORIENTED_EDGE('',*,*,#4356,.T.);
#6009 = ORIENTED_EDGE('',*,*,#4430,.T.);
#6010 = ORIENTED_EDGE('',*,*,#4504,.T.);
#6011 = ORIENTED_EDGE('',*,*,#4578,.T.);
#6012 = ORIENTED_EDGE('',*,*,#4652,.T.);
#6013 = ORIENTED_EDGE('',*,*,#4726,.T.);
#6014 = ORIENTED_EDGE('',*,*,#4800,.T.);
#6015 = ORIENTED_EDGE('',*,*,#4874,.T.);
#6016 = ORIENTED_EDGE('',*,*,#4948,.T.);
#6017 = ORIENTED_EDGE('',*,*,#5022,.T.);
#6018 = ORIENTED_EDGE('',*,*,#5096,.T.);
#6019 = ORIENTED_EDGE('',*,*,#5170,.T.);
#6020 = ORIENTED_EDGE('',*,*,#5244,.T.);
#6021 = ORIENTED_EDGE('',*,*,#5318,.T.);
#6022 = ORIENTED_EDGE('',*,*,#5392,.T.);
#6023 = ORIENTED_EDGE('',*,*,#5466,.T.);
#6024 = ORIENTED_EDGE('',*,*,#5540,.T.);
#6025 = ORIENTED_EDGE('',*,*,#5614,.T.);
#6026 = ORIENTED_EDGE('',*,*,#5688,.T.);
#6027 = ORIENTED_EDGE('',*,*,#5762,.T.);
#6028 = ORIENTED_EDGE('',*,*,#5836,.T.);
#6029 = ORIENTED_EDGE('',*,*,#5905,.T.);
#6030 = ADVANCED_FACE('',(#6031),#98,.F.);
#6031 = FACE_BOUND('',#6032,.F.);
#6032 = EDGE_LOOP('',(#6033,#6034,#6035,#6036,#6037,#6038,#6039,#6040,
    #6041,#6042,#6043,#6044,#6045,#6046,#6047,#6048,#6049,#6050,#6051,
    #6052,#6053,#6054,#6055,#6056,#6057,#6058,#6059,#6060,#6061,#6062,
    #6063,#6064,#6065,#6066,#6067,#6068,#6069,#6070,#6071,#6072,#6073,
    #6074,#6075,#6076,#6077,#6078,#6079,#6080,#6081,#6082,#6083,#6084,
    #6085,#6086,#6087,#6088,#6089,#6090,#6091,#6092,#6093,#6094,#6095,
    #6096,#6097,#6098,#6099,#6100,#6101,#6102,#6103,#6104,#6105,#6106,
    #6107,#6108,#6109,#6110,#6111,#6112));
#6033 = ORIENTED_EDGE('',*,*,#83,.T.);
#6034 = ORIENTED_EDGE('',*,*,#188,.T.);
#6035 = ORIENTED_EDGE('',*,*,#262,.T.);
#6036 = ORIENTED_EDGE('',*,*,#336,.T.);
#6037 = ORIENTED_EDGE('',*,*,#410,.T.);
#6038 = ORIENTED_EDGE('',*,*,#484,.T.);
#6039 = ORIENTED_EDGE('',*,*,#558,.T.);
#6040 = ORIENTED_EDGE('',*,*,#632,.T.);
#6041 = ORIENTED_EDGE('',*,*,#706,.T.);
#6042 = ORIENTED_EDGE('',*,*,#780,.T.);
#6043 = ORIENTED_EDGE('',*,*,#854,.T.);
#6044 = ORIENTED_EDGE('',*,*,#928,.T.);
#6045 = ORIENTED_EDGE('',*,*,#1002,.T.);
#6046 = ORIENTED_EDGE('',*,*,#1076,.T.);
#6047 = ORIENTED_EDGE('',*,*,#1150,.T.);
#6048 = ORIENTED_EDGE('',*,*,#1224,.T.);
#6049 = ORIENTED_EDGE('',*,*,#1298,.T.);
#6050 = ORIENTED_EDGE('',*,*,#1372,.T.);
#6051 = ORIENTED_EDGE('',*,*,#1446,.T.);
#6052 = ORIENTED_EDGE('',*,*,#1520,.T.);
#6053 = ORIENTED_EDGE('',*,*,#1594,.T.);
#6054 = ORIENTED_EDGE('',*,*,#1668,.T.);
#6055 = ORIENTED_EDGE('',*,*,#1742,.T.);
#6056 = ORIENTED_EDGE('',*,*,#1816,.T.);
#6057 = ORIENTED_EDGE('',*,*,#1890,.T.);
#6058 = ORIENTED_EDGE('',*,*,#1964,.T.);
#6059 = ORIENTED_EDGE('',*,*,#2038,.T.);
#6060 = ORIENTED_EDGE('',*,*,#2112,.T.);
#6061 = ORIENTED_EDGE('',*,*,#2186,.T.);
#6062 = ORIENTED_EDGE('',*,*,#2260,.T.);
#6063 = ORIENTED_EDGE('',*,*,#2334,.T.);
#6064 = ORIENTED_EDGE('',*,*,#2408,.T.);
#6065 = ORIENTED_EDGE('',*,*,#2482,.T.);
#6066 = ORIENTED_EDGE('',*,*,#2556,.T.);
#6067 = ORIENTED_EDGE('',*,*,#2630,.T.);
#6068 = ORIENTED_EDGE('',*,*,#2704,.T.);
#6069 = ORIENTED_EDGE('',*,*,#2778,.T.);
#6070 = ORIENTED_EDGE('',*,*,#2852,.T.);
#6071 = ORIENTED_EDGE('',*,*,#2926,.T.);
#6072 = ORIENTED_EDGE('',*,*,#3000,.T.);
#6073 = ORIENTED_EDGE('',*,*,#3074,.T.);
#6074 = ORIENTED_EDGE('',*,*,#3148,.T.);
#6075 = ORIENTED_EDGE('',*,*,#3222,.T.);
#6076 = ORIENTED_EDGE('',*,*,#3296,.T.);
#6077 = ORIENTED_EDGE('',*,*,#3370,.T.);
#6078 = ORIENTED_EDGE('',*,*,#3444,.T.);
#6079 = ORIENTED_EDGE('',*,*,#3518,.T.);
#6080 = ORIENTED_EDGE('',*,*,#3592,.T.);
#6081 = ORIENTED_EDGE('',*,*,#3666,.T.);
#6082 = ORIENTED_EDGE('',*,*,#3740,.T.);
#6083 = ORIENTED_EDGE('',*,*,#3814,.T.);
#6084 = ORIENTED_EDGE('',*,*,#3888,.T.);
#6085 = ORIENTED_EDGE('',*,*,#3962,.T.);
#6086 = ORIENTED_EDGE('',*,*,#4036,.T.);
#6087 = ORIENTED_EDGE('',*,*,#4110,.T.);
#6088 = ORIENTED_EDGE('',*,*,#4184,.T.);
#6089 = ORIENTED_EDGE('',*,*,#4258,.T.);
#6090 = ORIENTED_EDGE('',*,*,#4332,.T.);
#6091 = ORIENTED_EDGE('',*,*,#4406,.T.);
#6092 = ORIENTED_EDGE('',*,*,#4480,.T.);
#6093 = ORIENTED_EDGE('',*,*,#4554,.T.);
#6094 = ORIENTED_EDGE('',*,*,#4628,.T.);
#6095 = ORIENTED_EDGE('',*,*,#4702,.T.);
#6096 = ORIENTED_EDGE('',*,*,#4776,.T.);
#6097 = ORIENTED_EDGE('',*,*,#4850,.T.);
#6098 = ORIENTED_EDGE('',*,*,#4924,.T.);
#6099 = ORIENTED_EDGE('',*,*,#4998,.T.);
#6100 = ORIENTED_EDGE('',*,*,#5072,.T.);
#6101 = ORIENTED_EDGE('',*,*,#5146,.T.);
#6102 = ORIENTED_EDGE('',*,*,#5220,.T.);
#6103 = ORIENTED_EDGE('',*,*,#5294,.T.);
#6104 = ORIENTED_EDGE('',*,*,#5368,.T.);
#6105 = ORIENTED_EDGE('',*,*,#5442,.T.);
#6106 = ORIENTED_EDGE('',*,*,#5516,.T.);
#6107 = ORIENTED_EDGE('',*,*,#5590,.T.);
#6108 = ORIENTED_EDGE('',*,*,#5664,.T.);
#6109 = ORIENTED_EDGE('',*,*,#5738,.T.);
#6110 = ORIENTED_EDGE('',*,*,#5812,.T.);
#6111 = ORIENTED_EDGE('',*,*,#5881,.T.);
#6112 = ORIENTED_EDGE('',*,*,#5927,.T.);
#6113 = ( GEOMETRIC_REPRESENTATION_CONTEXT(3) 
GLOBAL_UNCERTAINTY_ASSIGNED_CONTEXT((#6117)) 
GLOBAL_UNIT_ASSIGNED_CONTEXT((#6114,#6115,#6116)) REPRESENTATION_CONTEXT
('Context #1','3D Context with UNIT and UNCERTAINTY') );
#6114 = ( LENGTH_UNIT() NAMED_UNIT(*) SI_UNIT(.MILLI.,.METRE.) );
#6115 = ( NAMED_UNIT(*) PLANE_ANGLE_UNIT() SI_UNIT($,.RADIAN.) );
#6116 = ( NAMED_UNIT(*) SI_UNIT($,.STERADIAN.) SOLID_ANGLE_UNIT() );
#6117 = UNCERTAINTY_MEASURE_WITH_UNIT(LENGTH_MEASURE(1.E-07),#6114,
  'distance_accuracy_value','confusion accuracy');
#6118 = PRODUCT_RELATED_PRODUCT_CATEGORY('part',$,(#7));
ENDSEC;
END-ISO-10303-21;
