rpm,N,ht,Cx,eta,ok,D,L,DF,dH,M,h
50000,4,0.3,150,0.8513695356286706,False,104.19177460614942,145.06583202865477,0.6434902197701158,0.5896361906138637,0.991811763181843,12.89837837583964
50000,4,0.3,170,0.8476399469363632,False,99.773015060171,138.62181312942005,0.5719447706978037,0.6389794398919023,1.0158032156260992,12.246128778826886
50000,4,0.3,185,0.8436331203272603,False,97.13468908467418,134.76079286271565,0.5265568291049066,0.670265512705767,1.0391719605808436,11.844439832147023
50000,4,0.3,200,0.8388375001147549,False,94.96429888279121,131.552933964484,0.48708486113811955,0.697461535898517,1.066434460106531,11.50004394046792
50000,4,0.35,150,0.8500572977539114,False,105.68204548531382,136.334980307227,0.67293118252963,0.5763325004338615,0.9836561568251956,12.14672283874399
50000,4,0.35,170,0.8469723531266237,False,101.11589682248868,130.07033921367886,0.5989231047771775,0.6269105154492254,1.007180291918397,11.51627570624364
50000,4,0.35,185,0.8433646194064212,False,98.38107692760084,126.3025526182171,0.5516756967910839,0.6591997036334768,1.03025962707647,11.127732194742334
50000,4,0.35,200,0.8389176921341827,False,96.12369104261855,123.15931863495805,0.5104251483885711,0.6873829784955114,1.057270391382679,10.794334331416703
50000,4,0.4,150,0.8474067183056424,False,107.65300783185842,128.028588238982,0.7020767644389123,0.5643969143407739,0.9766548979382982,11.431258147156953
50000,4,0.4,170,0.8449757208920069,False,102.92829069801604,121.96120700963742,0.6260233577757962,0.6157781598881403,0.9995978465068946,10.823266069626372
50000,4,0.4,185,0.8417690672210141,False,100.09176858097274,118.30179710515334,0.5771039240822468,0.6488585265479789,1.0223177344357315,10.448460449079738
50000,4,0.4,200,0.8376669249360351,False,97.74444865158536,115.23964928689767,0.5341947647032552,0.6778777522149994,1.049018628274528,10.126728532628901
50000,4,0.45,150,0.8433157861982744,False,110.16854372125499,120.06780161224087,0.7307688877388624,0.5541672024801989,0.9709468771496876,10.745379274361131
50000,4,0.45,170,0.8415644858787616,False,105.2685157809637,114.2111088580808,0.6532157386591808,0.6058014852021778,0.9931674550735451,10.16026456310401
50000,4,0.45,185,0.8387723137473343,False,102.32137907009883,110.67160962925679,0.6028770476343224,0.6393988661772784,1.01544054309698,9.799608450095823
50000,4,0.45,200,0.8350303789186763,False,99.87837132832006,107.71055504230965,0.5584809371143511,0.6690284048642248,1.04183637738653,9.491308369814544
50000,4,0.5,150,0.8376105448022422,False,113.32360233915357,112.3907346758635,0.7588023692258692,0.5460352126228313,0.9668560464538315,10.084721986903938
50000,4,0.5,170,0.8365828197809326,False,108.22510693500926,106.75458468095394,0.6804524836822431,0.5972348710662226,0.9881788154355216,9.522623422248952
50000,4,0.5,185,0.8342302960118909,False,105.15431262600409,103.34343231565492,0.6290312745466671,0.6310013487272541,1.0098927238133946,9.176270664773778
50000,4,0.5,200,0.8308498409497079,False,102.60438482148767,100.4777512852877,0.5833652461984713,0.6610466607688558,1.0357288285253607,8.879012631165043
50000,4,0.55,150,0.8299760990040864,False,117.25620052743496,104.91943481555617,0.785890599398423,0.5406360688672555,0.9646298381284452,9.440998905135473
50000,4,0.55,170,0.8297377633266835,False,111.92762568486519,99.5120198480852,0.7076322728323405,0.590540186245454,0.9848333018290072,8.902195221099626
50000,4,0.55,185,0.8278646993682147,False,108.71488050890352,96.23693907374611,0.6555695885350726,0.624023825441701,1.0058556301081656,8.570503471107841
50000,4,0.55,200,0.824886271198426,False,106.04409405826077,93.48274513679583,0.6089452347188749,0.6541215775152125,1.031101624542224,8.286014910285244
50000,5,0.3,150,0.8497212924028139,False,103.62691315948624,175.94550172273722,0.652855063843083,0.6040858486563414,0.9342926404278652,12.43625880269425
50000,5,0.3,170,0.8455592979237608,False,99.0814785629348,167.49073876648197,0.5777012639561656,0.6539572187734068,0.9562165464809207,11.775071583758859
50000,5,0.3,185,0.8410516611996169,False,96.35246512624119,162.37083121041084,0.5298409157847052,0.6856794571962179,0.9783996121786552,11.36677562289328
50000,5,0.3,200,0.8356519561037963,False,94.0950515869788,158.08266937376618,0.4881887737557701,0.7132231920764694,1.0048007100495908,11.017404483787248
50000,5,0.35,150,0.8460359435260436,False,105.28596093197679,166.00494553059102,0.6769193511527352,0.5962245550772469,0.9287420467782025,11.756008830001456
50000,5,0.35,170,0.8425154401868576,False,100.61475616458702,157.8524444548134,0.6002137690469496,0.6464189236551277,0.9503289362268162,11.119268779798395
50000,5,0.35,185,0.8384143261853136,False,97.80612025555517,152.91781909456495,0.5510244155189089,0.6785765513572737,0.9723728257834598,10.727548127035677
50000,5,0.35,200,0.833340138653623,False,95.47749123940523,148.75778271485407,0.5080140061196675,0.7066929547472778,0.998523231355614,10.389461049505
50000,5,0.4,150,0.8411197041438412,False,107.39486469557903,156.45216301061473,0.7005605872344653,0.5897811158453657,0.9243604381966422,11.103561573589452
50000,5,0.4,170,0.8382713857026661,False,102.58255024286503,148.60669181396383,0.62277244044697,0.6398399802795868,0.9454876967559785,10.490962539577374
50000,5,0.4,185,0.8345724900149969,False,99.6847809649011,143.84287422305894,0.5724566963216037,0.6722676052600425,0.96718069804225,10.112770949754768
50000,5,0.4,200,0.829847502202752,False,97.2793246187074,139.8308295468689,0.528242507063401,0.7007525777242982,0.9930954223695959,9.78783036759276
50000,5,0.45,150,0.8347808586573877,False,110.02279575461773,147.19617884876243,0.7236825874415257,0.5850879010809089,0.9211901550510051,10.47086701267197
50000,5,0.45,170,0.8326518931614587,False,105.04928879340547,139.66280248371123,0.6453740920711191,0.6344590248833835,0.941716918303193,9.882471850030106
50000,5,0.45,185,0.8293945420484696,False,102.05143658056333,135.08550807169166,0.5942141033249206,0.6668361364677219,0.9630423037843135,9.519457515125506
50000,5,0.45,200,0.8250422568483212,False,99.56019352319757,131.22715535789018,0.5489821078723638,0.695482282217006,0.9886452998547324,9.207697863315031
50000,5,0.5,150,0.8288460208759477,False,113.26944550302987,138.12116111035525,0.7383266737030045,0.5828912400293444,0.9191022104373803,9.844488153915504
50000,5,0.5,170,0.8254395815843921,False,108.10882838919127,130.96681572296356,0.6680435114330638,0.6304469012676653,0.9393434074186667,9.29122376390716
50000,5,0.5,185,0.8226846149148651,False,104.99596745619607,126.5869489702001,0.6164008869497157,0.6623856031278389,0.9602537384166211,8.944538419044537
50000,5,0.5,200,0.8187358170902261,False,102.4068986235556,122.8853610811686,0.5703797557983749,0.690953821000014,0.9854407328639406,8.645695874548636
50000,5,0.55,150,0.8309185667290641,False,117.28199011993959,128.96872299929004,0.7128047708657489,0.5858225551380823,0.9168176539318357,9.183715422338464
50000,5,0.55,170,0.8210191276753158,False,111.89595683728302,122.33478938639556,0.6734927537746841,0.629163722704309,0.937686915815139,8.691770621538627
50000,5,0.55,185,0.8140716345056641,False,108.64748383796208,118.26693263870213,0.639049953998012,0.6592418893812976,0.9590285151019415,8.381032782717138
50000,5,0.55,200,0.8106008760995898,False,105.94453903795913,114.7338553472014,0.5925680186130791,0.6873639637965365,0.9837532736172903,8.096453900666031
50000,6,0.3,150,0.8436396279225518,False,103.42148505498112,207.96683318698695,0.6482741165162578,0.6261397408232355,0.8985447137447506,12.207362479934773
50000,6,0.3,170,0.8390554856497324,False,98.80876752966675,197.5935116384817,0.5719929307181524,0.6746345362837296,0.9193570031539252,11.54394553740691
50000,6,0.3,185,0.834061398306061,False,96.03224751817498,191.27603875999003,0.5233089019016642,0.7055625314456494,0.9409031456805147,11.133033319735329
50000,6,0.3,200,0.8280427328193626,True,93.72872800937168,185.94902991844478,0.4809406769247141,0.7324162935311366,0.9667701622927356,10.779911753772819
50000,6,0.35,150,0.8383462801578533,False,105.15999781633451,196.6260692342274,0.6688737339481758,0.6216966943640673,0.8944756555316091,11.565278795655637
50000,6,0.35,170,0.8344191253328532,False,100.43138052970514,186.64356268932798,0.5916439693755291,0.669956272433497,0.9149690514350867,10.925492089683548
50000,6,0.35,185,0.8298404848333519,False,97.58228574850882,180.56712404231013,0.5419851875076143,0.7009885029975581,0.9363576168365414,10.530381942154484
50000,6,0.35,200,0.8241753029020685,True,95.21587580687029,175.43886494918033,0.49856636880006333,0.7280764597959074,0.9620925813523502,10.190931493681763
50000,6,0.4,150,0.831787211691533,False,107.33395354383379,185.6463501476303,0.6891208124384115,0.6186252527333669,0.8914628405331854,10.943523259879045
50000,6,0.4,170,0.8285776824801726,False,102.47253614567956,176.06561598356996,0.6114055434433843,0.6661771870513552,0.9115697555151563,10.32858883211156
50000,6,0.4,185,0.8244425125922128,False,99.54102402121671,170.23151916717444,0.5609879620795029,0.6970913448967044,0.9327247502966214,9.94907581365649
50000,6,0.4,200,0.8191731063398024,False,97.10413679418194,165.31251550623827,0.5166844058849038,0.7242137968772033,0.9583085008313785,9.624216330945664
50000,6,0.45,150,0.8307056356919365,False,110.01688000197313,174.71435228429633,0.6833562216181528,0.6187322847751147,0.888373090978398,10.302096311905096
50000,6,0.45,170,0.8213652721991304,False,105.00000919944951,165.79728006146652,0.631364404470261,0.6633643664432933,0.9093806287272621,9.750547979226143
50000,6,0.45,185,0.8177086166972803,False,101.9736316572246,160.2046198299989,0.5804383438887464,0.6939163295906522,0.9302032891489065,9.38616732308975
50000,6,0.45,200,0.8128258986082827,False,99.45591868652745,155.47954130194032,0.5353784084005422,0.7209689547594452,0.9554569683023488,9.07337764442119
50000,6,0.5,150,0.8322035689952553,False,113.31400173813738,163.92162979246785,0.6600366395553294,0.6219724228603803,0.886166207698652,9.658149982841715
50000,6,0.5,170,0.8210500173695693,False,108.11101840130539,155.47403445054996,0.6210171087066756,0.663826480538163,0.9068333287379826,9.14341430146387
50000,6,0.5,185,0.8115001917504511,False,104.97212440858867,150.3404144675937,0.5931130849695729,0.6921107138361831,0.9285342051103711,8.82646403419067
50000,6,0.5,200,0.8049518353357801,False,102.36075904725266,145.89536730198063,0.5548691876733822,0.7183058003412918,0.9539046579046343,8.537900230608964
50000,6,0.55,150,0.8318699429898793,False,117.36769923017222,153.36547529863935,0.6341265175393245,0.6276260724160786,0.8861697554688597,9.032132138678719
50000,6,0.55,170,0.8220202841470144,False,111.94540935221386,145.28027894957407,0.5979465884238218,0.6667888963814835,0.9056349368983054,8.537920372575448
50000,6,0.55,185,0.8132865525314612,False,108.67216682403125,140.371773694713,0.5715086669063288,0.6937944189499408,0.9266089211923664,8.234684459166377
50000,6,0.55,200,0.8037697609842451,False,105.94760827629482,136.22998676051162,0.5463353378805336,0.7184010594184771,0.9521179895593748,7.974695560137176
50000,7,0.3,150,0.8355652623145693,False,103.35076317024286,240.6292149391938,0.6383169888237443,0.6493643152510752,0.8742605185035094,12.087381568824703
50000,7,0.3,170,0.8305541463763071,False,98.696060749138,228.34759313725073,0.562059385890312,0.6958344735407567,0.8942965405444772,11.420247719342246
50000,7,0.3,185,0.8251036339294749,False,95.89054209809017,220.8606072013173,0.5133643218181592,0.7254608989608969,0.9154748947940154,11.008325749069883
50000,7,0.3,200,0.8185363147041018,True,93.5598204566772,214.54361511755818,0.4710345524261511,0.7511174900415958,0.9411334995166031,10.655680041780338
50000,7,0.35,150,0.8289874999374995,False,105.13231754564795,227.77601231527592,0.6567159174706723,0.6470969312879943,0.8710374069311425,11.46604260950368
50000,7,0.35,170,0.8246923738100047,False,100.36765681314489,215.98817099439356,0.5799128642952232,0.6929247651627942,0.8908549617096396,10.824338049503307
50000,7,0.35,185,0.8197067193544061,False,97.49389567585226,208.8093378414979,0.5304996748872959,0.7223896789914147,0.9119429308605721,10.429462917617997
50000,7,0.35,200,0.8134953188905225,True,95.10427609049046,202.72966626501608,0.48728958717102366,0.7481320909644739,0.9374441473057662,10.089175158190494
50000,7,0.4,150,0.8309142099240392,False,107.34422356953873,214.87872159109267,0.6397342499425078,0.6483373852412524,0.8672311988594836,10.809266805250934
50000,7,0.4,170,0.8176178917769119,False,102.44924677106063,204.01438147223791,0.5980171291975778,0.6907438451658476,0.8884467920895387,10.248471804053569
50000,7,0.4,185,0.8130882136826453,False,99.49655832170937,197.12142201424558,0.5480327129580679,0.7199379644712575,0.9092823508979951,9.867843413394459
50000,7,0.4,200,0.8073062672353918,False,97.03987465237472,191.29820355645413,0.504119702748496,0.7455429938233282,0.9346421171121579,9.542001423087157
50000,7,0.45,150,0.8321622745286674,False,110.06177960599582,202.3375091902692,0.61862518028226,0.6513151828153655,0.8647650579959606,10.172171093331933
50000,7,0.45,170,0.8197102206288129,False,105.01246640901962,191.92163891489494,0.5798364997986256,0.6919391814663296,0.8853048130318478,9.633455179698199
50000,7,0.45,185,0.8091729262254315,False,101.96570462585771,185.58587571522364,0.5526419720594391,0.7189791773904739,0.9069977295776274,9.302310511011546
50000,7,0.45,200,0.7996851480502714,False,99.43088717085125,180.14676531814118,0.5215774518712183,0.7435361202157962,0.9327458684587598,9.007149814202808
50000,7,0.5,150,0.8318259151336369,False,113.38611573575174,190.0811320102757,0.5955461940128951,0.6561561057600056,0.8639674847162687,9.551751776174969
50000,7,0.5,170,0.8205707686962628,False,108.1559345278812,180.11768945505582,0.5592577358758227,0.6945081282360009,0.8836727603136441,9.03531279370487
50000,7,0.5,185,0.8107849501465234,False,104.99835148694675,174.05723187863353,0.5332926499841204,0.7205066637617302,0.9048407909861227,8.718131452721641
50000,7,0.5,200,0.8002015908921163,False,102.36989989525894,168.93313925347456,0.5088665827457355,0.7439428224135495,0.9305463579991322,8.445701187973734
50000,7,0.55,150,0.829633147780579,False,117.46063313950675,178.0406607329936,0.5703240958998365,0.6630064235898653,0.8653219434311221,8.945207737957622
50000,7,0.55,170,0.8196595506871336,False,112.01537869531721,168.53116588374255,0.5370835393853645,0.6985724007637846,0.8839848918521633,8.451041920686228
50000,7,0.55,185,0.8106520214997658,False,108.7267629772929,162.74941261429217,0.5126922311842192,0.7232176933526389,0.904501819351968,8.147903252128316
50000,7,0.55,200,0.800735828016809,False,105.98805377283166,157.8667343861603,0.48949135519058795,0.7456978025639014,0.9296754318697971,7.8884571891879585
55000,4,0.3,150,0.8521065441954006,False,103.75202324133028,143.54272464152464,0.693011103250071,0.5683496010140807,1.0166446013339678,12.793343097615622
55000,4,0.3,170,0.8497139670584511,False,99.24904417569759,136.78683076751418,0.6175002059508722,0.619555924195632,1.0354880124936328,12.11596104344613
55000,4,0.3,185,0.8465395271768343,False,96.55062325151867,132.71404616401793,0.5690420193698102,0.6524344252662744,1.0556090769665227,11.698374030741276
55000,4,0.3,200,0.8424500048018633,False,94.32178446149972,129.30869263251913,0.5265979506019371,0.6812281074634714,1.0800605883350491,11.340073733778953
55000,4,0.35,150,0.8488665045590382,False,105.3606559184963,135.27409836418005,0.7198232123226838,0.5583406710136457,1.0097840936700835,12.081174211206761
55000,4,0.35,170,0.8471057369789708,False,100.72202337154914,128.73179575922993,0.6427299598896101,0.6099661995193916,1.028169802855653,11.427258333831848
55000,4,0.35,185,0.8443213897265807,False,97.93657629900123,124.77948694711041,0.5928633880974596,0.6434177243688072,1.0480093529383336,11.024120710034197
55000,4,0.35,200,0.8405691809194755,False,95.63072912745784,121.46709947182428,0.5489727187848135,0.6728716773928838,1.072218251018587,10.678149444499505
55000,4,0.4,150,0.8443517095360749,False,107.43275678246793,127.36475210025571,0.7458829841232284,0.5501169116234319,1.0042444160347537,11.399840714523545
55000,4,0.4,170,0.8432492853870815,False,102.64433128680636,121.04450440664048,0.6677701632210105,0.6016127802387352,1.0220415973864456,10.769458824456333
55000,4,0.4,185,0.8408687703930199,False,99.76434362024462,117.22071932783182,0.6167673125934976,0.6353570599060994,1.041519504791888,10.380947945794915
55000,4,0.4,200,0.8374728074229477,False,97.3766796466188,114.01822151159446,0.5716255308939363,0.6652334915935446,1.065494183234347,10.048942201143982
55000,4,0.45,150,0.8384213625451925,False,110.03629070450835,119.75805237161357,0.7710257927527469,0.5439734395681862,1.0002892310706588,10.745458971932978
55000,4,0.45,170,0.8380191791844586,False,105.079097038173,113.6655021266813,0.6925761746768935,0.5946900684928417,1.0173395420777276,10.138450142798835
55000,4,0.45,185,0.8360660329505222,False,102.09392804469228,109.9757681225298,0.6407764325394558,0.6283902728952657,1.0363551081426763,9.764522571849163
55000,4,0.45,200,0.8330226631222838,False,99.61522254816987,106.87411891392718,0.5946030185949671,0.6585071206398749,1.0598569594768683,9.443731602690256
55000,4,0.5,150,0.8308167906936732,False,113.26883260022998,112.3814276914357,0.7950178150851274,0.5404152874972906,0.998091094773893,10.110096380327144
55000,4,0.5,170,0.8311745050236047,False,108.11759248477534,106.52082210607772,0.7170479593641343,0.5895807259629756,1.0141958970311005,9.526432230930332
55000,4,0.5,185,0.8296845921535818,False,105.01267264429418,102.97016648606308,0.6648710349924333,0.622820828702673,1.0326308505303263,9.167246970106389
55000,4,0.5,200,0.8270327172471059,False,102.43194136169862,99.98327078657876,0.6179746684273856,0.6528317709705703,1.055638830895442,8.85931444821407
55000,4,0.55,150,0.832696483372914,False,117.2766320689567,104.92016433948747,0.7712736178050397,0.542912573964034,0.9952400512940803,9.430949946917885
55000,4,0.55,170,0.8246585549604125,False,111.89363487723122,99.51858803462335,0.7325712697135216,0.5871122106843707,1.0125839394669558,8.92054604832128
55000,4,0.55,185,0.8214432076229377,False,108.64939762964096,96.16336691374848,0.6890756578496087,0.6188586137293852,1.030912504807426,8.58743861101824
55000,4,0.55,200,0.8192221389453778,False,105.95098719680944,93.29462341610022,0.6418339496659995,0.6483933447718218,1.0532902699651845,8.292211008857588
55000,5,0.3,150,0.8464533547346536,False,103.4290781748662,175.24329654839096,0.6929149759539963,0.5923003051645159,0.9659886135736797,12.413887160638708
55000,5,0.3,170,0.8436510243116255,False,98.82533414715456,166.49727374812798,0.6153837665291493,0.6424547006151338,0.9829103558363393,11.73122545960982
55000,5,0.3,185,0.8400148669249098,False,96.05670044214223,161.19715083895517,0.5653817545827129,0.6748004667100813,1.0019956325624626,11.311205970313717
55000,5,0.3,200,0.8353477420961363,False,93.76058983967498,156.7246850193829,0.5215038937372366,0.7031951730478749,1.0255841162002672,10.948776587383142
55000,5,0.35,150,0.8411391741354102,False,105.16053113637356,165.66690217323415,0.7145670146070946,0.587403340625187,0.961392124333864,11.760311112076357
55000,5,0.35,170,0.8389977193615531,False,100.43654717068416,157.2401864691858,0.6363634496006051,0.6371019254720055,0.9779660194810639,11.102419584642211
55000,5,0.35,185,0.8357545102702543,False,97.59196247091417,152.11998589117664,0.5854703817055882,0.6695343179380769,0.9967775627196912,10.696344800212213
55000,5,0.35,200,0.8314308553217634,False,95.23033222599656,147.8044174303294,0.5405822295715421,0.6981460922791722,1.0201926028278958,10.347495567769178
55000,5,0.4,150,0.8345435047635071,False,107.3331938391312,156.4193550619023,0.7355156237791615,0.5842205414935407,0.958032833432296,11.12867478550364
55000,5,0.4,170,0.8331081986020413,False,102.47200931828968,148.31270196068832,0.657184560221166,0.6329466534509677,0.9741252692796324,10.495330494997985
55000,5,0.4,185,0.830298556345054,False,99.5422410546977,143.38524087084426,0.6056878501426741,0.6651532617378516,0.9926457922551948,10.104709555736294
55000,5,0.4,200,0.826341274146768,False,97.10757012052393,139.22965708771727,0.5599819997630779,0.6937802794958351,1.0158163318904907,9.769320018726352
55000,5,0.45,150,0.8345137609254419,False,110.02106017045662,147.1955137029677,0.724978585573026,0.584918955138079,0.9544365005712208,10.47161815778494
55000,5,0.45,170,0.8258082459484745,False,104.99935965459628,139.66444381102679,0.6778716697350751,0.6301055535460158,0.9716558501130136,9.907653174942437
55000,5,0.45,185,0.8234919252643896,False,101.97213405786442,134.93835532042465,0.6261215442094257,0.6617229487048909,0.9898439396006369,9.533552860034392
55000,5,0.45,200,0.8199297630442312,False,99.4545853478725,130.94354932058397,0.5798233101933828,0.6901421177238138,1.0126756324722133,9.211225701944366
55000,5,0.5,150,0.8358802417124517,False,113.3295807482193,138.15458836067768,0.7001929934750057,0.589013764129236,0.9521952658794481,9.820255363286165
55000,5,0.5,170,0.826757554876536,False,108.11665635324454,130.9663355109575,0.6620130658160177,0.6311784978476426,0.9687151302806344,9.287238033353448
55000,5,0.5,185,0.8186881619464089,False,104.97356406235552,126.60176324335288,0.6338244404325106,0.6603765216985455,0.9876766667851296,8.958266405385954
55000,5,0.5,200,0.8119045053586893,False,102.35987311445017,122.87263660404064,0.6001653656349688,0.687449314982633,1.010915734189549,8.666929365394038
55000,5,0.55,150,0.8353830645071103,False,117.40109568937655,129.33608434280026,0.6720912021365038,0.5961375337352633,0.9524841868361632,9.187646910081865
55000,5,0.55,170,0.8275956757637694,False,111.96376264342724,122.4372894683231,0.6373768311994182,0.6350016057101086,0.967647527109727,8.675665028498758
55000,5,0.55,185,0.8203479538560831,False,108.68340579158547,118.24988939053759,0.6109356224297784,0.6626266639612508,0.9857615970641544,8.360185272101015
55000,5,0.55,200,0.8122922726219174,False,105.9538082191543,114.72642571519886,0.5853187640816151,0.6881926087424789,1.0087604208680832,8.09054901132375
55000,6,0.3,150,0.8376099490769277,False,103.34376367362,207.85610408251296,0.682359332609855,0.6202101189758193,0.9343566798080183,12.230220206138204
55000,6,0.3,170,0.8344395992382637,False,98.68400561647245,197.16935886392386,0.6047287425087643,0.6680239320505713,0.9501574813974476,11.544692879254374
55000,6,0.3,185,0.8303503103461908,False,95.87634101700247,190.66113399361743,0.5545108608288067,0.6989951167179463,0.968571267775531,11.121437411614123
55000,6,0.3,200,0.825117897441535,False,93.54398089578089,185.1651121823465,0.5104414211564545,0.726145007322319,0.9917226915485425,10.757860168202454
55000,6,0.35,150,0.8338288391432679,False,105.1337331747885,196.68194448182638,0.6896819320083748,0.6190541578982444,0.9303419434488207,11.586563829193638
55000,6,0.35,170,0.8282825339635927,False,100.36090889205609,186.53660569208964,0.6231759059478735,0.6651910347368962,0.9464561557419584,10.94523968210119
55000,6,0.35,185,0.8246337406174186,False,97.48326542875337,180.2784446696539,0.572404026592424,0.6958967784942747,0.9647033642947335,10.537896414398965
55000,6,0.35,200,0.8197960842057331,False,95.0910258534093,174.99946984485203,0.5276183455423986,0.7229586881999088,0.9877598202451443,10.189270748641357
55000,6,0.4,150,0.8360635356912295,False,107.35925633630275,185.5997567312599,0.6689586885039411,0.6212792499541027,0.926327980968322,10.924071455438847
55000,6,0.4,170,0.8245783609360433,False,102.45117926219223,176.1162410825744,0.6287546822490695,0.664140310118517,0.9432504915597353,10.346671443715941
55000,6,0.4,185,0.817715499428697,False,99.4926842730355,170.24272890109526,0.5905758684669001,0.6935014686666817,0.961965757322311,9.974957665745645
55000,6,0.4,200,0.813259262656376,False,97.03190752118711,165.16278917137495,0.5451995629233561,0.7203851849523761,0.9847603944609993,9.638549404575286
55000,6,0.45,150,0.8368563199086739,False,110.09386819839938,174.8631395230472,0.646287406923931,0.625466280677388,0.9239760212010788,10.285153094081013
55000,6,0.45,170,0.8265464770967957,False,105.02820121059213,165.74998838217175,0.6084860900976976,0.6660936953160111,0.9401035174129281,9.72952776665309
55000,6,0.45,185,0.8175522493069326,False,101.97284841106321,160.20327042353324,0.5810495512807865,0.6938641971303247,0.95888080187132,9.386362993296371
55000,6,0.45,200,0.807828305501186,False,99.43140989947152,155.53375332278844,0.5553040768431967,0.7188976975639764,0.9825438364244207,9.093611698094556
55000,6,0.5,150,0.8360353035520877,False,113.4387347214479,164.4004951494474,0.6214182130643096,0.6317857236184605,0.9236205484438049,9.665284917322644
55000,6,0.5,170,0.826946810906701,False,108.18883993529454,155.6596279767737,0.58657085836253,0.6696601844528491,0.9387758742694116,9.131458399977143
55000,6,0.5,185,0.8187020516603987,False,105.02084285566885,150.34181245919817,0.5606367770544587,0.6961171227768366,0.9569498615376308,8.802244288690183
55000,6,0.5,200,0.8096234458879308,False,102.38423129449143,145.85719262377063,0.5358583419069857,0.7203244639298921,0.9800445180556383,8.520537573268538
55000,6,0.55,150,0.8333104157644526,False,117.5376001376564,154.1521350734364,0.5941699431850678,0.6403831811866103,0.9258130311449465,9.061431237525412
55000,6,0.55,170,0.8255466485785274,False,112.06921190731754,145.7758934253138,0.5627023714725512,0.6750462167579094,0.9397207492877634,8.548115036986381
55000,6,0.55,185,0.8181005948590533,False,108.76800540901843,140.69587824546136,0.538772058716287,0.6997760109224125,0.9571955034381953,8.233972521564104
55000,6,0.55,200,0.8096799837634048,False,106.01979356718189,136.40079765755024,0.5152763168317986,0.7228793803353479,0.9796086141005135,7.963494437842514
55000,7,0.3,150,0.834231123300749,False,103.34360787645926,240.65183413587877,0.6441961600864013,0.6486633557126642,0.9115711665234956,12.093837398171548
55000,7,0.3,170,0.8238589818386136,False,98.64702828084934,228.39395043905253,0.5917661696497116,0.6921421173145025,0.927844293647935,11.450851244355645
55000,7,0.3,185,0.8193681440596167,False,95.81520347610711,220.70241728067134,0.5419222964485295,0.7214485653348557,0.9458807993582262,11.026353029781118
55000,7,0.3,200,0.8136172049300522,True,93.46035374786537,214.19709549304633,0.4981962342437859,0.7471219236121766,0.9687716238363018,10.661964664600045
55000,7,0.35,150,0.8360607233614057,False,105.17084904746277,227.65958259627791,0.6248351433822235,0.6510498951351276,0.9073611302214007,11.431957532180222
55000,7,0.35,170,0.823407925425649,False,100.36127362469036,216.01610154638487,0.5853037908092941,0.6923080772472916,0.9237817247174489,10.831087380287013
55000,7,0.35,185,0.8127635316064655,False,97.46148003018737,208.925083164604,0.5576740457554314,0.7196479636738786,0.9428230096986583,10.460499663639933
55000,7,0.35,200,0.8071652874623677,False,95.04983464591673,202.69031574070866,0.5142382896550657,0.7450541804601197,0.9656561364120851,10.111714611082053
55000,7,0.4,150,0.8365940082143106,False,107.42695268354863,215.09512294461942,0.6041627322196647,0.6548993394732513,0.9045589238807391,10.794823519363339
55000,7,0.4,170,0.8250371248596163,False,102.48654199327797,203.91012246077116,0.5667327678571337,0.6942467811296258,0.9204383439386028,10.216486203450156
55000,7,0.4,185,0.8150884031386633,False,99.5060309051306,197.10073535755123,0.5401473120583821,0.7207193055942791,0.9391526949884287,9.860439221279883
55000,7,0.4,200,0.8043805854995331,False,97.02651408076566,191.33787017848576,0.5152131166161826,0.7444831617018823,0.962700616986772,9.553798942406267
55000,7,0.45,150,0.8357104657699596,False,110.18505275991141,202.88769286612782,0.5821256913524073,0.6602487831900834,0.9034295917535792,10.17934621734222
55000,7,0.45,170,0.8252801047227607,False,105.09210947705392,192.14999801868512,0.5471044707683123,0.6973528657840768,0.9185841195342783,9.62212602684942
55000,7,0.45,185,0.8160301480105548,False,102.01811453546998,185.6207963823724,0.5218045873490231,0.7227291621213218,0.9368722108111467,9.28027006021645
55000,7,0.45,200,0.8059219891206962,False,99.45958812474856,180.09699903148493,0.49781716057135206,0.7457562238506674,0.9600624099908415,8.986315278665918
55000,7,0.5,150,0.8331826926155984,False,113.54793195246229,190.9434230976988,0.5582527006462445,0.667376603997267,0.9042437490608463,9.578853233815298
55000,7,0.5,170,0.8239692342652958,False,108.27472059107149,180.66005877705072,0.5262062479829398,0.7017546837585036,0.9185256120414846,9.04392372540791
55000,7,0.5,185,0.8154491310706536,False,105.09099210029271,174.41078585792093,0.5024731378464986,0.7257758855296433,0.936272245254378,8.71614738076433
55000,7,0.5,200,0.8059543564525592,False,102.4402349791407,169.12661092330083,0.47966272463116605,0.7478569254220688,0.9590053112252866,8.434733207652146
55000,7,0.55,150,0.8286596201999336,False,117.66032006767409,179.20499893742166,0.5324397962945628,0.6763781052543689,0.9075748195235148,8.991357016407422
55000,7,0.55,170,0.8208206269315964,False,112.17163133332275,169.3691483506035,0.5037811346027903,0.707621420775459,0.9207335535348745,8.47815007058908
55000,7,0.55,185,0.8130986972295745,False,108.85725224740693,163.39807563026991,0.48190578657331784,0.7300116627413281,0.9377866081444843,8.164225520487983
55000,7,0.55,200,0.804273462208025,False,106.09695878351684,158.35975684891457,0.4606244038453338,0.7508618278138657,0.9599678197795251,7.896080498558014
60000,4,0.3,150,0.8498348859707727,False,103.49856906411698,142.74996247221003,0.7339799882216864,0.5541116669190173,1.0474770792139225,12.751034892200822
60000,4,0.3,170,0.8486394103555992,False,98.92962456870349,135.73567698254132,0.6562274278246705,0.6057474983750425,1.0613333428138385,12.0511605751827
60000,4,0.3,185,0.8462016913743843,False,96.1858810538939,131.49402983831465,0.6056793868405427,0.6394034870859162,1.0783122644603678,11.619790180438496
60000,4,0.3,200,0.8427282545922213,False,93.91416668197454,127.93578615557608,0.5610513602732943,0.6691378847993753,1.1000470632778394,11.249744410926182
60000,4,0.35,150,0.8450237823974055,False,105.19349849478492,134.82080172213352,0.7579206456294928,0.5474833567159878,1.0416997383343172,12.068109621286641
60000,4,0.35,170,0.8444748438545036,False,100.4956167103127,128.03842659080996,0.6795322074253531,0.5986877065650335,1.0550847834534085,11.392391122853452
60000,4,0.35,185,0.8424361289501027,False,97.67039409372973,123.93249284829653,0.6280769508204239,0.6324570175119818,1.0717764736993056,10.97608222089283
60000,4,0.35,200,0.8393177816664161,False,95.32806597679324,120.49136818737539,0.5823899310504203,0.6624624932142366,1.0933386742255857,10.620488651540569
60000,4,0.4,150,0.8389488320061034,False,107.3414570533257,127.2185967173271,0.7807746432602585,0.5428840662597326,1.0375031690771868,11.414318787110883
60000,4,0.4,170,0.8390850706181644,False,102.49878244809275,120.67051572149617,0.702403826603329,0.5930494796468191,1.0502722890914633,10.762356674801952
60000,4,0.4,185,0.8374670313389455,False,99.58324825629131,116.70360667902376,0.650376240088894,0.6266101151595507,1.0665852567512124,10.360907672566185
60000,4,0.4,200,0.8346963859612547,False,97.16262123542944,113.36792630834407,0.6038465260110317,0.6567191289414598,1.0877502442443654,10.016698587914096
60000,4,0.45,150,0.8351911595563313,False,110.01314348642254,119.76722729871047,0.7874084209350543,0.5416293104701789,1.03402004202975,10.758976624731146
60000,4,0.45,170,0.8322688278102927,False,105.00436680814256,113.56047772298145,0.7247512369969376,0.5891523992327705,1.0469723592589406,10.153347267731109
60000,4,0.45,185,0.8311032741877052,False,101.98664434400872,109.73554128117364,0.6725477860948814,0.6221220609695102,1.0627993945159044,9.766758751906245
60000,4,0.45,200,0.8287175250035363,False,99.4788673203858,106.51758115327989,0.6254770553034403,0.6520057583917144,1.0835525702729392,9.435523177625207
60000,4,0.5,150,0.8371828287591118,False,113.31557796854192,112.37128317543299,0.7618216322086505,0.5453728841186335,1.0309520208096563,10.084586824863685
60000,4,0.5,170,0.8297373259651732,False,108.1082364425639,106.52329125991247,0.7238707521531574,0.588691118691613,1.044072877987887,9.531625080957964
60000,4,0.5,185,0.8231347483990417,False,104.9715481219107,102.99236935974517,0.6946217872885877,0.6191202998437181,1.0608863188909088,9.192469131462364
60000,4,0.5,200,0.8211673083762697,False,102.36424548094108,99.8938819699477,0.6473575173500351,0.6484483806575074,1.0811087345313297,8.873934654532164
60000,4,0.55,150,0.8372858104979425,False,117.39222134423584,105.20125032861091,0.7319805888214598,0.5529787537596725,1.0308248104279303,9.433094741888832
60000,4,0.55,170,0.831212828160411,False,111.95253271338852,99.56052460377715,0.6979256091796981,0.5925068146904267,1.0423087453037196,8.900109355698376
60000,4,0.55,185,0.8252298166989002,False,108.67325573567605,96.15763831986196,0.6714537460704673,0.6210851347756594,1.0581269368035224,8.574332983191518
60000,4,0.55,200,0.8184218740627013,False,105.94652488466441,93.29465309706843,0.6451216964358051,0.6480193577878176,1.0789725730394017,8.294437576690155
60000,5,0.3,150,0.8409445241324601,False,103.34611486729237,175.1160136800304,0.7256930313274133,0.5861337396209853,1.0024347776849918,12.433344005452
60000,5,0.3,170,0.8394154504055658,False,98.69267122703693,166.10587153665597,0.6473330909840335,0.6353638706100868,1.0144411995705518,11.729814908614161
60000,5,0.3,185,0.8365667175511543,False,95.89080350590787,160.62898681876436,0.5960606521460954,0.6677067807225835,1.03035775183792,11.295685055926631
60000,5,0.3,200,0.8325847289086199,False,93.56453887157774,156.01068226214403,0.5506875091065624,0.6963506449775514,1.0512592401588927,10.922841030828168
60000,5,0.35,150,0.8368290037734575,False,105.13357189911642,165.70817869661747,0.7349129363062854,0.5847497426109609,0.9980037143193118,11.780879611169832
60000,5,0.35,170,0.8333353203600289,False,100.36250324648758,157.1241072811005,0.6667361283781685,0.6321633530904386,1.010212752823745,11.119310481086234
60000,5,0.35,185,0.8309154999764984,False,97.48773887295705,151.84597232028918,0.6150491195972254,0.6641461570759932,1.0259090065609482,10.700940749057919
60000,5,0.35,200,0.8272978300084176,False,95.09891002306259,147.39345381094813,0.569017054018794,0.692692203889144,1.0466276908803531,10.34184429043132
60000,5,0.4,150,0.839145988202716,False,107.36265016030461,156.3811965444149,0.7132591253158058,0.5872435582363495,0.9935487581744327,11.107399689905249
60000,5,0.4,170,0.8294910070718444,False,102.45131703377831,148.34263472252138,0.673214048158802,0.631038171486162,1.0065919775505925,10.510818697137895
60000,5,0.4,185,0.8240555855808033,False,99.49291698121424,143.38332811863864,0.6340940036985252,0.6614996468841363,1.0227919770781324,10.128974132879915
60000,5,0.4,200,0.8208282155425389,False,97.03331801855605,139.09556351551566,0.5876223256887295,0.6897402539979212,1.043241447489368,9.78311861307686
60000,5,0.45,150,0.8400012270136848,False,110.10696630302398,147.37437526582963,0.6891491658968205,0.5921565709793388,0.9910151477643465,10.459597629422598
60000,5,0.45,170,0.831541387750038,False,105.0329583062832,139.62629943091417,0.6518798945276311,0.633314583549414,1.003104089134072,9.884313126874183
60000,5,0.45,185,0.8239039185546831,False,101.97442385643811,134.93240418622744,0.6243049474971412,0.6619495289957639,1.019339240418655,9.53138236561038
60000,5,0.45,200,0.8155284799869733,False,99.4316661696311,130.97106887529864,0.5976812795205919,0.6882750173153408,1.0406123440990327,9.227416546397956
60000,5,0.5,150,0.8392158463220352,False,113.46751728203215,138.6268193609706,0.662326235319147,0.5996724077757525,0.9907876951288138,9.832873949770116
60000,5,0.5,170,0.8320073212365379,False,108.20410290326794,131.1774795777364,0.6285617916425181,0.6375484341473989,1.001776257153002,9.280092199207918
60000,5,0.5,185,0.8251361788996823,False,105.02994633073848,126.65558307241504,0.6025989478338925,0.6646790559436988,1.0172436512879213,8.939466388678444
60000,5,0.5,200,0.8174145729389835,False,102.38939905795779,122.8453956112225,0.5772295815042301,0.6899430481162089,1.0379004904857205,8.647496895298188
60000,5,0.55,150,0.8364818975938897,False,117.58849168517655,130.08387151122713,0.632491686164574,0.6100100557188047,0.9934584324953647,9.223152414711944
60000,5,0.55,170,0.8306503627339967,False,112.10121221969564,122.92370643328604,0.6026626056863996,0.6441131910199106,1.0030254917432344,8.69113845668583
60000,5,0.55,185,0.8245905613626142,False,108.79093217677676,118.58300583823109,0.5788633144910056,0.6692778561781916,1.0176240874005356,8.36419069098314
60000,5,0.55,200,0.8175460554063283,False,106.03606723942013,114.9274449042777,0.5551275436899444,0.6931370560549462,1.037539866011464,8.084369795045912
60000,6,0.3,150,0.838797442000988,False,103.35056001257942,207.83487777185852,0.6769597556132605,0.6208928834834045,0.9724933415338533,12.223727990152645
60000,6,0.3,170,0.8278548250144205,False,98.64590457331812,197.25323899043093,0.6327172361358506,0.6648142955278574,0.9850223963054416,11.576021996593314
60000,6,0.3,185,0.8246554743429328,False,95.81125489645207,190.5787403761039,0.5817684990901941,0.6952167632360922,1.0003834094828066,11.142060868650958
60000,6,0.3,200,0.8201694222380695,False,93.45467124250939,184.92805693145831,0.5366180796997393,0.7222196361262443,1.0208350798592762,10.76799523038615
60000,6,0.35,150,0.8403880578344691,False,105.18957051957543,196.6828351847686,0.6564933739571672,0.6240027994018992,0.9680736227529544,11.558710355107
60000,6,0.35,170,0.8296816541983006,False,100.36820298514816,186.52534921384083,0.6173333530618472,0.6658143936629177,0.9802872946887095,10.939942501544856
60000,6,0.35,185,0.8204603327048844,False,97.46269391934216,180.3410925892565,0.589214849907477,0.6941181192887697,0.9965667638252605,10.557364509549693
60000,6,0.35,200,0.8134999434463349,False,95.04756011078759,175.01439898651407,0.5533119847965208,0.72016534268243,1.0174182624325607,10.213277159061548
60000,6,0.4,150,0.8406690275952718,False,107.46089007516463,185.91836512529446,0.634405022238659,0.6288611045747758,0.96527213415909,10.91946296544706
60000,6,0.4,170,0.831072424591997,False,102.50525052327667,176.13964753791512,0.5977172684223787,0.6683747943139758,0.9768380958845467,10.32297640840804
60000,6,0.4,185,0.8225440154299308,False,99.51707449844743,170.18672994070806,0.5708130779612991,0.6956226775499831,0.9927145026553827,9.9545478053642
60000,6,0.4,200,0.8132392157917087,False,97.03177241822716,165.1679262524892,0.5453510364091586,0.7203448273602441,1.013814802069175,9.639369349553977
60000,6,0.45,150,0.8395010389473905,False,110.23795047206426,175.47310730842693,0.6105219845062816,0.6355737425121977,0.9643539748628015,10.30165512795858
60000,6,0.45,170,0.8310647727506089,False,105.12604876380811,166.0704294148985,0.5767542014762426,0.6723625384856463,0.9751071509130309,9.727178988467866
60000,6,0.45,185,0.8232401354649042,False,102.04239300065947,160.3501419517706,0.5513717501219356,0.6982767146779978,0.990485741291051,9.37293579596421
60000,6,0.45,200,0.8145379928885884,False,99.4764065650994,155.52777143661038,0.5270218809601452,0.7220875391098175,1.0111585011860424,9.070157206571325
60000,6,0.5,150,0.8366556168494141,False,113.62319409528607,165.29300536459763,0.5847713314602655,0.6441990103810887,0.9657618191417259,9.70269008528997
60000,6,0.5,170,0.829477113099666,False,108.32755168751657,156.25368454181938,0.5542227046710642,0.6779188657657536,0.9754508134388422,9.14852596636262
60000,6,0.5,185,0.8223976694177784,False,105.13204533795519,150.76542404386802,0.5306732950673009,0.7022095826564877,0.9902059608515021,8.80835467371245
60000,6,0.5,200,0.8143192201946533,False,102.47210949763408,146.14027827407304,0.5077019900817751,0.7248663108932313,1.010344988196846,8.517892091889578
60000,6,0.55,150,0.8317395347295222,False,117.7626926300574,155.30598438409893,0.5566551406598699,0.6550524418012666,0.9700279665040836,9.116582896901065
60000,6,0.55,170,0.826005905332157,False,112.24748261860728,146.630656019274,0.5298581516094089,0.6852251774907338,0.9784151037161932,8.583413386902855
60000,6,0.55,185,0.8197541396639193,False,108.91900311975553,141.371935372869,0.5084529458000235,0.7075936066645855,0.9923792116334551,8.257039386456832
60000,6,0.55,200,0.8123516845706497,False,106.14785352465991,136.9433329244938,0.4871392146008287,0.7288348314037438,1.0118433314534125,7.978702683461513
60000,7,0.3,150,0.8401661062255101,False,103.41119315229861,240.74154836648103,0.6120652227663455,0.6538706406024268,0.9513378735850164,12.071062595879672
60000,7,0.3,170,0.8283194400866876,False,98.66880015766843,228.30455993749845,0.5735784941918329,0.6941044680496746,0.9629097307629751,11.42857068604862
60000,7,0.3,185,0.818208136529791,False,95.80988683395842,220.72077042747063,0.5463498940335525,0.7210252131983045,0.9788324896815416,11.031364164777075
60000,7,0.3,200,0.807378391588394,False,93.4330024824706,214.3259973711508,0.5211906821138523,0.7449625617578365,1.000034967182767,10.692186629075277
60000,7,0.35,150,0.8401769079848805,False,105.27746276963995,228.071677782967,0.5918846665555826,0.6583019188556912,0.9479563835663026,11.430117162221476
60000,7,0.35,170,0.829373187067506,False,100.42379035512678,216.10502145455868,0.5555840709033071,0.6965468138045671,0.9591145629425646,10.810772450738401
60000,7,0.35,185,0.8199116149801273,False,97.49633491891345,208.80936836813794,0.5294378154947952,0.722552528101239,0.9747834000801552,10.42823433798666
60000,7,0.35,200,0.809646293461958,False,95.0610085885601,202.64839410090298,0.5049571804415972,0.7459342743876439,0.9957342461738891,10.100734542986267
60000,7,0.4,150,0.8388897059728664,False,107.56989990210488,215.80354000998798,0.570495859151083,0.6641137135878177,0.9461692663226685,10.812013529679684
60000,7,0.4,170,0.8291714034586274,False,102.58640297725186,204.30030344267743,0.5367353053895711,0.7000355012447891,0.9567731543958659,10.215393847734914
60000,7,0.4,185,0.8203682447580114,False,99.57959572831385,197.29142775101724,0.5119108724277519,0.7249122145552177,0.9721064278951185,9.847438789925612
60000,7,0.4,200,0.8106659445030707,False,97.0771839949423,191.3732623617224,0.4883985286561635,0.7475251073851917,0.9927709573653828,9.532670536038083
60000,7,0.45,150,0.8361343530802997,False,110.36278806851986,203.87511514346446,0.547868079398064,0.6713241900301858,0.946286807139554,10.214197428285429
60000,7,0.45,170,0.8275792858235453,False,105.22692678112703,192.81816814778045,0.5168715232750112,0.7046599386036301,0.9561296670438746,9.638542594848435
60000,7,0.45,185,0.819468507155244,False,102.12733440115079,186.09328400691254,0.4936099787537238,0.728185493389136,0.9710233930714468,9.284974244140251
60000,7,0.45,200,0.8103458926908592,False,99.54695759937152,180.41679383006422,0.4712690392907176,0.7498463680375806,0.9913136073962784,8.982779672708649
60000,7,0.5,150,0.8316094401701676,False,113.76017917454517,192.2038948301578,0.5235923103675885,0.6801779884803147,0.9486609075749032,9.630802844404318
60000,7,0.5,170,0.8243722529532215,False,108.44332540438661,181.59254276658928,0.4958052819540981,0.7105365834223226,0.9575553252894949,9.076747440243963
60000,7,0.5,185,0.8170325905306814,False,105.23391224488122,175.15392238847625,0.47444222694822735,0.732430239430606,0.9719048081833087,8.738161769613367
60000,7,0.5,200,0.8085329381794392,False,102.56181436859568,169.71704987977103,0.4534863008658543,0.752943539049237,0.9917102077567542,8.448324925785622
60000,7,0.55,150,0.8248812376959714,False,117.90799253722322,180.74178710945597,0.4976198091383229,0.6907258613322542,0.9539560381543751,9.060430844002099
60000,7,0.55,170,0.8192095837613481,False,112.37386839496318,170.56838084682857,0.4734179571446626,0.717754817592066,0.9616390640327775,8.527825949843097
60000,7,0.55,185,0.8127230420893335,False,109.03359394279902,164.39498737238668,0.4539658547933564,0.7379070593560473,0.9752022214708668,8.201600067409206
60000,7,0.55,200,0.8049177666475869,False,106.25213093260369,159.19322689448046,0.4345981895852119,0.7570689995447927,0.994367965705483,7.923641165377083
65000,4,0.3,150,0.8454723165019709,False,103.37174030890009,142.4579530943382,0.7675122438653498,0.545833985328898,1.0830155857911206,12.75219375298775
65000,4,0.3,170,0.8453902548012855,False,98.74662453714399,135.21223952195194,0.6890326661670734,0.596669583309988,1.0919765424278818,12.030884065160134
65000,4,0.3,185,0.8436299057455642,False,95.9656766281318,130.82441273409904,0.6372762188468011,0.6303878687511918,1.1058749577863942,11.586705877825738
65000,4,0.3,200,0.8407292297582931,False,93.66017491747449,127.1456301633101,0.5911932858442013,0.6604432015329408,1.125017846772558,11.207514872245312
65000,4,0.35,150,0.8393082929778926,False,105.13393162359088,134.80262921851195,0.7885522825332637,0.5424378773923323,1.0782724213064978,12.094000864092777
65000,4,0.35,170,0.839901509133227,False,100.38382501070618,127.79786180509522,0.7103632156399726,0.5920390139206915,1.086735273419647,11.396894781407985
65000,4,0.35,185,0.8385577596937485,False,97.52480976781467,123.55381437192003,0.6582109294436036,0.625421345899443,1.1003302693978843,10.967882862471246
65000,4,0.35,200,0.8360011492652945,False,95.15147022771028,119.98470208569363,0.6114351298551826,0.6554730942143087,1.1191445088795873,10.60027207354075
65000,4,0.4,150,0.8393886837394492,False,107.34475712872364,127.21472459193062,0.7784339042865005,0.5432187155630964,1.0733640759577194,11.41184519672632
65000,4,0.4,170,0.8331315776016219,False,102.44986546372398,120.66795493155834,0.731033213176239,0.5890762434970308,1.0829943820522825,10.786216075283406
65000,4,0.4,185,0.8322330309681791,False,99.50289852678674,116.56892544001025,0.6788590462385367,0.6217706539042926,1.0961872014820087,10.372233340697075
65000,4,0.4,200,0.8300568759718777,False,97.05444687529403,113.1204908536601,0.6316834977127599,0.6515065608687396,1.1146623672865659,10.017752307239794
65000,4,0.45,150,0.8409848662175878,False,110.08205054068885,119.83990738569129,0.7534904644920872,0.5477582263708436,1.0699445735536426,10.740035872712175
65000,4,0.45,170,0.8340295397864903,False,105.01593788186102,113.55221092631582,0.716330006731532,0.5902305914140505,1.0788603556484486,10.145813259074279
65000,4,0.45,185,0.8274964582007078,False,101.96551273765694,109.75983212183722,0.6883014684483091,0.6202171807013451,1.0930609376871037,9.782467594498884
65000,4,0.45,200,0.8227306553733735,False,99.43157732404164,106.50880773221382,0.6520067595187126,0.6486229136169789,1.111864452235091,9.457189813353375
65000,4,0.5,150,0.8409151637195376,False,113.44609272664968,112.7186894309016,0.7250094398293377,0.5556391148425951,1.0691850264043576,10.093404172952832
65000,4,0.5,170,0.8352496098785205,False,108.18279993431312,106.63998622075027,0.6915973595023828,0.594463976241282,1.076690300561769,9.519301665612046
65000,4,0.5,185,0.8295174711625051,False,105.01129899226873,102.97352654316374,0.6654744379100354,0.6226722985178685,1.090001253864856,9.16864787189979
65000,4,0.5,200,0.8229095214278133,False,102.37505608008779,99.88846657886249,0.639386514091975,0.6493480351819467,1.108673136513251,8.867399519970952
65000,4,0.55,150,0.838882442905669,False,117.58061180791454,105.80432621836336,0.6926630420438773,0.5671100178519852,1.0717488435847884,9.467506970446376
65000,4,0.55,170,0.8346239047988506,False,112.08588636099222,99.93422700375312,0.6636497433085766,0.6016365369419115,1.0775558351333376,8.913249622370682
65000,4,0.55,185,0.8297313220709157,False,108.77336696324258,96.39634012627681,0.6399223023636695,0.6275971893956392,1.0898101176902826,8.57535480601629
65000,4,0.55,200,0.823825697926443,False,106.01852627429025,93.42149939051548,0.6156389340373271,0.6526648494102778,1.1075851244123034,8.285670736448855
65000,5,0.3,150,0.8411894868408797,False,103.34765087009536,175.11044474956213,0.7245185092894877,0.5862960543087068,1.0411614655217454,12.431617312397655
65000,5,0.3,170,0.8334693963521935,False,98.64668274144614,166.12724439131375,0.6744574552299797,0.6318619483220487,1.049781775419325,11.756448025610474
65000,5,0.3,185,0.8313810855565522,False,95.81589514607398,160.49642279626536,0.6226773696412153,0.6635998841937101,1.0626284962809656,11.310126128157787
65000,5,0.3,200,0.8280423427122797,False,93.46385032921862,155.7460147390401,0.5764251043452847,0.6920298458094807,1.0808716983920181,10.927215340299854
65000,5,0.35,150,0.8430039096636919,False,105.18917699055652,165.7148408109587,0.7030793669151025,0.589632651412769,1.036213429263806,11.75428186746455
65000,5,0.35,170,0.8339701091776113,False,100.36612038257235,157.1157635278483,0.6639303254009308,0.6324991844254656,1.0446818660037684,11.11606551622922
65000,5,0.35,185,0.8259821427460825,False,97.46185873452316,151.90639930809263,0.6354297093849559,0.6619155215250232,1.0586132327030333,10.724296001480047
65000,5,0.35,200,0.8215459323662486,False,95.04899268172217,147.3766318353989,0.5940456870040863,0.6896113611634358,1.0769839279029605,10.36382463250131
65000,5,0.4,150,0.8434863725715781,False,107.4690285128225,156.6750725906395,0.6795684190501876,0.5951284702589706,1.0331214888980853,11.104992324984893
65000,5,0.4,170,0.835586611636403,False,102.50648006146085,148.37305878010673,0.6432162964084871,0.6353398563965381,1.0407922564059788,10.48855919875115
65000,5,0.4,185,0.8283120261954668,False,99.51609458468354,143.34383021746245,0.6161053175166229,0.6635101293986705,1.0542259939025587,10.110587841852814
65000,5,0.4,200,0.8202488135652282,False,97.03050429144855,139.09854037786909,0.5897942170712993,0.6895271250587653,1.0730606380337793,9.785037063166621
65000,5,0.45,150,0.8424960986671249,False,110.26034769130531,147.93195499762302,0.6538131091401699,0.60289263648712,1.0321847389703416,10.479229047006571
65000,5,0.45,170,0.8357850343987111,False,105.13646136869961,139.92532493019868,0.6207522353697805,0.6399712237292154,1.0388791935749726,9.884330590149426
65000,5,0.45,185,0.8292352777180392,False,102.0473622865764,135.0770050866342,0.5953612615438868,0.6665831707177983,1.0517058070063738,9.520018795935156
65000,5,0.45,200,0.8217871102473545,False,99.47840075175455,130.9857768650398,0.5703123586261962,0.6915278043284334,1.0700246343620512,9.20666625621086
65000,5,0.5,150,0.8397923209381974,False,113.66589700857784,139.433885424524,0.6256229664118969,0.6130527632670204,1.033863863916295,9.873128802199899
65000,5,0.5,170,0.8343877360440859,False,108.35262401007459,131.72359724015922,0.596424460514957,0.6464821988630793,1.0393892270888259,9.300353847224372
65000,5,0.5,185,0.8286005837738541,False,105.1487901059012,127.04976636069684,0.5729704703028664,0.6712810004162852,1.0514271726125395,8.948385519597077
65000,5,0.5,200,0.8217884144156535,False,102.4832812636221,123.11411282043812,0.5495018084706254,0.6948631851450537,1.0691194938458561,8.64724310949029
65000,5,0.55,150,0.8349946348103826,False,117.83131485430148,131.14112202274703,0.5949070337424583,0.6256839294828938,1.0388943982529675,9.284485935140307
65000,5,0.55,170,0.8310786672095324,False,112.29345487928097,123.70595611965851,0.5696887634150398,0.6552164631401963,1.0428499069756483,8.730440099460987
65000,5,0.55,185,0.8261425454858667,False,108.9534653819797,119.2113103732415,0.5486436349894365,0.6778012350850662,1.053964642900506,8.391858092707274
65000,5,0.55,200,0.8200206784770552,False,106.17410796059647,115.4308122264306,0.527080228508234,0.6997158591074255,1.0708797480545396,8.102777020546181
65000,6,0.3,150,0.8439607762485899,False,103.4303350690763,208.00124355688226,0.6457864227580143,0.6266941750486978,1.0134061518351687,12.207929728953681
65000,6,0.3,170,0.8339074045698155,False,98.67736140832135,197.15545129659665,0.6074486048318803,0.6676185111424597,1.0208475595694573,11.545997969636733
65000,6,0.3,185,0.8251142865452278,False,95.81352351799349,190.5674329827797,0.5799000200269278,0.695426458086707,1.0341601857018459,11.139271287130763
65000,6,0.3,200,0.8155872107737288,False,93.43352321881676,185.0062795036178,0.5539038670692487,0.7205423492394231,1.052989500357109,10.790066855213214
65000,6,0.35,150,0.8438663086693473,False,105.31065485001925,197.13421861750388,0.6242062219728207,0.6320347718187317,1.0099059510740898,11.563656361502098
65000,6,0.35,170,0.8348729595226414,False,100.44281782584133,186.6774310175427,0.5883797883266378,0.6706280915460796,1.0168340307077315,10.92469286912627
65000,6,0.35,185,0.8267400121558669,False,97.50820032969611,180.3264219987637,0.5620916103149716,0.6973338677303781,1.0298280536179316,10.53239413164199
65000,6,0.35,200,0.8177812717277347,False,95.06799218714093,174.9563579214272,0.5368786069665157,0.7217760523719097,1.0483405543465807,10.1945223580764
65000,6,0.4,150,0.8424494244185752,False,107.62063296621255,186.63334979243234,0.6011527793129035,0.6390062094405436,1.0082222619001118,10.943390501644584
65000,6,0.4,170,0.8345738450083041,False,102.61912309541314,176.567028549538,0.568328740130805,0.6748469583900844,1.0145206918344307,10.328175428397923
65000,6,0.4,185,0.8271089001722994,False,99.60316581702389,170.44355571290814,0.5434391710516485,0.7002779468233824,1.0270671519103893,9.948873308671017
65000,6,0.4,200,0.8187182496574474,False,97.09412850083018,165.27474518685338,0.5193548605113715,0.7237914221953802,1.0452357199303062,9.623709547584639
65000,6,0.45,150,0.8395194087313527,False,110.4349777681846,176.43901800123453,0.5764952382930039,0.6476832340218889,1.0086756487789765,10.343445456557216
65000,6,0.45,170,0.8328589797074658,False,105.27705855526214,166.74489261588445,0.5468805363080653,0.6805034780007831,1.0141060469564196,9.749801844844933
65000,6,0.45,185,0.8261045182102902,False,102.1661013080726,160.8553410607407,0.5237754898091262,0.7043503868711946,1.0261325602324154,9.384687090793486
65000,6,0.45,200,0.8183129434461323,False,99.57712890412668,155.89393437202008,0.5011668199357917,0.7266644191367861,1.0439026075645745,9.07322381313741
65000,6,0.5,150,0.8347862290656504,False,113.85738611579227,166.50455667363835,0.5501948109845266,0.6580930237596029,1.0117749828057014,9.76168868702236
65000,6,0.5,170,0.8294940930711183,False,108.51471317239368,157.16497142319938,0.5239738747929397,0.6876527301853759,1.0160582958295006,9.187611682979698
65000,6,0.5,185,0.823524890097669,False,105.29178082866939,151.50477017527024,0.5029037654824051,0.7096721610314989,1.0274167094158893,8.836284241938843
65000,6,0.5,200,0.8163725825774517,False,102.60919914776073,146.73996703017428,0.4818775943736589,0.7306303241200023,1.0446195108725356,8.536934448026473
65000,6,0.55,150,0.827763684059408,False,118.03538925649381,156.76950965713544,0.5218542814402279,0.670485901143994,1.018173245583309,9.193119764791257
65000,6,0.55,170,0.8241043581592932,False,112.47118314874547,147.77731858101143,0.499389346606515,0.6964461095071948,1.0210198140633429,8.63861899433653
65000,6,0.55,185,0.8190583490267043,False,109.11430008681003,142.34542710137183,0.48069441825429726,0.7163397163004076,1.0315478919237882,8.301435185553208
65000,6,0.55,200,0.812614023103563,False,106.32056905401085,137.76776575323177,0.4613780915692217,0.735775589112704,1.0479882998143963,8.012852797045667
65000,7,0.3,150,0.8431532443048705,False,103.5365595418063,241.30556581687344,0.5814282135769321,0.6614666250233846,0.9947764874654531,12.078901995073096
65000,7,0.3,170,0.8329874530929928,False,98.75085459891817,228.55076164037456,0.5461297194359169,0.6987349471987611,1.0011826034331597,11.418259634662572
65000,7,0.3,185,0.8239390291745993,False,95.86516241243895,220.77448073404395,0.5204813367837484,0.7242704170056242,1.0138196392068932,11.010238881785046
65000,7,0.3,200,0.8140444013168053,True,93.4648073142463,214.20922083247913,0.4963790717692515,0.7473187349789244,1.0321294535418577,10.661252499041964
65000,7,0.35,150,0.8415754541955491,False,105.43613607857,228.90515351102837,0.5606865088015369,0.6675501528507869,0.9921583928387692,11.455137465594206
65000,7,0.35,170,0.8324622951936258,False,100.5396769371915,216.62208047509506,0.5279171046931723,0.702500646804439,0.9981323084955781,10.817619897958222
65000,7,0.35,185,0.8240458380710063,False,97.58634711595964,209.13901129355642,0.5036098566251765,0.726886545135826,1.0105148583106291,10.424522301823973
65000,7,0.35,200,0.8146882843086815,True,95.12881586302876,202.82241247423232,0.4804999078991612,0.7491398058503409,1.0286100038380623,10.088548875202747
65000,7,0.4,150,0.8386579697341915,False,107.76046369258353,216.9027822085928,0.5389830594506657,0.6748382150447564,0.9913767429594706,10.854499000851018
65000,7,0.4,170,0.830672446546916,False,102.73423996389408,205.06944595147797,0.5088940133286568,0.7072727032714394,0.9967233562120826,10.238001062579134
65000,7,0.4,185,0.8229224408607522,False,99.70192198723005,197.87412680513214,0.48612962271844984,0.730320256591317,1.008753657248211,9.85948343219875
65000,7,0.4,200,0.8141197069991548,False,97.17804938559719,191.8027631933696,0.4641854367948115,0.7516195971031535,1.0265516307509333,9.536246957858472
65000,7,0.45,150,0.8341490430730104,False,110.58561919704219,205.21559338941282,0.5159512003418414,0.6835386933969155,0.992698209557194,10.270912776748187
65000,7,0.45,170,0.8274376638086448,False,105.40584522053453,193.82861181448746,0.48892019109575124,0.7131303268389598,0.9972491956663629,9.67602185942823
65000,7,0.45,185,0.8204319518025149,False,102.2803784968844,186.9224837064075,0.4680059172326883,0.7345890670405362,1.0088379903503792,9.312783008788712
65000,7,0.45,200,0.8122085746768414,False,99.67906902745435,181.0840328566718,0.4472929635503163,0.7548291071952871,1.0262038014098398,9.00080397897833
65000,7,0.5,150,0.8277057840920676,False,114.01590196765875,193.79937135155367,0.49160997373898685,0.6936459628291182,0.9966499882641376,9.703237988238689
65000,7,0.5,170,0.8224770537881746,False,108.65348323455312,182.84143016079847,0.4678365640151325,0.720173402250506,1.0001478202902576,9.12871168134248
65000,7,0.5,185,0.8163000095002524,False,105.41783438292227,176.20601832419692,0.44881999793456284,0.7399303411774232,1.0110992757282569,8.778705773685516
65000,7,0.5,200,0.8087575787355253,False,102.72439724275789,170.6118227559461,0.42974769724177486,0.758813082902619,1.0279723366166649,8.47993226026425
65000,7,0.55,150,0.81881317562795,False,118.19843722466001,182.6114451785488,0.46592978672286645,0.7051839201340908,1.0039855466473213,9.150188311937244
65000,7,0.55,170,0.8153734797206275,False,112.61662000437934,172.05980438061502,0.44553583306242484,0.7284810037896846,1.0060933308239803,8.594190152450373
65000,7,0.55,185,0.8101837026218773,False,109.24875858116752,165.68686391349658,0.4286124905383346,0.7463429555427962,1.0162153364294146,8.256907737768188
65000,7,0.55,200,0.803402715308819,False,106.44549517717653,160.31813540613922,0.41118610064891625,0.7637841998283252,1.0323762602344242,7.969067268739277
70000,4,0.3,150,0.8401759557624785,False,103.3370358983455,142.51781792379467,0.7922291155954582,0.5425608482294604,1.1223099439467865,12.782288578535402
70000,4,0.3,170,0.8405209101299035,False,98.66111420336016,135.07780914299693,0.7167737283706653,0.5914551452131961,1.1266049191540586,12.044901366070434
70000,4,0.3,185,0.8394013106107064,False,95.84763678920106,130.55527001812885,0.6645647512503465,0.6246467574748065,1.1374579029334335,11.588146590462596
70000,4,0.3,200,0.8370108182427923,False,93.51254302410419,126.75203751364592,0.6176224366263905,0.6546148208683373,1.1538993999025944,11.197023538894396
70000,4,0.35,150,0.8428625541059503,False,105.15947447870465,134.77680148464927,0.7706786158584118,0.5448525655565571,1.1161579990025348,12.075736406955196
70000,4,0.35,170,0.8351363089715164,False,100.35544264938018,127.8380475764047,0.7311743946680535,0.5895334092230712,1.1218454777004983,11.419621282223707
70000,4,0.35,185,0.833129460236852,False,97.46572712918456,123.50437932273131,0.6840051063323955,0.6216459294605121,1.1327058200695137,10.986790259869247
70000,4,0.35,200,0.8311150681043316,False,95.0654743951273,119.82501030657093,0.6367726952722177,0.6512293564003204,1.1488749727855412,10.609013224176248
70000,4,0.4,150,0.8441769833956438,False,107.43147384567523,127.36910696130546,0.7463005886910716,0.5499672790731606,1.1121339018649372,11.401409574156919
70000,4,0.4,170,0.837634130517956,False,102.47923392913239,120.64137378139182,0.7098380368289978,0.5916973724962293,1.1167955441786896,10.765898985780856
70000,4,0.4,185,0.831350617827372,False,99.49864747144827,116.57684460786757,0.6820303091225293,0.6213835204445216,1.1282448734071486,10.376040504465514
70000,4,0.4,200,0.8242324834779148,False,97.02355482866221,113.1675129839737,0.6549297829598153,0.6489586315791417,1.145399094256395,10.043163292003623
70000,4,0.45,150,0.8439886741653619,False,110.22493844416503,120.24392073273619,0.7189412441938469,0.558017997821297,1.1105806938890392,10.754733022455692
70000,4,0.45,170,0.8386732431027826,False,105.10343180010231,113.72765823186886,0.686096928939496,0.5962255410453511,1.1140214205012877,10.139558213481017
70000,4,0.45,185,0.8331459623196664,False,102.01894280404817,109.79189176017869,0.6601532045516814,0.6241736187422845,1.1247086535571462,9.762678926788393
70000,4,0.45,200,0.8266837311014186,False,99.45556384869897,106.49198581393907,0.6344378232838023,0.6505402874293974,1.1412254297349858,9.4416622128944
70000,4,0.5,150,0.8420691240195722,False,113.641998138597,113.35626713620137,0.6884009178861097,0.5691425898920628,1.1120077783566351,10.131417357804567
70000,4,0.5,170,0.8380844135446455,False,108.32385478312163,107.04892434663707,0.6596981945825323,0.6033006536829871,1.1139749615770123,9.53611012938857
70000,4,0.5,185,0.8333463284617949,False,105.11959398264088,103.24323338500666,0.6360348068176076,0.629113336607622,1.1237568693133781,9.172200401450475
70000,4,0.5,200,0.8275510020160839,False,102.45530111774097,100.05308903317712,0.6120357967927837,0.6539414291250947,1.13949524980164,8.862585419794664
70000,4,0.55,150,0.8380383216686279,False,117.8285819754935,106.6690074435131,0.6544759170154317,0.5834840442779075,1.1171979178226936,9.527984602461972
70000,4,0.55,170,0.8355713993147414,False,112.27810581450072,100.56369161345444,0.6303333097067979,0.6131487607787656,1.1173491606348531,8.951590288048164
70000,4,0.55,185,0.8317034923504542,False,108.9328072079435,96.89080928332575,0.6094601290881775,0.6363742590231931,1.126074433399816,8.601384053100277
70000,4,0.55,200,0.826612843481278,False,106.15089672501689,93.80693179073538,0.5874441824022162,0.6593648627946057,1.1408273978653403,8.30204693704338
70000,5,0.3,150,0.8462411617439106,False,103.42397425874886,175.23493700597336,0.6943654960482817,0.5919279920651829,1.0823139088935698,12.414993071611896
70000,5,0.3,170,0.8377224949086947,False,98.67073931530079,166.07223674925993,0.6560164932823487,0.6339715458613584,1.0861825501447444,11.73494851200664
70000,5,0.3,185,0.8300626998584028,False,95.80934753461075,160.51364938749032,0.6277958937479664,0.6630527192297218,1.0971480441974983,11.316370814109376
70000,5,0.3,200,0.8221389870378119,False,93.43300887988303,155.82308799776754,0.5992952401091783,0.6896540601209256,1.1138375187879295,10.955948387222685
70000,5,0.35,150,0.8464569297709227,False,105.3119221302704,166.1010720868572,0.6713711552224162,0.5978424054943298,1.078435496245155,11.759631068426298
70000,5,0.35,170,0.8390278817788166,False,100.43843498331759,157.24259846588,0.6358194323423583,0.6372303003775409,1.0816444482311485,11.10189428018342
70000,5,0.35,185,0.8320471026014747,False,97.50285061432595,151.8692610601448,0.6090024351851763,0.6650480707246105,1.092199985851614,10.69743083386608
70000,5,0.35,200,0.8242235767164322,False,95.06311980350549,147.3476720168948,0.5831119895593238,0.6907182481483637,1.1086216694814457,10.35176378933672
70000,5,0.4,150,0.8453265840067886,False,107.63505068714623,157.30290294464606,0.6465046703673067,0.6057595848299053,1.0766191799900258,11.130433737572707
70000,5,0.4,170,0.8390400176041467,False,102.6229291653361,148.74395507023587,0.6141596276254573,0.6420929237821732,1.0790020297096912,10.49452841907568
70000,5,0.4,185,0.8327518671187295,False,99.60239637512129,143.5624612821159,0.589166538130405,0.66830626543131,1.0890971518902923,10.105357376162416
70000,5,0.4,200,0.825515848333303,False,97.09114655438056,139.1902839129293,0.5644124328125344,0.6929633015146472,1.1050415205939101,9.770689819528139
70000,5,0.45,150,0.8426589481498776,False,110.46798719751699,148.7895133346805,0.6196476959893502,0.6157445499489991,1.0772248857504874,10.523578801561642
70000,5,0.45,170,0.8376179653180909,False,105.2943315768333,140.52255332768777,0.5908677632251726,0.6486615734790177,1.078568718650703,9.908756629605303
70000,5,0.45,185,0.8320618583661763,False,102.1756359255457,135.52284643243266,0.5678572234181603,0.6730607959883308,1.0880296374984595,9.533166984160097
70000,5,0.45,200,0.8254310637419078,False,99.581966013443,131.30782437711844,0.5446359818683048,0.6963929005308629,1.10344553144476,9.21081796433279
70000,5,0.5,150,0.8381587284752102,False,113.91458373793914,140.5234050367341,0.5908020317386552,0.6277951335859385,1.0808312465062924,9.937110349618472
70000,5,0.5,170,0.8345325390143017,False,108.55068132899137,132.53694428189968,0.5658627444426755,0.6569978950066884,1.0808599448539618,9.342128428941333
70000,5,0.5,185,0.8297748770832691,False,105.31715812325406,127.70968408857594,0.5449889883294058,0.679384432833372,1.08948827650118,8.978609863720399
70000,5,0.5,200,0.8237956105192611,False,102.62724073889166,123.65004169909054,0.5235709736812163,0.7011362257888722,1.1042441270206909,8.668336706579904
70000,5,0.55,150,0.8313320565970495,False,118.12324851383511,132.4545754097364,0.5595481947091873,0.6421706522919666,1.0881680195614514,9.365695373811281
70000,5,0.55,170,0.8293885783761068,False,112.53216656536138,124.73485256396671,0.5386726226978907,0.6674013396127892,1.086521733178349,8.789293018533053
70000,5,0.55,185,0.8255607853219481,False,109.16164592727088,120.0804498351639,0.52031339616658,0.6874485795153135,1.094147739586467,8.438512031205534
70000,5,0.55,200,0.8203173184104275,False,106.35756772138768,116.17257083941193,0.5009632090335798,0.7073620724593807,1.108068483495357,8.139909073698437
70000,6,0.3,150,0.8465985939296423,False,103.56691912210742,208.55787888762038,0.615544474586471,0.6349113192720104,1.0578093054477826,12.220410695996206
70000,6,0.3,170,0.8381155557855154,False,98.76796763619623,197.4255745282108,0.5805660056777557,0.6726558473662202,1.0601008139538597,11.539927924023988
70000,6,0.3,185,0.8303075080748961,False,95.87574695138026,190.66539083594884,0.5547229244691224,0.6989335566780305,1.0701431344127597,11.122357528454147
70000,6,0.3,200,0.8216244863717637,False,93.47124762483779,184.94912232137145,0.5298279376402242,0.7230800845636955,1.0860805238562528,10.76275593271913
70000,6,0.35,150,0.8450067947994583,False,105.48312524219978,197.93403922204473,0.5931808829901624,0.6420530857283101,1.0551780735317005,11.593546602424286
70000,6,0.35,170,0.8376032679375585,False,100.56967202840904,187.19100908172788,0.5610384476676878,0.6771502296378232,1.0569294542950616,10.935943450124427
70000,6,0.35,185,0.8304444864682563,False,97.60752623293453,180.67115464797868,0.5367078127479089,0.7020900681117476,1.0666459312872525,10.532915005524904
70000,6,0.35,200,0.82230739371722,False,95.14400720136365,175.1609249259181,0.5129507419404611,0.7252957651162248,1.0823142355850106,10.186311811157283
70000,6,0.4,150,0.8420349026676035,False,107.8278734685216,187.66582582497915,0.5695194603421249,0.6506801505159231,1.0545877556790744,10.98975372373842
70000,6,0.4,170,0.835813898318319,False,102.78026219672125,177.30743503022842,0.5405969872487011,0.6827927364088482,1.0556509311572677,10.355333984164854
70000,6,0.4,185,0.8293331792978862,False,99.73711343358669,171.01555309259552,0.5178792269758561,0.7062541618089726,1.0649013416472193,9.965243616489275
70000,6,0.4,200,0.8217620810641991,False,97.20540667585739,165.70873062881003,0.4954613432964903,0.7283345859902501,1.080213590364708,9.63140362476922
70000,6,0.45,150,0.8374521498702845,False,110.67662181170351,177.70775076838737,0.5445802379808379,0.6607701940657859,1.056444797314428,10.407041958142822
70000,6,0.45,170,0.8325448656614264,False,105.47175971569808,167.70399470828363,0.5188602495609249,0.6897976290556673,1.056526800913803,9.792083309144244
70000,6,0.45,185,0.8268160514359979,False,102.33335097624052,161.64261498079,0.49808691567604496,0.7115102039026652,1.0652158109025198,9.415849921715541
70000,6,0.45,200,0.8198676787713568,False,99.72179437293856,156.54212085765002,0.4773203146252724,0.7322162335587014,1.0800984009388608,9.095563645053067
70000,6,0.5,150,0.8308686374588513,False,114.13521960180614,167.99904608440687,0.5180143698198598,0.6725293879864372,1.0612423127218895,9.840167092332278
70000,6,0.5,170,0.8275100112316258,False,108.74331239046737,158.34151593307996,0.4957998892670468,0.6981945363588257,1.0600931350129814,9.244722013797446
70000,6,0.5,185,0.8226408506777875,False,105.49216097540597,152.50261101953024,0.477158129634331,0.7179661929398042,1.0680506701161931,8.881686452107449
70000,6,0.5,200,0.8163755183274808,False,102.78671950202859,147.59455283079555,0.4581002294458909,0.737179910214938,1.0823177652745846,8.573086503428293
70000,6,0.55,150,0.8217545900425414,False,118.3512353944226,158.51784298928416,0.4899797810711266,0.6858629900421418,1.069875952525277,9.28976780403816
70000,6,0.55,170,0.8202765706110069,False,112.73500070204783,149.18381955030216,0.47134740201855185,0.7080388645525916,1.0671229686581571,8.7118094218991
70000,6,0.55,185,0.8164287252368178,False,109.34892788049636,143.55577956957845,0.4549754526802613,0.7257088783074335,1.074122785034205,8.36087505514449
70000,6,0.55,200,0.8109463349693616,False,106.53157021608718,138.82885884018808,0.4377260684467627,0.7432923417511503,1.0875660822399051,8.062584292144736
70000,7,0.3,150,0.8439015138545037,False,103.70794279073519,242.2390664114274,0.5523950859744773,0.6705965827139397,1.0413218721534112,12.110121630803022
70000,7,0.3,170,0.8353046064713765,False,98.87956221936858,229.1684128193531,0.5204721322307025,0.704716052596412,1.0426197949481921,11.43134488341399
70000,7,0.3,185,0.8272144493806008,True,95.96828883514122,221.20684235960158,0.49661520107897283,0.7286744880454843,1.0520189377689917,11.01291032274184
70000,7,0.3,200,0.8181403667785865,True,93.54615690333463,214.48853900320668,0.47386207084401044,0.7506092038908576,1.0675111422786947,10.655593054706445
70000,7,0.35,150,0.840863625712373,False,105.63772480165501,230.07796592808455,0.5313274255184167,0.6779894660771424,1.0394571386664575,11.501345629140722
70000,7,0.35,170,0.8333791563654847,False,100.6981302365145,217.47274942314368,0.5021298487031576,0.7095863374513801,1.0402800101015193,10.84517490681508
70000,7,0.35,185,0.8259365178329198,True,97.71938043539247,209.80391578724294,0.47979390615568607,0.7322215573237283,1.049407252207667,10.441572507014593
70000,7,0.35,200,0.8173996766989003,True,95.24060133536696,203.33536399341148,0.45819726442848285,0.7532045682136537,1.0646735783273529,10.097204424993942
70000,7,0.4,150,0.8363970833957566,False,107.99217144934354,218.30964488716947,0.5094263572937624,0.686470772782418,1.0396558251278072,10.91512387700265
70000,7,0.4,170,0.8301407409552137,False,102.92174439449602,206.144144505395,0.48303761019996005,0.7154095915115254,1.0397910275652176,10.279276285503999
70000,7,0.4,185,0.8234042838018486,False,99.86374882430589,198.75930538339344,0.462384512917409,0.7365626794689013,1.0485336325505914,9.889950305960015
70000,7,0.4,200,0.8154414566097101,False,97.31876271086503,192.53435605358823,0.4420933730018667,0.756451669269309,1.0634793699480096,9.55809999068577
70000,7,0.45,150,0.8301916189231332,False,110.84826874955407,206.8610826978604,0.4863914122553751,0.696209929868222,1.0422531508490052,10.346181127234761
70000,7,0.45,170,0.8253641822609465,False,105.62257681336293,195.12508996709886,0.4630774480913302,0.722251867849472,1.0414973566591186,9.7306949249885
70000,7,0.45,185,0.8194417087454294,False,102.47075579353935,188.02129879578723,0.44435336904210393,0.7417149730614814,1.0497426550488038,9.35599249019746
70000,7,0.45,200,0.8120976324620234,False,99.84811096201875,182.02604096348088,0.42541885996943957,0.7604194163954008,1.0642249880905406,9.035149942142953
70000,7,0.5,150,0.8218573245949407,False,114.31096757215747,195.70224295678594,0.4623746835605368,0.7071104431223204,1.0478712970014066,9.794869332625245
70000,7,0.5,170,0.818728134158917,False,108.90031494642896,184.37076591300993,0.4422086572596189,0.7301407316877464,1.045929824883015,9.197818708548134
70000,7,0.5,185,0.8137171279260929,False,105.6375222683553,177.52077793778656,0.4253286099151681,0.7478952100790388,1.053444680541141,8.834628553366766
70000,7,0.5,200,0.8071224025888807,False,102.9221296815174,171.76129538422802,0.40809208378170087,0.7651579624496182,1.0673723761100709,8.526269434177891
70000,7,0.55,150,0.8107365104791715,False,118.52946265985209,184.78223788566197,0.4371429898815049,0.7193148364461254,1.057314396969113,9.257864622359834
70000,7,0.55,170,0.8097002269003234,False,112.89616695919295,173.82757168849997,0.4201618124875625,0.739246979408239,1.0538111779440187,8.677224304379088
70000,7,0.55,185,0.805812839673904,False,109.49969311456529,167.22406870731027,0.4053256046323087,0.7551122719258638,1.0603936724858722,8.32548400164304
70000,7,0.55,200,0.8000765199922651,False,106.67348715364174,161.67951683513115,0.3897646563873721,0.7708775659339556,1.0735333916899827,8.02724914607042
75000,4,0.3,150,0.8456497263779337,False,103.38113800069024,142.4899935932539,0.7641683365439721,0.5463861576006971,1.1623432734697574,12.754324066841683
75000,4,0.3,170,0.8383271689415315,False,98.64953743180737,135.10422029342212,0.7252876684606022,0.5904130274379314,1.1635814604485168,12.056307607624065
75000,4,0.3,185,0.833814442155245,False,95.80530712428781,130.5755713998314,0.688141165161161,0.6216544831844717,1.1723294653659302,11.61357654348063
75000,4,0.3,200,0.8319267529404044,False,93.44397818027744,126.66368976793063,0.6408828971802849,0.6510939095792151,1.1861605998457407,11.212313425086267
75000,4,0.35,150,0.8467723737062197,False,105.26033679826244,134.99928332566833,0.7402793898085005,0.5519133310976619,1.1574897256565637,12.072740282863926
75000,4,0.35,170,0.8405890511393007,False,100.39972072913208,127.82917573620189,0.7044017593291139,0.5930187899455701,1.1578421026834933,11.395637528586494
75000,4,0.35,185,0.8345006088656328,False,97.47552803356207,123.49788555046636,0.6768952659236878,0.6223938400296254,1.16657154374485,10.980520599710248
75000,4,0.35,200,0.8275164840553404,False,95.04792948294977,119.86836963270858,0.650076776201753,0.6497229887035203,1.1813979820735132,10.62700018816133
75000,4,0.4,150,0.8465140890871413,False,107.58436987223136,127.82200343325175,0.7138481204072589,0.5600584286091503,1.154988554597313,11.42152350343116
75000,4,0.4,170,0.8415105144696129,False,102.57717996250105,120.86671593086449,0.6814745924056342,0.5977505334299675,1.1542832608132998,10.765062189032449
75000,4,0.4,185,0.8361467893394704,False,99.56294809295083,116.66664313175781,0.6557943136758084,0.625421090176875,1.1623568681717078,10.363142792813196
75000,4,0.4,200,0.8297926902119916,False,97.05871444103752,113.14633559224563,0.6303000467203055,0.6515730360326045,1.1766157699230122,10.021142621284604
75000,4,0.45,150,0.8446949692477876,False,110.4270809562007,120.91315114687288,0.6847622033254512,0.5708822963048846,1.155232492673298,10.796378788113584
75000,4,0.45,170,0.8409637596860492,False,105.25090328992162,114.16827381226236,0.6563206789816433,0.6047273224779981,1.1532433364214907,10.159918044339008
75000,4,0.45,185,0.8363536495817511,False,102.13372347540101,110.09943719378849,0.6328201162863019,0.6303548198330625,1.1605333114110419,9.771066587819593
75000,4,0.45,200,0.8306365764783586,False,99.54266769747744,106.68991330679434,0.6089742893151309,0.6550259581286354,1.174120118759706,9.440537328169615
75000,4,0.5,150,0.8410197432872559,False,113.89244061322475,114.23585832662874,0.6529119452785163,0.5844461216013235,1.1588215640459278,10.19383945649964
75000,4,0.5,170,0.8387232579607282,False,108.5186648510443,107.6931957174043,0.6287322147765424,0.6140902785899381,1.1552505630453807,9.576314652617004
75000,4,0.5,185,0.8349324608824407,False,105.281797762943,103.75322221521157,0.6077365353407371,0.637354039098708,1.161585621337819,9.200160506031077
75000,4,0.5,200,0.8298865956317171,False,102.59045824483574,100.45420234834486,0.5858625392575533,0.6602361319757999,1.174361665722986,8.88091794688775
75000,4,0.55,150,0.8350239755091866,False,118.12790625053603,107.76588499315632,0.6183197805903518,0.6007304755394095,1.1667028434392104,9.612435577392302
75000,4,0.55,170,0.8344233870148158,False,112.51964453786796,101.41239975542453,0.5986001376713276,0.625930278543674,1.1611548621818788,9.012162989029404
75000,4,0.55,185,0.8315682116416635,False,109.14133482389056,97.59582640984006,0.5803782562498362,0.6465502780070905,1.1663026753881005,8.64792789974142
75000,4,0.55,200,0.8272589424605805,False,106.3322896614996,94.40120741105522,0.5606769747375214,0.6674032149630571,1.1780412894367756,8.338641286683462
75000,5,0.3,150,0.8489432958564017,False,103.5597093543156,175.69727370320166,0.6645168209595835,0.6002244246742878,1.1269417522124545,12.426983498345951
75000,5,0.3,170,0.8419172592312685,False,98.75659399151355,166.27742336331275,0.6296359867302366,0.638919890599132,1.12563874456015,11.727549690095179
75000,5,0.3,185,0.8351711758008017,False,95.86445743068269,160.5644259882642,0.6031726589409779,0.6663853805142935,1.1333321173574256,11.297662357413328
75000,5,0.3,200,0.8275288537530322,False,93.46133976074802,155.75822792370417,0.5775593381429263,0.6917977574665234,1.1472669756559297,10.93058361988817
75000,5,0.35,150,0.8477274730319116,False,105.48812770951554,166.78816265477712,0.640383682956077,0.6082310592594388,1.1240830732415579,11.790214430503335
75000,5,0.35,170,0.8418088182392652,False,100.56527578477639,157.6733044526529,0.6086325786274053,0.6439430338756394,1.122088515801846,11.11300775595285
75000,5,0.35,185,0.8357292370428644,False,97.59994481873761,152.1492726641181,0.5838509340989879,0.669884679845825,1.129365005485796,10.697428837032993
75000,5,0.35,200,0.8286553229790135,False,95.13484256900401,147.5027727785664,0.5594880688125113,0.694222537440411,1.1429447454965553,10.342861027317337
75000,5,0.4,150,0.8451072004213925,False,107.85027115421545,158.20441055697262,0.6146108649492099,0.6180485002099322,1.1235212429263595,11.178587846014999
75000,5,0.4,170,0.8403909998533479,False,102.78838163126905,149.38468215523721,0.5862791787271201,0.650480988293988,1.1206392104594107,10.522686685105365
75000,5,0.4,185,0.8350192006981847,False,99.73836173573899,144.052370880089,0.5635439850288605,0.6745980336083438,1.1274253386893174,10.122289818192993
75000,5,0.4,200,0.8285243681674054,False,97.20258528043445,139.5575999024149,0.540542006675279,0.6977127032049543,1.140517159361057,9.778753988631053
75000,5,0.45,150,0.8408389579711748,False,110.72201783081948,149.90205474949403,0.5871273188236795,0.6297038830758288,1.125679006991225,10.588871400545347
75000,5,0.45,170,0.8374864079437768,False,105.4969740496755,141.3708700143675,0.5625614011290534,0.6585411160455485,1.1216997975086451,9.95428738051224
75000,5,0.45,185,0.8328766033102041,False,102.3489058555875,136.2112253883783,0.5418410988196215,0.6807532975237974,1.127767917515954,9.565869135404359
75000,5,0.45,200,0.8270039162161101,False,99.7308865385281,131.87289411473384,0.5205587204807801,0.70235887409065,1.140300116629657,9.23448392773485
75000,5,0.5,150,0.8345598270939721,False,114.20857997973724,141.84987513731045,0.5579680243960081,0.6431630933964997,1.1312118934347506,10.019536246020422
75000,5,0.5,170,0.8327844560375235,False,108.79144370293734,133.57860248504636,0.537059843905867,0.668374515938285,1.125746926337159,9.402160465094386
75000,5,0.5,185,0.8290509956309653,False,105.52739618431015,128.59191846674614,0.5186929320279828,0.6883970811845659,1.1309559031069627,9.026498837182872
75000,5,0.5,200,0.8238719052882502,False,102.81277893820837,124.40548076070071,0.4993488653936742,0.7082789368434058,1.1427768593108978,8.706797450978923
75000,5,0.55,150,0.8256726966645072,False,118.45997634226693,134.00898670497267,0.5268276651547861,0.6586082170345349,1.1409916019528232,9.466399696434813
75000,5,0.55,170,0.8258311979562812,False,112.81249127045156,125.9831383795189,0.5097525712267443,0.6800132538094503,1.1336639173355076,8.865486612868304
75000,5,0.55,185,0.8231417583249061,False,109.40998035095394,121.15945484806628,0.49389533635939187,0.6976705193836034,1.1377700899253753,8.501601905740314
75000,5,0.55,200,0.8187865867841678,False,106.57999116849527,117.12259735476788,0.476793477153758,0.7155629050174449,1.1487130663970624,8.19382775700886
75000,6,0.3,150,0.8472157851778751,False,103.74962823116127,209.42789098752735,0.5865254023396154,0.6446841878779942,1.105225869921988,12.255382464094119
75000,6,0.3,170,0.8402214949381932,False,98.90513987073162,198.00946594045897,0.5550471937977951,0.6791080604808257,1.1024124242663107,11.556252505190448
75000,6,0.3,185,0.8333074734367959,False,95.98560851227708,191.08178256904463,0.5310926440403461,0.7036839199867296,1.1092248857593803,11.128055924906503
75000,6,0.3,200,0.8253651515503079,False,93.55811956098131,185.22763533364974,0.5076230664171669,0.7266221155476054,1.1223607429650093,10.759917254604963
75000,6,0.35,150,0.8442327374108654,False,105.69869601768977,199.02267033491498,0.5636744332829842,0.6532476882745535,1.103462778781764,11.643912407167765
75000,6,0.35,170,0.8383918576333668,False,100.7387828648879,187.99537182227323,0.535323918437573,0.6847724387316514,1.1000897066848943,10.96843147519537
75000,6,0.35,185,0.832135288412819,False,97.74975552722525,181.29877096547403,0.5129350016147949,0.7079073418012369,1.106520180328666,10.553254452211073
75000,6,0.35,200,0.8247414843297161,True,95.26371091866773,175.6518260386733,0.4907815739083847,0.7297361024526547,1.1193743349903786,10.198107491644459
75000,6,0.4,150,0.8397860268805308,False,108.07590132132886,188.97795356369886,0.5398349131166746,0.6630623572640263,1.104016365773269,11.05647663907515
75000,6,0.4,170,0.8352159151549742,False,102.98119362279724,178.30755502191707,0.51452965191026,0.6916461389390474,1.0998093802579363,10.400476853874949
75000,6,0.4,185,0.8296854134286886,False,99.9105506335444,171.8438688083796,0.49400964087186633,0.7130977941506221,1.1057732288898883,9.999299801341177
75000,6,0.4,200,0.8228791602981812,False,97.35635335837861,166.39883006825167,0.47334223822959176,0.7336551259597441,1.118245047165309,9.656726494171957
75000,6,0.45,150,0.8335553693901224,False,110.95881615291752,179.23060668006426,0.5146868457819397,0.6743059928231477,1.1072604926566567,10.487472577719926
75000,6,0.45,170,0.8304680462467596,False,105.70452032339477,168.90754166459052,0.4926863490825487,0.6997175412744818,1.1019982965597894,9.851048469771417
75000,6,0.45,185,0.8257591621296494,False,102.53781654344182,162.66736620892388,0.47418565082321784,0.7193290704261464,1.107343458438145,9.463135377683466
75000,6,0.45,200,0.8196209644375035,False,99.90337160807367,157.42387604809608,0.4552695130240004,0.7383973521287441,1.119338360018288,9.133657119945502
75000,6,0.5,150,0.8251103552951604,False,114.45331481923165,169.75314985821868,0.4883227796396101,0.6869135717367321,1.11387337466695,9.936522177230774
75000,6,0.5,170,0.8237960802730878,False,109.00924484133337,159.7541399904496,0.46967425750900615,0.7090605740320087,1.1072311452286587,9.317736982165883
75000,6,0.5,185,0.8200689178410702,False,105.72821075599943,153.73170477627264,0.4534170360017756,0.7266337241189478,1.1117925627855725,8.943146410336528
75000,6,0.5,200,0.8146634642320747,False,102.99945767396649,148.66805044646577,0.43617080956094223,0.7441888715685903,1.1230834438244541,8.623754860847113
75000,6,0.55,150,0.8138016948206079,False,118.70893064456804,160.52188112256695,0.46077341410466066,0.7008571114834469,1.1248234276996871,9.40306275906816
75000,6,0.55,170,0.8146796444836946,False,113.0368563518161,150.817641207484,0.44543724486041336,0.7197168568278811,1.116380630617946,8.799378091284948
75000,6,0.55,185,0.8121061670956253,False,109.61938793477681,144.98663631271637,0.4312980923069022,0.7352650166505368,1.119850313441508,8.43480983271165
75000,6,0.55,200,0.8076214756576882,False,106.77690496908573,140.10487155135763,0.41607043686611545,0.7510355051930097,1.1302910574608351,8.12677590665184
75000,7,0.3,150,0.8428282762511679,False,103.91827598543344,243.4802782680539,0.5250385836362143,0.6806335576509285,1.0906029281302936,12.160552308607977
75000,7,0.3,170,0.8357650482914949,False,99.04660212022648,230.08589235552762,0.4964802123293667,0.7115918530427715,1.0868151056124953,11.463013199682488
75000,7,0.3,185,0.8285758597350348,True,96.10993727195746,221.9390184087434,0.47450626724104705,0.733878587010911,1.093001977726196,11.034131835874463
75000,7,0.3,200,0.8202340754230443,True,93.66692585038875,215.06043202014968,0.453100955380902,0.754646242156228,1.1056695039670161,10.66719147089034
75000,7,0.35,150,0.8384075879572109,False,105.87643065702314,231.55062347850998,0.5039568032286221,0.6889763005019983,1.089540291030303,11.566753490115211
75000,7,0.35,170,0.8325444038754775,False,100.89267843044921,218.60101383459326,0.4780970074906916,0.7173741979426445,1.0851913392243224,10.889673309982376
75000,7,0.35,185,0.8260437523367101,True,97.88818100781107,210.742444136385,0.4577574493846364,0.7382185047281823,1.0910756800550157,10.4752802342305
75000,7,0.35,200,0.8182747980630588,True,95.3883050434591,204.12070659020716,0.43773446653772774,0.7578586437596543,1.1035270197249487,10.122354195374758
75000,7,0.4,150,0.8324073193096029,False,108.26061187945876,219.99817226525116,0.4819725412606821,0.6984068325522829,1.0907430753673784,10.992917015159865
75000,7,0.4,170,0.8279300317334974,True,103.14395713939766,207.48124250511546,0.45903901572260164,0.7240440112910344,1.0856472464823057,10.336327611078902
75000,7,0.4,185,0.8222008341187181,False,100.0594991272899,199.89930733261912,0.4404550006473248,0.7433193932932597,1.091101497867225,9.93566977294369
75000,7,0.4,200,0.8150460573502166,False,97.49311314150366,193.5165144932931,0.4218283018581795,0.7617657677445796,1.1031985358815235,9.59486705387455
75000,7,0.45,150,0.8244977343475864,False,111.14769275765333,208.78528667837062,0.45916578296723676,0.7088647447948137,1.0946864939071674,10.43831562119124
75000,7,0.45,170,0.8216704356571514,False,105.87309872024102,196.68270409932023,0.4393131284526657,0.7315913967869105,1.088605667839625,9.801522007549634
75000,7,0.45,185,0.8168286560288117,False,102.69407536486642,189.36243757287596,0.4225628418183236,0.7491991152142001,1.0934684983938074,9.413426897546373
75000,7,0.45,200,0.8103779343210722,False,100.04908133621561,183.2107038775748,0.40547178517237414,0.766319185778264,1.1050880171428854,9.084326342003804
75000,7,0.5,150,0.8141945720679978,False,114.64411013511132,197.8772210361767,0.4355628988911842,0.72032217276551,1.102036209640893,9.901996506949923
75000,7,0.5,170,0.8133162118870951,False,109.18180363890968,186.1433706642794,0.4185752510290973,0.7402225596800085,1.0945918158142924,9.280472621860811
75000,7,0.5,185,0.8095613368700353,False,105.88964985030275,179.07820150321928,0.40385909253809266,0.7559893964060663,1.098694571931133,8.905159410989349
75000,7,0.5,200,0.8039222307278534,False,103.15131268443467,173.14224202379359,0.38834996417389644,0.7717001719301648,1.109655718563117,8.586329841413775
75000,7,0.55,150,0.8007527703722529,False,118.90010702366568,187.24235854921406,0.41110102506093776,0.7328098343410999,1.1137457343843549,9.382607196879334
75000,7,0.55,170,0.8023399236745153,False,113.21111494636439,175.8505763181985,0.3970420449587988,0.7498116400048526,1.104546007448565,8.775080761690868
75000,7,0.55,185,0.7998030481227585,False,109.78430155722364,168.99383524512746,0.3839934060533162,0.763912738488519,1.1075329160215712,8.406869980676884
75000,7,0.55,200,0.7951450824619509,False,106.93372958313185,163.26045845468883,0.37015224481145337,0.7781060699798837,1.1176196577422992,8.09732817889834
80000,4,0.3,150,0.8487540544102862,False,103.49295791019047,142.7698301520188,0.7354546513711493,0.553525136635574,1.2060234416417852,12.758072485459737
80000,4,0.3,170,0.8429030272390895,False,98.70551430799527,135.15295323182522,0.7000309198850732,0.5941355637611927,1.2020064580705503,12.038762042812595
80000,4,0.3,185,0.8369796370999362,False,95.82658313609224,130.55279545985528,0.6727691091414799,0.6232567410149304,1.2079807977605082,11.59811440470144
80000,4,0.3,200,0.8301056469267019,False,93.43729555107572,126.69193571084739,0.6460232214487168,0.6504581999319963,1.2203659475249407,11.221668251499999
80000,4,0.35,150,0.8484663807649848,False,105.42101480112551,135.4947284245123,0.7097914573949364,0.5617081875146966,1.2024190486762745,12.098034229031441
80000,4,0.35,170,0.8437579180392654,False,100.50584553053511,128.0970295808377,0.6777726879201245,0.5990002122795673,1.197488709343448,11.399780609781029
80000,4,0.35,185,0.8385336507873234,False,97.54836989921571,123.63105955071282,0.6523020297593867,0.6264483551456367,1.202901087964349,10.972613305468517
80000,4,0.35,200,0.8322622510408325,False,95.09220018906747,119.8825553730026,0.6268585370049615,0.6524903453857508,1.214802236239668,10.607985981731197
80000,4,0.4,150,0.8467481772413061,False,107.79134320204356,128.520204749268,0.681884762073768,0.5722647607824227,1.2014059846625713,11.466932931571568
80000,4,0.4,170,0.8432664928295956,False,102.7296932093103,121.33560463788737,0.6536261899788507,0.6058756522143359,1.1953561704316384,10.788934200368375
80000,4,0.4,185,0.8387678472422924,False,99.68295420895333,117.00269567239711,0.6302514130525927,0.6313576478925375,1.2000904422352345,10.375004679629734
80000,4,0.4,200,0.8331060670837249,False,97.1514922845082,113.36747505323041,0.6064035213973715,0.6559684311052647,1.2114169460271433,10.022143763388975
80000,4,0.45,150,0.8433630218433484,False,110.67937276700414,121.80834973338605,0.6516894972837449,0.5851986356536873,1.2034479928024386,10.861205218751529
80000,4,0.45,170,0.8412516767451538,False,105.44773789965426,114.82742836544068,0.6274542363882093,0.6148423176766495,1.1960137757269595,10.202285574523962
80000,4,0.45,185,0.8375360033536667,False,102.29806123300814,110.62432823580028,0.6064493844652307,0.6380867482080202,1.1999182553066285,9.801140501345728
80000,4,0.45,200,0.8325167202097435,False,99.68005809653303,107.10611705089134,0.5845985055933243,0.6609330329005091,1.2105954829124808,9.460976530313456
80000,4,0.5,150,0.8379419427913858,False,114.19071347344693,115.32959008939228,0.6191693489983323,0.6005103893637185,1.209240768656265,10.278138593736996
80000,4,0.5,170,0.8374263074168204,False,108.75940153100946,108.53893947217941,0.5991080574134073,0.6259945285947457,1.200077909295354,9.636649499663239
80000,4,0.5,185,0.8345994198378757,False,105.48895500393255,104.46439672114347,0.5808244065973176,0.6466919812756159,1.2029952802777677,9.248695106787414
80000,4,0.5,200,0.8302756660125746,False,102.77090320670676,101.05011463676222,0.5609816847928759,0.6676556186517518,1.2127678782155695,8.918327989478128
80000,4,0.55,150,0.8299164118020874,False,118.47476836549903,109.06716873983932,0.5844039473266861,0.6181288308442313,1.2198566479974529,9.71691637194881
80000,4,0.55,170,0.8313405073531266,False,112.8056781631172,102.44803106273994,0.568533066066473,0.639375319305167,1.2085128802746266,9.09054322001253
80000,4,0.55,185,0.8295488100331925,False,109.39269188050693,98.48467337882015,0.5528970947627829,0.6574769120768177,1.2100952231381181,8.71245931730269
80000,4,0.55,200,0.8260283081039503,False,106.55577107416909,95.17460901695885,0.5354401877347785,0.6762370149276883,1.2188003585985183,8.392611845203623
80000,5,0.3,150,0.8496683447744874,False,103.74386248962975,176.43543465728743,0.6354531868084669,0.6102645586981091,1.1746068616488026,12.462412843902426
80000,5,0.3,170,0.8440851380269232,False,98.8915679607413,166.75862130014946,0.6041621066581928,0.6454860222310224,1.168167598031824,11.743325960014525
80000,5,0.3,185,0.8381810674377005,False,95.96991486858309,160.8956939852188,0.5796485266357071,0.6711561601491637,1.1726289966960366,11.302351137881313
80000,5,0.3,200,0.831227113130211,False,93.54171871416969,155.9657720140793,0.5555123174429496,0.6952812167793241,1.1837630986666556,10.92644494331097
80000,5,0.35,150,0.8471106222441088,False,105.70927497553997,167.72871156972593,0.6105587414145323,0.6199254305445703,1.1727684956416962,11.842151760889582
80000,5,0.35,170,0.8426960021126705,False,100.73669541791185,158.3518294788537,0.5825663501500522,0.6519809911848877,1.1655780638040845,11.144719833628303
80000,5,0.35,185,0.8374727095264332,False,97.74204811648923,152.67750360738768,0.5599240775049341,0.6759409300635016,1.1695973328081002,10.717926868026181
80000,5,0.35,200,0.8310848457492601,False,95.25248476175372,147.908619505132,0.5372313014783953,0.6988069238104104,1.180361505212166,10.354504332706057
80000,5,0.4,150,0.8430522840054743,False,108.10816324049541,159.3440882939423,0.5842732866855133,0.631186555190775,1.1734870137188471,11.246641546142216
80000,5,0.4,170,0.8399446072646272,False,102.99522444885984,150.2527176297248,0.5597533880025648,0.6598818650248423,1.165320155373968,10.569529827191253
80000,5,0.4,185,0.8354699916032567,False,99.91551208785411,144.76629072850434,0.5392828177665306,0.6818796854233614,1.1688004266863112,10.157474672447222
80000,5,0.4,200,0.8296753445085354,False,97.35543899008128,140.14854730160013,0.5181135407923828,0.7033650266120608,1.1790526930699938,9.804940418786337
80000,5,0.45,150,0.8372042256350096,False,111.01713290370427,151.24960537382518,0.5566803861209543,0.643972004344818,1.1772800594978552,10.674377904833221
80000,5,0.45,170,0.8356077161727444,False,105.73934011525849,142.42585902585728,0.5357261043730653,0.6691794981456475,1.1678567680505887,10.015820957014629
80000,5,0.45,185,0.8319590625561571,False,102.56077517365732,137.1067628575583,0.5173500949626574,0.6891832779924957,1.1705624064785698,9.615243019030148
80000,5,0.45,200,0.8268255542433629,False,99.9180832782897,132.64193367743272,0.4980150291635226,0.709036716298205,1.1802090725677739,9.274470347273397
80000,5,0.5,150,0.8290921566119267,False,114.54401354360743,143.40333959026,0.5275000648580804,0.6584361913160718,1.1848025691327668,10.120705428145637
80000,5,0.5,170,0.8293068334770565,False,109.07072418488949,134.82629552193413,0.5101357954665322,0.6800814230271062,1.1737634882947343,9.478757294131835
80000,5,0.5,185,0.8266364414671811,False,105.77479953406514,129.6708606064883,0.49410720468413616,0.6978741917367756,1.1755211901949625,9.090028062493177
80000,5,0.5,200,0.8222616833549052,False,103.03466450997887,125.35182707883186,0.4767721229127925,0.7159246882194588,1.1843903377332001,8.76033188822685
80000,5,0.55,150,0.8180570721244784,False,118.83878299815508,135.7991600949783,0.4969753361323342,0.6744104053763701,1.197185563519664,9.587168356511022
80000,5,0.55,170,0.8205190573293997,False,113.13113891207725,127.44104272120738,0.48311243982214125,0.692514690623417,1.184065966945257,8.959062180865326
80000,5,0.55,185,0.8190388612548107,False,109.69481097928447,122.43509355907715,0.4694948235397227,0.7080006361699486,1.1845993702134543,8.580740327607542
80000,5,0.55,200,0.8155688260476164,False,106.83834531510142,118.25146323089864,0.454278961750061,0.7241078594863957,1.1924616234114411,8.261012212801496
80000,6,0.3,150,0.8460832554485941,False,103.9717482380172,210.5654763222988,0.558947633817474,0.6553609775921803,1.1553393797869738,12.309596028642261
80000,6,0.3,170,0.8405754940315011,False,99.08103963151574,198.8528126719517,0.5309160071837237,0.6864924843062149,1.1474287964842784,11.59102103577453
80000,6,0.3,185,0.8345148146802753,False,96.13436296181315,191.75645397206767,0.5089165947565695,0.7092922773051598,1.1510293896583204,11.151995663339694
80000,6,0.3,200,0.8272553853562329,True,93.6844496846551,185.76634841075398,0.48698318026297727,0.7309128555103142,1.1613880029842454,10.775385816165988
80000,6,0.35,150,0.8417556383898601,False,105.95215339601499,200.36532069326773,0.5358695457929817,0.6650151730093248,1.1544782775599813,11.712364161013081
80000,6,0.35,170,0.8375069029116597,False,100.94464836024194,189.0314552851009,0.5110025107574974,0.6931779899265127,1.1459280392606943,11.016348725564978
80000,6,0.35,185,0.832142001067897,False,97.92809636865489,182.16272428977032,0.4906846937534368,0.7144198049272974,1.149115738109223,10.5900589771364
80000,6,0.35,200,0.8254529897311013,True,95.4195793400079,176.37789969563104,0.4701926845494042,0.7348048051648135,1.1591680807152362,10.226227712539435
80000,6,0.4,150,0.8358352096711169,False,108.36151298786051,190.52752198935548,0.5119804699743811,0.6757611930248874,1.156195830194217,11.139091024589945
80000,6,0.4,170,0.8330039833425089,False,103.21725239109617,179.53587941344875,0.49013415062545285,0.7009794102865218,1.1467171941709258,10.461405202869312
80000,6,0.4,185,0.8284307471799748,True,100.1182637286186,172.89302359796736,0.47174454515255115,0.7204628928825,1.1493857307439581,10.048522951379994
80000,6,0.4,200,0.8223701429667942,False,97.54118724744093,167.30586301099052,0.4528310970766103,0.7394755301340431,1.1590177911305357,9.696885999539564
80000,6,0.45,150,0.8279391876205875,False,111.27834243771191,180.99827871494338,0.48703616660551763,0.6877296359224541,1.1609454878635874,10.585084104052456
80000,6,0.45,170,0.826795170745447,False,105.97186832103256,170.33265926464549,0.46835113907717285,0.709868851831296,1.150276667035091,9.925171867730162
80000,6,0.45,185,0.8231387571132152,False,102.77558543474818,163.90331283470692,0.45198664841312175,0.7274822148818347,1.1522547703125758,9.524726726350268
80000,6,0.45,200,0.8178097503143228,False,100.11749948677526,158.51002664903942,0.4348625841156497,0.7449430492143665,1.1613496071563398,9.185475215235716
80000,6,0.5,150,0.8175760582580837,False,114.8093713098108,171.76162327534027,0.4612345267229177,0.7007806425594292,1.1695076477548656,10.051257754982196
80000,6,0.5,170,0.8184804720434559,False,109.30973846399448,161.39242716848744,0.4456556922167448,0.7198412446799802,1.1572846653613238,9.40661732676551
80000,6,0.5,185,0.8159180726994758,False,105.99780846774728,155.16091275015106,0.43136669606988254,0.7355063324061998,1.15835372911404,9.017249348198572
80000,6,0.5,200,0.8114127210373653,False,103.2442345469825,149.93949710428114,0.4159474246682986,0.7514070845006102,1.1666804237710688,8.687533244886108
80000,6,0.55,150,0.803950145196578,False,119.10637485931241,162.79407513198393,0.43448856894718124,0.7149544557296854,1.1829453800312253,9.536023663167775
80000,6,0.55,170,0.8074020033784262,False,113.3745731007597,152.68135250679455,0.42181534739906773,0.7310409474133042,1.1686786178878086,8.902908874113907
80000,6,0.55,185,0.8061930746982607,False,109.92360594782569,146.6296372103521,0.4096303632064001,0.7446965289215423,1.1685582109590225,8.523158584729684
80000,6,0.55,200,0.8027252659302245,False,107.05484884562561,141.5746499489117,0.3961365282371846,0.7588526862607192,1.1759225737590588,8.203278881692949
80000,7,0.3,150,0.8401569917959035,False,104.16273540278617,245.00263581366116,0.4995200193318955,0.6910418091290433,1.1423942426669078,12.229339589213517
80000,7,0.3,170,0.8346455061848994,False,99.24674162803178,231.26014392596937,0.47407025356584176,0.7190128822792644,1.1334937219821193,11.51050966103638
80000,7,0.3,185,0.8283405739200823,True,96.284267129743,222.92301195903988,0.4539827581618363,0.7396073978748134,1.1364777365437189,11.070811282671546
80000,7,0.3,200,0.820720492320378,True,93.81991940175136,215.90072809891305,0.4341823172662391,0.7590418285850744,1.1463961864351562,10.696653712350727
80000,7,0.35,150,0.8343430624299365,False,106.14946423318302,233.2777495531415,0.4783770586658904,0.7002150226129427,1.14213573676446,11.647113784946372
80000,7,0.35,170,0.8301824838949432,True,101.11925962779586,219.97381526750306,0.45573372444705096,0.7255356498165971,1.132619527712282,10.949042108789927
80000,7,0.35,185,0.8246283966261894,True,98.08820214344621,211.91743841747527,0.4373383485297283,0.7446160334581691,1.135258844478717,10.523281937502862
80000,7,0.35,200,0.8176057387556166,True,95.56687959110492,205.13774338447885,0.41888740397378754,0.7628942612093356,1.144898916568704,10.161420927037382
80000,7,0.4,150,0.8268047781682668,False,108.56321326418866,221.949509437784,0.456622322423915,0.7102589378501778,1.144444474550608,11.0868836300657
80000,7,0.4,170,0.8242157032147057,True,103.39780042319613,209.056155056771,0.43681015519196964,0.7328699078398676,1.134072634499365,10.407667924887704
80000,7,0.4,185,0.8195394549253506,False,100.28540739118789,201.27277015691732,0.4202752867724498,0.7502919831838151,1.1362457226949623,9.995899124988258
80000,7,0.4,200,0.8131702210778063,False,97.69722356493051,194.7181385243811,0.4031820707501907,0.7673635339339572,1.145467119699191,9.644608643738367
80000,7,0.45,150,0.8171563959871279,True,111.48180578704,210.98215203638208,0.4343144185263118,0.7211183010558229,1.1498468150533654,10.547715085993586
80000,7,0.45,170,0.8164396641269908,False,106.1559063546674,198.4671657841069,0.41729946975387483,0.7410072193155941,1.1383253916213585,9.885003633039666
80000,7,0.45,185,0.8127517589768297,False,102.94777315290548,190.92564382304377,0.4024906486307923,0.7568074169289571,1.1398114841684783,9.483886505842614
80000,7,0.45,200,0.8071837205295315,False,100.27976165421161,184.59834107920798,0.38702677053282564,0.7724690869036483,1.148515067959607,9.144468680396367
80000,7,0.5,150,0.8048070823685743,True,115.01325213767694,200.33997815629903,0.4113913954909443,0.7328159925732437,1.1590730823749558,10.027792140669096
80000,7,0.5,170,0.8063561424708634,False,109.49595710375628,188.16073478802434,0.39700801322200974,0.7500615074107446,1.1460153406943736,9.377978319769706
80000,7,0.5,185,0.8039078542457709,False,106.17292066406266,180.85425466750507,0.38411786872925296,0.7640859577044983,1.146632771468698,8.987993166793176
80000,7,0.5,200,0.7991894999768555,False,103.41109838057656,174.7147772245069,0.3699954110288938,0.7784621363116613,1.154546427322596,8.655535571771317
80000,7,0.55,150,0.7887664153954275,False,119.31074682941181,189.98139590246134,0.3875331401272867,0.7455480047477036,1.1731489315731791,9.523081713953038
80000,7,0.55,170,0.793221337554092,False,113.5618393072342,178.1055030352816,0.3757870537936604,0.7601280092979543,1.1581069890073845,8.884741057420376
80000,7,0.55,185,0.7922768703562151,False,110.10080997253758,171.00270575635977,0.3646902794980653,0.7724171530529952,1.1575412008908585,8.50292146702719
80000,7,0.55,200,0.7887811851804072,False,107.22393847253103,165.0694668928376,0.3524649839184477,0.7851322281791558,1.1645545712737682,8.18166347999147
85000,4,0.3,150,0.8498151075140303,False,103.6593065145645,143.30227278052655,0.7068185624565474,0.5629250569350149,1.2529109550417756,12.78841890129552
85000,4,0.3,170,0.8454031802195552,False,98.81770165151288,135.456894379885,0.6750238864422068,0.5999425713852361,1.2436783319478748,12.047572365171662
85000,4,0.3,185,0.8403067384344669,False,95.90579677180288,130.7223007117407,0.6496987560956426,0.6272303356125078,1.2463830523784483,11.594777689045218
85000,4,0.3,200,0.8340962124339885,False,93.4882372908651,126.74958421449651,0.6243858973028065,0.6531434396177174,1.2559432075636447,11.208604703548405
85000,4,0.35,150,0.8481984654577454,False,105.63133817749326,136.21929208158463,0.6798730881662458,0.5732373247480628,1.2505439297004022,12.14739091589874
85000,4,0.35,170,0.844977706998559,False,100.66197665901208,128.59093150276468,0.6516972824320788,0.6067104937543766,1.240337824630443,11.427180639418319
85000,4,0.35,185,0.8405837528744037,False,97.67217693785582,123.9919359232224,0.6283980134290685,0.6320967013303506,1.2424583070971298,10.987874555412558
85000,4,0.35,200,0.8349616127100611,False,95.1888248194115,120.13470256005063,0.6046328655330244,0.65662011806469,1.2515261124742112,10.613687529263046
85000,4,0.4,150,0.8450633451373967,False,108.04460815096591,129.43105750950113,0.651008366139296,0.5856492907231605,1.2510366402354165,11.534610909716566
85000,4,0.4,170,0.8431621477424632,False,102.92775590734155,122.00911666559979,0.6266641665262512,0.6153433028343281,1.2396171011451311,10.833750148866214
85000,4,0.4,185,0.8395220461346454,False,99.84865374971727,117.54163738654411,0.6056253946970014,0.638594347158297,1.241016380286108,10.407396071224289
85000,4,0.4,200,0.8345153959041504,False,97.29043162877875,113.79809442724485,0.5836541068898919,0.6614932669268877,1.2494831981590995,10.044886747890406
85000,4,0.45,150,0.8401105422608864,False,110.97595012979332,122.906062031854,0.6202344023352553,0.6001198123077259,1.2549276411967507,10.947193923388193
85000,4,0.45,170,0.8397263867505033,False,105.68714719204706,115.6764738397877,0.5998334253690213,0.6258852316615153,1.2419901442596528,10.263981843492905
85000,4,0.45,185,0.8369264451597217,False,102.50442847609554,111.33440651027257,0.5812489796784664,0.6467992945619857,1.2424929959769824,9.849830322441758
85000,4,0.45,200,0.8325927406458463,False,99.85944102379462,107.70529797329414,0.561409615649097,0.6677883725594393,1.2502580241569734,9.499608662708617
85000,4,0.5,150,0.8328964123736231,False,114.53207327316161,116.62572302269808,0.5876839319161327,0.6165320784131194,1.2630441174561569,10.384244843659976
85000,4,0.5,170,0.8343229368308891,False,109.04064054108933,109.56993583852443,0.5712236546944478,0.638318398218293,1.2482000715777646,9.716414536956638
85000,4,0.5,185,0.8324976848084236,False,105.73625163926626,105.34439767540327,0.5552274574567403,0.6567414515295978,1.2475794022560263,9.313347002571067
85000,4,0.5,200,0.8289115546031491,False,102.990505928192,101.81522508174307,0.5374838818500544,0.6757521131836968,1.2543785239565315,8.97244568131303
85000,4,0.55,150,0.8227009173478944,False,118.86577786799977,110.56941639079109,0.5531587420428901,0.6349819936279708,1.2765111678953984,9.842466848969917
85000,4,0.55,170,0.8263756758586353,False,113.13235391473437,103.66242578287164,0.540492200645844,0.6528513018355507,1.2592363740889057,9.186978700334539
85000,4,0.55,185,0.8257330877543857,False,109.68293614152314,99.54191465032407,0.5271700383121404,0.668667016891198,1.257192070334975,8.793708883657672
85000,4,0.55,200,0.8230387997457508,False,106.81694986014591,96.10952562025534,0.5118118273594746,0.6854486777726966,1.2628254980961258,8.462439408531349
85000,5,0.3,150,0.8486209592564005,False,103.96930767018183,177.4110493347176,0.6075347332368093,0.6213388893234856,1.2250119809230218,12.518260299084385
85000,5,0.3,170,0.8445049237916089,False,99.0673967344122,167.47020057618386,0.5797589360390151,0.6531344985548335,1.2134333105241362,11.778550151768167
85000,5,0.3,185,0.8394185569491056,False,96.11652914357975,161.45663662622553,0.5572659214378276,0.6769327362779048,1.214677452733084,11.326257253134873
85000,5,0.3,200,0.8331058784440694,False,93.66399274799237,156.4045036444878,0.5347173969814222,0.6996592237506832,1.2230318238633366,10.941474128859214
85000,5,0.35,150,0.8447537866088669,False,105.96982248563461,168.89392502393125,0.5822113186745388,0.6322685896978409,1.2242303708022397,11.913291707828996
85000,5,0.35,170,0.8419064999122342,False,100.94628053203957,159.24334918667589,0.5577699608513278,0.6608363218442362,1.2118167208116246,11.194254232222493
85000,5,0.35,185,0.8375464333549629,False,97.92168426135667,153.42150763252886,0.5373797497444258,0.6827372219969813,1.2126130836484175,10.75707714014322
85000,5,0.35,200,0.8318076439728439,False,95.40819509311711,148.52252119505883,0.5162915899660531,0.7041353033719598,1.2205353592356418,10.383242422815728
85000,5,0.4,150,0.8392670212184328,False,108.40402579220986,160.70748583557491,0.5558705261768033,0.6445060123603847,1.2263180275326064,11.33451053647827
85000,5,0.4,170,0.8378715904765985,False,103.23814118388843,151.32794604760403,0.5348242558365349,0.6697529516394355,1.2128155282045634,10.634285498876753
85000,5,0.4,185,0.8343042266858737,False,100.12839139296307,145.6749069459478,0.5164184202552796,0.6897599757834639,1.2129438677108402,10.208605359879899
85000,5,0.4,200,0.8292005757291822,False,97.54368672571265,140.93073480399,0.4970802354187793,0.7096004382819101,1.2203530622257863,9.8466781785366
85000,5,0.45,150,0.8317720470317302,False,111.35108899958156,152.8058753617299,0.5282479215295526,0.6581867969358601,1.2317716646800194,10.776754876453465
85000,5,0.45,170,0.8320921932608546,False,106.01745272505104,143.67579788989852,0.510598264841032,0.6800656512117328,1.2168609235828047,10.093376590392875
85000,5,0.45,185,0.8294517449520613,False,102.8071441341438,138.18804878346293,0.49441047331444077,0.697984542841135,1.2161720393414055,9.679682698467973
85000,5,0.45,200,0.8250675096222386,False,100.13901358040492,133.59098303947414,0.47696044973439244,0.7161234259051041,1.2229165531530741,9.328939308855755
85000,5,0.5,150,0.8217601094256686,False,114.9181967851581,145.18178805123634,0.49963576183902036,0.673102201789742,1.2414747411516056,10.241710477751104
85000,5,0.5,170,0.824148054915516,False,109.38590733448586,136.2680247132865,0.4851619593763972,0.6917279630183331,1.2247238054392242,9.57122635241539
85000,5,0.5,185,0.8226159306256458,False,106.05640342501889,130.9318629855858,0.47124597936359003,0.7074779603474053,1.2229805380308336,9.168208723202717
85000,5,0.5,200,0.8190930422484323,False,103.28920471277611,126.47649249976715,0.45589446908490106,0.7237309098519314,1.2288950442915665,8.82866290618685
85000,5,0.55,150,0.8083854102952654,False,119.25894050100719,137.8169037630163,0.46988239649437236,0.6893263412897116,1.2565965085541722,9.727076485821328
85000,5,0.55,170,0.8133974567153686,False,113.48739482565135,129.09154300930254,0.45852934231903,0.7047268663890703,1.2375121865180958,9.067529810681318
85000,5,0.55,185,0.8132372406842447,False,110.01498679921872,123.8890872954095,0.4468798931599469,0.7182736326459734,1.2344047736262496,8.673421337942273
85000,5,0.55,200,0.8107489299165166,False,107.12957982767759,119.55813453899015,0.4336076159321783,0.7325964221000806,1.2392088827599104,8.34288615229202
85000,6,0.3,150,0.843330923812442,False,104.22887672688883,211.9431651180824,0.5329646116748703,0.6664498895516707,1.2079348535888403,12.38131611718539
85000,6,0.3,170,0.8393844700792389,False,99.2902041136554,199.92994329190253,0.5083044768136787,0.6943703035952603,1.1949333269545224,11.643275349327478
85000,6,0.3,185,0.8341641972980988,False,96.31635106348027,192.65172719542502,0.4881299998991254,0.715458498679694,1.1952968785932734,11.19154846279758
85000,6,0.3,200,0.8275619139029898,True,93.8439869186752,186.52377231669914,0.4677715099407519,0.7357119086890527,1.2028884932707193,10.806256045651503
85000,6,0.35,150,0.8376728587336961,False,106.23970751266458,201.9490270878489,0.5099862969263205,0.6768457591938749,1.208056906770157,11.79898338042444
85000,6,0.35,170,0.8351009515544543,False,101.18305310105039,190.2828353873694,0.4882143114198428,0.7019465266925551,1.19426745129494,11.079466560646969
85000,6,0.35,185,0.8306479993018038,True,98.13814588283874,183.23421074640402,0.46989443189128366,0.7213426846227334,1.1942018293222008,10.641374505064139
85000,6,0.35,200,0.8246543795188611,True,95.60674500735742,177.30721941236877,0.45105699682904715,0.7402725676933071,1.201452295380868,10.26848094105652
85000,6,0.4,150,0.8302315324780013,False,108.68179215740015,192.31017855352866,0.48617430781331106,0.6882976619497604,1.2110003756905352,11.23850605134595
85000,6,0.4,170,0.8292781718854353,False,103.48543519504133,180.97408370208413,0.46741216491879445,0.7104671673618543,1.1961862810734036,10.53701592576932
85000,6,0.4,185,0.8257042646596177,True,100.35689110470389,174.14164004984784,0.4510224528261843,0.7280809136017753,1.195536044785314,10.111531283248182
85000,6,0.4,200,0.8204147350151418,False,97.75583012664873,168.41196337590637,0.4339083176883185,0.745520922430846,1.2023439698823377,9.751365862161729
85000,6,0.45,150,0.8206184347572354,False,111.63297918156309,183.00960079058368,0.4617626151041194,0.7006359088148183,1.2173856295026553,10.700924273015971
85000,6,0.45,170,0.8216012036325432,False,106.27121824388067,171.97334334488596,0.4459428585207037,0.7198926411259977,1.2012245280236127,10.014956364480799
85000,6,0.45,185,0.8190607928041992,False,103.0438423324357,165.3407026543467,0.4315151004622939,0.7356661119201512,1.199796315847163,9.600682885339717
85000,6,0.45,200,0.8145461612664217,False,100.36139155515352,159.7833621519252,0.41599275709318584,0.7516441733793731,1.2059474453169432,9.249957509246107
85000,6,0.5,150,0.8081881500882914,False,115.20275529679796,174.01498197211657,0.4366051960169971,0.7139321809315781,1.2280106409414235,10.183437611004404
85000,6,0.5,170,0.8115270160429766,False,109.64410884923436,163.2378574374748,0.42350507012970257,0.7304014071487029,1.2100715729853468,9.509098572312775
85000,6,0.5,185,0.8102682553455877,False,106.29851790086488,156.79336869568175,0.41116311812642736,0.7442219630180192,1.207648407770002,9.105768135938359
85000,6,0.5,200,0.8067006532702337,False,103.51883614941055,151.40092373429667,0.3973916505836246,0.7586003318168251,1.2129686695188948,8.764446481348513
85000,6,0.55,150,0.7919725973487345,False,119.54493205929947,165.314346083974,0.4106484083575028,0.7282054924193997,1.2440835919249447,9.685199867768931
85000,6,0.55,170,0.7983033513589083,False,113.74873927530594,154.7558695423252,0.4001080110313415,0.741987593500565,1.2238435455970618,9.019440531504413
85000,6,0.55,185,0.7985977017043013,False,110.26165395264677,148.46655180644674,0.3896394256029907,0.7539569485698506,1.220066894145722,8.623322201696537
85000,6,0.55,200,0.7962188467228334,False,107.36474467777319,143.2260050068807,0.37771822305489455,0.7666304222075209,1.224310641530834,8.290730353822495
85000,7,0.3,150,0.8359417184126872,False,104.43911333135311,246.76568859112442,0.4756393989175671,0.7016066793756864,1.1964793170199364,12.312558321987202
85000,7,0.3,170,0.8320871909293092,True,99.47655824862109,232.6652050424684,0.45318361799136464,0.7267072265468808,1.1824654087337405,11.572331805868307
85000,7,0.3,185,0.8266842319080837,True,96.48746840150535,224.12919862548932,0.4349226626990027,0.7456441743607282,1.182242969843999,11.12116458507948
85000,7,0.3,200,0.8197595895652433,True,94.00164410556677,216.9486185433832,0.416606892213053,0.7637929115781629,1.189384888089073,10.738052170756248
85000,7,0.35,150,0.8287248619799422,False,106.45426917066857,235.2556244798609,0.4547215438120611,0.7113136262732186,1.1971267339825098,11.74332734417645
85000,7,0.35,170,0.8263944268310498,True,101.3752396752291,221.57206280136342,0.43497916694648653,0.7338161942406689,1.1823958825153469,11.022259798657771
85000,7,0.35,185,0.8218447194877497,True,98.31614424234233,213.3145435745433,0.4185195809822623,0.7511509482305575,1.181798138351114,10.585484099673817
85000,7,0.35,200,0.815550430958353,True,95.77304209007416,206.36151601604024,0.4014967264904182,0.7681453372615905,1.1885999174463144,10.212941572429745
85000,7,0.4,150,0.8196155399358838,True,108.89800660824706,224.1627233823697,0.43344572317241015,0.7216909255148785,1.2006522655401017,11.198001706913416
85000,7,0.4,170,0.8190794390716327,True,103.6810066091948,210.8622148867959,0.41636693183165974,0.7416023697962473,1.1849373998575348,10.493679363494573
85000,7,0.4,185,0.8154732296863104,True,100.53989275580071,202.8483538789549,0.4015372047372967,0.757400743097535,1.183757817680868,10.067524413567618
85000,7,0.4,200,0.8099528307952607,False,97.92827381226246,196.12757704000785,0.38609551444765355,0.7730347222821303,1.1901395104676298,9.707334670076062
85000,7,0.45,150,0.8081103246944661,True,111.849969965826,213.44038361376587,0.41167477946550196,0.7328041827730617,1.2076091295843627,10.673397491886337
85000,7,0.45,170,0.8097401813629814,False,106.46893845757369,200.48685236499193,0.3971817808414093,0.750154973821562,1.1905841419934762,9.983343106740552
85000,7,0.45,185,0.8072815960526072,False,103.23002251568488,192.70512518993147,0.3840962243327538,0.76431834548205,1.1886497554343223,9.567646456533074
85000,7,0.45,200,0.8026265821776892,False,100.5378249645045,186.1889626094078,0.37012522102386713,0.7786174736261764,1.1944108413220293,9.216835147266538
85000,7,0.5,150,0.7934786073757063,True,115.41977263948151,203.0593981886277,0.389330375376972,0.744688078679881,1.218818420647516,10.167771675815645
85000,7,0.5,170,0.7977267467350043,False,109.8432692828923,190.39767395478376,0.3771149423561795,0.7596625661835099,1.2000345996134778,9.487004596517966
85000,7,0.5,185,0.7967067356541283,False,106.48701431020446,182.8333936381066,0.3658661698485565,0.7721028946925231,1.1971197968295533,9.081413604889232
85000,7,0.5,200,0.7931310038331439,False,103.69817069220576,176.51257953726673,0.353504071422017,0.7849466334933438,1.202079954664718,8.739972333097478
85000,7,0.55,150,0.7748504486910633,False,119.75910605836461,193.047401156922,0.366873806724772,0.7570262609113468,1.2355941926489342,9.686757337478397
85000,7,0.55,170,0.7824629250584686,False,113.94590984478194,180.6339385747722,0.3568750085264778,0.7696743134149415,1.214554824977646,9.012892660656316
85000,7,0.55,185,0.7831810050444561,False,110.44897123994191,173.24521892229885,0.34723371455065555,0.7805190209508001,1.2103101443738817,8.613212447758729
85000,7,0.55,200,0.7809278573972398,False,107.54391101112459,167.0939167263208,0.3364287261007086,0.7919093655031674,1.2141976196616782,8.27887440212377
