S_wing,alt_m,MN,E_case,CDS_m2,wave_m2,E_WD,E_geom,k,CLa,CD0
0.15,0.0,0.05,nom,0.00674580227073586,0.0,1.9757176638694371,1.9757176638694371,0.14370182170072113,2.623262120620711,0.04497201513823907
0.15,0.0,0.05,lo,0.00674580227073586,0.0,1.4,1.9757176638694371,0.14370182170072113,2.623262120620711,0.04497201513823907
0.15,0.0,0.05,hi,0.00674580227073586,0.0,3.0,1.9757176638694371,0.14370182170072113,2.623262120620711,0.04497201513823907
0.15,0.0,0.2,nom,0.005512560779496804,0.0,1.9757176638694371,1.9757176638694371,0.14370182170072113,2.6372024330239507,0.03675040519664536
0.15,0.0,0.2,lo,0.005512560779496804,0.0,1.4,1.9757176638694371,0.14370182170072113,2.6372024330239507,0.03675040519664536
0.15,0.0,0.2,hi,0.005512560779496804,0.0,3.0,1.9757176638694371,0.14370182170072113,2.6372024330239507,0.03675040519664536
0.15,0.0,0.4,nom,0.0049855806583394575,0.0,1.9757176638694371,1.9757176638694371,0.14370182170072113,2.6835672348112802,0.03323720438892972
0.15,0.0,0.4,lo,0.0049855806583394575,0.0,1.4,1.9757176638694371,0.14370182170072113,2.6835672348112802,0.03323720438892972
0.15,0.0,0.4,hi,0.0049855806583394575,0.0,3.0,1.9757176638694371,0.14370182170072113,2.6835672348112802,0.03323720438892972
0.15,0.0,0.6,nom,0.00466115240158348,0.0,1.9757176638694371,1.9757176638694371,0.14370182170072113,2.767455432708234,0.03107434934388987
0.15,0.0,0.6,lo,0.00466115240158348,0.0,1.4,1.9757176638694371,0.14370182170072113,2.767455432708234,0.03107434934388987
0.15,0.0,0.6,hi,0.00466115240158348,0.0,3.0,1.9757176638694371,0.14370182170072113,2.767455432708234,0.03107434934388987
0.15,0.0,0.7,nom,0.004525466195157471,0.0,1.9757176638694371,1.9757176638694371,0.14370182170072113,2.8270784063490093,0.03016977463438314
0.15,0.0,0.7,lo,0.004525466195157471,0.0,1.4,1.9757176638694371,0.14370182170072113,2.8270784063490093,0.03016977463438314
0.15,0.0,0.7,hi,0.004525466195157471,0.0,3.0,1.9757176638694371,0.14370182170072113,2.8270784063490093,0.03016977463438314
0.15,0.0,0.8,nom,0.004399367923352885,0.0,1.9757176638694371,1.9757176638694371,0.14370182170072113,2.9017147294469035,0.029329119489019236
0.15,0.0,0.8,lo,0.004399367923352885,0.0,1.4,1.9757176638694371,0.14370182170072113,2.9017147294469035,0.029329119489019236
0.15,0.0,0.8,hi,0.004399367923352885,0.0,3.0,1.9757176638694371,0.14370182170072113,2.9017147294469035,0.029329119489019236
0.15,0.0,0.85,nom,0.004339302909215179,2.8834986686336715e-15,1.9757176638694371,1.9757176638694371,0.14370182170072113,2.945792562271314,0.028928686061434526
0.15,0.0,0.85,lo,0.004339302909214339,2.0432565896996067e-15,1.4,1.9757176638694371,0.14370182170072113,2.945792562271314,0.028928686061428927
0.15,0.0,0.85,hi,0.004339302909216674,4.378406977927729e-15,3.0,1.9757176638694371,0.14370182170072113,2.945792562271314,0.028928686061444494
0.15,0.0,0.9,nom,0.0042819703715050676,5.165328957354779e-07,1.9757176638694371,1.9757176638694371,0.14370182170072113,2.9951837232251326,0.028546469143367118
0.15,0.0,0.9,lo,0.004281819855509041,3.6601689970893393e-07,1.4,1.9757176638694371,0.14370182170072113,2.9951837232251326,0.02854546570339361
0.15,0.0,0.9,hi,0.00428223816053728,7.843219279477156e-07,3.0,1.9757176638694371,0.14370182170072113,2.9951837232251326,0.02854825440358187
0.15,0.0,0.95,nom,0.004234368672601127,8.122575832104368e-06,1.9757176638694371,1.9757176638694371,0.3277964191614849,3.0506739596425008,0.028229124484007516
0.15,0.0,0.95,lo,0.004232001780575926,5.755683806903289e-06,1.4,1.9757176638694371,0.3277964191614849,3.0506739596425008,0.02821334520383951
0.15,0.0,0.95,hi,0.004238579704926673,1.2333608157649908e-05,3.0,1.9757176638694371,0.3277964191614849,3.0506739596425008,0.028257198032844485
0.15,0.0,0.98,nom,0.004675736494720464,0.0004814383173121664,1.9757176638694371,1.9757176638694371,0.3239080871342772,3.087295562291554,0.03117157663146976
0.15,0.0,0.98,lo,0.004535446944037726,0.00034114876662942785,1.4,1.9757176638694371,0.3239080871342772,3.087295562291554,0.030236312960251508
0.15,0.0,0.98,hi,0.004925331248757072,0.000731033071348774,3.0,1.9757176638694371,0.3239080871342772,3.087295562291554,0.032835541658380485
0.15,0.0,1.0,nom,0.0056062452613963535,0.0014329726495849926,1.9757176638694371,1.9757176638694371,0.32257584717113225,3.100046109371239,0.037374968409309026
0.15,0.0,1.0,lo,0.005188681719148047,0.001015409107336687,1.4,1.9757176638694371,0.32257584717113225,3.100046109371239,0.03459121146098698
0.15,0.0,1.0,hi,0.006349149270389976,0.002175876658578615,3.0,1.9757176638694371,0.32257584717113225,3.100046109371239,0.04232766180259984
0.15,0.0,1.02,nom,0.006727267647138614,0.0025749932218223173,1.9757176638694371,1.9757176638694371,0.32257584717113225,3.100046109371239,0.0448484509809241
0.15,0.0,1.02,lo,0.005976923046157638,0.001824648620841341,1.4,1.9757176638694371,0.32257584717113225,3.100046109371239,0.03984615364105092
0.15,0.0,1.02,hi,0.0080622357556906,0.0039099613303743026,3.0,1.9757176638694371,0.32257584717113225,3.100046109371239,0.053748238371270664
0.15,0.0,1.05,nom,0.008111749538387138,0.003991230912926544,1.9757176638694371,1.9757176638694371,0.32257584717113225,3.100046109371239,0.054078330255914256
0.15,0.0,1.05,lo,0.0069487179073122445,0.00282819928185165,1.4,1.9757176638694371,0.32257584717113225,3.100046109371239,0.0463247860487483
0.15,0.0,1.05,hi,0.010180945657999846,0.006060427032539251,3.0,1.9757176638694371,0.32257584717113225,3.100046109371239,0.06787297105333231
0.15,2500.0,0.05,nom,0.007025015774769582,0.0,1.9757176638694371,1.9757176638694371,0.14370182170072113,2.623262120620711,0.04683343849846388
0.15,2500.0,0.05,lo,0.007025015774769582,0.0,1.4,1.9757176638694371,0.14370182170072113,2.623262120620711,0.04683343849846388
0.15,2500.0,0.05,hi,0.007025015774769582,0.0,3.0,1.9757176638694371,0.14370182170072113,2.623262120620711,0.04683343849846388
0.15,2500.0,0.2,nom,0.0057206447487660565,0.0,1.9757176638694371,1.9757176638694371,0.14370182170072113,2.6372024330239507,0.03813763165844038
0.15,2500.0,0.2,lo,0.0057206447487660565,0.0,1.4,1.9757176638694371,0.14370182170072113,2.6372024330239507,0.03813763165844038
0.15,2500.0,0.2,hi,0.0057206447487660565,0.0,3.0,1.9757176638694371,0.14370182170072113,2.6372024330239507,0.03813763165844038
0.15,2500.0,0.4,nom,0.005165816279388861,0.0,1.9757176638694371,1.9757176638694371,0.14370182170072113,2.6835672348112802,0.034438775195925746
0.15,2500.0,0.4,lo,0.005165816279388861,0.0,1.4,1.9757176638694371,0.14370182170072113,2.6835672348112802,0.034438775195925746
0.15,2500.0,0.4,hi,0.005165816279388861,0.0,3.0,1.9757176638694371,0.14370182170072113,2.6835672348112802,0.034438775195925746
0.15,2500.0,0.6,nom,0.00482555726027024,0.0,1.9757176638694371,1.9757176638694371,0.14370182170072113,2.767455432708234,0.03217038173513493
0.15,2500.0,0.6,lo,0.00482555726027024,0.0,1.4,1.9757176638694371,0.14370182170072113,2.767455432708234,0.03217038173513493
0.15,2500.0,0.6,hi,0.00482555726027024,0.0,3.0,1.9757176638694371,0.14370182170072113,2.767455432708234,0.03217038173513493
0.15,2500.0,0.7,nom,0.004683604311137776,0.0,1.9757176638694371,1.9757176638694371,0.14370182170072113,2.8270784063490093,0.031224028740918508
0.15,2500.0,0.7,lo,0.004683604311137776,0.0,1.4,1.9757176638694371,0.14370182170072113,2.8270784063490093,0.031224028740918508
0.15,2500.0,0.7,hi,0.004683604311137776,0.0,3.0,1.9757176638694371,0.14370182170072113,2.8270784063490093,0.031224028740918508
0.15,2500.0,0.8,nom,0.004551851591144462,0.0,1.9757176638694371,1.9757176638694371,0.14370182170072113,2.9017147294469035,0.030345677274296417
0.15,2500.0,0.8,lo,0.004551851591144462,0.0,1.4,1.9757176638694371,0.14370182170072113,2.9017147294469035,0.030345677274296417
0.15,2500.0,0.8,hi,0.004551851591144462,0.0,3.0,1.9757176638694371,0.14370182170072113,2.9017147294469035,0.030345677274296417
0.15,2500.0,0.85,nom,0.00448912999595519,2.8834986686336715e-15,1.9757176638694371,1.9757176638694371,0.14370182170072113,2.945792562271314,0.029927533306367937
0.15,2500.0,0.85,lo,0.004489129995954351,2.0432565896996067e-15,1.4,1.9757176638694371,0.14370182170072113,2.945792562271314,0.02992753330636234
0.15,2500.0,0.85,hi,0.004489129995956686,4.378406977927729e-15,3.0,1.9757176638694371,0.14370182170072113,2.945792562271314,0.029927533306377905
0.15,2500.0,0.9,nom,0.004429233049872713,5.165328957354779e-07,1.9757176638694371,1.9757176638694371,0.14370182170072113,2.9951837232251326,0.029528220332484756
0.15,2500.0,0.9,lo,0.004429082533876687,3.6601689970893393e-07,1.4,1.9757176638694371,0.14370182170072113,2.9951837232251326,0.029527216892511247
0.15,2500.0,0.9,hi,0.004429500838904926,7.843219279477156e-07,3.0,1.9757176638694371,0.14370182170072113,2.9951837232251326,0.029530005592699506
0.15,2500.0,0.95,nom,0.004379147060190197,8.122575832104368e-06,1.9757176638694371,1.9757176638694371,0.3277964191614849,3.0506739596425008,0.029194313734601317
0.15,2500.0,0.95,lo,0.004376780168164996,5.755683806903289e-06,1.4,1.9757176638694371,0.3277964191614849,3.0506739596425008,0.02917853445443331
0.15,2500.0,0.95,hi,0.004383358092515743,1.2333608157649908e-05,3.0,1.9757176638694371,0.3277964191614849,3.0506739596425008,0.029222387283438286
0.15,2500.0,0.98,nom,0.004819058671232959,0.0004814383173121664,1.9757176638694371,1.9757176638694371,0.3239080871342772,3.087295562291554,0.03212705780821973
0.15,2500.0,0.98,lo,0.00467876912055022,0.00034114876662942785,1.4,1.9757176638694371,0.3239080871342772,3.087295562291554,0.031191794137001468
0.15,2500.0,0.98,hi,0.005068653425269566,0.000731033071348774,3.0,1.9757176638694371,0.3239080871342772,3.087295562291554,0.03379102283513044
0.15,2500.0,1.0,nom,0.005748609838514472,0.0014329726495849926,1.9757176638694371,1.9757176638694371,0.32257584717113225,3.100046109371239,0.03832406559009648
0.15,2500.0,1.0,lo,0.005331046296266167,0.001015409107336687,1.4,1.9757176638694371,0.32257584717113225,3.100046109371239,0.035540308641774446
0.15,2500.0,1.0,hi,0.006491513847508094,0.002175876658578615,3.0,1.9757176638694371,0.32257584717113225,3.100046109371239,0.043276758983387294
0.15,2500.0,1.02,nom,0.006868684646298995,0.0025749932218223173,1.9757176638694371,1.9757176638694371,0.32257584717113225,3.100046109371239,0.045791230975326634
0.15,2500.0,1.02,lo,0.006118340045318018,0.001824648620841341,1.4,1.9757176638694371,0.32257584717113225,3.100046109371239,0.04078893363545346
0.15,2500.0,1.02,hi,0.008203652754850979,0.0039099613303743026,3.0,1.9757176638694371,0.32257584717113225,3.100046109371239,0.054691018365673194
0.15,2500.0,1.05,nom,0.008251763043117845,0.003991230912926544,1.9757176638694371,1.9757176638694371,0.32257584717113225,3.100046109371239,0.055011753620785635
0.15,2500.0,1.05,lo,0.007088731412042949,0.00282819928185165,1.4,1.9757176638694371,0.32257584717113225,3.100046109371239,0.04725820941361966
0.15,2500.0,1.05,hi,0.01032095916273055,0.006060427032539251,3.0,1.9757176638694371,0.32257584717113225,3.100046109371239,0.06880639441820367
0.15,5000.0,0.05,nom,0.007338616844184811,0.0,1.9757176638694371,1.9757176638694371,0.14370182170072113,2.623262120620711,0.048924112294565406
0.15,5000.0,0.05,lo,0.007338616844184811,0.0,1.4,1.9757176638694371,0.14370182170072113,2.623262120620711,0.048924112294565406
0.15,5000.0,0.05,hi,0.007338616844184811,0.0,3.0,1.9757176638694371,0.14370182170072113,2.623262120620711,0.048924112294565406
0.15,5000.0,0.2,nom,0.005953181162430101,0.0,1.9757176638694371,1.9757176638694371,0.14370182170072113,2.6372024330239507,0.039687874416200676
0.15,5000.0,0.2,lo,0.005953181162430101,0.0,1.4,1.9757176638694371,0.14370182170072113,2.6372024330239507,0.039687874416200676
0.15,5000.0,0.2,hi,0.005953181162430101,0.0,3.0,1.9757176638694371,0.14370182170072113,2.6372024330239507,0.039687874416200676
0.15,5000.0,0.4,nom,0.005366789804492217,0.0,1.9757176638694371,1.9757176638694371,0.14370182170072113,2.6835672348112802,0.03577859869661478
0.15,5000.0,0.4,lo,0.005366789804492217,0.0,1.4,1.9757176638694371,0.14370182170072113,2.6835672348112802,0.03577859869661478
0.15,5000.0,0.4,hi,0.005366789804492217,0.0,3.0,1.9757176638694371,0.14370182170072113,2.6835672348112802,0.03577859869661478
0.15,5000.0,0.6,nom,0.005008658655844163,0.0,1.9757176638694371,1.9757176638694371,0.14370182170072113,2.767455432708234,0.03339105770562775
0.15,5000.0,0.6,lo,0.005008658655844163,0.0,1.4,1.9757176638694371,0.14370182170072113,2.767455432708234,0.03339105770562775
0.15,5000.0,0.6,hi,0.005008658655844163,0.0,3.0,1.9757176638694371,0.14370182170072113,2.767455432708234,0.03339105770562775
0.15,5000.0,0.7,nom,0.004859648634923099,0.0,1.9757176638694371,1.9757176638694371,0.14370182170072113,2.8270784063490093,0.032397657566153995
0.15,5000.0,0.7,lo,0.004859648634923099,0.0,1.4,1.9757176638694371,0.14370182170072113,2.8270784063490093,0.032397657566153995
0.15,5000.0,0.7,hi,0.004859648634923099,0.0,3.0,1.9757176638694371,0.14370182170072113,2.8270784063490093,0.032397657566153995
0.15,5000.0,0.8,nom,0.0047215374703354785,0.0,1.9757176638694371,1.9757176638694371,0.14370182170072113,2.9017147294469035,0.031476916468903195
0.15,5000.0,0.8,lo,0.0047215374703354785,0.0,1.4,1.9757176638694371,0.14370182170072113,2.9017147294469035,0.031476916468903195
0.15,5000.0,0.8,hi,0.0047215374703354785,0.0,3.0,1.9757176638694371,0.14370182170072113,2.9017147294469035,0.031476916468903195
0.15,5000.0,0.85,nom,0.004655831497139231,2.8834986686336715e-15,1.9757176638694371,1.9757176638694371,0.14370182170072113,2.945792562271314,0.031038876647594874
0.15,5000.0,0.85,lo,0.004655831497138391,2.0432565896996067e-15,1.4,1.9757176638694371,0.14370182170072113,2.945792562271314,0.031038876647589277
0.15,5000.0,0.85,hi,0.004655831497140726,4.378406977927729e-15,3.0,1.9757176638694371,0.14370182170072113,2.945792562271314,0.03103887664760484
0.15,5000.0,0.9,nom,0.0045930554695734725,5.165328957354779e-07,1.9757176638694371,1.9757176638694371,0.14370182170072113,2.9951837232251326,0.030620369797156485
0.15,5000.0,0.9,lo,0.004592904953577446,3.6601689970893393e-07,1.4,1.9757176638694371,0.14370182170072113,2.9951837232251326,0.030619366357182976
0.15,5000.0,0.9,hi,0.004593323258605685,7.843219279477156e-07,3.0,1.9757176638694371,0.14370182170072113,2.9951837232251326,0.030622155057371238
0.15,5000.0,0.95,nom,0.004540181946725384,8.122575832104368e-06,1.9757176638694371,1.9757176638694371,0.3277964191614849,3.0506739596425008,0.030267879644835894
0.15,5000.0,0.95,lo,0.0045378150547001825,5.755683806903289e-06,1.4,1.9757176638694371,0.3277964191614849,3.0506739596425008,0.030252100364667883
0.15,5000.0,0.95,hi,0.004544392979050929,1.2333608157649908e-05,3.0,1.9757176638694371,0.3277964191614849,3.0506739596425008,0.030295953193672863
0.15,5000.0,0.98,nom,0.004978460309349236,0.0004814383173121664,1.9757176638694371,1.9757176638694371,0.3239080871342772,3.087295562291554,0.03318973539566158
0.15,5000.0,0.98,lo,0.004838170758666498,0.00034114876662942785,1.4,1.9757176638694371,0.3239080871342772,3.087295562291554,0.03225447172444332
0.15,5000.0,0.98,hi,0.005228055063385844,0.000731033071348774,3.0,1.9757176638694371,0.3239080871342772,3.087295562291554,0.0348537004225723
0.15,5000.0,1.0,nom,0.005906937739414529,0.0014329726495849926,1.9757176638694371,1.9757176638694371,0.32257584717113225,3.100046109371239,0.039379584929430195
0.15,5000.0,1.0,lo,0.005489374197166223,0.001015409107336687,1.4,1.9757176638694371,0.32257584717113225,3.100046109371239,0.03659582798110815
0.15,5000.0,1.0,hi,0.0066498417484081515,0.002175876658578615,3.0,1.9757176638694371,0.32257584717113225,3.100046109371239,0.04433227832272101
0.15,5000.0,1.02,nom,0.007025950263072142,0.0025749932218223173,1.9757176638694371,1.9757176638694371,0.32257584717113225,3.100046109371239,0.04683966842048095
0.15,5000.0,1.02,lo,0.006275605662091166,0.001824648620841341,1.4,1.9757176638694371,0.32257584717113225,3.100046109371239,0.041837371080607776
0.15,5000.0,1.02,hi,0.008360918371624127,0.0039099613303743026,3.0,1.9757176638694371,0.32257584717113225,3.100046109371239,0.055739455810827516
0.15,5000.0,1.05,nom,0.008407455658491596,0.003991230912926544,1.9757176638694371,1.9757176638694371,0.32257584717113225,3.100046109371239,0.05604970438994397
0.15,5000.0,1.05,lo,0.0072444240274167,0.00282819928185165,1.4,1.9757176638694371,0.32257584717113225,3.100046109371239,0.048296160182778006
0.15,5000.0,1.05,hi,0.010476651778104301,0.006060427032539251,3.0,1.9757176638694371,0.32257584717113225,3.100046109371239,0.06984434518736202
0.2,0.0,0.05,nom,0.007131957418868553,0.0,1.8563466408126414,1.8563466408126414,0.14370182170072113,2.6232621206207116,0.03565978709434276
0.2,0.0,0.05,lo,0.007131957418868553,0.0,1.4,1.8563466408126414,0.14370182170072113,2.6232621206207116,0.03565978709434276
0.2,0.0,0.05,hi,0.007131957418868553,0.0,3.0,1.8563466408126414,0.14370182170072113,2.6232621206207116,0.03565978709434276
0.2,0.0,0.2,nom,0.005891762457355727,0.0,1.8563466408126414,1.8563466408126414,0.14370182170072113,2.6372024330239503,0.029458812286778633
0.2,0.0,0.2,lo,0.005891762457355727,0.0,1.4,1.8563466408126414,0.14370182170072113,2.6372024330239503,0.029458812286778633
0.2,0.0,0.2,hi,0.005891762457355727,0.0,3.0,1.8563466408126414,0.14370182170072113,2.6372024330239503,0.029458812286778633
0.2,0.0,0.4,nom,0.005361421311408812,0.0,1.8563466408126414,1.8563466408126414,0.14370182170072113,2.6835672348112802,0.026807106557044057
0.2,0.0,0.4,lo,0.005361421311408812,0.0,1.4,1.8563466408126414,0.14370182170072113,2.6835672348112802,0.026807106557044057
0.2,0.0,0.4,hi,0.005361421311408812,0.0,3.0,1.8563466408126414,0.14370182170072113,2.6835672348112802,0.026807106557044057
0.2,0.0,0.6,nom,0.005031707347194785,0.0,1.8563466408126414,1.8563466408126414,0.14370182170072113,2.767455432708234,0.025158536735973923
0.2,0.0,0.6,lo,0.005031707347194785,0.0,1.4,1.8563466408126414,0.14370182170072113,2.767455432708234,0.025158536735973923
0.2,0.0,0.6,hi,0.005031707347194785,0.0,3.0,1.8563466408126414,0.14370182170072113,2.767455432708234,0.025158536735973923
0.2,0.0,0.7,nom,0.004892513024057033,0.0,1.8563466408126414,1.8563466408126414,0.14370182170072113,2.827078406349009,0.024462565120285162
0.2,0.0,0.7,lo,0.004892513024057033,0.0,1.4,1.8563466408126414,0.14370182170072113,2.827078406349009,0.024462565120285162
0.2,0.0,0.7,hi,0.004892513024057033,0.0,3.0,1.8563466408126414,0.14370182170072113,2.827078406349009,0.024462565120285162
0.2,0.0,0.8,nom,0.0047623686735585894,0.0,1.8563466408126414,1.8563466408126414,0.14370182170072113,2.9017147294469035,0.023811843367792945
0.2,0.0,0.8,lo,0.0047623686735585894,0.0,1.4,1.8563466408126414,0.14370182170072113,2.9017147294469035,0.023811843367792945
0.2,0.0,0.8,hi,0.0047623686735585894,0.0,3.0,1.8563466408126414,0.14370182170072113,2.9017147294469035,0.023811843367792945
0.2,0.0,0.85,nom,0.0047000934196047665,2.8059295919857722e-15,1.8563466408126414,1.8563466408126414,0.14370182170072113,2.9457925622713135,0.023500467098023833
0.2,0.0,0.85,lo,0.004700093419604077,2.116146490323818e-15,1.4,1.8563466408126414,0.14370182170072113,2.9457925622713135,0.023500467098020384
0.2,0.0,0.85,hi,0.004700093419606495,4.534599622122468e-15,3.0,1.8563466408126414,0.14370182170072113,2.9457925622713135,0.023500467098032475
0.2,0.0,0.9,nom,0.004640420576137384,5.026376301623358e-07,1.8563466408126414,1.8563466408126414,0.14370182170072113,2.9951837232251326,0.023202102880686918
0.2,0.0,0.9,lo,0.004640297012472587,3.790739653663061e-07,1.4,1.8563466408126414,0.14370182170072113,2.9951837232251326,0.023201485062362935
0.2,0.0,0.9,hi,0.004640730239861578,8.123013543563703e-07,3.0,1.8563466408126414,0.14370182170072113,2.9951837232251326,0.02320365119930789
0.2,0.0,0.95,nom,0.004590178475402348,7.904070197212771e-06,1.8563466408126414,1.8563466408126414,0.327796419161485,3.0506739596425,0.02295089237701174
0.2,0.0,0.95,lo,0.004588235413797395,5.961008592260396e-06,1.4,1.8563466408126414,0.327796419161485,3.0506739596425,0.022941177068986976
0.2,0.0,0.95,hi,0.004595047995045693,1.2773589840557993e-05,3.0,1.8563466408126414,0.327796419161485,3.0506739596425,0.022975239975228465
0.2,0.0,0.98,nom,0.005017302520338454,0.00046848713195423504,1.8563466408126414,1.8563466408126414,0.3239080871342772,3.087295562291554,0.02508651260169227
0.2,0.0,0.98,lo,0.004902134089921992,0.0003533187015377729,1.4,1.8563466408126414,0.3239080871342772,3.087295562291554,0.024510670449609962
0.2,0.0,0.98,hi,0.005305926891679447,0.0007571115032952277,3.0,1.8563466408126414,0.3239080871342772,3.087295562291554,0.026529634458397233
0.2,0.0,1.0,nom,0.005921186893578255,0.001394424213097359,1.8563466408126414,1.8563466408126414,0.32257584717113225,3.100046109371239,0.029605934467891275
0.2,0.0,1.0,lo,0.00557839487859326,0.0010516321981123647,1.4,1.8563466408126414,0.32257584717113225,3.100046109371239,0.0278919743929663
0.2,0.0,1.0,hi,0.006780260247864534,0.002253497567383639,3.0,1.8563466408126414,0.32257584717113225,3.100046109371239,0.03390130123932267
0.2,0.0,1.02,nom,0.007010445339110802,0.0025057232586473384,1.8563466408126414,1.8563466408126414,0.32257584717113225,3.100046109371239,0.03505222669555401
0.2,0.0,1.02,lo,0.0063944621133759545,0.001889740032912491,1.4,1.8563466408126414,0.32257584717113225,3.100046109371239,0.03197231056687977
0.2,0.0,1.02,hi,0.008554165008133087,0.004049442927669624,3.0,1.8563466408126414,0.32257584717113225,3.100046109371239,0.042770825040665435
0.2,0.0,1.05,nom,0.00835523771085753,0.0038838627008403,1.8563466408126414,1.8563466408126414,0.32257584717113225,3.100046109371239,0.04177618855428765
0.2,0.0,1.05,lo,0.0074004657636687786,0.002929090753651548,1.4,1.8563466408126414,0.32257584717113225,3.100046109371239,0.037002328818343894
0.2,0.0,1.05,hi,0.010747998053556262,0.006276623043539032,3.0,1.8563466408126414,0.32257584717113225,3.100046109371239,0.053739990267781305
0.2,2500.0,0.05,nom,0.00742963390095378,0.0,1.8563466408126414,1.8563466408126414,0.14370182170072113,2.6232621206207116,0.037148169504768895
0.2,2500.0,0.05,lo,0.00742963390095378,0.0,1.4,1.8563466408126414,0.14370182170072113,2.6232621206207116,0.037148169504768895
0.2,2500.0,0.05,hi,0.00742963390095378,0.0,3.0,1.8563466408126414,0.14370182170072113,2.6232621206207116,0.037148169504768895
0.2,2500.0,0.2,nom,0.006116158504996387,0.0,1.8563466408126414,1.8563466408126414,0.14370182170072113,2.6372024330239503,0.030580792524981932
0.2,2500.0,0.2,lo,0.006116158504996387,0.0,1.4,1.8563466408126414,0.14370182170072113,2.6372024330239503,0.030580792524981932
0.2,2500.0,0.2,hi,0.006116158504996387,0.0,3.0,1.8563466408126414,0.14370182170072113,2.6372024330239503,0.030580792524981932
0.2,2500.0,0.4,nom,0.005557052439751518,0.0,1.8563466408126414,1.8563466408126414,0.14370182170072113,2.6835672348112802,0.02778526219875759
0.2,2500.0,0.4,lo,0.005557052439751518,0.0,1.4,1.8563466408126414,0.14370182170072113,2.6835672348112802,0.02778526219875759
0.2,2500.0,0.4,hi,0.005557052439751518,0.0,3.0,1.8563466408126414,0.14370182170072113,2.6835672348112802,0.02778526219875759
0.2,2500.0,0.6,nom,0.00521087875858499,0.0,1.8563466408126414,1.8563466408126414,0.14370182170072113,2.767455432708234,0.02605439379292495
0.2,2500.0,0.6,lo,0.00521087875858499,0.0,1.4,1.8563466408126414,0.14370182170072113,2.767455432708234,0.02605439379292495
0.2,2500.0,0.6,hi,0.00521087875858499,0.0,3.0,1.8563466408126414,0.14370182170072113,2.767455432708234,0.02605439379292495
0.2,2500.0,0.7,nom,0.005065128346213332,0.0,1.8563466408126414,1.8563466408126414,0.14370182170072113,2.827078406349009,0.025325641731066658
0.2,2500.0,0.7,lo,0.005065128346213332,0.0,1.4,1.8563466408126414,0.14370182170072113,2.827078406349009,0.025325641731066658
0.2,2500.0,0.7,hi,0.005065128346213332,0.0,3.0,1.8563466408126414,0.14370182170072113,2.827078406349009,0.025325641731066658
0.2,2500.0,0.8,nom,0.004929044267959563,0.0,1.8563466408126414,1.8563466408126414,0.14370182170072113,2.9017147294469035,0.024645221339797813
0.2,2500.0,0.8,lo,0.004929044267959563,0.0,1.4,1.8563466408126414,0.14370182170072113,2.9017147294469035,0.024645221339797813
0.2,2500.0,0.8,hi,0.004929044267959563,0.0,3.0,1.8563466408126414,0.14370182170072113,2.9017147294469035,0.024645221339797813
0.2,2500.0,0.85,nom,0.004863970024363107,2.8059295919857722e-15,1.8563466408126414,1.8563466408126414,0.14370182170072113,2.9457925622713135,0.02431985012181553
0.2,2500.0,0.85,lo,0.004863970024362417,2.116146490323818e-15,1.4,1.8563466408126414,0.14370182170072113,2.9457925622713135,0.024319850121812085
0.2,2500.0,0.85,hi,0.004863970024364835,4.534599622122468e-15,3.0,1.8563466408126414,0.14370182170072113,2.9457925622713135,0.024319850121824176
0.2,2500.0,0.9,nom,0.004801590128484669,5.026376301623358e-07,1.8563466408126414,1.8563466408126414,0.14370182170072113,2.9951837232251326,0.024007950642423344
0.2,2500.0,0.9,lo,0.004801466564819872,3.790739653663061e-07,1.4,1.8563466408126414,0.14370182170072113,2.9951837232251326,0.02400733282409936
0.2,2500.0,0.9,hi,0.004801899792208863,8.123013543563703e-07,3.0,1.8563466408126414,0.14370182170072113,2.9951837232251326,0.024009498961044314
0.2,2500.0,0.95,nom,0.004748720690568886,7.904070197212771e-06,1.8563466408126414,1.8563466408126414,0.327796419161485,3.0506739596425,0.023743603452844427
0.2,2500.0,0.95,lo,0.004746777628963933,5.961008592260396e-06,1.4,1.8563466408126414,0.327796419161485,3.0506739596425,0.02373388814481966
0.2,2500.0,0.95,hi,0.004753590210212231,1.2773589840557993e-05,3.0,1.8563466408126414,0.327796419161485,3.0506739596425,0.02376795105106115
0.2,2500.0,0.98,nom,0.005174302461609502,0.00046848713195423504,1.8563466408126414,1.8563466408126414,0.3239080871342772,3.087295562291554,0.025871512308047507
0.2,2500.0,0.98,lo,0.00505913403119304,0.0003533187015377729,1.4,1.8563466408126414,0.3239080871342772,3.087295562291554,0.0252956701559652
0.2,2500.0,0.98,hi,0.005462926832950495,0.0007571115032952277,3.0,1.8563466408126414,0.3239080871342772,3.087295562291554,0.027314634164752473
0.2,2500.0,1.0,nom,0.0060771717548863706,0.001394424213097359,1.8563466408126414,1.8563466408126414,0.32257584717113225,3.100046109371239,0.03038585877443185
0.2,2500.0,1.0,lo,0.005734379739901376,0.0010516321981123647,1.4,1.8563466408126414,0.32257584717113225,3.100046109371239,0.028671898699506877
0.2,2500.0,1.0,hi,0.006936245109172651,0.002253497567383639,3.0,1.8563466408126414,0.32257584717113225,3.100046109371239,0.03468122554586325
0.2,2500.0,1.02,nom,0.007165425055669587,0.0025057232586473384,1.8563466408126414,1.8563466408126414,0.32257584717113225,3.100046109371239,0.03582712527834793
0.2,2500.0,1.02,lo,0.0065494418299347395,0.001889740032912491,1.4,1.8563466408126414,0.32257584717113225,3.100046109371239,0.032747209149673696
0.2,2500.0,1.02,hi,0.008709144724691871,0.004049442927669624,3.0,1.8563466408126414,0.32257584717113225,3.100046109371239,0.043545723623459355
0.2,2500.0,1.05,nom,0.00850872742047801,0.0038838627008403,1.8563466408126414,1.8563466408126414,0.32257584717113225,3.100046109371239,0.04254363710239005
0.2,2500.0,1.05,lo,0.007553955473289258,0.002929090753651548,1.4,1.8563466408126414,0.32257584717113225,3.100046109371239,0.03776977736644629
0.2,2500.0,1.05,hi,0.010901487763176742,0.006276623043539032,3.0,1.8563466408126414,0.32257584717113225,3.100046109371239,0.054507438815883706
0.2,5000.0,0.05,nom,0.007764137428189474,0.0,1.8563466408126414,1.8563466408126414,0.14370182170072113,2.6232621206207116,0.03882068714094737
0.2,5000.0,0.05,lo,0.007764137428189474,0.0,1.4,1.8563466408126414,0.14370182170072113,2.6232621206207116,0.03882068714094737
0.2,5000.0,0.05,hi,0.007764137428189474,0.0,3.0,1.8563466408126414,0.14370182170072113,2.6232621206207116,0.03882068714094737
0.2,5000.0,0.2,nom,0.006367039315283306,0.0,1.8563466408126414,1.8563466408126414,0.14370182170072113,2.6372024330239503,0.03183519657641653
0.2,5000.0,0.2,lo,0.006367039315283306,0.0,1.4,1.8563466408126414,0.14370182170072113,2.6372024330239503,0.03183519657641653
0.2,5000.0,0.2,hi,0.006367039315283306,0.0,3.0,1.8563466408126414,0.14370182170072113,2.6372024330239503,0.03183519657641653
0.2,5000.0,0.4,nom,0.005775290033320857,0.0,1.8563466408126414,1.8563466408126414,0.14370182170072113,2.6835672348112802,0.028876450166604284
0.2,5000.0,0.4,lo,0.005775290033320857,0.0,1.4,1.8563466408126414,0.14370182170072113,2.6835672348112802,0.028876450166604284
0.2,5000.0,0.4,hi,0.005775290033320857,0.0,3.0,1.8563466408126414,0.14370182170072113,2.6835672348112802,0.028876450166604284
0.2,5000.0,0.6,nom,0.005410513208355597,0.0,1.8563466408126414,1.8563466408126414,0.14370182170072113,2.767455432708234,0.027052566041777984
0.2,5000.0,0.6,lo,0.005410513208355597,0.0,1.4,1.8563466408126414,0.14370182170072113,2.767455432708234,0.027052566041777984
0.2,5000.0,0.6,hi,0.005410513208355597,0.0,3.0,1.8563466408126414,0.14370182170072113,2.767455432708234,0.027052566041777984
0.2,5000.0,0.7,nom,0.005257372537946274,0.0,1.8563466408126414,1.8563466408126414,0.14370182170072113,2.827078406349009,0.02628686268973137
0.2,5000.0,0.7,lo,0.005257372537946274,0.0,1.4,1.8563466408126414,0.14370182170072113,2.827078406349009,0.02628686268973137
0.2,5000.0,0.7,hi,0.005257372537946274,0.0,3.0,1.8563466408126414,0.14370182170072113,2.827078406349009,0.02628686268973137
0.2,5000.0,0.8,nom,0.005114603106422362,0.0,1.8563466408126414,1.8563466408126414,0.14370182170072113,2.9017147294469035,0.025573015532111807
0.2,5000.0,0.8,lo,0.005114603106422362,0.0,1.4,1.8563466408126414,0.14370182170072113,2.9017147294469035,0.025573015532111807
0.2,5000.0,0.8,hi,0.005114603106422362,0.0,3.0,1.8563466408126414,0.14370182170072113,2.9017147294469035,0.025573015532111807
0.2,5000.0,0.85,nom,0.005046381799316969,2.8059295919857722e-15,1.8563466408126414,1.8563466408126414,0.14370182170072113,2.9457925622713135,0.025231908996584847
0.2,5000.0,0.85,lo,0.00504638179931628,2.116146490323818e-15,1.4,1.8563466408126414,0.14370182170072113,2.9457925622713135,0.025231908996581398
0.2,5000.0,0.85,hi,0.005046381799318698,4.534599622122468e-15,3.0,1.8563466408126414,0.14370182170072113,2.9457925622713135,0.02523190899659349
0.2,5000.0,0.9,nom,0.004980960160113766,5.026376301623358e-07,1.8563466408126414,1.8563466408126414,0.14370182170072113,2.9951837232251326,0.02490480080056883
0.2,5000.0,0.9,lo,0.00498083659644897,3.790739653663061e-07,1.4,1.8563466408126414,0.14370182170072113,2.9951837232251326,0.02490418298224485
0.2,5000.0,0.9,hi,0.0049812698238379605,8.123013543563703e-07,3.0,1.8563466408126414,0.14370182170072113,2.9951837232251326,0.0249063491191898
0.2,5000.0,0.95,nom,0.004925140332871364,7.904070197212771e-06,1.8563466408126414,1.8563466408126414,0.327796419161485,3.0506739596425,0.02462570166435682
0.2,5000.0,0.95,lo,0.004923197271266411,5.961008592260396e-06,1.4,1.8563466408126414,0.327796419161485,3.0506739596425,0.024615986356332054
0.2,5000.0,0.95,hi,0.004930009852514709,1.2773589840557993e-05,3.0,1.8563466408126414,0.327796419161485,3.0506739596425,0.024650049262573543
0.2,5000.0,0.98,nom,0.005348990990626501,0.00046848713195423504,1.8563466408126414,1.8563466408126414,0.3239080871342772,3.087295562291554,0.0267449549531325
0.2,5000.0,0.98,lo,0.005233822560210039,0.0003533187015377729,1.4,1.8563466408126414,0.3239080871342772,3.087295562291554,0.026169112801050193
0.2,5000.0,0.98,hi,0.005637615361967494,0.0007571115032952277,3.0,1.8563466408126414,0.3239080871342772,3.087295562291554,0.028188076809837467
0.2,5000.0,1.0,nom,0.006250721228990126,0.001394424213097359,1.8563466408126414,1.8563466408126414,0.32257584717113225,3.100046109371239,0.03125360614495063
0.2,5000.0,1.0,lo,0.0059079292140051315,0.0010516321981123647,1.4,1.8563466408126414,0.32257584717113225,3.100046109371239,0.029539646070025655
0.2,5000.0,1.0,hi,0.0071097945832764055,0.002253497567383639,3.0,1.8563466408126414,0.32257584717113225,3.100046109371239,0.035548972916382024
0.2,5000.0,1.02,nom,0.007337846864625742,0.0025057232586473384,1.8563466408126414,1.8563466408126414,0.32257584717113225,3.100046109371239,0.036689234323128705
0.2,5000.0,1.02,lo,0.006721863638890895,0.001889740032912491,1.4,1.8563466408126414,0.32257584717113225,3.100046109371239,0.03360931819445447
0.2,5000.0,1.02,hi,0.008881566533648027,0.004049442927669624,3.0,1.8563466408126414,0.32257584717113225,3.100046109371239,0.04440783266824013
0.2,5000.0,1.05,nom,0.008679478034273998,0.0038838627008403,1.8563466408126414,1.8563466408126414,0.32257584717113225,3.100046109371239,0.04339739017136999
0.2,5000.0,1.05,lo,0.007724706087085245,0.002929090753651548,1.4,1.8563466408126414,0.32257584717113225,3.100046109371239,0.03862353043542622
0.2,5000.0,1.05,hi,0.011072238376972729,0.006276623043539032,3.0,1.8563466408126414,0.32257584717113225,3.100046109371239,0.055361191884863645
0.25,0.0,0.05,nom,0.0075545950569807395,0.0,1.8,1.7571391011141653,0.14370182170072113,2.623262120620711,0.030218380227922958
0.25,0.0,0.05,lo,0.0075545950569807395,0.0,1.4,1.7571391011141653,0.14370182170072113,2.623262120620711,0.030218380227922958
0.25,0.0,0.05,hi,0.0075545950569807395,0.0,3.0,1.7571391011141653,0.14370182170072113,2.623262120620711,0.030218380227922958
0.25,0.0,0.2,nom,0.006307507114110566,0.0,1.8,1.7571391011141653,0.14370182170072113,2.6372024330239503,0.025230028456442264
0.25,0.0,0.2,lo,0.006307507114110566,0.0,1.4,1.7571391011141653,0.14370182170072113,2.6372024330239503,0.025230028456442264
0.25,0.0,0.2,hi,0.006307507114110566,0.0,3.0,1.7571391011141653,0.14370182170072113,2.6372024330239503,0.025230028456442264
0.25,0.0,0.4,nom,0.005773788160645742,0.0,1.8,1.7571391011141653,0.14370182170072113,2.6835672348112802,0.023095152642582967
0.25,0.0,0.4,lo,0.005773788160645742,0.0,1.4,1.7571391011141653,0.14370182170072113,2.6835672348112802,0.023095152642582967
0.25,0.0,0.4,hi,0.005773788160645742,0.0,3.0,1.7571391011141653,0.14370182170072113,2.6835672348112802,0.023095152642582967
0.25,0.0,0.6,nom,0.005438439510580162,0.0,1.8,1.7571391011141653,0.14370182170072113,2.7674554327082337,0.02175375804232065
0.25,0.0,0.6,lo,0.005438439510580162,0.0,1.4,1.7571391011141653,0.14370182170072113,2.7674554327082337,0.02175375804232065
0.25,0.0,0.6,hi,0.005438439510580162,0.0,3.0,1.7571391011141653,0.14370182170072113,2.7674554327082337,0.02175375804232065
0.25,0.0,0.7,nom,0.005295454411261683,0.0,1.8,1.7571391011141653,0.14370182170072113,2.827078406349009,0.021181817645046733
0.25,0.0,0.7,lo,0.005295454411261683,0.0,1.4,1.7571391011141653,0.14370182170072113,2.827078406349009,0.021181817645046733
0.25,0.0,0.7,hi,0.005295454411261683,0.0,3.0,1.7571391011141653,0.14370182170072113,2.827078406349009,0.021181817645046733
0.25,0.0,0.8,nom,0.0051609186434790864,0.0,1.8,1.7571391011141653,0.14370182170072113,2.9017147294469035,0.020643674573916346
0.25,0.0,0.8,lo,0.0051609186434790864,0.0,1.4,1.7571391011141653,0.14370182170072113,2.9017147294469035,0.020643674573916346
0.25,0.0,0.8,hi,0.0051609186434790864,0.0,3.0,1.7571391011141653,0.14370182170072113,2.9017147294469035,0.020643674573916346
0.25,0.0,0.85,nom,0.005096239137799773,2.8197660312707137e-15,1.8,1.7571391011141653,0.14370182170072113,2.9457925622713135,0.020384956551199093
0.25,0.0,0.85,lo,0.005096239137799147,2.1931513576549996e-15,1.4,1.7571391011141653,0.14370182170072113,2.9457925622713135,0.020384956551196588
0.25,0.0,0.85,hi,0.005096239137801653,4.699610052117856e-15,3.0,1.7571391011141653,0.14370182170072113,2.9457925622713135,0.02038495655120661
0.25,0.0,0.9,nom,0.005034035255764606,5.051162080539308e-07,1.8,1.7571391011141653,0.14370182170072113,2.9951837232251326,0.020136141023058423
0.25,0.0,0.9,lo,0.005033923007718371,3.9286816181972386e-07,1.4,1.7571391011141653,0.14370182170072113,2.9951837232251326,0.020135692030873484
0.25,0.0,0.9,hi,0.005034371999903308,8.418603467565513e-07,3.0,1.7571391011141653,0.14370182170072113,2.9951837232251326,0.02013748799961323
0.25,0.0,0.95,nom,0.004981174496336304,7.943046295437051e-06,1.8,1.7571391011141653,0.32779641916148494,3.0506739596425003,0.019924697985345217
0.25,0.0,0.95,lo,0.004979409374937318,6.177924896451039e-06,1.4,1.7571391011141653,0.32779641916148494,3.0506739596425003,0.01991763749974927
0.25,0.0,0.95,hi,0.004986469860533262,1.3238410492395085e-05,3.0,1.7571391011141653,0.32779641916148494,3.0506739596425003,0.01994587944213305
0.25,0.0,0.98,nom,0.0054089214853243524,0.0004707973088651509,1.8,1.7571391011141653,0.3239080871342772,3.087295562291554,0.02163568594129741
0.25,0.0,0.98,lo,0.005304299861132097,0.00036617568467289514,1.4,1.7571391011141653,0.3239080871342772,3.087295562291554,0.02121719944452839
0.25,0.0,0.98,hi,0.00572278635790112,0.0007846621814419182,3.0,1.7571391011141653,0.3239080871342772,3.087295562291554,0.02289114543160448
0.25,0.0,1.0,nom,0.006316251004825567,0.001401300317906646,1.8,1.7571391011141653,0.32257584717113225,3.100046109371239,0.02526500401930227
0.25,0.0,1.0,lo,0.006004850934179646,0.0010899002472607245,1.4,1.7571391011141653,0.32257584717113225,3.100046109371239,0.024019403736718584
0.25,0.0,1.0,hi,0.007250451216763331,0.00233550052984441,3.0,1.7571391011141653,0.32257584717113225,3.100046109371239,0.029001804867053324
0.25,0.0,1.02,nom,0.0074098516720971595,0.002518079337656649,1.8,1.7571391011141653,0.32257584717113225,3.100046109371239,0.029639406688388638
0.25,0.0,1.02,lo,0.006850278485951237,0.001958506151510727,1.4,1.7571391011141653,0.32257584717113225,3.100046109371239,0.02740111394380495
0.25,0.0,1.02,hi,0.009088571230534925,0.0041967988960944155,3.0,1.7571391011141653,0.32257584717113225,3.100046109371239,0.0363542849221397
0.25,0.0,1.05,nom,0.008759702492193988,0.003903014582129379,1.8,1.7571391011141653,0.32257584717113225,3.100046109371239,0.03503880996877595
0.25,0.0,1.05,lo,0.007892365918387458,0.00303567800832285,1.4,1.7571391011141653,0.32257584717113225,3.100046109371239,0.03156946367354983
0.25,0.0,1.05,hi,0.011361712213613574,0.006505024303548965,3.0,1.7571391011141653,0.32257584717113225,3.100046109371239,0.0454468488544543
0.25,2500.0,0.05,nom,0.007872335580925026,0.0,1.8,1.7571391011141653,0.14370182170072113,2.623262120620711,0.031489342323700105
0.25,2500.0,0.05,lo,0.007872335580925026,0.0,1.4,1.7571391011141653,0.14370182170072113,2.623262120620711,0.031489342323700105
0.25,2500.0,0.05,hi,0.007872335580925026,0.0,3.0,1.7571391011141653,0.14370182170072113,2.623262120620711,0.031489342323700105
0.25,2500.0,0.2,nom,0.006549672752991346,0.0,1.8,1.7571391011141653,0.14370182170072113,2.6372024330239503,0.026198691011965383
0.25,2500.0,0.2,lo,0.006549672752991346,0.0,1.4,1.7571391011141653,0.14370182170072113,2.6372024330239503,0.026198691011965383
0.25,2500.0,0.2,hi,0.006549672752991346,0.0,3.0,1.7571391011141653,0.14370182170072113,2.6372024330239503,0.026198691011965383
0.25,2500.0,0.4,nom,0.005986207916908895,0.0,1.8,1.7571391011141653,0.14370182170072113,2.6835672348112802,0.02394483166763558
0.25,2500.0,0.4,lo,0.005986207916908895,0.0,1.4,1.7571391011141653,0.14370182170072113,2.6835672348112802,0.02394483166763558
0.25,2500.0,0.4,hi,0.005986207916908895,0.0,3.0,1.7571391011141653,0.14370182170072113,2.6835672348112802,0.02394483166763558
0.25,2500.0,0.6,nom,0.005633722812906004,0.0,1.8,1.7571391011141653,0.14370182170072113,2.7674554327082337,0.022534891251624015
0.25,2500.0,0.6,lo,0.005633722812906004,0.0,1.4,1.7571391011141653,0.14370182170072113,2.7674554327082337,0.022534891251624015
0.25,2500.0,0.6,hi,0.005633722812906004,0.0,3.0,1.7571391011141653,0.14370182170072113,2.7674554327082337,0.022534891251624015
0.25,2500.0,0.7,nom,0.0054838691990450085,0.0,1.8,1.7571391011141653,0.14370182170072113,2.827078406349009,0.021935476796180034
0.25,2500.0,0.7,lo,0.0054838691990450085,0.0,1.4,1.7571391011141653,0.14370182170072113,2.827078406349009,0.021935476796180034
0.25,2500.0,0.7,hi,0.0054838691990450085,0.0,3.0,1.7571391011141653,0.14370182170072113,2.827078406349009,0.021935476796180034
0.25,2500.0,0.8,nom,0.005343085105498024,0.0,1.8,1.7571391011141653,0.14370182170072113,2.9017147294469035,0.021372340421992098
0.25,2500.0,0.8,lo,0.005343085105498024,0.0,1.4,1.7571391011141653,0.14370182170072113,2.9017147294469035,0.021372340421992098
0.25,2500.0,0.8,hi,0.005343085105498024,0.0,3.0,1.7571391011141653,0.14370182170072113,2.9017147294469035,0.021372340421992098
0.25,2500.0,0.85,nom,0.005275452382714007,2.8197660312707137e-15,1.8,1.7571391011141653,0.14370182170072113,2.9457925622713135,0.02110180953085603
0.25,2500.0,0.85,lo,0.005275452382713381,2.1931513576549996e-15,1.4,1.7571391011141653,0.14370182170072113,2.9457925622713135,0.021101809530853523
0.25,2500.0,0.85,hi,0.005275452382715887,4.699610052117856e-15,3.0,1.7571391011141653,0.14370182170072113,2.9457925622713135,0.021101809530863547
0.25,2500.0,0.9,nom,0.005210386862022514,5.051162080539308e-07,1.8,1.7571391011141653,0.14370182170072113,2.9951837232251326,0.020841547448090057
0.25,2500.0,0.9,lo,0.0052102746139762795,3.9286816181972386e-07,1.4,1.7571391011141653,0.14370182170072113,2.9951837232251326,0.020841098455905118
0.25,2500.0,0.9,hi,0.005210723606161216,8.418603467565513e-07,3.0,1.7571391011141653,0.14370182170072113,2.9951837232251326,0.020842894424644865
0.25,2500.0,0.95,nom,0.005154743649236122,7.943046295437051e-06,1.8,1.7571391011141653,0.32779641916148494,3.0506739596425003,0.02061897459694449
0.25,2500.0,0.95,lo,0.005152978527837136,6.177924896451039e-06,1.4,1.7571391011141653,0.32779641916148494,3.0506739596425003,0.020611914111348544
0.25,2500.0,0.95,hi,0.00516003901343308,1.3238410492395085e-05,3.0,1.7571391011141653,0.32779641916148494,3.0506739596425003,0.02064015605373232
0.25,2500.0,0.98,nom,0.005580854998500332,0.0004707973088651509,1.8,1.7571391011141653,0.3239080871342772,3.087295562291554,0.022323419994001326
0.25,2500.0,0.98,lo,0.005476233374308076,0.00036617568467289514,1.4,1.7571391011141653,0.3239080871342772,3.087295562291554,0.021904933497232305
0.25,2500.0,0.98,hi,0.005894719871077099,0.0007846621814419182,3.0,1.7571391011141653,0.3239080871342772,3.087295562291554,0.023578879484308396
0.25,2500.0,1.0,nom,0.006487107063745701,0.001401300317906646,1.8,1.7571391011141653,0.32257584717113225,3.100046109371239,0.025948428254982805
0.25,2500.0,1.0,lo,0.00617570699309978,0.0010899002472607245,1.4,1.7571391011141653,0.32257584717113225,3.100046109371239,0.02470282797239912
0.25,2500.0,1.0,hi,0.007421307275683466,0.00233550052984441,3.0,1.7571391011141653,0.32257584717113225,3.100046109371239,0.029685229102733864
0.25,2500.0,1.02,nom,0.007579640106096604,0.002518079337656649,1.8,1.7571391011141653,0.32257584717113225,3.100046109371239,0.030318560424386416
0.25,2500.0,1.02,lo,0.007020066919950683,0.001958506151510727,1.4,1.7571391011141653,0.32257584717113225,3.100046109371239,0.02808026767980273
0.25,2500.0,1.02,hi,0.009258359664534371,0.0041967988960944155,3.0,1.7571391011141653,0.32257584717113225,3.100046109371239,0.037033438658137484
0.25,2500.0,1.05,nom,0.008927907000741305,0.003903014582129379,1.8,1.7571391011141653,0.32257584717113225,3.100046109371239,0.03571162800296522
0.25,2500.0,1.05,lo,0.008060570426934777,0.00303567800832285,1.4,1.7571391011141653,0.32257584717113225,3.100046109371239,0.03224228170773911
0.25,2500.0,1.05,hi,0.011529916722160891,0.006505024303548965,3.0,1.7571391011141653,0.32257584717113225,3.100046109371239,0.046119666888643565
0.25,5000.0,0.05,nom,0.00822954355084853,0.0,1.8,1.7571391011141653,0.14370182170072113,2.623262120620711,0.03291817420339412
0.25,5000.0,0.05,lo,0.00822954355084853,0.0,1.4,1.7571391011141653,0.14370182170072113,2.623262120620711,0.03291817420339412
0.25,5000.0,0.05,hi,0.00822954355084853,0.0,3.0,1.7571391011141653,0.14370182170072113,2.623262120620711,0.03291817420339412
0.25,5000.0,0.2,nom,0.0068205294507656415,0.0,1.8,1.7571391011141653,0.14370182170072113,2.6372024330239503,0.027282117803062566
0.25,5000.0,0.2,lo,0.0068205294507656415,0.0,1.4,1.7571391011141653,0.14370182170072113,2.6372024330239503,0.027282117803062566
0.25,5000.0,0.2,hi,0.0068205294507656415,0.0,3.0,1.7571391011141653,0.14370182170072113,2.6372024330239503,0.027282117803062566
0.25,5000.0,0.4,nom,0.006223265261625424,0.0,1.8,1.7571391011141653,0.14370182170072113,2.6835672348112802,0.024893061046501696
0.25,5000.0,0.4,lo,0.006223265261625424,0.0,1.4,1.7571391011141653,0.14370182170072113,2.6835672348112802,0.024893061046501696
0.25,5000.0,0.4,hi,0.006223265261625424,0.0,3.0,1.7571391011141653,0.14370182170072113,2.6835672348112802,0.024893061046501696
0.25,5000.0,0.6,nom,0.005851390672785928,0.0,1.8,1.7571391011141653,0.14370182170072113,2.7674554327082337,0.023405562691143713
0.25,5000.0,0.6,lo,0.005851390672785928,0.0,1.4,1.7571391011141653,0.14370182170072113,2.7674554327082337,0.023405562691143713
0.25,5000.0,0.6,hi,0.005851390672785928,0.0,3.0,1.7571391011141653,0.14370182170072113,2.7674554327082337,0.023405562691143713
0.25,5000.0,0.7,nom,0.005693787165420205,0.0,1.8,1.7571391011141653,0.14370182170072113,2.827078406349009,0.02277514866168082
0.25,5000.0,0.7,lo,0.005693787165420205,0.0,1.4,1.7571391011141653,0.14370182170072113,2.827078406349009,0.02277514866168082
0.25,5000.0,0.7,hi,0.005693787165420205,0.0,3.0,1.7571391011141653,0.14370182170072113,2.827078406349009,0.02277514866168082
0.25,5000.0,0.8,nom,0.005545964222245961,0.0,1.8,1.7571391011141653,0.14370182170072113,2.9017147294469035,0.022183856888983843
0.25,5000.0,0.8,lo,0.005545964222245961,0.0,1.4,1.7571391011141653,0.14370182170072113,2.9017147294469035,0.022183856888983843
0.25,5000.0,0.8,hi,0.005545964222245961,0.0,3.0,1.7571391011141653,0.14370182170072113,2.9017147294469035,0.022183856888983843
0.25,5000.0,0.85,nom,0.0054750083169407705,2.8197660312707137e-15,1.8,1.7571391011141653,0.14370182170072113,2.9457925622713135,0.021900033267763082
0.25,5000.0,0.85,lo,0.005475008316940144,2.1931513576549996e-15,1.4,1.7571391011141653,0.14370182170072113,2.9457925622713135,0.021900033267760577
0.25,5000.0,0.85,hi,0.00547500831694265,4.699610052117856e-15,3.0,1.7571391011141653,0.14370182170072113,2.9457925622713135,0.0219000332677706
0.25,5000.0,0.9,nom,0.005406724841754331,5.051162080539308e-07,1.8,1.7571391011141653,0.14370182170072113,2.9951837232251326,0.021626899367017324
0.25,5000.0,0.9,lo,0.0054066125937080965,3.9286816181972386e-07,1.4,1.7571391011141653,0.14370182170072113,2.9951837232251326,0.021626450374832386
0.25,5000.0,0.9,hi,0.005407061585893033,8.418603467565513e-07,3.0,1.7571391011141653,0.14370182170072113,2.9951837232251326,0.021628246343572133
0.25,5000.0,0.95,nom,0.005347954711328159,7.943046295437051e-06,1.8,1.7571391011141653,0.32779641916148494,3.0506739596425003,0.021391818845312636
0.25,5000.0,0.95,lo,0.005346189589929173,6.177924896451039e-06,1.4,1.7571391011141653,0.32779641916148494,3.0506739596425003,0.02138475835971669
0.25,5000.0,0.95,hi,0.005353250075525117,1.3238410492395085e-05,3.0,1.7571391011141653,0.32779641916148494,3.0506739596425003,0.021413000302100468
0.25,5000.0,0.98,nom,0.005772228819478667,0.0004707973088651509,1.8,1.7571391011141653,0.3239080871342772,3.087295562291554,0.02308891527791467
0.25,5000.0,0.98,lo,0.005667607195286412,0.00036617568467289514,1.4,1.7571391011141653,0.3239080871342772,3.087295562291554,0.022670428781145648
0.25,5000.0,0.98,hi,0.0060860936920554345,0.0007846621814419182,3.0,1.7571391011141653,0.3239080871342772,3.087295562291554,0.024344374768221738
0.25,5000.0,1.0,nom,0.006677270978853579,0.001401300317906646,1.8,1.7571391011141653,0.32257584717113225,3.100046109371239,0.026709083915414315
0.25,5000.0,1.0,lo,0.0063658709082076576,0.0010899002472607245,1.4,1.7571391011141653,0.32257584717113225,3.100046109371239,0.02546348363283063
0.25,5000.0,1.0,hi,0.007611471190791343,0.00233550052984441,3.0,1.7571391011141653,0.32257584717113225,3.100046109371239,0.03044588476316537
0.25,5000.0,1.02,nom,0.007768605422393129,0.002518079337656649,1.8,1.7571391011141653,0.32257584717113225,3.100046109371239,0.031074421689572515
0.25,5000.0,1.02,lo,0.0072090322362472065,0.001958506151510727,1.4,1.7571391011141653,0.32257584717113225,3.100046109371239,0.028836128944988826
0.25,5000.0,1.02,hi,0.009447324980830896,0.0041967988960944155,3.0,1.7571391011141653,0.32257584717113225,3.100046109371239,0.03778929992332358
0.25,5000.0,1.05,nom,0.009115094563628523,0.003903014582129379,1.8,1.7571391011141653,0.32257584717113225,3.100046109371239,0.03646037825451409
0.25,5000.0,1.05,lo,0.008247757989821993,0.00303567800832285,1.4,1.7571391011141653,0.32257584717113225,3.100046109371239,0.03299103195928797
0.25,5000.0,1.05,hi,0.01171710428504811,0.006505024303548965,3.0,1.7571391011141653,0.32257584717113225,3.100046109371239,0.04686841714019244
0.3,0.0,0.05,nom,0.008004375278273888,0.0,1.8,1.7004514538035485,0.14370182170072113,2.623262120620711,0.026681250927579628
0.3,0.0,0.05,lo,0.008004375278273888,0.0,1.4,1.7004514538035485,0.14370182170072113,2.623262120620711,0.026681250927579628
0.3,0.0,0.05,hi,0.008004375278273888,0.0,3.0,1.7004514538035485,0.14370182170072113,2.623262120620711,0.026681250927579628
0.3,0.0,0.2,nom,0.006750750124995562,0.0,1.8,1.7004514538035485,0.14370182170072113,2.6372024330239507,0.022502500416651874
0.3,0.0,0.2,lo,0.006750750124995562,0.0,1.4,1.7004514538035485,0.14370182170072113,2.6372024330239507,0.022502500416651874
0.3,0.0,0.2,hi,0.006750750124995562,0.0,3.0,1.7004514538035485,0.14370182170072113,2.6372024330239507,0.022502500416651874
0.3,0.0,0.4,nom,0.00621376963462544,0.0,1.8,1.7004514538035485,0.14370182170072113,2.6835672348112802,0.02071256544875147
0.3,0.0,0.4,lo,0.00621376963462544,0.0,1.4,1.7004514538035485,0.14370182170072113,2.6835672348112802,0.02071256544875147
0.3,0.0,0.4,hi,0.00621376963462544,0.0,3.0,1.7004514538035485,0.14370182170072113,2.6835672348112802,0.02071256544875147
0.3,0.0,0.6,nom,0.005872590646037027,0.0,1.8,1.7004514538035485,0.14370182170072113,2.7674554327082337,0.019575302153456757
0.3,0.0,0.6,lo,0.005872590646037027,0.0,1.4,1.7004514538035485,0.14370182170072113,2.7674554327082337,0.019575302153456757
0.3,0.0,0.6,hi,0.005872590646037027,0.0,3.0,1.7004514538035485,0.14370182170072113,2.7674554327082337,0.019575302153456757
0.3,0.0,0.7,nom,0.005725625133829529,0.0,1.8,1.7004514538035485,0.14370182170072113,2.827078406349009,0.019085417112765096
0.3,0.0,0.7,lo,0.005725625133829529,0.0,1.4,1.7004514538035485,0.14370182170072113,2.827078406349009,0.019085417112765096
0.3,0.0,0.7,hi,0.005725625133829529,0.0,3.0,1.7004514538035485,0.14370182170072113,2.827078406349009,0.019085417112765096
0.3,0.0,0.8,nom,0.005586456605797844,0.0,1.8,1.7004514538035485,0.14370182170072113,2.9017147294469035,0.01862152201932615
0.3,0.0,0.8,lo,0.005586456605797844,0.0,1.4,1.7004514538035485,0.14370182170072113,2.9017147294469035,0.01862152201932615
0.3,0.0,0.8,hi,0.005586456605797844,0.0,3.0,1.7004514538035485,0.14370182170072113,2.9017147294469035,0.01862152201932615
0.3,0.0,0.85,nom,0.00551923473474929,2.9231191109385297e-15,1.8,1.7004514538035485,0.14370182170072113,2.9457925622713135,0.018397449115830966
0.3,0.0,0.85,lo,0.00551923473474864,2.273537086285523e-15,1.4,1.7004514538035485,0.14370182170072113,2.9457925622713135,0.0183974491158288
0.3,0.0,0.85,hi,0.005519234734751239,4.87186518489755e-15,3.0,1.7004514538035485,0.14370182170072113,2.9457925622713135,0.018397449115837464
0.3,0.0,0.9,nom,0.00545436708806312,5.236302674168549e-07,1.8,1.7004514538035485,0.14370182170072113,2.9951837232251326,0.018181223626877067
0.3,0.0,0.9,lo,0.005454250725781472,4.072679857686649e-07,1.4,1.7004514538035485,0.14370182170072113,2.9951837232251326,0.01818083575260491
0.3,0.0,0.9,hi,0.005454716174908065,8.727171123614248e-07,3.0,1.7004514538035485,0.14370182170072113,2.9951837232251326,0.01818238724969355
0.3,0.0,0.95,nom,0.005398965092141424,8.234183321514178e-06,1.8,1.7004514538035485,0.3277964191614849,3.0506739596425008,0.017996550307138082
0.3,0.0,0.95,lo,0.005397135273625532,6.404364805622137e-06,1.4,1.7004514538035485,0.3277964191614849,3.0506739596425008,0.017990450912085107
0.3,0.0,0.95,hi,0.0054044545476891,1.3723638869190295e-05,3.0,1.7004514538035485,0.3277964191614849,3.0506739596425008,0.018014848492297002
0.3,0.0,0.98,nom,0.005841929145876533,0.00048805347523885734,1.8,1.7004514538035485,0.32390808713427727,3.0872955622915534,0.019473097152921778
0.3,0.0,0.98,lo,0.005733472818045676,0.00037959714740800016,1.4,1.7004514538035485,0.32390808713427727,3.0872955622915534,0.019111576060152256
0.3,0.0,0.98,hi,0.006167298129369105,0.0008134224587314289,3.0,1.7004514538035485,0.32390808713427727,3.0872955622915534,0.02055766043123035
0.3,0.0,1.0,nom,0.006782175423724938,0.0014526622755261847,1.8,1.7004514538035485,0.32257584717113225,3.100046109371239,0.02260725141241646
0.3,0.0,1.0,lo,0.006459361584719119,0.0011298484365203658,1.4,1.7004514538035485,0.32257584717113225,3.100046109371239,0.021531205282397065
0.3,0.0,1.0,hi,0.007750616940742394,0.002421103792543641,3.0,1.7004514538035485,0.32257584717113225,3.100046109371239,0.025835389802474646
0.3,0.0,1.02,nom,0.00791550209195813,0.0026103746740457567,1.8,1.7004514538035485,0.32257584717113225,3.100046109371239,0.026385006973193768
0.3,0.0,1.02,lo,0.007335418831059072,0.0020302914131466996,1.4,1.7004514538035485,0.32257584717113225,3.100046109371239,0.02445139610353024
0.3,0.0,1.02,hi,0.0096557518746553,0.004350624456742927,3.0,1.7004514538035485,0.32257584717113225,3.100046109371239,0.032185839582184336
0.3,0.0,1.05,nom,0.009314270762469056,0.004046072045967852,1.8,1.7004514538035485,0.32257584717113225,3.100046109371239,0.031047569208230187
0.3,0.0,1.05,lo,0.008415143641142866,0.0031469449246416628,1.4,1.7004514538035485,0.32257584717113225,3.100046109371239,0.028050478803809554
0.3,0.0,1.05,hi,0.012011652126447624,0.0067434534099464205,3.0,1.7004514538035485,0.32257584717113225,3.100046109371239,0.04003884042149208
0.3,2500.0,0.05,nom,0.008343308362352543,0.0,1.8,1.7004514538035485,0.14370182170072113,2.623262120620711,0.027811027874508478
0.3,2500.0,0.05,lo,0.008343308362352543,0.0,1.4,1.7004514538035485,0.14370182170072113,2.623262120620711,0.027811027874508478
0.3,2500.0,0.05,hi,0.008343308362352543,0.0,3.0,1.7004514538035485,0.14370182170072113,2.623262120620711,0.027811027874508478
0.3,2500.0,0.2,nom,0.0070117338586928426,0.0,1.8,1.7004514538035485,0.14370182170072113,2.6372024330239507,0.02337244619564281
0.3,2500.0,0.2,lo,0.0070117338586928426,0.0,1.4,1.7004514538035485,0.14370182170072113,2.6372024330239507,0.02337244619564281
0.3,2500.0,0.2,hi,0.0070117338586928426,0.0,3.0,1.7004514538035485,0.14370182170072113,2.6372024330239507,0.02337244619564281
0.3,2500.0,0.4,nom,0.006443988444023401,0.0,1.8,1.7004514538035485,0.14370182170072113,2.6835672348112802,0.021479961480078004
0.3,2500.0,0.4,lo,0.006443988444023401,0.0,1.4,1.7004514538035485,0.14370182170072113,2.6835672348112802,0.021479961480078004
0.3,2500.0,0.4,hi,0.006443988444023401,0.0,3.0,1.7004514538035485,0.14370182170072113,2.6835672348112802,0.021479961480078004
0.3,2500.0,0.6,nom,0.006084965824970135,0.0,1.8,1.7004514538035485,0.14370182170072113,2.7674554327082337,0.02028321941656712
0.3,2500.0,0.6,lo,0.006084965824970135,0.0,1.4,1.7004514538035485,0.14370182170072113,2.7674554327082337,0.02028321941656712
0.3,2500.0,0.6,hi,0.006084965824970135,0.0,3.0,1.7004514538035485,0.14370182170072113,2.7674554327082337,0.02028321941656712
0.3,2500.0,0.7,nom,0.0059308040623657155,0.0,1.8,1.7004514538035485,0.14370182170072113,2.827078406349009,0.019769346874552386
0.3,2500.0,0.7,lo,0.0059308040623657155,0.0,1.4,1.7004514538035485,0.14370182170072113,2.827078406349009,0.019769346874552386
0.3,2500.0,0.7,hi,0.0059308040623657155,0.0,3.0,1.7004514538035485,0.14370182170072113,2.827078406349009,0.019769346874552386
0.3,2500.0,0.8,nom,0.005785062844427714,0.0,1.8,1.7004514538035485,0.14370182170072113,2.9017147294469035,0.01928354281475905
0.3,2500.0,0.8,lo,0.005785062844427714,0.0,1.4,1.7004514538035485,0.14370182170072113,2.9017147294469035,0.01928354281475905
0.3,2500.0,0.8,hi,0.005785062844427714,0.0,3.0,1.7004514538035485,0.14370182170072113,2.9017147294469035,0.01928354281475905
0.3,2500.0,0.85,nom,0.005714725446367831,2.9231191109385297e-15,1.8,1.7004514538035485,0.14370182170072113,2.9457925622713135,0.019049084821226105
0.3,2500.0,0.85,lo,0.005714725446367181,2.273537086285523e-15,1.4,1.7004514538035485,0.14370182170072113,2.9457925622713135,0.01904908482122394
0.3,2500.0,0.85,hi,0.00571472544636978,4.87186518489755e-15,3.0,1.7004514538035485,0.14370182170072113,2.9457925622713135,0.0190490848212326
0.3,2500.0,0.9,nom,0.00564683335570849,5.236302674168549e-07,1.8,1.7004514538035485,0.14370182170072113,2.9951837232251326,0.018822777852361635
0.3,2500.0,0.9,lo,0.005646716993426842,4.072679857686649e-07,1.4,1.7004514538035485,0.14370182170072113,2.9951837232251326,0.018822389978089476
0.3,2500.0,0.9,hi,0.005647182442553435,8.727171123614248e-07,3.0,1.7004514538035485,0.14370182170072113,2.9951837232251326,0.018823941475178116
0.3,2500.0,0.95,nom,0.005588485436543056,8.234183321514178e-06,1.8,1.7004514538035485,0.3277964191614849,3.0506739596425008,0.018628284788476855
0.3,2500.0,0.95,lo,0.005586655618027164,6.404364805622137e-06,1.4,1.7004514538035485,0.3277964191614849,3.0506739596425008,0.01862218539342388
0.3,2500.0,0.95,hi,0.005593974892090732,1.3723638869190295e-05,3.0,1.7004514538035485,0.3277964191614849,3.0506739596425008,0.018646582973635775
0.3,2500.0,0.98,nom,0.0060297154097421314,0.00048805347523885734,1.8,1.7004514538035485,0.32390808713427727,3.0872955622915534,0.020099051365807107
0.3,2500.0,0.98,lo,0.0059212590819112745,0.00037959714740800016,1.4,1.7004514538035485,0.32390808713427727,3.0872955622915534,0.019737530273037582
0.3,2500.0,0.98,hi,0.006355084393234703,0.0008134224587314289,3.0,1.7004514538035485,0.32390808713427727,3.0872955622915534,0.021183614644115677
0.3,2500.0,1.0,nom,0.006968818450389336,0.0014526622755261847,1.8,1.7004514538035485,0.32257584717113225,3.100046109371239,0.02322939483463112
0.3,2500.0,1.0,lo,0.006646004611383517,0.0011298484365203658,1.4,1.7004514538035485,0.32257584717113225,3.100046109371239,0.022153348704611726
0.3,2500.0,1.0,hi,0.007937259967406792,0.002421103792543641,3.0,1.7004514538035485,0.32257584717113225,3.100046109371239,0.026457533224689307
0.3,2500.0,1.02,nom,0.008101011585154642,0.0026103746740457567,1.8,1.7004514538035485,0.32257584717113225,3.100046109371239,0.027003371950515474
0.3,2500.0,1.02,lo,0.007520928324255584,0.0020302914131466996,1.4,1.7004514538035485,0.32257584717113225,3.100046109371239,0.025069761080851946
0.3,2500.0,1.02,hi,0.009841261367851812,0.004350624456742927,3.0,1.7004514538035485,0.32257584717113225,3.100046109371239,0.03280420455950604
0.3,2500.0,1.05,nom,0.009498097233274577,0.004046072045967852,1.8,1.7004514538035485,0.32257584717113225,3.100046109371239,0.03166032411091526
0.3,2500.0,1.05,lo,0.008598970111948389,0.0031469449246416628,1.4,1.7004514538035485,0.32257584717113225,3.100046109371239,0.02866323370649463
0.3,2500.0,1.05,hi,0.012195478597253145,0.0067434534099464205,3.0,1.7004514538035485,0.32257584717113225,3.100046109371239,0.040651595324177156
0.3,5000.0,0.05,nom,0.008724485614104662,0.0,1.8,1.7004514538035485,0.14370182170072113,2.623262120620711,0.029081618713682207
0.3,5000.0,0.05,lo,0.008724485614104662,0.0,1.4,1.7004514538035485,0.14370182170072113,2.623262120620711,0.029081618713682207
0.3,5000.0,0.05,hi,0.008724485614104662,0.0,3.0,1.7004514538035485,0.14370182170072113,2.623262120620711,0.029081618713682207
0.3,5000.0,0.2,nom,0.007303736496039124,0.0,1.8,1.7004514538035485,0.14370182170072113,2.6372024330239507,0.024345788320130412
0.3,5000.0,0.2,lo,0.007303736496039124,0.0,1.4,1.7004514538035485,0.14370182170072113,2.6372024330239507,0.024345788320130412
0.3,5000.0,0.2,hi,0.007303736496039124,0.0,3.0,1.7004514538035485,0.14370182170072113,2.6372024330239507,0.024345788320130412
0.3,5000.0,0.4,nom,0.00670099084699979,0.0,1.8,1.7004514538035485,0.14370182170072113,2.6835672348112802,0.02233663615666597
0.3,5000.0,0.4,lo,0.00670099084699979,0.0,1.4,1.7004514538035485,0.14370182170072113,2.6835672348112802,0.02233663615666597
0.3,5000.0,0.4,hi,0.00670099084699979,0.0,3.0,1.7004514538035485,0.14370182170072113,2.6835672348112802,0.02233663615666597
0.3,5000.0,0.6,nom,0.006321757286135139,0.0,1.8,1.7004514538035485,0.14370182170072113,2.7674554327082337,0.02107252428711713
0.3,5000.0,0.6,lo,0.006321757286135139,0.0,1.4,1.7004514538035485,0.14370182170072113,2.7674554327082337,0.02107252428711713
0.3,5000.0,0.6,hi,0.006321757286135139,0.0,3.0,1.7004514538035485,0.14370182170072113,2.7674554327082337,0.02107252428711713
0.3,5000.0,0.7,nom,0.006159468518970289,0.0,1.8,1.7004514538035485,0.14370182170072113,2.827078406349009,0.020531561729900963
0.3,5000.0,0.7,lo,0.006159468518970289,0.0,1.4,1.7004514538035485,0.14370182170072113,2.827078406349009,0.020531561729900963
0.3,5000.0,0.7,hi,0.006159468518970289,0.0,3.0,1.7004514538035485,0.14370182170072113,2.827078406349009,0.020531561729900963
0.3,5000.0,0.8,nom,0.006006317050463512,0.0,1.8,1.7004514538035485,0.14370182170072113,2.9017147294469035,0.020021056834878374
0.3,5000.0,0.8,lo,0.006006317050463512,0.0,1.4,1.7004514538035485,0.14370182170072113,2.9017147294469035,0.020021056834878374
0.3,5000.0,0.8,hi,0.006006317050463512,0.0,3.0,1.7004514538035485,0.14370182170072113,2.9017147294469035,0.020021056834878374
0.3,5000.0,0.85,nom,0.0059324712001354515,2.9231191109385297e-15,1.8,1.7004514538035485,0.14370182170072113,2.9457925622713135,0.019774904000451506
0.3,5000.0,0.85,lo,0.005932471200134802,2.273537086285523e-15,1.4,1.7004514538035485,0.14370182170072113,2.9457925622713135,0.01977490400044934
0.3,5000.0,0.85,hi,0.0059324712001374005,4.87186518489755e-15,3.0,1.7004514538035485,0.14370182170072113,2.9457925622713135,0.019774904000458
0.3,5000.0,0.9,nom,0.005861175654378757,5.236302674168549e-07,1.8,1.7004514538035485,0.14370182170072113,2.9951837232251326,0.019537252181262524
0.3,5000.0,0.9,lo,0.005861059292097109,4.072679857686649e-07,1.4,1.7004514538035485,0.14370182170072113,2.9951837232251326,0.019536864306990365
0.3,5000.0,0.9,hi,0.005861524741223701,8.727171123614248e-07,3.0,1.7004514538035485,0.14370182170072113,2.9951837232251326,0.019538415804079005
0.3,5000.0,0.95,nom,0.005799514861989144,8.234183321514178e-06,1.8,1.7004514538035485,0.3277964191614849,3.0506739596425008,0.01933171620663048
0.3,5000.0,0.95,lo,0.005797685043473251,6.404364805622137e-06,1.4,1.7004514538035485,0.3277964191614849,3.0506739596425008,0.019325616811577507
0.3,5000.0,0.95,hi,0.00580500431753682,1.3723638869190295e-05,3.0,1.7004514538035485,0.3277964191614849,3.0506739596425008,0.019350014391789398
0.3,5000.0,0.98,nom,0.006238795745312867,0.00048805347523885734,1.8,1.7004514538035485,0.32390808713427727,3.0872955622915534,0.02079598581770956
0.3,5000.0,0.98,lo,0.00613033941748201,0.00037959714740800016,1.4,1.7004514538035485,0.32390808713427727,3.0872955622915534,0.020434464724940034
0.3,5000.0,0.98,hi,0.006564164728805439,0.0008134224587314289,3.0,1.7004514538035485,0.32390808713427727,3.0872955622915534,0.02188054909601813
0.3,5000.0,1.0,nom,0.007176614189046351,0.0014526622755261847,1.8,1.7004514538035485,0.32257584717113225,3.100046109371239,0.02392204729682117
0.3,5000.0,1.0,lo,0.006853800350040532,0.0011298484365203658,1.4,1.7004514538035485,0.32257584717113225,3.100046109371239,0.022846001166801775
0.3,5000.0,1.0,hi,0.008145055706063806,0.002421103792543641,3.0,1.7004514538035485,0.32257584717113225,3.100046109371239,0.027150185686879356
0.3,5000.0,1.02,nom,0.008307533930876992,0.0026103746740457567,1.8,1.7004514538035485,0.32257584717113225,3.100046109371239,0.027691779769589975
0.3,5000.0,1.02,lo,0.0077274506699779345,0.0020302914131466996,1.4,1.7004514538035485,0.32257584717113225,3.100046109371239,0.02575816889992645
0.3,5000.0,1.02,hi,0.010047783713574163,0.004350624456742927,3.0,1.7004514538035485,0.32257584717113225,3.100046109371239,0.03349261237858055
0.3,5000.0,1.05,nom,0.00970272943957201,0.004046072045967852,1.8,1.7004514538035485,0.32257584717113225,3.100046109371239,0.03234243146524003
0.3,5000.0,1.05,lo,0.00880360231824582,0.0031469449246416628,1.4,1.7004514538035485,0.32257584717113225,3.100046109371239,0.0293453410608194
0.3,5000.0,1.05,hi,0.012400110803550577,0.0067434534099464205,3.0,1.7004514538035485,0.32257584717113225,3.100046109371239,0.04133370267850193
0.35,0.0,0.05,nom,0.008478951834391556,0.0,1.8,1.7020168788139227,0.14370182170072113,2.623262120620711,0.024225576669690163
0.35,0.0,0.05,lo,0.008478951834391556,0.0,1.4,1.7020168788139227,0.14370182170072113,2.623262120620711,0.024225576669690163
0.35,0.0,0.05,hi,0.008478951834391556,0.0,3.0,1.7020168788139227,0.14370182170072113,2.623262120620711,0.024225576669690163
0.35,0.0,0.2,nom,0.0072191620099003725,0.0,1.8,1.7020168788139227,0.14370182170072113,2.6372024330239503,0.020626177171143924
0.35,0.0,0.2,lo,0.0072191620099003725,0.0,1.4,1.7020168788139227,0.14370182170072113,2.6372024330239503,0.020626177171143924
0.35,0.0,0.2,hi,0.0072191620099003725,0.0,3.0,1.7020168788139227,0.14370182170072113,2.6372024330239503,0.020626177171143924
0.35,0.0,0.4,nom,0.006679046836074587,0.0,1.8,1.7020168788139227,0.14370182170072113,2.6835672348112802,0.019082990960213108
0.35,0.0,0.4,lo,0.006679046836074587,0.0,1.4,1.7020168788139227,0.14370182170072113,2.6835672348112802,0.019082990960213108
0.35,0.0,0.4,hi,0.006679046836074587,0.0,3.0,1.7020168788139227,0.14370182170072113,2.6835672348112802,0.019082990960213108
0.35,0.0,0.6,nom,0.006331869274168358,0.0,1.8,1.7020168788139227,0.14370182170072113,2.767455432708234,0.018091055069052453
0.35,0.0,0.6,lo,0.006331869274168358,0.0,1.4,1.7020168788139227,0.14370182170072113,2.767455432708234,0.018091055069052453
0.35,0.0,0.6,hi,0.006331869274168358,0.0,3.0,1.7020168788139227,0.14370182170072113,2.767455432708234,0.018091055069052453
0.35,0.0,0.7,nom,0.006180753554285553,0.0,1.8,1.7020168788139227,0.14370182170072113,2.8270784063490093,0.017659295869387297
0.35,0.0,0.7,lo,0.006180753554285553,0.0,1.4,1.7020168788139227,0.14370182170072113,2.8270784063490093,0.017659295869387297
0.35,0.0,0.7,hi,0.006180753554285553,0.0,3.0,1.7020168788139227,0.14370182170072113,2.8270784063490093,0.017659295869387297
0.35,0.0,0.8,nom,0.006036734420583707,0.0,1.8,1.7020168788139227,0.14370182170072113,2.9017147294469035,0.017247812630239164
0.35,0.0,0.8,lo,0.006036734420583707,0.0,1.4,1.7020168788139227,0.14370182170072113,2.9017147294469035,0.017247812630239164
0.35,0.0,0.8,hi,0.006036734420583707,0.0,3.0,1.7020168788139227,0.14370182170072113,2.9017147294469035,0.017247812630239164
0.35,0.0,0.85,nom,0.005966845075243878,3.0305119856132913e-15,1.8,1.7020168788139227,0.14370182170072113,2.9457925622713135,0.01704812878641108
0.35,0.0,0.85,lo,0.005966845075243205,2.357064877699226e-15,1.4,1.7020168788139227,0.14370182170072113,2.9457925622713135,0.01704812878640916
0.35,0.0,0.85,hi,0.005966845075245898,5.050853309355485e-15,3.0,1.7020168788139227,0.14370182170072113,2.9457925622713135,0.017048128786416854
0.35,0.0,0.9,nom,0.0058991794049317895,5.428679917621194e-07,1.8,1.7020168788139227,0.14370182170072113,2.995183723225133,0.016854798299805115
0.35,0.0,0.9,lo,0.005899058767600287,4.2223066025942613e-07,1.4,1.7020168788139227,0.14370182170072113,2.995183723225133,0.016854453621715105
0.35,0.0,0.9,hi,0.005899541316926298,9.047799862701989e-07,3.0,1.7020168788139227,0.14370182170072113,2.995183723225133,0.016855832334075137
0.35,0.0,0.95,nom,0.005841102630738019,8.536700114000427e-06,1.8,1.7020168788139227,0.32779641916148494,3.0506739596425003,0.016688864659251484
0.35,0.0,0.95,lo,0.005839205586268241,6.6396556442225534e-06,1.4,1.7020168788139227,0.32779641916148494,3.0506739596425003,0.016683444532194974
0.35,0.0,0.95,hi,0.0058467937641473525,1.4227833523334043e-05,3.0,1.7020168788139227,0.32779641916148494,3.0506739596425003,0.016705125040421008
0.35,0.0,0.98,nom,0.006299856190969879,0.0005059841389277824,1.8,1.7020168788139227,0.32390808713427716,3.0872955622915543,0.017999589117056798
0.35,0.0,0.98,lo,0.00618741527120815,0.0003935432191660529,1.4,1.7020168788139227,0.32390808713427716,3.0872955622915543,0.017678329346309
0.35,0.0,0.98,hi,0.006637178950255067,0.0008433068982129705,3.0,1.7020168788139227,0.32390808713427716,3.0872955622915543,0.018963368429300194
0.35,0.0,1.0,nom,0.007274290231936624,0.0015060318344731851,1.8,1.7020168788139227,0.32257584717113225,3.100046109371239,0.020783686376961784
0.35,0.0,1.0,lo,0.006939616490942582,0.0011713580934791439,1.4,1.7020168788139227,0.32257584717113225,3.100046109371239,0.019827475688407377
0.35,0.0,1.0,hi,0.008278311454918747,0.0025100530574553082,3.0,1.7020168788139227,0.32257584717113225,3.100046109371239,0.02365231844262499
0.35,0.0,1.02,nom,0.008448879504912174,0.0027062775878801365,1.8,1.7020168788139227,0.32257584717113225,3.100046109371239,0.024139655728320497
0.35,0.0,1.02,lo,0.007847484485383254,0.002104882568351217,1.4,1.7020168788139227,0.32257584717113225,3.100046109371239,0.022421384243952156
0.35,0.0,1.02,hi,0.01025306456349893,0.004510462646466894,3.0,1.7020168788139227,0.32257584717113225,3.100046109371239,0.02929447018142552
0.35,0.0,1.05,nom,0.009898452820574284,0.00419472124282462,1.8,1.7020168788139227,0.32257584717113225,3.100046109371239,0.028281293773069385
0.35,0.0,1.05,lo,0.008966292544391033,0.0032625609666413705,1.4,1.7020168788139227,0.32257584717113225,3.100046109371239,0.025617978698260095
0.35,0.0,1.05,hi,0.012694933649124029,0.006991202071374366,3.0,1.7020168788139227,0.32257584717113225,3.100046109371239,0.03627123899749723
0.35,2500.0,0.05,nom,0.00884009924230078,0.0,1.8,1.7020168788139227,0.14370182170072113,2.623262120620711,0.02525742640657366
0.35,2500.0,0.05,lo,0.00884009924230078,0.0,1.4,1.7020168788139227,0.14370182170072113,2.623262120620711,0.02525742640657366
0.35,2500.0,0.05,hi,0.00884009924230078,0.0,3.0,1.7020168788139227,0.14370182170072113,2.623262120620711,0.02525742640657366
0.35,2500.0,0.2,nom,0.007499916011784879,0.0,1.8,1.7020168788139227,0.14370182170072113,2.6372024330239503,0.021428331462242513
0.35,2500.0,0.2,lo,0.007499916011784879,0.0,1.4,1.7020168788139227,0.14370182170072113,2.6372024330239503,0.021428331462242513
0.35,2500.0,0.2,hi,0.007499916011784879,0.0,3.0,1.7020168788139227,0.14370182170072113,2.6372024330239503,0.021428331462242513
0.35,2500.0,0.4,nom,0.0069279834574128155,0.0,1.8,1.7020168788139227,0.14370182170072113,2.6835672348112802,0.019794238449750902
0.35,2500.0,0.4,lo,0.0069279834574128155,0.0,1.4,1.7020168788139227,0.14370182170072113,2.6835672348112802,0.019794238449750902
0.35,2500.0,0.4,hi,0.0069279834574128155,0.0,3.0,1.7020168788139227,0.14370182170072113,2.6835672348112802,0.019794238449750902
0.35,2500.0,0.6,nom,0.006562228019608338,0.0,1.8,1.7020168788139227,0.14370182170072113,2.767455432708234,0.01874922291316668
0.35,2500.0,0.6,lo,0.006562228019608338,0.0,1.4,1.7020168788139227,0.14370182170072113,2.767455432708234,0.01874922291316668
0.35,2500.0,0.6,hi,0.006562228019608338,0.0,3.0,1.7020168788139227,0.14370182170072113,2.767455432708234,0.01874922291316668
0.35,2500.0,0.7,nom,0.006403574601312268,0.0,1.8,1.7020168788139227,0.14370182170072113,2.8270784063490093,0.018295927432320766
0.35,2500.0,0.7,lo,0.006403574601312268,0.0,1.4,1.7020168788139227,0.14370182170072113,2.8270784063490093,0.018295927432320766
0.35,2500.0,0.7,hi,0.006403574601312268,0.0,3.0,1.7020168788139227,0.14370182170072113,2.8270784063490093,0.018295927432320766
0.35,2500.0,0.8,nom,0.006252644247128479,0.0,1.8,1.7020168788139227,0.14370182170072113,2.9017147294469035,0.017864697848938512
0.35,2500.0,0.8,lo,0.006252644247128479,0.0,1.4,1.7020168788139227,0.14370182170072113,2.9017147294469035,0.017864697848938512
0.35,2500.0,0.8,hi,0.006252644247128479,0.0,3.0,1.7020168788139227,0.14370182170072113,2.9017147294469035,0.017864697848938512
0.35,2500.0,0.85,nom,0.006179469788407001,3.0305119856132913e-15,1.8,1.7020168788139227,0.14370182170072113,2.9457925622713135,0.017655627966877148
0.35,2500.0,0.85,lo,0.006179469788406328,2.357064877699226e-15,1.4,1.7020168788139227,0.14370182170072113,2.9457925622713135,0.017655627966875222
0.35,2500.0,0.85,hi,0.006179469788409021,5.050853309355485e-15,3.0,1.7020168788139227,0.14370182170072113,2.9457925622713135,0.017655627966882918
0.35,2500.0,0.9,nom,0.006108609461326497,5.428679917621194e-07,1.8,1.7020168788139227,0.14370182170072113,2.995183723225133,0.017453169889504277
0.35,2500.0,0.9,lo,0.006108488823994994,4.2223066025942613e-07,1.4,1.7020168788139227,0.14370182170072113,2.995183723225133,0.01745282521141427
0.35,2500.0,0.9,hi,0.0061089713733210056,9.047799862701989e-07,3.0,1.7020168788139227,0.14370182170072113,2.995183723225133,0.0174542039237743
0.35,2500.0,0.95,nom,0.006047415758026531,8.536700114000427e-06,1.8,1.7020168788139227,0.32779641916148494,3.0506739596425003,0.01727833073721866
0.35,2500.0,0.95,lo,0.0060455187135567525,6.6396556442225534e-06,1.4,1.7020168788139227,0.32779641916148494,3.0506739596425003,0.017272910610162152
0.35,2500.0,0.95,hi,0.006053106891435864,1.4227833523334043e-05,3.0,1.7020168788139227,0.32779641916148494,3.0506739596425003,0.017294591118388186
0.35,2500.0,0.98,nom,0.0065043322155947094,0.0005059841389277824,1.8,1.7020168788139227,0.32390808713427716,3.0872955622915543,0.0185838063302706
0.35,2500.0,0.98,lo,0.00639189129583298,0.0003935432191660529,1.4,1.7020168788139227,0.32390808713427716,3.0872955622915543,0.0182625465595228
0.35,2500.0,0.98,hi,0.006841654974879897,0.0008433068982129705,3.0,1.7020168788139227,0.32390808713427716,3.0872955622915543,0.019547585642513993
0.35,2500.0,1.0,nom,0.0074775541581344265,0.0015060318344731851,1.8,1.7020168788139227,0.32257584717113225,3.100046109371239,0.021364440451812648
0.35,2500.0,1.0,lo,0.0071428804171403855,0.0011713580934791439,1.4,1.7020168788139227,0.32257584717113225,3.100046109371239,0.020408229763258245
0.35,2500.0,1.0,hi,0.00848157538111655,0.0025100530574553082,3.0,1.7020168788139227,0.32257584717113225,3.100046109371239,0.02423307251747586
0.35,2500.0,1.02,nom,0.008650940892086427,0.0027062775878801365,1.8,1.7020168788139227,0.32257584717113225,3.100046109371239,0.02471697397738979
0.35,2500.0,1.02,lo,0.008049545872557507,0.002104882568351217,1.4,1.7020168788139227,0.32257584717113225,3.100046109371239,0.02299870249302145
0.35,2500.0,1.02,hi,0.010455125950673185,0.004510462646466894,3.0,1.7020168788139227,0.32257584717113225,3.100046109371239,0.029871788430494817
0.35,2500.0,1.05,nom,0.010098727408873485,0.00419472124282462,1.8,1.7020168788139227,0.32257584717113225,3.100046109371239,0.028853506882495675
0.35,2500.0,1.05,lo,0.009166567132690234,0.0032625609666413705,1.4,1.7020168788139227,0.32257584717113225,3.100046109371239,0.026190191807686385
0.35,2500.0,1.05,hi,0.01289520823742323,0.006991202071374366,3.0,1.7020168788139227,0.32257584717113225,3.100046109371239,0.03684345210692352
0.35,5000.0,0.05,nom,0.009246390290149564,0.0,1.8,1.7020168788139227,0.14370182170072113,2.623262120620711,0.0264182579718559
0.35,5000.0,0.05,lo,0.009246390290149564,0.0,1.4,1.7020168788139227,0.14370182170072113,2.623262120620711,0.0264182579718559
0.35,5000.0,0.05,hi,0.009246390290149564,0.0,3.0,1.7020168788139227,0.14370182170072113,2.623262120620711,0.0264182579718559
0.35,5000.0,0.2,nom,0.007814126646989184,0.0,1.8,1.7020168788139227,0.14370182170072113,2.6372024330239503,0.022326076134254812
0.35,5000.0,0.2,lo,0.007814126646989184,0.0,1.4,1.7020168788139227,0.14370182170072113,2.6372024330239503,0.022326076134254812
0.35,5000.0,0.2,hi,0.007814126646989184,0.0,3.0,1.7020168788139227,0.14370182170072113,2.6372024330239503,0.022326076134254812
0.35,5000.0,0.4,nom,0.007205953707682321,0.0,1.8,1.7020168788139227,0.14370182170072113,2.6835672348112802,0.020588439164806634
0.35,5000.0,0.4,lo,0.007205953707682321,0.0,1.4,1.7020168788139227,0.14370182170072113,2.6835672348112802,0.020588439164806634
0.35,5000.0,0.4,hi,0.007205953707682321,0.0,3.0,1.7020168788139227,0.14370182170072113,2.6835672348112802,0.020588439164806634
0.35,5000.0,0.6,nom,0.006819134655983361,0.0,1.8,1.7020168788139227,0.14370182170072113,2.767455432708234,0.019483241874238173
0.35,5000.0,0.6,lo,0.006819134655983361,0.0,1.4,1.7020168788139227,0.14370182170072113,2.767455432708234,0.019483241874238173
0.35,5000.0,0.6,hi,0.006819134655983361,0.0,3.0,1.7020168788139227,0.14370182170072113,2.767455432708234,0.019483241874238173
0.35,5000.0,0.7,nom,0.006651961479202332,0.0,1.8,1.7020168788139227,0.14370182170072113,2.8270784063490093,0.01900560422629238
0.35,5000.0,0.7,lo,0.006651961479202332,0.0,1.4,1.7020168788139227,0.14370182170072113,2.8270784063490093,0.01900560422629238
0.35,5000.0,0.7,hi,0.006651961479202332,0.0,3.0,1.7020168788139227,0.14370182170072113,2.8270784063490093,0.01900560422629238
0.35,5000.0,0.8,nom,0.00649323339449827,0.0,1.8,1.7020168788139227,0.14370182170072113,2.9017147294469035,0.0185520954128522
0.35,5000.0,0.8,lo,0.00649323339449827,0.0,1.4,1.7020168788139227,0.14370182170072113,2.9017147294469035,0.0185520954128522
0.35,5000.0,0.8,hi,0.00649323339449827,0.0,3.0,1.7020168788139227,0.14370182170072113,2.9017147294469035,0.0185520954128522
0.35,5000.0,0.85,nom,0.006416356980095553,3.0305119856132913e-15,1.8,1.7020168788139227,0.14370182170072113,2.9457925622713135,0.018332448514558723
0.35,5000.0,0.85,lo,0.00641635698009488,2.357064877699226e-15,1.4,1.7020168788139227,0.14370182170072113,2.9457925622713135,0.0183324485145568
0.35,5000.0,0.85,hi,0.006416356980097573,5.050853309355485e-15,3.0,1.7020168788139227,0.14370182170072113,2.9457925622713135,0.018332448514564496
0.35,5000.0,0.9,nom,0.006341899329767039,5.428679917621194e-07,1.8,1.7020168788139227,0.14370182170072113,2.995183723225133,0.01811971237076297
0.35,5000.0,0.9,lo,0.006341778692435536,4.2223066025942613e-07,1.4,1.7020168788139227,0.14370182170072113,2.995183723225133,0.01811936769267296
0.35,5000.0,0.9,hi,0.0063422612417615475,9.047799862701989e-07,3.0,1.7020168788139227,0.14370182170072113,2.995183723225133,0.018120746405032993
0.35,5000.0,0.95,nom,0.006277198297826844,8.536700114000427e-06,1.8,1.7020168788139227,0.32779641916148494,3.0506739596425003,0.01793485227950527
0.35,5000.0,0.95,lo,0.006275301253357066,6.6396556442225534e-06,1.4,1.7020168788139227,0.32779641916148494,3.0506739596425003,0.01792943215244876
0.35,5000.0,0.95,hi,0.006282889431236178,1.4227833523334043e-05,3.0,1.7020168788139227,0.32779641916148494,3.0506739596425003,0.017951112660674794
0.35,5000.0,0.98,nom,0.006732048655102341,0.0005059841389277824,1.8,1.7020168788139227,0.32390808713427716,3.0872955622915543,0.019234424728863834
0.35,5000.0,0.98,lo,0.006619607735340612,0.0003935432191660529,1.4,1.7020168788139227,0.32390808713427716,3.0872955622915543,0.018913164958116034
0.35,5000.0,0.98,hi,0.007069371414387529,0.0008433068982129705,3.0,1.7020168788139227,0.32390808713427716,3.0872955622915543,0.020198204041107226
0.35,5000.0,1.0,nom,0.007703907843635912,0.0015060318344731851,1.8,1.7020168788139227,0.32257584717113225,3.100046109371239,0.02201116526753118
0.35,5000.0,1.0,lo,0.007369234102641871,0.0011713580934791439,1.4,1.7020168788139227,0.32257584717113225,3.100046109371239,0.021054954578976777
0.35,5000.0,1.0,hi,0.008707929066618035,0.0025100530574553082,3.0,1.7020168788139227,0.32257584717113225,3.100046109371239,0.024879797333194387
0.35,5000.0,1.02,nom,0.008875942905049396,0.0027062775878801365,1.8,1.7020168788139227,0.32257584717113225,3.100046109371239,0.025359836871569705
0.35,5000.0,1.02,lo,0.008274547885520477,0.002104882568351217,1.4,1.7020168788139227,0.32257584717113225,3.100046109371239,0.023641565387201365
0.35,5000.0,1.02,hi,0.010680127963636153,0.004510462646466894,3.0,1.7020168788139227,0.32257584717113225,3.100046109371239,0.030514651324674725
0.35,5000.0,1.05,nom,0.01032172163283617,0.00419472124282462,1.8,1.7020168788139227,0.32257584717113225,3.100046109371239,0.029490633236674772
0.35,5000.0,1.05,lo,0.00938956135665292,0.0032625609666413705,1.4,1.7020168788139227,0.32257584717113225,3.100046109371239,0.02682731816186549
0.35,5000.0,1.05,hi,0.013118202461385915,0.006991202071374366,3.0,1.7020168788139227,0.32257584717113225,3.100046109371239,0.037480578461102615
0.4,0.0,0.05,nom,0.008977078210780353,0.0,1.8,1.7748433634619083,0.14370182170072113,2.623262120620711,0.02244269552695088
0.4,0.0,0.05,lo,0.008977078210780353,0.0,1.4,1.7748433634619083,0.14370182170072113,2.623262120620711,0.02244269552695088
0.4,0.0,0.05,hi,0.008977078210780353,0.0,3.0,1.7748433634619083,0.14370182170072113,2.623262120620711,0.02244269552695088
0.4,0.0,0.2,nom,0.007711498494092242,0.0,1.8,1.7748433634619083,0.14370182170072113,2.6372024330239507,0.019278746235230602
0.4,0.0,0.2,lo,0.007711498494092242,0.0,1.4,1.7748433634619083,0.14370182170072113,2.6372024330239507,0.019278746235230602
0.4,0.0,0.2,hi,0.007711498494092242,0.0,3.0,1.7748433634619083,0.14370182170072113,2.6372024330239507,0.019278746235230602
0.4,0.0,0.4,nom,0.007168378688462919,0.0,1.8,1.7748433634619083,0.14370182170072113,2.6835672348112807,0.017920946721157297
0.4,0.0,0.4,lo,0.007168378688462919,0.0,1.4,1.7748433634619083,0.14370182170072113,2.6835672348112807,0.017920946721157297
0.4,0.0,0.4,hi,0.007168378688462919,0.0,3.0,1.7748433634619083,0.14370182170072113,2.6835672348112807,0.017920946721157297
0.4,0.0,0.6,nom,0.006815047772081369,0.0,1.8,1.7748433634619083,0.14370182170072113,2.7674554327082337,0.017037619430203422
0.4,0.0,0.6,lo,0.006815047772081369,0.0,1.4,1.7748433634619083,0.14370182170072113,2.7674554327082337,0.017037619430203422
0.4,0.0,0.6,hi,0.006815047772081369,0.0,3.0,1.7748433634619083,0.14370182170072113,2.7674554327082337,0.017037619430203422
0.4,0.0,0.7,nom,0.006659622253014222,0.0,1.8,1.7748433634619083,0.14370182170072113,2.827078406349009,0.016649055632535555
0.4,0.0,0.7,lo,0.006659622253014222,0.0,1.4,1.7748433634619083,0.14370182170072113,2.827078406349009,0.016649055632535555
0.4,0.0,0.7,hi,0.006659622253014222,0.0,3.0,1.7748433634619083,0.14370182170072113,2.827078406349009,0.016649055632535555
0.4,0.0,0.8,nom,0.006510546908883821,0.0,1.8,1.7748433634619083,0.14370182170072113,2.901714729446903,0.016276367272209553
0.4,0.0,0.8,lo,0.006510546908883821,0.0,1.4,1.7748433634619083,0.14370182170072113,2.901714729446903,0.016276367272209553
0.4,0.0,0.8,hi,0.006510546908883821,0.0,3.0,1.7748433634619083,0.14370182170072113,2.901714729446903,0.016276367272209553
0.4,0.0,0.85,nom,0.006437871796917548,3.1414669940252743e-15,1.8,1.7748433634619083,0.14370182170072113,2.9457925622713135,0.01609467949229387
0.4,0.0,0.85,lo,0.00643787179691685,2.443363217575213e-15,1.4,1.7748433634619083,0.14370182170072113,2.9457925622713135,0.016094679492292124
0.4,0.0,0.85,hi,0.006437871796919642,5.2357783233754565e-15,3.0,1.7748433634619083,0.14370182170072113,2.9457925622713135,0.016094679492299105
0.4,0.0,0.9,nom,0.0063672810029946165,5.627438156752107e-07,1.8,1.7748433634619083,0.14370182170072113,2.995183723225133,0.01591820250748654
0.4,0.0,0.9,lo,0.006367155948813355,4.3768963441405267e-07,1.4,1.7748433634619083,0.14370182170072113,2.995183723225133,0.015917889872033388
0.4,0.0,0.9,hi,0.0063676561655384,9.379063594586844e-07,3.0,1.7748433634619083,0.14370182170072113,2.995183723225133,0.015919140413845997
0.4,0.0,0.95,nom,0.006306402294303639,8.84925114084212e-06,1.8,1.7748433634619083,0.3277964191614849,3.0506739596425008,0.015766005735759096
0.4,0.0,0.95,lo,0.006304435794050118,6.882750887321649e-06,1.4,1.7748433634619083,0.3277964191614849,3.0506739596425008,0.015761089485125293
0.4,0.0,0.95,hi,0.0063123017950642,1.4748751901403534e-05,3.0,1.7748433634619083,0.3277964191614849,3.0506739596425008,0.015780754487660496
0.4,0.0,0.98,nom,0.006781444165060543,0.0005245095480525711,1.8,1.7748433634619083,0.3239080871342772,3.087295562291554,0.016953610412651355
0.4,0.0,0.98,lo,0.006664886487715527,0.0004079518707075553,1.4,1.7748433634619083,0.3239080871342772,3.087295562291554,0.016662216219288817
0.4,0.0,0.98,hi,0.00713111719709559,0.0008741825800876185,3.0,1.7748433634619083,0.3239080871342772,3.087295562291554,0.017827792992738973
0.4,0.0,1.0,nom,0.007791182600136301,0.001561171618000182,1.8,1.7748433634619083,0.32257584717113225,3.100046109371239,0.01947795650034075
0.4,0.0,1.0,lo,0.007444255573914038,0.0012142445917779192,1.4,1.7748433634619083,0.32257584717113225,3.100046109371239,0.018610638934785095
0.4,0.0,1.0,hi,0.008831963678803088,0.00260195269666697,3.0,1.7748433634619083,0.32257584717113225,3.100046109371239,0.02207990919700772
0.4,0.0,1.02,nom,0.009008385208801524,0.0028053615228567654,1.8,1.7748433634619083,0.32257584717113225,3.100046109371239,0.022520963022003807
0.4,0.0,1.02,lo,0.008384971537055575,0.0021819478511108173,1.4,1.7748433634619083,0.32257584717113225,3.100046109371239,0.020962428842638936
0.4,0.0,1.02,hi,0.010878626224039368,0.004675602538094609,3.0,1.7748433634619083,0.32257584717113225,3.100046109371239,0.027196565560098418
0.4,0.0,1.05,nom,0.010510420420542226,0.00434830101185145,1.8,1.7748433634619083,0.32257584717113225,3.100046109371239,0.026276051051355564
0.4,0.0,1.05,lo,0.009544131306797458,0.003382011898106683,1.4,1.7748433634619083,0.32257584717113225,3.100046109371239,0.023860328266993643
0.4,0.0,1.05,hi,0.013409287761776526,0.00724716835308575,3.0,1.7748433634619083,0.32257584717113225,3.100046109371239,0.033523219404441314
0.4,2500.0,0.05,nom,0.009361406467321903,0.0,1.8,1.7748433634619083,0.14370182170072113,2.623262120620711,0.023403516168304755
0.4,2500.0,0.05,lo,0.009361406467321903,0.0,1.4,1.7748433634619083,0.14370182170072113,2.623262120620711,0.023403516168304755
0.4,2500.0,0.05,hi,0.009361406467321903,0.0,3.0,1.7748433634619083,0.14370182170072113,2.623262120620711,0.023403516168304755
0.4,2500.0,0.2,nom,0.008012924453859116,0.0,1.8,1.7748433634619083,0.14370182170072113,2.6372024330239507,0.02003231113464779
0.4,2500.0,0.2,lo,0.008012924453859116,0.0,1.4,1.7748433634619083,0.14370182170072113,2.6372024330239507,0.02003231113464779
0.4,2500.0,0.2,hi,0.008012924453859116,0.0,3.0,1.7748433634619083,0.14370182170072113,2.6372024330239507,0.02003231113464779
0.4,2500.0,0.4,nom,0.00743690361607965,0.0,1.8,1.7748433634619083,0.14370182170072113,2.6835672348112807,0.018592259040199125
0.4,2500.0,0.4,lo,0.00743690361607965,0.0,1.4,1.7748433634619083,0.14370182170072113,2.6835672348112807,0.018592259040199125
0.4,2500.0,0.4,hi,0.00743690361607965,0.0,3.0,1.7748433634619083,0.14370182170072113,2.6835672348112807,0.018592259040199125
0.4,2500.0,0.6,nom,0.007064235174859454,0.0,1.8,1.7748433634619083,0.14370182170072113,2.7674554327082337,0.01766058793714863
0.4,2500.0,0.6,lo,0.007064235174859454,0.0,1.4,1.7748433634619083,0.14370182170072113,2.7674554327082337,0.01766058793714863
0.4,2500.0,0.6,hi,0.007064235174859454,0.0,3.0,1.7748433634619083,0.14370182170072113,2.7674554327082337,0.01766058793714863
0.4,2500.0,0.7,nom,0.006900917602836242,0.0,1.8,1.7748433634619083,0.14370182170072113,2.827078406349009,0.017252294007090604
0.4,2500.0,0.7,lo,0.006900917602836242,0.0,1.4,1.7748433634619083,0.14370182170072113,2.827078406349009,0.017252294007090604
0.4,2500.0,0.7,hi,0.006900917602836242,0.0,3.0,1.7748433634619083,0.14370182170072113,2.827078406349009,0.017252294007090604
0.4,2500.0,0.8,nom,0.00674457915509142,0.0,1.8,1.7748433634619083,0.14370182170072113,2.901714729446903,0.01686144788772855
0.4,2500.0,0.8,lo,0.00674457915509142,0.0,1.4,1.7748433634619083,0.14370182170072113,2.901714729446903,0.01686144788772855
0.4,2500.0,0.8,hi,0.00674457915509142,0.0,3.0,1.7748433634619083,0.14370182170072113,2.901714729446903,0.01686144788772855
0.4,2500.0,0.85,nom,0.006668442479285443,3.1414669940252743e-15,1.8,1.7748433634619083,0.14370182170072113,2.9457925622713135,0.016671106198213607
0.4,2500.0,0.85,lo,0.006668442479284745,2.443363217575213e-15,1.4,1.7748433634619083,0.14370182170072113,2.9457925622713135,0.01667110619821186
0.4,2500.0,0.85,hi,0.006668442479287537,5.2357783233754565e-15,3.0,1.7748433634619083,0.14370182170072113,2.9457925622713135,0.016671106198218842
0.4,2500.0,0.9,nom,0.006594479824886031,5.627438156752107e-07,1.8,1.7748433634619083,0.14370182170072113,2.995183723225133,0.016486199562215077
0.4,2500.0,0.9,lo,0.00659435477070477,4.3768963441405267e-07,1.4,1.7748433634619083,0.14370182170072113,2.995183723225133,0.016485886926761926
0.4,2500.0,0.9,hi,0.006594854987429815,9.379063594586844e-07,3.0,1.7748433634619083,0.14370182170072113,2.995183723225133,0.016487137468574536
0.4,2500.0,0.95,nom,0.006530306066141869,8.84925114084212e-06,1.8,1.7748433634619083,0.3277964191614849,3.0506739596425008,0.016325765165354673
0.4,2500.0,0.95,lo,0.0065283395658883485,6.882750887321649e-06,1.4,1.7748433634619083,0.3277964191614849,3.0506739596425008,0.01632084891472087
0.4,2500.0,0.95,hi,0.00653620556690243,1.4748751901403534e-05,3.0,1.7748433634619083,0.3277964191614849,3.0506739596425008,0.016340513917256074
0.4,2500.0,0.98,nom,0.007003403485398388,0.0005245095480525711,1.8,1.7748433634619083,0.3239080871342772,3.087295562291554,0.01750850871349597
0.4,2500.0,0.98,lo,0.006886845808053372,0.0004079518707075553,1.4,1.7748433634619083,0.3239080871342772,3.087295562291554,0.01721711452013343
0.4,2500.0,0.98,hi,0.0073530765174334356,0.0008741825800876185,3.0,1.7748433634619083,0.3239080871342772,3.087295562291554,0.018382691293583588
0.4,2500.0,1.0,nom,0.008011858053125993,0.001561171618000182,1.8,1.7748433634619083,0.32257584717113225,3.100046109371239,0.020029645132814983
0.4,2500.0,1.0,lo,0.00766493102690373,0.0012142445917779192,1.4,1.7748433634619083,0.32257584717113225,3.100046109371239,0.019162327567259323
0.4,2500.0,1.0,hi,0.009052639131792781,0.00260195269666697,3.0,1.7748433634619083,0.32257584717113225,3.100046109371239,0.02263159782948195
0.4,2500.0,1.02,nom,0.009227786191453171,0.0028053615228567654,1.8,1.7748433634619083,0.32257584717113225,3.100046109371239,0.023069465478632926
0.4,2500.0,1.02,lo,0.008604372519707222,0.0021819478511108173,1.4,1.7748433634619083,0.32257584717113225,3.100046109371239,0.021510931299268055
0.4,2500.0,1.02,hi,0.011098027206691015,0.004675602538094609,3.0,1.7748433634619083,0.32257584717113225,3.100046109371239,0.027745068016727537
0.4,2500.0,1.05,nom,0.010727926406377696,0.00434830101185145,1.8,1.7748433634619083,0.32257584717113225,3.100046109371239,0.02681981601594424
0.4,2500.0,1.05,lo,0.009761637292632928,0.003382011898106683,1.4,1.7748433634619083,0.32257584717113225,3.100046109371239,0.02440409323158232
0.4,2500.0,1.05,hi,0.013626793747611995,0.00724716835308575,3.0,1.7748433634619083,0.32257584717113225,3.100046109371239,0.03406698436902998
0.4,5000.0,0.05,nom,0.009793893738439008,0.0,1.8,1.7748433634619083,0.14370182170072113,2.623262120620711,0.024484734346097516
0.4,5000.0,0.05,lo,0.009793893738439008,0.0,1.4,1.7748433634619083,0.14370182170072113,2.623262120620711,0.024484734346097516
0.4,5000.0,0.05,hi,0.009793893738439008,0.0,3.0,1.7748433634619083,0.14370182170072113,2.623262120620711,0.024484734346097516
0.4,5000.0,0.2,nom,0.008350348652135802,0.0,1.8,1.7748433634619083,0.14370182170072113,2.6372024330239507,0.020875871630339504
0.4,5000.0,0.2,lo,0.008350348652135802,0.0,1.4,1.7748433634619083,0.14370182170072113,2.6372024330239507,0.020875871630339504
0.4,5000.0,0.2,hi,0.008350348652135802,0.0,3.0,1.7748433634619083,0.14370182170072113,2.6372024330239507,0.020875871630339504
0.4,5000.0,0.4,nom,0.007736810605496244,0.0,1.8,1.7748433634619083,0.14370182170072113,2.6835672348112807,0.019342026513740607
0.4,5000.0,0.4,lo,0.007736810605496244,0.0,1.4,1.7748433634619083,0.14370182170072113,2.6835672348112807,0.019342026513740607
0.4,5000.0,0.4,hi,0.007736810605496244,0.0,3.0,1.7748433634619083,0.14370182170072113,2.6835672348112807,0.019342026513740607
0.4,5000.0,0.6,nom,0.007342196583977947,0.0,1.8,1.7748433634619083,0.14370182170072113,2.7674554327082337,0.01835549145994487
0.4,5000.0,0.6,lo,0.007342196583977947,0.0,1.4,1.7748433634619083,0.14370182170072113,2.7674554327082337,0.01835549145994487
0.4,5000.0,0.6,hi,0.007342196583977947,0.0,3.0,1.7748433634619083,0.14370182170072113,2.7674554327082337,0.01835549145994487
0.4,5000.0,0.7,nom,0.00716995177758107,0.0,1.8,1.7748433634619083,0.14370182170072113,2.827078406349009,0.017924879443952674
0.4,5000.0,0.7,lo,0.00716995177758107,0.0,1.4,1.7748433634619083,0.14370182170072113,2.827078406349009,0.017924879443952674
0.4,5000.0,0.7,hi,0.00716995177758107,0.0,3.0,1.7748433634619083,0.14370182170072113,2.827078406349009,0.017924879443952674
0.4,5000.0,0.8,nom,0.007005412966508582,0.0,1.8,1.7748433634619083,0.14370182170072113,2.901714729446903,0.017513532416271453
0.4,5000.0,0.8,lo,0.007005412966508582,0.0,1.4,1.7748433634619083,0.14370182170072113,2.901714729446903,0.017513532416271453
0.4,5000.0,0.8,hi,0.007005412966508582,0.0,3.0,1.7748433634619083,0.14370182170072113,2.901714729446903,0.017513532416271453
0.4,5000.0,0.85,nom,0.006925373065902097,3.1414669940252743e-15,1.8,1.7748433634619083,0.14370182170072113,2.9457925622713135,0.01731343266475524
0.4,5000.0,0.85,lo,0.006925373065901398,2.443363217575213e-15,1.4,1.7748433634619083,0.14370182170072113,2.9457925622713135,0.017313432664753495
0.4,5000.0,0.85,hi,0.00692537306590419,5.2357783233754565e-15,3.0,1.7748433634619083,0.14370182170072113,2.9457925622713135,0.017313432664760476
0.4,5000.0,0.9,nom,0.006847611324516387,5.627438156752107e-07,1.8,1.7748433634619083,0.14370182170072113,2.995183723225133,0.017119028311290967
0.4,5000.0,0.9,lo,0.006847486270335126,4.3768963441405267e-07,1.4,1.7748433634619083,0.14370182170072113,2.995183723225133,0.017118715675837812
0.4,5000.0,0.9,hi,0.00684798648706017,9.379063594586844e-07,3.0,1.7748433634619083,0.14370182170072113,2.995183723225133,0.017119966217650426
0.4,5000.0,0.95,nom,0.006779727758067496,8.84925114084212e-06,1.8,1.7748433634619083,0.3277964191614849,3.0506739596425008,0.01694931939516874
0.4,5000.0,0.95,lo,0.006777761257813975,6.882750887321649e-06,1.4,1.7748433634619083,0.3277964191614849,3.0506739596425008,0.016944403144534936
0.4,5000.0,0.95,hi,0.006785627258828057,1.4748751901403534e-05,3.0,1.7748433634619083,0.3277964191614849,3.0506739596425008,0.01696406814707014
0.4,5000.0,0.98,nom,0.007250637192713268,0.0005245095480525711,1.8,1.7748433634619083,0.3239080871342772,3.087295562291554,0.01812659298178317
0.4,5000.0,0.98,lo,0.007134079515368252,0.0004079518707075553,1.4,1.7748433634619083,0.3239080871342772,3.087295562291554,0.01783519878842063
0.4,5000.0,0.98,hi,0.007600310224748315,0.0008741825800876185,3.0,1.7748433634619083,0.3239080871342772,3.087295562291554,0.019000775561870787
0.4,5000.0,1.0,nom,0.008257647575971742,0.001561171618000182,1.8,1.7748433634619083,0.32257584717113225,3.100046109371239,0.020644118939929356
0.4,5000.0,1.0,lo,0.00791072054974948,0.0012142445917779192,1.4,1.7748433634619083,0.32257584717113225,3.100046109371239,0.0197768013743737
0.4,5000.0,1.0,hi,0.009298428654638532,0.00260195269666697,3.0,1.7748433634619083,0.32257584717113225,3.100046109371239,0.023246071636596328
0.4,5000.0,1.02,nom,0.009472142470016594,0.0028053615228567654,1.8,1.7748433634619083,0.32257584717113225,3.100046109371239,0.023680356175041484
0.4,5000.0,1.02,lo,0.008848728798270648,0.0021819478511108173,1.4,1.7748433634619083,0.32257584717113225,3.100046109371239,0.022121821995676617
0.4,5000.0,1.02,hi,0.011342383485254438,0.004675602538094609,3.0,1.7748433634619083,0.32257584717113225,3.100046109371239,0.028355958713136096
0.4,5000.0,1.05,nom,0.010970152274028193,0.00434830101185145,1.8,1.7748433634619083,0.32257584717113225,3.100046109371239,0.027425380685070482
0.4,5000.0,1.05,lo,0.010003863160283427,0.003382011898106683,1.4,1.7748433634619083,0.32257584717113225,3.100046109371239,0.025009657900708568
0.4,5000.0,1.05,hi,0.013869019615262494,0.00724716835308575,3.0,1.7748433634619083,0.32257584717113225,3.100046109371239,0.03467254903815623
0.5,0.0,0.05,nom,0.010041942736068702,0.0,2.1639268608510567,2.1639268608510567,0.14370182170072113,2.6232621206207116,0.020083885472137405
0.5,0.0,0.05,lo,0.010041942736068702,0.0,1.4,2.1639268608510567,0.14370182170072113,2.6232621206207116,0.020083885472137405
0.5,0.0,0.05,hi,0.010041942736068702,0.0,3.0,2.1639268608510567,0.14370182170072113,2.6232621206207116,0.020083885472137405
0.5,0.0,0.2,nom,0.008765901862312514,0.0,2.1639268608510567,2.1639268608510567,0.14370182170072113,2.6372024330239507,0.01753180372462503
0.5,0.0,0.2,lo,0.008765901862312514,0.0,1.4,2.1639268608510567,0.14370182170072113,2.6372024330239507,0.01753180372462503
0.5,0.0,0.2,hi,0.008765901862312514,0.0,3.0,2.1639268608510567,0.14370182170072113,2.6372024330239507,0.01753180372462503
0.5,0.0,0.4,nom,0.008217165802006907,0.0,2.1639268608510567,2.1639268608510567,0.14370182170072113,2.6835672348112802,0.016434331604013815
0.5,0.0,0.4,lo,0.008217165802006907,0.0,1.4,2.1639268608510567,0.14370182170072113,2.6835672348112802,0.016434331604013815
0.5,0.0,0.4,hi,0.008217165802006907,0.0,3.0,2.1639268608510567,0.14370182170072113,2.6835672348112802,0.016434331604013815
0.5,0.0,0.6,nom,0.007851085057181514,0.0,2.1639268608510567,2.1639268608510567,0.14370182170072113,2.7674554327082337,0.015702170114363027
0.5,0.0,0.6,lo,0.007851085057181514,0.0,1.4,2.1639268608510567,0.14370182170072113,2.7674554327082337,0.015702170114363027
0.5,0.0,0.6,hi,0.007851085057181514,0.0,3.0,2.1639268608510567,0.14370182170072113,2.7674554327082337,0.015702170114363027
0.5,0.0,0.7,nom,0.0076865776905874145,0.0,2.1639268608510567,2.1639268608510567,0.14370182170072113,2.8270784063490093,0.015373155381174829
0.5,0.0,0.7,lo,0.0076865776905874145,0.0,1.4,2.1639268608510567,0.14370182170072113,2.8270784063490093,0.015373155381174829
0.5,0.0,0.7,hi,0.0076865776905874145,0.0,3.0,2.1639268608510567,0.14370182170072113,2.8270784063490093,0.015373155381174829
0.5,0.0,0.8,nom,0.0075267930594818035,0.0,2.1639268608510567,2.1639268608510567,0.14370182170072113,2.9017147294469035,0.015053586118963607
0.5,0.0,0.8,lo,0.0075267930594818035,0.0,1.4,2.1639268608510567,0.14370182170072113,2.9017147294469035,0.015053586118963607
0.5,0.0,0.8,hi,0.0075267930594818035,0.0,3.0,2.1639268608510567,0.14370182170072113,2.9017147294469035,0.015053586118963607
0.5,0.0,0.85,nom,0.007448202676367196,4.055232042466215e-15,2.1639268608510567,2.1639268608510567,0.14370182170072113,2.9457925622713135,0.014896405352734392
0.5,0.0,0.85,lo,0.007448202676365765,2.6236214181563654e-15,1.4,2.1639268608510567,0.14370182170072113,2.9457925622713135,0.01489640535273153
0.5,0.0,0.85,hi,0.007448202676368763,5.622045896049355e-15,3.0,2.1639268608510567,0.14370182170072113,2.9457925622713135,0.014896405352737526
0.5,0.0,0.9,nom,0.0073715142094093345,7.264302815741937e-07,2.1639268608510567,2.1639268608510567,0.14370182170072113,2.995183723225133,0.014743028418818669
0.5,0.0,0.9,lo,0.007371257759150008,4.6998002224709736e-07,1.4,2.1639268608510567,0.14370182170072113,2.995183723225133,0.014742515518300015
0.5,0.0,0.9,hi,0.007371794879175433,1.0071000476723516e-06,3.0,2.1639268608510567,0.14370182170072113,2.995183723225133,0.014743589758350866
0.5,0.0,0.95,nom,0.007306459460099644,1.1423251253769169e-05,2.1639268608510567,2.1639268608510567,0.32779641916148494,3.0506739596425003,0.014612918920199287
0.5,0.0,0.95,lo,0.007302426732086103,7.390523240229609e-06,1.4,2.1639268608510567,0.32779641916148494,3.0506739596425003,0.014604853464172207
0.5,0.0,0.95,hi,0.007310873044360652,1.5836835514777734e-05,3.0,2.1639268608510567,0.32779641916148494,3.0506739596425003,0.014621746088721304
0.5,0.0,0.98,nom,0.007927393514299236,0.0006770747328835845,2.1639268608510567,2.1639268608510567,0.32390808713427716,3.0872955622915543,0.015854787028598473
0.5,0.0,0.98,lo,0.007688367147645652,0.0004380483662300001,1.4,2.1639268608510567,0.32390808713427716,3.0872955622915543,0.015376734295291305
0.5,0.0,0.98,hi,0.00818899385190851,0.0009386750704928576,3.0,2.1639268608510567,0.32390808713427716,3.0872955622915543,0.01637798770381702
0.5,0.0,1.0,nom,0.009235876830195918,0.0020152728585542574,2.1639268608510567,2.1639268608510567,0.32257584717113225,3.1000461093712395,0.018471753660391835
0.5,0.0,1.0,lo,0.008524429000582949,0.0013038250289412884,1.4,2.1639268608510567,0.32257584717113225,3.1000461093712395,0.017048858001165897
0.5,0.0,1.0,hi,0.01001451474794442,0.002793910776302761,3.0,2.1639268608510567,0.32257584717113225,3.1000461093712395,0.02002902949588884
0.5,0.0,1.02,nom,0.010812143142595456,0.0036213628727684304,2.1639268608510567,2.1639268608510567,0.32257584717113225,3.1000461093712395,0.021624286285190912
0.5,0.0,1.02,lo,0.009533700501373968,0.002342920231546941,1.4,2.1639268608510567,0.32257584717113225,3.1000461093712395,0.019067401002747935
0.5,0.0,1.02,hi,0.012211323623141899,0.005020543353314874,3.0,2.1639268608510567,0.32257584717113225,3.1000461093712395,0.024422647246283798
0.5,0.0,1.05,nom,0.01275863990288512,0.0056131003849746,2.1639268608510567,2.1639268608510567,0.32257584717113225,3.1000461093712395,0.02551727980577024
0.5,0.0,1.05,lo,0.010777058069269417,0.0036315185513588993,1.4,2.1639268608510567,0.32257584717113225,3.1000461093712395,0.021554116138538835
0.5,0.0,1.05,hi,0.01492736498510816,0.007781825467197643,3.0,2.1639268608510567,0.32257584717113225,3.1000461093712395,0.02985472997021632
0.5,2500.0,0.05,nom,0.010475444443300567,0.0,2.1639268608510567,2.1639268608510567,0.14370182170072113,2.6232621206207116,0.020950888886601134
0.5,2500.0,0.05,lo,0.010475444443300567,0.0,1.4,2.1639268608510567,0.14370182170072113,2.6232621206207116,0.020950888886601134
0.5,2500.0,0.05,hi,0.010475444443300567,0.0,3.0,2.1639268608510567,0.14370182170072113,2.6232621206207116,0.020950888886601134
0.5,2500.0,0.2,nom,0.009111295028714054,0.0,2.1639268608510567,2.1639268608510567,0.14370182170072113,2.6372024330239507,0.018222590057428108
0.5,2500.0,0.2,lo,0.009111295028714054,0.0,1.4,2.1639268608510567,0.14370182170072113,2.6372024330239507,0.018222590057428108
0.5,2500.0,0.2,hi,0.009111295028714054,0.0,3.0,2.1639268608510567,0.14370182170072113,2.6372024330239507,0.018222590057428108
0.5,2500.0,0.4,nom,0.008527400164888128,0.0,2.1639268608510567,2.1639268608510567,0.14370182170072113,2.6835672348112802,0.017054800329776257
0.5,2500.0,0.4,lo,0.008527400164888128,0.0,1.4,2.1639268608510567,0.14370182170072113,2.6835672348112802,0.017054800329776257
0.5,2500.0,0.4,hi,0.008527400164888128,0.0,3.0,2.1639268608510567,0.14370182170072113,2.6835672348112802,0.017054800329776257
0.5,2500.0,0.6,nom,0.008140388884201486,0.0,2.1639268608510567,2.1639268608510567,0.14370182170072113,2.7674554327082337,0.016280777768402973
0.5,2500.0,0.6,lo,0.008140388884201486,0.0,1.4,2.1639268608510567,0.14370182170072113,2.7674554327082337,0.016280777768402973
0.5,2500.0,0.6,hi,0.008140388884201486,0.0,3.0,2.1639268608510567,0.14370182170072113,2.7674554327082337,0.016280777768402973
0.5,2500.0,0.7,nom,0.007967243280230796,0.0,2.1639268608510567,2.1639268608510567,0.14370182170072113,2.8270784063490093,0.01593448656046159
0.5,2500.0,0.7,lo,0.007967243280230796,0.0,1.4,2.1639268608510567,0.14370182170072113,2.8270784063490093,0.01593448656046159
0.5,2500.0,0.7,hi,0.007967243280230796,0.0,3.0,2.1639268608510567,0.14370182170072113,2.8270784063490093,0.01593448656046159
0.5,2500.0,0.8,nom,0.007799452994806085,0.0,2.1639268608510567,2.1639268608510567,0.14370182170072113,2.9017147294469035,0.01559890598961217
0.5,2500.0,0.8,lo,0.007799452994806085,0.0,1.4,2.1639268608510567,0.14370182170072113,2.9017147294469035,0.01559890598961217
0.5,2500.0,0.8,hi,0.007799452994806085,0.0,3.0,2.1639268608510567,0.14370182170072113,2.9017147294469035,0.01559890598961217
0.5,2500.0,0.85,nom,0.0077170282046338575,4.055232042466215e-15,2.1639268608510567,2.1639268608510567,0.14370182170072113,2.9457925622713135,0.015434056409267715
0.5,2500.0,0.85,lo,0.007717028204632426,2.6236214181563654e-15,1.4,2.1639268608510567,0.14370182170072113,2.9457925622713135,0.015434056409264853
0.5,2500.0,0.85,hi,0.007717028204635425,5.622045896049355e-15,3.0,2.1639268608510567,0.14370182170072113,2.9457925622713135,0.01543405640927085
0.5,2500.0,0.9,nom,0.007636593156311909,7.264302815741937e-07,2.1639268608510567,2.1639268608510567,0.14370182170072113,2.995183723225133,0.015273186312623819
0.5,2500.0,0.9,lo,0.007636336706052582,4.6998002224709736e-07,1.4,2.1639268608510567,0.14370182170072113,2.995183723225133,0.015272673412105165
0.5,2500.0,0.9,hi,0.007636873826078008,1.0071000476723516e-06,3.0,2.1639268608510567,0.14370182170072113,2.995183723225133,0.015273747652156016
0.5,2500.0,0.95,nom,0.007567866438299461,1.1423251253769169e-05,2.1639268608510567,2.1639268608510567,0.32779641916148494,3.0506739596425003,0.015135732876598923
0.5,2500.0,0.95,lo,0.007563833710285921,7.390523240229609e-06,1.4,2.1639268608510567,0.32779641916148494,3.0506739596425003,0.015127667420571842
0.5,2500.0,0.95,hi,0.00757228002256047,1.5836835514777734e-05,3.0,2.1639268608510567,0.32779641916148494,3.0506739596425003,0.01514456004512094
0.5,2500.0,0.98,nom,0.008186628768613374,0.0006770747328835845,2.1639268608510567,2.1639268608510567,0.32390808713427716,3.0872955622915543,0.016373257537226748
0.5,2500.0,0.98,lo,0.007947602401959788,0.0004380483662300001,1.4,2.1639268608510567,0.32390808713427716,3.0872955622915543,0.015895204803919576
0.5,2500.0,0.98,hi,0.008448229106222647,0.0009386750704928576,3.0,2.1639268608510567,0.32390808713427716,3.0872955622915543,0.016896458212445294
0.5,2500.0,1.0,nom,0.009493676228254647,0.0020152728585542574,2.1639268608510567,2.1639268608510567,0.32257584717113225,3.1000461093712395,0.018987352456509295
0.5,2500.0,1.0,lo,0.008782228398641678,0.0013038250289412884,1.4,2.1639268608510567,0.32257584717113225,3.1000461093712395,0.017564456797283357
0.5,2500.0,1.0,hi,0.010272314146003152,0.002793910776302761,3.0,2.1639268608510567,0.32257584717113225,3.1000461093712395,0.020544628292006303
0.5,2500.0,1.02,nom,0.011068515703789654,0.0036213628727684304,2.1639268608510567,2.1639268608510567,0.32257584717113225,3.1000461093712395,0.02213703140757931
0.5,2500.0,1.02,lo,0.009790073062568164,0.002342920231546941,1.4,2.1639268608510567,0.32257584717113225,3.1000461093712395,0.019580146125136328
0.5,2500.0,1.02,hi,0.012467696184336097,0.005020543353314874,3.0,2.1639268608510567,0.32257584717113225,3.1000461093712395,0.024935392368672194
0.5,2500.0,1.05,nom,0.013012888219546423,0.0056131003849746,2.1639268608510567,2.1639268608510567,0.32257584717113225,3.1000461093712395,0.026025776439092846
0.5,2500.0,1.05,lo,0.011031306385930723,0.0036315185513588993,1.4,2.1639268608510567,0.32257584717113225,3.1000461093712395,0.022062612771861445
0.5,2500.0,1.05,hi,0.015181613301769465,0.007781825467197643,3.0,2.1639268608510567,0.32257584717113225,3.1000461093712395,0.03036322660353893
0.5,5000.0,0.05,nom,0.01096347317189585,0.0,2.1639268608510567,2.1639268608510567,0.14370182170072113,2.6232621206207116,0.0219269463437917
0.5,5000.0,0.05,lo,0.01096347317189585,0.0,1.4,2.1639268608510567,0.14370182170072113,2.6232621206207116,0.0219269463437917
0.5,5000.0,0.05,hi,0.01096347317189585,0.0,3.0,2.1639268608510567,0.14370182170072113,2.6232621206207116,0.0219269463437917
0.5,5000.0,0.2,nom,0.009498071764929361,0.0,2.1639268608510567,2.1639268608510567,0.14370182170072113,2.6372024330239507,0.018996143529858723
0.5,5000.0,0.2,lo,0.009498071764929361,0.0,1.4,2.1639268608510567,0.14370182170072113,2.6372024330239507,0.018996143529858723
0.5,5000.0,0.2,hi,0.009498071764929361,0.0,3.0,2.1639268608510567,0.14370182170072113,2.6372024330239507,0.018996143529858723
0.5,5000.0,0.4,nom,0.008873999634352205,0.0,2.1639268608510567,2.1639268608510567,0.14370182170072113,2.6835672348112802,0.01774799926870441
0.5,5000.0,0.4,lo,0.008873999634352205,0.0,1.4,2.1639268608510567,0.14370182170072113,2.6835672348112802,0.01774799926870441
0.5,5000.0,0.4,hi,0.008873999634352205,0.0,3.0,2.1639268608510567,0.14370182170072113,2.6835672348112802,0.01774799926870441
0.5,5000.0,0.6,nom,0.008463193816653718,0.0,2.1639268608510567,2.1639268608510567,0.14370182170072113,2.7674554327082337,0.016926387633307435
0.5,5000.0,0.6,lo,0.008463193816653718,0.0,1.4,2.1639268608510567,0.14370182170072113,2.7674554327082337,0.016926387633307435
0.5,5000.0,0.6,hi,0.008463193816653718,0.0,3.0,2.1639268608510567,0.14370182170072113,2.7674554327082337,0.016926387633307435
0.5,5000.0,0.7,nom,0.008280263274600689,0.0,2.1639268608510567,2.1639268608510567,0.14370182170072113,2.8270784063490093,0.016560526549201378
0.5,5000.0,0.7,lo,0.008280263274600689,0.0,1.4,2.1639268608510567,0.14370182170072113,2.8270784063490093,0.016560526549201378
0.5,5000.0,0.7,hi,0.008280263274600689,0.0,3.0,2.1639268608510567,0.14370182170072113,2.8270784063490093,0.016560526549201378
0.5,5000.0,0.8,nom,0.008103423343224614,0.0,2.1639268608510567,2.1639268608510567,0.14370182170072113,2.9017147294469035,0.016206846686449228
0.5,5000.0,0.8,lo,0.008103423343224614,0.0,1.4,2.1639268608510567,0.14370182170072113,2.9017147294469035,0.016206846686449228
0.5,5000.0,0.8,hi,0.008103423343224614,0.0,3.0,2.1639268608510567,0.14370182170072113,2.9017147294469035,0.016206846686449228
0.5,5000.0,0.85,nom,0.008016670227107028,4.055232042466215e-15,2.1639268608510567,2.1639268608510567,0.14370182170072113,2.9457925622713135,0.016033340454214055
0.5,5000.0,0.85,lo,0.008016670227105595,2.6236214181563654e-15,1.4,2.1639268608510567,0.14370182170072113,2.9457925622713135,0.01603334045421119
0.5,5000.0,0.85,hi,0.008016670227108594,5.622045896049355e-15,3.0,2.1639268608510567,0.14370182170072113,2.9457925622713135,0.016033340454217188
0.5,5000.0,0.9,nom,0.007932009621311482,7.264302815741937e-07,2.1639268608510567,2.1639268608510567,0.14370182170072113,2.995183723225133,0.015864019242622963
0.5,5000.0,0.9,lo,0.007931753171052155,4.6998002224709736e-07,1.4,2.1639268608510567,0.14370182170072113,2.995183723225133,0.01586350634210431
0.5,5000.0,0.9,hi,0.00793229029107758,1.0071000476723516e-06,3.0,2.1639268608510567,0.14370182170072113,2.995183723225133,0.01586458058215516
0.5,5000.0,0.95,nom,0.007859144819807318,1.1423251253769169e-05,2.1639268608510567,2.1639268608510567,0.32779641916148494,3.0506739596425003,0.015718289639614635
0.5,5000.0,0.95,lo,0.007855112091793778,7.390523240229609e-06,1.4,2.1639268608510567,0.32779641916148494,3.0506739596425003,0.015710224183587557
0.5,5000.0,0.95,hi,0.007863558404068325,1.5836835514777734e-05,3.0,2.1639268608510567,0.32779641916148494,3.0506739596425003,0.01572711680813665
0.5,5000.0,0.98,nom,0.008475461231622319,0.0006770747328835845,2.1639268608510567,2.1639268608510567,0.32390808713427716,3.0872955622915543,0.016950922463244637
0.5,5000.0,0.98,lo,0.008236434864968735,0.0004380483662300001,1.4,2.1639268608510567,0.32390808713427716,3.0872955622915543,0.01647286972993747
0.5,5000.0,0.98,hi,0.008737061569231592,0.0009386750704928576,3.0,2.1639268608510567,0.32390808713427716,3.0872955622915543,0.017474123138463183
0.5,5000.0,1.0,nom,0.009780892131870077,0.0020152728585542574,2.1639268608510567,2.1639268608510567,0.32257584717113225,3.1000461093712395,0.019561784263740153
0.5,5000.0,1.0,lo,0.009069444302257108,0.0013038250289412884,1.4,2.1639268608510567,0.32257584717113225,3.1000461093712395,0.018138888604514215
0.5,5000.0,1.0,hi,0.010559530049618581,0.002793910776302761,3.0,2.1639268608510567,0.32257584717113225,3.1000461093712395,0.021119060099237162
0.5,5000.0,1.02,nom,0.011354125650741868,0.0036213628727684304,2.1639268608510567,2.1639268608510567,0.32257584717113225,3.1000461093712395,0.022708251301483736
0.5,5000.0,1.02,lo,0.010075683009520378,0.002342920231546941,1.4,2.1639268608510567,0.32257584717113225,3.1000461093712395,0.020151366019040756
0.5,5000.0,1.02,hi,0.01275330613128831,0.005020543353314874,3.0,2.1639268608510567,0.32257584717113225,3.1000461093712395,0.02550661226257662
0.5,5000.0,1.05,nom,0.013296108058608596,0.0056131003849746,2.1639268608510567,2.1639268608510567,0.32257584717113225,3.1000461093712395,0.026592216117217193
0.5,5000.0,1.05,lo,0.011314526224992896,0.0036315185513588993,1.4,2.1639268608510567,0.32257584717113225,3.1000461093712395,0.022629052449985792
0.5,5000.0,1.05,hi,0.015464833140831639,0.007781825467197643,3.0,2.1639268608510567,0.32257584717113225,3.1000461093712395,0.030929666281663278
0.6,0.0,0.05,nom,0.011198284056913456,0.0,2.8094183875485217,2.8094183875485217,0.14370182170072113,2.623262120620711,0.018663806761522427
0.6,0.0,0.05,lo,0.011198284056913456,0.0,1.4,2.8094183875485217,0.14370182170072113,2.623262120620711,0.018663806761522427
0.6,0.0,0.05,hi,0.011198284056913456,0.0,3.0,2.8094183875485217,0.14370182170072113,2.623262120620711,0.018663806761522427
0.6,0.0,0.2,nom,0.009913273355491265,0.0,2.8094183875485217,2.8094183875485217,0.14370182170072113,2.6372024330239507,0.01652212225915211
0.6,0.0,0.2,lo,0.009913273355491265,0.0,1.4,2.8094183875485217,0.14370182170072113,2.6372024330239507,0.01652212225915211
0.6,0.0,0.2,hi,0.009913273355491265,0.0,3.0,2.8094183875485217,0.14370182170072113,2.6372024330239507,0.01652212225915211
0.6,0.0,0.4,nom,0.009359449223488673,0.0,2.8094183875485217,2.8094183875485217,0.14370182170072113,2.6835672348112807,0.015599082039147788
0.6,0.0,0.4,lo,0.009359449223488673,0.0,1.4,2.8094183875485217,0.14370182170072113,2.6835672348112807,0.015599082039147788
0.6,0.0,0.4,hi,0.009359449223488673,0.0,3.0,2.8094183875485217,0.14370182170072113,2.6835672348112807,0.015599082039147788
0.6,0.0,0.6,nom,0.008980031104438185,0.0,2.8094183875485217,2.8094183875485217,0.14370182170072113,2.767455432708234,0.014966718507396976
0.6,0.0,0.6,lo,0.008980031104438185,0.0,1.4,2.8094183875485217,0.14370182170072113,2.767455432708234,0.014966718507396976
0.6,0.0,0.6,hi,0.008980031104438185,0.0,3.0,2.8094183875485217,0.14370182170072113,2.767455432708234,0.014966718507396976
0.6,0.0,0.7,nom,0.008805826908098653,0.0,2.8094183875485217,2.8094183875485217,0.14370182170072113,2.8270784063490093,0.014676378180164422
0.6,0.0,0.7,lo,0.008805826908098653,0.0,1.4,2.8094183875485217,0.14370182170072113,2.8270784063490093,0.014676378180164422
0.6,0.0,0.7,hi,0.008805826908098653,0.0,3.0,2.8094183875485217,0.14370182170072113,2.8270784063490093,0.014676378180164422
0.6,0.0,0.8,nom,0.008634538360207566,0.0,2.8094183875485217,2.8094183875485217,0.14370182170072113,2.901714729446904,0.01439089726701261
0.6,0.0,0.8,lo,0.008634538360207566,0.0,1.4,2.8094183875485217,0.14370182170072113,2.901714729446904,0.01439089726701261
0.6,0.0,0.8,hi,0.008634538360207566,0.0,3.0,2.8094183875485217,0.14370182170072113,2.901714729446904,0.01439089726701261
0.6,0.0,0.85,nom,0.008549574931688946,5.645885195908911e-15,2.8094183875485217,2.8094183875485217,0.14370182170072113,2.945792562271314,0.01424929155281491
0.6,0.0,0.85,lo,0.008549574931686113,2.813478871393612e-15,1.4,2.8094183875485217,0.14370182170072113,2.945792562271314,0.014249291552810189
0.6,0.0,0.85,hi,0.008549574931689327,6.028883295843454e-15,3.0,2.8094183875485217,0.14370182170072113,2.945792562271314,0.014249291552815546
0.6,0.0,0.9,nom,0.008466415408513148,1.0113704788408174e-06,2.8094183875485217,2.8094183875485217,0.14370182170072113,2.995183723225133,0.014110692347521915
0.6,0.0,0.9,lo,0.00846590802799773,5.039899634218116e-07,1.4,2.8094183875485217,0.14370182170072113,2.995183723225133,0.01410984671332955
0.6,0.0,0.9,hi,0.008466484016527354,1.0799784930467391e-06,3.0,2.8094183875485217,0.14370182170072113,2.995183723225133,0.014110806694212257
0.6,0.0,0.95,nom,0.008398441069347213,1.5903988838966808e-05,2.8094183875485217,2.8094183875485217,0.3277964191614849,3.0506739596425008,0.013997401782245357
0.6,0.0,0.95,lo,0.008390462416397425,7.925335889177518e-06,1.4,2.8094183875485217,0.3277964191614849,3.0506739596425008,0.013984104027329042
0.6,0.0,0.95,hi,0.008399519943127912,1.698286261966611e-05,3.0,2.8094183875485217,0.3277964191614849,3.0506739596425008,0.013999199905213188
0.6,0.0,0.98,nom,0.00927604307541216,0.0009426553575431454,2.8094183875485217,2.8094183875485217,0.3239080871342772,3.087295562291554,0.015460071792353602
0.6,0.0,0.98,lo,0.00880313530206988,0.00046974758420086353,1.4,2.8094183875485217,0.3239080871342772,3.087295562291554,0.014671892170116467
0.6,0.0,0.98,hi,0.009339989684013722,0.0010066019661447076,3.0,2.8094183875485217,0.3239080871342772,3.087295562291554,0.015566649473356205
0.6,0.0,1.0,nom,0.011106411489775623,0.0028057578650687795,2.8094183875485217,2.8094183875485217,0.32257584717113225,3.1000461093712395,0.018510685816292706
0.6,0.0,1.0,lo,0.009698829499295566,0.001398175874588722,1.4,2.8094183875485217,0.32257584717113225,3.1000461093712395,0.01616471583215928
0.6,0.0,1.0,hi,0.01129674478453982,0.0029960911598329756,3.0,2.8094183875485217,0.32257584717113225,3.1000461093712395,0.018827907974233032
0.6,0.0,1.02,nom,0.013309592745178588,0.0050418320871086835,2.8094183875485217,2.8094183875485217,0.32257584717113225,3.1000461093712395,0.022182654575297646
0.6,0.0,1.02,lo,0.010780225498919545,0.002512464840849643,1.4,2.8094183875485217,0.32257584717113225,3.1000461093712395,0.017967042498199245
0.6,0.0,1.02,hi,0.013651613888461995,0.005383853230392092,3.0,2.8094183875485217,0.32257584717113225,3.1000461093712395,0.022752689814103326
0.6,0.0,1.05,nom,0.016032648485000835,0.007814822933635548,2.8094183875485217,2.8094183875485217,0.32257584717113225,3.1000461093712395,0.026721080808334727
0.6,0.0,1.05,lo,0.012112137682153537,0.003894312130788248,1.4,2.8094183875485217,0.32257584717113225,3.1000461093712395,0.020186896136922563
0.6,0.0,1.05,hi,0.016562780117340106,0.008344954565974817,3.0,2.8094183875485217,0.32257584717113225,3.1000461093712395,0.027604633528900177
0.6,2500.0,0.05,nom,0.011684709661254533,0.0,2.8094183875485217,2.8094183875485217,0.14370182170072113,2.623262120620711,0.01947451610209089
0.6,2500.0,0.05,lo,0.011684709661254533,0.0,1.4,2.8094183875485217,0.14370182170072113,2.623262120620711,0.01947451610209089
0.6,2500.0,0.05,hi,0.011684709661254533,0.0,3.0,2.8094183875485217,0.14370182170072113,2.623262120620711,0.01947451610209089
0.6,2500.0,0.2,nom,0.010306130309157079,0.0,2.8094183875485217,2.8094183875485217,0.14370182170072113,2.6372024330239507,0.017176883848595132
0.6,2500.0,0.2,lo,0.010306130309157079,0.0,1.4,2.8094183875485217,0.14370182170072113,2.6372024330239507,0.017176883848595132
0.6,2500.0,0.2,hi,0.010306130309157079,0.0,3.0,2.8094183875485217,0.14370182170072113,2.6372024330239507,0.017176883848595132
0.6,2500.0,0.4,nom,0.00971476838255483,0.0,2.8094183875485217,2.8094183875485217,0.14370182170072113,2.6835672348112807,0.016191280637591385
0.6,2500.0,0.4,lo,0.00971476838255483,0.0,1.4,2.8094183875485217,0.14370182170072113,2.6835672348112807,0.016191280637591385
0.6,2500.0,0.4,hi,0.00971476838255483,0.0,3.0,2.8094183875485217,0.14370182170072113,2.6835672348112807,0.016191280637591385
0.6,2500.0,0.6,nom,0.00931272823715659,0.0,2.8094183875485217,2.8094183875485217,0.14370182170072113,2.767455432708234,0.015521213728594318
0.6,2500.0,0.6,lo,0.00931272823715659,0.0,1.4,2.8094183875485217,0.14370182170072113,2.767455432708234,0.015521213728594318
0.6,2500.0,0.6,hi,0.00931272823715659,0.0,3.0,2.8094183875485217,0.14370182170072113,2.767455432708234,0.015521213728594318
0.6,2500.0,0.7,nom,0.009129089607455664,0.0,2.8094183875485217,2.8094183875485217,0.14370182170072113,2.8270784063490093,0.015215149345759441
0.6,2500.0,0.7,lo,0.009129089607455664,0.0,1.4,2.8094183875485217,0.14370182170072113,2.8270784063490093,0.015215149345759441
0.6,2500.0,0.7,hi,0.009129089607455664,0.0,3.0,2.8094183875485217,0.14370182170072113,2.8270784063490093,0.015215149345759441
0.6,2500.0,0.8,nom,0.008949001117805118,0.0,2.8094183875485217,2.8094183875485217,0.14370182170072113,2.901714729446904,0.01491500186300853
0.6,2500.0,0.8,lo,0.008949001117805118,0.0,1.4,2.8094183875485217,0.14370182170072113,2.901714729446904,0.01491500186300853
0.6,2500.0,0.8,hi,0.008949001117805118,0.0,3.0,2.8094183875485217,0.14370182170072113,2.901714729446904,0.01491500186300853
0.6,2500.0,0.85,nom,0.00885980384296944,5.645885195908911e-15,2.8094183875485217,2.8094183875485217,0.14370182170072113,2.945792562271314,0.0147663397382824
0.6,2500.0,0.85,lo,0.008859803842966607,2.813478871393612e-15,1.4,2.8094183875485217,0.14370182170072113,2.945792562271314,0.01476633973827768
0.6,2500.0,0.85,hi,0.008859803842969822,6.028883295843454e-15,3.0,2.8094183875485217,0.14370182170072113,2.945792562271314,0.014766339738283037
0.6,2500.0,0.9,nom,0.008772495929756392,1.0113704788408174e-06,2.8094183875485217,2.8094183875485217,0.14370182170072113,2.995183723225133,0.014620826549593987
0.6,2500.0,0.9,lo,0.008771988549240974,5.039899634218116e-07,1.4,2.8094183875485217,0.14370182170072113,2.995183723225133,0.014619980915401624
0.6,2500.0,0.9,hi,0.008772564537770597,1.0799784930467391e-06,3.0,2.8094183875485217,0.14370182170072113,2.995183723225133,0.014620940896284329
0.6,2500.0,0.95,nom,0.008700445133816511,1.5903988838966808e-05,2.8094183875485217,2.8094183875485217,0.3277964191614849,3.0506739596425008,0.014500741889694186
0.6,2500.0,0.95,lo,0.008692466480866723,7.925335889177518e-06,1.4,2.8094183875485217,0.3277964191614849,3.0506739596425008,0.014487444134777872
0.6,2500.0,0.95,hi,0.00870152400759721,1.698286261966611e-05,3.0,2.8094183875485217,0.3277964191614849,3.0506739596425008,0.014502540012662017
0.6,2500.0,0.98,nom,0.009575631378252694,0.0009426553575431454,2.8094183875485217,2.8094183875485217,0.3239080871342772,3.087295562291554,0.01595938563042116
0.6,2500.0,0.98,lo,0.009102723604910413,0.00046974758420086353,1.4,2.8094183875485217,0.3239080871342772,3.087295562291554,0.015171206008184022
0.6,2500.0,0.98,hi,0.009639577986854256,0.0010066019661447076,3.0,2.8094183875485217,0.3239080871342772,3.087295562291554,0.01606596331142376
0.6,2500.0,1.0,nom,0.011404400680431795,0.0028057578650687795,2.8094183875485217,2.8094183875485217,0.32257584717113225,3.1000461093712395,0.019007334467386325
0.6,2500.0,1.0,lo,0.009996818689951737,0.001398175874588722,1.4,2.8094183875485217,0.32257584717113225,3.1000461093712395,0.016661364483252897
0.6,2500.0,1.0,hi,0.011594733975195991,0.0029960911598329756,3.0,2.8094183875485217,0.32257584717113225,3.1000461093712395,0.01932455662532665
0.6,2500.0,1.02,nom,0.013605991395317006,0.0050418320871086835,2.8094183875485217,2.8094183875485217,0.32257584717113225,3.1000461093712395,0.022676652325528346
0.6,2500.0,1.02,lo,0.011076624149057964,0.002512464840849643,1.4,2.8094183875485217,0.32257584717113225,3.1000461093712395,0.01846104024842994
0.6,2500.0,1.02,hi,0.013948012538600413,0.005383853230392092,3.0,2.8094183875485217,0.32257584717113225,3.1000461093712395,0.023246687564334022
0.6,2500.0,1.05,nom,0.016326676509813957,0.007814822933635548,2.8094183875485217,2.8094183875485217,0.32257584717113225,3.1000461093712395,0.027211127516356595
0.6,2500.0,1.05,lo,0.012406165706966656,0.003894312130788248,1.4,2.8094183875485217,0.32257584717113225,3.1000461093712395,0.020676942844944427
0.6,2500.0,1.05,hi,0.016856808142153228,0.008344954565974817,3.0,2.8094183875485217,0.32257584717113225,3.1000461093712395,0.02809468023692205
0.6,5000.0,0.05,nom,0.012232480923622564,0.0,2.8094183875485217,2.8094183875485217,0.14370182170072113,2.623262120620711,0.02038746820603761
0.6,5000.0,0.05,lo,0.012232480923622564,0.0,1.4,2.8094183875485217,0.14370182170072113,2.623262120620711,0.02038746820603761
0.6,5000.0,0.05,hi,0.012232480923622564,0.0,3.0,2.8094183875485217,0.14370182170072113,2.623262120620711,0.02038746820603761
0.6,5000.0,0.2,nom,0.010746159194449025,0.0,2.8094183875485217,2.8094183875485217,0.14370182170072113,2.6372024330239507,0.017910265324081708
0.6,5000.0,0.2,lo,0.010746159194449025,0.0,1.4,2.8094183875485217,0.14370182170072113,2.6372024330239507,0.017910265324081708
0.6,5000.0,0.2,hi,0.010746159194449025,0.0,3.0,2.8094183875485217,0.14370182170072113,2.6372024330239507,0.017910265324081708
0.6,5000.0,0.4,nom,0.010111817276088722,0.0,2.8094183875485217,2.8094183875485217,0.14370182170072113,2.6835672348112807,0.016853028793481203
0.6,5000.0,0.4,lo,0.010111817276088722,0.0,1.4,2.8094183875485217,0.14370182170072113,2.6835672348112807,0.016853028793481203
0.6,5000.0,0.4,hi,0.010111817276088722,0.0,3.0,2.8094183875485217,0.14370182170072113,2.6835672348112807,0.016853028793481203
0.6,5000.0,0.6,nom,0.009684019999725959,0.0,2.8094183875485217,2.8094183875485217,0.14370182170072113,2.767455432708234,0.0161400333328766
0.6,5000.0,0.6,lo,0.009684019999725959,0.0,1.4,2.8094183875485217,0.14370182170072113,2.767455432708234,0.0161400333328766
0.6,5000.0,0.6,hi,0.009684019999725959,0.0,3.0,2.8094183875485217,0.14370182170072113,2.767455432708234,0.0161400333328766
0.6,5000.0,0.7,nom,0.009489681657983579,0.0,2.8094183875485217,2.8094183875485217,0.14370182170072113,2.8270784063490093,0.0158161360966393
0.6,5000.0,0.7,lo,0.009489681657983579,0.0,1.4,2.8094183875485217,0.14370182170072113,2.8270784063490093,0.0158161360966393
0.6,5000.0,0.7,hi,0.009489681657983579,0.0,3.0,2.8094183875485217,0.14370182170072113,2.8270784063490093,0.0158161360966393
0.6,5000.0,0.8,nom,0.009299635508756345,0.0,2.8094183875485217,2.8094183875485217,0.14370182170072113,2.901714729446904,0.015499392514593908
0.6,5000.0,0.8,lo,0.009299635508756345,0.0,1.4,2.8094183875485217,0.14370182170072113,2.901714729446904,0.015499392514593908
0.6,5000.0,0.8,hi,0.009299635508756345,0.0,3.0,2.8094183875485217,0.14370182170072113,2.901714729446904,0.015499392514593908
0.6,5000.0,0.85,nom,0.009205654709510833,5.645885195908911e-15,2.8094183875485217,2.8094183875485217,0.14370182170072113,2.945792562271314,0.015342757849184721
0.6,5000.0,0.85,lo,0.009205654709508,2.813478871393612e-15,1.4,2.8094183875485217,0.14370182170072113,2.945792562271314,0.015342757849180001
0.6,5000.0,0.85,hi,0.009205654709511214,6.028883295843454e-15,3.0,2.8094183875485217,0.14370182170072113,2.945792562271314,0.015342757849185358
0.6,5000.0,0.9,nom,0.009113664168238816,1.0113704788408174e-06,2.8094183875485217,2.8094183875485217,0.14370182170072113,2.995183723225133,0.015189440280398026
0.6,5000.0,0.9,lo,0.009113156787723398,5.039899634218116e-07,1.4,2.8094183875485217,0.14370182170072113,2.995183723225133,0.015188594646205663
0.6,5000.0,0.9,hi,0.009113732776253021,1.0799784930467391e-06,3.0,2.8094183875485217,0.14370182170072113,2.995183723225133,0.01518955462708837
0.6,5000.0,0.95,nom,0.009037015916899947,1.5903988838966808e-05,2.8094183875485217,2.8094183875485217,0.3277964191614849,3.0506739596425008,0.015061693194833246
0.6,5000.0,0.95,lo,0.009029037263950159,7.925335889177518e-06,1.4,2.8094183875485217,0.3277964191614849,3.0506739596425008,0.015048395439916932
0.6,5000.0,0.95,hi,0.009038094790680646,1.698286261966611e-05,3.0,2.8094183875485217,0.3277964191614849,3.0506739596425008,0.015063491317801077
0.6,5000.0,0.98,nom,0.009909479419901036,0.0009426553575431454,2.8094183875485217,2.8094183875485217,0.3239080871342772,3.087295562291554,0.016515799033168396
0.6,5000.0,0.98,lo,0.009436571646558756,0.00046974758420086353,1.4,2.8094183875485217,0.3239080871342772,3.087295562291554,0.01572761941093126
0.6,5000.0,0.98,hi,0.009973426028502598,0.0010066019661447076,3.0,2.8094183875485217,0.3239080871342772,3.087295562291554,0.016622376714170998
0.6,5000.0,1.0,nom,0.011736447101641196,0.0028057578650687795,2.8094183875485217,2.8094183875485217,0.32257584717113225,3.1000461093712395,0.019560745169401993
0.6,5000.0,1.0,lo,0.010328865111161139,0.001398175874588722,1.4,2.8094183875485217,0.32257584717113225,3.1000461093712395,0.017214775185268566
0.6,5000.0,1.0,hi,0.011926780396405393,0.0029960911598329756,3.0,2.8094183875485217,0.32257584717113225,3.1000461093712395,0.019877967327342323
0.6,5000.0,1.02,nom,0.013936246388601008,0.0050418320871086835,2.8094183875485217,2.8094183875485217,0.32257584717113225,3.1000461093712395,0.023227077314335015
0.6,5000.0,1.02,lo,0.011406879142341968,0.002512464840849643,1.4,2.8094183875485217,0.32257584717113225,3.1000461093712395,0.019011465237236614
0.6,5000.0,1.02,hi,0.014278267531884417,0.005383853230392092,3.0,2.8094183875485217,0.32257584717113225,3.1000461093712395,0.023797112553140695
0.6,5000.0,1.05,nom,0.016654262427592798,0.007814822933635548,2.8094183875485217,2.8094183875485217,0.32257584717113225,3.1000461093712395,0.027757104045987996
0.6,5000.0,1.05,lo,0.012733751624745496,0.003894312130788248,1.4,2.8094183875485217,0.32257584717113225,3.1000461093712395,0.02122291937457583
0.6,5000.0,1.05,hi,0.017184394059932065,0.008344954565974817,3.0,2.8094183875485217,0.32257584717113225,3.1000461093712395,0.028640656766553443
0.8,0.0,0.05,nom,0.013799790125063592,0.0,3.8840300694008065,3.8840300694008065,0.14370182170072113,2.623262120620711,0.01724973765632949
0.8,0.0,0.05,lo,0.013799790125063592,0.0,1.4,3.8840300694008065,0.14370182170072113,2.623262120620711,0.01724973765632949
0.8,0.0,0.05,hi,0.013799790125063592,0.0,3.8840300694008065,3.8840300694008065,0.14370182170072113,2.623262120620711,0.01724973765632949
0.8,0.0,0.2,nom,0.012501467969402791,0.0,3.8840300694008065,3.8840300694008065,0.14370182170072113,2.6372024330239507,0.01562683496175349
0.8,0.0,0.2,lo,0.012501467969402791,0.0,1.4,3.8840300694008065,0.14370182170072113,2.6372024330239507,0.01562683496175349
0.8,0.0,0.2,hi,0.012501467969402791,0.0,3.8840300694008065,3.8840300694008065,0.14370182170072113,2.6372024330239507,0.01562683496175349
0.8,0.0,0.4,nom,0.011939118837768704,0.0,3.8840300694008065,3.8840300694008065,0.14370182170072113,2.6835672348112802,0.014923898547210879
0.8,0.0,0.4,lo,0.011939118837768704,0.0,1.4,3.8840300694008065,0.14370182170072113,2.6835672348112802,0.014923898547210879
0.8,0.0,0.4,hi,0.011939118837768704,0.0,3.8840300694008065,3.8840300694008065,0.14370182170072113,2.6835672348112802,0.014923898547210879
0.8,0.0,0.6,nom,0.011531167322058214,0.0,3.8840300694008065,3.8840300694008065,0.14370182170072113,2.7674554327082337,0.014413959152572766
0.8,0.0,0.6,lo,0.011531167322058214,0.0,1.4,3.8840300694008065,0.14370182170072113,2.7674554327082337,0.014413959152572766
0.8,0.0,0.6,hi,0.011531167322058214,0.0,3.8840300694008065,3.8840300694008065,0.14370182170072113,2.7674554327082337,0.014413959152572766
0.8,0.0,0.7,nom,0.01133562767275603,0.0,3.8840300694008065,3.8840300694008065,0.14370182170072113,2.8270784063490093,0.014169534590945037
0.8,0.0,0.7,lo,0.01133562767275603,0.0,1.4,3.8840300694008065,0.14370182170072113,2.8270784063490093,0.014169534590945037
0.8,0.0,0.7,hi,0.01133562767275603,0.0,3.8840300694008065,3.8840300694008065,0.14370182170072113,2.8270784063490093,0.014169534590945037
0.8,0.0,0.8,nom,0.01113882292620159,0.0,3.8840300694008065,3.8840300694008065,0.14370182170072113,2.9017147294469035,0.013923528657751988
0.8,0.0,0.8,lo,0.01113882292620159,0.0,1.4,3.8840300694008065,0.14370182170072113,2.9017147294469035,0.013923528657751988
0.8,0.0,0.8,hi,0.01113882292620159,0.0,3.8840300694008065,3.8840300694008065,0.14370182170072113,2.9017147294469035,0.013923528657751988
0.8,0.0,0.85,nom,0.011039668511995282,8.875853681733326e-15,3.8840300694008065,3.8840300694008065,0.14370182170072113,2.9457925622713135,0.013799585639994102
0.8,0.0,0.85,lo,0.011039668511989604,3.1993045708690038e-15,1.4,3.8840300694008065,0.14370182170072113,2.9457925622713135,0.013799585639987004
0.8,0.0,0.85,hi,0.011039668511995282,8.875853681733326e-15,3.8840300694008065,3.8840300694008065,0.14370182170072113,2.9457925622713135,0.013799585639994102
0.8,0.0,0.9,nom,0.010942014406599013,1.5899679282746247e-06,3.8840300694008065,3.8840300694008065,0.14370182170072113,2.995183723225133,0.013677518008248766
0.8,0.0,0.9,lo,0.010940997543167822,5.731044970843583e-07,1.4,3.8840300694008065,0.14370182170072113,2.995183723225133,0.013676246928959777
0.8,0.0,0.9,hi,0.010942014406599013,1.5899679282746247e-06,3.8840300694008065,3.8840300694008065,0.14370182170072113,2.995183723225133,0.013677518008248766
0.8,0.0,0.95,nom,0.010866659543619997,2.50025413185654e-05,3.8840300694008065,3.8840300694008065,0.32779641916148494,3.0506739596425003,0.013583324429524996
0.8,0.0,0.95,lo,0.010850669177083948,9.012174782516964e-06,1.4,3.8840300694008065,0.32779641916148494,3.0506739596425003,0.013563336471354935
0.8,0.0,0.95,hi,0.010866659543619997,2.50025413185654e-05,3.8840300694008065,3.8840300694008065,0.32779641916148494,3.0506739596425003,0.013583324429524996
0.8,0.0,0.98,nom,0.012264534400615274,0.0014819414025488377,3.8840300694008065,3.8840300694008065,0.32390808713427716,3.0872955622915543,0.015330668000769092
0.8,0.0,0.98,lo,0.011316759296085967,0.0005341662980195315,1.4,3.8840300694008065,0.32390808713427716,3.0872955622915543,0.014145949120107458
0.8,0.0,0.98,hi,0.012264534400615274,0.0014819414025488377,3.8840300694008065,3.8840300694008065,0.32390808713427716,3.0872955622915543,0.015330668000769092
0.8,0.0,1.0,nom,0.015154011263023438,0.004410910851458402,3.8840300694008065,3.8840300694008065,0.32257584717113225,3.100046109371239,0.018942514078779296
0.8,0.0,1.0,lo,0.012333014774147309,0.0015899143625822724,1.4,3.8840300694008065,0.32257584717113225,3.100046109371239,0.015416268467684135
0.8,0.0,1.0,hi,0.015154011263023438,0.004410910851458402,3.8840300694008065,3.8840300694008065,0.32257584717113225,3.100046109371239,0.018942514078779296
0.8,0.0,1.02,nom,0.018629560328450746,0.007926226329481818,3.8840300694008065,3.8840300694008065,0.32257584717113225,3.100046109371239,0.02328695041056343
0.8,0.0,1.02,lo,0.013560345057842229,0.0028570110588733025,1.4,3.8840300694008065,0.32257584717113225,3.100046109371239,0.016950431322302784
0.8,0.0,1.02,hi,0.018629560328450746,0.007926226329481818,3.8840300694008065,3.8840300694008065,0.32257584717113225,3.100046109371239,0.02328695041056343
0.8,0.0,1.05,nom,0.022928505097151258,0.012285624397369023,3.8840300694008065,3.8840300694008065,0.32257584717113225,3.100046109371239,0.02866063137143907
0.8,0.0,1.05,lo,0.01507123832034259,0.0044283576205603565,1.4,3.8840300694008065,0.32257584717113225,3.100046109371239,0.018839047900428237
0.8,0.0,1.05,hi,0.022928505097151258,0.012285624397369023,3.8840300694008065,3.8840300694008065,0.32257584717113225,3.100046109371239,0.02866063137143907
0.8,2500.0,0.05,nom,0.014403927658994125,0.0,3.8840300694008065,3.8840300694008065,0.14370182170072113,2.623262120620711,0.018004909573742657
0.8,2500.0,0.05,lo,0.014403927658994125,0.0,1.4,3.8840300694008065,0.14370182170072113,2.623262120620711,0.018004909573742657
0.8,2500.0,0.05,hi,0.014403927658994125,0.0,3.8840300694008065,3.8840300694008065,0.14370182170072113,2.623262120620711,0.018004909573742657
0.8,2500.0,0.2,nom,0.01300029797577784,0.0,3.8840300694008065,3.8840300694008065,0.14370182170072113,2.6372024330239507,0.0162503724697223
0.8,2500.0,0.2,lo,0.01300029797577784,0.0,1.4,3.8840300694008065,0.14370182170072113,2.6372024330239507,0.0162503724697223
0.8,2500.0,0.2,hi,0.01300029797577784,0.0,3.8840300694008065,3.8840300694008065,0.14370182170072113,2.6372024330239507,0.0162503724697223
0.8,2500.0,0.4,nom,0.012395265382085092,0.0,3.8840300694008065,3.8840300694008065,0.14370182170072113,2.6835672348112802,0.015494081727606364
0.8,2500.0,0.4,lo,0.012395265382085092,0.0,1.4,3.8840300694008065,0.14370182170072113,2.6835672348112802,0.015494081727606364
0.8,2500.0,0.4,hi,0.012395265382085092,0.0,3.8840300694008065,3.8840300694008065,0.14370182170072113,2.6835672348112802,0.015494081727606364
0.8,2500.0,0.6,nom,0.011960995786428931,0.0,3.8840300694008065,3.8840300694008065,0.14370182170072113,2.7674554327082337,0.014951244733036164
0.8,2500.0,0.6,lo,0.011960995786428931,0.0,1.4,3.8840300694008065,0.14370182170072113,2.7674554327082337,0.014951244733036164
0.8,2500.0,0.6,hi,0.011960995786428931,0.0,3.8840300694008065,3.8840300694008065,0.14370182170072113,2.7674554327082337,0.014951244733036164
0.8,2500.0,0.7,nom,0.011754270731068345,0.0,3.8840300694008065,3.8840300694008065,0.14370182170072113,2.8270784063490093,0.014692838413835431
0.8,2500.0,0.7,lo,0.011754270731068345,0.0,1.4,3.8840300694008065,0.14370182170072113,2.8270784063490093,0.014692838413835431
0.8,2500.0,0.7,hi,0.011754270731068345,0.0,3.8840300694008065,3.8840300694008065,0.14370182170072113,2.8270784063490093,0.014692838413835431
0.8,2500.0,0.8,nom,0.011546913593173632,0.0,3.8840300694008065,3.8840300694008065,0.14370182170072113,2.9017147294469035,0.01443364199146704
0.8,2500.0,0.8,lo,0.011546913593173632,0.0,1.4,3.8840300694008065,0.14370182170072113,2.9017147294469035,0.01443364199146704
0.8,2500.0,0.8,hi,0.011546913593173632,0.0,3.8840300694008065,3.8840300694008065,0.14370182170072113,2.9017147294469035,0.01443364199146704
0.8,2500.0,0.85,nom,0.011442642263210033,8.875853681733326e-15,3.8840300694008065,3.8840300694008065,0.14370182170072113,2.9457925622713135,0.014303302829012541
0.8,2500.0,0.85,lo,0.011442642263204355,3.1993045708690038e-15,1.4,3.8840300694008065,0.14370182170072113,2.9457925622713135,0.014303302829005443
0.8,2500.0,0.85,hi,0.011442642263210033,8.875853681733326e-15,3.8840300694008065,3.8840300694008065,0.14370182170072113,2.9457925622713135,0.014303302829012541
0.8,2500.0,0.9,nom,0.01133995043111812,1.5899679282746247e-06,3.8840300694008065,3.8840300694008065,0.14370182170072113,2.995183723225133,0.014174938038897649
0.8,2500.0,0.9,lo,0.01133893356768693,5.731044970843583e-07,1.4,3.8840300694008065,0.14370182170072113,2.995183723225133,0.014173666959608661
0.8,2500.0,0.9,hi,0.01133995043111812,1.5899679282746247e-06,3.8840300694008065,3.8840300694008065,0.14370182170072113,2.995183723225133,0.014174938038897649
0.8,2500.0,0.95,nom,0.011259622916481514,2.50025413185654e-05,3.8840300694008065,3.8840300694008065,0.32779641916148494,3.0506739596425003,0.014074528645601892
0.8,2500.0,0.95,lo,0.011243632549945466,9.012174782516964e-06,1.4,3.8840300694008065,0.32779641916148494,3.0506739596425003,0.014054540687431831
0.8,2500.0,0.95,hi,0.011259622916481514,2.50025413185654e-05,3.8840300694008065,3.8840300694008065,0.32779641916148494,3.0506739596425003,0.014074528645601892
0.8,2500.0,0.98,nom,0.01265454090797111,0.0014819414025488377,3.8840300694008065,3.8840300694008065,0.32390808713427716,3.0872955622915543,0.015818176134963887
0.8,2500.0,0.98,lo,0.011706765803441804,0.0005341662980195315,1.4,3.8840300694008065,0.32390808713427716,3.0872955622915543,0.014633457254302254
0.8,2500.0,0.98,hi,0.01265454090797111,0.0014819414025488377,3.8840300694008065,3.8840300694008065,0.32390808713427716,3.0872955622915543,0.015818176134963887
0.8,2500.0,1.0,nom,0.015542056513075941,0.004410910851458402,3.8840300694008065,3.8840300694008065,0.32257584717113225,3.100046109371239,0.019427570641344927
0.8,2500.0,1.0,lo,0.012721060024199812,0.0015899143625822724,1.4,3.8840300694008065,0.32257584717113225,3.100046109371239,0.015901325030249762
0.8,2500.0,1.0,hi,0.015542056513075941,0.004410910851458402,3.8840300694008065,3.8840300694008065,0.32257584717113225,3.100046109371239,0.019427570641344927
0.8,2500.0,1.02,nom,0.01901565177874754,0.007926226329481818,3.8840300694008065,3.8840300694008065,0.32257584717113225,3.100046109371239,0.023769564723434423
0.8,2500.0,1.02,lo,0.013946436508139023,0.0028570110588733025,1.4,3.8840300694008065,0.32257584717113225,3.100046109371239,0.01743304563517378
0.8,2500.0,1.02,hi,0.01901565177874754,0.007926226329481818,3.8840300694008065,3.8840300694008065,0.32257584717113225,3.100046109371239,0.023769564723434423
0.8,2500.0,1.05,nom,0.023311678985201867,0.012285624397369023,3.8840300694008065,3.8840300694008065,0.32257584717113225,3.100046109371239,0.029139598731502334
0.8,2500.0,1.05,lo,0.0154544122083932,0.0044283576205603565,1.4,3.8840300694008065,0.32257584717113225,3.100046109371239,0.019318015260491497
0.8,2500.0,1.05,hi,0.023311678985201867,0.012285624397369023,3.8840300694008065,3.8840300694008065,0.32257584717113225,3.100046109371239,0.029139598731502334
0.8,5000.0,0.05,nom,0.015084478126288332,0.0,3.8840300694008065,3.8840300694008065,0.14370182170072113,2.623262120620711,0.018855597657860414
0.8,5000.0,0.05,lo,0.015084478126288332,0.0,1.4,3.8840300694008065,0.14370182170072113,2.623262120620711,0.018855597657860414
0.8,5000.0,0.05,hi,0.015084478126288332,0.0,3.8840300694008065,3.8840300694008065,0.14370182170072113,2.623262120620711,0.018855597657860414
0.8,5000.0,0.2,nom,0.01355915208135628,0.0,3.8840300694008065,3.8840300694008065,0.14370182170072113,2.6372024330239507,0.01694894010169535
0.8,5000.0,0.2,lo,0.01355915208135628,0.0,1.4,3.8840300694008065,0.14370182170072113,2.6372024330239507,0.01694894010169535
0.8,5000.0,0.2,hi,0.01355915208135628,0.0,3.8840300694008065,3.8840300694008065,0.14370182170072113,2.6372024330239507,0.01694894010169535
0.8,5000.0,0.4,nom,0.012905077415261883,0.0,3.8840300694008065,3.8840300694008065,0.14370182170072113,2.6835672348112802,0.01613134676907735
0.8,5000.0,0.4,lo,0.012905077415261883,0.0,1.4,3.8840300694008065,0.14370182170072113,2.6835672348112802,0.01613134676907735
0.8,5000.0,0.4,hi,0.012905077415261883,0.0,3.8840300694008065,3.8840300694008065,0.14370182170072113,2.6835672348112802,0.01613134676907735
0.8,5000.0,0.6,nom,0.012440764020404019,0.0,3.8840300694008065,3.8840300694008065,0.14370182170072113,2.7674554327082337,0.015550955025505023
0.8,5000.0,0.6,lo,0.012440764020404019,0.0,1.4,3.8840300694008065,0.14370182170072113,2.7674554327082337,0.015550955025505023
0.8,5000.0,0.6,hi,0.012440764020404019,0.0,3.8840300694008065,3.8840300694008065,0.14370182170072113,2.7674554327082337,0.015550955025505023
0.8,5000.0,0.7,nom,0.01222132865504741,0.0,3.8840300694008065,3.8840300694008065,0.14370182170072113,2.8270784063490093,0.015276660818809263
0.8,5000.0,0.7,lo,0.01222132865504741,0.0,1.4,3.8840300694008065,0.14370182170072113,2.8270784063490093,0.015276660818809263
0.8,5000.0,0.7,hi,0.01222132865504741,0.0,3.8840300694008065,3.8840300694008065,0.14370182170072113,2.8270784063490093,0.015276660818809263
0.8,5000.0,0.8,nom,0.012002011724837664,0.0,3.8840300694008065,3.8840300694008065,0.14370182170072113,2.9017147294469035,0.01500251465604708
0.8,5000.0,0.8,lo,0.012002011724837664,0.0,1.4,3.8840300694008065,0.14370182170072113,2.9017147294469035,0.01500251465604708
0.8,5000.0,0.8,hi,0.012002011724837664,0.0,3.8840300694008065,3.8840300694008065,0.14370182170072113,2.9017147294469035,0.01500251465604708
0.8,5000.0,0.85,nom,0.011891951164104905,8.875853681733326e-15,3.8840300694008065,3.8840300694008065,0.14370182170072113,2.9457925622713135,0.01486493895513113
0.8,5000.0,0.85,lo,0.011891951164099227,3.1993045708690038e-15,1.4,3.8840300694008065,0.14370182170072113,2.9457925622713135,0.014864938955124033
0.8,5000.0,0.85,hi,0.011891951164104905,8.875853681733326e-15,3.8840300694008065,3.8840300694008065,0.14370182170072113,2.9457925622713135,0.01486493895513113
0.8,5000.0,0.9,nom,0.011783565695573392,1.5899679282746247e-06,3.8840300694008065,3.8840300694008065,0.14370182170072113,2.995183723225133,0.014729457119466738
0.8,5000.0,0.9,lo,0.011782548832142201,5.731044970843583e-07,1.4,3.8840300694008065,0.14370182170072113,2.995183723225133,0.01472818604017775
0.8,5000.0,0.9,hi,0.011783565695573392,1.5899679282746247e-06,3.8840300694008065,3.8840300694008065,0.14370182170072113,2.995183723225133,0.014729457119466738
0.8,5000.0,0.95,nom,0.011697623574424172,2.50025413185654e-05,3.8840300694008065,3.8840300694008065,0.32779641916148494,3.0506739596425003,0.014622029468030215
0.8,5000.0,0.95,lo,0.011681633207888124,9.012174782516964e-06,1.4,3.8840300694008065,0.32779641916148494,3.0506739596425003,0.014602041509860154
0.8,5000.0,0.95,hi,0.011697623574424172,2.50025413185654e-05,3.8840300694008065,3.8840300694008065,0.32779641916148494,3.0506739596425003,0.014622029468030215
0.8,5000.0,0.98,nom,0.013089205414906484,0.0014819414025488377,3.8840300694008065,3.8840300694008065,0.32390808713427716,3.0872955622915543,0.016361506768633103
0.8,5000.0,0.98,lo,0.012141430310377177,0.0005341662980195315,1.4,3.8840300694008065,0.32390808713427716,3.0872955622915543,0.015176787887971471
0.8,5000.0,0.98,hi,0.013089205414906484,0.0014819414025488377,3.8840300694008065,3.8840300694008065,0.32390808713427716,3.0872955622915543,0.016361506768633103
0.8,5000.0,1.0,nom,0.015974509144362232,0.004410910851458402,3.8840300694008065,3.8840300694008065,0.32257584717113225,3.100046109371239,0.01996813643045279
0.8,5000.0,1.0,lo,0.013153512655486104,0.0015899143625822724,1.4,3.8840300694008065,0.32257584717113225,3.100046109371239,0.016441890819357628
0.8,5000.0,1.0,hi,0.015974509144362232,0.004410910851458402,3.8840300694008065,3.8840300694008065,0.32257584717113225,3.100046109371239,0.01996813643045279
0.8,5000.0,1.02,nom,0.0194459016800057,0.007926226329481818,3.8840300694008065,3.8840300694008065,0.32257584717113225,3.100046109371239,0.024307377100007122
0.8,5000.0,1.02,lo,0.014376686409397182,0.0028570110588733025,1.4,3.8840300694008065,0.32257584717113225,3.100046109371239,0.017970858011746478
0.8,5000.0,1.02,hi,0.0194459016800057,0.007926226329481818,3.8840300694008065,3.8840300694008065,0.32257584717113225,3.100046109371239,0.024307377100007122
0.8,5000.0,1.05,nom,0.02373864092440839,0.012285624397369023,3.8840300694008065,3.8840300694008065,0.32257584717113225,3.100046109371239,0.029673301155510486
0.8,5000.0,1.05,lo,0.01588137414759972,0.0044283576205603565,1.4,3.8840300694008065,0.32257584717113225,3.100046109371239,0.01985171768449965
0.8,5000.0,1.05,hi,0.02373864092440839,0.012285624397369023,3.8840300694008065,3.8840300694008065,0.32257584717113225,3.100046109371239,0.029673301155510486
