MN,alt_m,Fn_N,Fg_N,Fram_N,W_kgps,Wf_kgps,TSFC_kgpNh,FAR,OPR,comp_PR,Pt2_kPa,Tt2_K,Pt3_kPa,Tt3_K,Pt4_kPa,Tt4_K,Pt5_kPa,Tt5_K,turb_PR,comp_pwr_kW,Wc2_kgps,NPR,Vj_mps,A8_cm2,Nmech,comp_eff,turb_eff,res,c_in_gamma,c_in_Cp,c_out_gamma,c_out_Cp,t_in_gamma,t_in_Cp,t_out_gamma,t_out_Cp,N_pct,comp_RlineMap,comp_NcMap,comp_WcMap,comp_PRmap,comp_effMap,pwr_net_kW,conv,igv_deg,W_stack,PR_stack,eta_stack,stall_index,stall_row,SM_peak,SMW_peak,i_R1,i_R2,i_R3,i_R4,i_R5,i_R6,si_R1,si_R2,si_R3,si_R4,si_R5,si_R6,case
1e-06,0.0,690.2917955937288,690.2922604852456,0.00046489151670175787,1.3660802449265352,0.023629817779268796,0.1232338911578692,0.016432656114950685,5.273798434075433,5.44063075010306,98.21762904407326,288.1500000000577,534.3658527794005,532.1486477571641,507.6475601404304,1163.3270353908931,167.09490135055893,957.3667411841108,3.0380792952826523,338.8812728622776,1.4092997577357789,1.6491039321505028,507.284335481738,65.53396241892486,100000.0,0.7239562445618658,0.7496931023957722,3.5685245146658566e-09,1.4001452291610537,1004.4167849535459,1.383245264938347,1036.0647415687063,1.3124508570308604,1205.6417179332648,1.3276238296901357,1163.1127700513434,100.0,2.6152960852855927,1.0353875034113087,2.514773919096257,5.469871813444788,0.8233545728520384,2.5534126166487103e-09,True,21.37002019279793,1.105935233180068,5.52948030263191,0.8259909469176756,0.8720699216034553,S6,0.12136822628763655,0.10970762042709059,-1.2622374283271043,-0.7886454474848534,-0.21178266110172217,0.4488305724876014,1.150002066918276,1.83847362938765,0.7677274309934007,0.7821617243787906,0.7997435396091908,0.8198779287323791,0.8412484659743428,0.8622319304800284,SLS
1e-06,0.0,630.2469793645486,630.2474293839194,0.00045001937077394693,1.322378555345736,0.021661824879629414,0.12373334917890828,0.015561908163481698,5.014263505258988,5.172885645299466,98.2176290440732,288.1500000000577,508.0685633974343,521.6139948228555,482.66513522756253,1123.9981131541622,160.00323863064725,925.4210922309256,3.016596034919959,313.61613654938384,1.3642154511823408,1.579114430587576,478.874984218388,65.5339624169932,97500.0,0.729263996925547,0.7490709555999144,8.266776444146959e-11,1.4001452291610537,1004.4167849535459,1.384362644537501,1033.884531787054,1.3156409436839294,1196.3657324379183,1.3309208337073233,1154.3872960512165,97.5,2.519780912009578,1.0095028158260262,2.4343248608638457,5.200363636679217,0.8293910732801104,-5.478732371096969e-11,True,21.37002019279793,1.070555731547829,5.23204096922772,0.8313029552935631,0.8422113098001599,S6,0.11945223755285683,0.15520396162783,-0.23400756016962276,-0.007379560348219627,0.22787112739119664,0.4859114531477857,0.7598294164316357,1.0411744571040344,0.7990661617679607,0.8059734050725214,0.8131434535178234,0.8210080921052594,0.8293566545926054,0.8379315820066373,SLS
1e-06,0.0,569.5877949351946,569.5882277528208,0.0004328176261623935,1.2718313574557172,0.01980348912541948,0.12516518346328245,0.014792302893666898,4.742896102373137,4.89293375575115,98.21762904407348,288.1500000000577,480.5723525595916,511.52964818803156,456.54373493161194,1088.162339640605,153.69720846463696,896.8223201107556,2.970410064647691,288.3536829322222,1.3120690608035959,1.5168785451132916,450.3265787076772,65.5339624172628,95000.0,0.7296472105533233,0.7484496539440854,1.4663208864336922e-10,1.4001452291610537,1004.4167849535459,1.3854280366449696,1031.8078227517317,1.3186411365152912,1187.8156498120727,1.333974736237549,1146.4742651102329,95.0,2.40700893692965,0.9836181282407432,2.341274122878674,4.91856829483874,0.8298269016815903,-1.0853806913877367e-10,True,21.37002019279793,1.0296343235318788,4.946957812728409,0.832674001810634,0.8367717224470461,R1,0.10998755554620643,0.14512760002560943,1.003119238766736,0.9105351620060844,0.7923117172585279,0.675432574099105,0.55866946145985,0.4407673522577582,0.8367717224470461,0.8339499142643948,0.8303466609249214,0.82678437965488,0.823225634801496,0.8196321752332983,SLS
1e-06,0.0,512.628813103537,512.6292265448566,0.0004134413195243572,1.2148942253143251,0.018237351669808288,0.12807408466532963,0.014260899200368915,4.4731047429057265,4.614607766470554,98.21762904407342,288.1500000000577,453.23583379110505,502.13426691931454,430.5740421015498,1061.200383643497,147.78406422325477,876.9407186969439,2.9135349901535332,263.70395980879977,1.2533305739313638,1.4585201551120874,424.51054264770465,65.53396241679965,92500.0,0.7276674075122487,0.7475673426982425,5.953247182780083e-13,1.4001452291610537,1004.4167849535459,1.3863575222741478,1030.0270404467792,1.320930325967018,1181.3863504005806,1.3361520721901983,1140.9176374143256,92.5,2.244842610483165,0.9577334406554605,2.236460357018837,4.638409559639783,0.827575274045998,-1.866345327354305e-13,True,21.37002019279793,0.9835398274396264,4.648179980723679,0.8290365585710884,0.8802569836166084,R1,0.09759384568219742,0.13129884846362594,2.4298791379094737,1.9039174248549955,1.3863084153055993,0.8873663191338252,0.38690432106756845,-0.13703485666256654,0.8802569836166084,0.8642265481725602,0.8484506891948177,0.8332437665909831,0.8179905199133689,0.8020217279713959,SLS
1e-06,0.0,457.1108794145345,457.1112707890508,0.0003913745163106167,1.1500510891073221,0.01686883758857372,0.13285138913483155,0.013934507658771977,4.196301191974544,4.3290477607632205,98.21762904407338,288.1500000000577,425.18880708071845,493.73157906637425,403.92936672668253,1042.2484777601796,142.01316468231542,864.6838311033102,2.8443093119590404,239.689341955655,1.1864359559272282,1.4015656158129666,400.0075242646979,65.53396241679994,90000.0,0.7189501148015193,0.7464965128016412,3.026947970935482e-12,1.4001452291610537,1004.4167849535459,1.3871888027023003,1028.4344086240706,1.3225700897888342,1176.8553782136632,1.3375111365859387,1137.4775278277987,90.0,2.0342999128948116,0.9318487530701778,2.117092678310665,4.350969172814393,0.817661107450733,-4.539758904375336e-14,True,21.37002019279793,0.9310448812403563,4.353641797998956,0.8200783241584476,0.9316819097807141,R1,0.07823503519888741,0.10657944337614422,4.1171409938570775,3.034563049973535,2.0801251572735,1.2062143550974511,0.35187428425794565,-0.5438716428766242,0.9316819097807141,0.8986867403380705,0.8695970658531588,0.842961722727549,0.81692286283921,0.7896220215368841,SLS
1e-06,0.0,402.5578188926925,402.5581855751291,0.00036668243648312206,1.0774935972051218,0.015643953850235783,0.13990098121994557,0.013792895100512386,3.9092935365602908,4.0329608520424625,98.21762904407332,288.1500000000577,396.10785291517647,485.5510509324341,376.3024602694176,1030.1093365641084,136.48458645661728,859.3621881339385,2.7571059123883432,215.50069204939808,1.1115829184578336,1.3470026098567975,376.04341583212465,65.53396243169855,87500.0,0.7065074836072659,0.745371246624003,1.6482314591424944e-09,1.4001452291610537,1004.4167849535459,1.387998103602981,1026.8838859195876,1.323574902573793,1174.0837965758765,1.3381010789987382,1135.9866500675603,87.5,1.7313479191087395,0.9059640654848953,1.9835238861781603,4.052932564481174,0.8035101178445863,-1.182726993783085e-09,True,21.37002019279793,0.8723046373755211,4.052199257700528,0.8045232694486156,0.9911369009476202,R1,0.052051108488176734,0.0746550331020317,6.067870848509607,4.281221773915405,2.84016943293485,1.5855782412245745,0.394079199751701,-0.8467524622101763,0.9911369009476202,0.9366828181872574,0.8927619472374919,0.8545241010060877,0.8182091982443388,0.7803907195218189,SLS
1e-06,0.0,349.8710394670173,349.8713786400183,0.00033917300105129714,0.9966573269304657,0.014608616725223062,0.15031544277262432,0.013924731714665009,3.617898444541468,3.7323477137353183,98.21762904407328,288.1500000000577,366.5823432111505,478.1723085677907,348.25322605059296,1028.4902950662988,131.64973628878985,864.3165640471115,2.6453013569784654,191.76894527608607,1.0281891818618822,1.2992861903047899,353.2889909884699,65.53396241680008,85000.0,0.6844785618115171,0.7442838887728932,2.986967051264372e-12,1.4001452291610537,1004.4167849535459,1.3887280848500543,1025.4853306336074,1.323607331045793,1173.9932551194986,1.3375520082175272,1137.3744010222488,85.0,1.352846840028576,0.8800793778996124,1.8347149527652538,3.7503399218393376,0.778456651379211,1.5006425267240697e-13,True,21.37002019279793,0.806862157149536,3.7417383380195295,0.7806194539076308,1.0598577106518956,R1,0.025283242736122036,0.033800465393198476,8.322614016323627,5.669619875269632,3.6867002482611895,2.0414001554971577,0.5266782423039658,-1.0289620569394273,1.0598577106518956,0.9789988757670851,0.9185627940475729,0.8684167924118826,0.8222505958191401,0.7748372750921273,SLS
1e-06,0.0,295.65850762564213,295.6588143687123,0.000306743070159091,0.9013622175456314,0.013695060177185416,0.1667539251070466,0.014434049835983391,3.3018720271179003,3.406324058115458,98.2176290440732,288.1500000000577,334.56107274388614,469.33548354017586,317.83301910669184,1039.2271644603402,126.59508531537789,882.0281112706516,2.510626840804251,165.28699533697582,0.9298791630557229,1.2502791161624232,329.9445291048827,65.50359221092826,82500.0,0.6592844773416455,0.7423187777415916,1.9716898556858473,1.4001452291610537,1004.4167849535459,1.3895230082226135,1023.9862680653814,1.3224596008299183,1177.1600540549225,1.3355628949453089,1142.4119720623198,82.5,1.0,0.8541946903143297,1.685305579494811,3.4221694364330415,0.7498034491823804,1.4701773925375734,False,21.37002019279793,,,,,,,,,,,,,,,,,,,,SLS
1e-06,0.0,249.90956279649473,249.90983857718996,0.00027578069521184387,0.8103795103292778,0.013038464778402713,0.18782183713583023,0.015284865154660205,3.0123043368367703,3.1075961299108927,98.21762904407346,288.1500000000577,305.22072390638635,459.6192199694956,289.95968771106703,1061.4515141488048,122.20606810555823,910.725713805136,2.3727110462355094,140.55261535658195,0.836017980512196,1.2083557452065896,309.94187674310854,65.43103642072464,80000.0,0.636013124847365,0.7407811640052818,5.598858629584133,1.4001452291610537,1004.4167849535459,1.3903929597828022,1022.3470643899727,1.3202208289099624,1183.3635600457926,1.3324088728622916,1150.5242896195543,80.0,1.0,0.828310002729047,1.5723204165423388,3.1214744177942246,0.7233369677664857,4.1746448323443754,False,21.37002019279793,,,,,,,,,,,,,,,,,,,,SLS
1e-06,0.0,207.31894803609703,207.3191923234465,0.0002442873494872771,0.7178365494548757,0.01245535552080124,0.2162816293428102,0.016483679681324158,2.7299944302526074,2.816355579476433,98.21762904407339,288.1500000000577,276.61576756122264,448.8125279618405,262.7849791831615,1094.8152381272007,118.19437640576407,951.9830834242824,2.223328953325279,116.57049690246765,0.7405471816152692,1.169233696171931,289.92575671705873,65.41751889053288,77500.0,0.6114870976993373,0.739572764803235,8.228451684274097,1.4001452291610537,1004.4167849535459,1.3913605354455876,1020.5239076330628,1.317031429944205,1192.3773241183985,1.3280485412946625,1161.9883765835318,77.5,1.0,0.8024253151437643,1.4594883937875176,2.8283160804816876,0.6954435463644189,6.134993690080068,False,21.37002019279793,,,,,,,,,,,,,,,,,,,,SLS
1e-06,0.0,172.78517854413096,172.78539532243258,0.00021677830161461684,0.6370014180199265,0.011942791822105465,0.2488295056430352,0.01781103135730426,2.495563368585519,2.5745084822032,98.21762904407333,288.1500000000577,252.86211907585414,439.6644268241229,240.2190131220614,1133.684000015937,115.16967278562277,997.7811750979984,2.0857835861807645,97.49847433414308,0.6571546198891904,1.141333093843481,271.9397830207793,65.50928863954904,75000.0,0.5834961865752321,0.7375650207050835,9.723919554062979,1.4001452291610537,1004.4167849535459,1.3921362336207845,1019.0703772526327,1.31349009050998,1202.6009481979295,1.3234138998207408,1174.5152127161105,75.0,1.0,0.7765406275584814,1.3576306680357704,2.584876446767496,0.6636095165519201,7.249353661113868,False,21.37002019279793,,,,,,,,,,,,,,,,,,,,SLS
1e-06,0.0,142.5690736428295,142.56926443948626,0.0001907966567737213,0.5606545489704432,0.011445414428439094,0.2890072221806364,0.019393660012184,2.2660821958352333,2.3377678595491598,98.21762904407328,288.1500000000576,229.61001642035657,429.22376327563245,218.12951559933876,1179.7520510763163,112.32577684137419,1051.941228079085,1.9419364079482837,79.85963463156581,0.5783923184395359,1.1162181455008044,254.5434340626439,65.6142779300675,72500.0,0.5551470631588113,0.7379543011152145,10.660012950990222,1.4001452291610537,1004.4167849535459,1.3929509107943208,1017.5577004822053,1.3094489156296913,1214.5619014757149,1.3182063144262877,1189.0360337201766,72.5,1.0,0.7506559399731989,1.2569075049744831,2.3465769132442227,0.6313680923269204,7.9462513195007975,False,21.37002019279793,,,,,,,,,,,,,,,,,,,,SLS
1e-06,0.0,120.09950400895804,120.09967167619034,0.00016766723229885784,0.4926889081349243,0.011350365590676594,0.3402288499325356,0.021885711517154453,2.087319497494493,2.153350148913897,98.2176290440732,288.1500000000577,211.49694612802492,421.8423324807074,200.92209882162368,1258.234067504998,110.50405128897653,1136.9143790081628,1.8182328745232792,66.47991903147226,0.5082764072259862,1.0982207554101993,243.41087454582637,65.6164972381035,70000.0,0.5250373356297662,0.7361712056518794,11.01728985145058,1.4001452291610537,1004.4167849535459,1.3935268773724614,1016.4882562842101,1.3030156363599008,1234.254706127364,1.310614405950288,1211.0669219971298,70.0,1.0,0.7247712523879162,1.1669086229854566,2.1609448323400744,0.5971243351460267,8.211460628190595,False,21.37002019279793,,,,,,,,,,,,,,,,,,,,SLS
1e-06,0.0,96.17569309525996,96.17583607961788,0.0001429843579235167,0.42015846638502985,0.010883175302065855,0.4073735247078562,0.024607421637644622,1.9125626655739838,1.9730650270188272,98.21762904407346,288.1500000000577,193.78976890356995,411.74861339989366,184.10028045839144,1340.1619121619387,108.61503459633367,1226.8552503882843,1.6949797156774626,52.37998695010633,0.4334512757110408,1.0790680789060545,227.96523539465616,64.91907796213295,67500.0,0.49501588285153414,0.7348684375410865,11.158266162408495,1.4001452291610537,1004.4167849535459,1.3943144762278619,1015.0258541054736,1.2965820266352508,1254.8324792350584,1.3031599631857627,1233.7885565552565,67.5,1.0,0.6988865648026334,1.078121525429376,1.9794725528168273,0.5629809727338712,8.314557585127012,False,21.37002019279793,,,,,,,,,,,,,,,,,,,,SLS
1e-06,0.0,82.66840507933009,82.6685318049459,0.00012672561581995975,0.372382274312088,0.010869103544874189,0.47332197499151474,0.027728624802846307,1.7975895881370665,1.8544548699647425,98.21762904407329,288.15000000005784,182.14016049717227,405.78058713497114,173.03315247231365,1435.8802614626068,107.32487889923073,1328.2754732369908,1.6122371089258583,44.1692173552157,0.38416355914827416,1.0676985049944774,220.41748367929475,64.88529861261091,65000.0,0.4679767184230829,0.7324666781190466,10.843943630869898,1.4001452291610537,1004.4167849535459,1.3947363465210803,1014.2474543585315,1.2894547857503775,1278.789158153186,1.2953061919231497,1259.0114129119847,65.0,1.0,0.6730018772173505,1.0100904592829405,1.8600813609704872,0.5322293633023691,8.078487217733965,False,21.37002019279793,,,,,,,,,,,,,,,,,,,,SLS
1e-06,0.0,69.73592273730955,69.73603561904226,0.00011288173269781298,0.33170212729540427,0.010629241619584512,0.548716763591799,0.030442311663598395,1.6826165107001512,1.73584471291066,98.21762904407333,288.1500000000577,170.49055209077517,398.22384237631,161.96602448623642,1515.0321654368342,106.0308238985035,1414.962514759184,1.5275371682603924,36.80613517575906,0.34219638954151976,1.056053661662651,208.18938545263632,65.60440703490323,62500.0,0.44093755399463225,0.7326033818956386,9.807264326845246,1.4001452291610537,1004.4167849535459,1.39522598540051,1013.3495364886369,1.2836749751154335,1299.2472807055824,1.288922178194834,1280.6058446195068,62.5,1.0,0.6471171896320679,0.9420593931365059,1.7406901691241488,0.5014777538708677,7.303659230254675,False,21.37002019279793,,,,,,,,,,,,,,,,,,,,SLS
1e-06,0.0,55.64130213210284,55.64139677764345,9.464554061174215e-05,0.27811521323809985,0.010485200195949574,0.6783939134961419,0.03581587670151773,1.5676434332632354,1.617234555856577,98.21762904407329,288.1500000000577,158.84094368437792,390.2946388701557,150.89889650015903,1671.0963820694503,104.62705327961929,1578.6212132546805,1.4422550551708329,28.627271569466746,0.28691411364357045,1.0444321264045184,197.0897245932941,65.4838286835734,60000.0,0.41389838956618147,0.7310487077257333,9.209151953994661,1.4001452291610537,1004.4167849535459,1.3957397544008463,1012.4073661634055,1.2724384628639673,1342.3892530412254,1.277234844627244,1323.2494901803084,60.0,1.0,0.6212325020467853,0.8740283269900714,1.6212989772778104,0.4707261444393661,6.8539291599231245,False,21.37002019279793,,,,,,,,,,,,,,,,,,,,SLS
1e-06,0.0,43.88279026784316,43.88286904460314,7.877675998365391e-05,0.23148492004431942,0.010067607665120217,0.8259134702514929,0.04131684811275424,1.4622103624296336,1.5084661957408854,98.21762904407345,288.1500000000579,148.15797323880295,380.04578976642114,140.7500745768628,1821.0759054737955,103.45150510716003,1738.9587342705843,1.3605415835281187,21.42537392688126,0.2388085494607888,1.034785317449284,185.76448276578645,64.30727683977909,57499.99999999999,0.38798578547034507,0.7279555878367319,7.89351464626191,1.4001452291610537,1004.4167849535459,1.3964038189257528,1011.1895753068387,1.2607983180643982,1393.8885454262163,1.2655010348766285,1371.882677665651,57.49999999999999,1.0,0.5953478144615022,0.809541378439885,1.511814389516385,0.44125577072952493,5.867551905145752,False,21.37002019279793,,,,,,,,,,,,,,,,,,,,SLS
1e-06,0.0,36.85450111902877,36.854570413017896,6.929398912514456e-05,0.2036198687977827,0.009979388781212668,0.9748008661502772,0.04655940207665663,1.4003177325468603,1.444615642945915,98.21762904407338,288.15000000005733,141.88672333012744,374.6481361056971,134.79238716362104,1958.5112606543332,102.83166062293206,1883.7747770680965,1.3108062861873258,17.733561622524228,0.21006191461493381,1.028522694362262,176.4739411475095,64.9303239274215,55000.00000000001,0.3672147851154033,0.7271096240441894,6.948856337386267,1.4001452291610537,1004.4167849535459,1.396752134750731,1010.5509088714318,1.2477364659335322,1464.141126940125,1.253104284191408,1433.1762238139768,55.00000000000001,1.0,0.5694631268762202,0.7612297271760409,1.4475433878789525,0.4176329368173697,5.159895423848234,False,21.37002019279793,,,,,,,,,,,,,,,,,,,,SLS
1e-06,0.0,31.781812568923804,31.781872216447237,5.9647523434827064e-05,0.17527380151224362,0.010292036200425285,1.165802933397189,0.055783775476114295,1.3384251026640834,1.3807650901509412,98.21762904407362,288.1500000000579,135.615473421452,368.10576021919934,128.8346997503794,2174.6728849981932,102.43308233184409,2112.4156561898258,1.2577450255084988,14.107979549946144,0.18081904553265604,1.0244581926056096,175.25110122793353,63.83474619755025,52500.0,0.34644378476046034,0.7259991411737006,6.1822635412514195,1.4001452291610537,1004.4167849535459,1.397082636124367,1009.9508440363816,1.2150870273644319,1718.7054387637631,1.2220700442181434,1651.9357214974607,52.5,1.0,0.5435784392909369,0.7129180759121939,1.3832723862415166,0.39401010290521304,4.5846817772474635,False,21.37002019279793,,,,,,,,,,,,,,,,,,,,SLS
1e-06,0.0,29.545803618633926,29.545857324762306,5.370612837973349e-05,0.1578150565782627,0.011522539638441796,1.403960549992594,0.06936228325648527,1.276532472781308,1.316914537355969,98.21762904407349,288.15000000005784,129.34422351277624,359.3295946536875,122.87701233713742,2405.7343161006925,102.33046009215937,2363.1820281741916,1.2007862783620213,11.30540769104596,0.16280794765080878,1.0225170015933709,178.6473453296149,64.40309816487614,50000.0,0.32567278440551795,0.7197616605301275,5.186757349114359,1.4001452291610537,1004.4167849535459,1.3975259819095813,1009.1458966542882,1.1630156654293722,2513.554965388572,1.1663827891256482,2421.244235502916,50.0,1.0,0.5176937517056541,0.6646064246483482,1.3190013846040824,0.3703872689930571,3.8400273828179117,False,21.37002019279793,,,,,,,,,,,,,,,,,,,,SLS
1e-06,0.0,208.4121289768259,208.4121366949393,7.718113399150472e-06,0.022679618500000002,0.011810660046664001,0.20401104473491644,0.4947229180389785,1.2233959144811717,1.2620970473331352,98.21762904407348,288.1500000000575,123.96017961258632,351.1192414608406,117.76217063195699,2500.0,112.39748511313394,2500.0,1.0477295867734335,1.436841685611486,0.02339714740498914,1.1246665447354744,667.7270962048035,0.10000000000001072,47500.0,0.30652124441387973,0.6784636933567659,,1.4001452291610537,1004.4167849535459,1.3979407445363798,1008.3928454203168,0.7488496662423159,12248.70032150772,0.7503273016668455,12388.912011857508,47.5,1.0,0.49180529029217734,0.6198914159393865,1.2638229274600903,0.3486062454191572,309.38012989199876,False,21.37002019279793,,,,,,,,,,,,,,,,,,,,SLS
1e-06,0.0,208.4121289768259,208.4121366949393,7.718113399150472e-06,0.022679618500000002,0.011810660046664001,0.20401104473491644,0.4947229180389785,1.2233959144811717,1.2620970473331352,98.21762904407348,288.1500000000575,123.96017961258632,351.1192414608406,117.76217063195699,2500.0,112.39748511313394,2500.0,1.0477295867734335,1.436841685611486,0.02339714740498914,1.1246665447354744,667.7270962048035,0.10000000000001072,45000.0,0.30652124441387973,0.6784636933567659,,1.4001452291610537,1004.4167849535459,1.3979407445363798,1008.3928454203168,0.7488496662423159,12248.70032150772,0.7503273016668455,12388.912011857508,45.0,1.0,0.49180529029217734,0.6198914159393865,1.2638229274600903,0.3486062454191572,309.38012989199876,False,21.37002019279793,,,,,,,,,,,,,,,,,,,,SLS
1e-06,0.0,208.4121289768259,208.4121366949393,7.718113399150472e-06,0.022679618500000002,0.011810660046664001,0.20401104473491644,0.4947229180389785,1.2233959144811717,1.2620970473331352,98.21762904407348,288.1500000000575,123.96017961258632,351.1192414608406,117.76217063195699,2500.0,112.39748511313394,2500.0,1.0477295867734335,1.436841685611486,0.02339714740498914,1.1246665447354744,667.7270962048035,0.10000000000001072,42500.0,0.30652124441387973,0.6784636933567659,,1.4001452291610537,1004.4167849535459,1.3979407445363798,1008.3928454203168,0.7488496662423159,12248.70032150772,0.7503273016668455,12388.912011857508,42.5,1.0,0.49180529029217734,0.6198914159393865,1.2638229274600903,0.3486062454191572,309.38012989199876,False,21.37002019279793,,,,,,,,,,,,,,,,,,,,SLS
1e-06,0.0,208.4121289768259,208.4121366949393,7.718113399150472e-06,0.022679618500000002,0.011810660046664001,0.20401104473491644,0.4947229180389785,1.2233959144811717,1.2620970473331352,98.21762904407348,288.1500000000575,123.96017961258632,351.1192414608406,117.76217063195699,2500.0,112.39748511313394,2500.0,1.0477295867734335,1.436841685611486,0.02339714740498914,1.1246665447354744,667.7270962048035,0.10000000000001072,40000.0,0.30652124441387973,0.6784636933567659,,1.4001452291610537,1004.4167849535459,1.3979407445363798,1008.3928454203168,0.7488496662423159,12248.70032150772,0.7503273016668455,12388.912011857508,40.0,1.0,0.49180529029217734,0.6198914159393865,1.2638229274600903,0.3486062454191572,309.38012989199876,False,21.37002019279793,,,,,,,,,,,,,,,,,,,,SLS
1e-06,0.0,208.4121289768259,208.4121366949393,7.718113399150472e-06,0.022679618500000002,0.011810660046664001,0.20401104473491644,0.4947229180389785,1.2233959144811717,1.2620970473331352,98.21762904407348,288.1500000000575,123.96017961258632,351.1192414608406,117.76217063195699,2500.0,112.39748511313394,2500.0,1.0477295867734335,1.436841685611486,0.02339714740498914,1.1246665447354744,667.7270962048035,0.10000000000001072,37500.0,0.30652124441387973,0.6784636933567659,,1.4001452291610537,1004.4167849535459,1.3979407445363798,1008.3928454203168,0.7488496662423159,12248.70032150772,0.7503273016668455,12388.912011857508,37.5,1.0,0.49180529029217734,0.6198914159393865,1.2638229274600903,0.3486062454191572,309.38012989199876,False,21.37002019279793,,,,,,,,,,,,,,,,,,,,SLS
1e-06,0.0,208.4121289768259,208.4121366949393,7.718113399150472e-06,0.022679618500000002,0.011810660046664001,0.20401104473491644,0.4947229180389785,1.2233959144811717,1.2620970473331352,98.21762904407348,288.1500000000575,123.96017961258632,351.1192414608406,117.76217063195699,2500.0,112.39748511313394,2500.0,1.0477295867734335,1.436841685611486,0.02339714740498914,1.1246665447354744,667.7270962048035,0.10000000000001072,35000.0,0.30652124441387973,0.6784636933567659,,1.4001452291610537,1004.4167849535459,1.3979407445363798,1008.3928454203168,0.7488496662423159,12248.70032150772,0.7503273016668455,12388.912011857508,35.0,1.0,0.49180529029217734,0.6198914159393865,1.2638229274600903,0.3486062454191572,309.3801298919987,False,21.37002019279793,,,,,,,,,,,,,,,,,,,,SLS
1.02,5000.0,500.0000005194772,929.760318068242,429.76031754876476,1.3141487622105885,0.02154070053113905,0.15509304366306653,0.015571802898599734,4.846679251240327,4.999999999963487,102.0902253876777,308.90466137184205,510.4511269346609,551.7544673578149,484.9285705879279,1149.9999999819279,157.05479672538118,943.514878242118,3.087639350715609,325.32748236470576,1.3504543219105711,2.907348127494447,557.6874183522028,65.53506833335068,100000.0,0.7304019747870713,0.7500000000002388,1.1144206458083839e-10,1.3996236776143818,1005.3527653247414,1.3811398058446311,1040.1954797599492,1.3139038646587862,1201.4014988845727,1.3293761127967414,1158.4691110414187,100.0,2.554064754440527,1.0,2.409728369858138,5.026339558451463,0.8306852941437725,-7.823517845206831e-11,True,21.37002019279793,1.0597388045035145,5.0309160938054065,0.8310348612721357,0.8095529541908891,S6,0.14141459662894706,0.18146377832155713,-6.466649438152672e-11,0.03405254786558487,0.04728819204709822,0.06253367812654886,0.07988535685054643,0.0994300943190467,0.8061983217571294,0.8072361866011902,0.8076395869521016,0.8081042439306305,0.8086330941467718,0.8092287851343156,dash
1.02,5000.0,434.63762137986777,848.2139480877064,413.57632670783863,1.2646603132710996,0.01906497259761288,0.15791063169706887,0.014321414041123392,4.548647830502085,4.692540598085597,102.09022538767776,308.90466137184205,479.0625272993868,540.6881835545457,455.1094009344174,1096.510395640575,147.31802633343858,897.1913405781992,3.0892987929686617,298.5363153110914,1.2995986717157155,2.727104150511311,544.2734402403119,65.53506833311181,97500.0,0.7268709736169899,0.7498549854355665,6.829047924511874e-13,1.3996236776143818,1005.3527653247414,1.3823395891899475,1037.8319410950226,1.3183642874179913,1188.592932417298,1.3342591746202506,1145.7463091705965,97.5,2.4997436852632293,0.975,2.3189823882622935,4.716855570348945,0.8266694907275152,4.918072146406615e-13,True,21.37002019279793,1.019830971217085,4.751364337961447,0.8305152900528776,0.8425431390099158,R1,0.13457708471345375,0.17314942937335132,1.1924805416928521,0.8999211380786463,0.5757788951486162,0.23971599147699862,-0.12028968059642864,-0.5199841542351322,0.8425431390099158,0.8336264165246405,0.8237471017931506,0.8135044652119413,0.8025320929984785,0.7903500723342778,dash
1.02,5000.0,374.28482765969306,771.0175205486606,396.7326928889676,1.213154765573141,0.016916454935995556,0.16270827260183454,0.01324697610333616,4.263038622007976,4.397896375013756,102.09022538767779,308.90466137184205,448.98223215680554,530.2935228930196,426.53312054896526,1049.189704170249,137.54545294426376,856.9045975479356,3.1010339594563345,273.3209895919131,1.246670197032167,2.5461973998934564,532.2983686384613,65.53506833324064,95000.0,0.7249242971973304,0.7494442671876145,5.579971214121647e-11,1.3996236776143818,1005.3527653247414,1.3834421218140562,1035.6807014259025,1.3225151530676105,1177.004079076249,1.3386962118874994,1134.4897926739457,95.0,2.4137635218487645,0.9500000000000001,2.2245376929113085,4.4202711475904,0.8244555379589193,-4.020460927480402e-11,True,21.37002019279793,0.9782965353051885,4.421211975473305,0.824555050771147,0.8793450519685524,R1,0.13754368392616545,0.17941635917495002,2.399958482698686,1.6640728965695502,0.9398745289885255,0.21333182572788445,-0.5657904816196933,-1.467027118992391,0.8793450519685524,0.8569164871322621,0.8348441292171332,0.8127003198620261,0.7889539719036917,0.7614857829145861,dash
1.02,5000.0,311.2575382553589,689.353533502371,378.09599524701207,1.1561662718993622,0.01476932266601969,0.1708217635328402,0.012135673625618456,3.9620696023417494,4.087406445659543,102.09022538767785,308.90466137184205,417.28424528842993,520.2336252588952,396.42003302400843,1000.0807303638429,127.71164242618153,814.5024904829774,3.104024233758819,248.43881322725355,1.1881073008106842,2.364157047154159,519.3698976253971,65.5350683331234,92500.0,0.7134401606535313,0.7491905133698155,1.3527029794017066e-11,1.3996236776143818,1005.3527653247414,1.3845091450149898,1033.5987453032217,1.3270557876838533,1164.6596950427695,1.3436032345390791,1122.4096696072372,92.5,2.3528873769099694,0.9249999999999999,2.1200390289014712,4.107736676322629,0.8113946431747097,-8.398553973094372e-13,True,21.37002019279793,0.9323406131957938,4.117368967712288,0.814995056045228,0.921478054753002,R1,0.13279550747752822,0.17272257089919996,3.782350520518591,2.534898943415996,1.4067124170098282,0.32015744749006103,-0.8283170425851623,-2.1803489110624525,0.921478054753002,0.8834578120623559,0.8490725691225797,0.815956186574232,0.7809526003523959,0.7397449248734087,dash
1.02,5000.0,249.48016495019053,608.5453450673718,359.06518011718134,1.0979726204022395,0.012740860080945882,0.18385067326118965,0.011023787708353222,3.6622963133463085,3.7781500729415254,102.09022538767755,308.90466137184205,385.7121924950707,509.4169281110392,366.4265828703172,949.6263764266902,117.44065982549803,771.528235090271,3.1200998309680883,223.65730782351733,1.12830595226332,2.1740239047461056,505.8836456363786,65.53506833331573,90000.0,0.7032288344392442,0.749019676647402,4.2580831318229365e-10,1.3996236776143818,1005.3527653247414,1.3856371307628061,1031.4072784426846,1.3319478890574128,1151.7353446439993,1.3487959361030712,1109.9868454278733,90.0,2.274651272819235,0.8999999999996808,2.0133304910331264,3.796443884525347,0.799781314059073,3.021209550861787e-10,True,21.37002019279793,0.8854128433419762,3.797454961509901,0.7999310308647668,0.9639481807748662,R1,0.1305980563714011,0.17360203168335908,5.175803637501311,3.3456742587928474,1.7907074501217863,0.3373421972485815,-1.1906032268215299,-3.037911969859593,0.9639481807748662,0.908168890892214,0.8607760970341234,0.8164799490740273,0.7699107219332529,0.7136078336896933,dash
1.02,5000.0,190.7756121644873,530.2144997765934,339.438887612106,1.037958079856855,0.010919863175039785,0.2060614927879184,0.00999449806076798,3.3712738099016426,3.477921309744472,102.0902253876776,308.90466137184205,355.06177039242004,499.4901936367172,337.308681872799,902.3240652614996,108.14175680455763,731.1519627451647,3.119134475338791,200.8341983962473,1.0666334095592052,2.001885588378628,492.8232898561806,65.53506833311185,87500.0,0.6836391709377828,0.7487815457929338,2.0212098338407947e-13,1.3996236776143818,1005.3527653247414,1.3866191834636803,1029.5257837733923,1.3367555056263065,1139.4025194251676,1.3538577428506193,1098.2211775003773,87.5,2.2478944976065542,0.875,1.90328302523922,3.4942381480612754,0.7775020131403798,0.0,True,21.37002019279793,0.8370166957521376,3.4881542568665824,0.7801617160798334,1.0080458274194335,R1,0.1347906972880879,0.16972146422433276,6.622656023501783,4.163668971363435,2.1765601795828857,0.3680079369157454,-1.5211244720483066,-3.8550977827195467,1.0080458274194335,0.9331000049029354,0.8725362444308128,0.8174145896531365,0.7598369858551566,0.6887013735924985,dash
1.02,5000.0,134.510911395509,453.88870165767133,319.37779026216236,0.9766139650689114,0.009250060402258044,0.24756517595970115,0.008997984563455508,3.08489634226664,3.182484524279843,102.09022538767765,308.90466137184205,324.9005623765253,489.1206593141031,308.655534257699,855.1888416063788,98.65048393714302,691.4939558820067,3.128778713892215,178.54816141226652,1.003594560898111,1.8261861829862645,470.0125038984488,65.53506833311185,85000.0,0.6648528283691649,0.7485643057647646,3.319188746806585e-11,1.3996236776143818,1005.3527653247414,1.3876450365039301,1027.560368780276,1.341769441578761,1126.8924879239635,1.3589752493229834,1086.6594202281592,85.0,2.1985952760669267,0.85,1.7907975456808145,3.1968559439740676,0.7561363281597944,8.57510015270897e-14,True,21.37002019279793,0.7875483701423731,3.1975558915309303,0.7562793777078806,1.0536430190623212,R1,0.1313227881180301,0.1687368433116132,8.118708773327164,5.001238489796286,2.5809605891404104,0.4307449200285305,-1.7957503677966145,-4.586838768819646,1.0536430190623212,0.9586277263356734,0.8848616941699406,0.8193267082214317,0.7514668467674828,0.6663991292498065,dash
1.02,5000.0,89.57841735816572,389.449692499963,299.8712751417973,0.9169656875204354,0.007938607324684084,0.3190387507583881,0.008224601052241454,2.829543133510065,2.9190534248426747,102.09022538767802,308.90466137184205,298.00682206086213,480.2864962900651,283.106480957819,817.4272670052924,91.0272536599503,660.3721531567156,3.110128775448036,159.31080772062376,0.9422983998193875,1.6850673820942208,429.8473549360306,65.53506847948587,82500.0,0.6385383453071466,0.7479427929334003,1.371909732244276e-08,1.3996236776143818,1005.3527653247414,1.388518994635086,1025.885965611066,1.3459897696851506,1116.6582059003226,1.3630643361059405,1077.6596139393705,82.5,2.1918781178437388,0.8249999999994133,1.6814216890390916,2.9316901798240886,0.7262088979813829,-7.285775836718731e-09,True,21.37002019279793,0.7394475796097577,2.9168904103608524,0.7275678138634389,1.0974479471867402,R1,0.14112097923258338,0.16925017020646327,9.555957007597804,5.787086115274079,2.9402853075110826,0.4557998716316405,-2.103359985042701,-5.364113296287336,1.0974479471867402,0.9825790507693886,0.8958133120507183,0.8200903413419776,0.7420914188820675,0.6427090985391809,dash
1.02,5000.0,49.203039545924184,329.4071690017738,280.2041294558496,0.8568262234889041,0.006708921167995584,0.4908663454061912,0.00743846877566807,2.576230536077545,2.657727489805975,102.09022538767806,308.90466137184205,271.3279984533199,469.2729190660773,257.7615985306538,776.6966950658378,84.40237880307694,628.3420919369725,3.0539613004516046,139.2007435371873,0.880497482408675,1.5624298211767556,389.3991821299424,65.53506833851549,80000.0,0.6126288944100846,0.7477377168994734,4.4326490222450563e-10,1.3996236776143818,1005.3527653247414,1.3895286621818885,1023.9756466217933,1.3507163398807749,1105.49418279062,1.367302743185633,1068.543261075258,80.0,2.1765233313754697,0.7999999999999999,1.5711451535414158,2.6686434423497922,0.6967421104007443,-2.734548996933286e-10,True,21.37002019279793,0.6909506928424013,2.6688755365844754,0.6968075406657346,1.1425620411675061,R1,0.13797891399720008,0.16843997620702034,11.036159228918876,6.621688155149073,3.3541981314590075,0.5521176310359337,-2.305245782570722,-5.963732048904824,1.1425620411675061,1.0080163284069363,0.9084286843089527,0.8230259459419381,0.735938276620916,0.6244337194264056,dash
1.02,5000.0,24.57086203974331,285.8530029997778,261.2821409600345,0.7989653490783278,0.006045038753841829,0.8856888894915602,0.007187779573637974,2.3774563658451995,2.4526652606724664,102.0902253876774,308.90466137184205,250.39314926257865,462.4052752056462,237.87349179944968,760.5067106016054,79.8828229352463,618.0633425691585,2.977780241845884,124.19054251239132,0.8210381044720095,1.4787652495670676,362.4746466768029,65.53506833856119,77500.0,0.5836535991252586,0.7463385806995093,2.900375498865998e-10,1.3996236776143818,1005.3527653247414,1.3901435588038493,1022.8170280789133,1.3526040701221427,1101.1129478637931,1.3686647758934705,1065.6438781263735,77.5,2.1220396155956385,0.7749999999999999,1.4650468223772832,2.462230901071787,0.6637885416571834,-1.6367974625311266e-10,True,21.37002019279793,0.6442912767712384,2.443427736000389,0.6636661989177272,1.1858554144439304,R1,0.1403615754935461,0.16343031467389468,12.456623248867224,7.43770450790916,3.762925799562531,0.6543637111076848,-2.4853273533652214,-6.512601759447527,1.1858554144439304,1.0328871453115374,0.9208860216685092,0.826142235864409,0.7304496908101367,0.607705086441029,dash
1.02,5000.0,-1.9043314953704282,241.43546735908677,243.3397988544572,0.7441001004586065,0.005159697467775832,,0.006587437081873795,2.164759644324087,2.233240051685171,102.09022538767782,308.90466137184205,227.9919802213284,451.792628205781,216.59238121026195,726.852146587323,75.14824724742591,593.2484077671002,2.8822013705406944,107.5883492090385,0.7646571115039305,1.3911202998895205,328.920899033084,65.53506833311202,75000.0,0.5530000408105213,0.7460926796710854,2.1676834074137182e-13,1.3996236776143818,1005.3527653247414,1.3910937537489996,1021.0266165745755,1.3566793386689968,1091.8186362606623,1.37193326591848,1058.8189975764683,75.0,2.1203371954323442,0.75,1.3644415104673342,2.2413608013030144,0.628926286372819,0.0,True,21.37002019279793,0.6000475544066182,2.241689594268668,0.6290495452252921,1.22662023862759,R1,0.1357289165435942,0.16028112500357117,13.794125079983274,8.230277137731797,4.166444725610219,0.7630847830231033,-2.6434114992773985,-7.008080087923467,1.22662023862759,1.0570434366569783,0.9331846052610171,0.8294558727347173,0.7256315498069527,0.5926037336972491,dash
1.02,5000.0,-16.936170904349538,210.3393913661581,227.27556227050763,0.6949778437945534,0.0046938551986251496,,0.006416265609774018,2.003102988559913,2.066469519344266,102.09022538767788,308.90466137184205,210.96633898662247,444.26296777955343,200.41802203729134,713.0018345931633,72.2891584034695,586.1592607876092,2.772449236698712,95.13552236533789,0.7141777702591978,1.33819376233609,306.86352873307,65.53506833311201,72500.0,0.5217653585720265,0.7449613333686264,4.0214988045033935e-11,1.3996236776143818,1005.3527653247414,1.3917679136418764,1019.7563245252602,1.3583315650653986,1088.1040898606245,1.3728652557580983,1056.882074202278,72.5,2.110227624682911,0.725,1.2743670083419392,2.073492103414433,0.5934031195435737,-1.8285140031511773e-14,True,21.37002019279793,0.5604350211465997,2.0551877780719607,0.5917170977556223,1.2613366956598944,R1,0.148370401814794,0.16188123314764602,14.933178805356185,8.918826844826363,4.497851800153661,0.810138973974496,-2.864687049152856,-7.587571380465263,1.2613366956598944,1.0780292828804552,0.9432853399386746,0.8308900059647536,0.7188874402461539,0.574941805984809,dash
1.02,5000.0,-32.87451177047457,179.02332798389625,211.8978397543708,0.6479548540372312,0.0040838607256393706,,0.005987558647310446,1.8340841501346345,1.8921039076929584,102.09022538767753,308.90466137184205,193.16531439327954,434.01641043627683,183.50704867361557,686.2191893294136,69.33231985007768,568.2949275244189,2.6467749683037605,81.94326160848351,0.6658556916840835,1.283457713440565,280.2499458281289,65.53506833616963,70000.0,0.4886553303961879,0.7448803444045154,1.8831415849020336e-10,1.3996236776143818,1005.3527653247414,1.3925769736482025,1018.2520364535308,1.3616451397066478,1080.7603967977134,1.3751799748768365,1052.1412687905954,70.0,2.140646557438079,0.6999999999981471,1.1881418900648244,1.8979783134565198,0.5557471240181329,-1.1208916943730727e-10,True,21.37002019279793,0.5225153514841875,1.8982052043272626,0.5558612076094079,1.2947187047340252,R1,0.1490925040260649,0.16138797463970223,16.028449032987382,9.62535292558971,4.867125005791664,0.909485426706226,-3.007501137339773,-8.01895482613827,1.2947187047340252,1.099563018979684,0.9545401711122578,0.8339179200839439,0.7145347051242652,0.5617939583262174,dash
1e-06,0.0,690.2917955937288,690.2922604852456,0.00046489151670175787,1.3660802449265352,0.023629817779268796,0.1232338911578692,0.016432656114950685,5.273798434075433,5.44063075010306,98.21762904407326,288.1500000000577,534.3658527794005,532.1486477571641,507.6475601404304,1163.3270353908931,167.09490135055893,957.3667411841108,3.0380792952826523,338.8812728622776,1.4092997577357789,1.6491039321505028,507.284335481738,65.53396241892486,100000.0,0.7239562445618658,0.7496931023957722,3.5685245146658566e-09,1.4001452291610537,1004.4167849535459,1.383245264938347,1036.0647415687063,1.3124508570308604,1205.6417179332648,1.3276238296901357,1163.1127700513434,100.0,2.6152960852855927,1.0353875034113087,2.514773919096257,5.469871813444788,0.8233545728520384,2.5534126166487103e-09,True,21.37002019279793,1.105935233180068,5.52948030263191,0.8259909469176756,0.8720699216034553,S6,0.12136822628763655,0.10970762042709059,-1.2622374283271043,-0.7886454474848534,-0.21178266110172217,0.4488305724876014,1.150002066918276,1.83847362938765,0.7677274309934007,0.7821617243787906,0.7997435396091908,0.8198779287323791,0.8412484659743428,0.8622319304800284,SLS_VIGV0
1e-06,0.0,630.2469793645486,630.2474293839194,0.00045001937077394693,1.322378555345736,0.021661824879629414,0.12373334917890828,0.015561908163481698,5.014263505258988,5.172885645299466,98.2176290440732,288.1500000000577,508.0685633974343,521.6139948228555,482.66513522756253,1123.9981131541622,160.00323863064725,925.4210922309256,3.016596034919959,313.61613654938384,1.3642154511823408,1.579114430587576,478.874984218388,65.5339624169932,97500.0,0.729263996925547,0.7490709555999144,8.266776444146959e-11,1.4001452291610537,1004.4167849535459,1.384362644537501,1033.884531787054,1.3156409436839294,1196.3657324379183,1.3309208337073233,1154.3872960512165,97.5,2.519780912009578,1.0095028158260262,2.4343248608638457,5.200363636679217,0.8293910732801104,-5.478732371096969e-11,True,21.37002019279793,1.070555731547829,5.23204096922772,0.8313029552935631,0.8422113098001599,S6,0.11945223755285683,0.15520396162783,-0.23400756016962276,-0.007379560348219627,0.22787112739119664,0.4859114531477857,0.7598294164316357,1.0411744571040344,0.7990661617679607,0.8059734050725214,0.8131434535178234,0.8210080921052594,0.8293566545926054,0.8379315820066373,SLS_VIGV0
1e-06,0.0,569.5877949351946,569.5882277528208,0.0004328176261623935,1.2718313574557172,0.01980348912541948,0.12516518346328245,0.014792302893666898,4.742896102373137,4.89293375575115,98.21762904407348,288.1500000000577,480.5723525595916,511.52964818803156,456.54373493161194,1088.162339640605,153.69720846463696,896.8223201107556,2.970410064647691,288.3536829322222,1.3120690608035959,1.5168785451132916,450.3265787076772,65.5339624172628,95000.0,0.7296472105533233,0.7484496539440854,1.4663208864336922e-10,1.4001452291610537,1004.4167849535459,1.3854280366449696,1031.8078227517317,1.3186411365152912,1187.8156498120727,1.333974736237549,1146.4742651102329,95.0,2.40700893692965,0.9836181282407432,2.341274122878674,4.91856829483874,0.8298269016815903,-1.0853806913877367e-10,True,21.37002019279793,1.0296343235318788,4.946957812728409,0.832674001810634,0.8367717224470461,R1,0.10998755554620643,0.14512760002560943,1.003119238766736,0.9105351620060844,0.7923117172585279,0.675432574099105,0.55866946145985,0.4407673522577582,0.8367717224470461,0.8339499142643948,0.8303466609249214,0.82678437965488,0.823225634801496,0.8196321752332983,SLS_VIGV0
1e-06,0.0,512.628813103537,512.6292265448566,0.0004134413195243572,1.2148942253143251,0.018237351669808288,0.12807408466532963,0.014260899200368915,4.4731047429057265,4.614607766470554,98.21762904407342,288.1500000000577,453.23583379110505,502.13426691931454,430.5740421015498,1061.200383643497,147.78406422325477,876.9407186969439,2.9135349901535332,263.70395980879977,1.2533305739313638,1.4585201551120874,424.51054264770465,65.53396241679965,92500.0,0.7276674075122487,0.7475673426982425,5.953247182780083e-13,1.4001452291610537,1004.4167849535459,1.3863575222741478,1030.0270404467792,1.320930325967018,1181.3863504005806,1.3361520721901983,1140.9176374143256,92.5,2.244842610483165,0.9577334406554605,2.236460357018837,4.638409559639783,0.827575274045998,-1.866345327354305e-13,True,21.37002019279793,0.9835398274396264,4.648179980723679,0.8290365585710884,0.8802569836166084,R1,0.09759384568219742,0.13129884846362594,2.4298791379094737,1.9039174248549955,1.3863084153055993,0.8873663191338252,0.38690432106756845,-0.13703485666256654,0.8802569836166084,0.8642265481725602,0.8484506891948177,0.8332437665909831,0.8179905199133689,0.8020217279713959,SLS_VIGV0
1e-06,0.0,450.63411396851563,450.63450370729856,0.0003897387828868376,1.1452444986751198,0.01661034333398284,0.13269575948374843,0.013778565350489476,4.16413057436025,4.295859451875413,98.21762904407338,288.1500000000577,421.9291300697756,491.84940735843867,400.8326735662868,1035.0232868502878,141.34192975059588,858.8235513176552,2.835907747075294,236.4703925995579,1.181477296465754,1.394941020110623,396.0558120403519,65.53396241680002,90000.0,0.7210560981783336,0.7468211811271432,2.6920471169460715e-12,1.4001452291610537,1004.4167849535459,1.3873750036500856,1028.07766843501,1.3232164320457782,1175.072393883894,1.3381607046201758,1135.8359381320683,90.0,2.0999572274586424,0.9318487530701778,2.108244377997717,4.317562322575816,0.8200562398315577,-9.079517808750672e-14,True,21.37002019279793,0.9271536180951733,4.380239751157473,0.81909202546262,0.93769969472065,R1,0.07060130496321482,0.0923998737628886,4.314585691279646,3.2282549535498646,2.280785579375184,1.4245988861140475,0.6017131350353608,-0.2418810838409442,0.93769969472065,0.9045901463831291,0.8757128607158607,0.8496177188572096,0.8245375341534844,0.798826189903474,SLS_VIGV0
1e-06,0.0,389.92558926069376,389.92595276736216,0.00036350666835926516,1.0681616263245872,0.015098980629863278,0.13940180322755535,0.013428708956458358,3.843468654501378,3.965053653478016,98.21762904407332,288.1500000000577,389.43816887715144,481.33659864468046,369.9662604332938,1013.2862124984094,135.22001350668359,845.5945603518695,2.736031825754901,209.0038525724179,1.1019557063303045,1.3345222038019453,367.5574547428289,65.53396241680124,87500.0,0.7121521356627809,0.7461227305126183,5.951784529230351e-13,1.4001452291610537,1004.4167849535459,1.3884150323999185,1026.0850957075106,1.3251327621823215,1169.844322283715,1.3396693323411188,1132.0765440613764,87.5,1.9198948269096157,0.9059640654848953,1.9663449561180013,3.984578204509637,0.8099297738900695,-4.413654490364911e-13,True,24.37002019279793,0.8647497697679019,4.025335062122913,0.807520034887772,0.9605385932880138,S1,0.05825270652768055,0.07802728648229995,5.002897190848991,4.251410382948158,2.8597163879514795,1.6493169036175317,0.5047164025475652,-0.6770310540562292,0.9586782807762085,0.9357742167310366,0.8933577058122028,0.8564667490875355,0.8215812355868088,0.7855635448612994,SLS_VIGV0
1e-06,0.0,334.328738479173,334.32907557847443,0.0003370993013893483,0.9905637759829305,0.01371485517103034,0.14767943324377106,0.01315322923004136,3.5363122105263276,3.6481805656888846,98.21762904407329,288.1500000000577,358.31564548662834,470.28747325668706,340.3998632122969,993.7420971970779,130.13369622160195,835.1487803218171,2.6157703430834474,182.60845876938444,1.0219028455313441,1.2843239881689512,339.9302711871794,65.53396262081063,85000.0,0.6991564189993399,0.7458356537510968,5.773222954743803e-09,1.4001452291610537,1004.4167849535459,1.389437755471582,1024.1468956240788,1.326855401878229,1165.1790291131178,1.3408711943538574,1129.0996417905064,85.0,1.7516331680102042,0.8800793778991197,1.8234975275846166,3.665618542413215,0.7951497608399587,-2.3727516500049534e-09,True,35.37002019279793,0.8019290116136198,3.4520930843414215,0.798628746097294,0.9570100724815228,S1,0.11967011134892513,0.13215821975954922,0.6311917848711772,3.9759194891944247,2.2932114720451153,0.7755081342466568,-0.7623431733484267,-2.5447361766386223,0.8254359942151996,0.927377713947411,0.8760915811917737,0.8298345157515852,0.7829633738089877,0.7286390090006938,SLS_VIGV0
1e-06,0.0,283.275000496841,283.2753092298813,0.00030873304031845485,0.9072097299760297,0.01257381045986361,0.1597942549681993,0.013166878112281758,3.2366899399456486,3.339079988730121,98.21762904407325,288.1500000000577,327.9565196815833,459.9703045955284,311.5586936975041,985.2812278405637,125.42841581798847,835.6674142832319,2.483956220491637,157.67254748753686,0.935911676798691,1.2378863272826435,314.4802004481491,65.53396242778376,82500.0,0.6821597189539056,0.7453947697175317,1.8354142114901823e-09,1.4001452291610537,1004.4167849535459,1.3903615096001245,1022.4063148069711,1.327535465578233,1163.3664284416964,1.3408115733314863,1129.2472038956066,82.5,1.4697148296601086,0.8541946903143297,1.6700537004101845,3.3544825722730645,0.7758194341649369,-1.355674153421824e-09,True,35.37002019279793,0.7344482200014725,3.3385087835807066,0.7780209506712507,1.0450009717456166,S1,0.036523431155135455,0.04509563169669417,4.203784098252235,6.389714663917694,4.080541416150417,2.2046009360742715,0.4950175361956539,-1.2643470841973539,0.9343226470382083,1.0009461634431798,0.9305664157188007,0.8733908799025223,0.8212856303230115,0.7676631322024472,SLS_VIGV0
1e-06,0.0,244.27240014532262,244.27268148551542,0.0002813401927785366,0.8267160523497861,0.012024122937692653,0.1772072593954181,0.013817219054039789,2.9871143043067288,3.0816092312282417,98.21762904407349,288.1500000000577,302.6683523315679,454.03566930866793,287.5349347149895,1003.7990823248884,121.80108927144279,859.8677980454506,2.360692637766124,138.66649463165504,0.852871371663446,1.2021988545925772,297.3939537325005,65.53343047940784,80000.0,0.6521392135990767,0.7435000668641044,0.5232888038394639,1.4001452291610537,1004.4167849535459,1.3908928744620093,1021.405094299964,1.32561679387438,1168.5333483516072,1.3380379675109582,1136.1462813037585,80.0,1.0,0.828310002729047,1.5285282877589483,3.0953163982521286,0.741677149256287,0.3901888745832438,False,35.37002019279793,,,,,,,,,,,,,,,,,,,,SLS_VIGV0
1e-06,0.0,206.91367057856831,206.91392247034273,0.00025189177442153283,0.7401820952510532,0.011646614538137293,0.20263432677046642,0.014948056542056278,2.735045678309409,2.821566619649426,98.21762904407343,288.1500000000577,277.12758357186755,443.58414138679126,263.27120439327416,1035.6750879004687,118.23396913376307,898.2193316208023,2.2266968310555852,116.24246876239513,0.763599687054816,1.1684597860026493,281.04805906332217,65.46725297898452,77500.0,0.6336721836081632,0.7420768037168378,5.091871994809537,1.4001452291610537,1004.4167849535459,1.3918286476867034,1019.641859561695,1.3223786895106988,1177.3791277283106,1.33374638927806,1147.0634670264922,77.5,1.0,0.8024253151437643,1.4358093323085708,2.833561434779036,0.720674618089205,3.796590289192049,False,35.37002019279793,,,,,,,,,,,,,,,,,,,,SLS_VIGV0
1e-06,0.0,174.71063160012366,174.71085655245935,0.00022495233566344634,0.6610207559391993,0.011275832713524697,0.23234417617811517,0.016205302150654036,2.5161008863581937,2.595695687615306,98.21762904407338,288.1500000000577,254.94307615750108,434.62443149004304,242.19592234962604,1073.004548832749,115.40650211266042,941.2889078085175,2.098633247832025,97.78655431039479,0.6819338722327632,1.1426260882458477,265.39736601781004,65.49055345982957,75000.0,0.609631008599067,0.7399534107882363,8.100169976604468,1.4001452291610537,1004.4167849535459,1.3925294933636907,1018.3401760580867,1.3187767287309855,1187.4314698974358,1.3291428837221542,1159.0860746700637,75.0,1.0,0.7765406275584814,1.3456347164489204,2.606203167588641,0.6933326184460429,6.039303774039328,False,35.37002019279793,,,,,,,,,,,,,,,,,,,,SLS_VIGV0
1e-06,0.0,147.42282424000624,147.4230231669327,0.00019892692643265958,0.5845452855573324,0.010960730129277245,0.2676561697200899,0.017813322389360203,2.300580556699475,2.3733575479478315,98.2176290440733,288.1500000000576,233.10555123329155,424.68717723547405,221.45027367162695,1121.2967274649404,113.00869824621505,996.8404422883873,1.9595860947725217,80.56562572200636,0.6030389008120397,1.1218963075906294,252.84378791146764,64.98932777020399,72500.0,0.5850135582288192,0.7391486062052522,9.884604692245857,1.4001452291610537,1004.4167849535459,1.3933048890426418,1016.9004359056677,1.3143288070556065,1200.1640771688699,1.3234863524853515,1174.3152380158392,72.5,1.0,0.7506559399731989,1.2557231436589718,2.382400955812683,0.6653352215224645,7.369010003744819,False,35.37002019279793,,,,,,,,,,,,,,,,,,,,SLS_VIGV0
1e-06,0.0,125.3254124396289,125.32559030061714,0.0001778609882297506,0.5226431836992359,0.010787401072900285,0.3098704652669565,0.019608083179656805,2.125663549284902,2.192907183537465,98.21762904407325,288.1500000000577,215.3821442807662,417.5639871586608,204.61303706672788,1177.5318501723314,110.90758983949824,1059.2139113599098,1.8448966149461636,68.24760303093221,0.539178364451936,1.102664984422433,239.97967829370486,65.57063694039692,70000.0,0.5570902827947609,0.7388053148571005,10.20732211243463,1.4001452291610537,1004.4167849535459,1.3938607049350167,1015.8684068979193,1.309449868504653,1214.5583594543054,1.317521415807426,1190.9729126958885,70.0,1.0,0.7247712523879162,1.1722944977311893,2.2007623456704146,0.6335781136995287,7.608692138530914,False,35.37002019279793,,,,,,,,,,,,,,,,,,,,SLS_VIGV0
1e-06,0.0,101.39037549705526,101.39052955259552,0.0001540555402585506,0.45269105287567984,0.01037934966921213,0.36853260110718206,0.02178170326785634,1.9542284808959915,2.0160489064565272,98.21762904407349,288.1500000000577,198.01154362905723,407.88905483902846,188.11096644760434,1243.4864454952483,108.66294719265566,1132.3772201475745,1.7311417673412635,54.66125762278272,0.4670131154565944,1.0827962450075637,223.6714880582744,65.73415202064696,67500.0,0.5291182911277452,0.7362328794362167,10.848925363386897,1.4001452291610537,1004.4167849535459,1.394599722128014,1014.4979978855487,1.3039608827515392,1231.3062271036122,1.3109801314383325,1209.9751850074658,67.5,1.0,0.6988865648026334,1.0897028435896399,2.0227394763561524,0.6017656009629964,8.08540395070503,False,35.37002019279793,,,,,,,,,,,,,,,,,,,,SLS_VIGV0
1e-06,0.0,87.67592550286611,87.6760618269322,0.00013632406609432094,0.4005872486569444,0.010349044332368999,0.42493488814452823,0.024542948255874573,1.83677195963908,1.8948767438608747,98.21762904407342,288.1500000000578,186.11030111276912,402.26071712465074,176.80478605713066,1330.5657619516899,107.40950019946354,1224.2790009634439,1.6460814520949953,46.08705012533183,0.41326087144656226,1.0717177494800316,217.985202453304,64.96455506144746,65000.0,0.5019746716666799,0.7348904354561627,10.919996247922066,1.4001452291610537,1004.4167849535459,1.39496441244302,1013.829216608276,1.2971597194896198,1252.94668677364,1.3033585294541798,1233.1703062210559,65.0,1.0,0.6730018772173505,1.0219823168229114,1.9007694084445417,0.570895194947576,8.136871764869948,False,35.37002019279793,,,,,,,,,,,,,,,,,,,,SLS_VIGV0
1e-06,0.0,73.78390247606941,73.78402357544299,0.0001210993735719246,0.3558496035446353,0.01016011465449227,0.4957234780043673,0.027124124421167056,1.71931543838217,1.773704581265224,98.21762904407328,288.1500000000576,174.20905859648107,394.58106590400763,165.49860566665703,1408.0048391358234,106.10010146220135,1308.8562605367079,1.559834565526939,38.173096986208314,0.3671078342054473,1.0594105567943186,205.99002330461724,65.68430044874891,62500.0,0.4748310522056151,0.7330546218296204,10.20578781261985,1.4001452291610537,1004.4167849535459,1.3954620147259738,1012.9166949894935,1.2913097402477052,1272.4248623155618,1.296773245523494,1254.191497083953,62.5,1.0,0.647117189632068,0.9542617900561842,1.778799340532933,0.5400247889321563,7.602717424103456,False,35.37002019279793,,,,,,,,,,,,,,,,,,,,SLS_VIGV0
1e-06,0.0,60.97691024220896,60.977013980269746,0.00010373806078825208,0.3048335157742476,0.009983524071300055,0.5894146901494136,0.031113205657999014,1.6018589171252595,1.6525324186695722,98.2176290440732,288.1500000000577,162.30781608019313,386.81569950605194,154.19242527618346,1527.118639801351,104.97279848145028,1435.6515904617434,1.4688798194079846,30.303723227067085,0.3144777193915839,1.0494632788681035,197.956769451161,64.70330177871053,60000.0,0.44768743274455014,0.7329510926419863,9.276746845905251,1.4001452291610537,1004.4167849535459,1.3959651678760874,1011.9939923850818,1.2826469696275402,1302.9938528939529,1.2874184646191573,1285.842361840663,60.0,1.0,0.6212325020467853,0.8865412632894564,1.6568292726213234,0.5091543829167364,6.906903926706619,False,35.37002019279793,,,,,,,,,,,,,,,,,,,,SLS_VIGV0
1e-06,0.0,47.634366698668636,47.63445270189742,8.60032287920198e-05,0.2527198445912855,0.009713769941881344,0.7341248391521121,0.03651506457560353,1.4937975936765389,1.5410526633089534,98.21762904407329,288.15000000005637,151.35853882225996,377.4705165256235,143.79061188114696,1682.293127930698,103.65618305314882,1599.3664797721992,1.3871879867254955,22.731844750075815,0.2607152962501663,1.0378688987995177,185.5579149541482,64.34994502318602,57499.99999999999,0.42152652568506677,0.729387004819751,8.461828997491246,1.4001452291610537,1004.4167849535459,1.396570680272724,1010.8835770427974,1.2714332282189587,1346.495199472096,1.2757511198899105,1329.0330619499255,57.49999999999999,1.0,0.5953478144615036,0.8221162755783722,1.5446154353765613,0.4794016145427051,6.294869214508895,False,35.37002019279793,,,,,,,,,,,,,,,,,,,,SLS_VIGV0
1e-06,0.0,40.529665720600626,40.52974137440888,7.565380825594293e-05,0.2223081497488484,0.009619459077414821,0.8544371650489933,0.04110729244010281,1.428615806102193,1.4738089029990578,98.21762904407346,288.1500000000577,144.7540161166143,372.05559669323975,137.51631531078357,1809.6333943787204,103.00903496924386,1732.573010405584,1.33499275429425,18.7796964478494,0.22934144809376789,1.0317555464904364,178.68834575431507,64.0764359542522,55000.00000000001,0.3998507026587313,0.727114957362367,7.753242727994091,1.4001452291610537,1004.4167849535459,1.3968831021319792,1010.3131219020025,1.2616013909528463,1390.045099055387,1.2659782559921702,1369.763680834084,55.00000000000001,1.0,0.5694631268762198,0.7727320765815642,1.476928882327253,0.4547497268863376,5.764038490183748,False,35.37002019279793,,,,,,,,,,,,,,,,,,,,SLS_VIGV0
1e-06,0.0,33.955825665547884,33.95589100158169,6.533603380341199e-05,0.19198944668623147,0.009603632072520059,1.0181780234591848,0.047520583169368254,1.3634340185278508,1.406565142689166,98.21762904407329,288.15000000005716,138.14949341096852,366.00904621752926,131.2420187404201,1977.599160472181,102.42336398407296,1909.1941946538866,1.2813679773379487,15.047321845677427,0.19806353375477048,1.0262379730042104,172.2854005426532,63.756785803847535,52500.0,0.3781748796323971,0.7276023991443032,6.5956642930832325,1.4001452291610537,1004.4167849535459,1.3971885558803714,1009.7585340310479,1.2453498951982587,1478.7483211110648,1.2505120984246558,1447.7242199258114,52.5,1.0,0.5435784392909375,0.723347877584759,1.409242329277949,0.4300978392299716,4.896523352676953,False,35.37002019279793,,,,,,,,,,,,,,,,,,,,SLS_VIGV0
1e-06,0.0,29.02181665849135,29.02187430922832,5.7650736972948656e-05,0.16940625942788506,0.010185489427618457,1.2634550886633766,0.05711840276100675,1.298252230953507,1.3393213823792725,98.2176290440733,288.15000000005745,131.54497070532284,357.63440440875803,124.96772217005669,2196.8866819034183,101.94594437968668,2142.3481048462186,1.2258233805224057,11.846043891633812,0.17476586844536493,1.0210893149148355,165.36577817340296,66.56710484888401,50000.0,0.3564990566060623,0.7226964299579007,5.837020990631318,1.4001452291610537,1004.4167849535459,1.3976116178794837,1008.9904142924729,1.2100580552857019,1769.2453552601426,1.2163479846245935,1704.3959517835312,50.0,1.0,0.5176937517056545,0.6739636785879525,1.3415557762286427,0.40544595157360486,4.328838522591895,False,35.37002019279793,,,,,,,,,,,,,,,,,,,,SLS_VIGV0
1e-06,0.0,27.28236852436808,27.28242090961904,5.2385250962328434e-05,0.15393366816599743,0.011427328137059439,1.5078742616012233,0.07052363436502875,1.2421766331799635,1.2814718787642112,98.2176290440733,288.1500000000573,125.86312961887498,349.6082380449052,119.5699731379312,2416.614505925249,101.87722365266487,2379.6108879755066,1.173667369907793,9.517636369975975,0.15880376138913144,1.0196008673454002,168.93759020708407,67.17605046207338,47500.0,0.33643504334022645,0.7166219399300513,4.841502951074154,1.4001452291610537,1004.4167849535459,1.3980170759354287,1008.2542566214942,1.1598989876724062,2588.109771167239,1.1625921723167294,2506.847655346781,47.5,1.0,0.49180906412037206,0.6280657012841702,1.2833253400175857,0.3826271732340553,3.584195313540991,False,35.37002019279793,,,,,,,,,,,,,,,,,,,,SLS_VIGV0
1e-06,0.0,2017.204310970694,2017.2043186888072,7.718113399150472e-06,0.022679618500000002,0.017009234446599415,0.030355499279243556,0.7124799177847478,1.2057656419778735,1.2439090555254892,98.2176290440733,288.1500000000578,122.1737981801661,344.481112831924,116.06510827115781,2500.0,69.54338081432941,2500.0,1.6689598192103219,1.2849558287251048,0.02339714740498919,1.000001,-1774.1658516808036,0.07521017307697855,45000.0,0.31984995759448154,0.3577440672155937,,1.4001452291610537,1004.4167849535459,1.3982760830537964,1007.7839981712578,0.5438462019011441,17087.18319047713,0.5781338073028492,19179.143114621213,45.0,1.0,0.46591993814558513,0.589691950265483,1.2455151697339442,0.3637649750107823,289.32583545302214,False,35.37002019279793,,,,,,,,,,,,,,,,,,,,SLS_VIGV0
1e-06,0.0,2017.2015648796844,2017.2015725977976,7.718113399150472e-06,0.022679618500000002,0.017009234446599415,0.030355540603306117,0.7124799177847478,1.2057656419778735,1.2439090555254892,98.2176290440733,288.1500000000578,122.1737981801661,344.481112831924,116.06510827115781,2500.0,69.54338081432941,2500.0,1.6689598192103219,1.2849558287251048,0.02339714740498919,1.000001,-1774.1813282932444,0.07521017488244348,42500.0,0.31984995759448154,0.3577440672155937,,1.4001452291610537,1004.4167849535459,1.3982760830537964,1007.7839981712578,0.5438462019011441,17087.18319047713,0.5781338073028492,19179.143114621213,42.5,1.0,0.46591993814558513,0.589691950265483,1.2455151697339442,0.3637649750107823,289.32583545302214,False,35.37002019279793,,,,,,,,,,,,,,,,,,,,SLS_VIGV0
1e-06,0.0,2017.2015648795034,2017.2015725976166,7.718113399150472e-06,0.022679618500000002,0.017009234446599415,0.03035554060330884,0.7124799177847478,1.2057656419778735,1.2439090555254892,98.2176290440733,288.1500000000578,122.1737981801661,344.481112831924,116.06510827115781,2500.0,69.54338081432941,2500.0,1.6689598192103219,1.2849558287251048,0.02339714740498919,1.000001,-1774.181328293529,0.0752101748824436,40000.0,0.31984995759448154,0.3577440672155937,,1.4001452291610537,1004.4167849535459,1.3982760830537964,1007.7839981712578,0.5438462019011441,17087.18319047713,0.5781338073028492,19179.143114621213,40.0,1.0,0.46591993814558513,0.589691950265483,1.2455151697339442,0.3637649750107823,289.32583545302214,False,35.37002019279793,,,,,,,,,,,,,,,,,,,,SLS_VIGV0
1e-06,0.0,2017.2015648795034,2017.2015725976166,7.718113399150472e-06,0.022679618500000002,0.017009234446599415,0.03035554060330884,0.7124799177847478,1.2057656419778735,1.2439090555254892,98.2176290440733,288.1500000000578,122.1737981801661,344.481112831924,116.06510827115781,2500.0,69.54338081432941,2500.0,1.6689598192103219,1.2849558287251048,0.02339714740498919,1.000001,-1774.181328293529,0.0752101748824436,37500.0,0.31984995759448154,0.3577440672155937,,1.4001452291610537,1004.4167849535459,1.3982760830537964,1007.7839981712578,0.5438462019011441,17087.18319047713,0.5781338073028492,19179.143114621213,37.5,1.0,0.46591993814558513,0.589691950265483,1.2455151697339442,0.3637649750107823,289.32583545302214,False,35.37002019279793,,,,,,,,,,,,,,,,,,,,SLS_VIGV0
1e-06,0.0,2017.2015648795034,2017.2015725976166,7.718113399150472e-06,0.022679618500000002,0.017009234446599415,0.03035554060330884,0.7124799177847478,1.2057656419778735,1.2439090555254892,98.2176290440733,288.1500000000578,122.1737981801661,344.481112831924,116.06510827115781,2500.0,69.54338081432941,2500.0,1.6689598192103219,1.2849558287251048,0.02339714740498919,1.000001,-1774.181328293529,0.0752101748824436,35000.0,0.31984995759448154,0.3577440672155937,,1.4001452291610537,1004.4167849535459,1.3982760830537964,1007.7839981712578,0.5438462019011441,17087.18319047713,0.5781338073028492,19179.143114621213,35.0,1.0,0.46591993814558513,0.589691950265483,1.2455151697339442,0.3637649750107823,289.32583545302214,False,35.37002019279793,,,,,,,,,,,,,,,,,,,,SLS_VIGV0
1e-06,0.0,690.2917955937288,690.2922604852456,0.00046489151670175787,1.3660802449265352,0.023629817779268796,0.1232338911578692,0.016432656114950685,5.273798434075433,5.44063075010306,98.21762904407326,288.1500000000577,534.3658527794005,532.1486477571641,507.6475601404304,1163.3270353908931,167.09490135055893,957.3667411841108,3.0380792952826523,338.8812728622776,1.4092997577357789,1.6491039321505028,507.284335481738,65.53396241892486,100000.0,0.7239562445618658,0.7496931023957722,3.5685245146658566e-09,1.4001452291610537,1004.4167849535459,1.383245264938347,1036.0647415687063,1.3124508570308604,1205.6417179332648,1.3276238296901357,1163.1127700513434,100.0,2.6152960852855927,1.0353875034113087,2.514773919096257,5.469871813444788,0.8233545728520384,2.5534126166487103e-09,True,21.37002019279793,1.105935233180068,5.52948030263191,0.8259909469176756,0.8720699216034553,S6,0.12136822628763655,0.10970762042709059,-1.2622374283271043,-0.7886454474848534,-0.21178266110172217,0.4488305724876014,1.150002066918276,1.83847362938765,0.7677274309934007,0.7821617243787906,0.7997435396091908,0.8198779287323791,0.8412484659743428,0.8622319304800284,SLS_VIGV1
1e-06,0.0,630.2469793645486,630.2474293839194,0.00045001937077394693,1.322378555345736,0.021661824879629414,0.12373334917890828,0.015561908163481698,5.014263505258988,5.172885645299466,98.2176290440732,288.1500000000577,508.0685633974343,521.6139948228555,482.66513522756253,1123.9981131541622,160.00323863064725,925.4210922309256,3.016596034919959,313.61613654938384,1.3642154511823408,1.579114430587576,478.874984218388,65.5339624169932,97500.0,0.729263996925547,0.7490709555999144,8.266776444146959e-11,1.4001452291610537,1004.4167849535459,1.384362644537501,1033.884531787054,1.3156409436839294,1196.3657324379183,1.3309208337073233,1154.3872960512165,97.5,2.519780912009578,1.0095028158260262,2.4343248608638457,5.200363636679217,0.8293910732801104,-5.478732371096969e-11,True,21.37002019279793,1.070555731547829,5.23204096922772,0.8313029552935631,0.8422113098001599,S6,0.11945223755285683,0.15520396162783,-0.23400756016962276,-0.007379560348219627,0.22787112739119664,0.4859114531477857,0.7598294164316357,1.0411744571040344,0.7990661617679607,0.8059734050725214,0.8131434535178234,0.8210080921052594,0.8293566545926054,0.8379315820066373,SLS_VIGV1
1e-06,0.0,569.5877949351946,569.5882277528208,0.0004328176261623935,1.2718313574557172,0.01980348912541948,0.12516518346328245,0.014792302893666898,4.742896102373137,4.89293375575115,98.21762904407348,288.1500000000577,480.5723525595916,511.52964818803156,456.54373493161194,1088.162339640605,153.69720846463696,896.8223201107556,2.970410064647691,288.3536829322222,1.3120690608035959,1.5168785451132916,450.3265787076772,65.5339624172628,95000.0,0.7296472105533233,0.7484496539440854,1.4663208864336922e-10,1.4001452291610537,1004.4167849535459,1.3854280366449696,1031.8078227517317,1.3186411365152912,1187.8156498120727,1.333974736237549,1146.4742651102329,95.0,2.40700893692965,0.9836181282407432,2.341274122878674,4.91856829483874,0.8298269016815903,-1.0853806913877367e-10,True,21.37002019279793,1.0296343235318788,4.946957812728409,0.832674001810634,0.8367717224470461,R1,0.10998755554620643,0.14512760002560943,1.003119238766736,0.9105351620060844,0.7923117172585279,0.675432574099105,0.55866946145985,0.4407673522577582,0.8367717224470461,0.8339499142643948,0.8303466609249214,0.82678437965488,0.823225634801496,0.8196321752332983,SLS_VIGV1
1e-06,0.0,512.628813103537,512.6292265448566,0.0004134413195243572,1.2148942253143251,0.018237351669808288,0.12807408466532963,0.014260899200368915,4.4731047429057265,4.614607766470554,98.21762904407342,288.1500000000577,453.23583379110505,502.13426691931454,430.5740421015498,1061.200383643497,147.78406422325477,876.9407186969439,2.9135349901535332,263.70395980879977,1.2533305739313638,1.4585201551120874,424.51054264770465,65.53396241679965,92500.0,0.7276674075122487,0.7475673426982425,5.953247182780083e-13,1.4001452291610537,1004.4167849535459,1.3863575222741478,1030.0270404467792,1.320930325967018,1181.3863504005806,1.3361520721901983,1140.9176374143256,92.5,2.244842610483165,0.9577334406554605,2.236460357018837,4.638409559639783,0.827575274045998,-1.866345327354305e-13,True,21.37002019279793,0.9835398274396264,4.648179980723679,0.8290365585710884,0.8802569836166084,R1,0.09759384568219742,0.13129884846362594,2.4298791379094737,1.9039174248549955,1.3863084153055993,0.8873663191338252,0.38690432106756845,-0.13703485666256654,0.8802569836166084,0.8642265481725602,0.8484506891948177,0.8332437665909831,0.8179905199133689,0.8020217279713959,SLS_VIGV1
1e-06,0.0,448.3033311911298,448.30372020777753,0.00038901664774812256,1.14312250997082,0.01652921351202962,0.13273416569357852,0.013736719117558952,4.152413758487963,4.28377198408063,98.21762904407338,288.1500000000577,420.7419276418255,491.2824432636389,399.7048312597342,1033.0303979312223,141.10265325626642,857.2505142957114,2.8327237088433925,235.3656037478476,1.1792881731122804,1.392579536878592,394.7550157372837,65.53396241680214,90000.0,0.7214055044691855,0.7469161330451147,2.5907051847600434e-12,1.4001452291610537,1004.4167849535459,1.3874310928701836,1027.9702078634625,1.3233939223061308,1174.5831142663353,1.338335043046426,1135.3956439088986,90.0,2.1129649361006306,0.9318487530701778,2.104338076102191,4.305395260139795,0.8204536191891048,-9.079517808750672e-14,True,21.37002019279793,0.9254357233512779,4.390473595387232,0.8185237232404674,0.9403514105418161,R1,0.06654077107306144,0.08656779298978035,4.401589004489836,3.312546672117044,2.3670228704168963,1.5171970388230562,0.7060433717995807,-0.1180387254450963,0.9403514105418161,0.907159217323886,0.8783412294594437,0.8524399560512811,0.8277173456945155,0.8026006983557608,SLS_VIGV1
1e-06,0.0,385.31179605134236,385.31215788254656,0.00036183120418849474,1.0632382873894952,0.014948938063182574,0.13966916554064263,0.013356828218528047,3.818908508834084,3.9397165676157426,98.21762904407332,288.1500000000577,386.9496203768728,480.0837709637186,367.60213935802915,1009.5942008473611,134.8071576099633,842.8700050684957,2.726874046418293,206.67037804216505,1.0968766047224414,1.3304476193757562,364.9160587390287,65.53396241680005,87500.0,0.713114596950086,0.7463181332409665,7.635682544922009e-14,1.4001452291610537,1004.4167849535459,1.3885389728815105,1025.847639426547,1.3254715451583667,1168.9259153647474,1.3399828297629377,1131.2994701988684,87.5,1.9502235236251366,0.9059640654848953,1.9572817371783837,3.9590742767336162,0.8110243799633624,-4.41365449036491e-14,True,26.37002019279793,0.8607639907381313,3.994649630272913,0.8096710687289297,0.9563504048830055,S1,0.06242719664188523,0.08116309144816691,4.148922057815447,4.138872134392656,2.78410819318119,1.6002267358975715,0.4764224825109338,-0.6873941088775624,0.9326505435832947,0.9323442386857175,0.8910532941882703,0.8549705626826312,0.8207188841126449,0.7852476962411561,SLS_VIGV1
1e-06,0.0,318.963779773017,318.9641103377341,0.0003305647170920081,0.9713619488970417,0.013227063992964506,0.14928789221321004,0.01293617771170092,3.451308107090502,3.5604874267077444,98.21762904407328,288.1500000000577,349.7026332924683,466.21818124981553,332.21750162784485,982.2397952406392,128.8059729754914,826.8703635761984,2.5792088204718397,175.02723217855845,1.0020935185458109,1.2712203353625373,330.78965432753614,65.5339624207688,85000.0,0.6990294661485684,0.7466134765232669,4.306420099541213e-10,1.4001452291610537,1004.4167849535459,1.389802100151814,1023.4603791560705,1.3279421316149822,1162.2851947805489,1.3418248542914875,1126.745085918604,85.0,1.880322102103048,0.8800793778996124,1.788149491337193,3.5773479537912727,0.7950053775143027,-3.167641996410693e-10,True,36.37002019260758,0.7863838214822537,3.5370097671363347,0.7999802334195725,0.9795340037704207,S1,0.0776749904639944,0.08458198255183635,0.967540830316679,4.684063569317871,2.995436959137251,1.5402768320525055,0.15207664737909,-1.3257478287349613,0.8356873519202478,0.9489607639674948,0.8974942423714665,0.8531433896401597,0.8108333642305383,0.7657917399564024,SLS_VIGV1
1e-06,0.0,258.91710560405363,258.91740237357266,0.0002967695190577708,0.8720550122261168,0.011793667585950435,0.16397990859031467,0.012847795207382866,3.0889348932747946,3.186650831558267,98.21762904407322,288.1500000000577,312.98528926697736,452.2946885842491,297.33602480362845,966.8834512707979,123.22418137042676,823.4979132210209,2.4129681487580794,144.71899445425737,0.8996447478300448,1.2161321524792243,299.1206804023033,65.53396241679965,82500.0,0.6816888635242557,0.7471781484396056,3.4755195086486518e-12,1.4001452291610537,1004.4167849535459,1.3910487432014147,1021.1113923818069,1.3292582780863242,1158.7871526747833,1.3422133486523014,1125.786978954952,82.5,1.7420047224354327,0.8541946903143297,1.6053384923108782,3.201049685926051,0.7752839308467924,8.322891324688118e-14,True,45.37002019279793,0.7059880756457033,3.1388382320591264,0.7776973227495811,1.0189627720925758,S1,0.0725315274802949,0.07920041056707916,-2.799579809735924,5.695389299980128,3.607247641916331,1.872711219155505,0.2568889241554899,-1.4447311273714618,0.7208718002718146,0.9797842848358417,0.9161412111732683,0.8632754350905562,0.8140278675468543,0.7621653275382141,SLS_VIGV1
1e-06,0.0,227.4713652086295,227.4716385585923,0.0002733499627890718,0.8032368212842945,0.011378208015101261,0.18007342953604694,0.01345717393416206,2.8788976575108616,2.9699692389929573,98.21762904407348,288.1500000000577,291.70333698771947,447.0289137650315,277.1181701383335,984.6447900618825,120.2809869310832,846.6733757329165,2.3039233149717377,128.9739726263313,0.8286493138631748,1.187084985365781,285.135646444168,65.53396241680313,80000.0,0.6564598186387177,0.7452132680963833,8.469270588884082e-14,1.4001452291610537,1004.4167849535459,1.3915202179315098,1020.2230175927438,1.3273917406437754,1163.7536034884174,1.3395454221161063,1132.3840827210358,80.0,1.2857486646541498,0.828310002729047,1.478653261056838,2.982941268990568,0.7465909682109518,-4.0353412483336324e-14,True,45.37002019279793,0.6502750512249005,2.9790525620729933,0.7484072625425177,1.1066399362616024,S1,0.018949622723045012,0.025884340826071606,1.2745812456978598,7.996131650986328,5.144158554304738,2.9420097429069827,1.0216468599271167,-0.8753790239461807,0.8450454314825371,1.0499070728939386,0.9629836914390205,0.8958658699643559,0.8373364134265823,0.7795182296836726,SLS_VIGV1
1e-06,0.0,195.516892966838,195.51714022886264,0.00024726202466604735,0.7265776102202376,0.011041899424732386,0.20331152631286342,0.014437280072965825,2.665677110921301,2.7500036341580207,98.21762904407342,288.1500000000577,270.09883680958626,438.9264310556438,256.59389496910694,1013.2660395752532,117.34602554424703,880.5755442280177,2.186643252543346,110.66352755337627,0.7495647886443794,1.1590484821200804,270.6767124295623,65.47791824583544,77500.0,0.6339730518703144,0.7435714020426366,3.363227336455408,1.4001452291610537,1004.4167849535459,1.3921938079310765,1018.9634681703393,1.3244539889424383,1171.6929534981728,1.3356959422680044,1142.0748102609418,77.5,1.0,0.8024253151437643,1.378650229650454,2.761527214927145,0.7210167952046439,2.507752427357602,False,45.37002019279793,,,,,,,,,,,,,,,,,,,,SLS_VIGV1
1e-06,0.0,167.398693718471,167.3989153706236,0.0002216521525815408,0.6513231926349325,0.010867181618263009,0.23370465418052466,0.01585053726642953,2.469519735520537,2.5476409800282545,98.21762904407336,288.1500000000577,250.2232567138946,430.4140801395755,237.71209387819985,1056.863960156008,114.9168230914004,928.9585843702779,2.068557827161066,93.56296219505434,0.6719295012113045,1.1369021957685153,258.1662999697084,65.48129557430696,75000.0,0.6139834862299808,0.741458765371574,7.288985256453908,1.4001452291610537,1004.4167849535459,1.3928580212919908,1017.7301702902258,1.320183080631946,1183.4709276734104,1.3304268341187757,1155.6879882023106,75.0,1.0,0.7765406275584814,1.3009710438539268,2.557832025056308,0.69828268606072,5.434701995758586,False,45.37002019279793,,,,,,,,,,,,,,,,,,,,SLS_VIGV1
1e-06,0.0,142.09985021160145,142.10004853219493,0.0001983205934832802,0.5827635807203165,0.010569853022584627,0.2677798099339448,0.017230590077444298,2.2756333484692175,2.347621155113819,98.21762904407329,288.1500000000577,230.57778374898794,420.917486466106,219.04889456153853,1097.7150574869656,112.57344458192158,976.2504388100899,1.9458309672858325,78.08580561005944,0.6012008270938315,1.1158912800285312,244.59956468974804,65.53259484428358,72500.0,0.5933601786750449,0.7403894200232414,9.3786072935376,1.4001452291610537,1004.4167849535459,1.393599031301314,1016.3542760419245,1.316332844564172,1194.3765669968175,1.3255457460244437,1168.7177189998001,72.5,1.0,0.7506559399731989,1.2232091128878522,2.3564950916725884,0.6748278229937306,6.992243920881805,False,45.37002019279793,,,,,,,,,,,,,,,,,,,,SLS_VIGV1
1e-06,0.0,122.48372741018102,122.48390435291343,0.00017694273241026658,0.5199448958412739,0.010564270231632856,0.3105014326230985,0.019302154517379797,2.112738351740396,2.1795731079009313,98.21762904407323,288.1500000000577,214.0725029862515,414.0375875883638,203.3688778369389,1164.138250294457,110.82951280497744,1047.7796587978198,1.8349704215951892,66.03049439495234,0.5363947092174431,1.0996105868842094,235.8261867910768,65.55011847230662,70000.0,0.5682354105392828,0.7396946964140807,10.662211197132109,1.4001452291610537,1004.4167849535459,1.3941358625704483,1015.3574968499532,1.3105020307531894,1211.4048112067405,1.3185778381168098,1187.9866398198785,70.0,1.0,0.7247712523879162,1.1477349086981432,2.187340466617602,0.6462534541809493,7.948656314210234,False,45.37002019279793,,,,,,,,,,,,,,,,,,,,SLS_VIGV1
1e-06,0.0,100.98505014949228,100.98520331766865,0.00015316817636222183,0.45008354070287027,0.010297440159071677,0.36709180732970526,0.021735005318881923,1.9527151472874469,2.014487699772439,98.21762904407348,288.1500000000577,197.85820561009828,404.701855557196,187.96529532959337,1239.3577417864321,109.09550308732034,1129.413221652406,1.7229426512580028,52.89397879491076,0.464323107832898,1.083611717955359,224.0782006445456,64.84661102158877,67500.0,0.5429745348931154,0.736606265812255,11.797748191257236,1.4001452291610537,1004.4167849535459,1.3948062353899218,1014.1192856312218,1.3042369788606416,1230.4453165240386,1.3112077724133029,1209.298365259457,67.5,1.0,0.6988865648026334,1.0728304702795735,2.0211679892983723,0.617524290459037,8.794013073843514,False,45.37002019279793,,,,,,,,,,,,,,,,,,,,SLS_VIGV1
1e-06,0.0,85.97426279809463,85.974400238125,0.0001374400303722644,0.4038665013414374,0.010099347540888296,0.4228899436169824,0.023756315841933585,1.8386560314490004,1.8968204167472376,98.21762904407339,288.1500000000577,186.30120405530488,399.0846385915757,176.98614385253964,1302.2621577893322,107.57368044075292,1197.703079960406,1.6452550765892606,45.165586113395456,0.4166438718456779,1.0701183947211943,212.18173536304906,65.59874416774215,65000.0,0.5172893783675252,0.7355354589190355,11.116494093862855,1.4001452291610537,1004.4167849535459,1.395170204478556,1013.4518266194808,1.2992531633456577,1246.16271215847,1.3054883270741162,1226.558951191056,65.0,1.0,0.6730018772173506,1.0092786568046623,1.9027258802023228,0.5883125925993635,8.284642393723967,False,45.37002019279793,,,,,,,,,,,,,,,,,,,,SLS_VIGV1
1e-06,0.0,73.58656761829484,73.58669010345082,0.00012248515599826664,0.35992171484024044,0.009953506405217992,0.48694516157696405,0.026271910515747236,1.7245969156105538,1.779153133722036,98.21762904407356,288.15000000005784,174.74420250051193,391.5471755876149,166.00699237548633,1378.342357451809,106.28620533018925,1280.4071812148668,1.5618865294867585,37.50431916631485,0.37130877736649626,1.0590289454541846,203.28346082638097,65.66864003248276,62500.0,0.49160422184193503,0.7338077933402365,10.650712683757368,1.4001452291610537,1004.4167849535459,1.3956585930793919,1012.5562010737542,1.2934376893697865,1265.2375193545768,1.298935074923717,1247.1807214043395,62.5,1.0,0.6471171896320678,0.9457268433297513,1.7842837711062733,0.5591008947396902,7.935901039064344,False,45.37002019279793,,,,,,,,,,,,,,,,,,,,SLS_VIGV1
1e-06,0.0,61.772670764498194,61.77277688067327,0.00010611617507417503,0.31182158681762834,0.009790328260008214,0.5705626986794552,0.029827350767884668,1.6105377997721095,1.6614858506968364,98.21762904407348,288.1500000000577,163.18720094571873,383.9811254392555,155.0278408984328,1485.1389646438531,105.13839586280515,1394.5352501465507,1.4745121382746627,30.103487976478622,0.32168687629510484,1.0499814909609921,196.29073170463536,64.6743889746252,60000.0,0.4659190653163452,0.733513867128346,9.731056038409577,1.4001452291610537,1004.4167849535459,1.3961488311374874,1011.6571824287612,1.2855944288676426,1292.3406636974887,1.2903875998796734,1275.55459483779,60.0,1.0,0.6212325020467853,0.8821750298548411,1.6658416620102257,0.5298891968800171,7.247454619813225,False,45.37002019279793,,,,,,,,,,,,,,,,,,,,SLS_VIGV1
1e-06,0.0,48.30379007183249,48.30387904286555,8.897103306632214e-05,0.26144071525525564,0.009552209069430453,0.7119100302235366,0.03470996706499604,1.505179552663112,1.5527946812933058,98.21762904407335,288.1500000000577,152.511811988876,375.17280840316937,144.8862213894322,1627.3206692375297,103.6454057882737,1544.3031735101167,1.397902977826195,22.908056812421158,0.26971207441134953,1.0380182089896106,182.20631337965804,65.356041126886,57499.99999999999,0.44096474026729715,0.7302610152067103,9.10587717249531,1.4001452291610537,1004.4167849535459,1.3967195574699864,1010.6105591280666,1.2753603124334707,1330.6578741747642,1.2796431958813728,1314.0717793039264,57.49999999999999,1.0,0.5953478144615024,0.8212990674752773,1.5564347732532808,0.5015086727863209,6.777474218328031,False,45.37002019279793,,,,,,,,,,,,,,,,,,,,SLS_VIGV1
1e-06,0.0,41.77261038543931,41.77268890046198,7.85150226690526e-05,0.23071580690288437,0.009415658220587311,0.8114496384437011,0.03877010175259958,1.4395319343710635,1.485070354090542,98.21762904407355,288.15000000005716,145.8600891424158,369.8009295220381,138.56708468529501,1741.9963387652467,103.05135961895759,1664.9445109575947,1.3446410139338312,18.965139149370582,0.238015103418419,1.0328012854551425,177.85615891423015,64.07433696219034,55000.00000000001,0.4193459186484389,0.7275523322163925,8.136031491132469,1.4001452291610537,1004.4167849535459,1.3969970012123862,1010.1063244773865,1.2668832135784787,1365.8862681196722,1.2710173293893208,1348.1235185322523,55.00000000000001,1.0,0.5694631268762204,0.7726356476498972,1.4882644888311591,0.47692161276264244,6.051541653062692,False,45.37002019279793,,,,,,,,,,,,,,,,,,,,SLS_VIGV1
1e-06,0.0,34.63728465822974,34.63735293021034,6.827198060191317e-05,0.20061670439582047,0.009340404559433873,0.9707878878424904,0.044230535827937977,1.3738843160790117,1.417346026887775,98.21762904407363,288.15000000005796,139.2083662959551,363.8433706989269,132.24794798115732,1889.615823036392,102.34168475013789,1820.1308699821814,1.2922197665988602,15.285164696212075,0.20696373727151274,1.0263702174601645,168.7153054358798,64.69147544169353,52500.0,0.3977270970295795,0.7276253244421137,7.00736953994697,1.4001452291610537,1004.4167849535459,1.3972979593671386,1009.559898895219,1.2544674486665635,1426.0201829400007,1.2589021849980104,1402.9715405539998,52.5,1.0,0.5435784392909369,0.7239722278245145,1.4200942044090337,0.4523345527389626,5.206195566257395,False,45.37002019279793,,,,,,,,,,,,,,,,,,,,SLS_VIGV1
1e-06,0.0,29.219684601444044,29.219744196243308,5.959479926697935e-05,0.17511887193934464,0.009700230425029288,1.1951131576683631,0.05262264884260829,1.3082366977869624,1.3496216996850103,98.21762904407348,288.15000000005745,132.55664344949426,355.95738104245106,125.92881127701953,2096.4622978003645,101.8063541392778,2038.0046124657506,1.2369445143349365,11.949224957073522,0.18065921435848942,1.0212537405648778,161.74989846109162,66.64545346494539,50000.0,0.37610827541072095,0.7244046785362759,6.240509193085802,1.4001452291610537,1004.4167849535459,1.3976963361127037,1008.8365981915412,1.2285803877011934,1598.043545646969,1.2343644302748011,1552.9913978024897,50.0,1.0,0.5176937517056545,0.675308807999134,1.351923919986911,0.42774749271528384,4.631775985422737,False,45.37002019279793,,,,,,,,,,,,,,,,,,,,SLS_VIGV1
1e-06,0.0,27.680109675636647,27.680163933173574,5.425753692839512e-05,0.15943536647454654,0.010703610546423834,1.3920825610399081,0.06377775674210909,1.2515553019241272,1.2911472340517465,98.21762904407325,288.1500000000571,126.81342007537565,348.162881568749,120.47274907160687,2316.170900719934,101.74563716499858,2274.03651631993,1.184058131910255,9.625318098155436,0.16447952027823723,1.0200491163269871,166.5353203458973,66.76800506812913,47500.0,0.3559951274180485,0.7177946639199654,5.255715104213092,1.4001452291610537,1004.4167849535459,1.3980900910463052,1008.1216889411115,1.1827727828709194,2127.696988100623,1.1873540172591224,2049.7633470484298,47.5,1.0,0.4918090641203721,0.6298665972510329,1.2930644064517436,0.40487283350954856,3.895555691973082,False,45.37002019279793,,,,,,,,,,,,,,,,,,,,SLS_VIGV1
1e-06,0.0,1717.2626140324412,1717.2626217505547,7.718113399150468e-06,0.022679618499999995,0.020588860594721495,0.043161655960674845,0.8624226886790631,1.2142424026203669,1.2526539715834915,98.21762904407329,288.1500000000572,123.0327031015725,343.1112262822854,116.88106794649387,2500.0,98.65058673022305,2500.0,1.1847985077486178,1.2536116948493892,0.023397147404989164,1.006669047294878,-3425.699653802242,0.07529089249459656,45000.0,0.3391344789789066,0.6440980631688046,,1.4001452291610537,1004.4167849535459,1.3983452856484229,1007.6583525708343,0.4018562029102899,20351.904046225376,0.41399918334850216,21190.055276143397,45.0,1.0,0.4659243765350894,0.5913827212332936,1.2543176700989425,0.38569723816397683,692.2319803473054,False,45.37002019279793,,,,,,,,,,,,,,,,,,,,SLS_VIGV1
1e-06,0.0,1717.3933997717509,1717.3934074898643,7.718113399150468e-06,0.022679618499999995,0.020588860594721495,0.04315836904395245,0.8624226886790631,1.2142424026203669,1.2526539715834915,98.21762904407329,288.1500000000572,123.0327031015725,343.1112262822854,116.88106794649387,2500.0,98.65058673022305,2500.0,1.1847985077486178,1.2536116948493892,0.023397147404989164,1.006669047294878,-3427.655762798285,0.0752909352439839,42500.0,0.3391344789789066,0.6440980631688046,,1.4001452291610537,1004.4167849535459,1.3983452856484229,1007.6583525708343,0.4018562029102899,20351.904046225376,0.41399918334850216,21190.055276143397,42.5,1.0,0.4659243765350894,0.5913827212332936,1.2543176700989425,0.38569723816397683,692.2319803473054,False,45.37002019279793,,,,,,,,,,,,,,,,,,,,SLS_VIGV1
1e-06,0.0,1717.3934019175483,1717.3934096356618,7.718113399150468e-06,0.022679618499999995,0.020588860594721495,0.043158368990028215,0.8624226886790631,1.2142424026203669,1.2526539715834915,98.21762904407329,288.1500000000572,123.0327031015725,343.1112262822854,116.88106794649387,2500.0,98.65058673022305,2500.0,1.1847985077486178,1.2536116948493892,0.023397147404989164,1.006669047294878,-3427.655794762588,0.07529093524467771,40000.0,0.3391344789789066,0.6440980631688046,,1.4001452291610537,1004.4167849535459,1.3983452856484229,1007.6583525708343,0.4018562029102899,20351.904046225376,0.41399918334850216,21190.055276143397,40.0,1.0,0.4659243765350894,0.5913827212332936,1.2543176700989425,0.38569723816397683,692.2319803473054,False,45.37002019279793,,,,,,,,,,,,,,,,,,,,SLS_VIGV1
1e-06,0.0,1717.3934019175817,1717.3934096356952,7.718113399150468e-06,0.022679618499999995,0.020588860594721495,0.043158368990027375,0.8624226886790631,1.2142424026203669,1.2526539715834915,98.21762904407329,288.1500000000572,123.0327031015725,343.1112262822854,116.88106794649387,2500.0,98.65058673022305,2500.0,1.1847985077486178,1.2536116948493892,0.023397147404989164,1.006669047294878,-3427.6557947631036,0.07529093524467771,37500.0,0.3391344789789066,0.6440980631688046,,1.4001452291610537,1004.4167849535459,1.3983452856484229,1007.6583525708343,0.4018562029102899,20351.904046225376,0.41399918334850216,21190.055276143397,37.5,1.0,0.4659243765350894,0.5913827212332936,1.2543176700989425,0.38569723816397683,692.2319803473052,False,45.37002019279793,,,,,,,,,,,,,,,,,,,,SLS_VIGV1
1e-06,0.0,1717.3934019175817,1717.3934096356952,7.718113399150468e-06,0.022679618499999995,0.020588860594721495,0.043158368990027375,0.8624226886790631,1.2142424026203669,1.2526539715834915,98.21762904407329,288.1500000000572,123.0327031015725,343.1112262822854,116.88106794649387,2500.0,98.65058673022305,2500.0,1.1847985077486178,1.2536116948493892,0.023397147404989164,1.006669047294878,-3427.6557947631036,0.07529093524467771,35000.0,0.3391344789789066,0.6440980631688046,,1.4001452291610537,1004.4167849535459,1.3983452856484229,1007.6583525708343,0.4018562029102899,20351.904046225376,0.41399918334850216,21190.055276143397,35.0,1.0,0.4659243765350894,0.5913827212332936,1.2543176700989425,0.38569723816397683,692.2319803473054,False,45.37002019279793,,,,,,,,,,,,,,,,,,,,SLS_VIGV1
1e-06,0.0,690.2917955937288,690.2922604852456,0.00046489151670175787,1.3660802449265352,0.023629817779268796,0.1232338911578692,0.016432656114950685,5.273798434075433,5.44063075010306,98.21762904407326,288.1500000000577,534.3658527794005,532.1486477571641,507.6475601404304,1163.3270353908931,167.09490135055893,957.3667411841108,3.0380792952826523,338.8812728622776,1.4092997577357789,1.6491039321505028,507.284335481738,65.53396241892486,100000.0,0.7239562445618658,0.7496931023957722,3.5685245146658566e-09,1.4001452291610537,1004.4167849535459,1.383245264938347,1036.0647415687063,1.3124508570308604,1205.6417179332648,1.3276238296901357,1163.1127700513434,100.0,2.6152960852855927,1.0353875034113087,2.514773919096257,5.469871813444788,0.8233545728520384,2.5534126166487103e-09,True,21.37002019279793,1.105935233180068,5.52948030263191,0.8259909469176756,0.8720699216034553,S6,0.12136822628763655,0.10970762042709059,-1.2622374283271043,-0.7886454474848534,-0.21178266110172217,0.4488305724876014,1.150002066918276,1.83847362938765,0.7677274309934007,0.7821617243787906,0.7997435396091908,0.8198779287323791,0.8412484659743428,0.8622319304800284,SLS_VIGV2
1e-06,0.0,630.2469793645486,630.2474293839194,0.00045001937077394693,1.322378555345736,0.021661824879629414,0.12373334917890828,0.015561908163481698,5.014263505258988,5.172885645299466,98.2176290440732,288.1500000000577,508.0685633974343,521.6139948228555,482.66513522756253,1123.9981131541622,160.00323863064725,925.4210922309256,3.016596034919959,313.61613654938384,1.3642154511823408,1.579114430587576,478.874984218388,65.5339624169932,97500.0,0.729263996925547,0.7490709555999144,8.266776444146959e-11,1.4001452291610537,1004.4167849535459,1.384362644537501,1033.884531787054,1.3156409436839294,1196.3657324379183,1.3309208337073233,1154.3872960512165,97.5,2.519780912009578,1.0095028158260262,2.4343248608638457,5.200363636679217,0.8293910732801104,-5.478732371096969e-11,True,21.37002019279793,1.070555731547829,5.23204096922772,0.8313029552935631,0.8422113098001599,S6,0.11945223755285683,0.15520396162783,-0.23400756016962276,-0.007379560348219627,0.22787112739119664,0.4859114531477857,0.7598294164316357,1.0411744571040344,0.7990661617679607,0.8059734050725214,0.8131434535178234,0.8210080921052594,0.8293566545926054,0.8379315820066373,SLS_VIGV2
1e-06,0.0,569.5877949351946,569.5882277528208,0.0004328176261623935,1.2718313574557172,0.01980348912541948,0.12516518346328245,0.014792302893666898,4.742896102373137,4.89293375575115,98.21762904407348,288.1500000000577,480.5723525595916,511.52964818803156,456.54373493161194,1088.162339640605,153.69720846463696,896.8223201107556,2.970410064647691,288.3536829322222,1.3120690608035959,1.5168785451132916,450.3265787076772,65.5339624172628,95000.0,0.7296472105533233,0.7484496539440854,1.4663208864336922e-10,1.4001452291610537,1004.4167849535459,1.3854280366449696,1031.8078227517317,1.3186411365152912,1187.8156498120727,1.333974736237549,1146.4742651102329,95.0,2.40700893692965,0.9836181282407432,2.341274122878674,4.91856829483874,0.8298269016815903,-1.0853806913877367e-10,True,21.37002019279793,1.0296343235318788,4.946957812728409,0.832674001810634,0.8367717224470461,R1,0.10998755554620643,0.14512760002560943,1.003119238766736,0.9105351620060844,0.7923117172585279,0.675432574099105,0.55866946145985,0.4407673522577582,0.8367717224470461,0.8339499142643948,0.8303466609249214,0.82678437965488,0.823225634801496,0.8196321752332983,SLS_VIGV2
1e-06,0.0,512.628813103537,512.6292265448566,0.0004134413195243572,1.2148942253143251,0.018237351669808288,0.12807408466532963,0.014260899200368915,4.4731047429057265,4.614607766470554,98.21762904407342,288.1500000000577,453.23583379110505,502.13426691931454,430.5740421015498,1061.200383643497,147.78406422325477,876.9407186969439,2.9135349901535332,263.70395980879977,1.2533305739313638,1.4585201551120874,424.51054264770465,65.53396241679965,92500.0,0.7276674075122487,0.7475673426982425,5.953247182780083e-13,1.4001452291610537,1004.4167849535459,1.3863575222741478,1030.0270404467792,1.320930325967018,1181.3863504005806,1.3361520721901983,1140.9176374143256,92.5,2.244842610483165,0.9577334406554605,2.236460357018837,4.638409559639783,0.827575274045998,-1.866345327354305e-13,True,21.37002019279793,0.9835398274396264,4.648179980723679,0.8290365585710884,0.8802569836166084,R1,0.09759384568219742,0.13129884846362594,2.4298791379094737,1.9039174248549955,1.3863084153055993,0.8873663191338252,0.38690432106756845,-0.13703485666256654,0.8802569836166084,0.8642265481725602,0.8484506891948177,0.8332437665909831,0.8179905199133689,0.8020217279713959,SLS_VIGV2
1e-06,0.0,445.71999071702595,445.72037888373,0.0003881667040029706,1.14062495663238,0.016443593265344045,0.13281193796133972,0.013695486418426295,4.1393679464814985,4.270313478441918,98.21762904407338,288.1500000000577,419.4200651275149,490.69341502789564,398.4490618711391,1031.0402400603564,140.83826848620126,855.7003483628722,2.829124968333287,234.16029474588052,1.176711603157574,1.3899702533880114,393.3556359355794,65.53396242201093,90000.0,0.7216441016757169,0.7470134879170015,5.202668188185803e-10,1.4001452291610537,1004.4167849535459,1.3874893649385565,1027.8585652438603,1.3235707941400008,1174.0956819081805,1.338506838080744,1134.9618949151743,90.0,2.126798435529155,0.9318487530701778,2.099740409149348,4.291848131726974,0.8207249755073119,-3.4447690566400057e-10,True,21.37002019279793,0.9234137833927928,4.40145881214205,0.8177652713439845,0.943468571214036,R1,0.06202973359167996,0.07999825040501629,4.50386365403066,3.410825573005475,2.4667569567889487,1.6233676275592757,0.8245182715816526,0.02101920802123658,0.943468571214036,0.9101545942441085,0.8813809580052223,0.8556758584497818,0.831328262963887,0.8068389521489298,SLS_VIGV2
1e-06,0.0,379.9628202097682,379.9631800995571,0.00035988978891229347,1.0575334531201306,0.014772967456150927,0.13996812323053734,0.013270803908790535,3.790236233328201,3.910137268038268,98.21762904407332,288.1500000000577,384.04441170358893,478.5734978432269,364.84219111840946,1005.1649403129223,134.3324127346746,839.6085959526647,2.7159654449073587,203.91865232477298,1.0909912831363946,1.325762236193299,361.8221406266461,65.53396241680747,87500.0,0.7138389039842196,0.7465515329817791,8.870118255836468e-13,1.4001452291610537,1004.4167849535459,1.388688382128587,1025.5613878310623,1.3258778337380388,1167.8251284539972,1.3403580623226734,1130.369864277539,87.5,1.9863765646846645,0.9059640654848953,1.9467798881935512,3.9293002007333264,0.8118481334887756,-6.179116286510874e-13,True,27.87002019279793,0.856145537875364,3.9747587334851913,0.8105462011354216,0.9549760779564445,S1,0.06312394460721826,0.08072002455656135,3.547343365965965,4.1099561340840935,2.7814903736762417,1.6202011314543086,0.5191843457863712,-0.617427405976656,0.914315428792897,0.9314629272428093,0.890973507417605,0.8555793489318176,0.8220221943568891,0.7873801646057682,SLS_VIGV2
1e-06,0.0,309.52963367908893,309.5299591022963,0.00032542320735295656,0.9562536609819462,0.013011852652852011,0.15133500787466547,0.012926758374463141,3.3966764586988414,3.504127550636638,98.21762904407328,288.1500000000577,344.1670998915464,464.26606819630405,326.9587448969691,980.1963831540997,127.93168623687109,826.5109885324306,2.5557291904336403,170.39632622603833,0.9865072405232548,1.26259176743937,326.08048171509574,65.53396245456454,85000.0,0.6962850409262806,0.7469292030916176,1.3105964996316992e-09,1.4001452291610537,1004.4167849535459,1.3899768836698085,1023.1310437772989,1.3281156713306483,1161.8238209722422,1.34186625924923,1126.6429508846768,85.0,1.9260095506261896,0.8800793778996124,1.760337121930824,3.5206169541571253,0.7918841459846422,-7.738170377804574e-10,True,39.37002019279793,0.7741526308328068,3.475393216901807,0.7985284960379481,0.9750948749259478,S1,0.08271582719653714,0.08798205828788475,-0.7886895136908834,4.5750100454694405,2.942442280610557,1.531198804354318,0.18330657339330259,-1.2497756891994385,0.7821603813143555,0.9456369945169661,0.8958790529918694,0.8528667065026554,0.8117852002681576,0.7681072440095355,SLS_VIGV2
1e-06,0.0,245.13150447561975,245.13179270783462,0.00028823221484677684,0.8469682076522042,0.011471273508372203,0.1684670630912201,0.012866728331116517,3.001403326548311,3.0963502750448106,98.21762904407322,288.1500000000577,304.1161827048653,449.3324984038606,288.91037356962204,965.0037449206308,121.89840048353385,824.2204335713982,2.3700915879421096,137.9906469190509,0.8737642567390684,1.2030476690136813,291.57715616414,65.53396241683497,82500.0,0.6746110773790358,0.7477515195739051,2.9437985062128477e-12,1.4001452291610537,1004.4167849535459,1.3913139632291034,1020.6116513694636,1.3293990054657767,1158.4127405149152,1.3421301566459718,1125.992145284324,82.5,1.817663919064177,0.8541946903143297,1.5591569871684707,3.1101545102151436,0.767234373111625,-6.658313059750494e-13,True,49.37002019279793,0.6856785944353091,3.0137931713387265,0.7683698643330865,1.00691565470786,S1,0.09029848910755156,0.09566077278714413,-6.613879668925684,5.370564363387629,3.379519619329024,1.705942053571384,0.12779503489938548,-1.556657273076027,0.6046183047428533,0.9698841627405976,0.9092004410101967,0.8581925891787718,0.8100933011961535,0.758754005366495,SLS_VIGV2
1e-06,0.0,216.71386402998564,216.71413005738364,0.00026602739799077326,0.7817195193896087,0.011138428782704681,0.18502897263734192,0.0135361943524601,2.805806392107809,2.894565790968401,98.21762904407348,288.1500000000577,284.29738910099957,444.0882734015331,270.08251964594956,984.9781078684521,119.26357264637417,849.6676407865847,2.2645851843359193,123.16867427018929,0.8064512559819269,1.177043853744816,279.10671067325507,65.53396241680127,80000.0,0.6507393950062714,0.7458076296445306,5.001980628311624e-11,1.4001452291610537,1004.4167849535459,1.3917835068263233,1019.7269142693202,1.32731118572797,1163.9693667148738,1.339200870826959,1133.238757896007,80.0,1.3573417570155362,0.828310002729047,1.439042740507182,2.907041297583648,0.7400851372414629,4.0353412483336324e-14,True,49.37002019279793,0.6328553261562507,2.9046410303360606,0.7418079134455368,1.1076187996302687,S1,0.022456035986643696,0.03134205875373963,-1.8594031097714847,8.040616825755023,5.222083741945504,3.0599082043291332,1.1889619116587937,-0.6382766647299931,0.7495268173970197,1.051262906797143,0.9653587211397303,0.8994592183543073,0.8424358970373302,0.786744713986063,SLS_VIGV2
1e-06,0.0,187.3947130222866,187.39495488404864,0.00024186176204541555,0.7107089788978188,0.010802543413871678,0.20752536537844057,0.014439688463051707,2.6125261380128544,2.6951712735324884,98.21762904407342,288.1500000000577,264.7133323540569,436.6766303564794,251.477665736354,1011.4271338992497,116.64078833049624,880.8200939606033,2.156001081060973,106.62042251348637,0.7331941117669857,1.1523954376755199,265.224188114808,65.50401147587306,77500.0,0.6285428707877343,0.7441556860615729,3.119783007626718,1.4001452291610537,1004.4167849535459,1.3923693587722639,1018.6375091202652,1.3245969556896011,1171.3039201365739,1.3356715949205682,1142.1365750782852,77.5,1.0,0.8024253151437643,1.343771395220066,2.706333789259177,0.7148410567406946,2.326234779492442,False,49.37002019279793,,,,,,,,,,,,,,,,,,,,SLS_VIGV2
1e-06,0.0,161.71607173295882,161.71628886844266,0.00021713548384988114,0.6380509953469016,0.010739544000241536,0.23907554757273936,0.015990205915567032,2.428949253636766,2.505787084009561,98.21762904407336,288.1500000000577,246.11246628068136,428.4181327932876,233.80684296664728,1060.1513020053583,114.40522713236444,933.8193857058975,2.0436727309333307,90.36119666825421,0.6582374033333726,1.1321623277567272,254.55528779843493,65.49299947652285,75000.0,0.6101963222664197,0.7419039239634039,7.402358544824045,1.4001452291610537,1004.4167849535459,1.3930137632597346,1017.4409914478376,1.3198440961311126,1184.4171040581866,1.3299208471826345,1157.0261936088482,75.0,1.0,0.7765406275584814,1.2714734419589362,2.5157025257520784,0.693975549005185,5.519285565905281,False,49.37002019279793,,,,,,,,,,,,,,,,,,,,SLS_VIGV2
1e-06,0.0,138.10241659881797,138.1026114825638,0.00019488374583299971,0.5726644296039877,0.010477841565793879,0.2731322924379646,0.017381819042589394,2.2471815965643382,2.3182693552217692,98.21762904407329,288.1500000000577,227.6949195554147,419.2797065078422,216.31017357764395,1101.6560258090458,112.31866054317861,981.4072077160241,1.9258614065691064,75.7787251452528,0.590782162982087,1.1123983448757357,241.87499803809715,65.48048382364324,72500.0,0.5911374870842047,0.7409007729620483,9.516739558319568,1.4001452291610537,1004.4167849535459,1.3937268251849813,1016.1169903320038,1.3159621290283412,1195.4448266018067,1.325023354810333,1170.131933460693,72.5,1.0,0.7506559399731989,1.1988088958092575,2.326950013418041,0.6722999585003929,7.095399425555585,False,49.37002019279793,,,,,,,,,,,,,,,,,,,,SLS_VIGV2
1e-06,0.0,119.99030997147189,119.9904834402093,0.00017346873741824143,0.5097365875390516,0.010514461079595186,0.31545930580179454,0.0195958820100395,2.0920739929187433,2.1582550489266206,98.21762904407323,288.1500000000577,211.97869377797295,412.2643710837645,201.3797590890743,1172.7639407666086,110.79781107592598,1057.4751092046877,1.8175427576910845,63.81482055078872,0.5258634344474257,1.0989911261068972,235.5842170480373,64.93812238652433,70000.0,0.5678748138608447,0.7396531895347053,11.036295756505206,1.4001452291610537,1004.4167849535459,1.3942742237058683,1015.1005896294189,1.3097607826969155,1213.6246099789971,1.3176595962947752,1190.582165587319,70.0,1.0,0.7247712523879162,1.1285941829362336,2.1658820305779893,0.6458433480089568,8.227677340431086,False,49.37002019279793,,,,,,,,,,,,,,,,,,,,SLS_VIGV2
1e-06,0.0,99.53572482777916,99.53587626830047,0.00015144052130503614,0.4450068392383803,0.010253530254836092,0.37084884830323817,0.021889222553895013,1.9395353826589676,2.0008910040296684,98.21762904407348,288.1500000000577,196.5227703914097,403.14012890080164,186.6966318718392,1243.2749296310394,108.93495469989821,1133.9209070734075,1.713835860915024,51.59370093942593,0.45908579167187896,1.0825644133626793,223.3481749513015,64.63694369455128,67500.0,0.5444392478594852,0.7367786015494121,12.254414063238956,1.4001452291610537,1004.4167849535459,1.3949074273227815,1013.9337160920447,1.3039046820585216,1231.480742802232,1.3108092788474865,1210.4843759028672,67.5,1.0,0.6988865648026334,1.0588172013943933,2.007481760814911,0.6191901067674606,9.134746931947394,False,49.37002019279793,,,,,,,,,,,,,,,,,,,,SLS_VIGV2
1e-06,0.0,84.60326795633141,84.6034037246709,0.00013576833949675778,0.3989542502062579,0.010117989207870704,0.43053610136118425,0.024093213050137334,1.8287296934878268,1.8865800671732886,98.21762904407342,288.1500000000577,185.29542119956918,397.6097811667941,176.0306501395907,1312.150702751321,107.4381219964275,1207.7979622672972,1.6384375198353154,44.0204824488171,0.41157620882920687,1.068546107276947,211.29952465238006,65.65031965283269,65000.0,0.5195888632912163,0.7356168491663847,11.810820146204463,1.4001452291610537,1004.4167849535459,1.3952657673072852,1013.2765797202636,1.2984824791156375,1248.6558303743354,1.3046534159664194,1229.1443041385178,65.0,1.0,0.6730018772173506,0.9973616290032126,1.892418099056738,0.5909277940584948,8.802787716580132,False,49.37002019279793,,,,,,,,,,,,,,,,,,,,SLS_VIGV2
1e-06,0.0,73.44630876011622,73.44642955800653,0.00012079789030502709,0.354963697219636,0.010000573732976956,0.49018209419215025,0.02676483573036931,1.7179240043166863,1.7722691303169094,98.21762904407353,288.1500000000577,174.068072007729,390.16573997926537,165.36466840734255,1393.08214382334,106.52796924446966,1295.589395973286,1.5523122197875499,36.49120115967205,0.3661938999224239,1.0601840206573572,205.6312098873463,64.7251323539601,62500.0,0.4947384787229477,0.7339702969798572,11.112381315968985,1.4001452291610537,1004.4167849535459,1.3957481022870115,1012.3920553396092,1.292336202837392,1268.9478997964536,1.2977525589288106,1251.0004731409513,62.5,1.0,0.647117189632068,0.9359060566120322,1.7773544372985661,0.5626654813495294,8.280573419245888,False,49.37002019279793,,,,,,,,,,,,,,,,,,,,SLS_VIGV2
1e-06,0.0,59.86133108052016,59.8614356808197,0.0001046002995377174,0.30736719789090877,0.009845957524294898,0.5921259425351494,0.030431548038512446,1.6071183151455462,1.6579581934605305,98.21762904407343,288.15000000005745,162.8407228158885,382.7821633840966,154.69868667509408,1503.0108353773096,105.19202616578133,1412.2791493482125,1.4706313046132495,29.30033207173997,0.31709156115267373,1.0478103403606827,192.86069713769396,65.61575292387283,60000.0,0.4698880941546791,0.733296956930607,10.362423052930863,1.4001452291610537,1004.4167849535459,1.3962265167523153,1011.5147191158127,1.284304611900295,1296.9610871881719,1.289071693757809,1280.0848735372601,60.0,1.0,0.6212325020467855,0.8744504842208521,1.6622907755403944,0.534403168640564,7.719177600664315,False,49.37002019279793,,,,,,,,,,,,,,,,,,,,SLS_VIGV2
1e-06,0.0,47.845726245749965,47.845813588909785,8.734315981267605e-05,0.25665722187420337,0.009594313288405161,0.7218936893308554,0.03551272610771219,1.5045412275326058,1.5521361632674449,98.21762904407316,288.1500000000579,152.4471339096929,374.16538727511977,144.82477721420824,1650.3902500125396,104.11650178940342,1567.7601456026505,1.3909877370557984,22.227664549445027,0.264777242736502,1.0384113737242906,183.69963046789866,64.38942392936937,57499.99999999999,0.4456796698799786,0.7299863686533338,9.310820642247844,1.4001452291610537,1004.4167849535459,1.3967765217860202,1010.506631287505,1.2736995621716534,1337.25886956449,1.277970290110417,1320.432127147943,57.49999999999999,1.0,0.5953478144615022,0.8154648011401109,1.5557719189589054,0.5068709566072529,6.931212543136916,False,49.37002019279793,,,,,,,,,,,,,,,,,,,,SLS_VIGV2
1e-06,0.0,40.265115290433954,40.26519267696292,7.738652896516673e-05,0.22739973659396662,0.00947155970271343,0.8468276989602744,0.0395690067734955,1.4395193487523628,1.4850573703360492,98.21762904407338,288.1500000000574,145.85881390883318,368.82853875270195,138.56587321339154,1764.0996818908236,103.32298412309498,1687.0979647973961,1.3410943788490421,18.469470739530806,0.23459412057326903,1.031224764459009,173.80400092323913,65.29547411267612,55000.00000000001,0.42440114234614607,0.7274006730175194,8.49515998480849,1.4001452291610537,1004.4167849535459,1.3970461235022915,1010.0171370756326,1.2651733801665623,1373.4995016178405,1.2693751669645847,1354.9918023046828,55.00000000000001,1.0,0.5694631268762201,0.7677516542480719,1.488251419580076,0.48267091264031137,6.320937743375649,False,49.37002019279793,,,,,,,,,,,,,,,,,,,,SLS_VIGV2
1e-06,0.0,34.52595814000144,34.52602503132184,6.689132039921225e-05,0.19655964471607593,0.009445235103964446,0.9848487400810648,0.04565013007490624,1.37449746997212,1.417978577404654,98.2176290440733,288.15000000005654,139.2704939079731,362.9282870668008,132.30696921257444,1926.8512892547121,102.82190181883455,1857.8082287042769,1.2867586270256959,14.794589471915538,0.20277832192346282,1.0271070858816178,171.4111604856662,63.517943487156415,52500.0,0.40312261481231365,0.7277744693861026,7.282990569013238,1.4001452291610537,1004.4167849535459,1.397344186670896,1009.4759676876114,1.2508293415617329,1446.0918780805198,1.2555313397147105,1420.1935881117588,52.5,1.0,0.5435784392909382,0.7200385073560331,1.4207309202012468,0.45847086867337,5.413280146317375,False,49.37002019279793,,,,,,,,,,,,,,,,,,,,SLS_VIGV2
1e-06,0.0,30.303011748054384,30.303070705297078,5.895724269468958e-05,0.17324541671992652,0.009834438194933072,1.1683319729443125,0.053927638964845585,1.3094755911918732,1.3508997844732547,98.21762904407328,288.1500000000572,132.68217390711266,355.178114293638,126.048065211757,2126.1596287949765,102.38613001615387,2069.293282833174,1.2311048888347462,11.685187753584556,0.17872648749514444,1.0231636686965806,169.35084176455464,63.77782181159154,50000.0,0.38184408727848,0.7239230579134663,6.1810682865820255,1.4001452291610537,1004.4167849535459,1.3977357023514174,1008.7651240694173,1.2235809373045545,1639.5823794110906,1.2295237450812575,1589.8295186433022,50.0,1.0,0.5176937517056547,0.6723253604639916,1.3532104208224136,0.4342708247064272,4.588539654535791,False,49.37002019279793,,,,,,,,,,,,,,,,,,,,SLS_VIGV2
1e-06,0.0,27.321897100656297,27.3219509321314,5.383147510544041e-05,0.15818338699429024,0.010854475175322908,1.430212202586175,0.06518858656711513,1.2532089868835392,1.2928532319873192,98.21762904407346,288.1500000000574,126.98097914776196,347.5074006624973,120.63193019037386,2338.9868732161494,102.06149109562087,2298.2129885501936,1.1819534370446778,9.44512842736329,0.16318793116056382,1.0197101832193354,165.46174521991102,67.3046038831094,47500.0,0.361976237508629,0.7175110012937913,5.328944101693392,1.4001452291610537,1004.4167849535459,1.3981232039923754,1008.061568420873,1.177480778670956,2216.8561233432447,1.1816438957382391,2136.7137131622503,47.5,1.0,0.49180906412037184,0.6276204268158082,1.2947816381954174,0.4116751428767276,3.951875674442502,False,49.37002019279793,,,,,,,,,,,,,,,,,,,,SLS_VIGV2
1e-06,0.0,,,7.71811339915058e-06,0.022679618500000324,0.3195373184926452,,13.384724816601683,1.2158551972886178,1.2543177856968624,98.21762904407315,288.15000000005665,123.19611897895768,342.496333588445,117.0363130300098,2500.0,115.10151185130475,2500.0,1.0168095201147709,1.2395424429686448,0.023397147404989518,3.0574173043165898,,,45000.0,0.3451556808026476,0.6677766889677834,,1.4001452291610537,1004.4167849535459,1.3983763481987062,1007.6019547897669,-11.42546792066966,295423.88369492564,-11.401458569093279,296728.5056628924,45.0,1.0,0.4659243765350897,0.5894137223073322,1.2559924402446014,0.39254514381142724,93715.05355935758,False,49.37002019279793,,,,,,,,,,,,,,,,,,,,SLS_VIGV2
1e-06,0.0,,,7.71811339915058e-06,0.022679618500000324,0.3195373184926452,,13.384724816601683,1.2158551972886178,1.2543177856968624,98.21762904407315,288.15000000005665,123.19611897895768,342.496333588445,117.0363130300098,2500.0,115.10151185130475,2500.0,1.0168095201147709,1.2395424429686448,0.023397147404989518,3.0574173043165898,,,42500.0,0.3451556808026476,0.6677766889677834,,1.4001452291610537,1004.4167849535459,1.3983763481987062,1007.6019547897669,-11.42546792066966,295423.88369492564,-11.401458569093279,296728.5056628924,42.5,1.0,0.4659243765350897,0.5894137223073322,1.2559924402446014,0.39254514381142724,93715.05355935759,False,49.37002019279793,,,,,,,,,,,,,,,,,,,,SLS_VIGV2
1e-06,0.0,,,7.71811339915058e-06,0.022679618500000324,0.3195373184926452,,13.384724816601683,1.2158551972886178,1.2543177856968624,98.21762904407315,288.15000000005665,123.19611897895768,342.496333588445,117.0363130300098,2500.0,115.10151185130475,2500.0,1.0168095201147709,1.2395424429686448,0.023397147404989518,3.0574173043165898,,,40000.0,0.3451556808026476,0.6677766889677834,,1.4001452291610537,1004.4167849535459,1.3983763481987062,1007.6019547897669,-11.42546792066966,295423.88369492564,-11.401458569093279,296728.5056628924,40.0,1.0,0.4659243765350897,0.5894137223073322,1.2559924402446014,0.39254514381142724,93715.05355935759,False,49.37002019279793,,,,,,,,,,,,,,,,,,,,SLS_VIGV2
1e-06,0.0,,,7.71811339915058e-06,0.022679618500000324,0.3195373184926452,,13.384724816601683,1.2158551972886178,1.2543177856968624,98.21762904407315,288.15000000005665,123.19611897895768,342.496333588445,117.0363130300098,2500.0,115.10151185130475,2500.0,1.0168095201147709,1.2395424429686448,0.023397147404989518,3.0574173043165898,,,37500.0,0.3451556808026476,0.6677766889677834,,1.4001452291610537,1004.4167849535459,1.3983763481987062,1007.6019547897669,-11.42546792066966,295423.88369492564,-11.401458569093279,296728.5056628924,37.5,1.0,0.4659243765350897,0.5894137223073322,1.2559924402446014,0.39254514381142724,93715.05355935758,False,49.37002019279793,,,,,,,,,,,,,,,,,,,,SLS_VIGV2
1e-06,0.0,,,7.71811339915058e-06,0.022679618500000324,0.3195373184926452,,13.384724816601683,1.2158551972886178,1.2543177856968624,98.21762904407315,288.15000000005665,123.19611897895768,342.496333588445,117.0363130300098,2500.0,115.10151185130475,2500.0,1.0168095201147709,1.2395424429686448,0.023397147404989518,3.0574173043165898,,,35000.0,0.3451556808026476,0.6677766889677834,,1.4001452291610537,1004.4167849535459,1.3983763481987062,1007.6019547897669,-11.42546792066966,295423.88369492564,-11.401458569093279,296728.5056628924,35.0,1.0,0.4659243765350897,0.5894137223073322,1.2559924402446014,0.39254514381142724,93715.05355935758,False,49.37002019279793,,,,,,,,,,,,,,,,,,,,SLS_VIGV2
